2026/10/08 09:35:04.523, 0, 12288, 453, 11663
2026/10/08 09:35:04.729, 0, 12288, 546, 11570
2026/10/08 09:35:04.935, 0, 12288, 546, 11570
2026/10/08 09:35:05.157, 0, 12288, 546, 11570
2026/10/08 09:35:05.364, 0, 12288, 546, 11570
2026/10/08 09:35:05.571, 0, 12288, 546, 11570
2026/10/08 09:35:05.777, 0, 12288, 546, 11570
2026/10/08 09:35:05.981, 0, 12288, 2018, 10098
2026/10/08 09:35:06.187, 0, 12288, 10146, 1970
2026/10/08 09:35:06.394, 0, 12288, 10232, 1884
2026/10/08 09:35:06.600, 0, 12288, 10232, 1884
2026/10/08 09:35:06.807, 0, 12288, 10232, 1884
2026/10/08 09:35:07.012, 0, 12288, 10232, 1884
2026/10/08 09:35:07.218, 0, 12288, 10232, 1884
2026/10/08 09:35:07.424, 0, 12288, 10232, 1884
2026/10/08 09:35:07.629, 0, 12288, 10232, 1884
2026/10/08 09:35:07.851, 0, 12288, 10232, 1884
2026/10/08 09:35:08.057, 0, 12288, 10232, 1884
2026/10/08 09:35:08.264, 0, 12288, 10232, 1884
2026/10/08 09:35:08.469, 0, 12288, 10232, 1884
2026/10/08 09:35:08.673, 0, 12288, 10232, 1884
2026/10/08 09:35:08.879, 0, 12288, 10232, 1884
2026/10/08 09:35:09.085, 0, 12288, 10232, 1884
2026/10/08 09:35:09.292, 0, 12288, 10232, 1884
2026/10/08 09:35:09.497, 0, 12288, 11648, 468
2026/10/08 09:35:09.702, 0, 12288, 11664, 452
2026/10/08 09:35:09.904, 0, 12288, 11664, 452
2026/10/08 09:35:10.106, 0, 12288, 11664, 452
2026/10/08 09:35:10.311, 0, 12288, 11664, 452
2026/10/08 09:35:10.515, 0, 12288, 11664, 452
2026/10/08 09:35:10.721, 0, 12288, 11664, 452
2026/10/08 09:35:10.927, 0, 12288, 11664, 452
2026/10/08 09:35:11.134, 0, 12288, 11664, 452
2026/10/08 09:35:11.340, 0, 12288, 11664, 452
2026/10/08 09:35:11.547, 0, 12288, 11664, 452
2026/10/08 09:35:11.754, 0, 12288, 11664, 452
2026/10/08 09:35:11.977, 0, 12288, 11664, 452
2026/10/08 09:35:12.184, 0, 12288, 11664, 452
2026/10/08 09:35:12.390, 0, 12288, 11664, 452
2026/10/08 09:35:12.595, 0, 12288, 11664, 452
2026/10/08 09:35:12.801, 0, 12288, 11664, 452
2026/10/08 09:35:13.008, 0, 12288, 11664, 452
2026/10/08 09:35:13.214, 0, 12288, 11664, 452
2026/10/08 09:35:13.420, 0, 12288, 11664, 452
2026/10/08 09:35:13.626, 0, 12288, 11664, 452
2026/10/08 09:35:13.830, 0, 12288, 11664, 452
2026/10/08 09:35:14.037, 0, 12288, 11664, 452
2026/10/08 09:35:14.243, 0, 12288, 11670, 446
2026/10/08 09:35:14.450, 0, 12288, 11670, 446
2026/10/08 09:35:14.656, 0, 12288, 11790, 326
2026/10/08 09:35:14.860, 0, 12288, 11790, 326
2026/10/08 09:35:15.062, 0, 12288, 11790, 326
2026/10/08 09:35:15.265, 0, 12288, 11822, 294
2026/10/08 09:35:15.469, 0, 12288, 11822, 294
2026/10/08 09:35:15.676, 0, 12288, 11822, 294
2026/10/08 09:35:15.881, 0, 12288, 11822, 294
2026/10/08 09:35:16.083, 0, 12288, 11822, 294
2026/10/08 09:35:16.291, 0, 12288, 11822, 294
2026/10/08 09:35:16.495, 0, 12288, 11822, 294
2026/10/08 09:35:16.700, 0, 12288, 11822, 294
2026/10/08 09:35:16.906, 0, 12288, 11822, 294
2026/10/08 09:35:17.109, 0, 12288, 11822, 294
2026/10/08 09:35:17.315, 0, 12288, 11822, 294
2026/10/08 09:35:17.518, 0, 12288, 11822, 294
2026/10/08 09:35:17.726, 0, 12288, 11822, 294
2026/10/08 09:35:17.932, 0, 12288, 11822, 294
2026/10/08 09:35:18.137, 0, 12288, 11822, 294
2026/10/08 09:35:18.343, 0, 12288, 11822, 294
2026/10/08 09:35:18.550, 0, 12288, 11822, 294
2026/10/08 09:35:18.756, 0, 12288, 11822, 294
2026/10/08 09:35:18.964, 0, 12288, 11822, 294
2026/10/08 09:35:19.166, 0, 12288, 11822, 294
2026/10/08 09:35:19.373, 0, 12288, 11822, 294
2026/10/08 09:35:19.579, 0, 12288, 11822, 294
2026/10/08 09:35:19.783, 0, 12288, 11822, 294
2026/10/08 09:35:19.990, 0, 12288, 11822, 294
2026/10/08 09:35:20.194, 0, 12288, 11822, 294
2026/10/08 09:35:20.399, 0, 12288, 11822, 294
2026/10/08 09:35:20.606, 0, 12288, 11822, 294
2026/10/08 09:35:20.809, 0, 12288, 11822, 294
2026/10/08 09:35:21.014, 0, 12288, 11822, 294
2026/10/08 09:35:21.219, 0, 12288, 11822, 294
2026/10/08 09:35:21.424, 0, 12288, 11822, 294
2026/10/08 09:35:21.630, 0, 12288, 11822, 294
2026/10/08 09:35:21.834, 0, 12288, 11822, 294
2026/10/08 09:35:22.041, 0, 12288, 11822, 294
2026/10/08 09:35:22.246, 0, 12288, 11822, 294
2026/10/08 09:35:22.450, 0, 12288, 11822, 294
2026/10/08 09:35:22.658, 0, 12288, 11822, 294
2026/10/08 09:35:22.862, 0, 12288, 11822, 294
2026/10/08 09:35:23.067, 0, 12288, 11822, 294
2026/10/08 09:35:23.273, 0, 12288, 11822, 294
2026/10/08 09:35:23.478, 0, 12288, 11822, 294
2026/10/08 09:35:23.685, 0, 12288, 11822, 294
2026/10/08 09:35:23.890, 0, 12288, 11822, 294
2026/10/08 09:35:24.094, 0, 12288, 11822, 294
2026/10/08 09:35:24.301, 0, 12288, 11822, 294
2026/10/08 09:35:24.505, 0, 12288, 11822, 294
2026/10/08 09:35:24.711, 0, 12288, 11822, 294
2026/10/08 09:35:24.917, 0, 12288, 11822, 294
2026/10/08 09:35:25.121, 0, 12288, 11822, 294
2026/10/08 09:35:25.327, 0, 12288, 11822, 294
2026/10/08 09:35:25.531, 0, 12288, 11822, 294
2026/10/08 09:35:25.737, 0, 12288, 11822, 294
2026/10/08 09:35:25.944, 0, 12288, 11822, 294
2026/10/08 09:35:26.149, 0, 12288, 11822, 294
2026/10/08 09:35:26.353, 0, 12288, 11822, 294
2026/10/08 09:35:26.559, 0, 12288, 11822, 294
2026/10/08 09:35:26.762, 0, 12288, 11822, 294
2026/10/08 09:35:26.968, 0, 12288, 11822, 294
2026/10/08 09:35:27.172, 0, 12288, 11822, 294
2026/10/08 09:35:27.378, 0, 12288, 11822, 294
2026/10/08 09:35:27.583, 0, 12288, 11822, 294
2026/10/08 09:35:27.788, 0, 12288, 11822, 294
2026/10/08 09:35:27.995, 0, 12288, 11822, 294
2026/10/08 09:35:28.199, 0, 12288, 11822, 294
2026/10/08 09:35:28.402, 0, 12288, 11822, 294
2026/10/08 09:35:28.607, 0, 12288, 11822, 294
2026/10/08 09:35:28.810, 0, 12288, 11822, 294
2026/10/08 09:35:29.014, 0, 12288, 11822, 294
2026/10/08 09:35:29.219, 0, 12288, 11822, 294
2026/10/08 09:35:29.425, 0, 12288, 11822, 294
2026/10/08 09:35:29.629, 0, 12288, 11822, 294
2026/10/08 09:35:29.835, 0, 12288, 11822, 294
2026/10/08 09:35:30.039, 0, 12288, 11822, 294
2026/10/08 09:35:30.246, 0, 12288, 11822, 294
2026/10/08 09:35:30.452, 0, 12288, 11822, 294
2026/10/08 09:35:30.656, 0, 12288, 11822, 294
2026/10/08 09:35:30.862, 0, 12288, 11822, 294
2026/10/08 09:35:31.066, 0, 12288, 11822, 294
2026/10/08 09:35:31.274, 0, 12288, 11822, 294
2026/10/08 09:35:31.481, 0, 12288, 11822, 294
2026/10/08 09:35:31.684, 0, 12288, 11822, 294
2026/10/08 09:35:31.888, 0, 12288, 11822, 294
2026/10/08 09:35:32.095, 0, 12288, 11822, 294
2026/10/08 09:35:32.300, 0, 12288, 11822, 294
2026/10/08 09:35:32.507, 0, 12288, 11822, 294
2026/10/08 09:35:32.713, 0, 12288, 11822, 294
2026/10/08 09:35:32.916, 0, 12288, 11822, 294
2026/10/08 09:35:33.123, 0, 12288, 11822, 294
2026/10/08 09:35:33.327, 0, 12288, 11822, 294
2026/10/08 09:35:33.533, 0, 12288, 11822, 294
2026/10/08 09:35:33.739, 0, 12288, 11822, 294
2026/10/08 09:35:33.943, 0, 12288, 11822, 294
2026/10/08 09:35:34.150, 0, 12288, 11822, 294
2026/10/08 09:35:34.357, 0, 12288, 11822, 294
2026/10/08 09:35:34.560, 0, 12288, 11822, 294
2026/10/08 09:35:34.766, 0, 12288, 11822, 294
2026/10/08 09:35:34.970, 0, 12288, 11822, 294
2026/10/08 09:35:35.173, 0, 12288, 11822, 294
2026/10/08 09:35:35.378, 0, 12288, 11822, 294
2026/10/08 09:35:35.583, 0, 12288, 11822, 294
2026/10/08 09:35:35.789, 0, 12288, 11822, 294
2026/10/08 09:35:35.995, 0, 12288, 11822, 294
2026/10/08 09:35:36.196, 0, 12288, 11822, 294
2026/10/08 09:35:36.399, 0, 12288, 11822, 294
2026/10/08 09:35:36.607, 0, 12288, 11822, 294
2026/10/08 09:35:36.809, 0, 12288, 11822, 294
2026/10/08 09:35:37.017, 0, 12288, 11822, 294
2026/10/08 09:35:37.224, 0, 12288, 11822, 294
2026/10/08 09:35:37.426, 0, 12288, 11822, 294
2026/10/08 09:35:37.631, 0, 12288, 11822, 294
2026/10/08 09:35:37.837, 0, 12288, 11822, 294
2026/10/08 09:35:38.041, 0, 12288, 11822, 294
2026/10/08 09:35:38.248, 0, 12288, 11822, 294
2026/10/08 09:35:38.453, 0, 12288, 11822, 294
2026/10/08 09:35:38.658, 0, 12288, 11822, 294
2026/10/08 09:35:38.865, 0, 12288, 11822, 294
2026/10/08 09:35:39.067, 0, 12288, 11822, 294
2026/10/08 09:35:39.272, 0, 12288, 11822, 294
2026/10/08 09:35:39.480, 0, 12288, 11822, 294
2026/10/08 09:35:39.682, 0, 12288, 11822, 294
2026/10/08 09:35:39.889, 0, 12288, 11822, 294
2026/10/08 09:35:40.095, 0, 12288, 11822, 294
2026/10/08 09:35:40.300, 0, 12288, 11822, 294
2026/10/08 09:35:40.505, 0, 12288, 11822, 294
2026/10/08 09:35:40.712, 0, 12288, 11822, 294
2026/10/08 09:35:40.917, 0, 12288, 11822, 294
2026/10/08 09:35:41.124, 0, 12288, 11822, 294
2026/10/08 09:35:41.329, 0, 12288, 11822, 294
2026/10/08 09:35:41.534, 0, 12288, 11822, 294
2026/10/08 09:35:41.741, 0, 12288, 11822, 294
2026/10/08 09:35:41.962, 0, 12288, 11822, 294
2026/10/08 09:35:42.169, 0, 12288, 11822, 294
2026/10/08 09:35:42.376, 0, 12288, 11822, 294
2026/10/08 09:35:42.581, 0, 12288, 11822, 294
2026/10/08 09:35:42.784, 0, 12288, 11822, 294
2026/10/08 09:35:42.986, 0, 12288, 11822, 294
2026/10/08 09:35:43.190, 0, 12288, 11822, 294
2026/10/08 09:35:43.396, 0, 12288, 11822, 294
2026/10/08 09:35:43.600, 0, 12288, 11822, 294
2026/10/08 09:35:43.806, 0, 12288, 11822, 294
2026/10/08 09:35:44.013, 0, 12288, 11822, 294
2026/10/08 09:35:44.218, 0, 12288, 11822, 294
2026/10/08 09:35:44.425, 0, 12288, 11822, 294
2026/10/08 09:35:44.629, 0, 12288, 11822, 294
2026/10/08 09:35:44.834, 0, 12288, 11822, 294
2026/10/08 09:35:45.041, 0, 12288, 11822, 294
2026/10/08 09:35:45.246, 0, 12288, 11822, 294
2026/10/08 09:35:45.453, 0, 12288, 11822, 294
2026/10/08 09:35:45.659, 0, 12288, 11822, 294
2026/10/08 09:35:45.867, 0, 12288, 11822, 294
2026/10/08 09:35:46.072, 0, 12288, 11822, 294
2026/10/08 09:35:46.277, 0, 12288, 11822, 294
2026/10/08 09:35:46.483, 0, 12288, 11822, 294
2026/10/08 09:35:46.688, 0, 12288, 11822, 294
2026/10/08 09:35:46.895, 0, 12288, 11822, 294
2026/10/08 09:35:47.101, 0, 12288, 11822, 294
2026/10/08 09:35:47.305, 0, 12288, 11822, 294
2026/10/08 09:35:47.511, 0, 12288, 11822, 294
2026/10/08 09:35:47.717, 0, 12288, 11822, 294
2026/10/08 09:35:47.918, 0, 12288, 11822, 294
2026/10/08 09:35:48.124, 0, 12288, 11822, 294
2026/10/08 09:35:48.330, 0, 12288, 11822, 294
2026/10/08 09:35:48.532, 0, 12288, 11822, 294
2026/10/08 09:35:48.736, 0, 12288, 11822, 294
2026/10/08 09:35:48.943, 0, 12288, 11822, 294
2026/10/08 09:35:49.144, 0, 12288, 11822, 294
2026/10/08 09:35:49.350, 0, 12288, 11822, 294
2026/10/08 09:35:49.556, 0, 12288, 11822, 294
2026/10/08 09:35:49.760, 0, 12288, 11822, 294
2026/10/08 09:35:49.967, 0, 12288, 11822, 294
2026/10/08 09:35:50.173, 0, 12288, 11822, 294
2026/10/08 09:35:50.378, 0, 12288, 11822, 294
2026/10/08 09:35:50.583, 0, 12288, 11822, 294
2026/10/08 09:35:50.790, 0, 12288, 11822, 294
2026/10/08 09:35:50.994, 0, 12288, 11822, 294
2026/10/08 09:35:51.201, 0, 12288, 11822, 294
2026/10/08 09:35:51.407, 0, 12288, 11822, 294
2026/10/08 09:35:51.614, 0, 12288, 11822, 294
2026/10/08 09:35:51.819, 0, 12288, 11822, 294
2026/10/08 09:35:52.026, 0, 12288, 11822, 294
2026/10/08 09:35:52.231, 0, 12288, 11822, 294
2026/10/08 09:35:52.438, 0, 12288, 11822, 294
2026/10/08 09:35:52.645, 0, 12288, 11822, 294
2026/10/08 09:35:52.849, 0, 12288, 11822, 294
2026/10/08 09:35:53.053, 0, 12288, 11822, 294
2026/10/08 09:35:53.258, 0, 12288, 11822, 294
2026/10/08 09:35:53.460, 0, 12288, 11822, 294
2026/10/08 09:35:53.666, 0, 12288, 11822, 294
2026/10/08 09:35:53.871, 0, 12288, 11822, 294
2026/10/08 09:35:54.077, 0, 12288, 11822, 294
2026/10/08 09:35:54.282, 0, 12288, 11822, 294
2026/10/08 09:35:54.487, 0, 12288, 11822, 294
2026/10/08 09:35:54.690, 0, 12288, 11822, 294
2026/10/08 09:35:54.896, 0, 12288, 11822, 294
2026/10/08 09:35:55.102, 0, 12288, 11822, 294
2026/10/08 09:35:55.306, 0, 12288, 11822, 294
2026/10/08 09:35:55.513, 0, 12288, 11822, 294
2026/10/08 09:35:55.717, 0, 12288, 11822, 294
2026/10/08 09:35:55.923, 0, 12288, 11822, 294
2026/10/08 09:35:56.128, 0, 12288, 11822, 294
2026/10/08 09:35:56.333, 0, 12288, 11822, 294
2026/10/08 09:35:56.539, 0, 12288, 11822, 294
2026/10/08 09:35:56.743, 0, 12288, 11822, 294
2026/10/08 09:35:56.963, 0, 12288, 11822, 294
2026/10/08 09:35:57.167, 0, 12288, 11822, 294
2026/10/08 09:35:57.373, 0, 12288, 11822, 294
2026/10/08 09:35:57.578, 0, 12288, 11822, 294
2026/10/08 09:35:57.783, 0, 12288, 11822, 294
2026/10/08 09:35:57.990, 0, 12288, 11822, 294
2026/10/08 09:35:58.196, 0, 12288, 11822, 294
2026/10/08 09:35:58.400, 0, 12288, 11822, 294
2026/10/08 09:35:58.605, 0, 12288, 11822, 294
2026/10/08 09:35:58.811, 0, 12288, 11822, 294
2026/10/08 09:35:59.016, 0, 12288, 11822, 294
2026/10/08 09:35:59.222, 0, 12288, 11822, 294
2026/10/08 09:35:59.425, 0, 12288, 11822, 294
2026/10/08 09:35:59.629, 0, 12288, 11822, 294
2026/10/08 09:35:59.834, 0, 12288, 11822, 294
2026/10/08 09:36:00.040, 0, 12288, 11822, 294
2026/10/08 09:36:00.243, 0, 12288, 11822, 294
2026/10/08 09:36:00.449, 0, 12288, 11822, 294
2026/10/08 09:36:00.655, 0, 12288, 11822, 294
2026/10/08 09:36:00.858, 0, 12288, 11822, 294
2026/10/08 09:36:01.064, 0, 12288, 11822, 294
2026/10/08 09:36:01.271, 0, 12288, 11822, 294
2026/10/08 09:36:01.474, 0, 12288, 11822, 294
2026/10/08 09:36:01.679, 0, 12288, 11822, 294
2026/10/08 09:36:01.887, 0, 12288, 11822, 294
2026/10/08 09:36:02.089, 0, 12288, 11822, 294
2026/10/08 09:36:02.294, 0, 12288, 11822, 294
2026/10/08 09:36:02.500, 0, 12288, 11822, 294
2026/10/08 09:36:02.703, 0, 12288, 11822, 294
2026/10/08 09:36:02.906, 0, 12288, 11822, 294
2026/10/08 09:36:03.112, 0, 12288, 11822, 294
2026/10/08 09:36:03.315, 0, 12288, 11822, 294
2026/10/08 09:36:03.521, 0, 12288, 11822, 294
2026/10/08 09:36:03.727, 0, 12288, 11822, 294
2026/10/08 09:36:03.931, 0, 12288, 11822, 294
2026/10/08 09:36:04.136, 0, 12288, 11822, 294
2026/10/08 09:36:04.343, 0, 12288, 11822, 294
2026/10/08 09:36:04.547, 0, 12288, 11822, 294
2026/10/08 09:36:04.753, 0, 12288, 11822, 294
2026/10/08 09:36:04.960, 0, 12288, 11822, 294
2026/10/08 09:36:05.165, 0, 12288, 11822, 294
2026/10/08 09:36:05.370, 0, 12288, 11822, 294
2026/10/08 09:36:05.571, 0, 12288, 11822, 294
2026/10/08 09:36:05.777, 0, 12288, 11822, 294
2026/10/08 09:36:05.982, 0, 12288, 11822, 294
2026/10/08 09:36:06.186, 0, 12288, 11822, 294
2026/10/08 09:36:06.394, 0, 12288, 11822, 294
2026/10/08 09:36:06.600, 0, 12288, 11822, 294
2026/10/08 09:36:06.807, 0, 12288, 11822, 294
2026/10/08 09:36:07.015, 0, 12288, 11822, 294
2026/10/08 09:36:07.221, 0, 12288, 11822, 294
2026/10/08 09:36:07.427, 0, 12288, 11822, 294
2026/10/08 09:36:07.634, 0, 12288, 11822, 294
2026/10/08 09:36:07.840, 0, 12288, 11822, 294
2026/10/08 09:36:08.046, 0, 12288, 11822, 294
2026/10/08 09:36:08.251, 0, 12288, 11822, 294
2026/10/08 09:36:08.457, 0, 12288, 11822, 294
2026/10/08 09:36:08.662, 0, 12288, 11822, 294
2026/10/08 09:36:08.868, 0, 12288, 11822, 294
2026/10/08 09:36:09.074, 0, 12288, 11822, 294
2026/10/08 09:36:09.280, 0, 12288, 11822, 294
2026/10/08 09:36:09.488, 0, 12288, 11822, 294
2026/10/08 09:36:09.693, 0, 12288, 11822, 294
2026/10/08 09:36:09.899, 0, 12288, 11822, 294
2026/10/08 09:36:10.105, 0, 12288, 11822, 294
2026/10/08 09:36:10.310, 0, 12288, 11822, 294
2026/10/08 09:36:10.516, 0, 12288, 11822, 294
2026/10/08 09:36:10.722, 0, 12288, 11822, 294
2026/10/08 09:36:10.929, 0, 12288, 11822, 294
2026/10/08 09:36:11.132, 0, 12288, 11822, 294
2026/10/08 09:36:11.338, 0, 12288, 11822, 294
2026/10/08 09:36:11.544, 0, 12288, 11822, 294
2026/10/08 09:36:11.751, 0, 12288, 11822, 294
2026/10/08 09:36:11.958, 0, 12288, 11822, 294
2026/10/08 09:36:12.164, 0, 12288, 11822, 294
2026/10/08 09:36:12.370, 0, 12288, 11822, 294
2026/10/08 09:36:12.574, 0, 12288, 11822, 294
2026/10/08 09:36:12.779, 0, 12288, 11822, 294
2026/10/08 09:36:12.985, 0, 12288, 11822, 294
2026/10/08 09:36:13.192, 0, 12288, 11822, 294
2026/10/08 09:36:13.398, 0, 12288, 11822, 294
2026/10/08 09:36:13.603, 0, 12288, 11822, 294
2026/10/08 09:36:13.811, 0, 12288, 11822, 294
2026/10/08 09:36:14.017, 0, 12288, 11822, 294
2026/10/08 09:36:14.223, 0, 12288, 11822, 294
2026/10/08 09:36:14.429, 0, 12288, 11822, 294
2026/10/08 09:36:14.636, 0, 12288, 11822, 294
2026/10/08 09:36:14.842, 0, 12288, 11822, 294
2026/10/08 09:36:15.048, 0, 12288, 11822, 294
2026/10/08 09:36:15.254, 0, 12288, 11822, 294
2026/10/08 09:36:15.460, 0, 12288, 11822, 294
2026/10/08 09:36:15.664, 0, 12288, 11822, 294
2026/10/08 09:36:15.870, 0, 12288, 11822, 294
2026/10/08 09:36:16.076, 0, 12288, 11822, 294
2026/10/08 09:36:16.283, 0, 12288, 11822, 294
2026/10/08 09:36:16.489, 0, 12288, 11822, 294
2026/10/08 09:36:16.694, 0, 12288, 11822, 294
2026/10/08 09:36:16.899, 0, 12288, 11822, 294
2026/10/08 09:36:17.104, 0, 12288, 11822, 294
2026/10/08 09:36:17.309, 0, 12288, 11822, 294
2026/10/08 09:36:17.517, 0, 12288, 11822, 294
2026/10/08 09:36:17.722, 0, 12288, 11822, 294
2026/10/08 09:36:17.928, 0, 12288, 11822, 294
2026/10/08 09:36:18.134, 0, 12288, 11822, 294
2026/10/08 09:36:18.341, 0, 12288, 11822, 294
2026/10/08 09:36:18.545, 0, 12288, 11822, 294
2026/10/08 09:36:18.767, 0, 12288, 11822, 294
2026/10/08 09:36:18.973, 0, 12288, 11822, 294
2026/10/08 09:36:19.179, 0, 12288, 11822, 294
2026/10/08 09:36:19.385, 0, 12288, 11822, 294
2026/10/08 09:36:19.591, 0, 12288, 11822, 294
2026/10/08 09:36:19.798, 0, 12288, 11822, 294
2026/10/08 09:36:20.004, 0, 12288, 11822, 294
2026/10/08 09:36:20.212, 0, 12288, 11822, 294
2026/10/08 09:36:20.417, 0, 12288, 11822, 294
2026/10/08 09:36:20.622, 0, 12288, 11822, 294
2026/10/08 09:36:20.828, 0, 12288, 11822, 294
2026/10/08 09:36:21.033, 0, 12288, 11822, 294
2026/10/08 09:36:21.237, 0, 12288, 11822, 294
2026/10/08 09:36:21.444, 0, 12288, 11822, 294
2026/10/08 09:36:21.649, 0, 12288, 11822, 294
2026/10/08 09:36:21.856, 0, 12288, 11822, 294
2026/10/08 09:36:22.062, 0, 12288, 11822, 294
2026/10/08 09:36:22.267, 0, 12288, 11822, 294
2026/10/08 09:36:22.474, 0, 12288, 11822, 294
2026/10/08 09:36:22.680, 0, 12288, 11822, 294
2026/10/08 09:36:22.886, 0, 12288, 11822, 294
2026/10/08 09:36:23.092, 0, 12288, 11822, 294
2026/10/08 09:36:23.298, 0, 12288, 11822, 294
2026/10/08 09:36:23.505, 0, 12288, 11822, 294
2026/10/08 09:36:23.711, 0, 12288, 11822, 294
2026/10/08 09:36:23.917, 0, 12288, 11822, 294
2026/10/08 09:36:24.121, 0, 12288, 11822, 294
2026/10/08 09:36:24.329, 0, 12288, 11822, 294
2026/10/08 09:36:24.535, 0, 12288, 11822, 294
2026/10/08 09:36:24.738, 0, 12288, 11822, 294
2026/10/08 09:36:24.945, 0, 12288, 11822, 294
2026/10/08 09:36:25.151, 0, 12288, 11822, 294
2026/10/08 09:36:25.357, 0, 12288, 11822, 294
2026/10/08 09:36:25.563, 0, 12288, 11822, 294
2026/10/08 09:36:25.770, 0, 12288, 11822, 294
2026/10/08 09:36:25.977, 0, 12288, 11822, 294
2026/10/08 09:36:26.182, 0, 12288, 11822, 294
2026/10/08 09:36:26.387, 0, 12288, 11822, 294
2026/10/08 09:36:26.595, 0, 12288, 11822, 294
2026/10/08 09:36:26.800, 0, 12288, 11822, 294
2026/10/08 09:36:27.007, 0, 12288, 11822, 294
2026/10/08 09:36:27.213, 0, 12288, 11822, 294
2026/10/08 09:36:27.421, 0, 12288, 11822, 294
2026/10/08 09:36:27.625, 0, 12288, 11822, 294
2026/10/08 09:36:27.830, 0, 12288, 11822, 294
2026/10/08 09:36:28.036, 0, 12288, 11822, 294
2026/10/08 09:36:28.242, 0, 12288, 11822, 294
2026/10/08 09:36:28.448, 0, 12288, 11822, 294
2026/10/08 09:36:28.653, 0, 12288, 11822, 294
2026/10/08 09:36:28.859, 0, 12288, 11822, 294
2026/10/08 09:36:29.065, 0, 12288, 11822, 294
2026/10/08 09:36:29.272, 0, 12288, 11822, 294
2026/10/08 09:36:29.478, 0, 12288, 11822, 294
2026/10/08 09:36:29.686, 0, 12288, 11822, 294
2026/10/08 09:36:29.892, 0, 12288, 11822, 294
2026/10/08 09:36:30.096, 0, 12288, 11822, 294
2026/10/08 09:36:30.302, 0, 12288, 11822, 294
2026/10/08 09:36:30.508, 0, 12288, 11822, 294
2026/10/08 09:36:30.713, 0, 12288, 11822, 294
2026/10/08 09:36:30.919, 0, 12288, 11822, 294
2026/10/08 09:36:31.127, 0, 12288, 11822, 294
2026/10/08 09:36:31.333, 0, 12288, 11822, 294
2026/10/08 09:36:31.539, 0, 12288, 11822, 294
2026/10/08 09:36:31.747, 0, 12288, 11822, 294
2026/10/08 09:36:31.953, 0, 12288, 11822, 294
2026/10/08 09:36:32.158, 0, 12288, 11822, 294
2026/10/08 09:36:32.363, 0, 12288, 11822, 294
2026/10/08 09:36:32.569, 0, 12288, 11822, 294
2026/10/08 09:36:32.776, 0, 12288, 11822, 294
2026/10/08 09:36:32.982, 0, 12288, 11822, 294
2026/10/08 09:36:33.190, 0, 12288, 11822, 294
2026/10/08 09:36:33.395, 0, 12288, 11822, 294
2026/10/08 09:36:33.600, 0, 12288, 11822, 294
2026/10/08 09:36:33.807, 0, 12288, 11822, 294
2026/10/08 09:36:34.011, 0, 12288, 11822, 294
2026/10/08 09:36:34.216, 0, 12288, 11822, 294
2026/10/08 09:36:34.423, 0, 12288, 11822, 294
2026/10/08 09:36:34.627, 0, 12288, 11822, 294
2026/10/08 09:36:34.833, 0, 12288, 11822, 294
2026/10/08 09:36:35.038, 0, 12288, 11822, 294
2026/10/08 09:36:35.244, 0, 12288, 11822, 294
2026/10/08 09:36:35.450, 0, 12288, 11822, 294
2026/10/08 09:36:35.655, 0, 12288, 11822, 294
2026/10/08 09:36:35.862, 0, 12288, 11822, 294
2026/10/08 09:36:36.068, 0, 12288, 11822, 294
2026/10/08 09:36:36.274, 0, 12288, 11822, 294
2026/10/08 09:36:36.495, 0, 12288, 11822, 294
2026/10/08 09:36:36.701, 0, 12288, 11822, 294
2026/10/08 09:36:36.907, 0, 12288, 11822, 294
2026/10/08 09:36:37.113, 0, 12288, 11822, 294
2026/10/08 09:36:37.319, 0, 12288, 11822, 294
2026/10/08 09:36:37.524, 0, 12288, 11822, 294
2026/10/08 09:36:37.730, 0, 12288, 11822, 294
2026/10/08 09:36:37.934, 0, 12288, 11822, 294
2026/10/08 09:36:38.140, 0, 12288, 11822, 294
2026/10/08 09:36:38.345, 0, 12288, 11822, 294
2026/10/08 09:36:38.548, 0, 12288, 11822, 294
2026/10/08 09:36:38.755, 0, 12288, 11822, 294
2026/10/08 09:36:38.961, 0, 12288, 11822, 294
2026/10/08 09:36:39.166, 0, 12288, 11822, 294
2026/10/08 09:36:39.372, 0, 12288, 11822, 294
2026/10/08 09:36:39.578, 0, 12288, 11822, 294
2026/10/08 09:36:39.783, 0, 12288, 11822, 294
2026/10/08 09:36:39.987, 0, 12288, 11822, 294
2026/10/08 09:36:40.194, 0, 12288, 11822, 294
2026/10/08 09:36:40.399, 0, 12288, 11822, 294
2026/10/08 09:36:40.605, 0, 12288, 11822, 294
2026/10/08 09:36:40.812, 0, 12288, 11822, 294
2026/10/08 09:36:41.016, 0, 12288, 11822, 294
2026/10/08 09:36:41.223, 0, 12288, 11822, 294
2026/10/08 09:36:41.428, 0, 12288, 11822, 294
2026/10/08 09:36:41.634, 0, 12288, 11822, 294
2026/10/08 09:36:41.840, 0, 12288, 11822, 294
2026/10/08 09:36:42.046, 0, 12288, 11822, 294
2026/10/08 09:36:42.250, 0, 12288, 11822, 294
2026/10/08 09:36:42.457, 0, 12288, 11822, 294
2026/10/08 09:36:42.663, 0, 12288, 11822, 294
2026/10/08 09:36:42.869, 0, 12288, 11822, 294
2026/10/08 09:36:43.076, 0, 12288, 11822, 294
2026/10/08 09:36:43.283, 0, 12288, 11822, 294
2026/10/08 09:36:43.489, 0, 12288, 11822, 294
2026/10/08 09:36:43.696, 0, 12288, 11822, 294
2026/10/08 09:36:43.902, 0, 12288, 11822, 294
2026/10/08 09:36:44.108, 0, 12288, 11822, 294
2026/10/08 09:36:44.313, 0, 12288, 11822, 294
2026/10/08 09:36:44.519, 0, 12288, 11822, 294
2026/10/08 09:36:44.723, 0, 12288, 11822, 294
2026/10/08 09:36:44.929, 0, 12288, 11822, 294
2026/10/08 09:36:45.136, 0, 12288, 11822, 294
2026/10/08 09:36:45.342, 0, 12288, 11822, 294
2026/10/08 09:36:45.548, 0, 12288, 11822, 294
2026/10/08 09:36:45.753, 0, 12288, 11822, 294
2026/10/08 09:36:45.961, 0, 12288, 11822, 294
2026/10/08 09:36:46.168, 0, 12288, 11822, 294
2026/10/08 09:36:46.373, 0, 12288, 11822, 294
2026/10/08 09:36:46.579, 0, 12288, 11822, 294
2026/10/08 09:36:46.786, 0, 12288, 11822, 294
2026/10/08 09:36:46.993, 0, 12288, 11822, 294
2026/10/08 09:36:47.198, 0, 12288, 11822, 294
2026/10/08 09:36:47.404, 0, 12288, 11822, 294
2026/10/08 09:36:47.609, 0, 12288, 11822, 294
2026/10/08 09:36:47.816, 0, 12288, 11822, 294
2026/10/08 09:36:48.019, 0, 12288, 11822, 294
2026/10/08 09:36:48.224, 0, 12288, 11822, 294
2026/10/08 09:36:48.431, 0, 12288, 11822, 294
2026/10/08 09:36:48.636, 0, 12288, 11822, 294
2026/10/08 09:36:48.842, 0, 12288, 11822, 294
2026/10/08 09:36:49.049, 0, 12288, 11822, 294
2026/10/08 09:36:49.255, 0, 12288, 11822, 294
2026/10/08 09:36:49.462, 0, 12288, 11822, 294
2026/10/08 09:36:49.668, 0, 12288, 11822, 294
2026/10/08 09:36:49.874, 0, 12288, 11822, 294
2026/10/08 09:36:50.080, 0, 12288, 11822, 294
2026/10/08 09:36:50.284, 0, 12288, 11822, 294
2026/10/08 09:36:50.489, 0, 12288, 11822, 294
2026/10/08 09:36:50.693, 0, 12288, 11822, 294
2026/10/08 09:36:50.900, 0, 12288, 11822, 294
2026/10/08 09:36:51.105, 0, 12288, 11822, 294
2026/10/08 09:36:51.312, 0, 12288, 11822, 294
2026/10/08 09:36:51.518, 0, 12288, 11822, 294
2026/10/08 09:36:51.724, 0, 12288, 11822, 294
2026/10/08 09:36:51.931, 0, 12288, 11822, 294
2026/10/08 09:36:52.138, 0, 12288, 11822, 294
2026/10/08 09:36:52.345, 0, 12288, 11822, 294
2026/10/08 09:36:52.552, 0, 12288, 11822, 294
2026/10/08 09:36:52.758, 0, 12288, 11822, 294
2026/10/08 09:36:52.965, 0, 12288, 11822, 294
2026/10/08 09:36:53.173, 0, 12288, 11822, 294
2026/10/08 09:36:53.378, 0, 12288, 11822, 294
2026/10/08 09:36:53.583, 0, 12288, 11822, 294
2026/10/08 09:36:53.790, 0, 12288, 11822, 294
2026/10/08 09:36:53.995, 0, 12288, 11822, 294
2026/10/08 09:36:54.217, 0, 12288, 11822, 294
2026/10/08 09:36:54.423, 0, 12288, 11822, 294
2026/10/08 09:36:54.630, 0, 12288, 11822, 294
2026/10/08 09:36:54.837, 0, 12288, 11822, 294
2026/10/08 09:36:55.043, 0, 12288, 11822, 294
2026/10/08 09:36:55.251, 0, 12288, 11822, 294
2026/10/08 09:36:55.457, 0, 12288, 11822, 294
2026/10/08 09:36:55.662, 0, 12288, 11822, 294
2026/10/08 09:36:55.866, 0, 12288, 11822, 294
2026/10/08 09:36:56.072, 0, 12288, 11822, 294
2026/10/08 09:36:56.278, 0, 12288, 11822, 294
2026/10/08 09:36:56.484, 0, 12288, 11822, 294
2026/10/08 09:36:56.691, 0, 12288, 11822, 294
2026/10/08 09:36:56.896, 0, 12288, 11822, 294
2026/10/08 09:36:57.104, 0, 12288, 11822, 294
2026/10/08 09:36:57.309, 0, 12288, 11822, 294
2026/10/08 09:36:57.516, 0, 12288, 11822, 294
2026/10/08 09:36:57.720, 0, 12288, 11822, 294
2026/10/08 09:36:57.926, 0, 12288, 11822, 294
2026/10/08 09:36:58.130, 0, 12288, 11822, 294
2026/10/08 09:36:58.337, 0, 12288, 11822, 294
2026/10/08 09:36:58.544, 0, 12288, 11822, 294
2026/10/08 09:36:58.748, 0, 12288, 11822, 294
2026/10/08 09:36:58.954, 0, 12288, 11822, 294
2026/10/08 09:36:59.159, 0, 12288, 11822, 294
2026/10/08 09:36:59.365, 0, 12288, 11822, 294
2026/10/08 09:36:59.572, 0, 12288, 11822, 294
2026/10/08 09:36:59.778, 0, 12288, 11822, 294
2026/10/08 09:36:59.985, 0, 12288, 11822, 294
2026/10/08 09:37:00.190, 0, 12288, 11822, 294
2026/10/08 09:37:00.397, 0, 12288, 11822, 294
2026/10/08 09:37:00.602, 0, 12288, 11822, 294
2026/10/08 09:37:00.808, 0, 12288, 11822, 294
2026/10/08 09:37:01.030, 0, 12288, 11822, 294
2026/10/08 09:37:01.236, 0, 12288, 11822, 294
2026/10/08 09:37:01.443, 0, 12288, 11822, 294
2026/10/08 09:37:01.649, 0, 12288, 11822, 294
2026/10/08 09:37:01.854, 0, 12288, 11822, 294
2026/10/08 09:37:02.061, 0, 12288, 11822, 294
2026/10/08 09:37:02.266, 0, 12288, 11822, 294
2026/10/08 09:37:02.472, 0, 12288, 11822, 294
2026/10/08 09:37:02.676, 0, 12288, 11822, 294
2026/10/08 09:37:02.882, 0, 12288, 11822, 294
2026/10/08 09:37:03.088, 0, 12288, 11822, 294
2026/10/08 09:37:03.294, 0, 12288, 11822, 294
2026/10/08 09:37:03.500, 0, 12288, 11822, 294
2026/10/08 09:37:03.706, 0, 12288, 11822, 294
2026/10/08 09:37:03.912, 0, 12288, 11822, 294
2026/10/08 09:37:04.117, 0, 12288, 11822, 294
2026/10/08 09:37:04.323, 0, 12288, 11822, 294
2026/10/08 09:37:04.530, 0, 12288, 11822, 294
2026/10/08 09:37:04.736, 0, 12288, 11822, 294
2026/10/08 09:37:04.942, 0, 12288, 11822, 294
2026/10/08 09:37:05.147, 0, 12288, 11822, 294
2026/10/08 09:37:05.353, 0, 12288, 11822, 294
2026/10/08 09:37:05.559, 0, 12288, 11822, 294
2026/10/08 09:37:05.764, 0, 12288, 11822, 294
2026/10/08 09:37:05.970, 0, 12288, 11822, 294
2026/10/08 09:37:06.178, 0, 12288, 11822, 294
2026/10/08 09:37:06.381, 0, 12288, 11822, 294
2026/10/08 09:37:06.587, 0, 12288, 11822, 294
2026/10/08 09:37:06.792, 0, 12288, 11822, 294
2026/10/08 09:37:06.996, 0, 12288, 11822, 294
2026/10/08 09:37:07.203, 0, 12288, 11822, 294
2026/10/08 09:37:07.408, 0, 12288, 11822, 294
2026/10/08 09:37:07.615, 0, 12288, 11822, 294
2026/10/08 09:37:07.820, 0, 12288, 11822, 294
2026/10/08 09:37:08.025, 0, 12288, 11822, 294
2026/10/08 09:37:08.233, 0, 12288, 11822, 294
2026/10/08 09:37:08.439, 0, 12288, 11822, 294
2026/10/08 09:37:08.645, 0, 12288, 11822, 294
2026/10/08 09:37:08.851, 0, 12288, 11822, 294
2026/10/08 09:37:09.057, 0, 12288, 11822, 294
2026/10/08 09:37:09.263, 0, 12288, 11822, 294
2026/10/08 09:37:09.470, 0, 12288, 11822, 294
2026/10/08 09:37:09.675, 0, 12288, 11822, 294
2026/10/08 09:37:09.881, 0, 12288, 11822, 294
2026/10/08 09:37:10.086, 0, 12288, 11822, 294
2026/10/08 09:37:10.294, 0, 12288, 11822, 294
2026/10/08 09:37:10.500, 0, 12288, 11822, 294
2026/10/08 09:37:10.705, 0, 12288, 11822, 294
2026/10/08 09:37:10.912, 0, 12288, 11822, 294
2026/10/08 09:37:11.117, 0, 12288, 11822, 294
2026/10/08 09:37:11.324, 0, 12288, 11822, 294
2026/10/08 09:37:11.530, 0, 12288, 11822, 294
2026/10/08 09:37:11.736, 0, 12288, 11822, 294
2026/10/08 09:37:11.943, 0, 12288, 11822, 294
2026/10/08 09:37:12.149, 0, 12288, 11822, 294
2026/10/08 09:37:12.355, 0, 12288, 11822, 294
2026/10/08 09:37:12.559, 0, 12288, 11822, 294
2026/10/08 09:37:12.766, 0, 12288, 11822, 294
2026/10/08 09:37:12.973, 0, 12288, 11822, 294
2026/10/08 09:37:13.179, 0, 12288, 11822, 294
2026/10/08 09:37:13.386, 0, 12288, 11822, 294
2026/10/08 09:37:13.591, 0, 12288, 11822, 294
2026/10/08 09:37:13.797, 0, 12288, 11822, 294
2026/10/08 09:37:14.004, 0, 12288, 11822, 294
2026/10/08 09:37:14.207, 0, 12288, 11822, 294
2026/10/08 09:37:14.414, 0, 12288, 11822, 294
2026/10/08 09:37:14.619, 0, 12288, 11822, 294
2026/10/08 09:37:14.825, 0, 12288, 11822, 294
2026/10/08 09:37:15.031, 0, 12288, 11822, 294
2026/10/08 09:37:15.236, 0, 12288, 11822, 294
2026/10/08 09:37:15.443, 0, 12288, 11822, 294
2026/10/08 09:37:15.651, 0, 12288, 11822, 294
2026/10/08 09:37:15.857, 0, 12288, 11822, 294
2026/10/08 09:37:16.062, 0, 12288, 11822, 294
2026/10/08 09:37:16.268, 0, 12288, 11822, 294
2026/10/08 09:37:16.474, 0, 12288, 11822, 294
2026/10/08 09:37:16.680, 0, 12288, 11822, 294
2026/10/08 09:37:16.885, 0, 12288, 11822, 294
2026/10/08 09:37:17.092, 0, 12288, 11822, 294
2026/10/08 09:37:17.297, 0, 12288, 11822, 294
2026/10/08 09:37:17.502, 0, 12288, 11822, 294
2026/10/08 09:37:17.709, 0, 12288, 11822, 294
2026/10/08 09:37:17.915, 0, 12288, 11822, 294
2026/10/08 09:37:18.121, 0, 12288, 11822, 294
2026/10/08 09:37:18.327, 0, 12288, 11822, 294
2026/10/08 09:37:18.533, 0, 12288, 11822, 294
2026/10/08 09:37:18.754, 0, 12288, 11822, 294
2026/10/08 09:37:18.960, 0, 12288, 11822, 294
2026/10/08 09:37:19.166, 0, 12288, 11822, 294
2026/10/08 09:37:19.373, 0, 12288, 11822, 294
2026/10/08 09:37:19.580, 0, 12288, 11822, 294
2026/10/08 09:37:19.787, 0, 12288, 11822, 294
2026/10/08 09:37:19.993, 0, 12288, 11822, 294
2026/10/08 09:37:20.199, 0, 12288, 11822, 294
2026/10/08 09:37:20.404, 0, 12288, 11822, 294
2026/10/08 09:37:20.608, 0, 12288, 11822, 294
2026/10/08 09:37:20.815, 0, 12288, 11822, 294
2026/10/08 09:37:21.019, 0, 12288, 11822, 294
2026/10/08 09:37:21.226, 0, 12288, 11822, 294
2026/10/08 09:37:21.431, 0, 12288, 11822, 294
2026/10/08 09:37:21.637, 0, 12288, 11822, 294
2026/10/08 09:37:21.843, 0, 12288, 11822, 294
2026/10/08 09:37:22.051, 0, 12288, 11822, 294
2026/10/08 09:37:22.258, 0, 12288, 11822, 294
2026/10/08 09:37:22.462, 0, 12288, 11822, 294
2026/10/08 09:37:22.669, 0, 12288, 11822, 294
2026/10/08 09:37:22.876, 0, 12288, 11822, 294
2026/10/08 09:37:23.080, 0, 12288, 11822, 294
2026/10/08 09:37:23.288, 0, 12288, 11822, 294
2026/10/08 09:37:23.494, 0, 12288, 11822, 294
2026/10/08 09:37:23.701, 0, 12288, 11822, 294
2026/10/08 09:37:23.904, 0, 12288, 11822, 294
2026/10/08 09:37:24.110, 0, 12288, 11822, 294
2026/10/08 09:37:24.316, 0, 12288, 11822, 294
2026/10/08 09:37:24.521, 0, 12288, 11822, 294
2026/10/08 09:37:24.728, 0, 12288, 11822, 294
2026/10/08 09:37:24.934, 0, 12288, 11822, 294
2026/10/08 09:37:25.140, 0, 12288, 11822, 294
2026/10/08 09:37:25.345, 0, 12288, 11822, 294
2026/10/08 09:37:25.567, 0, 12288, 11822, 294
2026/10/08 09:37:25.773, 0, 12288, 11822, 294
2026/10/08 09:37:25.978, 0, 12288, 11822, 294
2026/10/08 09:37:26.185, 0, 12288, 11822, 294
2026/10/08 09:37:26.391, 0, 12288, 11822, 294
2026/10/08 09:37:26.596, 0, 12288, 11822, 294
2026/10/08 09:37:26.800, 0, 12288, 11822, 294
2026/10/08 09:37:27.004, 0, 12288, 11822, 294
2026/10/08 09:37:27.211, 0, 12288, 11822, 294
2026/10/08 09:37:27.417, 0, 12288, 11822, 294
2026/10/08 09:37:27.623, 0, 12288, 11822, 294
2026/10/08 09:37:27.829, 0, 12288, 11822, 294
2026/10/08 09:37:28.035, 0, 12288, 11822, 294
2026/10/08 09:37:28.242, 0, 12288, 11822, 294
2026/10/08 09:37:28.449, 0, 12288, 11822, 294
2026/10/08 09:37:28.656, 0, 12288, 11822, 294
2026/10/08 09:37:28.863, 0, 12288, 11822, 294
2026/10/08 09:37:29.069, 0, 12288, 11822, 294
2026/10/08 09:37:29.275, 0, 12288, 11822, 294
2026/10/08 09:37:29.480, 0, 12288, 11822, 294
2026/10/08 09:37:29.685, 0, 12288, 11822, 294
2026/10/08 09:37:29.893, 0, 12288, 11822, 294
2026/10/08 09:37:30.097, 0, 12288, 11822, 294
2026/10/08 09:37:30.304, 0, 12288, 11822, 294
2026/10/08 09:37:30.511, 0, 12288, 11822, 294
2026/10/08 09:37:30.717, 0, 12288, 11822, 294
2026/10/08 09:37:30.923, 0, 12288, 11822, 294
2026/10/08 09:37:31.130, 0, 12288, 11822, 294
2026/10/08 09:37:31.334, 0, 12288, 11822, 294
2026/10/08 09:37:31.539, 0, 12288, 11822, 294
2026/10/08 09:37:31.746, 0, 12288, 11822, 294
2026/10/08 09:37:31.952, 0, 12288, 11822, 294
2026/10/08 09:37:32.160, 0, 12288, 11822, 294
2026/10/08 09:37:32.382, 0, 12288, 11822, 294
2026/10/08 09:37:32.588, 0, 12288, 11822, 294
2026/10/08 09:37:32.794, 0, 12288, 11822, 294
2026/10/08 09:37:32.999, 0, 12288, 11822, 294
2026/10/08 09:37:33.206, 0, 12288, 11822, 294
2026/10/08 09:37:33.411, 0, 12288, 11822, 294
2026/10/08 09:37:33.617, 0, 12288, 11822, 294
2026/10/08 09:37:33.823, 0, 12288, 11822, 294
2026/10/08 09:37:34.028, 0, 12288, 11822, 294
2026/10/08 09:37:34.234, 0, 12288, 11822, 294
2026/10/08 09:37:34.440, 0, 12288, 11822, 294
2026/10/08 09:37:34.645, 0, 12288, 11822, 294
2026/10/08 09:37:34.853, 0, 12288, 11822, 294
2026/10/08 09:37:35.059, 0, 12288, 11822, 294
2026/10/08 09:37:35.263, 0, 12288, 11822, 294
2026/10/08 09:37:35.469, 0, 12288, 11822, 294
2026/10/08 09:37:35.675, 0, 12288, 11822, 294
2026/10/08 09:37:35.882, 0, 12288, 11822, 294
2026/10/08 09:37:36.089, 0, 12288, 11822, 294
2026/10/08 09:37:36.295, 0, 12288, 11822, 294
2026/10/08 09:37:36.502, 0, 12288, 11822, 294
2026/10/08 09:37:36.707, 0, 12288, 11822, 294
2026/10/08 09:37:36.912, 0, 12288, 11822, 294
2026/10/08 09:37:37.119, 0, 12288, 11822, 294
2026/10/08 09:37:37.325, 0, 12288, 11822, 294
2026/10/08 09:37:37.532, 0, 12288, 11822, 294
2026/10/08 09:37:37.737, 0, 12288, 11822, 294
2026/10/08 09:37:37.943, 0, 12288, 11822, 294
2026/10/08 09:37:38.149, 0, 12288, 11822, 294
2026/10/08 09:37:38.355, 0, 12288, 11822, 294
2026/10/08 09:37:38.561, 0, 12288, 11822, 294
2026/10/08 09:37:38.768, 0, 12288, 11822, 294
2026/10/08 09:37:38.974, 0, 12288, 11822, 294
2026/10/08 09:37:39.196, 0, 12288, 11822, 294
2026/10/08 09:37:39.402, 0, 12288, 11822, 294
2026/10/08 09:37:39.607, 0, 12288, 11822, 294
2026/10/08 09:37:39.812, 0, 12288, 11822, 294
2026/10/08 09:37:40.017, 0, 12288, 11822, 294
2026/10/08 09:37:40.223, 0, 12288, 11822, 294
2026/10/08 09:37:40.428, 0, 12288, 11822, 294
2026/10/08 09:37:40.632, 0, 12288, 11822, 294
2026/10/08 09:37:40.839, 0, 12288, 11822, 294
2026/10/08 09:37:41.044, 0, 12288, 11822, 294
2026/10/08 09:37:41.249, 0, 12288, 11822, 294
2026/10/08 09:37:41.454, 0, 12288, 11822, 294
2026/10/08 09:37:41.661, 0, 12288, 11822, 294
2026/10/08 09:37:41.868, 0, 12288, 11822, 294
2026/10/08 09:37:42.073, 0, 12288, 11822, 294
2026/10/08 09:37:42.280, 0, 12288, 11822, 294
2026/10/08 09:37:42.484, 0, 12288, 11822, 294
2026/10/08 09:37:42.689, 0, 12288, 11822, 294
2026/10/08 09:37:42.896, 0, 12288, 11822, 294
2026/10/08 09:37:43.102, 0, 12288, 11822, 294
2026/10/08 09:37:43.310, 0, 12288, 11822, 294
2026/10/08 09:37:43.517, 0, 12288, 11822, 294
2026/10/08 09:37:43.723, 0, 12288, 11822, 294
2026/10/08 09:37:43.926, 0, 12288, 11822, 294
2026/10/08 09:37:44.132, 0, 12288, 11822, 294
2026/10/08 09:37:44.338, 0, 12288, 11822, 294
2026/10/08 09:37:44.544, 0, 12288, 11822, 294
2026/10/08 09:37:44.750, 0, 12288, 11822, 294
2026/10/08 09:37:44.957, 0, 12288, 11822, 294
2026/10/08 09:37:45.163, 0, 12288, 11822, 294
2026/10/08 09:37:45.369, 0, 12288, 11822, 294
2026/10/08 09:37:45.574, 0, 12288, 11822, 294
2026/10/08 09:37:45.779, 0, 12288, 11822, 294
2026/10/08 09:37:45.985, 0, 12288, 11822, 294
2026/10/08 09:37:46.190, 0, 12288, 11822, 294
2026/10/08 09:37:46.392, 0, 12288, 11822, 294
2026/10/08 09:37:46.599, 0, 12288, 11822, 294
2026/10/08 09:37:46.804, 0, 12288, 11822, 294
2026/10/08 09:37:47.011, 0, 12288, 11822, 294
2026/10/08 09:37:47.216, 0, 12288, 11822, 294
2026/10/08 09:37:47.424, 0, 12288, 11822, 294
2026/10/08 09:37:47.631, 0, 12288, 11822, 294
2026/10/08 09:37:47.837, 0, 12288, 11822, 294
2026/10/08 09:37:48.044, 0, 12288, 11822, 294
2026/10/08 09:37:48.249, 0, 12288, 11822, 294
2026/10/08 09:37:48.453, 0, 12288, 11822, 294
2026/10/08 09:37:48.658, 0, 12288, 11822, 294
2026/10/08 09:37:48.865, 0, 12288, 11822, 294
2026/10/08 09:37:49.073, 0, 12288, 11822, 294
2026/10/08 09:37:49.279, 0, 12288, 11822, 294
2026/10/08 09:37:49.485, 0, 12288, 11822, 294
2026/10/08 09:37:49.691, 0, 12288, 11822, 294
2026/10/08 09:37:49.896, 0, 12288, 11822, 294
2026/10/08 09:37:50.103, 0, 12288, 11822, 294
2026/10/08 09:37:50.309, 0, 12288, 11822, 294
2026/10/08 09:37:50.516, 0, 12288, 11822, 294
2026/10/08 09:37:50.722, 0, 12288, 11822, 294
2026/10/08 09:37:50.927, 0, 12288, 11822, 294
2026/10/08 09:37:51.133, 0, 12288, 11822, 294
2026/10/08 09:37:51.338, 0, 12288, 11822, 294
2026/10/08 09:37:51.542, 0, 12288, 11822, 294
2026/10/08 09:37:51.745, 0, 12288, 11822, 294
2026/10/08 09:37:51.952, 0, 12288, 11822, 294
2026/10/08 09:37:52.157, 0, 12288, 11822, 294
2026/10/08 09:37:52.363, 0, 12288, 11822, 294
2026/10/08 09:37:52.568, 0, 12288, 11822, 294
2026/10/08 09:37:52.775, 0, 12288, 11822, 294
2026/10/08 09:37:52.979, 0, 12288, 11822, 294
2026/10/08 09:37:53.185, 0, 12288, 11822, 294
2026/10/08 09:37:53.392, 0, 12288, 11822, 294
2026/10/08 09:37:53.596, 0, 12288, 11822, 294
2026/10/08 09:37:53.802, 0, 12288, 11822, 294
2026/10/08 09:37:54.008, 0, 12288, 11822, 294
2026/10/08 09:37:54.214, 0, 12288, 11822, 294
2026/10/08 09:37:54.421, 0, 12288, 11822, 294
2026/10/08 09:37:54.627, 0, 12288, 11822, 294
2026/10/08 09:37:54.834, 0, 12288, 11822, 294
2026/10/08 09:37:55.041, 0, 12288, 11822, 294
2026/10/08 09:37:55.248, 0, 12288, 11822, 294
2026/10/08 09:37:55.454, 0, 12288, 11822, 294
2026/10/08 09:37:55.659, 0, 12288, 11822, 294
2026/10/08 09:37:55.864, 0, 12288, 11822, 294
2026/10/08 09:37:56.070, 0, 12288, 11822, 294
2026/10/08 09:37:56.275, 0, 12288, 11822, 294
2026/10/08 09:37:56.478, 0, 12288, 11822, 294
2026/10/08 09:37:56.685, 0, 12288, 11822, 294
2026/10/08 09:37:56.891, 0, 12288, 11822, 294
2026/10/08 09:37:57.098, 0, 12288, 11822, 294
2026/10/08 09:37:57.303, 0, 12288, 11822, 294
2026/10/08 09:37:57.508, 0, 12288, 11822, 294
2026/10/08 09:37:57.714, 0, 12288, 11822, 294
2026/10/08 09:37:57.922, 0, 12288, 11822, 294
2026/10/08 09:37:58.127, 0, 12288, 11822, 294
2026/10/08 09:37:58.333, 0, 12288, 11822, 294
2026/10/08 09:37:58.538, 0, 12288, 11822, 294
2026/10/08 09:37:58.746, 0, 12288, 11822, 294
2026/10/08 09:37:58.952, 0, 12288, 11822, 294
2026/10/08 09:37:59.157, 0, 12288, 11822, 294
2026/10/08 09:37:59.364, 0, 12288, 11822, 294
2026/10/08 09:37:59.570, 0, 12288, 11822, 294
2026/10/08 09:37:59.776, 0, 12288, 11822, 294
2026/10/08 09:37:59.983, 0, 12288, 11822, 294
2026/10/08 09:38:00.188, 0, 12288, 11822, 294
2026/10/08 09:38:00.393, 0, 12288, 11822, 294
2026/10/08 09:38:00.598, 0, 12288, 11822, 294
2026/10/08 09:38:00.804, 0, 12288, 11822, 294
2026/10/08 09:38:01.011, 0, 12288, 11822, 294
2026/10/08 09:38:01.215, 0, 12288, 11822, 294
2026/10/08 09:38:01.421, 0, 12288, 11822, 294
2026/10/08 09:38:01.627, 0, 12288, 11822, 294
2026/10/08 09:38:01.834, 0, 12288, 11822, 294
2026/10/08 09:38:02.040, 0, 12288, 11822, 294
2026/10/08 09:38:02.246, 0, 12288, 11822, 294
2026/10/08 09:38:02.453, 0, 12288, 11822, 294
2026/10/08 09:38:02.660, 0, 12288, 11822, 294
2026/10/08 09:38:02.867, 0, 12288, 11822, 294
2026/10/08 09:38:03.072, 0, 12288, 11822, 294
2026/10/08 09:38:03.279, 0, 12288, 11822, 294
2026/10/08 09:38:03.485, 0, 12288, 11822, 294
2026/10/08 09:38:03.690, 0, 12288, 11822, 294
2026/10/08 09:38:03.897, 0, 12288, 11822, 294
2026/10/08 09:38:04.101, 0, 12288, 11822, 294
2026/10/08 09:38:04.309, 0, 12288, 11822, 294
2026/10/08 09:38:04.515, 0, 12288, 11822, 294
2026/10/08 09:38:04.721, 0, 12288, 11822, 294
2026/10/08 09:38:04.926, 0, 12288, 11822, 294
2026/10/08 09:38:05.132, 0, 12288, 11822, 294
2026/10/08 09:38:05.338, 0, 12288, 11822, 294
2026/10/08 09:38:05.542, 0, 12288, 11822, 294
2026/10/08 09:38:05.747, 0, 12288, 11822, 294
2026/10/08 09:38:05.953, 0, 12288, 11822, 294
2026/10/08 09:38:06.161, 0, 12288, 11822, 294
2026/10/08 09:38:06.367, 0, 12288, 11822, 294
2026/10/08 09:38:06.572, 0, 12288, 11822, 294
2026/10/08 09:38:06.778, 0, 12288, 11822, 294
2026/10/08 09:38:06.984, 0, 12288, 11822, 294
2026/10/08 09:38:07.190, 0, 12288, 11822, 294
2026/10/08 09:38:07.396, 0, 12288, 11822, 294
2026/10/08 09:38:07.601, 0, 12288, 11822, 294
2026/10/08 09:38:07.823, 0, 12288, 11822, 294
2026/10/08 09:38:08.029, 0, 12288, 11822, 294
2026/10/08 09:38:08.235, 0, 12288, 11822, 294
2026/10/08 09:38:08.440, 0, 12288, 11822, 294
2026/10/08 09:38:08.647, 0, 12288, 11822, 294
2026/10/08 09:38:08.853, 0, 12288, 11822, 294
2026/10/08 09:38:09.059, 0, 12288, 11822, 294
2026/10/08 09:38:09.265, 0, 12288, 11822, 294
2026/10/08 09:38:09.471, 0, 12288, 11822, 294
2026/10/08 09:38:09.675, 0, 12288, 11822, 294
2026/10/08 09:38:09.880, 0, 12288, 11822, 294
2026/10/08 09:38:10.087, 0, 12288, 11822, 294
2026/10/08 09:38:10.293, 0, 12288, 11822, 294
2026/10/08 09:38:10.500, 0, 12288, 11822, 294
2026/10/08 09:38:10.705, 0, 12288, 11822, 294
2026/10/08 09:38:10.913, 0, 12288, 11822, 294
2026/10/08 09:38:11.120, 0, 12288, 11822, 294
2026/10/08 09:38:11.326, 0, 12288, 11822, 294
2026/10/08 09:38:11.531, 0, 12288, 11822, 294
2026/10/08 09:38:11.736, 0, 12288, 11822, 294
2026/10/08 09:38:11.943, 0, 12288, 11822, 294
2026/10/08 09:38:12.150, 0, 12288, 11822, 294
2026/10/08 09:38:12.356, 0, 12288, 11822, 294
2026/10/08 09:38:12.562, 0, 12288, 11822, 294
2026/10/08 09:38:12.767, 0, 12288, 11822, 294
2026/10/08 09:38:12.973, 0, 12288, 11822, 294
2026/10/08 09:38:13.178, 0, 12288, 11822, 294
2026/10/08 09:38:13.385, 0, 12288, 11822, 294
2026/10/08 09:38:13.590, 0, 12288, 11822, 294
2026/10/08 09:38:13.796, 0, 12288, 11822, 294
2026/10/08 09:38:14.002, 0, 12288, 11822, 294
2026/10/08 09:38:14.207, 0, 12288, 11822, 294
2026/10/08 09:38:14.412, 0, 12288, 11822, 294
2026/10/08 09:38:14.634, 0, 12288, 11822, 294
2026/10/08 09:38:14.841, 0, 12288, 11822, 294
2026/10/08 09:38:15.048, 0, 12288, 11822, 294
2026/10/08 09:38:15.253, 0, 12288, 11822, 294
2026/10/08 09:38:15.459, 0, 12288, 11822, 294
2026/10/08 09:38:15.666, 0, 12288, 11822, 294
2026/10/08 09:38:15.872, 0, 12288, 11822, 294
2026/10/08 09:38:16.077, 0, 12288, 11822, 294
2026/10/08 09:38:16.283, 0, 12288, 11822, 294
2026/10/08 09:38:16.488, 0, 12288, 11822, 294
2026/10/08 09:38:16.694, 0, 12288, 11822, 294
2026/10/08 09:38:16.902, 0, 12288, 11822, 294
2026/10/08 09:38:17.107, 0, 12288, 11822, 294
2026/10/08 09:38:17.315, 0, 12288, 11822, 294
2026/10/08 09:38:17.519, 0, 12288, 11822, 294
2026/10/08 09:38:17.726, 0, 12288, 11822, 294
2026/10/08 09:38:17.933, 0, 12288, 11822, 294
2026/10/08 09:38:18.139, 0, 12288, 11822, 294
2026/10/08 09:38:18.345, 0, 12288, 11822, 294
2026/10/08 09:38:18.550, 0, 12288, 11822, 294
2026/10/08 09:38:18.757, 0, 12288, 11822, 294
2026/10/08 09:38:18.965, 0, 12288, 11822, 294
2026/10/08 09:38:19.173, 0, 12288, 11822, 294
2026/10/08 09:38:19.379, 0, 12288, 11822, 294
2026/10/08 09:38:19.586, 0, 12288, 11822, 294
2026/10/08 09:38:19.793, 0, 12288, 11822, 294
2026/10/08 09:38:19.998, 0, 12288, 11822, 294
2026/10/08 09:38:20.205, 0, 12288, 11822, 294
2026/10/08 09:38:20.410, 0, 12288, 11822, 294
2026/10/08 09:38:20.615, 0, 12288, 11822, 294
2026/10/08 09:38:20.819, 0, 12288, 11822, 294
2026/10/08 09:38:21.025, 0, 12288, 11822, 294
2026/10/08 09:38:21.232, 0, 12288, 11822, 294
2026/10/08 09:38:21.453, 0, 12288, 11822, 294
2026/10/08 09:38:21.660, 0, 12288, 11822, 294
2026/10/08 09:38:21.865, 0, 12288, 11822, 294
2026/10/08 09:38:22.071, 0, 12288, 11822, 294
2026/10/08 09:38:22.277, 0, 12288, 11822, 294
2026/10/08 09:38:22.484, 0, 12288, 11822, 294
2026/10/08 09:38:22.691, 0, 12288, 11822, 294
2026/10/08 09:38:22.898, 0, 12288, 11822, 294
2026/10/08 09:38:23.103, 0, 12288, 11822, 294
2026/10/08 09:38:23.310, 0, 12288, 11822, 294
2026/10/08 09:38:23.517, 0, 12288, 11822, 294
2026/10/08 09:38:23.722, 0, 12288, 11822, 294
2026/10/08 09:38:23.929, 0, 12288, 11822, 294
2026/10/08 09:38:24.134, 0, 12288, 11822, 294
2026/10/08 09:38:24.340, 0, 12288, 11822, 294
2026/10/08 09:38:24.548, 0, 12288, 11822, 294
2026/10/08 09:38:24.753, 0, 12288, 11822, 294
2026/10/08 09:38:24.959, 0, 12288, 11822, 294
2026/10/08 09:38:25.165, 0, 12288, 11822, 294
2026/10/08 09:38:25.370, 0, 12288, 11822, 294
2026/10/08 09:38:25.574, 0, 12288, 11822, 294
2026/10/08 09:38:25.780, 0, 12288, 11822, 294
2026/10/08 09:38:25.987, 0, 12288, 11822, 294
2026/10/08 09:38:26.194, 0, 12288, 11822, 294
2026/10/08 09:38:26.398, 0, 12288, 11822, 294
2026/10/08 09:38:26.603, 0, 12288, 11822, 294
2026/10/08 09:38:26.809, 0, 12288, 11822, 294
2026/10/08 09:38:27.015, 0, 12288, 11822, 294
2026/10/08 09:38:27.222, 0, 12288, 11822, 294
2026/10/08 09:38:27.427, 0, 12288, 11822, 294
2026/10/08 09:38:27.632, 0, 12288, 11822, 294
2026/10/08 09:38:27.839, 0, 12288, 11822, 294
2026/10/08 09:38:28.046, 0, 12288, 11822, 294
2026/10/08 09:38:28.268, 0, 12288, 11822, 294
2026/10/08 09:38:28.472, 0, 12288, 11822, 294
2026/10/08 09:38:28.678, 0, 12288, 11822, 294
2026/10/08 09:38:28.882, 0, 12288, 11822, 294
2026/10/08 09:38:29.090, 0, 12288, 11822, 294
2026/10/08 09:38:29.297, 0, 12288, 11822, 294
2026/10/08 09:38:29.503, 0, 12288, 11822, 294
2026/10/08 09:38:29.707, 0, 12288, 11822, 294
2026/10/08 09:38:29.914, 0, 12288, 11822, 294
2026/10/08 09:38:30.121, 0, 12288, 11822, 294
2026/10/08 09:38:30.327, 0, 12288, 11822, 294
2026/10/08 09:38:30.534, 0, 12288, 11822, 294
2026/10/08 09:38:30.741, 0, 12288, 11822, 294
2026/10/08 09:38:30.947, 0, 12288, 11822, 294
2026/10/08 09:38:31.154, 0, 12288, 11822, 294
2026/10/08 09:38:31.360, 0, 12288, 11822, 294
2026/10/08 09:38:31.567, 0, 12288, 11822, 294
2026/10/08 09:38:31.772, 0, 12288, 11822, 294
2026/10/08 09:38:31.976, 0, 12288, 11822, 294
2026/10/08 09:38:32.182, 0, 12288, 11822, 294
2026/10/08 09:38:32.389, 0, 12288, 11822, 294
2026/10/08 09:38:32.595, 0, 12288, 11822, 294
2026/10/08 09:38:32.802, 0, 12288, 11822, 294
2026/10/08 09:38:33.008, 0, 12288, 11822, 294
2026/10/08 09:38:33.213, 0, 12288, 11822, 294
2026/10/08 09:38:33.418, 0, 12288, 11822, 294
2026/10/08 09:38:33.624, 0, 12288, 11822, 294
2026/10/08 09:38:33.831, 0, 12288, 11822, 294
2026/10/08 09:38:34.039, 0, 12288, 11822, 294
2026/10/08 09:38:34.243, 0, 12288, 11822, 294
2026/10/08 09:38:34.448, 0, 12288, 11822, 294
2026/10/08 09:38:34.653, 0, 12288, 11822, 294
2026/10/08 09:38:34.858, 0, 12288, 11822, 294
2026/10/08 09:38:35.062, 0, 12288, 11822, 294
2026/10/08 09:38:35.269, 0, 12288, 11822, 294
2026/10/08 09:38:35.475, 0, 12288, 11822, 294
2026/10/08 09:38:35.682, 0, 12288, 11822, 294
2026/10/08 09:38:35.888, 0, 12288, 11822, 294
2026/10/08 09:38:36.097, 0, 12288, 11822, 294
2026/10/08 09:38:36.303, 0, 12288, 11822, 294
2026/10/08 09:38:36.508, 0, 12288, 11822, 294
2026/10/08 09:38:36.712, 0, 12288, 11822, 294
2026/10/08 09:38:36.918, 0, 12288, 11822, 294
2026/10/08 09:38:37.127, 0, 12288, 11822, 294
2026/10/08 09:38:37.333, 0, 12288, 11822, 294
2026/10/08 09:38:37.540, 0, 12288, 11822, 294
2026/10/08 09:38:37.746, 0, 12288, 11822, 294
2026/10/08 09:38:37.953, 0, 12288, 11822, 294
2026/10/08 09:38:38.160, 0, 12288, 11822, 294
2026/10/08 09:38:38.364, 0, 12288, 11822, 294
2026/10/08 09:38:38.570, 0, 12288, 11822, 294
2026/10/08 09:38:38.776, 0, 12288, 11822, 294
2026/10/08 09:38:38.983, 0, 12288, 11822, 294
2026/10/08 09:38:39.189, 0, 12288, 11822, 294
2026/10/08 09:38:39.396, 0, 12288, 11822, 294
2026/10/08 09:38:39.601, 0, 12288, 11822, 294
2026/10/08 09:38:39.807, 0, 12288, 11822, 294
2026/10/08 09:38:40.012, 0, 12288, 11822, 294
2026/10/08 09:38:40.216, 0, 12288, 11822, 294
2026/10/08 09:38:40.422, 0, 12288, 11822, 294
2026/10/08 09:38:40.627, 0, 12288, 11822, 294
2026/10/08 09:38:40.834, 0, 12288, 11822, 294
2026/10/08 09:38:41.040, 0, 12288, 11822, 294
2026/10/08 09:38:41.246, 0, 12288, 11822, 294
2026/10/08 09:38:41.452, 0, 12288, 11822, 294
2026/10/08 09:38:41.658, 0, 12288, 11822, 294
2026/10/08 09:38:41.864, 0, 12288, 11822, 294
2026/10/08 09:38:42.070, 0, 12288, 11822, 294
2026/10/08 09:38:42.276, 0, 12288, 11822, 294
2026/10/08 09:38:42.480, 0, 12288, 11822, 294
2026/10/08 09:38:42.686, 0, 12288, 11822, 294
2026/10/08 09:38:42.891, 0, 12288, 11822, 294
2026/10/08 09:38:43.098, 0, 12288, 11822, 294
2026/10/08 09:38:43.301, 0, 12288, 11822, 294
2026/10/08 09:38:43.508, 0, 12288, 11822, 294
2026/10/08 09:38:43.714, 0, 12288, 11822, 294
2026/10/08 09:38:43.921, 0, 12288, 11822, 294
2026/10/08 09:38:44.127, 0, 12288, 11822, 294
2026/10/08 09:38:44.335, 0, 12288, 11822, 294
2026/10/08 09:38:44.541, 0, 12288, 11822, 294
2026/10/08 09:38:44.748, 0, 12288, 11822, 294
2026/10/08 09:38:44.954, 0, 12288, 11822, 294
2026/10/08 09:38:45.158, 0, 12288, 11822, 294
2026/10/08 09:38:45.365, 0, 12288, 11822, 294
2026/10/08 09:38:45.570, 0, 12288, 11822, 294
2026/10/08 09:38:45.776, 0, 12288, 11822, 294
2026/10/08 09:38:45.982, 0, 12288, 11822, 294
2026/10/08 09:38:46.188, 0, 12288, 11822, 294
2026/10/08 09:38:46.393, 0, 12288, 11822, 294
2026/10/08 09:38:46.599, 0, 12288, 11822, 294
2026/10/08 09:38:46.805, 0, 12288, 11822, 294
2026/10/08 09:38:47.011, 0, 12288, 11822, 294
2026/10/08 09:38:47.217, 0, 12288, 11822, 294
2026/10/08 09:38:47.423, 0, 12288, 11822, 294
2026/10/08 09:38:47.630, 0, 12288, 11822, 294
2026/10/08 09:38:47.837, 0, 12288, 11822, 294
2026/10/08 09:38:48.044, 0, 12288, 11822, 294
2026/10/08 09:38:48.250, 0, 12288, 11822, 294
2026/10/08 09:38:48.457, 0, 12288, 11822, 294
2026/10/08 09:38:48.664, 0, 12288, 11822, 294
2026/10/08 09:38:48.870, 0, 12288, 11822, 294
2026/10/08 09:38:49.075, 0, 12288, 11822, 294
2026/10/08 09:38:49.281, 0, 12288, 11822, 294
2026/10/08 09:38:49.485, 0, 12288, 11822, 294
2026/10/08 09:38:49.691, 0, 12288, 11822, 294
2026/10/08 09:38:49.897, 0, 12288, 11822, 294
2026/10/08 09:38:50.104, 0, 12288, 11822, 294
2026/10/08 09:38:50.310, 0, 12288, 11822, 294
2026/10/08 09:38:50.517, 0, 12288, 11822, 294
2026/10/08 09:38:50.722, 0, 12288, 11822, 294
2026/10/08 09:38:50.925, 0, 12288, 11822, 294
2026/10/08 09:38:51.132, 0, 12288, 11822, 294
2026/10/08 09:38:51.339, 0, 12288, 11822, 294
2026/10/08 09:38:51.546, 0, 12288, 11822, 294
2026/10/08 09:38:51.753, 0, 12288, 11822, 294
2026/10/08 09:38:51.960, 0, 12288, 11822, 294
2026/10/08 09:38:52.167, 0, 12288, 11822, 294
2026/10/08 09:38:52.371, 0, 12288, 11822, 294
2026/10/08 09:38:52.578, 0, 12288, 11822, 294
2026/10/08 09:38:52.784, 0, 12288, 11822, 294
2026/10/08 09:38:52.990, 0, 12288, 11822, 294
2026/10/08 09:38:53.196, 0, 12288, 11822, 294
2026/10/08 09:38:53.403, 0, 12288, 11822, 294
2026/10/08 09:38:53.608, 0, 12288, 11822, 294
2026/10/08 09:38:53.815, 0, 12288, 11822, 294
2026/10/08 09:38:54.021, 0, 12288, 11822, 294
2026/10/08 09:38:54.228, 0, 12288, 11822, 294
2026/10/08 09:38:54.431, 0, 12288, 11822, 294
2026/10/08 09:38:54.637, 0, 12288, 11822, 294
2026/10/08 09:38:54.844, 0, 12288, 11822, 294
2026/10/08 09:38:55.051, 0, 12288, 11822, 294
2026/10/08 09:38:55.257, 0, 12288, 11822, 294
2026/10/08 09:38:55.463, 0, 12288, 11822, 294
2026/10/08 09:38:55.667, 0, 12288, 11822, 294
2026/10/08 09:38:55.874, 0, 12288, 11822, 294
2026/10/08 09:38:56.080, 0, 12288, 11822, 294
2026/10/08 09:38:56.287, 0, 12288, 11822, 294
2026/10/08 09:38:56.493, 0, 12288, 11822, 294
2026/10/08 09:38:56.698, 0, 12288, 11822, 294
2026/10/08 09:38:56.905, 0, 12288, 11822, 294
2026/10/08 09:38:57.109, 0, 12288, 11822, 294
2026/10/08 09:38:57.315, 0, 12288, 11822, 294
2026/10/08 09:38:57.521, 0, 12288, 11822, 294
2026/10/08 09:38:57.728, 0, 12288, 11822, 294
2026/10/08 09:38:57.933, 0, 12288, 11822, 294
2026/10/08 09:38:58.141, 0, 12288, 11822, 294
2026/10/08 09:38:58.347, 0, 12288, 11822, 294
2026/10/08 09:38:58.551, 0, 12288, 11822, 294
2026/10/08 09:38:58.756, 0, 12288, 11822, 294
2026/10/08 09:38:58.962, 0, 12288, 11822, 294
2026/10/08 09:38:59.168, 0, 12288, 11822, 294
2026/10/08 09:38:59.375, 0, 12288, 11822, 294
2026/10/08 09:38:59.582, 0, 12288, 11822, 294
2026/10/08 09:38:59.788, 0, 12288, 11822, 294
2026/10/08 09:38:59.992, 0, 12288, 11822, 294
2026/10/08 09:39:00.199, 0, 12288, 11822, 294
2026/10/08 09:39:00.405, 0, 12288, 11822, 294
2026/10/08 09:39:00.610, 0, 12288, 11822, 294
2026/10/08 09:39:00.816, 0, 12288, 11822, 294
2026/10/08 09:39:01.023, 0, 12288, 11822, 294
2026/10/08 09:39:01.230, 0, 12288, 11822, 294
2026/10/08 09:39:01.436, 0, 12288, 11822, 294
2026/10/08 09:39:01.644, 0, 12288, 11822, 294
2026/10/08 09:39:01.849, 0, 12288, 11822, 294
2026/10/08 09:39:02.055, 0, 12288, 11822, 294
2026/10/08 09:39:02.261, 0, 12288, 11822, 294
2026/10/08 09:39:02.468, 0, 12288, 11822, 294
2026/10/08 09:39:02.673, 0, 12288, 11822, 294
2026/10/08 09:39:02.880, 0, 12288, 11822, 294
2026/10/08 09:39:03.086, 0, 12288, 11822, 294
2026/10/08 09:39:03.290, 0, 12288, 11822, 294
2026/10/08 09:39:03.494, 0, 12288, 11822, 294
2026/10/08 09:39:03.701, 0, 12288, 11822, 294
2026/10/08 09:39:03.907, 0, 12288, 11822, 294
2026/10/08 09:39:04.113, 0, 12288, 11822, 294
2026/10/08 09:39:04.319, 0, 12288, 11822, 294
2026/10/08 09:39:04.525, 0, 12288, 11822, 294
2026/10/08 09:39:04.728, 0, 12288, 11822, 294
2026/10/08 09:39:04.935, 0, 12288, 11822, 294
2026/10/08 09:39:05.141, 0, 12288, 11822, 294
2026/10/08 09:39:05.346, 0, 12288, 11822, 294
2026/10/08 09:39:05.550, 0, 12288, 11822, 294
2026/10/08 09:39:05.757, 0, 12288, 11822, 294
2026/10/08 09:39:05.965, 0, 12288, 11822, 294
2026/10/08 09:39:06.172, 0, 12288, 11822, 294
2026/10/08 09:39:06.379, 0, 12288, 11822, 294
2026/10/08 09:39:06.584, 0, 12288, 11822, 294
2026/10/08 09:39:06.791, 0, 12288, 11822, 294
2026/10/08 09:39:06.996, 0, 12288, 11822, 294
2026/10/08 09:39:07.200, 0, 12288, 11822, 294
2026/10/08 09:39:07.406, 0, 12288, 11822, 294
2026/10/08 09:39:07.613, 0, 12288, 11822, 294
2026/10/08 09:39:07.820, 0, 12288, 11822, 294
2026/10/08 09:39:08.027, 0, 12288, 11822, 294
2026/10/08 09:39:08.233, 0, 12288, 11822, 294
2026/10/08 09:39:08.440, 0, 12288, 11822, 294
2026/10/08 09:39:08.647, 0, 12288, 11822, 294
2026/10/08 09:39:08.854, 0, 12288, 11822, 294
2026/10/08 09:39:09.060, 0, 12288, 11822, 294
2026/10/08 09:39:09.265, 0, 12288, 11822, 294
2026/10/08 09:39:09.471, 0, 12288, 11822, 294
2026/10/08 09:39:09.675, 0, 12288, 11822, 294
2026/10/08 09:39:09.882, 0, 12288, 11822, 294
2026/10/08 09:39:10.089, 0, 12288, 11822, 294
2026/10/08 09:39:10.293, 0, 12288, 11822, 294
2026/10/08 09:39:10.500, 0, 12288, 11822, 294
2026/10/08 09:39:10.707, 0, 12288, 11822, 294
2026/10/08 09:39:10.912, 0, 12288, 11822, 294
2026/10/08 09:39:11.118, 0, 12288, 11822, 294
2026/10/08 09:39:11.324, 0, 12288, 11822, 294
2026/10/08 09:39:11.531, 0, 12288, 11822, 294
2026/10/08 09:39:11.735, 0, 12288, 11822, 294
2026/10/08 09:39:11.942, 0, 12288, 11822, 294
2026/10/08 09:39:12.148, 0, 12288, 11822, 294
2026/10/08 09:39:12.354, 0, 12288, 11822, 294
2026/10/08 09:39:12.558, 0, 12288, 11822, 294
2026/10/08 09:39:12.764, 0, 12288, 11822, 294
2026/10/08 09:39:12.972, 0, 12288, 11822, 294
2026/10/08 09:39:13.179, 0, 12288, 11822, 294
2026/10/08 09:39:13.384, 0, 12288, 11822, 294
2026/10/08 09:39:13.589, 0, 12288, 11822, 294
2026/10/08 09:39:13.795, 0, 12288, 11822, 294
2026/10/08 09:39:14.001, 0, 12288, 11822, 294
2026/10/08 09:39:14.206, 0, 12288, 11822, 294
2026/10/08 09:39:14.412, 0, 12288, 11822, 294
2026/10/08 09:39:14.619, 0, 12288, 11822, 294
2026/10/08 09:39:14.825, 0, 12288, 11822, 294
2026/10/08 09:39:15.031, 0, 12288, 11822, 294
2026/10/08 09:39:15.238, 0, 12288, 11822, 294
2026/10/08 09:39:15.444, 0, 12288, 11822, 294
2026/10/08 09:39:15.650, 0, 12288, 11822, 294
2026/10/08 09:39:15.857, 0, 12288, 11822, 294
2026/10/08 09:39:16.063, 0, 12288, 11822, 294
2026/10/08 09:39:16.270, 0, 12288, 11822, 294
2026/10/08 09:39:16.477, 0, 12288, 11822, 294
2026/10/08 09:39:16.682, 0, 12288, 11822, 294
2026/10/08 09:39:16.889, 0, 12288, 11822, 294
2026/10/08 09:39:17.095, 0, 12288, 11822, 294
2026/10/08 09:39:17.300, 0, 12288, 11822, 294
2026/10/08 09:39:17.506, 0, 12288, 11822, 294
2026/10/08 09:39:17.713, 0, 12288, 11822, 294
2026/10/08 09:39:17.919, 0, 12288, 11822, 294
2026/10/08 09:39:18.125, 0, 12288, 11822, 294
2026/10/08 09:39:18.330, 0, 12288, 11822, 294
2026/10/08 09:39:18.536, 0, 12288, 11822, 294
2026/10/08 09:39:18.742, 0, 12288, 11822, 294
2026/10/08 09:39:18.948, 0, 12288, 11822, 294
2026/10/08 09:39:19.153, 0, 12288, 11822, 294
2026/10/08 09:39:19.360, 0, 12288, 11822, 294
2026/10/08 09:39:19.567, 0, 12288, 11822, 294
2026/10/08 09:39:19.772, 0, 12288, 11822, 294
2026/10/08 09:39:19.979, 0, 12288, 11822, 294
2026/10/08 09:39:20.184, 0, 12288, 11822, 294
2026/10/08 09:39:20.389, 0, 12288, 11822, 294
2026/10/08 09:39:20.595, 0, 12288, 11822, 294
2026/10/08 09:39:20.801, 0, 12288, 11822, 294
2026/10/08 09:39:21.009, 0, 12288, 11822, 294
2026/10/08 09:39:21.215, 0, 12288, 11822, 294
2026/10/08 09:39:21.421, 0, 12288, 11822, 294
2026/10/08 09:39:21.628, 0, 12288, 11822, 294
2026/10/08 09:39:21.835, 0, 12288, 11822, 294
2026/10/08 09:39:22.041, 0, 12288, 11822, 294
2026/10/08 09:39:22.248, 0, 12288, 11822, 294
2026/10/08 09:39:22.453, 0, 12288, 11822, 294
2026/10/08 09:39:22.658, 0, 12288, 11822, 294
2026/10/08 09:39:22.864, 0, 12288, 11822, 294
2026/10/08 09:39:23.071, 0, 12288, 11822, 294
2026/10/08 09:39:23.276, 0, 12288, 11822, 294
2026/10/08 09:39:23.483, 0, 12288, 11822, 294
2026/10/08 09:39:23.690, 0, 12288, 11822, 294
2026/10/08 09:39:23.896, 0, 12288, 11822, 294
2026/10/08 09:39:24.101, 0, 12288, 11822, 294
2026/10/08 09:39:24.307, 0, 12288, 11822, 294
2026/10/08 09:39:24.513, 0, 12288, 11822, 294
2026/10/08 09:39:24.720, 0, 12288, 11822, 294
2026/10/08 09:39:24.926, 0, 12288, 11822, 294
2026/10/08 09:39:25.133, 0, 12288, 11822, 294
2026/10/08 09:39:25.338, 0, 12288, 11822, 294
2026/10/08 09:39:25.545, 0, 12288, 11822, 294
2026/10/08 09:39:25.751, 0, 12288, 11822, 294
2026/10/08 09:39:25.956, 0, 12288, 11822, 294
2026/10/08 09:39:26.164, 0, 12288, 11822, 294
2026/10/08 09:39:26.369, 0, 12288, 11822, 294
2026/10/08 09:39:26.574, 0, 12288, 11822, 294
2026/10/08 09:39:26.780, 0, 12288, 11822, 294
2026/10/08 09:39:26.987, 0, 12288, 11822, 294
2026/10/08 09:39:27.194, 0, 12288, 11822, 294
2026/10/08 09:39:27.400, 0, 12288, 11822, 294
2026/10/08 09:39:27.607, 0, 12288, 11822, 294
2026/10/08 09:39:27.811, 0, 12288, 11822, 294
2026/10/08 09:39:28.017, 0, 12288, 11822, 294
2026/10/08 09:39:28.222, 0, 12288, 11822, 294
2026/10/08 09:39:28.429, 0, 12288, 11822, 294
2026/10/08 09:39:28.635, 0, 12288, 11822, 294
2026/10/08 09:39:28.841, 0, 12288, 11822, 294
2026/10/08 09:39:29.049, 0, 12288, 11822, 294
2026/10/08 09:39:29.256, 0, 12288, 11822, 294
2026/10/08 09:39:29.463, 0, 12288, 11822, 294
2026/10/08 09:39:29.666, 0, 12288, 11822, 294
2026/10/08 09:39:29.872, 0, 12288, 11822, 294
2026/10/08 09:39:30.077, 0, 12288, 11822, 294
2026/10/08 09:39:30.283, 0, 12288, 11822, 294
2026/10/08 09:39:30.489, 0, 12288, 11822, 294
2026/10/08 09:39:30.695, 0, 12288, 11822, 294
2026/10/08 09:39:30.900, 0, 12288, 11822, 294
2026/10/08 09:39:31.106, 0, 12288, 11822, 294
2026/10/08 09:39:31.312, 0, 12288, 11822, 294
2026/10/08 09:39:31.520, 0, 12288, 11822, 294
2026/10/08 09:39:31.726, 0, 12288, 11822, 294
2026/10/08 09:39:31.933, 0, 12288, 11822, 294
2026/10/08 09:39:32.140, 0, 12288, 11822, 294
2026/10/08 09:39:32.347, 0, 12288, 11822, 294
2026/10/08 09:39:32.554, 0, 12288, 11822, 294
2026/10/08 09:39:32.760, 0, 12288, 11822, 294
2026/10/08 09:39:32.967, 0, 12288, 11822, 294
2026/10/08 09:39:33.174, 0, 12288, 11822, 294
2026/10/08 09:39:33.379, 0, 12288, 11822, 294
2026/10/08 09:39:33.583, 0, 12288, 11822, 294
2026/10/08 09:39:33.790, 0, 12288, 11822, 294
2026/10/08 09:39:33.995, 0, 12288, 11822, 294
2026/10/08 09:39:34.202, 0, 12288, 11822, 294
2026/10/08 09:39:34.407, 0, 12288, 11822, 294
2026/10/08 09:39:34.612, 0, 12288, 11822, 294
2026/10/08 09:39:34.819, 0, 12288, 11822, 294
2026/10/08 09:39:35.025, 0, 12288, 11822, 294
2026/10/08 09:39:35.233, 0, 12288, 11822, 294
2026/10/08 09:39:35.440, 0, 12288, 11822, 294
2026/10/08 09:39:35.644, 0, 12288, 11822, 294
2026/10/08 09:39:35.850, 0, 12288, 11822, 294
2026/10/08 09:39:36.057, 0, 12288, 11822, 294
2026/10/08 09:39:36.264, 0, 12288, 11822, 294
2026/10/08 09:39:36.470, 0, 12288, 11822, 294
2026/10/08 09:39:36.675, 0, 12288, 11822, 294
2026/10/08 09:39:36.879, 0, 12288, 11822, 294
2026/10/08 09:39:37.085, 0, 12288, 11822, 294
2026/10/08 09:39:37.291, 0, 12288, 11822, 294
2026/10/08 09:39:37.496, 0, 12288, 11822, 294
2026/10/08 09:39:37.701, 0, 12288, 11822, 294
2026/10/08 09:39:37.907, 0, 12288, 11822, 294
2026/10/08 09:39:38.112, 0, 12288, 11822, 294
2026/10/08 09:39:38.319, 0, 12288, 11822, 294
2026/10/08 09:39:38.522, 0, 12288, 11822, 294
2026/10/08 09:39:38.727, 0, 12288, 11822, 294
2026/10/08 09:39:38.934, 0, 12288, 11822, 294
2026/10/08 09:39:39.137, 0, 12288, 11822, 294
2026/10/08 09:39:39.343, 0, 12288, 11822, 294
2026/10/08 09:39:39.549, 0, 12288, 11822, 294
2026/10/08 09:39:39.754, 0, 12288, 11822, 294
2026/10/08 09:39:39.960, 0, 12288, 11822, 294
2026/10/08 09:39:40.167, 0, 12288, 11822, 294
2026/10/08 09:39:40.372, 0, 12288, 11822, 294
2026/10/08 09:39:40.578, 0, 12288, 11822, 294
2026/10/08 09:39:40.784, 0, 12288, 11822, 294
2026/10/08 09:39:40.990, 0, 12288, 11822, 294
2026/10/08 09:39:41.196, 0, 12288, 11822, 294
2026/10/08 09:39:41.403, 0, 12288, 11822, 294
2026/10/08 09:39:41.608, 0, 12288, 11822, 294
2026/10/08 09:39:41.814, 0, 12288, 11822, 294
2026/10/08 09:39:42.021, 0, 12288, 11822, 294
2026/10/08 09:39:42.226, 0, 12288, 11822, 294
2026/10/08 09:39:42.432, 0, 12288, 11822, 294
2026/10/08 09:39:42.639, 0, 12288, 11822, 294
2026/10/08 09:39:42.845, 0, 12288, 11822, 294
2026/10/08 09:39:43.050, 0, 12288, 11822, 294
2026/10/08 09:39:43.255, 0, 12288, 11822, 294
2026/10/08 09:39:43.462, 0, 12288, 11822, 294
2026/10/08 09:39:43.668, 0, 12288, 11822, 294
2026/10/08 09:39:43.876, 0, 12288, 11822, 294
2026/10/08 09:39:44.083, 0, 12288, 11822, 294
2026/10/08 09:39:44.290, 0, 12288, 11822, 294
2026/10/08 09:39:44.495, 0, 12288, 11822, 294
2026/10/08 09:39:44.699, 0, 12288, 11822, 294
2026/10/08 09:39:44.906, 0, 12288, 11822, 294
2026/10/08 09:39:45.112, 0, 12288, 11822, 294
2026/10/08 09:39:45.319, 0, 12288, 11822, 294
2026/10/08 09:39:45.525, 0, 12288, 11822, 294
2026/10/08 09:39:45.731, 0, 12288, 11822, 294
2026/10/08 09:39:45.938, 0, 12288, 11822, 294
2026/10/08 09:39:46.144, 0, 12288, 11822, 294
2026/10/08 09:39:46.349, 0, 12288, 11822, 294
2026/10/08 09:39:46.554, 0, 12288, 11822, 294
2026/10/08 09:39:46.761, 0, 12288, 11822, 294
2026/10/08 09:39:46.968, 0, 12288, 11822, 294
2026/10/08 09:39:47.175, 0, 12288, 11822, 294
2026/10/08 09:39:47.381, 0, 12288, 11822, 294
2026/10/08 09:39:47.586, 0, 12288, 11822, 294
2026/10/08 09:39:47.792, 0, 12288, 11822, 294
2026/10/08 09:39:47.997, 0, 12288, 11822, 294
2026/10/08 09:39:48.203, 0, 12288, 11822, 294
2026/10/08 09:39:48.409, 0, 12288, 11822, 294
2026/10/08 09:39:48.616, 0, 12288, 11822, 294
2026/10/08 09:39:48.820, 0, 12288, 11822, 294
2026/10/08 09:39:49.027, 0, 12288, 11822, 294
2026/10/08 09:39:49.233, 0, 12288, 11822, 294
2026/10/08 09:39:49.440, 0, 12288, 11822, 294
2026/10/08 09:39:49.647, 0, 12288, 11822, 294
2026/10/08 09:39:49.852, 0, 12288, 11822, 294
2026/10/08 09:39:50.059, 0, 12288, 11822, 294
2026/10/08 09:39:50.261, 0, 12288, 11822, 294
2026/10/08 09:39:50.468, 0, 12288, 11822, 294
2026/10/08 09:39:50.674, 0, 12288, 11822, 294
2026/10/08 09:39:50.881, 0, 12288, 11822, 294
2026/10/08 09:39:51.087, 0, 12288, 11822, 294
2026/10/08 09:39:51.292, 0, 12288, 11822, 294
2026/10/08 09:39:51.499, 0, 12288, 11822, 294
2026/10/08 09:39:51.705, 0, 12288, 11822, 294
2026/10/08 09:39:51.910, 0, 12288, 11822, 294
2026/10/08 09:39:52.118, 0, 12288, 11822, 294
2026/10/08 09:39:52.323, 0, 12288, 11822, 294
2026/10/08 09:39:52.528, 0, 12288, 11822, 294
2026/10/08 09:39:52.732, 0, 12288, 11822, 294
2026/10/08 09:39:52.940, 0, 12288, 11822, 294
2026/10/08 09:39:53.146, 0, 12288, 11822, 294
2026/10/08 09:39:53.353, 0, 12288, 11822, 294
2026/10/08 09:39:53.559, 0, 12288, 11822, 294
2026/10/08 09:39:53.767, 0, 12288, 11822, 294
2026/10/08 09:39:53.973, 0, 12288, 11822, 294
2026/10/08 09:39:54.179, 0, 12288, 11822, 294
2026/10/08 09:39:54.383, 0, 12288, 11822, 294
2026/10/08 09:39:54.588, 0, 12288, 11822, 294
2026/10/08 09:39:54.793, 0, 12288, 11822, 294
2026/10/08 09:39:55.000, 0, 12288, 11822, 294
2026/10/08 09:39:55.206, 0, 12288, 11822, 294
2026/10/08 09:39:55.413, 0, 12288, 11822, 294
2026/10/08 09:39:55.619, 0, 12288, 11822, 294
2026/10/08 09:39:55.825, 0, 12288, 11822, 294
2026/10/08 09:39:56.030, 0, 12288, 11822, 294
2026/10/08 09:39:56.235, 0, 12288, 11822, 294
2026/10/08 09:39:56.442, 0, 12288, 11822, 294
2026/10/08 09:39:56.648, 0, 12288, 11822, 294
2026/10/08 09:39:56.870, 0, 12288, 11822, 294
2026/10/08 09:39:57.076, 0, 12288, 11822, 294
2026/10/08 09:39:57.282, 0, 12288, 11822, 294
2026/10/08 09:39:57.488, 0, 12288, 11822, 294
2026/10/08 09:39:57.694, 0, 12288, 11822, 294
2026/10/08 09:39:57.901, 0, 12288, 11822, 294
2026/10/08 09:39:58.108, 0, 12288, 11822, 294
2026/10/08 09:39:58.314, 0, 12288, 11822, 294
2026/10/08 09:39:58.521, 0, 12288, 11822, 294
2026/10/08 09:39:58.725, 0, 12288, 11822, 294
2026/10/08 09:39:58.933, 0, 12288, 11822, 294
2026/10/08 09:39:59.140, 0, 12288, 11822, 294
2026/10/08 09:39:59.344, 0, 12288, 11822, 294
2026/10/08 09:39:59.551, 0, 12288, 11822, 294
2026/10/08 09:39:59.756, 0, 12288, 11822, 294
2026/10/08 09:39:59.963, 0, 12288, 11822, 294
2026/10/08 09:40:00.169, 0, 12288, 11822, 294
2026/10/08 09:40:00.376, 0, 12288, 11822, 294
2026/10/08 09:40:00.581, 0, 12288, 11822, 294
2026/10/08 09:40:00.786, 0, 12288, 11822, 294
2026/10/08 09:40:00.991, 0, 12288, 11822, 294
2026/10/08 09:40:01.196, 0, 12288, 11822, 294
2026/10/08 09:40:01.404, 0, 12288, 11822, 294
2026/10/08 09:40:01.608, 0, 12288, 11822, 294
2026/10/08 09:40:01.816, 0, 12288, 11822, 294
2026/10/08 09:40:02.023, 0, 12288, 11822, 294
2026/10/08 09:40:02.230, 0, 12288, 11822, 294
2026/10/08 09:40:02.437, 0, 12288, 11822, 294
2026/10/08 09:40:02.644, 0, 12288, 11822, 294
2026/10/08 09:40:02.850, 0, 12288, 11822, 294
2026/10/08 09:40:03.056, 0, 12288, 11822, 294
2026/10/08 09:40:03.263, 0, 12288, 11822, 294
2026/10/08 09:40:03.469, 0, 12288, 11822, 294
2026/10/08 09:40:03.675, 0, 12288, 11822, 294
2026/10/08 09:40:03.882, 0, 12288, 11822, 294
2026/10/08 09:40:04.088, 0, 12288, 11822, 294
2026/10/08 09:40:04.294, 0, 12288, 11822, 294
2026/10/08 09:40:04.501, 0, 12288, 11822, 294
2026/10/08 09:40:04.706, 0, 12288, 11822, 294
2026/10/08 09:40:04.912, 0, 12288, 11822, 294
2026/10/08 09:40:05.119, 0, 12288, 11822, 294
2026/10/08 09:40:05.325, 0, 12288, 11822, 294
2026/10/08 09:40:05.530, 0, 12288, 11822, 294
2026/10/08 09:40:05.738, 0, 12288, 11822, 294
2026/10/08 09:40:05.944, 0, 12288, 11822, 294
2026/10/08 09:40:06.149, 0, 12288, 11822, 294
2026/10/08 09:40:06.356, 0, 12288, 11822, 294
2026/10/08 09:40:06.561, 0, 12288, 11822, 294
2026/10/08 09:40:06.767, 0, 12288, 11822, 294
2026/10/08 09:40:06.974, 0, 12288, 11822, 294
2026/10/08 09:40:07.178, 0, 12288, 11822, 294
2026/10/08 09:40:07.385, 0, 12288, 11822, 294
2026/10/08 09:40:07.591, 0, 12288, 11822, 294
2026/10/08 09:40:07.799, 0, 12288, 11822, 294
2026/10/08 09:40:08.004, 0, 12288, 11822, 294
2026/10/08 09:40:08.210, 0, 12288, 11822, 294
2026/10/08 09:40:08.416, 0, 12288, 11822, 294
2026/10/08 09:40:08.621, 0, 12288, 11822, 294
2026/10/08 09:40:08.828, 0, 12288, 11822, 294
2026/10/08 09:40:09.034, 0, 12288, 11822, 294
2026/10/08 09:40:09.240, 0, 12288, 11822, 294
2026/10/08 09:40:09.447, 0, 12288, 11822, 294
2026/10/08 09:40:09.653, 0, 12288, 11822, 294
2026/10/08 09:40:09.860, 0, 12288, 11822, 294
2026/10/08 09:40:10.065, 0, 12288, 11822, 294
2026/10/08 09:40:10.271, 0, 12288, 11822, 294
2026/10/08 09:40:10.478, 0, 12288, 11822, 294
2026/10/08 09:40:10.682, 0, 12288, 11822, 294
2026/10/08 09:40:10.889, 0, 12288, 11822, 294
2026/10/08 09:40:11.094, 0, 12288, 11822, 294
2026/10/08 09:40:11.300, 0, 12288, 11822, 294
2026/10/08 09:40:11.507, 0, 12288, 11822, 294
2026/10/08 09:40:11.712, 0, 12288, 11822, 294
2026/10/08 09:40:11.919, 0, 12288, 11822, 294
2026/10/08 09:40:12.123, 0, 12288, 11822, 294
2026/10/08 09:40:12.331, 0, 12288, 11822, 294
2026/10/08 09:40:12.537, 0, 12288, 11822, 294
2026/10/08 09:40:12.742, 0, 12288, 11822, 294
2026/10/08 09:40:12.948, 0, 12288, 11822, 294
2026/10/08 09:40:13.155, 0, 12288, 11822, 294
2026/10/08 09:40:13.363, 0, 12288, 11822, 294
2026/10/08 09:40:13.568, 0, 12288, 11822, 294
2026/10/08 09:40:13.773, 0, 12288, 11822, 294
2026/10/08 09:40:13.979, 0, 12288, 11822, 294
2026/10/08 09:40:14.185, 0, 12288, 11822, 294
2026/10/08 09:40:14.392, 0, 12288, 11822, 294
2026/10/08 09:40:14.596, 0, 12288, 11822, 294
2026/10/08 09:40:14.801, 0, 12288, 11822, 294
2026/10/08 09:40:15.007, 0, 12288, 11822, 294
2026/10/08 09:40:15.213, 0, 12288, 11822, 294
2026/10/08 09:40:15.419, 0, 12288, 11822, 294
2026/10/08 09:40:15.626, 0, 12288, 11822, 294
2026/10/08 09:40:15.832, 0, 12288, 11822, 294
2026/10/08 09:40:16.037, 0, 12288, 11822, 294
2026/10/08 09:40:16.243, 0, 12288, 11822, 294
2026/10/08 09:40:16.449, 0, 12288, 11822, 294
2026/10/08 09:40:16.655, 0, 12288, 11822, 294
2026/10/08 09:40:16.861, 0, 12288, 11822, 294
2026/10/08 09:40:17.067, 0, 12288, 11822, 294
2026/10/08 09:40:17.273, 0, 12288, 11822, 294
2026/10/08 09:40:17.481, 0, 12288, 11822, 294
2026/10/08 09:40:17.686, 0, 12288, 11822, 294
2026/10/08 09:40:17.891, 0, 12288, 11822, 294
2026/10/08 09:40:18.096, 0, 12288, 11822, 294
2026/10/08 09:40:18.300, 0, 12288, 11822, 294
2026/10/08 09:40:18.506, 0, 12288, 11822, 294
2026/10/08 09:40:18.713, 0, 12288, 11822, 294
2026/10/08 09:40:18.920, 0, 12288, 11822, 294
2026/10/08 09:40:19.126, 0, 12288, 11822, 294
2026/10/08 09:40:19.332, 0, 12288, 11822, 294
2026/10/08 09:40:19.537, 0, 12288, 11822, 294
2026/10/08 09:40:19.742, 0, 12288, 11822, 294
2026/10/08 09:40:19.948, 0, 12288, 11822, 294
2026/10/08 09:40:20.153, 0, 12288, 11822, 294
2026/10/08 09:40:20.359, 0, 12288, 11822, 294
2026/10/08 09:40:20.563, 0, 12288, 11822, 294
2026/10/08 09:40:20.769, 0, 12288, 11822, 294
2026/10/08 09:40:20.974, 0, 12288, 11822, 294
2026/10/08 09:40:21.181, 0, 12288, 11822, 294
2026/10/08 09:40:21.385, 0, 12288, 11822, 294
2026/10/08 09:40:21.591, 0, 12288, 11822, 294
2026/10/08 09:40:21.797, 0, 12288, 11822, 294
2026/10/08 09:40:22.004, 0, 12288, 11822, 294
2026/10/08 09:40:22.210, 0, 12288, 11822, 294
2026/10/08 09:40:22.416, 0, 12288, 11822, 294
2026/10/08 09:40:22.620, 0, 12288, 11822, 294
2026/10/08 09:40:22.827, 0, 12288, 11822, 294
2026/10/08 09:40:23.034, 0, 12288, 11822, 294
2026/10/08 09:40:23.240, 0, 12288, 11822, 294
2026/10/08 09:40:23.445, 0, 12288, 11822, 294
2026/10/08 09:40:23.651, 0, 12288, 11822, 294
2026/10/08 09:40:23.857, 0, 12288, 11822, 294
2026/10/08 09:40:24.064, 0, 12288, 11822, 294
2026/10/08 09:40:24.271, 0, 12288, 11822, 294
2026/10/08 09:40:24.478, 0, 12288, 11822, 294
2026/10/08 09:40:24.684, 0, 12288, 11822, 294
2026/10/08 09:40:24.889, 0, 12288, 11822, 294
2026/10/08 09:40:25.095, 0, 12288, 11822, 294
2026/10/08 09:40:25.301, 0, 12288, 11822, 294
2026/10/08 09:40:25.507, 0, 12288, 11822, 294
2026/10/08 09:40:25.713, 0, 12288, 11822, 294
2026/10/08 09:40:25.921, 0, 12288, 11822, 294
2026/10/08 09:40:26.128, 0, 12288, 11822, 294
2026/10/08 09:40:26.333, 0, 12288, 11822, 294
2026/10/08 09:40:26.539, 0, 12288, 11822, 294
2026/10/08 09:40:26.746, 0, 12288, 11822, 294
2026/10/08 09:40:26.953, 0, 12288, 11822, 294
2026/10/08 09:40:27.160, 0, 12288, 11822, 294
2026/10/08 09:40:27.367, 0, 12288, 11822, 294
2026/10/08 09:40:27.572, 0, 12288, 11822, 294
2026/10/08 09:40:27.778, 0, 12288, 11822, 294
2026/10/08 09:40:27.984, 0, 12288, 11822, 294
2026/10/08 09:40:28.190, 0, 12288, 11822, 294
2026/10/08 09:40:28.395, 0, 12288, 11822, 294
2026/10/08 09:40:28.603, 0, 12288, 11822, 294
2026/10/08 09:40:28.808, 0, 12288, 11822, 294
2026/10/08 09:40:29.015, 0, 12288, 11822, 294
2026/10/08 09:40:29.220, 0, 12288, 11822, 294
2026/10/08 09:40:29.423, 0, 12288, 11822, 294
2026/10/08 09:40:29.629, 0, 12288, 11822, 294
2026/10/08 09:40:29.834, 0, 12288, 11822, 294
2026/10/08 09:40:30.041, 0, 12288, 11822, 294
2026/10/08 09:40:30.247, 0, 12288, 11822, 294
2026/10/08 09:40:30.452, 0, 12288, 11822, 294
2026/10/08 09:40:30.656, 0, 12288, 11822, 294
2026/10/08 09:40:30.861, 0, 12288, 11822, 294
2026/10/08 09:40:31.068, 0, 12288, 11822, 294
2026/10/08 09:40:31.276, 0, 12288, 11822, 294
2026/10/08 09:40:31.483, 0, 12288, 11822, 294
2026/10/08 09:40:31.690, 0, 12288, 11822, 294
2026/10/08 09:40:31.896, 0, 12288, 11822, 294
2026/10/08 09:40:32.103, 0, 12288, 11822, 294
2026/10/08 09:40:32.324, 0, 12288, 11822, 294
2026/10/08 09:40:32.529, 0, 12288, 11822, 294
2026/10/08 09:40:32.734, 0, 12288, 11822, 294
2026/10/08 09:40:32.941, 0, 12288, 11822, 294
2026/10/08 09:40:33.148, 0, 12288, 11822, 294
2026/10/08 09:40:33.354, 0, 12288, 11822, 294
2026/10/08 09:40:33.559, 0, 12288, 11822, 294
2026/10/08 09:40:33.766, 0, 12288, 11822, 294
2026/10/08 09:40:33.971, 0, 12288, 11822, 294
2026/10/08 09:40:34.178, 0, 12288, 11822, 294
2026/10/08 09:40:34.384, 0, 12288, 11822, 294
2026/10/08 09:40:34.590, 0, 12288, 11822, 294
2026/10/08 09:40:34.797, 0, 12288, 11822, 294
2026/10/08 09:40:35.000, 0, 12288, 11822, 294
2026/10/08 09:40:35.206, 0, 12288, 11822, 294
2026/10/08 09:40:35.411, 0, 12288, 11822, 294
2026/10/08 09:40:35.617, 0, 12288, 11822, 294
2026/10/08 09:40:35.823, 0, 12288, 11822, 294
2026/10/08 09:40:36.027, 0, 12288, 11822, 294
2026/10/08 09:40:36.233, 0, 12288, 11822, 294
2026/10/08 09:40:36.438, 0, 12288, 11822, 294
2026/10/08 09:40:36.645, 0, 12288, 11822, 294
2026/10/08 09:40:36.849, 0, 12288, 11822, 294
2026/10/08 09:40:37.057, 0, 12288, 11822, 294
2026/10/08 09:40:37.264, 0, 12288, 11822, 294
2026/10/08 09:40:37.470, 0, 12288, 11822, 294
2026/10/08 09:40:37.675, 0, 12288, 11822, 294
2026/10/08 09:40:37.882, 0, 12288, 11822, 294
2026/10/08 09:40:38.087, 0, 12288, 11822, 294
2026/10/08 09:40:38.293, 0, 12288, 11822, 294
2026/10/08 09:40:38.500, 0, 12288, 11822, 294
2026/10/08 09:40:38.706, 0, 12288, 11822, 294
2026/10/08 09:40:38.912, 0, 12288, 11822, 294
2026/10/08 09:40:39.133, 0, 12288, 11822, 294
2026/10/08 09:40:39.339, 0, 12288, 11822, 294
2026/10/08 09:40:39.546, 0, 12288, 11822, 294
2026/10/08 09:40:39.752, 0, 12288, 11822, 294
2026/10/08 09:40:39.959, 0, 12288, 11822, 294
2026/10/08 09:40:40.163, 0, 12288, 11822, 294
2026/10/08 09:40:40.368, 0, 12288, 11822, 294
2026/10/08 09:40:40.573, 0, 12288, 11822, 294
2026/10/08 09:40:40.779, 0, 12288, 11822, 294
2026/10/08 09:40:40.987, 0, 12288, 11822, 294
2026/10/08 09:40:41.194, 0, 12288, 11822, 294
2026/10/08 09:40:41.401, 0, 12288, 11822, 294
2026/10/08 09:40:41.604, 0, 12288, 11822, 294
2026/10/08 09:40:41.811, 0, 12288, 11822, 294
2026/10/08 09:40:42.017, 0, 12288, 11822, 294
2026/10/08 09:40:42.223, 0, 12288, 11822, 294
2026/10/08 09:40:42.429, 0, 12288, 11822, 294
2026/10/08 09:40:42.636, 0, 12288, 11822, 294
2026/10/08 09:40:42.842, 0, 12288, 11822, 294
2026/10/08 09:40:43.048, 0, 12288, 11822, 294
2026/10/08 09:40:43.254, 0, 12288, 11822, 294
2026/10/08 09:40:43.460, 0, 12288, 11822, 294
2026/10/08 09:40:43.666, 0, 12288, 11822, 294
2026/10/08 09:40:43.871, 0, 12288, 11822, 294
2026/10/08 09:40:44.077, 0, 12288, 11822, 294
2026/10/08 09:40:44.284, 0, 12288, 11822, 294
2026/10/08 09:40:44.490, 0, 12288, 11822, 294
2026/10/08 09:40:44.696, 0, 12288, 11822, 294
2026/10/08 09:40:44.903, 0, 12288, 11822, 294
2026/10/08 09:40:45.108, 0, 12288, 11822, 294
2026/10/08 09:40:45.314, 0, 12288, 11822, 294
2026/10/08 09:40:45.521, 0, 12288, 11822, 294
2026/10/08 09:40:45.727, 0, 12288, 11822, 294
2026/10/08 09:40:45.932, 0, 12288, 11822, 294
2026/10/08 09:40:46.138, 0, 12288, 11822, 294
2026/10/08 09:40:46.342, 0, 12288, 11822, 294
2026/10/08 09:40:46.548, 0, 12288, 11822, 294
2026/10/08 09:40:46.755, 0, 12288, 11822, 294
2026/10/08 09:40:46.961, 0, 12288, 11822, 294
2026/10/08 09:40:47.167, 0, 12288, 11822, 294
2026/10/08 09:40:47.375, 0, 12288, 11822, 294
2026/10/08 09:40:47.581, 0, 12288, 11822, 294
2026/10/08 09:40:47.789, 0, 12288, 11822, 294
2026/10/08 09:40:47.995, 0, 12288, 11822, 294
2026/10/08 09:40:48.202, 0, 12288, 11822, 294
2026/10/08 09:40:48.409, 0, 12288, 11822, 294
2026/10/08 09:40:48.615, 0, 12288, 11822, 294
2026/10/08 09:40:48.820, 0, 12288, 11822, 294
2026/10/08 09:40:49.027, 0, 12288, 11822, 294
2026/10/08 09:40:49.233, 0, 12288, 11822, 294
2026/10/08 09:40:49.439, 0, 12288, 11822, 294
2026/10/08 09:40:49.645, 0, 12288, 11822, 294
2026/10/08 09:40:49.851, 0, 12288, 11822, 294
2026/10/08 09:40:50.057, 0, 12288, 11822, 294
2026/10/08 09:40:50.264, 0, 12288, 11822, 294
2026/10/08 09:40:50.470, 0, 12288, 11822, 294
2026/10/08 09:40:50.674, 0, 12288, 11822, 294
2026/10/08 09:40:50.878, 0, 12288, 11822, 294
2026/10/08 09:40:51.085, 0, 12288, 11822, 294
2026/10/08 09:40:51.290, 0, 12288, 11822, 294
2026/10/08 09:40:51.495, 0, 12288, 11822, 294
2026/10/08 09:40:51.701, 0, 12288, 11822, 294
2026/10/08 09:40:51.906, 0, 12288, 11822, 294
2026/10/08 09:40:52.111, 0, 12288, 11822, 294
2026/10/08 09:40:52.317, 0, 12288, 11822, 294
2026/10/08 09:40:52.525, 0, 12288, 11822, 294
2026/10/08 09:40:52.730, 0, 12288, 11822, 294
2026/10/08 09:40:52.936, 0, 12288, 11822, 294
2026/10/08 09:40:53.144, 0, 12288, 11822, 294
2026/10/08 09:40:53.350, 0, 12288, 11822, 294
2026/10/08 09:40:53.556, 0, 12288, 11822, 294
2026/10/08 09:40:53.762, 0, 12288, 11822, 294
2026/10/08 09:40:53.968, 0, 12288, 11822, 294
2026/10/08 09:40:54.174, 0, 12288, 11822, 294
2026/10/08 09:40:54.379, 0, 12288, 11822, 294
2026/10/08 09:40:54.585, 0, 12288, 11822, 294
2026/10/08 09:40:54.790, 0, 12288, 11822, 294
2026/10/08 09:40:54.996, 0, 12288, 11822, 294
2026/10/08 09:40:55.202, 0, 12288, 11822, 294
2026/10/08 09:40:55.408, 0, 12288, 11822, 294
2026/10/08 09:40:55.614, 0, 12288, 11822, 294
2026/10/08 09:40:55.820, 0, 12288, 11822, 294
2026/10/08 09:40:56.028, 0, 12288, 11822, 294
2026/10/08 09:40:56.235, 0, 12288, 11822, 294
2026/10/08 09:40:56.441, 0, 12288, 11822, 294
2026/10/08 09:40:56.648, 0, 12288, 11822, 294
2026/10/08 09:40:56.855, 0, 12288, 11822, 294
2026/10/08 09:40:57.061, 0, 12288, 11822, 294
2026/10/08 09:40:57.268, 0, 12288, 11822, 294
2026/10/08 09:40:57.472, 0, 12288, 11822, 294
2026/10/08 09:40:57.679, 0, 12288, 11822, 294
2026/10/08 09:40:57.885, 0, 12288, 11822, 294
2026/10/08 09:40:58.092, 0, 12288, 11822, 294
2026/10/08 09:40:58.299, 0, 12288, 11822, 294
2026/10/08 09:40:58.504, 0, 12288, 11822, 294
2026/10/08 09:40:58.710, 0, 12288, 11822, 294
2026/10/08 09:40:58.915, 0, 12288, 11822, 294
2026/10/08 09:40:59.122, 0, 12288, 11822, 294
2026/10/08 09:40:59.329, 0, 12288, 11822, 294
2026/10/08 09:40:59.536, 0, 12288, 11822, 294
2026/10/08 09:40:59.742, 0, 12288, 11822, 294
2026/10/08 09:40:59.950, 0, 12288, 11822, 294
2026/10/08 09:41:00.157, 0, 12288, 11822, 294
2026/10/08 09:41:00.364, 0, 12288, 11822, 294
2026/10/08 09:41:00.570, 0, 12288, 11822, 294
2026/10/08 09:41:00.777, 0, 12288, 11822, 294
2026/10/08 09:41:00.984, 0, 12288, 11822, 294
2026/10/08 09:41:01.190, 0, 12288, 11822, 294
2026/10/08 09:41:01.397, 0, 12288, 11822, 294
2026/10/08 09:41:01.603, 0, 12288, 11822, 294
2026/10/08 09:41:01.809, 0, 12288, 11822, 294
2026/10/08 09:41:02.016, 0, 12288, 11822, 294
2026/10/08 09:41:02.220, 0, 12288, 11822, 294
2026/10/08 09:41:02.426, 0, 12288, 11822, 294
2026/10/08 09:41:02.632, 0, 12288, 11822, 294
2026/10/08 09:41:02.840, 0, 12288, 11822, 294
2026/10/08 09:41:03.044, 0, 12288, 11822, 294
2026/10/08 09:41:03.250, 0, 12288, 11822, 294
2026/10/08 09:41:03.456, 0, 12288, 11822, 294
2026/10/08 09:41:03.679, 0, 12288, 11822, 294
2026/10/08 09:41:03.886, 0, 12288, 11822, 294
2026/10/08 09:41:04.092, 0, 12288, 11822, 294
2026/10/08 09:41:04.298, 0, 12288, 11822, 294
2026/10/08 09:41:04.504, 0, 12288, 11822, 294
2026/10/08 09:41:04.710, 0, 12288, 11822, 294
2026/10/08 09:41:04.917, 0, 12288, 11822, 294
2026/10/08 09:41:05.123, 0, 12288, 11822, 294
2026/10/08 09:41:05.328, 0, 12288, 11822, 294
2026/10/08 09:41:05.534, 0, 12288, 11822, 294
2026/10/08 09:41:05.742, 0, 12288, 11822, 294
2026/10/08 09:41:05.947, 0, 12288, 11822, 294
2026/10/08 09:41:06.153, 0, 12288, 11822, 294
2026/10/08 09:41:06.360, 0, 12288, 11822, 294
2026/10/08 09:41:06.566, 0, 12288, 11822, 294
2026/10/08 09:41:06.773, 0, 12288, 11822, 294
2026/10/08 09:41:06.979, 0, 12288, 11822, 294
2026/10/08 09:41:07.185, 0, 12288, 11822, 294
2026/10/08 09:41:07.390, 0, 12288, 11822, 294
2026/10/08 09:41:07.595, 0, 12288, 11822, 294
2026/10/08 09:41:07.801, 0, 12288, 11822, 294
2026/10/08 09:41:08.008, 0, 12288, 11822, 294
2026/10/08 09:41:08.214, 0, 12288, 11822, 294
2026/10/08 09:41:08.421, 0, 12288, 11822, 294
2026/10/08 09:41:08.625, 0, 12288, 11822, 294
2026/10/08 09:41:08.832, 0, 12288, 11822, 294
2026/10/08 09:41:09.039, 0, 12288, 11822, 294
2026/10/08 09:41:09.246, 0, 12288, 11822, 294
2026/10/08 09:41:09.452, 0, 12288, 11822, 294
2026/10/08 09:41:09.657, 0, 12288, 11822, 294
2026/10/08 09:41:09.864, 0, 12288, 11822, 294
2026/10/08 09:41:10.071, 0, 12288, 11822, 294
2026/10/08 09:41:10.276, 0, 12288, 11822, 294
2026/10/08 09:41:10.482, 0, 12288, 11822, 294
2026/10/08 09:41:10.687, 0, 12288, 11822, 294
2026/10/08 09:41:10.893, 0, 12288, 11822, 294
2026/10/08 09:41:11.100, 0, 12288, 11822, 294
2026/10/08 09:41:11.306, 0, 12288, 11822, 294
2026/10/08 09:41:11.511, 0, 12288, 11822, 294
2026/10/08 09:41:11.717, 0, 12288, 11822, 294
2026/10/08 09:41:11.924, 0, 12288, 11822, 294
2026/10/08 09:41:12.128, 0, 12288, 11822, 294
2026/10/08 09:41:12.334, 0, 12288, 11822, 294
2026/10/08 09:41:12.541, 0, 12288, 11822, 294
2026/10/08 09:41:12.746, 0, 12288, 11822, 294
2026/10/08 09:41:12.953, 0, 12288, 11822, 294
2026/10/08 09:41:13.159, 0, 12288, 11822, 294
2026/10/08 09:41:13.363, 0, 12288, 11822, 294
2026/10/08 09:41:13.570, 0, 12288, 11822, 294
2026/10/08 09:41:13.777, 0, 12288, 11822, 294
2026/10/08 09:41:13.982, 0, 12288, 11822, 294
2026/10/08 09:41:14.187, 0, 12288, 11822, 294
2026/10/08 09:41:14.392, 0, 12288, 11822, 294
2026/10/08 09:41:14.600, 0, 12288, 11822, 294
2026/10/08 09:41:14.805, 0, 12288, 11822, 294
2026/10/08 09:41:15.012, 0, 12288, 11822, 294
2026/10/08 09:41:15.217, 0, 12288, 11822, 294
2026/10/08 09:41:15.424, 0, 12288, 11822, 294
2026/10/08 09:41:15.631, 0, 12288, 11822, 294
2026/10/08 09:41:15.837, 0, 12288, 11822, 294
2026/10/08 09:41:16.041, 0, 12288, 11822, 294
2026/10/08 09:41:16.248, 0, 12288, 11822, 294
2026/10/08 09:41:16.455, 0, 12288, 11822, 294
2026/10/08 09:41:16.660, 0, 12288, 11822, 294
2026/10/08 09:41:16.866, 0, 12288, 11822, 294
2026/10/08 09:41:17.073, 0, 12288, 11822, 294
2026/10/08 09:41:17.280, 0, 12288, 11822, 294
2026/10/08 09:41:17.484, 0, 12288, 11822, 294
2026/10/08 09:41:17.690, 0, 12288, 11822, 294
2026/10/08 09:41:17.897, 0, 12288, 11822, 294
2026/10/08 09:41:18.104, 0, 12288, 11822, 294
2026/10/08 09:41:18.311, 0, 12288, 11822, 294
2026/10/08 09:41:18.516, 0, 12288, 11822, 294
2026/10/08 09:41:18.724, 0, 12288, 11822, 294
2026/10/08 09:41:18.928, 0, 12288, 11822, 294
2026/10/08 09:41:19.135, 0, 12288, 11822, 294
2026/10/08 09:41:19.341, 0, 12288, 11822, 294
2026/10/08 09:41:19.548, 0, 12288, 11822, 294
2026/10/08 09:41:19.753, 0, 12288, 11822, 294
2026/10/08 09:41:19.958, 0, 12288, 11822, 294
2026/10/08 09:41:20.166, 0, 12288, 11822, 294
2026/10/08 09:41:20.369, 0, 12288, 11822, 294
2026/10/08 09:41:20.574, 0, 12288, 11822, 294
2026/10/08 09:41:20.780, 0, 12288, 11822, 294
2026/10/08 09:41:20.986, 0, 12288, 11822, 294
2026/10/08 09:41:21.191, 0, 12288, 11822, 294
2026/10/08 09:41:21.394, 0, 12288, 11822, 294
2026/10/08 09:41:21.599, 0, 12288, 11822, 294
2026/10/08 09:41:21.806, 0, 12288, 11822, 294
2026/10/08 09:41:22.013, 0, 12288, 11822, 294
2026/10/08 09:41:22.219, 0, 12288, 11822, 294
2026/10/08 09:41:22.425, 0, 12288, 11822, 294
2026/10/08 09:41:22.632, 0, 12288, 11822, 294
2026/10/08 09:41:22.837, 0, 12288, 11822, 294
2026/10/08 09:41:23.045, 0, 12288, 11822, 294
2026/10/08 09:41:23.251, 0, 12288, 11822, 294
2026/10/08 09:41:23.457, 0, 12288, 11822, 294
2026/10/08 09:41:23.661, 0, 12288, 11822, 294
2026/10/08 09:41:23.868, 0, 12288, 11822, 294
2026/10/08 09:41:24.073, 0, 12288, 11822, 294
2026/10/08 09:41:24.279, 0, 12288, 11822, 294
2026/10/08 09:41:24.484, 0, 12288, 11822, 294
2026/10/08 09:41:24.690, 0, 12288, 11822, 294
2026/10/08 09:41:24.896, 0, 12288, 11822, 294
2026/10/08 09:41:25.104, 0, 12288, 11822, 294
2026/10/08 09:41:25.310, 0, 12288, 11822, 294
2026/10/08 09:41:25.516, 0, 12288, 11822, 294
2026/10/08 09:41:25.722, 0, 12288, 11822, 294
2026/10/08 09:41:25.928, 0, 12288, 11822, 294
2026/10/08 09:41:26.133, 0, 12288, 11822, 294
2026/10/08 09:41:26.341, 0, 12288, 11822, 294
2026/10/08 09:41:26.547, 0, 12288, 11822, 294
2026/10/08 09:41:26.753, 0, 12288, 11822, 294
2026/10/08 09:41:26.958, 0, 12288, 11822, 294
2026/10/08 09:41:27.164, 0, 12288, 11822, 294
2026/10/08 09:41:27.372, 0, 12288, 11822, 294
2026/10/08 09:41:27.578, 0, 12288, 11822, 294
2026/10/08 09:41:27.783, 0, 12288, 11822, 294
2026/10/08 09:41:27.988, 0, 12288, 11822, 294
2026/10/08 09:41:28.211, 0, 12288, 11822, 294
2026/10/08 09:41:28.417, 0, 12288, 11822, 294
2026/10/08 09:41:28.624, 0, 12288, 11822, 294
2026/10/08 09:41:28.831, 0, 12288, 11822, 294
2026/10/08 09:41:29.038, 0, 12288, 11822, 294
2026/10/08 09:41:29.244, 0, 12288, 11822, 294
2026/10/08 09:41:29.451, 0, 12288, 11822, 294
2026/10/08 09:41:29.658, 0, 12288, 11822, 294
2026/10/08 09:41:29.864, 0, 12288, 11822, 294
2026/10/08 09:41:30.070, 0, 12288, 11822, 294
2026/10/08 09:41:30.275, 0, 12288, 11822, 294
2026/10/08 09:41:30.480, 0, 12288, 11822, 294
2026/10/08 09:41:30.685, 0, 12288, 11822, 294
2026/10/08 09:41:30.890, 0, 12288, 11822, 294
2026/10/08 09:41:31.096, 0, 12288, 11822, 294
2026/10/08 09:41:31.301, 0, 12288, 11822, 294
2026/10/08 09:41:31.508, 0, 12288, 11822, 294
2026/10/08 09:41:31.713, 0, 12288, 11822, 294
2026/10/08 09:41:31.919, 0, 12288, 11822, 294
2026/10/08 09:41:32.125, 0, 12288, 11822, 294
2026/10/08 09:41:32.331, 0, 12288, 11822, 294
2026/10/08 09:41:32.536, 0, 12288, 11822, 294
2026/10/08 09:41:32.742, 0, 12288, 11822, 294
2026/10/08 09:41:32.947, 0, 12288, 11822, 294
2026/10/08 09:41:33.151, 0, 12288, 11822, 294
2026/10/08 09:41:33.357, 0, 12288, 11822, 294
2026/10/08 09:41:33.564, 0, 12288, 11822, 294
2026/10/08 09:41:33.769, 0, 12288, 11822, 294
2026/10/08 09:41:33.975, 0, 12288, 11822, 294
2026/10/08 09:41:34.180, 0, 12288, 11822, 294
2026/10/08 09:41:34.387, 0, 12288, 11822, 294
2026/10/08 09:41:34.593, 0, 12288, 11822, 294
2026/10/08 09:41:34.800, 0, 12288, 11822, 294
2026/10/08 09:41:35.022, 0, 12288, 11822, 294
2026/10/08 09:41:35.230, 0, 12288, 11822, 294
2026/10/08 09:41:35.435, 0, 12288, 11822, 294
2026/10/08 09:41:35.641, 0, 12288, 11822, 294
2026/10/08 09:41:35.846, 0, 12288, 11822, 294
2026/10/08 09:41:36.050, 0, 12288, 11822, 294
2026/10/08 09:41:36.257, 0, 12288, 11822, 294
2026/10/08 09:41:36.462, 0, 12288, 11822, 294
2026/10/08 09:41:36.665, 0, 12288, 11822, 294
2026/10/08 09:41:36.871, 0, 12288, 11822, 294
2026/10/08 09:41:37.079, 0, 12288, 11822, 294
2026/10/08 09:41:37.283, 0, 12288, 11822, 294
2026/10/08 09:41:37.488, 0, 12288, 11822, 294
2026/10/08 09:41:37.694, 0, 12288, 11822, 294
2026/10/08 09:41:37.900, 0, 12288, 11822, 294
2026/10/08 09:41:38.105, 0, 12288, 11822, 294
2026/10/08 09:41:38.312, 0, 12288, 11822, 294
2026/10/08 09:41:38.517, 0, 12288, 11822, 294
2026/10/08 09:41:38.722, 0, 12288, 11822, 294
2026/10/08 09:41:38.927, 0, 12288, 11822, 294
2026/10/08 09:41:39.133, 0, 12288, 11822, 294
2026/10/08 09:41:39.340, 0, 12288, 11822, 294
2026/10/08 09:41:39.547, 0, 12288, 11822, 294
2026/10/08 09:41:39.753, 0, 12288, 11822, 294
2026/10/08 09:41:39.959, 0, 12288, 11822, 294
2026/10/08 09:41:40.163, 0, 12288, 11822, 294
2026/10/08 09:41:40.368, 0, 12288, 11822, 294
2026/10/08 09:41:40.574, 0, 12288, 11822, 294
2026/10/08 09:41:40.780, 0, 12288, 11822, 294
2026/10/08 09:41:40.985, 0, 12288, 11822, 294
2026/10/08 09:41:41.192, 0, 12288, 11822, 294
2026/10/08 09:41:41.398, 0, 12288, 11822, 294
2026/10/08 09:41:41.604, 0, 12288, 11822, 294
2026/10/08 09:41:41.810, 0, 12288, 11822, 294
2026/10/08 09:41:42.016, 0, 12288, 11822, 294
2026/10/08 09:41:42.220, 0, 12288, 11822, 294
2026/10/08 09:41:42.426, 0, 12288, 11822, 294
2026/10/08 09:41:42.632, 0, 12288, 11822, 294
2026/10/08 09:41:42.839, 0, 12288, 11822, 294
2026/10/08 09:41:43.046, 0, 12288, 11822, 294
2026/10/08 09:41:43.251, 0, 12288, 11822, 294
2026/10/08 09:41:43.459, 0, 12288, 11822, 294
2026/10/08 09:41:43.664, 0, 12288, 11822, 294
2026/10/08 09:41:43.872, 0, 12288, 11822, 294
2026/10/08 09:41:44.079, 0, 12288, 11822, 294
2026/10/08 09:41:44.283, 0, 12288, 11822, 294
2026/10/08 09:41:44.488, 0, 12288, 11822, 294
2026/10/08 09:41:44.693, 0, 12288, 11822, 294
2026/10/08 09:41:44.898, 0, 12288, 11822, 294
2026/10/08 09:41:45.104, 0, 12288, 11822, 294
2026/10/08 09:41:45.311, 0, 12288, 11822, 294
2026/10/08 09:41:45.517, 0, 12288, 11822, 294
2026/10/08 09:41:45.721, 0, 12288, 11822, 294
2026/10/08 09:41:45.927, 0, 12288, 11822, 294
2026/10/08 09:41:46.134, 0, 12288, 11822, 294
2026/10/08 09:41:46.341, 0, 12288, 11822, 294
2026/10/08 09:41:46.547, 0, 12288, 11822, 294
2026/10/08 09:41:46.753, 0, 12288, 11822, 294
2026/10/08 09:41:46.960, 0, 12288, 11822, 294
2026/10/08 09:41:47.165, 0, 12288, 11822, 294
2026/10/08 09:41:47.370, 0, 12288, 11822, 294
2026/10/08 09:41:47.576, 0, 12288, 11822, 294
2026/10/08 09:41:47.780, 0, 12288, 11822, 294
2026/10/08 09:41:47.987, 0, 12288, 11822, 294
2026/10/08 09:41:48.194, 0, 12288, 11822, 294
2026/10/08 09:41:48.400, 0, 12288, 11822, 294
2026/10/08 09:41:48.606, 0, 12288, 11822, 294
2026/10/08 09:41:48.812, 0, 12288, 11822, 294
2026/10/08 09:41:49.017, 0, 12288, 11822, 294
2026/10/08 09:41:49.224, 0, 12288, 11822, 294
2026/10/08 09:41:49.431, 0, 12288, 11822, 294
2026/10/08 09:41:49.636, 0, 12288, 11822, 294
2026/10/08 09:41:49.842, 0, 12288, 11822, 294
2026/10/08 09:41:50.046, 0, 12288, 11822, 294
2026/10/08 09:41:50.253, 0, 12288, 11822, 294
2026/10/08 09:41:50.460, 0, 12288, 11822, 294
2026/10/08 09:41:50.664, 0, 12288, 11822, 294
2026/10/08 09:41:50.870, 0, 12288, 11822, 294
2026/10/08 09:41:51.077, 0, 12288, 11822, 294
2026/10/08 09:41:51.283, 0, 12288, 11822, 294
2026/10/08 09:41:51.490, 0, 12288, 11822, 294
2026/10/08 09:41:51.697, 0, 12288, 11822, 294
2026/10/08 09:41:51.902, 0, 12288, 11822, 294
2026/10/08 09:41:52.108, 0, 12288, 11822, 294
2026/10/08 09:41:52.313, 0, 12288, 11822, 294
2026/10/08 09:41:52.520, 0, 12288, 11822, 294
2026/10/08 09:41:52.741, 0, 12288, 11822, 294
2026/10/08 09:41:52.948, 0, 12288, 11822, 294
2026/10/08 09:41:53.153, 0, 12288, 11822, 294
2026/10/08 09:41:53.358, 0, 12288, 11822, 294
2026/10/08 09:41:53.563, 0, 12288, 11822, 294
2026/10/08 09:41:53.769, 0, 12288, 11822, 294
2026/10/08 09:41:53.976, 0, 12288, 11822, 294
2026/10/08 09:41:54.182, 0, 12288, 11822, 294
2026/10/08 09:41:54.389, 0, 12288, 11822, 294
2026/10/08 09:41:54.595, 0, 12288, 11822, 294
2026/10/08 09:41:54.800, 0, 12288, 11822, 294
2026/10/08 09:41:55.005, 0, 12288, 11822, 294
2026/10/08 09:41:55.210, 0, 12288, 11822, 294
2026/10/08 09:41:55.417, 0, 12288, 11822, 294
2026/10/08 09:41:55.622, 0, 12288, 11822, 294
2026/10/08 09:41:55.829, 0, 12288, 11822, 294
2026/10/08 09:41:56.036, 0, 12288, 11822, 294
2026/10/08 09:41:56.242, 0, 12288, 11822, 294
2026/10/08 09:41:56.449, 0, 12288, 11822, 294
2026/10/08 09:41:56.656, 0, 12288, 11822, 294
2026/10/08 09:41:56.861, 0, 12288, 11822, 294
2026/10/08 09:41:57.068, 0, 12288, 11822, 294
2026/10/08 09:41:57.274, 0, 12288, 11822, 294
2026/10/08 09:41:57.480, 0, 12288, 11822, 294
2026/10/08 09:41:57.685, 0, 12288, 11822, 294
2026/10/08 09:41:57.891, 0, 12288, 11822, 294
2026/10/08 09:41:58.096, 0, 12288, 11822, 294
2026/10/08 09:41:58.303, 0, 12288, 11822, 294
2026/10/08 09:41:58.508, 0, 12288, 11822, 294
2026/10/08 09:41:58.715, 0, 12288, 11822, 294
2026/10/08 09:41:58.918, 0, 12288, 11822, 294
2026/10/08 09:41:59.126, 0, 12288, 11822, 294
2026/10/08 09:41:59.331, 0, 12288, 11822, 294
2026/10/08 09:41:59.536, 0, 12288, 11822, 294
2026/10/08 09:41:59.743, 0, 12288, 11822, 294
2026/10/08 09:41:59.948, 0, 12288, 11822, 294
2026/10/08 09:42:00.154, 0, 12288, 11822, 294
2026/10/08 09:42:00.361, 0, 12288, 11822, 294
2026/10/08 09:42:00.566, 0, 12288, 11822, 294
2026/10/08 09:42:00.772, 0, 12288, 11822, 294
2026/10/08 09:42:00.979, 0, 12288, 11822, 294
2026/10/08 09:42:01.184, 0, 12288, 11822, 294
2026/10/08 09:42:01.390, 0, 12288, 11822, 294
2026/10/08 09:42:01.597, 0, 12288, 11822, 294
2026/10/08 09:42:01.803, 0, 12288, 11822, 294
2026/10/08 09:42:02.009, 0, 12288, 11822, 294
2026/10/08 09:42:02.215, 0, 12288, 11822, 294
2026/10/08 09:42:02.420, 0, 12288, 11822, 294
2026/10/08 09:42:02.625, 0, 12288, 11822, 294
2026/10/08 09:42:02.832, 0, 12288, 11822, 294
2026/10/08 09:42:03.039, 0, 12288, 11822, 294
2026/10/08 09:42:03.245, 0, 12288, 11822, 294
2026/10/08 09:42:03.450, 0, 12288, 11822, 294
2026/10/08 09:42:03.656, 0, 12288, 11822, 294
2026/10/08 09:42:03.860, 0, 12288, 11822, 294
2026/10/08 09:42:04.065, 0, 12288, 11822, 294
2026/10/08 09:42:04.271, 0, 12288, 11822, 294
2026/10/08 09:42:04.478, 0, 12288, 11822, 294
2026/10/08 09:42:04.684, 0, 12288, 11822, 294
2026/10/08 09:42:04.889, 0, 12288, 11822, 294
2026/10/08 09:42:05.096, 0, 12288, 11822, 294
2026/10/08 09:42:05.301, 0, 12288, 11822, 294
2026/10/08 09:42:05.508, 0, 12288, 11822, 294
2026/10/08 09:42:05.714, 0, 12288, 11822, 294
2026/10/08 09:42:05.921, 0, 12288, 11822, 294
2026/10/08 09:42:06.129, 0, 12288, 11822, 294
2026/10/08 09:42:06.332, 0, 12288, 11822, 294
2026/10/08 09:42:06.539, 0, 12288, 11822, 294
2026/10/08 09:42:06.745, 0, 12288, 11822, 294
2026/10/08 09:42:06.951, 0, 12288, 11822, 294
2026/10/08 09:42:07.159, 0, 12288, 11822, 294
2026/10/08 09:42:07.366, 0, 12288, 11822, 294
2026/10/08 09:42:07.571, 0, 12288, 11822, 294
2026/10/08 09:42:07.777, 0, 12288, 11822, 294
2026/10/08 09:42:07.983, 0, 12288, 11822, 294
2026/10/08 09:42:08.188, 0, 12288, 11822, 294
2026/10/08 09:42:08.396, 0, 12288, 11822, 294
2026/10/08 09:42:08.599, 0, 12288, 11822, 294
2026/10/08 09:42:08.804, 0, 12288, 11822, 294
2026/10/08 09:42:09.009, 0, 12288, 11822, 294
2026/10/08 09:42:09.215, 0, 12288, 11822, 294
2026/10/08 09:42:09.421, 0, 12288, 11822, 294
2026/10/08 09:42:09.627, 0, 12288, 11822, 294
2026/10/08 09:42:09.834, 0, 12288, 11822, 294
2026/10/08 09:42:10.038, 0, 12288, 11822, 294
2026/10/08 09:42:10.245, 0, 12288, 11822, 294
2026/10/08 09:42:10.450, 0, 12288, 11822, 294
2026/10/08 09:42:10.655, 0, 12288, 11822, 294
2026/10/08 09:42:10.860, 0, 12288, 11822, 294
2026/10/08 09:42:11.065, 0, 12288, 11822, 294
2026/10/08 09:42:11.271, 0, 12288, 11822, 294
2026/10/08 09:42:11.479, 0, 12288, 11822, 294
2026/10/08 09:42:11.686, 0, 12288, 11822, 294
2026/10/08 09:42:11.893, 0, 12288, 11822, 294
2026/10/08 09:42:12.098, 0, 12288, 11822, 294
2026/10/08 09:42:12.304, 0, 12288, 11822, 294
2026/10/08 09:42:12.509, 0, 12288, 11822, 294
2026/10/08 09:42:12.716, 0, 12288, 11822, 294
2026/10/08 09:42:12.923, 0, 12288, 11822, 294
2026/10/08 09:42:13.129, 0, 12288, 11822, 294
2026/10/08 09:42:13.335, 0, 12288, 11822, 294
2026/10/08 09:42:13.540, 0, 12288, 11822, 294
2026/10/08 09:42:13.746, 0, 12288, 11822, 294
2026/10/08 09:42:13.953, 0, 12288, 11822, 294
2026/10/08 09:42:14.160, 0, 12288, 11822, 294
2026/10/08 09:42:14.364, 0, 12288, 11822, 294
2026/10/08 09:42:14.570, 0, 12288, 11822, 294
2026/10/08 09:42:14.775, 0, 12288, 11822, 294
2026/10/08 09:42:14.982, 0, 12288, 11822, 294
2026/10/08 09:42:15.188, 0, 12288, 11822, 294
2026/10/08 09:42:15.394, 0, 12288, 11822, 294
2026/10/08 09:42:15.598, 0, 12288, 11822, 294
2026/10/08 09:42:15.801, 0, 12288, 11822, 294
2026/10/08 09:42:16.007, 0, 12288, 11822, 294
2026/10/08 09:42:16.213, 0, 12288, 11822, 294
2026/10/08 09:42:16.420, 0, 12288, 11822, 294
2026/10/08 09:42:16.626, 0, 12288, 11822, 294
2026/10/08 09:42:16.832, 0, 12288, 11822, 294
2026/10/08 09:42:17.036, 0, 12288, 11822, 294
2026/10/08 09:42:17.242, 0, 12288, 11822, 294
2026/10/08 09:42:17.446, 0, 12288, 11822, 294
2026/10/08 09:42:17.653, 0, 12288, 11822, 294
2026/10/08 09:42:17.860, 0, 12288, 11822, 294
2026/10/08 09:42:18.065, 0, 12288, 11822, 294
2026/10/08 09:42:18.272, 0, 12288, 11822, 294
2026/10/08 09:42:18.476, 0, 12288, 11822, 294
2026/10/08 09:42:18.683, 0, 12288, 11822, 294
2026/10/08 09:42:18.890, 0, 12288, 11822, 294
2026/10/08 09:42:19.097, 0, 12288, 11822, 294
2026/10/08 09:42:19.303, 0, 12288, 11822, 294
2026/10/08 09:42:19.508, 0, 12288, 11822, 294
2026/10/08 09:42:19.713, 0, 12288, 11822, 294
2026/10/08 09:42:19.919, 0, 12288, 11822, 294
2026/10/08 09:42:20.126, 0, 12288, 11822, 294
2026/10/08 09:42:20.332, 0, 12288, 11822, 294
2026/10/08 09:42:20.539, 0, 12288, 11822, 294
2026/10/08 09:42:20.745, 0, 12288, 11822, 294
2026/10/08 09:42:20.951, 0, 12288, 11822, 294
2026/10/08 09:42:21.153, 0, 12288, 11822, 294
2026/10/08 09:42:21.359, 0, 12288, 11822, 294
2026/10/08 09:42:21.564, 0, 12288, 11822, 294
2026/10/08 09:42:21.769, 0, 12288, 11822, 294
2026/10/08 09:42:21.976, 0, 12288, 11822, 294
2026/10/08 09:42:22.182, 0, 12288, 11822, 294
2026/10/08 09:42:22.388, 0, 12288, 11822, 294
2026/10/08 09:42:22.595, 0, 12288, 11822, 294
2026/10/08 09:42:22.801, 0, 12288, 11822, 294
2026/10/08 09:42:23.007, 0, 12288, 11822, 294
2026/10/08 09:42:23.212, 0, 12288, 11822, 294
2026/10/08 09:42:23.418, 0, 12288, 11822, 294
2026/10/08 09:42:23.624, 0, 12288, 11822, 294
2026/10/08 09:42:23.831, 0, 12288, 11822, 294
2026/10/08 09:42:24.037, 0, 12288, 11822, 294
2026/10/08 09:42:24.244, 0, 12288, 11822, 294
2026/10/08 09:42:24.449, 0, 12288, 11822, 294
2026/10/08 09:42:24.657, 0, 12288, 11822, 294
2026/10/08 09:42:24.863, 0, 12288, 11822, 294
2026/10/08 09:42:25.069, 0, 12288, 11822, 294
2026/10/08 09:42:25.276, 0, 12288, 11822, 294
2026/10/08 09:42:25.482, 0, 12288, 11822, 294
2026/10/08 09:42:25.688, 0, 12288, 11822, 294
2026/10/08 09:42:25.893, 0, 12288, 11822, 294
2026/10/08 09:42:26.101, 0, 12288, 11822, 294
2026/10/08 09:42:26.306, 0, 12288, 11822, 294
2026/10/08 09:42:26.512, 0, 12288, 11822, 294
2026/10/08 09:42:26.719, 0, 12288, 11822, 294
2026/10/08 09:42:26.923, 0, 12288, 11822, 294
2026/10/08 09:42:27.131, 0, 12288, 11822, 294
2026/10/08 09:42:27.336, 0, 12288, 11822, 294
2026/10/08 09:42:27.544, 0, 12288, 11822, 294
2026/10/08 09:42:27.750, 0, 12288, 11822, 294
2026/10/08 09:42:27.955, 0, 12288, 11822, 294
2026/10/08 09:42:28.161, 0, 12288, 11822, 294
2026/10/08 09:42:28.366, 0, 12288, 11822, 294
2026/10/08 09:42:28.573, 0, 12288, 11822, 294
2026/10/08 09:42:28.779, 0, 12288, 11822, 294
2026/10/08 09:42:28.986, 0, 12288, 11822, 294
2026/10/08 09:42:29.193, 0, 12288, 11822, 294
2026/10/08 09:42:29.398, 0, 12288, 11822, 294
2026/10/08 09:42:29.605, 0, 12288, 11822, 294
2026/10/08 09:42:29.812, 0, 12288, 11822, 294
2026/10/08 09:42:30.018, 0, 12288, 11822, 294
2026/10/08 09:42:30.223, 0, 12288, 11822, 294
2026/10/08 09:42:30.428, 0, 12288, 11822, 294
2026/10/08 09:42:30.635, 0, 12288, 11822, 294
2026/10/08 09:42:30.840, 0, 12288, 11822, 294
2026/10/08 09:42:31.047, 0, 12288, 11822, 294
2026/10/08 09:42:31.253, 0, 12288, 11822, 294
2026/10/08 09:42:31.460, 0, 12288, 11822, 294
2026/10/08 09:42:31.663, 0, 12288, 11822, 294
2026/10/08 09:42:31.869, 0, 12288, 11822, 294
2026/10/08 09:42:32.075, 0, 12288, 11822, 294
2026/10/08 09:42:32.283, 0, 12288, 11822, 294
2026/10/08 09:42:32.487, 0, 12288, 11822, 294
2026/10/08 09:42:32.693, 0, 12288, 11822, 294
2026/10/08 09:42:32.900, 0, 12288, 11822, 294
2026/10/08 09:42:33.106, 0, 12288, 11822, 294
2026/10/08 09:42:33.311, 0, 12288, 11822, 294
2026/10/08 09:42:33.517, 0, 12288, 11822, 294
2026/10/08 09:42:33.723, 0, 12288, 11822, 294
2026/10/08 09:42:33.929, 0, 12288, 11822, 294
2026/10/08 09:42:34.136, 0, 12288, 11822, 294
2026/10/08 09:42:34.342, 0, 12288, 11822, 294
2026/10/08 09:42:34.549, 0, 12288, 11822, 294
2026/10/08 09:42:34.755, 0, 12288, 11822, 294
2026/10/08 09:42:34.960, 0, 12288, 11822, 294
2026/10/08 09:42:35.166, 0, 12288, 11822, 294
2026/10/08 09:42:35.373, 0, 12288, 11822, 294
2026/10/08 09:42:35.579, 0, 12288, 11822, 294
2026/10/08 09:42:35.783, 0, 12288, 11822, 294
2026/10/08 09:42:35.989, 0, 12288, 11822, 294
2026/10/08 09:42:36.196, 0, 12288, 11822, 294
2026/10/08 09:42:36.401, 0, 12288, 11822, 294
2026/10/08 09:42:36.607, 0, 12288, 11822, 294
2026/10/08 09:42:36.814, 0, 12288, 11822, 294
2026/10/08 09:42:37.020, 0, 12288, 11822, 294
2026/10/08 09:42:37.226, 0, 12288, 11822, 294
2026/10/08 09:42:37.432, 0, 12288, 11822, 294
2026/10/08 09:42:37.637, 0, 12288, 11822, 294
2026/10/08 09:42:37.843, 0, 12288, 11822, 294
2026/10/08 09:42:38.047, 0, 12288, 11822, 294
2026/10/08 09:42:38.253, 0, 12288, 11822, 294
2026/10/08 09:42:38.459, 0, 12288, 11822, 294
2026/10/08 09:42:38.667, 0, 12288, 11822, 294
2026/10/08 09:42:38.874, 0, 12288, 11822, 294
2026/10/08 09:42:39.096, 0, 12288, 11822, 294
2026/10/08 09:42:39.303, 0, 12288, 11822, 294
2026/10/08 09:42:39.509, 0, 12288, 11822, 294
2026/10/08 09:42:39.714, 0, 12288, 11822, 294
2026/10/08 09:42:39.919, 0, 12288, 11822, 294
2026/10/08 09:42:40.126, 0, 12288, 11822, 294
2026/10/08 09:42:40.331, 0, 12288, 11822, 294
2026/10/08 09:42:40.537, 0, 12288, 11822, 294
2026/10/08 09:42:40.743, 0, 12288, 11822, 294
2026/10/08 09:42:40.949, 0, 12288, 11822, 294
2026/10/08 09:42:41.154, 0, 12288, 11822, 294
2026/10/08 09:42:41.361, 0, 12288, 11822, 294
2026/10/08 09:42:41.566, 0, 12288, 11822, 294
2026/10/08 09:42:41.770, 0, 12288, 11822, 294
2026/10/08 09:42:41.976, 0, 12288, 11822, 294
2026/10/08 09:42:42.181, 0, 12288, 11822, 294
2026/10/08 09:42:42.387, 0, 12288, 11822, 294
2026/10/08 09:42:42.593, 0, 12288, 11822, 294
2026/10/08 09:42:42.800, 0, 12288, 11822, 294
2026/10/08 09:42:43.005, 0, 12288, 11822, 294
2026/10/08 09:42:43.210, 0, 12288, 11822, 294
2026/10/08 09:42:43.416, 0, 12288, 11822, 294
2026/10/08 09:42:43.621, 0, 12288, 11822, 294
2026/10/08 09:42:43.827, 0, 12288, 11822, 294
2026/10/08 09:42:44.033, 0, 12288, 11822, 294
2026/10/08 09:42:44.239, 0, 12288, 11822, 294
2026/10/08 09:42:44.446, 0, 12288, 11822, 294
2026/10/08 09:42:44.652, 0, 12288, 11822, 294
2026/10/08 09:42:44.858, 0, 12288, 11822, 294
2026/10/08 09:42:45.064, 0, 12288, 11822, 294
2026/10/08 09:42:45.271, 0, 12288, 11822, 294
2026/10/08 09:42:45.476, 0, 12288, 11822, 294
2026/10/08 09:42:45.682, 0, 12288, 11822, 294
2026/10/08 09:42:45.902, 0, 12288, 11822, 294
2026/10/08 09:42:46.110, 0, 12288, 11822, 294
2026/10/08 09:42:46.317, 0, 12288, 11822, 294
2026/10/08 09:42:46.523, 0, 12288, 11822, 294
2026/10/08 09:42:46.729, 0, 12288, 11822, 294
2026/10/08 09:42:46.935, 0, 12288, 11822, 294
2026/10/08 09:42:47.142, 0, 12288, 11822, 294
2026/10/08 09:42:47.348, 0, 12288, 11822, 294
2026/10/08 09:42:47.554, 0, 12288, 11822, 294
2026/10/08 09:42:47.762, 0, 12288, 11822, 294
2026/10/08 09:42:47.966, 0, 12288, 11822, 294
2026/10/08 09:42:48.173, 0, 12288, 11822, 294
2026/10/08 09:42:48.379, 0, 12288, 11822, 294
2026/10/08 09:42:48.586, 0, 12288, 11822, 294
2026/10/08 09:42:48.793, 0, 12288, 11822, 294
2026/10/08 09:42:49.000, 0, 12288, 11822, 294
2026/10/08 09:42:49.202, 0, 12288, 11822, 294
2026/10/08 09:42:49.407, 0, 12288, 11822, 294
2026/10/08 09:42:49.613, 0, 12288, 11822, 294
2026/10/08 09:42:49.819, 0, 12288, 11822, 294
2026/10/08 09:42:50.026, 0, 12288, 11822, 294
2026/10/08 09:42:50.233, 0, 12288, 11822, 294
2026/10/08 09:42:50.439, 0, 12288, 11822, 294
2026/10/08 09:42:50.644, 0, 12288, 11822, 294
2026/10/08 09:42:50.850, 0, 12288, 11822, 294
2026/10/08 09:42:51.055, 0, 12288, 11822, 294
2026/10/08 09:42:51.262, 0, 12288, 11822, 294
2026/10/08 09:42:51.469, 0, 12288, 11822, 294
2026/10/08 09:42:51.674, 0, 12288, 11822, 294
2026/10/08 09:42:51.880, 0, 12288, 11822, 294
2026/10/08 09:42:52.084, 0, 12288, 11822, 294
2026/10/08 09:42:52.291, 0, 12288, 11822, 294
2026/10/08 09:42:52.498, 0, 12288, 11822, 294
2026/10/08 09:42:52.721, 0, 12288, 11822, 294
2026/10/08 09:42:52.928, 0, 12288, 11822, 294
2026/10/08 09:42:53.134, 0, 12288, 11822, 294
2026/10/08 09:42:53.340, 0, 12288, 11822, 294
2026/10/08 09:42:53.547, 0, 12288, 11822, 294
2026/10/08 09:42:53.754, 0, 12288, 11822, 294
2026/10/08 09:42:53.959, 0, 12288, 11822, 294
2026/10/08 09:42:54.165, 0, 12288, 11822, 294
2026/10/08 09:42:54.369, 0, 12288, 11822, 294
2026/10/08 09:42:54.575, 0, 12288, 11822, 294
2026/10/08 09:42:54.778, 0, 12288, 11822, 294
2026/10/08 09:42:54.984, 0, 12288, 11822, 294
2026/10/08 09:42:55.190, 0, 12288, 11822, 294
2026/10/08 09:42:55.395, 0, 12288, 11822, 294
2026/10/08 09:42:55.601, 0, 12288, 11822, 294
2026/10/08 09:42:55.808, 0, 12288, 11822, 294
2026/10/08 09:42:56.011, 0, 12288, 11822, 294
2026/10/08 09:42:56.219, 0, 12288, 11822, 294
2026/10/08 09:42:56.425, 0, 12288, 11822, 294
2026/10/08 09:42:56.631, 0, 12288, 11822, 294
2026/10/08 09:42:56.837, 0, 12288, 11822, 294
2026/10/08 09:42:57.044, 0, 12288, 11822, 294
2026/10/08 09:42:57.250, 0, 12288, 11822, 294
2026/10/08 09:42:57.456, 0, 12288, 11822, 294
2026/10/08 09:42:57.660, 0, 12288, 11822, 294
2026/10/08 09:42:57.866, 0, 12288, 11822, 294
2026/10/08 09:42:58.070, 0, 12288, 11822, 294
2026/10/08 09:42:58.277, 0, 12288, 11822, 294
2026/10/08 09:42:58.482, 0, 12288, 11822, 294
2026/10/08 09:42:58.690, 0, 12288, 11822, 294
2026/10/08 09:42:58.898, 0, 12288, 11822, 294
2026/10/08 09:42:59.104, 0, 12288, 11822, 294
2026/10/08 09:42:59.309, 0, 12288, 11822, 294
2026/10/08 09:42:59.515, 0, 12288, 11822, 294
2026/10/08 09:42:59.720, 0, 12288, 11822, 294
2026/10/08 09:42:59.926, 0, 12288, 11822, 294
2026/10/08 09:43:00.134, 0, 12288, 11822, 294
2026/10/08 09:43:00.339, 0, 12288, 11822, 294
2026/10/08 09:43:00.543, 0, 12288, 11822, 294
2026/10/08 09:43:00.749, 0, 12288, 11822, 294
2026/10/08 09:43:00.955, 0, 12288, 11822, 294
2026/10/08 09:43:01.161, 0, 12288, 11822, 294
2026/10/08 09:43:01.367, 0, 12288, 11822, 294
2026/10/08 09:43:01.572, 0, 12288, 11822, 294
2026/10/08 09:43:01.778, 0, 12288, 11822, 294
2026/10/08 09:43:01.984, 0, 12288, 11822, 294
2026/10/08 09:43:02.190, 0, 12288, 11822, 294
2026/10/08 09:43:02.396, 0, 12288, 11822, 294
2026/10/08 09:43:02.603, 0, 12288, 11822, 294
2026/10/08 09:43:02.809, 0, 12288, 11822, 294
2026/10/08 09:43:03.015, 0, 12288, 11822, 294
2026/10/08 09:43:03.221, 0, 12288, 11822, 294
2026/10/08 09:43:03.425, 0, 12288, 11822, 294
2026/10/08 09:43:03.632, 0, 12288, 11822, 294
2026/10/08 09:43:03.839, 0, 12288, 11822, 294
2026/10/08 09:43:04.046, 0, 12288, 11822, 294
2026/10/08 09:43:04.252, 0, 12288, 11822, 294
2026/10/08 09:43:04.457, 0, 12288, 11822, 294
2026/10/08 09:43:04.664, 0, 12288, 11822, 294
2026/10/08 09:43:04.868, 0, 12288, 11822, 294
2026/10/08 09:43:05.074, 0, 12288, 11822, 294
2026/10/08 09:43:05.281, 0, 12288, 11822, 294
2026/10/08 09:43:05.487, 0, 12288, 11822, 294
2026/10/08 09:43:05.694, 0, 12288, 11822, 294
2026/10/08 09:43:05.901, 0, 12288, 11822, 294
2026/10/08 09:43:06.105, 0, 12288, 11822, 294
2026/10/08 09:43:06.312, 0, 12288, 11822, 294
2026/10/08 09:43:06.517, 0, 12288, 11822, 294
2026/10/08 09:43:06.723, 0, 12288, 11822, 294
2026/10/08 09:43:06.930, 0, 12288, 11822, 294
2026/10/08 09:43:07.133, 0, 12288, 11822, 294
2026/10/08 09:43:07.340, 0, 12288, 11822, 294
2026/10/08 09:43:07.546, 0, 12288, 11822, 294
2026/10/08 09:43:07.753, 0, 12288, 11822, 294
2026/10/08 09:43:07.959, 0, 12288, 11822, 294
2026/10/08 09:43:08.165, 0, 12288, 11822, 294
2026/10/08 09:43:08.371, 0, 12288, 11822, 294
2026/10/08 09:43:08.578, 0, 12288, 11822, 294
2026/10/08 09:43:08.784, 0, 12288, 11822, 294
2026/10/08 09:43:08.989, 0, 12288, 11822, 294
2026/10/08 09:43:09.196, 0, 12288, 11822, 294
2026/10/08 09:43:09.402, 0, 12288, 11822, 294
2026/10/08 09:43:09.607, 0, 12288, 11822, 294
2026/10/08 09:43:09.811, 0, 12288, 11822, 294
2026/10/08 09:43:10.019, 0, 12288, 11822, 294
2026/10/08 09:43:10.225, 0, 12288, 11822, 294
2026/10/08 09:43:10.447, 0, 12288, 11822, 294
2026/10/08 09:43:10.654, 0, 12288, 11822, 294
2026/10/08 09:43:10.858, 0, 12288, 11822, 294
2026/10/08 09:43:11.063, 0, 12288, 11822, 294
2026/10/08 09:43:11.270, 0, 12288, 11822, 294
2026/10/08 09:43:11.476, 0, 12288, 11822, 294
2026/10/08 09:43:11.682, 0, 12288, 11822, 294
2026/10/08 09:43:11.887, 0, 12288, 11822, 294
2026/10/08 09:43:12.092, 0, 12288, 11822, 294
2026/10/08 09:43:12.299, 0, 12288, 11822, 294
2026/10/08 09:43:12.504, 0, 12288, 11822, 294
2026/10/08 09:43:12.709, 0, 12288, 11822, 294
2026/10/08 09:43:12.916, 0, 12288, 11822, 294
2026/10/08 09:43:13.123, 0, 12288, 11822, 294
2026/10/08 09:43:13.329, 0, 12288, 11822, 294
2026/10/08 09:43:13.533, 0, 12288, 11822, 294
2026/10/08 09:43:13.738, 0, 12288, 11822, 294
2026/10/08 09:43:13.945, 0, 12288, 11822, 294
2026/10/08 09:43:14.149, 0, 12288, 11822, 294
2026/10/08 09:43:14.354, 0, 12288, 11822, 294
2026/10/08 09:43:14.559, 0, 12288, 11822, 294
2026/10/08 09:43:14.763, 0, 12288, 11822, 294
2026/10/08 09:43:14.969, 0, 12288, 11822, 294
2026/10/08 09:43:15.175, 0, 12288, 11822, 294
2026/10/08 09:43:15.382, 0, 12288, 11822, 294
2026/10/08 09:43:15.589, 0, 12288, 11822, 294
2026/10/08 09:43:15.794, 0, 12288, 11822, 294
2026/10/08 09:43:16.000, 0, 12288, 11822, 294
2026/10/08 09:43:16.206, 0, 12288, 11822, 294
2026/10/08 09:43:16.412, 0, 12288, 11822, 294
2026/10/08 09:43:16.618, 0, 12288, 11822, 294
2026/10/08 09:43:16.824, 0, 12288, 11822, 294
2026/10/08 09:43:17.031, 0, 12288, 11822, 294
2026/10/08 09:43:17.252, 0, 12288, 11822, 294
2026/10/08 09:43:17.457, 0, 12288, 11822, 294
2026/10/08 09:43:17.665, 0, 12288, 11822, 294
2026/10/08 09:43:17.869, 0, 12288, 11822, 294
2026/10/08 09:43:18.076, 0, 12288, 11822, 294
2026/10/08 09:43:18.281, 0, 12288, 11822, 294
2026/10/08 09:43:18.488, 0, 12288, 11822, 294
2026/10/08 09:43:18.694, 0, 12288, 11822, 294
2026/10/08 09:43:18.902, 0, 12288, 11822, 294
2026/10/08 09:43:19.109, 0, 12288, 11822, 294
2026/10/08 09:43:19.314, 0, 12288, 11822, 294
2026/10/08 09:43:19.518, 0, 12288, 11822, 294
2026/10/08 09:43:19.723, 0, 12288, 11822, 294
2026/10/08 09:43:19.928, 0, 12288, 11822, 294
2026/10/08 09:43:20.133, 0, 12288, 11822, 294
2026/10/08 09:43:20.340, 0, 12288, 11822, 294
2026/10/08 09:43:20.545, 0, 12288, 11822, 294
2026/10/08 09:43:20.751, 0, 12288, 11822, 294
2026/10/08 09:43:20.958, 0, 12288, 11822, 294
2026/10/08 09:43:21.162, 0, 12288, 11822, 294
2026/10/08 09:43:21.368, 0, 12288, 11822, 294
2026/10/08 09:43:21.574, 0, 12288, 11822, 294
2026/10/08 09:43:21.781, 0, 12288, 11822, 294
2026/10/08 09:43:21.987, 0, 12288, 11822, 294
2026/10/08 09:43:22.193, 0, 12288, 11822, 294
2026/10/08 09:43:22.399, 0, 12288, 11822, 294
2026/10/08 09:43:22.605, 0, 12288, 11822, 294
2026/10/08 09:43:22.810, 0, 12288, 11822, 294
2026/10/08 09:43:23.015, 0, 12288, 11822, 294
2026/10/08 09:43:23.221, 0, 12288, 11822, 294
2026/10/08 09:43:23.427, 0, 12288, 11822, 294
2026/10/08 09:43:23.633, 0, 12288, 11822, 294
2026/10/08 09:43:23.838, 0, 12288, 11822, 294
2026/10/08 09:43:24.043, 0, 12288, 11822, 294
2026/10/08 09:43:24.250, 0, 12288, 11822, 294
2026/10/08 09:43:24.457, 0, 12288, 11822, 294
2026/10/08 09:43:24.664, 0, 12288, 11822, 294
2026/10/08 09:43:24.870, 0, 12288, 11822, 294
2026/10/08 09:43:25.075, 0, 12288, 11822, 294
2026/10/08 09:43:25.280, 0, 12288, 11822, 294
2026/10/08 09:43:25.485, 0, 12288, 11822, 294
2026/10/08 09:43:25.690, 0, 12288, 11822, 294
2026/10/08 09:43:25.896, 0, 12288, 11822, 294
2026/10/08 09:43:26.102, 0, 12288, 11822, 294
2026/10/08 09:43:26.308, 0, 12288, 11822, 294
2026/10/08 09:43:26.516, 0, 12288, 11822, 294
2026/10/08 09:43:26.721, 0, 12288, 11822, 294
2026/10/08 09:43:26.926, 0, 12288, 11822, 294
2026/10/08 09:43:27.131, 0, 12288, 11822, 294
2026/10/08 09:43:27.336, 0, 12288, 11822, 294
2026/10/08 09:43:27.542, 0, 12288, 11822, 294
2026/10/08 09:43:27.749, 0, 12288, 11822, 294
2026/10/08 09:43:27.954, 0, 12288, 11822, 294
2026/10/08 09:43:28.161, 0, 12288, 11822, 294
2026/10/08 09:43:28.366, 0, 12288, 11822, 294
2026/10/08 09:43:28.572, 0, 12288, 11822, 294
2026/10/08 09:43:28.778, 0, 12288, 11822, 294
2026/10/08 09:43:28.987, 0, 12288, 11822, 294
2026/10/08 09:43:29.194, 0, 12288, 11822, 294
2026/10/08 09:43:29.399, 0, 12288, 11822, 294
2026/10/08 09:43:29.602, 0, 12288, 11822, 294
2026/10/08 09:43:29.808, 0, 12288, 11822, 294
2026/10/08 09:43:30.014, 0, 12288, 11822, 294
2026/10/08 09:43:30.221, 0, 12288, 11822, 294
2026/10/08 09:43:30.427, 0, 12288, 11822, 294
2026/10/08 09:43:30.634, 0, 12288, 11822, 294
2026/10/08 09:43:30.841, 0, 12288, 11822, 294
2026/10/08 09:43:31.048, 0, 12288, 11822, 294
2026/10/08 09:43:31.253, 0, 12288, 11822, 294
2026/10/08 09:43:31.458, 0, 12288, 11822, 294
2026/10/08 09:43:31.665, 0, 12288, 11822, 294
2026/10/08 09:43:31.872, 0, 12288, 11822, 294
2026/10/08 09:43:32.077, 0, 12288, 11822, 294
2026/10/08 09:43:32.283, 0, 12288, 11822, 294
2026/10/08 09:43:32.489, 0, 12288, 11822, 294
2026/10/08 09:43:32.695, 0, 12288, 11822, 294
2026/10/08 09:43:32.902, 0, 12288, 11822, 294
2026/10/08 09:43:33.106, 0, 12288, 11822, 294
2026/10/08 09:43:33.313, 0, 12288, 11822, 294
2026/10/08 09:43:33.519, 0, 12288, 11822, 294
2026/10/08 09:43:33.726, 0, 12288, 11822, 294
2026/10/08 09:43:33.932, 0, 12288, 11822, 294
2026/10/08 09:43:34.140, 0, 12288, 11822, 294
2026/10/08 09:43:34.346, 0, 12288, 11822, 294
2026/10/08 09:43:34.551, 0, 12288, 11822, 294
2026/10/08 09:43:34.758, 0, 12288, 11822, 294
2026/10/08 09:43:34.980, 0, 12288, 11822, 294
2026/10/08 09:43:35.186, 0, 12288, 11822, 294
2026/10/08 09:43:35.392, 0, 12288, 11822, 294
2026/10/08 09:43:35.598, 0, 12288, 11822, 294
2026/10/08 09:43:35.804, 0, 12288, 11822, 294
2026/10/08 09:43:36.009, 0, 12288, 11822, 294
2026/10/08 09:43:36.215, 0, 12288, 11822, 294
2026/10/08 09:43:36.423, 0, 12288, 11822, 294
2026/10/08 09:43:36.628, 0, 12288, 11822, 294
2026/10/08 09:43:36.834, 0, 12288, 11822, 294
2026/10/08 09:43:37.040, 0, 12288, 11822, 294
2026/10/08 09:43:37.247, 0, 12288, 11822, 294
2026/10/08 09:43:37.452, 0, 12288, 11822, 294
2026/10/08 09:43:37.659, 0, 12288, 11822, 294
2026/10/08 09:43:37.864, 0, 12288, 11822, 294
2026/10/08 09:43:38.071, 0, 12288, 11822, 294
2026/10/08 09:43:38.277, 0, 12288, 11822, 294
2026/10/08 09:43:38.484, 0, 12288, 11822, 294
2026/10/08 09:43:38.687, 0, 12288, 11822, 294
2026/10/08 09:43:38.894, 0, 12288, 11822, 294
2026/10/08 09:43:39.099, 0, 12288, 11822, 294
2026/10/08 09:43:39.306, 0, 12288, 11822, 294
2026/10/08 09:43:39.513, 0, 12288, 11822, 294
2026/10/08 09:43:39.717, 0, 12288, 11822, 294
2026/10/08 09:43:39.924, 0, 12288, 11822, 294
2026/10/08 09:43:40.130, 0, 12288, 11822, 294
2026/10/08 09:43:40.336, 0, 12288, 11822, 294
2026/10/08 09:43:40.542, 0, 12288, 11822, 294
2026/10/08 09:43:40.747, 0, 12288, 11822, 294
2026/10/08 09:43:40.954, 0, 12288, 11822, 294
2026/10/08 09:43:41.157, 0, 12288, 11822, 294
2026/10/08 09:43:41.364, 0, 12288, 11822, 294
2026/10/08 09:43:41.568, 0, 12288, 11822, 294
2026/10/08 09:43:41.790, 0, 12288, 11822, 294
2026/10/08 09:43:41.997, 0, 12288, 11822, 294
2026/10/08 09:43:42.203, 0, 12288, 11822, 294
2026/10/08 09:43:42.409, 0, 12288, 11822, 294
2026/10/08 09:43:42.616, 0, 12288, 11822, 294
2026/10/08 09:43:42.823, 0, 12288, 11822, 294
2026/10/08 09:43:43.029, 0, 12288, 11822, 294
2026/10/08 09:43:43.234, 0, 12288, 11822, 294
2026/10/08 09:43:43.440, 0, 12288, 11822, 294
2026/10/08 09:43:43.646, 0, 12288, 11822, 294
2026/10/08 09:43:43.853, 0, 12288, 11822, 294
2026/10/08 09:43:44.059, 0, 12288, 11822, 294
2026/10/08 09:43:44.265, 0, 12288, 11822, 294
2026/10/08 09:43:44.472, 0, 12288, 11822, 294
2026/10/08 09:43:44.679, 0, 12288, 11822, 294
2026/10/08 09:43:44.883, 0, 12288, 11822, 294
2026/10/08 09:43:45.089, 0, 12288, 11822, 294
2026/10/08 09:43:45.296, 0, 12288, 11822, 294
2026/10/08 09:43:45.502, 0, 12288, 11822, 294
2026/10/08 09:43:45.707, 0, 12288, 11822, 294
2026/10/08 09:43:45.912, 0, 12288, 11822, 294
2026/10/08 09:43:46.119, 0, 12288, 11822, 294
2026/10/08 09:43:46.326, 0, 12288, 11822, 294
2026/10/08 09:43:46.531, 0, 12288, 11822, 294
2026/10/08 09:43:46.738, 0, 12288, 11822, 294
2026/10/08 09:43:46.941, 0, 12288, 11822, 294
2026/10/08 09:43:47.146, 0, 12288, 11822, 294
2026/10/08 09:43:47.352, 0, 12288, 11822, 294
2026/10/08 09:43:47.558, 0, 12288, 11822, 294
2026/10/08 09:43:47.764, 0, 12288, 11822, 294
2026/10/08 09:43:47.970, 0, 12288, 11822, 294
2026/10/08 09:43:48.177, 0, 12288, 11822, 294
2026/10/08 09:43:48.383, 0, 12288, 11822, 294
2026/10/08 09:43:48.604, 0, 12288, 11822, 294
2026/10/08 09:43:48.810, 0, 12288, 11822, 294
2026/10/08 09:43:49.016, 0, 12288, 11822, 294
2026/10/08 09:43:49.222, 0, 12288, 11822, 294
2026/10/08 09:43:49.426, 0, 12288, 11822, 294
2026/10/08 09:43:49.633, 0, 12288, 11822, 294
2026/10/08 09:43:49.840, 0, 12288, 11822, 294
2026/10/08 09:43:50.045, 0, 12288, 11822, 294
2026/10/08 09:43:50.252, 0, 12288, 11822, 294
2026/10/08 09:43:50.458, 0, 12288, 11822, 294
2026/10/08 09:43:50.664, 0, 12288, 11822, 294
2026/10/08 09:43:50.869, 0, 12288, 11822, 294
2026/10/08 09:43:51.076, 0, 12288, 11822, 294
2026/10/08 09:43:51.283, 0, 12288, 11822, 294
2026/10/08 09:43:51.489, 0, 12288, 11822, 294
2026/10/08 09:43:51.694, 0, 12288, 11822, 294
2026/10/08 09:43:51.900, 0, 12288, 11822, 294
2026/10/08 09:43:52.105, 0, 12288, 11822, 294
2026/10/08 09:43:52.311, 0, 12288, 11822, 294
2026/10/08 09:43:52.517, 0, 12288, 11822, 294
2026/10/08 09:43:52.722, 0, 12288, 11822, 294
2026/10/08 09:43:52.928, 0, 12288, 11822, 294
2026/10/08 09:43:53.134, 0, 12288, 11822, 294
2026/10/08 09:43:53.338, 0, 12288, 11822, 294
2026/10/08 09:43:53.545, 0, 12288, 11822, 294
2026/10/08 09:43:53.751, 0, 12288, 11822, 294
2026/10/08 09:43:53.959, 0, 12288, 11822, 294
2026/10/08 09:43:54.165, 0, 12288, 11822, 294
2026/10/08 09:43:54.370, 0, 12288, 11822, 294
2026/10/08 09:43:54.574, 0, 12288, 11822, 294
2026/10/08 09:43:54.781, 0, 12288, 11822, 294
2026/10/08 09:43:54.988, 0, 12288, 11822, 294
2026/10/08 09:43:55.195, 0, 12288, 11822, 294
2026/10/08 09:43:55.400, 0, 12288, 11822, 294
2026/10/08 09:43:55.606, 0, 12288, 11822, 294
2026/10/08 09:43:55.811, 0, 12288, 11822, 294
2026/10/08 09:43:56.016, 0, 12288, 11822, 294
2026/10/08 09:43:56.222, 0, 12288, 11822, 294
2026/10/08 09:43:56.426, 0, 12288, 11822, 294
2026/10/08 09:43:56.632, 0, 12288, 11822, 294
2026/10/08 09:43:56.837, 0, 12288, 11822, 294
2026/10/08 09:43:57.044, 0, 12288, 11822, 294
2026/10/08 09:43:57.251, 0, 12288, 11822, 294
2026/10/08 09:43:57.454, 0, 12288, 11822, 294
2026/10/08 09:43:57.661, 0, 12288, 11822, 294
2026/10/08 09:43:57.867, 0, 12288, 11822, 294
2026/10/08 09:43:58.073, 0, 12288, 11822, 294
2026/10/08 09:43:58.280, 0, 12288, 11822, 294
2026/10/08 09:43:58.483, 0, 12288, 11822, 294
2026/10/08 09:43:58.689, 0, 12288, 11822, 294
2026/10/08 09:43:58.896, 0, 12288, 11822, 294
2026/10/08 09:43:59.101, 0, 12288, 11822, 294
2026/10/08 09:43:59.305, 0, 12288, 11822, 294
2026/10/08 09:43:59.511, 0, 12288, 11822, 294
2026/10/08 09:43:59.718, 0, 12288, 11822, 294
2026/10/08 09:43:59.923, 0, 12288, 11822, 294
2026/10/08 09:44:00.130, 0, 12288, 11822, 294
2026/10/08 09:44:00.336, 0, 12288, 11822, 294
2026/10/08 09:44:00.541, 0, 12288, 11822, 294
2026/10/08 09:44:00.745, 0, 12288, 11822, 294
2026/10/08 09:44:00.950, 0, 12288, 11822, 294
2026/10/08 09:44:01.156, 0, 12288, 11822, 294
2026/10/08 09:44:01.362, 0, 12288, 11822, 294
2026/10/08 09:44:01.569, 0, 12288, 11822, 294
2026/10/08 09:44:01.775, 0, 12288, 11822, 294
2026/10/08 09:44:01.980, 0, 12288, 11822, 294
2026/10/08 09:44:02.185, 0, 12288, 11822, 294
2026/10/08 09:44:02.392, 0, 12288, 11822, 294
2026/10/08 09:44:02.598, 0, 12288, 11822, 294
2026/10/08 09:44:02.805, 0, 12288, 11822, 294
2026/10/08 09:44:03.009, 0, 12288, 11822, 294
2026/10/08 09:44:03.213, 0, 12288, 11822, 294
2026/10/08 09:44:03.420, 0, 12288, 11822, 294
2026/10/08 09:44:03.625, 0, 12288, 11822, 294
2026/10/08 09:44:03.832, 0, 12288, 11822, 294
2026/10/08 09:44:04.038, 0, 12288, 11822, 294
2026/10/08 09:44:04.243, 0, 12288, 11822, 294
2026/10/08 09:44:04.449, 0, 12288, 11822, 294
2026/10/08 09:44:04.655, 0, 12288, 11822, 294
2026/10/08 09:44:04.863, 0, 12288, 11822, 294
2026/10/08 09:44:05.068, 0, 12288, 11822, 294
2026/10/08 09:44:05.275, 0, 12288, 11822, 294
2026/10/08 09:44:05.479, 0, 12288, 11822, 294
2026/10/08 09:44:05.683, 0, 12288, 11822, 294
2026/10/08 09:44:05.891, 0, 12288, 11822, 294
2026/10/08 09:44:06.097, 0, 12288, 11822, 294
2026/10/08 09:44:06.303, 0, 12288, 11822, 294
2026/10/08 09:44:06.511, 0, 12288, 11822, 294
2026/10/08 09:44:06.718, 0, 12288, 11822, 294
2026/10/08 09:44:06.924, 0, 12288, 11822, 294
2026/10/08 09:44:07.130, 0, 12288, 11822, 294
2026/10/08 09:44:07.334, 0, 12288, 11822, 294
2026/10/08 09:44:07.539, 0, 12288, 11822, 294
2026/10/08 09:44:07.747, 0, 12288, 11822, 294
2026/10/08 09:44:07.953, 0, 12288, 11822, 294
2026/10/08 09:44:08.159, 0, 12288, 11822, 294
2026/10/08 09:44:08.365, 0, 12288, 11822, 294
2026/10/08 09:44:08.571, 0, 12288, 11822, 294
2026/10/08 09:44:08.777, 0, 12288, 11822, 294
2026/10/08 09:44:08.984, 0, 12288, 11822, 294
2026/10/08 09:44:09.190, 0, 12288, 11822, 294
2026/10/08 09:44:09.397, 0, 12288, 11822, 294
2026/10/08 09:44:09.601, 0, 12288, 11822, 294
2026/10/08 09:44:09.808, 0, 12288, 11822, 294
2026/10/08 09:44:10.015, 0, 12288, 11822, 294
2026/10/08 09:44:10.220, 0, 12288, 11822, 294
2026/10/08 09:44:10.425, 0, 12288, 11822, 294
2026/10/08 09:44:10.631, 0, 12288, 11822, 294
2026/10/08 09:44:10.839, 0, 12288, 11822, 294
2026/10/08 09:44:11.045, 0, 12288, 11822, 294
2026/10/08 09:44:11.252, 0, 12288, 11822, 294
2026/10/08 09:44:11.456, 0, 12288, 11822, 294
2026/10/08 09:44:11.664, 0, 12288, 11822, 294
2026/10/08 09:44:11.870, 0, 12288, 11822, 294
2026/10/08 09:44:12.076, 0, 12288, 11822, 294
2026/10/08 09:44:12.283, 0, 12288, 11822, 294
2026/10/08 09:44:12.489, 0, 12288, 11822, 294
2026/10/08 09:44:12.695, 0, 12288, 11822, 294
2026/10/08 09:44:12.901, 0, 12288, 11822, 294
2026/10/08 09:44:13.106, 0, 12288, 11822, 294
2026/10/08 09:44:13.313, 0, 12288, 11822, 294
2026/10/08 09:44:13.516, 0, 12288, 11822, 294
2026/10/08 09:44:13.722, 0, 12288, 11822, 294
2026/10/08 09:44:13.928, 0, 12288, 11822, 294
2026/10/08 09:44:14.135, 0, 12288, 11822, 294
2026/10/08 09:44:14.338, 0, 12288, 11822, 294
2026/10/08 09:44:14.543, 0, 12288, 11822, 294
2026/10/08 09:44:14.748, 0, 12288, 11822, 294
2026/10/08 09:44:14.954, 0, 12288, 11822, 294
2026/10/08 09:44:15.160, 0, 12288, 11822, 294
2026/10/08 09:44:15.367, 0, 12288, 11822, 294
2026/10/08 09:44:15.572, 0, 12288, 11822, 294
2026/10/08 09:44:15.777, 0, 12288, 11822, 294
2026/10/08 09:44:15.983, 0, 12288, 11822, 294
2026/10/08 09:44:16.190, 0, 12288, 11822, 294
2026/10/08 09:44:16.396, 0, 12288, 11822, 294
2026/10/08 09:44:16.601, 0, 12288, 11822, 294
2026/10/08 09:44:16.806, 0, 12288, 11822, 294
2026/10/08 09:44:17.012, 0, 12288, 11822, 294
2026/10/08 09:44:17.218, 0, 12288, 11822, 294
2026/10/08 09:44:17.423, 0, 12288, 11822, 294
2026/10/08 09:44:17.628, 0, 12288, 11822, 294
2026/10/08 09:44:17.835, 0, 12288, 11822, 294
2026/10/08 09:44:18.041, 0, 12288, 11822, 294
2026/10/08 09:44:18.247, 0, 12288, 11822, 294
2026/10/08 09:44:18.454, 0, 12288, 11822, 294
2026/10/08 09:44:18.659, 0, 12288, 11822, 294
2026/10/08 09:44:18.866, 0, 12288, 11822, 294
2026/10/08 09:44:19.069, 0, 12288, 11822, 294
2026/10/08 09:44:19.276, 0, 12288, 11822, 294
2026/10/08 09:44:19.483, 0, 12288, 11822, 294
2026/10/08 09:44:19.690, 0, 12288, 11822, 294
2026/10/08 09:44:19.894, 0, 12288, 11822, 294
2026/10/08 09:44:20.097, 0, 12288, 11822, 294
2026/10/08 09:44:20.303, 0, 12288, 11822, 294
2026/10/08 09:44:20.510, 0, 12288, 11822, 294
2026/10/08 09:44:20.717, 0, 12288, 11822, 294
2026/10/08 09:44:20.923, 0, 12288, 11822, 294
2026/10/08 09:44:21.128, 0, 12288, 11822, 294
2026/10/08 09:44:21.335, 0, 12288, 11822, 294
2026/10/08 09:44:21.543, 0, 12288, 11822, 294
2026/10/08 09:44:21.748, 0, 12288, 11822, 294
2026/10/08 09:44:21.955, 0, 12288, 11822, 294
2026/10/08 09:44:22.163, 0, 12288, 11822, 294
2026/10/08 09:44:22.370, 0, 12288, 11822, 294
2026/10/08 09:44:22.577, 0, 12288, 11822, 294
2026/10/08 09:44:22.783, 0, 12288, 11822, 294
2026/10/08 09:44:22.990, 0, 12288, 11822, 294
2026/10/08 09:44:23.196, 0, 12288, 11822, 294
2026/10/08 09:44:23.403, 0, 12288, 11822, 294
2026/10/08 09:44:23.608, 0, 12288, 11822, 294
2026/10/08 09:44:23.814, 0, 12288, 11822, 294
2026/10/08 09:44:24.020, 0, 12288, 11822, 294
2026/10/08 09:44:24.225, 0, 12288, 11822, 294
2026/10/08 09:44:24.433, 0, 12288, 11822, 294
2026/10/08 09:44:24.637, 0, 12288, 11822, 294
2026/10/08 09:44:24.843, 0, 12288, 11822, 294
2026/10/08 09:44:25.050, 0, 12288, 11822, 294
2026/10/08 09:44:25.255, 0, 12288, 11822, 294
2026/10/08 09:44:25.458, 0, 12288, 11822, 294
2026/10/08 09:44:25.664, 0, 12288, 11822, 294
2026/10/08 09:44:25.871, 0, 12288, 11822, 294
2026/10/08 09:44:26.077, 0, 12288, 11822, 294
2026/10/08 09:44:26.283, 0, 12288, 11822, 294
2026/10/08 09:44:26.489, 0, 12288, 11822, 294
2026/10/08 09:44:26.696, 0, 12288, 11822, 294
2026/10/08 09:44:26.903, 0, 12288, 11822, 294
2026/10/08 09:44:27.108, 0, 12288, 11822, 294
2026/10/08 09:44:27.314, 0, 12288, 11822, 294
2026/10/08 09:44:27.520, 0, 12288, 11822, 294
2026/10/08 09:44:27.725, 0, 12288, 11822, 294
2026/10/08 09:44:27.931, 0, 12288, 11822, 294
2026/10/08 09:44:28.136, 0, 12288, 11822, 294
2026/10/08 09:44:28.342, 0, 12288, 11822, 294
2026/10/08 09:44:28.549, 0, 12288, 11822, 294
2026/10/08 09:44:28.756, 0, 12288, 11822, 294
2026/10/08 09:44:28.963, 0, 12288, 11822, 294
2026/10/08 09:44:29.168, 0, 12288, 11822, 294
2026/10/08 09:44:29.375, 0, 12288, 11822, 294
2026/10/08 09:44:29.579, 0, 12288, 11822, 294
2026/10/08 09:44:29.786, 0, 12288, 11822, 294
2026/10/08 09:44:29.992, 0, 12288, 11822, 294
2026/10/08 09:44:30.196, 0, 12288, 11822, 294
2026/10/08 09:44:30.405, 0, 12288, 11822, 294
2026/10/08 09:44:30.609, 0, 12288, 11822, 294
2026/10/08 09:44:30.816, 0, 12288, 11822, 294
2026/10/08 09:44:31.020, 0, 12288, 11822, 294
2026/10/08 09:44:31.227, 0, 12288, 11822, 294
2026/10/08 09:44:31.434, 0, 12288, 11822, 294
2026/10/08 09:44:31.640, 0, 12288, 11822, 294
2026/10/08 09:44:31.847, 0, 12288, 11822, 294
2026/10/08 09:44:32.051, 0, 12288, 11822, 294
2026/10/08 09:44:32.257, 0, 12288, 11822, 294
2026/10/08 09:44:32.464, 0, 12288, 11822, 294
2026/10/08 09:44:32.670, 0, 12288, 11822, 294
2026/10/08 09:44:32.875, 0, 12288, 11822, 294
2026/10/08 09:44:33.081, 0, 12288, 11822, 294
2026/10/08 09:44:33.287, 0, 12288, 11822, 294
2026/10/08 09:44:33.494, 0, 12288, 11822, 294
2026/10/08 09:44:33.700, 0, 12288, 11822, 294
2026/10/08 09:44:33.906, 0, 12288, 11822, 294
2026/10/08 09:44:34.112, 0, 12288, 11822, 294
2026/10/08 09:44:34.318, 0, 12288, 11822, 294
2026/10/08 09:44:34.523, 0, 12288, 11822, 294
2026/10/08 09:44:34.729, 0, 12288, 11822, 294
2026/10/08 09:44:34.936, 0, 12288, 11822, 294
2026/10/08 09:44:35.143, 0, 12288, 11822, 294
2026/10/08 09:44:35.350, 0, 12288, 11822, 294
2026/10/08 09:44:35.555, 0, 12288, 11822, 294
2026/10/08 09:44:35.761, 0, 12288, 11822, 294
2026/10/08 09:44:35.966, 0, 12288, 11822, 294
2026/10/08 09:44:36.173, 0, 12288, 11822, 294
2026/10/08 09:44:36.379, 0, 12288, 11822, 294
2026/10/08 09:44:36.583, 0, 12288, 11822, 294
2026/10/08 09:44:36.790, 0, 12288, 11822, 294
2026/10/08 09:44:36.997, 0, 12288, 11822, 294
2026/10/08 09:44:37.203, 0, 12288, 11822, 294
2026/10/08 09:44:37.409, 0, 12288, 11822, 294
2026/10/08 09:44:37.615, 0, 12288, 11822, 294
2026/10/08 09:44:37.820, 0, 12288, 11822, 294
2026/10/08 09:44:38.026, 0, 12288, 11822, 294
2026/10/08 09:44:38.232, 0, 12288, 11822, 294
2026/10/08 09:44:38.438, 0, 12288, 11822, 294
2026/10/08 09:44:38.645, 0, 12288, 11822, 294
2026/10/08 09:44:38.852, 0, 12288, 11822, 294
2026/10/08 09:44:39.057, 0, 12288, 11822, 294
2026/10/08 09:44:39.263, 0, 12288, 11822, 294
2026/10/08 09:44:39.468, 0, 12288, 11822, 294
2026/10/08 09:44:39.675, 0, 12288, 11822, 294
2026/10/08 09:44:39.880, 0, 12288, 11822, 294
2026/10/08 09:44:40.088, 0, 12288, 11822, 294
2026/10/08 09:44:40.293, 0, 12288, 11822, 294
2026/10/08 09:44:40.500, 0, 12288, 11822, 294
2026/10/08 09:44:40.705, 0, 12288, 11822, 294
2026/10/08 09:44:40.910, 0, 12288, 11822, 294
2026/10/08 09:44:41.116, 0, 12288, 11822, 294
2026/10/08 09:44:41.324, 0, 12288, 11822, 294
2026/10/08 09:44:41.529, 0, 12288, 11822, 294
2026/10/08 09:44:41.735, 0, 12288, 11822, 294
2026/10/08 09:44:41.941, 0, 12288, 11822, 294
2026/10/08 09:44:42.146, 0, 12288, 11822, 294
2026/10/08 09:44:42.352, 0, 12288, 11822, 294
2026/10/08 09:44:42.556, 0, 12288, 11822, 294
2026/10/08 09:44:42.761, 0, 12288, 11822, 294
2026/10/08 09:44:42.968, 0, 12288, 11822, 294
2026/10/08 09:44:43.174, 0, 12288, 11822, 294
2026/10/08 09:44:43.380, 0, 12288, 11822, 294
2026/10/08 09:44:43.587, 0, 12288, 11822, 294
2026/10/08 09:44:43.793, 0, 12288, 11822, 294
2026/10/08 09:44:44.000, 0, 12288, 11822, 294
2026/10/08 09:44:44.206, 0, 12288, 11822, 294
2026/10/08 09:44:44.413, 0, 12288, 11822, 294
2026/10/08 09:44:44.619, 0, 12288, 11822, 294
2026/10/08 09:44:44.827, 0, 12288, 11822, 294
2026/10/08 09:44:45.033, 0, 12288, 11822, 294
2026/10/08 09:44:45.237, 0, 12288, 11822, 294
2026/10/08 09:44:45.443, 0, 12288, 11822, 294
2026/10/08 09:44:45.648, 0, 12288, 11822, 294
2026/10/08 09:44:45.870, 0, 12288, 11822, 294
2026/10/08 09:44:46.074, 0, 12288, 11822, 294
2026/10/08 09:44:46.279, 0, 12288, 11822, 294
2026/10/08 09:44:46.486, 0, 12288, 11822, 294
2026/10/08 09:44:46.694, 0, 12288, 11822, 294
2026/10/08 09:44:46.900, 0, 12288, 11822, 294
2026/10/08 09:44:47.104, 0, 12288, 11822, 294
2026/10/08 09:44:47.311, 0, 12288, 11822, 294
2026/10/08 09:44:47.518, 0, 12288, 11822, 294
2026/10/08 09:44:47.721, 0, 12288, 11822, 294
2026/10/08 09:44:47.927, 0, 12288, 11822, 294
2026/10/08 09:44:48.133, 0, 12288, 11822, 294
2026/10/08 09:44:48.338, 0, 12288, 11822, 294
2026/10/08 09:44:48.544, 0, 12288, 11822, 294
2026/10/08 09:44:48.750, 0, 12288, 11822, 294
2026/10/08 09:44:48.955, 0, 12288, 11822, 294
2026/10/08 09:44:49.161, 0, 12288, 11822, 294
2026/10/08 09:44:49.368, 0, 12288, 11822, 294
2026/10/08 09:44:49.574, 0, 12288, 11822, 294
2026/10/08 09:44:49.779, 0, 12288, 11822, 294
2026/10/08 09:44:49.984, 0, 12288, 11822, 294
2026/10/08 09:44:50.191, 0, 12288, 11822, 294
2026/10/08 09:44:50.397, 0, 12288, 11822, 294
2026/10/08 09:44:50.603, 0, 12288, 11822, 294
2026/10/08 09:44:50.808, 0, 12288, 11822, 294
2026/10/08 09:44:51.016, 0, 12288, 11822, 294
2026/10/08 09:44:51.221, 0, 12288, 11822, 294
2026/10/08 09:44:51.427, 0, 12288, 11822, 294
2026/10/08 09:44:51.631, 0, 12288, 11822, 294
2026/10/08 09:44:51.836, 0, 12288, 11822, 294
2026/10/08 09:44:52.043, 0, 12288, 11822, 294
2026/10/08 09:44:52.250, 0, 12288, 11822, 294
2026/10/08 09:44:52.457, 0, 12288, 11822, 294
2026/10/08 09:44:52.663, 0, 12288, 11822, 294
2026/10/08 09:44:52.869, 0, 12288, 11822, 294
2026/10/08 09:44:53.075, 0, 12288, 11822, 294
2026/10/08 09:44:53.280, 0, 12288, 11822, 294
2026/10/08 09:44:53.484, 0, 12288, 11822, 294
2026/10/08 09:44:53.689, 0, 12288, 11822, 294
2026/10/08 09:44:53.896, 0, 12288, 11822, 294
2026/10/08 09:44:54.103, 0, 12288, 11822, 294
2026/10/08 09:44:54.309, 0, 12288, 11822, 294
2026/10/08 09:44:54.512, 0, 12288, 11822, 294
2026/10/08 09:44:54.719, 0, 12288, 11822, 294
2026/10/08 09:44:54.924, 0, 12288, 11822, 294
2026/10/08 09:44:55.129, 0, 12288, 11822, 294
2026/10/08 09:44:55.333, 0, 12288, 11822, 294
2026/10/08 09:44:55.539, 0, 12288, 11822, 294
2026/10/08 09:44:55.745, 0, 12288, 11822, 294
2026/10/08 09:44:55.951, 0, 12288, 11822, 294
2026/10/08 09:44:56.156, 0, 12288, 11822, 294
2026/10/08 09:44:56.364, 0, 12288, 11822, 294
2026/10/08 09:44:56.569, 0, 12288, 11822, 294
2026/10/08 09:44:56.776, 0, 12288, 11822, 294
2026/10/08 09:44:56.980, 0, 12288, 11822, 294
2026/10/08 09:44:57.185, 0, 12288, 11822, 294
2026/10/08 09:44:57.390, 0, 12288, 11822, 294
2026/10/08 09:44:57.597, 0, 12288, 11822, 294
2026/10/08 09:44:57.803, 0, 12288, 11822, 294
2026/10/08 09:44:58.009, 0, 12288, 11822, 294
2026/10/08 09:44:58.216, 0, 12288, 11822, 294
2026/10/08 09:44:58.423, 0, 12288, 11822, 294
2026/10/08 09:44:58.629, 0, 12288, 11822, 294
2026/10/08 09:44:58.836, 0, 12288, 11822, 294
2026/10/08 09:44:59.040, 0, 12288, 11822, 294
2026/10/08 09:44:59.246, 0, 12288, 11822, 294
2026/10/08 09:44:59.453, 0, 12288, 11822, 294
2026/10/08 09:44:59.660, 0, 12288, 11822, 294
2026/10/08 09:44:59.867, 0, 12288, 11822, 294
2026/10/08 09:45:00.072, 0, 12288, 11822, 294
2026/10/08 09:45:00.277, 0, 12288, 11822, 294
2026/10/08 09:45:00.483, 0, 12288, 11822, 294
2026/10/08 09:45:00.687, 0, 12288, 11822, 294
2026/10/08 09:45:00.893, 0, 12288, 11822, 294
2026/10/08 09:45:01.098, 0, 12288, 11822, 294
2026/10/08 09:45:01.305, 0, 12288, 11822, 294
2026/10/08 09:45:01.511, 0, 12288, 11822, 294
2026/10/08 09:45:01.717, 0, 12288, 11822, 294
2026/10/08 09:45:01.923, 0, 12288, 11822, 294
2026/10/08 09:45:02.130, 0, 12288, 11822, 294
2026/10/08 09:45:02.335, 0, 12288, 11822, 294
2026/10/08 09:45:02.542, 0, 12288, 11822, 294
2026/10/08 09:45:02.748, 0, 12288, 11822, 294
2026/10/08 09:45:02.954, 0, 12288, 11822, 294
2026/10/08 09:45:03.159, 0, 12288, 11822, 294
2026/10/08 09:45:03.364, 0, 12288, 11822, 294
2026/10/08 09:45:03.586, 0, 12288, 11822, 294
2026/10/08 09:45:03.793, 0, 12288, 11822, 294
2026/10/08 09:45:03.999, 0, 12288, 11822, 294
2026/10/08 09:45:04.206, 0, 12288, 11822, 294
2026/10/08 09:45:04.412, 0, 12288, 11822, 294
2026/10/08 09:45:04.615, 0, 12288, 11822, 294
2026/10/08 09:45:04.822, 0, 12288, 11822, 294
2026/10/08 09:45:05.029, 0, 12288, 11822, 294
2026/10/08 09:45:05.235, 0, 12288, 11822, 294
2026/10/08 09:45:05.443, 0, 12288, 11822, 294
2026/10/08 09:45:05.648, 0, 12288, 11822, 294
2026/10/08 09:45:05.855, 0, 12288, 11822, 294
2026/10/08 09:45:06.062, 0, 12288, 11822, 294
2026/10/08 09:45:06.267, 0, 12288, 11822, 294
2026/10/08 09:45:06.474, 0, 12288, 11822, 294
2026/10/08 09:45:06.681, 0, 12288, 11822, 294
2026/10/08 09:45:06.889, 0, 12288, 11822, 294
2026/10/08 09:45:07.096, 0, 12288, 11822, 294
2026/10/08 09:45:07.303, 0, 12288, 11822, 294
2026/10/08 09:45:07.509, 0, 12288, 11822, 294
2026/10/08 09:45:07.716, 0, 12288, 11822, 294
2026/10/08 09:45:07.922, 0, 12288, 11822, 294
2026/10/08 09:45:08.128, 0, 12288, 11822, 294
2026/10/08 09:45:08.332, 0, 12288, 11822, 294
2026/10/08 09:45:08.538, 0, 12288, 11822, 294
2026/10/08 09:45:08.742, 0, 12288, 11822, 294
2026/10/08 09:45:08.946, 0, 12288, 11822, 294
2026/10/08 09:45:09.153, 0, 12288, 11822, 294
2026/10/08 09:45:09.360, 0, 12288, 11822, 294
2026/10/08 09:45:09.566, 0, 12288, 11822, 294
2026/10/08 09:45:09.773, 0, 12288, 11822, 294
2026/10/08 09:45:09.979, 0, 12288, 11822, 294
2026/10/08 09:45:10.183, 0, 12288, 11822, 294
2026/10/08 09:45:10.405, 0, 12288, 11822, 294
2026/10/08 09:45:10.612, 0, 12288, 11822, 294
2026/10/08 09:45:10.817, 0, 12288, 11822, 294
2026/10/08 09:45:11.025, 0, 12288, 11822, 294
2026/10/08 09:45:11.230, 0, 12288, 11822, 294
2026/10/08 09:45:11.435, 0, 12288, 11822, 294
2026/10/08 09:45:11.641, 0, 12288, 11822, 294
2026/10/08 09:45:11.846, 0, 12288, 11822, 294
2026/10/08 09:45:12.053, 0, 12288, 11822, 294
2026/10/08 09:45:12.259, 0, 12288, 11822, 294
2026/10/08 09:45:12.466, 0, 12288, 11822, 294
2026/10/08 09:45:12.671, 0, 12288, 11822, 294
2026/10/08 09:45:12.878, 0, 12288, 11822, 294
2026/10/08 09:45:13.083, 0, 12288, 11822, 294
2026/10/08 09:45:13.289, 0, 12288, 11822, 294
2026/10/08 09:45:13.495, 0, 12288, 11822, 294
2026/10/08 09:45:13.701, 0, 12288, 11822, 294
2026/10/08 09:45:13.907, 0, 12288, 11822, 294
2026/10/08 09:45:14.112, 0, 12288, 11822, 294
2026/10/08 09:45:14.316, 0, 12288, 11822, 294
2026/10/08 09:45:14.521, 0, 12288, 11822, 294
2026/10/08 09:45:14.727, 0, 12288, 11822, 294
2026/10/08 09:45:14.932, 0, 12288, 11822, 294
2026/10/08 09:45:15.138, 0, 12288, 11822, 294
2026/10/08 09:45:15.342, 0, 12288, 11822, 294
2026/10/08 09:45:15.548, 0, 12288, 11822, 294
2026/10/08 09:45:15.751, 0, 12288, 11822, 294
2026/10/08 09:45:15.958, 0, 12288, 11822, 294
2026/10/08 09:45:16.164, 0, 12288, 11822, 294
2026/10/08 09:45:16.371, 0, 12288, 11822, 294
2026/10/08 09:45:16.578, 0, 12288, 11822, 294
2026/10/08 09:45:16.784, 0, 12288, 11822, 294
2026/10/08 09:45:16.990, 0, 12288, 11822, 294
2026/10/08 09:45:17.211, 0, 12288, 11822, 294
2026/10/08 09:45:17.418, 0, 12288, 11822, 294
2026/10/08 09:45:17.623, 0, 12288, 11822, 294
2026/10/08 09:45:17.831, 0, 12288, 11822, 294
2026/10/08 09:45:18.037, 0, 12288, 11822, 294
2026/10/08 09:45:18.242, 0, 12288, 11822, 294
2026/10/08 09:45:18.447, 0, 12288, 11822, 294
2026/10/08 09:45:18.653, 0, 12288, 11822, 294
2026/10/08 09:45:18.860, 0, 12288, 11822, 294
2026/10/08 09:45:19.065, 0, 12288, 11822, 294
2026/10/08 09:45:19.270, 0, 12288, 11822, 294
2026/10/08 09:45:19.475, 0, 12288, 11822, 294
2026/10/08 09:45:19.681, 0, 12288, 11822, 294
2026/10/08 09:45:19.887, 0, 12288, 11822, 294
2026/10/08 09:45:20.094, 0, 12288, 11822, 294
2026/10/08 09:45:20.300, 0, 12288, 11822, 294
2026/10/08 09:45:20.506, 0, 12288, 11822, 294
2026/10/08 09:45:20.714, 0, 12288, 11822, 294
2026/10/08 09:45:20.920, 0, 12288, 11822, 294
2026/10/08 09:45:21.125, 0, 12288, 11822, 294
2026/10/08 09:45:21.330, 0, 12288, 11822, 294
2026/10/08 09:45:21.537, 0, 12288, 11822, 294
2026/10/08 09:45:21.743, 0, 12288, 11822, 294
2026/10/08 09:45:21.950, 0, 12288, 11822, 294
2026/10/08 09:45:22.155, 0, 12288, 11822, 294
2026/10/08 09:45:22.360, 0, 12288, 11822, 294
2026/10/08 09:45:22.567, 0, 12288, 11822, 294
2026/10/08 09:45:22.773, 0, 12288, 11822, 294
2026/10/08 09:45:22.980, 0, 12288, 11822, 294
2026/10/08 09:45:23.185, 0, 12288, 11822, 294
2026/10/08 09:45:23.390, 0, 12288, 11822, 294
2026/10/08 09:45:23.596, 0, 12288, 11822, 294
2026/10/08 09:45:23.801, 0, 12288, 11822, 294
2026/10/08 09:45:24.008, 0, 12288, 11822, 294
2026/10/08 09:45:24.215, 0, 12288, 11822, 294
2026/10/08 09:45:24.422, 0, 12288, 11822, 294
2026/10/08 09:45:24.629, 0, 12288, 11822, 294
2026/10/08 09:45:24.835, 0, 12288, 11822, 294
2026/10/08 09:45:25.041, 0, 12288, 11822, 294
2026/10/08 09:45:25.247, 0, 12288, 11822, 294
2026/10/08 09:45:25.452, 0, 12288, 11822, 294
2026/10/08 09:45:25.657, 0, 12288, 11822, 294
2026/10/08 09:45:25.862, 0, 12288, 11822, 294
2026/10/08 09:45:26.067, 0, 12288, 11822, 294
2026/10/08 09:45:26.273, 0, 12288, 11822, 294
2026/10/08 09:45:26.480, 0, 12288, 11822, 294
2026/10/08 09:45:26.687, 0, 12288, 11822, 294
2026/10/08 09:45:26.891, 0, 12288, 11822, 294
2026/10/08 09:45:27.097, 0, 12288, 11822, 294
2026/10/08 09:45:27.304, 0, 12288, 11822, 294
2026/10/08 09:45:27.512, 0, 12288, 11822, 294
2026/10/08 09:45:27.716, 0, 12288, 11822, 294
2026/10/08 09:45:27.922, 0, 12288, 11822, 294
2026/10/08 09:45:28.128, 0, 12288, 11822, 294
2026/10/08 09:45:28.332, 0, 12288, 11822, 294
2026/10/08 09:45:28.538, 0, 12288, 11822, 294
2026/10/08 09:45:28.744, 0, 12288, 11822, 294
2026/10/08 09:45:28.950, 0, 12288, 11822, 294
2026/10/08 09:45:29.155, 0, 12288, 11822, 294
2026/10/08 09:45:29.361, 0, 12288, 11822, 294
2026/10/08 09:45:29.568, 0, 12288, 11822, 294
2026/10/08 09:45:29.774, 0, 12288, 11822, 294
2026/10/08 09:45:29.981, 0, 12288, 11822, 294
2026/10/08 09:45:30.187, 0, 12288, 11822, 294
2026/10/08 09:45:30.394, 0, 12288, 11822, 294
2026/10/08 09:45:30.601, 0, 12288, 11822, 294
2026/10/08 09:45:30.807, 0, 12288, 11822, 294
2026/10/08 09:45:31.015, 0, 12288, 11822, 294
2026/10/08 09:45:31.220, 0, 12288, 11822, 294
2026/10/08 09:45:31.426, 0, 12288, 11822, 294
2026/10/08 09:45:31.632, 0, 12288, 11822, 294
2026/10/08 09:45:31.838, 0, 12288, 11822, 294
2026/10/08 09:45:32.044, 0, 12288, 11822, 294
2026/10/08 09:45:32.251, 0, 12288, 11822, 294
2026/10/08 09:45:32.457, 0, 12288, 11822, 294
2026/10/08 09:45:32.661, 0, 12288, 11822, 294
2026/10/08 09:45:32.870, 0, 12288, 11822, 294
2026/10/08 09:45:33.077, 0, 12288, 11822, 294
2026/10/08 09:45:33.284, 0, 12288, 11822, 294
2026/10/08 09:45:33.487, 0, 12288, 11822, 294
2026/10/08 09:45:33.693, 0, 12288, 11822, 294
2026/10/08 09:45:33.899, 0, 12288, 11822, 294
2026/10/08 09:45:34.106, 0, 12288, 11822, 294
2026/10/08 09:45:34.312, 0, 12288, 11822, 294
2026/10/08 09:45:34.519, 0, 12288, 11822, 294
2026/10/08 09:45:34.722, 0, 12288, 11822, 294
2026/10/08 09:45:34.945, 0, 12288, 11822, 294
2026/10/08 09:45:35.152, 0, 12288, 11822, 294
2026/10/08 09:45:35.357, 0, 12288, 11822, 294
2026/10/08 09:45:35.564, 0, 12288, 11822, 294
2026/10/08 09:45:35.771, 0, 12288, 11822, 294
2026/10/08 09:45:35.977, 0, 12288, 11822, 294
2026/10/08 09:45:36.184, 0, 12288, 11822, 294
2026/10/08 09:45:36.391, 0, 12288, 11822, 294
2026/10/08 09:45:36.596, 0, 12288, 11822, 294
2026/10/08 09:45:36.801, 0, 12288, 11822, 294
2026/10/08 09:45:37.007, 0, 12288, 11822, 294
2026/10/08 09:45:37.214, 0, 12288, 11822, 294
2026/10/08 09:45:37.421, 0, 12288, 11822, 294
2026/10/08 09:45:37.627, 0, 12288, 11822, 294
2026/10/08 09:45:37.835, 0, 12288, 11822, 294
2026/10/08 09:45:38.042, 0, 12288, 11822, 294
2026/10/08 09:45:38.247, 0, 12288, 11822, 294
2026/10/08 09:45:38.453, 0, 12288, 11822, 294
2026/10/08 09:45:38.658, 0, 12288, 11822, 294
2026/10/08 09:45:38.864, 0, 12288, 11822, 294
2026/10/08 09:45:39.069, 0, 12288, 11822, 294
2026/10/08 09:45:39.275, 0, 12288, 11822, 294
2026/10/08 09:45:39.480, 0, 12288, 11822, 294
2026/10/08 09:45:39.686, 0, 12288, 11822, 294
2026/10/08 09:45:39.892, 0, 12288, 11822, 294
2026/10/08 09:45:40.098, 0, 12288, 11822, 294
2026/10/08 09:45:40.306, 0, 12288, 11822, 294
2026/10/08 09:45:40.510, 0, 12288, 11822, 294
2026/10/08 09:45:40.716, 0, 12288, 11822, 294
2026/10/08 09:45:40.919, 0, 12288, 11822, 294
2026/10/08 09:45:41.126, 0, 12288, 11822, 294
2026/10/08 09:45:41.332, 0, 12288, 11822, 294
2026/10/08 09:45:41.538, 0, 12288, 11822, 294
2026/10/08 09:45:41.745, 0, 12288, 11822, 294
2026/10/08 09:45:41.952, 0, 12288, 11822, 294
2026/10/08 09:45:42.159, 0, 12288, 11822, 294
2026/10/08 09:45:42.363, 0, 12288, 11822, 294
2026/10/08 09:45:42.570, 0, 12288, 11822, 294
2026/10/08 09:45:42.776, 0, 12288, 11822, 294
2026/10/08 09:45:42.982, 0, 12288, 11822, 294
2026/10/08 09:45:43.187, 0, 12288, 11822, 294
2026/10/08 09:45:43.394, 0, 12288, 11822, 294
2026/10/08 09:45:43.601, 0, 12288, 11822, 294
2026/10/08 09:45:43.806, 0, 12288, 11822, 294
2026/10/08 09:45:44.012, 0, 12288, 11822, 294
2026/10/08 09:45:44.219, 0, 12288, 11822, 294
2026/10/08 09:45:44.424, 0, 12288, 11822, 294
2026/10/08 09:45:44.630, 0, 12288, 11822, 294
2026/10/08 09:45:44.837, 0, 12288, 11822, 294
2026/10/08 09:45:45.042, 0, 12288, 11822, 294
2026/10/08 09:45:45.247, 0, 12288, 11822, 294
2026/10/08 09:45:45.453, 0, 12288, 11822, 294
2026/10/08 09:45:45.658, 0, 12288, 11822, 294
2026/10/08 09:45:45.865, 0, 12288, 11822, 294
2026/10/08 09:45:46.072, 0, 12288, 11822, 294
2026/10/08 09:45:46.278, 0, 12288, 11822, 294
2026/10/08 09:45:46.484, 0, 12288, 11822, 294
2026/10/08 09:45:46.690, 0, 12288, 11822, 294
2026/10/08 09:45:46.896, 0, 12288, 11822, 294
2026/10/08 09:45:47.102, 0, 12288, 11822, 294
2026/10/08 09:45:47.308, 0, 12288, 11822, 294
2026/10/08 09:45:47.515, 0, 12288, 11822, 294
2026/10/08 09:45:47.721, 0, 12288, 11822, 294
2026/10/08 09:45:47.926, 0, 12288, 11822, 294
2026/10/08 09:45:48.133, 0, 12288, 11822, 294
2026/10/08 09:45:48.338, 0, 12288, 11822, 294
2026/10/08 09:45:48.544, 0, 12288, 11822, 294
2026/10/08 09:45:48.751, 0, 12288, 11822, 294
2026/10/08 09:45:48.957, 0, 12288, 11822, 294
2026/10/08 09:45:49.163, 0, 12288, 11822, 294
2026/10/08 09:45:49.365, 0, 12288, 11822, 294
2026/10/08 09:45:49.572, 0, 12288, 11822, 294
2026/10/08 09:45:49.779, 0, 12288, 11822, 294
2026/10/08 09:45:49.986, 0, 12288, 11822, 294
2026/10/08 09:45:50.192, 0, 12288, 11822, 294
2026/10/08 09:45:50.398, 0, 12288, 11822, 294
2026/10/08 09:45:50.601, 0, 12288, 11822, 294
2026/10/08 09:45:50.809, 0, 12288, 11822, 294
2026/10/08 09:45:51.015, 0, 12288, 11822, 294
2026/10/08 09:45:51.220, 0, 12288, 11822, 294
2026/10/08 09:45:51.425, 0, 12288, 11822, 294
2026/10/08 09:45:51.632, 0, 12288, 11822, 294
2026/10/08 09:45:51.839, 0, 12288, 11822, 294
2026/10/08 09:45:52.046, 0, 12288, 11822, 294
2026/10/08 09:45:52.252, 0, 12288, 11822, 294
2026/10/08 09:45:52.460, 0, 12288, 11822, 294
2026/10/08 09:45:52.667, 0, 12288, 11822, 294
2026/10/08 09:45:52.874, 0, 12288, 11822, 294
2026/10/08 09:45:53.081, 0, 12288, 11822, 294
2026/10/08 09:45:53.288, 0, 12288, 11822, 294
2026/10/08 09:45:53.495, 0, 12288, 11822, 294
2026/10/08 09:45:53.702, 0, 12288, 11822, 294
2026/10/08 09:45:53.908, 0, 12288, 11822, 294
2026/10/08 09:45:54.114, 0, 12288, 11822, 294
2026/10/08 09:45:54.320, 0, 12288, 11822, 294
2026/10/08 09:45:54.527, 0, 12288, 11822, 294
2026/10/08 09:45:54.734, 0, 12288, 11822, 294
2026/10/08 09:45:54.939, 0, 12288, 11822, 294
2026/10/08 09:45:55.146, 0, 12288, 11822, 294
2026/10/08 09:45:55.351, 0, 12288, 11822, 294
2026/10/08 09:45:55.558, 0, 12288, 11822, 294
2026/10/08 09:45:55.764, 0, 12288, 11822, 294
2026/10/08 09:45:55.971, 0, 12288, 11822, 294
2026/10/08 09:45:56.177, 0, 12288, 11822, 294
2026/10/08 09:45:56.383, 0, 12288, 11822, 294
2026/10/08 09:45:56.589, 0, 12288, 11822, 294
2026/10/08 09:45:56.795, 0, 12288, 11822, 294
2026/10/08 09:45:57.001, 0, 12288, 11822, 294
2026/10/08 09:45:57.206, 0, 12288, 11822, 294
2026/10/08 09:45:57.412, 0, 12288, 11822, 294
2026/10/08 09:45:57.618, 0, 12288, 11822, 294
2026/10/08 09:45:57.823, 0, 12288, 11822, 294
2026/10/08 09:45:58.030, 0, 12288, 11822, 294
2026/10/08 09:45:58.236, 0, 12288, 11822, 294
2026/10/08 09:45:58.442, 0, 12288, 11822, 294
2026/10/08 09:45:58.649, 0, 12288, 11822, 294
2026/10/08 09:45:58.854, 0, 12288, 11822, 294
2026/10/08 09:45:59.060, 0, 12288, 11822, 294
2026/10/08 09:45:59.267, 0, 12288, 11822, 294
2026/10/08 09:45:59.473, 0, 12288, 11822, 294
2026/10/08 09:45:59.679, 0, 12288, 11822, 294
2026/10/08 09:45:59.885, 0, 12288, 11822, 294
2026/10/08 09:46:00.093, 0, 12288, 11822, 294
2026/10/08 09:46:00.298, 0, 12288, 11822, 294
2026/10/08 09:46:00.501, 0, 12288, 11822, 294
2026/10/08 09:46:00.707, 0, 12288, 11822, 294
2026/10/08 09:46:00.914, 0, 12288, 11822, 294
2026/10/08 09:46:01.119, 0, 12288, 11822, 294
2026/10/08 09:46:01.326, 0, 12288, 11822, 294
2026/10/08 09:46:01.532, 0, 12288, 11822, 294
2026/10/08 09:46:01.738, 0, 12288, 11822, 294
2026/10/08 09:46:01.944, 0, 12288, 11822, 294
2026/10/08 09:46:02.149, 0, 12288, 11822, 294
2026/10/08 09:46:02.355, 0, 12288, 11822, 294
2026/10/08 09:46:02.563, 0, 12288, 11822, 294
2026/10/08 09:46:02.768, 0, 12288, 11822, 294
2026/10/08 09:46:02.974, 0, 12288, 11822, 294
2026/10/08 09:46:03.180, 0, 12288, 11822, 294
2026/10/08 09:46:03.385, 0, 12288, 11822, 294
2026/10/08 09:46:03.591, 0, 12288, 11822, 294
2026/10/08 09:46:03.798, 0, 12288, 11822, 294
2026/10/08 09:46:04.005, 0, 12288, 11822, 294
2026/10/08 09:46:04.211, 0, 12288, 11822, 294
2026/10/08 09:46:04.415, 0, 12288, 11822, 294
2026/10/08 09:46:04.621, 0, 12288, 11822, 294
2026/10/08 09:46:04.828, 0, 12288, 11822, 294
2026/10/08 09:46:05.033, 0, 12288, 11822, 294
2026/10/08 09:46:05.240, 0, 12288, 11822, 294
2026/10/08 09:46:05.445, 0, 12288, 11822, 294
2026/10/08 09:46:05.652, 0, 12288, 11822, 294
2026/10/08 09:46:05.858, 0, 12288, 11822, 294
2026/10/08 09:46:06.063, 0, 12288, 11822, 294
2026/10/08 09:46:06.285, 0, 12288, 11822, 294
2026/10/08 09:46:06.489, 0, 12288, 11822, 294
2026/10/08 09:46:06.695, 0, 12288, 11822, 294
2026/10/08 09:46:06.902, 0, 12288, 11822, 294
2026/10/08 09:46:07.108, 0, 12288, 11822, 294
2026/10/08 09:46:07.314, 0, 12288, 11822, 294
2026/10/08 09:46:07.519, 0, 12288, 11822, 294
2026/10/08 09:46:07.723, 0, 12288, 11822, 294
2026/10/08 09:46:07.927, 0, 12288, 11822, 294
2026/10/08 09:46:08.132, 0, 12288, 11822, 294
2026/10/08 09:46:08.339, 0, 12288, 11822, 294
2026/10/08 09:46:08.543, 0, 12288, 11822, 294
2026/10/08 09:46:08.750, 0, 12288, 11822, 294
2026/10/08 09:46:08.955, 0, 12288, 11822, 294
2026/10/08 09:46:09.162, 0, 12288, 11822, 294
2026/10/08 09:46:09.368, 0, 12288, 11822, 294
2026/10/08 09:46:09.573, 0, 12288, 11822, 294
2026/10/08 09:46:09.778, 0, 12288, 11822, 294
2026/10/08 09:46:09.984, 0, 12288, 11822, 294
2026/10/08 09:46:10.188, 0, 12288, 11822, 294
2026/10/08 09:46:10.393, 0, 12288, 11822, 294
2026/10/08 09:46:10.599, 0, 12288, 11822, 294
2026/10/08 09:46:10.806, 0, 12288, 11822, 294
2026/10/08 09:46:11.012, 0, 12288, 11822, 294
2026/10/08 09:46:11.217, 0, 12288, 11822, 294
2026/10/08 09:46:11.424, 0, 12288, 11822, 294
2026/10/08 09:46:11.631, 0, 12288, 11822, 294
2026/10/08 09:46:11.837, 0, 12288, 11822, 294
2026/10/08 09:46:12.043, 0, 12288, 11822, 294
2026/10/08 09:46:12.248, 0, 12288, 11822, 294
2026/10/08 09:46:12.455, 0, 12288, 11822, 294
2026/10/08 09:46:12.660, 0, 12288, 11822, 294
2026/10/08 09:46:12.866, 0, 12288, 11822, 294
2026/10/08 09:46:13.071, 0, 12288, 11822, 294
2026/10/08 09:46:13.277, 0, 12288, 11822, 294
2026/10/08 09:46:13.483, 0, 12288, 11822, 294
2026/10/08 09:46:13.690, 0, 12288, 11822, 294
2026/10/08 09:46:13.895, 0, 12288, 11822, 294
2026/10/08 09:46:14.102, 0, 12288, 11822, 294
2026/10/08 09:46:14.306, 0, 12288, 11822, 294
2026/10/08 09:46:14.512, 0, 12288, 11822, 294
2026/10/08 09:46:14.719, 0, 12288, 11822, 294
2026/10/08 09:46:14.925, 0, 12288, 11822, 294
2026/10/08 09:46:15.131, 0, 12288, 11822, 294
2026/10/08 09:46:15.338, 0, 12288, 11822, 294
2026/10/08 09:46:15.545, 0, 12288, 11822, 294
2026/10/08 09:46:15.752, 0, 12288, 11822, 294
2026/10/08 09:46:15.958, 0, 12288, 11822, 294
2026/10/08 09:46:16.164, 0, 12288, 11822, 294
2026/10/08 09:46:16.371, 0, 12288, 11822, 294
2026/10/08 09:46:16.577, 0, 12288, 11822, 294
2026/10/08 09:46:16.783, 0, 12288, 11822, 294
2026/10/08 09:46:16.990, 0, 12288, 11822, 294
2026/10/08 09:46:17.197, 0, 12288, 11822, 294
2026/10/08 09:46:17.401, 0, 12288, 11822, 294
2026/10/08 09:46:17.607, 0, 12288, 11822, 294
2026/10/08 09:46:17.814, 0, 12288, 11822, 294
2026/10/08 09:46:18.020, 0, 12288, 11822, 294
2026/10/08 09:46:18.226, 0, 12288, 11822, 294
2026/10/08 09:46:18.434, 0, 12288, 11822, 294
2026/10/08 09:46:18.641, 0, 12288, 11822, 294
2026/10/08 09:46:18.846, 0, 12288, 11822, 294
2026/10/08 09:46:19.053, 0, 12288, 11822, 294
2026/10/08 09:46:19.259, 0, 12288, 11822, 294
2026/10/08 09:46:19.465, 0, 12288, 11822, 294
2026/10/08 09:46:19.670, 0, 12288, 11822, 294
2026/10/08 09:46:19.877, 0, 12288, 11822, 294
2026/10/08 09:46:20.081, 0, 12288, 11822, 294
2026/10/08 09:46:20.288, 0, 12288, 11822, 294
2026/10/08 09:46:20.495, 0, 12288, 11822, 294
2026/10/08 09:46:20.701, 0, 12288, 11822, 294
2026/10/08 09:46:20.906, 0, 12288, 11822, 294
2026/10/08 09:46:21.111, 0, 12288, 11822, 294
2026/10/08 09:46:21.319, 0, 12288, 11822, 294
2026/10/08 09:46:21.525, 0, 12288, 11822, 294
2026/10/08 09:46:21.732, 0, 12288, 11822, 294
2026/10/08 09:46:21.939, 0, 12288, 11822, 294
2026/10/08 09:46:22.147, 0, 12288, 11822, 294
2026/10/08 09:46:22.351, 0, 12288, 11822, 294
2026/10/08 09:46:22.558, 0, 12288, 11822, 294
2026/10/08 09:46:22.764, 0, 12288, 11822, 294
2026/10/08 09:46:22.969, 0, 12288, 11822, 294
2026/10/08 09:46:23.175, 0, 12288, 11822, 294
2026/10/08 09:46:23.383, 0, 12288, 11822, 294
2026/10/08 09:46:23.588, 0, 12288, 11822, 294
2026/10/08 09:46:23.793, 0, 12288, 11822, 294
2026/10/08 09:46:24.015, 0, 12288, 11822, 294
2026/10/08 09:46:24.223, 0, 12288, 11822, 294
2026/10/08 09:46:24.430, 0, 12288, 11822, 294
2026/10/08 09:46:24.636, 0, 12288, 11822, 294
2026/10/08 09:46:24.843, 0, 12288, 11822, 294
2026/10/08 09:46:25.048, 0, 12288, 11822, 294
2026/10/08 09:46:25.253, 0, 12288, 11822, 294
2026/10/08 09:46:25.460, 0, 12288, 11822, 294
2026/10/08 09:46:25.666, 0, 12288, 11822, 294
2026/10/08 09:46:25.873, 0, 12288, 11822, 294
2026/10/08 09:46:26.079, 0, 12288, 11822, 294
2026/10/08 09:46:26.285, 0, 12288, 11822, 294
2026/10/08 09:46:26.491, 0, 12288, 11822, 294
2026/10/08 09:46:26.697, 0, 12288, 11822, 294
2026/10/08 09:46:26.903, 0, 12288, 11822, 294
2026/10/08 09:46:27.109, 0, 12288, 11822, 294
2026/10/08 09:46:27.315, 0, 12288, 11822, 294
2026/10/08 09:46:27.522, 0, 12288, 11822, 294
2026/10/08 09:46:27.729, 0, 12288, 11822, 294
2026/10/08 09:46:27.934, 0, 12288, 11822, 294
2026/10/08 09:46:28.138, 0, 12288, 11822, 294
2026/10/08 09:46:28.345, 0, 12288, 11822, 294
2026/10/08 09:46:28.550, 0, 12288, 11822, 294
2026/10/08 09:46:28.756, 0, 12288, 11822, 294
2026/10/08 09:46:28.962, 0, 12288, 11822, 294
2026/10/08 09:46:29.169, 0, 12288, 11822, 294
2026/10/08 09:46:29.377, 0, 12288, 11822, 294
2026/10/08 09:46:29.583, 0, 12288, 11822, 294
2026/10/08 09:46:29.790, 0, 12288, 11822, 294
2026/10/08 09:46:29.995, 0, 12288, 11822, 294
2026/10/08 09:46:30.201, 0, 12288, 11822, 294
2026/10/08 09:46:30.408, 0, 12288, 11822, 294
2026/10/08 09:46:30.612, 0, 12288, 11822, 294
2026/10/08 09:46:30.835, 0, 12288, 11822, 294
2026/10/08 09:46:31.042, 0, 12288, 11822, 294
2026/10/08 09:46:31.247, 0, 12288, 11822, 294
2026/10/08 09:46:31.452, 0, 12288, 11822, 294
2026/10/08 09:46:31.659, 0, 12288, 11822, 294
2026/10/08 09:46:31.866, 0, 12288, 11822, 294
2026/10/08 09:46:32.071, 0, 12288, 11822, 294
2026/10/08 09:46:32.277, 0, 12288, 11822, 294
2026/10/08 09:46:32.483, 0, 12288, 11822, 294
2026/10/08 09:46:32.690, 0, 12288, 11822, 294
2026/10/08 09:46:32.896, 0, 12288, 11822, 294
2026/10/08 09:46:33.102, 0, 12288, 11822, 294
2026/10/08 09:46:33.308, 0, 12288, 11822, 294
2026/10/08 09:46:33.512, 0, 12288, 11822, 294
2026/10/08 09:46:33.720, 0, 12288, 11822, 294
2026/10/08 09:46:33.927, 0, 12288, 11822, 294
2026/10/08 09:46:34.131, 0, 12288, 11822, 294
2026/10/08 09:46:34.337, 0, 12288, 11822, 294
2026/10/08 09:46:34.542, 0, 12288, 11822, 294
2026/10/08 09:46:34.749, 0, 12288, 11822, 294
2026/10/08 09:46:34.954, 0, 12288, 11822, 294
2026/10/08 09:46:35.162, 0, 12288, 11822, 294
2026/10/08 09:46:35.368, 0, 12288, 11822, 294
2026/10/08 09:46:35.576, 0, 12288, 11822, 294
2026/10/08 09:46:35.783, 0, 12288, 11822, 294
2026/10/08 09:46:35.990, 0, 12288, 11822, 294
2026/10/08 09:46:36.195, 0, 12288, 11822, 294
2026/10/08 09:46:36.402, 0, 12288, 11822, 294
2026/10/08 09:46:36.609, 0, 12288, 11822, 294
2026/10/08 09:46:36.815, 0, 12288, 11822, 294
2026/10/08 09:46:37.021, 0, 12288, 11822, 294
2026/10/08 09:46:37.226, 0, 12288, 11822, 294
2026/10/08 09:46:37.432, 0, 12288, 11822, 294
2026/10/08 09:46:37.638, 0, 12288, 11822, 294
2026/10/08 09:46:37.844, 0, 12288, 11822, 294
2026/10/08 09:46:38.049, 0, 12288, 11822, 294
2026/10/08 09:46:38.255, 0, 12288, 11822, 294
2026/10/08 09:46:38.459, 0, 12288, 11822, 294
2026/10/08 09:46:38.664, 0, 12288, 11822, 294
2026/10/08 09:46:38.870, 0, 12288, 11822, 294
2026/10/08 09:46:39.076, 0, 12288, 11822, 294
2026/10/08 09:46:39.283, 0, 12288, 11822, 294
2026/10/08 09:46:39.490, 0, 12288, 11822, 294
2026/10/08 09:46:39.696, 0, 12288, 11822, 294
2026/10/08 09:46:39.901, 0, 12288, 11822, 294
2026/10/08 09:46:40.107, 0, 12288, 11822, 294
2026/10/08 09:46:40.314, 0, 12288, 11822, 294
2026/10/08 09:46:40.519, 0, 12288, 11822, 294
2026/10/08 09:46:40.724, 0, 12288, 11822, 294
2026/10/08 09:46:40.931, 0, 12288, 11822, 294
2026/10/08 09:46:41.136, 0, 12288, 11822, 294
2026/10/08 09:46:41.342, 0, 12288, 11822, 294
2026/10/08 09:46:41.548, 0, 12288, 11822, 294
2026/10/08 09:46:41.755, 0, 12288, 11822, 294
2026/10/08 09:46:41.959, 0, 12288, 11822, 294
2026/10/08 09:46:42.164, 0, 12288, 11822, 294
2026/10/08 09:46:42.371, 0, 12288, 11822, 294
2026/10/08 09:46:42.577, 0, 12288, 11822, 294
2026/10/08 09:46:42.783, 0, 12288, 11822, 294
2026/10/08 09:46:42.988, 0, 12288, 11822, 294
2026/10/08 09:46:43.194, 0, 12288, 11822, 294
2026/10/08 09:46:43.400, 0, 12288, 11822, 294
2026/10/08 09:46:43.607, 0, 12288, 11822, 294
2026/10/08 09:46:43.814, 0, 12288, 11822, 294
2026/10/08 09:46:44.019, 0, 12288, 11822, 294
2026/10/08 09:46:44.226, 0, 12288, 11822, 294
2026/10/08 09:46:44.431, 0, 12288, 11822, 294
2026/10/08 09:46:44.637, 0, 12288, 11822, 294
2026/10/08 09:46:44.843, 0, 12288, 11822, 294
2026/10/08 09:46:45.050, 0, 12288, 11822, 294
2026/10/08 09:46:45.255, 0, 12288, 11822, 294
2026/10/08 09:46:45.460, 0, 12288, 11822, 294
2026/10/08 09:46:45.666, 0, 12288, 11822, 294
2026/10/08 09:46:45.873, 0, 12288, 11822, 294
2026/10/08 09:46:46.079, 0, 12288, 11822, 294
2026/10/08 09:46:46.284, 0, 12288, 11822, 294
2026/10/08 09:46:46.491, 0, 12288, 11822, 294
2026/10/08 09:46:46.697, 0, 12288, 11822, 294
2026/10/08 09:46:46.904, 0, 12288, 11822, 294
2026/10/08 09:46:47.109, 0, 12288, 11822, 294
2026/10/08 09:46:47.316, 0, 12288, 11822, 294
2026/10/08 09:46:47.522, 0, 12288, 11822, 294
2026/10/08 09:46:47.728, 0, 12288, 11822, 294
2026/10/08 09:46:47.935, 0, 12288, 11822, 294
2026/10/08 09:46:48.142, 0, 12288, 11822, 294
2026/10/08 09:46:48.348, 0, 12288, 11822, 294
2026/10/08 09:46:48.555, 0, 12288, 11822, 294
2026/10/08 09:46:48.763, 0, 12288, 11822, 294
2026/10/08 09:46:48.969, 0, 12288, 11822, 294
2026/10/08 09:46:49.175, 0, 12288, 11822, 294
2026/10/08 09:46:49.380, 0, 12288, 11822, 294
2026/10/08 09:46:49.585, 0, 12288, 11822, 294
2026/10/08 09:46:49.791, 0, 12288, 11822, 294
2026/10/08 09:46:49.996, 0, 12288, 11822, 294
2026/10/08 09:46:50.203, 0, 12288, 11822, 294
2026/10/08 09:46:50.408, 0, 12288, 11822, 294
2026/10/08 09:46:50.614, 0, 12288, 11822, 294
2026/10/08 09:46:50.820, 0, 12288, 11822, 294
2026/10/08 09:46:51.024, 0, 12288, 11822, 294
2026/10/08 09:46:51.231, 0, 12288, 11822, 294
2026/10/08 09:46:51.438, 0, 12288, 11822, 294
2026/10/08 09:46:51.644, 0, 12288, 11822, 294
2026/10/08 09:46:51.850, 0, 12288, 11822, 294
2026/10/08 09:46:52.056, 0, 12288, 11822, 294
2026/10/08 09:46:52.262, 0, 12288, 11822, 294
2026/10/08 09:46:52.467, 0, 12288, 11822, 294
2026/10/08 09:46:52.673, 0, 12288, 11822, 294
2026/10/08 09:46:52.879, 0, 12288, 11822, 294
2026/10/08 09:46:53.086, 0, 12288, 11822, 294
2026/10/08 09:46:53.292, 0, 12288, 11822, 294
2026/10/08 09:46:53.499, 0, 12288, 11822, 294
2026/10/08 09:46:53.705, 0, 12288, 11822, 294
2026/10/08 09:46:53.912, 0, 12288, 11822, 294
2026/10/08 09:46:54.118, 0, 12288, 11822, 294
2026/10/08 09:46:54.325, 0, 12288, 11822, 294
2026/10/08 09:46:54.531, 0, 12288, 11822, 294
2026/10/08 09:46:54.737, 0, 12288, 11822, 294
2026/10/08 09:46:54.943, 0, 12288, 11822, 294
2026/10/08 09:46:55.150, 0, 12288, 11822, 294
2026/10/08 09:46:55.372, 0, 12288, 11822, 294
2026/10/08 09:46:55.577, 0, 12288, 11822, 294
2026/10/08 09:46:55.783, 0, 12288, 11822, 294
2026/10/08 09:46:55.990, 0, 12288, 11822, 294
2026/10/08 09:46:56.196, 0, 12288, 11822, 294
2026/10/08 09:46:56.402, 0, 12288, 11822, 294
2026/10/08 09:46:56.606, 0, 12288, 11822, 294
2026/10/08 09:46:56.813, 0, 12288, 11822, 294
2026/10/08 09:46:57.019, 0, 12288, 11822, 294
2026/10/08 09:46:57.224, 0, 12288, 11822, 294
2026/10/08 09:46:57.432, 0, 12288, 11822, 294
2026/10/08 09:46:57.639, 0, 12288, 11822, 294
2026/10/08 09:46:57.843, 0, 12288, 11822, 294
2026/10/08 09:46:58.050, 0, 12288, 11822, 294
2026/10/08 09:46:58.256, 0, 12288, 11822, 294
2026/10/08 09:46:58.462, 0, 12288, 11822, 294
2026/10/08 09:46:58.670, 0, 12288, 11822, 294
2026/10/08 09:46:58.875, 0, 12288, 11822, 294
2026/10/08 09:46:59.081, 0, 12288, 11822, 294
2026/10/08 09:46:59.286, 0, 12288, 11822, 294
2026/10/08 09:46:59.491, 0, 12288, 11822, 294
2026/10/08 09:46:59.698, 0, 12288, 11822, 294
2026/10/08 09:46:59.903, 0, 12288, 11822, 294
2026/10/08 09:47:00.110, 0, 12288, 11822, 294
2026/10/08 09:47:00.316, 0, 12288, 11822, 294
2026/10/08 09:47:00.523, 0, 12288, 11822, 294
2026/10/08 09:47:00.728, 0, 12288, 11822, 294
2026/10/08 09:47:00.934, 0, 12288, 11822, 294
2026/10/08 09:47:01.140, 0, 12288, 11822, 294
2026/10/08 09:47:01.345, 0, 12288, 11822, 294
2026/10/08 09:47:01.550, 0, 12288, 11822, 294
2026/10/08 09:47:01.755, 0, 12288, 11822, 294
2026/10/08 09:47:01.962, 0, 12288, 11822, 294
2026/10/08 09:47:02.181, 0, 12288, 11822, 294
2026/10/08 09:47:02.385, 0, 12288, 11822, 294
2026/10/08 09:47:02.591, 0, 12288, 11822, 294
2026/10/08 09:47:02.798, 0, 12288, 11822, 294
2026/10/08 09:47:03.004, 0, 12288, 11822, 294
2026/10/08 09:47:03.210, 0, 12288, 11822, 294
2026/10/08 09:47:03.416, 0, 12288, 11822, 294
2026/10/08 09:47:03.623, 0, 12288, 11822, 294
2026/10/08 09:47:03.828, 0, 12288, 11822, 294
2026/10/08 09:47:04.035, 0, 12288, 11822, 294
2026/10/08 09:47:04.240, 0, 12288, 11822, 294
2026/10/08 09:47:04.445, 0, 12288, 11822, 294
2026/10/08 09:47:04.652, 0, 12288, 11822, 294
2026/10/08 09:47:04.859, 0, 12288, 11822, 294
2026/10/08 09:47:05.064, 0, 12288, 11822, 294
2026/10/08 09:47:05.271, 0, 12288, 11822, 294
2026/10/08 09:47:05.478, 0, 12288, 11822, 294
2026/10/08 09:47:05.683, 0, 12288, 11822, 294
2026/10/08 09:47:05.890, 0, 12288, 11822, 294
2026/10/08 09:47:06.096, 0, 12288, 11822, 294
2026/10/08 09:47:06.299, 0, 12288, 11822, 294
2026/10/08 09:47:06.506, 0, 12288, 11822, 294
2026/10/08 09:47:06.711, 0, 12288, 11822, 294
2026/10/08 09:47:06.917, 0, 12288, 11822, 294
2026/10/08 09:47:07.124, 0, 12288, 11822, 294
2026/10/08 09:47:07.331, 0, 12288, 11822, 294
2026/10/08 09:47:07.535, 0, 12288, 11822, 294
2026/10/08 09:47:07.738, 0, 12288, 11822, 294
2026/10/08 09:47:07.944, 0, 12288, 11822, 294
2026/10/08 09:47:08.150, 0, 12288, 11822, 294
2026/10/08 09:47:08.356, 0, 12288, 11822, 294
2026/10/08 09:47:08.563, 0, 12288, 11822, 294
2026/10/08 09:47:08.769, 0, 12288, 11822, 294
2026/10/08 09:47:08.975, 0, 12288, 11822, 294
2026/10/08 09:47:09.181, 0, 12288, 11822, 294
2026/10/08 09:47:09.388, 0, 12288, 11822, 294
2026/10/08 09:47:09.593, 0, 12288, 11822, 294
2026/10/08 09:47:09.798, 0, 12288, 11822, 294
2026/10/08 09:47:10.005, 0, 12288, 11822, 294
2026/10/08 09:47:10.211, 0, 12288, 11822, 294
2026/10/08 09:47:10.419, 0, 12288, 11822, 294
2026/10/08 09:47:10.624, 0, 12288, 11822, 294
2026/10/08 09:47:10.831, 0, 12288, 11822, 294
2026/10/08 09:47:11.036, 0, 12288, 11822, 294
2026/10/08 09:47:11.242, 0, 12288, 11822, 294
2026/10/08 09:47:11.447, 0, 12288, 11822, 294
2026/10/08 09:47:11.653, 0, 12288, 11822, 294
2026/10/08 09:47:11.859, 0, 12288, 11822, 294
2026/10/08 09:47:12.065, 0, 12288, 11822, 294
2026/10/08 09:47:12.271, 0, 12288, 11822, 294
2026/10/08 09:47:12.478, 0, 12288, 11822, 294
2026/10/08 09:47:12.684, 0, 12288, 11822, 294
2026/10/08 09:47:12.890, 0, 12288, 11822, 294
2026/10/08 09:47:13.095, 0, 12288, 11822, 294
2026/10/08 09:47:13.299, 0, 12288, 11822, 294
2026/10/08 09:47:13.506, 0, 12288, 11822, 294
2026/10/08 09:47:13.712, 0, 12288, 11822, 294
2026/10/08 09:47:13.918, 0, 12288, 11822, 294
2026/10/08 09:47:14.124, 0, 12288, 11822, 294
2026/10/08 09:47:14.329, 0, 12288, 11822, 294
2026/10/08 09:47:14.537, 0, 12288, 11822, 294
2026/10/08 09:47:14.743, 0, 12288, 11822, 294
2026/10/08 09:47:14.950, 0, 12288, 11822, 294
2026/10/08 09:47:15.155, 0, 12288, 11822, 294
2026/10/08 09:47:15.360, 0, 12288, 11822, 294
2026/10/08 09:47:15.566, 0, 12288, 11822, 294
2026/10/08 09:47:15.772, 0, 12288, 11822, 294
2026/10/08 09:47:15.977, 0, 12288, 11822, 294
2026/10/08 09:47:16.183, 0, 12288, 11822, 294
2026/10/08 09:47:16.389, 0, 12288, 11822, 294
2026/10/08 09:47:16.596, 0, 12288, 11822, 294
2026/10/08 09:47:16.801, 0, 12288, 11822, 294
2026/10/08 09:47:17.007, 0, 12288, 11822, 294
2026/10/08 09:47:17.213, 0, 12288, 11822, 294
2026/10/08 09:47:17.420, 0, 12288, 11822, 294
2026/10/08 09:47:17.626, 0, 12288, 11822, 294
2026/10/08 09:47:17.832, 0, 12288, 11822, 294
2026/10/08 09:47:18.037, 0, 12288, 11822, 294
2026/10/08 09:47:18.243, 0, 12288, 11822, 294
2026/10/08 09:47:18.448, 0, 12288, 11822, 294
2026/10/08 09:47:18.655, 0, 12288, 11822, 294
2026/10/08 09:47:18.858, 0, 12288, 11822, 294
2026/10/08 09:47:19.065, 0, 12288, 11822, 294
2026/10/08 09:47:19.271, 0, 12288, 11822, 294
2026/10/08 09:47:19.477, 0, 12288, 11822, 294
2026/10/08 09:47:19.684, 0, 12288, 11822, 294
2026/10/08 09:47:19.906, 0, 12288, 11822, 294
2026/10/08 09:47:20.112, 0, 12288, 11822, 294
2026/10/08 09:47:20.317, 0, 12288, 11822, 294
2026/10/08 09:47:20.524, 0, 12288, 11822, 294
2026/10/08 09:47:20.730, 0, 12288, 11822, 294
2026/10/08 09:47:20.936, 0, 12288, 11822, 294
2026/10/08 09:47:21.143, 0, 12288, 11822, 294
2026/10/08 09:47:21.349, 0, 12288, 11822, 294
2026/10/08 09:47:21.556, 0, 12288, 11822, 294
2026/10/08 09:47:21.762, 0, 12288, 11822, 294
2026/10/08 09:47:21.968, 0, 12288, 11822, 294
2026/10/08 09:47:22.174, 0, 12288, 11822, 294
2026/10/08 09:47:22.380, 0, 12288, 11822, 294
2026/10/08 09:47:22.585, 0, 12288, 11822, 294
2026/10/08 09:47:22.792, 0, 12288, 11822, 294
2026/10/08 09:47:22.998, 0, 12288, 11822, 294
2026/10/08 09:47:23.205, 0, 12288, 11822, 294
2026/10/08 09:47:23.410, 0, 12288, 11822, 294
2026/10/08 09:47:23.618, 0, 12288, 11822, 294
2026/10/08 09:47:23.824, 0, 12288, 11822, 294
2026/10/08 09:47:24.030, 0, 12288, 11822, 294
2026/10/08 09:47:24.236, 0, 12288, 11822, 294
2026/10/08 09:47:24.439, 0, 12288, 11822, 294
2026/10/08 09:47:24.644, 0, 12288, 11822, 294
2026/10/08 09:47:24.849, 0, 12288, 11822, 294
2026/10/08 09:47:25.055, 0, 12288, 11822, 294
2026/10/08 09:47:25.260, 0, 12288, 11822, 294
2026/10/08 09:47:25.466, 0, 12288, 11822, 294
2026/10/08 09:47:25.670, 0, 12288, 11822, 294
2026/10/08 09:47:25.877, 0, 12288, 11822, 294
2026/10/08 09:47:26.080, 0, 12288, 11822, 294
2026/10/08 09:47:26.284, 0, 12288, 11822, 294
2026/10/08 09:47:26.487, 0, 12288, 11822, 294
2026/10/08 09:47:26.689, 0, 12288, 11822, 294
2026/10/08 09:47:26.896, 0, 12288, 11822, 294
2026/10/08 09:47:27.099, 0, 12288, 11822, 294
2026/10/08 09:47:27.303, 0, 12288, 11822, 294
2026/10/08 09:47:27.510, 0, 12288, 11822, 294
2026/10/08 09:47:27.716, 0, 12288, 11822, 294
2026/10/08 09:47:27.922, 0, 12288, 11822, 294
2026/10/08 09:47:28.128, 0, 12288, 11822, 294
2026/10/08 09:47:28.335, 0, 12288, 11822, 294
2026/10/08 09:47:28.541, 0, 12288, 11822, 294
2026/10/08 09:47:28.746, 0, 12288, 11822, 294
2026/10/08 09:47:28.953, 0, 12288, 11822, 294
2026/10/08 09:47:29.159, 0, 12288, 11822, 294
2026/10/08 09:47:29.365, 0, 12288, 11822, 294
2026/10/08 09:47:29.572, 0, 12288, 11822, 294
2026/10/08 09:47:29.778, 0, 12288, 11822, 294
2026/10/08 09:47:29.982, 0, 12288, 11822, 294
2026/10/08 09:47:30.188, 0, 12288, 11822, 294
2026/10/08 09:47:30.396, 0, 12288, 11822, 294
2026/10/08 09:47:30.602, 0, 12288, 11822, 294
2026/10/08 09:47:30.808, 0, 12288, 11822, 294
2026/10/08 09:47:31.015, 0, 12288, 11822, 294
2026/10/08 09:47:31.221, 0, 12288, 11822, 294
2026/10/08 09:47:31.423, 0, 12288, 11822, 294
2026/10/08 09:47:31.628, 0, 12288, 11822, 294
2026/10/08 09:47:31.833, 0, 12288, 11822, 294
2026/10/08 09:47:32.039, 0, 12288, 11822, 294
2026/10/08 09:47:32.245, 0, 12288, 11822, 294
2026/10/08 09:47:32.452, 0, 12288, 11822, 294
2026/10/08 09:47:32.658, 0, 12288, 11822, 294
2026/10/08 09:47:32.863, 0, 12288, 11822, 294
2026/10/08 09:47:33.069, 0, 12288, 11822, 294
2026/10/08 09:47:33.273, 0, 12288, 11822, 294
2026/10/08 09:47:33.479, 0, 12288, 11822, 294
2026/10/08 09:47:33.687, 0, 12288, 11822, 294
2026/10/08 09:47:33.894, 0, 12288, 11822, 294
2026/10/08 09:47:34.100, 0, 12288, 11822, 294
2026/10/08 09:47:34.307, 0, 12288, 11822, 294
2026/10/08 09:47:34.513, 0, 12288, 11822, 294
2026/10/08 09:47:34.718, 0, 12288, 11822, 294
2026/10/08 09:47:34.923, 0, 12288, 11822, 294
2026/10/08 09:47:35.130, 0, 12288, 11822, 294
2026/10/08 09:47:35.335, 0, 12288, 11822, 294
2026/10/08 09:47:35.541, 0, 12288, 11822, 294
2026/10/08 09:47:35.746, 0, 12288, 11822, 294
2026/10/08 09:47:35.951, 0, 12288, 11822, 294
2026/10/08 09:47:36.157, 0, 12288, 11822, 294
2026/10/08 09:47:36.361, 0, 12288, 11822, 294
2026/10/08 09:47:36.567, 0, 12288, 453, 11663
2026/10/08 09:47:36.773, 0, 12288, 453, 11663
2026/10/08 09:47:36.980, 0, 12288, 453, 11663
2026/10/08 09:47:37.187, 0, 12288, 453, 11663
2026/10/08 09:47:37.394, 0, 12288, 453, 11663
2026/10/08 09:47:37.601, 0, 12288, 453, 11663
2026/10/08 09:47:37.808, 0, 12288, 453, 11663
2026/10/08 09:47:38.014, 0, 12288, 453, 11663
