2026/09/22 10:24:00.082, 0, 12288, 519, 11597
2026/09/22 10:24:00.287, 0, 12288, 611, 11505
2026/09/22 10:24:00.492, 0, 12288, 611, 11505
2026/09/22 10:24:00.697, 0, 12288, 611, 11505
2026/09/22 10:24:00.903, 0, 12288, 611, 11505
2026/09/22 10:24:01.109, 0, 12288, 611, 11505
2026/09/22 10:24:01.315, 0, 12288, 611, 11505
2026/09/22 10:24:01.521, 0, 12288, 611, 11505
2026/09/22 10:24:01.729, 0, 12288, 5795, 6321
2026/09/22 10:24:01.931, 0, 12288, 10297, 1819
2026/09/22 10:24:02.135, 0, 12288, 10297, 1819
2026/09/22 10:24:02.340, 0, 12288, 10297, 1819
2026/09/22 10:24:02.544, 0, 12288, 10297, 1819
2026/09/22 10:24:02.750, 0, 12288, 10297, 1819
2026/09/22 10:24:02.953, 0, 12288, 10297, 1819
2026/09/22 10:24:03.155, 0, 12288, 10297, 1819
2026/09/22 10:24:03.359, 0, 12288, 10297, 1819
2026/09/22 10:24:03.562, 0, 12288, 10297, 1819
2026/09/22 10:24:03.765, 0, 12288, 10297, 1819
2026/09/22 10:24:03.972, 0, 12288, 10297, 1819
2026/09/22 10:24:04.176, 0, 12288, 10297, 1819
2026/09/22 10:24:04.379, 0, 12288, 10297, 1819
2026/09/22 10:24:04.584, 0, 12288, 10297, 1819
2026/09/22 10:24:04.790, 0, 12288, 10297, 1819
2026/09/22 10:24:04.995, 0, 12288, 10297, 1819
2026/09/22 10:24:05.200, 0, 12288, 10297, 1819
2026/09/22 10:24:05.406, 0, 12288, 10297, 1819
2026/09/22 10:24:05.611, 0, 12288, 11729, 387
2026/09/22 10:24:05.816, 0, 12288, 11729, 387
2026/09/22 10:24:06.022, 0, 12288, 11729, 387
2026/09/22 10:24:06.227, 0, 12288, 11729, 387
2026/09/22 10:24:06.432, 0, 12288, 11729, 387
2026/09/22 10:24:06.637, 0, 12288, 11729, 387
2026/09/22 10:24:06.842, 0, 12288, 11729, 387
2026/09/22 10:24:07.045, 0, 12288, 11729, 387
2026/09/22 10:24:07.250, 0, 12288, 11729, 387
2026/09/22 10:24:07.454, 0, 12288, 11729, 387
2026/09/22 10:24:07.659, 0, 12288, 11729, 387
2026/09/22 10:24:07.864, 0, 12288, 11729, 387
2026/09/22 10:24:08.069, 0, 12288, 11729, 387
2026/09/22 10:24:08.275, 0, 12288, 11729, 387
2026/09/22 10:24:08.480, 0, 12288, 11729, 387
2026/09/22 10:24:08.685, 0, 12288, 11729, 387
2026/09/22 10:24:08.889, 0, 12288, 11729, 387
2026/09/22 10:24:09.094, 0, 12288, 11729, 387
2026/09/22 10:24:09.301, 0, 12288, 11729, 387
2026/09/22 10:24:09.504, 0, 12288, 11729, 387
2026/09/22 10:24:09.711, 0, 12288, 11735, 381
2026/09/22 10:24:09.915, 0, 12288, 11735, 381
2026/09/22 10:24:10.121, 0, 12288, 11777, 339
2026/09/22 10:24:10.329, 0, 12288, 11779, 337
2026/09/22 10:24:10.534, 0, 12288, 11779, 337
2026/09/22 10:24:10.740, 0, 12288, 11779, 337
2026/09/22 10:24:10.945, 0, 12288, 11811, 305
2026/09/22 10:24:11.148, 0, 12288, 11811, 305
2026/09/22 10:24:11.353, 0, 12288, 11811, 305
2026/09/22 10:24:11.558, 0, 12288, 11812, 304
2026/09/22 10:24:11.765, 0, 12288, 11812, 304
2026/09/22 10:24:11.969, 0, 12288, 11812, 304
2026/09/22 10:24:12.175, 0, 12288, 11812, 304
2026/09/22 10:24:12.382, 0, 12288, 11812, 304
2026/09/22 10:24:12.587, 0, 12288, 11812, 304
2026/09/22 10:24:12.792, 0, 12288, 11812, 304
2026/09/22 10:24:12.998, 0, 12288, 11812, 304
2026/09/22 10:24:13.204, 0, 12288, 11812, 304
2026/09/22 10:24:13.409, 0, 12288, 11812, 304
2026/09/22 10:24:13.614, 0, 12288, 11812, 304
2026/09/22 10:24:13.819, 0, 12288, 11812, 304
2026/09/22 10:24:14.026, 0, 12288, 11812, 304
2026/09/22 10:24:14.232, 0, 12288, 11812, 304
2026/09/22 10:24:14.438, 0, 12288, 11812, 304
2026/09/22 10:24:14.645, 0, 12288, 11812, 304
2026/09/22 10:24:14.852, 0, 12288, 11812, 304
2026/09/22 10:24:15.056, 0, 12288, 11812, 304
2026/09/22 10:24:15.261, 0, 12288, 11812, 304
2026/09/22 10:24:15.468, 0, 12288, 11812, 304
2026/09/22 10:24:15.672, 0, 12288, 11812, 304
2026/09/22 10:24:15.878, 0, 12288, 11812, 304
2026/09/22 10:24:16.082, 0, 12288, 11812, 304
2026/09/22 10:24:16.285, 0, 12288, 11812, 304
2026/09/22 10:24:16.491, 0, 12288, 11812, 304
2026/09/22 10:24:16.697, 0, 12288, 11812, 304
2026/09/22 10:24:16.902, 0, 12288, 11812, 304
2026/09/22 10:24:17.105, 0, 12288, 11812, 304
2026/09/22 10:24:17.310, 0, 12288, 11812, 304
2026/09/22 10:24:17.515, 0, 12288, 11812, 304
2026/09/22 10:24:17.721, 0, 12288, 11812, 304
2026/09/22 10:24:17.924, 0, 12288, 11812, 304
2026/09/22 10:24:18.129, 0, 12288, 11812, 304
2026/09/22 10:24:18.335, 0, 12288, 11812, 304
2026/09/22 10:24:18.541, 0, 12288, 11812, 304
2026/09/22 10:24:18.746, 0, 12288, 11812, 304
2026/09/22 10:24:18.951, 0, 12288, 11812, 304
2026/09/22 10:24:19.157, 0, 12288, 11812, 304
2026/09/22 10:24:19.363, 0, 12288, 11812, 304
2026/09/22 10:24:19.568, 0, 12288, 11812, 304
2026/09/22 10:24:19.772, 0, 12288, 11812, 304
2026/09/22 10:24:19.977, 0, 12288, 11812, 304
2026/09/22 10:24:20.182, 0, 12288, 11812, 304
2026/09/22 10:24:20.386, 0, 12288, 11812, 304
2026/09/22 10:24:20.592, 0, 12288, 11812, 304
2026/09/22 10:24:20.795, 0, 12288, 11812, 304
2026/09/22 10:24:21.000, 0, 12288, 11812, 304
2026/09/22 10:24:21.204, 0, 12288, 11812, 304
2026/09/22 10:24:21.408, 0, 12288, 11812, 304
2026/09/22 10:24:21.615, 0, 12288, 11812, 304
2026/09/22 10:24:21.820, 0, 12288, 11812, 304
2026/09/22 10:24:22.027, 0, 12288, 11812, 304
2026/09/22 10:24:22.231, 0, 12288, 11812, 304
2026/09/22 10:24:22.434, 0, 12288, 11812, 304
2026/09/22 10:24:22.640, 0, 12288, 11812, 304
2026/09/22 10:24:22.846, 0, 12288, 11812, 304
2026/09/22 10:24:23.052, 0, 12288, 11812, 304
2026/09/22 10:24:23.258, 0, 12288, 11812, 304
2026/09/22 10:24:23.464, 0, 12288, 11812, 304
2026/09/22 10:24:23.669, 0, 12288, 11812, 304
2026/09/22 10:24:23.874, 0, 12288, 11812, 304
2026/09/22 10:24:24.079, 0, 12288, 11812, 304
2026/09/22 10:24:24.285, 0, 12288, 11812, 304
2026/09/22 10:24:24.489, 0, 12288, 11812, 304
2026/09/22 10:24:24.695, 0, 12288, 11812, 304
2026/09/22 10:24:24.902, 0, 12288, 11812, 304
2026/09/22 10:24:25.107, 0, 12288, 11812, 304
2026/09/22 10:24:25.310, 0, 12288, 11812, 304
2026/09/22 10:24:25.514, 0, 12288, 11812, 304
2026/09/22 10:24:25.718, 0, 12288, 11812, 304
2026/09/22 10:24:25.925, 0, 12288, 11812, 304
2026/09/22 10:24:26.130, 0, 12288, 11812, 304
2026/09/22 10:24:26.335, 0, 12288, 11812, 304
2026/09/22 10:24:26.541, 0, 12288, 11812, 304
2026/09/22 10:24:26.749, 0, 12288, 11812, 304
2026/09/22 10:24:26.954, 0, 12288, 11812, 304
2026/09/22 10:24:27.160, 0, 12288, 11812, 304
2026/09/22 10:24:27.365, 0, 12288, 11812, 304
2026/09/22 10:24:27.571, 0, 12288, 11812, 304
2026/09/22 10:24:27.776, 0, 12288, 11812, 304
2026/09/22 10:24:27.981, 0, 12288, 11812, 304
2026/09/22 10:24:28.187, 0, 12288, 11812, 304
2026/09/22 10:24:28.393, 0, 12288, 11812, 304
2026/09/22 10:24:28.599, 0, 12288, 11812, 304
2026/09/22 10:24:28.805, 0, 12288, 11812, 304
2026/09/22 10:24:29.011, 0, 12288, 11812, 304
2026/09/22 10:24:29.217, 0, 12288, 11812, 304
2026/09/22 10:24:29.422, 0, 12288, 11812, 304
2026/09/22 10:24:29.625, 0, 12288, 11812, 304
2026/09/22 10:24:29.830, 0, 12288, 11812, 304
2026/09/22 10:24:30.034, 0, 12288, 11812, 304
2026/09/22 10:24:30.239, 0, 12288, 11812, 304
2026/09/22 10:24:30.443, 0, 12288, 11812, 304
2026/09/22 10:24:30.647, 0, 12288, 11812, 304
2026/09/22 10:24:30.854, 0, 12288, 11812, 304
2026/09/22 10:24:31.058, 0, 12288, 11812, 304
2026/09/22 10:24:31.262, 0, 12288, 11812, 304
2026/09/22 10:24:31.467, 0, 12288, 11812, 304
2026/09/22 10:24:31.673, 0, 12288, 11812, 304
2026/09/22 10:24:31.878, 0, 12288, 11812, 304
2026/09/22 10:24:32.082, 0, 12288, 11812, 304
2026/09/22 10:24:32.287, 0, 12288, 11812, 304
2026/09/22 10:24:32.492, 0, 12288, 11812, 304
2026/09/22 10:24:32.699, 0, 12288, 11812, 304
2026/09/22 10:24:32.903, 0, 12288, 11812, 304
2026/09/22 10:24:33.108, 0, 12288, 11812, 304
2026/09/22 10:24:33.312, 0, 12288, 11812, 304
2026/09/22 10:24:33.517, 0, 12288, 11812, 304
2026/09/22 10:24:33.724, 0, 12288, 11812, 304
2026/09/22 10:24:33.930, 0, 12288, 11812, 304
2026/09/22 10:24:34.134, 0, 12288, 11812, 304
2026/09/22 10:24:34.338, 0, 12288, 11812, 304
2026/09/22 10:24:34.543, 0, 12288, 11812, 304
2026/09/22 10:24:34.746, 0, 12288, 11812, 304
2026/09/22 10:24:34.952, 0, 12288, 11812, 304
2026/09/22 10:24:35.156, 0, 12288, 11812, 304
2026/09/22 10:24:35.362, 0, 12288, 11812, 304
2026/09/22 10:24:35.566, 0, 12288, 11812, 304
2026/09/22 10:24:35.770, 0, 12288, 11812, 304
2026/09/22 10:24:35.975, 0, 12288, 11812, 304
2026/09/22 10:24:36.179, 0, 12288, 11812, 304
2026/09/22 10:24:36.382, 0, 12288, 11812, 304
2026/09/22 10:24:36.587, 0, 12288, 11812, 304
2026/09/22 10:24:36.793, 0, 12288, 11812, 304
2026/09/22 10:24:36.999, 0, 12288, 11812, 304
2026/09/22 10:24:37.202, 0, 12288, 11812, 304
2026/09/22 10:24:37.407, 0, 12288, 11812, 304
2026/09/22 10:24:37.614, 0, 12288, 11812, 304
2026/09/22 10:24:37.817, 0, 12288, 11812, 304
2026/09/22 10:24:38.021, 0, 12288, 11812, 304
2026/09/22 10:24:38.226, 0, 12288, 11812, 304
2026/09/22 10:24:38.433, 0, 12288, 11812, 304
2026/09/22 10:24:38.639, 0, 12288, 11812, 304
2026/09/22 10:24:38.843, 0, 12288, 11812, 304
2026/09/22 10:24:39.049, 0, 12288, 11812, 304
2026/09/22 10:24:39.252, 0, 12288, 11812, 304
2026/09/22 10:24:39.459, 0, 12288, 11812, 304
2026/09/22 10:24:39.663, 0, 12288, 11812, 304
2026/09/22 10:24:39.868, 0, 12288, 11812, 304
2026/09/22 10:24:40.075, 0, 12288, 11814, 302
2026/09/22 10:24:40.278, 0, 12288, 11814, 302
2026/09/22 10:24:40.485, 0, 12288, 11814, 302
2026/09/22 10:24:40.691, 0, 12288, 11814, 302
2026/09/22 10:24:40.895, 0, 12288, 11814, 302
2026/09/22 10:24:41.098, 0, 12288, 11814, 302
2026/09/22 10:24:41.301, 0, 12288, 11814, 302
2026/09/22 10:24:41.506, 0, 12288, 11814, 302
2026/09/22 10:24:41.711, 0, 12288, 11814, 302
2026/09/22 10:24:41.917, 0, 12288, 11814, 302
2026/09/22 10:24:42.121, 0, 12288, 11814, 302
2026/09/22 10:24:42.325, 0, 12288, 11814, 302
2026/09/22 10:24:42.531, 0, 12288, 11814, 302
2026/09/22 10:24:42.738, 0, 12288, 11814, 302
2026/09/22 10:24:42.942, 0, 12288, 11814, 302
2026/09/22 10:24:43.146, 0, 12288, 11814, 302
2026/09/22 10:24:43.348, 0, 12288, 11814, 302
2026/09/22 10:24:43.553, 0, 12288, 11814, 302
2026/09/22 10:24:43.759, 0, 12288, 11814, 302
2026/09/22 10:24:43.963, 0, 12288, 11814, 302
2026/09/22 10:24:44.169, 0, 12288, 11814, 302
2026/09/22 10:24:44.374, 0, 12288, 11814, 302
2026/09/22 10:24:44.581, 0, 12288, 11814, 302
2026/09/22 10:24:44.787, 0, 12288, 11814, 302
2026/09/22 10:24:44.990, 0, 12288, 11814, 302
2026/09/22 10:24:45.196, 0, 12288, 11814, 302
2026/09/22 10:24:45.399, 0, 12288, 11814, 302
2026/09/22 10:24:45.604, 0, 12288, 11814, 302
2026/09/22 10:24:45.809, 0, 12288, 11814, 302
2026/09/22 10:24:46.015, 0, 12288, 11814, 302
2026/09/22 10:24:46.219, 0, 12288, 11814, 302
2026/09/22 10:24:46.425, 0, 12288, 11814, 302
2026/09/22 10:24:46.631, 0, 12288, 11814, 302
2026/09/22 10:24:46.837, 0, 12288, 11814, 302
2026/09/22 10:24:47.042, 0, 12288, 11814, 302
2026/09/22 10:24:47.248, 0, 12288, 11814, 302
2026/09/22 10:24:47.452, 0, 12288, 11814, 302
2026/09/22 10:24:47.657, 0, 12288, 11814, 302
2026/09/22 10:24:47.861, 0, 12288, 11814, 302
2026/09/22 10:24:48.064, 0, 12288, 11814, 302
2026/09/22 10:24:48.269, 0, 12288, 11814, 302
2026/09/22 10:24:48.472, 0, 12288, 11814, 302
2026/09/22 10:24:48.678, 0, 12288, 11814, 302
2026/09/22 10:24:48.884, 0, 12288, 11814, 302
2026/09/22 10:24:49.090, 0, 12288, 11814, 302
2026/09/22 10:24:49.296, 0, 12288, 11814, 302
2026/09/22 10:24:49.502, 0, 12288, 11814, 302
2026/09/22 10:24:49.706, 0, 12288, 11814, 302
2026/09/22 10:24:49.911, 0, 12288, 11814, 302
2026/09/22 10:24:50.118, 0, 12288, 11814, 302
2026/09/22 10:24:50.326, 0, 12288, 11814, 302
2026/09/22 10:24:50.530, 0, 12288, 11814, 302
2026/09/22 10:24:50.734, 0, 12288, 11814, 302
2026/09/22 10:24:50.942, 0, 12288, 11814, 302
2026/09/22 10:24:51.147, 0, 12288, 11814, 302
2026/09/22 10:24:51.353, 0, 12288, 11814, 302
2026/09/22 10:24:51.557, 0, 12288, 11814, 302
2026/09/22 10:24:51.764, 0, 12288, 11814, 302
2026/09/22 10:24:51.971, 0, 12288, 11814, 302
2026/09/22 10:24:52.175, 0, 12288, 11814, 302
2026/09/22 10:24:52.381, 0, 12288, 11814, 302
2026/09/22 10:24:52.587, 0, 12288, 11814, 302
2026/09/22 10:24:52.793, 0, 12288, 11814, 302
2026/09/22 10:24:52.999, 0, 12288, 11814, 302
2026/09/22 10:24:53.205, 0, 12288, 11814, 302
2026/09/22 10:24:53.411, 0, 12288, 11814, 302
2026/09/22 10:24:53.618, 0, 12288, 11814, 302
2026/09/22 10:24:53.824, 0, 12288, 11814, 302
2026/09/22 10:24:54.030, 0, 12288, 11814, 302
2026/09/22 10:24:54.237, 0, 12288, 11814, 302
2026/09/22 10:24:54.441, 0, 12288, 11814, 302
2026/09/22 10:24:54.647, 0, 12288, 11814, 302
2026/09/22 10:24:54.853, 0, 12288, 11814, 302
2026/09/22 10:24:55.059, 0, 12288, 11814, 302
2026/09/22 10:24:55.263, 0, 12288, 11814, 302
2026/09/22 10:24:55.467, 0, 12288, 11814, 302
2026/09/22 10:24:55.672, 0, 12288, 11814, 302
2026/09/22 10:24:55.877, 0, 12288, 11814, 302
2026/09/22 10:24:56.082, 0, 12288, 11814, 302
2026/09/22 10:24:56.289, 0, 12288, 11814, 302
2026/09/22 10:24:56.492, 0, 12288, 11814, 302
2026/09/22 10:24:56.697, 0, 12288, 11814, 302
2026/09/22 10:24:56.903, 0, 12288, 11814, 302
2026/09/22 10:24:57.108, 0, 12288, 11814, 302
2026/09/22 10:24:57.314, 0, 12288, 11814, 302
2026/09/22 10:24:57.520, 0, 12288, 11814, 302
2026/09/22 10:24:57.727, 0, 12288, 11814, 302
2026/09/22 10:24:57.932, 0, 12288, 11814, 302
2026/09/22 10:24:58.136, 0, 12288, 11814, 302
2026/09/22 10:24:58.340, 0, 12288, 11814, 302
2026/09/22 10:24:58.546, 0, 12288, 11814, 302
2026/09/22 10:24:58.752, 0, 12288, 11814, 302
2026/09/22 10:24:58.958, 0, 12288, 11814, 302
2026/09/22 10:24:59.162, 0, 12288, 11814, 302
2026/09/22 10:24:59.367, 0, 12288, 11814, 302
2026/09/22 10:24:59.572, 0, 12288, 11814, 302
2026/09/22 10:24:59.778, 0, 12288, 11814, 302
2026/09/22 10:24:59.985, 0, 12288, 11814, 302
2026/09/22 10:25:00.188, 0, 12288, 11814, 302
2026/09/22 10:25:00.392, 0, 12288, 11814, 302
2026/09/22 10:25:00.594, 0, 12288, 11814, 302
2026/09/22 10:25:00.800, 0, 12288, 11814, 302
2026/09/22 10:25:01.007, 0, 12288, 11814, 302
2026/09/22 10:25:01.213, 0, 12288, 11814, 302
2026/09/22 10:25:01.421, 0, 12288, 11814, 302
2026/09/22 10:25:01.625, 0, 12288, 11814, 302
2026/09/22 10:25:01.830, 0, 12288, 11814, 302
2026/09/22 10:25:02.033, 0, 12288, 11814, 302
2026/09/22 10:25:02.238, 0, 12288, 11814, 302
2026/09/22 10:25:02.444, 0, 12288, 11814, 302
2026/09/22 10:25:02.649, 0, 12288, 11814, 302
2026/09/22 10:25:02.855, 0, 12288, 11814, 302
2026/09/22 10:25:03.058, 0, 12288, 11814, 302
2026/09/22 10:25:03.263, 0, 12288, 11814, 302
2026/09/22 10:25:03.468, 0, 12288, 11814, 302
2026/09/22 10:25:03.671, 0, 12288, 11814, 302
2026/09/22 10:25:03.875, 0, 12288, 11814, 302
2026/09/22 10:25:04.079, 0, 12288, 11814, 302
2026/09/22 10:25:04.284, 0, 12288, 11814, 302
2026/09/22 10:25:04.489, 0, 12288, 11814, 302
2026/09/22 10:25:04.696, 0, 12288, 11814, 302
2026/09/22 10:25:04.901, 0, 12288, 11814, 302
2026/09/22 10:25:05.106, 0, 12288, 11814, 302
2026/09/22 10:25:05.312, 0, 12288, 11814, 302
2026/09/22 10:25:05.517, 0, 12288, 11814, 302
2026/09/22 10:25:05.722, 0, 12288, 11814, 302
2026/09/22 10:25:05.924, 0, 12288, 11814, 302
2026/09/22 10:25:06.131, 0, 12288, 11814, 302
2026/09/22 10:25:06.336, 0, 12288, 11814, 302
2026/09/22 10:25:06.540, 0, 12288, 11814, 302
2026/09/22 10:25:06.746, 0, 12288, 11814, 302
2026/09/22 10:25:06.950, 0, 12288, 11814, 302
2026/09/22 10:25:07.156, 0, 12288, 11814, 302
2026/09/22 10:25:07.363, 0, 12288, 11814, 302
2026/09/22 10:25:07.568, 0, 12288, 11814, 302
2026/09/22 10:25:07.772, 0, 12288, 11814, 302
2026/09/22 10:25:07.978, 0, 12288, 11814, 302
2026/09/22 10:25:08.183, 0, 12288, 11814, 302
2026/09/22 10:25:08.385, 0, 12288, 11814, 302
2026/09/22 10:25:08.591, 0, 12288, 11814, 302
2026/09/22 10:25:08.797, 0, 12288, 11814, 302
2026/09/22 10:25:09.002, 0, 12288, 11814, 302
2026/09/22 10:25:09.208, 0, 12288, 11814, 302
2026/09/22 10:25:09.414, 0, 12288, 11814, 302
2026/09/22 10:25:09.617, 0, 12288, 11814, 302
2026/09/22 10:25:09.823, 0, 12288, 11814, 302
2026/09/22 10:25:10.029, 0, 12288, 11814, 302
2026/09/22 10:25:10.235, 0, 12288, 11814, 302
2026/09/22 10:25:10.438, 0, 12288, 11814, 302
2026/09/22 10:25:10.644, 0, 12288, 11814, 302
2026/09/22 10:25:10.849, 0, 12288, 11814, 302
2026/09/22 10:25:11.056, 0, 12288, 11814, 302
2026/09/22 10:25:11.259, 0, 12288, 11814, 302
2026/09/22 10:25:11.463, 0, 12288, 11814, 302
2026/09/22 10:25:11.670, 0, 12288, 11814, 302
2026/09/22 10:25:11.876, 0, 12288, 11814, 302
2026/09/22 10:25:12.081, 0, 12288, 11814, 302
2026/09/22 10:25:12.284, 0, 12288, 11814, 302
2026/09/22 10:25:12.490, 0, 12288, 11814, 302
2026/09/22 10:25:12.695, 0, 12288, 11814, 302
2026/09/22 10:25:12.899, 0, 12288, 11814, 302
2026/09/22 10:25:13.104, 0, 12288, 11814, 302
2026/09/22 10:25:13.306, 0, 12288, 11814, 302
2026/09/22 10:25:13.511, 0, 12288, 11814, 302
2026/09/22 10:25:13.716, 0, 12288, 11814, 302
2026/09/22 10:25:13.922, 0, 12288, 11814, 302
2026/09/22 10:25:14.125, 0, 12288, 11814, 302
2026/09/22 10:25:14.330, 0, 12288, 11814, 302
2026/09/22 10:25:14.534, 0, 12288, 11814, 302
2026/09/22 10:25:14.739, 0, 12288, 11814, 302
2026/09/22 10:25:14.943, 0, 12288, 11814, 302
2026/09/22 10:25:15.149, 0, 12288, 11814, 302
2026/09/22 10:25:15.353, 0, 12288, 11814, 302
2026/09/22 10:25:15.558, 0, 12288, 11814, 302
2026/09/22 10:25:15.763, 0, 12288, 11814, 302
2026/09/22 10:25:15.967, 0, 12288, 11814, 302
2026/09/22 10:25:16.172, 0, 12288, 11814, 302
2026/09/22 10:25:16.376, 0, 12288, 11814, 302
2026/09/22 10:25:16.582, 0, 12288, 11814, 302
2026/09/22 10:25:16.788, 0, 12288, 11814, 302
2026/09/22 10:25:16.994, 0, 12288, 11814, 302
2026/09/22 10:25:17.198, 0, 12288, 11814, 302
2026/09/22 10:25:17.403, 0, 12288, 11814, 302
2026/09/22 10:25:17.608, 0, 12288, 11814, 302
2026/09/22 10:25:17.813, 0, 12288, 11814, 302
2026/09/22 10:25:18.020, 0, 12288, 11814, 302
2026/09/22 10:25:18.226, 0, 12288, 11814, 302
2026/09/22 10:25:18.432, 0, 12288, 11814, 302
2026/09/22 10:25:18.637, 0, 12288, 11814, 302
2026/09/22 10:25:18.842, 0, 12288, 11814, 302
2026/09/22 10:25:19.046, 0, 12288, 11814, 302
2026/09/22 10:25:19.249, 0, 12288, 11814, 302
2026/09/22 10:25:19.455, 0, 12288, 11814, 302
2026/09/22 10:25:19.661, 0, 12288, 11814, 302
2026/09/22 10:25:19.868, 0, 12288, 11814, 302
2026/09/22 10:25:20.071, 0, 12288, 11814, 302
2026/09/22 10:25:20.276, 0, 12288, 11814, 302
2026/09/22 10:25:20.478, 0, 12288, 11814, 302
2026/09/22 10:25:20.682, 0, 12288, 11814, 302
2026/09/22 10:25:20.888, 0, 12288, 11814, 302
2026/09/22 10:25:21.092, 0, 12288, 11814, 302
2026/09/22 10:25:21.298, 0, 12288, 11814, 302
2026/09/22 10:25:21.503, 0, 12288, 11814, 302
2026/09/22 10:25:21.709, 0, 12288, 11814, 302
2026/09/22 10:25:21.912, 0, 12288, 11814, 302
2026/09/22 10:25:22.118, 0, 12288, 11814, 302
2026/09/22 10:25:22.321, 0, 12288, 11814, 302
2026/09/22 10:25:22.525, 0, 12288, 11814, 302
2026/09/22 10:25:22.731, 0, 12288, 11814, 302
2026/09/22 10:25:22.936, 0, 12288, 11814, 302
2026/09/22 10:25:23.141, 0, 12288, 11814, 302
2026/09/22 10:25:23.346, 0, 12288, 11814, 302
2026/09/22 10:25:23.548, 0, 12288, 11814, 302
2026/09/22 10:25:23.754, 0, 12288, 11814, 302
2026/09/22 10:25:23.957, 0, 12288, 11814, 302
2026/09/22 10:25:24.162, 0, 12288, 11814, 302
2026/09/22 10:25:24.368, 0, 12288, 11814, 302
2026/09/22 10:25:24.573, 0, 12288, 11814, 302
2026/09/22 10:25:24.778, 0, 12288, 11814, 302
2026/09/22 10:25:24.984, 0, 12288, 11814, 302
2026/09/22 10:25:25.188, 0, 12288, 11814, 302
2026/09/22 10:25:25.391, 0, 12288, 11814, 302
2026/09/22 10:25:25.596, 0, 12288, 11814, 302
2026/09/22 10:25:25.801, 0, 12288, 11814, 302
2026/09/22 10:25:26.005, 0, 12288, 11814, 302
2026/09/22 10:25:26.212, 0, 12288, 11814, 302
2026/09/22 10:25:26.416, 0, 12288, 11814, 302
2026/09/22 10:25:26.621, 0, 12288, 11814, 302
2026/09/22 10:25:26.826, 0, 12288, 11814, 302
2026/09/22 10:25:27.030, 0, 12288, 11814, 302
2026/09/22 10:25:27.237, 0, 12288, 11814, 302
2026/09/22 10:25:27.443, 0, 12288, 11814, 302
2026/09/22 10:25:27.649, 0, 12288, 11814, 302
2026/09/22 10:25:27.855, 0, 12288, 11814, 302
2026/09/22 10:25:28.062, 0, 12288, 11814, 302
2026/09/22 10:25:28.266, 0, 12288, 11814, 302
2026/09/22 10:25:28.472, 0, 12288, 11814, 302
2026/09/22 10:25:28.678, 0, 12288, 11814, 302
2026/09/22 10:25:28.883, 0, 12288, 11814, 302
2026/09/22 10:25:29.089, 0, 12288, 11814, 302
2026/09/22 10:25:29.297, 0, 12288, 11814, 302
2026/09/22 10:25:29.502, 0, 12288, 11814, 302
2026/09/22 10:25:29.707, 0, 12288, 11814, 302
2026/09/22 10:25:29.915, 0, 12288, 11814, 302
2026/09/22 10:25:30.119, 0, 12288, 11814, 302
2026/09/22 10:25:30.323, 0, 12288, 11814, 302
2026/09/22 10:25:30.528, 0, 12288, 11814, 302
2026/09/22 10:25:30.732, 0, 12288, 11814, 302
2026/09/22 10:25:30.937, 0, 12288, 11814, 302
2026/09/22 10:25:31.140, 0, 12288, 11814, 302
2026/09/22 10:25:31.345, 0, 12288, 11814, 302
2026/09/22 10:25:31.549, 0, 12288, 11814, 302
2026/09/22 10:25:31.752, 0, 12288, 11814, 302
2026/09/22 10:25:31.957, 0, 12288, 11814, 302
2026/09/22 10:25:32.164, 0, 12288, 11814, 302
2026/09/22 10:25:32.370, 0, 12288, 11814, 302
2026/09/22 10:25:32.573, 0, 12288, 11814, 302
2026/09/22 10:25:32.777, 0, 12288, 11814, 302
2026/09/22 10:25:32.980, 0, 12288, 11814, 302
2026/09/22 10:25:33.186, 0, 12288, 11814, 302
2026/09/22 10:25:33.389, 0, 12288, 11814, 302
2026/09/22 10:25:33.596, 0, 12288, 11814, 302
2026/09/22 10:25:33.800, 0, 12288, 11814, 302
2026/09/22 10:25:34.006, 0, 12288, 11814, 302
2026/09/22 10:25:34.212, 0, 12288, 11814, 302
2026/09/22 10:25:34.415, 0, 12288, 11814, 302
2026/09/22 10:25:34.621, 0, 12288, 11814, 302
2026/09/22 10:25:34.824, 0, 12288, 11814, 302
2026/09/22 10:25:35.029, 0, 12288, 11814, 302
2026/09/22 10:25:35.231, 0, 12288, 11814, 302
2026/09/22 10:25:35.435, 0, 12288, 11814, 302
2026/09/22 10:25:35.639, 0, 12288, 11814, 302
2026/09/22 10:25:35.844, 0, 12288, 11814, 302
2026/09/22 10:25:36.045, 0, 12288, 11814, 302
2026/09/22 10:25:36.250, 0, 12288, 11814, 302
2026/09/22 10:25:36.454, 0, 12288, 11814, 302
2026/09/22 10:25:36.660, 0, 12288, 11814, 302
2026/09/22 10:25:36.862, 0, 12288, 11814, 302
2026/09/22 10:25:37.064, 0, 12288, 11814, 302
2026/09/22 10:25:37.268, 0, 12288, 11814, 302
2026/09/22 10:25:37.474, 0, 12288, 11814, 302
2026/09/22 10:25:37.678, 0, 12288, 11814, 302
2026/09/22 10:25:37.883, 0, 12288, 11814, 302
2026/09/22 10:25:38.089, 0, 12288, 11814, 302
2026/09/22 10:25:38.294, 0, 12288, 11814, 302
2026/09/22 10:25:38.499, 0, 12288, 11814, 302
2026/09/22 10:25:38.704, 0, 12288, 11814, 302
2026/09/22 10:25:38.906, 0, 12288, 11814, 302
2026/09/22 10:25:39.113, 0, 12288, 11814, 302
2026/09/22 10:25:39.318, 0, 12288, 11814, 302
2026/09/22 10:25:39.523, 0, 12288, 11814, 302
2026/09/22 10:25:39.730, 0, 12288, 11814, 302
2026/09/22 10:25:39.935, 0, 12288, 11814, 302
2026/09/22 10:25:40.141, 0, 12288, 11814, 302
2026/09/22 10:25:40.347, 0, 12288, 11814, 302
2026/09/22 10:25:40.550, 0, 12288, 11814, 302
2026/09/22 10:25:40.755, 0, 12288, 11814, 302
2026/09/22 10:25:40.960, 0, 12288, 11814, 302
2026/09/22 10:25:41.169, 0, 12288, 11814, 302
2026/09/22 10:25:41.373, 0, 12288, 11814, 302
2026/09/22 10:25:41.579, 0, 12288, 11814, 302
2026/09/22 10:25:41.786, 0, 12288, 11814, 302
2026/09/22 10:25:41.992, 0, 12288, 11814, 302
2026/09/22 10:25:42.197, 0, 12288, 11814, 302
2026/09/22 10:25:42.400, 0, 12288, 11814, 302
2026/09/22 10:25:42.606, 0, 12288, 11814, 302
2026/09/22 10:25:42.811, 0, 12288, 11814, 302
2026/09/22 10:25:43.015, 0, 12288, 11814, 302
2026/09/22 10:25:43.221, 0, 12288, 11814, 302
2026/09/22 10:25:43.427, 0, 12288, 11814, 302
2026/09/22 10:25:43.632, 0, 12288, 11814, 302
2026/09/22 10:25:43.839, 0, 12288, 11814, 302
2026/09/22 10:25:44.042, 0, 12288, 11814, 302
2026/09/22 10:25:44.247, 0, 12288, 11814, 302
2026/09/22 10:25:44.452, 0, 12288, 11814, 302
2026/09/22 10:25:44.657, 0, 12288, 11814, 302
2026/09/22 10:25:44.861, 0, 12288, 11814, 302
2026/09/22 10:25:45.068, 0, 12288, 11814, 302
2026/09/22 10:25:45.273, 0, 12288, 11814, 302
2026/09/22 10:25:45.477, 0, 12288, 11814, 302
2026/09/22 10:25:45.683, 0, 12288, 11814, 302
2026/09/22 10:25:45.891, 0, 12288, 11814, 302
2026/09/22 10:25:46.093, 0, 12288, 11814, 302
2026/09/22 10:25:46.299, 0, 12288, 11814, 302
2026/09/22 10:25:46.505, 0, 12288, 11814, 302
2026/09/22 10:25:46.710, 0, 12288, 11814, 302
2026/09/22 10:25:46.915, 0, 12288, 11814, 302
2026/09/22 10:25:47.119, 0, 12288, 11814, 302
2026/09/22 10:25:47.326, 0, 12288, 11814, 302
2026/09/22 10:25:47.530, 0, 12288, 11814, 302
2026/09/22 10:25:47.736, 0, 12288, 11814, 302
2026/09/22 10:25:47.941, 0, 12288, 11814, 302
2026/09/22 10:25:48.146, 0, 12288, 11814, 302
2026/09/22 10:25:48.351, 0, 12288, 11814, 302
2026/09/22 10:25:48.557, 0, 12288, 11814, 302
2026/09/22 10:25:48.763, 0, 12288, 11814, 302
2026/09/22 10:25:48.968, 0, 12288, 11814, 302
2026/09/22 10:25:49.174, 0, 12288, 11814, 302
2026/09/22 10:25:49.379, 0, 12288, 11814, 302
2026/09/22 10:25:49.583, 0, 12288, 11814, 302
2026/09/22 10:25:49.787, 0, 12288, 11814, 302
2026/09/22 10:25:49.993, 0, 12288, 11814, 302
2026/09/22 10:25:50.199, 0, 12288, 11814, 302
2026/09/22 10:25:50.405, 0, 12288, 11814, 302
2026/09/22 10:25:50.609, 0, 12288, 11814, 302
2026/09/22 10:25:50.814, 0, 12288, 11814, 302
2026/09/22 10:25:51.016, 0, 12288, 11814, 302
2026/09/22 10:25:51.223, 0, 12288, 11814, 302
2026/09/22 10:25:51.429, 0, 12288, 11814, 302
2026/09/22 10:25:51.633, 0, 12288, 11814, 302
2026/09/22 10:25:51.837, 0, 12288, 11814, 302
2026/09/22 10:25:52.040, 0, 12288, 11814, 302
2026/09/22 10:25:52.245, 0, 12288, 11814, 302
2026/09/22 10:25:52.451, 0, 12288, 11814, 302
2026/09/22 10:25:52.658, 0, 12288, 11814, 302
2026/09/22 10:25:52.864, 0, 12288, 11814, 302
2026/09/22 10:25:53.070, 0, 12288, 11814, 302
2026/09/22 10:25:53.273, 0, 12288, 11814, 302
2026/09/22 10:25:53.478, 0, 12288, 11814, 302
2026/09/22 10:25:53.682, 0, 12288, 11814, 302
2026/09/22 10:25:53.889, 0, 12288, 11814, 302
2026/09/22 10:25:54.096, 0, 12288, 11814, 302
2026/09/22 10:25:54.302, 0, 12288, 11814, 302
2026/09/22 10:25:54.507, 0, 12288, 11814, 302
2026/09/22 10:25:54.712, 0, 12288, 11814, 302
2026/09/22 10:25:54.919, 0, 12288, 11814, 302
2026/09/22 10:25:55.124, 0, 12288, 11814, 302
2026/09/22 10:25:55.330, 0, 12288, 11814, 302
2026/09/22 10:25:55.534, 0, 12288, 11814, 302
2026/09/22 10:25:55.739, 0, 12288, 11814, 302
2026/09/22 10:25:55.945, 0, 12288, 11814, 302
2026/09/22 10:25:56.152, 0, 12288, 11814, 302
2026/09/22 10:25:56.355, 0, 12288, 11814, 302
2026/09/22 10:25:56.561, 0, 12288, 11814, 302
2026/09/22 10:25:56.767, 0, 12288, 11814, 302
2026/09/22 10:25:56.972, 0, 12288, 11814, 302
2026/09/22 10:25:57.176, 0, 12288, 11814, 302
2026/09/22 10:25:57.381, 0, 12288, 11814, 302
2026/09/22 10:25:57.586, 0, 12288, 11814, 302
2026/09/22 10:25:57.791, 0, 12288, 11814, 302
2026/09/22 10:25:57.996, 0, 12288, 11814, 302
2026/09/22 10:25:58.203, 0, 12288, 11814, 302
2026/09/22 10:25:58.408, 0, 12288, 11814, 302
2026/09/22 10:25:58.615, 0, 12288, 11814, 302
2026/09/22 10:25:58.822, 0, 12288, 11814, 302
2026/09/22 10:25:59.028, 0, 12288, 11814, 302
2026/09/22 10:25:59.234, 0, 12288, 11814, 302
2026/09/22 10:25:59.437, 0, 12288, 11814, 302
2026/09/22 10:25:59.641, 0, 12288, 11814, 302
2026/09/22 10:25:59.845, 0, 12288, 11814, 302
2026/09/22 10:26:00.051, 0, 12288, 11814, 302
2026/09/22 10:26:00.258, 0, 12288, 11814, 302
2026/09/22 10:26:00.463, 0, 12288, 11814, 302
2026/09/22 10:26:00.669, 0, 12288, 11814, 302
2026/09/22 10:26:00.874, 0, 12288, 11814, 302
2026/09/22 10:26:01.078, 0, 12288, 11814, 302
2026/09/22 10:26:01.284, 0, 12288, 11814, 302
2026/09/22 10:26:01.492, 0, 12288, 11814, 302
2026/09/22 10:26:01.698, 0, 12288, 11814, 302
2026/09/22 10:26:01.905, 0, 12288, 11814, 302
2026/09/22 10:26:02.109, 0, 12288, 11814, 302
2026/09/22 10:26:02.310, 0, 12288, 11814, 302
2026/09/22 10:26:02.513, 0, 12288, 11814, 302
2026/09/22 10:26:02.719, 0, 12288, 11814, 302
2026/09/22 10:26:02.923, 0, 12288, 11814, 302
2026/09/22 10:26:03.128, 0, 12288, 11814, 302
2026/09/22 10:26:03.336, 0, 12288, 11814, 302
2026/09/22 10:26:03.539, 0, 12288, 11814, 302
2026/09/22 10:26:03.744, 0, 12288, 11814, 302
2026/09/22 10:26:03.951, 0, 12288, 11814, 302
2026/09/22 10:26:04.156, 0, 12288, 11814, 302
2026/09/22 10:26:04.359, 0, 12288, 11814, 302
2026/09/22 10:26:04.564, 0, 12288, 11814, 302
2026/09/22 10:26:04.770, 0, 12288, 11814, 302
2026/09/22 10:26:04.976, 0, 12288, 11814, 302
2026/09/22 10:26:05.183, 0, 12288, 11814, 302
2026/09/22 10:26:05.383, 0, 12288, 11814, 302
2026/09/22 10:26:05.589, 0, 12288, 11814, 302
2026/09/22 10:26:05.795, 0, 12288, 11814, 302
2026/09/22 10:26:06.001, 0, 12288, 11814, 302
2026/09/22 10:26:06.208, 0, 12288, 11814, 302
2026/09/22 10:26:06.413, 0, 12288, 11814, 302
2026/09/22 10:26:06.620, 0, 12288, 11814, 302
2026/09/22 10:26:06.826, 0, 12288, 11814, 302
2026/09/22 10:26:07.029, 0, 12288, 11814, 302
2026/09/22 10:26:07.234, 0, 12288, 11814, 302
2026/09/22 10:26:07.441, 0, 12288, 11814, 302
2026/09/22 10:26:07.647, 0, 12288, 11814, 302
2026/09/22 10:26:07.852, 0, 12288, 11814, 302
2026/09/22 10:26:08.057, 0, 12288, 11814, 302
2026/09/22 10:26:08.263, 0, 12288, 11814, 302
2026/09/22 10:26:08.471, 0, 12288, 11814, 302
2026/09/22 10:26:08.673, 0, 12288, 11814, 302
2026/09/22 10:26:08.876, 0, 12288, 11814, 302
2026/09/22 10:26:09.082, 0, 12288, 11814, 302
2026/09/22 10:26:09.289, 0, 12288, 11814, 302
2026/09/22 10:26:09.494, 0, 12288, 11814, 302
2026/09/22 10:26:09.699, 0, 12288, 11814, 302
2026/09/22 10:26:09.903, 0, 12288, 11814, 302
2026/09/22 10:26:10.106, 0, 12288, 11814, 302
2026/09/22 10:26:10.310, 0, 12288, 11814, 302
2026/09/22 10:26:10.513, 0, 12288, 11814, 302
2026/09/22 10:26:10.718, 0, 12288, 11814, 302
2026/09/22 10:26:10.923, 0, 12288, 11814, 302
2026/09/22 10:26:11.125, 0, 12288, 11814, 302
2026/09/22 10:26:11.329, 0, 12288, 11814, 302
2026/09/22 10:26:11.535, 0, 12288, 11814, 302
2026/09/22 10:26:11.739, 0, 12288, 11814, 302
2026/09/22 10:26:11.945, 0, 12288, 11814, 302
2026/09/22 10:26:12.149, 0, 12288, 11814, 302
2026/09/22 10:26:12.355, 0, 12288, 11814, 302
2026/09/22 10:26:12.560, 0, 12288, 11814, 302
2026/09/22 10:26:12.765, 0, 12288, 11814, 302
2026/09/22 10:26:12.968, 0, 12288, 11814, 302
2026/09/22 10:26:13.174, 0, 12288, 11814, 302
2026/09/22 10:26:13.378, 0, 12288, 11814, 302
2026/09/22 10:26:13.582, 0, 12288, 11814, 302
2026/09/22 10:26:13.786, 0, 12288, 11814, 302
2026/09/22 10:26:13.992, 0, 12288, 11814, 302
2026/09/22 10:26:14.197, 0, 12288, 11814, 302
2026/09/22 10:26:14.402, 0, 12288, 11814, 302
2026/09/22 10:26:14.606, 0, 12288, 11814, 302
2026/09/22 10:26:14.811, 0, 12288, 11814, 302
2026/09/22 10:26:15.016, 0, 12288, 11814, 302
2026/09/22 10:26:15.221, 0, 12288, 11814, 302
2026/09/22 10:26:15.426, 0, 12288, 11814, 302
2026/09/22 10:26:15.632, 0, 12288, 11814, 302
2026/09/22 10:26:15.836, 0, 12288, 11814, 302
2026/09/22 10:26:16.040, 0, 12288, 11814, 302
2026/09/22 10:26:16.242, 0, 12288, 11814, 302
2026/09/22 10:26:16.446, 0, 12288, 11814, 302
2026/09/22 10:26:16.649, 0, 12288, 11814, 302
2026/09/22 10:26:16.854, 0, 12288, 11814, 302
2026/09/22 10:26:17.059, 0, 12288, 11814, 302
2026/09/22 10:26:17.265, 0, 12288, 11814, 302
2026/09/22 10:26:17.469, 0, 12288, 11814, 302
2026/09/22 10:26:17.674, 0, 12288, 11814, 302
2026/09/22 10:26:17.879, 0, 12288, 11814, 302
2026/09/22 10:26:18.082, 0, 12288, 11814, 302
2026/09/22 10:26:18.289, 0, 12288, 11814, 302
2026/09/22 10:26:18.491, 0, 12288, 11814, 302
2026/09/22 10:26:18.697, 0, 12288, 11814, 302
2026/09/22 10:26:18.904, 0, 12288, 11814, 302
2026/09/22 10:26:19.111, 0, 12288, 11814, 302
2026/09/22 10:26:19.313, 0, 12288, 11814, 302
2026/09/22 10:26:19.518, 0, 12288, 11814, 302
2026/09/22 10:26:19.723, 0, 12288, 11814, 302
2026/09/22 10:26:19.926, 0, 12288, 11814, 302
2026/09/22 10:26:20.132, 0, 12288, 11814, 302
2026/09/22 10:26:20.336, 0, 12288, 11814, 302
2026/09/22 10:26:20.540, 0, 12288, 11814, 302
2026/09/22 10:26:20.747, 0, 12288, 11814, 302
2026/09/22 10:26:20.953, 0, 12288, 11814, 302
2026/09/22 10:26:21.159, 0, 12288, 11814, 302
2026/09/22 10:26:21.365, 0, 12288, 11814, 302
2026/09/22 10:26:21.569, 0, 12288, 11814, 302
2026/09/22 10:26:21.774, 0, 12288, 11814, 302
2026/09/22 10:26:21.978, 0, 12288, 11814, 302
2026/09/22 10:26:22.183, 0, 12288, 11814, 302
2026/09/22 10:26:22.387, 0, 12288, 11814, 302
2026/09/22 10:26:22.592, 0, 12288, 11814, 302
2026/09/22 10:26:22.800, 0, 12288, 11814, 302
2026/09/22 10:26:23.004, 0, 12288, 11814, 302
2026/09/22 10:26:23.209, 0, 12288, 11814, 302
2026/09/22 10:26:23.413, 0, 12288, 11814, 302
2026/09/22 10:26:23.619, 0, 12288, 11814, 302
2026/09/22 10:26:23.822, 0, 12288, 11814, 302
2026/09/22 10:26:24.028, 0, 12288, 11814, 302
2026/09/22 10:26:24.235, 0, 12288, 11814, 302
2026/09/22 10:26:24.438, 0, 12288, 11814, 302
2026/09/22 10:26:24.645, 0, 12288, 11814, 302
2026/09/22 10:26:24.851, 0, 12288, 11814, 302
2026/09/22 10:26:25.056, 0, 12288, 11814, 302
2026/09/22 10:26:25.262, 0, 12288, 11814, 302
2026/09/22 10:26:25.467, 0, 12288, 11814, 302
2026/09/22 10:26:25.670, 0, 12288, 11814, 302
2026/09/22 10:26:25.874, 0, 12288, 11814, 302
2026/09/22 10:26:26.080, 0, 12288, 11814, 302
2026/09/22 10:26:26.284, 0, 12288, 11814, 302
2026/09/22 10:26:26.489, 0, 12288, 11814, 302
2026/09/22 10:26:26.691, 0, 12288, 11814, 302
2026/09/22 10:26:26.897, 0, 12288, 11814, 302
2026/09/22 10:26:27.102, 0, 12288, 11814, 302
2026/09/22 10:26:27.307, 0, 12288, 11814, 302
2026/09/22 10:26:27.511, 0, 12288, 11814, 302
2026/09/22 10:26:27.717, 0, 12288, 11814, 302
2026/09/22 10:26:27.922, 0, 12288, 11814, 302
2026/09/22 10:26:28.125, 0, 12288, 11814, 302
2026/09/22 10:26:28.329, 0, 12288, 11814, 302
2026/09/22 10:26:28.535, 0, 12288, 11814, 302
2026/09/22 10:26:28.738, 0, 12288, 11814, 302
2026/09/22 10:26:28.943, 0, 12288, 11814, 302
2026/09/22 10:26:29.148, 0, 12288, 11814, 302
2026/09/22 10:26:29.354, 0, 12288, 11814, 302
2026/09/22 10:26:29.558, 0, 12288, 11814, 302
2026/09/22 10:26:29.765, 0, 12288, 11814, 302
2026/09/22 10:26:29.970, 0, 12288, 11814, 302
2026/09/22 10:26:30.173, 0, 12288, 11814, 302
2026/09/22 10:26:30.378, 0, 12288, 11814, 302
2026/09/22 10:26:30.585, 0, 12288, 11814, 302
2026/09/22 10:26:30.791, 0, 12288, 11814, 302
2026/09/22 10:26:30.996, 0, 12288, 11814, 302
2026/09/22 10:26:31.201, 0, 12288, 11814, 302
2026/09/22 10:26:31.406, 0, 12288, 11814, 302
2026/09/22 10:26:31.611, 0, 12288, 11814, 302
2026/09/22 10:26:31.818, 0, 12288, 11814, 302
2026/09/22 10:26:32.022, 0, 12288, 11814, 302
2026/09/22 10:26:32.226, 0, 12288, 11814, 302
2026/09/22 10:26:32.431, 0, 12288, 11814, 302
2026/09/22 10:26:32.636, 0, 12288, 11814, 302
2026/09/22 10:26:32.841, 0, 12288, 11814, 302
2026/09/22 10:26:33.047, 0, 12288, 11814, 302
2026/09/22 10:26:33.252, 0, 12288, 11814, 302
2026/09/22 10:26:33.456, 0, 12288, 11814, 302
2026/09/22 10:26:33.659, 0, 12288, 11814, 302
2026/09/22 10:26:33.863, 0, 12288, 11814, 302
2026/09/22 10:26:34.069, 0, 12288, 11814, 302
2026/09/22 10:26:34.271, 0, 12288, 11814, 302
2026/09/22 10:26:34.475, 0, 12288, 11814, 302
2026/09/22 10:26:34.680, 0, 12288, 11814, 302
2026/09/22 10:26:34.886, 0, 12288, 11814, 302
2026/09/22 10:26:35.091, 0, 12288, 11814, 302
2026/09/22 10:26:35.295, 0, 12288, 11814, 302
2026/09/22 10:26:35.500, 0, 12288, 11814, 302
2026/09/22 10:26:35.705, 0, 12288, 11814, 302
2026/09/22 10:26:35.909, 0, 12288, 11814, 302
2026/09/22 10:26:36.114, 0, 12288, 11814, 302
2026/09/22 10:26:36.318, 0, 12288, 11814, 302
2026/09/22 10:26:36.523, 0, 12288, 11814, 302
2026/09/22 10:26:36.726, 0, 12288, 11814, 302
2026/09/22 10:26:36.932, 0, 12288, 11814, 302
2026/09/22 10:26:37.139, 0, 12288, 11814, 302
2026/09/22 10:26:37.344, 0, 12288, 11814, 302
2026/09/22 10:26:37.547, 0, 12288, 11814, 302
2026/09/22 10:26:37.752, 0, 12288, 11814, 302
2026/09/22 10:26:37.957, 0, 12288, 11814, 302
2026/09/22 10:26:38.162, 0, 12288, 11814, 302
2026/09/22 10:26:38.368, 0, 12288, 11814, 302
2026/09/22 10:26:38.572, 0, 12288, 11814, 302
2026/09/22 10:26:38.776, 0, 12288, 11814, 302
2026/09/22 10:26:38.979, 0, 12288, 11814, 302
2026/09/22 10:26:39.183, 0, 12288, 11814, 302
2026/09/22 10:26:39.389, 0, 12288, 11814, 302
2026/09/22 10:26:39.596, 0, 12288, 11814, 302
2026/09/22 10:26:39.800, 0, 12288, 11814, 302
2026/09/22 10:26:40.006, 0, 12288, 11814, 302
2026/09/22 10:26:40.212, 0, 12288, 11814, 302
2026/09/22 10:26:40.416, 0, 12288, 11814, 302
2026/09/22 10:26:40.624, 0, 12288, 11814, 302
2026/09/22 10:26:40.828, 0, 12288, 11814, 302
2026/09/22 10:26:41.034, 0, 12288, 11814, 302
2026/09/22 10:26:41.239, 0, 12288, 11814, 302
2026/09/22 10:26:41.443, 0, 12288, 11814, 302
2026/09/22 10:26:41.648, 0, 12288, 11814, 302
2026/09/22 10:26:41.854, 0, 12288, 11814, 302
2026/09/22 10:26:42.058, 0, 12288, 11814, 302
2026/09/22 10:26:42.263, 0, 12288, 11814, 302
2026/09/22 10:26:42.465, 0, 12288, 11814, 302
2026/09/22 10:26:42.670, 0, 12288, 11814, 302
2026/09/22 10:26:42.873, 0, 12288, 11814, 302
2026/09/22 10:26:43.077, 0, 12288, 11814, 302
2026/09/22 10:26:43.284, 0, 12288, 11814, 302
2026/09/22 10:26:43.489, 0, 12288, 11814, 302
2026/09/22 10:26:43.694, 0, 12288, 11814, 302
2026/09/22 10:26:43.898, 0, 12288, 11814, 302
2026/09/22 10:26:44.104, 0, 12288, 11814, 302
2026/09/22 10:26:44.306, 0, 12288, 11814, 302
2026/09/22 10:26:44.512, 0, 12288, 11814, 302
2026/09/22 10:26:44.715, 0, 12288, 11814, 302
2026/09/22 10:26:44.919, 0, 12288, 11814, 302
2026/09/22 10:26:45.123, 0, 12288, 11814, 302
2026/09/22 10:26:45.327, 0, 12288, 11814, 302
2026/09/22 10:26:45.532, 0, 12288, 11814, 302
2026/09/22 10:26:45.734, 0, 12288, 11814, 302
2026/09/22 10:26:45.937, 0, 12288, 11814, 302
2026/09/22 10:26:46.152, 0, 12288, 11814, 302
2026/09/22 10:26:46.356, 0, 12288, 11814, 302
2026/09/22 10:26:46.561, 0, 12288, 11814, 302
2026/09/22 10:26:46.767, 0, 12288, 11814, 302
2026/09/22 10:26:46.972, 0, 12288, 11814, 302
2026/09/22 10:26:47.177, 0, 12288, 11814, 302
2026/09/22 10:26:47.382, 0, 12288, 11814, 302
2026/09/22 10:26:47.588, 0, 12288, 11814, 302
2026/09/22 10:26:47.792, 0, 12288, 11814, 302
2026/09/22 10:26:47.998, 0, 12288, 11814, 302
2026/09/22 10:26:48.203, 0, 12288, 11814, 302
2026/09/22 10:26:48.408, 0, 12288, 11814, 302
2026/09/22 10:26:48.618, 0, 12288, 11814, 302
2026/09/22 10:26:48.823, 0, 12288, 11814, 302
2026/09/22 10:26:49.028, 0, 12288, 11814, 302
2026/09/22 10:26:49.232, 0, 12288, 11814, 302
2026/09/22 10:26:49.438, 0, 12288, 11814, 302
2026/09/22 10:26:49.645, 0, 12288, 11814, 302
2026/09/22 10:26:49.851, 0, 12288, 11814, 302
2026/09/22 10:26:50.056, 0, 12288, 11814, 302
2026/09/22 10:26:50.260, 0, 12288, 11814, 302
2026/09/22 10:26:50.466, 0, 12288, 11814, 302
2026/09/22 10:26:50.672, 0, 12288, 11814, 302
2026/09/22 10:26:50.877, 0, 12288, 11814, 302
2026/09/22 10:26:51.084, 0, 12288, 11814, 302
2026/09/22 10:26:51.289, 0, 12288, 11814, 302
2026/09/22 10:26:51.493, 0, 12288, 11814, 302
2026/09/22 10:26:51.698, 0, 12288, 11814, 302
2026/09/22 10:26:51.901, 0, 12288, 11814, 302
2026/09/22 10:26:52.106, 0, 12288, 11814, 302
2026/09/22 10:26:52.311, 0, 12288, 11814, 302
2026/09/22 10:26:52.515, 0, 12288, 11814, 302
2026/09/22 10:26:52.722, 0, 12288, 11814, 302
2026/09/22 10:26:52.927, 0, 12288, 11814, 302
2026/09/22 10:26:53.132, 0, 12288, 11814, 302
2026/09/22 10:26:53.335, 0, 12288, 11814, 302
2026/09/22 10:26:53.542, 0, 12288, 11814, 302
2026/09/22 10:26:53.746, 0, 12288, 11814, 302
2026/09/22 10:26:53.951, 0, 12288, 11814, 302
2026/09/22 10:26:54.156, 0, 12288, 11814, 302
2026/09/22 10:26:54.360, 0, 12288, 11814, 302
2026/09/22 10:26:54.567, 0, 12288, 11814, 302
2026/09/22 10:26:54.770, 0, 12288, 11814, 302
2026/09/22 10:26:54.975, 0, 12288, 11814, 302
2026/09/22 10:26:55.179, 0, 12288, 11814, 302
2026/09/22 10:26:55.385, 0, 12288, 11814, 302
2026/09/22 10:26:55.589, 0, 12288, 11814, 302
2026/09/22 10:26:55.795, 0, 12288, 11814, 302
2026/09/22 10:26:55.998, 0, 12288, 11814, 302
2026/09/22 10:26:56.203, 0, 12288, 11814, 302
2026/09/22 10:26:56.408, 0, 12288, 11814, 302
2026/09/22 10:26:56.614, 0, 12288, 11814, 302
2026/09/22 10:26:56.820, 0, 12288, 11814, 302
2026/09/22 10:26:57.026, 0, 12288, 11814, 302
2026/09/22 10:26:57.231, 0, 12288, 11814, 302
2026/09/22 10:26:57.434, 0, 12288, 11814, 302
2026/09/22 10:26:57.639, 0, 12288, 11814, 302
2026/09/22 10:26:57.842, 0, 12288, 11814, 302
2026/09/22 10:26:58.046, 0, 12288, 11814, 302
2026/09/22 10:26:58.248, 0, 12288, 11814, 302
2026/09/22 10:26:58.454, 0, 12288, 11814, 302
2026/09/22 10:26:58.660, 0, 12288, 11814, 302
2026/09/22 10:26:58.865, 0, 12288, 11814, 302
2026/09/22 10:26:59.069, 0, 12288, 11814, 302
2026/09/22 10:26:59.276, 0, 12288, 11814, 302
2026/09/22 10:26:59.483, 0, 12288, 11814, 302
2026/09/22 10:26:59.687, 0, 12288, 11814, 302
2026/09/22 10:26:59.892, 0, 12288, 11814, 302
2026/09/22 10:27:00.099, 0, 12288, 11814, 302
2026/09/22 10:27:00.305, 0, 12288, 11814, 302
2026/09/22 10:27:00.508, 0, 12288, 11814, 302
2026/09/22 10:27:00.714, 0, 12288, 11814, 302
2026/09/22 10:27:00.921, 0, 12288, 11814, 302
2026/09/22 10:27:01.127, 0, 12288, 11814, 302
2026/09/22 10:27:01.332, 0, 12288, 11814, 302
2026/09/22 10:27:01.536, 0, 12288, 11814, 302
2026/09/22 10:27:01.740, 0, 12288, 11814, 302
2026/09/22 10:27:01.946, 0, 12288, 11814, 302
2026/09/22 10:27:02.151, 0, 12288, 11814, 302
2026/09/22 10:27:02.358, 0, 12288, 11814, 302
2026/09/22 10:27:02.563, 0, 12288, 11814, 302
2026/09/22 10:27:02.770, 0, 12288, 11814, 302
2026/09/22 10:27:02.976, 0, 12288, 11814, 302
2026/09/22 10:27:03.182, 0, 12288, 11814, 302
2026/09/22 10:27:03.389, 0, 12288, 11814, 302
2026/09/22 10:27:03.593, 0, 12288, 11814, 302
2026/09/22 10:27:03.797, 0, 12288, 11814, 302
2026/09/22 10:27:04.003, 0, 12288, 11814, 302
2026/09/22 10:27:04.208, 0, 12288, 11814, 302
2026/09/22 10:27:04.413, 0, 12288, 11814, 302
2026/09/22 10:27:04.619, 0, 12288, 11814, 302
2026/09/22 10:27:04.824, 0, 12288, 11814, 302
2026/09/22 10:27:05.029, 0, 12288, 11814, 302
2026/09/22 10:27:05.233, 0, 12288, 11814, 302
2026/09/22 10:27:05.437, 0, 12288, 11814, 302
2026/09/22 10:27:05.642, 0, 12288, 11814, 302
2026/09/22 10:27:05.848, 0, 12288, 11814, 302
2026/09/22 10:27:06.057, 0, 12288, 11814, 302
2026/09/22 10:27:06.263, 0, 12288, 11814, 302
2026/09/22 10:27:06.469, 0, 12288, 11814, 302
2026/09/22 10:27:06.677, 0, 12288, 11814, 302
2026/09/22 10:27:06.882, 0, 12288, 11814, 302
2026/09/22 10:27:07.088, 0, 12288, 11814, 302
2026/09/22 10:27:07.293, 0, 12288, 11814, 302
2026/09/22 10:27:07.499, 0, 12288, 11814, 302
2026/09/22 10:27:07.702, 0, 12288, 11814, 302
2026/09/22 10:27:07.909, 0, 12288, 11814, 302
2026/09/22 10:27:08.114, 0, 12288, 11814, 302
2026/09/22 10:27:08.318, 0, 12288, 11814, 302
2026/09/22 10:27:08.522, 0, 12288, 11814, 302
2026/09/22 10:27:08.728, 0, 12288, 11814, 302
2026/09/22 10:27:08.932, 0, 12288, 11814, 302
2026/09/22 10:27:09.134, 0, 12288, 11814, 302
2026/09/22 10:27:09.341, 0, 12288, 11814, 302
2026/09/22 10:27:09.545, 0, 12288, 11814, 302
2026/09/22 10:27:09.753, 0, 12288, 11814, 302
2026/09/22 10:27:09.958, 0, 12288, 11814, 302
2026/09/22 10:27:10.165, 0, 12288, 11814, 302
2026/09/22 10:27:10.372, 0, 12288, 11814, 302
2026/09/22 10:27:10.577, 0, 12288, 11814, 302
2026/09/22 10:27:10.782, 0, 12288, 11814, 302
2026/09/22 10:27:10.987, 0, 12288, 11814, 302
2026/09/22 10:27:11.193, 0, 12288, 11814, 302
2026/09/22 10:27:11.398, 0, 12288, 11814, 302
2026/09/22 10:27:11.603, 0, 12288, 11814, 302
2026/09/22 10:27:11.809, 0, 12288, 11814, 302
2026/09/22 10:27:12.015, 0, 12288, 11814, 302
2026/09/22 10:27:12.218, 0, 12288, 11814, 302
2026/09/22 10:27:12.422, 0, 12288, 11814, 302
2026/09/22 10:27:12.625, 0, 12288, 11814, 302
2026/09/22 10:27:12.832, 0, 12288, 11814, 302
2026/09/22 10:27:13.037, 0, 12288, 11814, 302
2026/09/22 10:27:13.243, 0, 12288, 11814, 302
2026/09/22 10:27:13.448, 0, 12288, 11814, 302
2026/09/22 10:27:13.654, 0, 12288, 11814, 302
2026/09/22 10:27:13.859, 0, 12288, 11814, 302
2026/09/22 10:27:14.063, 0, 12288, 11814, 302
2026/09/22 10:27:14.268, 0, 12288, 11814, 302
2026/09/22 10:27:14.474, 0, 12288, 11814, 302
2026/09/22 10:27:14.678, 0, 12288, 11814, 302
2026/09/22 10:27:14.885, 0, 12288, 11814, 302
2026/09/22 10:27:15.089, 0, 12288, 11814, 302
2026/09/22 10:27:15.294, 0, 12288, 11814, 302
2026/09/22 10:27:15.510, 0, 12288, 11814, 302
2026/09/22 10:27:15.716, 0, 12288, 11814, 302
2026/09/22 10:27:15.923, 0, 12288, 11814, 302
2026/09/22 10:27:16.130, 0, 12288, 11814, 302
2026/09/22 10:27:16.336, 0, 12288, 11814, 302
2026/09/22 10:27:16.542, 0, 12288, 11814, 302
2026/09/22 10:27:16.748, 0, 12288, 11814, 302
2026/09/22 10:27:16.953, 0, 12288, 11814, 302
2026/09/22 10:27:17.157, 0, 12288, 11814, 302
2026/09/22 10:27:17.362, 0, 12288, 11814, 302
2026/09/22 10:27:17.567, 0, 12288, 11814, 302
2026/09/22 10:27:17.771, 0, 12288, 11814, 302
2026/09/22 10:27:17.976, 0, 12288, 11814, 302
2026/09/22 10:27:18.183, 0, 12288, 11814, 302
2026/09/22 10:27:18.387, 0, 12288, 11814, 302
2026/09/22 10:27:18.592, 0, 12288, 11814, 302
2026/09/22 10:27:18.797, 0, 12288, 11814, 302
2026/09/22 10:27:19.000, 0, 12288, 11814, 302
2026/09/22 10:27:19.205, 0, 12288, 11814, 302
2026/09/22 10:27:19.411, 0, 12288, 11814, 302
2026/09/22 10:27:19.615, 0, 12288, 11814, 302
2026/09/22 10:27:19.819, 0, 12288, 11814, 302
2026/09/22 10:27:20.026, 0, 12288, 11814, 302
2026/09/22 10:27:20.232, 0, 12288, 11814, 302
2026/09/22 10:27:20.438, 0, 12288, 11814, 302
2026/09/22 10:27:20.644, 0, 12288, 11814, 302
2026/09/22 10:27:20.849, 0, 12288, 11814, 302
2026/09/22 10:27:21.056, 0, 12288, 11814, 302
2026/09/22 10:27:21.264, 0, 12288, 11814, 302
2026/09/22 10:27:21.469, 0, 12288, 11814, 302
2026/09/22 10:27:21.673, 0, 12288, 11814, 302
2026/09/22 10:27:21.874, 0, 12288, 11814, 302
2026/09/22 10:27:22.078, 0, 12288, 11814, 302
2026/09/22 10:27:22.285, 0, 12288, 11814, 302
2026/09/22 10:27:22.489, 0, 12288, 11814, 302
2026/09/22 10:27:22.694, 0, 12288, 11814, 302
2026/09/22 10:27:22.899, 0, 12288, 11814, 302
2026/09/22 10:27:23.105, 0, 12288, 11814, 302
2026/09/22 10:27:23.308, 0, 12288, 11814, 302
2026/09/22 10:27:23.514, 0, 12288, 11814, 302
2026/09/22 10:27:23.719, 0, 12288, 11814, 302
2026/09/22 10:27:23.925, 0, 12288, 11814, 302
2026/09/22 10:27:24.131, 0, 12288, 11814, 302
2026/09/22 10:27:24.335, 0, 12288, 11814, 302
2026/09/22 10:27:24.540, 0, 12288, 11814, 302
2026/09/22 10:27:24.746, 0, 12288, 11814, 302
2026/09/22 10:27:24.952, 0, 12288, 11814, 302
2026/09/22 10:27:25.155, 0, 12288, 11814, 302
2026/09/22 10:27:25.359, 0, 12288, 11814, 302
2026/09/22 10:27:25.564, 0, 12288, 11814, 302
2026/09/22 10:27:25.769, 0, 12288, 11814, 302
2026/09/22 10:27:25.974, 0, 12288, 11814, 302
2026/09/22 10:27:26.178, 0, 12288, 11814, 302
2026/09/22 10:27:26.381, 0, 12288, 11814, 302
2026/09/22 10:27:26.586, 0, 12288, 11814, 302
2026/09/22 10:27:26.790, 0, 12288, 11814, 302
2026/09/22 10:27:26.994, 0, 12288, 11814, 302
2026/09/22 10:27:27.200, 0, 12288, 11814, 302
2026/09/22 10:27:27.406, 0, 12288, 11814, 302
2026/09/22 10:27:27.614, 0, 12288, 11814, 302
2026/09/22 10:27:27.815, 0, 12288, 11814, 302
2026/09/22 10:27:28.019, 0, 12288, 11814, 302
2026/09/22 10:27:28.224, 0, 12288, 11814, 302
2026/09/22 10:27:28.428, 0, 12288, 11814, 302
2026/09/22 10:27:28.632, 0, 12288, 11814, 302
2026/09/22 10:27:28.837, 0, 12288, 11814, 302
2026/09/22 10:27:29.043, 0, 12288, 11814, 302
2026/09/22 10:27:29.247, 0, 12288, 11814, 302
2026/09/22 10:27:29.451, 0, 12288, 11814, 302
2026/09/22 10:27:29.656, 0, 12288, 11814, 302
2026/09/22 10:27:29.860, 0, 12288, 11814, 302
2026/09/22 10:27:30.066, 0, 12288, 11814, 302
2026/09/22 10:27:30.271, 0, 12288, 11814, 302
2026/09/22 10:27:30.477, 0, 12288, 11814, 302
2026/09/22 10:27:30.681, 0, 12288, 11814, 302
2026/09/22 10:27:30.888, 0, 12288, 11814, 302
2026/09/22 10:27:31.092, 0, 12288, 11814, 302
2026/09/22 10:27:31.299, 0, 12288, 11814, 302
2026/09/22 10:27:31.502, 0, 12288, 11814, 302
2026/09/22 10:27:31.707, 0, 12288, 11814, 302
2026/09/22 10:27:31.913, 0, 12288, 11814, 302
2026/09/22 10:27:32.119, 0, 12288, 11814, 302
2026/09/22 10:27:32.324, 0, 12288, 11814, 302
2026/09/22 10:27:32.530, 0, 12288, 11814, 302
2026/09/22 10:27:32.735, 0, 12288, 11814, 302
2026/09/22 10:27:32.941, 0, 12288, 11814, 302
2026/09/22 10:27:33.146, 0, 12288, 11814, 302
2026/09/22 10:27:33.352, 0, 12288, 11814, 302
2026/09/22 10:27:33.558, 0, 12288, 11814, 302
2026/09/22 10:27:33.762, 0, 12288, 11814, 302
2026/09/22 10:27:33.968, 0, 12288, 11814, 302
2026/09/22 10:27:34.174, 0, 12288, 11814, 302
2026/09/22 10:27:34.380, 0, 12288, 11814, 302
2026/09/22 10:27:34.600, 0, 12288, 11814, 302
2026/09/22 10:27:34.804, 0, 12288, 11814, 302
2026/09/22 10:27:35.010, 0, 12288, 11814, 302
2026/09/22 10:27:35.214, 0, 12288, 11814, 302
2026/09/22 10:27:35.419, 0, 12288, 11814, 302
2026/09/22 10:27:35.625, 0, 12288, 11814, 302
2026/09/22 10:27:35.832, 0, 12288, 11814, 302
2026/09/22 10:27:36.037, 0, 12288, 11814, 302
2026/09/22 10:27:36.242, 0, 12288, 11814, 302
2026/09/22 10:27:36.448, 0, 12288, 11814, 302
2026/09/22 10:27:36.653, 0, 12288, 11814, 302
2026/09/22 10:27:36.860, 0, 12288, 11814, 302
2026/09/22 10:27:37.064, 0, 12288, 11814, 302
2026/09/22 10:27:37.271, 0, 12288, 11814, 302
2026/09/22 10:27:37.477, 0, 12288, 11814, 302
2026/09/22 10:27:37.682, 0, 12288, 11814, 302
2026/09/22 10:27:37.887, 0, 12288, 11814, 302
2026/09/22 10:27:38.092, 0, 12288, 11814, 302
2026/09/22 10:27:38.298, 0, 12288, 11814, 302
2026/09/22 10:27:38.501, 0, 12288, 11814, 302
2026/09/22 10:27:38.705, 0, 12288, 11814, 302
2026/09/22 10:27:38.913, 0, 12288, 11814, 302
2026/09/22 10:27:39.119, 0, 12288, 11814, 302
2026/09/22 10:27:39.325, 0, 12288, 11814, 302
2026/09/22 10:27:39.532, 0, 12288, 11814, 302
2026/09/22 10:27:39.737, 0, 12288, 11814, 302
2026/09/22 10:27:39.943, 0, 12288, 11814, 302
2026/09/22 10:27:40.149, 0, 12288, 11814, 302
2026/09/22 10:27:40.353, 0, 12288, 11814, 302
2026/09/22 10:27:40.558, 0, 12288, 11814, 302
2026/09/22 10:27:40.765, 0, 12288, 11814, 302
2026/09/22 10:27:40.969, 0, 12288, 11814, 302
2026/09/22 10:27:41.173, 0, 12288, 11814, 302
2026/09/22 10:27:41.378, 0, 12288, 11814, 302
2026/09/22 10:27:41.583, 0, 12288, 11814, 302
2026/09/22 10:27:41.790, 0, 12288, 11814, 302
2026/09/22 10:27:41.995, 0, 12288, 11814, 302
2026/09/22 10:27:42.200, 0, 12288, 11814, 302
2026/09/22 10:27:42.406, 0, 12288, 11814, 302
2026/09/22 10:27:42.611, 0, 12288, 11814, 302
2026/09/22 10:27:42.816, 0, 12288, 11814, 302
2026/09/22 10:27:43.022, 0, 12288, 11814, 302
2026/09/22 10:27:43.228, 0, 12288, 11814, 302
2026/09/22 10:27:43.434, 0, 12288, 11814, 302
2026/09/22 10:27:43.639, 0, 12288, 11814, 302
2026/09/22 10:27:43.843, 0, 12288, 11814, 302
2026/09/22 10:27:44.050, 0, 12288, 11814, 302
2026/09/22 10:27:44.254, 0, 12288, 11814, 302
2026/09/22 10:27:44.458, 0, 12288, 11814, 302
2026/09/22 10:27:44.664, 0, 12288, 11814, 302
2026/09/22 10:27:44.869, 0, 12288, 11814, 302
2026/09/22 10:27:45.075, 0, 12288, 11814, 302
2026/09/22 10:27:45.279, 0, 12288, 11814, 302
2026/09/22 10:27:45.499, 0, 12288, 11814, 302
2026/09/22 10:27:45.703, 0, 12288, 11814, 302
2026/09/22 10:27:45.908, 0, 12288, 11814, 302
2026/09/22 10:27:46.115, 0, 12288, 11814, 302
2026/09/22 10:27:46.320, 0, 12288, 11814, 302
2026/09/22 10:27:46.525, 0, 12288, 11814, 302
2026/09/22 10:27:46.729, 0, 12288, 11814, 302
2026/09/22 10:27:46.936, 0, 12288, 11814, 302
2026/09/22 10:27:47.141, 0, 12288, 11814, 302
2026/09/22 10:27:47.346, 0, 12288, 11814, 302
2026/09/22 10:27:47.550, 0, 12288, 11814, 302
2026/09/22 10:27:47.755, 0, 12288, 11814, 302
2026/09/22 10:27:47.961, 0, 12288, 11814, 302
2026/09/22 10:27:48.167, 0, 12288, 11814, 302
2026/09/22 10:27:48.372, 0, 12288, 11814, 302
2026/09/22 10:27:48.574, 0, 12288, 11814, 302
2026/09/22 10:27:48.779, 0, 12288, 11814, 302
2026/09/22 10:27:48.985, 0, 12288, 11814, 302
2026/09/22 10:27:49.190, 0, 12288, 11814, 302
2026/09/22 10:27:49.394, 0, 12288, 11814, 302
2026/09/22 10:27:49.599, 0, 12288, 11814, 302
2026/09/22 10:27:49.803, 0, 12288, 11814, 302
2026/09/22 10:27:50.009, 0, 12288, 11814, 302
2026/09/22 10:27:50.213, 0, 12288, 11814, 302
2026/09/22 10:27:50.419, 0, 12288, 11814, 302
2026/09/22 10:27:50.623, 0, 12288, 11814, 302
2026/09/22 10:27:50.828, 0, 12288, 11814, 302
2026/09/22 10:27:51.032, 0, 12288, 11814, 302
2026/09/22 10:27:51.237, 0, 12288, 11814, 302
2026/09/22 10:27:51.443, 0, 12288, 11814, 302
2026/09/22 10:27:51.649, 0, 12288, 11814, 302
2026/09/22 10:27:51.854, 0, 12288, 11814, 302
2026/09/22 10:27:52.059, 0, 12288, 11814, 302
2026/09/22 10:27:52.264, 0, 12288, 11814, 302
2026/09/22 10:27:52.469, 0, 12288, 11814, 302
2026/09/22 10:27:52.674, 0, 12288, 11814, 302
2026/09/22 10:27:52.879, 0, 12288, 11814, 302
2026/09/22 10:27:53.085, 0, 12288, 11814, 302
2026/09/22 10:27:53.291, 0, 12288, 11814, 302
2026/09/22 10:27:53.497, 0, 12288, 11814, 302
2026/09/22 10:27:53.703, 0, 12288, 11814, 302
2026/09/22 10:27:53.907, 0, 12288, 11814, 302
2026/09/22 10:27:54.113, 0, 12288, 11814, 302
2026/09/22 10:27:54.318, 0, 12288, 11814, 302
2026/09/22 10:27:54.522, 0, 12288, 11814, 302
2026/09/22 10:27:54.726, 0, 12288, 11814, 302
2026/09/22 10:27:54.930, 0, 12288, 11814, 302
2026/09/22 10:27:55.136, 0, 12288, 11814, 302
2026/09/22 10:27:55.341, 0, 12288, 11814, 302
2026/09/22 10:27:55.547, 0, 12288, 11814, 302
2026/09/22 10:27:55.752, 0, 12288, 11814, 302
2026/09/22 10:27:55.958, 0, 12288, 11814, 302
2026/09/22 10:27:56.166, 0, 12288, 11814, 302
2026/09/22 10:27:56.370, 0, 12288, 11814, 302
2026/09/22 10:27:56.575, 0, 12288, 11814, 302
2026/09/22 10:27:56.780, 0, 12288, 11814, 302
2026/09/22 10:27:56.984, 0, 12288, 11814, 302
2026/09/22 10:27:57.188, 0, 12288, 11814, 302
2026/09/22 10:27:57.394, 0, 12288, 11814, 302
2026/09/22 10:27:57.598, 0, 12288, 11814, 302
2026/09/22 10:27:57.803, 0, 12288, 11814, 302
2026/09/22 10:27:58.009, 0, 12288, 11814, 302
2026/09/22 10:27:58.214, 0, 12288, 11814, 302
2026/09/22 10:27:58.420, 0, 12288, 11814, 302
2026/09/22 10:27:58.627, 0, 12288, 11814, 302
2026/09/22 10:27:58.831, 0, 12288, 11814, 302
2026/09/22 10:27:59.036, 0, 12288, 11814, 302
2026/09/22 10:27:59.241, 0, 12288, 11814, 302
2026/09/22 10:27:59.446, 0, 12288, 11814, 302
2026/09/22 10:27:59.649, 0, 12288, 11814, 302
2026/09/22 10:27:59.855, 0, 12288, 11814, 302
2026/09/22 10:28:00.061, 0, 12288, 11814, 302
2026/09/22 10:28:00.264, 0, 12288, 11814, 302
2026/09/22 10:28:00.470, 0, 12288, 11814, 302
2026/09/22 10:28:00.673, 0, 12288, 11814, 302
2026/09/22 10:28:00.878, 0, 12288, 11814, 302
2026/09/22 10:28:01.085, 0, 12288, 11814, 302
2026/09/22 10:28:01.291, 0, 12288, 11814, 302
2026/09/22 10:28:01.495, 0, 12288, 11814, 302
2026/09/22 10:28:01.701, 0, 12288, 11814, 302
2026/09/22 10:28:01.903, 0, 12288, 11814, 302
2026/09/22 10:28:02.109, 0, 12288, 11814, 302
2026/09/22 10:28:02.314, 0, 12288, 11814, 302
2026/09/22 10:28:02.518, 0, 12288, 11814, 302
2026/09/22 10:28:02.723, 0, 12288, 11814, 302
2026/09/22 10:28:02.929, 0, 12288, 11814, 302
2026/09/22 10:28:03.135, 0, 12288, 11814, 302
2026/09/22 10:28:03.341, 0, 12288, 11814, 302
2026/09/22 10:28:03.546, 0, 12288, 11814, 302
2026/09/22 10:28:03.750, 0, 12288, 11814, 302
2026/09/22 10:28:03.952, 0, 12288, 11814, 302
2026/09/22 10:28:04.157, 0, 12288, 11814, 302
2026/09/22 10:28:04.360, 0, 12288, 11814, 302
2026/09/22 10:28:04.566, 0, 12288, 11814, 302
2026/09/22 10:28:04.771, 0, 12288, 11814, 302
2026/09/22 10:28:04.977, 0, 12288, 11814, 302
2026/09/22 10:28:05.183, 0, 12288, 11814, 302
2026/09/22 10:28:05.389, 0, 12288, 11814, 302
2026/09/22 10:28:05.594, 0, 12288, 11814, 302
2026/09/22 10:28:05.798, 0, 12288, 11814, 302
2026/09/22 10:28:06.004, 0, 12288, 11814, 302
2026/09/22 10:28:06.209, 0, 12288, 11814, 302
2026/09/22 10:28:06.414, 0, 12288, 11814, 302
2026/09/22 10:28:06.618, 0, 12288, 11814, 302
2026/09/22 10:28:06.823, 0, 12288, 11814, 302
2026/09/22 10:28:07.029, 0, 12288, 11814, 302
2026/09/22 10:28:07.235, 0, 12288, 11814, 302
2026/09/22 10:28:07.441, 0, 12288, 11814, 302
2026/09/22 10:28:07.647, 0, 12288, 11814, 302
2026/09/22 10:28:07.851, 0, 12288, 11814, 302
2026/09/22 10:28:08.059, 0, 12288, 11814, 302
2026/09/22 10:28:08.261, 0, 12288, 11814, 302
2026/09/22 10:28:08.466, 0, 12288, 11814, 302
2026/09/22 10:28:08.672, 0, 12288, 11814, 302
2026/09/22 10:28:08.876, 0, 12288, 11814, 302
2026/09/22 10:28:09.082, 0, 12288, 11814, 302
2026/09/22 10:28:09.285, 0, 12288, 11814, 302
2026/09/22 10:28:09.491, 0, 12288, 11814, 302
2026/09/22 10:28:09.694, 0, 12288, 11814, 302
2026/09/22 10:28:09.899, 0, 12288, 11814, 302
2026/09/22 10:28:10.103, 0, 12288, 11814, 302
2026/09/22 10:28:10.307, 0, 12288, 11814, 302
2026/09/22 10:28:10.509, 0, 12288, 11814, 302
2026/09/22 10:28:10.713, 0, 12288, 11814, 302
2026/09/22 10:28:10.939, 0, 12288, 11814, 302
2026/09/22 10:28:11.142, 0, 12288, 11814, 302
2026/09/22 10:28:11.348, 0, 12288, 11814, 302
2026/09/22 10:28:11.554, 0, 12288, 11814, 302
2026/09/22 10:28:11.758, 0, 12288, 11814, 302
2026/09/22 10:28:11.961, 0, 12288, 11814, 302
2026/09/22 10:28:12.164, 0, 12288, 11814, 302
2026/09/22 10:28:12.370, 0, 12288, 11814, 302
2026/09/22 10:28:12.574, 0, 12288, 11814, 302
2026/09/22 10:28:12.779, 0, 12288, 11814, 302
2026/09/22 10:28:12.982, 0, 12288, 11814, 302
2026/09/22 10:28:13.188, 0, 12288, 11814, 302
2026/09/22 10:28:13.393, 0, 12288, 11814, 302
2026/09/22 10:28:13.597, 0, 12288, 11814, 302
2026/09/22 10:28:13.802, 0, 12288, 11814, 302
2026/09/22 10:28:14.008, 0, 12288, 11814, 302
2026/09/22 10:28:14.215, 0, 12288, 11814, 302
2026/09/22 10:28:14.420, 0, 12288, 11814, 302
2026/09/22 10:28:14.624, 0, 12288, 11814, 302
2026/09/22 10:28:14.829, 0, 12288, 11814, 302
2026/09/22 10:28:15.033, 0, 12288, 11814, 302
2026/09/22 10:28:15.238, 0, 12288, 11814, 302
2026/09/22 10:28:15.445, 0, 12288, 11814, 302
2026/09/22 10:28:15.648, 0, 12288, 11814, 302
2026/09/22 10:28:15.853, 0, 12288, 11814, 302
2026/09/22 10:28:16.060, 0, 12288, 11814, 302
2026/09/22 10:28:16.263, 0, 12288, 11814, 302
2026/09/22 10:28:16.469, 0, 12288, 11814, 302
2026/09/22 10:28:16.673, 0, 12288, 11814, 302
2026/09/22 10:28:16.877, 0, 12288, 11814, 302
2026/09/22 10:28:17.083, 0, 12288, 11814, 302
2026/09/22 10:28:17.290, 0, 12288, 11814, 302
2026/09/22 10:28:17.497, 0, 12288, 11814, 302
2026/09/22 10:28:17.702, 0, 12288, 11814, 302
2026/09/22 10:28:17.907, 0, 12288, 11814, 302
2026/09/22 10:28:18.110, 0, 12288, 11814, 302
2026/09/22 10:28:18.313, 0, 12288, 11814, 302
2026/09/22 10:28:18.518, 0, 12288, 11814, 302
2026/09/22 10:28:18.722, 0, 12288, 11814, 302
2026/09/22 10:28:18.929, 0, 12288, 11814, 302
2026/09/22 10:28:19.134, 0, 12288, 11814, 302
2026/09/22 10:28:19.341, 0, 12288, 11814, 302
2026/09/22 10:28:19.546, 0, 12288, 11814, 302
2026/09/22 10:28:19.752, 0, 12288, 11814, 302
2026/09/22 10:28:19.956, 0, 12288, 11814, 302
2026/09/22 10:28:20.163, 0, 12288, 11814, 302
2026/09/22 10:28:20.368, 0, 12288, 11814, 302
2026/09/22 10:28:20.574, 0, 12288, 11814, 302
2026/09/22 10:28:20.780, 0, 12288, 11814, 302
2026/09/22 10:28:20.987, 0, 12288, 11814, 302
2026/09/22 10:28:21.194, 0, 12288, 11814, 302
2026/09/22 10:28:21.399, 0, 12288, 11814, 302
2026/09/22 10:28:21.604, 0, 12288, 11814, 302
2026/09/22 10:28:21.809, 0, 12288, 11814, 302
2026/09/22 10:28:22.014, 0, 12288, 11814, 302
2026/09/22 10:28:22.218, 0, 12288, 11814, 302
2026/09/22 10:28:22.424, 0, 12288, 11814, 302
2026/09/22 10:28:22.625, 0, 12288, 11814, 302
2026/09/22 10:28:22.831, 0, 12288, 11814, 302
2026/09/22 10:28:23.036, 0, 12288, 11814, 302
2026/09/22 10:28:23.243, 0, 12288, 11814, 302
2026/09/22 10:28:23.447, 0, 12288, 11814, 302
2026/09/22 10:28:23.651, 0, 12288, 11814, 302
2026/09/22 10:28:23.856, 0, 12288, 11814, 302
2026/09/22 10:28:24.063, 0, 12288, 11814, 302
2026/09/22 10:28:24.269, 0, 12288, 11814, 302
2026/09/22 10:28:24.476, 0, 12288, 11814, 302
2026/09/22 10:28:24.679, 0, 12288, 11814, 302
2026/09/22 10:28:24.885, 0, 12288, 11814, 302
2026/09/22 10:28:25.092, 0, 12288, 11814, 302
2026/09/22 10:28:25.294, 0, 12288, 11814, 302
2026/09/22 10:28:25.500, 0, 12288, 11814, 302
2026/09/22 10:28:25.703, 0, 12288, 11814, 302
2026/09/22 10:28:25.908, 0, 12288, 11814, 302
2026/09/22 10:28:26.115, 0, 12288, 11814, 302
2026/09/22 10:28:26.320, 0, 12288, 11814, 302
2026/09/22 10:28:26.526, 0, 12288, 11814, 302
2026/09/22 10:28:26.732, 0, 12288, 11814, 302
2026/09/22 10:28:26.937, 0, 12288, 11814, 302
2026/09/22 10:28:27.143, 0, 12288, 11814, 302
2026/09/22 10:28:27.349, 0, 12288, 11814, 302
2026/09/22 10:28:27.556, 0, 12288, 11814, 302
2026/09/22 10:28:27.760, 0, 12288, 11814, 302
2026/09/22 10:28:27.967, 0, 12288, 11814, 302
2026/09/22 10:28:28.172, 0, 12288, 11814, 302
2026/09/22 10:28:28.378, 0, 12288, 11814, 302
2026/09/22 10:28:28.582, 0, 12288, 11814, 302
2026/09/22 10:28:28.788, 0, 12288, 11814, 302
2026/09/22 10:28:28.993, 0, 12288, 11814, 302
2026/09/22 10:28:29.197, 0, 12288, 11814, 302
2026/09/22 10:28:29.403, 0, 12288, 11814, 302
2026/09/22 10:28:29.607, 0, 12288, 11814, 302
2026/09/22 10:28:29.814, 0, 12288, 11814, 302
2026/09/22 10:28:30.020, 0, 12288, 11814, 302
2026/09/22 10:28:30.224, 0, 12288, 11814, 302
2026/09/22 10:28:30.429, 0, 12288, 11814, 302
2026/09/22 10:28:30.632, 0, 12288, 11814, 302
2026/09/22 10:28:30.836, 0, 12288, 11814, 302
2026/09/22 10:28:31.041, 0, 12288, 11814, 302
2026/09/22 10:28:31.247, 0, 12288, 11814, 302
2026/09/22 10:28:31.453, 0, 12288, 11814, 302
2026/09/22 10:28:31.660, 0, 12288, 11814, 302
2026/09/22 10:28:31.866, 0, 12288, 11814, 302
2026/09/22 10:28:32.072, 0, 12288, 11814, 302
2026/09/22 10:28:32.278, 0, 12288, 11814, 302
2026/09/22 10:28:32.484, 0, 12288, 11814, 302
2026/09/22 10:28:32.688, 0, 12288, 11814, 302
2026/09/22 10:28:32.895, 0, 12288, 11814, 302
2026/09/22 10:28:33.102, 0, 12288, 11814, 302
2026/09/22 10:28:33.307, 0, 12288, 11814, 302
2026/09/22 10:28:33.514, 0, 12288, 11814, 302
2026/09/22 10:28:33.719, 0, 12288, 11814, 302
2026/09/22 10:28:33.924, 0, 12288, 11814, 302
2026/09/22 10:28:34.128, 0, 12288, 11814, 302
2026/09/22 10:28:34.334, 0, 12288, 11814, 302
2026/09/22 10:28:34.541, 0, 12288, 11814, 302
2026/09/22 10:28:34.744, 0, 12288, 11814, 302
2026/09/22 10:28:34.947, 0, 12288, 11814, 302
2026/09/22 10:28:35.151, 0, 12288, 11814, 302
2026/09/22 10:28:35.354, 0, 12288, 11814, 302
2026/09/22 10:28:35.560, 0, 12288, 11814, 302
2026/09/22 10:28:35.765, 0, 12288, 11814, 302
2026/09/22 10:28:35.971, 0, 12288, 11814, 302
2026/09/22 10:28:36.175, 0, 12288, 11814, 302
2026/09/22 10:28:36.380, 0, 12288, 11814, 302
2026/09/22 10:28:36.586, 0, 12288, 11814, 302
2026/09/22 10:28:36.792, 0, 12288, 11814, 302
2026/09/22 10:28:36.998, 0, 12288, 11814, 302
2026/09/22 10:28:37.202, 0, 12288, 11814, 302
2026/09/22 10:28:37.408, 0, 12288, 11814, 302
2026/09/22 10:28:37.613, 0, 12288, 11814, 302
2026/09/22 10:28:37.819, 0, 12288, 11819, 297
2026/09/22 10:28:38.024, 0, 12288, 11819, 297
2026/09/22 10:28:38.231, 0, 12288, 11819, 297
2026/09/22 10:28:38.438, 0, 12288, 11819, 297
2026/09/22 10:28:38.642, 0, 12288, 11819, 297
2026/09/22 10:28:38.848, 0, 12288, 11819, 297
2026/09/22 10:28:39.054, 0, 12288, 11819, 297
2026/09/22 10:28:39.260, 0, 12288, 11819, 297
2026/09/22 10:28:39.463, 0, 12288, 11819, 297
2026/09/22 10:28:39.666, 0, 12288, 11819, 297
2026/09/22 10:28:39.872, 0, 12288, 11819, 297
2026/09/22 10:28:40.078, 0, 12288, 11819, 297
2026/09/22 10:28:40.282, 0, 12288, 11819, 297
2026/09/22 10:28:40.487, 0, 12288, 11819, 297
2026/09/22 10:28:40.695, 0, 12288, 11819, 297
2026/09/22 10:28:40.902, 0, 12288, 11819, 297
2026/09/22 10:28:41.108, 0, 12288, 11819, 297
2026/09/22 10:28:41.313, 0, 12288, 11819, 297
2026/09/22 10:28:41.518, 0, 12288, 11819, 297
2026/09/22 10:28:41.723, 0, 12288, 11819, 297
2026/09/22 10:28:41.929, 0, 12288, 11819, 297
2026/09/22 10:28:42.133, 0, 12288, 11819, 297
2026/09/22 10:28:42.337, 0, 12288, 11819, 297
2026/09/22 10:28:42.542, 0, 12288, 11819, 297
2026/09/22 10:28:42.745, 0, 12288, 11819, 297
2026/09/22 10:28:42.951, 0, 12288, 11819, 297
2026/09/22 10:28:43.157, 0, 12288, 11819, 297
2026/09/22 10:28:43.365, 0, 12288, 11819, 297
2026/09/22 10:28:43.570, 0, 12288, 11819, 297
2026/09/22 10:28:43.777, 0, 12288, 11819, 297
2026/09/22 10:28:43.983, 0, 12288, 11819, 297
2026/09/22 10:28:44.188, 0, 12288, 11819, 297
2026/09/22 10:28:44.392, 0, 12288, 11819, 297
2026/09/22 10:28:44.596, 0, 12288, 11819, 297
2026/09/22 10:28:44.800, 0, 12288, 11819, 297
2026/09/22 10:28:45.003, 0, 12288, 11819, 297
2026/09/22 10:28:45.209, 0, 12288, 11819, 297
2026/09/22 10:28:45.416, 0, 12288, 11819, 297
2026/09/22 10:28:45.623, 0, 12288, 11819, 297
2026/09/22 10:28:45.828, 0, 12288, 11819, 297
2026/09/22 10:28:46.034, 0, 12288, 11819, 297
2026/09/22 10:28:46.240, 0, 12288, 11819, 297
2026/09/22 10:28:46.445, 0, 12288, 11819, 297
2026/09/22 10:28:46.649, 0, 12288, 11819, 297
2026/09/22 10:28:46.855, 0, 12288, 11819, 297
2026/09/22 10:28:47.059, 0, 12288, 11819, 297
2026/09/22 10:28:47.264, 0, 12288, 11819, 297
2026/09/22 10:28:47.468, 0, 12288, 11819, 297
2026/09/22 10:28:47.671, 0, 12288, 11819, 297
2026/09/22 10:28:47.877, 0, 12288, 11819, 297
2026/09/22 10:28:48.084, 0, 12288, 11819, 297
2026/09/22 10:28:48.290, 0, 12288, 11819, 297
2026/09/22 10:28:48.497, 0, 12288, 11819, 297
2026/09/22 10:28:48.702, 0, 12288, 11819, 297
2026/09/22 10:28:48.909, 0, 12288, 11819, 297
2026/09/22 10:28:49.115, 0, 12288, 11819, 297
2026/09/22 10:28:49.318, 0, 12288, 11819, 297
2026/09/22 10:28:49.524, 0, 12288, 11819, 297
2026/09/22 10:28:49.728, 0, 12288, 11819, 297
2026/09/22 10:28:49.932, 0, 12288, 11819, 297
2026/09/22 10:28:50.137, 0, 12288, 11819, 297
2026/09/22 10:28:50.341, 0, 12288, 11819, 297
2026/09/22 10:28:50.547, 0, 12288, 11819, 297
2026/09/22 10:28:50.752, 0, 12288, 11819, 297
2026/09/22 10:28:50.955, 0, 12288, 11819, 297
2026/09/22 10:28:51.159, 0, 12288, 11819, 297
2026/09/22 10:28:51.366, 0, 12288, 11819, 297
2026/09/22 10:28:51.573, 0, 12288, 11819, 297
2026/09/22 10:28:51.779, 0, 12288, 11819, 297
2026/09/22 10:28:51.985, 0, 12288, 11819, 297
2026/09/22 10:28:52.191, 0, 12288, 11819, 297
2026/09/22 10:28:52.396, 0, 12288, 11819, 297
2026/09/22 10:28:52.599, 0, 12288, 11819, 297
2026/09/22 10:28:52.807, 0, 12288, 11819, 297
2026/09/22 10:28:53.011, 0, 12288, 11819, 297
2026/09/22 10:28:53.216, 0, 12288, 11819, 297
2026/09/22 10:28:53.422, 0, 12288, 11819, 297
2026/09/22 10:28:53.625, 0, 12288, 11819, 297
2026/09/22 10:28:53.828, 0, 12288, 11819, 297
2026/09/22 10:28:54.034, 0, 12288, 11819, 297
2026/09/22 10:28:54.240, 0, 12288, 11819, 297
2026/09/22 10:28:54.446, 0, 12288, 11819, 297
2026/09/22 10:28:54.650, 0, 12288, 11819, 297
2026/09/22 10:28:54.857, 0, 12288, 11819, 297
2026/09/22 10:28:55.062, 0, 12288, 11819, 297
2026/09/22 10:28:55.269, 0, 12288, 11819, 297
2026/09/22 10:28:55.474, 0, 12288, 11819, 297
2026/09/22 10:28:55.681, 0, 12288, 11819, 297
2026/09/22 10:28:55.886, 0, 12288, 11819, 297
2026/09/22 10:28:56.092, 0, 12288, 11819, 297
2026/09/22 10:28:56.298, 0, 12288, 11819, 297
2026/09/22 10:28:56.504, 0, 12288, 11819, 297
2026/09/22 10:28:56.708, 0, 12288, 11819, 297
2026/09/22 10:28:56.913, 0, 12288, 11819, 297
2026/09/22 10:28:57.120, 0, 12288, 11819, 297
2026/09/22 10:28:57.326, 0, 12288, 11819, 297
2026/09/22 10:28:57.531, 0, 12288, 11819, 297
2026/09/22 10:28:57.734, 0, 12288, 11819, 297
2026/09/22 10:28:57.938, 0, 12288, 11819, 297
2026/09/22 10:28:58.141, 0, 12288, 11819, 297
2026/09/22 10:28:58.343, 0, 12288, 11819, 297
2026/09/22 10:28:58.545, 0, 12288, 11819, 297
2026/09/22 10:28:58.750, 0, 12288, 11819, 297
2026/09/22 10:28:58.953, 0, 12288, 11819, 297
2026/09/22 10:28:59.159, 0, 12288, 11819, 297
2026/09/22 10:28:59.365, 0, 12288, 11819, 297
2026/09/22 10:28:59.572, 0, 12288, 11819, 297
2026/09/22 10:28:59.777, 0, 12288, 11819, 297
2026/09/22 10:28:59.981, 0, 12288, 11819, 297
2026/09/22 10:29:00.183, 0, 12288, 11819, 297
2026/09/22 10:29:00.390, 0, 12288, 11819, 297
2026/09/22 10:29:00.594, 0, 12288, 11819, 297
2026/09/22 10:29:00.799, 0, 12288, 11819, 297
2026/09/22 10:29:01.004, 0, 12288, 11819, 297
2026/09/22 10:29:01.208, 0, 12288, 11819, 297
2026/09/22 10:29:01.413, 0, 12288, 11819, 297
2026/09/22 10:29:01.620, 0, 12288, 11819, 297
2026/09/22 10:29:01.823, 0, 12288, 11819, 297
2026/09/22 10:29:02.028, 0, 12288, 11819, 297
2026/09/22 10:29:02.232, 0, 12288, 11819, 297
2026/09/22 10:29:02.438, 0, 12288, 11819, 297
2026/09/22 10:29:02.644, 0, 12288, 11819, 297
2026/09/22 10:29:02.850, 0, 12288, 11819, 297
2026/09/22 10:29:03.053, 0, 12288, 11819, 297
2026/09/22 10:29:03.259, 0, 12288, 11819, 297
2026/09/22 10:29:03.464, 0, 12288, 11819, 297
2026/09/22 10:29:03.670, 0, 12288, 11819, 297
2026/09/22 10:29:03.876, 0, 12288, 11819, 297
2026/09/22 10:29:04.083, 0, 12288, 11819, 297
2026/09/22 10:29:04.289, 0, 12288, 11819, 297
2026/09/22 10:29:04.494, 0, 12288, 11819, 297
2026/09/22 10:29:04.699, 0, 12288, 11819, 297
2026/09/22 10:29:04.907, 0, 12288, 11819, 297
2026/09/22 10:29:05.110, 0, 12288, 11819, 297
2026/09/22 10:29:05.317, 0, 12288, 11819, 297
2026/09/22 10:29:05.521, 0, 12288, 11819, 297
2026/09/22 10:29:05.727, 0, 12288, 11819, 297
2026/09/22 10:29:05.932, 0, 12288, 11819, 297
2026/09/22 10:29:06.136, 0, 12288, 11819, 297
2026/09/22 10:29:06.340, 0, 12288, 11819, 297
2026/09/22 10:29:06.546, 0, 12288, 11819, 297
2026/09/22 10:29:06.752, 0, 12288, 11819, 297
2026/09/22 10:29:06.957, 0, 12288, 11819, 297
2026/09/22 10:29:07.163, 0, 12288, 11819, 297
2026/09/22 10:29:07.370, 0, 12288, 11819, 297
2026/09/22 10:29:07.576, 0, 12288, 11819, 297
2026/09/22 10:29:07.782, 0, 12288, 11819, 297
2026/09/22 10:29:07.988, 0, 12288, 11819, 297
2026/09/22 10:29:08.193, 0, 12288, 11819, 297
2026/09/22 10:29:08.399, 0, 12288, 11819, 297
2026/09/22 10:29:08.604, 0, 12288, 11819, 297
2026/09/22 10:29:08.811, 0, 12288, 11819, 297
2026/09/22 10:29:09.016, 0, 12288, 11819, 297
2026/09/22 10:29:09.222, 0, 12288, 11819, 297
2026/09/22 10:29:09.427, 0, 12288, 11819, 297
2026/09/22 10:29:09.632, 0, 12288, 11819, 297
2026/09/22 10:29:09.837, 0, 12288, 11819, 297
2026/09/22 10:29:10.041, 0, 12288, 11819, 297
2026/09/22 10:29:10.247, 0, 12288, 11819, 297
2026/09/22 10:29:10.452, 0, 12288, 11819, 297
2026/09/22 10:29:10.655, 0, 12288, 11819, 297
2026/09/22 10:29:10.860, 0, 12288, 11819, 297
2026/09/22 10:29:11.065, 0, 12288, 11819, 297
2026/09/22 10:29:11.270, 0, 12288, 11819, 297
2026/09/22 10:29:11.478, 0, 12288, 11819, 297
2026/09/22 10:29:11.683, 0, 12288, 11819, 297
2026/09/22 10:29:11.888, 0, 12288, 11819, 297
2026/09/22 10:29:12.094, 0, 12288, 11819, 297
2026/09/22 10:29:12.299, 0, 12288, 11819, 297
2026/09/22 10:29:12.505, 0, 12288, 11819, 297
2026/09/22 10:29:12.710, 0, 12288, 11819, 297
2026/09/22 10:29:12.917, 0, 12288, 11819, 297
2026/09/22 10:29:13.123, 0, 12288, 11819, 297
2026/09/22 10:29:13.326, 0, 12288, 11819, 297
2026/09/22 10:29:13.530, 0, 12288, 11819, 297
2026/09/22 10:29:13.735, 0, 12288, 11819, 297
2026/09/22 10:29:13.940, 0, 12288, 11819, 297
2026/09/22 10:29:14.146, 0, 12288, 11819, 297
2026/09/22 10:29:14.350, 0, 12288, 11819, 297
2026/09/22 10:29:14.554, 0, 12288, 11819, 297
2026/09/22 10:29:14.760, 0, 12288, 11819, 297
2026/09/22 10:29:14.963, 0, 12288, 11819, 297
2026/09/22 10:29:15.169, 0, 12288, 11819, 297
2026/09/22 10:29:15.375, 0, 12288, 11819, 297
2026/09/22 10:29:15.582, 0, 12288, 11819, 297
2026/09/22 10:29:15.786, 0, 12288, 11819, 297
2026/09/22 10:29:15.992, 0, 12288, 11819, 297
2026/09/22 10:29:16.198, 0, 12288, 11819, 297
2026/09/22 10:29:16.402, 0, 12288, 11819, 297
2026/09/22 10:29:16.608, 0, 12288, 11819, 297
2026/09/22 10:29:16.812, 0, 12288, 11819, 297
2026/09/22 10:29:17.019, 0, 12288, 11819, 297
2026/09/22 10:29:17.224, 0, 12288, 11819, 297
2026/09/22 10:29:17.430, 0, 12288, 11819, 297
2026/09/22 10:29:17.635, 0, 12288, 11819, 297
2026/09/22 10:29:17.839, 0, 12288, 11819, 297
2026/09/22 10:29:18.045, 0, 12288, 11819, 297
2026/09/22 10:29:18.251, 0, 12288, 11819, 297
2026/09/22 10:29:18.458, 0, 12288, 11819, 297
2026/09/22 10:29:18.662, 0, 12288, 11819, 297
2026/09/22 10:29:18.869, 0, 12288, 11819, 297
2026/09/22 10:29:19.071, 0, 12288, 11819, 297
2026/09/22 10:29:19.275, 0, 12288, 11819, 297
2026/09/22 10:29:19.482, 0, 12288, 11819, 297
2026/09/22 10:29:19.687, 0, 12288, 11819, 297
2026/09/22 10:29:19.890, 0, 12288, 11819, 297
2026/09/22 10:29:20.094, 0, 12288, 11819, 297
2026/09/22 10:29:20.300, 0, 12288, 11819, 297
2026/09/22 10:29:20.505, 0, 12288, 11819, 297
2026/09/22 10:29:20.709, 0, 12288, 11819, 297
2026/09/22 10:29:20.914, 0, 12288, 11819, 297
2026/09/22 10:29:21.121, 0, 12288, 11819, 297
2026/09/22 10:29:21.326, 0, 12288, 11819, 297
2026/09/22 10:29:21.532, 0, 12288, 11819, 297
2026/09/22 10:29:21.737, 0, 12288, 11819, 297
2026/09/22 10:29:21.942, 0, 12288, 11819, 297
2026/09/22 10:29:22.147, 0, 12288, 11819, 297
2026/09/22 10:29:22.351, 0, 12288, 11819, 297
2026/09/22 10:29:22.556, 0, 12288, 11819, 297
2026/09/22 10:29:22.761, 0, 12288, 11819, 297
2026/09/22 10:29:22.967, 0, 12288, 11819, 297
2026/09/22 10:29:23.172, 0, 12288, 11819, 297
2026/09/22 10:29:23.375, 0, 12288, 11819, 297
2026/09/22 10:29:23.581, 0, 12288, 11819, 297
2026/09/22 10:29:23.788, 0, 12288, 11819, 297
2026/09/22 10:29:23.993, 0, 12288, 11819, 297
2026/09/22 10:29:24.198, 0, 12288, 11819, 297
2026/09/22 10:29:24.404, 0, 12288, 11819, 297
2026/09/22 10:29:24.611, 0, 12288, 11819, 297
2026/09/22 10:29:24.817, 0, 12288, 11819, 297
2026/09/22 10:29:25.020, 0, 12288, 11819, 297
2026/09/22 10:29:25.226, 0, 12288, 11819, 297
2026/09/22 10:29:25.433, 0, 12288, 11819, 297
2026/09/22 10:29:25.638, 0, 12288, 11819, 297
2026/09/22 10:29:25.843, 0, 12288, 11819, 297
2026/09/22 10:29:26.052, 0, 12288, 11819, 297
2026/09/22 10:29:26.257, 0, 12288, 11819, 297
2026/09/22 10:29:26.462, 0, 12288, 11819, 297
2026/09/22 10:29:26.667, 0, 12288, 11819, 297
2026/09/22 10:29:26.874, 0, 12288, 11819, 297
2026/09/22 10:29:27.079, 0, 12288, 11819, 297
2026/09/22 10:29:27.284, 0, 12288, 11819, 297
2026/09/22 10:29:27.490, 0, 12288, 11819, 297
2026/09/22 10:29:27.696, 0, 12288, 11819, 297
2026/09/22 10:29:27.903, 0, 12288, 11819, 297
2026/09/22 10:29:28.109, 0, 12288, 11819, 297
2026/09/22 10:29:28.313, 0, 12288, 11819, 297
2026/09/22 10:29:28.518, 0, 12288, 11819, 297
2026/09/22 10:29:28.723, 0, 12288, 11819, 297
2026/09/22 10:29:28.928, 0, 12288, 11819, 297
2026/09/22 10:29:29.133, 0, 12288, 11819, 297
2026/09/22 10:29:29.337, 0, 12288, 11819, 297
2026/09/22 10:29:29.543, 0, 12288, 11819, 297
2026/09/22 10:29:29.746, 0, 12288, 11819, 297
2026/09/22 10:29:29.952, 0, 12288, 11819, 297
2026/09/22 10:29:30.156, 0, 12288, 11819, 297
2026/09/22 10:29:30.362, 0, 12288, 11819, 297
2026/09/22 10:29:30.569, 0, 12288, 11819, 297
2026/09/22 10:29:30.774, 0, 12288, 11819, 297
2026/09/22 10:29:30.978, 0, 12288, 11819, 297
2026/09/22 10:29:31.183, 0, 12288, 11819, 297
2026/09/22 10:29:31.389, 0, 12288, 11819, 297
2026/09/22 10:29:31.594, 0, 12288, 11819, 297
2026/09/22 10:29:31.798, 0, 12288, 11819, 297
2026/09/22 10:29:32.004, 0, 12288, 11819, 297
2026/09/22 10:29:32.210, 0, 12288, 11819, 297
2026/09/22 10:29:32.415, 0, 12288, 11819, 297
2026/09/22 10:29:32.620, 0, 12288, 11819, 297
2026/09/22 10:29:32.826, 0, 12288, 11819, 297
2026/09/22 10:29:33.031, 0, 12288, 11819, 297
2026/09/22 10:29:33.237, 0, 12288, 11819, 297
2026/09/22 10:29:33.443, 0, 12288, 11819, 297
2026/09/22 10:29:33.649, 0, 12288, 11819, 297
2026/09/22 10:29:33.854, 0, 12288, 11819, 297
2026/09/22 10:29:34.060, 0, 12288, 11819, 297
2026/09/22 10:29:34.266, 0, 12288, 11819, 297
2026/09/22 10:29:34.472, 0, 12288, 11819, 297
2026/09/22 10:29:34.677, 0, 12288, 11819, 297
2026/09/22 10:29:34.882, 0, 12288, 11819, 297
2026/09/22 10:29:35.088, 0, 12288, 11819, 297
2026/09/22 10:29:35.293, 0, 12288, 11819, 297
2026/09/22 10:29:35.497, 0, 12288, 11819, 297
2026/09/22 10:29:35.702, 0, 12288, 11819, 297
2026/09/22 10:29:35.921, 0, 12288, 11819, 297
2026/09/22 10:29:36.126, 0, 12288, 11819, 297
2026/09/22 10:29:36.331, 0, 12288, 11819, 297
2026/09/22 10:29:36.538, 0, 12288, 11819, 297
2026/09/22 10:29:36.744, 0, 12288, 11819, 297
2026/09/22 10:29:36.948, 0, 12288, 11819, 297
2026/09/22 10:29:37.153, 0, 12288, 11819, 297
2026/09/22 10:29:37.357, 0, 12288, 11819, 297
2026/09/22 10:29:37.562, 0, 12288, 11819, 297
2026/09/22 10:29:37.766, 0, 12288, 11819, 297
2026/09/22 10:29:37.972, 0, 12288, 11819, 297
2026/09/22 10:29:38.176, 0, 12288, 11819, 297
2026/09/22 10:29:38.381, 0, 12288, 11819, 297
2026/09/22 10:29:38.587, 0, 12288, 11819, 297
2026/09/22 10:29:38.794, 0, 12288, 11819, 297
2026/09/22 10:29:39.000, 0, 12288, 11819, 297
2026/09/22 10:29:39.205, 0, 12288, 11819, 297
2026/09/22 10:29:39.412, 0, 12288, 11819, 297
2026/09/22 10:29:39.615, 0, 12288, 11819, 297
2026/09/22 10:29:39.821, 0, 12288, 11819, 297
2026/09/22 10:29:40.027, 0, 12288, 11819, 297
2026/09/22 10:29:40.233, 0, 12288, 11819, 297
2026/09/22 10:29:40.438, 0, 12288, 11819, 297
2026/09/22 10:29:40.645, 0, 12288, 11819, 297
2026/09/22 10:29:40.850, 0, 12288, 11819, 297
2026/09/22 10:29:41.054, 0, 12288, 11819, 297
2026/09/22 10:29:41.259, 0, 12288, 11819, 297
2026/09/22 10:29:41.465, 0, 12288, 11819, 297
2026/09/22 10:29:41.671, 0, 12288, 11819, 297
2026/09/22 10:29:41.875, 0, 12288, 11819, 297
2026/09/22 10:29:42.077, 0, 12288, 11819, 297
2026/09/22 10:29:42.280, 0, 12288, 11819, 297
2026/09/22 10:29:42.483, 0, 12288, 11819, 297
2026/09/22 10:29:42.687, 0, 12288, 11819, 297
2026/09/22 10:29:42.891, 0, 12288, 11819, 297
2026/09/22 10:29:43.098, 0, 12288, 11819, 297
2026/09/22 10:29:43.304, 0, 12288, 11819, 297
2026/09/22 10:29:43.510, 0, 12288, 11819, 297
2026/09/22 10:29:43.714, 0, 12288, 11819, 297
2026/09/22 10:29:43.921, 0, 12288, 11819, 297
2026/09/22 10:29:44.127, 0, 12288, 11819, 297
2026/09/22 10:29:44.332, 0, 12288, 11819, 297
2026/09/22 10:29:44.536, 0, 12288, 11819, 297
2026/09/22 10:29:44.740, 0, 12288, 11819, 297
2026/09/22 10:29:44.944, 0, 12288, 11819, 297
2026/09/22 10:29:45.150, 0, 12288, 11819, 297
2026/09/22 10:29:45.355, 0, 12288, 11819, 297
2026/09/22 10:29:45.562, 0, 12288, 11819, 297
2026/09/22 10:29:45.766, 0, 12288, 11819, 297
2026/09/22 10:29:45.971, 0, 12288, 11819, 297
2026/09/22 10:29:46.177, 0, 12288, 11819, 297
2026/09/22 10:29:46.382, 0, 12288, 11819, 297
2026/09/22 10:29:46.587, 0, 12288, 11819, 297
2026/09/22 10:29:46.794, 0, 12288, 11819, 297
2026/09/22 10:29:46.998, 0, 12288, 11819, 297
2026/09/22 10:29:47.203, 0, 12288, 11819, 297
2026/09/22 10:29:47.408, 0, 12288, 11819, 297
2026/09/22 10:29:47.614, 0, 12288, 11819, 297
2026/09/22 10:29:47.819, 0, 12288, 11819, 297
2026/09/22 10:29:48.025, 0, 12288, 11819, 297
2026/09/22 10:29:48.230, 0, 12288, 11819, 297
2026/09/22 10:29:48.436, 0, 12288, 11819, 297
2026/09/22 10:29:48.640, 0, 12288, 11819, 297
2026/09/22 10:29:48.844, 0, 12288, 11819, 297
2026/09/22 10:29:49.052, 0, 12288, 11819, 297
2026/09/22 10:29:49.257, 0, 12288, 11819, 297
2026/09/22 10:29:49.463, 0, 12288, 11819, 297
2026/09/22 10:29:49.668, 0, 12288, 11819, 297
2026/09/22 10:29:49.873, 0, 12288, 11819, 297
2026/09/22 10:29:50.078, 0, 12288, 11819, 297
2026/09/22 10:29:50.281, 0, 12288, 11819, 297
2026/09/22 10:29:50.486, 0, 12288, 11819, 297
2026/09/22 10:29:50.692, 0, 12288, 11819, 297
2026/09/22 10:29:50.898, 0, 12288, 11819, 297
2026/09/22 10:29:51.106, 0, 12288, 11819, 297
2026/09/22 10:29:51.312, 0, 12288, 11819, 297
2026/09/22 10:29:51.517, 0, 12288, 11819, 297
2026/09/22 10:29:51.723, 0, 12288, 11819, 297
2026/09/22 10:29:51.927, 0, 12288, 11819, 297
2026/09/22 10:29:52.131, 0, 12288, 11819, 297
2026/09/22 10:29:52.337, 0, 12288, 11819, 297
2026/09/22 10:29:52.543, 0, 12288, 11819, 297
2026/09/22 10:29:52.748, 0, 12288, 11819, 297
2026/09/22 10:29:52.955, 0, 12288, 11819, 297
2026/09/22 10:29:53.160, 0, 12288, 11819, 297
2026/09/22 10:29:53.366, 0, 12288, 11819, 297
2026/09/22 10:29:53.571, 0, 12288, 11819, 297
2026/09/22 10:29:53.776, 0, 12288, 11819, 297
2026/09/22 10:29:53.980, 0, 12288, 11819, 297
2026/09/22 10:29:54.185, 0, 12288, 11819, 297
2026/09/22 10:29:54.389, 0, 12288, 11819, 297
2026/09/22 10:29:54.596, 0, 12288, 11819, 297
2026/09/22 10:29:54.801, 0, 12288, 11819, 297
2026/09/22 10:29:55.008, 0, 12288, 11819, 297
2026/09/22 10:29:55.214, 0, 12288, 11819, 297
2026/09/22 10:29:55.419, 0, 12288, 11819, 297
2026/09/22 10:29:55.624, 0, 12288, 11819, 297
2026/09/22 10:29:55.829, 0, 12288, 11821, 295
2026/09/22 10:29:56.034, 0, 12288, 11821, 295
2026/09/22 10:29:56.237, 0, 12288, 11821, 295
2026/09/22 10:29:56.440, 0, 12288, 11821, 295
2026/09/22 10:29:56.645, 0, 12288, 11821, 295
2026/09/22 10:29:56.849, 0, 12288, 11821, 295
2026/09/22 10:29:57.053, 0, 12288, 11821, 295
2026/09/22 10:29:57.258, 0, 12288, 11821, 295
2026/09/22 10:29:57.464, 0, 12288, 11821, 295
2026/09/22 10:29:57.670, 0, 12288, 11821, 295
2026/09/22 10:29:57.874, 0, 12288, 11821, 295
2026/09/22 10:29:58.080, 0, 12288, 11821, 295
2026/09/22 10:29:58.283, 0, 12288, 11821, 295
2026/09/22 10:29:58.489, 0, 12288, 11821, 295
2026/09/22 10:29:58.695, 0, 12288, 11821, 295
2026/09/22 10:29:58.901, 0, 12288, 11821, 295
2026/09/22 10:29:59.108, 0, 12288, 11821, 295
2026/09/22 10:29:59.313, 0, 12288, 11821, 295
2026/09/22 10:29:59.520, 0, 12288, 11821, 295
2026/09/22 10:29:59.725, 0, 12288, 11821, 295
2026/09/22 10:29:59.930, 0, 12288, 11821, 295
2026/09/22 10:30:00.131, 0, 12288, 11821, 295
2026/09/22 10:30:00.344, 0, 12288, 11821, 295
2026/09/22 10:30:00.547, 0, 12288, 11821, 295
2026/09/22 10:30:00.753, 0, 12288, 11821, 295
2026/09/22 10:30:00.959, 0, 12288, 11821, 295
2026/09/22 10:30:01.164, 0, 12288, 11821, 295
2026/09/22 10:30:01.370, 0, 12288, 11821, 295
2026/09/22 10:30:01.576, 0, 12288, 11821, 295
2026/09/22 10:30:01.779, 0, 12288, 11821, 295
2026/09/22 10:30:01.985, 0, 12288, 11821, 295
2026/09/22 10:30:02.190, 0, 12288, 11821, 295
2026/09/22 10:30:02.394, 0, 12288, 11821, 295
2026/09/22 10:30:02.601, 0, 12288, 11821, 295
2026/09/22 10:30:02.806, 0, 12288, 11821, 295
2026/09/22 10:30:03.012, 0, 12288, 11821, 295
2026/09/22 10:30:03.217, 0, 12288, 11821, 295
2026/09/22 10:30:03.422, 0, 12288, 11821, 295
2026/09/22 10:30:03.629, 0, 12288, 11821, 295
2026/09/22 10:30:03.835, 0, 12288, 11821, 295
2026/09/22 10:30:04.040, 0, 12288, 11821, 295
2026/09/22 10:30:04.246, 0, 12288, 11821, 295
2026/09/22 10:30:04.451, 0, 12288, 11821, 295
2026/09/22 10:30:04.656, 0, 12288, 11821, 295
2026/09/22 10:30:04.860, 0, 12288, 11821, 295
2026/09/22 10:30:05.065, 0, 12288, 11821, 295
2026/09/22 10:30:05.271, 0, 12288, 11821, 295
2026/09/22 10:30:05.477, 0, 12288, 11821, 295
2026/09/22 10:30:05.683, 0, 12288, 11821, 295
2026/09/22 10:30:05.890, 0, 12288, 11821, 295
2026/09/22 10:30:06.096, 0, 12288, 11821, 295
2026/09/22 10:30:06.303, 0, 12288, 11821, 295
2026/09/22 10:30:06.508, 0, 12288, 11821, 295
2026/09/22 10:30:06.712, 0, 12288, 11821, 295
2026/09/22 10:30:06.917, 0, 12288, 11821, 295
2026/09/22 10:30:07.121, 0, 12288, 11821, 295
2026/09/22 10:30:07.328, 0, 12288, 11821, 295
2026/09/22 10:30:07.532, 0, 12288, 11821, 295
2026/09/22 10:30:07.739, 0, 12288, 11821, 295
2026/09/22 10:30:07.943, 0, 12288, 11821, 295
2026/09/22 10:30:08.149, 0, 12288, 11821, 295
2026/09/22 10:30:08.355, 0, 12288, 11821, 295
2026/09/22 10:30:08.562, 0, 12288, 11821, 295
2026/09/22 10:30:08.766, 0, 12288, 11821, 295
2026/09/22 10:30:08.969, 0, 12288, 11821, 295
2026/09/22 10:30:09.175, 0, 12288, 11821, 295
2026/09/22 10:30:09.377, 0, 12288, 11821, 295
2026/09/22 10:30:09.583, 0, 12288, 11821, 295
2026/09/22 10:30:09.790, 0, 12288, 11821, 295
2026/09/22 10:30:09.998, 0, 12288, 11821, 295
2026/09/22 10:30:10.201, 0, 12288, 11821, 295
2026/09/22 10:30:10.407, 0, 12288, 11821, 295
2026/09/22 10:30:10.613, 0, 12288, 11821, 295
2026/09/22 10:30:10.818, 0, 12288, 11821, 295
2026/09/22 10:30:11.024, 0, 12288, 11821, 295
2026/09/22 10:30:11.230, 0, 12288, 11821, 295
2026/09/22 10:30:11.437, 0, 12288, 11821, 295
2026/09/22 10:30:11.640, 0, 12288, 11821, 295
2026/09/22 10:30:11.845, 0, 12288, 11821, 295
2026/09/22 10:30:12.049, 0, 12288, 11821, 295
2026/09/22 10:30:12.251, 0, 12288, 11821, 295
2026/09/22 10:30:12.457, 0, 12288, 11821, 295
2026/09/22 10:30:12.663, 0, 12288, 11821, 295
2026/09/22 10:30:12.867, 0, 12288, 11821, 295
2026/09/22 10:30:13.072, 0, 12288, 11821, 295
2026/09/22 10:30:13.277, 0, 12288, 11821, 295
2026/09/22 10:30:13.481, 0, 12288, 11821, 295
2026/09/22 10:30:13.687, 0, 12288, 11821, 295
2026/09/22 10:30:13.891, 0, 12288, 11821, 295
2026/09/22 10:30:14.095, 0, 12288, 11821, 295
2026/09/22 10:30:14.299, 0, 12288, 11821, 295
2026/09/22 10:30:14.505, 0, 12288, 11821, 295
2026/09/22 10:30:14.706, 0, 12288, 11821, 295
2026/09/22 10:30:14.912, 0, 12288, 11821, 295
2026/09/22 10:30:15.117, 0, 12288, 11821, 295
2026/09/22 10:30:15.322, 0, 12288, 11821, 295
2026/09/22 10:30:15.528, 0, 12288, 11821, 295
2026/09/22 10:30:15.731, 0, 12288, 11821, 295
2026/09/22 10:30:15.935, 0, 12288, 11821, 295
2026/09/22 10:30:16.140, 0, 12288, 11821, 295
2026/09/22 10:30:16.344, 0, 12288, 11821, 295
2026/09/22 10:30:16.550, 0, 12288, 11821, 295
2026/09/22 10:30:16.754, 0, 12288, 11821, 295
2026/09/22 10:30:16.959, 0, 12288, 11821, 295
2026/09/22 10:30:17.167, 0, 12288, 11821, 295
2026/09/22 10:30:17.374, 0, 12288, 11821, 295
2026/09/22 10:30:17.580, 0, 12288, 11821, 295
2026/09/22 10:30:17.787, 0, 12288, 11821, 295
2026/09/22 10:30:17.990, 0, 12288, 11821, 295
2026/09/22 10:30:18.198, 0, 12288, 11821, 295
2026/09/22 10:30:18.403, 0, 12288, 11821, 295
2026/09/22 10:30:18.608, 0, 12288, 11821, 295
2026/09/22 10:30:18.811, 0, 12288, 11821, 295
2026/09/22 10:30:19.017, 0, 12288, 11821, 295
2026/09/22 10:30:19.221, 0, 12288, 11821, 295
2026/09/22 10:30:19.427, 0, 12288, 11821, 295
2026/09/22 10:30:19.632, 0, 12288, 11821, 295
2026/09/22 10:30:19.838, 0, 12288, 11821, 295
2026/09/22 10:30:20.043, 0, 12288, 11821, 295
2026/09/22 10:30:20.249, 0, 12288, 11821, 295
2026/09/22 10:30:20.455, 0, 12288, 11821, 295
2026/09/22 10:30:20.660, 0, 12288, 11821, 295
2026/09/22 10:30:20.865, 0, 12288, 11821, 295
2026/09/22 10:30:21.070, 0, 12288, 11821, 295
2026/09/22 10:30:21.274, 0, 12288, 11821, 295
2026/09/22 10:30:21.478, 0, 12288, 11821, 295
2026/09/22 10:30:21.684, 0, 12288, 11821, 295
2026/09/22 10:30:21.888, 0, 12288, 11821, 295
2026/09/22 10:30:22.093, 0, 12288, 11821, 295
2026/09/22 10:30:22.297, 0, 12288, 11821, 295
2026/09/22 10:30:22.502, 0, 12288, 11821, 295
2026/09/22 10:30:22.707, 0, 12288, 11821, 295
2026/09/22 10:30:22.912, 0, 12288, 11821, 295
2026/09/22 10:30:23.117, 0, 12288, 11821, 295
2026/09/22 10:30:23.322, 0, 12288, 11821, 295
2026/09/22 10:30:23.526, 0, 12288, 11821, 295
2026/09/22 10:30:23.732, 0, 12288, 11821, 295
2026/09/22 10:30:23.936, 0, 12288, 11821, 295
2026/09/22 10:30:24.142, 0, 12288, 11821, 295
2026/09/22 10:30:24.347, 0, 12288, 11821, 295
2026/09/22 10:30:24.553, 0, 12288, 11821, 295
2026/09/22 10:30:24.758, 0, 12288, 11821, 295
2026/09/22 10:30:24.965, 0, 12288, 11821, 295
2026/09/22 10:30:25.171, 0, 12288, 11821, 295
2026/09/22 10:30:25.377, 0, 12288, 11844, 272
2026/09/22 10:30:25.581, 0, 12288, 11844, 272
2026/09/22 10:30:25.786, 0, 12288, 11844, 272
2026/09/22 10:30:25.991, 0, 12288, 11844, 272
2026/09/22 10:30:26.196, 0, 12288, 11844, 272
2026/09/22 10:30:26.401, 0, 12288, 11844, 272
2026/09/22 10:30:26.606, 0, 12288, 11844, 272
2026/09/22 10:30:26.812, 0, 12288, 11844, 272
2026/09/22 10:30:27.019, 0, 12288, 11844, 272
2026/09/22 10:30:27.226, 0, 12288, 11844, 272
2026/09/22 10:30:27.432, 0, 12288, 11844, 272
2026/09/22 10:30:27.635, 0, 12288, 11844, 272
2026/09/22 10:30:27.839, 0, 12288, 11844, 272
2026/09/22 10:30:28.044, 0, 12288, 11844, 272
2026/09/22 10:30:28.248, 0, 12288, 11844, 272
2026/09/22 10:30:28.454, 0, 12288, 11844, 272
2026/09/22 10:30:28.660, 0, 12288, 11844, 272
2026/09/22 10:30:28.866, 0, 12288, 11844, 272
2026/09/22 10:30:29.072, 0, 12288, 11844, 272
2026/09/22 10:30:29.276, 0, 12288, 11844, 272
2026/09/22 10:30:29.481, 0, 12288, 11844, 272
2026/09/22 10:30:29.688, 0, 12288, 11844, 272
2026/09/22 10:30:29.889, 0, 12288, 11844, 272
2026/09/22 10:30:30.094, 0, 12288, 11844, 272
2026/09/22 10:30:30.300, 0, 12288, 11844, 272
2026/09/22 10:30:30.502, 0, 12288, 11844, 272
2026/09/22 10:30:30.707, 0, 12288, 11844, 272
2026/09/22 10:30:30.912, 0, 12288, 11844, 272
2026/09/22 10:30:31.119, 0, 12288, 11844, 272
2026/09/22 10:30:31.325, 0, 12288, 11844, 272
2026/09/22 10:30:31.530, 0, 12288, 11844, 272
2026/09/22 10:30:31.735, 0, 12288, 11844, 272
2026/09/22 10:30:31.938, 0, 12288, 11844, 272
2026/09/22 10:30:32.144, 0, 12288, 11844, 272
2026/09/22 10:30:32.350, 0, 12288, 11844, 272
2026/09/22 10:30:32.555, 0, 12288, 11844, 272
2026/09/22 10:30:32.759, 0, 12288, 11844, 272
2026/09/22 10:30:32.965, 0, 12288, 11844, 272
2026/09/22 10:30:33.171, 0, 12288, 11844, 272
2026/09/22 10:30:33.378, 0, 12288, 11844, 272
2026/09/22 10:30:33.585, 0, 12288, 11844, 272
2026/09/22 10:30:33.791, 0, 12288, 11844, 272
2026/09/22 10:30:33.999, 0, 12288, 11844, 272
2026/09/22 10:30:34.205, 0, 12288, 11844, 272
2026/09/22 10:30:34.410, 0, 12288, 11844, 272
2026/09/22 10:30:34.616, 0, 12288, 11844, 272
2026/09/22 10:30:34.823, 0, 12288, 11844, 272
2026/09/22 10:30:35.029, 0, 12288, 11844, 272
2026/09/22 10:30:35.234, 0, 12288, 11844, 272
2026/09/22 10:30:35.440, 0, 12288, 11844, 272
2026/09/22 10:30:35.647, 0, 12288, 11844, 272
2026/09/22 10:30:35.853, 0, 12288, 11844, 272
2026/09/22 10:30:36.058, 0, 12288, 11844, 272
2026/09/22 10:30:36.264, 0, 12288, 11844, 272
2026/09/22 10:30:36.470, 0, 12288, 11844, 272
2026/09/22 10:30:36.676, 0, 12288, 11844, 272
2026/09/22 10:30:36.883, 0, 12288, 11844, 272
2026/09/22 10:30:37.090, 0, 12288, 11844, 272
2026/09/22 10:30:37.296, 0, 12288, 11844, 272
2026/09/22 10:30:37.502, 0, 12288, 11844, 272
2026/09/22 10:30:37.709, 0, 12288, 11844, 272
2026/09/22 10:30:37.916, 0, 12288, 11844, 272
2026/09/22 10:30:38.124, 0, 12288, 11844, 272
2026/09/22 10:30:38.331, 0, 12288, 11844, 272
2026/09/22 10:30:38.537, 0, 12288, 11844, 272
2026/09/22 10:30:38.742, 0, 12288, 11844, 272
2026/09/22 10:30:38.947, 0, 12288, 11844, 272
2026/09/22 10:30:39.153, 0, 12288, 11844, 272
2026/09/22 10:30:39.359, 0, 12288, 11844, 272
2026/09/22 10:30:39.566, 0, 12288, 11844, 272
2026/09/22 10:30:39.772, 0, 12288, 11844, 272
2026/09/22 10:30:39.976, 0, 12288, 11844, 272
2026/09/22 10:30:40.180, 0, 12288, 11844, 272
2026/09/22 10:30:40.385, 0, 12288, 11844, 272
2026/09/22 10:30:40.591, 0, 12288, 11844, 272
2026/09/22 10:30:40.797, 0, 12288, 11844, 272
2026/09/22 10:30:41.004, 0, 12288, 11844, 272
2026/09/22 10:30:41.209, 0, 12288, 11844, 272
2026/09/22 10:30:41.414, 0, 12288, 11844, 272
2026/09/22 10:30:41.619, 0, 12288, 11844, 272
2026/09/22 10:30:41.823, 0, 12288, 11844, 272
2026/09/22 10:30:42.030, 0, 12288, 11844, 272
2026/09/22 10:30:42.235, 0, 12288, 11844, 272
2026/09/22 10:30:42.442, 0, 12288, 11844, 272
2026/09/22 10:30:42.649, 0, 12288, 11844, 272
2026/09/22 10:30:42.854, 0, 12288, 11844, 272
2026/09/22 10:30:43.060, 0, 12288, 11844, 272
2026/09/22 10:30:43.265, 0, 12288, 11844, 272
2026/09/22 10:30:43.471, 0, 12288, 11844, 272
2026/09/22 10:30:43.677, 0, 12288, 11844, 272
2026/09/22 10:30:43.884, 0, 12288, 11844, 272
2026/09/22 10:30:44.089, 0, 12288, 11844, 272
2026/09/22 10:30:44.293, 0, 12288, 11844, 272
2026/09/22 10:30:44.497, 0, 12288, 11844, 272
2026/09/22 10:30:44.702, 0, 12288, 11844, 272
2026/09/22 10:30:44.909, 0, 12288, 11844, 272
2026/09/22 10:30:45.115, 0, 12288, 11844, 272
2026/09/22 10:30:45.320, 0, 12288, 11844, 272
2026/09/22 10:30:45.526, 0, 12288, 11844, 272
2026/09/22 10:30:45.733, 0, 12288, 11844, 272
2026/09/22 10:30:45.938, 0, 12288, 11844, 272
2026/09/22 10:30:46.145, 0, 12288, 11844, 272
2026/09/22 10:30:46.350, 0, 12288, 11844, 272
2026/09/22 10:30:46.558, 0, 12288, 11844, 272
2026/09/22 10:30:46.762, 0, 12288, 11844, 272
2026/09/22 10:30:46.967, 0, 12288, 11844, 272
2026/09/22 10:30:47.173, 0, 12288, 11844, 272
2026/09/22 10:30:47.379, 0, 12288, 11844, 272
2026/09/22 10:30:47.585, 0, 12288, 11844, 272
2026/09/22 10:30:47.789, 0, 12288, 11844, 272
2026/09/22 10:30:47.994, 0, 12288, 11844, 272
2026/09/22 10:30:48.200, 0, 12288, 11844, 272
2026/09/22 10:30:48.406, 0, 12288, 11844, 272
2026/09/22 10:30:48.611, 0, 12288, 11844, 272
2026/09/22 10:30:48.814, 0, 12288, 11844, 272
2026/09/22 10:30:49.020, 0, 12288, 11844, 272
2026/09/22 10:30:49.223, 0, 12288, 11844, 272
2026/09/22 10:30:49.428, 0, 12288, 11844, 272
2026/09/22 10:30:49.634, 0, 12288, 11844, 272
2026/09/22 10:30:49.838, 0, 12288, 11844, 272
2026/09/22 10:30:50.043, 0, 12288, 11844, 272
2026/09/22 10:30:50.251, 0, 12288, 11844, 272
2026/09/22 10:30:50.458, 0, 12288, 11844, 272
2026/09/22 10:30:50.662, 0, 12288, 11844, 272
2026/09/22 10:30:50.868, 0, 12288, 11844, 272
2026/09/22 10:30:51.073, 0, 12288, 11844, 272
2026/09/22 10:30:51.277, 0, 12288, 11844, 272
2026/09/22 10:30:51.484, 0, 12288, 11844, 272
2026/09/22 10:30:51.689, 0, 12288, 11844, 272
2026/09/22 10:30:51.896, 0, 12288, 11844, 272
2026/09/22 10:30:52.099, 0, 12288, 11844, 272
2026/09/22 10:30:52.304, 0, 12288, 11844, 272
2026/09/22 10:30:52.506, 0, 12288, 11844, 272
2026/09/22 10:30:52.711, 0, 12288, 11844, 272
2026/09/22 10:30:52.915, 0, 12288, 11844, 272
2026/09/22 10:30:53.120, 0, 12288, 11844, 272
2026/09/22 10:30:53.325, 0, 12288, 11844, 272
2026/09/22 10:30:53.531, 0, 12288, 11844, 272
2026/09/22 10:30:53.736, 0, 12288, 11844, 272
2026/09/22 10:30:53.942, 0, 12288, 11844, 272
2026/09/22 10:30:54.146, 0, 12288, 11844, 272
2026/09/22 10:30:54.352, 0, 12288, 11844, 272
2026/09/22 10:30:54.558, 0, 12288, 11844, 272
2026/09/22 10:30:54.763, 0, 12288, 11844, 272
2026/09/22 10:30:54.969, 0, 12288, 11844, 272
2026/09/22 10:30:55.173, 0, 12288, 11844, 272
2026/09/22 10:30:55.379, 0, 12288, 11844, 272
2026/09/22 10:30:55.583, 0, 12288, 11844, 272
2026/09/22 10:30:55.789, 0, 12288, 11844, 272
2026/09/22 10:30:55.995, 0, 12288, 11844, 272
2026/09/22 10:30:56.201, 0, 12288, 11844, 272
2026/09/22 10:30:56.406, 0, 12288, 11844, 272
2026/09/22 10:30:56.610, 0, 12288, 11844, 272
2026/09/22 10:30:56.814, 0, 12288, 11844, 272
2026/09/22 10:30:57.020, 0, 12288, 11844, 272
2026/09/22 10:30:57.224, 0, 12288, 11844, 272
2026/09/22 10:30:57.426, 0, 12288, 11844, 272
2026/09/22 10:30:57.631, 0, 12288, 11844, 272
2026/09/22 10:30:57.835, 0, 12288, 11844, 272
2026/09/22 10:30:58.041, 0, 12288, 11844, 272
2026/09/22 10:30:58.246, 0, 12288, 11844, 272
2026/09/22 10:30:58.452, 0, 12288, 11844, 272
2026/09/22 10:30:58.652, 0, 12288, 11844, 272
2026/09/22 10:30:58.857, 0, 12288, 11844, 272
2026/09/22 10:30:59.062, 0, 12288, 11844, 272
2026/09/22 10:30:59.264, 0, 12288, 11844, 272
2026/09/22 10:30:59.469, 0, 12288, 11844, 272
2026/09/22 10:30:59.673, 0, 12288, 11844, 272
2026/09/22 10:30:59.876, 0, 12288, 11844, 272
2026/09/22 10:31:00.082, 0, 12288, 11844, 272
2026/09/22 10:31:00.286, 0, 12288, 11844, 272
2026/09/22 10:31:00.491, 0, 12288, 11844, 272
2026/09/22 10:31:00.694, 0, 12288, 11844, 272
2026/09/22 10:31:00.899, 0, 12288, 11844, 272
2026/09/22 10:31:01.105, 0, 12288, 11844, 272
2026/09/22 10:31:01.311, 0, 12288, 11844, 272
2026/09/22 10:31:01.515, 0, 12288, 11844, 272
2026/09/22 10:31:01.720, 0, 12288, 11844, 272
2026/09/22 10:31:01.922, 0, 12288, 11844, 272
2026/09/22 10:31:02.126, 0, 12288, 11844, 272
2026/09/22 10:31:02.332, 0, 12288, 11844, 272
2026/09/22 10:31:02.538, 0, 12288, 11844, 272
2026/09/22 10:31:02.745, 0, 12288, 11844, 272
2026/09/22 10:31:02.951, 0, 12288, 11844, 272
2026/09/22 10:31:03.156, 0, 12288, 11844, 272
2026/09/22 10:31:03.361, 0, 12288, 11844, 272
2026/09/22 10:31:03.568, 0, 12288, 11844, 272
2026/09/22 10:31:03.774, 0, 12288, 11844, 272
2026/09/22 10:31:03.979, 0, 12288, 11844, 272
2026/09/22 10:31:04.186, 0, 12288, 11844, 272
2026/09/22 10:31:04.391, 0, 12288, 11844, 272
2026/09/22 10:31:04.594, 0, 12288, 11844, 272
2026/09/22 10:31:04.799, 0, 12288, 11844, 272
2026/09/22 10:31:05.005, 0, 12288, 11844, 272
2026/09/22 10:31:05.212, 0, 12288, 11844, 272
2026/09/22 10:31:05.418, 0, 12288, 11844, 272
2026/09/22 10:31:05.623, 0, 12288, 11844, 272
2026/09/22 10:31:05.829, 0, 12288, 11844, 272
2026/09/22 10:31:06.032, 0, 12288, 11844, 272
2026/09/22 10:31:06.239, 0, 12288, 11844, 272
2026/09/22 10:31:06.444, 0, 12288, 11844, 272
2026/09/22 10:31:06.644, 0, 12288, 11844, 272
2026/09/22 10:31:06.850, 0, 12288, 11844, 272
2026/09/22 10:31:07.055, 0, 12288, 11844, 272
2026/09/22 10:31:07.261, 0, 12288, 11844, 272
2026/09/22 10:31:07.466, 0, 12288, 11844, 272
2026/09/22 10:31:07.669, 0, 12288, 11844, 272
2026/09/22 10:31:07.874, 0, 12288, 11844, 272
2026/09/22 10:31:08.079, 0, 12288, 11844, 272
2026/09/22 10:31:08.283, 0, 12288, 11844, 272
2026/09/22 10:31:08.486, 0, 12288, 11844, 272
2026/09/22 10:31:08.692, 0, 12288, 11844, 272
2026/09/22 10:31:08.895, 0, 12288, 11844, 272
2026/09/22 10:31:09.100, 0, 12288, 11844, 272
2026/09/22 10:31:09.304, 0, 12288, 11844, 272
2026/09/22 10:31:09.509, 0, 12288, 11844, 272
2026/09/22 10:31:09.717, 0, 12288, 11844, 272
2026/09/22 10:31:09.920, 0, 12288, 11844, 272
2026/09/22 10:31:10.124, 0, 12288, 11844, 272
2026/09/22 10:31:10.329, 0, 12288, 11844, 272
2026/09/22 10:31:10.535, 0, 12288, 11844, 272
2026/09/22 10:31:10.741, 0, 12288, 11844, 272
2026/09/22 10:31:10.945, 0, 12288, 11844, 272
2026/09/22 10:31:11.150, 0, 12288, 11844, 272
2026/09/22 10:31:11.353, 0, 12288, 11844, 272
2026/09/22 10:31:11.556, 0, 12288, 11844, 272
2026/09/22 10:31:11.763, 0, 12288, 11844, 272
2026/09/22 10:31:11.967, 0, 12288, 11844, 272
2026/09/22 10:31:12.171, 0, 12288, 11844, 272
2026/09/22 10:31:12.377, 0, 12288, 11844, 272
2026/09/22 10:31:12.580, 0, 12288, 11844, 272
2026/09/22 10:31:12.785, 0, 12288, 11844, 272
2026/09/22 10:31:12.990, 0, 12288, 11844, 272
2026/09/22 10:31:13.192, 0, 12288, 11844, 272
2026/09/22 10:31:13.398, 0, 12288, 11844, 272
2026/09/22 10:31:13.602, 0, 12288, 11844, 272
2026/09/22 10:31:13.807, 0, 12288, 11844, 272
2026/09/22 10:31:14.010, 0, 12288, 11844, 272
2026/09/22 10:31:14.214, 0, 12288, 11844, 272
2026/09/22 10:31:14.418, 0, 12288, 11844, 272
2026/09/22 10:31:14.623, 0, 12288, 11844, 272
2026/09/22 10:31:14.827, 0, 12288, 11844, 272
2026/09/22 10:31:15.032, 0, 12288, 11844, 272
2026/09/22 10:31:15.236, 0, 12288, 11844, 272
2026/09/22 10:31:15.440, 0, 12288, 11844, 272
2026/09/22 10:31:15.644, 0, 12288, 11844, 272
2026/09/22 10:31:15.849, 0, 12288, 11844, 272
2026/09/22 10:31:16.052, 0, 12288, 11844, 272
2026/09/22 10:31:16.257, 0, 12288, 11844, 272
2026/09/22 10:31:16.461, 0, 12288, 11844, 272
2026/09/22 10:31:16.663, 0, 12288, 11844, 272
2026/09/22 10:31:16.870, 0, 12288, 11844, 272
2026/09/22 10:31:17.075, 0, 12288, 11844, 272
2026/09/22 10:31:17.279, 0, 12288, 11844, 272
2026/09/22 10:31:17.483, 0, 12288, 11844, 272
2026/09/22 10:31:17.690, 0, 12288, 11844, 272
2026/09/22 10:31:17.892, 0, 12288, 11844, 272
2026/09/22 10:31:18.098, 0, 12288, 11844, 272
2026/09/22 10:31:18.304, 0, 12288, 11844, 272
2026/09/22 10:31:18.508, 0, 12288, 11844, 272
2026/09/22 10:31:18.713, 0, 12288, 11844, 272
2026/09/22 10:31:18.920, 0, 12288, 11844, 272
2026/09/22 10:31:19.124, 0, 12288, 11844, 272
2026/09/22 10:31:19.329, 0, 12288, 11844, 272
2026/09/22 10:31:19.534, 0, 12288, 11844, 272
2026/09/22 10:31:19.738, 0, 12288, 11844, 272
2026/09/22 10:31:19.944, 0, 12288, 11844, 272
2026/09/22 10:31:20.149, 0, 12288, 11844, 272
2026/09/22 10:31:20.353, 0, 12288, 11844, 272
2026/09/22 10:31:20.559, 0, 12288, 11844, 272
2026/09/22 10:31:20.764, 0, 12288, 11844, 272
2026/09/22 10:31:20.966, 0, 12288, 11844, 272
2026/09/22 10:31:21.172, 0, 12288, 11844, 272
2026/09/22 10:31:21.376, 0, 12288, 11844, 272
2026/09/22 10:31:21.581, 0, 12288, 11844, 272
2026/09/22 10:31:21.786, 0, 12288, 11844, 272
2026/09/22 10:31:21.991, 0, 12288, 11844, 272
2026/09/22 10:31:22.198, 0, 12288, 11844, 272
2026/09/22 10:31:22.402, 0, 12288, 11844, 272
2026/09/22 10:31:22.606, 0, 12288, 11844, 272
2026/09/22 10:31:22.811, 0, 12288, 11844, 272
2026/09/22 10:31:23.017, 0, 12288, 11844, 272
2026/09/22 10:31:23.223, 0, 12288, 11844, 272
2026/09/22 10:31:23.426, 0, 12288, 11844, 272
2026/09/22 10:31:23.633, 0, 12288, 11844, 272
2026/09/22 10:31:23.836, 0, 12288, 11844, 272
2026/09/22 10:31:24.041, 0, 12288, 11844, 272
2026/09/22 10:31:24.248, 0, 12288, 11844, 272
2026/09/22 10:31:24.454, 0, 12288, 11844, 272
2026/09/22 10:31:24.660, 0, 12288, 11844, 272
2026/09/22 10:31:24.865, 0, 12288, 11844, 272
2026/09/22 10:31:25.070, 0, 12288, 11844, 272
2026/09/22 10:31:25.273, 0, 12288, 11844, 272
2026/09/22 10:31:25.478, 0, 12288, 11844, 272
2026/09/22 10:31:25.683, 0, 12288, 11844, 272
2026/09/22 10:31:25.888, 0, 12288, 11844, 272
2026/09/22 10:31:26.093, 0, 12288, 11844, 272
2026/09/22 10:31:26.300, 0, 12288, 11844, 272
2026/09/22 10:31:26.507, 0, 12288, 11844, 272
2026/09/22 10:31:26.711, 0, 12288, 11844, 272
2026/09/22 10:31:26.916, 0, 12288, 11844, 272
2026/09/22 10:31:27.123, 0, 12288, 11844, 272
2026/09/22 10:31:27.325, 0, 12288, 11844, 272
2026/09/22 10:31:27.532, 0, 12288, 11844, 272
2026/09/22 10:31:27.737, 0, 12288, 11844, 272
2026/09/22 10:31:27.940, 0, 12288, 11844, 272
2026/09/22 10:31:28.146, 0, 12288, 11844, 272
2026/09/22 10:31:28.352, 0, 12288, 11844, 272
2026/09/22 10:31:28.556, 0, 12288, 11844, 272
2026/09/22 10:31:28.761, 0, 12288, 11844, 272
2026/09/22 10:31:28.966, 0, 12288, 11844, 272
2026/09/22 10:31:29.172, 0, 12288, 11844, 272
2026/09/22 10:31:29.377, 0, 12288, 11844, 272
2026/09/22 10:31:29.583, 0, 12288, 11844, 272
2026/09/22 10:31:29.787, 0, 12288, 11844, 272
2026/09/22 10:31:29.993, 0, 12288, 11844, 272
2026/09/22 10:31:30.198, 0, 12288, 11844, 272
2026/09/22 10:31:30.403, 0, 12288, 11844, 272
2026/09/22 10:31:30.609, 0, 12288, 11844, 272
2026/09/22 10:31:30.814, 0, 12288, 11844, 272
2026/09/22 10:31:31.019, 0, 12288, 11844, 272
2026/09/22 10:31:31.224, 0, 12288, 11844, 272
2026/09/22 10:31:31.427, 0, 12288, 11844, 272
2026/09/22 10:31:31.634, 0, 12288, 11844, 272
2026/09/22 10:31:31.839, 0, 12288, 11844, 272
2026/09/22 10:31:32.045, 0, 12288, 11844, 272
2026/09/22 10:31:32.249, 0, 12288, 11844, 272
2026/09/22 10:31:32.453, 0, 12288, 11844, 272
2026/09/22 10:31:32.660, 0, 12288, 11844, 272
2026/09/22 10:31:32.866, 0, 12288, 11844, 272
2026/09/22 10:31:33.072, 0, 12288, 11844, 272
2026/09/22 10:31:33.277, 0, 12288, 11844, 272
2026/09/22 10:31:33.481, 0, 12288, 11844, 272
2026/09/22 10:31:33.687, 0, 12288, 11844, 272
2026/09/22 10:31:33.892, 0, 12288, 11844, 272
2026/09/22 10:31:34.095, 0, 12288, 11844, 272
2026/09/22 10:31:34.300, 0, 12288, 11844, 272
2026/09/22 10:31:34.506, 0, 12288, 11844, 272
2026/09/22 10:31:34.713, 0, 12288, 11844, 272
2026/09/22 10:31:34.918, 0, 12288, 11844, 272
2026/09/22 10:31:35.121, 0, 12288, 11844, 272
2026/09/22 10:31:35.326, 0, 12288, 11844, 272
2026/09/22 10:31:35.531, 0, 12288, 11844, 272
2026/09/22 10:31:35.735, 0, 12288, 11844, 272
2026/09/22 10:31:35.941, 0, 12288, 11844, 272
2026/09/22 10:31:36.144, 0, 12288, 11844, 272
2026/09/22 10:31:36.348, 0, 12288, 11844, 272
2026/09/22 10:31:36.552, 0, 12288, 11844, 272
2026/09/22 10:31:36.757, 0, 12288, 11844, 272
2026/09/22 10:31:36.961, 0, 12288, 11844, 272
2026/09/22 10:31:37.165, 0, 12288, 11844, 272
2026/09/22 10:31:37.370, 0, 12288, 11844, 272
2026/09/22 10:31:37.576, 0, 12288, 11844, 272
2026/09/22 10:31:37.782, 0, 12288, 11844, 272
2026/09/22 10:31:37.987, 0, 12288, 11844, 272
2026/09/22 10:31:38.191, 0, 12288, 11844, 272
2026/09/22 10:31:38.395, 0, 12288, 11844, 272
2026/09/22 10:31:38.598, 0, 12288, 11844, 272
2026/09/22 10:31:38.805, 0, 12288, 11844, 272
2026/09/22 10:31:39.010, 0, 12288, 11844, 272
2026/09/22 10:31:39.217, 0, 12288, 11844, 272
2026/09/22 10:31:39.422, 0, 12288, 11844, 272
2026/09/22 10:31:39.628, 0, 12288, 11844, 272
2026/09/22 10:31:39.834, 0, 12288, 11844, 272
2026/09/22 10:31:40.039, 0, 12288, 11844, 272
2026/09/22 10:31:40.245, 0, 12288, 11844, 272
2026/09/22 10:31:40.448, 0, 12288, 11844, 272
2026/09/22 10:31:40.653, 0, 12288, 11844, 272
2026/09/22 10:31:40.860, 0, 12288, 11844, 272
2026/09/22 10:31:41.065, 0, 12288, 11844, 272
2026/09/22 10:31:41.269, 0, 12288, 11844, 272
2026/09/22 10:31:41.473, 0, 12288, 11844, 272
2026/09/22 10:31:41.678, 0, 12288, 11844, 272
2026/09/22 10:31:41.884, 0, 12288, 11844, 272
2026/09/22 10:31:42.092, 0, 12288, 11844, 272
2026/09/22 10:31:42.297, 0, 12288, 11844, 272
2026/09/22 10:31:42.501, 0, 12288, 11844, 272
2026/09/22 10:31:42.707, 0, 12288, 11844, 272
2026/09/22 10:31:42.912, 0, 12288, 11844, 272
2026/09/22 10:31:43.118, 0, 12288, 11844, 272
2026/09/22 10:31:43.324, 0, 12288, 11844, 272
2026/09/22 10:31:43.531, 0, 12288, 11844, 272
2026/09/22 10:31:43.736, 0, 12288, 11844, 272
2026/09/22 10:31:43.942, 0, 12288, 11844, 272
2026/09/22 10:31:44.146, 0, 12288, 11844, 272
2026/09/22 10:31:44.351, 0, 12288, 11844, 272
2026/09/22 10:31:44.556, 0, 12288, 11844, 272
2026/09/22 10:31:44.764, 0, 12288, 11844, 272
2026/09/22 10:31:44.968, 0, 12288, 11844, 272
2026/09/22 10:31:45.171, 0, 12288, 11844, 272
2026/09/22 10:31:45.377, 0, 12288, 11844, 272
2026/09/22 10:31:45.581, 0, 12288, 11844, 272
2026/09/22 10:31:45.789, 0, 12288, 11844, 272
2026/09/22 10:31:45.994, 0, 12288, 11844, 272
2026/09/22 10:31:46.200, 0, 12288, 11844, 272
2026/09/22 10:31:46.406, 0, 12288, 11844, 272
2026/09/22 10:31:46.613, 0, 12288, 11844, 272
2026/09/22 10:31:46.817, 0, 12288, 11844, 272
2026/09/22 10:31:47.023, 0, 12288, 11844, 272
2026/09/22 10:31:47.229, 0, 12288, 11844, 272
2026/09/22 10:31:47.436, 0, 12288, 11844, 272
2026/09/22 10:31:47.642, 0, 12288, 11844, 272
2026/09/22 10:31:47.847, 0, 12288, 11844, 272
2026/09/22 10:31:48.054, 0, 12288, 11844, 272
2026/09/22 10:31:48.260, 0, 12288, 11844, 272
2026/09/22 10:31:48.465, 0, 12288, 11844, 272
2026/09/22 10:31:48.671, 0, 12288, 11844, 272
2026/09/22 10:31:48.874, 0, 12288, 11844, 272
2026/09/22 10:31:49.081, 0, 12288, 11844, 272
2026/09/22 10:31:49.284, 0, 12288, 11844, 272
2026/09/22 10:31:49.489, 0, 12288, 11844, 272
2026/09/22 10:31:49.695, 0, 12288, 11844, 272
2026/09/22 10:31:49.899, 0, 12288, 11844, 272
2026/09/22 10:31:50.105, 0, 12288, 11844, 272
2026/09/22 10:31:50.311, 0, 12288, 11844, 272
2026/09/22 10:31:50.516, 0, 12288, 11844, 272
2026/09/22 10:31:50.723, 0, 12288, 11844, 272
2026/09/22 10:31:50.927, 0, 12288, 11844, 272
2026/09/22 10:31:51.131, 0, 12288, 11844, 272
2026/09/22 10:31:51.335, 0, 12288, 11844, 272
2026/09/22 10:31:51.541, 0, 12288, 11844, 272
2026/09/22 10:31:51.744, 0, 12288, 11844, 272
2026/09/22 10:31:51.948, 0, 12288, 11844, 272
2026/09/22 10:31:52.154, 0, 12288, 11844, 272
2026/09/22 10:31:52.359, 0, 12288, 11844, 272
2026/09/22 10:31:52.564, 0, 12288, 11844, 272
2026/09/22 10:31:52.769, 0, 12288, 11844, 272
2026/09/22 10:31:52.974, 0, 12288, 11844, 272
2026/09/22 10:31:53.180, 0, 12288, 11844, 272
2026/09/22 10:31:53.385, 0, 12288, 11844, 272
2026/09/22 10:31:53.587, 0, 12288, 11844, 272
2026/09/22 10:31:53.790, 0, 12288, 11844, 272
2026/09/22 10:31:53.996, 0, 12288, 11844, 272
2026/09/22 10:31:54.203, 0, 12288, 11844, 272
2026/09/22 10:31:54.408, 0, 12288, 11844, 272
2026/09/22 10:31:54.614, 0, 12288, 11844, 272
2026/09/22 10:31:54.819, 0, 12288, 11844, 272
2026/09/22 10:31:55.024, 0, 12288, 11844, 272
2026/09/22 10:31:55.228, 0, 12288, 11844, 272
2026/09/22 10:31:55.435, 0, 12288, 11844, 272
2026/09/22 10:31:55.640, 0, 12288, 11844, 272
2026/09/22 10:31:55.844, 0, 12288, 11844, 272
2026/09/22 10:31:56.050, 0, 12288, 11844, 272
2026/09/22 10:31:56.256, 0, 12288, 11844, 272
2026/09/22 10:31:56.461, 0, 12288, 11844, 272
2026/09/22 10:31:56.667, 0, 12288, 11844, 272
2026/09/22 10:31:56.874, 0, 12288, 11844, 272
2026/09/22 10:31:57.081, 0, 12288, 11844, 272
2026/09/22 10:31:57.287, 0, 12288, 11844, 272
2026/09/22 10:31:57.492, 0, 12288, 11844, 272
2026/09/22 10:31:57.697, 0, 12288, 11844, 272
2026/09/22 10:31:57.902, 0, 12288, 11844, 272
2026/09/22 10:31:58.107, 0, 12288, 11844, 272
2026/09/22 10:31:58.312, 0, 12288, 11844, 272
2026/09/22 10:31:58.518, 0, 12288, 11844, 272
2026/09/22 10:31:58.725, 0, 12288, 11844, 272
2026/09/22 10:31:58.930, 0, 12288, 11844, 272
2026/09/22 10:31:59.135, 0, 12288, 11844, 272
2026/09/22 10:31:59.342, 0, 12288, 11844, 272
2026/09/22 10:31:59.548, 0, 12288, 11844, 272
2026/09/22 10:31:59.753, 0, 12288, 11844, 272
2026/09/22 10:31:59.959, 0, 12288, 11844, 272
2026/09/22 10:32:00.165, 0, 12288, 11844, 272
2026/09/22 10:32:00.371, 0, 12288, 11844, 272
2026/09/22 10:32:00.574, 0, 12288, 11844, 272
2026/09/22 10:32:00.779, 0, 12288, 11844, 272
2026/09/22 10:32:00.985, 0, 12288, 11844, 272
2026/09/22 10:32:01.192, 0, 12288, 11844, 272
2026/09/22 10:32:01.399, 0, 12288, 11844, 272
2026/09/22 10:32:01.603, 0, 12288, 11844, 272
2026/09/22 10:32:01.808, 0, 12288, 11844, 272
2026/09/22 10:32:02.013, 0, 12288, 11844, 272
2026/09/22 10:32:02.219, 0, 12288, 11844, 272
2026/09/22 10:32:02.428, 0, 12288, 11844, 272
2026/09/22 10:32:02.634, 0, 12288, 11844, 272
2026/09/22 10:32:02.836, 0, 12288, 11844, 272
2026/09/22 10:32:03.042, 0, 12288, 11844, 272
2026/09/22 10:32:03.247, 0, 12288, 11844, 272
2026/09/22 10:32:03.452, 0, 12288, 11844, 272
2026/09/22 10:32:03.657, 0, 12288, 11844, 272
2026/09/22 10:32:03.872, 0, 12288, 11844, 272
2026/09/22 10:32:04.078, 0, 12288, 11844, 272
2026/09/22 10:32:04.286, 0, 12288, 11844, 272
2026/09/22 10:32:04.489, 0, 12288, 11844, 272
2026/09/22 10:32:04.695, 0, 12288, 11844, 272
2026/09/22 10:32:04.901, 0, 12288, 11844, 272
2026/09/22 10:32:05.107, 0, 12288, 11844, 272
2026/09/22 10:32:05.312, 0, 12288, 11844, 272
2026/09/22 10:32:05.517, 0, 12288, 11844, 272
2026/09/22 10:32:05.722, 0, 12288, 11844, 272
2026/09/22 10:32:05.926, 0, 12288, 11844, 272
2026/09/22 10:32:06.131, 0, 12288, 11844, 272
2026/09/22 10:32:06.336, 0, 12288, 11844, 272
2026/09/22 10:32:06.543, 0, 12288, 11844, 272
2026/09/22 10:32:06.745, 0, 12288, 11844, 272
2026/09/22 10:32:06.951, 0, 12288, 11844, 272
2026/09/22 10:32:07.157, 0, 12288, 11844, 272
2026/09/22 10:32:07.361, 0, 12288, 11844, 272
2026/09/22 10:32:07.566, 0, 12288, 11844, 272
2026/09/22 10:32:07.771, 0, 12288, 11844, 272
2026/09/22 10:32:07.977, 0, 12288, 11844, 272
2026/09/22 10:32:08.183, 0, 12288, 11844, 272
2026/09/22 10:32:08.390, 0, 12288, 11844, 272
2026/09/22 10:32:08.593, 0, 12288, 11844, 272
2026/09/22 10:32:08.797, 0, 12288, 11844, 272
2026/09/22 10:32:09.003, 0, 12288, 11844, 272
2026/09/22 10:32:09.208, 0, 12288, 11844, 272
2026/09/22 10:32:09.415, 0, 12288, 11844, 272
2026/09/22 10:32:09.620, 0, 12288, 11844, 272
2026/09/22 10:32:09.826, 0, 12288, 11844, 272
2026/09/22 10:32:10.031, 0, 12288, 11844, 272
2026/09/22 10:32:10.235, 0, 12288, 11844, 272
2026/09/22 10:32:10.440, 0, 12288, 11844, 272
2026/09/22 10:32:10.645, 0, 12288, 11844, 272
2026/09/22 10:32:10.852, 0, 12288, 11844, 272
2026/09/22 10:32:11.059, 0, 12288, 11844, 272
2026/09/22 10:32:11.265, 0, 12288, 11844, 272
2026/09/22 10:32:11.470, 0, 12288, 11844, 272
2026/09/22 10:32:11.676, 0, 12288, 11844, 272
2026/09/22 10:32:11.881, 0, 12288, 11844, 272
2026/09/22 10:32:12.088, 0, 12288, 11844, 272
2026/09/22 10:32:12.292, 0, 12288, 11844, 272
2026/09/22 10:32:12.498, 0, 12288, 11844, 272
2026/09/22 10:32:12.705, 0, 12288, 11844, 272
2026/09/22 10:32:12.911, 0, 12288, 11844, 272
2026/09/22 10:32:13.117, 0, 12288, 11844, 272
2026/09/22 10:32:13.323, 0, 12288, 11844, 272
2026/09/22 10:32:13.527, 0, 12288, 11844, 272
2026/09/22 10:32:13.732, 0, 12288, 11844, 272
2026/09/22 10:32:13.937, 0, 12288, 11844, 272
2026/09/22 10:32:14.143, 0, 12288, 11844, 272
2026/09/22 10:32:14.347, 0, 12288, 11844, 272
2026/09/22 10:32:14.554, 0, 12288, 11844, 272
2026/09/22 10:32:14.760, 0, 12288, 11844, 272
2026/09/22 10:32:14.966, 0, 12288, 11844, 272
2026/09/22 10:32:15.172, 0, 12288, 11844, 272
2026/09/22 10:32:15.375, 0, 12288, 11844, 272
2026/09/22 10:32:15.580, 0, 12288, 11844, 272
2026/09/22 10:32:15.784, 0, 12288, 11844, 272
2026/09/22 10:32:15.989, 0, 12288, 11844, 272
2026/09/22 10:32:16.197, 0, 12288, 11844, 272
2026/09/22 10:32:16.401, 0, 12288, 11844, 272
2026/09/22 10:32:16.607, 0, 12288, 11844, 272
2026/09/22 10:32:16.813, 0, 12288, 11844, 272
2026/09/22 10:32:17.018, 0, 12288, 11844, 272
2026/09/22 10:32:17.225, 0, 12288, 11844, 272
2026/09/22 10:32:17.430, 0, 12288, 11844, 272
2026/09/22 10:32:17.635, 0, 12288, 11844, 272
2026/09/22 10:32:17.840, 0, 12288, 11844, 272
2026/09/22 10:32:18.043, 0, 12288, 11844, 272
2026/09/22 10:32:18.249, 0, 12288, 11844, 272
2026/09/22 10:32:18.454, 0, 12288, 11844, 272
2026/09/22 10:32:18.659, 0, 12288, 11844, 272
2026/09/22 10:32:18.866, 0, 12288, 11844, 272
2026/09/22 10:32:19.073, 0, 12288, 11844, 272
2026/09/22 10:32:19.278, 0, 12288, 11844, 272
2026/09/22 10:32:19.485, 0, 12288, 11844, 272
2026/09/22 10:32:19.689, 0, 12288, 11844, 272
2026/09/22 10:32:19.894, 0, 12288, 11844, 272
2026/09/22 10:32:20.100, 0, 12288, 11844, 272
2026/09/22 10:32:20.307, 0, 12288, 11844, 272
2026/09/22 10:32:20.509, 0, 12288, 11844, 272
2026/09/22 10:32:20.713, 0, 12288, 11844, 272
2026/09/22 10:32:20.918, 0, 12288, 11844, 272
2026/09/22 10:32:21.124, 0, 12288, 11844, 272
2026/09/22 10:32:21.329, 0, 12288, 11844, 272
2026/09/22 10:32:21.533, 0, 12288, 11844, 272
2026/09/22 10:32:21.738, 0, 12288, 11844, 272
2026/09/22 10:32:21.941, 0, 12288, 11844, 272
2026/09/22 10:32:22.147, 0, 12288, 11844, 272
2026/09/22 10:32:22.352, 0, 12288, 11844, 272
2026/09/22 10:32:22.557, 0, 12288, 11844, 272
2026/09/22 10:32:22.760, 0, 12288, 11844, 272
2026/09/22 10:32:22.965, 0, 12288, 11844, 272
2026/09/22 10:32:23.170, 0, 12288, 11844, 272
2026/09/22 10:32:23.374, 0, 12288, 11844, 272
2026/09/22 10:32:23.580, 0, 12288, 11844, 272
2026/09/22 10:32:23.781, 0, 12288, 11844, 272
2026/09/22 10:32:23.987, 0, 12288, 11844, 272
2026/09/22 10:32:24.193, 0, 12288, 11844, 272
2026/09/22 10:32:24.397, 0, 12288, 11844, 272
2026/09/22 10:32:24.602, 0, 12288, 11844, 272
2026/09/22 10:32:24.809, 0, 12288, 11844, 272
2026/09/22 10:32:25.012, 0, 12288, 11844, 272
2026/09/22 10:32:25.218, 0, 12288, 11844, 272
2026/09/22 10:32:25.424, 0, 12288, 11844, 272
2026/09/22 10:32:25.630, 0, 12288, 11844, 272
2026/09/22 10:32:25.832, 0, 12288, 11844, 272
2026/09/22 10:32:26.038, 0, 12288, 11844, 272
2026/09/22 10:32:26.242, 0, 12288, 11844, 272
2026/09/22 10:32:26.445, 0, 12288, 11844, 272
2026/09/22 10:32:26.647, 0, 12288, 11844, 272
2026/09/22 10:32:26.852, 0, 12288, 11844, 272
2026/09/22 10:32:27.057, 0, 12288, 11844, 272
2026/09/22 10:32:27.262, 0, 12288, 11844, 272
2026/09/22 10:32:27.465, 0, 12288, 11844, 272
2026/09/22 10:32:27.671, 0, 12288, 11844, 272
2026/09/22 10:32:27.874, 0, 12288, 11844, 272
2026/09/22 10:32:28.080, 0, 12288, 11844, 272
2026/09/22 10:32:28.286, 0, 12288, 11844, 272
2026/09/22 10:32:28.493, 0, 12288, 11844, 272
2026/09/22 10:32:28.699, 0, 12288, 11844, 272
2026/09/22 10:32:28.905, 0, 12288, 11844, 272
2026/09/22 10:32:29.109, 0, 12288, 11844, 272
2026/09/22 10:32:29.312, 0, 12288, 11844, 272
2026/09/22 10:32:29.517, 0, 12288, 11844, 272
2026/09/22 10:32:29.724, 0, 12288, 11844, 272
2026/09/22 10:32:29.930, 0, 12288, 11844, 272
2026/09/22 10:32:30.133, 0, 12288, 11844, 272
2026/09/22 10:32:30.339, 0, 12288, 11844, 272
2026/09/22 10:32:30.544, 0, 12288, 11844, 272
2026/09/22 10:32:30.751, 0, 12288, 11844, 272
2026/09/22 10:32:30.955, 0, 12288, 11844, 272
2026/09/22 10:32:31.161, 0, 12288, 11844, 272
2026/09/22 10:32:31.367, 0, 12288, 11844, 272
2026/09/22 10:32:31.572, 0, 12288, 11844, 272
2026/09/22 10:32:31.776, 0, 12288, 11844, 272
2026/09/22 10:32:31.982, 0, 12288, 11844, 272
2026/09/22 10:32:32.187, 0, 12288, 11844, 272
2026/09/22 10:32:32.393, 0, 12288, 11844, 272
2026/09/22 10:32:32.597, 0, 12288, 11844, 272
2026/09/22 10:32:32.802, 0, 12288, 11844, 272
2026/09/22 10:32:33.007, 0, 12288, 11844, 272
2026/09/22 10:32:33.213, 0, 12288, 11844, 272
2026/09/22 10:32:33.416, 0, 12288, 11844, 272
2026/09/22 10:32:33.619, 0, 12288, 11844, 272
2026/09/22 10:32:33.825, 0, 12288, 11844, 272
2026/09/22 10:32:34.029, 0, 12288, 11844, 272
2026/09/22 10:32:34.233, 0, 12288, 11844, 272
2026/09/22 10:32:34.438, 0, 12288, 11844, 272
2026/09/22 10:32:34.642, 0, 12288, 11844, 272
2026/09/22 10:32:34.847, 0, 12288, 11844, 272
2026/09/22 10:32:35.054, 0, 12288, 11844, 272
2026/09/22 10:32:35.262, 0, 12288, 11844, 272
2026/09/22 10:32:35.467, 0, 12288, 11844, 272
2026/09/22 10:32:35.671, 0, 12288, 11844, 272
2026/09/22 10:32:35.874, 0, 12288, 11844, 272
2026/09/22 10:32:36.080, 0, 12288, 11844, 272
2026/09/22 10:32:36.287, 0, 12288, 11844, 272
2026/09/22 10:32:36.489, 0, 12288, 11844, 272
2026/09/22 10:32:36.695, 0, 12288, 11844, 272
2026/09/22 10:32:36.897, 0, 12288, 11844, 272
2026/09/22 10:32:37.102, 0, 12288, 11844, 272
2026/09/22 10:32:37.311, 0, 12288, 11844, 272
2026/09/22 10:32:37.516, 0, 12288, 11844, 272
2026/09/22 10:32:37.721, 0, 12288, 11844, 272
2026/09/22 10:32:37.924, 0, 12288, 11844, 272
2026/09/22 10:32:38.131, 0, 12288, 11844, 272
2026/09/22 10:32:38.338, 0, 12288, 11844, 272
2026/09/22 10:32:38.540, 0, 12288, 11844, 272
2026/09/22 10:32:38.746, 0, 12288, 11844, 272
2026/09/22 10:32:38.949, 0, 12288, 11844, 272
2026/09/22 10:32:39.154, 0, 12288, 11844, 272
2026/09/22 10:32:39.357, 0, 12288, 11844, 272
2026/09/22 10:32:39.562, 0, 12288, 11844, 272
2026/09/22 10:32:39.768, 0, 12288, 11844, 272
2026/09/22 10:32:39.971, 0, 12288, 11844, 272
2026/09/22 10:32:40.176, 0, 12288, 11844, 272
2026/09/22 10:32:40.383, 0, 12288, 11844, 272
2026/09/22 10:32:40.588, 0, 12288, 11844, 272
2026/09/22 10:32:40.793, 0, 12288, 11844, 272
2026/09/22 10:32:40.997, 0, 12288, 11844, 272
2026/09/22 10:32:41.203, 0, 12288, 11844, 272
2026/09/22 10:32:41.408, 0, 12288, 11844, 272
2026/09/22 10:32:41.612, 0, 12288, 11844, 272
2026/09/22 10:32:41.816, 0, 12288, 11844, 272
2026/09/22 10:32:42.022, 0, 12288, 11844, 272
2026/09/22 10:32:42.227, 0, 12288, 11844, 272
2026/09/22 10:32:42.433, 0, 12288, 11844, 272
2026/09/22 10:32:42.634, 0, 12288, 11844, 272
2026/09/22 10:32:42.835, 0, 12288, 11844, 272
2026/09/22 10:32:43.040, 0, 12288, 11844, 272
2026/09/22 10:32:43.247, 0, 12288, 11844, 272
2026/09/22 10:32:43.454, 0, 12288, 11844, 272
2026/09/22 10:32:43.659, 0, 12288, 11844, 272
2026/09/22 10:32:43.864, 0, 12288, 11844, 272
2026/09/22 10:32:44.068, 0, 12288, 11844, 272
2026/09/22 10:32:44.273, 0, 12288, 11844, 272
2026/09/22 10:32:44.477, 0, 12288, 11844, 272
2026/09/22 10:32:44.682, 0, 12288, 11844, 272
2026/09/22 10:32:44.887, 0, 12288, 11844, 272
2026/09/22 10:32:45.092, 0, 12288, 11844, 272
2026/09/22 10:32:45.297, 0, 12288, 11844, 272
2026/09/22 10:32:45.502, 0, 12288, 11844, 272
2026/09/22 10:32:45.708, 0, 12288, 11844, 272
2026/09/22 10:32:45.914, 0, 12288, 11844, 272
2026/09/22 10:32:46.119, 0, 12288, 11844, 272
2026/09/22 10:32:46.326, 0, 12288, 11844, 272
2026/09/22 10:32:46.531, 0, 12288, 11844, 272
2026/09/22 10:32:46.738, 0, 12288, 11844, 272
2026/09/22 10:32:46.945, 0, 12288, 11844, 272
2026/09/22 10:32:47.147, 0, 12288, 11844, 272
2026/09/22 10:32:47.354, 0, 12288, 11844, 272
2026/09/22 10:32:47.559, 0, 12288, 11844, 272
2026/09/22 10:32:47.762, 0, 12288, 11844, 272
2026/09/22 10:32:47.966, 0, 12288, 11844, 272
2026/09/22 10:32:48.171, 0, 12288, 11844, 272
2026/09/22 10:32:48.377, 0, 12288, 11844, 272
2026/09/22 10:32:48.582, 0, 12288, 11844, 272
2026/09/22 10:32:48.787, 0, 12288, 11844, 272
2026/09/22 10:32:48.992, 0, 12288, 11844, 272
2026/09/22 10:32:49.198, 0, 12288, 11844, 272
2026/09/22 10:32:49.402, 0, 12288, 11844, 272
2026/09/22 10:32:49.608, 0, 12288, 11844, 272
2026/09/22 10:32:49.812, 0, 12288, 11844, 272
2026/09/22 10:32:50.014, 0, 12288, 11844, 272
2026/09/22 10:32:50.217, 0, 12288, 11844, 272
2026/09/22 10:32:50.420, 0, 12288, 11844, 272
2026/09/22 10:32:50.625, 0, 12288, 11844, 272
2026/09/22 10:32:50.830, 0, 12288, 11844, 272
2026/09/22 10:32:51.037, 0, 12288, 11844, 272
2026/09/22 10:32:51.241, 0, 12288, 11844, 272
2026/09/22 10:32:51.444, 0, 12288, 11844, 272
2026/09/22 10:32:51.650, 0, 12288, 11844, 272
2026/09/22 10:32:51.854, 0, 12288, 11844, 272
2026/09/22 10:32:52.059, 0, 12288, 11844, 272
2026/09/22 10:32:52.263, 0, 12288, 11844, 272
2026/09/22 10:32:52.468, 0, 12288, 11844, 272
2026/09/22 10:32:52.673, 0, 12288, 11844, 272
2026/09/22 10:32:52.877, 0, 12288, 11844, 272
2026/09/22 10:32:53.083, 0, 12288, 11844, 272
2026/09/22 10:32:53.289, 0, 12288, 11844, 272
2026/09/22 10:32:53.494, 0, 12288, 11844, 272
2026/09/22 10:32:53.699, 0, 12288, 11844, 272
2026/09/22 10:32:53.904, 0, 12288, 11844, 272
2026/09/22 10:32:54.108, 0, 12288, 11844, 272
2026/09/22 10:32:54.311, 0, 12288, 11844, 272
2026/09/22 10:32:54.516, 0, 12288, 11844, 272
2026/09/22 10:32:54.720, 0, 12288, 11844, 272
2026/09/22 10:32:54.942, 0, 12288, 11844, 272
2026/09/22 10:32:55.146, 0, 12288, 11844, 272
2026/09/22 10:32:55.352, 0, 12288, 11844, 272
2026/09/22 10:32:55.554, 0, 12288, 11844, 272
2026/09/22 10:32:55.760, 0, 12288, 11844, 272
2026/09/22 10:32:55.964, 0, 12288, 11844, 272
2026/09/22 10:32:56.169, 0, 12288, 11844, 272
2026/09/22 10:32:56.375, 0, 12288, 11844, 272
2026/09/22 10:32:56.579, 0, 12288, 11844, 272
2026/09/22 10:32:56.785, 0, 12288, 11844, 272
2026/09/22 10:32:56.988, 0, 12288, 11844, 272
2026/09/22 10:32:57.193, 0, 12288, 11844, 272
2026/09/22 10:32:57.398, 0, 12288, 11844, 272
2026/09/22 10:32:57.602, 0, 12288, 11844, 272
2026/09/22 10:32:57.808, 0, 12288, 11844, 272
2026/09/22 10:32:58.011, 0, 12288, 11844, 272
2026/09/22 10:32:58.217, 0, 12288, 11844, 272
2026/09/22 10:32:58.423, 0, 12288, 11844, 272
2026/09/22 10:32:58.628, 0, 12288, 11844, 272
2026/09/22 10:32:58.832, 0, 12288, 11844, 272
2026/09/22 10:32:59.035, 0, 12288, 11844, 272
2026/09/22 10:32:59.240, 0, 12288, 11844, 272
2026/09/22 10:32:59.446, 0, 12288, 11844, 272
2026/09/22 10:32:59.652, 0, 12288, 11844, 272
2026/09/22 10:32:59.855, 0, 12288, 11844, 272
2026/09/22 10:33:00.059, 0, 12288, 11844, 272
2026/09/22 10:33:00.265, 0, 12288, 11844, 272
2026/09/22 10:33:00.472, 0, 12288, 11844, 272
2026/09/22 10:33:00.677, 0, 12288, 11844, 272
2026/09/22 10:33:00.883, 0, 12288, 11844, 272
2026/09/22 10:33:01.087, 0, 12288, 11844, 272
2026/09/22 10:33:01.291, 0, 12288, 11844, 272
2026/09/22 10:33:01.497, 0, 12288, 11844, 272
2026/09/22 10:33:01.703, 0, 12288, 11844, 272
2026/09/22 10:33:01.905, 0, 12288, 11844, 272
2026/09/22 10:33:02.110, 0, 12288, 11844, 272
2026/09/22 10:33:02.315, 0, 12288, 11844, 272
2026/09/22 10:33:02.521, 0, 12288, 11844, 272
2026/09/22 10:33:02.725, 0, 12288, 11844, 272
2026/09/22 10:33:02.929, 0, 12288, 11844, 272
2026/09/22 10:33:03.134, 0, 12288, 11844, 272
2026/09/22 10:33:03.339, 0, 12288, 11844, 272
2026/09/22 10:33:03.544, 0, 12288, 11844, 272
2026/09/22 10:33:03.749, 0, 12288, 11844, 272
2026/09/22 10:33:03.954, 0, 12288, 11844, 272
2026/09/22 10:33:04.159, 0, 12288, 11844, 272
2026/09/22 10:33:04.366, 0, 12288, 11844, 272
2026/09/22 10:33:04.571, 0, 12288, 11844, 272
2026/09/22 10:33:04.776, 0, 12288, 11844, 272
2026/09/22 10:33:04.980, 0, 12288, 11844, 272
2026/09/22 10:33:05.184, 0, 12288, 11844, 272
2026/09/22 10:33:05.388, 0, 12288, 11844, 272
2026/09/22 10:33:05.593, 0, 12288, 11844, 272
2026/09/22 10:33:05.797, 0, 12288, 11844, 272
2026/09/22 10:33:06.001, 0, 12288, 11844, 272
2026/09/22 10:33:06.205, 0, 12288, 11844, 272
2026/09/22 10:33:06.411, 0, 12288, 11844, 272
2026/09/22 10:33:06.616, 0, 12288, 11844, 272
2026/09/22 10:33:06.822, 0, 12288, 11844, 272
2026/09/22 10:33:07.029, 0, 12288, 11844, 272
2026/09/22 10:33:07.234, 0, 12288, 11844, 272
2026/09/22 10:33:07.438, 0, 12288, 11844, 272
2026/09/22 10:33:07.645, 0, 12288, 11844, 272
2026/09/22 10:33:07.851, 0, 12288, 11844, 272
2026/09/22 10:33:08.057, 0, 12288, 11844, 272
2026/09/22 10:33:08.265, 0, 12288, 11844, 272
2026/09/22 10:33:08.470, 0, 12288, 11844, 272
2026/09/22 10:33:08.675, 0, 12288, 11844, 272
2026/09/22 10:33:08.880, 0, 12288, 11844, 272
2026/09/22 10:33:09.084, 0, 12288, 11844, 272
2026/09/22 10:33:09.291, 0, 12288, 11844, 272
2026/09/22 10:33:09.498, 0, 12288, 11844, 272
2026/09/22 10:33:09.703, 0, 12288, 11844, 272
2026/09/22 10:33:09.906, 0, 12288, 11844, 272
2026/09/22 10:33:10.111, 0, 12288, 11844, 272
2026/09/22 10:33:10.314, 0, 12288, 11844, 272
2026/09/22 10:33:10.520, 0, 12288, 11844, 272
2026/09/22 10:33:10.725, 0, 12288, 11844, 272
2026/09/22 10:33:10.929, 0, 12288, 11844, 272
2026/09/22 10:33:11.137, 0, 12288, 11844, 272
2026/09/22 10:33:11.342, 0, 12288, 11844, 272
2026/09/22 10:33:11.547, 0, 12288, 11844, 272
2026/09/22 10:33:11.751, 0, 12288, 11844, 272
2026/09/22 10:33:11.956, 0, 12288, 11844, 272
2026/09/22 10:33:12.162, 0, 12288, 11844, 272
2026/09/22 10:33:12.370, 0, 12288, 11844, 272
2026/09/22 10:33:12.573, 0, 12288, 11844, 272
2026/09/22 10:33:12.776, 0, 12288, 11844, 272
2026/09/22 10:33:12.981, 0, 12288, 11844, 272
2026/09/22 10:33:13.186, 0, 12288, 11844, 272
2026/09/22 10:33:13.392, 0, 12288, 11844, 272
2026/09/22 10:33:13.596, 0, 12288, 11844, 272
2026/09/22 10:33:13.801, 0, 12288, 11844, 272
2026/09/22 10:33:14.006, 0, 12288, 11844, 272
2026/09/22 10:33:14.213, 0, 12288, 11844, 272
2026/09/22 10:33:14.417, 0, 12288, 11844, 272
2026/09/22 10:33:14.621, 0, 12288, 11844, 272
2026/09/22 10:33:14.824, 0, 12288, 11844, 272
2026/09/22 10:33:15.031, 0, 12288, 11844, 272
2026/09/22 10:33:15.238, 0, 12288, 11844, 272
2026/09/22 10:33:15.444, 0, 12288, 11844, 272
2026/09/22 10:33:15.651, 0, 12288, 11844, 272
2026/09/22 10:33:15.853, 0, 12288, 11844, 272
2026/09/22 10:33:16.056, 0, 12288, 11844, 272
2026/09/22 10:33:16.262, 0, 12288, 11844, 272
2026/09/22 10:33:16.467, 0, 12288, 11844, 272
2026/09/22 10:33:16.672, 0, 12288, 11844, 272
2026/09/22 10:33:16.876, 0, 12288, 11844, 272
2026/09/22 10:33:17.082, 0, 12288, 11844, 272
2026/09/22 10:33:17.288, 0, 12288, 11844, 272
2026/09/22 10:33:17.494, 0, 12288, 11844, 272
2026/09/22 10:33:17.700, 0, 12288, 11844, 272
2026/09/22 10:33:17.906, 0, 12288, 11844, 272
2026/09/22 10:33:18.114, 0, 12288, 11844, 272
2026/09/22 10:33:18.320, 0, 12288, 11844, 272
2026/09/22 10:33:18.525, 0, 12288, 11844, 272
2026/09/22 10:33:18.729, 0, 12288, 11844, 272
2026/09/22 10:33:18.934, 0, 12288, 11844, 272
2026/09/22 10:33:19.140, 0, 12288, 11844, 272
2026/09/22 10:33:19.343, 0, 12288, 11844, 272
2026/09/22 10:33:19.546, 0, 12288, 11844, 272
2026/09/22 10:33:19.752, 0, 12288, 11844, 272
2026/09/22 10:33:19.958, 0, 12288, 11844, 272
2026/09/22 10:33:20.164, 0, 12288, 11844, 272
2026/09/22 10:33:20.369, 0, 12288, 11844, 272
2026/09/22 10:33:20.576, 0, 12288, 11844, 272
2026/09/22 10:33:20.782, 0, 12288, 11844, 272
2026/09/22 10:33:20.986, 0, 12288, 11844, 272
2026/09/22 10:33:21.193, 0, 12288, 11844, 272
2026/09/22 10:33:21.399, 0, 12288, 11844, 272
2026/09/22 10:33:21.604, 0, 12288, 11844, 272
2026/09/22 10:33:21.809, 0, 12288, 11844, 272
2026/09/22 10:33:22.013, 0, 12288, 11844, 272
2026/09/22 10:33:22.265, 0, 12288, 11844, 272
2026/09/22 10:33:22.471, 0, 12288, 11844, 272
2026/09/22 10:33:22.679, 0, 12288, 11844, 272
2026/09/22 10:33:22.884, 0, 12288, 11844, 272
2026/09/22 10:33:23.090, 0, 12288, 11844, 272
2026/09/22 10:33:23.295, 0, 12288, 11844, 272
2026/09/22 10:33:23.500, 0, 12288, 11844, 272
2026/09/22 10:33:23.706, 0, 12288, 11844, 272
2026/09/22 10:33:23.912, 0, 12288, 11844, 272
2026/09/22 10:33:24.119, 0, 12288, 11844, 272
2026/09/22 10:33:24.322, 0, 12288, 11844, 272
2026/09/22 10:33:24.527, 0, 12288, 11844, 272
2026/09/22 10:33:24.733, 0, 12288, 11844, 272
2026/09/22 10:33:24.940, 0, 12288, 11844, 272
2026/09/22 10:33:25.144, 0, 12288, 11844, 272
2026/09/22 10:33:25.349, 0, 12288, 11844, 272
2026/09/22 10:33:25.555, 0, 12288, 11844, 272
2026/09/22 10:33:25.760, 0, 12288, 11844, 272
2026/09/22 10:33:25.964, 0, 12288, 11844, 272
2026/09/22 10:33:26.169, 0, 12288, 11844, 272
2026/09/22 10:33:26.375, 0, 12288, 11844, 272
2026/09/22 10:33:26.578, 0, 12288, 11844, 272
2026/09/22 10:33:26.782, 0, 12288, 11844, 272
2026/09/22 10:33:26.988, 0, 12288, 11844, 272
2026/09/22 10:33:27.194, 0, 12288, 11844, 272
2026/09/22 10:33:27.398, 0, 12288, 11844, 272
2026/09/22 10:33:27.603, 0, 12288, 11844, 272
2026/09/22 10:33:27.810, 0, 12288, 11844, 272
2026/09/22 10:33:28.014, 0, 12288, 11844, 272
2026/09/22 10:33:28.221, 0, 12288, 11844, 272
2026/09/22 10:33:28.425, 0, 12288, 11844, 272
2026/09/22 10:33:28.630, 0, 12288, 11844, 272
2026/09/22 10:33:28.836, 0, 12288, 11844, 272
2026/09/22 10:33:29.042, 0, 12288, 11844, 272
2026/09/22 10:33:29.246, 0, 12288, 11844, 272
2026/09/22 10:33:29.451, 0, 12288, 11844, 272
2026/09/22 10:33:29.657, 0, 12288, 11844, 272
2026/09/22 10:33:29.861, 0, 12288, 11844, 272
2026/09/22 10:33:30.068, 0, 12288, 11844, 272
2026/09/22 10:33:30.274, 0, 12288, 11844, 272
2026/09/22 10:33:30.477, 0, 12288, 11844, 272
2026/09/22 10:33:30.683, 0, 12288, 11844, 272
2026/09/22 10:33:30.884, 0, 12288, 11844, 272
2026/09/22 10:33:31.089, 0, 12288, 11844, 272
2026/09/22 10:33:31.295, 0, 12288, 11844, 272
2026/09/22 10:33:31.501, 0, 12288, 11844, 272
2026/09/22 10:33:31.702, 0, 12288, 11844, 272
2026/09/22 10:33:31.905, 0, 12288, 11844, 272
2026/09/22 10:33:32.109, 0, 12288, 11844, 272
2026/09/22 10:33:32.313, 0, 12288, 11844, 272
2026/09/22 10:33:32.517, 0, 12288, 11844, 272
2026/09/22 10:33:32.721, 0, 12288, 11844, 272
2026/09/22 10:33:32.924, 0, 12288, 11844, 272
2026/09/22 10:33:33.129, 0, 12288, 11844, 272
2026/09/22 10:33:33.334, 0, 12288, 11844, 272
2026/09/22 10:33:33.541, 0, 12288, 11844, 272
2026/09/22 10:33:33.744, 0, 12288, 11844, 272
2026/09/22 10:33:33.948, 0, 12288, 11844, 272
2026/09/22 10:33:34.154, 0, 12288, 11844, 272
2026/09/22 10:33:34.361, 0, 12288, 11844, 272
2026/09/22 10:33:34.565, 0, 12288, 11844, 272
2026/09/22 10:33:34.770, 0, 12288, 11844, 272
2026/09/22 10:33:34.975, 0, 12288, 11844, 272
2026/09/22 10:33:35.182, 0, 12288, 11844, 272
2026/09/22 10:33:35.385, 0, 12288, 11844, 272
2026/09/22 10:33:35.591, 0, 12288, 11844, 272
2026/09/22 10:33:35.795, 0, 12288, 11844, 272
2026/09/22 10:33:35.998, 0, 12288, 11844, 272
2026/09/22 10:33:36.203, 0, 12288, 11844, 272
2026/09/22 10:33:36.405, 0, 12288, 11844, 272
2026/09/22 10:33:36.611, 0, 12288, 11844, 272
2026/09/22 10:33:36.817, 0, 12288, 11844, 272
2026/09/22 10:33:37.020, 0, 12288, 11844, 272
2026/09/22 10:33:37.226, 0, 12288, 11844, 272
2026/09/22 10:33:37.431, 0, 12288, 11844, 272
2026/09/22 10:33:37.635, 0, 12288, 11844, 272
2026/09/22 10:33:37.840, 0, 12288, 11844, 272
2026/09/22 10:33:38.043, 0, 12288, 11844, 272
2026/09/22 10:33:38.248, 0, 12288, 11844, 272
2026/09/22 10:33:38.455, 0, 12288, 11844, 272
2026/09/22 10:33:38.660, 0, 12288, 11844, 272
2026/09/22 10:33:38.864, 0, 12288, 11844, 272
2026/09/22 10:33:39.068, 0, 12288, 11844, 272
2026/09/22 10:33:39.274, 0, 12288, 11844, 272
2026/09/22 10:33:39.478, 0, 12288, 11844, 272
2026/09/22 10:33:39.685, 0, 12288, 11844, 272
2026/09/22 10:33:39.888, 0, 12288, 11844, 272
2026/09/22 10:33:40.094, 0, 12288, 11844, 272
2026/09/22 10:33:40.298, 0, 12288, 11844, 272
2026/09/22 10:33:40.503, 0, 12288, 11844, 272
2026/09/22 10:33:40.709, 0, 12288, 11844, 272
2026/09/22 10:33:40.914, 0, 12288, 11844, 272
2026/09/22 10:33:41.118, 0, 12288, 11844, 272
2026/09/22 10:33:41.325, 0, 12288, 11844, 272
2026/09/22 10:33:41.530, 0, 12288, 11844, 272
2026/09/22 10:33:41.734, 0, 12288, 11844, 272
2026/09/22 10:33:41.938, 0, 12288, 11844, 272
2026/09/22 10:33:42.140, 0, 12288, 11844, 272
2026/09/22 10:33:42.347, 0, 12288, 11844, 272
2026/09/22 10:33:42.553, 0, 12288, 11844, 272
2026/09/22 10:33:42.760, 0, 12288, 11844, 272
2026/09/22 10:33:42.965, 0, 12288, 11844, 272
2026/09/22 10:33:43.169, 0, 12288, 11844, 272
2026/09/22 10:33:43.374, 0, 12288, 11844, 272
2026/09/22 10:33:43.579, 0, 12288, 11844, 272
2026/09/22 10:33:43.782, 0, 12288, 11844, 272
2026/09/22 10:33:43.987, 0, 12288, 11844, 272
2026/09/22 10:33:44.195, 0, 12288, 11844, 272
2026/09/22 10:33:44.400, 0, 12288, 11844, 272
2026/09/22 10:33:44.604, 0, 12288, 11844, 272
2026/09/22 10:33:44.810, 0, 12288, 11844, 272
2026/09/22 10:33:45.018, 0, 12288, 11844, 272
2026/09/22 10:33:45.224, 0, 12288, 11844, 272
2026/09/22 10:33:45.430, 0, 12288, 11844, 272
2026/09/22 10:33:45.636, 0, 12288, 11844, 272
2026/09/22 10:33:45.843, 0, 12288, 11844, 272
2026/09/22 10:33:46.047, 0, 12288, 11844, 272
2026/09/22 10:33:46.252, 0, 12288, 11844, 272
2026/09/22 10:33:46.456, 0, 12288, 11844, 272
2026/09/22 10:33:46.658, 0, 12288, 11844, 272
2026/09/22 10:33:46.863, 0, 12288, 11844, 272
2026/09/22 10:33:47.069, 0, 12288, 11844, 272
2026/09/22 10:33:47.272, 0, 12288, 11844, 272
2026/09/22 10:33:47.478, 0, 12288, 11844, 272
2026/09/22 10:33:47.681, 0, 12288, 11844, 272
2026/09/22 10:33:47.887, 0, 12288, 11844, 272
2026/09/22 10:33:48.109, 0, 12288, 11844, 272
2026/09/22 10:33:48.312, 0, 12288, 11844, 272
2026/09/22 10:33:48.519, 0, 12288, 11844, 272
2026/09/22 10:33:48.726, 0, 12288, 11844, 272
2026/09/22 10:33:48.929, 0, 12288, 11844, 272
2026/09/22 10:33:49.134, 0, 12288, 11844, 272
2026/09/22 10:33:49.341, 0, 12288, 11844, 272
2026/09/22 10:33:49.546, 0, 12288, 11844, 272
2026/09/22 10:33:49.751, 0, 12288, 11844, 272
2026/09/22 10:33:49.958, 0, 12288, 11844, 272
2026/09/22 10:33:50.163, 0, 12288, 11844, 272
2026/09/22 10:33:50.367, 0, 12288, 11844, 272
2026/09/22 10:33:50.574, 0, 12288, 11844, 272
2026/09/22 10:33:50.779, 0, 12288, 11844, 272
2026/09/22 10:33:50.986, 0, 12288, 11844, 272
2026/09/22 10:33:51.191, 0, 12288, 11844, 272
2026/09/22 10:33:51.396, 0, 12288, 11844, 272
2026/09/22 10:33:51.603, 0, 12288, 11844, 272
2026/09/22 10:33:51.808, 0, 12288, 11844, 272
2026/09/22 10:33:52.011, 0, 12288, 11844, 272
2026/09/22 10:33:52.215, 0, 12288, 11844, 272
2026/09/22 10:33:52.421, 0, 12288, 11844, 272
2026/09/22 10:33:52.625, 0, 12288, 11844, 272
2026/09/22 10:33:52.831, 0, 12288, 11844, 272
2026/09/22 10:33:53.037, 0, 12288, 11844, 272
2026/09/22 10:33:53.241, 0, 12288, 11844, 272
2026/09/22 10:33:53.447, 0, 12288, 11844, 272
2026/09/22 10:33:53.650, 0, 12288, 11844, 272
2026/09/22 10:33:53.854, 0, 12288, 11844, 272
2026/09/22 10:33:54.059, 0, 12288, 11844, 272
2026/09/22 10:33:54.264, 0, 12288, 11844, 272
2026/09/22 10:33:54.470, 0, 12288, 11844, 272
2026/09/22 10:33:54.675, 0, 12288, 11844, 272
2026/09/22 10:33:54.879, 0, 12288, 11844, 272
2026/09/22 10:33:55.083, 0, 12288, 11844, 272
2026/09/22 10:33:55.289, 0, 12288, 11844, 272
2026/09/22 10:33:55.495, 0, 12288, 11844, 272
2026/09/22 10:33:55.701, 0, 12288, 11844, 272
2026/09/22 10:33:55.906, 0, 12288, 11844, 272
2026/09/22 10:33:56.112, 0, 12288, 11844, 272
2026/09/22 10:33:56.317, 0, 12288, 11844, 272
2026/09/22 10:33:56.522, 0, 12288, 11844, 272
2026/09/22 10:33:56.727, 0, 12288, 11844, 272
2026/09/22 10:33:56.931, 0, 12288, 11844, 272
2026/09/22 10:33:57.134, 0, 12288, 11844, 272
2026/09/22 10:33:57.337, 0, 12288, 11844, 272
2026/09/22 10:33:57.545, 0, 12288, 11844, 272
2026/09/22 10:33:57.751, 0, 12288, 11844, 272
2026/09/22 10:33:57.954, 0, 12288, 11844, 272
2026/09/22 10:33:58.159, 0, 12288, 11844, 272
2026/09/22 10:33:58.365, 0, 12288, 11844, 272
2026/09/22 10:33:58.571, 0, 12288, 11844, 272
2026/09/22 10:33:58.774, 0, 12288, 11844, 272
2026/09/22 10:33:58.980, 0, 12288, 11844, 272
2026/09/22 10:33:59.185, 0, 12288, 11844, 272
2026/09/22 10:33:59.390, 0, 12288, 11844, 272
2026/09/22 10:33:59.595, 0, 12288, 11844, 272
2026/09/22 10:33:59.797, 0, 12288, 11844, 272
2026/09/22 10:34:00.002, 0, 12288, 11844, 272
2026/09/22 10:34:00.206, 0, 12288, 11844, 272
2026/09/22 10:34:00.411, 0, 12288, 11844, 272
2026/09/22 10:34:00.616, 0, 12288, 11844, 272
2026/09/22 10:34:00.821, 0, 12288, 11844, 272
2026/09/22 10:34:01.025, 0, 12288, 11844, 272
2026/09/22 10:34:01.230, 0, 12288, 11844, 272
2026/09/22 10:34:01.433, 0, 12288, 11844, 272
2026/09/22 10:34:01.634, 0, 12288, 11844, 272
2026/09/22 10:34:01.839, 0, 12288, 11844, 272
2026/09/22 10:34:02.043, 0, 12288, 11844, 272
2026/09/22 10:34:02.247, 0, 12288, 11844, 272
2026/09/22 10:34:02.454, 0, 12288, 11844, 272
2026/09/22 10:34:02.657, 0, 12288, 11844, 272
2026/09/22 10:34:02.859, 0, 12288, 11844, 272
2026/09/22 10:34:03.062, 0, 12288, 11844, 272
2026/09/22 10:34:03.268, 0, 12288, 11844, 272
2026/09/22 10:34:03.473, 0, 12288, 11844, 272
2026/09/22 10:34:03.679, 0, 12288, 11844, 272
2026/09/22 10:34:03.883, 0, 12288, 11844, 272
2026/09/22 10:34:04.088, 0, 12288, 11844, 272
2026/09/22 10:34:04.293, 0, 12288, 11844, 272
2026/09/22 10:34:04.497, 0, 12288, 11844, 272
2026/09/22 10:34:04.703, 0, 12288, 11844, 272
2026/09/22 10:34:04.908, 0, 12288, 11844, 272
2026/09/22 10:34:05.112, 0, 12288, 11844, 272
2026/09/22 10:34:05.318, 0, 12288, 11844, 272
2026/09/22 10:34:05.524, 0, 12288, 11844, 272
2026/09/22 10:34:05.731, 0, 12288, 11844, 272
2026/09/22 10:34:05.935, 0, 12288, 11844, 272
2026/09/22 10:34:06.141, 0, 12288, 11844, 272
2026/09/22 10:34:06.346, 0, 12288, 11844, 272
2026/09/22 10:34:06.552, 0, 12288, 11844, 272
2026/09/22 10:34:06.758, 0, 12288, 11844, 272
2026/09/22 10:34:06.963, 0, 12288, 11844, 272
2026/09/22 10:34:07.169, 0, 12288, 11844, 272
2026/09/22 10:34:07.374, 0, 12288, 11844, 272
2026/09/22 10:34:07.580, 0, 12288, 11844, 272
2026/09/22 10:34:07.785, 0, 12288, 11844, 272
2026/09/22 10:34:07.989, 0, 12288, 11844, 272
2026/09/22 10:34:08.195, 0, 12288, 11844, 272
2026/09/22 10:34:08.400, 0, 12288, 11844, 272
2026/09/22 10:34:08.607, 0, 12288, 11844, 272
2026/09/22 10:34:08.813, 0, 12288, 11844, 272
2026/09/22 10:34:09.018, 0, 12288, 11844, 272
2026/09/22 10:34:09.222, 0, 12288, 11844, 272
2026/09/22 10:34:09.428, 0, 12288, 11844, 272
2026/09/22 10:34:09.635, 0, 12288, 11844, 272
2026/09/22 10:34:09.841, 0, 12288, 11844, 272
2026/09/22 10:34:10.045, 0, 12288, 11844, 272
2026/09/22 10:34:10.251, 0, 12288, 11844, 272
2026/09/22 10:34:10.457, 0, 12288, 11844, 272
2026/09/22 10:34:10.663, 0, 12288, 11844, 272
2026/09/22 10:34:10.870, 0, 12288, 11844, 272
2026/09/22 10:34:11.075, 0, 12288, 11844, 272
2026/09/22 10:34:11.282, 0, 12288, 11844, 272
2026/09/22 10:34:11.488, 0, 12288, 11844, 272
2026/09/22 10:34:11.695, 0, 12288, 11844, 272
2026/09/22 10:34:11.899, 0, 12288, 11844, 272
2026/09/22 10:34:12.105, 0, 12288, 11844, 272
2026/09/22 10:34:12.308, 0, 12288, 11844, 272
2026/09/22 10:34:12.515, 0, 12288, 11844, 272
2026/09/22 10:34:12.719, 0, 12288, 11844, 272
2026/09/22 10:34:12.922, 0, 12288, 11844, 272
2026/09/22 10:34:13.126, 0, 12288, 11844, 272
2026/09/22 10:34:13.333, 0, 12288, 11844, 272
2026/09/22 10:34:13.538, 0, 12288, 11844, 272
2026/09/22 10:34:13.742, 0, 12288, 11844, 272
2026/09/22 10:34:13.943, 0, 12288, 11844, 272
2026/09/22 10:34:14.149, 0, 12288, 11844, 272
2026/09/22 10:34:14.354, 0, 12288, 11844, 272
2026/09/22 10:34:14.561, 0, 12288, 11844, 272
2026/09/22 10:34:14.768, 0, 12288, 11844, 272
2026/09/22 10:34:14.971, 0, 12288, 11844, 272
2026/09/22 10:34:15.176, 0, 12288, 11844, 272
2026/09/22 10:34:15.380, 0, 12288, 11844, 272
2026/09/22 10:34:15.586, 0, 12288, 11844, 272
2026/09/22 10:34:15.790, 0, 12288, 11844, 272
2026/09/22 10:34:15.991, 0, 12288, 11844, 272
2026/09/22 10:34:16.196, 0, 12288, 11844, 272
2026/09/22 10:34:16.399, 0, 12288, 11844, 272
2026/09/22 10:34:16.603, 0, 12288, 11844, 272
2026/09/22 10:34:16.810, 0, 12288, 11844, 272
2026/09/22 10:34:17.012, 0, 12288, 11844, 272
2026/09/22 10:34:17.214, 0, 12288, 11844, 272
2026/09/22 10:34:17.421, 0, 12288, 11844, 272
2026/09/22 10:34:17.627, 0, 12288, 11844, 272
2026/09/22 10:34:17.831, 0, 12288, 11844, 272
2026/09/22 10:34:18.037, 0, 12288, 11844, 272
2026/09/22 10:34:18.242, 0, 12288, 11844, 272
2026/09/22 10:34:18.451, 0, 12288, 11844, 272
2026/09/22 10:34:18.658, 0, 12288, 11844, 272
2026/09/22 10:34:18.859, 0, 12288, 11844, 272
2026/09/22 10:34:19.062, 0, 12288, 11844, 272
2026/09/22 10:34:19.269, 0, 12288, 11844, 272
2026/09/22 10:34:19.473, 0, 12288, 11844, 272
2026/09/22 10:34:19.678, 0, 12288, 11844, 272
2026/09/22 10:34:19.884, 0, 12288, 11844, 272
2026/09/22 10:34:20.089, 0, 12288, 11844, 272
2026/09/22 10:34:20.295, 0, 12288, 11844, 272
2026/09/22 10:34:20.501, 0, 12288, 11844, 272
2026/09/22 10:34:20.707, 0, 12288, 11844, 272
2026/09/22 10:34:20.911, 0, 12288, 11844, 272
2026/09/22 10:34:21.116, 0, 12288, 11844, 272
2026/09/22 10:34:21.322, 0, 12288, 11844, 272
2026/09/22 10:34:21.528, 0, 12288, 11844, 272
2026/09/22 10:34:21.734, 0, 12288, 11844, 272
2026/09/22 10:34:21.938, 0, 12288, 11844, 272
2026/09/22 10:34:22.143, 0, 12288, 11844, 272
2026/09/22 10:34:22.348, 0, 12288, 11844, 272
2026/09/22 10:34:22.553, 0, 12288, 11844, 272
2026/09/22 10:34:22.756, 0, 12288, 11844, 272
2026/09/22 10:34:22.964, 0, 12288, 11844, 272
2026/09/22 10:34:23.169, 0, 12288, 11844, 272
2026/09/22 10:34:23.376, 0, 12288, 11844, 272
2026/09/22 10:34:23.582, 0, 12288, 11844, 272
2026/09/22 10:34:23.787, 0, 12288, 11844, 272
2026/09/22 10:34:23.991, 0, 12288, 11844, 272
2026/09/22 10:34:24.195, 0, 12288, 11844, 272
2026/09/22 10:34:24.402, 0, 12288, 11844, 272
2026/09/22 10:34:24.608, 0, 12288, 11844, 272
2026/09/22 10:34:24.812, 0, 12288, 11844, 272
2026/09/22 10:34:25.017, 0, 12288, 11844, 272
2026/09/22 10:34:25.221, 0, 12288, 11844, 272
2026/09/22 10:34:25.427, 0, 12288, 11844, 272
2026/09/22 10:34:25.632, 0, 12288, 11844, 272
2026/09/22 10:34:25.837, 0, 12288, 11844, 272
2026/09/22 10:34:26.040, 0, 12288, 11844, 272
2026/09/22 10:34:26.247, 0, 12288, 11844, 272
2026/09/22 10:34:26.453, 0, 12288, 11844, 272
2026/09/22 10:34:26.657, 0, 12288, 11844, 272
2026/09/22 10:34:26.860, 0, 12288, 11844, 272
2026/09/22 10:34:27.065, 0, 12288, 11844, 272
2026/09/22 10:34:27.271, 0, 12288, 11844, 272
2026/09/22 10:34:27.477, 0, 12288, 11844, 272
2026/09/22 10:34:27.683, 0, 12288, 11844, 272
2026/09/22 10:34:27.888, 0, 12288, 11844, 272
2026/09/22 10:34:28.094, 0, 12288, 11844, 272
2026/09/22 10:34:28.299, 0, 12288, 11844, 272
2026/09/22 10:34:28.505, 0, 12288, 11844, 272
2026/09/22 10:34:28.707, 0, 12288, 11844, 272
2026/09/22 10:34:28.912, 0, 12288, 11844, 272
2026/09/22 10:34:29.118, 0, 12288, 11844, 272
2026/09/22 10:34:29.323, 0, 12288, 11844, 272
2026/09/22 10:34:29.529, 0, 12288, 11844, 272
2026/09/22 10:34:29.732, 0, 12288, 11844, 272
2026/09/22 10:34:29.936, 0, 12288, 11844, 272
2026/09/22 10:34:30.140, 0, 12288, 11844, 272
2026/09/22 10:34:30.362, 0, 12288, 11844, 272
2026/09/22 10:34:30.566, 0, 12288, 11844, 272
2026/09/22 10:34:30.770, 0, 12288, 11844, 272
2026/09/22 10:34:30.977, 0, 12288, 11844, 272
2026/09/22 10:34:31.182, 0, 12288, 11844, 272
2026/09/22 10:34:31.387, 0, 12288, 11844, 272
2026/09/22 10:34:31.592, 0, 12288, 11844, 272
2026/09/22 10:34:31.799, 0, 12288, 11844, 272
2026/09/22 10:34:32.005, 0, 12288, 11844, 272
2026/09/22 10:34:32.210, 0, 12288, 11844, 272
2026/09/22 10:34:32.414, 0, 12288, 11844, 272
2026/09/22 10:34:32.620, 0, 12288, 11844, 272
2026/09/22 10:34:32.825, 0, 12288, 11844, 272
2026/09/22 10:34:33.030, 0, 12288, 11844, 272
2026/09/22 10:34:33.234, 0, 12288, 11844, 272
2026/09/22 10:34:33.440, 0, 12288, 11844, 272
2026/09/22 10:34:33.644, 0, 12288, 11844, 272
2026/09/22 10:34:33.849, 0, 12288, 11844, 272
2026/09/22 10:34:34.053, 0, 12288, 11844, 272
2026/09/22 10:34:34.256, 0, 12288, 11844, 272
2026/09/22 10:34:34.463, 0, 12288, 11844, 272
2026/09/22 10:34:34.667, 0, 12288, 11844, 272
2026/09/22 10:34:34.872, 0, 12288, 11844, 272
2026/09/22 10:34:35.076, 0, 12288, 11844, 272
2026/09/22 10:34:35.282, 0, 12288, 11844, 272
2026/09/22 10:34:35.487, 0, 12288, 11844, 272
2026/09/22 10:34:35.693, 0, 12288, 11844, 272
2026/09/22 10:34:35.899, 0, 12288, 11844, 272
2026/09/22 10:34:36.103, 0, 12288, 11844, 272
2026/09/22 10:34:36.309, 0, 12288, 11844, 272
2026/09/22 10:34:36.512, 0, 12288, 11844, 272
2026/09/22 10:34:36.719, 0, 12288, 11844, 272
2026/09/22 10:34:36.923, 0, 12288, 11844, 272
2026/09/22 10:34:37.129, 0, 12288, 11844, 272
2026/09/22 10:34:37.333, 0, 12288, 11844, 272
2026/09/22 10:34:37.538, 0, 12288, 11844, 272
2026/09/22 10:34:37.743, 0, 12288, 11844, 272
2026/09/22 10:34:37.948, 0, 12288, 11844, 272
2026/09/22 10:34:38.154, 0, 12288, 11844, 272
2026/09/22 10:34:38.358, 0, 12288, 11844, 272
2026/09/22 10:34:38.563, 0, 12288, 11844, 272
2026/09/22 10:34:38.768, 0, 12288, 11844, 272
2026/09/22 10:34:38.972, 0, 12288, 11844, 272
2026/09/22 10:34:39.177, 0, 12288, 11844, 272
2026/09/22 10:34:39.381, 0, 12288, 11844, 272
2026/09/22 10:34:39.585, 0, 12288, 11844, 272
2026/09/22 10:34:39.789, 0, 12288, 11844, 272
2026/09/22 10:34:39.994, 0, 12288, 11844, 272
2026/09/22 10:34:40.199, 0, 12288, 11844, 272
2026/09/22 10:34:40.406, 0, 12288, 11844, 272
2026/09/22 10:34:40.607, 0, 12288, 11844, 272
2026/09/22 10:34:40.811, 0, 12288, 11844, 272
2026/09/22 10:34:41.015, 0, 12288, 11844, 272
2026/09/22 10:34:41.219, 0, 12288, 11844, 272
2026/09/22 10:34:41.425, 0, 12288, 11844, 272
2026/09/22 10:34:41.631, 0, 12288, 11844, 272
2026/09/22 10:34:41.835, 0, 12288, 11844, 272
2026/09/22 10:34:42.041, 0, 12288, 11844, 272
2026/09/22 10:34:42.246, 0, 12288, 11844, 272
2026/09/22 10:34:42.450, 0, 12288, 11844, 272
2026/09/22 10:34:42.655, 0, 12288, 11844, 272
2026/09/22 10:34:42.858, 0, 12288, 11844, 272
2026/09/22 10:34:43.063, 0, 12288, 11844, 272
2026/09/22 10:34:43.269, 0, 12288, 11844, 272
2026/09/22 10:34:43.475, 0, 12288, 11844, 272
2026/09/22 10:34:43.682, 0, 12288, 11844, 272
2026/09/22 10:34:43.886, 0, 12288, 11844, 272
2026/09/22 10:34:44.092, 0, 12288, 11844, 272
2026/09/22 10:34:44.298, 0, 12288, 11844, 272
2026/09/22 10:34:44.505, 0, 12288, 11844, 272
2026/09/22 10:34:44.713, 0, 12288, 11844, 272
2026/09/22 10:34:44.918, 0, 12288, 11844, 272
2026/09/22 10:34:45.123, 0, 12288, 11844, 272
2026/09/22 10:34:45.329, 0, 12288, 11844, 272
2026/09/22 10:34:45.533, 0, 12288, 11844, 272
2026/09/22 10:34:45.737, 0, 12288, 11844, 272
2026/09/22 10:34:45.941, 0, 12288, 11844, 272
2026/09/22 10:34:46.145, 0, 12288, 11844, 272
2026/09/22 10:34:46.350, 0, 12288, 11844, 272
2026/09/22 10:34:46.556, 0, 12288, 11844, 272
2026/09/22 10:34:46.761, 0, 12288, 11844, 272
2026/09/22 10:34:46.966, 0, 12288, 11844, 272
2026/09/22 10:34:47.170, 0, 12288, 11844, 272
2026/09/22 10:34:47.375, 0, 12288, 11844, 272
2026/09/22 10:34:47.579, 0, 12288, 11844, 272
2026/09/22 10:34:47.785, 0, 12288, 11844, 272
2026/09/22 10:34:47.989, 0, 12288, 11844, 272
2026/09/22 10:34:48.195, 0, 12288, 11844, 272
2026/09/22 10:34:48.401, 0, 12288, 11844, 272
2026/09/22 10:34:48.609, 0, 12288, 11844, 272
2026/09/22 10:34:48.814, 0, 12288, 11844, 272
2026/09/22 10:34:49.020, 0, 12288, 11844, 272
2026/09/22 10:34:49.227, 0, 12288, 11844, 272
2026/09/22 10:34:49.434, 0, 12288, 11844, 272
2026/09/22 10:34:49.639, 0, 12288, 11844, 272
2026/09/22 10:34:49.844, 0, 12288, 11844, 272
2026/09/22 10:34:50.049, 0, 12288, 11844, 272
2026/09/22 10:34:50.256, 0, 12288, 11844, 272
2026/09/22 10:34:50.461, 0, 12288, 11844, 272
2026/09/22 10:34:50.667, 0, 12288, 11844, 272
2026/09/22 10:34:50.873, 0, 12288, 11844, 272
2026/09/22 10:34:51.077, 0, 12288, 11844, 272
2026/09/22 10:34:51.284, 0, 12288, 11844, 272
2026/09/22 10:34:51.490, 0, 12288, 11844, 272
2026/09/22 10:34:51.697, 0, 12288, 11844, 272
2026/09/22 10:34:51.904, 0, 12288, 11844, 272
2026/09/22 10:34:52.111, 0, 12288, 11844, 272
2026/09/22 10:34:52.317, 0, 12288, 11844, 272
2026/09/22 10:34:52.524, 0, 12288, 11844, 272
2026/09/22 10:34:52.728, 0, 12288, 11844, 272
2026/09/22 10:34:52.933, 0, 12288, 11844, 272
2026/09/22 10:34:53.138, 0, 12288, 11844, 272
2026/09/22 10:34:53.343, 0, 12288, 11844, 272
2026/09/22 10:34:53.550, 0, 12288, 11844, 272
2026/09/22 10:34:53.756, 0, 12288, 11844, 272
2026/09/22 10:34:53.962, 0, 12288, 11844, 272
2026/09/22 10:34:54.167, 0, 12288, 11844, 272
2026/09/22 10:34:54.374, 0, 12288, 11844, 272
2026/09/22 10:34:54.580, 0, 12288, 11844, 272
2026/09/22 10:34:54.785, 0, 12288, 11844, 272
2026/09/22 10:34:54.992, 0, 12288, 11844, 272
2026/09/22 10:34:55.198, 0, 12288, 11844, 272
2026/09/22 10:34:55.402, 0, 12288, 11844, 272
2026/09/22 10:34:55.608, 0, 12288, 11844, 272
2026/09/22 10:34:55.815, 0, 12288, 11844, 272
2026/09/22 10:34:56.021, 0, 12288, 11844, 272
2026/09/22 10:34:56.229, 0, 12288, 11844, 272
2026/09/22 10:34:56.433, 0, 12288, 11844, 272
2026/09/22 10:34:56.636, 0, 12288, 11844, 272
2026/09/22 10:34:56.842, 0, 12288, 11844, 272
2026/09/22 10:34:57.047, 0, 12288, 11844, 272
2026/09/22 10:34:57.252, 0, 12288, 11844, 272
2026/09/22 10:34:57.458, 0, 12288, 11844, 272
2026/09/22 10:34:57.664, 0, 12288, 11844, 272
2026/09/22 10:34:57.868, 0, 12288, 11844, 272
2026/09/22 10:34:58.073, 0, 12288, 11844, 272
2026/09/22 10:34:58.276, 0, 12288, 11844, 272
2026/09/22 10:34:58.483, 0, 12288, 11844, 272
2026/09/22 10:34:58.689, 0, 12288, 11844, 272
2026/09/22 10:34:58.894, 0, 12288, 11844, 272
2026/09/22 10:34:59.099, 0, 12288, 11844, 272
2026/09/22 10:34:59.303, 0, 12288, 11844, 272
2026/09/22 10:34:59.510, 0, 12288, 11844, 272
2026/09/22 10:34:59.712, 0, 12288, 11844, 272
2026/09/22 10:34:59.917, 0, 12288, 11844, 272
2026/09/22 10:35:00.122, 0, 12288, 11844, 272
2026/09/22 10:35:00.326, 0, 12288, 11844, 272
2026/09/22 10:35:00.531, 0, 12288, 11844, 272
2026/09/22 10:35:00.737, 0, 12288, 11844, 272
2026/09/22 10:35:00.941, 0, 12288, 11844, 272
2026/09/22 10:35:01.147, 0, 12288, 11844, 272
2026/09/22 10:35:01.351, 0, 12288, 11844, 272
2026/09/22 10:35:01.555, 0, 12288, 11844, 272
2026/09/22 10:35:01.757, 0, 12288, 11844, 272
2026/09/22 10:35:01.962, 0, 12288, 11844, 272
2026/09/22 10:35:02.167, 0, 12288, 11844, 272
2026/09/22 10:35:02.371, 0, 12288, 11844, 272
2026/09/22 10:35:02.575, 0, 12288, 11844, 272
2026/09/22 10:35:02.781, 0, 12288, 11844, 272
2026/09/22 10:35:02.984, 0, 12288, 11844, 272
2026/09/22 10:35:03.191, 0, 12288, 11844, 272
2026/09/22 10:35:03.396, 0, 12288, 11844, 272
2026/09/22 10:35:03.601, 0, 12288, 11844, 272
2026/09/22 10:35:03.803, 0, 12288, 11844, 272
2026/09/22 10:35:04.008, 0, 12288, 11844, 272
2026/09/22 10:35:04.213, 0, 12288, 11844, 272
2026/09/22 10:35:04.418, 0, 12288, 11844, 272
2026/09/22 10:35:04.624, 0, 12288, 11844, 272
2026/09/22 10:35:04.827, 0, 12288, 11844, 272
2026/09/22 10:35:05.032, 0, 12288, 11844, 272
2026/09/22 10:35:05.237, 0, 12288, 11844, 272
2026/09/22 10:35:05.440, 0, 12288, 11844, 272
2026/09/22 10:35:05.647, 0, 12288, 11844, 272
2026/09/22 10:35:05.853, 0, 12288, 11844, 272
2026/09/22 10:35:06.058, 0, 12288, 11844, 272
2026/09/22 10:35:06.264, 0, 12288, 11844, 272
2026/09/22 10:35:06.469, 0, 12288, 11844, 272
2026/09/22 10:35:06.675, 0, 12288, 11844, 272
2026/09/22 10:35:06.880, 0, 12288, 11844, 272
2026/09/22 10:35:07.087, 0, 12288, 11844, 272
2026/09/22 10:35:07.293, 0, 12288, 11844, 272
2026/09/22 10:35:07.498, 0, 12288, 11844, 272
2026/09/22 10:35:07.706, 0, 12288, 11844, 272
2026/09/22 10:35:07.911, 0, 12288, 11844, 272
2026/09/22 10:35:08.116, 0, 12288, 11844, 272
2026/09/22 10:35:08.322, 0, 12288, 11844, 272
2026/09/22 10:35:08.527, 0, 12288, 11844, 272
2026/09/22 10:35:08.732, 0, 12288, 11844, 272
2026/09/22 10:35:08.937, 0, 12288, 11844, 272
2026/09/22 10:35:09.142, 0, 12288, 11844, 272
2026/09/22 10:35:09.348, 0, 12288, 11844, 272
2026/09/22 10:35:09.554, 0, 12288, 11844, 272
2026/09/22 10:35:09.760, 0, 12288, 11844, 272
2026/09/22 10:35:09.964, 0, 12288, 11844, 272
2026/09/22 10:35:10.170, 0, 12288, 11844, 272
2026/09/22 10:35:10.377, 0, 12288, 11844, 272
2026/09/22 10:35:10.583, 0, 12288, 11844, 272
2026/09/22 10:35:10.787, 0, 12288, 11844, 272
2026/09/22 10:35:10.995, 0, 12288, 11844, 272
2026/09/22 10:35:11.200, 0, 12288, 11844, 272
2026/09/22 10:35:11.405, 0, 12288, 11844, 272
2026/09/22 10:35:11.612, 0, 12288, 11844, 272
2026/09/22 10:35:11.817, 0, 12288, 11844, 272
2026/09/22 10:35:12.022, 0, 12288, 11844, 272
2026/09/22 10:35:12.227, 0, 12288, 11844, 272
2026/09/22 10:35:12.433, 0, 12288, 11844, 272
2026/09/22 10:35:12.638, 0, 12288, 11844, 272
2026/09/22 10:35:12.845, 0, 12288, 11844, 272
2026/09/22 10:35:13.050, 0, 12288, 11844, 272
2026/09/22 10:35:13.258, 0, 12288, 11844, 272
2026/09/22 10:35:13.465, 0, 12288, 11844, 272
2026/09/22 10:35:13.671, 0, 12288, 11844, 272
2026/09/22 10:35:13.876, 0, 12288, 11844, 272
2026/09/22 10:35:14.083, 0, 12288, 11844, 272
2026/09/22 10:35:14.288, 0, 12288, 11844, 272
2026/09/22 10:35:14.494, 0, 12288, 11844, 272
2026/09/22 10:35:14.699, 0, 12288, 11844, 272
2026/09/22 10:35:14.905, 0, 12288, 11844, 272
2026/09/22 10:35:15.109, 0, 12288, 11844, 272
2026/09/22 10:35:15.312, 0, 12288, 11844, 272
2026/09/22 10:35:15.518, 0, 12288, 11844, 272
2026/09/22 10:35:15.722, 0, 12288, 11844, 272
2026/09/22 10:35:15.927, 0, 12288, 11844, 272
2026/09/22 10:35:16.132, 0, 12288, 11844, 272
2026/09/22 10:35:16.337, 0, 12288, 11844, 272
2026/09/22 10:35:16.544, 0, 12288, 11844, 272
2026/09/22 10:35:16.749, 0, 12288, 11844, 272
2026/09/22 10:35:16.956, 0, 12288, 11844, 272
2026/09/22 10:35:17.162, 0, 12288, 11844, 272
2026/09/22 10:35:17.367, 0, 12288, 11844, 272
2026/09/22 10:35:17.574, 0, 12288, 11844, 272
2026/09/22 10:35:17.780, 0, 12288, 11844, 272
2026/09/22 10:35:17.986, 0, 12288, 11844, 272
2026/09/22 10:35:18.193, 0, 12288, 11844, 272
2026/09/22 10:35:18.398, 0, 12288, 11844, 272
2026/09/22 10:35:18.602, 0, 12288, 11844, 272
2026/09/22 10:35:18.808, 0, 12288, 11844, 272
2026/09/22 10:35:19.014, 0, 12288, 11844, 272
2026/09/22 10:35:19.218, 0, 12288, 11844, 272
2026/09/22 10:35:19.424, 0, 12288, 11844, 272
2026/09/22 10:35:19.628, 0, 12288, 11844, 272
2026/09/22 10:35:19.835, 0, 12288, 11844, 272
2026/09/22 10:35:20.042, 0, 12288, 11844, 272
2026/09/22 10:35:20.248, 0, 12288, 11844, 272
2026/09/22 10:35:20.454, 0, 12288, 11844, 272
2026/09/22 10:35:20.663, 0, 12288, 11844, 272
2026/09/22 10:35:20.869, 0, 12288, 11844, 272
2026/09/22 10:35:21.075, 0, 12288, 11844, 272
2026/09/22 10:35:21.280, 0, 12288, 11844, 272
2026/09/22 10:35:21.486, 0, 12288, 11844, 272
2026/09/22 10:35:21.690, 0, 12288, 11844, 272
2026/09/22 10:35:21.892, 0, 12288, 11844, 272
2026/09/22 10:35:22.098, 0, 12288, 11844, 272
2026/09/22 10:35:22.302, 0, 12288, 11844, 272
2026/09/22 10:35:22.508, 0, 12288, 11844, 272
2026/09/22 10:35:22.714, 0, 12288, 11844, 272
2026/09/22 10:35:22.921, 0, 12288, 11844, 272
2026/09/22 10:35:23.129, 0, 12288, 11844, 272
2026/09/22 10:35:23.334, 0, 12288, 11844, 272
2026/09/22 10:35:23.540, 0, 12288, 11844, 272
2026/09/22 10:35:23.743, 0, 12288, 11844, 272
2026/09/22 10:35:23.949, 0, 12288, 11844, 272
2026/09/22 10:35:24.155, 0, 12288, 11844, 272
2026/09/22 10:35:24.360, 0, 12288, 11844, 272
2026/09/22 10:35:24.565, 0, 12288, 11844, 272
2026/09/22 10:35:24.772, 0, 12288, 11844, 272
2026/09/22 10:35:24.977, 0, 12288, 11844, 272
2026/09/22 10:35:25.182, 0, 12288, 11844, 272
2026/09/22 10:35:25.386, 0, 12288, 11844, 272
2026/09/22 10:35:25.593, 0, 12288, 11844, 272
2026/09/22 10:35:25.800, 0, 12288, 11844, 272
2026/09/22 10:35:26.005, 0, 12288, 11844, 272
2026/09/22 10:35:26.211, 0, 12288, 11844, 272
2026/09/22 10:35:26.416, 0, 12288, 11844, 272
2026/09/22 10:35:26.622, 0, 12288, 11844, 272
2026/09/22 10:35:26.830, 0, 12288, 11844, 272
2026/09/22 10:35:27.036, 0, 12288, 11844, 272
2026/09/22 10:35:27.240, 0, 12288, 11844, 272
2026/09/22 10:35:27.446, 0, 12288, 11844, 272
2026/09/22 10:35:27.652, 0, 12288, 11844, 272
2026/09/22 10:35:27.858, 0, 12288, 11844, 272
2026/09/22 10:35:28.066, 0, 12288, 11844, 272
2026/09/22 10:35:28.272, 0, 12288, 11844, 272
2026/09/22 10:35:28.478, 0, 12288, 11844, 272
2026/09/22 10:35:28.684, 0, 12288, 11844, 272
2026/09/22 10:35:28.889, 0, 12288, 11844, 272
2026/09/22 10:35:29.094, 0, 12288, 11844, 272
2026/09/22 10:35:29.300, 0, 12288, 11844, 272
2026/09/22 10:35:29.505, 0, 12288, 11844, 272
2026/09/22 10:35:29.712, 0, 12288, 11844, 272
2026/09/22 10:35:29.918, 0, 12288, 11844, 272
2026/09/22 10:35:30.125, 0, 12288, 11844, 272
2026/09/22 10:35:30.330, 0, 12288, 11844, 272
2026/09/22 10:35:30.534, 0, 12288, 11844, 272
2026/09/22 10:35:30.740, 0, 12288, 11844, 272
2026/09/22 10:35:30.944, 0, 12288, 11844, 272
2026/09/22 10:35:31.152, 0, 12288, 11844, 272
2026/09/22 10:35:31.358, 0, 12288, 11844, 272
2026/09/22 10:35:31.565, 0, 12288, 11844, 272
2026/09/22 10:35:31.772, 0, 12288, 11844, 272
2026/09/22 10:35:31.980, 0, 12288, 11844, 272
2026/09/22 10:35:32.186, 0, 12288, 11844, 272
2026/09/22 10:35:32.393, 0, 12288, 11844, 272
2026/09/22 10:35:32.600, 0, 12288, 11844, 272
2026/09/22 10:35:32.804, 0, 12288, 11844, 272
2026/09/22 10:35:33.012, 0, 12288, 11844, 272
2026/09/22 10:35:33.219, 0, 12288, 11844, 272
2026/09/22 10:35:33.426, 0, 12288, 11844, 272
2026/09/22 10:35:33.632, 0, 12288, 11844, 272
2026/09/22 10:35:33.837, 0, 12288, 11844, 272
2026/09/22 10:35:34.042, 0, 12288, 11844, 272
2026/09/22 10:35:34.248, 0, 12288, 11844, 272
2026/09/22 10:35:34.453, 0, 12288, 11844, 272
2026/09/22 10:35:34.658, 0, 12288, 11844, 272
2026/09/22 10:35:34.865, 0, 12288, 11844, 272
2026/09/22 10:35:35.072, 0, 12288, 11844, 272
2026/09/22 10:35:35.278, 0, 12288, 11844, 272
2026/09/22 10:35:35.481, 0, 12288, 11844, 272
2026/09/22 10:35:35.689, 0, 12288, 11844, 272
2026/09/22 10:35:35.895, 0, 12288, 11844, 272
2026/09/22 10:35:36.100, 0, 12288, 11844, 272
2026/09/22 10:35:36.305, 0, 12288, 11844, 272
2026/09/22 10:35:36.511, 0, 12288, 11844, 272
2026/09/22 10:35:36.713, 0, 12288, 11844, 272
2026/09/22 10:35:36.917, 0, 12288, 11844, 272
2026/09/22 10:35:37.125, 0, 12288, 11844, 272
2026/09/22 10:35:37.330, 0, 12288, 11847, 269
2026/09/22 10:35:37.537, 0, 12288, 11847, 269
2026/09/22 10:35:37.742, 0, 12288, 11847, 269
2026/09/22 10:35:37.948, 0, 12288, 11847, 269
2026/09/22 10:35:38.152, 0, 12288, 11847, 269
2026/09/22 10:35:38.357, 0, 12288, 11847, 269
2026/09/22 10:35:38.561, 0, 12288, 11847, 269
2026/09/22 10:35:38.766, 0, 12288, 11847, 269
2026/09/22 10:35:38.973, 0, 12288, 11847, 269
2026/09/22 10:35:39.177, 0, 12288, 11847, 269
2026/09/22 10:35:39.384, 0, 12288, 11847, 269
2026/09/22 10:35:39.588, 0, 12288, 11847, 269
2026/09/22 10:35:39.793, 0, 12288, 11847, 269
2026/09/22 10:35:39.996, 0, 12288, 11847, 269
2026/09/22 10:35:40.200, 0, 12288, 11847, 269
2026/09/22 10:35:40.404, 0, 12288, 11847, 269
2026/09/22 10:35:40.609, 0, 12288, 11847, 269
2026/09/22 10:35:40.816, 0, 12288, 11847, 269
2026/09/22 10:35:41.021, 0, 12288, 11847, 269
2026/09/22 10:35:41.243, 0, 12288, 11847, 269
2026/09/22 10:35:41.448, 0, 12288, 11847, 269
2026/09/22 10:35:41.656, 0, 12288, 11847, 269
2026/09/22 10:35:41.859, 0, 12288, 11847, 269
2026/09/22 10:35:42.063, 0, 12288, 11847, 269
2026/09/22 10:35:42.269, 0, 12288, 11847, 269
2026/09/22 10:35:42.474, 0, 12288, 11847, 269
2026/09/22 10:35:42.681, 0, 12288, 11847, 269
2026/09/22 10:35:42.887, 0, 12288, 11847, 269
2026/09/22 10:35:43.091, 0, 12288, 11847, 269
2026/09/22 10:35:43.296, 0, 12288, 11847, 269
2026/09/22 10:35:43.503, 0, 12288, 11847, 269
2026/09/22 10:35:43.707, 0, 12288, 11847, 269
2026/09/22 10:35:43.912, 0, 12288, 11847, 269
2026/09/22 10:35:44.118, 0, 12288, 11847, 269
2026/09/22 10:35:44.321, 0, 12288, 11847, 269
2026/09/22 10:35:44.526, 0, 12288, 11847, 269
2026/09/22 10:35:44.732, 0, 12288, 11847, 269
2026/09/22 10:35:44.936, 0, 12288, 11847, 269
2026/09/22 10:35:45.140, 0, 12288, 11847, 269
2026/09/22 10:35:45.344, 0, 12288, 11847, 269
2026/09/22 10:35:45.548, 0, 12288, 11847, 269
2026/09/22 10:35:45.754, 0, 12288, 11847, 269
2026/09/22 10:35:45.956, 0, 12288, 11847, 269
2026/09/22 10:35:46.159, 0, 12288, 11847, 269
2026/09/22 10:35:46.364, 0, 12288, 11849, 267
2026/09/22 10:35:46.570, 0, 12288, 11849, 267
2026/09/22 10:35:46.774, 0, 12288, 11849, 267
2026/09/22 10:35:46.979, 0, 12288, 11849, 267
2026/09/22 10:35:47.184, 0, 12288, 11849, 267
2026/09/22 10:35:47.388, 0, 12288, 11849, 267
2026/09/22 10:35:47.592, 0, 12288, 11849, 267
2026/09/22 10:35:47.797, 0, 12288, 11849, 267
2026/09/22 10:35:48.002, 0, 12288, 11849, 267
2026/09/22 10:35:48.210, 0, 12288, 11849, 267
2026/09/22 10:35:48.414, 0, 12288, 11849, 267
2026/09/22 10:35:48.616, 0, 12288, 11849, 267
2026/09/22 10:35:48.824, 0, 12288, 11849, 267
2026/09/22 10:35:49.028, 0, 12288, 11849, 267
2026/09/22 10:35:49.232, 0, 12288, 11849, 267
2026/09/22 10:35:49.435, 0, 12288, 11849, 267
2026/09/22 10:35:49.640, 0, 12288, 11849, 267
2026/09/22 10:35:49.844, 0, 12288, 11849, 267
2026/09/22 10:35:50.048, 0, 12288, 11849, 267
2026/09/22 10:35:50.253, 0, 12288, 11849, 267
2026/09/22 10:35:50.460, 0, 12288, 11849, 267
2026/09/22 10:35:50.666, 0, 12288, 11849, 267
2026/09/22 10:35:50.873, 0, 12288, 11849, 267
2026/09/22 10:35:51.078, 0, 12288, 11849, 267
2026/09/22 10:35:51.283, 0, 12288, 11849, 267
2026/09/22 10:35:51.489, 0, 12288, 11849, 267
2026/09/22 10:35:51.693, 0, 12288, 11849, 267
2026/09/22 10:35:51.900, 0, 12288, 11849, 267
2026/09/22 10:35:52.107, 0, 12288, 11849, 267
2026/09/22 10:35:52.311, 0, 12288, 11849, 267
2026/09/22 10:35:52.518, 0, 12288, 11849, 267
2026/09/22 10:35:52.723, 0, 12288, 11849, 267
2026/09/22 10:35:52.926, 0, 12288, 11849, 267
2026/09/22 10:35:53.133, 0, 12288, 11849, 267
2026/09/22 10:35:53.340, 0, 12288, 11849, 267
2026/09/22 10:35:53.545, 0, 12288, 11849, 267
2026/09/22 10:35:53.750, 0, 12288, 11849, 267
2026/09/22 10:35:53.954, 0, 12288, 11849, 267
2026/09/22 10:35:54.158, 0, 12288, 11849, 267
2026/09/22 10:35:54.362, 0, 12288, 11849, 267
2026/09/22 10:35:54.568, 0, 12288, 11849, 267
2026/09/22 10:35:54.771, 0, 12288, 11849, 267
2026/09/22 10:35:54.975, 0, 12288, 11849, 267
2026/09/22 10:35:55.178, 0, 12288, 11849, 267
2026/09/22 10:35:55.383, 0, 12288, 11849, 267
2026/09/22 10:35:55.588, 0, 12288, 11849, 267
2026/09/22 10:35:55.793, 0, 12288, 11849, 267
2026/09/22 10:35:55.998, 0, 12288, 11849, 267
2026/09/22 10:35:56.199, 0, 12288, 11849, 267
2026/09/22 10:35:56.404, 0, 12288, 11849, 267
2026/09/22 10:35:56.609, 0, 12288, 11849, 267
2026/09/22 10:35:56.814, 0, 12288, 11849, 267
2026/09/22 10:35:57.021, 0, 12288, 11849, 267
2026/09/22 10:35:57.227, 0, 12288, 11849, 267
2026/09/22 10:35:57.432, 0, 12288, 11849, 267
2026/09/22 10:35:57.638, 0, 12288, 11849, 267
2026/09/22 10:35:57.844, 0, 12288, 11849, 267
2026/09/22 10:35:58.048, 0, 12288, 11849, 267
2026/09/22 10:35:58.250, 0, 12288, 11849, 267
2026/09/22 10:35:58.453, 0, 12288, 11849, 267
2026/09/22 10:35:58.656, 0, 12288, 11849, 267
2026/09/22 10:35:58.861, 0, 12288, 11849, 267
2026/09/22 10:35:59.068, 0, 12288, 11849, 267
2026/09/22 10:35:59.274, 0, 12288, 11849, 267
2026/09/22 10:35:59.481, 0, 12288, 11849, 267
2026/09/22 10:35:59.688, 0, 12288, 11849, 267
2026/09/22 10:35:59.894, 0, 12288, 11849, 267
2026/09/22 10:36:00.101, 0, 12288, 11849, 267
2026/09/22 10:36:00.309, 0, 12288, 11849, 267
2026/09/22 10:36:00.513, 0, 12288, 11849, 267
2026/09/22 10:36:00.714, 0, 12288, 11849, 267
2026/09/22 10:36:00.929, 0, 12288, 11849, 267
2026/09/22 10:36:01.135, 0, 12288, 11849, 267
2026/09/22 10:36:01.340, 0, 12288, 11849, 267
2026/09/22 10:36:01.546, 0, 12288, 11849, 267
2026/09/22 10:36:01.749, 0, 12288, 11849, 267
2026/09/22 10:36:01.953, 0, 12288, 11849, 267
2026/09/22 10:36:02.158, 0, 12288, 11849, 267
2026/09/22 10:36:02.362, 0, 12288, 11849, 267
2026/09/22 10:36:02.566, 0, 12288, 11849, 267
2026/09/22 10:36:02.772, 0, 12288, 11849, 267
2026/09/22 10:36:02.976, 0, 12288, 11849, 267
2026/09/22 10:36:03.182, 0, 12288, 11849, 267
2026/09/22 10:36:03.388, 0, 12288, 11849, 267
2026/09/22 10:36:03.595, 0, 12288, 11849, 267
2026/09/22 10:36:03.798, 0, 12288, 11849, 267
2026/09/22 10:36:04.004, 0, 12288, 11849, 267
2026/09/22 10:36:04.209, 0, 12288, 11849, 267
2026/09/22 10:36:04.415, 0, 12288, 11849, 267
2026/09/22 10:36:04.620, 0, 12288, 11849, 267
2026/09/22 10:36:04.827, 0, 12288, 11849, 267
2026/09/22 10:36:05.033, 0, 12288, 11849, 267
2026/09/22 10:36:05.238, 0, 12288, 11849, 267
2026/09/22 10:36:05.444, 0, 12288, 11849, 267
2026/09/22 10:36:05.649, 0, 12288, 11849, 267
2026/09/22 10:36:05.855, 0, 12288, 11849, 267
2026/09/22 10:36:06.060, 0, 12288, 11849, 267
2026/09/22 10:36:06.264, 0, 12288, 11849, 267
2026/09/22 10:36:06.470, 0, 12288, 11849, 267
2026/09/22 10:36:06.674, 0, 12288, 11849, 267
2026/09/22 10:36:06.879, 0, 12288, 11849, 267
2026/09/22 10:36:07.086, 0, 12288, 11849, 267
2026/09/22 10:36:07.292, 0, 12288, 11849, 267
2026/09/22 10:36:07.497, 0, 12288, 11849, 267
2026/09/22 10:36:07.701, 0, 12288, 11849, 267
2026/09/22 10:36:07.907, 0, 12288, 11849, 267
2026/09/22 10:36:08.113, 0, 12288, 11849, 267
2026/09/22 10:36:08.320, 0, 12288, 11849, 267
2026/09/22 10:36:08.526, 0, 12288, 11849, 267
2026/09/22 10:36:08.730, 0, 12288, 11849, 267
2026/09/22 10:36:08.936, 0, 12288, 11849, 267
2026/09/22 10:36:09.143, 0, 12288, 11849, 267
2026/09/22 10:36:09.349, 0, 12288, 11849, 267
2026/09/22 10:36:09.555, 0, 12288, 11849, 267
2026/09/22 10:36:09.760, 0, 12288, 11849, 267
2026/09/22 10:36:09.966, 0, 12288, 11849, 267
2026/09/22 10:36:10.169, 0, 12288, 11849, 267
2026/09/22 10:36:10.374, 0, 12288, 11849, 267
2026/09/22 10:36:10.578, 0, 12288, 11849, 267
2026/09/22 10:36:10.780, 0, 12288, 11849, 267
2026/09/22 10:36:10.984, 0, 12288, 11849, 267
2026/09/22 10:36:11.190, 0, 12288, 11849, 267
2026/09/22 10:36:11.395, 0, 12288, 11849, 267
2026/09/22 10:36:11.602, 0, 12288, 11849, 267
2026/09/22 10:36:11.809, 0, 12288, 11849, 267
2026/09/22 10:36:12.015, 0, 12288, 11849, 267
2026/09/22 10:36:12.226, 0, 12288, 11849, 267
2026/09/22 10:36:12.439, 0, 12288, 11849, 267
2026/09/22 10:36:12.645, 0, 12288, 11849, 267
2026/09/22 10:36:12.850, 0, 12288, 11849, 267
2026/09/22 10:36:13.057, 0, 12288, 11849, 267
2026/09/22 10:36:13.262, 0, 12288, 11849, 267
2026/09/22 10:36:13.467, 0, 12288, 11849, 267
2026/09/22 10:36:13.672, 0, 12288, 11849, 267
2026/09/22 10:36:13.874, 0, 12288, 11849, 267
2026/09/22 10:36:14.080, 0, 12288, 11849, 267
2026/09/22 10:36:14.285, 0, 12288, 11849, 267
2026/09/22 10:36:14.491, 0, 12288, 11849, 267
2026/09/22 10:36:14.694, 0, 12288, 11849, 267
2026/09/22 10:36:14.899, 0, 12288, 11849, 267
2026/09/22 10:36:15.103, 0, 12288, 11849, 267
2026/09/22 10:36:15.308, 0, 12288, 11849, 267
2026/09/22 10:36:15.513, 0, 12288, 11849, 267
2026/09/22 10:36:15.719, 0, 12288, 11849, 267
2026/09/22 10:36:15.925, 0, 12288, 11849, 267
2026/09/22 10:36:16.131, 0, 12288, 11849, 267
2026/09/22 10:36:16.334, 0, 12288, 11849, 267
2026/09/22 10:36:16.541, 0, 12288, 11849, 267
2026/09/22 10:36:16.746, 0, 12288, 11849, 267
2026/09/22 10:36:16.951, 0, 12288, 11849, 267
2026/09/22 10:36:17.157, 0, 12288, 11849, 267
2026/09/22 10:36:17.362, 0, 12288, 11849, 267
2026/09/22 10:36:17.568, 0, 12288, 11849, 267
2026/09/22 10:36:17.773, 0, 12288, 11849, 267
2026/09/22 10:36:17.980, 0, 12288, 11849, 267
2026/09/22 10:36:18.187, 0, 12288, 11849, 267
2026/09/22 10:36:18.392, 0, 12288, 11849, 267
2026/09/22 10:36:18.597, 0, 12288, 11849, 267
2026/09/22 10:36:18.802, 0, 12288, 11849, 267
2026/09/22 10:36:19.010, 0, 12288, 11849, 267
2026/09/22 10:36:19.215, 0, 12288, 11849, 267
2026/09/22 10:36:19.421, 0, 12288, 11849, 267
2026/09/22 10:36:19.626, 0, 12288, 11849, 267
2026/09/22 10:36:19.833, 0, 12288, 11849, 267
2026/09/22 10:36:20.039, 0, 12288, 11849, 267
2026/09/22 10:36:20.243, 0, 12288, 11849, 267
2026/09/22 10:36:20.450, 0, 12288, 11849, 267
2026/09/22 10:36:20.657, 0, 12288, 11849, 267
2026/09/22 10:36:20.863, 0, 12288, 11849, 267
2026/09/22 10:36:21.069, 0, 12288, 11849, 267
2026/09/22 10:36:21.274, 0, 12288, 11849, 267
2026/09/22 10:36:21.480, 0, 12288, 11849, 267
2026/09/22 10:36:21.686, 0, 12288, 11849, 267
2026/09/22 10:36:21.890, 0, 12288, 11849, 267
2026/09/22 10:36:22.097, 0, 12288, 11849, 267
2026/09/22 10:36:22.303, 0, 12288, 11849, 267
2026/09/22 10:36:22.508, 0, 12288, 11849, 267
2026/09/22 10:36:22.714, 0, 12288, 11849, 267
2026/09/22 10:36:22.921, 0, 12288, 11849, 267
2026/09/22 10:36:23.129, 0, 12288, 11849, 267
2026/09/22 10:36:23.335, 0, 12288, 11849, 267
2026/09/22 10:36:23.540, 0, 12288, 11849, 267
2026/09/22 10:36:23.747, 0, 12288, 11849, 267
2026/09/22 10:36:23.953, 0, 12288, 11849, 267
2026/09/22 10:36:24.160, 0, 12288, 11849, 267
2026/09/22 10:36:24.366, 0, 12288, 11849, 267
2026/09/22 10:36:24.570, 0, 12288, 11849, 267
2026/09/22 10:36:24.775, 0, 12288, 11849, 267
2026/09/22 10:36:24.981, 0, 12288, 11849, 267
2026/09/22 10:36:25.188, 0, 12288, 11849, 267
2026/09/22 10:36:25.394, 0, 12288, 11849, 267
2026/09/22 10:36:25.599, 0, 12288, 11849, 267
2026/09/22 10:36:25.806, 0, 12288, 11849, 267
2026/09/22 10:36:26.010, 0, 12288, 11849, 267
2026/09/22 10:36:26.218, 0, 12288, 11849, 267
2026/09/22 10:36:26.425, 0, 12288, 11849, 267
2026/09/22 10:36:26.629, 0, 12288, 11849, 267
2026/09/22 10:36:26.834, 0, 12288, 11849, 267
2026/09/22 10:36:27.040, 0, 12288, 11849, 267
2026/09/22 10:36:27.246, 0, 12288, 11849, 267
2026/09/22 10:36:27.453, 0, 12288, 11849, 267
2026/09/22 10:36:27.660, 0, 12288, 11849, 267
2026/09/22 10:36:27.865, 0, 12288, 11849, 267
2026/09/22 10:36:28.071, 0, 12288, 11849, 267
2026/09/22 10:36:28.278, 0, 12288, 11849, 267
2026/09/22 10:36:28.486, 0, 12288, 11849, 267
2026/09/22 10:36:28.691, 0, 12288, 11849, 267
2026/09/22 10:36:28.895, 0, 12288, 11849, 267
2026/09/22 10:36:29.101, 0, 12288, 11849, 267
2026/09/22 10:36:29.309, 0, 12288, 11849, 267
2026/09/22 10:36:29.515, 0, 12288, 11849, 267
2026/09/22 10:36:29.722, 0, 12288, 11849, 267
2026/09/22 10:36:29.926, 0, 12288, 11849, 267
2026/09/22 10:36:30.130, 0, 12288, 11849, 267
2026/09/22 10:36:30.337, 0, 12288, 11849, 267
2026/09/22 10:36:30.544, 0, 12288, 11849, 267
2026/09/22 10:36:30.748, 0, 12288, 11849, 267
2026/09/22 10:36:30.955, 0, 12288, 11849, 267
2026/09/22 10:36:31.161, 0, 12288, 11849, 267
2026/09/22 10:36:31.366, 0, 12288, 11849, 267
2026/09/22 10:36:31.572, 0, 12288, 11849, 267
2026/09/22 10:36:31.779, 0, 12288, 11849, 267
2026/09/22 10:36:31.985, 0, 12288, 11849, 267
2026/09/22 10:36:32.192, 0, 12288, 11849, 267
2026/09/22 10:36:32.396, 0, 12288, 11849, 267
2026/09/22 10:36:32.602, 0, 12288, 11849, 267
2026/09/22 10:36:32.809, 0, 12288, 11849, 267
2026/09/22 10:36:33.015, 0, 12288, 11849, 267
2026/09/22 10:36:33.219, 0, 12288, 11849, 267
2026/09/22 10:36:33.425, 0, 12288, 11849, 267
2026/09/22 10:36:33.631, 0, 12288, 11849, 267
2026/09/22 10:36:33.837, 0, 12288, 11849, 267
2026/09/22 10:36:34.043, 0, 12288, 11849, 267
2026/09/22 10:36:34.248, 0, 12288, 11849, 267
2026/09/22 10:36:34.451, 0, 12288, 11849, 267
2026/09/22 10:36:34.656, 0, 12288, 11849, 267
2026/09/22 10:36:34.861, 0, 12288, 11849, 267
2026/09/22 10:36:35.068, 0, 12288, 11849, 267
2026/09/22 10:36:35.274, 0, 12288, 11849, 267
2026/09/22 10:36:35.481, 0, 12288, 11849, 267
2026/09/22 10:36:35.687, 0, 12288, 11849, 267
2026/09/22 10:36:35.893, 0, 12288, 11849, 267
2026/09/22 10:36:36.099, 0, 12288, 11849, 267
2026/09/22 10:36:36.304, 0, 12288, 11849, 267
2026/09/22 10:36:36.510, 0, 12288, 11849, 267
2026/09/22 10:36:36.714, 0, 12288, 11849, 267
2026/09/22 10:36:36.921, 0, 12288, 11849, 267
2026/09/22 10:36:37.125, 0, 12288, 11849, 267
2026/09/22 10:36:37.333, 0, 12288, 11849, 267
2026/09/22 10:36:37.539, 0, 12288, 11849, 267
2026/09/22 10:36:37.744, 0, 12288, 11849, 267
2026/09/22 10:36:37.950, 0, 12288, 11849, 267
2026/09/22 10:36:38.154, 0, 12288, 11849, 267
2026/09/22 10:36:38.360, 0, 12288, 11849, 267
2026/09/22 10:36:38.564, 0, 12288, 11849, 267
2026/09/22 10:36:38.769, 0, 12288, 11849, 267
2026/09/22 10:36:38.973, 0, 12288, 11849, 267
2026/09/22 10:36:39.178, 0, 12288, 11849, 267
2026/09/22 10:36:39.384, 0, 12288, 11849, 267
2026/09/22 10:36:39.590, 0, 12288, 11849, 267
2026/09/22 10:36:39.796, 0, 12288, 11849, 267
2026/09/22 10:36:40.000, 0, 12288, 11849, 267
2026/09/22 10:36:40.205, 0, 12288, 11849, 267
2026/09/22 10:36:40.410, 0, 12288, 11849, 267
2026/09/22 10:36:40.617, 0, 12288, 11849, 267
2026/09/22 10:36:40.822, 0, 12288, 11849, 267
2026/09/22 10:36:41.028, 0, 12288, 11849, 267
2026/09/22 10:36:41.234, 0, 12288, 11849, 267
2026/09/22 10:36:41.438, 0, 12288, 11849, 267
2026/09/22 10:36:41.644, 0, 12288, 11849, 267
2026/09/22 10:36:41.850, 0, 12288, 11849, 267
2026/09/22 10:36:42.056, 0, 12288, 11849, 267
2026/09/22 10:36:42.261, 0, 12288, 11849, 267
2026/09/22 10:36:42.466, 0, 12288, 11849, 267
2026/09/22 10:36:42.671, 0, 12288, 11849, 267
2026/09/22 10:36:42.875, 0, 12288, 11849, 267
2026/09/22 10:36:43.078, 0, 12288, 11849, 267
2026/09/22 10:36:43.284, 0, 12288, 11849, 267
2026/09/22 10:36:43.488, 0, 12288, 11849, 267
2026/09/22 10:36:43.694, 0, 12288, 11849, 267
2026/09/22 10:36:43.899, 0, 12288, 11849, 267
2026/09/22 10:36:44.105, 0, 12288, 11849, 267
2026/09/22 10:36:44.309, 0, 12288, 11849, 267
2026/09/22 10:36:44.514, 0, 12288, 11849, 267
2026/09/22 10:36:44.720, 0, 12288, 11849, 267
2026/09/22 10:36:44.924, 0, 12288, 11849, 267
2026/09/22 10:36:45.129, 0, 12288, 11849, 267
2026/09/22 10:36:45.335, 0, 12288, 11849, 267
2026/09/22 10:36:45.541, 0, 12288, 11849, 267
2026/09/22 10:36:45.747, 0, 12288, 11849, 267
2026/09/22 10:36:45.951, 0, 12288, 11849, 267
2026/09/22 10:36:46.158, 0, 12288, 11849, 267
2026/09/22 10:36:46.365, 0, 12288, 11849, 267
2026/09/22 10:36:46.572, 0, 12288, 11849, 267
2026/09/22 10:36:46.776, 0, 12288, 11849, 267
2026/09/22 10:36:46.981, 0, 12288, 11849, 267
2026/09/22 10:36:47.187, 0, 12288, 11849, 267
2026/09/22 10:36:47.390, 0, 12288, 11849, 267
2026/09/22 10:36:47.595, 0, 12288, 11849, 267
2026/09/22 10:36:47.796, 0, 12288, 11849, 267
2026/09/22 10:36:48.001, 0, 12288, 11849, 267
2026/09/22 10:36:48.631, 0, 12288, 11849, 267
2026/09/22 10:36:48.834, 0, 12288, 11849, 267
2026/09/22 10:36:49.038, 0, 12288, 11849, 267
2026/09/22 10:36:49.243, 0, 12288, 11849, 267
2026/09/22 10:36:49.778, 0, 12288, 11849, 267
2026/09/22 10:36:49.982, 0, 12288, 11849, 267
2026/09/22 10:36:50.187, 0, 12288, 11849, 267
2026/09/22 10:36:50.394, 0, 12288, 11849, 267
2026/09/22 10:36:50.599, 0, 12288, 11849, 267
2026/09/22 10:36:50.804, 0, 12288, 11849, 267
2026/09/22 10:36:51.009, 0, 12288, 11849, 267
2026/09/22 10:36:51.217, 0, 12288, 11849, 267
2026/09/22 10:36:51.422, 0, 12288, 11849, 267
2026/09/22 10:36:51.627, 0, 12288, 11849, 267
2026/09/22 10:36:51.830, 0, 12288, 11849, 267
2026/09/22 10:36:52.038, 0, 12288, 11849, 267
2026/09/22 10:36:52.244, 0, 12288, 11849, 267
2026/09/22 10:36:52.449, 0, 12288, 11849, 267
2026/09/22 10:36:52.654, 0, 12288, 11849, 267
2026/09/22 10:36:52.859, 0, 12288, 11849, 267
2026/09/22 10:36:53.064, 0, 12288, 11849, 267
2026/09/22 10:36:53.270, 0, 12288, 11849, 267
2026/09/22 10:36:53.477, 0, 12288, 11849, 267
2026/09/22 10:36:53.682, 0, 12288, 11849, 267
2026/09/22 10:36:53.886, 0, 12288, 11849, 267
2026/09/22 10:36:54.092, 0, 12288, 11849, 267
2026/09/22 10:36:54.298, 0, 12288, 11849, 267
2026/09/22 10:36:54.503, 0, 12288, 11849, 267
2026/09/22 10:36:54.708, 0, 12288, 11849, 267
2026/09/22 10:36:54.914, 0, 12288, 11849, 267
2026/09/22 10:36:55.118, 0, 12288, 11849, 267
2026/09/22 10:36:55.323, 0, 12288, 11849, 267
2026/09/22 10:36:55.528, 0, 12288, 11849, 267
2026/09/22 10:36:55.732, 0, 12288, 11849, 267
2026/09/22 10:36:55.938, 0, 12288, 11849, 267
2026/09/22 10:36:56.142, 0, 12288, 11849, 267
2026/09/22 10:36:56.347, 0, 12288, 11849, 267
2026/09/22 10:36:56.552, 0, 12288, 11849, 267
2026/09/22 10:36:56.758, 0, 12288, 11849, 267
2026/09/22 10:36:56.962, 0, 12288, 11849, 267
2026/09/22 10:36:57.169, 0, 12288, 11849, 267
2026/09/22 10:36:57.376, 0, 12288, 11849, 267
2026/09/22 10:36:57.582, 0, 12288, 11849, 267
2026/09/22 10:36:57.790, 0, 12288, 11849, 267
2026/09/22 10:36:57.993, 0, 12288, 11849, 267
2026/09/22 10:36:58.199, 0, 12288, 11849, 267
2026/09/22 10:36:58.405, 0, 12288, 11849, 267
2026/09/22 10:36:58.611, 0, 12288, 11849, 267
2026/09/22 10:36:58.814, 0, 12288, 11849, 267
2026/09/22 10:36:59.020, 0, 12288, 11849, 267
2026/09/22 10:36:59.224, 0, 12288, 11849, 267
2026/09/22 10:36:59.431, 0, 12288, 11849, 267
2026/09/22 10:36:59.637, 0, 12288, 11849, 267
2026/09/22 10:36:59.844, 0, 12288, 11849, 267
2026/09/22 10:37:00.047, 0, 12288, 11849, 267
2026/09/22 10:37:00.253, 0, 12288, 11849, 267
2026/09/22 10:37:00.457, 0, 12288, 11849, 267
2026/09/22 10:37:00.663, 0, 12288, 11849, 267
2026/09/22 10:37:00.868, 0, 12288, 11849, 267
2026/09/22 10:37:01.072, 0, 12288, 11849, 267
2026/09/22 10:37:01.277, 0, 12288, 11849, 267
2026/09/22 10:37:01.484, 0, 12288, 11849, 267
2026/09/22 10:37:01.688, 0, 12288, 11849, 267
2026/09/22 10:37:01.890, 0, 12288, 11849, 267
2026/09/22 10:37:02.097, 0, 12288, 11849, 267
2026/09/22 10:37:02.302, 0, 12288, 11849, 267
2026/09/22 10:37:02.508, 0, 12288, 11849, 267
2026/09/22 10:37:02.714, 0, 12288, 11849, 267
2026/09/22 10:37:02.919, 0, 12288, 11849, 267
2026/09/22 10:37:03.125, 0, 12288, 11849, 267
2026/09/22 10:37:03.331, 0, 12288, 11849, 267
2026/09/22 10:37:03.536, 0, 12288, 11849, 267
2026/09/22 10:37:03.740, 0, 12288, 11849, 267
2026/09/22 10:37:03.945, 0, 12288, 11849, 267
2026/09/22 10:37:04.149, 0, 12288, 11849, 267
2026/09/22 10:37:04.355, 0, 12288, 11849, 267
2026/09/22 10:37:04.561, 0, 12288, 11849, 267
2026/09/22 10:37:04.766, 0, 12288, 11849, 267
2026/09/22 10:37:04.972, 0, 12288, 11849, 267
2026/09/22 10:37:05.176, 0, 12288, 11849, 267
2026/09/22 10:37:05.382, 0, 12288, 11849, 267
2026/09/22 10:37:05.588, 0, 12288, 11849, 267
2026/09/22 10:37:05.793, 0, 12288, 11849, 267
2026/09/22 10:37:05.998, 0, 12288, 11849, 267
2026/09/22 10:37:06.203, 0, 12288, 11849, 267
2026/09/22 10:37:06.407, 0, 12288, 11849, 267
2026/09/22 10:37:06.611, 0, 12288, 11849, 267
2026/09/22 10:37:06.816, 0, 12288, 11849, 267
2026/09/22 10:37:07.021, 0, 12288, 11849, 267
2026/09/22 10:37:07.229, 0, 12288, 11849, 267
2026/09/22 10:37:07.435, 0, 12288, 11849, 267
2026/09/22 10:37:07.641, 0, 12288, 11849, 267
2026/09/22 10:37:07.844, 0, 12288, 11849, 267
2026/09/22 10:37:08.047, 0, 12288, 11849, 267
2026/09/22 10:37:08.253, 0, 12288, 11849, 267
2026/09/22 10:37:08.459, 0, 12288, 11849, 267
2026/09/22 10:37:08.663, 0, 12288, 11849, 267
2026/09/22 10:37:08.869, 0, 12288, 11849, 267
2026/09/22 10:37:09.070, 0, 12288, 11849, 267
2026/09/22 10:37:09.273, 0, 12288, 11849, 267
2026/09/22 10:37:09.479, 0, 12288, 11849, 267
2026/09/22 10:37:09.685, 0, 12288, 11849, 267
2026/09/22 10:37:09.890, 0, 12288, 11849, 267
2026/09/22 10:37:10.095, 0, 12288, 11849, 267
2026/09/22 10:37:10.301, 0, 12288, 11849, 267
2026/09/22 10:37:10.507, 0, 12288, 11849, 267
2026/09/22 10:37:10.714, 0, 12288, 11849, 267
2026/09/22 10:37:10.919, 0, 12288, 11849, 267
2026/09/22 10:37:11.124, 0, 12288, 11849, 267
2026/09/22 10:37:11.331, 0, 12288, 11849, 267
2026/09/22 10:37:11.538, 0, 12288, 11849, 267
2026/09/22 10:37:11.743, 0, 12288, 11849, 267
2026/09/22 10:37:11.946, 0, 12288, 11849, 267
2026/09/22 10:37:12.152, 0, 12288, 11849, 267
2026/09/22 10:37:12.357, 0, 12288, 11849, 267
2026/09/22 10:37:12.563, 0, 12288, 11849, 267
2026/09/22 10:37:12.770, 0, 12288, 11849, 267
2026/09/22 10:37:12.974, 0, 12288, 11849, 267
2026/09/22 10:37:13.180, 0, 12288, 11849, 267
2026/09/22 10:37:13.385, 0, 12288, 11849, 267
2026/09/22 10:37:13.588, 0, 12288, 11849, 267
2026/09/22 10:37:13.793, 0, 12288, 11849, 267
2026/09/22 10:37:13.998, 0, 12288, 11849, 267
2026/09/22 10:37:14.203, 0, 12288, 11849, 267
2026/09/22 10:37:14.407, 0, 12288, 11849, 267
2026/09/22 10:37:14.611, 0, 12288, 11849, 267
2026/09/22 10:37:14.817, 0, 12288, 11849, 267
2026/09/22 10:37:15.023, 0, 12288, 11849, 267
2026/09/22 10:37:15.224, 0, 12288, 11849, 267
2026/09/22 10:37:15.430, 0, 12288, 11849, 267
2026/09/22 10:37:15.634, 0, 12288, 11849, 267
2026/09/22 10:37:15.837, 0, 12288, 11849, 267
2026/09/22 10:37:16.038, 0, 12288, 11849, 267
2026/09/22 10:37:16.243, 0, 12288, 11849, 267
2026/09/22 10:37:16.446, 0, 12288, 11849, 267
2026/09/22 10:37:16.651, 0, 12288, 11849, 267
2026/09/22 10:37:16.851, 0, 12288, 11849, 267
2026/09/22 10:37:17.056, 0, 12288, 11849, 267
2026/09/22 10:37:17.262, 0, 12288, 11849, 267
2026/09/22 10:37:17.465, 0, 12288, 11849, 267
2026/09/22 10:37:17.670, 0, 12288, 11849, 267
2026/09/22 10:37:17.873, 0, 12288, 11849, 267
2026/09/22 10:37:18.078, 0, 12288, 11849, 267
2026/09/22 10:37:18.284, 0, 12288, 11849, 267
2026/09/22 10:37:18.487, 0, 12288, 11849, 267
2026/09/22 10:37:18.694, 0, 12288, 11849, 267
2026/09/22 10:37:18.899, 0, 12288, 11849, 267
2026/09/22 10:37:19.106, 0, 12288, 11849, 267
2026/09/22 10:37:19.312, 0, 12288, 11849, 267
2026/09/22 10:37:19.515, 0, 12288, 11849, 267
2026/09/22 10:37:19.718, 0, 12288, 11849, 267
2026/09/22 10:37:19.924, 0, 12288, 11849, 267
2026/09/22 10:37:20.127, 0, 12288, 11849, 267
2026/09/22 10:37:20.331, 0, 12288, 11849, 267
2026/09/22 10:37:20.535, 0, 12288, 11849, 267
2026/09/22 10:37:20.740, 0, 12288, 11849, 267
2026/09/22 10:37:20.944, 0, 12288, 11849, 267
2026/09/22 10:37:21.149, 0, 12288, 11849, 267
2026/09/22 10:37:21.355, 0, 12288, 11849, 267
2026/09/22 10:37:21.560, 0, 12288, 11849, 267
2026/09/22 10:37:21.765, 0, 12288, 11849, 267
2026/09/22 10:37:21.968, 0, 12288, 11849, 267
2026/09/22 10:37:22.171, 0, 12288, 11849, 267
2026/09/22 10:37:22.376, 0, 12288, 11849, 267
2026/09/22 10:37:22.582, 0, 12288, 11849, 267
2026/09/22 10:37:22.785, 0, 12288, 11849, 267
2026/09/22 10:37:22.992, 0, 12288, 11849, 267
2026/09/22 10:37:23.195, 0, 12288, 11849, 267
2026/09/22 10:37:23.401, 0, 12288, 11849, 267
2026/09/22 10:37:23.607, 0, 12288, 11849, 267
2026/09/22 10:37:23.812, 0, 12288, 11849, 267
2026/09/22 10:37:24.017, 0, 12288, 11849, 267
2026/09/22 10:37:24.221, 0, 12288, 11849, 267
2026/09/22 10:37:24.424, 0, 12288, 11849, 267
2026/09/22 10:37:24.627, 0, 12288, 11849, 267
2026/09/22 10:37:24.830, 0, 12288, 11849, 267
2026/09/22 10:37:25.034, 0, 12288, 11849, 267
2026/09/22 10:37:25.241, 0, 12288, 11849, 267
2026/09/22 10:37:25.445, 0, 12288, 11849, 267
2026/09/22 10:37:25.652, 0, 12288, 11849, 267
2026/09/22 10:37:25.857, 0, 12288, 11849, 267
2026/09/22 10:37:26.059, 0, 12288, 11849, 267
2026/09/22 10:37:26.262, 0, 12288, 11849, 267
2026/09/22 10:37:26.467, 0, 12288, 11849, 267
2026/09/22 10:37:26.671, 0, 12288, 11849, 267
2026/09/22 10:37:26.876, 0, 12288, 11849, 267
2026/09/22 10:37:27.080, 0, 12288, 11849, 267
2026/09/22 10:37:27.285, 0, 12288, 11849, 267
2026/09/22 10:37:27.490, 0, 12288, 11849, 267
2026/09/22 10:37:27.693, 0, 12288, 11849, 267
2026/09/22 10:37:27.899, 0, 12288, 11849, 267
2026/09/22 10:37:28.106, 0, 12288, 11849, 267
2026/09/22 10:37:28.311, 0, 12288, 11849, 267
2026/09/22 10:37:28.518, 0, 12288, 11849, 267
2026/09/22 10:37:28.722, 0, 12288, 11849, 267
2026/09/22 10:37:28.928, 0, 12288, 11849, 267
2026/09/22 10:37:29.134, 0, 12288, 11849, 267
2026/09/22 10:37:29.339, 0, 12288, 11849, 267
2026/09/22 10:37:29.544, 0, 12288, 11849, 267
2026/09/22 10:37:29.749, 0, 12288, 11849, 267
2026/09/22 10:37:29.952, 0, 12288, 11849, 267
2026/09/22 10:37:30.157, 0, 12288, 11849, 267
2026/09/22 10:37:30.362, 0, 12288, 11849, 267
2026/09/22 10:37:30.567, 0, 12288, 11849, 267
2026/09/22 10:37:30.773, 0, 12288, 11849, 267
2026/09/22 10:37:30.980, 0, 12288, 11849, 267
2026/09/22 10:37:31.185, 0, 12288, 11849, 267
2026/09/22 10:37:31.393, 0, 12288, 11849, 267
2026/09/22 10:37:31.596, 0, 12288, 11849, 267
2026/09/22 10:37:31.801, 0, 12288, 11849, 267
2026/09/22 10:37:32.006, 0, 12288, 11849, 267
2026/09/22 10:37:32.209, 0, 12288, 11849, 267
2026/09/22 10:37:32.414, 0, 12288, 11849, 267
2026/09/22 10:37:32.621, 0, 12288, 11849, 267
2026/09/22 10:37:32.825, 0, 12288, 11849, 267
2026/09/22 10:37:33.030, 0, 12288, 11849, 267
2026/09/22 10:37:33.236, 0, 12288, 11849, 267
2026/09/22 10:37:33.441, 0, 12288, 11849, 267
2026/09/22 10:37:33.646, 0, 12288, 11849, 267
2026/09/22 10:37:33.849, 0, 12288, 11849, 267
2026/09/22 10:37:34.054, 0, 12288, 11849, 267
2026/09/22 10:37:34.258, 0, 12288, 11849, 267
2026/09/22 10:37:34.462, 0, 12288, 11849, 267
2026/09/22 10:37:34.669, 0, 12288, 11849, 267
2026/09/22 10:37:34.874, 0, 12288, 11849, 267
2026/09/22 10:37:35.078, 0, 12288, 11849, 267
2026/09/22 10:37:35.283, 0, 12288, 11849, 267
2026/09/22 10:37:35.489, 0, 12288, 11849, 267
2026/09/22 10:37:35.693, 0, 12288, 11849, 267
2026/09/22 10:37:35.899, 0, 12288, 11849, 267
2026/09/22 10:37:36.105, 0, 12288, 11849, 267
2026/09/22 10:37:36.309, 0, 12288, 11849, 267
2026/09/22 10:37:36.514, 0, 12288, 11849, 267
2026/09/22 10:37:36.720, 0, 12288, 11849, 267
2026/09/22 10:37:36.922, 0, 12288, 11849, 267
2026/09/22 10:37:37.128, 0, 12288, 11849, 267
2026/09/22 10:37:37.334, 0, 12288, 11849, 267
2026/09/22 10:37:37.542, 0, 12288, 11849, 267
2026/09/22 10:37:37.747, 0, 12288, 11849, 267
2026/09/22 10:37:37.953, 0, 12288, 11849, 267
2026/09/22 10:37:38.157, 0, 12288, 11849, 267
2026/09/22 10:37:38.359, 0, 12288, 11849, 267
2026/09/22 10:37:38.564, 0, 12288, 11849, 267
2026/09/22 10:37:38.770, 0, 12288, 11849, 267
2026/09/22 10:37:38.975, 0, 12288, 11849, 267
2026/09/22 10:37:39.179, 0, 12288, 11849, 267
2026/09/22 10:37:39.384, 0, 12288, 11849, 267
2026/09/22 10:37:39.590, 0, 12288, 11849, 267
2026/09/22 10:37:39.793, 0, 12288, 11849, 267
2026/09/22 10:37:40.000, 0, 12288, 11849, 267
2026/09/22 10:37:40.202, 0, 12288, 11849, 267
2026/09/22 10:37:40.406, 0, 12288, 11849, 267
2026/09/22 10:37:40.611, 0, 12288, 11849, 267
2026/09/22 10:37:40.817, 0, 12288, 11849, 267
2026/09/22 10:37:41.021, 0, 12288, 11849, 267
2026/09/22 10:37:41.226, 0, 12288, 11849, 267
2026/09/22 10:37:41.432, 0, 12288, 11849, 267
2026/09/22 10:37:41.637, 0, 12288, 11849, 267
2026/09/22 10:37:41.842, 0, 12288, 11849, 267
2026/09/22 10:37:42.048, 0, 12288, 11849, 267
2026/09/22 10:37:42.250, 0, 12288, 11849, 267
2026/09/22 10:37:42.457, 0, 12288, 11849, 267
2026/09/22 10:37:42.663, 0, 12288, 11849, 267
2026/09/22 10:37:42.867, 0, 12288, 11849, 267
2026/09/22 10:37:43.070, 0, 12288, 11849, 267
2026/09/22 10:37:43.272, 0, 12288, 11849, 267
2026/09/22 10:37:43.477, 0, 12288, 11849, 267
2026/09/22 10:37:43.683, 0, 12288, 11849, 267
2026/09/22 10:37:43.889, 0, 12288, 11849, 267
2026/09/22 10:37:44.096, 0, 12288, 11849, 267
2026/09/22 10:37:44.301, 0, 12288, 11849, 267
2026/09/22 10:37:44.505, 0, 12288, 11849, 267
2026/09/22 10:37:44.710, 0, 12288, 11849, 267
2026/09/22 10:37:44.915, 0, 12288, 11849, 267
2026/09/22 10:37:45.119, 0, 12288, 11849, 267
2026/09/22 10:37:45.324, 0, 12288, 11849, 267
2026/09/22 10:37:45.532, 0, 12288, 11849, 267
2026/09/22 10:37:45.736, 0, 12288, 11849, 267
2026/09/22 10:37:45.940, 0, 12288, 11849, 267
2026/09/22 10:37:46.144, 0, 12288, 11849, 267
2026/09/22 10:37:46.348, 0, 12288, 11849, 267
2026/09/22 10:37:46.554, 0, 12288, 11849, 267
2026/09/22 10:37:46.761, 0, 12288, 11849, 267
2026/09/22 10:37:46.964, 0, 12288, 11849, 267
2026/09/22 10:37:47.170, 0, 12288, 11849, 267
2026/09/22 10:37:47.375, 0, 12288, 11849, 267
2026/09/22 10:37:47.581, 0, 12288, 11849, 267
2026/09/22 10:37:47.784, 0, 12288, 11849, 267
2026/09/22 10:37:47.988, 0, 12288, 11849, 267
2026/09/22 10:37:48.194, 0, 12288, 11849, 267
2026/09/22 10:37:48.399, 0, 12288, 11849, 267
2026/09/22 10:37:48.604, 0, 12288, 11849, 267
2026/09/22 10:37:48.809, 0, 12288, 11849, 267
2026/09/22 10:37:49.016, 0, 12288, 11849, 267
2026/09/22 10:37:49.222, 0, 12288, 11849, 267
2026/09/22 10:37:49.425, 0, 12288, 11849, 267
2026/09/22 10:37:49.632, 0, 12288, 11849, 267
2026/09/22 10:37:49.836, 0, 12288, 11849, 267
2026/09/22 10:37:50.040, 0, 12288, 11849, 267
2026/09/22 10:37:50.247, 0, 12288, 11849, 267
2026/09/22 10:37:50.453, 0, 12288, 11849, 267
2026/09/22 10:37:50.656, 0, 12288, 11849, 267
2026/09/22 10:37:50.860, 0, 12288, 11849, 267
2026/09/22 10:37:51.062, 0, 12288, 11849, 267
2026/09/22 10:37:51.266, 0, 12288, 11849, 267
2026/09/22 10:37:51.474, 0, 12288, 11849, 267
2026/09/22 10:37:51.678, 0, 12288, 11849, 267
2026/09/22 10:37:51.880, 0, 12288, 11849, 267
2026/09/22 10:37:52.084, 0, 12288, 11849, 267
2026/09/22 10:37:52.289, 0, 12288, 11849, 267
2026/09/22 10:37:52.494, 0, 12288, 11849, 267
2026/09/22 10:37:52.699, 0, 12288, 11849, 267
2026/09/22 10:37:52.905, 0, 12288, 11849, 267
2026/09/22 10:37:53.110, 0, 12288, 11849, 267
2026/09/22 10:37:53.318, 0, 12288, 11849, 267
2026/09/22 10:37:53.523, 0, 12288, 11849, 267
2026/09/22 10:37:53.727, 0, 12288, 11849, 267
2026/09/22 10:37:53.934, 0, 12288, 11849, 267
2026/09/22 10:37:54.140, 0, 12288, 11849, 267
2026/09/22 10:37:54.343, 0, 12288, 11849, 267
2026/09/22 10:37:54.549, 0, 12288, 11849, 267
2026/09/22 10:37:54.755, 0, 12288, 11849, 267
2026/09/22 10:37:54.957, 0, 12288, 11849, 267
2026/09/22 10:37:55.162, 0, 12288, 11849, 267
2026/09/22 10:37:55.370, 0, 12288, 11849, 267
2026/09/22 10:37:55.574, 0, 12288, 11849, 267
2026/09/22 10:37:55.778, 0, 12288, 11849, 267
2026/09/22 10:37:55.983, 0, 12288, 11849, 267
2026/09/22 10:37:56.186, 0, 12288, 11849, 267
2026/09/22 10:37:56.390, 0, 12288, 11849, 267
2026/09/22 10:37:56.595, 0, 12288, 11849, 267
2026/09/22 10:37:56.801, 0, 12288, 11849, 267
2026/09/22 10:37:57.008, 0, 12288, 11849, 267
2026/09/22 10:37:57.213, 0, 12288, 11849, 267
2026/09/22 10:37:57.419, 0, 12288, 11849, 267
2026/09/22 10:37:57.626, 0, 12288, 11849, 267
2026/09/22 10:37:57.833, 0, 12288, 11849, 267
2026/09/22 10:37:58.037, 0, 12288, 11849, 267
2026/09/22 10:37:58.242, 0, 12288, 11849, 267
2026/09/22 10:37:58.448, 0, 12288, 11849, 267
2026/09/22 10:37:58.653, 0, 12288, 11849, 267
2026/09/22 10:37:58.856, 0, 12288, 11849, 267
2026/09/22 10:37:59.060, 0, 12288, 11849, 267
2026/09/22 10:37:59.266, 0, 12288, 11849, 267
2026/09/22 10:37:59.470, 0, 12288, 11849, 267
2026/09/22 10:37:59.675, 0, 12288, 11849, 267
2026/09/22 10:37:59.880, 0, 12288, 11849, 267
2026/09/22 10:38:00.085, 0, 12288, 11849, 267
2026/09/22 10:38:00.291, 0, 12288, 11849, 267
2026/09/22 10:38:00.495, 0, 12288, 11849, 267
2026/09/22 10:38:00.699, 0, 12288, 11849, 267
2026/09/22 10:38:00.905, 0, 12288, 11849, 267
2026/09/22 10:38:01.110, 0, 12288, 11849, 267
2026/09/22 10:38:01.315, 0, 12288, 11849, 267
2026/09/22 10:38:01.520, 0, 12288, 11849, 267
2026/09/22 10:38:01.726, 0, 12288, 11849, 267
2026/09/22 10:38:01.932, 0, 12288, 11849, 267
2026/09/22 10:38:02.136, 0, 12288, 11849, 267
2026/09/22 10:38:02.343, 0, 12288, 11849, 267
2026/09/22 10:38:02.549, 0, 12288, 11849, 267
2026/09/22 10:38:02.754, 0, 12288, 11849, 267
2026/09/22 10:38:02.960, 0, 12288, 11849, 267
2026/09/22 10:38:03.166, 0, 12288, 11849, 267
2026/09/22 10:38:03.372, 0, 12288, 11849, 267
2026/09/22 10:38:03.578, 0, 12288, 11849, 267
2026/09/22 10:38:03.784, 0, 12288, 11849, 267
2026/09/22 10:38:03.990, 0, 12288, 11849, 267
2026/09/22 10:38:04.197, 0, 12288, 11849, 267
2026/09/22 10:38:04.401, 0, 12288, 11849, 267
2026/09/22 10:38:04.604, 0, 12288, 11849, 267
2026/09/22 10:38:04.809, 0, 12288, 11849, 267
2026/09/22 10:38:05.013, 0, 12288, 11849, 267
2026/09/22 10:38:05.214, 0, 12288, 11849, 267
2026/09/22 10:38:05.419, 0, 12288, 11849, 267
2026/09/22 10:38:05.623, 0, 12288, 11849, 267
2026/09/22 10:38:05.827, 0, 12288, 11849, 267
2026/09/22 10:38:06.033, 0, 12288, 11849, 267
2026/09/22 10:38:06.237, 0, 12288, 11849, 267
2026/09/22 10:38:06.440, 0, 12288, 11849, 267
2026/09/22 10:38:06.643, 0, 12288, 11849, 267
2026/09/22 10:38:06.849, 0, 12288, 11849, 267
2026/09/22 10:38:07.054, 0, 12288, 11849, 267
2026/09/22 10:38:07.258, 0, 12288, 11849, 267
2026/09/22 10:38:07.461, 0, 12288, 11849, 267
2026/09/22 10:38:07.666, 0, 12288, 11849, 267
2026/09/22 10:38:07.870, 0, 12288, 11849, 267
2026/09/22 10:38:08.074, 0, 12288, 11849, 267
2026/09/22 10:38:08.280, 0, 12288, 11849, 267
2026/09/22 10:38:08.483, 0, 12288, 11849, 267
2026/09/22 10:38:08.687, 0, 12288, 11849, 267
2026/09/22 10:38:08.890, 0, 12288, 11849, 267
2026/09/22 10:38:09.094, 0, 12288, 11849, 267
2026/09/22 10:38:09.298, 0, 12288, 11849, 267
2026/09/22 10:38:09.501, 0, 12288, 11849, 267
2026/09/22 10:38:09.706, 0, 12288, 11849, 267
2026/09/22 10:38:09.911, 0, 12288, 11849, 267
2026/09/22 10:38:10.118, 0, 12288, 11849, 267
2026/09/22 10:38:10.323, 0, 12288, 11849, 267
2026/09/22 10:38:10.529, 0, 12288, 11849, 267
2026/09/22 10:38:10.735, 0, 12288, 11849, 267
2026/09/22 10:38:10.939, 0, 12288, 11849, 267
2026/09/22 10:38:11.145, 0, 12288, 11849, 267
2026/09/22 10:38:11.351, 0, 12288, 11849, 267
2026/09/22 10:38:11.557, 0, 12288, 11849, 267
2026/09/22 10:38:11.762, 0, 12288, 11849, 267
2026/09/22 10:38:11.968, 0, 12288, 11849, 267
2026/09/22 10:38:12.173, 0, 12288, 11849, 267
2026/09/22 10:38:12.378, 0, 12288, 11849, 267
2026/09/22 10:38:12.583, 0, 12288, 11849, 267
2026/09/22 10:38:12.790, 0, 12288, 11849, 267
2026/09/22 10:38:12.994, 0, 12288, 11849, 267
2026/09/22 10:38:13.199, 0, 12288, 11849, 267
2026/09/22 10:38:13.405, 0, 12288, 11849, 267
2026/09/22 10:38:13.611, 0, 12288, 11849, 267
2026/09/22 10:38:13.817, 0, 12288, 11849, 267
2026/09/22 10:38:14.022, 0, 12288, 11849, 267
2026/09/22 10:38:14.227, 0, 12288, 11849, 267
2026/09/22 10:38:14.433, 0, 12288, 11849, 267
2026/09/22 10:38:14.640, 0, 12288, 11849, 267
2026/09/22 10:38:14.844, 0, 12288, 11849, 267
2026/09/22 10:38:15.049, 0, 12288, 11849, 267
2026/09/22 10:38:15.255, 0, 12288, 11849, 267
2026/09/22 10:38:15.461, 0, 12288, 11849, 267
2026/09/22 10:38:15.668, 0, 12288, 11849, 267
2026/09/22 10:38:15.873, 0, 12288, 11849, 267
2026/09/22 10:38:16.077, 0, 12288, 11849, 267
2026/09/22 10:38:16.281, 0, 12288, 11849, 267
2026/09/22 10:38:16.486, 0, 12288, 11849, 267
2026/09/22 10:38:16.690, 0, 12288, 11849, 267
2026/09/22 10:38:16.893, 0, 12288, 11849, 267
2026/09/22 10:38:17.096, 0, 12288, 11849, 267
2026/09/22 10:38:17.302, 0, 12288, 11849, 267
2026/09/22 10:38:17.507, 0, 12288, 11849, 267
2026/09/22 10:38:17.712, 0, 12288, 11849, 267
2026/09/22 10:38:17.917, 0, 12288, 11849, 267
2026/09/22 10:38:18.123, 0, 12288, 11849, 267
2026/09/22 10:38:18.330, 0, 12288, 11849, 267
2026/09/22 10:38:18.537, 0, 12288, 11849, 267
2026/09/22 10:38:18.743, 0, 12288, 11849, 267
2026/09/22 10:38:18.947, 0, 12288, 11849, 267
2026/09/22 10:38:19.153, 0, 12288, 11849, 267
2026/09/22 10:38:19.358, 0, 12288, 11849, 267
2026/09/22 10:38:19.562, 0, 12288, 11849, 267
2026/09/22 10:38:19.767, 0, 12288, 11849, 267
2026/09/22 10:38:19.972, 0, 12288, 11849, 267
2026/09/22 10:38:20.179, 0, 12288, 11849, 267
2026/09/22 10:38:20.385, 0, 12288, 11849, 267
2026/09/22 10:38:20.590, 0, 12288, 11849, 267
2026/09/22 10:38:20.795, 0, 12288, 11849, 267
2026/09/22 10:38:21.002, 0, 12288, 11849, 267
2026/09/22 10:38:21.208, 0, 12288, 11849, 267
2026/09/22 10:38:21.414, 0, 12288, 11849, 267
2026/09/22 10:38:21.618, 0, 12288, 11849, 267
2026/09/22 10:38:21.824, 0, 12288, 11849, 267
2026/09/22 10:38:22.030, 0, 12288, 11849, 267
2026/09/22 10:38:22.234, 0, 12288, 11849, 267
2026/09/22 10:38:22.439, 0, 12288, 11849, 267
2026/09/22 10:38:22.645, 0, 12288, 11849, 267
2026/09/22 10:38:22.850, 0, 12288, 11849, 267
2026/09/22 10:38:23.054, 0, 12288, 11849, 267
2026/09/22 10:38:23.258, 0, 12288, 11849, 267
2026/09/22 10:38:23.464, 0, 12288, 11849, 267
2026/09/22 10:38:23.670, 0, 12288, 11849, 267
2026/09/22 10:38:23.875, 0, 12288, 11849, 267
2026/09/22 10:38:24.078, 0, 12288, 11849, 267
2026/09/22 10:38:24.282, 0, 12288, 11849, 267
2026/09/22 10:38:24.484, 0, 12288, 11849, 267
2026/09/22 10:38:24.691, 0, 12288, 11849, 267
2026/09/22 10:38:24.895, 0, 12288, 11849, 267
2026/09/22 10:38:25.101, 0, 12288, 11849, 267
2026/09/22 10:38:25.305, 0, 12288, 11849, 267
2026/09/22 10:38:25.511, 0, 12288, 11849, 267
2026/09/22 10:38:25.716, 0, 12288, 11849, 267
2026/09/22 10:38:25.920, 0, 12288, 11849, 267
2026/09/22 10:38:26.124, 0, 12288, 11849, 267
2026/09/22 10:38:26.329, 0, 12288, 11849, 267
2026/09/22 10:38:26.534, 0, 12288, 11849, 267
2026/09/22 10:38:26.740, 0, 12288, 11849, 267
2026/09/22 10:38:26.944, 0, 12288, 11849, 267
2026/09/22 10:38:27.148, 0, 12288, 11849, 267
2026/09/22 10:38:27.354, 0, 12288, 11849, 267
2026/09/22 10:38:27.558, 0, 12288, 11849, 267
2026/09/22 10:38:27.764, 0, 12288, 11849, 267
2026/09/22 10:38:27.968, 0, 12288, 11849, 267
2026/09/22 10:38:28.171, 0, 12288, 11849, 267
2026/09/22 10:38:28.376, 0, 12288, 11849, 267
2026/09/22 10:38:28.581, 0, 12288, 11849, 267
2026/09/22 10:38:28.784, 0, 12288, 11849, 267
2026/09/22 10:38:28.991, 0, 12288, 11849, 267
2026/09/22 10:38:29.197, 0, 12288, 11849, 267
2026/09/22 10:38:29.399, 0, 12288, 11849, 267
2026/09/22 10:38:29.604, 0, 12288, 11849, 267
2026/09/22 10:38:29.810, 0, 12288, 11849, 267
2026/09/22 10:38:30.015, 0, 12288, 11849, 267
2026/09/22 10:38:30.218, 0, 12288, 11849, 267
2026/09/22 10:38:30.423, 0, 12288, 11849, 267
2026/09/22 10:38:30.628, 0, 12288, 11849, 267
2026/09/22 10:38:30.834, 0, 12288, 11849, 267
2026/09/22 10:38:31.041, 0, 12288, 11849, 267
2026/09/22 10:38:31.247, 0, 12288, 11849, 267
2026/09/22 10:38:31.453, 0, 12288, 11849, 267
2026/09/22 10:38:31.658, 0, 12288, 11849, 267
2026/09/22 10:38:31.863, 0, 12288, 11849, 267
2026/09/22 10:38:32.069, 0, 12288, 11849, 267
2026/09/22 10:38:32.275, 0, 12288, 11849, 267
2026/09/22 10:38:32.480, 0, 12288, 11849, 267
2026/09/22 10:38:32.683, 0, 12288, 11849, 267
2026/09/22 10:38:32.891, 0, 12288, 11849, 267
2026/09/22 10:38:33.097, 0, 12288, 11849, 267
2026/09/22 10:38:33.302, 0, 12288, 11849, 267
2026/09/22 10:38:33.508, 0, 12288, 11849, 267
2026/09/22 10:38:33.713, 0, 12288, 11849, 267
2026/09/22 10:38:33.919, 0, 12288, 11849, 267
2026/09/22 10:38:34.125, 0, 12288, 11849, 267
2026/09/22 10:38:34.331, 0, 12288, 11849, 267
2026/09/22 10:38:34.538, 0, 12288, 11849, 267
2026/09/22 10:38:34.743, 0, 12288, 11849, 267
2026/09/22 10:38:34.951, 0, 12288, 11849, 267
2026/09/22 10:38:35.156, 0, 12288, 11849, 267
2026/09/22 10:38:35.360, 0, 12288, 11849, 267
2026/09/22 10:38:35.566, 0, 12288, 11849, 267
2026/09/22 10:38:35.771, 0, 12288, 11849, 267
2026/09/22 10:38:35.979, 0, 12288, 11849, 267
2026/09/22 10:38:36.185, 0, 12288, 11849, 267
2026/09/22 10:38:36.391, 0, 12288, 11849, 267
2026/09/22 10:38:36.595, 0, 12288, 11849, 267
2026/09/22 10:38:36.800, 0, 12288, 11849, 267
2026/09/22 10:38:37.003, 0, 12288, 11849, 267
2026/09/22 10:38:37.208, 0, 12288, 11849, 267
2026/09/22 10:38:37.413, 0, 12288, 11849, 267
2026/09/22 10:38:37.618, 0, 12288, 11849, 267
2026/09/22 10:38:37.826, 0, 12288, 11849, 267
2026/09/22 10:38:38.031, 0, 12288, 11849, 267
2026/09/22 10:38:38.234, 0, 12288, 11849, 267
2026/09/22 10:38:38.437, 0, 12288, 11849, 267
2026/09/22 10:38:38.641, 0, 12288, 11849, 267
2026/09/22 10:38:38.847, 0, 12288, 11849, 267
2026/09/22 10:38:39.053, 0, 12288, 11849, 267
2026/09/22 10:38:39.260, 0, 12288, 11849, 267
2026/09/22 10:38:39.466, 0, 12288, 11849, 267
2026/09/22 10:38:39.669, 0, 12288, 11849, 267
2026/09/22 10:38:39.875, 0, 12288, 11849, 267
2026/09/22 10:38:40.080, 0, 12288, 11849, 267
2026/09/22 10:38:40.287, 0, 12288, 11849, 267
2026/09/22 10:38:40.493, 0, 12288, 11849, 267
2026/09/22 10:38:40.699, 0, 12288, 11849, 267
2026/09/22 10:38:40.904, 0, 12288, 11849, 267
2026/09/22 10:38:41.109, 0, 12288, 11849, 267
2026/09/22 10:38:41.315, 0, 12288, 11849, 267
2026/09/22 10:38:41.519, 0, 12288, 11849, 267
2026/09/22 10:38:41.725, 0, 12288, 11849, 267
2026/09/22 10:38:41.930, 0, 12288, 11849, 267
2026/09/22 10:38:42.137, 0, 12288, 11849, 267
2026/09/22 10:38:42.343, 0, 12288, 11849, 267
2026/09/22 10:38:42.549, 0, 12288, 11849, 267
2026/09/22 10:38:42.755, 0, 12288, 11849, 267
2026/09/22 10:38:42.959, 0, 12288, 11849, 267
2026/09/22 10:38:43.164, 0, 12288, 11849, 267
2026/09/22 10:38:43.368, 0, 12288, 11849, 267
2026/09/22 10:38:43.573, 0, 12288, 11849, 267
2026/09/22 10:38:43.780, 0, 12288, 11849, 267
2026/09/22 10:38:43.984, 0, 12288, 11849, 267
2026/09/22 10:38:44.188, 0, 12288, 11849, 267
2026/09/22 10:38:44.392, 0, 12288, 11849, 267
2026/09/22 10:38:44.597, 0, 12288, 11849, 267
2026/09/22 10:38:44.802, 0, 12288, 11849, 267
2026/09/22 10:38:45.009, 0, 12288, 11849, 267
2026/09/22 10:38:45.215, 0, 12288, 11849, 267
2026/09/22 10:38:45.421, 0, 12288, 11849, 267
2026/09/22 10:38:45.626, 0, 12288, 11849, 267
2026/09/22 10:38:45.831, 0, 12288, 11849, 267
2026/09/22 10:38:46.038, 0, 12288, 11849, 267
2026/09/22 10:38:46.243, 0, 12288, 11849, 267
2026/09/22 10:38:46.448, 0, 12288, 11849, 267
2026/09/22 10:38:46.655, 0, 12288, 11849, 267
2026/09/22 10:38:46.859, 0, 12288, 11849, 267
2026/09/22 10:38:47.065, 0, 12288, 11849, 267
2026/09/22 10:38:47.270, 0, 12288, 11849, 267
2026/09/22 10:38:47.474, 0, 12288, 11849, 267
2026/09/22 10:38:47.677, 0, 12288, 11849, 267
2026/09/22 10:38:47.881, 0, 12288, 11849, 267
2026/09/22 10:38:48.086, 0, 12288, 11849, 267
2026/09/22 10:38:48.291, 0, 12288, 11849, 267
2026/09/22 10:38:48.497, 0, 12288, 11849, 267
2026/09/22 10:38:48.703, 0, 12288, 11849, 267
2026/09/22 10:38:48.908, 0, 12288, 11849, 267
2026/09/22 10:38:49.114, 0, 12288, 11849, 267
2026/09/22 10:38:49.319, 0, 12288, 11849, 267
2026/09/22 10:38:49.525, 0, 12288, 11849, 267
2026/09/22 10:38:49.732, 0, 12288, 11849, 267
2026/09/22 10:38:49.937, 0, 12288, 11849, 267
2026/09/22 10:38:50.143, 0, 12288, 11849, 267
2026/09/22 10:38:50.350, 0, 12288, 11849, 267
2026/09/22 10:38:50.556, 0, 12288, 11849, 267
2026/09/22 10:38:50.760, 0, 12288, 11849, 267
2026/09/22 10:38:50.964, 0, 12288, 11849, 267
2026/09/22 10:38:51.170, 0, 12288, 11849, 267
2026/09/22 10:38:51.375, 0, 12288, 11849, 267
2026/09/22 10:38:51.580, 0, 12288, 11849, 267
2026/09/22 10:38:51.783, 0, 12288, 11849, 267
2026/09/22 10:38:51.989, 0, 12288, 11849, 267
2026/09/22 10:38:52.193, 0, 12288, 11849, 267
2026/09/22 10:38:52.399, 0, 12288, 11849, 267
2026/09/22 10:38:52.604, 0, 12288, 11849, 267
2026/09/22 10:38:52.808, 0, 12288, 11849, 267
2026/09/22 10:38:53.013, 0, 12288, 11849, 267
2026/09/22 10:38:53.216, 0, 12288, 11849, 267
2026/09/22 10:38:53.420, 0, 12288, 11849, 267
2026/09/22 10:38:53.627, 0, 12288, 11849, 267
2026/09/22 10:38:53.832, 0, 12288, 11849, 267
2026/09/22 10:38:54.039, 0, 12288, 11849, 267
2026/09/22 10:38:54.245, 0, 12288, 11849, 267
2026/09/22 10:38:54.448, 0, 12288, 11849, 267
2026/09/22 10:38:54.654, 0, 12288, 11849, 267
2026/09/22 10:38:54.858, 0, 12288, 11849, 267
2026/09/22 10:38:55.063, 0, 12288, 11849, 267
2026/09/22 10:38:55.265, 0, 12288, 11849, 267
2026/09/22 10:38:55.469, 0, 12288, 11849, 267
2026/09/22 10:38:55.674, 0, 12288, 11849, 267
2026/09/22 10:38:55.877, 0, 12288, 11849, 267
2026/09/22 10:38:56.082, 0, 12288, 11849, 267
2026/09/22 10:38:56.287, 0, 12288, 11849, 267
2026/09/22 10:38:56.490, 0, 12288, 11849, 267
2026/09/22 10:38:56.695, 0, 12288, 11849, 267
2026/09/22 10:38:56.900, 0, 12288, 11849, 267
2026/09/22 10:38:57.105, 0, 12288, 11849, 267
2026/09/22 10:38:57.309, 0, 12288, 11849, 267
2026/09/22 10:38:57.515, 0, 12288, 11849, 267
2026/09/22 10:38:57.721, 0, 12288, 11849, 267
2026/09/22 10:38:57.923, 0, 12288, 11849, 267
2026/09/22 10:38:58.127, 0, 12288, 11849, 267
2026/09/22 10:38:58.329, 0, 12288, 11849, 267
2026/09/22 10:38:58.532, 0, 12288, 11849, 267
2026/09/22 10:38:58.735, 0, 12288, 11849, 267
2026/09/22 10:38:58.941, 0, 12288, 11849, 267
2026/09/22 10:38:59.148, 0, 12288, 11849, 267
2026/09/22 10:38:59.350, 0, 12288, 11849, 267
2026/09/22 10:38:59.556, 0, 12288, 11849, 267
2026/09/22 10:38:59.760, 0, 12288, 11849, 267
2026/09/22 10:38:59.965, 0, 12288, 11849, 267
2026/09/22 10:39:00.170, 0, 12288, 11849, 267
2026/09/22 10:39:00.374, 0, 12288, 11849, 267
2026/09/22 10:39:00.579, 0, 12288, 11849, 267
2026/09/22 10:39:00.781, 0, 12288, 11849, 267
2026/09/22 10:39:00.985, 0, 12288, 11849, 267
2026/09/22 10:39:01.188, 0, 12288, 11849, 267
2026/09/22 10:39:01.394, 0, 12288, 11849, 267
2026/09/22 10:39:01.597, 0, 12288, 11849, 267
2026/09/22 10:39:01.803, 0, 12288, 11849, 267
2026/09/22 10:39:02.007, 0, 12288, 11849, 267
2026/09/22 10:39:02.212, 0, 12288, 11849, 267
2026/09/22 10:39:02.415, 0, 12288, 11849, 267
2026/09/22 10:39:02.622, 0, 12288, 11849, 267
2026/09/22 10:39:02.827, 0, 12288, 11849, 267
2026/09/22 10:39:03.033, 0, 12288, 11849, 267
2026/09/22 10:39:03.239, 0, 12288, 11849, 267
2026/09/22 10:39:03.445, 0, 12288, 11849, 267
2026/09/22 10:39:03.651, 0, 12288, 11849, 267
2026/09/22 10:39:03.857, 0, 12288, 11849, 267
2026/09/22 10:39:04.061, 0, 12288, 11849, 267
2026/09/22 10:39:04.265, 0, 12288, 11849, 267
2026/09/22 10:39:04.469, 0, 12288, 11849, 267
2026/09/22 10:39:04.676, 0, 12288, 11849, 267
2026/09/22 10:39:04.881, 0, 12288, 11849, 267
2026/09/22 10:39:05.083, 0, 12288, 11849, 267
2026/09/22 10:39:05.290, 0, 12288, 11849, 267
2026/09/22 10:39:05.493, 0, 12288, 11849, 267
2026/09/22 10:39:05.696, 0, 12288, 11849, 267
2026/09/22 10:39:05.901, 0, 12288, 11849, 267
2026/09/22 10:39:06.106, 0, 12288, 11849, 267
2026/09/22 10:39:06.310, 0, 12288, 11849, 267
2026/09/22 10:39:06.515, 0, 12288, 11849, 267
2026/09/22 10:39:06.720, 0, 12288, 11849, 267
2026/09/22 10:39:06.927, 0, 12288, 11849, 267
2026/09/22 10:39:07.134, 0, 12288, 11849, 267
2026/09/22 10:39:07.336, 0, 12288, 11849, 267
2026/09/22 10:39:07.542, 0, 12288, 11849, 267
2026/09/22 10:39:07.746, 0, 12288, 11849, 267
2026/09/22 10:39:07.950, 0, 12288, 11849, 267
2026/09/22 10:39:08.156, 0, 12288, 11849, 267
2026/09/22 10:39:08.359, 0, 12288, 11849, 267
2026/09/22 10:39:08.563, 0, 12288, 11849, 267
2026/09/22 10:39:08.770, 0, 12288, 11849, 267
2026/09/22 10:39:08.971, 0, 12288, 11849, 267
2026/09/22 10:39:09.176, 0, 12288, 11849, 267
2026/09/22 10:39:09.380, 0, 12288, 11849, 267
2026/09/22 10:39:09.584, 0, 12288, 11849, 267
2026/09/22 10:39:09.788, 0, 12288, 11849, 267
2026/09/22 10:39:09.994, 0, 12288, 11849, 267
2026/09/22 10:39:10.200, 0, 12288, 11849, 267
2026/09/22 10:39:10.406, 0, 12288, 11849, 267
2026/09/22 10:39:10.611, 0, 12288, 11849, 267
2026/09/22 10:39:10.814, 0, 12288, 11849, 267
2026/09/22 10:39:11.020, 0, 12288, 11849, 267
2026/09/22 10:39:11.225, 0, 12288, 11849, 267
2026/09/22 10:39:11.430, 0, 12288, 11849, 267
2026/09/22 10:39:11.635, 0, 12288, 11849, 267
2026/09/22 10:39:11.840, 0, 12288, 11849, 267
2026/09/22 10:39:12.044, 0, 12288, 11849, 267
2026/09/22 10:39:12.250, 0, 12288, 11849, 267
2026/09/22 10:39:12.456, 0, 12288, 11849, 267
2026/09/22 10:39:12.663, 0, 12288, 11849, 267
2026/09/22 10:39:12.869, 0, 12288, 11849, 267
2026/09/22 10:39:13.073, 0, 12288, 11849, 267
2026/09/22 10:39:13.279, 0, 12288, 11849, 267
2026/09/22 10:39:13.483, 0, 12288, 11849, 267
2026/09/22 10:39:13.687, 0, 12288, 11849, 267
2026/09/22 10:39:13.891, 0, 12288, 11849, 267
2026/09/22 10:39:14.098, 0, 12288, 11849, 267
2026/09/22 10:39:14.304, 0, 12288, 11849, 267
2026/09/22 10:39:14.510, 0, 12288, 11849, 267
2026/09/22 10:39:14.717, 0, 12288, 11849, 267
2026/09/22 10:39:14.922, 0, 12288, 11849, 267
2026/09/22 10:39:15.128, 0, 12288, 11849, 267
2026/09/22 10:39:15.332, 0, 12288, 11849, 267
2026/09/22 10:39:15.537, 0, 12288, 11849, 267
2026/09/22 10:39:15.742, 0, 12288, 11849, 267
2026/09/22 10:39:15.944, 0, 12288, 11849, 267
2026/09/22 10:39:16.148, 0, 12288, 11849, 267
2026/09/22 10:39:16.352, 0, 12288, 11849, 267
2026/09/22 10:39:16.557, 0, 12288, 11849, 267
2026/09/22 10:39:16.762, 0, 12288, 11849, 267
2026/09/22 10:39:16.967, 0, 12288, 11849, 267
2026/09/22 10:39:17.171, 0, 12288, 11849, 267
2026/09/22 10:39:17.378, 0, 12288, 11849, 267
2026/09/22 10:39:17.583, 0, 12288, 11849, 267
2026/09/22 10:39:17.787, 0, 12288, 11849, 267
2026/09/22 10:39:17.994, 0, 12288, 11849, 267
2026/09/22 10:39:18.199, 0, 12288, 11849, 267
2026/09/22 10:39:18.404, 0, 12288, 11849, 267
2026/09/22 10:39:18.609, 0, 12288, 11849, 267
2026/09/22 10:39:18.813, 0, 12288, 11849, 267
2026/09/22 10:39:19.016, 0, 12288, 11849, 267
2026/09/22 10:39:19.221, 0, 12288, 11849, 267
2026/09/22 10:39:19.425, 0, 12288, 11849, 267
2026/09/22 10:39:19.630, 0, 12288, 11849, 267
2026/09/22 10:39:19.836, 0, 12288, 11849, 267
2026/09/22 10:39:20.040, 0, 12288, 11849, 267
2026/09/22 10:39:20.246, 0, 12288, 11849, 267
2026/09/22 10:39:20.451, 0, 12288, 11849, 267
2026/09/22 10:39:20.658, 0, 12288, 11849, 267
2026/09/22 10:39:20.861, 0, 12288, 11849, 267
2026/09/22 10:39:21.069, 0, 12288, 11849, 267
2026/09/22 10:39:21.272, 0, 12288, 11849, 267
2026/09/22 10:39:21.477, 0, 12288, 11849, 267
2026/09/22 10:39:21.682, 0, 12288, 11849, 267
2026/09/22 10:39:21.886, 0, 12288, 11849, 267
2026/09/22 10:39:22.092, 0, 12288, 11849, 267
2026/09/22 10:39:22.296, 0, 12288, 11849, 267
2026/09/22 10:39:22.497, 0, 12288, 11849, 267
2026/09/22 10:39:22.703, 0, 12288, 11849, 267
2026/09/22 10:39:22.909, 0, 12288, 11849, 267
2026/09/22 10:39:23.114, 0, 12288, 11849, 267
2026/09/22 10:39:23.319, 0, 12288, 11849, 267
2026/09/22 10:39:23.525, 0, 12288, 11849, 267
2026/09/22 10:39:23.729, 0, 12288, 11849, 267
2026/09/22 10:39:23.933, 0, 12288, 11849, 267
2026/09/22 10:39:24.138, 0, 12288, 11849, 267
2026/09/22 10:39:24.343, 0, 12288, 11849, 267
2026/09/22 10:39:24.547, 0, 12288, 11849, 267
2026/09/22 10:39:24.753, 0, 12288, 11849, 267
2026/09/22 10:39:24.956, 0, 12288, 11849, 267
2026/09/22 10:39:25.160, 0, 12288, 11849, 267
2026/09/22 10:39:25.365, 0, 12288, 11849, 267
2026/09/22 10:39:25.571, 0, 12288, 11849, 267
2026/09/22 10:39:25.777, 0, 12288, 11849, 267
2026/09/22 10:39:25.983, 0, 12288, 11849, 267
2026/09/22 10:39:26.188, 0, 12288, 11849, 267
2026/09/22 10:39:26.393, 0, 12288, 11849, 267
2026/09/22 10:39:26.599, 0, 12288, 11849, 267
2026/09/22 10:39:26.802, 0, 12288, 11849, 267
2026/09/22 10:39:27.004, 0, 12288, 11849, 267
2026/09/22 10:39:27.210, 0, 12288, 11849, 267
2026/09/22 10:39:27.415, 0, 12288, 11849, 267
2026/09/22 10:39:27.620, 0, 12288, 11849, 267
2026/09/22 10:39:27.824, 0, 12288, 11849, 267
2026/09/22 10:39:28.026, 0, 12288, 11849, 267
2026/09/22 10:39:28.233, 0, 12288, 11849, 267
2026/09/22 10:39:28.436, 0, 12288, 11849, 267
2026/09/22 10:39:28.640, 0, 12288, 11849, 267
2026/09/22 10:39:28.844, 0, 12288, 11849, 267
2026/09/22 10:39:29.050, 0, 12288, 11849, 267
2026/09/22 10:39:29.256, 0, 12288, 11849, 267
2026/09/22 10:39:29.462, 0, 12288, 11849, 267
2026/09/22 10:39:29.666, 0, 12288, 11849, 267
2026/09/22 10:39:29.873, 0, 12288, 11849, 267
2026/09/22 10:39:30.080, 0, 12288, 11849, 267
2026/09/22 10:39:30.285, 0, 12288, 11849, 267
2026/09/22 10:39:30.491, 0, 12288, 11849, 267
2026/09/22 10:39:30.698, 0, 12288, 11849, 267
2026/09/22 10:39:30.903, 0, 12288, 11849, 267
2026/09/22 10:39:31.108, 0, 12288, 11849, 267
2026/09/22 10:39:31.313, 0, 12288, 11849, 267
2026/09/22 10:39:31.516, 0, 12288, 11849, 267
2026/09/22 10:39:31.721, 0, 12288, 11849, 267
2026/09/22 10:39:31.926, 0, 12288, 11849, 267
2026/09/22 10:39:32.131, 0, 12288, 11849, 267
2026/09/22 10:39:32.335, 0, 12288, 11849, 267
2026/09/22 10:39:32.539, 0, 12288, 11849, 267
2026/09/22 10:39:32.744, 0, 12288, 11849, 267
2026/09/22 10:39:32.949, 0, 12288, 11849, 267
2026/09/22 10:39:33.156, 0, 12288, 11849, 267
2026/09/22 10:39:33.361, 0, 12288, 11849, 267
2026/09/22 10:39:33.567, 0, 12288, 11849, 267
2026/09/22 10:39:33.771, 0, 12288, 11849, 267
2026/09/22 10:39:33.977, 0, 12288, 11849, 267
2026/09/22 10:39:34.180, 0, 12288, 11849, 267
2026/09/22 10:39:34.387, 0, 12288, 11849, 267
2026/09/22 10:39:34.593, 0, 12288, 11849, 267
2026/09/22 10:39:34.797, 0, 12288, 11849, 267
2026/09/22 10:39:35.001, 0, 12288, 11849, 267
2026/09/22 10:39:35.206, 0, 12288, 11849, 267
2026/09/22 10:39:35.411, 0, 12288, 11849, 267
2026/09/22 10:39:35.616, 0, 12288, 11849, 267
2026/09/22 10:39:35.821, 0, 12288, 11849, 267
2026/09/22 10:39:36.025, 0, 12288, 11849, 267
2026/09/22 10:39:36.229, 0, 12288, 11849, 267
2026/09/22 10:39:36.436, 0, 12288, 11849, 267
2026/09/22 10:39:36.641, 0, 12288, 11849, 267
2026/09/22 10:39:36.848, 0, 12288, 11849, 267
2026/09/22 10:39:37.055, 0, 12288, 11849, 267
2026/09/22 10:39:37.260, 0, 12288, 11849, 267
2026/09/22 10:39:37.466, 0, 12288, 11849, 267
2026/09/22 10:39:37.672, 0, 12288, 11849, 267
2026/09/22 10:39:37.878, 0, 12288, 11849, 267
2026/09/22 10:39:38.086, 0, 12288, 11849, 267
2026/09/22 10:39:38.291, 0, 12288, 11849, 267
2026/09/22 10:39:38.499, 0, 12288, 11849, 267
2026/09/22 10:39:38.702, 0, 12288, 11849, 267
2026/09/22 10:39:38.907, 0, 12288, 11849, 267
2026/09/22 10:39:39.113, 0, 12288, 11849, 267
2026/09/22 10:39:39.318, 0, 12288, 11849, 267
2026/09/22 10:39:39.522, 0, 12288, 11849, 267
2026/09/22 10:39:39.727, 0, 12288, 11849, 267
2026/09/22 10:39:39.932, 0, 12288, 11849, 267
2026/09/22 10:39:40.136, 0, 12288, 11851, 265
2026/09/22 10:39:40.342, 0, 12288, 11851, 265
2026/09/22 10:39:40.545, 0, 12288, 11851, 265
2026/09/22 10:39:40.750, 0, 12288, 11851, 265
2026/09/22 10:39:40.958, 0, 12288, 11851, 265
2026/09/22 10:39:41.163, 0, 12288, 11851, 265
2026/09/22 10:39:41.369, 0, 12288, 11851, 265
2026/09/22 10:39:41.575, 0, 12288, 11851, 265
2026/09/22 10:39:41.780, 0, 12288, 11851, 265
2026/09/22 10:39:41.985, 0, 12288, 11851, 265
2026/09/22 10:39:42.190, 0, 12288, 11851, 265
2026/09/22 10:39:42.395, 0, 12288, 11851, 265
2026/09/22 10:39:42.599, 0, 12288, 11851, 265
2026/09/22 10:39:42.805, 0, 12288, 11851, 265
2026/09/22 10:39:43.010, 0, 12288, 11851, 265
2026/09/22 10:39:43.215, 0, 12288, 11851, 265
2026/09/22 10:39:43.421, 0, 12288, 11851, 265
2026/09/22 10:39:43.625, 0, 12288, 11851, 265
2026/09/22 10:39:43.828, 0, 12288, 11851, 265
2026/09/22 10:39:44.033, 0, 12288, 11851, 265
2026/09/22 10:39:44.238, 0, 12288, 11851, 265
2026/09/22 10:39:44.445, 0, 12288, 11851, 265
2026/09/22 10:39:44.650, 0, 12288, 11851, 265
2026/09/22 10:39:44.856, 0, 12288, 11851, 265
2026/09/22 10:39:45.061, 0, 12288, 11851, 265
2026/09/22 10:39:45.267, 0, 12288, 11851, 265
2026/09/22 10:39:45.474, 0, 12288, 11851, 265
2026/09/22 10:39:45.680, 0, 12288, 11851, 265
2026/09/22 10:39:45.886, 0, 12288, 11851, 265
2026/09/22 10:39:46.092, 0, 12288, 11851, 265
2026/09/22 10:39:46.298, 0, 12288, 11851, 265
2026/09/22 10:39:46.505, 0, 12288, 11851, 265
2026/09/22 10:39:46.710, 0, 12288, 11851, 265
2026/09/22 10:39:46.914, 0, 12288, 11851, 265
2026/09/22 10:39:47.121, 0, 12288, 11851, 265
2026/09/22 10:39:47.324, 0, 12288, 11851, 265
2026/09/22 10:39:47.529, 0, 12288, 11851, 265
2026/09/22 10:39:47.732, 0, 12288, 11851, 265
2026/09/22 10:39:47.936, 0, 12288, 11851, 265
2026/09/22 10:39:48.141, 0, 12288, 11851, 265
2026/09/22 10:39:48.345, 0, 12288, 11851, 265
2026/09/22 10:39:48.551, 0, 12288, 11851, 265
2026/09/22 10:39:48.755, 0, 12288, 11851, 265
2026/09/22 10:39:48.960, 0, 12288, 11851, 265
2026/09/22 10:39:49.167, 0, 12288, 11851, 265
2026/09/22 10:39:49.371, 0, 12288, 11851, 265
2026/09/22 10:39:49.577, 0, 12288, 11851, 265
2026/09/22 10:39:49.782, 0, 12288, 11851, 265
2026/09/22 10:39:49.986, 0, 12288, 11851, 265
2026/09/22 10:39:50.188, 0, 12288, 11851, 265
2026/09/22 10:39:50.395, 0, 12288, 11851, 265
2026/09/22 10:39:50.599, 0, 12288, 11851, 265
2026/09/22 10:39:50.804, 0, 12288, 11851, 265
2026/09/22 10:39:51.008, 0, 12288, 11851, 265
2026/09/22 10:39:51.213, 0, 12288, 11851, 265
2026/09/22 10:39:51.418, 0, 12288, 11851, 265
2026/09/22 10:39:51.622, 0, 12288, 11851, 265
2026/09/22 10:39:51.828, 0, 12288, 11851, 265
2026/09/22 10:39:52.032, 0, 12288, 11851, 265
2026/09/22 10:39:52.236, 0, 12288, 11851, 265
2026/09/22 10:39:52.442, 0, 12288, 11851, 265
2026/09/22 10:39:52.647, 0, 12288, 11851, 265
2026/09/22 10:39:52.855, 0, 12288, 11851, 265
2026/09/22 10:39:53.062, 0, 12288, 11851, 265
2026/09/22 10:39:53.267, 0, 12288, 11851, 265
2026/09/22 10:39:53.470, 0, 12288, 11851, 265
2026/09/22 10:39:53.675, 0, 12288, 11851, 265
2026/09/22 10:39:53.881, 0, 12288, 11851, 265
2026/09/22 10:39:54.089, 0, 12288, 11851, 265
2026/09/22 10:39:54.295, 0, 12288, 11851, 265
2026/09/22 10:39:54.499, 0, 12288, 11851, 265
2026/09/22 10:39:54.706, 0, 12288, 11851, 265
2026/09/22 10:39:54.910, 0, 12288, 11851, 265
2026/09/22 10:39:55.115, 0, 12288, 11851, 265
2026/09/22 10:39:55.321, 0, 12288, 11851, 265
2026/09/22 10:39:55.525, 0, 12288, 11851, 265
2026/09/22 10:39:55.730, 0, 12288, 11851, 265
2026/09/22 10:39:55.935, 0, 12288, 11851, 265
2026/09/22 10:39:56.139, 0, 12288, 11851, 265
2026/09/22 10:39:56.344, 0, 12288, 11851, 265
2026/09/22 10:39:56.548, 0, 12288, 11851, 265
2026/09/22 10:39:56.754, 0, 12288, 11851, 265
2026/09/22 10:39:56.959, 0, 12288, 11851, 265
2026/09/22 10:39:57.164, 0, 12288, 11851, 265
2026/09/22 10:39:57.366, 0, 12288, 11851, 265
2026/09/22 10:39:57.571, 0, 12288, 11851, 265
2026/09/22 10:39:57.777, 0, 12288, 11851, 265
2026/09/22 10:39:57.983, 0, 12288, 11851, 265
2026/09/22 10:39:58.187, 0, 12288, 11851, 265
2026/09/22 10:39:58.391, 0, 12288, 11851, 265
2026/09/22 10:39:58.595, 0, 12288, 11851, 265
2026/09/22 10:39:58.801, 0, 12288, 11851, 265
2026/09/22 10:39:59.004, 0, 12288, 11851, 265
2026/09/22 10:39:59.210, 0, 12288, 11851, 265
2026/09/22 10:39:59.417, 0, 12288, 11851, 265
2026/09/22 10:39:59.622, 0, 12288, 11851, 265
2026/09/22 10:39:59.829, 0, 12288, 11851, 265
2026/09/22 10:40:00.035, 0, 12288, 11851, 265
2026/09/22 10:40:00.240, 0, 12288, 11851, 265
2026/09/22 10:40:00.447, 0, 12288, 11851, 265
2026/09/22 10:40:00.652, 0, 12288, 11851, 265
2026/09/22 10:40:00.858, 0, 12288, 11851, 265
2026/09/22 10:40:01.061, 0, 12288, 11851, 265
2026/09/22 10:40:01.266, 0, 12288, 11851, 265
2026/09/22 10:40:01.472, 0, 12288, 11851, 265
2026/09/22 10:40:01.678, 0, 12288, 11851, 265
2026/09/22 10:40:01.881, 0, 12288, 11851, 265
2026/09/22 10:40:02.087, 0, 12288, 11851, 265
2026/09/22 10:40:02.292, 0, 12288, 11851, 265
2026/09/22 10:40:02.499, 0, 12288, 11851, 265
2026/09/22 10:40:02.703, 0, 12288, 11851, 265
2026/09/22 10:40:02.910, 0, 12288, 11851, 265
2026/09/22 10:40:03.116, 0, 12288, 11851, 265
2026/09/22 10:40:03.322, 0, 12288, 11851, 265
2026/09/22 10:40:03.527, 0, 12288, 11851, 265
2026/09/22 10:40:03.734, 0, 12288, 11851, 265
2026/09/22 10:40:03.939, 0, 12288, 11851, 265
2026/09/22 10:40:04.146, 0, 12288, 11851, 265
2026/09/22 10:40:04.349, 0, 12288, 11851, 265
2026/09/22 10:40:04.555, 0, 12288, 11851, 265
2026/09/22 10:40:04.761, 0, 12288, 11851, 265
2026/09/22 10:40:04.965, 0, 12288, 11851, 265
2026/09/22 10:40:05.171, 0, 12288, 11851, 265
2026/09/22 10:40:05.375, 0, 12288, 11851, 265
2026/09/22 10:40:05.582, 0, 12288, 11851, 265
2026/09/22 10:40:05.786, 0, 12288, 11851, 265
2026/09/22 10:40:05.993, 0, 12288, 11851, 265
2026/09/22 10:40:06.198, 0, 12288, 11851, 265
2026/09/22 10:40:06.404, 0, 12288, 11851, 265
2026/09/22 10:40:06.608, 0, 12288, 11851, 265
2026/09/22 10:40:06.811, 0, 12288, 11851, 265
2026/09/22 10:40:07.015, 0, 12288, 11851, 265
2026/09/22 10:40:07.219, 0, 12288, 11851, 265
2026/09/22 10:40:07.424, 0, 12288, 11851, 265
2026/09/22 10:40:07.630, 0, 12288, 11851, 265
2026/09/22 10:40:07.835, 0, 12288, 11851, 265
2026/09/22 10:40:08.039, 0, 12288, 11851, 265
2026/09/22 10:40:08.245, 0, 12288, 11851, 265
2026/09/22 10:40:08.448, 0, 12288, 11851, 265
2026/09/22 10:40:08.655, 0, 12288, 11851, 265
2026/09/22 10:40:08.862, 0, 12288, 11851, 265
2026/09/22 10:40:09.066, 0, 12288, 11851, 265
2026/09/22 10:40:09.271, 0, 12288, 11851, 265
2026/09/22 10:40:09.475, 0, 12288, 11851, 265
2026/09/22 10:40:09.681, 0, 12288, 11851, 265
2026/09/22 10:40:09.887, 0, 12288, 11851, 265
2026/09/22 10:40:10.090, 0, 12288, 11851, 265
2026/09/22 10:40:10.296, 0, 12288, 11851, 265
2026/09/22 10:40:10.500, 0, 12288, 11851, 265
2026/09/22 10:40:10.705, 0, 12288, 11851, 265
2026/09/22 10:40:10.911, 0, 12288, 11851, 265
2026/09/22 10:40:11.116, 0, 12288, 11851, 265
2026/09/22 10:40:11.320, 0, 12288, 11851, 265
2026/09/22 10:40:11.524, 0, 12288, 11851, 265
2026/09/22 10:40:11.732, 0, 12288, 11851, 265
2026/09/22 10:40:11.938, 0, 12288, 11851, 265
2026/09/22 10:40:12.144, 0, 12288, 11851, 265
2026/09/22 10:40:12.349, 0, 12288, 11851, 265
2026/09/22 10:40:12.553, 0, 12288, 11851, 265
2026/09/22 10:40:12.756, 0, 12288, 11851, 265
2026/09/22 10:40:12.964, 0, 12288, 11851, 265
2026/09/22 10:40:13.167, 0, 12288, 11851, 265
2026/09/22 10:40:13.373, 0, 12288, 11851, 265
2026/09/22 10:40:13.578, 0, 12288, 11851, 265
2026/09/22 10:40:13.783, 0, 12288, 11851, 265
2026/09/22 10:40:13.986, 0, 12288, 11851, 265
2026/09/22 10:40:14.190, 0, 12288, 11851, 265
2026/09/22 10:40:14.396, 0, 12288, 11851, 265
2026/09/22 10:40:14.603, 0, 12288, 11851, 265
2026/09/22 10:40:14.808, 0, 12288, 11851, 265
2026/09/22 10:40:15.013, 0, 12288, 11851, 265
2026/09/22 10:40:15.217, 0, 12288, 11851, 265
2026/09/22 10:40:15.422, 0, 12288, 11851, 265
2026/09/22 10:40:15.629, 0, 12288, 11851, 265
2026/09/22 10:40:15.836, 0, 12288, 11851, 265
2026/09/22 10:40:16.041, 0, 12288, 11851, 265
2026/09/22 10:40:16.247, 0, 12288, 11851, 265
2026/09/22 10:40:16.452, 0, 12288, 11851, 265
2026/09/22 10:40:16.658, 0, 12288, 11851, 265
2026/09/22 10:40:16.864, 0, 12288, 11851, 265
2026/09/22 10:40:17.070, 0, 12288, 11851, 265
2026/09/22 10:40:17.274, 0, 12288, 11851, 265
2026/09/22 10:40:17.482, 0, 12288, 11851, 265
2026/09/22 10:40:17.688, 0, 12288, 11851, 265
2026/09/22 10:40:17.892, 0, 12288, 11851, 265
2026/09/22 10:40:18.095, 0, 12288, 11851, 265
2026/09/22 10:40:18.301, 0, 12288, 11851, 265
2026/09/22 10:40:18.504, 0, 12288, 11851, 265
2026/09/22 10:40:18.708, 0, 12288, 11851, 265
2026/09/22 10:40:18.915, 0, 12288, 11851, 265
2026/09/22 10:40:19.121, 0, 12288, 11851, 265
2026/09/22 10:40:19.327, 0, 12288, 11851, 265
2026/09/22 10:40:19.531, 0, 12288, 11851, 265
2026/09/22 10:40:19.736, 0, 12288, 11851, 265
2026/09/22 10:40:19.940, 0, 12288, 11851, 265
2026/09/22 10:40:20.147, 0, 12288, 11851, 265
2026/09/22 10:40:20.352, 0, 12288, 11851, 265
2026/09/22 10:40:20.558, 0, 12288, 11851, 265
2026/09/22 10:40:20.764, 0, 12288, 11851, 265
2026/09/22 10:40:20.970, 0, 12288, 11851, 265
2026/09/22 10:40:21.176, 0, 12288, 11851, 265
2026/09/22 10:40:21.381, 0, 12288, 11851, 265
2026/09/22 10:40:21.587, 0, 12288, 11851, 265
2026/09/22 10:40:21.792, 0, 12288, 11851, 265
2026/09/22 10:40:21.997, 0, 12288, 11851, 265
2026/09/22 10:40:22.204, 0, 12288, 11851, 265
2026/09/22 10:40:22.411, 0, 12288, 11851, 265
2026/09/22 10:40:22.618, 0, 12288, 11851, 265
2026/09/22 10:40:22.824, 0, 12288, 11851, 265
2026/09/22 10:40:23.028, 0, 12288, 11851, 265
2026/09/22 10:40:23.235, 0, 12288, 11851, 265
2026/09/22 10:40:23.441, 0, 12288, 11851, 265
2026/09/22 10:40:23.645, 0, 12288, 11851, 265
2026/09/22 10:40:23.850, 0, 12288, 11851, 265
2026/09/22 10:40:24.055, 0, 12288, 11851, 265
2026/09/22 10:40:24.260, 0, 12288, 11851, 265
2026/09/22 10:40:24.465, 0, 12288, 11851, 265
2026/09/22 10:40:24.671, 0, 12288, 11851, 265
2026/09/22 10:40:24.875, 0, 12288, 11851, 265
2026/09/22 10:40:25.080, 0, 12288, 11851, 265
2026/09/22 10:40:25.285, 0, 12288, 11851, 265
2026/09/22 10:40:25.491, 0, 12288, 11851, 265
2026/09/22 10:40:25.696, 0, 12288, 11851, 265
2026/09/22 10:40:25.901, 0, 12288, 11851, 265
2026/09/22 10:40:26.107, 0, 12288, 11851, 265
2026/09/22 10:40:26.313, 0, 12288, 11851, 265
2026/09/22 10:40:26.518, 0, 12288, 11851, 265
2026/09/22 10:40:26.725, 0, 12288, 11851, 265
2026/09/22 10:40:26.930, 0, 12288, 11851, 265
2026/09/22 10:40:27.137, 0, 12288, 11851, 265
2026/09/22 10:40:27.342, 0, 12288, 11851, 265
2026/09/22 10:40:27.547, 0, 12288, 11851, 265
2026/09/22 10:40:27.751, 0, 12288, 11851, 265
2026/09/22 10:40:27.955, 0, 12288, 11851, 265
2026/09/22 10:40:28.160, 0, 12288, 11851, 265
2026/09/22 10:40:28.364, 0, 12288, 11851, 265
2026/09/22 10:40:28.571, 0, 12288, 11851, 265
2026/09/22 10:40:28.777, 0, 12288, 11851, 265
2026/09/22 10:40:28.982, 0, 12288, 11851, 265
2026/09/22 10:40:29.189, 0, 12288, 11851, 265
2026/09/22 10:40:29.395, 0, 12288, 11851, 265
2026/09/22 10:40:29.602, 0, 12288, 11851, 265
2026/09/22 10:40:29.809, 0, 12288, 11851, 265
2026/09/22 10:40:30.013, 0, 12288, 11851, 265
2026/09/22 10:40:30.218, 0, 12288, 11851, 265
2026/09/22 10:40:30.422, 0, 12288, 11851, 265
2026/09/22 10:40:30.628, 0, 12288, 11851, 265
2026/09/22 10:40:30.834, 0, 12288, 11851, 265
2026/09/22 10:40:31.039, 0, 12288, 11851, 265
2026/09/22 10:40:31.242, 0, 12288, 11851, 265
2026/09/22 10:40:31.449, 0, 12288, 11851, 265
2026/09/22 10:40:31.655, 0, 12288, 11851, 265
2026/09/22 10:40:31.859, 0, 12288, 11851, 265
2026/09/22 10:40:32.061, 0, 12288, 11851, 265
2026/09/22 10:40:32.265, 0, 12288, 11851, 265
2026/09/22 10:40:32.470, 0, 12288, 11851, 265
2026/09/22 10:40:32.675, 0, 12288, 11851, 265
2026/09/22 10:40:32.881, 0, 12288, 11851, 265
2026/09/22 10:40:33.083, 0, 12288, 11851, 265
2026/09/22 10:40:33.289, 0, 12288, 11851, 265
2026/09/22 10:40:33.493, 0, 12288, 11851, 265
2026/09/22 10:40:33.698, 0, 12288, 11851, 265
2026/09/22 10:40:33.904, 0, 12288, 11851, 265
2026/09/22 10:40:34.108, 0, 12288, 11851, 265
2026/09/22 10:40:34.312, 0, 12288, 11851, 265
2026/09/22 10:40:34.517, 0, 12288, 11851, 265
2026/09/22 10:40:34.722, 0, 12288, 11851, 265
2026/09/22 10:40:34.927, 0, 12288, 11851, 265
2026/09/22 10:40:35.133, 0, 12288, 11851, 265
2026/09/22 10:40:35.340, 0, 12288, 11851, 265
2026/09/22 10:40:35.545, 0, 12288, 11851, 265
2026/09/22 10:40:35.750, 0, 12288, 11851, 265
2026/09/22 10:40:35.958, 0, 12288, 11851, 265
2026/09/22 10:40:36.164, 0, 12288, 11851, 265
2026/09/22 10:40:36.368, 0, 12288, 11851, 265
2026/09/22 10:40:36.574, 0, 12288, 11851, 265
2026/09/22 10:40:36.780, 0, 12288, 11851, 265
2026/09/22 10:40:36.986, 0, 12288, 11851, 265
2026/09/22 10:40:37.192, 0, 12288, 11851, 265
2026/09/22 10:40:37.398, 0, 12288, 11851, 265
2026/09/22 10:40:37.603, 0, 12288, 11851, 265
2026/09/22 10:40:37.809, 0, 12288, 11851, 265
2026/09/22 10:40:38.014, 0, 12288, 11851, 265
2026/09/22 10:40:38.220, 0, 12288, 11851, 265
2026/09/22 10:40:38.426, 0, 12288, 11851, 265
2026/09/22 10:40:38.632, 0, 12288, 11851, 265
2026/09/22 10:40:38.838, 0, 12288, 11851, 265
2026/09/22 10:40:39.042, 0, 12288, 11851, 265
2026/09/22 10:40:39.249, 0, 12288, 11851, 265
2026/09/22 10:40:39.454, 0, 12288, 11851, 265
2026/09/22 10:40:39.658, 0, 12288, 11851, 265
2026/09/22 10:40:39.864, 0, 12288, 11851, 265
2026/09/22 10:40:40.069, 0, 12288, 11851, 265
2026/09/22 10:40:40.276, 0, 12288, 11851, 265
2026/09/22 10:40:40.481, 0, 12288, 11851, 265
2026/09/22 10:40:40.685, 0, 12288, 11851, 265
2026/09/22 10:40:40.891, 0, 12288, 11851, 265
2026/09/22 10:40:41.096, 0, 12288, 11851, 265
2026/09/22 10:40:41.303, 0, 12288, 11851, 265
2026/09/22 10:40:41.508, 0, 12288, 11851, 265
2026/09/22 10:40:41.714, 0, 12288, 11851, 265
2026/09/22 10:40:41.918, 0, 12288, 11851, 265
2026/09/22 10:40:42.123, 0, 12288, 11851, 265
2026/09/22 10:40:42.329, 0, 12288, 11851, 265
2026/09/22 10:40:42.533, 0, 12288, 11851, 265
2026/09/22 10:40:42.740, 0, 12288, 11851, 265
2026/09/22 10:40:42.945, 0, 12288, 11851, 265
2026/09/22 10:40:43.152, 0, 12288, 11851, 265
2026/09/22 10:40:43.357, 0, 12288, 11851, 265
2026/09/22 10:40:43.564, 0, 12288, 11851, 265
2026/09/22 10:40:43.769, 0, 12288, 11851, 265
2026/09/22 10:40:43.975, 0, 12288, 11851, 265
2026/09/22 10:40:44.181, 0, 12288, 11851, 265
2026/09/22 10:40:44.388, 0, 12288, 11851, 265
2026/09/22 10:40:44.595, 0, 12288, 11851, 265
2026/09/22 10:40:44.800, 0, 12288, 11851, 265
2026/09/22 10:40:45.004, 0, 12288, 11851, 265
2026/09/22 10:40:45.211, 0, 12288, 11851, 265
2026/09/22 10:40:45.416, 0, 12288, 11851, 265
2026/09/22 10:40:45.621, 0, 12288, 11851, 265
2026/09/22 10:40:45.827, 0, 12288, 11851, 265
2026/09/22 10:40:46.032, 0, 12288, 11851, 265
2026/09/22 10:40:46.238, 0, 12288, 11851, 265
2026/09/22 10:40:46.444, 0, 12288, 11851, 265
2026/09/22 10:40:46.650, 0, 12288, 11851, 265
2026/09/22 10:40:46.856, 0, 12288, 11851, 265
2026/09/22 10:40:47.062, 0, 12288, 11851, 265
2026/09/22 10:40:47.266, 0, 12288, 11851, 265
2026/09/22 10:40:47.473, 0, 12288, 11851, 265
2026/09/22 10:40:47.679, 0, 12288, 11851, 265
2026/09/22 10:40:47.883, 0, 12288, 11851, 265
2026/09/22 10:40:48.088, 0, 12288, 11851, 265
2026/09/22 10:40:48.294, 0, 12288, 11851, 265
2026/09/22 10:40:48.498, 0, 12288, 11851, 265
2026/09/22 10:40:48.706, 0, 12288, 11851, 265
2026/09/22 10:40:48.912, 0, 12288, 11851, 265
2026/09/22 10:40:49.116, 0, 12288, 11851, 265
2026/09/22 10:40:49.335, 0, 12288, 11851, 265
2026/09/22 10:40:49.541, 0, 12288, 11851, 265
2026/09/22 10:40:49.746, 0, 12288, 11851, 265
2026/09/22 10:40:49.951, 0, 12288, 11851, 265
2026/09/22 10:40:50.156, 0, 12288, 11851, 265
2026/09/22 10:40:50.361, 0, 12288, 11851, 265
2026/09/22 10:40:50.568, 0, 12288, 11851, 265
2026/09/22 10:40:50.774, 0, 12288, 11851, 265
2026/09/22 10:40:50.980, 0, 12288, 11851, 265
2026/09/22 10:40:51.186, 0, 12288, 11851, 265
2026/09/22 10:40:51.392, 0, 12288, 11851, 265
2026/09/22 10:40:51.599, 0, 12288, 11851, 265
2026/09/22 10:40:51.806, 0, 12288, 11851, 265
2026/09/22 10:40:52.011, 0, 12288, 11851, 265
2026/09/22 10:40:52.217, 0, 12288, 11851, 265
2026/09/22 10:40:52.420, 0, 12288, 11851, 265
2026/09/22 10:40:52.625, 0, 12288, 11851, 265
2026/09/22 10:40:52.831, 0, 12288, 11851, 265
2026/09/22 10:40:53.035, 0, 12288, 11851, 265
2026/09/22 10:40:53.239, 0, 12288, 11851, 265
2026/09/22 10:40:53.444, 0, 12288, 11851, 265
2026/09/22 10:40:53.651, 0, 12288, 11851, 265
2026/09/22 10:40:53.857, 0, 12288, 11851, 265
2026/09/22 10:40:54.062, 0, 12288, 11851, 265
2026/09/22 10:40:54.268, 0, 12288, 11851, 265
2026/09/22 10:40:54.475, 0, 12288, 11851, 265
2026/09/22 10:40:54.680, 0, 12288, 11851, 265
2026/09/22 10:40:54.885, 0, 12288, 11851, 265
2026/09/22 10:40:55.091, 0, 12288, 11851, 265
2026/09/22 10:40:55.296, 0, 12288, 11851, 265
2026/09/22 10:40:55.502, 0, 12288, 11851, 265
2026/09/22 10:40:55.708, 0, 12288, 11851, 265
2026/09/22 10:40:55.914, 0, 12288, 11851, 265
2026/09/22 10:40:56.120, 0, 12288, 11851, 265
2026/09/22 10:40:56.325, 0, 12288, 11851, 265
2026/09/22 10:40:56.528, 0, 12288, 11851, 265
2026/09/22 10:40:56.731, 0, 12288, 11851, 265
2026/09/22 10:40:56.934, 0, 12288, 11851, 265
2026/09/22 10:40:57.139, 0, 12288, 11851, 265
2026/09/22 10:40:57.344, 0, 12288, 11851, 265
2026/09/22 10:40:57.548, 0, 12288, 11851, 265
2026/09/22 10:40:57.754, 0, 12288, 11851, 265
2026/09/22 10:40:57.959, 0, 12288, 11851, 265
2026/09/22 10:40:58.165, 0, 12288, 11851, 265
2026/09/22 10:40:58.371, 0, 12288, 11851, 265
2026/09/22 10:40:58.577, 0, 12288, 11851, 265
2026/09/22 10:40:58.783, 0, 12288, 11851, 265
2026/09/22 10:40:58.987, 0, 12288, 11851, 265
2026/09/22 10:40:59.193, 0, 12288, 11851, 265
2026/09/22 10:40:59.398, 0, 12288, 11851, 265
2026/09/22 10:40:59.604, 0, 12288, 11851, 265
2026/09/22 10:40:59.810, 0, 12288, 11851, 265
2026/09/22 10:41:00.014, 0, 12288, 11851, 265
2026/09/22 10:41:00.218, 0, 12288, 11851, 265
2026/09/22 10:41:00.424, 0, 12288, 11851, 265
2026/09/22 10:41:00.629, 0, 12288, 11851, 265
2026/09/22 10:41:00.834, 0, 12288, 11851, 265
2026/09/22 10:41:01.040, 0, 12288, 11851, 265
2026/09/22 10:41:01.245, 0, 12288, 11851, 265
2026/09/22 10:41:01.450, 0, 12288, 11851, 265
2026/09/22 10:41:01.656, 0, 12288, 11851, 265
2026/09/22 10:41:01.859, 0, 12288, 11851, 265
2026/09/22 10:41:02.065, 0, 12288, 11851, 265
2026/09/22 10:41:02.272, 0, 12288, 11851, 265
2026/09/22 10:41:02.478, 0, 12288, 11851, 265
2026/09/22 10:41:02.684, 0, 12288, 11851, 265
2026/09/22 10:41:02.890, 0, 12288, 11851, 265
2026/09/22 10:41:03.096, 0, 12288, 11851, 265
2026/09/22 10:41:03.300, 0, 12288, 11851, 265
2026/09/22 10:41:03.505, 0, 12288, 11851, 265
2026/09/22 10:41:03.711, 0, 12288, 11851, 265
2026/09/22 10:41:03.917, 0, 12288, 11851, 265
2026/09/22 10:41:04.123, 0, 12288, 11851, 265
2026/09/22 10:41:04.329, 0, 12288, 11851, 265
2026/09/22 10:41:04.534, 0, 12288, 11851, 265
2026/09/22 10:41:04.740, 0, 12288, 11851, 265
2026/09/22 10:41:04.945, 0, 12288, 11851, 265
2026/09/22 10:41:05.149, 0, 12288, 11851, 265
2026/09/22 10:41:05.355, 0, 12288, 11851, 265
2026/09/22 10:41:05.559, 0, 12288, 11851, 265
2026/09/22 10:41:05.764, 0, 12288, 11851, 265
2026/09/22 10:41:05.969, 0, 12288, 11851, 265
2026/09/22 10:41:06.175, 0, 12288, 11851, 265
2026/09/22 10:41:06.379, 0, 12288, 11851, 265
2026/09/22 10:41:06.584, 0, 12288, 11851, 265
2026/09/22 10:41:06.791, 0, 12288, 11851, 265
2026/09/22 10:41:06.997, 0, 12288, 11851, 265
2026/09/22 10:41:07.203, 0, 12288, 11851, 265
2026/09/22 10:41:07.407, 0, 12288, 11851, 265
2026/09/22 10:41:07.612, 0, 12288, 11851, 265
2026/09/22 10:41:07.818, 0, 12288, 11851, 265
2026/09/22 10:41:08.023, 0, 12288, 11851, 265
2026/09/22 10:41:08.230, 0, 12288, 11851, 265
2026/09/22 10:41:08.435, 0, 12288, 11851, 265
2026/09/22 10:41:08.640, 0, 12288, 11851, 265
2026/09/22 10:41:08.843, 0, 12288, 11851, 265
2026/09/22 10:41:09.048, 0, 12288, 11851, 265
2026/09/22 10:41:09.253, 0, 12288, 11851, 265
2026/09/22 10:41:09.459, 0, 12288, 11851, 265
2026/09/22 10:41:09.665, 0, 12288, 11851, 265
2026/09/22 10:41:09.872, 0, 12288, 11851, 265
2026/09/22 10:41:10.079, 0, 12288, 11851, 265
2026/09/22 10:41:10.286, 0, 12288, 11851, 265
2026/09/22 10:41:10.492, 0, 12288, 11851, 265
2026/09/22 10:41:10.697, 0, 12288, 11851, 265
2026/09/22 10:41:10.902, 0, 12288, 11851, 265
2026/09/22 10:41:11.110, 0, 12288, 11851, 265
2026/09/22 10:41:11.312, 0, 12288, 11851, 265
2026/09/22 10:41:11.518, 0, 12288, 11851, 265
2026/09/22 10:41:11.721, 0, 12288, 11851, 265
2026/09/22 10:41:11.928, 0, 12288, 11851, 265
2026/09/22 10:41:12.135, 0, 12288, 11851, 265
2026/09/22 10:41:12.340, 0, 12288, 11851, 265
2026/09/22 10:41:12.545, 0, 12288, 11851, 265
2026/09/22 10:41:12.750, 0, 12288, 11851, 265
2026/09/22 10:41:12.954, 0, 12288, 11851, 265
2026/09/22 10:41:13.160, 0, 12288, 11851, 265
2026/09/22 10:41:13.364, 0, 12288, 11851, 265
2026/09/22 10:41:13.570, 0, 12288, 11851, 265
2026/09/22 10:41:13.775, 0, 12288, 11851, 265
2026/09/22 10:41:13.981, 0, 12288, 11851, 265
2026/09/22 10:41:14.187, 0, 12288, 11851, 265
2026/09/22 10:41:14.394, 0, 12288, 11851, 265
2026/09/22 10:41:14.598, 0, 12288, 11851, 265
2026/09/22 10:41:14.805, 0, 12288, 11851, 265
2026/09/22 10:41:15.011, 0, 12288, 11851, 265
2026/09/22 10:41:15.218, 0, 12288, 11851, 265
2026/09/22 10:41:15.424, 0, 12288, 11851, 265
2026/09/22 10:41:15.629, 0, 12288, 11851, 265
2026/09/22 10:41:15.835, 0, 12288, 11851, 265
2026/09/22 10:41:16.042, 0, 12288, 11851, 265
2026/09/22 10:41:16.249, 0, 12288, 11851, 265
2026/09/22 10:41:16.454, 0, 12288, 11851, 265
2026/09/22 10:41:16.660, 0, 12288, 11851, 265
2026/09/22 10:41:16.865, 0, 12288, 11851, 265
2026/09/22 10:41:17.069, 0, 12288, 11851, 265
2026/09/22 10:41:17.275, 0, 12288, 11851, 265
2026/09/22 10:41:17.480, 0, 12288, 11851, 265
2026/09/22 10:41:17.685, 0, 12288, 11851, 265
2026/09/22 10:41:17.891, 0, 12288, 11851, 265
2026/09/22 10:41:18.095, 0, 12288, 11851, 265
2026/09/22 10:41:18.300, 0, 12288, 11851, 265
2026/09/22 10:41:18.503, 0, 12288, 11851, 265
2026/09/22 10:41:18.709, 0, 12288, 11851, 265
2026/09/22 10:41:18.915, 0, 12288, 11851, 265
2026/09/22 10:41:19.120, 0, 12288, 11851, 265
2026/09/22 10:41:19.327, 0, 12288, 11851, 265
2026/09/22 10:41:19.533, 0, 12288, 11851, 265
2026/09/22 10:41:19.738, 0, 12288, 11851, 265
2026/09/22 10:41:19.943, 0, 12288, 11851, 265
2026/09/22 10:41:20.149, 0, 12288, 11851, 265
2026/09/22 10:41:20.352, 0, 12288, 11851, 265
2026/09/22 10:41:20.557, 0, 12288, 11851, 265
2026/09/22 10:41:20.760, 0, 12288, 11851, 265
2026/09/22 10:41:20.965, 0, 12288, 11851, 265
2026/09/22 10:41:21.172, 0, 12288, 11851, 265
2026/09/22 10:41:21.376, 0, 12288, 11851, 265
2026/09/22 10:41:21.583, 0, 12288, 11851, 265
2026/09/22 10:41:21.789, 0, 12288, 11851, 265
2026/09/22 10:41:21.994, 0, 12288, 11851, 265
2026/09/22 10:41:22.201, 0, 12288, 11851, 265
2026/09/22 10:41:22.407, 0, 12288, 11851, 265
2026/09/22 10:41:22.612, 0, 12288, 11851, 265
2026/09/22 10:41:22.818, 0, 12288, 11851, 265
2026/09/22 10:41:23.022, 0, 12288, 11851, 265
2026/09/22 10:41:23.227, 0, 12288, 11851, 265
2026/09/22 10:41:23.430, 0, 12288, 11851, 265
2026/09/22 10:41:23.638, 0, 12288, 11851, 265
2026/09/22 10:41:23.841, 0, 12288, 11851, 265
2026/09/22 10:41:24.048, 0, 12288, 11851, 265
2026/09/22 10:41:24.254, 0, 12288, 11851, 265
2026/09/22 10:41:24.461, 0, 12288, 11851, 265
2026/09/22 10:41:24.663, 0, 12288, 11851, 265
2026/09/22 10:41:24.870, 0, 12288, 11851, 265
2026/09/22 10:41:25.074, 0, 12288, 11851, 265
2026/09/22 10:41:25.279, 0, 12288, 11851, 265
2026/09/22 10:41:25.482, 0, 12288, 11851, 265
2026/09/22 10:41:25.686, 0, 12288, 11851, 265
2026/09/22 10:41:25.892, 0, 12288, 11851, 265
2026/09/22 10:41:26.097, 0, 12288, 11851, 265
2026/09/22 10:41:26.302, 0, 12288, 11851, 265
2026/09/22 10:41:26.508, 0, 12288, 11851, 265
2026/09/22 10:41:26.712, 0, 12288, 11851, 265
2026/09/22 10:41:26.919, 0, 12288, 11851, 265
2026/09/22 10:41:27.123, 0, 12288, 11851, 265
2026/09/22 10:41:27.328, 0, 12288, 11851, 265
2026/09/22 10:41:27.533, 0, 12288, 11851, 265
2026/09/22 10:41:27.739, 0, 12288, 11851, 265
2026/09/22 10:41:27.945, 0, 12288, 11851, 265
2026/09/22 10:41:28.151, 0, 12288, 11851, 265
2026/09/22 10:41:28.354, 0, 12288, 11851, 265
2026/09/22 10:41:28.559, 0, 12288, 11851, 265
2026/09/22 10:41:28.766, 0, 12288, 11851, 265
2026/09/22 10:41:28.969, 0, 12288, 11851, 265
2026/09/22 10:41:29.175, 0, 12288, 11851, 265
2026/09/22 10:41:29.381, 0, 12288, 11851, 265
2026/09/22 10:41:29.586, 0, 12288, 11851, 265
2026/09/22 10:41:29.791, 0, 12288, 11851, 265
2026/09/22 10:41:29.996, 0, 12288, 11851, 265
2026/09/22 10:41:30.203, 0, 12288, 11851, 265
2026/09/22 10:41:30.406, 0, 12288, 11851, 265
2026/09/22 10:41:30.613, 0, 12288, 11851, 265
2026/09/22 10:41:30.820, 0, 12288, 11851, 265
2026/09/22 10:41:31.028, 0, 12288, 11851, 265
2026/09/22 10:41:31.234, 0, 12288, 11851, 265
2026/09/22 10:41:31.438, 0, 12288, 11851, 265
2026/09/22 10:41:31.644, 0, 12288, 11851, 265
2026/09/22 10:41:31.849, 0, 12288, 11851, 265
2026/09/22 10:41:32.055, 0, 12288, 11851, 265
2026/09/22 10:41:32.257, 0, 12288, 11851, 265
2026/09/22 10:41:32.461, 0, 12288, 11851, 265
2026/09/22 10:41:32.668, 0, 12288, 11851, 265
2026/09/22 10:41:32.872, 0, 12288, 11851, 265
2026/09/22 10:41:33.078, 0, 12288, 11851, 265
2026/09/22 10:41:33.281, 0, 12288, 11851, 265
2026/09/22 10:41:33.486, 0, 12288, 11851, 265
2026/09/22 10:41:33.691, 0, 12288, 11851, 265
2026/09/22 10:41:33.896, 0, 12288, 11851, 265
2026/09/22 10:41:34.101, 0, 12288, 11851, 265
2026/09/22 10:41:34.306, 0, 12288, 11851, 265
2026/09/22 10:41:34.510, 0, 12288, 11851, 265
2026/09/22 10:41:34.715, 0, 12288, 11851, 265
2026/09/22 10:41:34.920, 0, 12288, 11851, 265
2026/09/22 10:41:35.125, 0, 12288, 11851, 265
2026/09/22 10:41:35.330, 0, 12288, 11851, 265
2026/09/22 10:41:35.535, 0, 12288, 11851, 265
2026/09/22 10:41:35.739, 0, 12288, 11851, 265
2026/09/22 10:41:35.946, 0, 12288, 11851, 265
2026/09/22 10:41:36.146, 0, 12288, 11851, 265
2026/09/22 10:41:36.350, 0, 12288, 11851, 265
2026/09/22 10:41:36.557, 0, 12288, 11851, 265
2026/09/22 10:41:36.759, 0, 12288, 11851, 265
2026/09/22 10:41:36.963, 0, 12288, 11851, 265
2026/09/22 10:41:37.169, 0, 12288, 11851, 265
2026/09/22 10:41:37.375, 0, 12288, 11851, 265
2026/09/22 10:41:37.579, 0, 12288, 11851, 265
2026/09/22 10:41:37.785, 0, 12288, 11851, 265
2026/09/22 10:41:37.990, 0, 12288, 11851, 265
2026/09/22 10:41:38.196, 0, 12288, 11851, 265
2026/09/22 10:41:38.401, 0, 12288, 11851, 265
2026/09/22 10:41:38.608, 0, 12288, 11851, 265
2026/09/22 10:41:38.814, 0, 12288, 11851, 265
2026/09/22 10:41:39.019, 0, 12288, 11851, 265
2026/09/22 10:41:39.225, 0, 12288, 11851, 265
2026/09/22 10:41:39.430, 0, 12288, 11851, 265
2026/09/22 10:41:39.636, 0, 12288, 11851, 265
2026/09/22 10:41:39.841, 0, 12288, 11851, 265
2026/09/22 10:41:40.049, 0, 12288, 11851, 265
2026/09/22 10:41:40.256, 0, 12288, 11851, 265
2026/09/22 10:41:40.463, 0, 12288, 11851, 265
2026/09/22 10:41:40.670, 0, 12288, 11851, 265
2026/09/22 10:41:40.877, 0, 12288, 11851, 265
2026/09/22 10:41:41.082, 0, 12288, 11851, 265
2026/09/22 10:41:41.285, 0, 12288, 11851, 265
2026/09/22 10:41:41.489, 0, 12288, 11851, 265
2026/09/22 10:41:41.695, 0, 12288, 11851, 265
2026/09/22 10:41:41.899, 0, 12288, 11851, 265
2026/09/22 10:41:42.104, 0, 12288, 11851, 265
2026/09/22 10:41:42.310, 0, 12288, 11851, 265
2026/09/22 10:41:42.517, 0, 12288, 11851, 265
2026/09/22 10:41:42.724, 0, 12288, 11851, 265
2026/09/22 10:41:42.929, 0, 12288, 11851, 265
2026/09/22 10:41:43.134, 0, 12288, 11851, 265
2026/09/22 10:41:43.339, 0, 12288, 11851, 265
2026/09/22 10:41:43.545, 0, 12288, 11851, 265
2026/09/22 10:41:43.751, 0, 12288, 11851, 265
2026/09/22 10:41:43.954, 0, 12288, 11851, 265
2026/09/22 10:41:44.160, 0, 12288, 11851, 265
2026/09/22 10:41:44.363, 0, 12288, 11851, 265
2026/09/22 10:41:44.568, 0, 12288, 11851, 265
2026/09/22 10:41:44.774, 0, 12288, 11851, 265
2026/09/22 10:41:44.976, 0, 12288, 11851, 265
2026/09/22 10:41:45.181, 0, 12288, 11851, 265
2026/09/22 10:41:45.385, 0, 12288, 11851, 265
2026/09/22 10:41:45.590, 0, 12288, 11851, 265
2026/09/22 10:41:45.795, 0, 12288, 11851, 265
2026/09/22 10:41:46.002, 0, 12288, 11851, 265
2026/09/22 10:41:46.206, 0, 12288, 11851, 265
2026/09/22 10:41:46.412, 0, 12288, 11851, 265
2026/09/22 10:41:46.617, 0, 12288, 11851, 265
2026/09/22 10:41:46.821, 0, 12288, 11851, 265
2026/09/22 10:41:47.022, 0, 12288, 11851, 265
2026/09/22 10:41:47.226, 0, 12288, 11851, 265
2026/09/22 10:41:47.431, 0, 12288, 11851, 265
2026/09/22 10:41:47.636, 0, 12288, 11851, 265
2026/09/22 10:41:47.840, 0, 12288, 11851, 265
2026/09/22 10:41:48.040, 0, 12288, 11851, 265
2026/09/22 10:41:48.247, 0, 12288, 11851, 265
2026/09/22 10:41:48.452, 0, 12288, 11851, 265
2026/09/22 10:41:48.657, 0, 12288, 11851, 265
2026/09/22 10:41:48.859, 0, 12288, 11851, 265
2026/09/22 10:41:49.062, 0, 12288, 11851, 265
2026/09/22 10:41:49.266, 0, 12288, 11851, 265
2026/09/22 10:41:49.470, 0, 12288, 11851, 265
2026/09/22 10:41:49.676, 0, 12288, 11851, 265
2026/09/22 10:41:49.882, 0, 12288, 11851, 265
2026/09/22 10:41:50.088, 0, 12288, 11851, 265
2026/09/22 10:41:50.294, 0, 12288, 11851, 265
2026/09/22 10:41:50.501, 0, 12288, 11851, 265
2026/09/22 10:41:50.706, 0, 12288, 11851, 265
2026/09/22 10:41:50.909, 0, 12288, 11851, 265
2026/09/22 10:41:51.115, 0, 12288, 11851, 265
2026/09/22 10:41:51.319, 0, 12288, 11851, 265
2026/09/22 10:41:51.522, 0, 12288, 11851, 265
2026/09/22 10:41:51.728, 0, 12288, 11851, 265
2026/09/22 10:41:51.933, 0, 12288, 11851, 265
2026/09/22 10:41:52.136, 0, 12288, 11851, 265
2026/09/22 10:41:52.341, 0, 12288, 11851, 265
2026/09/22 10:41:52.547, 0, 12288, 11851, 265
2026/09/22 10:41:52.750, 0, 12288, 11851, 265
2026/09/22 10:41:52.954, 0, 12288, 11851, 265
2026/09/22 10:41:53.160, 0, 12288, 11851, 265
2026/09/22 10:41:53.363, 0, 12288, 11851, 265
2026/09/22 10:41:53.570, 0, 12288, 11851, 265
2026/09/22 10:41:53.774, 0, 12288, 11851, 265
2026/09/22 10:41:53.976, 0, 12288, 11851, 265
2026/09/22 10:41:54.182, 0, 12288, 11851, 265
2026/09/22 10:41:54.387, 0, 12288, 11851, 265
2026/09/22 10:41:54.590, 0, 12288, 11851, 265
2026/09/22 10:41:54.797, 0, 12288, 11851, 265
2026/09/22 10:41:54.999, 0, 12288, 11851, 265
2026/09/22 10:41:55.203, 0, 12288, 11851, 265
2026/09/22 10:41:55.409, 0, 12288, 11851, 265
2026/09/22 10:41:55.612, 0, 12288, 11851, 265
2026/09/22 10:41:55.816, 0, 12288, 11851, 265
2026/09/22 10:41:56.021, 0, 12288, 11851, 265
2026/09/22 10:41:56.223, 0, 12288, 11851, 265
2026/09/22 10:41:56.427, 0, 12288, 11851, 265
2026/09/22 10:41:56.632, 0, 12288, 11851, 265
2026/09/22 10:41:56.836, 0, 12288, 11851, 265
2026/09/22 10:41:57.040, 0, 12288, 11851, 265
2026/09/22 10:41:57.244, 0, 12288, 11851, 265
2026/09/22 10:41:57.448, 0, 12288, 11851, 265
2026/09/22 10:41:57.653, 0, 12288, 11851, 265
2026/09/22 10:41:57.860, 0, 12288, 11851, 265
2026/09/22 10:41:58.065, 0, 12288, 11851, 265
2026/09/22 10:41:58.272, 0, 12288, 11851, 265
2026/09/22 10:41:58.476, 0, 12288, 11851, 265
2026/09/22 10:41:58.682, 0, 12288, 11851, 265
2026/09/22 10:41:58.886, 0, 12288, 11851, 265
2026/09/22 10:41:59.089, 0, 12288, 11851, 265
2026/09/22 10:41:59.293, 0, 12288, 11851, 265
2026/09/22 10:41:59.496, 0, 12288, 11851, 265
2026/09/22 10:41:59.701, 0, 12288, 11851, 265
2026/09/22 10:41:59.906, 0, 12288, 11851, 265
2026/09/22 10:42:00.108, 0, 12288, 11851, 265
2026/09/22 10:42:00.310, 0, 12288, 11851, 265
2026/09/22 10:42:00.514, 0, 12288, 11851, 265
2026/09/22 10:42:00.718, 0, 12288, 11851, 265
2026/09/22 10:42:00.921, 0, 12288, 11851, 265
2026/09/22 10:42:01.125, 0, 12288, 11851, 265
2026/09/22 10:42:01.328, 0, 12288, 11851, 265
2026/09/22 10:42:01.535, 0, 12288, 11851, 265
2026/09/22 10:42:01.741, 0, 12288, 11851, 265
2026/09/22 10:42:01.946, 0, 12288, 11851, 265
2026/09/22 10:42:02.152, 0, 12288, 11851, 265
2026/09/22 10:42:02.356, 0, 12288, 11851, 265
2026/09/22 10:42:02.561, 0, 12288, 11851, 265
2026/09/22 10:42:02.765, 0, 12288, 11851, 265
2026/09/22 10:42:02.967, 0, 12288, 11851, 265
2026/09/22 10:42:03.170, 0, 12288, 11851, 265
2026/09/22 10:42:03.372, 0, 12288, 11851, 265
2026/09/22 10:42:03.576, 0, 12288, 11851, 265
2026/09/22 10:42:03.780, 0, 12288, 11851, 265
2026/09/22 10:42:03.983, 0, 12288, 11851, 265
2026/09/22 10:42:04.188, 0, 12288, 11851, 265
2026/09/22 10:42:04.392, 0, 12288, 11851, 265
2026/09/22 10:42:04.597, 0, 12288, 11851, 265
2026/09/22 10:42:04.801, 0, 12288, 11851, 265
2026/09/22 10:42:05.005, 0, 12288, 11851, 265
2026/09/22 10:42:05.209, 0, 12288, 11851, 265
2026/09/22 10:42:05.413, 0, 12288, 11851, 265
2026/09/22 10:42:05.617, 0, 12288, 11851, 265
2026/09/22 10:42:05.824, 0, 12288, 11851, 265
2026/09/22 10:42:06.029, 0, 12288, 11851, 265
2026/09/22 10:42:06.234, 0, 12288, 11851, 265
2026/09/22 10:42:06.439, 0, 12288, 11851, 265
2026/09/22 10:42:06.646, 0, 12288, 11851, 265
2026/09/22 10:42:06.853, 0, 12288, 11851, 265
2026/09/22 10:42:07.058, 0, 12288, 11851, 265
2026/09/22 10:42:07.264, 0, 12288, 11851, 265
2026/09/22 10:42:07.469, 0, 12288, 11851, 265
2026/09/22 10:42:07.672, 0, 12288, 11851, 265
2026/09/22 10:42:07.876, 0, 12288, 11851, 265
2026/09/22 10:42:08.078, 0, 12288, 11851, 265
2026/09/22 10:42:08.281, 0, 12288, 11851, 265
2026/09/22 10:42:08.484, 0, 12288, 11851, 265
2026/09/22 10:42:08.687, 0, 12288, 11851, 265
2026/09/22 10:42:08.894, 0, 12288, 11851, 265
2026/09/22 10:42:09.099, 0, 12288, 11851, 265
2026/09/22 10:42:09.305, 0, 12288, 11851, 265
2026/09/22 10:42:09.513, 0, 12288, 11851, 265
2026/09/22 10:42:09.718, 0, 12288, 11851, 265
2026/09/22 10:42:09.922, 0, 12288, 11851, 265
2026/09/22 10:42:10.126, 0, 12288, 11851, 265
2026/09/22 10:42:10.332, 0, 12288, 11851, 265
2026/09/22 10:42:10.537, 0, 12288, 11851, 265
2026/09/22 10:42:10.744, 0, 12288, 11851, 265
2026/09/22 10:42:10.950, 0, 12288, 11851, 265
2026/09/22 10:42:11.156, 0, 12288, 11851, 265
2026/09/22 10:42:11.361, 0, 12288, 11851, 265
2026/09/22 10:42:11.566, 0, 12288, 11851, 265
2026/09/22 10:42:11.773, 0, 12288, 11851, 265
2026/09/22 10:42:11.981, 0, 12288, 11851, 265
2026/09/22 10:42:12.186, 0, 12288, 11851, 265
2026/09/22 10:42:12.393, 0, 12288, 11851, 265
2026/09/22 10:42:12.599, 0, 12288, 11851, 265
2026/09/22 10:42:12.806, 0, 12288, 11851, 265
2026/09/22 10:42:13.008, 0, 12288, 11851, 265
2026/09/22 10:42:13.216, 0, 12288, 11851, 265
2026/09/22 10:42:13.422, 0, 12288, 11851, 265
2026/09/22 10:42:13.627, 0, 12288, 11851, 265
2026/09/22 10:42:13.833, 0, 12288, 11851, 265
2026/09/22 10:42:14.036, 0, 12288, 11851, 265
2026/09/22 10:42:14.241, 0, 12288, 11851, 265
2026/09/22 10:42:14.447, 0, 12288, 11851, 265
2026/09/22 10:42:14.651, 0, 12288, 11851, 265
2026/09/22 10:42:14.855, 0, 12288, 11851, 265
2026/09/22 10:42:15.060, 0, 12288, 11851, 265
2026/09/22 10:42:15.265, 0, 12288, 11851, 265
2026/09/22 10:42:15.468, 0, 12288, 11851, 265
2026/09/22 10:42:15.673, 0, 12288, 11851, 265
2026/09/22 10:42:15.875, 0, 12288, 11851, 265
2026/09/22 10:42:16.080, 0, 12288, 11851, 265
2026/09/22 10:42:16.285, 0, 12288, 11851, 265
2026/09/22 10:42:16.490, 0, 12288, 11851, 265
2026/09/22 10:42:16.696, 0, 12288, 11851, 265
2026/09/22 10:42:16.902, 0, 12288, 11851, 265
2026/09/22 10:42:17.108, 0, 12288, 11851, 265
2026/09/22 10:42:17.314, 0, 12288, 11851, 265
2026/09/22 10:42:17.518, 0, 12288, 11851, 265
2026/09/22 10:42:17.724, 0, 12288, 11851, 265
2026/09/22 10:42:17.929, 0, 12288, 11851, 265
2026/09/22 10:42:18.133, 0, 12288, 11851, 265
2026/09/22 10:42:18.340, 0, 12288, 11851, 265
2026/09/22 10:42:18.544, 0, 12288, 11851, 265
2026/09/22 10:42:18.751, 0, 12288, 11851, 265
2026/09/22 10:42:18.956, 0, 12288, 11851, 265
2026/09/22 10:42:19.163, 0, 12288, 11851, 265
2026/09/22 10:42:19.369, 0, 12288, 11851, 265
2026/09/22 10:42:19.575, 0, 12288, 11851, 265
2026/09/22 10:42:19.780, 0, 12288, 11851, 265
2026/09/22 10:42:19.986, 0, 12288, 11851, 265
2026/09/22 10:42:20.193, 0, 12288, 11851, 265
2026/09/22 10:42:20.396, 0, 12288, 11851, 265
2026/09/22 10:42:20.602, 0, 12288, 11851, 265
2026/09/22 10:42:20.809, 0, 12288, 11851, 265
2026/09/22 10:42:21.015, 0, 12288, 11851, 265
2026/09/22 10:42:21.220, 0, 12288, 11851, 265
2026/09/22 10:42:21.425, 0, 12288, 11851, 265
2026/09/22 10:42:21.631, 0, 12288, 11851, 265
2026/09/22 10:42:21.835, 0, 12288, 11851, 265
2026/09/22 10:42:22.040, 0, 12288, 11851, 265
2026/09/22 10:42:22.245, 0, 12288, 11851, 265
2026/09/22 10:42:22.451, 0, 12288, 11851, 265
2026/09/22 10:42:22.656, 0, 12288, 11851, 265
2026/09/22 10:42:22.862, 0, 12288, 11851, 265
2026/09/22 10:42:23.069, 0, 12288, 11851, 265
2026/09/22 10:42:23.274, 0, 12288, 11851, 265
2026/09/22 10:42:23.481, 0, 12288, 11851, 265
2026/09/22 10:42:23.687, 0, 12288, 11851, 265
2026/09/22 10:42:23.893, 0, 12288, 11851, 265
2026/09/22 10:42:24.099, 0, 12288, 11851, 265
2026/09/22 10:42:24.304, 0, 12288, 11851, 265
2026/09/22 10:42:24.507, 0, 12288, 11851, 265
2026/09/22 10:42:24.713, 0, 12288, 11851, 265
2026/09/22 10:42:24.919, 0, 12288, 11851, 265
2026/09/22 10:42:25.125, 0, 12288, 11851, 265
2026/09/22 10:42:25.331, 0, 12288, 11851, 265
2026/09/22 10:42:25.537, 0, 12288, 11851, 265
2026/09/22 10:42:25.743, 0, 12288, 11851, 265
2026/09/22 10:42:25.948, 0, 12288, 11851, 265
2026/09/22 10:42:26.154, 0, 12288, 11851, 265
2026/09/22 10:42:26.361, 0, 12288, 11851, 265
2026/09/22 10:42:26.568, 0, 12288, 11851, 265
2026/09/22 10:42:26.774, 0, 12288, 11851, 265
2026/09/22 10:42:26.978, 0, 12288, 11851, 265
2026/09/22 10:42:27.184, 0, 12288, 11851, 265
2026/09/22 10:42:27.389, 0, 12288, 11851, 265
2026/09/22 10:42:27.598, 0, 12288, 11851, 265
2026/09/22 10:42:27.804, 0, 12288, 11851, 265
2026/09/22 10:42:28.009, 0, 12288, 11851, 265
2026/09/22 10:42:28.215, 0, 12288, 11851, 265
2026/09/22 10:42:28.417, 0, 12288, 11851, 265
2026/09/22 10:42:28.623, 0, 12288, 11851, 265
2026/09/22 10:42:28.828, 0, 12288, 11851, 265
2026/09/22 10:42:29.033, 0, 12288, 11851, 265
2026/09/22 10:42:29.238, 0, 12288, 11851, 265
2026/09/22 10:42:29.441, 0, 12288, 11851, 265
2026/09/22 10:42:29.646, 0, 12288, 11851, 265
2026/09/22 10:42:29.851, 0, 12288, 11851, 265
2026/09/22 10:42:30.055, 0, 12288, 11851, 265
2026/09/22 10:42:30.262, 0, 12288, 11851, 265
2026/09/22 10:42:30.468, 0, 12288, 11851, 265
2026/09/22 10:42:30.674, 0, 12288, 11851, 265
2026/09/22 10:42:30.879, 0, 12288, 11851, 265
2026/09/22 10:42:31.085, 0, 12288, 11851, 265
2026/09/22 10:42:31.288, 0, 12288, 11851, 265
2026/09/22 10:42:31.495, 0, 12288, 11851, 265
2026/09/22 10:42:31.701, 0, 12288, 11851, 265
2026/09/22 10:42:31.907, 0, 12288, 11851, 265
2026/09/22 10:42:32.111, 0, 12288, 11851, 265
2026/09/22 10:42:32.314, 0, 12288, 11851, 265
2026/09/22 10:42:32.518, 0, 12288, 11851, 265
2026/09/22 10:42:32.725, 0, 12288, 11851, 265
2026/09/22 10:42:32.945, 0, 12288, 11851, 265
2026/09/22 10:42:33.152, 0, 12288, 11851, 265
2026/09/22 10:42:33.356, 0, 12288, 11851, 265
2026/09/22 10:42:33.562, 0, 12288, 11851, 265
2026/09/22 10:42:33.770, 0, 12288, 11851, 265
2026/09/22 10:42:33.977, 0, 12288, 11851, 265
2026/09/22 10:42:34.181, 0, 12288, 11851, 265
2026/09/22 10:42:34.387, 0, 12288, 11851, 265
2026/09/22 10:42:34.592, 0, 12288, 11851, 265
2026/09/22 10:42:34.796, 0, 12288, 11851, 265
2026/09/22 10:42:35.002, 0, 12288, 11851, 265
2026/09/22 10:42:35.207, 0, 12288, 11851, 265
2026/09/22 10:42:35.414, 0, 12288, 11851, 265
2026/09/22 10:42:35.620, 0, 12288, 11851, 265
2026/09/22 10:42:35.825, 0, 12288, 11851, 265
2026/09/22 10:42:36.031, 0, 12288, 11851, 265
2026/09/22 10:42:36.237, 0, 12288, 11851, 265
2026/09/22 10:42:36.443, 0, 12288, 11851, 265
2026/09/22 10:42:36.646, 0, 12288, 11851, 265
2026/09/22 10:42:36.851, 0, 12288, 11851, 265
2026/09/22 10:42:37.056, 0, 12288, 11851, 265
2026/09/22 10:42:37.263, 0, 12288, 11851, 265
2026/09/22 10:42:37.468, 0, 12288, 11851, 265
2026/09/22 10:42:37.672, 0, 12288, 11851, 265
2026/09/22 10:42:37.878, 0, 12288, 11851, 265
2026/09/22 10:42:38.086, 0, 12288, 11851, 265
2026/09/22 10:42:38.292, 0, 12288, 11851, 265
2026/09/22 10:42:38.497, 0, 12288, 11851, 265
2026/09/22 10:42:38.703, 0, 12288, 11851, 265
2026/09/22 10:42:38.908, 0, 12288, 11851, 265
2026/09/22 10:42:39.114, 0, 12288, 11851, 265
2026/09/22 10:42:39.320, 0, 12288, 11851, 265
2026/09/22 10:42:39.525, 0, 12288, 11851, 265
2026/09/22 10:42:39.729, 0, 12288, 11851, 265
2026/09/22 10:42:39.935, 0, 12288, 11851, 265
2026/09/22 10:42:40.140, 0, 12288, 11851, 265
2026/09/22 10:42:40.345, 0, 12288, 11851, 265
2026/09/22 10:42:40.549, 0, 12288, 11851, 265
2026/09/22 10:42:40.754, 0, 12288, 11851, 265
2026/09/22 10:42:40.957, 0, 12288, 11851, 265
2026/09/22 10:42:41.162, 0, 12288, 11851, 265
2026/09/22 10:42:41.368, 0, 12288, 11851, 265
2026/09/22 10:42:41.572, 0, 12288, 11851, 265
2026/09/22 10:42:41.778, 0, 12288, 11851, 265
2026/09/22 10:42:41.983, 0, 12288, 11851, 265
2026/09/22 10:42:42.188, 0, 12288, 11851, 265
2026/09/22 10:42:42.390, 0, 12288, 11851, 265
2026/09/22 10:42:42.596, 0, 12288, 11851, 265
2026/09/22 10:42:42.799, 0, 12288, 11851, 265
2026/09/22 10:42:43.003, 0, 12288, 11851, 265
2026/09/22 10:42:43.207, 0, 12288, 11851, 265
2026/09/22 10:42:43.412, 0, 12288, 11851, 265
2026/09/22 10:42:43.618, 0, 12288, 11851, 265
2026/09/22 10:42:43.822, 0, 12288, 11851, 265
2026/09/22 10:42:44.028, 0, 12288, 11851, 265
2026/09/22 10:42:44.233, 0, 12288, 11851, 265
2026/09/22 10:42:44.436, 0, 12288, 7359, 4757
2026/09/22 10:42:44.641, 0, 12288, 475, 11641
2026/09/22 10:42:44.845, 0, 12288, 475, 11641
2026/09/22 10:42:45.051, 0, 12288, 475, 11641
2026/09/22 10:42:45.258, 0, 12288, 475, 11641
2026/09/22 10:42:45.462, 0, 12288, 475, 11641
2026/09/22 10:42:45.667, 0, 12288, 475, 11641
2026/09/22 10:42:45.870, 0, 12288, 475, 11641
2026/09/22 10:42:46.076, 0, 12288, 475, 11641
2026/09/22 10:42:46.281, 0, 12288, 475, 11641
2026/09/22 10:42:46.488, 0, 12288, 475, 11641
