2026/10/01 23:08:46.839, 0, 12288, 491, 11625
2026/10/01 23:08:47.045, 0, 12288, 584, 11532
2026/10/01 23:08:47.252, 0, 12288, 584, 11532
2026/10/01 23:08:47.460, 0, 12288, 584, 11532
2026/10/01 23:08:47.667, 0, 12288, 584, 11532
2026/10/01 23:08:47.872, 0, 12288, 584, 11532
2026/10/01 23:08:48.077, 0, 12288, 584, 11532
2026/10/01 23:08:48.282, 0, 12288, 584, 11532
2026/10/01 23:08:48.487, 0, 12288, 8136, 3980
2026/10/01 23:08:48.694, 0, 12288, 10270, 1846
2026/10/01 23:08:48.900, 0, 12288, 10270, 1846
2026/10/01 23:08:49.106, 0, 12288, 10270, 1846
2026/10/01 23:08:49.312, 0, 12288, 10270, 1846
2026/10/01 23:08:49.517, 0, 12288, 10270, 1846
2026/10/01 23:08:49.724, 0, 12288, 10270, 1846
2026/10/01 23:08:49.931, 0, 12288, 10270, 1846
2026/10/01 23:08:50.153, 0, 12288, 10270, 1846
2026/10/01 23:08:50.358, 0, 12288, 10270, 1846
2026/10/01 23:08:50.565, 0, 12288, 10270, 1846
2026/10/01 23:08:50.773, 0, 12288, 10270, 1846
2026/10/01 23:08:50.981, 0, 12288, 10270, 1846
2026/10/01 23:08:51.186, 0, 12288, 10270, 1846
2026/10/01 23:08:51.392, 0, 12288, 10270, 1846
2026/10/01 23:08:51.596, 0, 12288, 10270, 1846
2026/10/01 23:08:51.802, 0, 12288, 10270, 1846
2026/10/01 23:08:52.008, 0, 12288, 11686, 430
2026/10/01 23:08:52.214, 0, 12288, 11702, 414
2026/10/01 23:08:52.420, 0, 12288, 11702, 414
2026/10/01 23:08:52.627, 0, 12288, 11702, 414
2026/10/01 23:08:52.832, 0, 12288, 11702, 414
2026/10/01 23:08:53.039, 0, 12288, 11702, 414
2026/10/01 23:08:53.243, 0, 12288, 11702, 414
2026/10/01 23:08:53.450, 0, 12288, 11702, 414
2026/10/01 23:08:53.655, 0, 12288, 11702, 414
2026/10/01 23:08:53.859, 0, 12288, 11702, 414
2026/10/01 23:08:54.066, 0, 12288, 11702, 414
2026/10/01 23:08:54.274, 0, 12288, 11702, 414
2026/10/01 23:08:54.478, 0, 12288, 11702, 414
2026/10/01 23:08:54.685, 0, 12288, 11702, 414
2026/10/01 23:08:54.890, 0, 12288, 11702, 414
2026/10/01 23:08:55.096, 0, 12288, 11708, 408
2026/10/01 23:08:55.300, 0, 12288, 11826, 290
2026/10/01 23:08:55.507, 0, 12288, 11828, 288
2026/10/01 23:08:55.714, 0, 12288, 11828, 288
2026/10/01 23:08:55.922, 0, 12288, 11828, 288
2026/10/01 23:08:56.128, 0, 12288, 11860, 256
2026/10/01 23:08:56.334, 0, 12288, 11860, 256
2026/10/01 23:08:56.539, 0, 12288, 11860, 256
2026/10/01 23:08:56.744, 0, 12288, 11860, 256
2026/10/01 23:08:56.951, 0, 12288, 11860, 256
2026/10/01 23:08:57.156, 0, 12288, 11860, 256
2026/10/01 23:08:57.362, 0, 12288, 11860, 256
2026/10/01 23:08:57.567, 0, 12288, 11860, 256
2026/10/01 23:08:57.774, 0, 12288, 11860, 256
2026/10/01 23:08:57.983, 0, 12288, 11860, 256
2026/10/01 23:08:58.188, 0, 12288, 11860, 256
2026/10/01 23:08:58.393, 0, 12288, 11860, 256
2026/10/01 23:08:58.599, 0, 12288, 11860, 256
2026/10/01 23:08:58.806, 0, 12288, 11860, 256
2026/10/01 23:08:59.011, 0, 12288, 11860, 256
2026/10/01 23:08:59.216, 0, 12288, 11860, 256
2026/10/01 23:08:59.421, 0, 12288, 11860, 256
2026/10/01 23:08:59.627, 0, 12288, 11860, 256
2026/10/01 23:08:59.833, 0, 12288, 11860, 256
2026/10/01 23:09:00.040, 0, 12288, 11860, 256
2026/10/01 23:09:00.246, 0, 12288, 11860, 256
2026/10/01 23:09:00.452, 0, 12288, 11860, 256
2026/10/01 23:09:00.658, 0, 12288, 11860, 256
2026/10/01 23:09:00.864, 0, 12288, 11860, 256
2026/10/01 23:09:01.070, 0, 12288, 11860, 256
2026/10/01 23:09:01.276, 0, 12288, 11860, 256
2026/10/01 23:09:01.480, 0, 12288, 11860, 256
2026/10/01 23:09:01.687, 0, 12288, 11860, 256
2026/10/01 23:09:01.893, 0, 12288, 11860, 256
2026/10/01 23:09:02.099, 0, 12288, 11860, 256
2026/10/01 23:09:02.304, 0, 12288, 11860, 256
2026/10/01 23:09:02.510, 0, 12288, 11860, 256
2026/10/01 23:09:02.716, 0, 12288, 11860, 256
2026/10/01 23:09:02.921, 0, 12288, 11860, 256
2026/10/01 23:09:03.129, 0, 12288, 11860, 256
2026/10/01 23:09:03.333, 0, 12288, 11860, 256
2026/10/01 23:09:03.537, 0, 12288, 11860, 256
2026/10/01 23:09:03.744, 0, 12288, 11860, 256
2026/10/01 23:09:03.949, 0, 12288, 11860, 256
2026/10/01 23:09:04.155, 0, 12288, 11860, 256
2026/10/01 23:09:04.359, 0, 12288, 11860, 256
2026/10/01 23:09:04.565, 0, 12288, 11860, 256
2026/10/01 23:09:04.770, 0, 12288, 11860, 256
2026/10/01 23:09:04.976, 0, 12288, 11860, 256
2026/10/01 23:09:05.183, 0, 12288, 11860, 256
2026/10/01 23:09:05.391, 0, 12288, 11860, 256
2026/10/01 23:09:05.597, 0, 12288, 11860, 256
2026/10/01 23:09:05.804, 0, 12288, 11860, 256
2026/10/01 23:09:06.007, 0, 12288, 11860, 256
2026/10/01 23:09:06.211, 0, 12288, 11860, 256
2026/10/01 23:09:06.416, 0, 12288, 11860, 256
2026/10/01 23:09:06.622, 0, 12288, 11860, 256
2026/10/01 23:09:06.828, 0, 12288, 11860, 256
2026/10/01 23:09:07.035, 0, 12288, 11860, 256
2026/10/01 23:09:07.241, 0, 12288, 11860, 256
2026/10/01 23:09:07.447, 0, 12288, 11860, 256
2026/10/01 23:09:07.654, 0, 12288, 11860, 256
2026/10/01 23:09:07.861, 0, 12288, 11860, 256
2026/10/01 23:09:08.068, 0, 12288, 11860, 256
2026/10/01 23:09:08.274, 0, 12288, 11860, 256
2026/10/01 23:09:08.479, 0, 12288, 11860, 256
2026/10/01 23:09:08.684, 0, 12288, 11860, 256
2026/10/01 23:09:08.891, 0, 12288, 11860, 256
2026/10/01 23:09:09.098, 0, 12288, 11860, 256
2026/10/01 23:09:09.305, 0, 12288, 11860, 256
2026/10/01 23:09:09.509, 0, 12288, 11860, 256
2026/10/01 23:09:09.715, 0, 12288, 11860, 256
2026/10/01 23:09:09.921, 0, 12288, 11860, 256
2026/10/01 23:09:10.128, 0, 12288, 11860, 256
2026/10/01 23:09:10.334, 0, 12288, 11860, 256
2026/10/01 23:09:10.540, 0, 12288, 11860, 256
2026/10/01 23:09:10.745, 0, 12288, 11860, 256
2026/10/01 23:09:10.952, 0, 12288, 11860, 256
2026/10/01 23:09:11.158, 0, 12288, 11860, 256
2026/10/01 23:09:11.364, 0, 12288, 11860, 256
2026/10/01 23:09:11.569, 0, 12288, 11860, 256
2026/10/01 23:09:11.775, 0, 12288, 11860, 256
2026/10/01 23:09:11.981, 0, 12288, 11860, 256
2026/10/01 23:09:12.187, 0, 12288, 11860, 256
2026/10/01 23:09:12.392, 0, 12288, 11860, 256
2026/10/01 23:09:12.598, 0, 12288, 11860, 256
2026/10/01 23:09:12.804, 0, 12288, 11860, 256
2026/10/01 23:09:13.012, 0, 12288, 11860, 256
2026/10/01 23:09:13.218, 0, 12288, 11860, 256
2026/10/01 23:09:13.425, 0, 12288, 11860, 256
2026/10/01 23:09:13.632, 0, 12288, 11860, 256
2026/10/01 23:09:13.838, 0, 12288, 11860, 256
2026/10/01 23:09:14.044, 0, 12288, 11860, 256
2026/10/01 23:09:14.249, 0, 12288, 11860, 256
2026/10/01 23:09:14.456, 0, 12288, 11860, 256
2026/10/01 23:09:14.661, 0, 12288, 11860, 256
2026/10/01 23:09:14.868, 0, 12288, 11860, 256
2026/10/01 23:09:15.075, 0, 12288, 11860, 256
2026/10/01 23:09:15.283, 0, 12288, 11860, 256
2026/10/01 23:09:15.487, 0, 12288, 11860, 256
2026/10/01 23:09:15.693, 0, 12288, 11860, 256
2026/10/01 23:09:15.899, 0, 12288, 11860, 256
2026/10/01 23:09:16.106, 0, 12288, 11860, 256
2026/10/01 23:09:16.311, 0, 12288, 11860, 256
2026/10/01 23:09:16.518, 0, 12288, 11860, 256
2026/10/01 23:09:16.725, 0, 12288, 11860, 256
2026/10/01 23:09:16.932, 0, 12288, 11860, 256
2026/10/01 23:09:17.137, 0, 12288, 11860, 256
2026/10/01 23:09:17.343, 0, 12288, 11860, 256
2026/10/01 23:09:17.547, 0, 12288, 11860, 256
2026/10/01 23:09:17.752, 0, 12288, 11860, 256
2026/10/01 23:09:17.958, 0, 12288, 11860, 256
2026/10/01 23:09:18.165, 0, 12288, 11860, 256
2026/10/01 23:09:18.369, 0, 12288, 11860, 256
2026/10/01 23:09:18.574, 0, 12288, 11860, 256
2026/10/01 23:09:18.782, 0, 12288, 11860, 256
2026/10/01 23:09:18.988, 0, 12288, 11860, 256
2026/10/01 23:09:19.194, 0, 12288, 11860, 256
2026/10/01 23:09:19.401, 0, 12288, 11860, 256
2026/10/01 23:09:19.607, 0, 12288, 11860, 256
2026/10/01 23:09:19.809, 0, 12288, 11860, 256
2026/10/01 23:09:20.014, 0, 12288, 11860, 256
2026/10/01 23:09:20.220, 0, 12288, 11860, 256
2026/10/01 23:09:20.426, 0, 12288, 11860, 256
2026/10/01 23:09:20.633, 0, 12288, 11860, 256
2026/10/01 23:09:20.839, 0, 12288, 11860, 256
2026/10/01 23:09:21.045, 0, 12288, 11860, 256
2026/10/01 23:09:21.251, 0, 12288, 11860, 256
2026/10/01 23:09:21.456, 0, 12288, 11860, 256
2026/10/01 23:09:21.662, 0, 12288, 11860, 256
2026/10/01 23:09:21.868, 0, 12288, 11860, 256
2026/10/01 23:09:22.076, 0, 12288, 11860, 256
2026/10/01 23:09:22.282, 0, 12288, 11860, 256
2026/10/01 23:09:22.487, 0, 12288, 11860, 256
2026/10/01 23:09:22.693, 0, 12288, 11860, 256
2026/10/01 23:09:22.898, 0, 12288, 11860, 256
2026/10/01 23:09:23.105, 0, 12288, 11860, 256
2026/10/01 23:09:23.311, 0, 12288, 11860, 256
2026/10/01 23:09:23.518, 0, 12288, 11860, 256
2026/10/01 23:09:23.724, 0, 12288, 11860, 256
2026/10/01 23:09:23.930, 0, 12288, 11860, 256
2026/10/01 23:09:24.137, 0, 12288, 11860, 256
2026/10/01 23:09:24.342, 0, 12288, 11860, 256
2026/10/01 23:09:24.548, 0, 12288, 11860, 256
2026/10/01 23:09:24.756, 0, 12288, 11860, 256
2026/10/01 23:09:24.961, 0, 12288, 11860, 256
2026/10/01 23:09:25.166, 0, 12288, 11860, 256
2026/10/01 23:09:25.373, 0, 12288, 11860, 256
2026/10/01 23:09:25.580, 0, 12288, 11860, 256
2026/10/01 23:09:25.786, 0, 12288, 11860, 256
2026/10/01 23:09:25.992, 0, 12288, 11860, 256
2026/10/01 23:09:26.197, 0, 12288, 11860, 256
2026/10/01 23:09:26.405, 0, 12288, 11860, 256
2026/10/01 23:09:26.611, 0, 12288, 11860, 256
2026/10/01 23:09:26.816, 0, 12288, 11860, 256
2026/10/01 23:09:27.023, 0, 12288, 11860, 256
2026/10/01 23:09:27.229, 0, 12288, 11860, 256
2026/10/01 23:09:27.435, 0, 12288, 11860, 256
2026/10/01 23:09:27.641, 0, 12288, 11860, 256
2026/10/01 23:09:27.845, 0, 12288, 11860, 256
2026/10/01 23:09:28.052, 0, 12288, 11860, 256
2026/10/01 23:09:28.257, 0, 12288, 11860, 256
2026/10/01 23:09:28.463, 0, 12288, 11860, 256
2026/10/01 23:09:28.670, 0, 12288, 11860, 256
2026/10/01 23:09:28.876, 0, 12288, 11860, 256
2026/10/01 23:09:29.081, 0, 12288, 11860, 256
2026/10/01 23:09:29.285, 0, 12288, 11860, 256
2026/10/01 23:09:29.490, 0, 12288, 11860, 256
2026/10/01 23:09:29.696, 0, 12288, 11860, 256
2026/10/01 23:09:29.901, 0, 12288, 11860, 256
2026/10/01 23:09:30.108, 0, 12288, 11860, 256
2026/10/01 23:09:30.314, 0, 12288, 11860, 256
2026/10/01 23:09:30.521, 0, 12288, 11860, 256
2026/10/01 23:09:30.727, 0, 12288, 11860, 256
2026/10/01 23:09:30.932, 0, 12288, 11860, 256
2026/10/01 23:09:31.139, 0, 12288, 11860, 256
2026/10/01 23:09:31.347, 0, 12288, 11860, 256
2026/10/01 23:09:31.552, 0, 12288, 11860, 256
2026/10/01 23:09:31.758, 0, 12288, 11860, 256
2026/10/01 23:09:31.964, 0, 12288, 11860, 256
2026/10/01 23:09:32.170, 0, 12288, 11860, 256
2026/10/01 23:09:32.376, 0, 12288, 11860, 256
2026/10/01 23:09:32.583, 0, 12288, 11860, 256
2026/10/01 23:09:32.787, 0, 12288, 11860, 256
2026/10/01 23:09:32.991, 0, 12288, 11860, 256
2026/10/01 23:09:33.198, 0, 12288, 11860, 256
2026/10/01 23:09:33.403, 0, 12288, 11860, 256
2026/10/01 23:09:33.609, 0, 12288, 11860, 256
2026/10/01 23:09:33.816, 0, 12288, 11860, 256
2026/10/01 23:09:34.023, 0, 12288, 11860, 256
2026/10/01 23:09:34.229, 0, 12288, 11860, 256
2026/10/01 23:09:34.435, 0, 12288, 11860, 256
2026/10/01 23:09:34.641, 0, 12288, 11860, 256
2026/10/01 23:09:34.845, 0, 12288, 11860, 256
2026/10/01 23:09:35.051, 0, 12288, 11860, 256
2026/10/01 23:09:35.257, 0, 12288, 11860, 256
2026/10/01 23:09:35.465, 0, 12288, 11860, 256
2026/10/01 23:09:35.671, 0, 12288, 11860, 256
2026/10/01 23:09:35.877, 0, 12288, 11860, 256
2026/10/01 23:09:36.081, 0, 12288, 11860, 256
2026/10/01 23:09:36.288, 0, 12288, 11860, 256
2026/10/01 23:09:36.495, 0, 12288, 11860, 256
2026/10/01 23:09:36.701, 0, 12288, 11860, 256
2026/10/01 23:09:36.908, 0, 12288, 11860, 256
2026/10/01 23:09:37.114, 0, 12288, 11860, 256
2026/10/01 23:09:37.320, 0, 12288, 11860, 256
2026/10/01 23:09:37.526, 0, 12288, 11860, 256
2026/10/01 23:09:37.733, 0, 12288, 11860, 256
2026/10/01 23:09:37.940, 0, 12288, 11860, 256
2026/10/01 23:09:38.144, 0, 12288, 11860, 256
2026/10/01 23:09:38.351, 0, 12288, 11860, 256
2026/10/01 23:09:38.559, 0, 12288, 11860, 256
2026/10/01 23:09:38.765, 0, 12288, 11860, 256
2026/10/01 23:09:38.987, 0, 12288, 11860, 256
2026/10/01 23:09:39.190, 0, 12288, 11860, 256
2026/10/01 23:09:39.399, 0, 12288, 11860, 256
2026/10/01 23:09:39.604, 0, 12288, 11860, 256
2026/10/01 23:09:39.808, 0, 12288, 11860, 256
2026/10/01 23:09:40.015, 0, 12288, 11860, 256
2026/10/01 23:09:40.222, 0, 12288, 11860, 256
2026/10/01 23:09:40.428, 0, 12288, 11860, 256
2026/10/01 23:09:40.634, 0, 12288, 11860, 256
2026/10/01 23:09:40.840, 0, 12288, 11860, 256
2026/10/01 23:09:41.045, 0, 12288, 11860, 256
2026/10/01 23:09:41.252, 0, 12288, 11860, 256
2026/10/01 23:09:41.457, 0, 12288, 11860, 256
2026/10/01 23:09:41.662, 0, 12288, 11860, 256
2026/10/01 23:09:41.869, 0, 12288, 11860, 256
2026/10/01 23:09:42.075, 0, 12288, 11860, 256
2026/10/01 23:09:42.282, 0, 12288, 11860, 256
2026/10/01 23:09:42.487, 0, 12288, 11860, 256
2026/10/01 23:09:42.693, 0, 12288, 11860, 256
2026/10/01 23:09:42.899, 0, 12288, 11860, 256
2026/10/01 23:09:43.104, 0, 12288, 11860, 256
2026/10/01 23:09:43.310, 0, 12288, 11860, 256
2026/10/01 23:09:43.517, 0, 12288, 11860, 256
2026/10/01 23:09:43.724, 0, 12288, 11860, 256
2026/10/01 23:09:43.929, 0, 12288, 11860, 256
2026/10/01 23:09:44.134, 0, 12288, 11860, 256
2026/10/01 23:09:44.341, 0, 12288, 11860, 256
2026/10/01 23:09:44.547, 0, 12288, 11860, 256
2026/10/01 23:09:44.753, 0, 12288, 11860, 256
2026/10/01 23:09:44.959, 0, 12288, 11860, 256
2026/10/01 23:09:45.166, 0, 12288, 11860, 256
2026/10/01 23:09:45.371, 0, 12288, 11860, 256
2026/10/01 23:09:45.576, 0, 12288, 11860, 256
2026/10/01 23:09:45.782, 0, 12288, 11860, 256
2026/10/01 23:09:45.989, 0, 12288, 11860, 256
2026/10/01 23:09:46.194, 0, 12288, 11860, 256
2026/10/01 23:09:46.402, 0, 12288, 11860, 256
2026/10/01 23:09:46.606, 0, 12288, 11860, 256
2026/10/01 23:09:46.812, 0, 12288, 11860, 256
2026/10/01 23:09:47.018, 0, 12288, 11860, 256
2026/10/01 23:09:47.225, 0, 12288, 11860, 256
2026/10/01 23:09:47.433, 0, 12288, 11860, 256
2026/10/01 23:09:47.639, 0, 12288, 11860, 256
2026/10/01 23:09:47.845, 0, 12288, 11860, 256
2026/10/01 23:09:48.051, 0, 12288, 11860, 256
2026/10/01 23:09:48.257, 0, 12288, 11860, 256
2026/10/01 23:09:48.462, 0, 12288, 11860, 256
2026/10/01 23:09:48.666, 0, 12288, 11860, 256
2026/10/01 23:09:48.874, 0, 12288, 11860, 256
2026/10/01 23:09:49.080, 0, 12288, 11860, 256
2026/10/01 23:09:49.285, 0, 12288, 11860, 256
2026/10/01 23:09:49.491, 0, 12288, 11860, 256
2026/10/01 23:09:49.698, 0, 12288, 11860, 256
2026/10/01 23:09:49.905, 0, 12288, 11860, 256
2026/10/01 23:09:50.109, 0, 12288, 11860, 256
2026/10/01 23:09:50.317, 0, 12288, 11860, 256
2026/10/01 23:09:50.523, 0, 12288, 11860, 256
2026/10/01 23:09:50.729, 0, 12288, 11860, 256
2026/10/01 23:09:50.936, 0, 12288, 11860, 256
2026/10/01 23:09:51.143, 0, 12288, 11860, 256
2026/10/01 23:09:51.351, 0, 12288, 11860, 256
2026/10/01 23:09:51.557, 0, 12288, 11860, 256
2026/10/01 23:09:51.762, 0, 12288, 11860, 256
2026/10/01 23:09:51.968, 0, 12288, 11860, 256
2026/10/01 23:09:52.173, 0, 12288, 11860, 256
2026/10/01 23:09:52.378, 0, 12288, 11860, 256
2026/10/01 23:09:52.585, 0, 12288, 11860, 256
2026/10/01 23:09:52.791, 0, 12288, 11860, 256
2026/10/01 23:09:52.998, 0, 12288, 11860, 256
2026/10/01 23:09:53.204, 0, 12288, 11860, 256
2026/10/01 23:09:53.410, 0, 12288, 11860, 256
2026/10/01 23:09:53.615, 0, 12288, 11860, 256
2026/10/01 23:09:53.821, 0, 12288, 11860, 256
2026/10/01 23:09:54.027, 0, 12288, 11860, 256
2026/10/01 23:09:54.233, 0, 12288, 11860, 256
2026/10/01 23:09:54.439, 0, 12288, 11860, 256
2026/10/01 23:09:54.645, 0, 12288, 11860, 256
2026/10/01 23:09:54.852, 0, 12288, 11860, 256
2026/10/01 23:09:55.058, 0, 12288, 11860, 256
2026/10/01 23:09:55.263, 0, 12288, 11860, 256
2026/10/01 23:09:55.469, 0, 12288, 11860, 256
2026/10/01 23:09:55.674, 0, 12288, 11860, 256
2026/10/01 23:09:55.880, 0, 12288, 11860, 256
2026/10/01 23:09:56.086, 0, 12288, 11860, 256
2026/10/01 23:09:56.292, 0, 12288, 11860, 256
2026/10/01 23:09:56.497, 0, 12288, 11860, 256
2026/10/01 23:09:56.704, 0, 12288, 11860, 256
2026/10/01 23:09:56.910, 0, 12288, 11860, 256
2026/10/01 23:09:57.116, 0, 12288, 11860, 256
2026/10/01 23:09:57.321, 0, 12288, 11860, 256
2026/10/01 23:09:57.527, 0, 12288, 11860, 256
2026/10/01 23:09:57.734, 0, 12288, 11860, 256
2026/10/01 23:09:57.940, 0, 12288, 11860, 256
2026/10/01 23:09:58.147, 0, 12288, 11860, 256
2026/10/01 23:09:58.352, 0, 12288, 11860, 256
2026/10/01 23:09:58.558, 0, 12288, 11860, 256
2026/10/01 23:09:58.764, 0, 12288, 11860, 256
2026/10/01 23:09:58.969, 0, 12288, 11860, 256
2026/10/01 23:09:59.174, 0, 12288, 11860, 256
2026/10/01 23:09:59.380, 0, 12288, 11860, 256
2026/10/01 23:09:59.588, 0, 12288, 11860, 256
2026/10/01 23:09:59.794, 0, 12288, 11860, 256
2026/10/01 23:10:00.000, 0, 12288, 11860, 256
2026/10/01 23:10:00.210, 0, 12288, 11860, 256
2026/10/01 23:10:00.421, 0, 12288, 11860, 256
2026/10/01 23:10:00.631, 0, 12288, 11860, 256
2026/10/01 23:10:00.844, 0, 12288, 11860, 256
2026/10/01 23:10:01.046, 0, 12288, 11860, 256
2026/10/01 23:10:01.251, 0, 12288, 11860, 256
2026/10/01 23:10:01.453, 0, 12288, 11860, 256
2026/10/01 23:10:01.659, 0, 12288, 11860, 256
2026/10/01 23:10:01.866, 0, 12288, 11860, 256
2026/10/01 23:10:02.070, 0, 12288, 11860, 256
2026/10/01 23:10:02.277, 0, 12288, 11860, 256
2026/10/01 23:10:02.484, 0, 12288, 11860, 256
2026/10/01 23:10:02.689, 0, 12288, 11860, 256
2026/10/01 23:10:02.895, 0, 12288, 11860, 256
2026/10/01 23:10:03.100, 0, 12288, 11860, 256
2026/10/01 23:10:03.306, 0, 12288, 11860, 256
2026/10/01 23:10:03.512, 0, 12288, 11860, 256
2026/10/01 23:10:03.719, 0, 12288, 11860, 256
2026/10/01 23:10:03.926, 0, 12288, 11860, 256
2026/10/01 23:10:04.131, 0, 12288, 11860, 256
2026/10/01 23:10:04.337, 0, 12288, 11860, 256
2026/10/01 23:10:04.541, 0, 12288, 11860, 256
2026/10/01 23:10:04.747, 0, 12288, 11860, 256
2026/10/01 23:10:04.951, 0, 12288, 11860, 256
2026/10/01 23:10:05.159, 0, 12288, 11860, 256
2026/10/01 23:10:05.363, 0, 12288, 11860, 256
2026/10/01 23:10:05.570, 0, 12288, 11860, 256
2026/10/01 23:10:05.776, 0, 12288, 11860, 256
2026/10/01 23:10:05.982, 0, 12288, 11860, 256
2026/10/01 23:10:06.188, 0, 12288, 11860, 256
2026/10/01 23:10:06.394, 0, 12288, 11860, 256
2026/10/01 23:10:06.600, 0, 12288, 11860, 256
2026/10/01 23:10:06.807, 0, 12288, 11860, 256
2026/10/01 23:10:07.013, 0, 12288, 11860, 256
2026/10/01 23:10:07.220, 0, 12288, 11860, 256
2026/10/01 23:10:07.423, 0, 12288, 11860, 256
2026/10/01 23:10:07.629, 0, 12288, 11860, 256
2026/10/01 23:10:07.834, 0, 12288, 11860, 256
2026/10/01 23:10:08.041, 0, 12288, 11860, 256
2026/10/01 23:10:08.246, 0, 12288, 11860, 256
2026/10/01 23:10:08.452, 0, 12288, 11860, 256
2026/10/01 23:10:08.656, 0, 12288, 11860, 256
2026/10/01 23:10:08.863, 0, 12288, 11860, 256
2026/10/01 23:10:09.069, 0, 12288, 11860, 256
2026/10/01 23:10:09.275, 0, 12288, 11860, 256
2026/10/01 23:10:09.482, 0, 12288, 11860, 256
2026/10/01 23:10:09.688, 0, 12288, 11860, 256
2026/10/01 23:10:09.895, 0, 12288, 11860, 256
2026/10/01 23:10:10.100, 0, 12288, 11860, 256
2026/10/01 23:10:10.306, 0, 12288, 11860, 256
2026/10/01 23:10:10.514, 0, 12288, 11862, 254
2026/10/01 23:10:10.720, 0, 12288, 11862, 254
2026/10/01 23:10:10.924, 0, 12288, 11862, 254
2026/10/01 23:10:11.129, 0, 12288, 11862, 254
2026/10/01 23:10:11.336, 0, 12288, 11862, 254
2026/10/01 23:10:11.542, 0, 12288, 11862, 254
2026/10/01 23:10:11.749, 0, 12288, 11862, 254
2026/10/01 23:10:11.955, 0, 12288, 11862, 254
2026/10/01 23:10:12.161, 0, 12288, 11862, 254
2026/10/01 23:10:12.366, 0, 12288, 11862, 254
2026/10/01 23:10:12.573, 0, 12288, 11862, 254
2026/10/01 23:10:12.778, 0, 12288, 11862, 254
2026/10/01 23:10:12.985, 0, 12288, 11862, 254
2026/10/01 23:10:13.191, 0, 12288, 11862, 254
2026/10/01 23:10:13.397, 0, 12288, 11862, 254
2026/10/01 23:10:13.603, 0, 12288, 11862, 254
2026/10/01 23:10:13.809, 0, 12288, 11862, 254
2026/10/01 23:10:14.016, 0, 12288, 11862, 254
2026/10/01 23:10:14.222, 0, 12288, 11862, 254
2026/10/01 23:10:14.428, 0, 12288, 11862, 254
2026/10/01 23:10:14.634, 0, 12288, 11862, 254
2026/10/01 23:10:14.842, 0, 12288, 11862, 254
2026/10/01 23:10:15.046, 0, 12288, 11862, 254
2026/10/01 23:10:15.252, 0, 12288, 11862, 254
2026/10/01 23:10:15.459, 0, 12288, 11862, 254
2026/10/01 23:10:15.664, 0, 12288, 11862, 254
2026/10/01 23:10:15.870, 0, 12288, 11862, 254
2026/10/01 23:10:16.076, 0, 12288, 11862, 254
2026/10/01 23:10:16.282, 0, 12288, 11862, 254
2026/10/01 23:10:16.488, 0, 12288, 11862, 254
2026/10/01 23:10:16.695, 0, 12288, 11862, 254
2026/10/01 23:10:16.902, 0, 12288, 11862, 254
2026/10/01 23:10:17.108, 0, 12288, 11862, 254
2026/10/01 23:10:17.315, 0, 12288, 11862, 254
2026/10/01 23:10:17.523, 0, 12288, 11862, 254
2026/10/01 23:10:17.727, 0, 12288, 11862, 254
2026/10/01 23:10:17.932, 0, 12288, 11862, 254
2026/10/01 23:10:18.139, 0, 12288, 11862, 254
2026/10/01 23:10:18.346, 0, 12288, 11862, 254
2026/10/01 23:10:18.551, 0, 12288, 11862, 254
2026/10/01 23:10:18.758, 0, 12288, 11862, 254
2026/10/01 23:10:18.964, 0, 12288, 11862, 254
2026/10/01 23:10:19.169, 0, 12288, 11862, 254
2026/10/01 23:10:19.374, 0, 12288, 11862, 254
2026/10/01 23:10:19.582, 0, 12288, 11862, 254
2026/10/01 23:10:19.788, 0, 12288, 11862, 254
2026/10/01 23:10:19.992, 0, 12288, 11862, 254
2026/10/01 23:10:20.197, 0, 12288, 11862, 254
2026/10/01 23:10:20.403, 0, 12288, 11862, 254
2026/10/01 23:10:20.611, 0, 12288, 11862, 254
2026/10/01 23:10:20.815, 0, 12288, 11862, 254
2026/10/01 23:10:21.020, 0, 12288, 11862, 254
2026/10/01 23:10:21.243, 0, 12288, 11862, 254
2026/10/01 23:10:21.449, 0, 12288, 11862, 254
2026/10/01 23:10:21.655, 0, 12288, 11862, 254
2026/10/01 23:10:21.861, 0, 12288, 11862, 254
2026/10/01 23:10:22.067, 0, 12288, 11862, 254
2026/10/01 23:10:22.273, 0, 12288, 11862, 254
2026/10/01 23:10:22.479, 0, 12288, 11862, 254
2026/10/01 23:10:22.685, 0, 12288, 11862, 254
2026/10/01 23:10:22.890, 0, 12288, 11862, 254
2026/10/01 23:10:23.095, 0, 12288, 11862, 254
2026/10/01 23:10:23.301, 0, 12288, 11862, 254
2026/10/01 23:10:23.507, 0, 12288, 11862, 254
2026/10/01 23:10:23.713, 0, 12288, 11862, 254
2026/10/01 23:10:23.919, 0, 12288, 11862, 254
2026/10/01 23:10:24.126, 0, 12288, 11862, 254
2026/10/01 23:10:24.332, 0, 12288, 11862, 254
2026/10/01 23:10:24.538, 0, 12288, 11862, 254
2026/10/01 23:10:24.744, 0, 12288, 11862, 254
2026/10/01 23:10:24.951, 0, 12288, 11862, 254
2026/10/01 23:10:25.156, 0, 12288, 11862, 254
2026/10/01 23:10:25.363, 0, 12288, 11862, 254
2026/10/01 23:10:25.568, 0, 12288, 11862, 254
2026/10/01 23:10:25.774, 0, 12288, 11862, 254
2026/10/01 23:10:25.980, 0, 12288, 11862, 254
2026/10/01 23:10:26.187, 0, 12288, 11862, 254
2026/10/01 23:10:26.395, 0, 12288, 11862, 254
2026/10/01 23:10:26.601, 0, 12288, 11862, 254
2026/10/01 23:10:26.809, 0, 12288, 11862, 254
2026/10/01 23:10:27.012, 0, 12288, 11862, 254
2026/10/01 23:10:27.218, 0, 12288, 11862, 254
2026/10/01 23:10:27.424, 0, 12288, 11862, 254
2026/10/01 23:10:27.631, 0, 12288, 11862, 254
2026/10/01 23:10:27.838, 0, 12288, 11862, 254
2026/10/01 23:10:28.059, 0, 12288, 11862, 254
2026/10/01 23:10:28.264, 0, 12288, 11862, 254
2026/10/01 23:10:28.470, 0, 12288, 11862, 254
2026/10/01 23:10:28.675, 0, 12288, 11862, 254
2026/10/01 23:10:28.881, 0, 12288, 11862, 254
2026/10/01 23:10:29.087, 0, 12288, 11862, 254
2026/10/01 23:10:29.291, 0, 12288, 11862, 254
2026/10/01 23:10:29.497, 0, 12288, 11862, 254
2026/10/01 23:10:29.698, 0, 12288, 11862, 254
2026/10/01 23:10:29.905, 0, 12288, 11862, 254
2026/10/01 23:10:30.111, 0, 12288, 11862, 254
2026/10/01 23:10:30.315, 0, 12288, 11862, 254
2026/10/01 23:10:30.522, 0, 12288, 11862, 254
2026/10/01 23:10:30.729, 0, 12288, 11862, 254
2026/10/01 23:10:30.934, 0, 12288, 11862, 254
2026/10/01 23:10:31.140, 0, 12288, 11862, 254
2026/10/01 23:10:31.347, 0, 12288, 11862, 254
2026/10/01 23:10:31.554, 0, 12288, 11862, 254
2026/10/01 23:10:31.759, 0, 12288, 11862, 254
2026/10/01 23:10:31.962, 0, 12288, 11862, 254
2026/10/01 23:10:32.169, 0, 12288, 11862, 254
2026/10/01 23:10:32.376, 0, 12288, 11862, 254
2026/10/01 23:10:32.581, 0, 12288, 11862, 254
2026/10/01 23:10:32.786, 0, 12288, 11862, 254
2026/10/01 23:10:32.992, 0, 12288, 11862, 254
2026/10/01 23:10:33.199, 0, 12288, 11862, 254
2026/10/01 23:10:33.405, 0, 12288, 11862, 254
2026/10/01 23:10:33.612, 0, 12288, 11862, 254
2026/10/01 23:10:33.818, 0, 12288, 11862, 254
2026/10/01 23:10:34.023, 0, 12288, 11862, 254
2026/10/01 23:10:34.229, 0, 12288, 11862, 254
2026/10/01 23:10:34.435, 0, 12288, 11862, 254
2026/10/01 23:10:34.639, 0, 12288, 11862, 254
2026/10/01 23:10:34.846, 0, 12288, 11862, 254
2026/10/01 23:10:35.053, 0, 12288, 11862, 254
2026/10/01 23:10:35.260, 0, 12288, 11862, 254
2026/10/01 23:10:35.466, 0, 12288, 11862, 254
2026/10/01 23:10:35.672, 0, 12288, 11862, 254
2026/10/01 23:10:35.878, 0, 12288, 11862, 254
2026/10/01 23:10:36.084, 0, 12288, 11862, 254
2026/10/01 23:10:36.290, 0, 12288, 11862, 254
2026/10/01 23:10:36.497, 0, 12288, 11862, 254
2026/10/01 23:10:36.703, 0, 12288, 11862, 254
2026/10/01 23:10:36.909, 0, 12288, 11862, 254
2026/10/01 23:10:37.116, 0, 12288, 11862, 254
2026/10/01 23:10:37.324, 0, 12288, 11862, 254
2026/10/01 23:10:37.529, 0, 12288, 11862, 254
2026/10/01 23:10:37.736, 0, 12288, 11862, 254
2026/10/01 23:10:37.941, 0, 12288, 11862, 254
2026/10/01 23:10:38.148, 0, 12288, 11862, 254
2026/10/01 23:10:38.355, 0, 12288, 11862, 254
2026/10/01 23:10:38.562, 0, 12288, 11862, 254
2026/10/01 23:10:38.768, 0, 12288, 11862, 254
2026/10/01 23:10:38.976, 0, 12288, 11862, 254
2026/10/01 23:10:39.181, 0, 12288, 11862, 254
2026/10/01 23:10:39.384, 0, 12288, 11862, 254
2026/10/01 23:10:39.589, 0, 12288, 11862, 254
2026/10/01 23:10:39.793, 0, 12288, 11862, 254
2026/10/01 23:10:39.999, 0, 12288, 11862, 254
2026/10/01 23:10:40.205, 0, 12288, 11862, 254
2026/10/01 23:10:40.411, 0, 12288, 11862, 254
2026/10/01 23:10:40.617, 0, 12288, 11862, 254
2026/10/01 23:10:40.822, 0, 12288, 11862, 254
2026/10/01 23:10:41.027, 0, 12288, 11862, 254
2026/10/01 23:10:41.235, 0, 12288, 11862, 254
2026/10/01 23:10:41.442, 0, 12288, 11862, 254
2026/10/01 23:10:41.647, 0, 12288, 11862, 254
2026/10/01 23:10:41.854, 0, 12288, 11862, 254
2026/10/01 23:10:42.060, 0, 12288, 11862, 254
2026/10/01 23:10:42.265, 0, 12288, 11862, 254
2026/10/01 23:10:42.472, 0, 12288, 11862, 254
2026/10/01 23:10:42.678, 0, 12288, 11862, 254
2026/10/01 23:10:42.884, 0, 12288, 11862, 254
2026/10/01 23:10:43.091, 0, 12288, 11862, 254
2026/10/01 23:10:43.297, 0, 12288, 11862, 254
2026/10/01 23:10:43.503, 0, 12288, 11862, 254
2026/10/01 23:10:43.709, 0, 12288, 11862, 254
2026/10/01 23:10:43.914, 0, 12288, 11862, 254
2026/10/01 23:10:44.121, 0, 12288, 11862, 254
2026/10/01 23:10:44.326, 0, 12288, 11862, 254
2026/10/01 23:10:44.533, 0, 12288, 11862, 254
2026/10/01 23:10:44.739, 0, 12288, 11862, 254
2026/10/01 23:10:44.945, 0, 12288, 11864, 252
2026/10/01 23:10:45.153, 0, 12288, 11864, 252
2026/10/01 23:10:45.359, 0, 12288, 11864, 252
2026/10/01 23:10:45.565, 0, 12288, 11864, 252
2026/10/01 23:10:45.771, 0, 12288, 11864, 252
2026/10/01 23:10:45.978, 0, 12288, 11864, 252
2026/10/01 23:10:46.182, 0, 12288, 11864, 252
2026/10/01 23:10:46.389, 0, 12288, 11864, 252
2026/10/01 23:10:46.596, 0, 12288, 11864, 252
2026/10/01 23:10:46.801, 0, 12288, 11864, 252
2026/10/01 23:10:47.006, 0, 12288, 11864, 252
2026/10/01 23:10:47.214, 0, 12288, 11864, 252
2026/10/01 23:10:47.420, 0, 12288, 11864, 252
2026/10/01 23:10:47.626, 0, 12288, 11864, 252
2026/10/01 23:10:47.832, 0, 12288, 11864, 252
2026/10/01 23:10:48.038, 0, 12288, 11864, 252
2026/10/01 23:10:48.245, 0, 12288, 11864, 252
2026/10/01 23:10:48.450, 0, 12288, 11864, 252
2026/10/01 23:10:48.657, 0, 12288, 11864, 252
2026/10/01 23:10:48.863, 0, 12288, 11864, 252
2026/10/01 23:10:49.069, 0, 12288, 11864, 252
2026/10/01 23:10:49.275, 0, 12288, 11864, 252
2026/10/01 23:10:49.480, 0, 12288, 11864, 252
2026/10/01 23:10:49.687, 0, 12288, 11864, 252
2026/10/01 23:10:49.893, 0, 12288, 11864, 252
2026/10/01 23:10:50.100, 0, 12288, 11864, 252
2026/10/01 23:10:50.307, 0, 12288, 11864, 252
2026/10/01 23:10:50.513, 0, 12288, 11864, 252
2026/10/01 23:10:50.719, 0, 12288, 11864, 252
2026/10/01 23:10:50.926, 0, 12288, 11864, 252
2026/10/01 23:10:51.132, 0, 12288, 11864, 252
2026/10/01 23:10:51.337, 0, 12288, 11864, 252
2026/10/01 23:10:51.543, 0, 12288, 11864, 252
2026/10/01 23:10:51.750, 0, 12288, 11864, 252
2026/10/01 23:10:51.956, 0, 12288, 11864, 252
2026/10/01 23:10:52.162, 0, 12288, 11864, 252
2026/10/01 23:10:52.366, 0, 12288, 11864, 252
2026/10/01 23:10:52.572, 0, 12288, 11864, 252
2026/10/01 23:10:52.778, 0, 12288, 11864, 252
2026/10/01 23:10:52.984, 0, 12288, 11864, 252
2026/10/01 23:10:53.189, 0, 12288, 11864, 252
2026/10/01 23:10:53.394, 0, 12288, 11864, 252
2026/10/01 23:10:53.600, 0, 12288, 11864, 252
2026/10/01 23:10:53.805, 0, 12288, 11864, 252
2026/10/01 23:10:54.012, 0, 12288, 11864, 252
2026/10/01 23:10:54.219, 0, 12288, 11864, 252
2026/10/01 23:10:54.423, 0, 12288, 11864, 252
2026/10/01 23:10:54.629, 0, 12288, 11864, 252
2026/10/01 23:10:54.836, 0, 12288, 11864, 252
2026/10/01 23:10:55.040, 0, 12288, 11864, 252
2026/10/01 23:10:55.246, 0, 12288, 11864, 252
2026/10/01 23:10:55.452, 0, 12288, 11864, 252
2026/10/01 23:10:55.658, 0, 12288, 11864, 252
2026/10/01 23:10:55.864, 0, 12288, 11864, 252
2026/10/01 23:10:56.070, 0, 12288, 11864, 252
2026/10/01 23:10:56.276, 0, 12288, 11872, 244
2026/10/01 23:10:56.482, 0, 12288, 11872, 244
2026/10/01 23:10:56.687, 0, 12288, 11872, 244
2026/10/01 23:10:56.893, 0, 12288, 11872, 244
2026/10/01 23:10:57.100, 0, 12288, 11872, 244
2026/10/01 23:10:57.305, 0, 12288, 11872, 244
2026/10/01 23:10:57.510, 0, 12288, 11872, 244
2026/10/01 23:10:57.717, 0, 12288, 11872, 244
2026/10/01 23:10:57.923, 0, 12288, 11872, 244
2026/10/01 23:10:58.127, 0, 12288, 11864, 252
2026/10/01 23:10:58.334, 0, 12288, 11864, 252
2026/10/01 23:10:58.541, 0, 12288, 11864, 252
2026/10/01 23:10:58.746, 0, 12288, 11864, 252
2026/10/01 23:10:58.953, 0, 12288, 11864, 252
2026/10/01 23:10:59.159, 0, 12288, 11864, 252
2026/10/01 23:10:59.366, 0, 12288, 11864, 252
2026/10/01 23:10:59.573, 0, 12288, 11864, 252
2026/10/01 23:10:59.779, 0, 12288, 11864, 252
2026/10/01 23:10:59.983, 0, 12288, 11864, 252
2026/10/01 23:11:00.190, 0, 12288, 11864, 252
2026/10/01 23:11:00.392, 0, 12288, 11864, 252
2026/10/01 23:11:00.597, 0, 12288, 11864, 252
2026/10/01 23:11:00.802, 0, 12288, 11864, 252
2026/10/01 23:11:01.007, 0, 12288, 11864, 252
2026/10/01 23:11:01.212, 0, 12288, 11864, 252
2026/10/01 23:11:01.418, 0, 12288, 11864, 252
2026/10/01 23:11:01.626, 0, 12288, 11864, 252
2026/10/01 23:11:01.830, 0, 12288, 11864, 252
2026/10/01 23:11:02.036, 0, 12288, 11864, 252
2026/10/01 23:11:02.242, 0, 12288, 11864, 252
2026/10/01 23:11:02.449, 0, 12288, 11864, 252
2026/10/01 23:11:02.656, 0, 12288, 11864, 252
2026/10/01 23:11:02.861, 0, 12288, 11864, 252
2026/10/01 23:11:03.066, 0, 12288, 11864, 252
2026/10/01 23:11:03.271, 0, 12288, 11864, 252
2026/10/01 23:11:03.477, 0, 12288, 11864, 252
2026/10/01 23:11:03.682, 0, 12288, 11864, 252
2026/10/01 23:11:03.888, 0, 12288, 11864, 252
2026/10/01 23:11:04.093, 0, 12288, 11864, 252
2026/10/01 23:11:04.297, 0, 12288, 11864, 252
2026/10/01 23:11:04.503, 0, 12288, 11864, 252
2026/10/01 23:11:04.710, 0, 12288, 11864, 252
2026/10/01 23:11:04.914, 0, 12288, 11864, 252
2026/10/01 23:11:05.118, 0, 12288, 11864, 252
2026/10/01 23:11:05.325, 0, 12288, 11864, 252
2026/10/01 23:11:05.529, 0, 12288, 11864, 252
2026/10/01 23:11:05.735, 0, 12288, 11864, 252
2026/10/01 23:11:05.940, 0, 12288, 11864, 252
2026/10/01 23:11:06.145, 0, 12288, 11864, 252
2026/10/01 23:11:06.350, 0, 12288, 11864, 252
2026/10/01 23:11:06.555, 0, 12288, 11864, 252
2026/10/01 23:11:06.760, 0, 12288, 11864, 252
2026/10/01 23:11:06.967, 0, 12288, 11864, 252
2026/10/01 23:11:07.175, 0, 12288, 11864, 252
2026/10/01 23:11:07.380, 0, 12288, 11864, 252
2026/10/01 23:11:07.587, 0, 12288, 11864, 252
2026/10/01 23:11:07.792, 0, 12288, 11864, 252
2026/10/01 23:11:07.997, 0, 12288, 11864, 252
2026/10/01 23:11:08.202, 0, 12288, 11864, 252
2026/10/01 23:11:08.406, 0, 12288, 11864, 252
2026/10/01 23:11:08.612, 0, 12288, 11864, 252
2026/10/01 23:11:08.817, 0, 12288, 11864, 252
2026/10/01 23:11:09.023, 0, 12288, 11864, 252
2026/10/01 23:11:09.229, 0, 12288, 11864, 252
2026/10/01 23:11:09.435, 0, 12288, 11864, 252
2026/10/01 23:11:09.640, 0, 12288, 11864, 252
2026/10/01 23:11:09.845, 0, 12288, 11864, 252
2026/10/01 23:11:10.052, 0, 12288, 11864, 252
2026/10/01 23:11:10.259, 0, 12288, 11864, 252
2026/10/01 23:11:10.465, 0, 12288, 11864, 252
2026/10/01 23:11:10.670, 0, 12288, 11864, 252
2026/10/01 23:11:10.877, 0, 12288, 11864, 252
2026/10/01 23:11:11.083, 0, 12288, 11864, 252
2026/10/01 23:11:11.288, 0, 12288, 11864, 252
2026/10/01 23:11:11.495, 0, 12288, 11864, 252
2026/10/01 23:11:11.700, 0, 12288, 11864, 252
2026/10/01 23:11:11.907, 0, 12288, 11864, 252
2026/10/01 23:11:12.110, 0, 12288, 11864, 252
2026/10/01 23:11:12.316, 0, 12288, 11864, 252
2026/10/01 23:11:12.523, 0, 12288, 11864, 252
2026/10/01 23:11:12.729, 0, 12288, 11864, 252
2026/10/01 23:11:12.935, 0, 12288, 11864, 252
2026/10/01 23:11:13.141, 0, 12288, 11864, 252
2026/10/01 23:11:13.347, 0, 12288, 11864, 252
2026/10/01 23:11:13.550, 0, 12288, 11864, 252
2026/10/01 23:11:13.755, 0, 12288, 11864, 252
2026/10/01 23:11:13.962, 0, 12288, 11864, 252
2026/10/01 23:11:14.168, 0, 12288, 11864, 252
2026/10/01 23:11:14.374, 0, 12288, 11864, 252
2026/10/01 23:11:14.580, 0, 12288, 11864, 252
2026/10/01 23:11:14.785, 0, 12288, 11864, 252
2026/10/01 23:11:14.991, 0, 12288, 11864, 252
2026/10/01 23:11:15.197, 0, 12288, 11864, 252
2026/10/01 23:11:15.403, 0, 12288, 11864, 252
2026/10/01 23:11:15.609, 0, 12288, 11864, 252
2026/10/01 23:11:15.815, 0, 12288, 11864, 252
2026/10/01 23:11:16.021, 0, 12288, 11864, 252
2026/10/01 23:11:16.227, 0, 12288, 11864, 252
2026/10/01 23:11:16.433, 0, 12288, 11864, 252
2026/10/01 23:11:16.640, 0, 12288, 11864, 252
2026/10/01 23:11:16.846, 0, 12288, 11864, 252
2026/10/01 23:11:17.050, 0, 12288, 11864, 252
2026/10/01 23:11:17.257, 0, 12288, 11864, 252
2026/10/01 23:11:17.464, 0, 12288, 11864, 252
2026/10/01 23:11:17.669, 0, 12288, 11864, 252
2026/10/01 23:11:17.876, 0, 12288, 11864, 252
2026/10/01 23:11:18.083, 0, 12288, 11864, 252
2026/10/01 23:11:18.291, 0, 12288, 11864, 252
2026/10/01 23:11:18.499, 0, 12288, 11864, 252
2026/10/01 23:11:18.706, 0, 12288, 11864, 252
2026/10/01 23:11:18.911, 0, 12288, 11864, 252
2026/10/01 23:11:19.116, 0, 12288, 11864, 252
2026/10/01 23:11:19.320, 0, 12288, 11864, 252
2026/10/01 23:11:19.524, 0, 12288, 11864, 252
2026/10/01 23:11:19.730, 0, 12288, 11864, 252
2026/10/01 23:11:19.935, 0, 12288, 11864, 252
2026/10/01 23:11:20.140, 0, 12288, 11864, 252
2026/10/01 23:11:20.348, 0, 12288, 11864, 252
2026/10/01 23:11:20.554, 0, 12288, 11864, 252
2026/10/01 23:11:20.760, 0, 12288, 11864, 252
2026/10/01 23:11:20.965, 0, 12288, 11864, 252
2026/10/01 23:11:21.172, 0, 12288, 11864, 252
2026/10/01 23:11:21.375, 0, 12288, 11864, 252
2026/10/01 23:11:21.579, 0, 12288, 11864, 252
2026/10/01 23:11:21.785, 0, 12288, 11864, 252
2026/10/01 23:11:21.992, 0, 12288, 11864, 252
2026/10/01 23:11:22.196, 0, 12288, 11864, 252
2026/10/01 23:11:22.403, 0, 12288, 11864, 252
2026/10/01 23:11:22.610, 0, 12288, 11864, 252
2026/10/01 23:11:22.816, 0, 12288, 11864, 252
2026/10/01 23:11:23.023, 0, 12288, 11864, 252
2026/10/01 23:11:23.230, 0, 12288, 11864, 252
2026/10/01 23:11:23.436, 0, 12288, 11864, 252
2026/10/01 23:11:23.643, 0, 12288, 11864, 252
2026/10/01 23:11:23.846, 0, 12288, 11864, 252
2026/10/01 23:11:24.052, 0, 12288, 11864, 252
2026/10/01 23:11:24.259, 0, 12288, 11864, 252
2026/10/01 23:11:24.466, 0, 12288, 11864, 252
2026/10/01 23:11:24.672, 0, 12288, 11864, 252
2026/10/01 23:11:24.877, 0, 12288, 11864, 252
2026/10/01 23:11:25.081, 0, 12288, 11864, 252
2026/10/01 23:11:25.288, 0, 12288, 11864, 252
2026/10/01 23:11:25.494, 0, 12288, 11864, 252
2026/10/01 23:11:25.698, 0, 12288, 11864, 252
2026/10/01 23:11:25.904, 0, 12288, 11864, 252
2026/10/01 23:11:26.112, 0, 12288, 11864, 252
2026/10/01 23:11:26.317, 0, 12288, 11864, 252
2026/10/01 23:11:26.523, 0, 12288, 11864, 252
2026/10/01 23:11:26.730, 0, 12288, 11864, 252
2026/10/01 23:11:26.937, 0, 12288, 11864, 252
2026/10/01 23:11:27.143, 0, 12288, 11864, 252
2026/10/01 23:11:27.349, 0, 12288, 11864, 252
2026/10/01 23:11:27.553, 0, 12288, 11864, 252
2026/10/01 23:11:27.759, 0, 12288, 11864, 252
2026/10/01 23:11:27.965, 0, 12288, 11864, 252
2026/10/01 23:11:28.171, 0, 12288, 11864, 252
2026/10/01 23:11:28.379, 0, 12288, 11864, 252
2026/10/01 23:11:28.586, 0, 12288, 11864, 252
2026/10/01 23:11:28.792, 0, 12288, 11864, 252
2026/10/01 23:11:28.998, 0, 12288, 11864, 252
2026/10/01 23:11:29.206, 0, 12288, 11864, 252
2026/10/01 23:11:29.412, 0, 12288, 11864, 252
2026/10/01 23:11:29.615, 0, 12288, 11864, 252
2026/10/01 23:11:29.822, 0, 12288, 11864, 252
2026/10/01 23:11:30.027, 0, 12288, 11864, 252
2026/10/01 23:11:30.233, 0, 12288, 11864, 252
2026/10/01 23:11:30.439, 0, 12288, 11864, 252
2026/10/01 23:11:30.646, 0, 12288, 11864, 252
2026/10/01 23:11:30.853, 0, 12288, 11864, 252
2026/10/01 23:11:31.060, 0, 12288, 11864, 252
2026/10/01 23:11:31.267, 0, 12288, 11864, 252
2026/10/01 23:11:31.473, 0, 12288, 11864, 252
2026/10/01 23:11:31.680, 0, 12288, 11864, 252
2026/10/01 23:11:31.884, 0, 12288, 11864, 252
2026/10/01 23:11:32.090, 0, 12288, 11864, 252
2026/10/01 23:11:32.297, 0, 12288, 11864, 252
2026/10/01 23:11:32.501, 0, 12288, 11864, 252
2026/10/01 23:11:32.706, 0, 12288, 11864, 252
2026/10/01 23:11:32.911, 0, 12288, 11864, 252
2026/10/01 23:11:33.117, 0, 12288, 11864, 252
2026/10/01 23:11:33.321, 0, 12288, 11864, 252
2026/10/01 23:11:33.526, 0, 12288, 11864, 252
2026/10/01 23:11:33.731, 0, 12288, 11864, 252
2026/10/01 23:11:33.937, 0, 12288, 11864, 252
2026/10/01 23:11:34.144, 0, 12288, 11864, 252
2026/10/01 23:11:34.350, 0, 12288, 11864, 252
2026/10/01 23:11:34.555, 0, 12288, 11864, 252
2026/10/01 23:11:34.761, 0, 12288, 11864, 252
2026/10/01 23:11:34.966, 0, 12288, 11864, 252
2026/10/01 23:11:35.173, 0, 12288, 11864, 252
2026/10/01 23:11:35.378, 0, 12288, 11864, 252
2026/10/01 23:11:35.584, 0, 12288, 11864, 252
2026/10/01 23:11:35.789, 0, 12288, 11864, 252
2026/10/01 23:11:35.994, 0, 12288, 11864, 252
2026/10/01 23:11:36.201, 0, 12288, 11864, 252
2026/10/01 23:11:36.406, 0, 12288, 11864, 252
2026/10/01 23:11:36.613, 0, 12288, 11864, 252
2026/10/01 23:11:36.818, 0, 12288, 11864, 252
2026/10/01 23:11:37.022, 0, 12288, 11864, 252
2026/10/01 23:11:37.229, 0, 12288, 11864, 252
2026/10/01 23:11:37.434, 0, 12288, 11864, 252
2026/10/01 23:11:37.640, 0, 12288, 11864, 252
2026/10/01 23:11:37.847, 0, 12288, 11864, 252
2026/10/01 23:11:38.052, 0, 12288, 11864, 252
2026/10/01 23:11:38.259, 0, 12288, 11864, 252
2026/10/01 23:11:38.465, 0, 12288, 11864, 252
2026/10/01 23:11:38.672, 0, 12288, 11864, 252
2026/10/01 23:11:38.880, 0, 12288, 11864, 252
2026/10/01 23:11:39.085, 0, 12288, 11864, 252
2026/10/01 23:11:39.290, 0, 12288, 11864, 252
2026/10/01 23:11:39.498, 0, 12288, 11864, 252
2026/10/01 23:11:39.703, 0, 12288, 11864, 252
2026/10/01 23:11:39.910, 0, 12288, 11864, 252
2026/10/01 23:11:40.116, 0, 12288, 11864, 252
2026/10/01 23:11:40.321, 0, 12288, 11864, 252
2026/10/01 23:11:40.528, 0, 12288, 11864, 252
2026/10/01 23:11:40.736, 0, 12288, 11864, 252
2026/10/01 23:11:40.940, 0, 12288, 11864, 252
2026/10/01 23:11:41.147, 0, 12288, 11864, 252
2026/10/01 23:11:41.352, 0, 12288, 11864, 252
2026/10/01 23:11:41.558, 0, 12288, 11864, 252
2026/10/01 23:11:41.763, 0, 12288, 11864, 252
2026/10/01 23:11:41.969, 0, 12288, 11864, 252
2026/10/01 23:11:42.174, 0, 12288, 11864, 252
2026/10/01 23:11:42.382, 0, 12288, 11864, 252
2026/10/01 23:11:42.588, 0, 12288, 11864, 252
2026/10/01 23:11:42.791, 0, 12288, 11864, 252
2026/10/01 23:11:42.997, 0, 12288, 11864, 252
2026/10/01 23:11:43.203, 0, 12288, 11864, 252
2026/10/01 23:11:43.407, 0, 12288, 11864, 252
2026/10/01 23:11:43.615, 0, 12288, 11864, 252
2026/10/01 23:11:43.821, 0, 12288, 11864, 252
2026/10/01 23:11:44.028, 0, 12288, 11864, 252
2026/10/01 23:11:44.234, 0, 12288, 11864, 252
2026/10/01 23:11:44.439, 0, 12288, 11864, 252
2026/10/01 23:11:44.646, 0, 12288, 11864, 252
2026/10/01 23:11:44.851, 0, 12288, 11864, 252
2026/10/01 23:11:45.056, 0, 12288, 11864, 252
2026/10/01 23:11:45.261, 0, 12288, 11864, 252
2026/10/01 23:11:45.466, 0, 12288, 11864, 252
2026/10/01 23:11:45.673, 0, 12288, 11864, 252
2026/10/01 23:11:45.879, 0, 12288, 11864, 252
2026/10/01 23:11:46.085, 0, 12288, 11864, 252
2026/10/01 23:11:46.292, 0, 12288, 11864, 252
2026/10/01 23:11:46.499, 0, 12288, 11864, 252
2026/10/01 23:11:46.704, 0, 12288, 11864, 252
2026/10/01 23:11:46.911, 0, 12288, 11864, 252
2026/10/01 23:11:47.115, 0, 12288, 11864, 252
2026/10/01 23:11:47.320, 0, 12288, 11864, 252
2026/10/01 23:11:47.526, 0, 12288, 11864, 252
2026/10/01 23:11:47.731, 0, 12288, 11864, 252
2026/10/01 23:11:47.936, 0, 12288, 11864, 252
2026/10/01 23:11:48.142, 0, 12288, 11864, 252
2026/10/01 23:11:48.348, 0, 12288, 11864, 252
2026/10/01 23:11:48.555, 0, 12288, 11864, 252
2026/10/01 23:11:48.763, 0, 12288, 11864, 252
2026/10/01 23:11:48.968, 0, 12288, 11864, 252
2026/10/01 23:11:49.172, 0, 12288, 11864, 252
2026/10/01 23:11:49.378, 0, 12288, 11864, 252
2026/10/01 23:11:49.584, 0, 12288, 11864, 252
2026/10/01 23:11:49.790, 0, 12288, 11864, 252
2026/10/01 23:11:49.993, 0, 12288, 11864, 252
2026/10/01 23:11:50.196, 0, 12288, 11864, 252
2026/10/01 23:11:50.402, 0, 12288, 11864, 252
2026/10/01 23:11:50.609, 0, 12288, 11864, 252
2026/10/01 23:11:50.815, 0, 12288, 11864, 252
2026/10/01 23:11:51.021, 0, 12288, 11864, 252
2026/10/01 23:11:51.225, 0, 12288, 11864, 252
2026/10/01 23:11:51.431, 0, 12288, 11864, 252
2026/10/01 23:11:51.636, 0, 12288, 11864, 252
2026/10/01 23:11:51.842, 0, 12288, 11864, 252
2026/10/01 23:11:52.049, 0, 12288, 11864, 252
2026/10/01 23:11:52.254, 0, 12288, 11864, 252
2026/10/01 23:11:52.461, 0, 12288, 11864, 252
2026/10/01 23:11:52.666, 0, 12288, 11864, 252
2026/10/01 23:11:52.872, 0, 12288, 11864, 252
2026/10/01 23:11:53.079, 0, 12288, 11864, 252
2026/10/01 23:11:53.285, 0, 12288, 11864, 252
2026/10/01 23:11:53.491, 0, 12288, 11864, 252
2026/10/01 23:11:53.698, 0, 12288, 11864, 252
2026/10/01 23:11:53.904, 0, 12288, 11864, 252
2026/10/01 23:11:54.109, 0, 12288, 11864, 252
2026/10/01 23:11:54.315, 0, 12288, 11864, 252
2026/10/01 23:11:54.522, 0, 12288, 11864, 252
2026/10/01 23:11:54.728, 0, 12288, 11864, 252
2026/10/01 23:11:54.936, 0, 12288, 11864, 252
2026/10/01 23:11:55.142, 0, 12288, 11864, 252
2026/10/01 23:11:55.347, 0, 12288, 11864, 252
2026/10/01 23:11:55.550, 0, 12288, 11864, 252
2026/10/01 23:11:55.757, 0, 12288, 11864, 252
2026/10/01 23:11:55.962, 0, 12288, 11864, 252
2026/10/01 23:11:56.169, 0, 12288, 11864, 252
2026/10/01 23:11:56.375, 0, 12288, 11864, 252
2026/10/01 23:11:56.582, 0, 12288, 11864, 252
2026/10/01 23:11:56.787, 0, 12288, 11864, 252
2026/10/01 23:11:56.989, 0, 12288, 11864, 252
2026/10/01 23:11:57.195, 0, 12288, 11864, 252
2026/10/01 23:11:57.400, 0, 12288, 11864, 252
2026/10/01 23:11:57.607, 0, 12288, 11864, 252
2026/10/01 23:11:57.812, 0, 12288, 11864, 252
2026/10/01 23:11:58.033, 0, 12288, 11864, 252
2026/10/01 23:11:58.240, 0, 12288, 11864, 252
2026/10/01 23:11:58.446, 0, 12288, 11864, 252
2026/10/01 23:11:58.652, 0, 12288, 11864, 252
2026/10/01 23:11:58.857, 0, 12288, 11864, 252
2026/10/01 23:11:59.063, 0, 12288, 11864, 252
2026/10/01 23:11:59.269, 0, 12288, 11864, 252
2026/10/01 23:11:59.475, 0, 12288, 11864, 252
2026/10/01 23:11:59.681, 0, 12288, 11864, 252
2026/10/01 23:11:59.885, 0, 12288, 11864, 252
2026/10/01 23:12:00.091, 0, 12288, 11864, 252
2026/10/01 23:12:00.297, 0, 12288, 11864, 252
2026/10/01 23:12:00.503, 0, 12288, 11864, 252
2026/10/01 23:12:00.710, 0, 12288, 11864, 252
2026/10/01 23:12:00.916, 0, 12288, 11864, 252
2026/10/01 23:12:01.122, 0, 12288, 11864, 252
2026/10/01 23:12:01.328, 0, 12288, 11864, 252
2026/10/01 23:12:01.533, 0, 12288, 11864, 252
2026/10/01 23:12:01.739, 0, 12288, 11864, 252
2026/10/01 23:12:01.945, 0, 12288, 11864, 252
2026/10/01 23:12:02.150, 0, 12288, 11864, 252
2026/10/01 23:12:02.356, 0, 12288, 11864, 252
2026/10/01 23:12:02.562, 0, 12288, 11864, 252
2026/10/01 23:12:02.768, 0, 12288, 11864, 252
2026/10/01 23:12:02.974, 0, 12288, 11864, 252
2026/10/01 23:12:03.178, 0, 12288, 11864, 252
2026/10/01 23:12:03.386, 0, 12288, 11864, 252
2026/10/01 23:12:03.589, 0, 12288, 11864, 252
2026/10/01 23:12:03.795, 0, 12288, 11864, 252
2026/10/01 23:12:04.001, 0, 12288, 11864, 252
2026/10/01 23:12:04.206, 0, 12288, 11864, 252
2026/10/01 23:12:04.411, 0, 12288, 11864, 252
2026/10/01 23:12:04.618, 0, 12288, 11864, 252
2026/10/01 23:12:04.839, 0, 12288, 11864, 252
2026/10/01 23:12:05.045, 0, 12288, 11864, 252
2026/10/01 23:12:05.250, 0, 12288, 11864, 252
2026/10/01 23:12:05.454, 0, 12288, 11864, 252
2026/10/01 23:12:05.660, 0, 12288, 11866, 250
2026/10/01 23:12:05.866, 0, 12288, 11866, 250
2026/10/01 23:12:06.071, 0, 12288, 11866, 250
2026/10/01 23:12:06.276, 0, 12288, 11866, 250
2026/10/01 23:12:06.481, 0, 12288, 11866, 250
2026/10/01 23:12:06.687, 0, 12288, 11866, 250
2026/10/01 23:12:06.893, 0, 12288, 11866, 250
2026/10/01 23:12:07.100, 0, 12288, 11866, 250
2026/10/01 23:12:07.307, 0, 12288, 11866, 250
2026/10/01 23:12:07.513, 0, 12288, 11866, 250
2026/10/01 23:12:07.721, 0, 12288, 11866, 250
2026/10/01 23:12:07.928, 0, 12288, 11866, 250
2026/10/01 23:12:08.133, 0, 12288, 11866, 250
2026/10/01 23:12:08.339, 0, 12288, 11866, 250
2026/10/01 23:12:08.547, 0, 12288, 11866, 250
2026/10/01 23:12:08.752, 0, 12288, 11866, 250
2026/10/01 23:12:08.956, 0, 12288, 11866, 250
2026/10/01 23:12:09.162, 0, 12288, 11866, 250
2026/10/01 23:12:09.370, 0, 12288, 11866, 250
2026/10/01 23:12:09.578, 0, 12288, 11866, 250
2026/10/01 23:12:09.784, 0, 12288, 11866, 250
2026/10/01 23:12:09.991, 0, 12288, 11866, 250
2026/10/01 23:12:10.195, 0, 12288, 11866, 250
2026/10/01 23:12:10.400, 0, 12288, 11866, 250
2026/10/01 23:12:10.607, 0, 12288, 11866, 250
2026/10/01 23:12:10.812, 0, 12288, 11866, 250
2026/10/01 23:12:11.017, 0, 12288, 11866, 250
2026/10/01 23:12:11.224, 0, 12288, 11866, 250
2026/10/01 23:12:11.432, 0, 12288, 11866, 250
2026/10/01 23:12:11.638, 0, 12288, 11866, 250
2026/10/01 23:12:11.844, 0, 12288, 11866, 250
2026/10/01 23:12:12.050, 0, 12288, 11866, 250
2026/10/01 23:12:12.256, 0, 12288, 11866, 250
2026/10/01 23:12:12.462, 0, 12288, 11866, 250
2026/10/01 23:12:12.668, 0, 12288, 11866, 250
2026/10/01 23:12:12.874, 0, 12288, 11866, 250
2026/10/01 23:12:13.080, 0, 12288, 11866, 250
2026/10/01 23:12:13.287, 0, 12288, 11866, 250
2026/10/01 23:12:13.492, 0, 12288, 11866, 250
2026/10/01 23:12:13.698, 0, 12288, 11866, 250
2026/10/01 23:12:13.905, 0, 12288, 11866, 250
2026/10/01 23:12:14.112, 0, 12288, 11866, 250
2026/10/01 23:12:14.317, 0, 12288, 11866, 250
2026/10/01 23:12:14.523, 0, 12288, 11866, 250
2026/10/01 23:12:14.726, 0, 12288, 11866, 250
2026/10/01 23:12:14.932, 0, 12288, 11866, 250
2026/10/01 23:12:15.138, 0, 12288, 11866, 250
2026/10/01 23:12:15.344, 0, 12288, 11866, 250
2026/10/01 23:12:15.551, 0, 12288, 11866, 250
2026/10/01 23:12:15.756, 0, 12288, 11866, 250
2026/10/01 23:12:15.963, 0, 12288, 11866, 250
2026/10/01 23:12:16.166, 0, 12288, 11866, 250
2026/10/01 23:12:16.372, 0, 12288, 11866, 250
2026/10/01 23:12:16.579, 0, 12288, 11866, 250
2026/10/01 23:12:16.785, 0, 12288, 11866, 250
2026/10/01 23:12:16.992, 0, 12288, 11866, 250
2026/10/01 23:12:17.198, 0, 12288, 11866, 250
2026/10/01 23:12:17.403, 0, 12288, 11866, 250
2026/10/01 23:12:17.610, 0, 12288, 11866, 250
2026/10/01 23:12:17.815, 0, 12288, 11866, 250
2026/10/01 23:12:18.021, 0, 12288, 11866, 250
2026/10/01 23:12:18.227, 0, 12288, 11866, 250
2026/10/01 23:12:18.433, 0, 12288, 11866, 250
2026/10/01 23:12:18.639, 0, 12288, 11866, 250
2026/10/01 23:12:18.845, 0, 12288, 11866, 250
2026/10/01 23:12:19.052, 0, 12288, 11866, 250
2026/10/01 23:12:19.257, 0, 12288, 11866, 250
2026/10/01 23:12:19.464, 0, 12288, 11866, 250
2026/10/01 23:12:19.670, 0, 12288, 11866, 250
2026/10/01 23:12:19.876, 0, 12288, 11866, 250
2026/10/01 23:12:20.081, 0, 12288, 11866, 250
2026/10/01 23:12:20.285, 0, 12288, 11866, 250
2026/10/01 23:12:20.490, 0, 12288, 11866, 250
2026/10/01 23:12:20.697, 0, 12288, 11866, 250
2026/10/01 23:12:20.903, 0, 12288, 11866, 250
2026/10/01 23:12:21.108, 0, 12288, 11866, 250
2026/10/01 23:12:21.313, 0, 12288, 11866, 250
2026/10/01 23:12:21.521, 0, 12288, 11866, 250
2026/10/01 23:12:21.728, 0, 12288, 11866, 250
2026/10/01 23:12:21.934, 0, 12288, 11866, 250
2026/10/01 23:12:22.141, 0, 12288, 11866, 250
2026/10/01 23:12:22.348, 0, 12288, 11866, 250
2026/10/01 23:12:22.556, 0, 12288, 11866, 250
2026/10/01 23:12:22.762, 0, 12288, 11866, 250
2026/10/01 23:12:22.969, 0, 12288, 11866, 250
2026/10/01 23:12:23.173, 0, 12288, 11866, 250
2026/10/01 23:12:23.378, 0, 12288, 11866, 250
2026/10/01 23:12:23.583, 0, 12288, 11866, 250
2026/10/01 23:12:23.789, 0, 12288, 11866, 250
2026/10/01 23:12:23.995, 0, 12288, 11866, 250
2026/10/01 23:12:24.203, 0, 12288, 11866, 250
2026/10/01 23:12:24.407, 0, 12288, 11866, 250
2026/10/01 23:12:24.614, 0, 12288, 11866, 250
2026/10/01 23:12:24.820, 0, 12288, 11866, 250
2026/10/01 23:12:25.028, 0, 12288, 11866, 250
2026/10/01 23:12:25.233, 0, 12288, 11866, 250
2026/10/01 23:12:25.439, 0, 12288, 11866, 250
2026/10/01 23:12:25.645, 0, 12288, 11866, 250
2026/10/01 23:12:25.852, 0, 12288, 11866, 250
2026/10/01 23:12:26.055, 0, 12288, 11866, 250
2026/10/01 23:12:26.261, 0, 12288, 11866, 250
2026/10/01 23:12:26.466, 0, 12288, 11866, 250
2026/10/01 23:12:26.673, 0, 12288, 11866, 250
2026/10/01 23:12:26.880, 0, 12288, 11866, 250
2026/10/01 23:12:27.085, 0, 12288, 11866, 250
2026/10/01 23:12:27.291, 0, 12288, 11866, 250
2026/10/01 23:12:27.497, 0, 12288, 11866, 250
2026/10/01 23:12:27.704, 0, 12288, 11866, 250
2026/10/01 23:12:27.908, 0, 12288, 11866, 250
2026/10/01 23:12:28.114, 0, 12288, 11866, 250
2026/10/01 23:12:28.321, 0, 12288, 11866, 250
2026/10/01 23:12:28.528, 0, 12288, 11866, 250
2026/10/01 23:12:28.733, 0, 12288, 11866, 250
2026/10/01 23:12:28.939, 0, 12288, 11866, 250
2026/10/01 23:12:29.144, 0, 12288, 11866, 250
2026/10/01 23:12:29.350, 0, 12288, 11866, 250
2026/10/01 23:12:29.556, 0, 12288, 11866, 250
2026/10/01 23:12:29.762, 0, 12288, 11866, 250
2026/10/01 23:12:29.968, 0, 12288, 11866, 250
2026/10/01 23:12:30.174, 0, 12288, 11866, 250
2026/10/01 23:12:30.380, 0, 12288, 11866, 250
2026/10/01 23:12:30.586, 0, 12288, 11866, 250
2026/10/01 23:12:30.792, 0, 12288, 11866, 250
2026/10/01 23:12:30.998, 0, 12288, 11866, 250
2026/10/01 23:12:31.205, 0, 12288, 11866, 250
2026/10/01 23:12:31.411, 0, 12288, 11866, 250
2026/10/01 23:12:31.616, 0, 12288, 11866, 250
2026/10/01 23:12:31.822, 0, 12288, 11866, 250
2026/10/01 23:12:32.028, 0, 12288, 11866, 250
2026/10/01 23:12:32.235, 0, 12288, 11866, 250
2026/10/01 23:12:32.441, 0, 12288, 11866, 250
2026/10/01 23:12:32.647, 0, 12288, 11866, 250
2026/10/01 23:12:32.852, 0, 12288, 11866, 250
2026/10/01 23:12:33.058, 0, 12288, 11866, 250
2026/10/01 23:12:33.264, 0, 12288, 11866, 250
2026/10/01 23:12:33.469, 0, 12288, 11866, 250
2026/10/01 23:12:33.674, 0, 12288, 11866, 250
2026/10/01 23:12:33.880, 0, 12288, 11866, 250
2026/10/01 23:12:34.085, 0, 12288, 11866, 250
2026/10/01 23:12:34.291, 0, 12288, 11866, 250
2026/10/01 23:12:34.497, 0, 12288, 11866, 250
2026/10/01 23:12:34.703, 0, 12288, 11866, 250
2026/10/01 23:12:34.911, 0, 12288, 11866, 250
2026/10/01 23:12:35.116, 0, 12288, 11866, 250
2026/10/01 23:12:35.321, 0, 12288, 11866, 250
2026/10/01 23:12:35.528, 0, 12288, 11866, 250
2026/10/01 23:12:35.735, 0, 12288, 11866, 250
2026/10/01 23:12:35.941, 0, 12288, 11866, 250
2026/10/01 23:12:36.146, 0, 12288, 11866, 250
2026/10/01 23:12:36.353, 0, 12288, 11866, 250
2026/10/01 23:12:36.560, 0, 12288, 11866, 250
2026/10/01 23:12:36.766, 0, 12288, 11866, 250
2026/10/01 23:12:36.972, 0, 12288, 11866, 250
2026/10/01 23:12:37.179, 0, 12288, 11866, 250
2026/10/01 23:12:37.386, 0, 12288, 11866, 250
2026/10/01 23:12:37.590, 0, 12288, 11866, 250
2026/10/01 23:12:37.797, 0, 12288, 11866, 250
2026/10/01 23:12:38.003, 0, 12288, 11866, 250
2026/10/01 23:12:38.210, 0, 12288, 11866, 250
2026/10/01 23:12:38.417, 0, 12288, 11866, 250
2026/10/01 23:12:38.624, 0, 12288, 11866, 250
2026/10/01 23:12:38.830, 0, 12288, 11866, 250
2026/10/01 23:12:39.038, 0, 12288, 11866, 250
2026/10/01 23:12:39.244, 0, 12288, 11866, 250
2026/10/01 23:12:39.450, 0, 12288, 11866, 250
2026/10/01 23:12:39.654, 0, 12288, 11866, 250
2026/10/01 23:12:39.860, 0, 12288, 11866, 250
2026/10/01 23:12:40.065, 0, 12288, 11866, 250
2026/10/01 23:12:40.287, 0, 12288, 11866, 250
2026/10/01 23:12:40.493, 0, 12288, 11866, 250
2026/10/01 23:12:40.699, 0, 12288, 11866, 250
2026/10/01 23:12:40.906, 0, 12288, 11866, 250
2026/10/01 23:12:41.113, 0, 12288, 11866, 250
2026/10/01 23:12:41.319, 0, 12288, 11866, 250
2026/10/01 23:12:41.525, 0, 12288, 11866, 250
2026/10/01 23:12:41.731, 0, 12288, 11866, 250
2026/10/01 23:12:41.936, 0, 12288, 11866, 250
2026/10/01 23:12:42.142, 0, 12288, 11866, 250
2026/10/01 23:12:42.348, 0, 12288, 11866, 250
2026/10/01 23:12:42.555, 0, 12288, 11866, 250
2026/10/01 23:12:42.760, 0, 12288, 11866, 250
2026/10/01 23:12:42.967, 0, 12288, 11866, 250
2026/10/01 23:12:43.173, 0, 12288, 11866, 250
2026/10/01 23:12:43.381, 0, 12288, 11866, 250
2026/10/01 23:12:43.586, 0, 12288, 11866, 250
2026/10/01 23:12:43.792, 0, 12288, 11866, 250
2026/10/01 23:12:43.999, 0, 12288, 11866, 250
2026/10/01 23:12:44.204, 0, 12288, 11866, 250
2026/10/01 23:12:44.409, 0, 12288, 11866, 250
2026/10/01 23:12:44.616, 0, 12288, 11866, 250
2026/10/01 23:12:44.823, 0, 12288, 11866, 250
2026/10/01 23:12:45.031, 0, 12288, 11866, 250
2026/10/01 23:12:45.239, 0, 12288, 11866, 250
2026/10/01 23:12:45.445, 0, 12288, 11866, 250
2026/10/01 23:12:45.651, 0, 12288, 11866, 250
2026/10/01 23:12:45.857, 0, 12288, 11866, 250
2026/10/01 23:12:46.062, 0, 12288, 11866, 250
2026/10/01 23:12:46.267, 0, 12288, 11866, 250
2026/10/01 23:12:46.473, 0, 12288, 11866, 250
2026/10/01 23:12:46.680, 0, 12288, 11866, 250
2026/10/01 23:12:46.886, 0, 12288, 11866, 250
2026/10/01 23:12:47.093, 0, 12288, 11866, 250
2026/10/01 23:12:47.299, 0, 12288, 11866, 250
2026/10/01 23:12:47.507, 0, 12288, 11866, 250
2026/10/01 23:12:47.714, 0, 12288, 11866, 250
2026/10/01 23:12:47.916, 0, 12288, 11866, 250
2026/10/01 23:12:48.123, 0, 12288, 11866, 250
2026/10/01 23:12:48.328, 0, 12288, 11866, 250
2026/10/01 23:12:48.535, 0, 12288, 11866, 250
2026/10/01 23:12:48.740, 0, 12288, 11866, 250
2026/10/01 23:12:48.946, 0, 12288, 11866, 250
2026/10/01 23:12:49.153, 0, 12288, 11866, 250
2026/10/01 23:12:49.357, 0, 12288, 11866, 250
2026/10/01 23:12:49.564, 0, 12288, 11866, 250
2026/10/01 23:12:49.771, 0, 12288, 11866, 250
2026/10/01 23:12:49.977, 0, 12288, 11866, 250
2026/10/01 23:12:50.180, 0, 12288, 11866, 250
2026/10/01 23:12:50.386, 0, 12288, 11866, 250
2026/10/01 23:12:50.591, 0, 12288, 11866, 250
2026/10/01 23:12:50.797, 0, 12288, 11866, 250
2026/10/01 23:12:51.004, 0, 12288, 11866, 250
2026/10/01 23:12:51.209, 0, 12288, 11866, 250
2026/10/01 23:12:51.416, 0, 12288, 11866, 250
2026/10/01 23:12:51.621, 0, 12288, 11866, 250
2026/10/01 23:12:51.828, 0, 12288, 11866, 250
2026/10/01 23:12:52.033, 0, 12288, 11866, 250
2026/10/01 23:12:52.241, 0, 12288, 11866, 250
2026/10/01 23:12:52.447, 0, 12288, 11866, 250
2026/10/01 23:12:52.654, 0, 12288, 11866, 250
2026/10/01 23:12:52.861, 0, 12288, 11866, 250
2026/10/01 23:12:53.068, 0, 12288, 11866, 250
2026/10/01 23:12:53.275, 0, 12288, 11866, 250
2026/10/01 23:12:53.480, 0, 12288, 11866, 250
2026/10/01 23:12:53.686, 0, 12288, 11866, 250
2026/10/01 23:12:53.892, 0, 12288, 11866, 250
2026/10/01 23:12:54.097, 0, 12288, 11866, 250
2026/10/01 23:12:54.304, 0, 12288, 11866, 250
2026/10/01 23:12:54.509, 0, 12288, 11866, 250
2026/10/01 23:12:54.715, 0, 12288, 11866, 250
2026/10/01 23:12:54.919, 0, 12288, 11866, 250
2026/10/01 23:12:55.123, 0, 12288, 11866, 250
2026/10/01 23:12:55.330, 0, 12288, 11866, 250
2026/10/01 23:12:55.537, 0, 12288, 11866, 250
2026/10/01 23:12:55.745, 0, 12288, 11866, 250
2026/10/01 23:12:55.951, 0, 12288, 11866, 250
2026/10/01 23:12:56.155, 0, 12288, 11866, 250
2026/10/01 23:12:56.361, 0, 12288, 11866, 250
2026/10/01 23:12:56.566, 0, 12288, 11866, 250
2026/10/01 23:12:56.772, 0, 12288, 11866, 250
2026/10/01 23:12:56.979, 0, 12288, 11866, 250
2026/10/01 23:12:57.185, 0, 12288, 11866, 250
2026/10/01 23:12:57.390, 0, 12288, 11866, 250
2026/10/01 23:12:57.595, 0, 12288, 11866, 250
2026/10/01 23:12:57.801, 0, 12288, 11866, 250
2026/10/01 23:12:58.008, 0, 12288, 11866, 250
2026/10/01 23:12:58.214, 0, 12288, 11866, 250
2026/10/01 23:12:58.421, 0, 12288, 11866, 250
2026/10/01 23:12:58.628, 0, 12288, 11866, 250
2026/10/01 23:12:58.832, 0, 12288, 11866, 250
2026/10/01 23:12:59.039, 0, 12288, 11866, 250
2026/10/01 23:12:59.247, 0, 12288, 11866, 250
2026/10/01 23:12:59.452, 0, 12288, 11866, 250
2026/10/01 23:12:59.659, 0, 12288, 11866, 250
2026/10/01 23:12:59.863, 0, 12288, 11866, 250
2026/10/01 23:13:00.070, 0, 12288, 11866, 250
2026/10/01 23:13:00.276, 0, 12288, 11866, 250
2026/10/01 23:13:00.481, 0, 12288, 11866, 250
2026/10/01 23:13:00.687, 0, 12288, 11866, 250
2026/10/01 23:13:00.891, 0, 12288, 11866, 250
2026/10/01 23:13:01.093, 0, 12288, 11866, 250
2026/10/01 23:13:01.299, 0, 12288, 11866, 250
2026/10/01 23:13:01.504, 0, 12288, 11866, 250
2026/10/01 23:13:01.709, 0, 12288, 11866, 250
2026/10/01 23:13:01.915, 0, 12288, 11866, 250
2026/10/01 23:13:02.120, 0, 12288, 11866, 250
2026/10/01 23:13:02.327, 0, 12288, 11866, 250
2026/10/01 23:13:02.534, 0, 12288, 11866, 250
2026/10/01 23:13:02.741, 0, 12288, 11866, 250
2026/10/01 23:13:02.946, 0, 12288, 11866, 250
2026/10/01 23:13:03.152, 0, 12288, 11866, 250
2026/10/01 23:13:03.358, 0, 12288, 11866, 250
2026/10/01 23:13:03.566, 0, 12288, 11866, 250
2026/10/01 23:13:03.772, 0, 12288, 11866, 250
2026/10/01 23:13:03.978, 0, 12288, 11866, 250
2026/10/01 23:13:04.183, 0, 12288, 11866, 250
2026/10/01 23:13:04.388, 0, 12288, 11866, 250
2026/10/01 23:13:04.595, 0, 12288, 11866, 250
2026/10/01 23:13:04.802, 0, 12288, 11866, 250
2026/10/01 23:13:05.008, 0, 12288, 11866, 250
2026/10/01 23:13:05.213, 0, 12288, 11866, 250
2026/10/01 23:13:05.419, 0, 12288, 11866, 250
2026/10/01 23:13:05.624, 0, 12288, 11866, 250
2026/10/01 23:13:05.832, 0, 12288, 11866, 250
2026/10/01 23:13:06.037, 0, 12288, 11866, 250
2026/10/01 23:13:06.243, 0, 12288, 11866, 250
2026/10/01 23:13:06.449, 0, 12288, 11866, 250
2026/10/01 23:13:06.656, 0, 12288, 11866, 250
2026/10/01 23:13:06.862, 0, 12288, 11866, 250
2026/10/01 23:13:07.068, 0, 12288, 11866, 250
2026/10/01 23:13:07.275, 0, 12288, 11866, 250
2026/10/01 23:13:07.480, 0, 12288, 11866, 250
2026/10/01 23:13:07.687, 0, 12288, 11866, 250
2026/10/01 23:13:07.894, 0, 12288, 11866, 250
2026/10/01 23:13:08.100, 0, 12288, 11866, 250
2026/10/01 23:13:08.306, 0, 12288, 11866, 250
2026/10/01 23:13:08.511, 0, 12288, 11866, 250
2026/10/01 23:13:08.717, 0, 12288, 11866, 250
2026/10/01 23:13:08.923, 0, 12288, 11866, 250
2026/10/01 23:13:09.130, 0, 12288, 11866, 250
2026/10/01 23:13:09.334, 0, 12288, 11866, 250
2026/10/01 23:13:09.541, 0, 12288, 11866, 250
2026/10/01 23:13:09.748, 0, 12288, 11866, 250
2026/10/01 23:13:09.954, 0, 12288, 11866, 250
2026/10/01 23:13:10.160, 0, 12288, 11866, 250
2026/10/01 23:13:10.365, 0, 12288, 11866, 250
2026/10/01 23:13:10.573, 0, 12288, 11866, 250
2026/10/01 23:13:10.778, 0, 12288, 11866, 250
2026/10/01 23:13:10.983, 0, 12288, 11866, 250
2026/10/01 23:13:11.187, 0, 12288, 11866, 250
2026/10/01 23:13:11.394, 0, 12288, 11866, 250
2026/10/01 23:13:11.602, 0, 12288, 11866, 250
2026/10/01 23:13:11.808, 0, 12288, 11866, 250
2026/10/01 23:13:12.014, 0, 12288, 11866, 250
2026/10/01 23:13:12.220, 0, 12288, 11866, 250
2026/10/01 23:13:12.427, 0, 12288, 11866, 250
2026/10/01 23:13:12.633, 0, 12288, 11866, 250
2026/10/01 23:13:12.839, 0, 12288, 11866, 250
2026/10/01 23:13:13.045, 0, 12288, 11866, 250
2026/10/01 23:13:13.251, 0, 12288, 11866, 250
2026/10/01 23:13:13.456, 0, 12288, 11866, 250
2026/10/01 23:13:13.663, 0, 12288, 11866, 250
2026/10/01 23:13:13.870, 0, 12288, 11866, 250
2026/10/01 23:13:14.075, 0, 12288, 11866, 250
2026/10/01 23:13:14.282, 0, 12288, 11866, 250
2026/10/01 23:13:14.488, 0, 12288, 11866, 250
2026/10/01 23:13:14.694, 0, 12288, 11866, 250
2026/10/01 23:13:14.900, 0, 12288, 11866, 250
2026/10/01 23:13:15.105, 0, 12288, 11866, 250
2026/10/01 23:13:15.312, 0, 12288, 11866, 250
2026/10/01 23:13:15.518, 0, 12288, 11866, 250
2026/10/01 23:13:15.724, 0, 12288, 11866, 250
2026/10/01 23:13:15.930, 0, 12288, 11866, 250
2026/10/01 23:13:16.134, 0, 12288, 11866, 250
2026/10/01 23:13:16.341, 0, 12288, 11866, 250
2026/10/01 23:13:16.546, 0, 12288, 11866, 250
2026/10/01 23:13:16.753, 0, 12288, 11866, 250
2026/10/01 23:13:16.960, 0, 12288, 11866, 250
2026/10/01 23:13:17.165, 0, 12288, 11866, 250
2026/10/01 23:13:17.371, 0, 12288, 11866, 250
2026/10/01 23:13:17.577, 0, 12288, 11866, 250
2026/10/01 23:13:17.783, 0, 12288, 11866, 250
2026/10/01 23:13:17.990, 0, 12288, 11866, 250
2026/10/01 23:13:18.197, 0, 12288, 11866, 250
2026/10/01 23:13:18.403, 0, 12288, 11866, 250
2026/10/01 23:13:18.609, 0, 12288, 11866, 250
2026/10/01 23:13:18.816, 0, 12288, 11866, 250
2026/10/01 23:13:19.022, 0, 12288, 11866, 250
2026/10/01 23:13:19.226, 0, 12288, 11866, 250
2026/10/01 23:13:19.433, 0, 12288, 11866, 250
2026/10/01 23:13:19.638, 0, 12288, 11866, 250
2026/10/01 23:13:19.845, 0, 12288, 11866, 250
2026/10/01 23:13:20.050, 0, 12288, 11866, 250
2026/10/01 23:13:20.256, 0, 12288, 11866, 250
2026/10/01 23:13:20.462, 0, 12288, 11866, 250
2026/10/01 23:13:20.668, 0, 12288, 11866, 250
2026/10/01 23:13:20.869, 0, 12288, 11866, 250
2026/10/01 23:13:21.075, 0, 12288, 11866, 250
2026/10/01 23:13:21.281, 0, 12288, 11866, 250
2026/10/01 23:13:21.485, 0, 12288, 11866, 250
2026/10/01 23:13:21.692, 0, 12288, 11866, 250
2026/10/01 23:13:21.898, 0, 12288, 11866, 250
2026/10/01 23:13:22.102, 0, 12288, 11866, 250
2026/10/01 23:13:22.308, 0, 12288, 11866, 250
2026/10/01 23:13:22.513, 0, 12288, 11866, 250
2026/10/01 23:13:22.720, 0, 12288, 11866, 250
2026/10/01 23:13:22.926, 0, 12288, 11866, 250
2026/10/01 23:13:23.132, 0, 12288, 11866, 250
2026/10/01 23:13:23.337, 0, 12288, 11866, 250
2026/10/01 23:13:23.544, 0, 12288, 11866, 250
2026/10/01 23:13:23.749, 0, 12288, 11866, 250
2026/10/01 23:13:23.956, 0, 12288, 11866, 250
2026/10/01 23:13:24.160, 0, 12288, 11866, 250
2026/10/01 23:13:24.367, 0, 12288, 11866, 250
2026/10/01 23:13:24.574, 0, 12288, 11866, 250
2026/10/01 23:13:24.781, 0, 12288, 11866, 250
2026/10/01 23:13:24.987, 0, 12288, 11866, 250
2026/10/01 23:13:25.194, 0, 12288, 11866, 250
2026/10/01 23:13:25.400, 0, 12288, 11866, 250
2026/10/01 23:13:25.604, 0, 12288, 11866, 250
2026/10/01 23:13:25.811, 0, 12288, 11866, 250
2026/10/01 23:13:26.015, 0, 12288, 11866, 250
2026/10/01 23:13:26.222, 0, 12288, 11866, 250
2026/10/01 23:13:26.429, 0, 12288, 11866, 250
2026/10/01 23:13:26.635, 0, 12288, 11866, 250
2026/10/01 23:13:26.841, 0, 12288, 11866, 250
2026/10/01 23:13:27.048, 0, 12288, 11866, 250
2026/10/01 23:13:27.254, 0, 12288, 11866, 250
2026/10/01 23:13:27.460, 0, 12288, 11866, 250
2026/10/01 23:13:27.666, 0, 12288, 11866, 250
2026/10/01 23:13:27.872, 0, 12288, 11866, 250
2026/10/01 23:13:28.077, 0, 12288, 11866, 250
2026/10/01 23:13:28.284, 0, 12288, 11866, 250
2026/10/01 23:13:28.491, 0, 12288, 11866, 250
2026/10/01 23:13:28.698, 0, 12288, 11866, 250
2026/10/01 23:13:28.903, 0, 12288, 11866, 250
2026/10/01 23:13:29.107, 0, 12288, 11866, 250
2026/10/01 23:13:29.312, 0, 12288, 11866, 250
2026/10/01 23:13:29.517, 0, 12288, 11866, 250
2026/10/01 23:13:29.722, 0, 12288, 11866, 250
2026/10/01 23:13:29.929, 0, 12288, 11866, 250
2026/10/01 23:13:30.134, 0, 12288, 11866, 250
2026/10/01 23:13:30.338, 0, 12288, 11866, 250
2026/10/01 23:13:30.544, 0, 12288, 11866, 250
2026/10/01 23:13:30.752, 0, 12288, 11866, 250
2026/10/01 23:13:30.956, 0, 12288, 11866, 250
2026/10/01 23:13:31.162, 0, 12288, 11866, 250
2026/10/01 23:13:31.367, 0, 12288, 11866, 250
2026/10/01 23:13:31.575, 0, 12288, 11866, 250
2026/10/01 23:13:31.781, 0, 12288, 11866, 250
2026/10/01 23:13:31.987, 0, 12288, 11866, 250
2026/10/01 23:13:32.193, 0, 12288, 11866, 250
2026/10/01 23:13:32.397, 0, 12288, 11866, 250
2026/10/01 23:13:32.605, 0, 12288, 11866, 250
2026/10/01 23:13:32.811, 0, 12288, 11866, 250
2026/10/01 23:13:33.017, 0, 12288, 11866, 250
2026/10/01 23:13:33.224, 0, 12288, 11866, 250
2026/10/01 23:13:33.428, 0, 12288, 11866, 250
2026/10/01 23:13:33.634, 0, 12288, 11866, 250
2026/10/01 23:13:33.840, 0, 12288, 11866, 250
2026/10/01 23:13:34.047, 0, 12288, 11866, 250
2026/10/01 23:13:34.253, 0, 12288, 11866, 250
2026/10/01 23:13:34.458, 0, 12288, 11866, 250
2026/10/01 23:13:34.664, 0, 12288, 11866, 250
2026/10/01 23:13:34.870, 0, 12288, 11866, 250
2026/10/01 23:13:35.075, 0, 12288, 11866, 250
2026/10/01 23:13:35.281, 0, 12288, 11866, 250
2026/10/01 23:13:35.485, 0, 12288, 11866, 250
2026/10/01 23:13:35.691, 0, 12288, 11866, 250
2026/10/01 23:13:35.896, 0, 12288, 11866, 250
2026/10/01 23:13:36.102, 0, 12288, 11866, 250
2026/10/01 23:13:36.307, 0, 12288, 11866, 250
2026/10/01 23:13:36.513, 0, 12288, 11866, 250
2026/10/01 23:13:36.718, 0, 12288, 11866, 250
2026/10/01 23:13:36.924, 0, 12288, 11866, 250
2026/10/01 23:13:37.129, 0, 12288, 11866, 250
2026/10/01 23:13:37.335, 0, 12288, 11866, 250
2026/10/01 23:13:37.541, 0, 12288, 11866, 250
2026/10/01 23:13:37.746, 0, 12288, 11866, 250
2026/10/01 23:13:37.952, 0, 12288, 11866, 250
2026/10/01 23:13:38.159, 0, 12288, 11866, 250
2026/10/01 23:13:38.365, 0, 12288, 11866, 250
2026/10/01 23:13:38.572, 0, 12288, 11866, 250
2026/10/01 23:13:38.778, 0, 12288, 11866, 250
2026/10/01 23:13:38.985, 0, 12288, 11866, 250
2026/10/01 23:13:39.188, 0, 12288, 11866, 250
2026/10/01 23:13:39.394, 0, 12288, 11866, 250
2026/10/01 23:13:39.601, 0, 12288, 11866, 250
2026/10/01 23:13:39.808, 0, 12288, 11866, 250
2026/10/01 23:13:40.014, 0, 12288, 11866, 250
2026/10/01 23:13:40.221, 0, 12288, 11866, 250
2026/10/01 23:13:40.427, 0, 12288, 11866, 250
2026/10/01 23:13:40.634, 0, 12288, 11866, 250
2026/10/01 23:13:40.840, 0, 12288, 11866, 250
2026/10/01 23:13:41.045, 0, 12288, 11866, 250
2026/10/01 23:13:41.250, 0, 12288, 11866, 250
2026/10/01 23:13:41.456, 0, 12288, 11866, 250
2026/10/01 23:13:41.661, 0, 12288, 11866, 250
2026/10/01 23:13:41.867, 0, 12288, 11866, 250
2026/10/01 23:13:42.072, 0, 12288, 11866, 250
2026/10/01 23:13:42.279, 0, 12288, 11866, 250
2026/10/01 23:13:42.486, 0, 12288, 11866, 250
2026/10/01 23:13:42.691, 0, 12288, 11866, 250
2026/10/01 23:13:42.897, 0, 12288, 11866, 250
2026/10/01 23:13:43.102, 0, 12288, 11866, 250
2026/10/01 23:13:43.308, 0, 12288, 11866, 250
2026/10/01 23:13:43.515, 0, 12288, 11866, 250
2026/10/01 23:13:43.722, 0, 12288, 11866, 250
2026/10/01 23:13:43.929, 0, 12288, 11866, 250
2026/10/01 23:13:44.135, 0, 12288, 11866, 250
2026/10/01 23:13:44.357, 0, 12288, 11866, 250
2026/10/01 23:13:44.562, 0, 12288, 11866, 250
2026/10/01 23:13:44.769, 0, 12288, 11866, 250
2026/10/01 23:13:44.975, 0, 12288, 11866, 250
2026/10/01 23:13:45.180, 0, 12288, 11866, 250
2026/10/01 23:13:45.389, 0, 12288, 11866, 250
2026/10/01 23:13:45.593, 0, 12288, 11866, 250
2026/10/01 23:13:45.799, 0, 12288, 11866, 250
2026/10/01 23:13:46.006, 0, 12288, 11866, 250
2026/10/01 23:13:46.211, 0, 12288, 11866, 250
2026/10/01 23:13:46.417, 0, 12288, 11866, 250
2026/10/01 23:13:46.624, 0, 12288, 11866, 250
2026/10/01 23:13:46.830, 0, 12288, 11866, 250
2026/10/01 23:13:47.036, 0, 12288, 11866, 250
2026/10/01 23:13:47.243, 0, 12288, 11866, 250
2026/10/01 23:13:47.448, 0, 12288, 11866, 250
2026/10/01 23:13:47.654, 0, 12288, 11866, 250
2026/10/01 23:13:47.860, 0, 12288, 11866, 250
2026/10/01 23:13:48.066, 0, 12288, 11866, 250
2026/10/01 23:13:48.272, 0, 12288, 11866, 250
2026/10/01 23:13:48.479, 0, 12288, 11866, 250
2026/10/01 23:13:48.685, 0, 12288, 11866, 250
2026/10/01 23:13:48.891, 0, 12288, 11866, 250
2026/10/01 23:13:49.097, 0, 12288, 11866, 250
2026/10/01 23:13:49.304, 0, 12288, 11866, 250
2026/10/01 23:13:49.509, 0, 12288, 11866, 250
2026/10/01 23:13:49.715, 0, 12288, 11866, 250
2026/10/01 23:13:49.921, 0, 12288, 11866, 250
2026/10/01 23:13:50.128, 0, 12288, 11866, 250
2026/10/01 23:13:50.333, 0, 12288, 11866, 250
2026/10/01 23:13:50.537, 0, 12288, 11866, 250
2026/10/01 23:13:50.744, 0, 12288, 11866, 250
2026/10/01 23:13:50.951, 0, 12288, 11866, 250
2026/10/01 23:13:51.173, 0, 12288, 11866, 250
2026/10/01 23:13:51.379, 0, 12288, 11866, 250
2026/10/01 23:13:51.583, 0, 12288, 11866, 250
2026/10/01 23:13:51.791, 0, 12288, 11866, 250
2026/10/01 23:13:51.997, 0, 12288, 11866, 250
2026/10/01 23:13:52.204, 0, 12288, 11866, 250
2026/10/01 23:13:52.410, 0, 12288, 11866, 250
2026/10/01 23:13:52.616, 0, 12288, 11866, 250
2026/10/01 23:13:52.824, 0, 12288, 11866, 250
2026/10/01 23:13:53.030, 0, 12288, 11866, 250
2026/10/01 23:13:53.233, 0, 12288, 11866, 250
2026/10/01 23:13:53.440, 0, 12288, 11866, 250
2026/10/01 23:13:53.647, 0, 12288, 11866, 250
2026/10/01 23:13:53.854, 0, 12288, 11866, 250
2026/10/01 23:13:54.060, 0, 12288, 11866, 250
2026/10/01 23:13:54.266, 0, 12288, 11866, 250
2026/10/01 23:13:54.472, 0, 12288, 11866, 250
2026/10/01 23:13:54.679, 0, 12288, 11866, 250
2026/10/01 23:13:54.883, 0, 12288, 11866, 250
2026/10/01 23:13:55.089, 0, 12288, 11866, 250
2026/10/01 23:13:55.295, 0, 12288, 11866, 250
2026/10/01 23:13:55.502, 0, 12288, 11866, 250
2026/10/01 23:13:55.708, 0, 12288, 11866, 250
2026/10/01 23:13:55.914, 0, 12288, 11866, 250
2026/10/01 23:13:56.118, 0, 12288, 11874, 242
2026/10/01 23:13:56.326, 0, 12288, 11874, 242
2026/10/01 23:13:56.531, 0, 12288, 11874, 242
2026/10/01 23:13:56.737, 0, 12288, 11874, 242
2026/10/01 23:13:56.941, 0, 12288, 11874, 242
2026/10/01 23:13:57.145, 0, 12288, 11874, 242
2026/10/01 23:13:57.351, 0, 12288, 11874, 242
2026/10/01 23:13:57.557, 0, 12288, 11874, 242
2026/10/01 23:13:57.764, 0, 12288, 11874, 242
2026/10/01 23:13:57.970, 0, 12288, 11874, 242
2026/10/01 23:13:58.176, 0, 12288, 11866, 250
2026/10/01 23:13:58.381, 0, 12288, 11866, 250
2026/10/01 23:13:58.587, 0, 12288, 11866, 250
2026/10/01 23:13:58.793, 0, 12288, 11866, 250
2026/10/01 23:13:58.999, 0, 12288, 11866, 250
2026/10/01 23:13:59.204, 0, 12288, 11866, 250
2026/10/01 23:13:59.410, 0, 12288, 11866, 250
2026/10/01 23:13:59.615, 0, 12288, 11866, 250
2026/10/01 23:13:59.823, 0, 12288, 11866, 250
2026/10/01 23:14:00.029, 0, 12288, 11866, 250
2026/10/01 23:14:00.234, 0, 12288, 11866, 250
2026/10/01 23:14:00.441, 0, 12288, 11866, 250
2026/10/01 23:14:00.646, 0, 12288, 11866, 250
2026/10/01 23:14:00.850, 0, 12288, 11866, 250
2026/10/01 23:14:01.056, 0, 12288, 11866, 250
2026/10/01 23:14:01.260, 0, 12288, 11866, 250
2026/10/01 23:14:01.467, 0, 12288, 11866, 250
2026/10/01 23:14:01.672, 0, 12288, 11866, 250
2026/10/01 23:14:01.879, 0, 12288, 11866, 250
2026/10/01 23:14:02.086, 0, 12288, 11866, 250
2026/10/01 23:14:02.292, 0, 12288, 11866, 250
2026/10/01 23:14:02.498, 0, 12288, 11866, 250
2026/10/01 23:14:02.703, 0, 12288, 11866, 250
2026/10/01 23:14:02.910, 0, 12288, 11866, 250
2026/10/01 23:14:03.116, 0, 12288, 11866, 250
2026/10/01 23:14:03.323, 0, 12288, 11866, 250
2026/10/01 23:14:03.527, 0, 12288, 11866, 250
2026/10/01 23:14:03.734, 0, 12288, 11866, 250
2026/10/01 23:14:03.942, 0, 12288, 11866, 250
2026/10/01 23:14:04.148, 0, 12288, 11866, 250
2026/10/01 23:14:04.352, 0, 12288, 11866, 250
2026/10/01 23:14:04.559, 0, 12288, 11866, 250
2026/10/01 23:14:04.765, 0, 12288, 11866, 250
2026/10/01 23:14:04.970, 0, 12288, 11866, 250
2026/10/01 23:14:05.177, 0, 12288, 11866, 250
2026/10/01 23:14:05.383, 0, 12288, 11866, 250
2026/10/01 23:14:05.589, 0, 12288, 11866, 250
2026/10/01 23:14:05.794, 0, 12288, 11866, 250
2026/10/01 23:14:05.999, 0, 12288, 11866, 250
2026/10/01 23:14:06.206, 0, 12288, 11866, 250
2026/10/01 23:14:06.412, 0, 12288, 11866, 250
2026/10/01 23:14:06.616, 0, 12288, 11866, 250
2026/10/01 23:14:06.823, 0, 12288, 11866, 250
2026/10/01 23:14:07.029, 0, 12288, 11866, 250
2026/10/01 23:14:07.236, 0, 12288, 11866, 250
2026/10/01 23:14:07.442, 0, 12288, 11866, 250
2026/10/01 23:14:07.648, 0, 12288, 11866, 250
2026/10/01 23:14:07.856, 0, 12288, 11866, 250
2026/10/01 23:14:08.063, 0, 12288, 11866, 250
2026/10/01 23:14:08.270, 0, 12288, 11866, 250
2026/10/01 23:14:08.474, 0, 12288, 11866, 250
2026/10/01 23:14:08.680, 0, 12288, 11866, 250
2026/10/01 23:14:08.887, 0, 12288, 11866, 250
2026/10/01 23:14:09.094, 0, 12288, 11866, 250
2026/10/01 23:14:09.300, 0, 12288, 11866, 250
2026/10/01 23:14:09.506, 0, 12288, 11866, 250
2026/10/01 23:14:09.712, 0, 12288, 11866, 250
2026/10/01 23:14:09.917, 0, 12288, 11866, 250
2026/10/01 23:14:10.123, 0, 12288, 11866, 250
2026/10/01 23:14:10.329, 0, 12288, 11866, 250
2026/10/01 23:14:10.535, 0, 12288, 11866, 250
2026/10/01 23:14:10.741, 0, 12288, 11866, 250
2026/10/01 23:14:10.946, 0, 12288, 11866, 250
2026/10/01 23:14:11.151, 0, 12288, 11866, 250
2026/10/01 23:14:11.355, 0, 12288, 11866, 250
2026/10/01 23:14:11.561, 0, 12288, 11866, 250
2026/10/01 23:14:11.766, 0, 12288, 11866, 250
2026/10/01 23:14:11.972, 0, 12288, 11866, 250
2026/10/01 23:14:12.177, 0, 12288, 11866, 250
2026/10/01 23:14:12.383, 0, 12288, 11866, 250
2026/10/01 23:14:12.589, 0, 12288, 11866, 250
2026/10/01 23:14:12.794, 0, 12288, 11866, 250
2026/10/01 23:14:12.999, 0, 12288, 11866, 250
2026/10/01 23:14:13.206, 0, 12288, 11866, 250
2026/10/01 23:14:13.413, 0, 12288, 11866, 250
2026/10/01 23:14:13.619, 0, 12288, 11866, 250
2026/10/01 23:14:13.825, 0, 12288, 11866, 250
2026/10/01 23:14:14.031, 0, 12288, 11866, 250
2026/10/01 23:14:14.236, 0, 12288, 11866, 250
2026/10/01 23:14:14.441, 0, 12288, 11866, 250
2026/10/01 23:14:14.648, 0, 12288, 11866, 250
2026/10/01 23:14:14.854, 0, 12288, 11866, 250
2026/10/01 23:14:15.059, 0, 12288, 11866, 250
2026/10/01 23:14:15.267, 0, 12288, 11866, 250
2026/10/01 23:14:15.474, 0, 12288, 11866, 250
2026/10/01 23:14:15.681, 0, 12288, 11866, 250
2026/10/01 23:14:15.886, 0, 12288, 11866, 250
2026/10/01 23:14:16.092, 0, 12288, 11866, 250
2026/10/01 23:14:16.296, 0, 12288, 11866, 250
2026/10/01 23:14:16.503, 0, 12288, 11866, 250
2026/10/01 23:14:16.708, 0, 12288, 11866, 250
2026/10/01 23:14:16.914, 0, 12288, 11866, 250
2026/10/01 23:14:17.121, 0, 12288, 11866, 250
2026/10/01 23:14:17.327, 0, 12288, 11866, 250
2026/10/01 23:14:17.533, 0, 12288, 11866, 250
2026/10/01 23:14:17.739, 0, 12288, 11866, 250
2026/10/01 23:14:17.946, 0, 12288, 11866, 250
2026/10/01 23:14:18.151, 0, 12288, 11866, 250
2026/10/01 23:14:18.357, 0, 12288, 11866, 250
2026/10/01 23:14:18.563, 0, 12288, 11866, 250
2026/10/01 23:14:18.770, 0, 12288, 11866, 250
2026/10/01 23:14:18.975, 0, 12288, 11866, 250
2026/10/01 23:14:19.180, 0, 12288, 11866, 250
2026/10/01 23:14:19.388, 0, 12288, 11866, 250
2026/10/01 23:14:19.592, 0, 12288, 11866, 250
2026/10/01 23:14:19.798, 0, 12288, 11866, 250
2026/10/01 23:14:20.003, 0, 12288, 11866, 250
2026/10/01 23:14:20.208, 0, 12288, 11866, 250
2026/10/01 23:14:20.415, 0, 12288, 11866, 250
2026/10/01 23:14:20.621, 0, 12288, 11866, 250
2026/10/01 23:14:20.828, 0, 12288, 11866, 250
2026/10/01 23:14:21.034, 0, 12288, 11866, 250
2026/10/01 23:14:21.238, 0, 12288, 11866, 250
2026/10/01 23:14:21.443, 0, 12288, 11866, 250
2026/10/01 23:14:21.648, 0, 12288, 11866, 250
2026/10/01 23:14:21.854, 0, 12288, 11866, 250
2026/10/01 23:14:22.060, 0, 12288, 11866, 250
2026/10/01 23:14:22.267, 0, 12288, 11866, 250
2026/10/01 23:14:22.473, 0, 12288, 11866, 250
2026/10/01 23:14:22.681, 0, 12288, 11866, 250
2026/10/01 23:14:22.888, 0, 12288, 11866, 250
2026/10/01 23:14:23.093, 0, 12288, 11866, 250
2026/10/01 23:14:23.300, 0, 12288, 11866, 250
2026/10/01 23:14:23.506, 0, 12288, 11866, 250
2026/10/01 23:14:23.712, 0, 12288, 11866, 250
2026/10/01 23:14:23.919, 0, 12288, 11866, 250
2026/10/01 23:14:24.124, 0, 12288, 11866, 250
2026/10/01 23:14:24.331, 0, 12288, 11866, 250
2026/10/01 23:14:24.537, 0, 12288, 11866, 250
2026/10/01 23:14:24.743, 0, 12288, 11866, 250
2026/10/01 23:14:24.947, 0, 12288, 11866, 250
2026/10/01 23:14:25.152, 0, 12288, 11866, 250
2026/10/01 23:14:25.358, 0, 12288, 11866, 250
2026/10/01 23:14:25.564, 0, 12288, 11866, 250
2026/10/01 23:14:25.771, 0, 12288, 11866, 250
2026/10/01 23:14:25.976, 0, 12288, 11866, 250
2026/10/01 23:14:26.181, 0, 12288, 11866, 250
2026/10/01 23:14:26.386, 0, 12288, 11866, 250
2026/10/01 23:14:26.607, 0, 12288, 11866, 250
2026/10/01 23:14:26.813, 0, 12288, 11866, 250
2026/10/01 23:14:27.018, 0, 12288, 11866, 250
2026/10/01 23:14:27.224, 0, 12288, 11866, 250
2026/10/01 23:14:27.429, 0, 12288, 11866, 250
2026/10/01 23:14:27.635, 0, 12288, 11866, 250
2026/10/01 23:14:27.842, 0, 12288, 11866, 250
2026/10/01 23:14:28.047, 0, 12288, 11866, 250
2026/10/01 23:14:28.253, 0, 12288, 11868, 248
2026/10/01 23:14:28.461, 0, 12288, 11868, 248
2026/10/01 23:14:28.667, 0, 12288, 11868, 248
2026/10/01 23:14:28.874, 0, 12288, 11868, 248
2026/10/01 23:14:29.078, 0, 12288, 11868, 248
2026/10/01 23:14:29.285, 0, 12288, 11868, 248
2026/10/01 23:14:29.491, 0, 12288, 11868, 248
2026/10/01 23:14:29.698, 0, 12288, 11868, 248
2026/10/01 23:14:29.904, 0, 12288, 11868, 248
2026/10/01 23:14:30.108, 0, 12288, 11868, 248
2026/10/01 23:14:30.315, 0, 12288, 11868, 248
2026/10/01 23:14:30.519, 0, 12288, 11868, 248
2026/10/01 23:14:30.726, 0, 12288, 11868, 248
2026/10/01 23:14:30.933, 0, 12288, 11868, 248
2026/10/01 23:14:31.139, 0, 12288, 11868, 248
2026/10/01 23:14:31.346, 0, 12288, 11868, 248
2026/10/01 23:14:31.551, 0, 12288, 11868, 248
2026/10/01 23:14:31.757, 0, 12288, 11868, 248
2026/10/01 23:14:31.964, 0, 12288, 11868, 248
2026/10/01 23:14:32.169, 0, 12288, 11868, 248
2026/10/01 23:14:32.375, 0, 12288, 11868, 248
2026/10/01 23:14:32.581, 0, 12288, 11868, 248
2026/10/01 23:14:32.789, 0, 12288, 11868, 248
2026/10/01 23:14:32.993, 0, 12288, 11868, 248
2026/10/01 23:14:33.197, 0, 12288, 11868, 248
2026/10/01 23:14:33.402, 0, 12288, 11868, 248
2026/10/01 23:14:33.609, 0, 12288, 11868, 248
2026/10/01 23:14:33.815, 0, 12288, 11868, 248
2026/10/01 23:14:34.022, 0, 12288, 11868, 248
2026/10/01 23:14:34.229, 0, 12288, 11868, 248
2026/10/01 23:14:34.436, 0, 12288, 11868, 248
2026/10/01 23:14:34.642, 0, 12288, 11868, 248
2026/10/01 23:14:34.846, 0, 12288, 11868, 248
2026/10/01 23:14:35.052, 0, 12288, 11868, 248
2026/10/01 23:14:35.259, 0, 12288, 11868, 248
2026/10/01 23:14:35.465, 0, 12288, 11868, 248
2026/10/01 23:14:35.670, 0, 12288, 11868, 248
2026/10/01 23:14:35.876, 0, 12288, 11868, 248
2026/10/01 23:14:36.083, 0, 12288, 11868, 248
2026/10/01 23:14:36.290, 0, 12288, 11868, 248
2026/10/01 23:14:36.498, 0, 12288, 11868, 248
2026/10/01 23:14:36.704, 0, 12288, 11868, 248
2026/10/01 23:14:36.910, 0, 12288, 11868, 248
2026/10/01 23:14:37.114, 0, 12288, 11868, 248
2026/10/01 23:14:37.320, 0, 12288, 11868, 248
2026/10/01 23:14:37.527, 0, 12288, 11868, 248
2026/10/01 23:14:37.733, 0, 12288, 11868, 248
2026/10/01 23:14:37.941, 0, 12288, 11868, 248
2026/10/01 23:14:38.148, 0, 12288, 11868, 248
2026/10/01 23:14:38.354, 0, 12288, 11868, 248
2026/10/01 23:14:38.560, 0, 12288, 11868, 248
2026/10/01 23:14:38.767, 0, 12288, 11868, 248
2026/10/01 23:14:38.971, 0, 12288, 11868, 248
2026/10/01 23:14:39.176, 0, 12288, 11868, 248
2026/10/01 23:14:39.382, 0, 12288, 11868, 248
2026/10/01 23:14:39.589, 0, 12288, 11868, 248
2026/10/01 23:14:39.795, 0, 12288, 11868, 248
2026/10/01 23:14:40.002, 0, 12288, 11868, 248
2026/10/01 23:14:40.209, 0, 12288, 11868, 248
2026/10/01 23:14:40.413, 0, 12288, 11868, 248
2026/10/01 23:14:40.619, 0, 12288, 11868, 248
2026/10/01 23:14:40.827, 0, 12288, 11868, 248
2026/10/01 23:14:41.032, 0, 12288, 11868, 248
2026/10/01 23:14:41.239, 0, 12288, 11868, 248
2026/10/01 23:14:41.444, 0, 12288, 11868, 248
2026/10/01 23:14:41.648, 0, 12288, 11868, 248
2026/10/01 23:14:41.854, 0, 12288, 11868, 248
2026/10/01 23:14:42.060, 0, 12288, 11868, 248
2026/10/01 23:14:42.265, 0, 12288, 11868, 248
2026/10/01 23:14:42.472, 0, 12288, 11868, 248
2026/10/01 23:14:42.678, 0, 12288, 11868, 248
2026/10/01 23:14:42.884, 0, 12288, 11868, 248
2026/10/01 23:14:43.091, 0, 12288, 11868, 248
2026/10/01 23:14:43.296, 0, 12288, 11868, 248
2026/10/01 23:14:43.502, 0, 12288, 11868, 248
2026/10/01 23:14:43.707, 0, 12288, 11868, 248
2026/10/01 23:14:43.913, 0, 12288, 11868, 248
2026/10/01 23:14:44.118, 0, 12288, 11868, 248
2026/10/01 23:14:44.341, 0, 12288, 11868, 248
2026/10/01 23:14:44.547, 0, 12288, 11868, 248
2026/10/01 23:14:44.754, 0, 12288, 11868, 248
2026/10/01 23:14:44.961, 0, 12288, 11868, 248
2026/10/01 23:14:45.164, 0, 12288, 11868, 248
2026/10/01 23:14:45.369, 0, 12288, 11868, 248
2026/10/01 23:14:45.575, 0, 12288, 11868, 248
2026/10/01 23:14:45.781, 0, 12288, 11868, 248
2026/10/01 23:14:45.988, 0, 12288, 11868, 248
2026/10/01 23:14:46.194, 0, 12288, 11868, 248
2026/10/01 23:14:46.400, 0, 12288, 11868, 248
2026/10/01 23:14:46.606, 0, 12288, 11868, 248
2026/10/01 23:14:46.813, 0, 12288, 11868, 248
2026/10/01 23:14:47.020, 0, 12288, 11868, 248
2026/10/01 23:14:47.226, 0, 12288, 11868, 248
2026/10/01 23:14:47.432, 0, 12288, 11868, 248
2026/10/01 23:14:47.637, 0, 12288, 11868, 248
2026/10/01 23:14:47.845, 0, 12288, 11868, 248
2026/10/01 23:14:48.050, 0, 12288, 11868, 248
2026/10/01 23:14:48.254, 0, 12288, 11868, 248
2026/10/01 23:14:48.461, 0, 12288, 11868, 248
2026/10/01 23:14:48.667, 0, 12288, 11868, 248
2026/10/01 23:14:48.874, 0, 12288, 11868, 248
2026/10/01 23:14:49.080, 0, 12288, 11868, 248
2026/10/01 23:14:49.285, 0, 12288, 11868, 248
2026/10/01 23:14:49.491, 0, 12288, 11868, 248
2026/10/01 23:14:49.696, 0, 12288, 11868, 248
2026/10/01 23:14:49.902, 0, 12288, 11868, 248
2026/10/01 23:14:50.108, 0, 12288, 11868, 248
2026/10/01 23:14:50.314, 0, 12288, 11868, 248
2026/10/01 23:14:50.519, 0, 12288, 11868, 248
2026/10/01 23:14:50.725, 0, 12288, 11868, 248
2026/10/01 23:14:50.931, 0, 12288, 11868, 248
2026/10/01 23:14:51.137, 0, 12288, 11868, 248
2026/10/01 23:14:51.344, 0, 12288, 11868, 248
2026/10/01 23:14:51.550, 0, 12288, 11868, 248
2026/10/01 23:14:51.756, 0, 12288, 11868, 248
2026/10/01 23:14:51.962, 0, 12288, 11868, 248
2026/10/01 23:14:52.165, 0, 12288, 11868, 248
2026/10/01 23:14:52.370, 0, 12288, 11868, 248
2026/10/01 23:14:52.577, 0, 12288, 11868, 248
2026/10/01 23:14:52.782, 0, 12288, 11868, 248
2026/10/01 23:14:52.989, 0, 12288, 11868, 248
2026/10/01 23:14:53.194, 0, 12288, 11868, 248
2026/10/01 23:14:53.400, 0, 12288, 11868, 248
2026/10/01 23:14:53.605, 0, 12288, 11868, 248
2026/10/01 23:14:53.812, 0, 12288, 11868, 248
2026/10/01 23:14:54.017, 0, 12288, 11868, 248
2026/10/01 23:14:54.222, 0, 12288, 11868, 248
2026/10/01 23:14:54.429, 0, 12288, 11868, 248
2026/10/01 23:14:54.637, 0, 12288, 11868, 248
2026/10/01 23:14:54.843, 0, 12288, 11868, 248
2026/10/01 23:14:55.049, 0, 12288, 11868, 248
2026/10/01 23:14:55.256, 0, 12288, 11868, 248
2026/10/01 23:14:55.464, 0, 12288, 11868, 248
2026/10/01 23:14:55.670, 0, 12288, 11868, 248
2026/10/01 23:14:55.876, 0, 12288, 11868, 248
2026/10/01 23:14:56.083, 0, 12288, 11868, 248
2026/10/01 23:14:56.287, 0, 12288, 11868, 248
2026/10/01 23:14:56.493, 0, 12288, 11868, 248
2026/10/01 23:14:56.699, 0, 12288, 11868, 248
2026/10/01 23:14:56.905, 0, 12288, 11868, 248
2026/10/01 23:14:57.112, 0, 12288, 11868, 248
2026/10/01 23:14:57.318, 0, 12288, 11868, 248
2026/10/01 23:14:57.525, 0, 12288, 11868, 248
2026/10/01 23:14:57.731, 0, 12288, 11868, 248
2026/10/01 23:14:57.937, 0, 12288, 11868, 248
2026/10/01 23:14:58.142, 0, 12288, 11868, 248
2026/10/01 23:14:58.348, 0, 12288, 11868, 248
2026/10/01 23:14:58.554, 0, 12288, 11868, 248
2026/10/01 23:14:58.760, 0, 12288, 11868, 248
2026/10/01 23:14:58.965, 0, 12288, 11868, 248
2026/10/01 23:14:59.170, 0, 12288, 11868, 248
2026/10/01 23:14:59.377, 0, 12288, 11868, 248
2026/10/01 23:14:59.582, 0, 12288, 11868, 248
2026/10/01 23:14:59.789, 0, 12288, 11868, 248
2026/10/01 23:14:59.995, 0, 12288, 11868, 248
2026/10/01 23:15:00.200, 0, 12288, 11868, 248
2026/10/01 23:15:00.407, 0, 12288, 11868, 248
2026/10/01 23:15:00.613, 0, 12288, 11868, 248
2026/10/01 23:15:00.820, 0, 12288, 11868, 248
2026/10/01 23:15:01.026, 0, 12288, 11868, 248
2026/10/01 23:15:01.231, 0, 12288, 11868, 248
2026/10/01 23:15:01.438, 0, 12288, 11868, 248
2026/10/01 23:15:01.643, 0, 12288, 11868, 248
2026/10/01 23:15:01.850, 0, 12288, 11868, 248
2026/10/01 23:15:02.057, 0, 12288, 11868, 248
2026/10/01 23:15:02.262, 0, 12288, 11868, 248
2026/10/01 23:15:02.470, 0, 12288, 11868, 248
2026/10/01 23:15:02.675, 0, 12288, 11868, 248
2026/10/01 23:15:02.881, 0, 12288, 11868, 248
2026/10/01 23:15:03.087, 0, 12288, 11868, 248
2026/10/01 23:15:03.294, 0, 12288, 11868, 248
2026/10/01 23:15:03.500, 0, 12288, 11868, 248
2026/10/01 23:15:03.708, 0, 12288, 11868, 248
2026/10/01 23:15:03.914, 0, 12288, 11868, 248
2026/10/01 23:15:04.120, 0, 12288, 11868, 248
2026/10/01 23:15:04.326, 0, 12288, 11868, 248
2026/10/01 23:15:04.533, 0, 12288, 11868, 248
2026/10/01 23:15:04.738, 0, 12288, 11868, 248
2026/10/01 23:15:04.944, 0, 12288, 11868, 248
2026/10/01 23:15:05.150, 0, 12288, 11868, 248
2026/10/01 23:15:05.356, 0, 12288, 11868, 248
2026/10/01 23:15:05.561, 0, 12288, 11868, 248
2026/10/01 23:15:05.765, 0, 12288, 11868, 248
2026/10/01 23:15:05.971, 0, 12288, 11868, 248
2026/10/01 23:15:06.178, 0, 12288, 11868, 248
2026/10/01 23:15:06.384, 0, 12288, 11868, 248
2026/10/01 23:15:06.590, 0, 12288, 11868, 248
2026/10/01 23:15:06.796, 0, 12288, 11868, 248
2026/10/01 23:15:07.001, 0, 12288, 11868, 248
2026/10/01 23:15:07.207, 0, 12288, 11868, 248
2026/10/01 23:15:07.411, 0, 12288, 11868, 248
2026/10/01 23:15:07.617, 0, 12288, 11868, 248
2026/10/01 23:15:07.824, 0, 12288, 11868, 248
2026/10/01 23:15:08.029, 0, 12288, 11868, 248
2026/10/01 23:15:08.235, 0, 12288, 11868, 248
2026/10/01 23:15:08.441, 0, 12288, 11868, 248
2026/10/01 23:15:08.646, 0, 12288, 11868, 248
2026/10/01 23:15:08.853, 0, 12288, 11868, 248
2026/10/01 23:15:09.059, 0, 12288, 11868, 248
2026/10/01 23:15:09.265, 0, 12288, 11868, 248
2026/10/01 23:15:09.472, 0, 12288, 11868, 248
2026/10/01 23:15:09.679, 0, 12288, 11868, 248
2026/10/01 23:15:09.883, 0, 12288, 11868, 248
2026/10/01 23:15:10.089, 0, 12288, 11868, 248
2026/10/01 23:15:10.296, 0, 12288, 11868, 248
2026/10/01 23:15:10.502, 0, 12288, 11868, 248
2026/10/01 23:15:10.707, 0, 12288, 11868, 248
2026/10/01 23:15:10.912, 0, 12288, 11868, 248
2026/10/01 23:15:11.119, 0, 12288, 11868, 248
2026/10/01 23:15:11.327, 0, 12288, 11868, 248
2026/10/01 23:15:11.533, 0, 12288, 11868, 248
2026/10/01 23:15:11.736, 0, 12288, 11868, 248
2026/10/01 23:15:11.944, 0, 12288, 11868, 248
2026/10/01 23:15:12.149, 0, 12288, 11868, 248
2026/10/01 23:15:12.355, 0, 12288, 11868, 248
2026/10/01 23:15:12.562, 0, 12288, 11868, 248
2026/10/01 23:15:12.767, 0, 12288, 11868, 248
2026/10/01 23:15:12.974, 0, 12288, 11868, 248
2026/10/01 23:15:13.181, 0, 12288, 11868, 248
2026/10/01 23:15:13.389, 0, 12288, 11868, 248
2026/10/01 23:15:13.591, 0, 12288, 11868, 248
2026/10/01 23:15:13.799, 0, 12288, 11868, 248
2026/10/01 23:15:14.006, 0, 12288, 11868, 248
2026/10/01 23:15:14.211, 0, 12288, 11868, 248
2026/10/01 23:15:14.417, 0, 12288, 11868, 248
2026/10/01 23:15:14.623, 0, 12288, 11868, 248
2026/10/01 23:15:14.829, 0, 12288, 11868, 248
2026/10/01 23:15:15.035, 0, 12288, 11868, 248
2026/10/01 23:15:15.241, 0, 12288, 11868, 248
2026/10/01 23:15:15.447, 0, 12288, 11868, 248
2026/10/01 23:15:15.653, 0, 12288, 11868, 248
2026/10/01 23:15:15.860, 0, 12288, 11868, 248
2026/10/01 23:15:16.064, 0, 12288, 11868, 248
2026/10/01 23:15:16.269, 0, 12288, 11868, 248
2026/10/01 23:15:16.477, 0, 12288, 11868, 248
2026/10/01 23:15:16.684, 0, 12288, 11868, 248
2026/10/01 23:15:16.889, 0, 12288, 11868, 248
2026/10/01 23:15:17.094, 0, 12288, 11868, 248
2026/10/01 23:15:17.300, 0, 12288, 11868, 248
2026/10/01 23:15:17.506, 0, 12288, 11868, 248
2026/10/01 23:15:17.712, 0, 12288, 11868, 248
2026/10/01 23:15:17.919, 0, 12288, 11868, 248
2026/10/01 23:15:18.121, 0, 12288, 11868, 248
2026/10/01 23:15:18.328, 0, 12288, 11868, 248
2026/10/01 23:15:18.533, 0, 12288, 11868, 248
2026/10/01 23:15:18.740, 0, 12288, 11868, 248
2026/10/01 23:15:18.948, 0, 12288, 11868, 248
2026/10/01 23:15:19.154, 0, 12288, 11868, 248
2026/10/01 23:15:19.359, 0, 12288, 11868, 248
2026/10/01 23:15:19.564, 0, 12288, 11868, 248
2026/10/01 23:15:19.772, 0, 12288, 11868, 248
2026/10/01 23:15:19.978, 0, 12288, 11868, 248
2026/10/01 23:15:20.182, 0, 12288, 11868, 248
2026/10/01 23:15:20.386, 0, 12288, 11868, 248
2026/10/01 23:15:20.593, 0, 12288, 11868, 248
2026/10/01 23:15:20.801, 0, 12288, 11868, 248
2026/10/01 23:15:21.007, 0, 12288, 11868, 248
2026/10/01 23:15:21.212, 0, 12288, 11868, 248
2026/10/01 23:15:21.419, 0, 12288, 11868, 248
2026/10/01 23:15:21.624, 0, 12288, 11868, 248
2026/10/01 23:15:21.829, 0, 12288, 11868, 248
2026/10/01 23:15:22.035, 0, 12288, 11868, 248
2026/10/01 23:15:22.242, 0, 12288, 11868, 248
2026/10/01 23:15:22.449, 0, 12288, 11868, 248
2026/10/01 23:15:22.655, 0, 12288, 11868, 248
2026/10/01 23:15:22.862, 0, 12288, 11868, 248
2026/10/01 23:15:23.069, 0, 12288, 11868, 248
2026/10/01 23:15:23.273, 0, 12288, 11868, 248
2026/10/01 23:15:23.478, 0, 12288, 11868, 248
2026/10/01 23:15:23.683, 0, 12288, 11868, 248
2026/10/01 23:15:23.888, 0, 12288, 11868, 248
2026/10/01 23:15:24.096, 0, 12288, 11868, 248
2026/10/01 23:15:24.302, 0, 12288, 11868, 248
2026/10/01 23:15:24.506, 0, 12288, 11868, 248
2026/10/01 23:15:24.711, 0, 12288, 11868, 248
2026/10/01 23:15:24.917, 0, 12288, 11868, 248
2026/10/01 23:15:25.123, 0, 12288, 11868, 248
2026/10/01 23:15:25.329, 0, 12288, 11868, 248
2026/10/01 23:15:25.534, 0, 12288, 11868, 248
2026/10/01 23:15:25.741, 0, 12288, 11868, 248
2026/10/01 23:15:25.946, 0, 12288, 11868, 248
2026/10/01 23:15:26.154, 0, 12288, 11868, 248
2026/10/01 23:15:26.359, 0, 12288, 11868, 248
2026/10/01 23:15:26.565, 0, 12288, 11868, 248
2026/10/01 23:15:26.770, 0, 12288, 11868, 248
2026/10/01 23:15:26.975, 0, 12288, 11868, 248
2026/10/01 23:15:27.182, 0, 12288, 11868, 248
2026/10/01 23:15:27.390, 0, 12288, 11868, 248
2026/10/01 23:15:27.597, 0, 12288, 11868, 248
2026/10/01 23:15:27.803, 0, 12288, 11868, 248
2026/10/01 23:15:28.008, 0, 12288, 11868, 248
2026/10/01 23:15:28.213, 0, 12288, 11868, 248
2026/10/01 23:15:28.420, 0, 12288, 11868, 248
2026/10/01 23:15:28.626, 0, 12288, 11868, 248
2026/10/01 23:15:28.834, 0, 12288, 11868, 248
2026/10/01 23:15:29.039, 0, 12288, 11868, 248
2026/10/01 23:15:29.244, 0, 12288, 11868, 248
2026/10/01 23:15:29.450, 0, 12288, 11868, 248
2026/10/01 23:15:29.656, 0, 12288, 11868, 248
2026/10/01 23:15:29.862, 0, 12288, 11868, 248
2026/10/01 23:15:30.068, 0, 12288, 11868, 248
2026/10/01 23:15:30.273, 0, 12288, 11868, 248
2026/10/01 23:15:30.479, 0, 12288, 11868, 248
2026/10/01 23:15:30.685, 0, 12288, 11868, 248
2026/10/01 23:15:30.889, 0, 12288, 11868, 248
2026/10/01 23:15:31.095, 0, 12288, 11868, 248
2026/10/01 23:15:31.300, 0, 12288, 11868, 248
2026/10/01 23:15:31.507, 0, 12288, 11868, 248
2026/10/01 23:15:31.713, 0, 12288, 11868, 248
2026/10/01 23:15:31.920, 0, 12288, 11868, 248
2026/10/01 23:15:32.126, 0, 12288, 11868, 248
2026/10/01 23:15:32.333, 0, 12288, 11868, 248
2026/10/01 23:15:32.540, 0, 12288, 11868, 248
2026/10/01 23:15:32.745, 0, 12288, 11868, 248
2026/10/01 23:15:32.951, 0, 12288, 11868, 248
2026/10/01 23:15:33.157, 0, 12288, 11868, 248
2026/10/01 23:15:33.361, 0, 12288, 11868, 248
2026/10/01 23:15:33.567, 0, 12288, 11868, 248
2026/10/01 23:15:33.772, 0, 12288, 11868, 248
2026/10/01 23:15:33.977, 0, 12288, 11868, 248
2026/10/01 23:15:34.184, 0, 12288, 11868, 248
2026/10/01 23:15:34.389, 0, 12288, 11868, 248
2026/10/01 23:15:34.595, 0, 12288, 11868, 248
2026/10/01 23:15:34.801, 0, 12288, 11868, 248
2026/10/01 23:15:35.007, 0, 12288, 11868, 248
2026/10/01 23:15:35.214, 0, 12288, 11868, 248
2026/10/01 23:15:35.420, 0, 12288, 11868, 248
2026/10/01 23:15:35.627, 0, 12288, 11868, 248
2026/10/01 23:15:35.835, 0, 12288, 11868, 248
2026/10/01 23:15:36.040, 0, 12288, 11868, 248
2026/10/01 23:15:36.244, 0, 12288, 11868, 248
2026/10/01 23:15:36.451, 0, 12288, 11868, 248
2026/10/01 23:15:36.657, 0, 12288, 11868, 248
2026/10/01 23:15:36.863, 0, 12288, 11868, 248
2026/10/01 23:15:37.069, 0, 12288, 11868, 248
2026/10/01 23:15:37.276, 0, 12288, 11868, 248
2026/10/01 23:15:37.499, 0, 12288, 11868, 248
2026/10/01 23:15:37.704, 0, 12288, 11868, 248
2026/10/01 23:15:37.909, 0, 12288, 11868, 248
2026/10/01 23:15:38.114, 0, 12288, 11868, 248
2026/10/01 23:15:38.319, 0, 12288, 11868, 248
2026/10/01 23:15:38.524, 0, 12288, 11868, 248
2026/10/01 23:15:38.730, 0, 12288, 11868, 248
2026/10/01 23:15:38.937, 0, 12288, 11868, 248
2026/10/01 23:15:39.143, 0, 12288, 11868, 248
2026/10/01 23:15:39.349, 0, 12288, 11868, 248
2026/10/01 23:15:39.554, 0, 12288, 11868, 248
2026/10/01 23:15:39.759, 0, 12288, 11868, 248
2026/10/01 23:15:39.965, 0, 12288, 11868, 248
2026/10/01 23:15:40.171, 0, 12288, 11868, 248
2026/10/01 23:15:40.378, 0, 12288, 11868, 248
2026/10/01 23:15:40.583, 0, 12288, 11868, 248
2026/10/01 23:15:40.789, 0, 12288, 11868, 248
2026/10/01 23:15:40.995, 0, 12288, 11868, 248
2026/10/01 23:15:41.202, 0, 12288, 11868, 248
2026/10/01 23:15:41.406, 0, 12288, 11868, 248
2026/10/01 23:15:41.611, 0, 12288, 11868, 248
2026/10/01 23:15:41.817, 0, 12288, 11868, 248
2026/10/01 23:15:42.024, 0, 12288, 11868, 248
2026/10/01 23:15:42.230, 0, 12288, 11868, 248
2026/10/01 23:15:42.435, 0, 12288, 11868, 248
2026/10/01 23:15:42.641, 0, 12288, 11868, 248
2026/10/01 23:15:42.847, 0, 12288, 11868, 248
2026/10/01 23:15:43.051, 0, 12288, 11868, 248
2026/10/01 23:15:43.258, 0, 12288, 11868, 248
2026/10/01 23:15:43.464, 0, 12288, 11868, 248
2026/10/01 23:15:43.670, 0, 12288, 11868, 248
2026/10/01 23:15:43.877, 0, 12288, 11868, 248
2026/10/01 23:15:44.081, 0, 12288, 11868, 248
2026/10/01 23:15:44.288, 0, 12288, 11868, 248
2026/10/01 23:15:44.495, 0, 12288, 11868, 248
2026/10/01 23:15:44.699, 0, 12288, 11868, 248
2026/10/01 23:15:44.906, 0, 12288, 11868, 248
2026/10/01 23:15:45.111, 0, 12288, 11868, 248
2026/10/01 23:15:45.318, 0, 12288, 11868, 248
2026/10/01 23:15:45.522, 0, 12288, 11868, 248
2026/10/01 23:15:45.729, 0, 12288, 11868, 248
2026/10/01 23:15:45.935, 0, 12288, 11868, 248
2026/10/01 23:15:46.141, 0, 12288, 11868, 248
2026/10/01 23:15:46.349, 0, 12288, 11868, 248
2026/10/01 23:15:46.555, 0, 12288, 11868, 248
2026/10/01 23:15:46.762, 0, 12288, 11868, 248
2026/10/01 23:15:46.967, 0, 12288, 11868, 248
2026/10/01 23:15:47.174, 0, 12288, 11868, 248
2026/10/01 23:15:47.380, 0, 12288, 11868, 248
2026/10/01 23:15:47.587, 0, 12288, 11868, 248
2026/10/01 23:15:47.795, 0, 12288, 11868, 248
2026/10/01 23:15:48.001, 0, 12288, 11868, 248
2026/10/01 23:15:48.207, 0, 12288, 11868, 248
2026/10/01 23:15:48.412, 0, 12288, 11868, 248
2026/10/01 23:15:48.618, 0, 12288, 11868, 248
2026/10/01 23:15:48.825, 0, 12288, 11868, 248
2026/10/01 23:15:49.032, 0, 12288, 11868, 248
2026/10/01 23:15:49.239, 0, 12288, 11868, 248
2026/10/01 23:15:49.445, 0, 12288, 11868, 248
2026/10/01 23:15:49.651, 0, 12288, 11868, 248
2026/10/01 23:15:49.857, 0, 12288, 11868, 248
2026/10/01 23:15:50.062, 0, 12288, 11868, 248
2026/10/01 23:15:50.268, 0, 12288, 11868, 248
2026/10/01 23:15:50.474, 0, 12288, 11868, 248
2026/10/01 23:15:50.681, 0, 12288, 11868, 248
2026/10/01 23:15:50.888, 0, 12288, 11868, 248
2026/10/01 23:15:51.091, 0, 12288, 11868, 248
2026/10/01 23:15:51.298, 0, 12288, 11868, 248
2026/10/01 23:15:51.504, 0, 12288, 11868, 248
2026/10/01 23:15:51.710, 0, 12288, 11868, 248
2026/10/01 23:15:51.916, 0, 12288, 11868, 248
2026/10/01 23:15:52.122, 0, 12288, 11868, 248
2026/10/01 23:15:52.329, 0, 12288, 11868, 248
2026/10/01 23:15:52.534, 0, 12288, 11868, 248
2026/10/01 23:15:52.739, 0, 12288, 11868, 248
2026/10/01 23:15:52.947, 0, 12288, 11868, 248
2026/10/01 23:15:53.153, 0, 12288, 11868, 248
2026/10/01 23:15:53.359, 0, 12288, 11868, 248
2026/10/01 23:15:53.564, 0, 12288, 11868, 248
2026/10/01 23:15:53.771, 0, 12288, 11868, 248
2026/10/01 23:15:53.976, 0, 12288, 11868, 248
2026/10/01 23:15:54.182, 0, 12288, 11868, 248
2026/10/01 23:15:54.389, 0, 12288, 11868, 248
2026/10/01 23:15:54.595, 0, 12288, 11868, 248
2026/10/01 23:15:54.802, 0, 12288, 11868, 248
2026/10/01 23:15:55.007, 0, 12288, 11868, 248
2026/10/01 23:15:55.213, 0, 12288, 11868, 248
2026/10/01 23:15:55.419, 0, 12288, 11868, 248
2026/10/01 23:15:55.626, 0, 12288, 11868, 248
2026/10/01 23:15:55.832, 0, 12288, 11868, 248
2026/10/01 23:15:56.038, 0, 12288, 11868, 248
2026/10/01 23:15:56.245, 0, 12288, 11868, 248
2026/10/01 23:15:56.449, 0, 12288, 11868, 248
2026/10/01 23:15:56.656, 0, 12288, 11868, 248
2026/10/01 23:15:56.862, 0, 12288, 11868, 248
2026/10/01 23:15:57.065, 0, 12288, 11868, 248
2026/10/01 23:15:57.273, 0, 12288, 11868, 248
2026/10/01 23:15:57.480, 0, 12288, 11868, 248
2026/10/01 23:15:57.687, 0, 12288, 11868, 248
2026/10/01 23:15:57.893, 0, 12288, 11868, 248
2026/10/01 23:15:58.099, 0, 12288, 11868, 248
2026/10/01 23:15:58.306, 0, 12288, 11868, 248
2026/10/01 23:15:58.507, 0, 12288, 11868, 248
2026/10/01 23:15:58.711, 0, 12288, 11868, 248
2026/10/01 23:15:58.915, 0, 12288, 11868, 248
2026/10/01 23:15:59.120, 0, 12288, 11868, 248
2026/10/01 23:15:59.326, 0, 12288, 11868, 248
2026/10/01 23:15:59.532, 0, 12288, 11868, 248
2026/10/01 23:15:59.738, 0, 12288, 11868, 248
2026/10/01 23:15:59.945, 0, 12288, 11868, 248
2026/10/01 23:16:00.152, 0, 12288, 11868, 248
2026/10/01 23:16:00.358, 0, 12288, 11868, 248
2026/10/01 23:16:00.564, 0, 12288, 11868, 248
2026/10/01 23:16:00.770, 0, 12288, 11868, 248
2026/10/01 23:16:00.972, 0, 12288, 11868, 248
2026/10/01 23:16:01.175, 0, 12288, 11868, 248
2026/10/01 23:16:01.379, 0, 12288, 11868, 248
2026/10/01 23:16:01.585, 0, 12288, 11868, 248
2026/10/01 23:16:01.792, 0, 12288, 11868, 248
2026/10/01 23:16:01.999, 0, 12288, 11868, 248
2026/10/01 23:16:02.206, 0, 12288, 11868, 248
2026/10/01 23:16:02.412, 0, 12288, 11868, 248
2026/10/01 23:16:02.616, 0, 12288, 11868, 248
2026/10/01 23:16:02.819, 0, 12288, 11868, 248
2026/10/01 23:16:03.026, 0, 12288, 11868, 248
2026/10/01 23:16:03.231, 0, 12288, 11868, 248
2026/10/01 23:16:03.436, 0, 12288, 11868, 248
2026/10/01 23:16:03.643, 0, 12288, 11868, 248
2026/10/01 23:16:03.851, 0, 12288, 11868, 248
2026/10/01 23:16:04.055, 0, 12288, 11868, 248
2026/10/01 23:16:04.261, 0, 12288, 11868, 248
2026/10/01 23:16:04.466, 0, 12288, 11868, 248
2026/10/01 23:16:04.673, 0, 12288, 11868, 248
2026/10/01 23:16:04.879, 0, 12288, 11868, 248
2026/10/01 23:16:05.083, 0, 12288, 11868, 248
2026/10/01 23:16:05.290, 0, 12288, 11868, 248
2026/10/01 23:16:05.496, 0, 12288, 11868, 248
2026/10/01 23:16:05.701, 0, 12288, 11868, 248
2026/10/01 23:16:05.908, 0, 12288, 11868, 248
2026/10/01 23:16:06.131, 0, 12288, 11868, 248
2026/10/01 23:16:06.336, 0, 12288, 11868, 248
2026/10/01 23:16:06.542, 0, 12288, 11868, 248
2026/10/01 23:16:06.746, 0, 12288, 11868, 248
2026/10/01 23:16:06.953, 0, 12288, 11868, 248
2026/10/01 23:16:07.159, 0, 12288, 11868, 248
2026/10/01 23:16:07.364, 0, 12288, 11868, 248
2026/10/01 23:16:07.570, 0, 12288, 11868, 248
2026/10/01 23:16:07.776, 0, 12288, 11868, 248
2026/10/01 23:16:07.982, 0, 12288, 11868, 248
2026/10/01 23:16:08.188, 0, 12288, 11868, 248
2026/10/01 23:16:08.393, 0, 12288, 11868, 248
2026/10/01 23:16:08.599, 0, 12288, 11868, 248
2026/10/01 23:16:08.806, 0, 12288, 11868, 248
2026/10/01 23:16:09.012, 0, 12288, 11868, 248
2026/10/01 23:16:09.217, 0, 12288, 11868, 248
2026/10/01 23:16:09.422, 0, 12288, 11868, 248
2026/10/01 23:16:09.629, 0, 12288, 11868, 248
2026/10/01 23:16:09.835, 0, 12288, 11868, 248
2026/10/01 23:16:10.039, 0, 12288, 11868, 248
2026/10/01 23:16:10.245, 0, 12288, 11868, 248
2026/10/01 23:16:10.450, 0, 12288, 11868, 248
2026/10/01 23:16:10.656, 0, 12288, 11868, 248
2026/10/01 23:16:10.860, 0, 12288, 11868, 248
2026/10/01 23:16:11.066, 0, 12288, 11868, 248
2026/10/01 23:16:11.271, 0, 12288, 11868, 248
2026/10/01 23:16:11.477, 0, 12288, 11868, 248
2026/10/01 23:16:11.683, 0, 12288, 11868, 248
2026/10/01 23:16:11.889, 0, 12288, 11868, 248
2026/10/01 23:16:12.096, 0, 12288, 11868, 248
2026/10/01 23:16:12.302, 0, 12288, 11868, 248
2026/10/01 23:16:12.507, 0, 12288, 11868, 248
2026/10/01 23:16:12.714, 0, 12288, 11868, 248
2026/10/01 23:16:12.936, 0, 12288, 11868, 248
2026/10/01 23:16:13.141, 0, 12288, 11868, 248
2026/10/01 23:16:13.348, 0, 12288, 11868, 248
2026/10/01 23:16:13.555, 0, 12288, 11868, 248
2026/10/01 23:16:13.760, 0, 12288, 11868, 248
2026/10/01 23:16:13.967, 0, 12288, 11868, 248
2026/10/01 23:16:14.173, 0, 12288, 11868, 248
2026/10/01 23:16:14.377, 0, 12288, 11868, 248
2026/10/01 23:16:14.583, 0, 12288, 11868, 248
2026/10/01 23:16:14.789, 0, 12288, 11868, 248
2026/10/01 23:16:14.994, 0, 12288, 11868, 248
2026/10/01 23:16:15.201, 0, 12288, 11868, 248
2026/10/01 23:16:15.408, 0, 12288, 11868, 248
2026/10/01 23:16:15.613, 0, 12288, 11868, 248
2026/10/01 23:16:15.819, 0, 12288, 11868, 248
2026/10/01 23:16:16.026, 0, 12288, 11868, 248
2026/10/01 23:16:16.233, 0, 12288, 11868, 248
2026/10/01 23:16:16.439, 0, 12288, 11868, 248
2026/10/01 23:16:16.645, 0, 12288, 11868, 248
2026/10/01 23:16:16.850, 0, 12288, 11868, 248
2026/10/01 23:16:17.058, 0, 12288, 11868, 248
2026/10/01 23:16:17.266, 0, 12288, 11868, 248
2026/10/01 23:16:17.471, 0, 12288, 11868, 248
2026/10/01 23:16:17.675, 0, 12288, 11868, 248
2026/10/01 23:16:17.880, 0, 12288, 11868, 248
2026/10/01 23:16:18.086, 0, 12288, 11868, 248
2026/10/01 23:16:18.293, 0, 12288, 11868, 248
2026/10/01 23:16:18.498, 0, 12288, 11868, 248
2026/10/01 23:16:18.703, 0, 12288, 11868, 248
2026/10/01 23:16:18.910, 0, 12288, 11868, 248
2026/10/01 23:16:19.118, 0, 12288, 11868, 248
2026/10/01 23:16:19.323, 0, 12288, 11868, 248
2026/10/01 23:16:19.529, 0, 12288, 11868, 248
2026/10/01 23:16:19.737, 0, 12288, 11868, 248
2026/10/01 23:16:19.942, 0, 12288, 11868, 248
2026/10/01 23:16:20.148, 0, 12288, 11868, 248
2026/10/01 23:16:20.355, 0, 12288, 11868, 248
2026/10/01 23:16:20.561, 0, 12288, 11868, 248
2026/10/01 23:16:20.767, 0, 12288, 11868, 248
2026/10/01 23:16:20.970, 0, 12288, 11868, 248
2026/10/01 23:16:21.176, 0, 12288, 11868, 248
2026/10/01 23:16:21.381, 0, 12288, 11868, 248
2026/10/01 23:16:21.587, 0, 12288, 11868, 248
2026/10/01 23:16:21.793, 0, 12288, 11868, 248
2026/10/01 23:16:22.000, 0, 12288, 11868, 248
2026/10/01 23:16:22.207, 0, 12288, 11868, 248
2026/10/01 23:16:22.414, 0, 12288, 11868, 248
2026/10/01 23:16:22.619, 0, 12288, 11868, 248
2026/10/01 23:16:22.825, 0, 12288, 11868, 248
2026/10/01 23:16:23.028, 0, 12288, 11868, 248
2026/10/01 23:16:23.234, 0, 12288, 11868, 248
2026/10/01 23:16:23.441, 0, 12288, 11868, 248
2026/10/01 23:16:23.646, 0, 12288, 11868, 248
2026/10/01 23:16:23.851, 0, 12288, 11868, 248
2026/10/01 23:16:24.058, 0, 12288, 11868, 248
2026/10/01 23:16:24.264, 0, 12288, 11868, 248
2026/10/01 23:16:24.471, 0, 12288, 11868, 248
2026/10/01 23:16:24.677, 0, 12288, 11868, 248
2026/10/01 23:16:24.883, 0, 12288, 11868, 248
2026/10/01 23:16:25.088, 0, 12288, 11868, 248
2026/10/01 23:16:25.294, 0, 12288, 11868, 248
2026/10/01 23:16:25.500, 0, 12288, 11868, 248
2026/10/01 23:16:25.708, 0, 12288, 11868, 248
2026/10/01 23:16:25.912, 0, 12288, 11868, 248
2026/10/01 23:16:26.119, 0, 12288, 11868, 248
2026/10/01 23:16:26.325, 0, 12288, 11868, 248
2026/10/01 23:16:26.530, 0, 12288, 11868, 248
2026/10/01 23:16:26.736, 0, 12288, 11868, 248
2026/10/01 23:16:26.940, 0, 12288, 11868, 248
2026/10/01 23:16:27.147, 0, 12288, 11868, 248
2026/10/01 23:16:27.351, 0, 12288, 11868, 248
2026/10/01 23:16:27.558, 0, 12288, 11868, 248
2026/10/01 23:16:27.764, 0, 12288, 11868, 248
2026/10/01 23:16:27.970, 0, 12288, 11868, 248
2026/10/01 23:16:28.177, 0, 12288, 11868, 248
2026/10/01 23:16:28.382, 0, 12288, 11868, 248
2026/10/01 23:16:28.590, 0, 12288, 11868, 248
2026/10/01 23:16:28.796, 0, 12288, 11868, 248
2026/10/01 23:16:29.004, 0, 12288, 11868, 248
2026/10/01 23:16:29.207, 0, 12288, 11868, 248
2026/10/01 23:16:29.412, 0, 12288, 11868, 248
2026/10/01 23:16:29.618, 0, 12288, 11868, 248
2026/10/01 23:16:29.824, 0, 12288, 11868, 248
2026/10/01 23:16:30.030, 0, 12288, 11868, 248
2026/10/01 23:16:30.235, 0, 12288, 11868, 248
2026/10/01 23:16:30.440, 0, 12288, 11868, 248
2026/10/01 23:16:30.645, 0, 12288, 11868, 248
2026/10/01 23:16:30.851, 0, 12288, 11868, 248
2026/10/01 23:16:31.057, 0, 12288, 11868, 248
2026/10/01 23:16:31.263, 0, 12288, 11868, 248
2026/10/01 23:16:31.469, 0, 12288, 11868, 248
2026/10/01 23:16:31.676, 0, 12288, 11868, 248
2026/10/01 23:16:31.882, 0, 12288, 11868, 248
2026/10/01 23:16:32.088, 0, 12288, 11868, 248
2026/10/01 23:16:32.295, 0, 12288, 11868, 248
2026/10/01 23:16:32.501, 0, 12288, 11868, 248
2026/10/01 23:16:32.707, 0, 12288, 11868, 248
2026/10/01 23:16:32.913, 0, 12288, 11868, 248
2026/10/01 23:16:33.119, 0, 12288, 11868, 248
2026/10/01 23:16:33.325, 0, 12288, 11868, 248
2026/10/01 23:16:33.531, 0, 12288, 11868, 248
2026/10/01 23:16:33.738, 0, 12288, 11868, 248
2026/10/01 23:16:33.944, 0, 12288, 11868, 248
2026/10/01 23:16:34.149, 0, 12288, 11868, 248
2026/10/01 23:16:34.356, 0, 12288, 11868, 248
2026/10/01 23:16:34.562, 0, 12288, 11868, 248
2026/10/01 23:16:34.769, 0, 12288, 11868, 248
2026/10/01 23:16:34.974, 0, 12288, 11868, 248
2026/10/01 23:16:35.179, 0, 12288, 11868, 248
2026/10/01 23:16:35.384, 0, 12288, 11868, 248
2026/10/01 23:16:35.591, 0, 12288, 11868, 248
2026/10/01 23:16:35.797, 0, 12288, 11868, 248
2026/10/01 23:16:36.002, 0, 12288, 11868, 248
2026/10/01 23:16:36.207, 0, 12288, 11868, 248
2026/10/01 23:16:36.414, 0, 12288, 11868, 248
2026/10/01 23:16:36.620, 0, 12288, 11868, 248
2026/10/01 23:16:36.823, 0, 12288, 11868, 248
2026/10/01 23:16:37.029, 0, 12288, 11868, 248
2026/10/01 23:16:37.234, 0, 12288, 11868, 248
2026/10/01 23:16:37.440, 0, 12288, 11868, 248
2026/10/01 23:16:37.647, 0, 12288, 11868, 248
2026/10/01 23:16:37.853, 0, 12288, 11868, 248
2026/10/01 23:16:38.059, 0, 12288, 11868, 248
2026/10/01 23:16:38.267, 0, 12288, 11868, 248
2026/10/01 23:16:38.473, 0, 12288, 11868, 248
2026/10/01 23:16:38.679, 0, 12288, 11868, 248
2026/10/01 23:16:38.883, 0, 12288, 11868, 248
2026/10/01 23:16:39.089, 0, 12288, 11868, 248
2026/10/01 23:16:39.293, 0, 12288, 11868, 248
2026/10/01 23:16:39.500, 0, 12288, 11868, 248
2026/10/01 23:16:39.707, 0, 12288, 11868, 248
2026/10/01 23:16:39.913, 0, 12288, 11868, 248
2026/10/01 23:16:40.119, 0, 12288, 11868, 248
2026/10/01 23:16:40.326, 0, 12288, 11868, 248
2026/10/01 23:16:40.532, 0, 12288, 11868, 248
2026/10/01 23:16:40.739, 0, 12288, 11868, 248
2026/10/01 23:16:40.947, 0, 12288, 11868, 248
2026/10/01 23:16:41.153, 0, 12288, 11868, 248
2026/10/01 23:16:41.357, 0, 12288, 11868, 248
2026/10/01 23:16:41.564, 0, 12288, 11868, 248
2026/10/01 23:16:41.770, 0, 12288, 11868, 248
2026/10/01 23:16:41.977, 0, 12288, 11868, 248
2026/10/01 23:16:42.182, 0, 12288, 11868, 248
2026/10/01 23:16:42.387, 0, 12288, 11868, 248
2026/10/01 23:16:42.592, 0, 12288, 11868, 248
2026/10/01 23:16:42.798, 0, 12288, 11868, 248
2026/10/01 23:16:43.005, 0, 12288, 11868, 248
2026/10/01 23:16:43.211, 0, 12288, 11868, 248
2026/10/01 23:16:43.417, 0, 12288, 11868, 248
2026/10/01 23:16:43.621, 0, 12288, 11868, 248
2026/10/01 23:16:43.827, 0, 12288, 11868, 248
2026/10/01 23:16:44.035, 0, 12288, 11868, 248
2026/10/01 23:16:44.242, 0, 12288, 11868, 248
2026/10/01 23:16:44.448, 0, 12288, 11868, 248
2026/10/01 23:16:44.655, 0, 12288, 11868, 248
2026/10/01 23:16:44.861, 0, 12288, 11868, 248
2026/10/01 23:16:45.065, 0, 12288, 11868, 248
2026/10/01 23:16:45.271, 0, 12288, 11868, 248
2026/10/01 23:16:45.477, 0, 12288, 11868, 248
2026/10/01 23:16:45.681, 0, 12288, 11868, 248
2026/10/01 23:16:45.888, 0, 12288, 11868, 248
2026/10/01 23:16:46.092, 0, 12288, 11868, 248
2026/10/01 23:16:46.297, 0, 12288, 11868, 248
2026/10/01 23:16:46.503, 0, 12288, 11868, 248
2026/10/01 23:16:46.709, 0, 12288, 11868, 248
2026/10/01 23:16:46.917, 0, 12288, 11868, 248
2026/10/01 23:16:47.123, 0, 12288, 11868, 248
2026/10/01 23:16:47.329, 0, 12288, 11868, 248
2026/10/01 23:16:47.536, 0, 12288, 11868, 248
2026/10/01 23:16:47.741, 0, 12288, 11868, 248
2026/10/01 23:16:47.946, 0, 12288, 11868, 248
2026/10/01 23:16:48.153, 0, 12288, 11868, 248
2026/10/01 23:16:48.359, 0, 12288, 11868, 248
2026/10/01 23:16:48.564, 0, 12288, 11868, 248
2026/10/01 23:16:48.770, 0, 12288, 11868, 248
2026/10/01 23:16:48.975, 0, 12288, 11868, 248
2026/10/01 23:16:49.181, 0, 12288, 11868, 248
2026/10/01 23:16:49.387, 0, 12288, 11868, 248
2026/10/01 23:16:49.594, 0, 12288, 11868, 248
2026/10/01 23:16:49.800, 0, 12288, 11868, 248
2026/10/01 23:16:50.007, 0, 12288, 11868, 248
2026/10/01 23:16:50.214, 0, 12288, 11868, 248
2026/10/01 23:16:50.421, 0, 12288, 11868, 248
2026/10/01 23:16:50.627, 0, 12288, 11868, 248
2026/10/01 23:16:50.833, 0, 12288, 11868, 248
2026/10/01 23:16:51.039, 0, 12288, 11868, 248
2026/10/01 23:16:51.244, 0, 12288, 11868, 248
2026/10/01 23:16:51.450, 0, 12288, 11868, 248
2026/10/01 23:16:51.657, 0, 12288, 11868, 248
2026/10/01 23:16:51.864, 0, 12288, 11868, 248
2026/10/01 23:16:52.070, 0, 12288, 11868, 248
2026/10/01 23:16:52.275, 0, 12288, 11868, 248
2026/10/01 23:16:52.482, 0, 12288, 11868, 248
2026/10/01 23:16:52.687, 0, 12288, 11868, 248
2026/10/01 23:16:52.893, 0, 12288, 11868, 248
2026/10/01 23:16:53.098, 0, 12288, 11868, 248
2026/10/01 23:16:53.302, 0, 12288, 11868, 248
2026/10/01 23:16:53.508, 0, 12288, 11868, 248
2026/10/01 23:16:53.714, 0, 12288, 11868, 248
2026/10/01 23:16:53.919, 0, 12288, 11868, 248
2026/10/01 23:16:54.125, 0, 12288, 11868, 248
2026/10/01 23:16:54.333, 0, 12288, 11868, 248
2026/10/01 23:16:54.540, 0, 12288, 11868, 248
2026/10/01 23:16:54.746, 0, 12288, 11868, 248
2026/10/01 23:16:54.952, 0, 12288, 11868, 248
2026/10/01 23:16:55.159, 0, 12288, 11868, 248
2026/10/01 23:16:55.364, 0, 12288, 11868, 248
2026/10/01 23:16:55.570, 0, 12288, 11868, 248
2026/10/01 23:16:55.777, 0, 12288, 11868, 248
2026/10/01 23:16:55.982, 0, 12288, 11868, 248
2026/10/01 23:16:56.189, 0, 12288, 11868, 248
2026/10/01 23:16:56.393, 0, 12288, 11868, 248
2026/10/01 23:16:56.599, 0, 12288, 11868, 248
2026/10/01 23:16:56.805, 0, 12288, 11868, 248
2026/10/01 23:16:57.011, 0, 12288, 11868, 248
2026/10/01 23:16:57.217, 0, 12288, 11868, 248
2026/10/01 23:16:57.422, 0, 12288, 11868, 248
2026/10/01 23:16:57.628, 0, 12288, 11868, 248
2026/10/01 23:16:57.835, 0, 12288, 11868, 248
2026/10/01 23:16:58.039, 0, 12288, 11868, 248
2026/10/01 23:16:58.246, 0, 12288, 11868, 248
2026/10/01 23:16:58.454, 0, 12288, 11868, 248
2026/10/01 23:16:58.661, 0, 12288, 11868, 248
2026/10/01 23:16:58.868, 0, 12288, 11868, 248
2026/10/01 23:16:59.073, 0, 12288, 11868, 248
2026/10/01 23:16:59.280, 0, 12288, 11868, 248
2026/10/01 23:16:59.486, 0, 12288, 11868, 248
2026/10/01 23:16:59.692, 0, 12288, 11868, 248
2026/10/01 23:16:59.898, 0, 12288, 11868, 248
2026/10/01 23:17:00.104, 0, 12288, 11868, 248
2026/10/01 23:17:00.311, 0, 12288, 11868, 248
2026/10/01 23:17:00.517, 0, 12288, 11868, 248
2026/10/01 23:17:00.722, 0, 12288, 11868, 248
2026/10/01 23:17:00.928, 0, 12288, 11868, 248
2026/10/01 23:17:01.135, 0, 12288, 11868, 248
2026/10/01 23:17:01.342, 0, 12288, 11868, 248
2026/10/01 23:17:01.549, 0, 12288, 11868, 248
2026/10/01 23:17:01.756, 0, 12288, 11868, 248
2026/10/01 23:17:01.963, 0, 12288, 11868, 248
2026/10/01 23:17:02.169, 0, 12288, 11868, 248
2026/10/01 23:17:02.375, 0, 12288, 11868, 248
2026/10/01 23:17:02.580, 0, 12288, 11868, 248
2026/10/01 23:17:02.787, 0, 12288, 11868, 248
2026/10/01 23:17:02.994, 0, 12288, 11868, 248
2026/10/01 23:17:03.201, 0, 12288, 11868, 248
2026/10/01 23:17:03.407, 0, 12288, 11868, 248
2026/10/01 23:17:03.612, 0, 12288, 11868, 248
2026/10/01 23:17:03.816, 0, 12288, 11868, 248
2026/10/01 23:17:04.022, 0, 12288, 11868, 248
2026/10/01 23:17:04.228, 0, 12288, 11868, 248
2026/10/01 23:17:04.434, 0, 12288, 11868, 248
2026/10/01 23:17:04.640, 0, 12288, 11868, 248
2026/10/01 23:17:04.845, 0, 12288, 11868, 248
2026/10/01 23:17:05.052, 0, 12288, 11868, 248
2026/10/01 23:17:05.258, 0, 12288, 11868, 248
2026/10/01 23:17:05.463, 0, 12288, 11868, 248
2026/10/01 23:17:05.669, 0, 12288, 11868, 248
2026/10/01 23:17:05.876, 0, 12288, 11868, 248
2026/10/01 23:17:06.097, 0, 12288, 11868, 248
2026/10/01 23:17:06.303, 0, 12288, 11868, 248
2026/10/01 23:17:06.508, 0, 12288, 11868, 248
2026/10/01 23:17:06.714, 0, 12288, 11868, 248
2026/10/01 23:17:06.922, 0, 12288, 11868, 248
2026/10/01 23:17:07.128, 0, 12288, 11868, 248
2026/10/01 23:17:07.334, 0, 12288, 11868, 248
2026/10/01 23:17:07.539, 0, 12288, 11868, 248
2026/10/01 23:17:07.746, 0, 12288, 11868, 248
2026/10/01 23:17:07.951, 0, 12288, 11868, 248
2026/10/01 23:17:08.158, 0, 12288, 11868, 248
2026/10/01 23:17:08.364, 0, 12288, 11868, 248
2026/10/01 23:17:08.570, 0, 12288, 11868, 248
2026/10/01 23:17:08.776, 0, 12288, 11868, 248
2026/10/01 23:17:08.982, 0, 12288, 11868, 248
2026/10/01 23:17:09.188, 0, 12288, 11868, 248
2026/10/01 23:17:09.394, 0, 12288, 11868, 248
2026/10/01 23:17:09.601, 0, 12288, 11868, 248
2026/10/01 23:17:09.806, 0, 12288, 11868, 248
2026/10/01 23:17:10.013, 0, 12288, 11868, 248
2026/10/01 23:17:10.219, 0, 12288, 11868, 248
2026/10/01 23:17:10.424, 0, 12288, 11868, 248
2026/10/01 23:17:10.631, 0, 12288, 11868, 248
2026/10/01 23:17:10.837, 0, 12288, 11868, 248
2026/10/01 23:17:11.043, 0, 12288, 11868, 248
2026/10/01 23:17:11.249, 0, 12288, 11868, 248
2026/10/01 23:17:11.454, 0, 12288, 11868, 248
2026/10/01 23:17:11.659, 0, 12288, 11868, 248
2026/10/01 23:17:11.867, 0, 12288, 11868, 248
2026/10/01 23:17:12.073, 0, 12288, 11868, 248
2026/10/01 23:17:12.278, 0, 12288, 11868, 248
2026/10/01 23:17:12.484, 0, 12288, 11868, 248
2026/10/01 23:17:12.690, 0, 12288, 11868, 248
2026/10/01 23:17:12.896, 0, 12288, 11868, 248
2026/10/01 23:17:13.102, 0, 12288, 11868, 248
2026/10/01 23:17:13.309, 0, 12288, 11868, 248
2026/10/01 23:17:13.515, 0, 12288, 11868, 248
2026/10/01 23:17:13.720, 0, 12288, 11868, 248
2026/10/01 23:17:13.926, 0, 12288, 11868, 248
2026/10/01 23:17:14.132, 0, 12288, 11868, 248
2026/10/01 23:17:14.338, 0, 12288, 11868, 248
2026/10/01 23:17:14.544, 0, 12288, 11868, 248
2026/10/01 23:17:14.751, 0, 12288, 11868, 248
2026/10/01 23:17:14.957, 0, 12288, 11868, 248
2026/10/01 23:17:15.163, 0, 12288, 11868, 248
2026/10/01 23:17:15.367, 0, 12288, 11868, 248
2026/10/01 23:17:15.574, 0, 12288, 11868, 248
2026/10/01 23:17:15.779, 0, 12288, 11868, 248
2026/10/01 23:17:15.987, 0, 12288, 11868, 248
2026/10/01 23:17:16.194, 0, 12288, 11868, 248
2026/10/01 23:17:16.396, 0, 12288, 11868, 248
2026/10/01 23:17:16.603, 0, 12288, 11868, 248
2026/10/01 23:17:16.808, 0, 12288, 11868, 248
2026/10/01 23:17:17.015, 0, 12288, 11868, 248
2026/10/01 23:17:17.222, 0, 12288, 11868, 248
2026/10/01 23:17:17.427, 0, 12288, 11868, 248
2026/10/01 23:17:17.632, 0, 12288, 11868, 248
2026/10/01 23:17:17.839, 0, 12288, 11868, 248
2026/10/01 23:17:18.045, 0, 12288, 11868, 248
2026/10/01 23:17:18.251, 0, 12288, 11868, 248
2026/10/01 23:17:18.457, 0, 12288, 11868, 248
2026/10/01 23:17:18.663, 0, 12288, 11868, 248
2026/10/01 23:17:18.869, 0, 12288, 11868, 248
2026/10/01 23:17:19.075, 0, 12288, 11868, 248
2026/10/01 23:17:19.282, 0, 12288, 11868, 248
2026/10/01 23:17:19.488, 0, 12288, 11868, 248
2026/10/01 23:17:19.694, 0, 12288, 11868, 248
2026/10/01 23:17:19.899, 0, 12288, 11868, 248
2026/10/01 23:17:20.105, 0, 12288, 11868, 248
2026/10/01 23:17:20.311, 0, 12288, 11868, 248
2026/10/01 23:17:20.518, 0, 12288, 11868, 248
2026/10/01 23:17:20.724, 0, 12288, 11868, 248
2026/10/01 23:17:20.930, 0, 12288, 11868, 248
2026/10/01 23:17:21.136, 0, 12288, 11868, 248
2026/10/01 23:17:21.342, 0, 12288, 11868, 248
2026/10/01 23:17:21.548, 0, 12288, 11868, 248
2026/10/01 23:17:21.754, 0, 12288, 11868, 248
2026/10/01 23:17:21.960, 0, 12288, 11868, 248
2026/10/01 23:17:22.165, 0, 12288, 11868, 248
2026/10/01 23:17:22.372, 0, 12288, 11868, 248
2026/10/01 23:17:22.577, 0, 12288, 11868, 248
2026/10/01 23:17:22.783, 0, 12288, 11868, 248
2026/10/01 23:17:22.989, 0, 12288, 11868, 248
2026/10/01 23:17:23.196, 0, 12288, 11868, 248
2026/10/01 23:17:23.402, 0, 12288, 11868, 248
2026/10/01 23:17:23.606, 0, 12288, 11868, 248
2026/10/01 23:17:23.813, 0, 12288, 11868, 248
2026/10/01 23:17:24.020, 0, 12288, 11868, 248
2026/10/01 23:17:24.225, 0, 12288, 11868, 248
2026/10/01 23:17:24.432, 0, 12288, 11868, 248
2026/10/01 23:17:24.637, 0, 12288, 11868, 248
2026/10/01 23:17:24.843, 0, 12288, 11868, 248
2026/10/01 23:17:25.050, 0, 12288, 11868, 248
2026/10/01 23:17:25.256, 0, 12288, 11868, 248
2026/10/01 23:17:25.462, 0, 12288, 11868, 248
2026/10/01 23:17:25.668, 0, 12288, 11868, 248
2026/10/01 23:17:25.875, 0, 12288, 11868, 248
2026/10/01 23:17:26.081, 0, 12288, 11868, 248
2026/10/01 23:17:26.285, 0, 12288, 11868, 248
2026/10/01 23:17:26.491, 0, 12288, 11868, 248
2026/10/01 23:17:26.697, 0, 12288, 11868, 248
2026/10/01 23:17:26.903, 0, 12288, 11868, 248
2026/10/01 23:17:27.107, 0, 12288, 11868, 248
2026/10/01 23:17:27.313, 0, 12288, 11868, 248
2026/10/01 23:17:27.520, 0, 12288, 11868, 248
2026/10/01 23:17:27.726, 0, 12288, 11868, 248
2026/10/01 23:17:27.933, 0, 12288, 11868, 248
2026/10/01 23:17:28.138, 0, 12288, 11868, 248
2026/10/01 23:17:28.344, 0, 12288, 11868, 248
2026/10/01 23:17:28.550, 0, 12288, 11868, 248
2026/10/01 23:17:28.757, 0, 12288, 11868, 248
2026/10/01 23:17:28.964, 0, 12288, 11868, 248
2026/10/01 23:17:29.169, 0, 12288, 11868, 248
2026/10/01 23:17:29.375, 0, 12288, 11868, 248
2026/10/01 23:17:29.581, 0, 12288, 11868, 248
2026/10/01 23:17:29.788, 0, 12288, 11868, 248
2026/10/01 23:17:29.992, 0, 12288, 11868, 248
2026/10/01 23:17:30.197, 0, 12288, 11868, 248
2026/10/01 23:17:30.404, 0, 12288, 11868, 248
2026/10/01 23:17:30.611, 0, 12288, 11868, 248
2026/10/01 23:17:30.818, 0, 12288, 11868, 248
2026/10/01 23:17:31.023, 0, 12288, 11868, 248
2026/10/01 23:17:31.230, 0, 12288, 11868, 248
2026/10/01 23:17:31.437, 0, 12288, 11868, 248
2026/10/01 23:17:31.645, 0, 12288, 11868, 248
2026/10/01 23:17:31.849, 0, 12288, 11868, 248
2026/10/01 23:17:32.054, 0, 12288, 11868, 248
2026/10/01 23:17:32.261, 0, 12288, 11868, 248
2026/10/01 23:17:32.466, 0, 12288, 11868, 248
2026/10/01 23:17:32.673, 0, 12288, 11868, 248
2026/10/01 23:17:32.878, 0, 12288, 11868, 248
2026/10/01 23:17:33.085, 0, 12288, 11868, 248
2026/10/01 23:17:33.291, 0, 12288, 11868, 248
2026/10/01 23:17:33.497, 0, 12288, 11868, 248
2026/10/01 23:17:33.703, 0, 12288, 11868, 248
2026/10/01 23:17:33.910, 0, 12288, 11868, 248
2026/10/01 23:17:34.113, 0, 12288, 11868, 248
2026/10/01 23:17:34.320, 0, 12288, 11868, 248
2026/10/01 23:17:34.525, 0, 12288, 11868, 248
2026/10/01 23:17:34.731, 0, 12288, 11868, 248
2026/10/01 23:17:34.937, 0, 12288, 11868, 248
2026/10/01 23:17:35.144, 0, 12288, 11868, 248
2026/10/01 23:17:35.352, 0, 12288, 11868, 248
2026/10/01 23:17:35.557, 0, 12288, 11868, 248
2026/10/01 23:17:35.762, 0, 12288, 11868, 248
2026/10/01 23:17:35.968, 0, 12288, 11868, 248
2026/10/01 23:17:36.175, 0, 12288, 11868, 248
2026/10/01 23:17:36.380, 0, 12288, 11868, 248
2026/10/01 23:17:36.586, 0, 12288, 11868, 248
2026/10/01 23:17:36.793, 0, 12288, 11868, 248
2026/10/01 23:17:36.998, 0, 12288, 11868, 248
2026/10/01 23:17:37.205, 0, 12288, 11868, 248
2026/10/01 23:17:37.410, 0, 12288, 11868, 248
2026/10/01 23:17:37.617, 0, 12288, 11868, 248
2026/10/01 23:17:37.823, 0, 12288, 11868, 248
2026/10/01 23:17:38.030, 0, 12288, 11868, 248
2026/10/01 23:17:38.235, 0, 12288, 11868, 248
2026/10/01 23:17:38.441, 0, 12288, 11868, 248
2026/10/01 23:17:38.647, 0, 12288, 11868, 248
2026/10/01 23:17:38.851, 0, 12288, 11868, 248
2026/10/01 23:17:39.057, 0, 12288, 11868, 248
2026/10/01 23:17:39.261, 0, 12288, 11868, 248
2026/10/01 23:17:39.466, 0, 12288, 11868, 248
2026/10/01 23:17:39.672, 0, 12288, 11868, 248
2026/10/01 23:17:39.879, 0, 12288, 11868, 248
2026/10/01 23:17:40.086, 0, 12288, 11868, 248
2026/10/01 23:17:40.291, 0, 12288, 11868, 248
2026/10/01 23:17:40.497, 0, 12288, 11868, 248
2026/10/01 23:17:40.702, 0, 12288, 11868, 248
2026/10/01 23:17:40.909, 0, 12288, 11868, 248
2026/10/01 23:17:41.115, 0, 12288, 11868, 248
2026/10/01 23:17:41.322, 0, 12288, 11868, 248
2026/10/01 23:17:41.527, 0, 12288, 11868, 248
2026/10/01 23:17:41.733, 0, 12288, 11868, 248
2026/10/01 23:17:41.940, 0, 12288, 11868, 248
2026/10/01 23:17:42.146, 0, 12288, 11868, 248
2026/10/01 23:17:42.353, 0, 12288, 11868, 248
2026/10/01 23:17:42.559, 0, 12288, 11868, 248
2026/10/01 23:17:42.766, 0, 12288, 11868, 248
2026/10/01 23:17:42.972, 0, 12288, 11868, 248
2026/10/01 23:17:43.177, 0, 12288, 11868, 248
2026/10/01 23:17:43.382, 0, 12288, 11868, 248
2026/10/01 23:17:43.587, 0, 12288, 11868, 248
2026/10/01 23:17:43.794, 0, 12288, 11868, 248
2026/10/01 23:17:44.000, 0, 12288, 11868, 248
2026/10/01 23:17:44.207, 0, 12288, 11868, 248
2026/10/01 23:17:44.413, 0, 12288, 11868, 248
2026/10/01 23:17:44.617, 0, 12288, 11868, 248
2026/10/01 23:17:44.823, 0, 12288, 11868, 248
2026/10/01 23:17:45.029, 0, 12288, 11868, 248
2026/10/01 23:17:45.235, 0, 12288, 11868, 248
2026/10/01 23:17:45.442, 0, 12288, 11868, 248
2026/10/01 23:17:45.648, 0, 12288, 11868, 248
2026/10/01 23:17:45.853, 0, 12288, 11868, 248
2026/10/01 23:17:46.061, 0, 12288, 11868, 248
2026/10/01 23:17:46.266, 0, 12288, 11868, 248
2026/10/01 23:17:46.469, 0, 12288, 11868, 248
2026/10/01 23:17:46.675, 0, 12288, 11868, 248
2026/10/01 23:17:46.880, 0, 12288, 11868, 248
2026/10/01 23:17:47.086, 0, 12288, 11868, 248
2026/10/01 23:17:47.292, 0, 12288, 11868, 248
2026/10/01 23:17:47.498, 0, 12288, 11868, 248
2026/10/01 23:17:47.704, 0, 12288, 11868, 248
2026/10/01 23:17:47.911, 0, 12288, 11868, 248
2026/10/01 23:17:48.117, 0, 12288, 11868, 248
2026/10/01 23:17:48.324, 0, 12288, 11868, 248
2026/10/01 23:17:48.530, 0, 12288, 11868, 248
2026/10/01 23:17:48.736, 0, 12288, 11868, 248
2026/10/01 23:17:48.941, 0, 12288, 11868, 248
2026/10/01 23:17:49.146, 0, 12288, 11868, 248
2026/10/01 23:17:49.353, 0, 12288, 11868, 248
2026/10/01 23:17:49.560, 0, 12288, 11868, 248
2026/10/01 23:17:49.766, 0, 12288, 11868, 248
2026/10/01 23:17:49.973, 0, 12288, 11868, 248
2026/10/01 23:17:50.180, 0, 12288, 11868, 248
2026/10/01 23:17:50.387, 0, 12288, 11868, 248
2026/10/01 23:17:50.593, 0, 12288, 11868, 248
2026/10/01 23:17:50.796, 0, 12288, 11868, 248
2026/10/01 23:17:51.002, 0, 12288, 11868, 248
2026/10/01 23:17:51.208, 0, 12288, 11868, 248
2026/10/01 23:17:51.414, 0, 12288, 11868, 248
2026/10/01 23:17:51.620, 0, 12288, 11868, 248
2026/10/01 23:17:51.825, 0, 12288, 11868, 248
2026/10/01 23:17:52.033, 0, 12288, 11868, 248
2026/10/01 23:17:52.238, 0, 12288, 11868, 248
2026/10/01 23:17:52.445, 0, 12288, 11868, 248
2026/10/01 23:17:52.650, 0, 12288, 11868, 248
2026/10/01 23:17:52.858, 0, 12288, 11868, 248
2026/10/01 23:17:53.063, 0, 12288, 11868, 248
2026/10/01 23:17:53.270, 0, 12288, 11868, 248
2026/10/01 23:17:53.474, 0, 12288, 11868, 248
2026/10/01 23:17:53.680, 0, 12288, 11868, 248
2026/10/01 23:17:53.885, 0, 12288, 11868, 248
2026/10/01 23:17:54.091, 0, 12288, 11868, 248
2026/10/01 23:17:54.298, 0, 12288, 11868, 248
2026/10/01 23:17:54.504, 0, 12288, 11868, 248
2026/10/01 23:17:54.711, 0, 12288, 11868, 248
2026/10/01 23:17:54.917, 0, 12288, 11868, 248
2026/10/01 23:17:55.122, 0, 12288, 11868, 248
2026/10/01 23:17:55.329, 0, 12288, 11868, 248
2026/10/01 23:17:55.534, 0, 12288, 11868, 248
2026/10/01 23:17:55.741, 0, 12288, 11868, 248
2026/10/01 23:17:55.948, 0, 12288, 11868, 248
2026/10/01 23:17:56.154, 0, 12288, 11868, 248
2026/10/01 23:17:56.359, 0, 12288, 11868, 248
2026/10/01 23:17:56.566, 0, 12288, 11868, 248
2026/10/01 23:17:56.772, 0, 12288, 11868, 248
2026/10/01 23:17:56.978, 0, 12288, 11868, 248
2026/10/01 23:17:57.182, 0, 12288, 11868, 248
2026/10/01 23:17:57.389, 0, 12288, 11868, 248
2026/10/01 23:17:57.593, 0, 12288, 11868, 248
2026/10/01 23:17:57.800, 0, 12288, 11868, 248
2026/10/01 23:17:58.004, 0, 12288, 11868, 248
2026/10/01 23:17:58.211, 0, 12288, 11868, 248
2026/10/01 23:17:58.419, 0, 12288, 11868, 248
2026/10/01 23:17:58.625, 0, 12288, 11868, 248
2026/10/01 23:17:58.832, 0, 12288, 11868, 248
2026/10/01 23:17:59.038, 0, 12288, 11868, 248
2026/10/01 23:17:59.260, 0, 12288, 11868, 248
2026/10/01 23:17:59.465, 0, 12288, 11868, 248
2026/10/01 23:17:59.670, 0, 12288, 11868, 248
2026/10/01 23:17:59.877, 0, 12288, 11868, 248
2026/10/01 23:18:00.083, 0, 12288, 11868, 248
2026/10/01 23:18:00.291, 0, 12288, 11868, 248
2026/10/01 23:18:00.497, 0, 12288, 11868, 248
2026/10/01 23:18:00.703, 0, 12288, 11868, 248
2026/10/01 23:18:00.910, 0, 12288, 11868, 248
2026/10/01 23:18:01.117, 0, 12288, 11868, 248
2026/10/01 23:18:01.324, 0, 12288, 11868, 248
2026/10/01 23:18:01.531, 0, 12288, 11868, 248
2026/10/01 23:18:01.737, 0, 12288, 11868, 248
2026/10/01 23:18:01.942, 0, 12288, 11868, 248
2026/10/01 23:18:02.148, 0, 12288, 11868, 248
2026/10/01 23:18:02.355, 0, 12288, 11868, 248
2026/10/01 23:18:02.561, 0, 12288, 11868, 248
2026/10/01 23:18:02.768, 0, 12288, 11868, 248
2026/10/01 23:18:02.973, 0, 12288, 11868, 248
2026/10/01 23:18:03.179, 0, 12288, 11868, 248
2026/10/01 23:18:03.385, 0, 12288, 11868, 248
2026/10/01 23:18:03.590, 0, 12288, 11868, 248
2026/10/01 23:18:03.798, 0, 12288, 11868, 248
2026/10/01 23:18:04.004, 0, 12288, 11868, 248
2026/10/01 23:18:04.208, 0, 12288, 11868, 248
2026/10/01 23:18:04.414, 0, 12288, 11868, 248
2026/10/01 23:18:04.619, 0, 12288, 11868, 248
2026/10/01 23:18:04.825, 0, 12288, 11868, 248
2026/10/01 23:18:05.031, 0, 12288, 11868, 248
2026/10/01 23:18:05.238, 0, 12288, 11868, 248
2026/10/01 23:18:05.444, 0, 12288, 11868, 248
2026/10/01 23:18:05.650, 0, 12288, 11868, 248
2026/10/01 23:18:05.856, 0, 12288, 11868, 248
2026/10/01 23:18:06.078, 0, 12288, 11868, 248
2026/10/01 23:18:06.285, 0, 12288, 11868, 248
2026/10/01 23:18:06.491, 0, 12288, 11868, 248
2026/10/01 23:18:06.696, 0, 12288, 11868, 248
2026/10/01 23:18:06.902, 0, 12288, 11868, 248
2026/10/01 23:18:07.107, 0, 12288, 11868, 248
2026/10/01 23:18:07.313, 0, 12288, 11868, 248
2026/10/01 23:18:07.520, 0, 12288, 11868, 248
2026/10/01 23:18:07.724, 0, 12288, 11868, 248
2026/10/01 23:18:07.930, 0, 12288, 11868, 248
2026/10/01 23:18:08.136, 0, 12288, 11868, 248
2026/10/01 23:18:08.342, 0, 12288, 11868, 248
2026/10/01 23:18:08.548, 0, 12288, 11868, 248
2026/10/01 23:18:08.754, 0, 12288, 11868, 248
2026/10/01 23:18:08.961, 0, 12288, 11868, 248
2026/10/01 23:18:09.167, 0, 12288, 11868, 248
2026/10/01 23:18:09.374, 0, 12288, 11868, 248
2026/10/01 23:18:09.581, 0, 12288, 11868, 248
2026/10/01 23:18:09.787, 0, 12288, 11868, 248
2026/10/01 23:18:09.994, 0, 12288, 11868, 248
2026/10/01 23:18:10.201, 0, 12288, 11868, 248
2026/10/01 23:18:10.407, 0, 12288, 11868, 248
2026/10/01 23:18:10.611, 0, 12288, 11868, 248
2026/10/01 23:18:10.817, 0, 12288, 11868, 248
2026/10/01 23:18:11.024, 0, 12288, 11868, 248
2026/10/01 23:18:11.228, 0, 12288, 11868, 248
2026/10/01 23:18:11.434, 0, 12288, 11868, 248
2026/10/01 23:18:11.640, 0, 12288, 11868, 248
2026/10/01 23:18:11.847, 0, 12288, 11868, 248
2026/10/01 23:18:12.054, 0, 12288, 11868, 248
2026/10/01 23:18:12.260, 0, 12288, 11868, 248
2026/10/01 23:18:12.466, 0, 12288, 11868, 248
2026/10/01 23:18:12.672, 0, 12288, 11868, 248
2026/10/01 23:18:12.894, 0, 12288, 11868, 248
2026/10/01 23:18:13.099, 0, 12288, 11868, 248
2026/10/01 23:18:13.305, 0, 12288, 11868, 248
2026/10/01 23:18:13.510, 0, 12288, 11868, 248
2026/10/01 23:18:13.716, 0, 12288, 11868, 248
2026/10/01 23:18:13.922, 0, 12288, 11868, 248
2026/10/01 23:18:14.128, 0, 12288, 11868, 248
2026/10/01 23:18:14.335, 0, 12288, 11868, 248
2026/10/01 23:18:14.541, 0, 12288, 11868, 248
2026/10/01 23:18:14.746, 0, 12288, 11868, 248
2026/10/01 23:18:14.953, 0, 12288, 11868, 248
2026/10/01 23:18:15.175, 0, 12288, 11868, 248
2026/10/01 23:18:15.396, 0, 12288, 11868, 248
2026/10/01 23:18:15.619, 0, 12288, 11868, 248
2026/10/01 23:18:15.838, 0, 12288, 11868, 248
2026/10/01 23:18:16.054, 0, 12288, 11868, 248
2026/10/01 23:18:16.258, 0, 12288, 11868, 248
2026/10/01 23:18:16.464, 0, 12288, 11868, 248
2026/10/01 23:18:16.669, 0, 12288, 11868, 248
2026/10/01 23:18:16.876, 0, 12288, 11868, 248
2026/10/01 23:18:17.081, 0, 12288, 11868, 248
2026/10/01 23:18:17.287, 0, 12288, 11868, 248
2026/10/01 23:18:17.495, 0, 12288, 11868, 248
2026/10/01 23:18:17.699, 0, 12288, 11868, 248
2026/10/01 23:18:17.904, 0, 12288, 11868, 248
2026/10/01 23:18:18.110, 0, 12288, 11868, 248
2026/10/01 23:18:18.315, 0, 12288, 11868, 248
2026/10/01 23:18:18.519, 0, 12288, 11868, 248
2026/10/01 23:18:18.725, 0, 12288, 11868, 248
2026/10/01 23:18:18.932, 0, 12288, 11868, 248
2026/10/01 23:18:19.138, 0, 12288, 11868, 248
2026/10/01 23:18:19.344, 0, 12288, 11868, 248
2026/10/01 23:18:19.551, 0, 12288, 11868, 248
2026/10/01 23:18:19.756, 0, 12288, 11868, 248
2026/10/01 23:18:19.963, 0, 12288, 11868, 248
2026/10/01 23:18:20.168, 0, 12288, 11868, 248
2026/10/01 23:18:20.374, 0, 12288, 11868, 248
2026/10/01 23:18:20.579, 0, 12288, 11868, 248
2026/10/01 23:18:20.785, 0, 12288, 11868, 248
2026/10/01 23:18:20.989, 0, 12288, 11868, 248
2026/10/01 23:18:21.196, 0, 12288, 11868, 248
2026/10/01 23:18:21.401, 0, 12288, 11868, 248
2026/10/01 23:18:21.606, 0, 12288, 11868, 248
2026/10/01 23:18:21.812, 0, 12288, 11868, 248
2026/10/01 23:18:22.016, 0, 12288, 11868, 248
2026/10/01 23:18:22.223, 0, 12288, 11868, 248
2026/10/01 23:18:22.430, 0, 12288, 11868, 248
2026/10/01 23:18:22.636, 0, 12288, 11868, 248
2026/10/01 23:18:22.842, 0, 12288, 11868, 248
2026/10/01 23:18:23.046, 0, 12288, 11868, 248
2026/10/01 23:18:23.254, 0, 12288, 11868, 248
2026/10/01 23:18:23.459, 0, 12288, 11868, 248
2026/10/01 23:18:23.665, 0, 12288, 11868, 248
2026/10/01 23:18:23.870, 0, 12288, 11868, 248
2026/10/01 23:18:24.077, 0, 12288, 11868, 248
2026/10/01 23:18:24.282, 0, 12288, 11868, 248
2026/10/01 23:18:24.486, 0, 12288, 11868, 248
2026/10/01 23:18:24.691, 0, 12288, 11868, 248
2026/10/01 23:18:24.897, 0, 12288, 11868, 248
2026/10/01 23:18:25.103, 0, 12288, 11868, 248
2026/10/01 23:18:25.309, 0, 12288, 11868, 248
2026/10/01 23:18:25.516, 0, 12288, 11868, 248
2026/10/01 23:18:25.721, 0, 12288, 11868, 248
2026/10/01 23:18:25.925, 0, 12288, 11868, 248
2026/10/01 23:18:26.130, 0, 12288, 11868, 248
2026/10/01 23:18:26.335, 0, 12288, 11868, 248
2026/10/01 23:18:26.555, 0, 12288, 11868, 248
2026/10/01 23:18:26.761, 0, 12288, 11868, 248
2026/10/01 23:18:26.966, 0, 12288, 11868, 248
2026/10/01 23:18:27.172, 0, 12288, 11868, 248
2026/10/01 23:18:27.378, 0, 12288, 11868, 248
2026/10/01 23:18:27.583, 0, 12288, 11868, 248
2026/10/01 23:18:27.788, 0, 12288, 11868, 248
2026/10/01 23:18:27.995, 0, 12288, 11868, 248
2026/10/01 23:18:28.202, 0, 12288, 11868, 248
2026/10/01 23:18:28.406, 0, 12288, 11868, 248
2026/10/01 23:18:28.612, 0, 12288, 11868, 248
2026/10/01 23:18:28.821, 0, 12288, 11868, 248
2026/10/01 23:18:29.026, 0, 12288, 11868, 248
2026/10/01 23:18:29.232, 0, 12288, 11868, 248
2026/10/01 23:18:29.438, 0, 12288, 11868, 248
2026/10/01 23:18:29.644, 0, 12288, 11868, 248
2026/10/01 23:18:29.849, 0, 12288, 11868, 248
2026/10/01 23:18:30.053, 0, 12288, 11868, 248
2026/10/01 23:18:30.261, 0, 12288, 11868, 248
2026/10/01 23:18:30.467, 0, 12288, 11868, 248
2026/10/01 23:18:30.673, 0, 12288, 11868, 248
2026/10/01 23:18:30.879, 0, 12288, 11868, 248
2026/10/01 23:18:31.084, 0, 12288, 11868, 248
2026/10/01 23:18:31.289, 0, 12288, 11868, 248
2026/10/01 23:18:31.495, 0, 12288, 11868, 248
2026/10/01 23:18:31.702, 0, 12288, 11868, 248
2026/10/01 23:18:31.909, 0, 12288, 11868, 248
2026/10/01 23:18:32.114, 0, 12288, 11868, 248
2026/10/01 23:18:32.320, 0, 12288, 11868, 248
2026/10/01 23:18:32.526, 0, 12288, 11868, 248
2026/10/01 23:18:32.731, 0, 12288, 11868, 248
2026/10/01 23:18:32.937, 0, 12288, 11868, 248
2026/10/01 23:18:33.142, 0, 12288, 11868, 248
2026/10/01 23:18:33.364, 0, 12288, 11868, 248
2026/10/01 23:18:33.571, 0, 12288, 11868, 248
2026/10/01 23:18:33.777, 0, 12288, 11868, 248
2026/10/01 23:18:33.983, 0, 12288, 11868, 248
2026/10/01 23:18:34.190, 0, 12288, 11868, 248
2026/10/01 23:18:34.395, 0, 12288, 11868, 248
2026/10/01 23:18:34.601, 0, 12288, 11868, 248
2026/10/01 23:18:34.809, 0, 12288, 11868, 248
2026/10/01 23:18:35.016, 0, 12288, 11868, 248
2026/10/01 23:18:35.221, 0, 12288, 11868, 248
2026/10/01 23:18:35.425, 0, 12288, 11868, 248
2026/10/01 23:18:35.631, 0, 12288, 11868, 248
2026/10/01 23:18:35.836, 0, 12288, 11868, 248
2026/10/01 23:18:36.043, 0, 12288, 11868, 248
2026/10/01 23:18:36.250, 0, 12288, 11868, 248
2026/10/01 23:18:36.456, 0, 12288, 11868, 248
2026/10/01 23:18:36.664, 0, 12288, 11868, 248
2026/10/01 23:18:36.870, 0, 12288, 11868, 248
2026/10/01 23:18:37.076, 0, 12288, 11868, 248
2026/10/01 23:18:37.281, 0, 12288, 11868, 248
2026/10/01 23:18:37.486, 0, 12288, 11868, 248
2026/10/01 23:18:37.693, 0, 12288, 11868, 248
2026/10/01 23:18:37.901, 0, 12288, 11868, 248
2026/10/01 23:18:38.107, 0, 12288, 11868, 248
2026/10/01 23:18:38.310, 0, 12288, 11868, 248
2026/10/01 23:18:38.516, 0, 12288, 11868, 248
2026/10/01 23:18:38.723, 0, 12288, 11868, 248
2026/10/01 23:18:38.928, 0, 12288, 11868, 248
2026/10/01 23:18:39.134, 0, 12288, 11868, 248
2026/10/01 23:18:39.339, 0, 12288, 11868, 248
2026/10/01 23:18:39.545, 0, 12288, 11868, 248
2026/10/01 23:18:39.751, 0, 12288, 11868, 248
2026/10/01 23:18:39.958, 0, 12288, 11868, 248
2026/10/01 23:18:40.164, 0, 12288, 11868, 248
2026/10/01 23:18:40.369, 0, 12288, 11868, 248
2026/10/01 23:18:40.576, 0, 12288, 11868, 248
2026/10/01 23:18:40.781, 0, 12288, 11868, 248
2026/10/01 23:18:40.987, 0, 12288, 11868, 248
2026/10/01 23:18:41.192, 0, 12288, 11868, 248
2026/10/01 23:18:41.397, 0, 12288, 11868, 248
2026/10/01 23:18:41.601, 0, 12288, 11868, 248
2026/10/01 23:18:41.806, 0, 12288, 11868, 248
2026/10/01 23:18:42.014, 0, 12288, 11868, 248
2026/10/01 23:18:42.220, 0, 12288, 11868, 248
2026/10/01 23:18:42.426, 0, 12288, 11868, 248
2026/10/01 23:18:42.633, 0, 12288, 11868, 248
2026/10/01 23:18:42.838, 0, 12288, 11868, 248
2026/10/01 23:18:43.042, 0, 12288, 11868, 248
2026/10/01 23:18:43.248, 0, 12288, 11868, 248
2026/10/01 23:18:43.453, 0, 12288, 11868, 248
2026/10/01 23:18:43.657, 0, 12288, 11868, 248
2026/10/01 23:18:43.864, 0, 12288, 11868, 248
2026/10/01 23:18:44.069, 0, 12288, 11868, 248
2026/10/01 23:18:44.277, 0, 12288, 11868, 248
2026/10/01 23:18:44.483, 0, 12288, 11868, 248
2026/10/01 23:18:44.687, 0, 12288, 11868, 248
2026/10/01 23:18:44.893, 0, 12288, 11868, 248
2026/10/01 23:18:45.097, 0, 12288, 11868, 248
2026/10/01 23:18:45.302, 0, 12288, 11868, 248
2026/10/01 23:18:45.508, 0, 12288, 11868, 248
2026/10/01 23:18:45.712, 0, 12288, 11868, 248
2026/10/01 23:18:45.918, 0, 12288, 11868, 248
2026/10/01 23:18:46.125, 0, 12288, 11868, 248
2026/10/01 23:18:46.330, 0, 12288, 11868, 248
2026/10/01 23:18:46.535, 0, 12288, 11868, 248
2026/10/01 23:18:46.742, 0, 12288, 11868, 248
2026/10/01 23:18:46.948, 0, 12288, 11868, 248
2026/10/01 23:18:47.155, 0, 12288, 11868, 248
2026/10/01 23:18:47.361, 0, 12288, 11868, 248
2026/10/01 23:18:47.567, 0, 12288, 11868, 248
2026/10/01 23:18:47.771, 0, 12288, 11868, 248
2026/10/01 23:18:47.977, 0, 12288, 11868, 248
2026/10/01 23:18:48.182, 0, 12288, 11868, 248
2026/10/01 23:18:48.388, 0, 12288, 11868, 248
2026/10/01 23:18:48.593, 0, 12288, 11868, 248
2026/10/01 23:18:48.798, 0, 12288, 11868, 248
2026/10/01 23:18:49.005, 0, 12288, 11868, 248
2026/10/01 23:18:49.210, 0, 12288, 11868, 248
2026/10/01 23:18:49.416, 0, 12288, 11868, 248
2026/10/01 23:18:49.622, 0, 12288, 11868, 248
2026/10/01 23:18:49.828, 0, 12288, 11868, 248
2026/10/01 23:18:50.034, 0, 12288, 11868, 248
2026/10/01 23:18:50.241, 0, 12288, 11868, 248
2026/10/01 23:18:50.447, 0, 12288, 11868, 248
2026/10/01 23:18:50.652, 0, 12288, 11868, 248
2026/10/01 23:18:50.857, 0, 12288, 11868, 248
2026/10/01 23:18:51.063, 0, 12288, 11868, 248
2026/10/01 23:18:51.270, 0, 12288, 11868, 248
2026/10/01 23:18:51.476, 0, 12288, 11868, 248
2026/10/01 23:18:51.681, 0, 12288, 11868, 248
2026/10/01 23:18:51.887, 0, 12288, 11868, 248
2026/10/01 23:18:52.094, 0, 12288, 11868, 248
2026/10/01 23:18:52.299, 0, 12288, 11868, 248
2026/10/01 23:18:52.506, 0, 12288, 11868, 248
2026/10/01 23:18:52.708, 0, 12288, 11868, 248
2026/10/01 23:18:52.915, 0, 12288, 11868, 248
2026/10/01 23:18:53.119, 0, 12288, 11868, 248
2026/10/01 23:18:53.325, 0, 12288, 11868, 248
2026/10/01 23:18:53.532, 0, 12288, 11868, 248
2026/10/01 23:18:53.737, 0, 12288, 11868, 248
2026/10/01 23:18:53.942, 0, 12288, 11868, 248
2026/10/01 23:18:54.150, 0, 12288, 11868, 248
2026/10/01 23:18:54.357, 0, 12288, 11868, 248
2026/10/01 23:18:54.562, 0, 12288, 11868, 248
2026/10/01 23:18:54.769, 0, 12288, 11868, 248
2026/10/01 23:18:54.972, 0, 12288, 11868, 248
2026/10/01 23:18:55.179, 0, 12288, 11868, 248
2026/10/01 23:18:55.386, 0, 12288, 11868, 248
2026/10/01 23:18:55.595, 0, 12288, 11868, 248
2026/10/01 23:18:55.801, 0, 12288, 11868, 248
2026/10/01 23:18:56.006, 0, 12288, 11868, 248
2026/10/01 23:18:56.211, 0, 12288, 11876, 240
2026/10/01 23:18:56.416, 0, 12288, 11876, 240
2026/10/01 23:18:56.623, 0, 12288, 11876, 240
2026/10/01 23:18:56.830, 0, 12288, 11876, 240
2026/10/01 23:18:57.035, 0, 12288, 11876, 240
2026/10/01 23:18:57.241, 0, 12288, 11876, 240
2026/10/01 23:18:57.447, 0, 12288, 11876, 240
2026/10/01 23:18:57.653, 0, 12288, 11876, 240
2026/10/01 23:18:57.859, 0, 12288, 11876, 240
2026/10/01 23:18:58.065, 0, 12288, 11876, 240
2026/10/01 23:18:58.270, 0, 12288, 11868, 248
2026/10/01 23:18:58.475, 0, 12288, 11868, 248
2026/10/01 23:18:58.681, 0, 12288, 11868, 248
2026/10/01 23:18:58.887, 0, 12288, 11868, 248
2026/10/01 23:18:59.092, 0, 12288, 11868, 248
2026/10/01 23:18:59.297, 0, 12288, 11868, 248
2026/10/01 23:18:59.504, 0, 12288, 11868, 248
2026/10/01 23:18:59.709, 0, 12288, 11868, 248
2026/10/01 23:18:59.916, 0, 12288, 11868, 248
2026/10/01 23:19:00.122, 0, 12288, 11868, 248
2026/10/01 23:19:00.328, 0, 12288, 11868, 248
2026/10/01 23:19:00.534, 0, 12288, 11868, 248
2026/10/01 23:19:00.739, 0, 12288, 11868, 248
2026/10/01 23:19:00.945, 0, 12288, 11868, 248
2026/10/01 23:19:01.150, 0, 12288, 11868, 248
2026/10/01 23:19:01.356, 0, 12288, 11868, 248
2026/10/01 23:19:01.563, 0, 12288, 11868, 248
2026/10/01 23:19:01.767, 0, 12288, 11868, 248
2026/10/01 23:19:01.990, 0, 12288, 11868, 248
2026/10/01 23:19:02.197, 0, 12288, 11868, 248
2026/10/01 23:19:02.403, 0, 12288, 11868, 248
2026/10/01 23:19:02.609, 0, 12288, 11868, 248
2026/10/01 23:19:02.814, 0, 12288, 11868, 248
2026/10/01 23:19:03.020, 0, 12288, 11868, 248
2026/10/01 23:19:03.227, 0, 12288, 11868, 248
2026/10/01 23:19:03.432, 0, 12288, 11868, 248
2026/10/01 23:19:03.639, 0, 12288, 11868, 248
2026/10/01 23:19:03.845, 0, 12288, 11868, 248
2026/10/01 23:19:04.050, 0, 12288, 11868, 248
2026/10/01 23:19:04.257, 0, 12288, 11868, 248
2026/10/01 23:19:04.463, 0, 12288, 11868, 248
2026/10/01 23:19:04.668, 0, 12288, 11868, 248
2026/10/01 23:19:04.873, 0, 12288, 11868, 248
2026/10/01 23:19:05.078, 0, 12288, 11868, 248
2026/10/01 23:19:05.284, 0, 12288, 11868, 248
2026/10/01 23:19:05.489, 0, 12288, 11868, 248
2026/10/01 23:19:05.697, 0, 12288, 11868, 248
2026/10/01 23:19:05.900, 0, 12288, 11868, 248
2026/10/01 23:19:06.107, 0, 12288, 11868, 248
2026/10/01 23:19:06.314, 0, 12288, 11868, 248
2026/10/01 23:19:06.521, 0, 12288, 11868, 248
2026/10/01 23:19:06.728, 0, 12288, 11868, 248
2026/10/01 23:19:06.933, 0, 12288, 11868, 248
2026/10/01 23:19:07.140, 0, 12288, 11868, 248
2026/10/01 23:19:07.345, 0, 12288, 11868, 248
2026/10/01 23:19:07.550, 0, 12288, 11868, 248
2026/10/01 23:19:07.756, 0, 12288, 11868, 248
2026/10/01 23:19:07.960, 0, 12288, 11868, 248
2026/10/01 23:19:08.166, 0, 12288, 11868, 248
2026/10/01 23:19:08.372, 0, 12288, 11868, 248
2026/10/01 23:19:08.576, 0, 12288, 11868, 248
2026/10/01 23:19:08.782, 0, 12288, 11868, 248
2026/10/01 23:19:08.989, 0, 12288, 11868, 248
2026/10/01 23:19:09.195, 0, 12288, 11868, 248
2026/10/01 23:19:09.401, 0, 12288, 11868, 248
2026/10/01 23:19:09.607, 0, 12288, 11868, 248
2026/10/01 23:19:09.814, 0, 12288, 11868, 248
2026/10/01 23:19:10.020, 0, 12288, 11868, 248
2026/10/01 23:19:10.227, 0, 12288, 11868, 248
2026/10/01 23:19:10.434, 0, 12288, 11868, 248
2026/10/01 23:19:10.641, 0, 12288, 11868, 248
2026/10/01 23:19:10.845, 0, 12288, 11868, 248
2026/10/01 23:19:11.051, 0, 12288, 11868, 248
2026/10/01 23:19:11.257, 0, 12288, 11868, 248
2026/10/01 23:19:11.462, 0, 12288, 11868, 248
2026/10/01 23:19:11.668, 0, 12288, 11868, 248
2026/10/01 23:19:11.875, 0, 12288, 11868, 248
2026/10/01 23:19:12.081, 0, 12288, 11868, 248
2026/10/01 23:19:12.288, 0, 12288, 11868, 248
2026/10/01 23:19:12.494, 0, 12288, 11868, 248
2026/10/01 23:19:12.697, 0, 12288, 11868, 248
2026/10/01 23:19:12.903, 0, 12288, 11868, 248
2026/10/01 23:19:13.110, 0, 12288, 11868, 248
2026/10/01 23:19:13.316, 0, 12288, 11868, 248
2026/10/01 23:19:13.522, 0, 12288, 11868, 248
2026/10/01 23:19:13.729, 0, 12288, 11868, 248
2026/10/01 23:19:13.934, 0, 12288, 11868, 248
2026/10/01 23:19:14.139, 0, 12288, 11868, 248
2026/10/01 23:19:14.346, 0, 12288, 11868, 248
2026/10/01 23:19:14.553, 0, 12288, 11868, 248
2026/10/01 23:19:14.757, 0, 12288, 11868, 248
2026/10/01 23:19:14.964, 0, 12288, 11868, 248
2026/10/01 23:19:15.168, 0, 12288, 11868, 248
2026/10/01 23:19:15.374, 0, 12288, 11868, 248
2026/10/01 23:19:15.580, 0, 12288, 11868, 248
2026/10/01 23:19:15.786, 0, 12288, 11868, 248
2026/10/01 23:19:15.993, 0, 12288, 11868, 248
2026/10/01 23:19:16.198, 0, 12288, 11868, 248
2026/10/01 23:19:16.404, 0, 12288, 11868, 248
2026/10/01 23:19:16.608, 0, 12288, 11868, 248
2026/10/01 23:19:16.813, 0, 12288, 11868, 248
2026/10/01 23:19:17.019, 0, 12288, 11868, 248
2026/10/01 23:19:17.226, 0, 12288, 11868, 248
2026/10/01 23:19:17.432, 0, 12288, 11868, 248
2026/10/01 23:19:17.638, 0, 12288, 11868, 248
2026/10/01 23:19:17.844, 0, 12288, 11868, 248
2026/10/01 23:19:18.050, 0, 12288, 11868, 248
2026/10/01 23:19:18.256, 0, 12288, 11868, 248
2026/10/01 23:19:18.461, 0, 12288, 11868, 248
2026/10/01 23:19:18.666, 0, 12288, 11868, 248
2026/10/01 23:19:18.872, 0, 12288, 11868, 248
2026/10/01 23:19:19.077, 0, 12288, 11868, 248
2026/10/01 23:19:19.282, 0, 12288, 11868, 248
2026/10/01 23:19:19.488, 0, 12288, 11868, 248
2026/10/01 23:19:19.710, 0, 12288, 11868, 248
2026/10/01 23:19:19.916, 0, 12288, 11868, 248
2026/10/01 23:19:20.120, 0, 12288, 11868, 248
2026/10/01 23:19:20.326, 0, 12288, 11868, 248
2026/10/01 23:19:20.532, 0, 12288, 11868, 248
2026/10/01 23:19:20.739, 0, 12288, 11868, 248
2026/10/01 23:19:20.945, 0, 12288, 11868, 248
2026/10/01 23:19:21.150, 0, 12288, 11868, 248
2026/10/01 23:19:21.355, 0, 12288, 11868, 248
2026/10/01 23:19:21.561, 0, 12288, 11868, 248
2026/10/01 23:19:21.767, 0, 12288, 11868, 248
2026/10/01 23:19:21.973, 0, 12288, 11868, 248
2026/10/01 23:19:22.181, 0, 12288, 11868, 248
2026/10/01 23:19:22.388, 0, 12288, 11868, 248
2026/10/01 23:19:22.592, 0, 12288, 11868, 248
2026/10/01 23:19:22.799, 0, 12288, 11868, 248
2026/10/01 23:19:23.005, 0, 12288, 11868, 248
2026/10/01 23:19:23.211, 0, 12288, 11868, 248
2026/10/01 23:19:23.417, 0, 12288, 11868, 248
2026/10/01 23:19:23.622, 0, 12288, 11868, 248
2026/10/01 23:19:23.829, 0, 12288, 11868, 248
2026/10/01 23:19:24.033, 0, 12288, 11868, 248
2026/10/01 23:19:24.239, 0, 12288, 11868, 248
2026/10/01 23:19:24.445, 0, 12288, 11868, 248
2026/10/01 23:19:24.652, 0, 12288, 11868, 248
2026/10/01 23:19:24.858, 0, 12288, 11868, 248
2026/10/01 23:19:25.065, 0, 12288, 11868, 248
2026/10/01 23:19:25.270, 0, 12288, 11868, 248
2026/10/01 23:19:25.475, 0, 12288, 11868, 248
2026/10/01 23:19:25.682, 0, 12288, 11868, 248
2026/10/01 23:19:25.889, 0, 12288, 11868, 248
2026/10/01 23:19:26.094, 0, 12288, 11868, 248
2026/10/01 23:19:26.301, 0, 12288, 11868, 248
2026/10/01 23:19:26.507, 0, 12288, 11868, 248
2026/10/01 23:19:26.713, 0, 12288, 11868, 248
2026/10/01 23:19:26.919, 0, 12288, 11868, 248
2026/10/01 23:19:27.126, 0, 12288, 11868, 248
2026/10/01 23:19:27.329, 0, 12288, 11868, 248
2026/10/01 23:19:27.538, 0, 12288, 11868, 248
2026/10/01 23:19:27.741, 0, 12288, 11868, 248
2026/10/01 23:19:27.947, 0, 12288, 11868, 248
2026/10/01 23:19:28.153, 0, 12288, 11868, 248
2026/10/01 23:19:28.360, 0, 12288, 11868, 248
2026/10/01 23:19:28.566, 0, 12288, 11868, 248
2026/10/01 23:19:28.772, 0, 12288, 11868, 248
2026/10/01 23:19:28.977, 0, 12288, 11868, 248
2026/10/01 23:19:29.181, 0, 12288, 11868, 248
2026/10/01 23:19:29.386, 0, 12288, 11868, 248
2026/10/01 23:19:29.591, 0, 12288, 11868, 248
2026/10/01 23:19:29.795, 0, 12288, 11868, 248
2026/10/01 23:19:30.000, 0, 12288, 11868, 248
2026/10/01 23:19:30.206, 0, 12288, 11868, 248
2026/10/01 23:19:30.413, 0, 12288, 11868, 248
2026/10/01 23:19:30.619, 0, 12288, 11868, 248
2026/10/01 23:19:30.825, 0, 12288, 11868, 248
2026/10/01 23:19:31.031, 0, 12288, 11868, 248
2026/10/01 23:19:31.238, 0, 12288, 11868, 248
2026/10/01 23:19:31.444, 0, 12288, 11868, 248
2026/10/01 23:19:31.649, 0, 12288, 11868, 248
2026/10/01 23:19:31.856, 0, 12288, 11868, 248
2026/10/01 23:19:32.062, 0, 12288, 11868, 248
2026/10/01 23:19:32.267, 0, 12288, 11868, 248
2026/10/01 23:19:32.472, 0, 12288, 11868, 248
2026/10/01 23:19:32.680, 0, 12288, 11868, 248
2026/10/01 23:19:32.886, 0, 12288, 11868, 248
2026/10/01 23:19:33.092, 0, 12288, 11868, 248
2026/10/01 23:19:33.299, 0, 12288, 11868, 248
2026/10/01 23:19:33.506, 0, 12288, 11868, 248
2026/10/01 23:19:33.712, 0, 12288, 11868, 248
2026/10/01 23:19:33.918, 0, 12288, 11868, 248
2026/10/01 23:19:34.122, 0, 12288, 11868, 248
2026/10/01 23:19:34.329, 0, 12288, 11868, 248
2026/10/01 23:19:34.534, 0, 12288, 11868, 248
2026/10/01 23:19:34.741, 0, 12288, 11868, 248
2026/10/01 23:19:34.947, 0, 12288, 11868, 248
2026/10/01 23:19:35.152, 0, 12288, 11868, 248
2026/10/01 23:19:35.360, 0, 12288, 11868, 248
2026/10/01 23:19:35.563, 0, 12288, 11868, 248
2026/10/01 23:19:35.769, 0, 12288, 11868, 248
2026/10/01 23:19:35.976, 0, 12288, 11868, 248
2026/10/01 23:19:36.180, 0, 12288, 11868, 248
2026/10/01 23:19:36.387, 0, 12288, 11868, 248
2026/10/01 23:19:36.592, 0, 12288, 11868, 248
2026/10/01 23:19:36.800, 0, 12288, 11868, 248
2026/10/01 23:19:37.005, 0, 12288, 11868, 248
2026/10/01 23:19:37.211, 0, 12288, 11868, 248
2026/10/01 23:19:37.433, 0, 12288, 11868, 248
2026/10/01 23:19:37.639, 0, 12288, 11868, 248
2026/10/01 23:19:37.845, 0, 12288, 11868, 248
2026/10/01 23:19:38.052, 0, 12288, 11868, 248
2026/10/01 23:19:38.257, 0, 12288, 11868, 248
2026/10/01 23:19:38.462, 0, 12288, 11868, 248
2026/10/01 23:19:38.669, 0, 12288, 11868, 248
2026/10/01 23:19:38.874, 0, 12288, 11868, 248
2026/10/01 23:19:39.079, 0, 12288, 11868, 248
2026/10/01 23:19:39.286, 0, 12288, 11868, 248
2026/10/01 23:19:39.491, 0, 12288, 11868, 248
2026/10/01 23:19:39.698, 0, 12288, 11868, 248
2026/10/01 23:19:39.904, 0, 12288, 11868, 248
2026/10/01 23:19:40.109, 0, 12288, 11868, 248
2026/10/01 23:19:40.314, 0, 12288, 11868, 248
2026/10/01 23:19:40.520, 0, 12288, 11868, 248
2026/10/01 23:19:40.728, 0, 12288, 11868, 248
2026/10/01 23:19:40.935, 0, 12288, 11868, 248
2026/10/01 23:19:41.141, 0, 12288, 11868, 248
2026/10/01 23:19:41.347, 0, 12288, 11868, 248
2026/10/01 23:19:41.553, 0, 12288, 11868, 248
2026/10/01 23:19:41.760, 0, 12288, 11868, 248
2026/10/01 23:19:41.964, 0, 12288, 11868, 248
2026/10/01 23:19:42.171, 0, 12288, 11868, 248
2026/10/01 23:19:42.379, 0, 12288, 11868, 248
2026/10/01 23:19:42.584, 0, 12288, 11868, 248
2026/10/01 23:19:42.789, 0, 12288, 11868, 248
2026/10/01 23:19:42.996, 0, 12288, 11868, 248
2026/10/01 23:19:43.202, 0, 12288, 11868, 248
2026/10/01 23:19:43.408, 0, 12288, 11868, 248
2026/10/01 23:19:43.613, 0, 12288, 11868, 248
2026/10/01 23:19:43.819, 0, 12288, 11868, 248
2026/10/01 23:19:44.024, 0, 12288, 11868, 248
2026/10/01 23:19:44.244, 0, 12288, 11868, 248
2026/10/01 23:19:44.450, 0, 12288, 11868, 248
2026/10/01 23:19:44.654, 0, 12288, 11868, 248
2026/10/01 23:19:44.859, 0, 12288, 11868, 248
2026/10/01 23:19:45.065, 0, 12288, 11868, 248
2026/10/01 23:19:45.270, 0, 12288, 11868, 248
2026/10/01 23:19:45.476, 0, 12288, 11868, 248
2026/10/01 23:19:45.682, 0, 12288, 11868, 248
2026/10/01 23:19:45.889, 0, 12288, 11868, 248
2026/10/01 23:19:46.095, 0, 12288, 11868, 248
2026/10/01 23:19:46.303, 0, 12288, 11868, 248
2026/10/01 23:19:46.511, 0, 12288, 11868, 248
2026/10/01 23:19:46.717, 0, 12288, 11868, 248
2026/10/01 23:19:46.923, 0, 12288, 11868, 248
2026/10/01 23:19:47.129, 0, 12288, 11868, 248
2026/10/01 23:19:47.335, 0, 12288, 11868, 248
2026/10/01 23:19:47.540, 0, 12288, 11868, 248
2026/10/01 23:19:47.747, 0, 12288, 11868, 248
2026/10/01 23:19:47.953, 0, 12288, 11868, 248
2026/10/01 23:19:48.157, 0, 12288, 11868, 248
2026/10/01 23:19:48.364, 0, 12288, 11868, 248
2026/10/01 23:19:48.570, 0, 12288, 11868, 248
2026/10/01 23:19:48.778, 0, 12288, 11868, 248
2026/10/01 23:19:48.983, 0, 12288, 11868, 248
2026/10/01 23:19:49.190, 0, 12288, 11868, 248
2026/10/01 23:19:49.396, 0, 12288, 11868, 248
2026/10/01 23:19:49.604, 0, 12288, 11868, 248
2026/10/01 23:19:49.811, 0, 12288, 11868, 248
2026/10/01 23:19:50.016, 0, 12288, 11868, 248
2026/10/01 23:19:50.223, 0, 12288, 11868, 248
2026/10/01 23:19:50.430, 0, 12288, 11868, 248
2026/10/01 23:19:50.637, 0, 12288, 11868, 248
2026/10/01 23:19:50.843, 0, 12288, 11868, 248
2026/10/01 23:19:51.050, 0, 12288, 11868, 248
2026/10/01 23:19:51.256, 0, 12288, 11868, 248
2026/10/01 23:19:51.463, 0, 12288, 11868, 248
2026/10/01 23:19:51.668, 0, 12288, 11868, 248
2026/10/01 23:19:51.873, 0, 12288, 11868, 248
2026/10/01 23:19:52.078, 0, 12288, 11868, 248
2026/10/01 23:19:52.282, 0, 12288, 11868, 248
2026/10/01 23:19:52.489, 0, 12288, 11868, 248
2026/10/01 23:19:52.693, 0, 12288, 11868, 248
2026/10/01 23:19:52.900, 0, 12288, 11868, 248
2026/10/01 23:19:53.106, 0, 12288, 11868, 248
2026/10/01 23:19:53.313, 0, 12288, 11868, 248
2026/10/01 23:19:53.520, 0, 12288, 11868, 248
2026/10/01 23:19:53.726, 0, 12288, 11868, 248
2026/10/01 23:19:53.933, 0, 12288, 11868, 248
2026/10/01 23:19:54.138, 0, 12288, 11868, 248
2026/10/01 23:19:54.344, 0, 12288, 11868, 248
2026/10/01 23:19:54.548, 0, 12288, 11868, 248
2026/10/01 23:19:54.755, 0, 12288, 11868, 248
2026/10/01 23:19:54.961, 0, 12288, 11868, 248
2026/10/01 23:19:55.167, 0, 12288, 11868, 248
2026/10/01 23:19:55.373, 0, 12288, 11868, 248
2026/10/01 23:19:55.578, 0, 12288, 11868, 248
2026/10/01 23:19:55.785, 0, 12288, 11868, 248
2026/10/01 23:19:55.990, 0, 12288, 11868, 248
2026/10/01 23:19:56.196, 0, 12288, 11868, 248
2026/10/01 23:19:56.402, 0, 12288, 11868, 248
2026/10/01 23:19:56.606, 0, 12288, 11868, 248
2026/10/01 23:19:56.813, 0, 12288, 11868, 248
2026/10/01 23:19:57.018, 0, 12288, 11868, 248
2026/10/01 23:19:57.224, 0, 12288, 11868, 248
2026/10/01 23:19:57.431, 0, 12288, 11868, 248
2026/10/01 23:19:57.637, 0, 12288, 11868, 248
2026/10/01 23:19:57.843, 0, 12288, 11868, 248
2026/10/01 23:19:58.048, 0, 12288, 11868, 248
2026/10/01 23:19:58.254, 0, 12288, 11868, 248
2026/10/01 23:19:58.460, 0, 12288, 11868, 248
2026/10/01 23:19:58.666, 0, 12288, 11868, 248
2026/10/01 23:19:58.873, 0, 12288, 11868, 248
2026/10/01 23:19:59.080, 0, 12288, 11868, 248
2026/10/01 23:19:59.283, 0, 12288, 11868, 248
2026/10/01 23:19:59.490, 0, 12288, 11868, 248
2026/10/01 23:19:59.697, 0, 12288, 11868, 248
2026/10/01 23:19:59.904, 0, 12288, 11868, 248
2026/10/01 23:20:00.111, 0, 12288, 11868, 248
2026/10/01 23:20:00.318, 0, 12288, 11868, 248
2026/10/01 23:20:00.524, 0, 12288, 11868, 248
2026/10/01 23:20:00.730, 0, 12288, 11868, 248
2026/10/01 23:20:00.935, 0, 12288, 11868, 248
2026/10/01 23:20:01.139, 0, 12288, 11868, 248
2026/10/01 23:20:01.345, 0, 12288, 11868, 248
2026/10/01 23:20:01.550, 0, 12288, 11868, 248
2026/10/01 23:20:01.757, 0, 12288, 11868, 248
2026/10/01 23:20:01.978, 0, 12288, 11868, 248
2026/10/01 23:20:02.185, 0, 12288, 11868, 248
2026/10/01 23:20:02.390, 0, 12288, 11868, 248
2026/10/01 23:20:02.598, 0, 12288, 11868, 248
2026/10/01 23:20:02.802, 0, 12288, 11868, 248
2026/10/01 23:20:03.008, 0, 12288, 11868, 248
2026/10/01 23:20:03.214, 0, 12288, 11868, 248
2026/10/01 23:20:03.420, 0, 12288, 11868, 248
2026/10/01 23:20:03.626, 0, 12288, 11868, 248
2026/10/01 23:20:03.832, 0, 12288, 11868, 248
2026/10/01 23:20:04.039, 0, 12288, 11868, 248
2026/10/01 23:20:04.246, 0, 12288, 11868, 248
2026/10/01 23:20:04.451, 0, 12288, 11868, 248
2026/10/01 23:20:04.655, 0, 12288, 11868, 248
2026/10/01 23:20:04.858, 0, 12288, 11868, 248
2026/10/01 23:20:05.063, 0, 12288, 11868, 248
2026/10/01 23:20:05.270, 0, 12288, 11868, 248
2026/10/01 23:20:05.476, 0, 12288, 11868, 248
2026/10/01 23:20:05.681, 0, 12288, 11868, 248
2026/10/01 23:20:05.886, 0, 12288, 11868, 248
2026/10/01 23:20:06.091, 0, 12288, 11868, 248
2026/10/01 23:20:06.298, 0, 12288, 11868, 248
2026/10/01 23:20:06.504, 0, 12288, 11868, 248
2026/10/01 23:20:06.711, 0, 12288, 11868, 248
2026/10/01 23:20:06.916, 0, 12288, 11868, 248
2026/10/01 23:20:07.120, 0, 12288, 11868, 248
2026/10/01 23:20:07.326, 0, 12288, 11868, 248
2026/10/01 23:20:07.531, 0, 12288, 11868, 248
2026/10/01 23:20:07.737, 0, 12288, 11868, 248
2026/10/01 23:20:07.944, 0, 12288, 11868, 248
2026/10/01 23:20:08.149, 0, 12288, 11868, 248
2026/10/01 23:20:08.355, 0, 12288, 11868, 248
2026/10/01 23:20:08.562, 0, 12288, 11868, 248
2026/10/01 23:20:08.768, 0, 12288, 11868, 248
2026/10/01 23:20:08.974, 0, 12288, 11868, 248
2026/10/01 23:20:09.182, 0, 12288, 11868, 248
2026/10/01 23:20:09.389, 0, 12288, 11868, 248
2026/10/01 23:20:09.594, 0, 12288, 11868, 248
2026/10/01 23:20:09.801, 0, 12288, 11868, 248
2026/10/01 23:20:10.008, 0, 12288, 11868, 248
2026/10/01 23:20:10.213, 0, 12288, 11868, 248
2026/10/01 23:20:10.419, 0, 12288, 11868, 248
2026/10/01 23:20:10.624, 0, 12288, 11868, 248
2026/10/01 23:20:10.830, 0, 12288, 11868, 248
2026/10/01 23:20:11.035, 0, 12288, 11868, 248
2026/10/01 23:20:11.241, 0, 12288, 11868, 248
2026/10/01 23:20:11.447, 0, 12288, 11868, 248
2026/10/01 23:20:11.654, 0, 12288, 11868, 248
2026/10/01 23:20:11.861, 0, 12288, 11868, 248
2026/10/01 23:20:12.066, 0, 12288, 11868, 248
2026/10/01 23:20:12.272, 0, 12288, 11868, 248
2026/10/01 23:20:12.475, 0, 12288, 11868, 248
2026/10/01 23:20:12.683, 0, 12288, 11868, 248
2026/10/01 23:20:12.888, 0, 12288, 11868, 248
2026/10/01 23:20:13.095, 0, 12288, 11868, 248
2026/10/01 23:20:13.302, 0, 12288, 11868, 248
2026/10/01 23:20:13.506, 0, 12288, 11868, 248
2026/10/01 23:20:13.713, 0, 12288, 11868, 248
2026/10/01 23:20:13.918, 0, 12288, 11868, 248
2026/10/01 23:20:14.121, 0, 12288, 11868, 248
2026/10/01 23:20:14.328, 0, 12288, 11868, 248
2026/10/01 23:20:14.533, 0, 12288, 11868, 248
2026/10/01 23:20:14.741, 0, 12288, 11868, 248
2026/10/01 23:20:14.946, 0, 12288, 11868, 248
2026/10/01 23:20:15.154, 0, 12288, 11868, 248
2026/10/01 23:20:15.360, 0, 12288, 11868, 248
2026/10/01 23:20:15.567, 0, 12288, 11868, 248
2026/10/01 23:20:15.774, 0, 12288, 11868, 248
2026/10/01 23:20:15.980, 0, 12288, 11868, 248
2026/10/01 23:20:16.186, 0, 12288, 11868, 248
2026/10/01 23:20:16.391, 0, 12288, 11868, 248
2026/10/01 23:20:16.598, 0, 12288, 11868, 248
2026/10/01 23:20:16.802, 0, 12288, 11868, 248
2026/10/01 23:20:17.010, 0, 12288, 11868, 248
2026/10/01 23:20:17.216, 0, 12288, 11868, 248
2026/10/01 23:20:17.422, 0, 12288, 11868, 248
2026/10/01 23:20:17.627, 0, 12288, 11868, 248
2026/10/01 23:20:17.833, 0, 12288, 11868, 248
2026/10/01 23:20:18.039, 0, 12288, 11868, 248
2026/10/01 23:20:18.244, 0, 12288, 11868, 248
2026/10/01 23:20:18.451, 0, 12288, 11868, 248
2026/10/01 23:20:18.656, 0, 12288, 11868, 248
2026/10/01 23:20:18.862, 0, 12288, 11868, 248
2026/10/01 23:20:19.068, 0, 12288, 11868, 248
2026/10/01 23:20:19.273, 0, 12288, 11868, 248
2026/10/01 23:20:19.480, 0, 12288, 11868, 248
2026/10/01 23:20:19.703, 0, 12288, 11868, 248
2026/10/01 23:20:19.908, 0, 12288, 11868, 248
2026/10/01 23:20:20.115, 0, 12288, 11868, 248
2026/10/01 23:20:20.320, 0, 12288, 11868, 248
2026/10/01 23:20:20.527, 0, 12288, 11868, 248
2026/10/01 23:20:20.732, 0, 12288, 11868, 248
2026/10/01 23:20:20.936, 0, 12288, 11868, 248
2026/10/01 23:20:21.142, 0, 12288, 11868, 248
2026/10/01 23:20:21.349, 0, 12288, 11868, 248
2026/10/01 23:20:21.555, 0, 12288, 11868, 248
2026/10/01 23:20:21.762, 0, 12288, 11868, 248
2026/10/01 23:20:21.969, 0, 12288, 11868, 248
2026/10/01 23:20:22.174, 0, 12288, 11868, 248
2026/10/01 23:20:22.379, 0, 12288, 11868, 248
2026/10/01 23:20:22.584, 0, 12288, 11868, 248
2026/10/01 23:20:22.790, 0, 12288, 11868, 248
2026/10/01 23:20:22.996, 0, 12288, 11868, 248
2026/10/01 23:20:23.202, 0, 12288, 11868, 248
2026/10/01 23:20:23.407, 0, 12288, 11868, 248
2026/10/01 23:20:23.612, 0, 12288, 11868, 248
2026/10/01 23:20:23.820, 0, 12288, 11868, 248
2026/10/01 23:20:24.026, 0, 12288, 11868, 248
2026/10/01 23:20:24.231, 0, 12288, 11868, 248
2026/10/01 23:20:24.437, 0, 12288, 11868, 248
2026/10/01 23:20:24.643, 0, 12288, 11868, 248
2026/10/01 23:20:24.849, 0, 12288, 11868, 248
2026/10/01 23:20:25.055, 0, 12288, 11868, 248
2026/10/01 23:20:25.262, 0, 12288, 11868, 248
2026/10/01 23:20:25.466, 0, 12288, 11868, 248
2026/10/01 23:20:25.672, 0, 12288, 11868, 248
2026/10/01 23:20:25.878, 0, 12288, 11868, 248
2026/10/01 23:20:26.085, 0, 12288, 11868, 248
2026/10/01 23:20:26.291, 0, 12288, 11868, 248
2026/10/01 23:20:26.497, 0, 12288, 11868, 248
2026/10/01 23:20:26.703, 0, 12288, 11868, 248
2026/10/01 23:20:26.908, 0, 12288, 11868, 248
2026/10/01 23:20:27.116, 0, 12288, 11868, 248
2026/10/01 23:20:27.323, 0, 12288, 11868, 248
2026/10/01 23:20:27.528, 0, 12288, 11868, 248
2026/10/01 23:20:27.733, 0, 12288, 11868, 248
2026/10/01 23:20:27.939, 0, 12288, 11868, 248
2026/10/01 23:20:28.145, 0, 12288, 11868, 248
2026/10/01 23:20:28.352, 0, 12288, 11868, 248
2026/10/01 23:20:28.558, 0, 12288, 11868, 248
2026/10/01 23:20:28.762, 0, 12288, 11868, 248
2026/10/01 23:20:28.968, 0, 12288, 11868, 248
2026/10/01 23:20:29.173, 0, 12288, 11868, 248
2026/10/01 23:20:29.380, 0, 12288, 11868, 248
2026/10/01 23:20:29.587, 0, 12288, 11868, 248
2026/10/01 23:20:29.793, 0, 12288, 11868, 248
2026/10/01 23:20:29.999, 0, 12288, 11868, 248
2026/10/01 23:20:30.205, 0, 12288, 11868, 248
2026/10/01 23:20:30.410, 0, 12288, 11868, 248
2026/10/01 23:20:30.615, 0, 12288, 11868, 248
2026/10/01 23:20:30.821, 0, 12288, 11868, 248
2026/10/01 23:20:31.026, 0, 12288, 11868, 248
2026/10/01 23:20:31.231, 0, 12288, 11868, 248
2026/10/01 23:20:31.438, 0, 12288, 11868, 248
2026/10/01 23:20:31.644, 0, 12288, 11868, 248
2026/10/01 23:20:31.848, 0, 12288, 11868, 248
2026/10/01 23:20:32.055, 0, 12288, 11868, 248
2026/10/01 23:20:32.262, 0, 12288, 11868, 248
2026/10/01 23:20:32.469, 0, 12288, 11868, 248
2026/10/01 23:20:32.674, 0, 12288, 11868, 248
2026/10/01 23:20:32.878, 0, 12288, 11868, 248
2026/10/01 23:20:33.085, 0, 12288, 11868, 248
2026/10/01 23:20:33.291, 0, 12288, 11868, 248
2026/10/01 23:20:33.497, 0, 12288, 11868, 248
2026/10/01 23:20:33.703, 0, 12288, 11868, 248
2026/10/01 23:20:33.908, 0, 12288, 11868, 248
2026/10/01 23:20:34.113, 0, 12288, 11868, 248
2026/10/01 23:20:34.319, 0, 12288, 11868, 248
2026/10/01 23:20:34.524, 0, 12288, 11868, 248
2026/10/01 23:20:34.730, 0, 12288, 11868, 248
2026/10/01 23:20:34.934, 0, 12288, 11868, 248
2026/10/01 23:20:35.141, 0, 12288, 11868, 248
2026/10/01 23:20:35.347, 0, 12288, 11868, 248
2026/10/01 23:20:35.554, 0, 12288, 11868, 248
2026/10/01 23:20:35.759, 0, 12288, 11868, 248
2026/10/01 23:20:35.964, 0, 12288, 11868, 248
2026/10/01 23:20:36.171, 0, 12288, 11868, 248
2026/10/01 23:20:36.378, 0, 12288, 11868, 248
2026/10/01 23:20:36.580, 0, 12288, 11868, 248
2026/10/01 23:20:36.788, 0, 12288, 11868, 248
2026/10/01 23:20:36.994, 0, 12288, 11868, 248
2026/10/01 23:20:37.201, 0, 12288, 11868, 248
2026/10/01 23:20:37.407, 0, 12288, 11868, 248
2026/10/01 23:20:37.614, 0, 12288, 11868, 248
2026/10/01 23:20:37.820, 0, 12288, 11868, 248
2026/10/01 23:20:38.025, 0, 12288, 11868, 248
2026/10/01 23:20:38.231, 0, 12288, 11868, 248
2026/10/01 23:20:38.437, 0, 12288, 11868, 248
2026/10/01 23:20:38.643, 0, 12288, 11868, 248
2026/10/01 23:20:38.849, 0, 12288, 11868, 248
2026/10/01 23:20:39.055, 0, 12288, 11868, 248
2026/10/01 23:20:39.262, 0, 12288, 11868, 248
2026/10/01 23:20:39.468, 0, 12288, 11868, 248
2026/10/01 23:20:39.672, 0, 12288, 11868, 248
2026/10/01 23:20:39.879, 0, 12288, 11868, 248
2026/10/01 23:20:40.085, 0, 12288, 11868, 248
2026/10/01 23:20:40.291, 0, 12288, 11868, 248
2026/10/01 23:20:40.497, 0, 12288, 11868, 248
2026/10/01 23:20:40.704, 0, 12288, 11868, 248
2026/10/01 23:20:40.911, 0, 12288, 11868, 248
2026/10/01 23:20:41.115, 0, 12288, 11868, 248
2026/10/01 23:20:41.320, 0, 12288, 11868, 248
2026/10/01 23:20:41.525, 0, 12288, 11868, 248
2026/10/01 23:20:41.732, 0, 12288, 11868, 248
2026/10/01 23:20:41.938, 0, 12288, 11868, 248
2026/10/01 23:20:42.144, 0, 12288, 11868, 248
2026/10/01 23:20:42.351, 0, 12288, 11868, 248
2026/10/01 23:20:42.556, 0, 12288, 11868, 248
2026/10/01 23:20:42.761, 0, 12288, 11868, 248
2026/10/01 23:20:42.964, 0, 12288, 11868, 248
2026/10/01 23:20:43.170, 0, 12288, 11868, 248
2026/10/01 23:20:43.376, 0, 12288, 11868, 248
2026/10/01 23:20:43.582, 0, 12288, 11868, 248
2026/10/01 23:20:43.788, 0, 12288, 11868, 248
2026/10/01 23:20:43.992, 0, 12288, 11868, 248
2026/10/01 23:20:44.198, 0, 12288, 11868, 248
2026/10/01 23:20:44.405, 0, 12288, 11868, 248
2026/10/01 23:20:44.610, 0, 12288, 11868, 248
2026/10/01 23:20:44.817, 0, 12288, 11868, 248
2026/10/01 23:20:45.024, 0, 12288, 11868, 248
2026/10/01 23:20:45.229, 0, 12288, 11868, 248
2026/10/01 23:20:45.435, 0, 12288, 11868, 248
2026/10/01 23:20:45.641, 0, 12288, 11868, 248
2026/10/01 23:20:45.848, 0, 12288, 11868, 248
2026/10/01 23:20:46.051, 0, 12288, 11868, 248
2026/10/01 23:20:46.258, 0, 12288, 11868, 248
2026/10/01 23:20:46.464, 0, 12288, 11868, 248
2026/10/01 23:20:46.671, 0, 12288, 11868, 248
2026/10/01 23:20:46.877, 0, 12288, 11868, 248
2026/10/01 23:20:47.083, 0, 12288, 11868, 248
2026/10/01 23:20:47.290, 0, 12288, 11868, 248
2026/10/01 23:20:47.498, 0, 12288, 11868, 248
2026/10/01 23:20:47.706, 0, 12288, 11868, 248
2026/10/01 23:20:47.913, 0, 12288, 11868, 248
2026/10/01 23:20:48.120, 0, 12288, 11868, 248
2026/10/01 23:20:48.327, 0, 12288, 11868, 248
2026/10/01 23:20:48.532, 0, 12288, 11868, 248
2026/10/01 23:20:48.739, 0, 12288, 11868, 248
2026/10/01 23:20:48.946, 0, 12288, 11868, 248
2026/10/01 23:20:49.151, 0, 12288, 11868, 248
2026/10/01 23:20:49.356, 0, 12288, 11868, 248
2026/10/01 23:20:49.559, 0, 12288, 11868, 248
2026/10/01 23:20:49.766, 0, 12288, 11868, 248
2026/10/01 23:20:49.974, 0, 12288, 11868, 248
2026/10/01 23:20:50.181, 0, 12288, 11868, 248
2026/10/01 23:20:50.387, 0, 12288, 11868, 248
2026/10/01 23:20:50.595, 0, 12288, 11868, 248
2026/10/01 23:20:50.801, 0, 12288, 11868, 248
2026/10/01 23:20:51.007, 0, 12288, 11868, 248
2026/10/01 23:20:51.213, 0, 12288, 11868, 248
2026/10/01 23:20:51.419, 0, 12288, 11868, 248
2026/10/01 23:20:51.625, 0, 12288, 11868, 248
2026/10/01 23:20:51.829, 0, 12288, 11868, 248
2026/10/01 23:20:52.034, 0, 12288, 11868, 248
2026/10/01 23:20:52.241, 0, 12288, 11868, 248
2026/10/01 23:20:52.448, 0, 12288, 11868, 248
2026/10/01 23:20:52.654, 0, 12288, 11868, 248
2026/10/01 23:20:52.859, 0, 12288, 11868, 248
2026/10/01 23:20:53.065, 0, 12288, 11868, 248
2026/10/01 23:20:53.272, 0, 12288, 11868, 248
2026/10/01 23:20:53.478, 0, 12288, 11868, 248
2026/10/01 23:20:53.684, 0, 12288, 11868, 248
2026/10/01 23:20:53.890, 0, 12288, 11868, 248
2026/10/01 23:20:54.095, 0, 12288, 11868, 248
2026/10/01 23:20:54.302, 0, 12288, 11868, 248
2026/10/01 23:20:54.507, 0, 12288, 11868, 248
2026/10/01 23:20:54.713, 0, 12288, 11868, 248
2026/10/01 23:20:54.920, 0, 12288, 11868, 248
2026/10/01 23:20:55.139, 0, 12288, 11868, 248
2026/10/01 23:20:55.345, 0, 12288, 11868, 248
2026/10/01 23:20:55.552, 0, 12288, 11868, 248
2026/10/01 23:20:55.759, 0, 12288, 11868, 248
2026/10/01 23:20:55.965, 0, 12288, 11868, 248
2026/10/01 23:20:56.170, 0, 12288, 11868, 248
2026/10/01 23:20:56.378, 0, 12288, 11868, 248
2026/10/01 23:20:56.582, 0, 12288, 11868, 248
2026/10/01 23:20:56.788, 0, 12288, 11868, 248
2026/10/01 23:20:56.993, 0, 12288, 11868, 248
2026/10/01 23:20:57.198, 0, 12288, 11868, 248
2026/10/01 23:20:57.402, 0, 12288, 11868, 248
2026/10/01 23:20:57.609, 0, 12288, 11868, 248
2026/10/01 23:20:57.816, 0, 12288, 11868, 248
2026/10/01 23:20:58.022, 0, 12288, 11868, 248
2026/10/01 23:20:58.229, 0, 12288, 11868, 248
2026/10/01 23:20:58.433, 0, 12288, 11868, 248
2026/10/01 23:20:58.639, 0, 12288, 11868, 248
2026/10/01 23:20:58.847, 0, 12288, 11868, 248
2026/10/01 23:20:59.052, 0, 12288, 11868, 248
2026/10/01 23:20:59.257, 0, 12288, 11868, 248
2026/10/01 23:20:59.464, 0, 12288, 11868, 248
2026/10/01 23:20:59.671, 0, 12288, 11868, 248
2026/10/01 23:20:59.876, 0, 12288, 11868, 248
2026/10/01 23:21:00.082, 0, 12288, 11868, 248
2026/10/01 23:21:00.288, 0, 12288, 11868, 248
2026/10/01 23:21:00.495, 0, 12288, 11868, 248
2026/10/01 23:21:00.698, 0, 12288, 11868, 248
2026/10/01 23:21:00.905, 0, 12288, 11868, 248
2026/10/01 23:21:01.111, 0, 12288, 11868, 248
2026/10/01 23:21:01.319, 0, 12288, 11868, 248
2026/10/01 23:21:01.526, 0, 12288, 11868, 248
2026/10/01 23:21:01.730, 0, 12288, 11868, 248
2026/10/01 23:21:01.937, 0, 12288, 11868, 248
2026/10/01 23:21:02.143, 0, 12288, 11868, 248
2026/10/01 23:21:02.350, 0, 12288, 11868, 248
2026/10/01 23:21:02.554, 0, 12288, 11868, 248
2026/10/01 23:21:02.761, 0, 12288, 11868, 248
2026/10/01 23:21:02.968, 0, 12288, 11868, 248
2026/10/01 23:21:03.173, 0, 12288, 11868, 248
2026/10/01 23:21:03.380, 0, 12288, 11868, 248
2026/10/01 23:21:03.586, 0, 12288, 11868, 248
2026/10/01 23:21:03.793, 0, 12288, 11868, 248
2026/10/01 23:21:03.999, 0, 12288, 11868, 248
2026/10/01 23:21:04.206, 0, 12288, 11868, 248
2026/10/01 23:21:04.412, 0, 12288, 11868, 248
2026/10/01 23:21:04.617, 0, 12288, 11868, 248
2026/10/01 23:21:04.822, 0, 12288, 11868, 248
2026/10/01 23:21:05.028, 0, 12288, 11868, 248
2026/10/01 23:21:05.235, 0, 12288, 11868, 248
2026/10/01 23:21:05.442, 0, 12288, 11868, 248
2026/10/01 23:21:05.647, 0, 12288, 11868, 248
2026/10/01 23:21:05.853, 0, 12288, 11868, 248
2026/10/01 23:21:06.059, 0, 12288, 11868, 248
2026/10/01 23:21:06.266, 0, 12288, 11868, 248
2026/10/01 23:21:06.473, 0, 12288, 11868, 248
2026/10/01 23:21:06.678, 0, 12288, 11868, 248
2026/10/01 23:21:06.884, 0, 12288, 11868, 248
2026/10/01 23:21:07.090, 0, 12288, 11868, 248
2026/10/01 23:21:07.296, 0, 12288, 11868, 248
2026/10/01 23:21:07.502, 0, 12288, 11868, 248
2026/10/01 23:21:07.709, 0, 12288, 11868, 248
2026/10/01 23:21:07.915, 0, 12288, 11868, 248
2026/10/01 23:21:08.120, 0, 12288, 11868, 248
2026/10/01 23:21:08.326, 0, 12288, 11868, 248
2026/10/01 23:21:08.529, 0, 12288, 11868, 248
2026/10/01 23:21:08.734, 0, 12288, 11868, 248
2026/10/01 23:21:08.940, 0, 12288, 11868, 248
2026/10/01 23:21:09.145, 0, 12288, 11868, 248
2026/10/01 23:21:09.350, 0, 12288, 11868, 248
2026/10/01 23:21:09.557, 0, 12288, 11868, 248
2026/10/01 23:21:09.764, 0, 12288, 11868, 248
2026/10/01 23:21:09.971, 0, 12288, 11868, 248
2026/10/01 23:21:10.175, 0, 12288, 11868, 248
2026/10/01 23:21:10.382, 0, 12288, 11868, 248
2026/10/01 23:21:10.588, 0, 12288, 11868, 248
2026/10/01 23:21:10.794, 0, 12288, 11868, 248
2026/10/01 23:21:10.998, 0, 12288, 11868, 248
2026/10/01 23:21:11.203, 0, 12288, 11868, 248
2026/10/01 23:21:11.409, 0, 12288, 11868, 248
2026/10/01 23:21:11.612, 0, 12288, 11868, 248
2026/10/01 23:21:11.819, 0, 12288, 11868, 248
2026/10/01 23:21:12.024, 0, 12288, 11868, 248
2026/10/01 23:21:12.229, 0, 12288, 11868, 248
2026/10/01 23:21:12.436, 0, 12288, 11868, 248
2026/10/01 23:21:12.642, 0, 12288, 11868, 248
2026/10/01 23:21:12.849, 0, 12288, 11868, 248
2026/10/01 23:21:13.057, 0, 12288, 11868, 248
2026/10/01 23:21:13.260, 0, 12288, 11868, 248
2026/10/01 23:21:13.467, 0, 12288, 11868, 248
2026/10/01 23:21:13.672, 0, 12288, 11868, 248
2026/10/01 23:21:13.878, 0, 12288, 11868, 248
2026/10/01 23:21:14.082, 0, 12288, 11868, 248
2026/10/01 23:21:14.287, 0, 12288, 11868, 248
2026/10/01 23:21:14.493, 0, 12288, 11868, 248
2026/10/01 23:21:14.700, 0, 12288, 11868, 248
2026/10/01 23:21:14.907, 0, 12288, 11868, 248
2026/10/01 23:21:15.111, 0, 12288, 11868, 248
2026/10/01 23:21:15.317, 0, 12288, 11868, 248
2026/10/01 23:21:15.521, 0, 12288, 11868, 248
2026/10/01 23:21:15.725, 0, 12288, 11868, 248
2026/10/01 23:21:15.931, 0, 12288, 11868, 248
2026/10/01 23:21:16.136, 0, 12288, 11868, 248
2026/10/01 23:21:16.344, 0, 12288, 11868, 248
2026/10/01 23:21:16.551, 0, 12288, 11868, 248
2026/10/01 23:21:16.754, 0, 12288, 11868, 248
2026/10/01 23:21:16.959, 0, 12288, 11868, 248
2026/10/01 23:21:17.166, 0, 12288, 11868, 248
2026/10/01 23:21:17.369, 0, 12288, 11868, 248
2026/10/01 23:21:17.574, 0, 12288, 11868, 248
2026/10/01 23:21:17.781, 0, 12288, 11868, 248
2026/10/01 23:21:17.985, 0, 12288, 11868, 248
2026/10/01 23:21:18.191, 0, 12288, 11868, 248
2026/10/01 23:21:18.398, 0, 12288, 11868, 248
2026/10/01 23:21:18.604, 0, 12288, 11868, 248
2026/10/01 23:21:18.812, 0, 12288, 11868, 248
2026/10/01 23:21:19.018, 0, 12288, 11868, 248
2026/10/01 23:21:19.224, 0, 12288, 11868, 248
2026/10/01 23:21:19.429, 0, 12288, 11868, 248
2026/10/01 23:21:19.635, 0, 12288, 11868, 248
2026/10/01 23:21:19.842, 0, 12288, 11868, 248
2026/10/01 23:21:20.047, 0, 12288, 11868, 248
2026/10/01 23:21:20.252, 0, 12288, 11868, 248
2026/10/01 23:21:20.460, 0, 12288, 11868, 248
2026/10/01 23:21:20.666, 0, 12288, 11868, 248
2026/10/01 23:21:20.872, 0, 12288, 11868, 248
2026/10/01 23:21:21.077, 0, 12288, 11868, 248
2026/10/01 23:21:21.282, 0, 12288, 11868, 248
2026/10/01 23:21:21.488, 0, 12288, 11868, 248
2026/10/01 23:21:21.695, 0, 12288, 11868, 248
2026/10/01 23:21:21.901, 0, 12288, 11868, 248
2026/10/01 23:21:22.107, 0, 12288, 11868, 248
2026/10/01 23:21:22.313, 0, 12288, 11868, 248
2026/10/01 23:21:22.521, 0, 12288, 11868, 248
2026/10/01 23:21:22.728, 0, 12288, 11868, 248
2026/10/01 23:21:22.934, 0, 12288, 11868, 248
2026/10/01 23:21:23.140, 0, 12288, 11868, 248
2026/10/01 23:21:23.347, 0, 12288, 11868, 248
2026/10/01 23:21:23.554, 0, 12288, 11868, 248
2026/10/01 23:21:23.760, 0, 12288, 11868, 248
2026/10/01 23:21:23.965, 0, 12288, 11868, 248
2026/10/01 23:21:24.171, 0, 12288, 11868, 248
2026/10/01 23:21:24.378, 0, 12288, 11868, 248
2026/10/01 23:21:24.584, 0, 12288, 11868, 248
2026/10/01 23:21:24.791, 0, 12288, 11868, 248
2026/10/01 23:21:24.996, 0, 12288, 11868, 248
2026/10/01 23:21:25.201, 0, 12288, 11868, 248
2026/10/01 23:21:25.408, 0, 12288, 11868, 248
2026/10/01 23:21:25.612, 0, 12288, 11868, 248
2026/10/01 23:21:25.819, 0, 12288, 11868, 248
2026/10/01 23:21:26.025, 0, 12288, 11868, 248
2026/10/01 23:21:26.229, 0, 12288, 11868, 248
2026/10/01 23:21:26.436, 0, 12288, 11868, 248
2026/10/01 23:21:26.642, 0, 12288, 11868, 248
2026/10/01 23:21:26.848, 0, 12288, 11868, 248
2026/10/01 23:21:27.055, 0, 12288, 11868, 248
2026/10/01 23:21:27.262, 0, 12288, 11868, 248
2026/10/01 23:21:27.466, 0, 12288, 11868, 248
2026/10/01 23:21:27.672, 0, 12288, 11868, 248
2026/10/01 23:21:27.878, 0, 12288, 11868, 248
2026/10/01 23:21:28.084, 0, 12288, 11868, 248
2026/10/01 23:21:28.291, 0, 12288, 11868, 248
2026/10/01 23:21:28.497, 0, 12288, 11868, 248
2026/10/01 23:21:28.705, 0, 12288, 11868, 248
2026/10/01 23:21:28.912, 0, 12288, 11868, 248
2026/10/01 23:21:29.119, 0, 12288, 11868, 248
2026/10/01 23:21:29.323, 0, 12288, 11868, 248
2026/10/01 23:21:29.530, 0, 12288, 11868, 248
2026/10/01 23:21:29.736, 0, 12288, 11868, 248
2026/10/01 23:21:29.944, 0, 12288, 11868, 248
2026/10/01 23:21:30.149, 0, 12288, 11868, 248
2026/10/01 23:21:30.355, 0, 12288, 11868, 248
2026/10/01 23:21:30.577, 0, 12288, 11868, 248
2026/10/01 23:21:30.782, 0, 12288, 11868, 248
2026/10/01 23:21:30.989, 0, 12288, 11868, 248
2026/10/01 23:21:31.194, 0, 12288, 11868, 248
2026/10/01 23:21:31.401, 0, 12288, 11868, 248
2026/10/01 23:21:31.607, 0, 12288, 11868, 248
2026/10/01 23:21:31.814, 0, 12288, 11868, 248
2026/10/01 23:21:32.020, 0, 12288, 11868, 248
2026/10/01 23:21:32.225, 0, 12288, 11868, 248
2026/10/01 23:21:32.429, 0, 12288, 11868, 248
2026/10/01 23:21:32.636, 0, 12288, 11868, 248
2026/10/01 23:21:32.841, 0, 12288, 11868, 248
2026/10/01 23:21:33.047, 0, 12288, 11868, 248
2026/10/01 23:21:33.252, 0, 12288, 11868, 248
2026/10/01 23:21:33.459, 0, 12288, 11868, 248
2026/10/01 23:21:33.664, 0, 12288, 11868, 248
2026/10/01 23:21:33.871, 0, 12288, 11868, 248
2026/10/01 23:21:34.077, 0, 12288, 11868, 248
2026/10/01 23:21:34.282, 0, 12288, 11868, 248
2026/10/01 23:21:34.489, 0, 12288, 11868, 248
2026/10/01 23:21:34.694, 0, 12288, 11868, 248
2026/10/01 23:21:34.900, 0, 12288, 11868, 248
2026/10/01 23:21:35.107, 0, 12288, 11868, 248
2026/10/01 23:21:35.314, 0, 12288, 11868, 248
2026/10/01 23:21:35.519, 0, 12288, 11868, 248
2026/10/01 23:21:35.724, 0, 12288, 11868, 248
2026/10/01 23:21:35.930, 0, 12288, 11868, 248
2026/10/01 23:21:36.134, 0, 12288, 11868, 248
2026/10/01 23:21:36.340, 0, 12288, 11868, 248
2026/10/01 23:21:36.545, 0, 12288, 11868, 248
2026/10/01 23:21:36.752, 0, 12288, 11868, 248
2026/10/01 23:21:36.960, 0, 12288, 11868, 248
2026/10/01 23:21:37.166, 0, 12288, 11868, 248
2026/10/01 23:21:37.388, 0, 12288, 11868, 248
2026/10/01 23:21:37.593, 0, 12288, 11868, 248
2026/10/01 23:21:37.799, 0, 12288, 11868, 248
2026/10/01 23:21:38.005, 0, 12288, 11868, 248
2026/10/01 23:21:38.211, 0, 12288, 11868, 248
2026/10/01 23:21:38.417, 0, 12288, 11868, 248
2026/10/01 23:21:38.622, 0, 12288, 11868, 248
2026/10/01 23:21:38.827, 0, 12288, 11868, 248
2026/10/01 23:21:39.035, 0, 12288, 11868, 248
2026/10/01 23:21:39.241, 0, 12288, 11868, 248
2026/10/01 23:21:39.447, 0, 12288, 11868, 248
2026/10/01 23:21:39.654, 0, 12288, 11868, 248
2026/10/01 23:21:39.861, 0, 12288, 11868, 248
2026/10/01 23:21:40.069, 0, 12288, 11868, 248
2026/10/01 23:21:40.276, 0, 12288, 11868, 248
2026/10/01 23:21:40.482, 0, 12288, 11868, 248
2026/10/01 23:21:40.689, 0, 12288, 11868, 248
2026/10/01 23:21:40.894, 0, 12288, 11868, 248
2026/10/01 23:21:41.097, 0, 12288, 11868, 248
2026/10/01 23:21:41.304, 0, 12288, 11868, 248
2026/10/01 23:21:41.508, 0, 12288, 11868, 248
2026/10/01 23:21:41.715, 0, 12288, 11868, 248
2026/10/01 23:21:41.922, 0, 12288, 11868, 248
2026/10/01 23:21:42.128, 0, 12288, 11868, 248
2026/10/01 23:21:42.334, 0, 12288, 11868, 248
2026/10/01 23:21:42.539, 0, 12288, 11868, 248
2026/10/01 23:21:42.745, 0, 12288, 11868, 248
2026/10/01 23:21:42.950, 0, 12288, 11868, 248
2026/10/01 23:21:43.157, 0, 12288, 11868, 248
2026/10/01 23:21:43.364, 0, 12288, 11868, 248
2026/10/01 23:21:43.570, 0, 12288, 11868, 248
2026/10/01 23:21:43.779, 0, 12288, 11868, 248
2026/10/01 23:21:43.985, 0, 12288, 11868, 248
2026/10/01 23:21:44.190, 0, 12288, 11868, 248
2026/10/01 23:21:44.396, 0, 12288, 11868, 248
2026/10/01 23:21:44.602, 0, 12288, 11868, 248
2026/10/01 23:21:44.807, 0, 12288, 11868, 248
2026/10/01 23:21:45.014, 0, 12288, 11868, 248
2026/10/01 23:21:45.221, 0, 12288, 11868, 248
2026/10/01 23:21:45.426, 0, 12288, 11868, 248
2026/10/01 23:21:45.632, 0, 12288, 11868, 248
2026/10/01 23:21:45.839, 0, 12288, 11868, 248
2026/10/01 23:21:46.045, 0, 12288, 11868, 248
2026/10/01 23:21:46.250, 0, 12288, 11868, 248
2026/10/01 23:21:46.458, 0, 12288, 11868, 248
2026/10/01 23:21:46.663, 0, 12288, 11868, 248
2026/10/01 23:21:46.870, 0, 12288, 11868, 248
2026/10/01 23:21:47.078, 0, 12288, 11868, 248
2026/10/01 23:21:47.284, 0, 12288, 11868, 248
2026/10/01 23:21:47.490, 0, 12288, 11868, 248
2026/10/01 23:21:47.696, 0, 12288, 11868, 248
2026/10/01 23:21:47.903, 0, 12288, 11868, 248
2026/10/01 23:21:48.109, 0, 12288, 11868, 248
2026/10/01 23:21:48.315, 0, 12288, 11868, 248
2026/10/01 23:21:48.522, 0, 12288, 11868, 248
2026/10/01 23:21:48.728, 0, 12288, 11868, 248
2026/10/01 23:21:48.934, 0, 12288, 11868, 248
2026/10/01 23:21:49.138, 0, 12288, 11868, 248
2026/10/01 23:21:49.343, 0, 12288, 11868, 248
2026/10/01 23:21:49.550, 0, 12288, 11868, 248
2026/10/01 23:21:49.755, 0, 12288, 11868, 248
2026/10/01 23:21:49.961, 0, 12288, 11868, 248
2026/10/01 23:21:50.166, 0, 12288, 11868, 248
2026/10/01 23:21:50.372, 0, 12288, 11868, 248
2026/10/01 23:21:50.579, 0, 12288, 11868, 248
2026/10/01 23:21:50.783, 0, 12288, 11868, 248
2026/10/01 23:21:50.987, 0, 12288, 11868, 248
2026/10/01 23:21:51.195, 0, 12288, 11868, 248
2026/10/01 23:21:51.400, 0, 12288, 11868, 248
2026/10/01 23:21:51.608, 0, 12288, 11868, 248
2026/10/01 23:21:51.813, 0, 12288, 11868, 248
2026/10/01 23:21:52.018, 0, 12288, 11868, 248
2026/10/01 23:21:52.225, 0, 12288, 11868, 248
2026/10/01 23:21:52.431, 0, 12288, 11868, 248
2026/10/01 23:21:52.638, 0, 12288, 11868, 248
2026/10/01 23:21:52.845, 0, 12288, 11868, 248
2026/10/01 23:21:53.052, 0, 12288, 11868, 248
2026/10/01 23:21:53.258, 0, 12288, 11868, 248
2026/10/01 23:21:53.463, 0, 12288, 11868, 248
2026/10/01 23:21:53.669, 0, 12288, 11868, 248
2026/10/01 23:21:53.874, 0, 12288, 11868, 248
2026/10/01 23:21:54.081, 0, 12288, 11868, 248
2026/10/01 23:21:54.289, 0, 12288, 11868, 248
2026/10/01 23:21:54.494, 0, 12288, 11868, 248
2026/10/01 23:21:54.701, 0, 12288, 11868, 248
2026/10/01 23:21:54.908, 0, 12288, 11868, 248
2026/10/01 23:21:55.111, 0, 12288, 11868, 248
2026/10/01 23:21:55.318, 0, 12288, 11868, 248
2026/10/01 23:21:55.523, 0, 12288, 11868, 248
2026/10/01 23:21:55.728, 0, 12288, 11868, 248
2026/10/01 23:21:55.934, 0, 12288, 11868, 248
2026/10/01 23:21:56.140, 0, 12288, 11876, 240
2026/10/01 23:21:56.345, 0, 12288, 11876, 240
2026/10/01 23:21:56.550, 0, 12288, 11876, 240
2026/10/01 23:21:56.756, 0, 12288, 11876, 240
2026/10/01 23:21:56.963, 0, 12288, 11876, 240
2026/10/01 23:21:57.169, 0, 12288, 11876, 240
2026/10/01 23:21:57.376, 0, 12288, 11876, 240
2026/10/01 23:21:57.582, 0, 12288, 11876, 240
2026/10/01 23:21:57.786, 0, 12288, 11876, 240
2026/10/01 23:21:57.994, 0, 12288, 11876, 240
2026/10/01 23:21:58.199, 0, 12288, 11868, 248
2026/10/01 23:21:58.405, 0, 12288, 11868, 248
2026/10/01 23:21:58.612, 0, 12288, 11868, 248
2026/10/01 23:21:58.817, 0, 12288, 11868, 248
2026/10/01 23:21:59.022, 0, 12288, 11868, 248
2026/10/01 23:21:59.228, 0, 12288, 11868, 248
2026/10/01 23:21:59.435, 0, 12288, 11868, 248
2026/10/01 23:21:59.640, 0, 12288, 11868, 248
2026/10/01 23:21:59.847, 0, 12288, 11868, 248
2026/10/01 23:22:00.053, 0, 12288, 11868, 248
2026/10/01 23:22:00.258, 0, 12288, 11868, 248
2026/10/01 23:22:00.464, 0, 12288, 11868, 248
2026/10/01 23:22:00.669, 0, 12288, 11868, 248
2026/10/01 23:22:00.876, 0, 12288, 11868, 248
2026/10/01 23:22:01.080, 0, 12288, 11868, 248
2026/10/01 23:22:01.286, 0, 12288, 11868, 248
2026/10/01 23:22:01.492, 0, 12288, 11868, 248
2026/10/01 23:22:01.701, 0, 12288, 11868, 248
2026/10/01 23:22:01.922, 0, 12288, 11868, 248
2026/10/01 23:22:02.128, 0, 12288, 11868, 248
2026/10/01 23:22:02.334, 0, 12288, 11868, 248
2026/10/01 23:22:02.538, 0, 12288, 11868, 248
2026/10/01 23:22:02.745, 0, 12288, 11868, 248
2026/10/01 23:22:02.952, 0, 12288, 11868, 248
2026/10/01 23:22:03.157, 0, 12288, 11868, 248
2026/10/01 23:22:03.364, 0, 12288, 11868, 248
2026/10/01 23:22:03.571, 0, 12288, 11868, 248
2026/10/01 23:22:03.778, 0, 12288, 11868, 248
2026/10/01 23:22:03.984, 0, 12288, 11868, 248
2026/10/01 23:22:04.189, 0, 12288, 11868, 248
2026/10/01 23:22:04.395, 0, 12288, 11868, 248
2026/10/01 23:22:04.600, 0, 12288, 11868, 248
2026/10/01 23:22:04.807, 0, 12288, 11868, 248
2026/10/01 23:22:05.013, 0, 12288, 11868, 248
2026/10/01 23:22:05.221, 0, 12288, 11868, 248
2026/10/01 23:22:05.426, 0, 12288, 11868, 248
2026/10/01 23:22:05.631, 0, 12288, 11868, 248
2026/10/01 23:22:05.837, 0, 12288, 11868, 248
2026/10/01 23:22:06.041, 0, 12288, 11868, 248
2026/10/01 23:22:06.246, 0, 12288, 11868, 248
2026/10/01 23:22:06.453, 0, 12288, 11868, 248
2026/10/01 23:22:06.660, 0, 12288, 11868, 248
2026/10/01 23:22:06.867, 0, 12288, 11868, 248
2026/10/01 23:22:07.073, 0, 12288, 11868, 248
2026/10/01 23:22:07.279, 0, 12288, 11868, 248
2026/10/01 23:22:07.484, 0, 12288, 11868, 248
2026/10/01 23:22:07.691, 0, 12288, 11868, 248
2026/10/01 23:22:07.896, 0, 12288, 11868, 248
2026/10/01 23:22:08.102, 0, 12288, 11868, 248
2026/10/01 23:22:08.309, 0, 12288, 11868, 248
2026/10/01 23:22:08.516, 0, 12288, 11868, 248
2026/10/01 23:22:08.722, 0, 12288, 11868, 248
2026/10/01 23:22:08.930, 0, 12288, 11868, 248
2026/10/01 23:22:09.135, 0, 12288, 11868, 248
2026/10/01 23:22:09.341, 0, 12288, 11868, 248
2026/10/01 23:22:09.548, 0, 12288, 11868, 248
2026/10/01 23:22:09.753, 0, 12288, 11868, 248
2026/10/01 23:22:09.957, 0, 12288, 11868, 248
2026/10/01 23:22:10.163, 0, 12288, 11868, 248
2026/10/01 23:22:10.370, 0, 12288, 11868, 248
2026/10/01 23:22:10.576, 0, 12288, 11868, 248
2026/10/01 23:22:10.782, 0, 12288, 11868, 248
2026/10/01 23:22:10.987, 0, 12288, 11868, 248
2026/10/01 23:22:11.194, 0, 12288, 11868, 248
2026/10/01 23:22:11.400, 0, 12288, 11868, 248
2026/10/01 23:22:11.606, 0, 12288, 11868, 248
2026/10/01 23:22:11.813, 0, 12288, 11868, 248
2026/10/01 23:22:12.017, 0, 12288, 11868, 248
2026/10/01 23:22:12.223, 0, 12288, 11868, 248
2026/10/01 23:22:12.429, 0, 12288, 11868, 248
2026/10/01 23:22:12.635, 0, 12288, 11868, 248
2026/10/01 23:22:12.840, 0, 12288, 11868, 248
2026/10/01 23:22:13.045, 0, 12288, 11868, 248
2026/10/01 23:22:13.250, 0, 12288, 11868, 248
2026/10/01 23:22:13.456, 0, 12288, 11868, 248
2026/10/01 23:22:13.662, 0, 12288, 11868, 248
2026/10/01 23:22:13.868, 0, 12288, 11868, 248
2026/10/01 23:22:14.075, 0, 12288, 11868, 248
2026/10/01 23:22:14.280, 0, 12288, 11868, 248
2026/10/01 23:22:14.486, 0, 12288, 11868, 248
2026/10/01 23:22:14.693, 0, 12288, 11868, 248
2026/10/01 23:22:14.901, 0, 12288, 11868, 248
2026/10/01 23:22:15.105, 0, 12288, 11868, 248
2026/10/01 23:22:15.311, 0, 12288, 11868, 248
2026/10/01 23:22:15.517, 0, 12288, 11868, 248
2026/10/01 23:22:15.723, 0, 12288, 11868, 248
2026/10/01 23:22:15.929, 0, 12288, 11868, 248
2026/10/01 23:22:16.137, 0, 12288, 11868, 248
2026/10/01 23:22:16.344, 0, 12288, 11868, 248
2026/10/01 23:22:16.551, 0, 12288, 11868, 248
2026/10/01 23:22:16.758, 0, 12288, 11868, 248
2026/10/01 23:22:16.965, 0, 12288, 11868, 248
2026/10/01 23:22:17.170, 0, 12288, 11868, 248
2026/10/01 23:22:17.376, 0, 12288, 11868, 248
2026/10/01 23:22:17.583, 0, 12288, 11868, 248
2026/10/01 23:22:17.788, 0, 12288, 11868, 248
2026/10/01 23:22:17.994, 0, 12288, 11868, 248
2026/10/01 23:22:18.200, 0, 12288, 11868, 248
2026/10/01 23:22:18.406, 0, 12288, 11868, 248
2026/10/01 23:22:18.614, 0, 12288, 11868, 248
2026/10/01 23:22:18.819, 0, 12288, 11868, 248
2026/10/01 23:22:19.024, 0, 12288, 11868, 248
2026/10/01 23:22:19.231, 0, 12288, 11868, 248
2026/10/01 23:22:19.437, 0, 12288, 11868, 248
2026/10/01 23:22:19.643, 0, 12288, 11868, 248
2026/10/01 23:22:19.851, 0, 12288, 11868, 248
2026/10/01 23:22:20.055, 0, 12288, 11868, 248
2026/10/01 23:22:20.261, 0, 12288, 11868, 248
2026/10/01 23:22:20.467, 0, 12288, 11868, 248
2026/10/01 23:22:20.673, 0, 12288, 11868, 248
2026/10/01 23:22:20.880, 0, 12288, 11868, 248
2026/10/01 23:22:21.085, 0, 12288, 11868, 248
2026/10/01 23:22:21.292, 0, 12288, 11868, 248
2026/10/01 23:22:21.498, 0, 12288, 11868, 248
2026/10/01 23:22:21.704, 0, 12288, 11868, 248
2026/10/01 23:22:21.910, 0, 12288, 11868, 248
2026/10/01 23:22:22.116, 0, 12288, 11868, 248
2026/10/01 23:22:22.322, 0, 12288, 11868, 248
2026/10/01 23:22:22.528, 0, 12288, 11868, 248
2026/10/01 23:22:22.735, 0, 12288, 11868, 248
2026/10/01 23:22:22.941, 0, 12288, 11868, 248
2026/10/01 23:22:23.146, 0, 12288, 11868, 248
2026/10/01 23:22:23.352, 0, 12288, 11868, 248
2026/10/01 23:22:23.557, 0, 12288, 11868, 248
2026/10/01 23:22:23.764, 0, 12288, 11868, 248
2026/10/01 23:22:23.972, 0, 12288, 11868, 248
2026/10/01 23:22:24.177, 0, 12288, 11868, 248
2026/10/01 23:22:24.384, 0, 12288, 11868, 248
2026/10/01 23:22:24.589, 0, 12288, 11868, 248
2026/10/01 23:22:24.796, 0, 12288, 11868, 248
2026/10/01 23:22:25.001, 0, 12288, 11868, 248
2026/10/01 23:22:25.209, 0, 12288, 11868, 248
2026/10/01 23:22:25.415, 0, 12288, 11868, 248
2026/10/01 23:22:25.619, 0, 12288, 11868, 248
2026/10/01 23:22:25.825, 0, 12288, 11868, 248
2026/10/01 23:22:26.032, 0, 12288, 11868, 248
2026/10/01 23:22:26.237, 0, 12288, 11868, 248
2026/10/01 23:22:26.444, 0, 12288, 11868, 248
2026/10/01 23:22:26.649, 0, 12288, 11868, 248
2026/10/01 23:22:26.856, 0, 12288, 11868, 248
2026/10/01 23:22:27.062, 0, 12288, 11868, 248
2026/10/01 23:22:27.269, 0, 12288, 11868, 248
2026/10/01 23:22:27.476, 0, 12288, 11868, 248
2026/10/01 23:22:27.682, 0, 12288, 11868, 248
2026/10/01 23:22:27.888, 0, 12288, 11868, 248
2026/10/01 23:22:28.095, 0, 12288, 11868, 248
2026/10/01 23:22:28.303, 0, 12288, 11868, 248
2026/10/01 23:22:28.509, 0, 12288, 11868, 248
2026/10/01 23:22:28.716, 0, 12288, 11868, 248
2026/10/01 23:22:28.923, 0, 12288, 11868, 248
2026/10/01 23:22:29.129, 0, 12288, 11868, 248
2026/10/01 23:22:29.334, 0, 12288, 11868, 248
2026/10/01 23:22:29.541, 0, 12288, 11868, 248
2026/10/01 23:22:29.746, 0, 12288, 11868, 248
2026/10/01 23:22:29.952, 0, 12288, 11868, 248
2026/10/01 23:22:30.160, 0, 12288, 11868, 248
2026/10/01 23:22:30.368, 0, 12288, 11868, 248
2026/10/01 23:22:30.573, 0, 12288, 11868, 248
2026/10/01 23:22:30.779, 0, 12288, 11868, 248
2026/10/01 23:22:30.985, 0, 12288, 11868, 248
2026/10/01 23:22:31.190, 0, 12288, 11868, 248
2026/10/01 23:22:31.397, 0, 12288, 11868, 248
2026/10/01 23:22:31.604, 0, 12288, 11868, 248
2026/10/01 23:22:31.809, 0, 12288, 11868, 248
2026/10/01 23:22:32.016, 0, 12288, 11868, 248
2026/10/01 23:22:32.222, 0, 12288, 11868, 248
2026/10/01 23:22:32.428, 0, 12288, 11868, 248
2026/10/01 23:22:32.634, 0, 12288, 11868, 248
2026/10/01 23:22:32.840, 0, 12288, 11868, 248
2026/10/01 23:22:33.045, 0, 12288, 11868, 248
2026/10/01 23:22:33.251, 0, 12288, 11868, 248
2026/10/01 23:22:33.456, 0, 12288, 11868, 248
2026/10/01 23:22:33.662, 0, 12288, 11868, 248
2026/10/01 23:22:33.870, 0, 12288, 11868, 248
2026/10/01 23:22:34.075, 0, 12288, 11868, 248
2026/10/01 23:22:34.281, 0, 12288, 11868, 248
2026/10/01 23:22:34.487, 0, 12288, 11868, 248
2026/10/01 23:22:34.694, 0, 12288, 11868, 248
2026/10/01 23:22:34.900, 0, 12288, 11868, 248
2026/10/01 23:22:35.106, 0, 12288, 11868, 248
2026/10/01 23:22:35.312, 0, 12288, 11868, 248
2026/10/01 23:22:35.518, 0, 12288, 11868, 248
2026/10/01 23:22:35.724, 0, 12288, 11868, 248
2026/10/01 23:22:35.932, 0, 12288, 11868, 248
2026/10/01 23:22:36.137, 0, 12288, 11868, 248
2026/10/01 23:22:36.343, 0, 12288, 11868, 248
2026/10/01 23:22:36.547, 0, 12288, 11868, 248
2026/10/01 23:22:36.753, 0, 12288, 11868, 248
2026/10/01 23:22:36.960, 0, 12288, 11868, 248
2026/10/01 23:22:37.163, 0, 12288, 11868, 248
2026/10/01 23:22:37.370, 0, 12288, 11868, 248
2026/10/01 23:22:37.576, 0, 12288, 11868, 248
2026/10/01 23:22:37.783, 0, 12288, 11868, 248
2026/10/01 23:22:37.991, 0, 12288, 11868, 248
2026/10/01 23:22:38.196, 0, 12288, 11868, 248
2026/10/01 23:22:38.402, 0, 12288, 11868, 248
2026/10/01 23:22:38.608, 0, 12288, 11868, 248
2026/10/01 23:22:38.813, 0, 12288, 11868, 248
2026/10/01 23:22:39.018, 0, 12288, 11868, 248
2026/10/01 23:22:39.223, 0, 12288, 11868, 248
2026/10/01 23:22:39.428, 0, 12288, 11868, 248
2026/10/01 23:22:39.635, 0, 12288, 11868, 248
2026/10/01 23:22:39.842, 0, 12288, 11868, 248
2026/10/01 23:22:40.048, 0, 12288, 11868, 248
2026/10/01 23:22:40.255, 0, 12288, 11868, 248
2026/10/01 23:22:40.459, 0, 12288, 11868, 248
2026/10/01 23:22:40.664, 0, 12288, 11868, 248
2026/10/01 23:22:40.870, 0, 12288, 11868, 248
2026/10/01 23:22:41.078, 0, 12288, 11868, 248
2026/10/01 23:22:41.284, 0, 12288, 11868, 248
2026/10/01 23:22:41.490, 0, 12288, 11868, 248
2026/10/01 23:22:41.696, 0, 12288, 11868, 248
2026/10/01 23:22:41.903, 0, 12288, 11868, 248
2026/10/01 23:22:42.108, 0, 12288, 11868, 248
2026/10/01 23:22:42.315, 0, 12288, 11868, 248
2026/10/01 23:22:42.521, 0, 12288, 11868, 248
2026/10/01 23:22:42.726, 0, 12288, 11868, 248
2026/10/01 23:22:42.930, 0, 12288, 11868, 248
2026/10/01 23:22:43.138, 0, 12288, 11868, 248
2026/10/01 23:22:43.345, 0, 12288, 11868, 248
2026/10/01 23:22:43.549, 0, 12288, 11868, 248
2026/10/01 23:22:43.757, 0, 12288, 11868, 248
2026/10/01 23:22:43.963, 0, 12288, 11868, 248
2026/10/01 23:22:44.170, 0, 12288, 11868, 248
2026/10/01 23:22:44.376, 0, 12288, 11868, 248
2026/10/01 23:22:44.581, 0, 12288, 11868, 248
2026/10/01 23:22:44.787, 0, 12288, 11868, 248
2026/10/01 23:22:44.994, 0, 12288, 11868, 248
2026/10/01 23:22:45.199, 0, 12288, 11868, 248
2026/10/01 23:22:45.406, 0, 12288, 11868, 248
2026/10/01 23:22:45.612, 0, 12288, 11868, 248
2026/10/01 23:22:45.818, 0, 12288, 11868, 248
2026/10/01 23:22:46.025, 0, 12288, 11868, 248
2026/10/01 23:22:46.229, 0, 12288, 11868, 248
2026/10/01 23:22:46.437, 0, 12288, 11868, 248
2026/10/01 23:22:46.643, 0, 12288, 11868, 248
2026/10/01 23:22:46.850, 0, 12288, 11868, 248
2026/10/01 23:22:47.056, 0, 12288, 11868, 248
2026/10/01 23:22:47.264, 0, 12288, 11868, 248
2026/10/01 23:22:47.471, 0, 12288, 11868, 248
2026/10/01 23:22:47.677, 0, 12288, 11868, 248
2026/10/01 23:22:47.885, 0, 12288, 11868, 248
2026/10/01 23:22:48.091, 0, 12288, 11868, 248
2026/10/01 23:22:48.297, 0, 12288, 11868, 248
2026/10/01 23:22:48.503, 0, 12288, 11868, 248
2026/10/01 23:22:48.710, 0, 12288, 11868, 248
2026/10/01 23:22:48.916, 0, 12288, 11868, 248
2026/10/01 23:22:49.122, 0, 12288, 11868, 248
2026/10/01 23:22:49.330, 0, 12288, 11868, 248
2026/10/01 23:22:49.536, 0, 12288, 11868, 248
2026/10/01 23:22:49.743, 0, 12288, 11868, 248
2026/10/01 23:22:49.950, 0, 12288, 11868, 248
2026/10/01 23:22:50.157, 0, 12288, 11868, 248
2026/10/01 23:22:50.364, 0, 12288, 11868, 248
2026/10/01 23:22:50.569, 0, 12288, 11868, 248
2026/10/01 23:22:50.777, 0, 12288, 11868, 248
2026/10/01 23:22:50.997, 0, 12288, 11868, 248
2026/10/01 23:22:51.202, 0, 12288, 11868, 248
2026/10/01 23:22:51.410, 0, 12288, 11868, 248
2026/10/01 23:22:51.618, 0, 12288, 11868, 248
2026/10/01 23:22:51.823, 0, 12288, 11868, 248
2026/10/01 23:22:52.027, 0, 12288, 11868, 248
2026/10/01 23:22:52.232, 0, 12288, 11868, 248
2026/10/01 23:22:52.439, 0, 12288, 11868, 248
2026/10/01 23:22:52.643, 0, 12288, 11868, 248
2026/10/01 23:22:52.848, 0, 12288, 11868, 248
2026/10/01 23:22:53.055, 0, 12288, 11868, 248
2026/10/01 23:22:53.262, 0, 12288, 11868, 248
2026/10/01 23:22:53.469, 0, 12288, 11868, 248
2026/10/01 23:22:53.675, 0, 12288, 11868, 248
2026/10/01 23:22:53.881, 0, 12288, 11868, 248
2026/10/01 23:22:54.088, 0, 12288, 11868, 248
2026/10/01 23:22:54.293, 0, 12288, 11868, 248
2026/10/01 23:22:54.501, 0, 12288, 11868, 248
2026/10/01 23:22:54.707, 0, 12288, 11868, 248
2026/10/01 23:22:54.913, 0, 12288, 11868, 248
2026/10/01 23:22:55.119, 0, 12288, 11868, 248
2026/10/01 23:22:55.324, 0, 12288, 11868, 248
2026/10/01 23:22:55.531, 0, 12288, 11868, 248
2026/10/01 23:22:55.736, 0, 12288, 11868, 248
2026/10/01 23:22:55.942, 0, 12288, 11868, 248
2026/10/01 23:22:56.146, 0, 12288, 11868, 248
2026/10/01 23:22:56.352, 0, 12288, 11868, 248
2026/10/01 23:22:56.559, 0, 12288, 11868, 248
2026/10/01 23:22:56.763, 0, 12288, 11868, 248
2026/10/01 23:22:56.970, 0, 12288, 11868, 248
2026/10/01 23:22:57.175, 0, 12288, 11868, 248
2026/10/01 23:22:57.381, 0, 12288, 11868, 248
2026/10/01 23:22:57.586, 0, 12288, 11868, 248
2026/10/01 23:22:57.791, 0, 12288, 11868, 248
2026/10/01 23:22:57.998, 0, 12288, 11868, 248
2026/10/01 23:22:58.204, 0, 12288, 11868, 248
2026/10/01 23:22:58.409, 0, 12288, 11868, 248
2026/10/01 23:22:58.614, 0, 12288, 11868, 248
2026/10/01 23:22:58.820, 0, 12288, 11868, 248
2026/10/01 23:22:59.027, 0, 12288, 11868, 248
2026/10/01 23:22:59.233, 0, 12288, 11868, 248
2026/10/01 23:22:59.439, 0, 12288, 11868, 248
2026/10/01 23:22:59.646, 0, 12288, 11868, 248
2026/10/01 23:22:59.853, 0, 12288, 11868, 248
2026/10/01 23:23:00.058, 0, 12288, 11868, 248
2026/10/01 23:23:00.266, 0, 12288, 11868, 248
2026/10/01 23:23:00.472, 0, 12288, 11868, 248
2026/10/01 23:23:00.680, 0, 12288, 11868, 248
2026/10/01 23:23:00.887, 0, 12288, 11868, 248
2026/10/01 23:23:01.093, 0, 12288, 11868, 248
2026/10/01 23:23:01.297, 0, 12288, 11868, 248
2026/10/01 23:23:01.503, 0, 12288, 11868, 248
2026/10/01 23:23:01.708, 0, 12288, 11868, 248
2026/10/01 23:23:01.915, 0, 12288, 11868, 248
2026/10/01 23:23:02.121, 0, 12288, 11868, 248
2026/10/01 23:23:02.325, 0, 12288, 11868, 248
2026/10/01 23:23:02.530, 0, 12288, 11868, 248
2026/10/01 23:23:02.736, 0, 12288, 11868, 248
2026/10/01 23:23:02.942, 0, 12288, 11868, 248
2026/10/01 23:23:03.149, 0, 12288, 11868, 248
2026/10/01 23:23:03.356, 0, 12288, 11868, 248
2026/10/01 23:23:03.563, 0, 12288, 11868, 248
2026/10/01 23:23:03.768, 0, 12288, 11868, 248
2026/10/01 23:23:03.974, 0, 12288, 11868, 248
2026/10/01 23:23:04.180, 0, 12288, 11868, 248
2026/10/01 23:23:04.387, 0, 12288, 11868, 248
2026/10/01 23:23:04.593, 0, 12288, 11868, 248
2026/10/01 23:23:04.799, 0, 12288, 11868, 248
2026/10/01 23:23:05.003, 0, 12288, 11868, 248
2026/10/01 23:23:05.209, 0, 12288, 11868, 248
2026/10/01 23:23:05.414, 0, 12288, 11868, 248
2026/10/01 23:23:05.620, 0, 12288, 11868, 248
2026/10/01 23:23:05.826, 0, 12288, 11868, 248
2026/10/01 23:23:06.033, 0, 12288, 11868, 248
2026/10/01 23:23:06.239, 0, 12288, 11868, 248
2026/10/01 23:23:06.446, 0, 12288, 11868, 248
2026/10/01 23:23:06.652, 0, 12288, 11868, 248
2026/10/01 23:23:06.860, 0, 12288, 11868, 248
2026/10/01 23:23:07.066, 0, 12288, 11868, 248
2026/10/01 23:23:07.272, 0, 12288, 11868, 248
2026/10/01 23:23:07.480, 0, 12288, 11868, 248
2026/10/01 23:23:07.686, 0, 12288, 11868, 248
2026/10/01 23:23:07.893, 0, 12288, 11868, 248
2026/10/01 23:23:08.098, 0, 12288, 11868, 248
2026/10/01 23:23:08.303, 0, 12288, 11868, 248
2026/10/01 23:23:08.509, 0, 12288, 11868, 248
2026/10/01 23:23:08.715, 0, 12288, 11868, 248
2026/10/01 23:23:08.921, 0, 12288, 11868, 248
2026/10/01 23:23:09.127, 0, 12288, 11868, 248
2026/10/01 23:23:09.334, 0, 12288, 11868, 248
2026/10/01 23:23:09.540, 0, 12288, 11868, 248
2026/10/01 23:23:09.746, 0, 12288, 11868, 248
2026/10/01 23:23:09.953, 0, 12288, 11868, 248
2026/10/01 23:23:10.160, 0, 12288, 11868, 248
2026/10/01 23:23:10.365, 0, 12288, 11868, 248
2026/10/01 23:23:10.571, 0, 12288, 11868, 248
2026/10/01 23:23:10.777, 0, 12288, 11868, 248
2026/10/01 23:23:10.984, 0, 12288, 11868, 248
2026/10/01 23:23:11.189, 0, 12288, 11868, 248
2026/10/01 23:23:11.396, 0, 12288, 11868, 248
2026/10/01 23:23:11.602, 0, 12288, 11868, 248
2026/10/01 23:23:11.809, 0, 12288, 11868, 248
2026/10/01 23:23:12.015, 0, 12288, 11868, 248
2026/10/01 23:23:12.220, 0, 12288, 11868, 248
2026/10/01 23:23:12.426, 0, 12288, 11868, 248
2026/10/01 23:23:12.632, 0, 12288, 11868, 248
2026/10/01 23:23:12.839, 0, 12288, 11868, 248
2026/10/01 23:23:13.046, 0, 12288, 11868, 248
2026/10/01 23:23:13.253, 0, 12288, 11868, 248
2026/10/01 23:23:13.460, 0, 12288, 11868, 248
2026/10/01 23:23:13.666, 0, 12288, 11868, 248
2026/10/01 23:23:13.871, 0, 12288, 11868, 248
2026/10/01 23:23:14.076, 0, 12288, 11868, 248
2026/10/01 23:23:14.282, 0, 12288, 11868, 248
2026/10/01 23:23:14.488, 0, 12288, 11868, 248
2026/10/01 23:23:14.695, 0, 12288, 11868, 248
2026/10/01 23:23:14.902, 0, 12288, 11868, 248
2026/10/01 23:23:15.108, 0, 12288, 11868, 248
2026/10/01 23:23:15.314, 0, 12288, 11868, 248
2026/10/01 23:23:15.534, 0, 12288, 11868, 248
2026/10/01 23:23:15.741, 0, 12288, 11868, 248
2026/10/01 23:23:15.948, 0, 12288, 11868, 248
2026/10/01 23:23:16.153, 0, 12288, 11868, 248
2026/10/01 23:23:16.360, 0, 12288, 11868, 248
2026/10/01 23:23:16.565, 0, 12288, 11868, 248
2026/10/01 23:23:16.772, 0, 12288, 11868, 248
2026/10/01 23:23:16.978, 0, 12288, 11868, 248
2026/10/01 23:23:17.184, 0, 12288, 11868, 248
2026/10/01 23:23:17.391, 0, 12288, 11868, 248
2026/10/01 23:23:17.598, 0, 12288, 11868, 248
2026/10/01 23:23:17.804, 0, 12288, 11868, 248
2026/10/01 23:23:18.010, 0, 12288, 11868, 248
2026/10/01 23:23:18.216, 0, 12288, 11868, 248
2026/10/01 23:23:18.422, 0, 12288, 11868, 248
2026/10/01 23:23:18.629, 0, 12288, 11868, 248
2026/10/01 23:23:18.834, 0, 12288, 11868, 248
2026/10/01 23:23:19.039, 0, 12288, 11868, 248
2026/10/01 23:23:19.246, 0, 12288, 11868, 248
2026/10/01 23:23:19.452, 0, 12288, 11868, 248
2026/10/01 23:23:19.658, 0, 12288, 11868, 248
2026/10/01 23:23:19.865, 0, 12288, 11868, 248
2026/10/01 23:23:20.070, 0, 12288, 11868, 248
2026/10/01 23:23:20.277, 0, 12288, 11868, 248
2026/10/01 23:23:20.483, 0, 12288, 11868, 248
2026/10/01 23:23:20.690, 0, 12288, 11868, 248
2026/10/01 23:23:20.896, 0, 12288, 11868, 248
2026/10/01 23:23:21.101, 0, 12288, 11868, 248
2026/10/01 23:23:21.305, 0, 12288, 11868, 248
2026/10/01 23:23:21.512, 0, 12288, 11868, 248
2026/10/01 23:23:21.716, 0, 12288, 11868, 248
2026/10/01 23:23:21.922, 0, 12288, 11868, 248
2026/10/01 23:23:22.126, 0, 12288, 11868, 248
2026/10/01 23:23:22.331, 0, 12288, 11868, 248
2026/10/01 23:23:22.534, 0, 12288, 11868, 248
2026/10/01 23:23:22.739, 0, 12288, 11868, 248
2026/10/01 23:23:22.945, 0, 12288, 11868, 248
2026/10/01 23:23:23.150, 0, 12288, 11868, 248
2026/10/01 23:23:23.357, 0, 12288, 11868, 248
2026/10/01 23:23:23.563, 0, 12288, 11868, 248
2026/10/01 23:23:23.768, 0, 12288, 11868, 248
2026/10/01 23:23:23.973, 0, 12288, 11868, 248
2026/10/01 23:23:24.179, 0, 12288, 11868, 248
2026/10/01 23:23:24.386, 0, 12288, 11868, 248
2026/10/01 23:23:24.592, 0, 12288, 11868, 248
2026/10/01 23:23:24.799, 0, 12288, 11868, 248
2026/10/01 23:23:25.004, 0, 12288, 11868, 248
2026/10/01 23:23:25.211, 0, 12288, 11868, 248
2026/10/01 23:23:25.415, 0, 12288, 11868, 248
2026/10/01 23:23:25.619, 0, 12288, 11868, 248
2026/10/01 23:23:25.825, 0, 12288, 11868, 248
2026/10/01 23:23:26.031, 0, 12288, 11868, 248
2026/10/01 23:23:26.235, 0, 12288, 11868, 248
2026/10/01 23:23:26.441, 0, 12288, 11868, 248
2026/10/01 23:23:26.647, 0, 12288, 11868, 248
2026/10/01 23:23:26.852, 0, 12288, 11868, 248
2026/10/01 23:23:27.057, 0, 12288, 11868, 248
2026/10/01 23:23:27.265, 0, 12288, 11868, 248
2026/10/01 23:23:27.470, 0, 12288, 11868, 248
2026/10/01 23:23:27.675, 0, 12288, 11868, 248
2026/10/01 23:23:27.883, 0, 12288, 11868, 248
2026/10/01 23:23:28.090, 0, 12288, 11868, 248
2026/10/01 23:23:28.295, 0, 12288, 11868, 248
2026/10/01 23:23:28.502, 0, 12288, 11868, 248
2026/10/01 23:23:28.706, 0, 12288, 11868, 248
2026/10/01 23:23:28.911, 0, 12288, 11868, 248
2026/10/01 23:23:29.115, 0, 12288, 11868, 248
2026/10/01 23:23:29.320, 0, 12288, 11868, 248
2026/10/01 23:23:29.526, 0, 12288, 11868, 248
2026/10/01 23:23:29.732, 0, 12288, 11868, 248
2026/10/01 23:23:29.938, 0, 12288, 11868, 248
2026/10/01 23:23:30.143, 0, 12288, 11868, 248
2026/10/01 23:23:30.349, 0, 12288, 11868, 248
2026/10/01 23:23:30.557, 0, 12288, 11868, 248
2026/10/01 23:23:30.762, 0, 12288, 11868, 248
2026/10/01 23:23:30.968, 0, 12288, 11868, 248
2026/10/01 23:23:31.173, 0, 12288, 11868, 248
2026/10/01 23:23:31.378, 0, 12288, 11868, 248
2026/10/01 23:23:31.585, 0, 12288, 11868, 248
2026/10/01 23:23:31.791, 0, 12288, 11868, 248
2026/10/01 23:23:31.996, 0, 12288, 11868, 248
2026/10/01 23:23:32.201, 0, 12288, 11868, 248
2026/10/01 23:23:32.408, 0, 12288, 11868, 248
2026/10/01 23:23:32.612, 0, 12288, 11868, 248
2026/10/01 23:23:32.818, 0, 12288, 11868, 248
2026/10/01 23:23:33.023, 0, 12288, 11868, 248
2026/10/01 23:23:33.230, 0, 12288, 11868, 248
2026/10/01 23:23:33.436, 0, 12288, 11868, 248
2026/10/01 23:23:33.642, 0, 12288, 11868, 248
2026/10/01 23:23:33.848, 0, 12288, 11868, 248
2026/10/01 23:23:34.050, 0, 12288, 11868, 248
2026/10/01 23:23:34.257, 0, 12288, 11868, 248
2026/10/01 23:23:34.463, 0, 12288, 11868, 248
2026/10/01 23:23:34.669, 0, 12288, 11868, 248
2026/10/01 23:23:34.875, 0, 12288, 11868, 248
2026/10/01 23:23:35.081, 0, 12288, 11868, 248
2026/10/01 23:23:35.287, 0, 12288, 11868, 248
2026/10/01 23:23:35.493, 0, 12288, 11868, 248
2026/10/01 23:23:35.697, 0, 12288, 11868, 248
2026/10/01 23:23:35.904, 0, 12288, 11868, 248
2026/10/01 23:23:36.110, 0, 12288, 11868, 248
2026/10/01 23:23:36.317, 0, 12288, 11868, 248
2026/10/01 23:23:36.524, 0, 12288, 11868, 248
2026/10/01 23:23:36.729, 0, 12288, 11868, 248
2026/10/01 23:23:36.936, 0, 12288, 11868, 248
2026/10/01 23:23:37.142, 0, 12288, 11868, 248
2026/10/01 23:23:37.348, 0, 12288, 11868, 248
2026/10/01 23:23:37.555, 0, 12288, 11868, 248
2026/10/01 23:23:37.760, 0, 12288, 11868, 248
2026/10/01 23:23:37.966, 0, 12288, 11868, 248
2026/10/01 23:23:38.174, 0, 12288, 11868, 248
2026/10/01 23:23:38.379, 0, 12288, 11868, 248
2026/10/01 23:23:38.586, 0, 12288, 11868, 248
2026/10/01 23:23:38.791, 0, 12288, 11868, 248
2026/10/01 23:23:38.998, 0, 12288, 11868, 248
2026/10/01 23:23:39.204, 0, 12288, 11868, 248
2026/10/01 23:23:39.411, 0, 12288, 11868, 248
2026/10/01 23:23:39.617, 0, 12288, 11868, 248
2026/10/01 23:23:39.822, 0, 12288, 11868, 248
2026/10/01 23:23:40.029, 0, 12288, 11868, 248
2026/10/01 23:23:40.234, 0, 12288, 11868, 248
2026/10/01 23:23:40.441, 0, 12288, 11868, 248
2026/10/01 23:23:40.647, 0, 12288, 11868, 248
2026/10/01 23:23:40.853, 0, 12288, 11868, 248
2026/10/01 23:23:41.060, 0, 12288, 11868, 248
2026/10/01 23:23:41.266, 0, 12288, 11868, 248
2026/10/01 23:23:41.473, 0, 12288, 11868, 248
2026/10/01 23:23:41.679, 0, 12288, 11868, 248
2026/10/01 23:23:41.884, 0, 12288, 11868, 248
2026/10/01 23:23:42.090, 0, 12288, 11868, 248
2026/10/01 23:23:42.295, 0, 12288, 11868, 248
2026/10/01 23:23:42.502, 0, 12288, 11868, 248
2026/10/01 23:23:42.708, 0, 12288, 11868, 248
2026/10/01 23:23:42.914, 0, 12288, 11868, 248
2026/10/01 23:23:43.120, 0, 12288, 11868, 248
2026/10/01 23:23:43.327, 0, 12288, 11868, 248
2026/10/01 23:23:43.534, 0, 12288, 11868, 248
2026/10/01 23:23:43.742, 0, 12288, 11868, 248
2026/10/01 23:23:43.948, 0, 12288, 11868, 248
2026/10/01 23:23:44.154, 0, 12288, 11868, 248
2026/10/01 23:23:44.361, 0, 12288, 11868, 248
2026/10/01 23:23:44.568, 0, 12288, 11868, 248
2026/10/01 23:23:44.774, 0, 12288, 11868, 248
2026/10/01 23:23:44.981, 0, 12288, 11868, 248
2026/10/01 23:23:45.186, 0, 12288, 11868, 248
2026/10/01 23:23:45.392, 0, 12288, 11868, 248
2026/10/01 23:23:45.598, 0, 12288, 11868, 248
2026/10/01 23:23:45.803, 0, 12288, 11868, 248
2026/10/01 23:23:46.008, 0, 12288, 11868, 248
2026/10/01 23:23:46.214, 0, 12288, 11868, 248
2026/10/01 23:23:46.420, 0, 12288, 11868, 248
2026/10/01 23:23:46.626, 0, 12288, 11868, 248
2026/10/01 23:23:46.832, 0, 12288, 11868, 248
2026/10/01 23:23:47.037, 0, 12288, 11868, 248
2026/10/01 23:23:47.241, 0, 12288, 11868, 248
2026/10/01 23:23:47.448, 0, 12288, 11868, 248
2026/10/01 23:23:47.655, 0, 12288, 11868, 248
2026/10/01 23:23:47.861, 0, 12288, 11868, 248
2026/10/01 23:23:48.066, 0, 12288, 11868, 248
2026/10/01 23:23:48.272, 0, 12288, 11868, 248
2026/10/01 23:23:48.478, 0, 12288, 11868, 248
2026/10/01 23:23:48.686, 0, 12288, 11868, 248
2026/10/01 23:23:48.892, 0, 12288, 11868, 248
2026/10/01 23:23:49.098, 0, 12288, 11868, 248
2026/10/01 23:23:49.305, 0, 12288, 11868, 248
2026/10/01 23:23:49.513, 0, 12288, 11868, 248
2026/10/01 23:23:49.717, 0, 12288, 11868, 248
2026/10/01 23:23:49.925, 0, 12288, 11868, 248
2026/10/01 23:23:50.131, 0, 12288, 11868, 248
2026/10/01 23:23:50.338, 0, 12288, 11868, 248
2026/10/01 23:23:50.544, 0, 12288, 11868, 248
2026/10/01 23:23:50.749, 0, 12288, 11868, 248
2026/10/01 23:23:50.956, 0, 12288, 11868, 248
2026/10/01 23:23:51.162, 0, 12288, 11868, 248
2026/10/01 23:23:51.368, 0, 12288, 11868, 248
2026/10/01 23:23:51.574, 0, 12288, 11868, 248
2026/10/01 23:23:51.780, 0, 12288, 11868, 248
2026/10/01 23:23:51.987, 0, 12288, 11868, 248
2026/10/01 23:23:52.193, 0, 12288, 11868, 248
2026/10/01 23:23:52.399, 0, 12288, 11868, 248
2026/10/01 23:23:52.606, 0, 12288, 11868, 248
2026/10/01 23:23:52.813, 0, 12288, 11868, 248
2026/10/01 23:23:53.019, 0, 12288, 11868, 248
2026/10/01 23:23:53.224, 0, 12288, 11868, 248
2026/10/01 23:23:53.431, 0, 12288, 11868, 248
2026/10/01 23:23:53.637, 0, 12288, 11868, 248
2026/10/01 23:23:53.842, 0, 12288, 11868, 248
2026/10/01 23:23:54.047, 0, 12288, 11868, 248
2026/10/01 23:23:54.254, 0, 12288, 11868, 248
2026/10/01 23:23:54.460, 0, 12288, 11868, 248
2026/10/01 23:23:54.666, 0, 12288, 11868, 248
2026/10/01 23:23:54.870, 0, 12288, 11868, 248
2026/10/01 23:23:55.078, 0, 12288, 11868, 248
2026/10/01 23:23:55.284, 0, 12288, 11868, 248
2026/10/01 23:23:55.491, 0, 12288, 11868, 248
2026/10/01 23:23:55.697, 0, 12288, 11868, 248
2026/10/01 23:23:55.903, 0, 12288, 11868, 248
2026/10/01 23:23:56.109, 0, 12288, 11868, 248
2026/10/01 23:23:56.315, 0, 12288, 11868, 248
2026/10/01 23:23:56.520, 0, 12288, 11868, 248
2026/10/01 23:23:56.728, 0, 12288, 11868, 248
2026/10/01 23:23:56.933, 0, 12288, 11868, 248
2026/10/01 23:23:57.139, 0, 12288, 11868, 248
2026/10/01 23:23:57.345, 0, 12288, 11868, 248
2026/10/01 23:23:57.551, 0, 12288, 11868, 248
2026/10/01 23:23:57.757, 0, 12288, 11868, 248
2026/10/01 23:23:57.961, 0, 12288, 11868, 248
2026/10/01 23:23:58.168, 0, 12288, 11868, 248
2026/10/01 23:23:58.374, 0, 12288, 11868, 248
2026/10/01 23:23:58.579, 0, 12288, 11868, 248
2026/10/01 23:23:58.783, 0, 12288, 11868, 248
2026/10/01 23:23:58.988, 0, 12288, 11868, 248
2026/10/01 23:23:59.194, 0, 12288, 11868, 248
2026/10/01 23:23:59.401, 0, 12288, 11868, 248
2026/10/01 23:23:59.607, 0, 12288, 11868, 248
2026/10/01 23:23:59.814, 0, 12288, 11868, 248
2026/10/01 23:24:00.020, 0, 12288, 11868, 248
2026/10/01 23:24:00.224, 0, 12288, 11868, 248
2026/10/01 23:24:00.430, 0, 12288, 11868, 248
2026/10/01 23:24:00.639, 0, 12288, 11868, 248
2026/10/01 23:24:00.844, 0, 12288, 11868, 248
2026/10/01 23:24:01.049, 0, 12288, 11868, 248
2026/10/01 23:24:01.256, 0, 12288, 11868, 248
2026/10/01 23:24:01.461, 0, 12288, 11868, 248
2026/10/01 23:24:01.665, 0, 12288, 11868, 248
2026/10/01 23:24:01.888, 0, 12288, 11868, 248
2026/10/01 23:24:02.093, 0, 12288, 11868, 248
2026/10/01 23:24:02.301, 0, 12288, 11868, 248
2026/10/01 23:24:02.507, 0, 12288, 11868, 248
2026/10/01 23:24:02.714, 0, 12288, 11868, 248
2026/10/01 23:24:02.919, 0, 12288, 11868, 248
2026/10/01 23:24:03.124, 0, 12288, 11868, 248
2026/10/01 23:24:03.331, 0, 12288, 11868, 248
2026/10/01 23:24:03.538, 0, 12288, 11868, 248
2026/10/01 23:24:03.743, 0, 12288, 11868, 248
2026/10/01 23:24:03.950, 0, 12288, 11868, 248
2026/10/01 23:24:04.154, 0, 12288, 11868, 248
2026/10/01 23:24:04.360, 0, 12288, 11868, 248
2026/10/01 23:24:04.566, 0, 12288, 11868, 248
2026/10/01 23:24:04.771, 0, 12288, 11868, 248
2026/10/01 23:24:04.978, 0, 12288, 11868, 248
2026/10/01 23:24:05.183, 0, 12288, 11868, 248
2026/10/01 23:24:05.390, 0, 12288, 11868, 248
2026/10/01 23:24:05.596, 0, 12288, 11868, 248
2026/10/01 23:24:05.802, 0, 12288, 11868, 248
2026/10/01 23:24:06.007, 0, 12288, 11868, 248
2026/10/01 23:24:06.215, 0, 12288, 11868, 248
2026/10/01 23:24:06.420, 0, 12288, 11868, 248
2026/10/01 23:24:06.625, 0, 12288, 11868, 248
2026/10/01 23:24:06.831, 0, 12288, 11868, 248
2026/10/01 23:24:07.037, 0, 12288, 11868, 248
2026/10/01 23:24:07.242, 0, 12288, 11868, 248
2026/10/01 23:24:07.449, 0, 12288, 11868, 248
2026/10/01 23:24:07.656, 0, 12288, 11868, 248
2026/10/01 23:24:07.863, 0, 12288, 11868, 248
2026/10/01 23:24:08.070, 0, 12288, 11868, 248
2026/10/01 23:24:08.276, 0, 12288, 11868, 248
2026/10/01 23:24:08.483, 0, 12288, 11868, 248
2026/10/01 23:24:08.688, 0, 12288, 11868, 248
2026/10/01 23:24:08.894, 0, 12288, 11868, 248
2026/10/01 23:24:09.101, 0, 12288, 11868, 248
2026/10/01 23:24:09.308, 0, 12288, 11868, 248
2026/10/01 23:24:09.513, 0, 12288, 11868, 248
2026/10/01 23:24:09.718, 0, 12288, 11868, 248
2026/10/01 23:24:09.925, 0, 12288, 11868, 248
2026/10/01 23:24:10.131, 0, 12288, 11868, 248
2026/10/01 23:24:10.335, 0, 12288, 11868, 248
2026/10/01 23:24:10.542, 0, 12288, 11868, 248
2026/10/01 23:24:10.748, 0, 12288, 11868, 248
2026/10/01 23:24:10.953, 0, 12288, 11868, 248
2026/10/01 23:24:11.158, 0, 12288, 11868, 248
2026/10/01 23:24:11.364, 0, 12288, 11868, 248
2026/10/01 23:24:11.570, 0, 12288, 11868, 248
2026/10/01 23:24:11.777, 0, 12288, 11868, 248
2026/10/01 23:24:11.983, 0, 12288, 11868, 248
2026/10/01 23:24:12.189, 0, 12288, 11868, 248
2026/10/01 23:24:12.395, 0, 12288, 11868, 248
2026/10/01 23:24:12.601, 0, 12288, 11868, 248
2026/10/01 23:24:12.807, 0, 12288, 11868, 248
2026/10/01 23:24:13.014, 0, 12288, 11868, 248
2026/10/01 23:24:13.220, 0, 12288, 11868, 248
2026/10/01 23:24:13.426, 0, 12288, 11868, 248
2026/10/01 23:24:13.632, 0, 12288, 11868, 248
2026/10/01 23:24:13.837, 0, 12288, 11868, 248
2026/10/01 23:24:14.044, 0, 12288, 11868, 248
2026/10/01 23:24:14.250, 0, 12288, 11868, 248
2026/10/01 23:24:14.457, 0, 12288, 11868, 248
2026/10/01 23:24:14.664, 0, 12288, 11868, 248
2026/10/01 23:24:14.872, 0, 12288, 11868, 248
2026/10/01 23:24:15.078, 0, 12288, 11868, 248
2026/10/01 23:24:15.286, 0, 12288, 11868, 248
2026/10/01 23:24:15.491, 0, 12288, 11868, 248
2026/10/01 23:24:15.698, 0, 12288, 11868, 248
2026/10/01 23:24:15.906, 0, 12288, 11868, 248
2026/10/01 23:24:16.111, 0, 12288, 11868, 248
2026/10/01 23:24:16.316, 0, 12288, 11868, 248
2026/10/01 23:24:16.522, 0, 12288, 11868, 248
2026/10/01 23:24:16.729, 0, 12288, 11868, 248
2026/10/01 23:24:16.935, 0, 12288, 11868, 248
2026/10/01 23:24:17.141, 0, 12288, 11868, 248
2026/10/01 23:24:17.347, 0, 12288, 11868, 248
2026/10/01 23:24:17.552, 0, 12288, 11868, 248
2026/10/01 23:24:17.759, 0, 12288, 11868, 248
2026/10/01 23:24:17.965, 0, 12288, 11868, 248
2026/10/01 23:24:18.172, 0, 12288, 11868, 248
2026/10/01 23:24:18.379, 0, 12288, 11868, 248
2026/10/01 23:24:18.583, 0, 12288, 11868, 248
2026/10/01 23:24:18.789, 0, 12288, 11868, 248
2026/10/01 23:24:18.996, 0, 12288, 11868, 248
2026/10/01 23:24:19.201, 0, 12288, 11868, 248
2026/10/01 23:24:19.407, 0, 12288, 11868, 248
2026/10/01 23:24:19.613, 0, 12288, 11868, 248
2026/10/01 23:24:19.820, 0, 12288, 11868, 248
2026/10/01 23:24:20.026, 0, 12288, 11868, 248
2026/10/01 23:24:20.231, 0, 12288, 11868, 248
2026/10/01 23:24:20.437, 0, 12288, 11868, 248
2026/10/01 23:24:20.644, 0, 12288, 11868, 248
2026/10/01 23:24:20.850, 0, 12288, 11868, 248
2026/10/01 23:24:21.055, 0, 12288, 11868, 248
2026/10/01 23:24:21.262, 0, 12288, 11868, 248
2026/10/01 23:24:21.469, 0, 12288, 11868, 248
2026/10/01 23:24:21.674, 0, 12288, 11868, 248
2026/10/01 23:24:21.880, 0, 12288, 11868, 248
2026/10/01 23:24:22.085, 0, 12288, 11868, 248
2026/10/01 23:24:22.291, 0, 12288, 11868, 248
2026/10/01 23:24:22.497, 0, 12288, 11868, 248
2026/10/01 23:24:22.701, 0, 12288, 11868, 248
2026/10/01 23:24:22.908, 0, 12288, 11868, 248
2026/10/01 23:24:23.114, 0, 12288, 11868, 248
2026/10/01 23:24:23.320, 0, 12288, 11868, 248
2026/10/01 23:24:23.526, 0, 12288, 11868, 248
2026/10/01 23:24:23.731, 0, 12288, 11868, 248
2026/10/01 23:24:23.938, 0, 12288, 11868, 248
2026/10/01 23:24:24.143, 0, 12288, 11868, 248
2026/10/01 23:24:24.350, 0, 12288, 11868, 248
2026/10/01 23:24:24.557, 0, 12288, 11868, 248
2026/10/01 23:24:24.763, 0, 12288, 11868, 248
2026/10/01 23:24:24.968, 0, 12288, 11868, 248
2026/10/01 23:24:25.174, 0, 12288, 11868, 248
2026/10/01 23:24:25.379, 0, 12288, 11868, 248
2026/10/01 23:24:25.586, 0, 12288, 11868, 248
2026/10/01 23:24:25.792, 0, 12288, 11868, 248
2026/10/01 23:24:25.998, 0, 12288, 11868, 248
2026/10/01 23:24:26.204, 0, 12288, 11868, 248
2026/10/01 23:24:26.410, 0, 12288, 11868, 248
2026/10/01 23:24:26.614, 0, 12288, 11868, 248
2026/10/01 23:24:26.821, 0, 12288, 11868, 248
2026/10/01 23:24:27.028, 0, 12288, 11868, 248
2026/10/01 23:24:27.235, 0, 12288, 11868, 248
2026/10/01 23:24:27.442, 0, 12288, 11868, 248
2026/10/01 23:24:27.647, 0, 12288, 11868, 248
2026/10/01 23:24:27.854, 0, 12288, 11868, 248
2026/10/01 23:24:28.060, 0, 12288, 11868, 248
2026/10/01 23:24:28.266, 0, 12288, 11868, 248
2026/10/01 23:24:28.471, 0, 12288, 11868, 248
2026/10/01 23:24:28.676, 0, 12288, 11868, 248
2026/10/01 23:24:28.883, 0, 12288, 11868, 248
2026/10/01 23:24:29.089, 0, 12288, 11868, 248
2026/10/01 23:24:29.295, 0, 12288, 11868, 248
2026/10/01 23:24:29.502, 0, 12288, 11868, 248
2026/10/01 23:24:29.708, 0, 12288, 11868, 248
2026/10/01 23:24:29.914, 0, 12288, 11868, 248
2026/10/01 23:24:30.118, 0, 12288, 11868, 248
2026/10/01 23:24:30.324, 0, 12288, 11868, 248
2026/10/01 23:24:30.530, 0, 12288, 11868, 248
2026/10/01 23:24:30.736, 0, 12288, 11868, 248
2026/10/01 23:24:30.943, 0, 12288, 11868, 248
2026/10/01 23:24:31.148, 0, 12288, 11868, 248
2026/10/01 23:24:31.354, 0, 12288, 11868, 248
2026/10/01 23:24:31.561, 0, 12288, 11868, 248
2026/10/01 23:24:31.767, 0, 12288, 11868, 248
2026/10/01 23:24:31.973, 0, 12288, 11868, 248
2026/10/01 23:24:32.177, 0, 12288, 11868, 248
2026/10/01 23:24:32.383, 0, 12288, 11868, 248
2026/10/01 23:24:32.589, 0, 12288, 11868, 248
2026/10/01 23:24:32.794, 0, 12288, 11868, 248
2026/10/01 23:24:32.997, 0, 12288, 11868, 248
2026/10/01 23:24:33.202, 0, 12288, 11868, 248
2026/10/01 23:24:33.409, 0, 12288, 11868, 248
2026/10/01 23:24:33.616, 0, 12288, 11868, 248
2026/10/01 23:24:33.823, 0, 12288, 11868, 248
2026/10/01 23:24:34.029, 0, 12288, 11868, 248
2026/10/01 23:24:34.235, 0, 12288, 11868, 248
2026/10/01 23:24:34.442, 0, 12288, 11868, 248
2026/10/01 23:24:34.648, 0, 12288, 11868, 248
2026/10/01 23:24:34.854, 0, 12288, 11868, 248
2026/10/01 23:24:35.059, 0, 12288, 11868, 248
2026/10/01 23:24:35.265, 0, 12288, 11868, 248
2026/10/01 23:24:35.471, 0, 12288, 11868, 248
2026/10/01 23:24:35.677, 0, 12288, 11868, 248
2026/10/01 23:24:35.883, 0, 12288, 11868, 248
2026/10/01 23:24:36.089, 0, 12288, 11868, 248
2026/10/01 23:24:36.294, 0, 12288, 11868, 248
2026/10/01 23:24:36.500, 0, 12288, 11868, 248
2026/10/01 23:24:36.705, 0, 12288, 11868, 248
2026/10/01 23:24:36.907, 0, 12288, 11868, 248
2026/10/01 23:24:37.114, 0, 12288, 11868, 248
2026/10/01 23:24:37.333, 0, 12288, 11868, 248
2026/10/01 23:24:37.539, 0, 12288, 11868, 248
2026/10/01 23:24:37.745, 0, 12288, 11868, 248
2026/10/01 23:24:37.950, 0, 12288, 11868, 248
2026/10/01 23:24:38.156, 0, 12288, 11868, 248
2026/10/01 23:24:38.361, 0, 12288, 11868, 248
2026/10/01 23:24:38.566, 0, 12288, 11868, 248
2026/10/01 23:24:38.772, 0, 12288, 11868, 248
2026/10/01 23:24:38.978, 0, 12288, 11868, 248
2026/10/01 23:24:39.184, 0, 12288, 11868, 248
2026/10/01 23:24:39.390, 0, 12288, 11868, 248
2026/10/01 23:24:39.597, 0, 12288, 11868, 248
2026/10/01 23:24:39.802, 0, 12288, 11868, 248
2026/10/01 23:24:40.006, 0, 12288, 11868, 248
2026/10/01 23:24:40.213, 0, 12288, 11868, 248
2026/10/01 23:24:40.419, 0, 12288, 11868, 248
2026/10/01 23:24:40.625, 0, 12288, 11868, 248
2026/10/01 23:24:40.829, 0, 12288, 11868, 248
2026/10/01 23:24:41.035, 0, 12288, 11868, 248
2026/10/01 23:24:41.241, 0, 12288, 11868, 248
2026/10/01 23:24:41.448, 0, 12288, 11868, 248
2026/10/01 23:24:41.654, 0, 12288, 11868, 248
2026/10/01 23:24:41.860, 0, 12288, 11868, 248
2026/10/01 23:24:42.067, 0, 12288, 11868, 248
2026/10/01 23:24:42.270, 0, 12288, 11868, 248
2026/10/01 23:24:42.478, 0, 12288, 11868, 248
2026/10/01 23:24:42.684, 0, 12288, 11868, 248
2026/10/01 23:24:42.891, 0, 12288, 11868, 248
2026/10/01 23:24:43.096, 0, 12288, 11868, 248
2026/10/01 23:24:43.303, 0, 12288, 11868, 248
2026/10/01 23:24:43.509, 0, 12288, 11868, 248
2026/10/01 23:24:43.715, 0, 12288, 11868, 248
2026/10/01 23:24:43.922, 0, 12288, 11868, 248
2026/10/01 23:24:44.129, 0, 12288, 11868, 248
2026/10/01 23:24:44.334, 0, 12288, 11868, 248
2026/10/01 23:24:44.540, 0, 12288, 11868, 248
2026/10/01 23:24:44.747, 0, 12288, 11868, 248
2026/10/01 23:24:44.953, 0, 12288, 11868, 248
2026/10/01 23:24:45.160, 0, 12288, 11868, 248
2026/10/01 23:24:45.369, 0, 12288, 11868, 248
2026/10/01 23:24:45.576, 0, 12288, 11868, 248
2026/10/01 23:24:45.782, 0, 12288, 11868, 248
2026/10/01 23:24:45.990, 0, 12288, 11868, 248
2026/10/01 23:24:46.195, 0, 12288, 11868, 248
2026/10/01 23:24:46.402, 0, 12288, 11868, 248
2026/10/01 23:24:46.608, 0, 12288, 11868, 248
2026/10/01 23:24:46.813, 0, 12288, 11868, 248
2026/10/01 23:24:47.021, 0, 12288, 11868, 248
2026/10/01 23:24:47.226, 0, 12288, 11868, 248
2026/10/01 23:24:47.433, 0, 12288, 11868, 248
2026/10/01 23:24:47.638, 0, 12288, 11868, 248
2026/10/01 23:24:47.844, 0, 12288, 11868, 248
2026/10/01 23:24:48.050, 0, 12288, 11868, 248
2026/10/01 23:24:48.256, 0, 12288, 11868, 248
2026/10/01 23:24:48.464, 0, 12288, 11868, 248
2026/10/01 23:24:48.669, 0, 12288, 11868, 248
2026/10/01 23:24:48.875, 0, 12288, 11868, 248
2026/10/01 23:24:49.081, 0, 12288, 11868, 248
2026/10/01 23:24:49.288, 0, 12288, 11868, 248
2026/10/01 23:24:49.494, 0, 12288, 11868, 248
2026/10/01 23:24:49.701, 0, 12288, 11868, 248
2026/10/01 23:24:49.908, 0, 12288, 11868, 248
2026/10/01 23:24:50.114, 0, 12288, 11868, 248
2026/10/01 23:24:50.321, 0, 12288, 11868, 248
2026/10/01 23:24:50.527, 0, 12288, 11868, 248
2026/10/01 23:24:50.735, 0, 12288, 11868, 248
2026/10/01 23:24:50.940, 0, 12288, 11868, 248
2026/10/01 23:24:51.146, 0, 12288, 11868, 248
2026/10/01 23:24:51.352, 0, 12288, 11868, 248
2026/10/01 23:24:51.557, 0, 12288, 11868, 248
2026/10/01 23:24:51.765, 0, 12288, 11868, 248
2026/10/01 23:24:51.971, 0, 12288, 11868, 248
2026/10/01 23:24:52.176, 0, 12288, 11868, 248
2026/10/01 23:24:52.381, 0, 12288, 11868, 248
2026/10/01 23:24:52.588, 0, 12288, 11868, 248
2026/10/01 23:24:52.796, 0, 12288, 11868, 248
2026/10/01 23:24:53.001, 0, 12288, 11868, 248
2026/10/01 23:24:53.206, 0, 12288, 11868, 248
2026/10/01 23:24:53.413, 0, 12288, 11868, 248
2026/10/01 23:24:53.619, 0, 12288, 11868, 248
2026/10/01 23:24:53.826, 0, 12288, 11868, 248
2026/10/01 23:24:54.033, 0, 12288, 11868, 248
2026/10/01 23:24:54.238, 0, 12288, 11868, 248
2026/10/01 23:24:54.444, 0, 12288, 11868, 248
2026/10/01 23:24:54.649, 0, 12288, 11868, 248
2026/10/01 23:24:54.854, 0, 12288, 11868, 248
2026/10/01 23:24:55.060, 0, 12288, 11868, 248
2026/10/01 23:24:55.267, 0, 12288, 11868, 248
2026/10/01 23:24:55.473, 0, 12288, 11868, 248
2026/10/01 23:24:55.680, 0, 12288, 11868, 248
2026/10/01 23:24:55.886, 0, 12288, 11868, 248
2026/10/01 23:24:56.092, 0, 12288, 11876, 240
2026/10/01 23:24:56.297, 0, 12288, 11876, 240
2026/10/01 23:24:56.503, 0, 12288, 11876, 240
2026/10/01 23:24:56.709, 0, 12288, 11876, 240
2026/10/01 23:24:56.915, 0, 12288, 11876, 240
2026/10/01 23:24:57.122, 0, 12288, 11876, 240
2026/10/01 23:24:57.329, 0, 12288, 11876, 240
2026/10/01 23:24:57.536, 0, 12288, 11876, 240
2026/10/01 23:24:57.741, 0, 12288, 11876, 240
2026/10/01 23:24:57.947, 0, 12288, 11876, 240
2026/10/01 23:24:58.152, 0, 12288, 11868, 248
2026/10/01 23:24:58.359, 0, 12288, 11868, 248
2026/10/01 23:24:58.565, 0, 12288, 11868, 248
2026/10/01 23:24:58.771, 0, 12288, 11868, 248
2026/10/01 23:24:58.978, 0, 12288, 11868, 248
2026/10/01 23:24:59.183, 0, 12288, 11868, 248
2026/10/01 23:24:59.389, 0, 12288, 11868, 248
2026/10/01 23:24:59.596, 0, 12288, 11868, 248
2026/10/01 23:24:59.802, 0, 12288, 11868, 248
2026/10/01 23:25:00.007, 0, 12288, 11868, 248
2026/10/01 23:25:00.212, 0, 12288, 11868, 248
2026/10/01 23:25:00.419, 0, 12288, 11868, 248
2026/10/01 23:25:00.625, 0, 12288, 11868, 248
2026/10/01 23:25:00.832, 0, 12288, 11868, 248
2026/10/01 23:25:01.039, 0, 12288, 11868, 248
2026/10/01 23:25:01.245, 0, 12288, 11868, 248
2026/10/01 23:25:01.450, 0, 12288, 11868, 248
2026/10/01 23:25:01.655, 0, 12288, 11868, 248
2026/10/01 23:25:01.862, 0, 12288, 11868, 248
2026/10/01 23:25:02.068, 0, 12288, 11868, 248
2026/10/01 23:25:02.275, 0, 12288, 11868, 248
2026/10/01 23:25:02.481, 0, 12288, 11868, 248
2026/10/01 23:25:02.686, 0, 12288, 11868, 248
2026/10/01 23:25:02.892, 0, 12288, 11868, 248
2026/10/01 23:25:03.097, 0, 12288, 11868, 248
2026/10/01 23:25:03.304, 0, 12288, 11868, 248
2026/10/01 23:25:03.510, 0, 12288, 11868, 248
2026/10/01 23:25:03.717, 0, 12288, 11868, 248
2026/10/01 23:25:03.922, 0, 12288, 11868, 248
2026/10/01 23:25:04.127, 0, 12288, 11868, 248
2026/10/01 23:25:04.333, 0, 12288, 11868, 248
2026/10/01 23:25:04.539, 0, 12288, 11868, 248
2026/10/01 23:25:04.744, 0, 12288, 11868, 248
2026/10/01 23:25:04.950, 0, 12288, 11868, 248
2026/10/01 23:25:05.156, 0, 12288, 11868, 248
2026/10/01 23:25:05.361, 0, 12288, 11868, 248
2026/10/01 23:25:05.568, 0, 12288, 11868, 248
2026/10/01 23:25:05.773, 0, 12288, 11868, 248
2026/10/01 23:25:05.980, 0, 12288, 11868, 248
2026/10/01 23:25:06.187, 0, 12288, 11868, 248
2026/10/01 23:25:06.394, 0, 12288, 11868, 248
2026/10/01 23:25:06.600, 0, 12288, 11868, 248
2026/10/01 23:25:06.809, 0, 12288, 11868, 248
2026/10/01 23:25:07.014, 0, 12288, 11868, 248
2026/10/01 23:25:07.220, 0, 12288, 11868, 248
2026/10/01 23:25:07.427, 0, 12288, 11868, 248
2026/10/01 23:25:07.633, 0, 12288, 11868, 248
2026/10/01 23:25:07.840, 0, 12288, 11868, 248
2026/10/01 23:25:08.046, 0, 12288, 11868, 248
2026/10/01 23:25:08.250, 0, 12288, 11868, 248
2026/10/01 23:25:08.454, 0, 12288, 11868, 248
2026/10/01 23:25:08.675, 0, 12288, 11868, 248
2026/10/01 23:25:08.880, 0, 12288, 11868, 248
2026/10/01 23:25:09.086, 0, 12288, 11868, 248
2026/10/01 23:25:09.292, 0, 12288, 11868, 248
2026/10/01 23:25:09.498, 0, 12288, 11868, 248
2026/10/01 23:25:09.704, 0, 12288, 11868, 248
2026/10/01 23:25:09.910, 0, 12288, 11868, 248
2026/10/01 23:25:10.117, 0, 12288, 11868, 248
2026/10/01 23:25:10.323, 0, 12288, 11868, 248
2026/10/01 23:25:10.529, 0, 12288, 11868, 248
2026/10/01 23:25:10.734, 0, 12288, 11868, 248
2026/10/01 23:25:10.939, 0, 12288, 11868, 248
2026/10/01 23:25:11.146, 0, 12288, 11868, 248
2026/10/01 23:25:11.351, 0, 12288, 11868, 248
2026/10/01 23:25:11.557, 0, 12288, 11868, 248
2026/10/01 23:25:11.763, 0, 12288, 11868, 248
2026/10/01 23:25:11.968, 0, 12288, 11868, 248
2026/10/01 23:25:12.175, 0, 12288, 11868, 248
2026/10/01 23:25:12.382, 0, 12288, 11868, 248
2026/10/01 23:25:12.587, 0, 12288, 11868, 248
2026/10/01 23:25:12.794, 0, 12288, 11868, 248
2026/10/01 23:25:13.000, 0, 12288, 11868, 248
2026/10/01 23:25:13.206, 0, 12288, 11868, 248
2026/10/01 23:25:13.412, 0, 12288, 11868, 248
2026/10/01 23:25:13.619, 0, 12288, 11868, 248
2026/10/01 23:25:13.824, 0, 12288, 11868, 248
2026/10/01 23:25:14.030, 0, 12288, 11868, 248
2026/10/01 23:25:14.237, 0, 12288, 11868, 248
2026/10/01 23:25:14.443, 0, 12288, 11868, 248
2026/10/01 23:25:14.650, 0, 12288, 11868, 248
2026/10/01 23:25:14.855, 0, 12288, 11868, 248
2026/10/01 23:25:15.061, 0, 12288, 11868, 248
2026/10/01 23:25:15.266, 0, 12288, 11868, 248
2026/10/01 23:25:15.473, 0, 12288, 11868, 248
2026/10/01 23:25:15.679, 0, 12288, 11868, 248
2026/10/01 23:25:15.885, 0, 12288, 11868, 248
2026/10/01 23:25:16.090, 0, 12288, 11868, 248
2026/10/01 23:25:16.296, 0, 12288, 11868, 248
2026/10/01 23:25:16.503, 0, 12288, 11868, 248
2026/10/01 23:25:16.709, 0, 12288, 11868, 248
2026/10/01 23:25:16.914, 0, 12288, 11868, 248
2026/10/01 23:25:17.121, 0, 12288, 11868, 248
2026/10/01 23:25:17.327, 0, 12288, 11868, 248
2026/10/01 23:25:17.534, 0, 12288, 11868, 248
2026/10/01 23:25:17.741, 0, 12288, 11868, 248
2026/10/01 23:25:17.946, 0, 12288, 11868, 248
2026/10/01 23:25:18.152, 0, 12288, 11868, 248
2026/10/01 23:25:18.358, 0, 12288, 11868, 248
2026/10/01 23:25:18.565, 0, 12288, 11868, 248
2026/10/01 23:25:18.772, 0, 12288, 11868, 248
2026/10/01 23:25:18.978, 0, 12288, 11868, 248
2026/10/01 23:25:19.185, 0, 12288, 11868, 248
2026/10/01 23:25:19.391, 0, 12288, 11868, 248
2026/10/01 23:25:19.599, 0, 12288, 11868, 248
2026/10/01 23:25:19.804, 0, 12288, 11868, 248
2026/10/01 23:25:20.008, 0, 12288, 11868, 248
2026/10/01 23:25:20.215, 0, 12288, 11868, 248
2026/10/01 23:25:20.421, 0, 12288, 11868, 248
2026/10/01 23:25:20.628, 0, 12288, 11868, 248
2026/10/01 23:25:20.834, 0, 12288, 11868, 248
2026/10/01 23:25:21.040, 0, 12288, 11868, 248
2026/10/01 23:25:21.245, 0, 12288, 11868, 248
2026/10/01 23:25:21.451, 0, 12288, 11868, 248
2026/10/01 23:25:21.657, 0, 12288, 11868, 248
2026/10/01 23:25:21.863, 0, 12288, 11868, 248
2026/10/01 23:25:22.069, 0, 12288, 11868, 248
2026/10/01 23:25:22.276, 0, 12288, 11868, 248
2026/10/01 23:25:22.481, 0, 12288, 11868, 248
2026/10/01 23:25:22.688, 0, 12288, 11868, 248
2026/10/01 23:25:22.895, 0, 12288, 11868, 248
2026/10/01 23:25:23.101, 0, 12288, 11868, 248
2026/10/01 23:25:23.308, 0, 12288, 11868, 248
2026/10/01 23:25:23.515, 0, 12288, 11868, 248
2026/10/01 23:25:23.720, 0, 12288, 11868, 248
2026/10/01 23:25:23.926, 0, 12288, 11868, 248
2026/10/01 23:25:24.133, 0, 12288, 11868, 248
2026/10/01 23:25:24.339, 0, 12288, 11868, 248
2026/10/01 23:25:24.546, 0, 12288, 11868, 248
2026/10/01 23:25:24.750, 0, 12288, 11868, 248
2026/10/01 23:25:24.957, 0, 12288, 11868, 248
2026/10/01 23:25:25.161, 0, 12288, 11868, 248
2026/10/01 23:25:25.368, 0, 12288, 11868, 248
2026/10/01 23:25:25.574, 0, 12288, 11868, 248
2026/10/01 23:25:25.780, 0, 12288, 11868, 248
2026/10/01 23:25:25.986, 0, 12288, 11868, 248
2026/10/01 23:25:26.191, 0, 12288, 11868, 248
2026/10/01 23:25:26.398, 0, 12288, 11868, 248
2026/10/01 23:25:26.606, 0, 12288, 11868, 248
2026/10/01 23:25:26.811, 0, 12288, 11868, 248
2026/10/01 23:25:27.017, 0, 12288, 11868, 248
2026/10/01 23:25:27.224, 0, 12288, 11868, 248
2026/10/01 23:25:27.430, 0, 12288, 11868, 248
2026/10/01 23:25:27.635, 0, 12288, 11868, 248
2026/10/01 23:25:27.841, 0, 12288, 11868, 248
2026/10/01 23:25:28.048, 0, 12288, 11868, 248
2026/10/01 23:25:28.254, 0, 12288, 11868, 248
2026/10/01 23:25:28.457, 0, 12288, 11868, 248
2026/10/01 23:25:28.665, 0, 12288, 11868, 248
2026/10/01 23:25:28.871, 0, 12288, 11868, 248
2026/10/01 23:25:29.078, 0, 12288, 11868, 248
2026/10/01 23:25:29.283, 0, 12288, 11868, 248
2026/10/01 23:25:29.488, 0, 12288, 11868, 248
2026/10/01 23:25:29.694, 0, 12288, 11868, 248
2026/10/01 23:25:29.900, 0, 12288, 11868, 248
2026/10/01 23:25:30.106, 0, 12288, 11868, 248
2026/10/01 23:25:30.311, 0, 12288, 11868, 248
2026/10/01 23:25:30.517, 0, 12288, 11868, 248
2026/10/01 23:25:30.723, 0, 12288, 11868, 248
2026/10/01 23:25:30.931, 0, 12288, 11868, 248
2026/10/01 23:25:31.137, 0, 12288, 11868, 248
2026/10/01 23:25:31.344, 0, 12288, 11868, 248
2026/10/01 23:25:31.551, 0, 12288, 11868, 248
2026/10/01 23:25:31.756, 0, 12288, 11868, 248
2026/10/01 23:25:31.964, 0, 12288, 11868, 248
2026/10/01 23:25:32.166, 0, 12288, 11868, 248
2026/10/01 23:25:32.373, 0, 12288, 11868, 248
2026/10/01 23:25:32.579, 0, 12288, 11868, 248
2026/10/01 23:25:32.785, 0, 12288, 11868, 248
2026/10/01 23:25:32.991, 0, 12288, 11868, 248
2026/10/01 23:25:33.213, 0, 12288, 11868, 248
2026/10/01 23:25:33.419, 0, 12288, 11868, 248
2026/10/01 23:25:33.625, 0, 12288, 11868, 248
2026/10/01 23:25:33.830, 0, 12288, 11868, 248
2026/10/01 23:25:34.036, 0, 12288, 11868, 248
2026/10/01 23:25:34.243, 0, 12288, 11868, 248
2026/10/01 23:25:34.448, 0, 12288, 11868, 248
2026/10/01 23:25:34.653, 0, 12288, 11868, 248
2026/10/01 23:25:34.859, 0, 12288, 11868, 248
2026/10/01 23:25:35.066, 0, 12288, 11868, 248
2026/10/01 23:25:35.271, 0, 12288, 11868, 248
2026/10/01 23:25:35.477, 0, 12288, 11868, 248
2026/10/01 23:25:35.683, 0, 12288, 11868, 248
2026/10/01 23:25:35.890, 0, 12288, 11868, 248
2026/10/01 23:25:36.097, 0, 12288, 11868, 248
2026/10/01 23:25:36.303, 0, 12288, 11868, 248
2026/10/01 23:25:36.509, 0, 12288, 11868, 248
2026/10/01 23:25:36.714, 0, 12288, 11868, 248
2026/10/01 23:25:36.919, 0, 12288, 11868, 248
2026/10/01 23:25:37.123, 0, 12288, 11868, 248
2026/10/01 23:25:37.329, 0, 12288, 11868, 248
2026/10/01 23:25:37.534, 0, 12288, 11868, 248
2026/10/01 23:25:37.739, 0, 12288, 11868, 248
2026/10/01 23:25:37.947, 0, 12288, 11868, 248
2026/10/01 23:25:38.154, 0, 12288, 11868, 248
2026/10/01 23:25:38.360, 0, 12288, 11868, 248
2026/10/01 23:25:38.566, 0, 12288, 11868, 248
2026/10/01 23:25:38.774, 0, 12288, 11868, 248
2026/10/01 23:25:38.980, 0, 12288, 11868, 248
2026/10/01 23:25:39.184, 0, 12288, 11868, 248
2026/10/01 23:25:39.392, 0, 12288, 11868, 248
2026/10/01 23:25:39.599, 0, 12288, 11868, 248
2026/10/01 23:25:39.806, 0, 12288, 11868, 248
2026/10/01 23:25:40.028, 0, 12288, 11868, 248
2026/10/01 23:25:40.235, 0, 12288, 11868, 248
2026/10/01 23:25:40.441, 0, 12288, 11868, 248
2026/10/01 23:25:40.649, 0, 12288, 11868, 248
2026/10/01 23:25:40.854, 0, 12288, 11868, 248
2026/10/01 23:25:41.062, 0, 12288, 11868, 248
2026/10/01 23:25:41.266, 0, 12288, 11868, 248
2026/10/01 23:25:41.472, 0, 12288, 11868, 248
2026/10/01 23:25:41.680, 0, 12288, 11868, 248
2026/10/01 23:25:41.886, 0, 12288, 11868, 248
2026/10/01 23:25:42.094, 0, 12288, 11868, 248
2026/10/01 23:25:42.301, 0, 12288, 11868, 248
2026/10/01 23:25:42.509, 0, 12288, 11868, 248
2026/10/01 23:25:42.715, 0, 12288, 11868, 248
2026/10/01 23:25:42.921, 0, 12288, 11868, 248
2026/10/01 23:25:43.128, 0, 12288, 11868, 248
2026/10/01 23:25:43.335, 0, 12288, 11868, 248
2026/10/01 23:25:43.540, 0, 12288, 11868, 248
2026/10/01 23:25:43.745, 0, 12288, 11868, 248
2026/10/01 23:25:43.951, 0, 12288, 11868, 248
2026/10/01 23:25:44.156, 0, 12288, 11868, 248
2026/10/01 23:25:44.362, 0, 12288, 11868, 248
2026/10/01 23:25:44.567, 0, 12288, 11868, 248
2026/10/01 23:25:44.773, 0, 12288, 11868, 248
2026/10/01 23:25:44.979, 0, 12288, 11868, 248
2026/10/01 23:25:45.185, 0, 12288, 11868, 248
2026/10/01 23:25:45.392, 0, 12288, 11868, 248
2026/10/01 23:25:45.598, 0, 12288, 11868, 248
2026/10/01 23:25:45.803, 0, 12288, 11868, 248
2026/10/01 23:25:46.010, 0, 12288, 11868, 248
2026/10/01 23:25:46.218, 0, 12288, 11868, 248
2026/10/01 23:25:46.423, 0, 12288, 11868, 248
2026/10/01 23:25:46.629, 0, 12288, 11868, 248
2026/10/01 23:25:46.835, 0, 12288, 11868, 248
2026/10/01 23:25:47.041, 0, 12288, 11868, 248
2026/10/01 23:25:47.247, 0, 12288, 11868, 248
2026/10/01 23:25:47.454, 0, 12288, 11868, 248
2026/10/01 23:25:47.660, 0, 12288, 11868, 248
2026/10/01 23:25:47.865, 0, 12288, 11868, 248
2026/10/01 23:25:48.071, 0, 12288, 11868, 248
2026/10/01 23:25:48.277, 0, 12288, 11868, 248
2026/10/01 23:25:48.485, 0, 12288, 11868, 248
2026/10/01 23:25:48.691, 0, 12288, 11868, 248
2026/10/01 23:25:48.896, 0, 12288, 11868, 248
2026/10/01 23:25:49.102, 0, 12288, 11868, 248
2026/10/01 23:25:49.308, 0, 12288, 11868, 248
2026/10/01 23:25:49.513, 0, 12288, 11868, 248
2026/10/01 23:25:49.718, 0, 12288, 11868, 248
2026/10/01 23:25:49.925, 0, 12288, 11868, 248
2026/10/01 23:25:50.132, 0, 12288, 11868, 248
2026/10/01 23:25:50.339, 0, 12288, 11868, 248
2026/10/01 23:25:50.546, 0, 12288, 11868, 248
2026/10/01 23:25:50.753, 0, 12288, 11868, 248
2026/10/01 23:25:50.960, 0, 12288, 11868, 248
2026/10/01 23:25:51.166, 0, 12288, 11868, 248
2026/10/01 23:25:51.373, 0, 12288, 11868, 248
2026/10/01 23:25:51.579, 0, 12288, 11868, 248
2026/10/01 23:25:51.783, 0, 12288, 11868, 248
2026/10/01 23:25:51.988, 0, 12288, 11868, 248
2026/10/01 23:25:52.195, 0, 12288, 11868, 248
2026/10/01 23:25:52.400, 0, 12288, 11868, 248
2026/10/01 23:25:52.606, 0, 12288, 11868, 248
2026/10/01 23:25:52.812, 0, 12288, 11868, 248
2026/10/01 23:25:53.018, 0, 12288, 11868, 248
2026/10/01 23:25:53.224, 0, 12288, 11868, 248
2026/10/01 23:25:53.430, 0, 12288, 11868, 248
2026/10/01 23:25:53.635, 0, 12288, 11868, 248
2026/10/01 23:25:53.841, 0, 12288, 11868, 248
2026/10/01 23:25:54.047, 0, 12288, 11868, 248
2026/10/01 23:25:54.254, 0, 12288, 11868, 248
2026/10/01 23:25:54.460, 0, 12288, 11868, 248
2026/10/01 23:25:54.666, 0, 12288, 11868, 248
2026/10/01 23:25:54.873, 0, 12288, 11868, 248
2026/10/01 23:25:55.080, 0, 12288, 11868, 248
2026/10/01 23:25:55.287, 0, 12288, 11868, 248
2026/10/01 23:25:55.494, 0, 12288, 11868, 248
2026/10/01 23:25:55.698, 0, 12288, 11868, 248
2026/10/01 23:25:55.902, 0, 12288, 11868, 248
2026/10/01 23:25:56.108, 0, 12288, 11868, 248
2026/10/01 23:25:56.315, 0, 12288, 11868, 248
2026/10/01 23:25:56.523, 0, 12288, 11868, 248
2026/10/01 23:25:56.729, 0, 12288, 11868, 248
2026/10/01 23:25:56.932, 0, 12288, 11868, 248
2026/10/01 23:25:57.139, 0, 12288, 11868, 248
2026/10/01 23:25:57.344, 0, 12288, 11868, 248
2026/10/01 23:25:57.550, 0, 12288, 11868, 248
2026/10/01 23:25:57.757, 0, 12288, 11868, 248
2026/10/01 23:25:57.964, 0, 12288, 11868, 248
2026/10/01 23:25:58.169, 0, 12288, 11868, 248
2026/10/01 23:25:58.374, 0, 12288, 11868, 248
2026/10/01 23:25:58.581, 0, 12288, 11868, 248
2026/10/01 23:25:58.787, 0, 12288, 11868, 248
2026/10/01 23:25:58.992, 0, 12288, 11868, 248
2026/10/01 23:25:59.197, 0, 12288, 11868, 248
2026/10/01 23:25:59.402, 0, 12288, 11868, 248
2026/10/01 23:25:59.609, 0, 12288, 11868, 248
2026/10/01 23:25:59.816, 0, 12288, 11868, 248
2026/10/01 23:26:00.022, 0, 12288, 11868, 248
2026/10/01 23:26:00.228, 0, 12288, 11868, 248
2026/10/01 23:26:00.433, 0, 12288, 11868, 248
2026/10/01 23:26:00.640, 0, 12288, 11868, 248
2026/10/01 23:26:00.845, 0, 12288, 11868, 248
2026/10/01 23:26:01.053, 0, 12288, 11868, 248
2026/10/01 23:26:01.258, 0, 12288, 11868, 248
2026/10/01 23:26:01.463, 0, 12288, 11868, 248
2026/10/01 23:26:01.670, 0, 12288, 11868, 248
2026/10/01 23:26:01.876, 0, 12288, 11868, 248
2026/10/01 23:26:02.083, 0, 12288, 11868, 248
2026/10/01 23:26:02.288, 0, 12288, 11868, 248
2026/10/01 23:26:02.494, 0, 12288, 11868, 248
2026/10/01 23:26:02.700, 0, 12288, 11868, 248
2026/10/01 23:26:02.906, 0, 12288, 11868, 248
2026/10/01 23:26:03.112, 0, 12288, 11868, 248
2026/10/01 23:26:03.318, 0, 12288, 11868, 248
2026/10/01 23:26:03.524, 0, 12288, 11868, 248
2026/10/01 23:26:03.731, 0, 12288, 11868, 248
2026/10/01 23:26:03.937, 0, 12288, 11868, 248
2026/10/01 23:26:04.144, 0, 12288, 11868, 248
2026/10/01 23:26:04.348, 0, 12288, 11868, 248
2026/10/01 23:26:04.555, 0, 12288, 11868, 248
2026/10/01 23:26:04.761, 0, 12288, 11868, 248
2026/10/01 23:26:04.965, 0, 12288, 11868, 248
2026/10/01 23:26:05.172, 0, 12288, 11868, 248
2026/10/01 23:26:05.379, 0, 12288, 11868, 248
2026/10/01 23:26:05.585, 0, 12288, 11868, 248
2026/10/01 23:26:05.790, 0, 12288, 11868, 248
2026/10/01 23:26:05.994, 0, 12288, 11868, 248
2026/10/01 23:26:06.201, 0, 12288, 11868, 248
2026/10/01 23:26:06.407, 0, 12288, 11868, 248
2026/10/01 23:26:06.614, 0, 12288, 11868, 248
2026/10/01 23:26:06.821, 0, 12288, 11868, 248
2026/10/01 23:26:07.026, 0, 12288, 11868, 248
2026/10/01 23:26:07.233, 0, 12288, 11868, 248
2026/10/01 23:26:07.439, 0, 12288, 11868, 248
2026/10/01 23:26:07.644, 0, 12288, 11868, 248
2026/10/01 23:26:07.850, 0, 12288, 11868, 248
2026/10/01 23:26:08.055, 0, 12288, 11868, 248
2026/10/01 23:26:08.259, 0, 12288, 11868, 248
2026/10/01 23:26:08.465, 0, 12288, 11868, 248
2026/10/01 23:26:08.671, 0, 12288, 11868, 248
2026/10/01 23:26:08.876, 0, 12288, 11868, 248
2026/10/01 23:26:09.082, 0, 12288, 11868, 248
2026/10/01 23:26:09.287, 0, 12288, 11868, 248
2026/10/01 23:26:09.494, 0, 12288, 11868, 248
2026/10/01 23:26:09.701, 0, 12288, 11868, 248
2026/10/01 23:26:09.905, 0, 12288, 11868, 248
2026/10/01 23:26:10.110, 0, 12288, 11868, 248
2026/10/01 23:26:10.317, 0, 12288, 11868, 248
2026/10/01 23:26:10.522, 0, 12288, 11868, 248
2026/10/01 23:26:10.727, 0, 12288, 11868, 248
2026/10/01 23:26:10.932, 0, 12288, 11868, 248
2026/10/01 23:26:11.139, 0, 12288, 11868, 248
2026/10/01 23:26:11.345, 0, 12288, 11868, 248
2026/10/01 23:26:11.552, 0, 12288, 11868, 248
2026/10/01 23:26:11.759, 0, 12288, 11868, 248
2026/10/01 23:26:11.964, 0, 12288, 11868, 248
2026/10/01 23:26:12.169, 0, 12288, 11868, 248
2026/10/01 23:26:12.375, 0, 12288, 11868, 248
2026/10/01 23:26:12.581, 0, 12288, 11868, 248
2026/10/01 23:26:12.786, 0, 12288, 11868, 248
2026/10/01 23:26:12.992, 0, 12288, 11868, 248
2026/10/01 23:26:13.199, 0, 12288, 11868, 248
2026/10/01 23:26:13.404, 0, 12288, 11868, 248
2026/10/01 23:26:13.609, 0, 12288, 11868, 248
2026/10/01 23:26:13.816, 0, 12288, 11868, 248
2026/10/01 23:26:14.020, 0, 12288, 11868, 248
2026/10/01 23:26:14.227, 0, 12288, 11868, 248
2026/10/01 23:26:14.432, 0, 12288, 11868, 248
2026/10/01 23:26:14.638, 0, 12288, 11868, 248
2026/10/01 23:26:14.844, 0, 12288, 11868, 248
2026/10/01 23:26:15.050, 0, 12288, 11868, 248
2026/10/01 23:26:15.256, 0, 12288, 11868, 248
2026/10/01 23:26:15.461, 0, 12288, 11868, 248
2026/10/01 23:26:15.668, 0, 12288, 11868, 248
2026/10/01 23:26:15.874, 0, 12288, 11868, 248
2026/10/01 23:26:16.080, 0, 12288, 11868, 248
2026/10/01 23:26:16.286, 0, 12288, 11868, 248
2026/10/01 23:26:16.491, 0, 12288, 11868, 248
2026/10/01 23:26:16.696, 0, 12288, 11868, 248
2026/10/01 23:26:16.904, 0, 12288, 11868, 248
2026/10/01 23:26:17.110, 0, 12288, 11868, 248
2026/10/01 23:26:17.317, 0, 12288, 11868, 248
2026/10/01 23:26:17.520, 0, 12288, 11868, 248
2026/10/01 23:26:17.726, 0, 12288, 11868, 248
2026/10/01 23:26:17.933, 0, 12288, 11868, 248
2026/10/01 23:26:18.139, 0, 12288, 11868, 248
2026/10/01 23:26:18.345, 0, 12288, 11868, 248
2026/10/01 23:26:18.550, 0, 12288, 11868, 248
2026/10/01 23:26:18.757, 0, 12288, 11868, 248
2026/10/01 23:26:18.963, 0, 12288, 11868, 248
2026/10/01 23:26:19.169, 0, 12288, 11868, 248
2026/10/01 23:26:19.375, 0, 12288, 11868, 248
2026/10/01 23:26:19.581, 0, 12288, 11868, 248
2026/10/01 23:26:19.786, 0, 12288, 11868, 248
2026/10/01 23:26:19.991, 0, 12288, 11868, 248
2026/10/01 23:26:20.197, 0, 12288, 11868, 248
2026/10/01 23:26:20.404, 0, 12288, 11868, 248
2026/10/01 23:26:20.609, 0, 12288, 11868, 248
2026/10/01 23:26:20.815, 0, 12288, 11868, 248
2026/10/01 23:26:21.022, 0, 12288, 11868, 248
2026/10/01 23:26:21.229, 0, 12288, 11868, 248
2026/10/01 23:26:21.432, 0, 12288, 11868, 248
2026/10/01 23:26:21.638, 0, 12288, 11868, 248
2026/10/01 23:26:21.845, 0, 12288, 11868, 248
2026/10/01 23:26:22.052, 0, 12288, 11868, 248
2026/10/01 23:26:22.255, 0, 12288, 11868, 248
2026/10/01 23:26:22.461, 0, 12288, 11868, 248
2026/10/01 23:26:22.668, 0, 12288, 11868, 248
2026/10/01 23:26:22.873, 0, 12288, 11868, 248
2026/10/01 23:26:23.080, 0, 12288, 11868, 248
2026/10/01 23:26:23.286, 0, 12288, 11868, 248
2026/10/01 23:26:23.492, 0, 12288, 11868, 248
2026/10/01 23:26:23.697, 0, 12288, 11868, 248
2026/10/01 23:26:23.903, 0, 12288, 11868, 248
2026/10/01 23:26:24.110, 0, 12288, 11868, 248
2026/10/01 23:26:24.317, 0, 12288, 11868, 248
2026/10/01 23:26:24.523, 0, 12288, 11868, 248
2026/10/01 23:26:24.729, 0, 12288, 11868, 248
2026/10/01 23:26:24.935, 0, 12288, 11868, 248
2026/10/01 23:26:25.143, 0, 12288, 11868, 248
2026/10/01 23:26:25.350, 0, 12288, 11868, 248
2026/10/01 23:26:25.556, 0, 12288, 11868, 248
2026/10/01 23:26:25.761, 0, 12288, 11868, 248
2026/10/01 23:26:25.968, 0, 12288, 11868, 248
2026/10/01 23:26:26.174, 0, 12288, 11868, 248
2026/10/01 23:26:26.379, 0, 12288, 11868, 248
2026/10/01 23:26:26.585, 0, 12288, 11868, 248
2026/10/01 23:26:26.792, 0, 12288, 11868, 248
2026/10/01 23:26:26.998, 0, 12288, 11868, 248
2026/10/01 23:26:27.205, 0, 12288, 11868, 248
2026/10/01 23:26:27.412, 0, 12288, 11868, 248
2026/10/01 23:26:27.618, 0, 12288, 11868, 248
2026/10/01 23:26:27.824, 0, 12288, 11868, 248
2026/10/01 23:26:28.030, 0, 12288, 11868, 248
2026/10/01 23:26:28.236, 0, 12288, 11868, 248
2026/10/01 23:26:28.441, 0, 12288, 11868, 248
2026/10/01 23:26:28.647, 0, 12288, 11868, 248
2026/10/01 23:26:28.853, 0, 12288, 11868, 248
2026/10/01 23:26:29.055, 0, 12288, 11868, 248
2026/10/01 23:26:29.261, 0, 12288, 11868, 248
2026/10/01 23:26:29.467, 0, 12288, 11868, 248
2026/10/01 23:26:29.674, 0, 12288, 11868, 248
2026/10/01 23:26:29.881, 0, 12288, 11868, 248
2026/10/01 23:26:30.087, 0, 12288, 11868, 248
2026/10/01 23:26:30.292, 0, 12288, 11868, 248
2026/10/01 23:26:30.498, 0, 12288, 11868, 248
2026/10/01 23:26:30.704, 0, 12288, 11868, 248
2026/10/01 23:26:30.908, 0, 12288, 11868, 248
2026/10/01 23:26:31.113, 0, 12288, 11868, 248
2026/10/01 23:26:31.319, 0, 12288, 11868, 248
2026/10/01 23:26:31.526, 0, 12288, 11868, 248
2026/10/01 23:26:31.732, 0, 12288, 11868, 248
2026/10/01 23:26:31.938, 0, 12288, 11868, 248
2026/10/01 23:26:32.144, 0, 12288, 11868, 248
2026/10/01 23:26:32.350, 0, 12288, 11868, 248
2026/10/01 23:26:32.555, 0, 12288, 11868, 248
2026/10/01 23:26:32.762, 0, 12288, 11868, 248
2026/10/01 23:26:32.968, 0, 12288, 11868, 248
2026/10/01 23:26:33.174, 0, 12288, 11868, 248
2026/10/01 23:26:33.381, 0, 12288, 11868, 248
2026/10/01 23:26:33.586, 0, 12288, 11868, 248
2026/10/01 23:26:33.793, 0, 12288, 11868, 248
2026/10/01 23:26:33.999, 0, 12288, 11868, 248
2026/10/01 23:26:34.205, 0, 12288, 11868, 248
2026/10/01 23:26:34.410, 0, 12288, 11868, 248
2026/10/01 23:26:34.616, 0, 12288, 11868, 248
2026/10/01 23:26:34.821, 0, 12288, 11868, 248
2026/10/01 23:26:35.028, 0, 12288, 11868, 248
2026/10/01 23:26:35.235, 0, 12288, 11868, 248
2026/10/01 23:26:35.441, 0, 12288, 11868, 248
2026/10/01 23:26:35.647, 0, 12288, 11868, 248
2026/10/01 23:26:35.852, 0, 12288, 11868, 248
2026/10/01 23:26:36.058, 0, 12288, 11868, 248
2026/10/01 23:26:36.265, 0, 12288, 11868, 248
2026/10/01 23:26:36.471, 0, 12288, 11868, 248
2026/10/01 23:26:36.677, 0, 12288, 11868, 248
2026/10/01 23:26:36.883, 0, 12288, 11868, 248
2026/10/01 23:26:37.090, 0, 12288, 11868, 248
2026/10/01 23:26:37.295, 0, 12288, 11868, 248
2026/10/01 23:26:37.502, 0, 12288, 11868, 248
2026/10/01 23:26:37.710, 0, 12288, 11868, 248
2026/10/01 23:26:37.916, 0, 12288, 11868, 248
2026/10/01 23:26:38.121, 0, 12288, 11868, 248
2026/10/01 23:26:38.328, 0, 12288, 11868, 248
2026/10/01 23:26:38.534, 0, 12288, 11868, 248
2026/10/01 23:26:38.740, 0, 12288, 11868, 248
2026/10/01 23:26:38.947, 0, 12288, 11868, 248
2026/10/01 23:26:39.152, 0, 12288, 11868, 248
2026/10/01 23:26:39.358, 0, 12288, 11868, 248
2026/10/01 23:26:39.564, 0, 12288, 11868, 248
2026/10/01 23:26:39.770, 0, 12288, 11868, 248
2026/10/01 23:26:39.976, 0, 12288, 11868, 248
2026/10/01 23:26:40.182, 0, 12288, 11868, 248
2026/10/01 23:26:40.389, 0, 12288, 11868, 248
2026/10/01 23:26:40.595, 0, 12288, 11868, 248
2026/10/01 23:26:40.800, 0, 12288, 11868, 248
2026/10/01 23:26:41.007, 0, 12288, 11868, 248
2026/10/01 23:26:41.213, 0, 12288, 11868, 248
2026/10/01 23:26:41.419, 0, 12288, 11868, 248
2026/10/01 23:26:41.626, 0, 12288, 11868, 248
2026/10/01 23:26:41.831, 0, 12288, 11868, 248
2026/10/01 23:26:42.037, 0, 12288, 11868, 248
2026/10/01 23:26:42.242, 0, 12288, 11868, 248
2026/10/01 23:26:42.449, 0, 12288, 11868, 248
2026/10/01 23:26:42.654, 0, 12288, 11868, 248
2026/10/01 23:26:42.860, 0, 12288, 11868, 248
2026/10/01 23:26:43.068, 0, 12288, 11868, 248
2026/10/01 23:26:43.275, 0, 12288, 11868, 248
2026/10/01 23:26:43.481, 0, 12288, 11868, 248
2026/10/01 23:26:43.687, 0, 12288, 11868, 248
2026/10/01 23:26:43.893, 0, 12288, 11868, 248
2026/10/01 23:26:44.097, 0, 12288, 11868, 248
2026/10/01 23:26:44.303, 0, 12288, 11868, 248
2026/10/01 23:26:44.507, 0, 12288, 11868, 248
2026/10/01 23:26:44.713, 0, 12288, 11868, 248
2026/10/01 23:26:44.919, 0, 12288, 11868, 248
2026/10/01 23:26:45.124, 0, 12288, 11868, 248
2026/10/01 23:26:45.329, 0, 12288, 11868, 248
2026/10/01 23:26:45.535, 0, 12288, 11868, 248
2026/10/01 23:26:45.740, 0, 12288, 11868, 248
2026/10/01 23:26:45.946, 0, 12288, 11868, 248
2026/10/01 23:26:46.151, 0, 12288, 11868, 248
2026/10/01 23:26:46.358, 0, 12288, 11868, 248
2026/10/01 23:26:46.565, 0, 12288, 11868, 248
2026/10/01 23:26:46.770, 0, 12288, 11868, 248
2026/10/01 23:26:46.977, 0, 12288, 11868, 248
2026/10/01 23:26:47.182, 0, 12288, 11868, 248
2026/10/01 23:26:47.389, 0, 12288, 11868, 248
2026/10/01 23:26:47.595, 0, 12288, 11868, 248
2026/10/01 23:26:47.801, 0, 12288, 11868, 248
2026/10/01 23:26:48.007, 0, 12288, 11868, 248
2026/10/01 23:26:48.213, 0, 12288, 11868, 248
2026/10/01 23:26:48.419, 0, 12288, 11868, 248
2026/10/01 23:26:48.625, 0, 12288, 11868, 248
2026/10/01 23:26:48.831, 0, 12288, 11868, 248
2026/10/01 23:26:49.038, 0, 12288, 11868, 248
2026/10/01 23:26:49.244, 0, 12288, 11868, 248
2026/10/01 23:26:49.450, 0, 12288, 11868, 248
2026/10/01 23:26:49.658, 0, 12288, 11868, 248
2026/10/01 23:26:49.862, 0, 12288, 11868, 248
2026/10/01 23:26:50.069, 0, 12288, 11868, 248
2026/10/01 23:26:50.274, 0, 12288, 11868, 248
2026/10/01 23:26:50.480, 0, 12288, 11868, 248
2026/10/01 23:26:50.687, 0, 12288, 11868, 248
2026/10/01 23:26:50.894, 0, 12288, 11868, 248
2026/10/01 23:26:51.101, 0, 12288, 11868, 248
2026/10/01 23:26:51.308, 0, 12288, 11868, 248
2026/10/01 23:26:51.513, 0, 12288, 11868, 248
2026/10/01 23:26:51.719, 0, 12288, 11868, 248
2026/10/01 23:26:51.926, 0, 12288, 11868, 248
2026/10/01 23:26:52.134, 0, 12288, 11868, 248
2026/10/01 23:26:52.340, 0, 12288, 11868, 248
2026/10/01 23:26:52.545, 0, 12288, 11868, 248
2026/10/01 23:26:52.752, 0, 12288, 11868, 248
2026/10/01 23:26:52.959, 0, 12288, 11868, 248
2026/10/01 23:26:53.163, 0, 12288, 11868, 248
2026/10/01 23:26:53.370, 0, 12288, 11868, 248
2026/10/01 23:26:53.575, 0, 12288, 11868, 248
2026/10/01 23:26:53.780, 0, 12288, 11868, 248
2026/10/01 23:26:53.987, 0, 12288, 11868, 248
2026/10/01 23:26:54.194, 0, 12288, 11868, 248
2026/10/01 23:26:54.402, 0, 12288, 11868, 248
2026/10/01 23:26:54.606, 0, 12288, 11868, 248
2026/10/01 23:26:54.811, 0, 12288, 11868, 248
2026/10/01 23:26:55.018, 0, 12288, 11868, 248
2026/10/01 23:26:55.224, 0, 12288, 11868, 248
2026/10/01 23:26:55.430, 0, 12288, 11868, 248
2026/10/01 23:26:55.636, 0, 12288, 11868, 248
2026/10/01 23:26:55.842, 0, 12288, 11868, 248
2026/10/01 23:26:56.048, 0, 12288, 11868, 248
2026/10/01 23:26:56.255, 0, 12288, 11868, 248
2026/10/01 23:26:56.460, 0, 12288, 11868, 248
2026/10/01 23:26:56.667, 0, 12288, 11868, 248
2026/10/01 23:26:56.872, 0, 12288, 11868, 248
2026/10/01 23:26:57.077, 0, 12288, 11868, 248
2026/10/01 23:26:57.284, 0, 12288, 11868, 248
2026/10/01 23:26:57.490, 0, 12288, 11868, 248
2026/10/01 23:26:57.696, 0, 12288, 11868, 248
2026/10/01 23:26:57.902, 0, 12288, 11868, 248
2026/10/01 23:26:58.110, 0, 12288, 11868, 248
2026/10/01 23:26:58.316, 0, 12288, 11868, 248
2026/10/01 23:26:58.521, 0, 12288, 11868, 248
2026/10/01 23:26:58.727, 0, 12288, 11868, 248
2026/10/01 23:26:58.932, 0, 12288, 11868, 248
2026/10/01 23:26:59.138, 0, 12288, 11868, 248
2026/10/01 23:26:59.343, 0, 12288, 11868, 248
2026/10/01 23:26:59.549, 0, 12288, 11868, 248
2026/10/01 23:26:59.755, 0, 12288, 11868, 248
2026/10/01 23:26:59.961, 0, 12288, 11868, 248
2026/10/01 23:27:00.169, 0, 12288, 11868, 248
2026/10/01 23:27:00.375, 0, 12288, 11868, 248
2026/10/01 23:27:00.581, 0, 12288, 11868, 248
2026/10/01 23:27:00.786, 0, 12288, 11868, 248
2026/10/01 23:27:00.991, 0, 12288, 11868, 248
2026/10/01 23:27:01.197, 0, 12288, 11868, 248
2026/10/01 23:27:01.403, 0, 12288, 11868, 248
2026/10/01 23:27:01.609, 0, 12288, 11868, 248
2026/10/01 23:27:01.816, 0, 12288, 11868, 248
2026/10/01 23:27:02.022, 0, 12288, 11868, 248
2026/10/01 23:27:02.230, 0, 12288, 11868, 248
2026/10/01 23:27:02.437, 0, 12288, 11868, 248
2026/10/01 23:27:02.643, 0, 12288, 11868, 248
2026/10/01 23:27:02.848, 0, 12288, 11868, 248
2026/10/01 23:27:03.052, 0, 12288, 11868, 248
2026/10/01 23:27:03.259, 0, 12288, 11868, 248
2026/10/01 23:27:03.465, 0, 12288, 11868, 248
2026/10/01 23:27:03.669, 0, 12288, 11868, 248
2026/10/01 23:27:03.876, 0, 12288, 11868, 248
2026/10/01 23:27:04.083, 0, 12288, 11868, 248
2026/10/01 23:27:04.290, 0, 12288, 11868, 248
2026/10/01 23:27:04.495, 0, 12288, 11868, 248
2026/10/01 23:27:04.699, 0, 12288, 11868, 248
2026/10/01 23:27:04.904, 0, 12288, 11868, 248
2026/10/01 23:27:05.110, 0, 12288, 11868, 248
2026/10/01 23:27:05.317, 0, 12288, 11868, 248
2026/10/01 23:27:05.523, 0, 12288, 11868, 248
2026/10/01 23:27:05.728, 0, 12288, 11868, 248
2026/10/01 23:27:05.935, 0, 12288, 11868, 248
2026/10/01 23:27:06.139, 0, 12288, 11868, 248
2026/10/01 23:27:06.346, 0, 12288, 11868, 248
2026/10/01 23:27:06.553, 0, 12288, 11868, 248
2026/10/01 23:27:06.758, 0, 12288, 11868, 248
2026/10/01 23:27:06.966, 0, 12288, 11868, 248
2026/10/01 23:27:07.171, 0, 12288, 11868, 248
2026/10/01 23:27:07.377, 0, 12288, 11868, 248
2026/10/01 23:27:07.583, 0, 12288, 11868, 248
2026/10/01 23:27:07.789, 0, 12288, 11868, 248
2026/10/01 23:27:07.994, 0, 12288, 11868, 248
2026/10/01 23:27:08.200, 0, 12288, 11868, 248
2026/10/01 23:27:08.406, 0, 12288, 11868, 248
2026/10/01 23:27:08.612, 0, 12288, 11868, 248
2026/10/01 23:27:08.818, 0, 12288, 11868, 248
2026/10/01 23:27:09.025, 0, 12288, 11868, 248
2026/10/01 23:27:09.231, 0, 12288, 11868, 248
2026/10/01 23:27:09.437, 0, 12288, 11868, 248
2026/10/01 23:27:09.645, 0, 12288, 11868, 248
2026/10/01 23:27:09.850, 0, 12288, 11868, 248
2026/10/01 23:27:10.055, 0, 12288, 11868, 248
2026/10/01 23:27:10.262, 0, 12288, 11868, 248
2026/10/01 23:27:10.469, 0, 12288, 11868, 248
2026/10/01 23:27:10.675, 0, 12288, 11868, 248
2026/10/01 23:27:10.883, 0, 12288, 11868, 248
2026/10/01 23:27:11.089, 0, 12288, 11868, 248
2026/10/01 23:27:11.296, 0, 12288, 11868, 248
2026/10/01 23:27:11.500, 0, 12288, 11868, 248
2026/10/01 23:27:11.706, 0, 12288, 11868, 248
2026/10/01 23:27:11.910, 0, 12288, 11868, 248
2026/10/01 23:27:12.115, 0, 12288, 11868, 248
2026/10/01 23:27:12.320, 0, 12288, 11868, 248
2026/10/01 23:27:12.526, 0, 12288, 11868, 248
2026/10/01 23:27:12.733, 0, 12288, 11868, 248
2026/10/01 23:27:12.939, 0, 12288, 11868, 248
2026/10/01 23:27:13.146, 0, 12288, 11868, 248
2026/10/01 23:27:13.351, 0, 12288, 11868, 248
2026/10/01 23:27:13.557, 0, 12288, 11868, 248
2026/10/01 23:27:13.763, 0, 12288, 11868, 248
2026/10/01 23:27:13.970, 0, 12288, 11868, 248
2026/10/01 23:27:14.176, 0, 12288, 11868, 248
2026/10/01 23:27:14.382, 0, 12288, 11868, 248
2026/10/01 23:27:14.588, 0, 12288, 11868, 248
2026/10/01 23:27:14.794, 0, 12288, 11868, 248
2026/10/01 23:27:15.002, 0, 12288, 11868, 248
2026/10/01 23:27:15.210, 0, 12288, 11868, 248
2026/10/01 23:27:15.418, 0, 12288, 11868, 248
2026/10/01 23:27:15.624, 0, 12288, 11868, 248
2026/10/01 23:27:15.830, 0, 12288, 11868, 248
2026/10/01 23:27:16.035, 0, 12288, 11868, 248
2026/10/01 23:27:16.242, 0, 12288, 11868, 248
2026/10/01 23:27:16.448, 0, 12288, 11868, 248
2026/10/01 23:27:16.654, 0, 12288, 11868, 248
2026/10/01 23:27:16.859, 0, 12288, 11868, 248
2026/10/01 23:27:17.064, 0, 12288, 11868, 248
2026/10/01 23:27:17.270, 0, 12288, 11868, 248
2026/10/01 23:27:17.477, 0, 12288, 11868, 248
2026/10/01 23:27:17.684, 0, 12288, 11868, 248
2026/10/01 23:27:17.888, 0, 12288, 11868, 248
2026/10/01 23:27:18.095, 0, 12288, 11868, 248
2026/10/01 23:27:18.301, 0, 12288, 11868, 248
2026/10/01 23:27:18.508, 0, 12288, 11868, 248
2026/10/01 23:27:18.716, 0, 12288, 11868, 248
2026/10/01 23:27:18.921, 0, 12288, 11868, 248
2026/10/01 23:27:19.129, 0, 12288, 11868, 248
2026/10/01 23:27:19.334, 0, 12288, 11868, 248
2026/10/01 23:27:19.540, 0, 12288, 11868, 248
2026/10/01 23:27:19.747, 0, 12288, 11868, 248
2026/10/01 23:27:19.951, 0, 12288, 11868, 248
2026/10/01 23:27:20.157, 0, 12288, 11868, 248
2026/10/01 23:27:20.363, 0, 12288, 11868, 248
2026/10/01 23:27:20.569, 0, 12288, 11868, 248
2026/10/01 23:27:20.775, 0, 12288, 11868, 248
2026/10/01 23:27:20.980, 0, 12288, 11868, 248
2026/10/01 23:27:21.188, 0, 12288, 11868, 248
2026/10/01 23:27:21.394, 0, 12288, 11868, 248
2026/10/01 23:27:21.600, 0, 12288, 11868, 248
2026/10/01 23:27:21.807, 0, 12288, 11868, 248
2026/10/01 23:27:22.013, 0, 12288, 11868, 248
2026/10/01 23:27:22.217, 0, 12288, 11868, 248
2026/10/01 23:27:22.424, 0, 12288, 11868, 248
2026/10/01 23:27:22.630, 0, 12288, 11868, 248
2026/10/01 23:27:22.837, 0, 12288, 11868, 248
2026/10/01 23:27:23.043, 0, 12288, 11868, 248
2026/10/01 23:27:23.249, 0, 12288, 11868, 248
2026/10/01 23:27:23.456, 0, 12288, 11868, 248
2026/10/01 23:27:23.662, 0, 12288, 11868, 248
2026/10/01 23:27:23.869, 0, 12288, 11868, 248
2026/10/01 23:27:24.075, 0, 12288, 11868, 248
2026/10/01 23:27:24.281, 0, 12288, 11868, 248
2026/10/01 23:27:24.486, 0, 12288, 11868, 248
2026/10/01 23:27:24.693, 0, 12288, 11868, 248
2026/10/01 23:27:24.898, 0, 12288, 11868, 248
2026/10/01 23:27:25.105, 0, 12288, 11868, 248
2026/10/01 23:27:25.312, 0, 12288, 11868, 248
2026/10/01 23:27:25.516, 0, 12288, 11868, 248
2026/10/01 23:27:25.723, 0, 12288, 11868, 248
2026/10/01 23:27:25.929, 0, 12288, 11868, 248
2026/10/01 23:27:26.135, 0, 12288, 11868, 248
2026/10/01 23:27:26.357, 0, 12288, 11868, 248
2026/10/01 23:27:26.560, 0, 12288, 11868, 248
2026/10/01 23:27:26.765, 0, 12288, 11868, 248
2026/10/01 23:27:26.969, 0, 12288, 11868, 248
2026/10/01 23:27:27.176, 0, 12288, 11868, 248
2026/10/01 23:27:27.380, 0, 12288, 11868, 248
2026/10/01 23:27:27.585, 0, 12288, 11868, 248
2026/10/01 23:27:27.791, 0, 12288, 11868, 248
2026/10/01 23:27:27.997, 0, 12288, 11868, 248
2026/10/01 23:27:28.204, 0, 12288, 11868, 248
2026/10/01 23:27:28.410, 0, 12288, 11868, 248
2026/10/01 23:27:28.617, 0, 12288, 11868, 248
2026/10/01 23:27:28.822, 0, 12288, 11868, 248
2026/10/01 23:27:29.029, 0, 12288, 11868, 248
2026/10/01 23:27:29.238, 0, 12288, 11868, 248
2026/10/01 23:27:29.443, 0, 12288, 11868, 248
2026/10/01 23:27:29.651, 0, 12288, 11868, 248
2026/10/01 23:27:29.856, 0, 12288, 11868, 248
2026/10/01 23:27:30.063, 0, 12288, 11868, 248
2026/10/01 23:27:30.269, 0, 12288, 11868, 248
2026/10/01 23:27:30.473, 0, 12288, 11868, 248
2026/10/01 23:27:30.679, 0, 12288, 11868, 248
2026/10/01 23:27:30.886, 0, 12288, 11868, 248
2026/10/01 23:27:31.091, 0, 12288, 11868, 248
2026/10/01 23:27:31.297, 0, 12288, 11868, 248
2026/10/01 23:27:31.503, 0, 12288, 11868, 248
2026/10/01 23:27:31.709, 0, 12288, 11868, 248
2026/10/01 23:27:31.916, 0, 12288, 11868, 248
2026/10/01 23:27:32.122, 0, 12288, 11868, 248
2026/10/01 23:27:32.327, 0, 12288, 11868, 248
2026/10/01 23:27:32.534, 0, 12288, 11868, 248
2026/10/01 23:27:32.740, 0, 12288, 11868, 248
2026/10/01 23:27:32.946, 0, 12288, 11868, 248
2026/10/01 23:27:33.153, 0, 12288, 11868, 248
2026/10/01 23:27:33.358, 0, 12288, 11868, 248
2026/10/01 23:27:33.565, 0, 12288, 11868, 248
2026/10/01 23:27:33.771, 0, 12288, 11868, 248
2026/10/01 23:27:33.978, 0, 12288, 11868, 248
2026/10/01 23:27:34.183, 0, 12288, 11868, 248
2026/10/01 23:27:34.391, 0, 12288, 11868, 248
2026/10/01 23:27:34.595, 0, 12288, 11868, 248
2026/10/01 23:27:34.802, 0, 12288, 11868, 248
2026/10/01 23:27:35.008, 0, 12288, 11868, 248
2026/10/01 23:27:35.215, 0, 12288, 11868, 248
2026/10/01 23:27:35.421, 0, 12288, 11868, 248
2026/10/01 23:27:35.627, 0, 12288, 11868, 248
2026/10/01 23:27:35.833, 0, 12288, 11868, 248
2026/10/01 23:27:36.040, 0, 12288, 11868, 248
2026/10/01 23:27:36.246, 0, 12288, 11868, 248
2026/10/01 23:27:36.453, 0, 12288, 11868, 248
2026/10/01 23:27:36.659, 0, 12288, 11868, 248
2026/10/01 23:27:36.865, 0, 12288, 11868, 248
2026/10/01 23:27:37.070, 0, 12288, 11868, 248
2026/10/01 23:27:37.276, 0, 12288, 11868, 248
2026/10/01 23:27:37.483, 0, 12288, 11868, 248
2026/10/01 23:27:37.689, 0, 12288, 11868, 248
2026/10/01 23:27:37.894, 0, 12288, 11868, 248
2026/10/01 23:27:38.099, 0, 12288, 11868, 248
2026/10/01 23:27:38.305, 0, 12288, 11868, 248
2026/10/01 23:27:38.510, 0, 12288, 11868, 248
2026/10/01 23:27:38.718, 0, 12288, 11868, 248
2026/10/01 23:27:38.924, 0, 12288, 11868, 248
2026/10/01 23:27:39.131, 0, 12288, 11868, 248
2026/10/01 23:27:39.337, 0, 12288, 11868, 248
2026/10/01 23:27:39.542, 0, 12288, 11868, 248
2026/10/01 23:27:39.750, 0, 12288, 11868, 248
2026/10/01 23:27:39.956, 0, 12288, 11868, 248
2026/10/01 23:27:40.162, 0, 12288, 11868, 248
2026/10/01 23:27:40.370, 0, 12288, 11868, 248
2026/10/01 23:27:40.577, 0, 12288, 11868, 248
2026/10/01 23:27:40.783, 0, 12288, 11868, 248
2026/10/01 23:27:40.989, 0, 12288, 11868, 248
2026/10/01 23:27:41.196, 0, 12288, 11868, 248
2026/10/01 23:27:41.402, 0, 12288, 11868, 248
2026/10/01 23:27:41.609, 0, 12288, 11868, 248
2026/10/01 23:27:41.813, 0, 12288, 11868, 248
2026/10/01 23:27:42.019, 0, 12288, 11868, 248
2026/10/01 23:27:42.224, 0, 12288, 11868, 248
2026/10/01 23:27:42.430, 0, 12288, 11868, 248
2026/10/01 23:27:42.636, 0, 12288, 11868, 248
2026/10/01 23:27:42.843, 0, 12288, 11868, 248
2026/10/01 23:27:43.050, 0, 12288, 11868, 248
2026/10/01 23:27:43.256, 0, 12288, 11868, 248
2026/10/01 23:27:43.461, 0, 12288, 11868, 248
2026/10/01 23:27:43.668, 0, 12288, 11868, 248
2026/10/01 23:27:43.873, 0, 12288, 11868, 248
2026/10/01 23:27:44.080, 0, 12288, 11868, 248
2026/10/01 23:27:44.286, 0, 12288, 11868, 248
2026/10/01 23:27:44.492, 0, 12288, 11868, 248
2026/10/01 23:27:44.698, 0, 12288, 11868, 248
2026/10/01 23:27:44.903, 0, 12288, 11868, 248
2026/10/01 23:27:45.109, 0, 12288, 11868, 248
2026/10/01 23:27:45.314, 0, 12288, 11868, 248
2026/10/01 23:27:45.521, 0, 12288, 11868, 248
2026/10/01 23:27:45.726, 0, 12288, 11868, 248
2026/10/01 23:27:45.933, 0, 12288, 11868, 248
2026/10/01 23:27:46.140, 0, 12288, 11868, 248
2026/10/01 23:27:46.348, 0, 12288, 11868, 248
2026/10/01 23:27:46.553, 0, 12288, 11868, 248
2026/10/01 23:27:46.757, 0, 12288, 11868, 248
2026/10/01 23:27:46.963, 0, 12288, 11868, 248
2026/10/01 23:27:47.169, 0, 12288, 11868, 248
2026/10/01 23:27:47.375, 0, 12288, 11868, 248
2026/10/01 23:27:47.582, 0, 12288, 11868, 248
2026/10/01 23:27:47.788, 0, 12288, 11868, 248
2026/10/01 23:27:47.992, 0, 12288, 11868, 248
2026/10/01 23:27:48.198, 0, 12288, 11868, 248
2026/10/01 23:27:48.404, 0, 12288, 11868, 248
2026/10/01 23:27:48.610, 0, 12288, 11868, 248
2026/10/01 23:27:48.816, 0, 12288, 11868, 248
2026/10/01 23:27:49.020, 0, 12288, 11868, 248
2026/10/01 23:27:49.226, 0, 12288, 11868, 248
2026/10/01 23:27:49.433, 0, 12288, 11868, 248
2026/10/01 23:27:49.639, 0, 12288, 11868, 248
2026/10/01 23:27:49.846, 0, 12288, 11868, 248
2026/10/01 23:27:50.053, 0, 12288, 11868, 248
2026/10/01 23:27:50.260, 0, 12288, 11868, 248
2026/10/01 23:27:50.467, 0, 12288, 11868, 248
2026/10/01 23:27:50.675, 0, 12288, 11868, 248
2026/10/01 23:27:50.881, 0, 12288, 11868, 248
2026/10/01 23:27:51.087, 0, 12288, 11868, 248
2026/10/01 23:27:51.294, 0, 12288, 11868, 248
2026/10/01 23:27:51.499, 0, 12288, 11868, 248
2026/10/01 23:27:51.706, 0, 12288, 11868, 248
2026/10/01 23:27:51.913, 0, 12288, 11868, 248
2026/10/01 23:27:52.118, 0, 12288, 11868, 248
2026/10/01 23:27:52.322, 0, 12288, 11868, 248
2026/10/01 23:27:52.529, 0, 12288, 11868, 248
2026/10/01 23:27:52.737, 0, 12288, 11868, 248
2026/10/01 23:27:52.942, 0, 12288, 11868, 248
2026/10/01 23:27:53.149, 0, 12288, 11868, 248
2026/10/01 23:27:53.353, 0, 12288, 11868, 248
2026/10/01 23:27:53.557, 0, 12288, 11868, 248
2026/10/01 23:27:53.762, 0, 12288, 11868, 248
2026/10/01 23:27:53.969, 0, 12288, 11868, 248
2026/10/01 23:27:54.175, 0, 12288, 11868, 248
2026/10/01 23:27:54.381, 0, 12288, 11868, 248
2026/10/01 23:27:54.588, 0, 12288, 11868, 248
2026/10/01 23:27:54.795, 0, 12288, 11868, 248
2026/10/01 23:27:55.000, 0, 12288, 11868, 248
2026/10/01 23:27:55.205, 0, 12288, 11868, 248
2026/10/01 23:27:55.410, 0, 12288, 11868, 248
2026/10/01 23:27:55.616, 0, 12288, 11868, 248
2026/10/01 23:27:55.823, 0, 12288, 11868, 248
2026/10/01 23:27:56.029, 0, 12288, 11868, 248
2026/10/01 23:27:56.235, 0, 12288, 11876, 240
2026/10/01 23:27:56.441, 0, 12288, 11876, 240
2026/10/01 23:27:56.648, 0, 12288, 11876, 240
2026/10/01 23:27:56.854, 0, 12288, 11876, 240
2026/10/01 23:27:57.060, 0, 12288, 11876, 240
2026/10/01 23:27:57.266, 0, 12288, 11876, 240
2026/10/01 23:27:57.472, 0, 12288, 11876, 240
2026/10/01 23:27:57.679, 0, 12288, 11876, 240
2026/10/01 23:27:57.883, 0, 12288, 11876, 240
2026/10/01 23:27:58.089, 0, 12288, 11876, 240
2026/10/01 23:27:58.296, 0, 12288, 11868, 248
2026/10/01 23:27:58.499, 0, 12288, 11868, 248
2026/10/01 23:27:58.706, 0, 12288, 11868, 248
2026/10/01 23:27:58.913, 0, 12288, 11868, 248
2026/10/01 23:27:59.118, 0, 12288, 11868, 248
2026/10/01 23:27:59.325, 0, 12288, 11868, 248
2026/10/01 23:27:59.532, 0, 12288, 11868, 248
2026/10/01 23:27:59.738, 0, 12288, 11868, 248
2026/10/01 23:27:59.943, 0, 12288, 11868, 248
2026/10/01 23:28:00.149, 0, 12288, 11868, 248
2026/10/01 23:28:00.355, 0, 12288, 11868, 248
2026/10/01 23:28:00.560, 0, 12288, 11868, 248
2026/10/01 23:28:00.766, 0, 12288, 11868, 248
2026/10/01 23:28:00.972, 0, 12288, 11868, 248
2026/10/01 23:28:01.176, 0, 12288, 11868, 248
2026/10/01 23:28:01.382, 0, 12288, 11868, 248
2026/10/01 23:28:01.588, 0, 12288, 11868, 248
2026/10/01 23:28:01.796, 0, 12288, 11868, 248
2026/10/01 23:28:02.003, 0, 12288, 11868, 248
2026/10/01 23:28:02.209, 0, 12288, 11868, 248
2026/10/01 23:28:02.416, 0, 12288, 11868, 248
2026/10/01 23:28:02.623, 0, 12288, 11868, 248
2026/10/01 23:28:02.830, 0, 12288, 11868, 248
2026/10/01 23:28:03.034, 0, 12288, 11868, 248
2026/10/01 23:28:03.240, 0, 12288, 11868, 248
2026/10/01 23:28:03.445, 0, 12288, 11868, 248
2026/10/01 23:28:03.652, 0, 12288, 11868, 248
2026/10/01 23:28:03.857, 0, 12288, 11868, 248
2026/10/01 23:28:04.063, 0, 12288, 11868, 248
2026/10/01 23:28:04.267, 0, 12288, 11868, 248
2026/10/01 23:28:04.474, 0, 12288, 11868, 248
2026/10/01 23:28:04.681, 0, 12288, 11868, 248
2026/10/01 23:28:04.886, 0, 12288, 11868, 248
2026/10/01 23:28:05.094, 0, 12288, 11868, 248
2026/10/01 23:28:05.299, 0, 12288, 11868, 248
2026/10/01 23:28:05.506, 0, 12288, 11868, 248
2026/10/01 23:28:05.711, 0, 12288, 11868, 248
2026/10/01 23:28:05.917, 0, 12288, 11868, 248
2026/10/01 23:28:06.123, 0, 12288, 11868, 248
2026/10/01 23:28:06.330, 0, 12288, 11868, 248
2026/10/01 23:28:06.536, 0, 12288, 11868, 248
2026/10/01 23:28:06.743, 0, 12288, 11868, 248
2026/10/01 23:28:06.949, 0, 12288, 11868, 248
2026/10/01 23:28:07.154, 0, 12288, 11868, 248
2026/10/01 23:28:07.361, 0, 12288, 11868, 248
2026/10/01 23:28:07.567, 0, 12288, 11868, 248
2026/10/01 23:28:07.769, 0, 12288, 11868, 248
2026/10/01 23:28:07.976, 0, 12288, 11868, 248
2026/10/01 23:28:08.182, 0, 12288, 11868, 248
2026/10/01 23:28:08.388, 0, 12288, 11868, 248
2026/10/01 23:28:08.595, 0, 12288, 11868, 248
2026/10/01 23:28:08.802, 0, 12288, 11868, 248
2026/10/01 23:28:09.008, 0, 12288, 11868, 248
2026/10/01 23:28:09.214, 0, 12288, 11868, 248
2026/10/01 23:28:09.419, 0, 12288, 11868, 248
2026/10/01 23:28:09.625, 0, 12288, 11868, 248
2026/10/01 23:28:09.832, 0, 12288, 11868, 248
2026/10/01 23:28:10.039, 0, 12288, 11868, 248
2026/10/01 23:28:10.244, 0, 12288, 11868, 248
2026/10/01 23:28:10.450, 0, 12288, 11868, 248
2026/10/01 23:28:10.656, 0, 12288, 11868, 248
2026/10/01 23:28:10.861, 0, 12288, 11868, 248
2026/10/01 23:28:11.066, 0, 12288, 11868, 248
2026/10/01 23:28:11.273, 0, 12288, 11868, 248
2026/10/01 23:28:11.479, 0, 12288, 11868, 248
2026/10/01 23:28:11.685, 0, 12288, 11868, 248
2026/10/01 23:28:11.891, 0, 12288, 11868, 248
2026/10/01 23:28:12.097, 0, 12288, 11868, 248
2026/10/01 23:28:12.302, 0, 12288, 11868, 248
2026/10/01 23:28:12.507, 0, 12288, 11868, 248
2026/10/01 23:28:12.713, 0, 12288, 11868, 248
2026/10/01 23:28:12.919, 0, 12288, 11868, 248
2026/10/01 23:28:13.126, 0, 12288, 11868, 248
2026/10/01 23:28:13.332, 0, 12288, 11868, 248
2026/10/01 23:28:13.538, 0, 12288, 11868, 248
2026/10/01 23:28:13.743, 0, 12288, 11868, 248
2026/10/01 23:28:13.950, 0, 12288, 11868, 248
2026/10/01 23:28:14.155, 0, 12288, 11868, 248
2026/10/01 23:28:14.361, 0, 12288, 11868, 248
2026/10/01 23:28:14.567, 0, 12288, 11868, 248
2026/10/01 23:28:14.774, 0, 12288, 11868, 248
2026/10/01 23:28:14.980, 0, 12288, 11868, 248
2026/10/01 23:28:15.186, 0, 12288, 11868, 248
2026/10/01 23:28:15.391, 0, 12288, 11868, 248
2026/10/01 23:28:15.597, 0, 12288, 11868, 248
2026/10/01 23:28:15.803, 0, 12288, 11868, 248
2026/10/01 23:28:16.009, 0, 12288, 11868, 248
2026/10/01 23:28:16.215, 0, 12288, 11868, 248
2026/10/01 23:28:16.420, 0, 12288, 11868, 248
2026/10/01 23:28:16.627, 0, 12288, 11868, 248
2026/10/01 23:28:16.835, 0, 12288, 11868, 248
2026/10/01 23:28:17.039, 0, 12288, 11868, 248
2026/10/01 23:28:17.246, 0, 12288, 11868, 248
2026/10/01 23:28:17.454, 0, 12288, 11868, 248
2026/10/01 23:28:17.661, 0, 12288, 11868, 248
2026/10/01 23:28:17.866, 0, 12288, 11868, 248
2026/10/01 23:28:18.073, 0, 12288, 11868, 248
2026/10/01 23:28:18.280, 0, 12288, 11868, 248
2026/10/01 23:28:18.487, 0, 12288, 11868, 248
2026/10/01 23:28:18.693, 0, 12288, 11868, 248
2026/10/01 23:28:18.899, 0, 12288, 11868, 248
2026/10/01 23:28:19.105, 0, 12288, 11868, 248
2026/10/01 23:28:19.310, 0, 12288, 11868, 248
2026/10/01 23:28:19.515, 0, 12288, 11868, 248
2026/10/01 23:28:19.720, 0, 12288, 11868, 248
2026/10/01 23:28:19.926, 0, 12288, 11868, 248
2026/10/01 23:28:20.131, 0, 12288, 11868, 248
2026/10/01 23:28:20.337, 0, 12288, 11868, 248
2026/10/01 23:28:20.544, 0, 12288, 11868, 248
2026/10/01 23:28:20.751, 0, 12288, 11868, 248
2026/10/01 23:28:20.957, 0, 12288, 11868, 248
2026/10/01 23:28:21.163, 0, 12288, 11868, 248
2026/10/01 23:28:21.368, 0, 12288, 11868, 248
2026/10/01 23:28:21.574, 0, 12288, 11868, 248
2026/10/01 23:28:21.779, 0, 12288, 11868, 248
2026/10/01 23:28:21.984, 0, 12288, 11868, 248
2026/10/01 23:28:22.190, 0, 12288, 11868, 248
2026/10/01 23:28:22.396, 0, 12288, 11868, 248
2026/10/01 23:28:22.602, 0, 12288, 11868, 248
2026/10/01 23:28:22.807, 0, 12288, 11868, 248
2026/10/01 23:28:23.014, 0, 12288, 11868, 248
2026/10/01 23:28:23.220, 0, 12288, 11868, 248
2026/10/01 23:28:23.426, 0, 12288, 11868, 248
2026/10/01 23:28:23.631, 0, 12288, 11868, 248
2026/10/01 23:28:23.838, 0, 12288, 11868, 248
2026/10/01 23:28:24.044, 0, 12288, 11868, 248
2026/10/01 23:28:24.250, 0, 12288, 11868, 248
2026/10/01 23:28:24.457, 0, 12288, 11868, 248
2026/10/01 23:28:24.665, 0, 12288, 11868, 248
2026/10/01 23:28:24.871, 0, 12288, 11868, 248
2026/10/01 23:28:25.076, 0, 12288, 11868, 248
2026/10/01 23:28:25.283, 0, 12288, 11868, 248
2026/10/01 23:28:25.490, 0, 12288, 11868, 248
2026/10/01 23:28:25.696, 0, 12288, 11868, 248
2026/10/01 23:28:25.902, 0, 12288, 11868, 248
2026/10/01 23:28:26.108, 0, 12288, 11868, 248
2026/10/01 23:28:26.314, 0, 12288, 11868, 248
2026/10/01 23:28:26.518, 0, 12288, 11868, 248
2026/10/01 23:28:26.724, 0, 12288, 11868, 248
2026/10/01 23:28:26.929, 0, 12288, 11868, 248
2026/10/01 23:28:27.134, 0, 12288, 11868, 248
2026/10/01 23:28:27.340, 0, 12288, 11868, 248
2026/10/01 23:28:27.546, 0, 12288, 11868, 248
2026/10/01 23:28:27.751, 0, 12288, 11868, 248
2026/10/01 23:28:27.957, 0, 12288, 11868, 248
2026/10/01 23:28:28.164, 0, 12288, 11868, 248
2026/10/01 23:28:28.370, 0, 12288, 11868, 248
2026/10/01 23:28:28.575, 0, 12288, 11868, 248
2026/10/01 23:28:28.782, 0, 12288, 11868, 248
2026/10/01 23:28:28.986, 0, 12288, 11868, 248
2026/10/01 23:28:29.193, 0, 12288, 11868, 248
2026/10/01 23:28:29.398, 0, 12288, 11868, 248
2026/10/01 23:28:29.605, 0, 12288, 11868, 248
2026/10/01 23:28:29.811, 0, 12288, 11868, 248
2026/10/01 23:28:30.017, 0, 12288, 11868, 248
2026/10/01 23:28:30.223, 0, 12288, 11868, 248
2026/10/01 23:28:30.428, 0, 12288, 11868, 248
2026/10/01 23:28:30.633, 0, 12288, 11868, 248
2026/10/01 23:28:30.840, 0, 12288, 11868, 248
2026/10/01 23:28:31.047, 0, 12288, 11868, 248
2026/10/01 23:28:31.252, 0, 12288, 11868, 248
2026/10/01 23:28:31.461, 0, 12288, 11868, 248
2026/10/01 23:28:31.666, 0, 12288, 11868, 248
2026/10/01 23:28:31.873, 0, 12288, 11868, 248
2026/10/01 23:28:32.077, 0, 12288, 11868, 248
2026/10/01 23:28:32.283, 0, 12288, 11868, 248
2026/10/01 23:28:32.489, 0, 12288, 11868, 248
2026/10/01 23:28:32.696, 0, 12288, 11868, 248
2026/10/01 23:28:32.901, 0, 12288, 11868, 248
2026/10/01 23:28:33.108, 0, 12288, 11868, 248
2026/10/01 23:28:33.312, 0, 12288, 11868, 248
2026/10/01 23:28:33.518, 0, 12288, 11868, 248
2026/10/01 23:28:33.723, 0, 12288, 11868, 248
2026/10/01 23:28:33.929, 0, 12288, 11868, 248
2026/10/01 23:28:34.135, 0, 12288, 11868, 248
2026/10/01 23:28:34.342, 0, 12288, 11868, 248
2026/10/01 23:28:34.548, 0, 12288, 11868, 248
2026/10/01 23:28:34.755, 0, 12288, 11868, 248
2026/10/01 23:28:34.959, 0, 12288, 11868, 248
2026/10/01 23:28:35.165, 0, 12288, 11868, 248
2026/10/01 23:28:35.372, 0, 12288, 11868, 248
2026/10/01 23:28:35.579, 0, 12288, 11868, 248
2026/10/01 23:28:35.784, 0, 12288, 11868, 248
2026/10/01 23:28:35.991, 0, 12288, 11868, 248
2026/10/01 23:28:36.198, 0, 12288, 11868, 248
2026/10/01 23:28:36.402, 0, 12288, 11868, 248
2026/10/01 23:28:36.606, 0, 12288, 11868, 248
2026/10/01 23:28:36.812, 0, 12288, 11868, 248
2026/10/01 23:28:37.019, 0, 12288, 11868, 248
2026/10/01 23:28:37.240, 0, 12288, 11868, 248
2026/10/01 23:28:37.447, 0, 12288, 11868, 248
2026/10/01 23:28:37.652, 0, 12288, 11868, 248
2026/10/01 23:28:37.858, 0, 12288, 11868, 248
2026/10/01 23:28:38.064, 0, 12288, 11868, 248
2026/10/01 23:28:38.270, 0, 12288, 11868, 248
2026/10/01 23:28:38.475, 0, 12288, 11868, 248
2026/10/01 23:28:38.681, 0, 12288, 11868, 248
2026/10/01 23:28:38.887, 0, 12288, 11868, 248
2026/10/01 23:28:39.094, 0, 12288, 11868, 248
2026/10/01 23:28:39.299, 0, 12288, 11868, 248
2026/10/01 23:28:39.505, 0, 12288, 11868, 248
2026/10/01 23:28:39.711, 0, 12288, 11868, 248
2026/10/01 23:28:39.918, 0, 12288, 11868, 248
2026/10/01 23:28:40.124, 0, 12288, 11868, 248
2026/10/01 23:28:40.329, 0, 12288, 11868, 248
2026/10/01 23:28:40.536, 0, 12288, 11868, 248
2026/10/01 23:28:40.744, 0, 12288, 11868, 248
2026/10/01 23:28:40.948, 0, 12288, 11868, 248
2026/10/01 23:28:41.153, 0, 12288, 11868, 248
2026/10/01 23:28:41.358, 0, 12288, 11868, 248
2026/10/01 23:28:41.565, 0, 12288, 11868, 248
2026/10/01 23:28:41.772, 0, 12288, 11868, 248
2026/10/01 23:28:41.977, 0, 12288, 11868, 248
2026/10/01 23:28:42.182, 0, 12288, 11868, 248
2026/10/01 23:28:42.388, 0, 12288, 11868, 248
2026/10/01 23:28:42.595, 0, 12288, 11868, 248
2026/10/01 23:28:42.801, 0, 12288, 11868, 248
2026/10/01 23:28:43.007, 0, 12288, 11868, 248
2026/10/01 23:28:43.214, 0, 12288, 11868, 248
2026/10/01 23:28:43.420, 0, 12288, 11868, 248
2026/10/01 23:28:43.625, 0, 12288, 11868, 248
2026/10/01 23:28:43.832, 0, 12288, 11868, 248
2026/10/01 23:28:44.039, 0, 12288, 11868, 248
2026/10/01 23:28:44.246, 0, 12288, 11868, 248
2026/10/01 23:28:44.452, 0, 12288, 11868, 248
2026/10/01 23:28:44.658, 0, 12288, 11868, 248
2026/10/01 23:28:44.865, 0, 12288, 11868, 248
2026/10/01 23:28:45.072, 0, 12288, 11868, 248
2026/10/01 23:28:45.278, 0, 12288, 11868, 248
2026/10/01 23:28:45.485, 0, 12288, 11868, 248
2026/10/01 23:28:45.691, 0, 12288, 11868, 248
2026/10/01 23:28:45.898, 0, 12288, 11868, 248
2026/10/01 23:28:46.103, 0, 12288, 11868, 248
2026/10/01 23:28:46.309, 0, 12288, 11868, 248
2026/10/01 23:28:46.516, 0, 12288, 11868, 248
2026/10/01 23:28:46.721, 0, 12288, 11868, 248
2026/10/01 23:28:46.927, 0, 12288, 11868, 248
2026/10/01 23:28:47.134, 0, 12288, 11868, 248
2026/10/01 23:28:47.341, 0, 12288, 11868, 248
2026/10/01 23:28:47.544, 0, 12288, 11868, 248
2026/10/01 23:28:47.750, 0, 12288, 11868, 248
2026/10/01 23:28:47.956, 0, 12288, 11868, 248
2026/10/01 23:28:48.161, 0, 12288, 11868, 248
2026/10/01 23:28:48.366, 0, 12288, 11868, 248
2026/10/01 23:28:48.572, 0, 12288, 11868, 248
2026/10/01 23:28:48.779, 0, 12288, 11868, 248
2026/10/01 23:28:48.981, 0, 12288, 11868, 248
2026/10/01 23:28:49.186, 0, 12288, 11868, 248
2026/10/01 23:28:49.392, 0, 12288, 11868, 248
2026/10/01 23:28:49.600, 0, 12288, 11868, 248
2026/10/01 23:28:49.807, 0, 12288, 11868, 248
2026/10/01 23:28:50.011, 0, 12288, 11868, 248
2026/10/01 23:28:50.218, 0, 12288, 11868, 248
2026/10/01 23:28:50.423, 0, 12288, 11868, 248
2026/10/01 23:28:50.629, 0, 12288, 11868, 248
2026/10/01 23:28:50.834, 0, 12288, 11868, 248
2026/10/01 23:28:51.040, 0, 12288, 11868, 248
2026/10/01 23:28:51.245, 0, 12288, 11868, 248
2026/10/01 23:28:51.450, 0, 12288, 11868, 248
2026/10/01 23:28:51.657, 0, 12288, 11868, 248
2026/10/01 23:28:51.864, 0, 12288, 11868, 248
2026/10/01 23:28:52.071, 0, 12288, 11868, 248
2026/10/01 23:28:52.278, 0, 12288, 11868, 248
2026/10/01 23:28:52.484, 0, 12288, 11868, 248
2026/10/01 23:28:52.689, 0, 12288, 11868, 248
2026/10/01 23:28:52.896, 0, 12288, 11868, 248
2026/10/01 23:28:53.102, 0, 12288, 11868, 248
2026/10/01 23:28:53.307, 0, 12288, 11868, 248
2026/10/01 23:28:53.513, 0, 12288, 11868, 248
2026/10/01 23:28:53.720, 0, 12288, 11868, 248
2026/10/01 23:28:53.925, 0, 12288, 11868, 248
2026/10/01 23:28:54.133, 0, 12288, 11868, 248
2026/10/01 23:28:54.339, 0, 12288, 11868, 248
2026/10/01 23:28:54.544, 0, 12288, 11868, 248
2026/10/01 23:28:54.750, 0, 12288, 11868, 248
2026/10/01 23:28:54.957, 0, 12288, 11868, 248
2026/10/01 23:28:55.164, 0, 12288, 11868, 248
2026/10/01 23:28:55.365, 0, 12288, 11868, 248
2026/10/01 23:28:55.572, 0, 12288, 11868, 248
2026/10/01 23:28:55.778, 0, 12288, 11868, 248
2026/10/01 23:28:55.984, 0, 12288, 11868, 248
2026/10/01 23:28:56.190, 0, 12288, 11868, 248
2026/10/01 23:28:56.396, 0, 12288, 11868, 248
2026/10/01 23:28:56.604, 0, 12288, 11868, 248
2026/10/01 23:28:56.811, 0, 12288, 11868, 248
2026/10/01 23:28:57.018, 0, 12288, 11868, 248
2026/10/01 23:28:57.226, 0, 12288, 11868, 248
2026/10/01 23:28:57.432, 0, 12288, 11868, 248
2026/10/01 23:28:57.637, 0, 12288, 11868, 248
2026/10/01 23:28:57.844, 0, 12288, 11868, 248
2026/10/01 23:28:58.051, 0, 12288, 11868, 248
2026/10/01 23:28:58.256, 0, 12288, 11868, 248
2026/10/01 23:28:58.461, 0, 12288, 11868, 248
2026/10/01 23:28:58.667, 0, 12288, 11868, 248
2026/10/01 23:28:58.872, 0, 12288, 11868, 248
2026/10/01 23:28:59.078, 0, 12288, 11868, 248
2026/10/01 23:28:59.285, 0, 12288, 11868, 248
2026/10/01 23:28:59.491, 0, 12288, 11868, 248
2026/10/01 23:28:59.696, 0, 12288, 11868, 248
2026/10/01 23:28:59.904, 0, 12288, 11868, 248
2026/10/01 23:29:00.109, 0, 12288, 11868, 248
2026/10/01 23:29:00.316, 0, 12288, 11868, 248
2026/10/01 23:29:00.521, 0, 12288, 11868, 248
2026/10/01 23:29:00.727, 0, 12288, 11868, 248
2026/10/01 23:29:00.933, 0, 12288, 11868, 248
2026/10/01 23:29:01.139, 0, 12288, 11868, 248
2026/10/01 23:29:01.345, 0, 12288, 11868, 248
2026/10/01 23:29:01.552, 0, 12288, 11868, 248
2026/10/01 23:29:01.759, 0, 12288, 11868, 248
2026/10/01 23:29:01.964, 0, 12288, 11868, 248
2026/10/01 23:29:02.170, 0, 12288, 11868, 248
2026/10/01 23:29:02.375, 0, 12288, 11868, 248
2026/10/01 23:29:02.580, 0, 12288, 11868, 248
2026/10/01 23:29:02.787, 0, 12288, 11868, 248
2026/10/01 23:29:02.993, 0, 12288, 11868, 248
2026/10/01 23:29:03.197, 0, 12288, 11868, 248
2026/10/01 23:29:03.405, 0, 12288, 11868, 248
2026/10/01 23:29:03.611, 0, 12288, 11868, 248
2026/10/01 23:29:03.817, 0, 12288, 11868, 248
2026/10/01 23:29:04.022, 0, 12288, 11868, 248
2026/10/01 23:29:04.227, 0, 12288, 11868, 248
2026/10/01 23:29:04.434, 0, 12288, 11868, 248
2026/10/01 23:29:04.641, 0, 12288, 11868, 248
2026/10/01 23:29:04.848, 0, 12288, 11868, 248
2026/10/01 23:29:05.053, 0, 12288, 11868, 248
2026/10/01 23:29:05.261, 0, 12288, 11868, 248
2026/10/01 23:29:05.467, 0, 12288, 11868, 248
2026/10/01 23:29:05.672, 0, 12288, 11868, 248
2026/10/01 23:29:05.878, 0, 12288, 11868, 248
2026/10/01 23:29:06.085, 0, 12288, 11868, 248
2026/10/01 23:29:06.291, 0, 12288, 11868, 248
2026/10/01 23:29:06.498, 0, 12288, 11868, 248
2026/10/01 23:29:06.704, 0, 12288, 11868, 248
2026/10/01 23:29:06.908, 0, 12288, 11868, 248
2026/10/01 23:29:07.115, 0, 12288, 11868, 248
2026/10/01 23:29:07.322, 0, 12288, 11868, 248
2026/10/01 23:29:07.529, 0, 12288, 11868, 248
2026/10/01 23:29:07.735, 0, 12288, 11868, 248
2026/10/01 23:29:07.942, 0, 12288, 11868, 248
2026/10/01 23:29:08.148, 0, 12288, 11868, 248
2026/10/01 23:29:08.354, 0, 12288, 11868, 248
2026/10/01 23:29:08.560, 0, 12288, 11868, 248
2026/10/01 23:29:08.766, 0, 12288, 11868, 248
2026/10/01 23:29:08.972, 0, 12288, 11868, 248
2026/10/01 23:29:09.177, 0, 12288, 11868, 248
2026/10/01 23:29:09.385, 0, 12288, 11868, 248
2026/10/01 23:29:09.592, 0, 12288, 11868, 248
2026/10/01 23:29:09.797, 0, 12288, 11868, 248
2026/10/01 23:29:10.002, 0, 12288, 11868, 248
2026/10/01 23:29:10.208, 0, 12288, 11868, 248
2026/10/01 23:29:10.416, 0, 12288, 11868, 248
2026/10/01 23:29:10.622, 0, 12288, 11868, 248
2026/10/01 23:29:10.828, 0, 12288, 11868, 248
2026/10/01 23:29:11.033, 0, 12288, 11868, 248
2026/10/01 23:29:11.239, 0, 12288, 11868, 248
2026/10/01 23:29:11.445, 0, 12288, 11868, 248
2026/10/01 23:29:11.651, 0, 12288, 11868, 248
2026/10/01 23:29:11.858, 0, 12288, 11868, 248
2026/10/01 23:29:12.064, 0, 12288, 11868, 248
2026/10/01 23:29:12.270, 0, 12288, 11868, 248
2026/10/01 23:29:12.476, 0, 12288, 11868, 248
2026/10/01 23:29:12.682, 0, 12288, 11868, 248
2026/10/01 23:29:12.888, 0, 12288, 11868, 248
2026/10/01 23:29:13.092, 0, 12288, 11868, 248
2026/10/01 23:29:13.298, 0, 12288, 11868, 248
2026/10/01 23:29:13.504, 0, 12288, 11868, 248
2026/10/01 23:29:13.710, 0, 12288, 11868, 248
2026/10/01 23:29:13.917, 0, 12288, 11868, 248
2026/10/01 23:29:14.123, 0, 12288, 11868, 248
2026/10/01 23:29:14.330, 0, 12288, 11868, 248
2026/10/01 23:29:14.536, 0, 12288, 11868, 248
2026/10/01 23:29:14.743, 0, 12288, 11868, 248
2026/10/01 23:29:14.951, 0, 12288, 11868, 248
2026/10/01 23:29:15.156, 0, 12288, 11868, 248
2026/10/01 23:29:15.362, 0, 12288, 11868, 248
2026/10/01 23:29:15.567, 0, 12288, 11868, 248
2026/10/01 23:29:15.773, 0, 12288, 11868, 248
2026/10/01 23:29:15.979, 0, 12288, 11868, 248
2026/10/01 23:29:16.185, 0, 12288, 11868, 248
2026/10/01 23:29:16.392, 0, 12288, 11868, 248
2026/10/01 23:29:16.596, 0, 12288, 11868, 248
2026/10/01 23:29:16.802, 0, 12288, 11868, 248
2026/10/01 23:29:17.007, 0, 12288, 11868, 248
2026/10/01 23:29:17.215, 0, 12288, 11868, 248
2026/10/01 23:29:17.422, 0, 12288, 11868, 248
2026/10/01 23:29:17.628, 0, 12288, 11868, 248
2026/10/01 23:29:17.835, 0, 12288, 11868, 248
2026/10/01 23:29:18.040, 0, 12288, 11868, 248
2026/10/01 23:29:18.245, 0, 12288, 11868, 248
2026/10/01 23:29:18.451, 0, 12288, 11868, 248
2026/10/01 23:29:18.657, 0, 12288, 11868, 248
2026/10/01 23:29:18.861, 0, 12288, 11868, 248
2026/10/01 23:29:19.067, 0, 12288, 11868, 248
2026/10/01 23:29:19.274, 0, 12288, 11868, 248
2026/10/01 23:29:19.496, 0, 12288, 11868, 248
2026/10/01 23:29:19.702, 0, 12288, 11868, 248
2026/10/01 23:29:19.909, 0, 12288, 11868, 248
2026/10/01 23:29:20.116, 0, 12288, 11868, 248
2026/10/01 23:29:20.321, 0, 12288, 11868, 248
2026/10/01 23:29:20.527, 0, 12288, 11868, 248
2026/10/01 23:29:20.733, 0, 12288, 11868, 248
2026/10/01 23:29:20.939, 0, 12288, 11868, 248
2026/10/01 23:29:21.145, 0, 12288, 11868, 248
2026/10/01 23:29:21.350, 0, 12288, 11868, 248
2026/10/01 23:29:21.557, 0, 12288, 11868, 248
2026/10/01 23:29:21.765, 0, 12288, 11868, 248
2026/10/01 23:29:21.969, 0, 12288, 11868, 248
2026/10/01 23:29:22.175, 0, 12288, 11868, 248
2026/10/01 23:29:22.382, 0, 12288, 11868, 248
2026/10/01 23:29:22.587, 0, 12288, 11868, 248
2026/10/01 23:29:22.794, 0, 12288, 11868, 248
2026/10/01 23:29:23.000, 0, 12288, 11868, 248
2026/10/01 23:29:23.207, 0, 12288, 11868, 248
2026/10/01 23:29:23.413, 0, 12288, 11868, 248
2026/10/01 23:29:23.619, 0, 12288, 11868, 248
2026/10/01 23:29:23.826, 0, 12288, 11868, 248
2026/10/01 23:29:24.031, 0, 12288, 11868, 248
2026/10/01 23:29:24.237, 0, 12288, 11868, 248
2026/10/01 23:29:24.443, 0, 12288, 11868, 248
2026/10/01 23:29:24.649, 0, 12288, 11868, 248
2026/10/01 23:29:24.856, 0, 12288, 11868, 248
2026/10/01 23:29:25.062, 0, 12288, 11868, 248
2026/10/01 23:29:25.267, 0, 12288, 11868, 248
2026/10/01 23:29:25.474, 0, 12288, 11868, 248
2026/10/01 23:29:25.679, 0, 12288, 11868, 248
2026/10/01 23:29:25.886, 0, 12288, 11868, 248
2026/10/01 23:29:26.091, 0, 12288, 11868, 248
2026/10/01 23:29:26.312, 0, 12288, 11868, 248
2026/10/01 23:29:26.517, 0, 12288, 11868, 248
2026/10/01 23:29:26.724, 0, 12288, 11868, 248
2026/10/01 23:29:26.930, 0, 12288, 11868, 248
2026/10/01 23:29:27.136, 0, 12288, 11868, 248
2026/10/01 23:29:27.341, 0, 12288, 11868, 248
2026/10/01 23:29:27.547, 0, 12288, 11868, 248
2026/10/01 23:29:27.754, 0, 12288, 11868, 248
2026/10/01 23:29:27.960, 0, 12288, 11868, 248
2026/10/01 23:29:28.166, 0, 12288, 11868, 248
2026/10/01 23:29:28.371, 0, 12288, 11868, 248
2026/10/01 23:29:28.577, 0, 12288, 11868, 248
2026/10/01 23:29:28.785, 0, 12288, 11868, 248
2026/10/01 23:29:28.992, 0, 12288, 11868, 248
2026/10/01 23:29:29.197, 0, 12288, 11868, 248
2026/10/01 23:29:29.403, 0, 12288, 11868, 248
2026/10/01 23:29:29.608, 0, 12288, 11868, 248
2026/10/01 23:29:29.815, 0, 12288, 11868, 248
2026/10/01 23:29:30.019, 0, 12288, 11868, 248
2026/10/01 23:29:30.224, 0, 12288, 11868, 248
2026/10/01 23:29:30.431, 0, 12288, 11868, 248
2026/10/01 23:29:30.637, 0, 12288, 11868, 248
2026/10/01 23:29:30.844, 0, 12288, 11868, 248
2026/10/01 23:29:31.050, 0, 12288, 11868, 248
2026/10/01 23:29:31.258, 0, 12288, 11868, 248
2026/10/01 23:29:31.464, 0, 12288, 11868, 248
2026/10/01 23:29:31.668, 0, 12288, 11868, 248
2026/10/01 23:29:31.873, 0, 12288, 11868, 248
2026/10/01 23:29:32.078, 0, 12288, 11868, 248
2026/10/01 23:29:32.284, 0, 12288, 11868, 248
2026/10/01 23:29:32.490, 0, 12288, 11868, 248
2026/10/01 23:29:32.695, 0, 12288, 11868, 248
2026/10/01 23:29:32.902, 0, 12288, 11868, 248
2026/10/01 23:29:33.109, 0, 12288, 11868, 248
2026/10/01 23:29:33.315, 0, 12288, 11868, 248
2026/10/01 23:29:33.521, 0, 12288, 11868, 248
2026/10/01 23:29:33.729, 0, 12288, 11868, 248
2026/10/01 23:29:33.936, 0, 12288, 11868, 248
2026/10/01 23:29:34.140, 0, 12288, 11868, 248
2026/10/01 23:29:34.344, 0, 12288, 11868, 248
2026/10/01 23:29:34.551, 0, 12288, 11868, 248
2026/10/01 23:29:34.757, 0, 12288, 11868, 248
2026/10/01 23:29:34.965, 0, 12288, 11868, 248
2026/10/01 23:29:35.170, 0, 12288, 11868, 248
2026/10/01 23:29:35.377, 0, 12288, 11868, 248
2026/10/01 23:29:35.582, 0, 12288, 11868, 248
2026/10/01 23:29:35.788, 0, 12288, 11868, 248
2026/10/01 23:29:35.995, 0, 12288, 11868, 248
2026/10/01 23:29:36.201, 0, 12288, 11868, 248
2026/10/01 23:29:36.405, 0, 12288, 11868, 248
2026/10/01 23:29:36.611, 0, 12288, 11868, 248
2026/10/01 23:29:36.817, 0, 12288, 11868, 248
2026/10/01 23:29:37.024, 0, 12288, 11868, 248
2026/10/01 23:29:37.231, 0, 12288, 11868, 248
2026/10/01 23:29:37.437, 0, 12288, 11868, 248
2026/10/01 23:29:37.643, 0, 12288, 11868, 248
2026/10/01 23:29:37.850, 0, 12288, 11868, 248
2026/10/01 23:29:38.057, 0, 12288, 11868, 248
2026/10/01 23:29:38.264, 0, 12288, 11868, 248
2026/10/01 23:29:38.467, 0, 12288, 11868, 248
2026/10/01 23:29:38.675, 0, 12288, 11868, 248
2026/10/01 23:29:38.881, 0, 12288, 11868, 248
2026/10/01 23:29:39.087, 0, 12288, 11868, 248
2026/10/01 23:29:39.292, 0, 12288, 11868, 248
2026/10/01 23:29:39.500, 0, 12288, 11868, 248
2026/10/01 23:29:39.705, 0, 12288, 11868, 248
2026/10/01 23:29:39.913, 0, 12288, 11868, 248
2026/10/01 23:29:40.119, 0, 12288, 11868, 248
2026/10/01 23:29:40.325, 0, 12288, 11868, 248
2026/10/01 23:29:40.530, 0, 12288, 11868, 248
2026/10/01 23:29:40.736, 0, 12288, 11868, 248
2026/10/01 23:29:40.943, 0, 12288, 11868, 248
2026/10/01 23:29:41.148, 0, 12288, 11868, 248
2026/10/01 23:29:41.355, 0, 12288, 11868, 248
2026/10/01 23:29:41.561, 0, 12288, 11868, 248
2026/10/01 23:29:41.767, 0, 12288, 11868, 248
2026/10/01 23:29:41.974, 0, 12288, 11868, 248
2026/10/01 23:29:42.179, 0, 12288, 11868, 248
2026/10/01 23:29:42.384, 0, 12288, 11868, 248
2026/10/01 23:29:42.591, 0, 12288, 11868, 248
2026/10/01 23:29:42.796, 0, 12288, 11868, 248
2026/10/01 23:29:43.003, 0, 12288, 11868, 248
2026/10/01 23:29:43.209, 0, 12288, 11868, 248
2026/10/01 23:29:43.415, 0, 12288, 11868, 248
2026/10/01 23:29:43.621, 0, 12288, 11868, 248
2026/10/01 23:29:43.827, 0, 12288, 11868, 248
2026/10/01 23:29:44.033, 0, 12288, 11868, 248
2026/10/01 23:29:44.239, 0, 12288, 11868, 248
2026/10/01 23:29:44.444, 0, 12288, 11868, 248
2026/10/01 23:29:44.651, 0, 12288, 11868, 248
2026/10/01 23:29:44.858, 0, 12288, 11868, 248
2026/10/01 23:29:45.065, 0, 12288, 11868, 248
2026/10/01 23:29:45.271, 0, 12288, 11868, 248
2026/10/01 23:29:45.477, 0, 12288, 11868, 248
2026/10/01 23:29:45.683, 0, 12288, 11868, 248
2026/10/01 23:29:45.889, 0, 12288, 11868, 248
2026/10/01 23:29:46.095, 0, 12288, 11868, 248
2026/10/01 23:29:46.301, 0, 12288, 11868, 248
2026/10/01 23:29:46.508, 0, 12288, 11868, 248
2026/10/01 23:29:46.716, 0, 12288, 11868, 248
2026/10/01 23:29:46.920, 0, 12288, 11868, 248
2026/10/01 23:29:47.126, 0, 12288, 11868, 248
2026/10/01 23:29:47.332, 0, 12288, 11868, 248
2026/10/01 23:29:47.539, 0, 12288, 11868, 248
2026/10/01 23:29:47.745, 0, 12288, 11868, 248
2026/10/01 23:29:47.951, 0, 12288, 11868, 248
2026/10/01 23:29:48.157, 0, 12288, 11868, 248
2026/10/01 23:29:48.363, 0, 12288, 11868, 248
2026/10/01 23:29:48.568, 0, 12288, 11868, 248
2026/10/01 23:29:48.775, 0, 12288, 11868, 248
2026/10/01 23:29:48.982, 0, 12288, 11868, 248
2026/10/01 23:29:49.188, 0, 12288, 11868, 248
2026/10/01 23:29:49.393, 0, 12288, 11868, 248
2026/10/01 23:29:49.597, 0, 12288, 11868, 248
2026/10/01 23:29:49.804, 0, 12288, 11868, 248
2026/10/01 23:29:50.009, 0, 12288, 11868, 248
2026/10/01 23:29:50.215, 0, 12288, 11868, 248
2026/10/01 23:29:50.422, 0, 12288, 11868, 248
2026/10/01 23:29:50.627, 0, 12288, 11868, 248
2026/10/01 23:29:50.833, 0, 12288, 11868, 248
2026/10/01 23:29:51.039, 0, 12288, 11868, 248
2026/10/01 23:29:51.246, 0, 12288, 11868, 248
2026/10/01 23:29:51.451, 0, 12288, 11868, 248
2026/10/01 23:29:51.658, 0, 12288, 11868, 248
2026/10/01 23:29:51.864, 0, 12288, 11868, 248
2026/10/01 23:29:52.070, 0, 12288, 11868, 248
2026/10/01 23:29:52.276, 0, 12288, 11868, 248
2026/10/01 23:29:52.483, 0, 12288, 11868, 248
2026/10/01 23:29:52.689, 0, 12288, 11868, 248
2026/10/01 23:29:52.895, 0, 12288, 11868, 248
2026/10/01 23:29:53.102, 0, 12288, 11868, 248
2026/10/01 23:29:53.307, 0, 12288, 11868, 248
2026/10/01 23:29:53.512, 0, 12288, 11868, 248
2026/10/01 23:29:53.718, 0, 12288, 11868, 248
2026/10/01 23:29:53.925, 0, 12288, 11868, 248
2026/10/01 23:29:54.132, 0, 12288, 11868, 248
2026/10/01 23:29:54.339, 0, 12288, 11868, 248
2026/10/01 23:29:54.546, 0, 12288, 11868, 248
2026/10/01 23:29:54.752, 0, 12288, 11868, 248
2026/10/01 23:29:54.959, 0, 12288, 11868, 248
2026/10/01 23:29:55.165, 0, 12288, 11868, 248
2026/10/01 23:29:55.371, 0, 12288, 11868, 248
2026/10/01 23:29:55.577, 0, 12288, 11868, 248
2026/10/01 23:29:55.783, 0, 12288, 11868, 248
2026/10/01 23:29:55.990, 0, 12288, 11868, 248
2026/10/01 23:29:56.196, 0, 12288, 11868, 248
2026/10/01 23:29:56.401, 0, 12288, 11868, 248
2026/10/01 23:29:56.609, 0, 12288, 11868, 248
2026/10/01 23:29:56.815, 0, 12288, 11868, 248
2026/10/01 23:29:57.020, 0, 12288, 11868, 248
2026/10/01 23:29:57.227, 0, 12288, 11868, 248
2026/10/01 23:29:57.434, 0, 12288, 11868, 248
2026/10/01 23:29:57.640, 0, 12288, 11868, 248
2026/10/01 23:29:57.845, 0, 12288, 11868, 248
2026/10/01 23:29:58.049, 0, 12288, 11868, 248
2026/10/01 23:29:58.257, 0, 12288, 11868, 248
2026/10/01 23:29:58.464, 0, 12288, 11868, 248
2026/10/01 23:29:58.670, 0, 12288, 11868, 248
2026/10/01 23:29:58.877, 0, 12288, 11868, 248
2026/10/01 23:29:59.084, 0, 12288, 11868, 248
2026/10/01 23:29:59.290, 0, 12288, 11868, 248
2026/10/01 23:29:59.496, 0, 12288, 11868, 248
2026/10/01 23:29:59.701, 0, 12288, 11868, 248
2026/10/01 23:29:59.907, 0, 12288, 11868, 248
2026/10/01 23:30:00.113, 0, 12288, 11868, 248
2026/10/01 23:30:00.319, 0, 12288, 11868, 248
2026/10/01 23:30:00.526, 0, 12288, 11868, 248
2026/10/01 23:30:00.732, 0, 12288, 11868, 248
2026/10/01 23:30:00.939, 0, 12288, 11868, 248
2026/10/01 23:30:01.147, 0, 12288, 11868, 248
2026/10/01 23:30:01.353, 0, 12288, 11868, 248
2026/10/01 23:30:01.559, 0, 12288, 11868, 248
2026/10/01 23:30:01.766, 0, 12288, 11868, 248
2026/10/01 23:30:01.972, 0, 12288, 11868, 248
2026/10/01 23:30:02.179, 0, 12288, 11868, 248
2026/10/01 23:30:02.385, 0, 12288, 11868, 248
2026/10/01 23:30:02.590, 0, 12288, 11868, 248
2026/10/01 23:30:02.797, 0, 12288, 11868, 248
2026/10/01 23:30:03.003, 0, 12288, 11868, 248
2026/10/01 23:30:03.208, 0, 12288, 11868, 248
2026/10/01 23:30:03.414, 0, 12288, 11868, 248
2026/10/01 23:30:03.621, 0, 12288, 11868, 248
2026/10/01 23:30:03.827, 0, 12288, 11868, 248
2026/10/01 23:30:04.032, 0, 12288, 11868, 248
2026/10/01 23:30:04.238, 0, 12288, 11868, 248
2026/10/01 23:30:04.443, 0, 12288, 11868, 248
2026/10/01 23:30:04.650, 0, 12288, 11868, 248
2026/10/01 23:30:04.859, 0, 12288, 11868, 248
2026/10/01 23:30:05.065, 0, 12288, 11868, 248
2026/10/01 23:30:05.272, 0, 12288, 11868, 248
2026/10/01 23:30:05.479, 0, 12288, 11868, 248
2026/10/01 23:30:05.686, 0, 12288, 11868, 248
2026/10/01 23:30:05.891, 0, 12288, 11868, 248
2026/10/01 23:30:06.098, 0, 12288, 11868, 248
2026/10/01 23:30:06.304, 0, 12288, 11868, 248
2026/10/01 23:30:06.512, 0, 12288, 11868, 248
2026/10/01 23:30:06.717, 0, 12288, 11868, 248
2026/10/01 23:30:06.924, 0, 12288, 11868, 248
2026/10/01 23:30:07.130, 0, 12288, 11868, 248
2026/10/01 23:30:07.338, 0, 12288, 11868, 248
2026/10/01 23:30:07.544, 0, 12288, 11868, 248
2026/10/01 23:30:07.750, 0, 12288, 11868, 248
2026/10/01 23:30:07.954, 0, 12288, 11868, 248
2026/10/01 23:30:08.160, 0, 12288, 11868, 248
2026/10/01 23:30:08.366, 0, 12288, 11868, 248
2026/10/01 23:30:08.572, 0, 12288, 11868, 248
2026/10/01 23:30:08.779, 0, 12288, 11868, 248
2026/10/01 23:30:08.986, 0, 12288, 11868, 248
2026/10/01 23:30:09.192, 0, 12288, 11868, 248
2026/10/01 23:30:09.397, 0, 12288, 11868, 248
2026/10/01 23:30:09.603, 0, 12288, 11868, 248
2026/10/01 23:30:09.810, 0, 12288, 11868, 248
2026/10/01 23:30:10.015, 0, 12288, 11868, 248
2026/10/01 23:30:10.222, 0, 12288, 11868, 248
2026/10/01 23:30:10.430, 0, 12288, 11868, 248
2026/10/01 23:30:10.636, 0, 12288, 11868, 248
2026/10/01 23:30:10.842, 0, 12288, 11868, 248
2026/10/01 23:30:11.049, 0, 12288, 11868, 248
2026/10/01 23:30:11.255, 0, 12288, 11868, 248
2026/10/01 23:30:11.460, 0, 12288, 11868, 248
2026/10/01 23:30:11.667, 0, 12288, 11868, 248
2026/10/01 23:30:11.874, 0, 12288, 11868, 248
2026/10/01 23:30:12.079, 0, 12288, 11868, 248
2026/10/01 23:30:12.285, 0, 12288, 11868, 248
2026/10/01 23:30:12.490, 0, 12288, 11868, 248
2026/10/01 23:30:12.697, 0, 12288, 11868, 248
2026/10/01 23:30:12.904, 0, 12288, 11868, 248
2026/10/01 23:30:13.110, 0, 12288, 11868, 248
2026/10/01 23:30:13.317, 0, 12288, 11868, 248
2026/10/01 23:30:13.524, 0, 12288, 11868, 248
2026/10/01 23:30:13.729, 0, 12288, 11868, 248
2026/10/01 23:30:13.937, 0, 12288, 11868, 248
2026/10/01 23:30:14.143, 0, 12288, 11868, 248
2026/10/01 23:30:14.349, 0, 12288, 11868, 248
2026/10/01 23:30:14.555, 0, 12288, 11868, 248
2026/10/01 23:30:14.761, 0, 12288, 11868, 248
2026/10/01 23:30:14.967, 0, 12288, 11868, 248
2026/10/01 23:30:15.172, 0, 12288, 11868, 248
2026/10/01 23:30:15.393, 0, 12288, 11868, 248
2026/10/01 23:30:15.598, 0, 12288, 11868, 248
2026/10/01 23:30:15.805, 0, 12288, 11868, 248
2026/10/01 23:30:16.010, 0, 12288, 11868, 248
2026/10/01 23:30:16.216, 0, 12288, 11868, 248
2026/10/01 23:30:16.422, 0, 12288, 11868, 248
2026/10/01 23:30:16.629, 0, 12288, 11868, 248
2026/10/01 23:30:16.837, 0, 12288, 11868, 248
2026/10/01 23:30:17.043, 0, 12288, 11868, 248
2026/10/01 23:30:17.249, 0, 12288, 11868, 248
2026/10/01 23:30:17.456, 0, 12288, 11868, 248
2026/10/01 23:30:17.661, 0, 12288, 11868, 248
2026/10/01 23:30:17.866, 0, 12288, 11868, 248
2026/10/01 23:30:18.071, 0, 12288, 11868, 248
2026/10/01 23:30:18.278, 0, 12288, 11868, 248
2026/10/01 23:30:18.480, 0, 12288, 11868, 248
2026/10/01 23:30:18.685, 0, 12288, 11868, 248
2026/10/01 23:30:18.893, 0, 12288, 11868, 248
2026/10/01 23:30:19.098, 0, 12288, 11868, 248
2026/10/01 23:30:19.305, 0, 12288, 11868, 248
2026/10/01 23:30:19.511, 0, 12288, 11868, 248
2026/10/01 23:30:19.718, 0, 12288, 11868, 248
2026/10/01 23:30:19.924, 0, 12288, 11868, 248
2026/10/01 23:30:20.129, 0, 12288, 11868, 248
2026/10/01 23:30:20.335, 0, 12288, 11868, 248
2026/10/01 23:30:20.542, 0, 12288, 11868, 248
2026/10/01 23:30:20.749, 0, 12288, 11868, 248
2026/10/01 23:30:20.954, 0, 12288, 11868, 248
2026/10/01 23:30:21.161, 0, 12288, 11868, 248
2026/10/01 23:30:21.367, 0, 12288, 11868, 248
2026/10/01 23:30:21.573, 0, 12288, 11868, 248
2026/10/01 23:30:21.777, 0, 12288, 11868, 248
2026/10/01 23:30:21.984, 0, 12288, 11868, 248
2026/10/01 23:30:22.191, 0, 12288, 11868, 248
2026/10/01 23:30:22.397, 0, 12288, 11868, 248
2026/10/01 23:30:22.603, 0, 12288, 11868, 248
2026/10/01 23:30:22.810, 0, 12288, 11868, 248
2026/10/01 23:30:23.015, 0, 12288, 11868, 248
2026/10/01 23:30:23.220, 0, 12288, 11868, 248
2026/10/01 23:30:23.428, 0, 12288, 11868, 248
2026/10/01 23:30:23.634, 0, 12288, 11868, 248
2026/10/01 23:30:23.841, 0, 12288, 11868, 248
2026/10/01 23:30:24.048, 0, 12288, 11868, 248
2026/10/01 23:30:24.253, 0, 12288, 11868, 248
2026/10/01 23:30:24.459, 0, 12288, 11868, 248
2026/10/01 23:30:24.665, 0, 12288, 11868, 248
2026/10/01 23:30:24.870, 0, 12288, 11868, 248
2026/10/01 23:30:25.077, 0, 12288, 11868, 248
2026/10/01 23:30:25.283, 0, 12288, 11868, 248
2026/10/01 23:30:25.488, 0, 12288, 11868, 248
2026/10/01 23:30:25.694, 0, 12288, 11868, 248
2026/10/01 23:30:25.900, 0, 12288, 11868, 248
2026/10/01 23:30:26.107, 0, 12288, 11868, 248
2026/10/01 23:30:26.313, 0, 12288, 11868, 248
2026/10/01 23:30:26.519, 0, 12288, 11868, 248
2026/10/01 23:30:26.724, 0, 12288, 11868, 248
2026/10/01 23:30:26.930, 0, 12288, 11868, 248
2026/10/01 23:30:27.137, 0, 12288, 11868, 248
2026/10/01 23:30:27.343, 0, 12288, 11868, 248
2026/10/01 23:30:27.550, 0, 12288, 11868, 248
2026/10/01 23:30:27.755, 0, 12288, 11868, 248
2026/10/01 23:30:27.961, 0, 12288, 11868, 248
2026/10/01 23:30:28.169, 0, 12288, 11868, 248
2026/10/01 23:30:28.376, 0, 12288, 11868, 248
2026/10/01 23:30:28.582, 0, 12288, 11868, 248
2026/10/01 23:30:28.789, 0, 12288, 11868, 248
2026/10/01 23:30:28.996, 0, 12288, 11868, 248
2026/10/01 23:30:29.202, 0, 12288, 11868, 248
2026/10/01 23:30:29.407, 0, 12288, 11868, 248
2026/10/01 23:30:29.612, 0, 12288, 11868, 248
2026/10/01 23:30:29.820, 0, 12288, 11868, 248
2026/10/01 23:30:30.024, 0, 12288, 11868, 248
2026/10/01 23:30:30.229, 0, 12288, 11868, 248
2026/10/01 23:30:30.436, 0, 12288, 11868, 248
2026/10/01 23:30:30.644, 0, 12288, 11868, 248
2026/10/01 23:30:30.850, 0, 12288, 11868, 248
2026/10/01 23:30:31.055, 0, 12288, 11868, 248
2026/10/01 23:30:31.261, 0, 12288, 11868, 248
2026/10/01 23:30:31.467, 0, 12288, 11868, 248
2026/10/01 23:30:31.674, 0, 12288, 11868, 248
2026/10/01 23:30:31.880, 0, 12288, 11868, 248
2026/10/01 23:30:32.085, 0, 12288, 11868, 248
2026/10/01 23:30:32.292, 0, 12288, 11868, 248
2026/10/01 23:30:32.498, 0, 12288, 11868, 248
2026/10/01 23:30:32.704, 0, 12288, 11868, 248
2026/10/01 23:30:32.908, 0, 12288, 11868, 248
2026/10/01 23:30:33.115, 0, 12288, 11868, 248
2026/10/01 23:30:33.322, 0, 12288, 11868, 248
2026/10/01 23:30:33.528, 0, 12288, 11868, 248
2026/10/01 23:30:33.734, 0, 12288, 11868, 248
2026/10/01 23:30:33.938, 0, 12288, 11868, 248
2026/10/01 23:30:34.145, 0, 12288, 11868, 248
2026/10/01 23:30:34.350, 0, 12288, 11868, 248
2026/10/01 23:30:34.557, 0, 12288, 11868, 248
2026/10/01 23:30:34.762, 0, 12288, 11868, 248
2026/10/01 23:30:34.968, 0, 12288, 11868, 248
2026/10/01 23:30:35.175, 0, 12288, 11868, 248
2026/10/01 23:30:35.381, 0, 12288, 11868, 248
2026/10/01 23:30:35.589, 0, 12288, 11868, 248
2026/10/01 23:30:35.794, 0, 12288, 11868, 248
2026/10/01 23:30:36.000, 0, 12288, 11868, 248
2026/10/01 23:30:36.206, 0, 12288, 11868, 248
2026/10/01 23:30:36.412, 0, 12288, 11868, 248
2026/10/01 23:30:36.618, 0, 12288, 11868, 248
2026/10/01 23:30:36.824, 0, 12288, 11868, 248
2026/10/01 23:30:37.030, 0, 12288, 11868, 248
2026/10/01 23:30:37.236, 0, 12288, 11868, 248
2026/10/01 23:30:37.441, 0, 12288, 11868, 248
2026/10/01 23:30:37.646, 0, 12288, 11868, 248
2026/10/01 23:30:37.851, 0, 12288, 11868, 248
2026/10/01 23:30:38.055, 0, 12288, 11868, 248
2026/10/01 23:30:38.263, 0, 12288, 11868, 248
2026/10/01 23:30:38.468, 0, 12288, 11868, 248
2026/10/01 23:30:38.676, 0, 12288, 11868, 248
2026/10/01 23:30:38.882, 0, 12288, 11868, 248
2026/10/01 23:30:39.089, 0, 12288, 11868, 248
2026/10/01 23:30:39.294, 0, 12288, 11868, 248
2026/10/01 23:30:39.501, 0, 12288, 11868, 248
2026/10/01 23:30:39.708, 0, 12288, 11868, 248
2026/10/01 23:30:39.930, 0, 12288, 11868, 248
2026/10/01 23:30:40.135, 0, 12288, 11868, 248
2026/10/01 23:30:40.340, 0, 12288, 11868, 248
2026/10/01 23:30:40.547, 0, 12288, 11868, 248
2026/10/01 23:30:40.752, 0, 12288, 11868, 248
2026/10/01 23:30:40.959, 0, 12288, 11868, 248
2026/10/01 23:30:41.167, 0, 12288, 11868, 248
2026/10/01 23:30:41.374, 0, 12288, 11868, 248
2026/10/01 23:30:41.581, 0, 12288, 11868, 248
2026/10/01 23:30:41.788, 0, 12288, 11868, 248
2026/10/01 23:30:41.994, 0, 12288, 11868, 248
2026/10/01 23:30:42.199, 0, 12288, 11868, 248
2026/10/01 23:30:42.405, 0, 12288, 11868, 248
2026/10/01 23:30:42.610, 0, 12288, 11868, 248
2026/10/01 23:30:42.815, 0, 12288, 11868, 248
2026/10/01 23:30:43.021, 0, 12288, 11868, 248
2026/10/01 23:30:43.228, 0, 12288, 11868, 248
2026/10/01 23:30:43.434, 0, 12288, 11868, 248
2026/10/01 23:30:43.641, 0, 12288, 11868, 248
2026/10/01 23:30:43.845, 0, 12288, 11868, 248
2026/10/01 23:30:44.051, 0, 12288, 11868, 248
2026/10/01 23:30:44.256, 0, 12288, 11868, 248
2026/10/01 23:30:44.463, 0, 12288, 11868, 248
2026/10/01 23:30:44.667, 0, 12288, 11868, 248
2026/10/01 23:30:44.874, 0, 12288, 11868, 248
2026/10/01 23:30:45.080, 0, 12288, 11868, 248
2026/10/01 23:30:45.286, 0, 12288, 11868, 248
2026/10/01 23:30:45.492, 0, 12288, 11868, 248
2026/10/01 23:30:45.699, 0, 12288, 11868, 248
2026/10/01 23:30:45.905, 0, 12288, 11868, 248
2026/10/01 23:30:46.111, 0, 12288, 11868, 248
2026/10/01 23:30:46.317, 0, 12288, 11868, 248
2026/10/01 23:30:46.522, 0, 12288, 11868, 248
2026/10/01 23:30:46.729, 0, 12288, 11868, 248
2026/10/01 23:30:46.934, 0, 12288, 11868, 248
2026/10/01 23:30:47.140, 0, 12288, 11868, 248
2026/10/01 23:30:47.347, 0, 12288, 11868, 248
2026/10/01 23:30:47.553, 0, 12288, 11868, 248
2026/10/01 23:30:47.757, 0, 12288, 11868, 248
2026/10/01 23:30:47.962, 0, 12288, 11868, 248
2026/10/01 23:30:48.166, 0, 12288, 11868, 248
2026/10/01 23:30:48.372, 0, 12288, 11868, 248
2026/10/01 23:30:48.578, 0, 12288, 11868, 248
2026/10/01 23:30:48.783, 0, 12288, 11868, 248
2026/10/01 23:30:48.990, 0, 12288, 11868, 248
2026/10/01 23:30:49.196, 0, 12288, 11868, 248
2026/10/01 23:30:49.403, 0, 12288, 11868, 248
2026/10/01 23:30:49.609, 0, 12288, 11868, 248
2026/10/01 23:30:49.814, 0, 12288, 11868, 248
2026/10/01 23:30:50.022, 0, 12288, 11868, 248
2026/10/01 23:30:50.228, 0, 12288, 11868, 248
2026/10/01 23:30:50.435, 0, 12288, 11868, 248
2026/10/01 23:30:50.642, 0, 12288, 11868, 248
2026/10/01 23:30:50.847, 0, 12288, 11868, 248
2026/10/01 23:30:51.053, 0, 12288, 11868, 248
2026/10/01 23:30:51.258, 0, 12288, 11868, 248
2026/10/01 23:30:51.464, 0, 12288, 11868, 248
2026/10/01 23:30:51.668, 0, 12288, 11868, 248
2026/10/01 23:30:51.873, 0, 12288, 11868, 248
2026/10/01 23:30:52.078, 0, 12288, 11868, 248
2026/10/01 23:30:52.284, 0, 12288, 11868, 248
2026/10/01 23:30:52.491, 0, 12288, 11868, 248
2026/10/01 23:30:52.694, 0, 12288, 11868, 248
2026/10/01 23:30:52.899, 0, 12288, 11868, 248
2026/10/01 23:30:53.105, 0, 12288, 11868, 248
2026/10/01 23:30:53.310, 0, 12288, 11868, 248
2026/10/01 23:30:53.517, 0, 12288, 11868, 248
2026/10/01 23:30:53.723, 0, 12288, 11868, 248
2026/10/01 23:30:53.929, 0, 12288, 11868, 248
2026/10/01 23:30:54.134, 0, 12288, 11868, 248
2026/10/01 23:30:54.341, 0, 12288, 11868, 248
2026/10/01 23:30:54.547, 0, 12288, 11868, 248
2026/10/01 23:30:54.753, 0, 12288, 11868, 248
2026/10/01 23:30:54.961, 0, 12288, 11868, 248
2026/10/01 23:30:55.165, 0, 12288, 11868, 248
2026/10/01 23:30:55.371, 0, 12288, 11868, 248
2026/10/01 23:30:55.578, 0, 12288, 11868, 248
2026/10/01 23:30:55.783, 0, 12288, 11868, 248
2026/10/01 23:30:55.990, 0, 12288, 11868, 248
2026/10/01 23:30:56.196, 0, 12288, 11876, 240
2026/10/01 23:30:56.400, 0, 12288, 11876, 240
2026/10/01 23:30:56.605, 0, 12288, 11876, 240
2026/10/01 23:30:56.812, 0, 12288, 11876, 240
2026/10/01 23:30:57.019, 0, 12288, 11876, 240
2026/10/01 23:30:57.226, 0, 12288, 11876, 240
2026/10/01 23:30:57.432, 0, 12288, 11876, 240
2026/10/01 23:30:57.655, 0, 12288, 11876, 240
2026/10/01 23:30:57.860, 0, 12288, 11876, 240
2026/10/01 23:30:58.066, 0, 12288, 11876, 240
2026/10/01 23:30:58.273, 0, 12288, 11868, 248
2026/10/01 23:30:58.478, 0, 12288, 11868, 248
2026/10/01 23:30:58.684, 0, 12288, 11868, 248
2026/10/01 23:30:58.890, 0, 12288, 11868, 248
2026/10/01 23:30:59.096, 0, 12288, 11868, 248
2026/10/01 23:30:59.301, 0, 12288, 11868, 248
2026/10/01 23:30:59.506, 0, 12288, 11868, 248
2026/10/01 23:30:59.712, 0, 12288, 11868, 248
2026/10/01 23:30:59.917, 0, 12288, 11868, 248
2026/10/01 23:31:00.124, 0, 12288, 11868, 248
2026/10/01 23:31:00.330, 0, 12288, 11868, 248
2026/10/01 23:31:00.536, 0, 12288, 11868, 248
2026/10/01 23:31:00.742, 0, 12288, 11868, 248
2026/10/01 23:31:00.947, 0, 12288, 11868, 248
2026/10/01 23:31:01.154, 0, 12288, 11868, 248
2026/10/01 23:31:01.361, 0, 12288, 11868, 248
2026/10/01 23:31:01.567, 0, 12288, 11868, 248
2026/10/01 23:31:01.773, 0, 12288, 11868, 248
2026/10/01 23:31:01.979, 0, 12288, 11868, 248
2026/10/01 23:31:02.185, 0, 12288, 11868, 248
2026/10/01 23:31:02.391, 0, 12288, 11868, 248
2026/10/01 23:31:02.596, 0, 12288, 11868, 248
2026/10/01 23:31:02.803, 0, 12288, 11868, 248
2026/10/01 23:31:03.009, 0, 12288, 11868, 248
2026/10/01 23:31:03.213, 0, 12288, 11868, 248
2026/10/01 23:31:03.420, 0, 12288, 11868, 248
2026/10/01 23:31:03.627, 0, 12288, 11868, 248
2026/10/01 23:31:03.834, 0, 12288, 11868, 248
2026/10/01 23:31:04.039, 0, 12288, 11868, 248
2026/10/01 23:31:04.244, 0, 12288, 11868, 248
2026/10/01 23:31:04.466, 0, 12288, 11868, 248
2026/10/01 23:31:04.672, 0, 12288, 11868, 248
2026/10/01 23:31:04.879, 0, 12288, 11868, 248
2026/10/01 23:31:05.085, 0, 12288, 11868, 248
2026/10/01 23:31:05.290, 0, 12288, 11868, 248
2026/10/01 23:31:05.496, 0, 12288, 11868, 248
2026/10/01 23:31:05.703, 0, 12288, 11868, 248
2026/10/01 23:31:05.909, 0, 12288, 11868, 248
2026/10/01 23:31:06.115, 0, 12288, 11868, 248
2026/10/01 23:31:06.322, 0, 12288, 11868, 248
2026/10/01 23:31:06.527, 0, 12288, 11868, 248
2026/10/01 23:31:06.734, 0, 12288, 11868, 248
2026/10/01 23:31:06.942, 0, 12288, 11868, 248
2026/10/01 23:31:07.149, 0, 12288, 11868, 248
2026/10/01 23:31:07.356, 0, 12288, 11868, 248
2026/10/01 23:31:07.561, 0, 12288, 11868, 248
2026/10/01 23:31:07.766, 0, 12288, 11868, 248
2026/10/01 23:31:07.972, 0, 12288, 11868, 248
2026/10/01 23:31:08.178, 0, 12288, 11868, 248
2026/10/01 23:31:08.385, 0, 12288, 11868, 248
2026/10/01 23:31:08.590, 0, 12288, 11868, 248
2026/10/01 23:31:08.796, 0, 12288, 11868, 248
2026/10/01 23:31:09.003, 0, 12288, 11868, 248
2026/10/01 23:31:09.209, 0, 12288, 11868, 248
2026/10/01 23:31:09.416, 0, 12288, 11868, 248
2026/10/01 23:31:09.622, 0, 12288, 11868, 248
2026/10/01 23:31:09.828, 0, 12288, 11868, 248
2026/10/01 23:31:10.035, 0, 12288, 11868, 248
2026/10/01 23:31:10.240, 0, 12288, 11868, 248
2026/10/01 23:31:10.445, 0, 12288, 11868, 248
2026/10/01 23:31:10.651, 0, 12288, 11868, 248
2026/10/01 23:31:10.857, 0, 12288, 11868, 248
2026/10/01 23:31:11.064, 0, 12288, 11868, 248
2026/10/01 23:31:11.270, 0, 12288, 11868, 248
2026/10/01 23:31:11.478, 0, 12288, 11868, 248
2026/10/01 23:31:11.683, 0, 12288, 11868, 248
2026/10/01 23:31:11.889, 0, 12288, 11868, 248
2026/10/01 23:31:12.094, 0, 12288, 11868, 248
2026/10/01 23:31:12.300, 0, 12288, 11868, 248
2026/10/01 23:31:12.506, 0, 12288, 11868, 248
2026/10/01 23:31:12.712, 0, 12288, 11868, 248
2026/10/01 23:31:12.919, 0, 12288, 11868, 248
2026/10/01 23:31:13.125, 0, 12288, 11868, 248
2026/10/01 23:31:13.333, 0, 12288, 11868, 248
2026/10/01 23:31:13.539, 0, 12288, 11868, 248
2026/10/01 23:31:13.743, 0, 12288, 11868, 248
2026/10/01 23:31:13.950, 0, 12288, 11868, 248
2026/10/01 23:31:14.155, 0, 12288, 11868, 248
2026/10/01 23:31:14.362, 0, 12288, 11868, 248
2026/10/01 23:31:14.568, 0, 12288, 11868, 248
2026/10/01 23:31:14.774, 0, 12288, 11868, 248
2026/10/01 23:31:14.982, 0, 12288, 11868, 248
2026/10/01 23:31:15.186, 0, 12288, 11868, 248
2026/10/01 23:31:15.392, 0, 12288, 11868, 248
2026/10/01 23:31:15.599, 0, 12288, 11868, 248
2026/10/01 23:31:15.805, 0, 12288, 11868, 248
2026/10/01 23:31:16.012, 0, 12288, 11868, 248
2026/10/01 23:31:16.218, 0, 12288, 11868, 248
2026/10/01 23:31:16.424, 0, 12288, 11868, 248
2026/10/01 23:31:16.631, 0, 12288, 11868, 248
2026/10/01 23:31:16.836, 0, 12288, 11868, 248
2026/10/01 23:31:17.042, 0, 12288, 11868, 248
2026/10/01 23:31:17.247, 0, 12288, 11868, 248
2026/10/01 23:31:17.452, 0, 12288, 11868, 248
2026/10/01 23:31:17.659, 0, 12288, 11868, 248
2026/10/01 23:31:17.864, 0, 12288, 11868, 248
2026/10/01 23:31:18.071, 0, 12288, 11868, 248
2026/10/01 23:31:18.276, 0, 12288, 11868, 248
2026/10/01 23:31:18.482, 0, 12288, 11868, 248
2026/10/01 23:31:18.689, 0, 12288, 11868, 248
2026/10/01 23:31:18.895, 0, 12288, 11868, 248
2026/10/01 23:31:19.101, 0, 12288, 11868, 248
2026/10/01 23:31:19.307, 0, 12288, 11868, 248
2026/10/01 23:31:19.513, 0, 12288, 11868, 248
2026/10/01 23:31:19.719, 0, 12288, 11868, 248
2026/10/01 23:31:19.926, 0, 12288, 11868, 248
2026/10/01 23:31:20.132, 0, 12288, 11868, 248
2026/10/01 23:31:20.338, 0, 12288, 11868, 248
2026/10/01 23:31:20.545, 0, 12288, 11868, 248
2026/10/01 23:31:20.752, 0, 12288, 11868, 248
2026/10/01 23:31:20.959, 0, 12288, 11868, 248
2026/10/01 23:31:21.164, 0, 12288, 11868, 248
2026/10/01 23:31:21.369, 0, 12288, 11868, 248
2026/10/01 23:31:21.576, 0, 12288, 11868, 248
2026/10/01 23:31:21.782, 0, 12288, 11868, 248
2026/10/01 23:31:21.988, 0, 12288, 11868, 248
2026/10/01 23:31:22.194, 0, 12288, 11868, 248
2026/10/01 23:31:22.402, 0, 12288, 11868, 248
2026/10/01 23:31:22.607, 0, 12288, 11868, 248
2026/10/01 23:31:22.814, 0, 12288, 11868, 248
2026/10/01 23:31:23.019, 0, 12288, 11868, 248
2026/10/01 23:31:23.224, 0, 12288, 11868, 248
2026/10/01 23:31:23.429, 0, 12288, 11868, 248
2026/10/01 23:31:23.637, 0, 12288, 11868, 248
2026/10/01 23:31:23.844, 0, 12288, 11868, 248
2026/10/01 23:31:24.049, 0, 12288, 11868, 248
2026/10/01 23:31:24.255, 0, 12288, 11868, 248
2026/10/01 23:31:24.459, 0, 12288, 11868, 248
2026/10/01 23:31:24.666, 0, 12288, 11868, 248
2026/10/01 23:31:24.869, 0, 12288, 11868, 248
2026/10/01 23:31:25.076, 0, 12288, 11868, 248
2026/10/01 23:31:25.280, 0, 12288, 11868, 248
2026/10/01 23:31:25.487, 0, 12288, 11868, 248
2026/10/01 23:31:25.695, 0, 12288, 11868, 248
2026/10/01 23:31:25.900, 0, 12288, 11868, 248
2026/10/01 23:31:26.107, 0, 12288, 11868, 248
2026/10/01 23:31:26.312, 0, 12288, 11868, 248
2026/10/01 23:31:26.518, 0, 12288, 11868, 248
2026/10/01 23:31:26.726, 0, 12288, 11868, 248
2026/10/01 23:31:26.933, 0, 12288, 11868, 248
2026/10/01 23:31:27.140, 0, 12288, 11868, 248
2026/10/01 23:31:27.347, 0, 12288, 11868, 248
2026/10/01 23:31:27.552, 0, 12288, 11868, 248
2026/10/01 23:31:27.758, 0, 12288, 11868, 248
2026/10/01 23:31:27.965, 0, 12288, 11868, 248
2026/10/01 23:31:28.171, 0, 12288, 11868, 248
2026/10/01 23:31:28.377, 0, 12288, 11868, 248
2026/10/01 23:31:28.583, 0, 12288, 11868, 248
2026/10/01 23:31:28.788, 0, 12288, 11868, 248
2026/10/01 23:31:28.996, 0, 12288, 11868, 248
2026/10/01 23:31:29.202, 0, 12288, 11868, 248
2026/10/01 23:31:29.408, 0, 12288, 11868, 248
2026/10/01 23:31:29.614, 0, 12288, 11868, 248
2026/10/01 23:31:29.821, 0, 12288, 11868, 248
2026/10/01 23:31:30.027, 0, 12288, 11868, 248
2026/10/01 23:31:30.233, 0, 12288, 11868, 248
2026/10/01 23:31:30.439, 0, 12288, 11868, 248
2026/10/01 23:31:30.645, 0, 12288, 11868, 248
2026/10/01 23:31:30.851, 0, 12288, 11868, 248
2026/10/01 23:31:31.057, 0, 12288, 11868, 248
2026/10/01 23:31:31.263, 0, 12288, 11868, 248
2026/10/01 23:31:31.470, 0, 12288, 11868, 248
2026/10/01 23:31:31.676, 0, 12288, 11868, 248
2026/10/01 23:31:31.884, 0, 12288, 11868, 248
2026/10/01 23:31:32.090, 0, 12288, 11868, 248
2026/10/01 23:31:32.297, 0, 12288, 11868, 248
2026/10/01 23:31:32.504, 0, 12288, 11868, 248
2026/10/01 23:31:32.709, 0, 12288, 11868, 248
2026/10/01 23:31:32.915, 0, 12288, 11868, 248
2026/10/01 23:31:33.120, 0, 12288, 11868, 248
2026/10/01 23:31:33.326, 0, 12288, 11868, 248
2026/10/01 23:31:33.532, 0, 12288, 11868, 248
2026/10/01 23:31:33.737, 0, 12288, 11868, 248
2026/10/01 23:31:33.943, 0, 12288, 11868, 248
2026/10/01 23:31:34.148, 0, 12288, 11868, 248
2026/10/01 23:31:34.355, 0, 12288, 11868, 248
2026/10/01 23:31:34.562, 0, 12288, 11868, 248
2026/10/01 23:31:34.770, 0, 12288, 11868, 248
2026/10/01 23:31:34.976, 0, 12288, 11868, 248
2026/10/01 23:31:35.182, 0, 12288, 11868, 248
2026/10/01 23:31:35.389, 0, 12288, 11868, 248
2026/10/01 23:31:35.594, 0, 12288, 11868, 248
2026/10/01 23:31:35.815, 0, 12288, 11868, 248
2026/10/01 23:31:36.023, 0, 12288, 11868, 248
2026/10/01 23:31:36.229, 0, 12288, 11868, 248
2026/10/01 23:31:36.437, 0, 12288, 11868, 248
2026/10/01 23:31:36.644, 0, 12288, 11868, 248
2026/10/01 23:31:36.851, 0, 12288, 11868, 248
2026/10/01 23:31:37.057, 0, 12288, 11868, 248
2026/10/01 23:31:37.262, 0, 12288, 11868, 248
2026/10/01 23:31:37.469, 0, 12288, 11868, 248
2026/10/01 23:31:37.674, 0, 12288, 11868, 248
2026/10/01 23:31:37.880, 0, 12288, 11868, 248
2026/10/01 23:31:38.087, 0, 12288, 11868, 248
2026/10/01 23:31:38.293, 0, 12288, 11868, 248
2026/10/01 23:31:38.499, 0, 12288, 11868, 248
2026/10/01 23:31:38.707, 0, 12288, 11868, 248
2026/10/01 23:31:38.913, 0, 12288, 11868, 248
2026/10/01 23:31:39.120, 0, 12288, 11868, 248
2026/10/01 23:31:39.326, 0, 12288, 11868, 248
2026/10/01 23:31:39.531, 0, 12288, 11868, 248
2026/10/01 23:31:39.737, 0, 12288, 11868, 248
2026/10/01 23:31:39.942, 0, 12288, 11868, 248
2026/10/01 23:31:40.149, 0, 12288, 11868, 248
2026/10/01 23:31:40.356, 0, 12288, 11868, 248
2026/10/01 23:31:40.562, 0, 12288, 11868, 248
2026/10/01 23:31:40.768, 0, 12288, 11868, 248
2026/10/01 23:31:40.973, 0, 12288, 11868, 248
2026/10/01 23:31:41.178, 0, 12288, 11868, 248
2026/10/01 23:31:41.385, 0, 12288, 11868, 248
2026/10/01 23:31:41.592, 0, 12288, 11868, 248
2026/10/01 23:31:41.797, 0, 12288, 11868, 248
2026/10/01 23:31:42.004, 0, 12288, 11868, 248
2026/10/01 23:31:42.208, 0, 12288, 11868, 248
2026/10/01 23:31:42.414, 0, 12288, 11868, 248
2026/10/01 23:31:42.620, 0, 12288, 11868, 248
2026/10/01 23:31:42.826, 0, 12288, 11868, 248
2026/10/01 23:31:43.033, 0, 12288, 11868, 248
2026/10/01 23:31:43.240, 0, 12288, 11868, 248
2026/10/01 23:31:43.446, 0, 12288, 11868, 248
2026/10/01 23:31:43.654, 0, 12288, 11868, 248
2026/10/01 23:31:43.860, 0, 12288, 11868, 248
2026/10/01 23:31:44.066, 0, 12288, 11868, 248
2026/10/01 23:31:44.272, 0, 12288, 11868, 248
2026/10/01 23:31:44.476, 0, 12288, 11868, 248
2026/10/01 23:31:44.682, 0, 12288, 11868, 248
2026/10/01 23:31:44.889, 0, 12288, 11868, 248
2026/10/01 23:31:45.094, 0, 12288, 11868, 248
2026/10/01 23:31:45.300, 0, 12288, 11868, 248
2026/10/01 23:31:45.508, 0, 12288, 11868, 248
2026/10/01 23:31:45.713, 0, 12288, 11868, 248
2026/10/01 23:31:45.919, 0, 12288, 11868, 248
2026/10/01 23:31:46.124, 0, 12288, 11868, 248
2026/10/01 23:31:46.329, 0, 12288, 11868, 248
2026/10/01 23:31:46.534, 0, 12288, 11868, 248
2026/10/01 23:31:46.740, 0, 12288, 11868, 248
2026/10/01 23:31:46.947, 0, 12288, 11868, 248
2026/10/01 23:31:47.152, 0, 12288, 11868, 248
2026/10/01 23:31:47.359, 0, 12288, 11868, 248
2026/10/01 23:31:47.566, 0, 12288, 11868, 248
2026/10/01 23:31:47.770, 0, 12288, 11868, 248
2026/10/01 23:31:47.976, 0, 12288, 11868, 248
2026/10/01 23:31:48.182, 0, 12288, 11868, 248
2026/10/01 23:31:48.389, 0, 12288, 11868, 248
2026/10/01 23:31:48.596, 0, 12288, 11868, 248
2026/10/01 23:31:48.801, 0, 12288, 11868, 248
2026/10/01 23:31:49.008, 0, 12288, 11868, 248
2026/10/01 23:31:49.213, 0, 12288, 11868, 248
2026/10/01 23:31:49.420, 0, 12288, 11868, 248
2026/10/01 23:31:49.626, 0, 12288, 11868, 248
2026/10/01 23:31:49.831, 0, 12288, 11868, 248
2026/10/01 23:31:50.038, 0, 12288, 11868, 248
2026/10/01 23:31:50.244, 0, 12288, 11868, 248
2026/10/01 23:31:50.450, 0, 12288, 11868, 248
2026/10/01 23:31:50.657, 0, 12288, 11868, 248
2026/10/01 23:31:50.863, 0, 12288, 11868, 248
2026/10/01 23:31:51.068, 0, 12288, 11868, 248
2026/10/01 23:31:51.275, 0, 12288, 11868, 248
2026/10/01 23:31:51.480, 0, 12288, 11868, 248
2026/10/01 23:31:51.686, 0, 12288, 11868, 248
2026/10/01 23:31:51.892, 0, 12288, 11868, 248
2026/10/01 23:31:52.099, 0, 12288, 11868, 248
2026/10/01 23:31:52.306, 0, 12288, 11868, 248
2026/10/01 23:31:52.511, 0, 12288, 11868, 248
2026/10/01 23:31:52.717, 0, 12288, 11868, 248
2026/10/01 23:31:52.924, 0, 12288, 11868, 248
2026/10/01 23:31:53.131, 0, 12288, 11868, 248
2026/10/01 23:31:53.335, 0, 12288, 11868, 248
2026/10/01 23:31:53.542, 0, 12288, 11868, 248
2026/10/01 23:31:53.748, 0, 12288, 11868, 248
2026/10/01 23:31:53.954, 0, 12288, 11868, 248
2026/10/01 23:31:54.159, 0, 12288, 11868, 248
2026/10/01 23:31:54.366, 0, 12288, 11868, 248
2026/10/01 23:31:54.572, 0, 12288, 11868, 248
2026/10/01 23:31:54.777, 0, 12288, 11868, 248
2026/10/01 23:31:54.983, 0, 12288, 11868, 248
2026/10/01 23:31:55.185, 0, 12288, 11868, 248
2026/10/01 23:31:55.393, 0, 12288, 11868, 248
2026/10/01 23:31:55.599, 0, 12288, 11868, 248
2026/10/01 23:31:55.806, 0, 12288, 11868, 248
2026/10/01 23:31:56.013, 0, 12288, 11868, 248
2026/10/01 23:31:56.220, 0, 12288, 11868, 248
2026/10/01 23:31:56.427, 0, 12288, 11868, 248
2026/10/01 23:31:56.633, 0, 12288, 11868, 248
2026/10/01 23:31:56.840, 0, 12288, 11868, 248
2026/10/01 23:31:57.047, 0, 12288, 11868, 248
2026/10/01 23:31:57.253, 0, 12288, 11868, 248
2026/10/01 23:31:57.459, 0, 12288, 11868, 248
2026/10/01 23:31:57.666, 0, 12288, 11868, 248
2026/10/01 23:31:57.873, 0, 12288, 11868, 248
2026/10/01 23:31:58.080, 0, 12288, 11868, 248
2026/10/01 23:31:58.287, 0, 12288, 11868, 248
2026/10/01 23:31:58.493, 0, 12288, 11868, 248
2026/10/01 23:31:58.700, 0, 12288, 11868, 248
2026/10/01 23:31:58.905, 0, 12288, 11868, 248
2026/10/01 23:31:59.111, 0, 12288, 11868, 248
2026/10/01 23:31:59.317, 0, 12288, 11868, 248
2026/10/01 23:31:59.524, 0, 12288, 11868, 248
2026/10/01 23:31:59.728, 0, 12288, 11868, 248
2026/10/01 23:31:59.933, 0, 12288, 11868, 248
2026/10/01 23:32:00.139, 0, 12288, 11868, 248
2026/10/01 23:32:00.345, 0, 12288, 11868, 248
2026/10/01 23:32:00.551, 0, 12288, 11868, 248
2026/10/01 23:32:00.757, 0, 12288, 11868, 248
2026/10/01 23:32:00.961, 0, 12288, 11868, 248
2026/10/01 23:32:01.166, 0, 12288, 11868, 248
2026/10/01 23:32:01.373, 0, 12288, 11868, 248
2026/10/01 23:32:01.580, 0, 12288, 11868, 248
2026/10/01 23:32:01.786, 0, 12288, 11868, 248
2026/10/01 23:32:01.993, 0, 12288, 11868, 248
2026/10/01 23:32:02.197, 0, 12288, 11868, 248
2026/10/01 23:32:02.404, 0, 12288, 11868, 248
2026/10/01 23:32:02.611, 0, 12288, 11868, 248
2026/10/01 23:32:02.817, 0, 12288, 11868, 248
2026/10/01 23:32:03.023, 0, 12288, 11868, 248
2026/10/01 23:32:03.228, 0, 12288, 11868, 248
2026/10/01 23:32:03.434, 0, 12288, 11868, 248
2026/10/01 23:32:03.640, 0, 12288, 11868, 248
2026/10/01 23:32:03.845, 0, 12288, 11868, 248
2026/10/01 23:32:04.051, 0, 12288, 11868, 248
2026/10/01 23:32:04.256, 0, 12288, 11868, 248
2026/10/01 23:32:04.462, 0, 12288, 11868, 248
2026/10/01 23:32:04.667, 0, 12288, 11868, 248
2026/10/01 23:32:04.873, 0, 12288, 11868, 248
2026/10/01 23:32:05.077, 0, 12288, 11868, 248
2026/10/01 23:32:05.283, 0, 12288, 11868, 248
2026/10/01 23:32:05.490, 0, 12288, 11868, 248
2026/10/01 23:32:05.695, 0, 12288, 11868, 248
2026/10/01 23:32:05.902, 0, 12288, 11868, 248
2026/10/01 23:32:06.109, 0, 12288, 11868, 248
2026/10/01 23:32:06.316, 0, 12288, 11868, 248
2026/10/01 23:32:06.521, 0, 12288, 11868, 248
2026/10/01 23:32:06.727, 0, 12288, 11868, 248
2026/10/01 23:32:06.933, 0, 12288, 11868, 248
2026/10/01 23:32:07.139, 0, 12288, 11868, 248
2026/10/01 23:32:07.345, 0, 12288, 11868, 248
2026/10/01 23:32:07.552, 0, 12288, 11868, 248
2026/10/01 23:32:07.758, 0, 12288, 11868, 248
2026/10/01 23:32:07.966, 0, 12288, 11868, 248
2026/10/01 23:32:08.172, 0, 12288, 11868, 248
2026/10/01 23:32:08.378, 0, 12288, 11868, 248
2026/10/01 23:32:08.586, 0, 12288, 11868, 248
2026/10/01 23:32:08.793, 0, 12288, 11868, 248
2026/10/01 23:32:08.998, 0, 12288, 11868, 248
2026/10/01 23:32:09.204, 0, 12288, 11868, 248
2026/10/01 23:32:09.409, 0, 12288, 11868, 248
2026/10/01 23:32:09.617, 0, 12288, 11868, 248
2026/10/01 23:32:09.823, 0, 12288, 11868, 248
2026/10/01 23:32:10.029, 0, 12288, 11868, 248
2026/10/01 23:32:10.234, 0, 12288, 11868, 248
2026/10/01 23:32:10.441, 0, 12288, 11868, 248
2026/10/01 23:32:10.648, 0, 12288, 11868, 248
2026/10/01 23:32:10.854, 0, 12288, 11868, 248
2026/10/01 23:32:11.059, 0, 12288, 11868, 248
2026/10/01 23:32:11.267, 0, 12288, 11868, 248
2026/10/01 23:32:11.474, 0, 12288, 11868, 248
2026/10/01 23:32:11.679, 0, 12288, 11868, 248
2026/10/01 23:32:11.884, 0, 12288, 11868, 248
2026/10/01 23:32:12.089, 0, 12288, 11868, 248
2026/10/01 23:32:12.295, 0, 12288, 11868, 248
2026/10/01 23:32:12.501, 0, 12288, 11868, 248
2026/10/01 23:32:12.708, 0, 12288, 11868, 248
2026/10/01 23:32:12.913, 0, 12288, 11868, 248
2026/10/01 23:32:13.119, 0, 12288, 11868, 248
2026/10/01 23:32:13.326, 0, 12288, 11868, 248
2026/10/01 23:32:13.532, 0, 12288, 11868, 248
2026/10/01 23:32:13.738, 0, 12288, 11868, 248
2026/10/01 23:32:13.945, 0, 12288, 11868, 248
2026/10/01 23:32:14.150, 0, 12288, 11868, 248
2026/10/01 23:32:14.357, 0, 12288, 11868, 248
2026/10/01 23:32:14.563, 0, 12288, 11868, 248
2026/10/01 23:32:14.768, 0, 12288, 11868, 248
2026/10/01 23:32:14.975, 0, 12288, 11868, 248
2026/10/01 23:32:15.181, 0, 12288, 11868, 248
2026/10/01 23:32:15.387, 0, 12288, 11868, 248
2026/10/01 23:32:15.594, 0, 12288, 11868, 248
2026/10/01 23:32:15.802, 0, 12288, 11868, 248
2026/10/01 23:32:16.008, 0, 12288, 11868, 248
2026/10/01 23:32:16.214, 0, 12288, 11868, 248
2026/10/01 23:32:16.420, 0, 12288, 11868, 248
2026/10/01 23:32:16.625, 0, 12288, 11868, 248
2026/10/01 23:32:16.831, 0, 12288, 11868, 248
2026/10/01 23:32:17.037, 0, 12288, 11868, 248
2026/10/01 23:32:17.244, 0, 12288, 11868, 248
2026/10/01 23:32:17.451, 0, 12288, 11868, 248
2026/10/01 23:32:17.658, 0, 12288, 11868, 248
2026/10/01 23:32:17.863, 0, 12288, 11868, 248
2026/10/01 23:32:18.070, 0, 12288, 11868, 248
2026/10/01 23:32:18.274, 0, 12288, 11868, 248
2026/10/01 23:32:18.482, 0, 12288, 11868, 248
2026/10/01 23:32:18.686, 0, 12288, 11868, 248
2026/10/01 23:32:18.893, 0, 12288, 11868, 248
2026/10/01 23:32:19.098, 0, 12288, 11868, 248
2026/10/01 23:32:19.304, 0, 12288, 11868, 248
2026/10/01 23:32:19.510, 0, 12288, 11868, 248
2026/10/01 23:32:19.716, 0, 12288, 11868, 248
2026/10/01 23:32:19.919, 0, 12288, 11868, 248
2026/10/01 23:32:20.127, 0, 12288, 11868, 248
2026/10/01 23:32:20.332, 0, 12288, 11868, 248
2026/10/01 23:32:20.538, 0, 12288, 11868, 248
2026/10/01 23:32:20.744, 0, 12288, 11868, 248
2026/10/01 23:32:20.950, 0, 12288, 11868, 248
2026/10/01 23:32:21.157, 0, 12288, 11868, 248
2026/10/01 23:32:21.363, 0, 12288, 11868, 248
2026/10/01 23:32:21.568, 0, 12288, 11868, 248
2026/10/01 23:32:21.776, 0, 12288, 11868, 248
2026/10/01 23:32:21.982, 0, 12288, 11868, 248
2026/10/01 23:32:22.188, 0, 12288, 11868, 248
2026/10/01 23:32:22.394, 0, 12288, 11868, 248
2026/10/01 23:32:22.601, 0, 12288, 11868, 248
2026/10/01 23:32:22.806, 0, 12288, 11868, 248
2026/10/01 23:32:23.013, 0, 12288, 11868, 248
2026/10/01 23:32:23.220, 0, 12288, 11868, 248
2026/10/01 23:32:23.425, 0, 12288, 11868, 248
2026/10/01 23:32:23.631, 0, 12288, 11868, 248
2026/10/01 23:32:23.836, 0, 12288, 11868, 248
2026/10/01 23:32:24.043, 0, 12288, 11868, 248
2026/10/01 23:32:24.250, 0, 12288, 11868, 248
2026/10/01 23:32:24.458, 0, 12288, 11868, 248
2026/10/01 23:32:24.665, 0, 12288, 11868, 248
2026/10/01 23:32:24.870, 0, 12288, 11868, 248
2026/10/01 23:32:25.075, 0, 12288, 11868, 248
2026/10/01 23:32:25.282, 0, 12288, 11868, 248
2026/10/01 23:32:25.488, 0, 12288, 11868, 248
2026/10/01 23:32:25.695, 0, 12288, 11868, 248
2026/10/01 23:32:25.901, 0, 12288, 11868, 248
2026/10/01 23:32:26.106, 0, 12288, 11868, 248
2026/10/01 23:32:26.312, 0, 12288, 11868, 248
2026/10/01 23:32:26.518, 0, 12288, 11868, 248
2026/10/01 23:32:26.725, 0, 12288, 11868, 248
2026/10/01 23:32:26.930, 0, 12288, 11868, 248
2026/10/01 23:32:27.136, 0, 12288, 11868, 248
2026/10/01 23:32:27.342, 0, 12288, 11868, 248
2026/10/01 23:32:27.548, 0, 12288, 11868, 248
2026/10/01 23:32:27.753, 0, 12288, 11868, 248
2026/10/01 23:32:27.958, 0, 12288, 11868, 248
2026/10/01 23:32:28.163, 0, 12288, 11868, 248
2026/10/01 23:32:28.368, 0, 12288, 11868, 248
2026/10/01 23:32:28.574, 0, 12288, 11868, 248
2026/10/01 23:32:28.782, 0, 12288, 11868, 248
2026/10/01 23:32:28.988, 0, 12288, 11868, 248
2026/10/01 23:32:29.192, 0, 12288, 11868, 248
2026/10/01 23:32:29.398, 0, 12288, 11868, 248
2026/10/01 23:32:29.603, 0, 12288, 11868, 248
2026/10/01 23:32:29.810, 0, 12288, 11868, 248
2026/10/01 23:32:30.016, 0, 12288, 11868, 248
2026/10/01 23:32:30.222, 0, 12288, 11868, 248
2026/10/01 23:32:30.429, 0, 12288, 11868, 248
2026/10/01 23:32:30.635, 0, 12288, 11868, 248
2026/10/01 23:32:30.839, 0, 12288, 11868, 248
2026/10/01 23:32:31.045, 0, 12288, 11868, 248
2026/10/01 23:32:31.251, 0, 12288, 11868, 248
2026/10/01 23:32:31.458, 0, 12288, 11868, 248
2026/10/01 23:32:31.664, 0, 12288, 11868, 248
2026/10/01 23:32:31.870, 0, 12288, 11868, 248
2026/10/01 23:32:32.077, 0, 12288, 11868, 248
2026/10/01 23:32:32.282, 0, 12288, 11868, 248
2026/10/01 23:32:32.488, 0, 12288, 11868, 248
2026/10/01 23:32:32.695, 0, 12288, 11868, 248
2026/10/01 23:32:32.900, 0, 12288, 11868, 248
2026/10/01 23:32:33.106, 0, 12288, 11868, 248
2026/10/01 23:32:33.312, 0, 12288, 11868, 248
2026/10/01 23:32:33.519, 0, 12288, 11868, 248
2026/10/01 23:32:33.725, 0, 12288, 11868, 248
2026/10/01 23:32:33.930, 0, 12288, 11868, 248
2026/10/01 23:32:34.137, 0, 12288, 11868, 248
2026/10/01 23:32:34.342, 0, 12288, 11868, 248
2026/10/01 23:32:34.549, 0, 12288, 11868, 248
2026/10/01 23:32:34.756, 0, 12288, 11868, 248
2026/10/01 23:32:34.960, 0, 12288, 11868, 248
2026/10/01 23:32:35.167, 0, 12288, 11868, 248
2026/10/01 23:32:35.372, 0, 12288, 11868, 248
2026/10/01 23:32:35.579, 0, 12288, 11868, 248
2026/10/01 23:32:35.785, 0, 12288, 11868, 248
2026/10/01 23:32:35.991, 0, 12288, 11868, 248
2026/10/01 23:32:36.198, 0, 12288, 11868, 248
2026/10/01 23:32:36.403, 0, 12288, 11868, 248
2026/10/01 23:32:36.609, 0, 12288, 11868, 248
2026/10/01 23:32:36.817, 0, 12288, 11868, 248
2026/10/01 23:32:37.024, 0, 12288, 11868, 248
2026/10/01 23:32:37.229, 0, 12288, 11868, 248
2026/10/01 23:32:37.436, 0, 12288, 11868, 248
2026/10/01 23:32:37.643, 0, 12288, 11868, 248
2026/10/01 23:32:37.849, 0, 12288, 11868, 248
2026/10/01 23:32:38.055, 0, 12288, 11868, 248
2026/10/01 23:32:38.262, 0, 12288, 11868, 248
2026/10/01 23:32:38.469, 0, 12288, 11868, 248
2026/10/01 23:32:38.676, 0, 12288, 11868, 248
2026/10/01 23:32:38.882, 0, 12288, 11868, 248
2026/10/01 23:32:39.087, 0, 12288, 11868, 248
2026/10/01 23:32:39.291, 0, 12288, 11868, 248
2026/10/01 23:32:39.496, 0, 12288, 11868, 248
2026/10/01 23:32:39.702, 0, 12288, 11868, 248
2026/10/01 23:32:39.909, 0, 12288, 11868, 248
2026/10/01 23:32:40.116, 0, 12288, 11868, 248
2026/10/01 23:32:40.322, 0, 12288, 11868, 248
2026/10/01 23:32:40.527, 0, 12288, 11868, 248
2026/10/01 23:32:40.732, 0, 12288, 11868, 248
2026/10/01 23:32:40.937, 0, 12288, 11868, 248
2026/10/01 23:32:41.143, 0, 12288, 11868, 248
2026/10/01 23:32:41.349, 0, 12288, 11868, 248
2026/10/01 23:32:41.555, 0, 12288, 11868, 248
2026/10/01 23:32:41.761, 0, 12288, 11868, 248
2026/10/01 23:32:41.968, 0, 12288, 11868, 248
2026/10/01 23:32:42.173, 0, 12288, 11868, 248
2026/10/01 23:32:42.378, 0, 12288, 11868, 248
2026/10/01 23:32:42.586, 0, 12288, 11868, 248
2026/10/01 23:32:42.791, 0, 12288, 11868, 248
2026/10/01 23:32:42.998, 0, 12288, 11868, 248
2026/10/01 23:32:43.204, 0, 12288, 11868, 248
2026/10/01 23:32:43.409, 0, 12288, 11868, 248
2026/10/01 23:32:43.616, 0, 12288, 11868, 248
2026/10/01 23:32:43.822, 0, 12288, 11868, 248
2026/10/01 23:32:44.029, 0, 12288, 11868, 248
2026/10/01 23:32:44.234, 0, 12288, 11868, 248
2026/10/01 23:32:44.443, 0, 12288, 11868, 248
2026/10/01 23:32:44.646, 0, 12288, 11868, 248
2026/10/01 23:32:44.850, 0, 12288, 11868, 248
2026/10/01 23:32:45.056, 0, 12288, 11868, 248
2026/10/01 23:32:45.262, 0, 12288, 11868, 248
2026/10/01 23:32:45.468, 0, 12288, 11868, 248
2026/10/01 23:32:45.674, 0, 12288, 11868, 248
2026/10/01 23:32:45.880, 0, 12288, 11868, 248
2026/10/01 23:32:46.083, 0, 12288, 11868, 248
2026/10/01 23:32:46.289, 0, 12288, 11868, 248
2026/10/01 23:32:46.497, 0, 12288, 11868, 248
2026/10/01 23:32:46.704, 0, 12288, 11868, 248
2026/10/01 23:32:46.911, 0, 12288, 11868, 248
2026/10/01 23:32:47.117, 0, 12288, 11868, 248
2026/10/01 23:32:47.323, 0, 12288, 11868, 248
2026/10/01 23:32:47.529, 0, 12288, 11868, 248
2026/10/01 23:32:47.736, 0, 12288, 11868, 248
2026/10/01 23:32:47.943, 0, 12288, 11868, 248
2026/10/01 23:32:48.148, 0, 12288, 11868, 248
2026/10/01 23:32:48.355, 0, 12288, 11868, 248
2026/10/01 23:32:48.561, 0, 12288, 11868, 248
2026/10/01 23:32:48.765, 0, 12288, 11868, 248
2026/10/01 23:32:48.971, 0, 12288, 11868, 248
2026/10/01 23:32:49.176, 0, 12288, 11868, 248
2026/10/01 23:32:49.381, 0, 12288, 11868, 248
2026/10/01 23:32:49.587, 0, 12288, 11868, 248
2026/10/01 23:32:49.794, 0, 12288, 11868, 248
2026/10/01 23:32:50.000, 0, 12288, 11868, 248
2026/10/01 23:32:50.206, 0, 12288, 11868, 248
2026/10/01 23:32:50.412, 0, 12288, 11868, 248
2026/10/01 23:32:50.619, 0, 12288, 11868, 248
2026/10/01 23:32:50.825, 0, 12288, 11868, 248
2026/10/01 23:32:51.030, 0, 12288, 11868, 248
2026/10/01 23:32:51.237, 0, 12288, 11868, 248
2026/10/01 23:32:51.444, 0, 12288, 11868, 248
2026/10/01 23:32:51.649, 0, 12288, 11868, 248
2026/10/01 23:32:51.855, 0, 12288, 11868, 248
2026/10/01 23:32:52.063, 0, 12288, 11868, 248
2026/10/01 23:32:52.265, 0, 12288, 11868, 248
2026/10/01 23:32:52.472, 0, 12288, 11868, 248
2026/10/01 23:32:52.678, 0, 12288, 11868, 248
2026/10/01 23:32:52.883, 0, 12288, 11868, 248
2026/10/01 23:32:53.090, 0, 12288, 11868, 248
2026/10/01 23:32:53.297, 0, 12288, 11868, 248
2026/10/01 23:32:53.502, 0, 12288, 11868, 248
2026/10/01 23:32:53.707, 0, 12288, 11868, 248
2026/10/01 23:32:53.913, 0, 12288, 11868, 248
2026/10/01 23:32:54.119, 0, 12288, 11868, 248
2026/10/01 23:32:54.325, 0, 12288, 11868, 248
2026/10/01 23:32:54.531, 0, 12288, 11868, 248
2026/10/01 23:32:54.734, 0, 12288, 11868, 248
2026/10/01 23:32:54.940, 0, 12288, 11868, 248
2026/10/01 23:32:55.146, 0, 12288, 11868, 248
2026/10/01 23:32:55.352, 0, 12288, 11868, 248
2026/10/01 23:32:55.559, 0, 12288, 11868, 248
2026/10/01 23:32:55.766, 0, 12288, 11868, 248
2026/10/01 23:32:55.972, 0, 12288, 11868, 248
2026/10/01 23:32:56.177, 0, 12288, 11868, 248
2026/10/01 23:32:56.384, 0, 12288, 11868, 248
2026/10/01 23:32:56.589, 0, 12288, 11868, 248
2026/10/01 23:32:56.795, 0, 12288, 11868, 248
2026/10/01 23:32:57.000, 0, 12288, 11868, 248
2026/10/01 23:32:57.204, 0, 12288, 11868, 248
2026/10/01 23:32:57.408, 0, 12288, 11868, 248
2026/10/01 23:32:57.614, 0, 12288, 11868, 248
2026/10/01 23:32:57.820, 0, 12288, 11868, 248
2026/10/01 23:32:58.028, 0, 12288, 11868, 248
2026/10/01 23:32:58.233, 0, 12288, 11868, 248
2026/10/01 23:32:58.439, 0, 12288, 11868, 248
2026/10/01 23:32:58.645, 0, 12288, 11868, 248
2026/10/01 23:32:58.852, 0, 12288, 11868, 248
2026/10/01 23:32:59.060, 0, 12288, 11868, 248
2026/10/01 23:32:59.266, 0, 12288, 11868, 248
2026/10/01 23:32:59.472, 0, 12288, 11868, 248
2026/10/01 23:32:59.679, 0, 12288, 11868, 248
2026/10/01 23:32:59.883, 0, 12288, 11868, 248
2026/10/01 23:33:00.088, 0, 12288, 11868, 248
2026/10/01 23:33:00.293, 0, 12288, 11868, 248
2026/10/01 23:33:00.499, 0, 12288, 11868, 248
2026/10/01 23:33:00.705, 0, 12288, 11868, 248
2026/10/01 23:33:00.911, 0, 12288, 11868, 248
2026/10/01 23:33:01.118, 0, 12288, 11868, 248
2026/10/01 23:33:01.325, 0, 12288, 11868, 248
2026/10/01 23:33:01.529, 0, 12288, 11868, 248
2026/10/01 23:33:01.735, 0, 12288, 11868, 248
2026/10/01 23:33:01.941, 0, 12288, 11868, 248
2026/10/01 23:33:02.147, 0, 12288, 11868, 248
2026/10/01 23:33:02.354, 0, 12288, 11868, 248
2026/10/01 23:33:02.559, 0, 12288, 11868, 248
2026/10/01 23:33:02.765, 0, 12288, 11868, 248
2026/10/01 23:33:02.973, 0, 12288, 11868, 248
2026/10/01 23:33:03.179, 0, 12288, 11868, 248
2026/10/01 23:33:03.386, 0, 12288, 11868, 248
2026/10/01 23:33:03.591, 0, 12288, 11868, 248
2026/10/01 23:33:03.797, 0, 12288, 11868, 248
2026/10/01 23:33:04.001, 0, 12288, 11868, 248
2026/10/01 23:33:04.209, 0, 12288, 11868, 248
2026/10/01 23:33:04.416, 0, 12288, 11868, 248
2026/10/01 23:33:04.622, 0, 12288, 11868, 248
2026/10/01 23:33:04.829, 0, 12288, 11868, 248
2026/10/01 23:33:05.036, 0, 12288, 11868, 248
2026/10/01 23:33:05.242, 0, 12288, 11868, 248
2026/10/01 23:33:05.449, 0, 12288, 11868, 248
2026/10/01 23:33:05.655, 0, 12288, 11868, 248
2026/10/01 23:33:05.860, 0, 12288, 11868, 248
2026/10/01 23:33:06.064, 0, 12288, 11868, 248
2026/10/01 23:33:06.273, 0, 12288, 11868, 248
2026/10/01 23:33:06.480, 0, 12288, 11868, 248
2026/10/01 23:33:06.685, 0, 12288, 11868, 248
2026/10/01 23:33:06.892, 0, 12288, 11868, 248
2026/10/01 23:33:07.097, 0, 12288, 11868, 248
2026/10/01 23:33:07.304, 0, 12288, 11868, 248
2026/10/01 23:33:07.508, 0, 12288, 11868, 248
2026/10/01 23:33:07.713, 0, 12288, 11868, 248
2026/10/01 23:33:07.919, 0, 12288, 11868, 248
2026/10/01 23:33:08.125, 0, 12288, 11868, 248
2026/10/01 23:33:08.330, 0, 12288, 11868, 248
2026/10/01 23:33:08.538, 0, 12288, 11868, 248
2026/10/01 23:33:08.745, 0, 12288, 11868, 248
2026/10/01 23:33:08.950, 0, 12288, 11868, 248
2026/10/01 23:33:09.158, 0, 12288, 11868, 248
2026/10/01 23:33:09.363, 0, 12288, 11868, 248
2026/10/01 23:33:09.570, 0, 12288, 11868, 248
2026/10/01 23:33:09.775, 0, 12288, 11868, 248
2026/10/01 23:33:09.982, 0, 12288, 11868, 248
2026/10/01 23:33:10.187, 0, 12288, 11868, 248
2026/10/01 23:33:10.394, 0, 12288, 11868, 248
2026/10/01 23:33:10.600, 0, 12288, 11868, 248
2026/10/01 23:33:10.806, 0, 12288, 11868, 248
2026/10/01 23:33:11.013, 0, 12288, 11868, 248
2026/10/01 23:33:11.235, 0, 12288, 11868, 248
2026/10/01 23:33:11.441, 0, 12288, 11868, 248
2026/10/01 23:33:11.646, 0, 12288, 11868, 248
2026/10/01 23:33:11.853, 0, 12288, 11868, 248
2026/10/01 23:33:12.059, 0, 12288, 11868, 248
2026/10/01 23:33:12.266, 0, 12288, 11868, 248
2026/10/01 23:33:12.472, 0, 12288, 11868, 248
2026/10/01 23:33:12.678, 0, 12288, 11868, 248
2026/10/01 23:33:12.884, 0, 12288, 11868, 248
2026/10/01 23:33:13.090, 0, 12288, 11868, 248
2026/10/01 23:33:13.296, 0, 12288, 11868, 248
2026/10/01 23:33:13.502, 0, 12288, 11868, 248
2026/10/01 23:33:13.709, 0, 12288, 11868, 248
2026/10/01 23:33:13.916, 0, 12288, 11868, 248
2026/10/01 23:33:14.123, 0, 12288, 11868, 248
2026/10/01 23:33:14.329, 0, 12288, 11868, 248
2026/10/01 23:33:14.535, 0, 12288, 11868, 248
2026/10/01 23:33:14.741, 0, 12288, 11868, 248
2026/10/01 23:33:14.948, 0, 12288, 11868, 248
2026/10/01 23:33:15.154, 0, 12288, 11868, 248
2026/10/01 23:33:15.360, 0, 12288, 11868, 248
2026/10/01 23:33:15.566, 0, 12288, 11868, 248
2026/10/01 23:33:15.772, 0, 12288, 11868, 248
2026/10/01 23:33:15.978, 0, 12288, 11868, 248
2026/10/01 23:33:16.185, 0, 12288, 11868, 248
2026/10/01 23:33:16.390, 0, 12288, 11868, 248
2026/10/01 23:33:16.597, 0, 12288, 11868, 248
2026/10/01 23:33:16.802, 0, 12288, 11868, 248
2026/10/01 23:33:17.011, 0, 12288, 11868, 248
2026/10/01 23:33:17.215, 0, 12288, 11868, 248
2026/10/01 23:33:17.421, 0, 12288, 11868, 248
2026/10/01 23:33:17.626, 0, 12288, 11868, 248
2026/10/01 23:33:17.833, 0, 12288, 11868, 248
2026/10/01 23:33:18.038, 0, 12288, 11868, 248
2026/10/01 23:33:18.245, 0, 12288, 11868, 248
2026/10/01 23:33:18.450, 0, 12288, 11868, 248
2026/10/01 23:33:18.657, 0, 12288, 11868, 248
2026/10/01 23:33:18.864, 0, 12288, 11868, 248
2026/10/01 23:33:19.071, 0, 12288, 11868, 248
2026/10/01 23:33:19.275, 0, 12288, 11868, 248
2026/10/01 23:33:19.481, 0, 12288, 11868, 248
2026/10/01 23:33:19.687, 0, 12288, 11868, 248
2026/10/01 23:33:19.890, 0, 12288, 11868, 248
2026/10/01 23:33:20.096, 0, 12288, 11868, 248
2026/10/01 23:33:20.303, 0, 12288, 11868, 248
2026/10/01 23:33:20.510, 0, 12288, 11868, 248
2026/10/01 23:33:20.716, 0, 12288, 11868, 248
2026/10/01 23:33:20.921, 0, 12288, 11868, 248
2026/10/01 23:33:21.128, 0, 12288, 11868, 248
2026/10/01 23:33:21.334, 0, 12288, 11868, 248
2026/10/01 23:33:21.540, 0, 12288, 11868, 248
2026/10/01 23:33:21.747, 0, 12288, 11868, 248
2026/10/01 23:33:21.954, 0, 12288, 11868, 248
2026/10/01 23:33:22.160, 0, 12288, 11868, 248
2026/10/01 23:33:22.366, 0, 12288, 11868, 248
2026/10/01 23:33:22.571, 0, 12288, 11868, 248
2026/10/01 23:33:22.776, 0, 12288, 11868, 248
2026/10/01 23:33:22.982, 0, 12288, 11868, 248
2026/10/01 23:33:23.188, 0, 12288, 11868, 248
2026/10/01 23:33:23.394, 0, 12288, 11868, 248
2026/10/01 23:33:23.599, 0, 12288, 11868, 248
2026/10/01 23:33:23.806, 0, 12288, 11868, 248
2026/10/01 23:33:24.011, 0, 12288, 11868, 248
2026/10/01 23:33:24.219, 0, 12288, 11868, 248
2026/10/01 23:33:24.424, 0, 12288, 11868, 248
2026/10/01 23:33:24.629, 0, 12288, 11868, 248
2026/10/01 23:33:24.835, 0, 12288, 11868, 248
2026/10/01 23:33:25.040, 0, 12288, 11868, 248
2026/10/01 23:33:25.247, 0, 12288, 11868, 248
2026/10/01 23:33:25.453, 0, 12288, 11868, 248
2026/10/01 23:33:25.657, 0, 12288, 11868, 248
2026/10/01 23:33:25.863, 0, 12288, 11868, 248
2026/10/01 23:33:26.069, 0, 12288, 11868, 248
2026/10/01 23:33:26.276, 0, 12288, 11868, 248
2026/10/01 23:33:26.482, 0, 12288, 11868, 248
2026/10/01 23:33:26.688, 0, 12288, 11868, 248
2026/10/01 23:33:26.893, 0, 12288, 11868, 248
2026/10/01 23:33:27.099, 0, 12288, 11868, 248
2026/10/01 23:33:27.305, 0, 12288, 11868, 248
2026/10/01 23:33:27.511, 0, 12288, 11868, 248
2026/10/01 23:33:27.717, 0, 12288, 11868, 248
2026/10/01 23:33:27.923, 0, 12288, 11868, 248
2026/10/01 23:33:28.128, 0, 12288, 11868, 248
2026/10/01 23:33:28.335, 0, 12288, 11868, 248
2026/10/01 23:33:28.541, 0, 12288, 11868, 248
2026/10/01 23:33:28.747, 0, 12288, 11868, 248
2026/10/01 23:33:28.953, 0, 12288, 11868, 248
2026/10/01 23:33:29.158, 0, 12288, 11868, 248
2026/10/01 23:33:29.366, 0, 12288, 11868, 248
2026/10/01 23:33:29.572, 0, 12288, 11868, 248
2026/10/01 23:33:29.778, 0, 12288, 11868, 248
2026/10/01 23:33:29.987, 0, 12288, 11868, 248
2026/10/01 23:33:30.192, 0, 12288, 11868, 248
2026/10/01 23:33:30.398, 0, 12288, 11868, 248
2026/10/01 23:33:30.606, 0, 12288, 11868, 248
2026/10/01 23:33:30.811, 0, 12288, 11868, 248
2026/10/01 23:33:31.017, 0, 12288, 11868, 248
2026/10/01 23:33:31.224, 0, 12288, 11868, 248
2026/10/01 23:33:31.428, 0, 12288, 11868, 248
2026/10/01 23:33:31.633, 0, 12288, 11868, 248
2026/10/01 23:33:31.838, 0, 12288, 11868, 248
2026/10/01 23:33:32.045, 0, 12288, 11868, 248
2026/10/01 23:33:32.252, 0, 12288, 11868, 248
2026/10/01 23:33:32.457, 0, 12288, 11868, 248
2026/10/01 23:33:32.663, 0, 12288, 11868, 248
2026/10/01 23:33:32.869, 0, 12288, 11868, 248
2026/10/01 23:33:33.076, 0, 12288, 11868, 248
2026/10/01 23:33:33.282, 0, 12288, 11868, 248
2026/10/01 23:33:33.490, 0, 12288, 11868, 248
2026/10/01 23:33:33.697, 0, 12288, 11868, 248
2026/10/01 23:33:33.903, 0, 12288, 11868, 248
2026/10/01 23:33:34.108, 0, 12288, 11868, 248
2026/10/01 23:33:34.314, 0, 12288, 11868, 248
2026/10/01 23:33:34.522, 0, 12288, 11868, 248
2026/10/01 23:33:34.728, 0, 12288, 11868, 248
2026/10/01 23:33:34.933, 0, 12288, 11868, 248
2026/10/01 23:33:35.141, 0, 12288, 11868, 248
2026/10/01 23:33:35.344, 0, 12288, 11868, 248
2026/10/01 23:33:35.550, 0, 12288, 11868, 248
2026/10/01 23:33:35.773, 0, 12288, 11868, 248
2026/10/01 23:33:35.980, 0, 12288, 11868, 248
2026/10/01 23:33:36.187, 0, 12288, 11868, 248
2026/10/01 23:33:36.393, 0, 12288, 11868, 248
2026/10/01 23:33:36.598, 0, 12288, 11868, 248
2026/10/01 23:33:36.804, 0, 12288, 11868, 248
2026/10/01 23:33:37.010, 0, 12288, 11868, 248
2026/10/01 23:33:37.216, 0, 12288, 11868, 248
2026/10/01 23:33:37.422, 0, 12288, 11868, 248
2026/10/01 23:33:37.628, 0, 12288, 11868, 248
2026/10/01 23:33:37.834, 0, 12288, 11868, 248
2026/10/01 23:33:38.039, 0, 12288, 11868, 248
2026/10/01 23:33:38.246, 0, 12288, 11868, 248
2026/10/01 23:33:38.453, 0, 12288, 11868, 248
2026/10/01 23:33:38.659, 0, 12288, 11868, 248
2026/10/01 23:33:38.866, 0, 12288, 11868, 248
2026/10/01 23:33:39.069, 0, 12288, 11868, 248
2026/10/01 23:33:39.274, 0, 12288, 11868, 248
2026/10/01 23:33:39.480, 0, 12288, 11868, 248
2026/10/01 23:33:39.687, 0, 12288, 11868, 248
2026/10/01 23:33:39.892, 0, 12288, 11868, 248
2026/10/01 23:33:40.098, 0, 12288, 11868, 248
2026/10/01 23:33:40.305, 0, 12288, 11868, 248
2026/10/01 23:33:40.512, 0, 12288, 11868, 248
2026/10/01 23:33:40.717, 0, 12288, 11868, 248
2026/10/01 23:33:40.924, 0, 12288, 11868, 248
2026/10/01 23:33:41.129, 0, 12288, 11868, 248
2026/10/01 23:33:41.335, 0, 12288, 11868, 248
2026/10/01 23:33:41.543, 0, 12288, 11868, 248
2026/10/01 23:33:41.748, 0, 12288, 11868, 248
2026/10/01 23:33:41.954, 0, 12288, 11868, 248
2026/10/01 23:33:42.160, 0, 12288, 11868, 248
2026/10/01 23:33:42.365, 0, 12288, 11868, 248
2026/10/01 23:33:42.587, 0, 12288, 11868, 248
2026/10/01 23:33:42.792, 0, 12288, 11868, 248
2026/10/01 23:33:42.998, 0, 12288, 11868, 248
2026/10/01 23:33:43.205, 0, 12288, 11868, 248
2026/10/01 23:33:43.411, 0, 12288, 11868, 248
2026/10/01 23:33:43.617, 0, 12288, 11868, 248
2026/10/01 23:33:43.822, 0, 12288, 11868, 248
2026/10/01 23:33:44.029, 0, 12288, 11868, 248
2026/10/01 23:33:44.235, 0, 12288, 11868, 248
2026/10/01 23:33:44.439, 0, 12288, 11868, 248
2026/10/01 23:33:44.645, 0, 12288, 11868, 248
2026/10/01 23:33:44.851, 0, 12288, 11868, 248
2026/10/01 23:33:45.055, 0, 12288, 11868, 248
2026/10/01 23:33:45.261, 0, 12288, 11868, 248
2026/10/01 23:33:45.468, 0, 12288, 11868, 248
2026/10/01 23:33:45.673, 0, 12288, 11868, 248
2026/10/01 23:33:45.879, 0, 12288, 11868, 248
2026/10/01 23:33:46.087, 0, 12288, 11868, 248
2026/10/01 23:33:46.293, 0, 12288, 11868, 248
2026/10/01 23:33:46.497, 0, 12288, 11868, 248
2026/10/01 23:33:46.703, 0, 12288, 11868, 248
2026/10/01 23:33:46.908, 0, 12288, 11868, 248
2026/10/01 23:33:47.113, 0, 12288, 11868, 248
2026/10/01 23:33:47.319, 0, 12288, 11868, 248
2026/10/01 23:33:47.523, 0, 12288, 11868, 248
2026/10/01 23:33:47.730, 0, 12288, 11868, 248
2026/10/01 23:33:47.937, 0, 12288, 11868, 248
2026/10/01 23:33:48.145, 0, 12288, 11868, 248
2026/10/01 23:33:48.351, 0, 12288, 11868, 248
2026/10/01 23:33:48.557, 0, 12288, 11868, 248
2026/10/01 23:33:48.763, 0, 12288, 11868, 248
2026/10/01 23:33:48.970, 0, 12288, 11868, 248
2026/10/01 23:33:49.174, 0, 12288, 11868, 248
2026/10/01 23:33:49.380, 0, 12288, 11868, 248
2026/10/01 23:33:49.585, 0, 12288, 11868, 248
2026/10/01 23:33:49.790, 0, 12288, 11868, 248
2026/10/01 23:33:49.997, 0, 12288, 11868, 248
2026/10/01 23:33:50.203, 0, 12288, 11868, 248
2026/10/01 23:33:50.410, 0, 12288, 11868, 248
2026/10/01 23:33:50.616, 0, 12288, 11868, 248
2026/10/01 23:33:50.822, 0, 12288, 11868, 248
2026/10/01 23:33:51.028, 0, 12288, 11868, 248
2026/10/01 23:33:51.234, 0, 12288, 11868, 248
2026/10/01 23:33:51.441, 0, 12288, 11868, 248
2026/10/01 23:33:51.646, 0, 12288, 11868, 248
2026/10/01 23:33:51.851, 0, 12288, 11868, 248
2026/10/01 23:33:52.058, 0, 12288, 11868, 248
2026/10/01 23:33:52.262, 0, 12288, 11868, 248
2026/10/01 23:33:52.469, 0, 12288, 11868, 248
2026/10/01 23:33:52.671, 0, 12288, 11868, 248
2026/10/01 23:33:52.877, 0, 12288, 11868, 248
2026/10/01 23:33:53.085, 0, 12288, 11868, 248
2026/10/01 23:33:53.289, 0, 12288, 11868, 248
2026/10/01 23:33:53.495, 0, 12288, 11868, 248
2026/10/01 23:33:53.702, 0, 12288, 11868, 248
2026/10/01 23:33:53.908, 0, 12288, 11868, 248
2026/10/01 23:33:54.115, 0, 12288, 11868, 248
2026/10/01 23:33:54.322, 0, 12288, 11868, 248
2026/10/01 23:33:54.529, 0, 12288, 11868, 248
2026/10/01 23:33:54.734, 0, 12288, 11868, 248
2026/10/01 23:33:54.939, 0, 12288, 11868, 248
2026/10/01 23:33:55.145, 0, 12288, 11868, 248
2026/10/01 23:33:55.349, 0, 12288, 11868, 248
2026/10/01 23:33:55.557, 0, 12288, 11868, 248
2026/10/01 23:33:55.764, 0, 12288, 11868, 248
2026/10/01 23:33:55.970, 0, 12288, 11868, 248
2026/10/01 23:33:56.175, 0, 12288, 11868, 248
2026/10/01 23:33:56.383, 0, 12288, 11868, 248
2026/10/01 23:33:56.590, 0, 12288, 11868, 248
2026/10/01 23:33:56.797, 0, 12288, 11868, 248
2026/10/01 23:33:57.002, 0, 12288, 11868, 248
2026/10/01 23:33:57.208, 0, 12288, 11868, 248
2026/10/01 23:33:57.413, 0, 12288, 11868, 248
2026/10/01 23:33:57.619, 0, 12288, 11868, 248
2026/10/01 23:33:57.825, 0, 12288, 11868, 248
2026/10/01 23:33:58.032, 0, 12288, 11868, 248
2026/10/01 23:33:58.237, 0, 12288, 11868, 248
2026/10/01 23:33:58.442, 0, 12288, 11868, 248
2026/10/01 23:33:58.649, 0, 12288, 11868, 248
2026/10/01 23:33:58.856, 0, 12288, 11868, 248
2026/10/01 23:33:59.062, 0, 12288, 11868, 248
2026/10/01 23:33:59.266, 0, 12288, 11868, 248
2026/10/01 23:33:59.474, 0, 12288, 11868, 248
2026/10/01 23:33:59.681, 0, 12288, 11868, 248
2026/10/01 23:33:59.886, 0, 12288, 11868, 248
2026/10/01 23:34:00.094, 0, 12288, 11868, 248
2026/10/01 23:34:00.299, 0, 12288, 11868, 248
2026/10/01 23:34:00.504, 0, 12288, 11868, 248
2026/10/01 23:34:00.708, 0, 12288, 11868, 248
2026/10/01 23:34:00.913, 0, 12288, 11868, 248
2026/10/01 23:34:01.118, 0, 12288, 11868, 248
2026/10/01 23:34:01.324, 0, 12288, 11868, 248
2026/10/01 23:34:01.530, 0, 12288, 11868, 248
2026/10/01 23:34:01.734, 0, 12288, 11868, 248
2026/10/01 23:34:01.939, 0, 12288, 11868, 248
2026/10/01 23:34:02.146, 0, 12288, 11868, 248
2026/10/01 23:34:02.352, 0, 12288, 11868, 248
2026/10/01 23:34:02.559, 0, 12288, 11868, 248
2026/10/01 23:34:02.765, 0, 12288, 11868, 248
2026/10/01 23:34:02.971, 0, 12288, 11868, 248
2026/10/01 23:34:03.179, 0, 12288, 11868, 248
2026/10/01 23:34:03.384, 0, 12288, 11868, 248
2026/10/01 23:34:03.588, 0, 12288, 11868, 248
2026/10/01 23:34:03.793, 0, 12288, 11868, 248
2026/10/01 23:34:03.998, 0, 12288, 11868, 248
2026/10/01 23:34:04.203, 0, 12288, 11868, 248
2026/10/01 23:34:04.409, 0, 12288, 11868, 248
2026/10/01 23:34:04.613, 0, 12288, 11868, 248
2026/10/01 23:34:04.820, 0, 12288, 11868, 248
2026/10/01 23:34:05.027, 0, 12288, 11868, 248
2026/10/01 23:34:05.230, 0, 12288, 11868, 248
2026/10/01 23:34:05.437, 0, 12288, 11868, 248
2026/10/01 23:34:05.643, 0, 12288, 11868, 248
2026/10/01 23:34:05.849, 0, 12288, 11868, 248
2026/10/01 23:34:06.055, 0, 12288, 11868, 248
2026/10/01 23:34:06.260, 0, 12288, 11868, 248
2026/10/01 23:34:06.465, 0, 12288, 11868, 248
2026/10/01 23:34:06.672, 0, 12288, 11868, 248
2026/10/01 23:34:06.875, 0, 12288, 11868, 248
2026/10/01 23:34:07.081, 0, 12288, 11868, 248
2026/10/01 23:34:07.287, 0, 12288, 11868, 248
2026/10/01 23:34:07.493, 0, 12288, 11868, 248
2026/10/01 23:34:07.699, 0, 12288, 11868, 248
2026/10/01 23:34:07.905, 0, 12288, 11868, 248
2026/10/01 23:34:08.112, 0, 12288, 11868, 248
2026/10/01 23:34:08.318, 0, 12288, 11868, 248
2026/10/01 23:34:08.523, 0, 12288, 11868, 248
2026/10/01 23:34:08.730, 0, 12288, 11868, 248
2026/10/01 23:34:08.936, 0, 12288, 11868, 248
2026/10/01 23:34:09.142, 0, 12288, 11868, 248
2026/10/01 23:34:09.348, 0, 12288, 11868, 248
2026/10/01 23:34:09.554, 0, 12288, 11868, 248
2026/10/01 23:34:09.761, 0, 12288, 11868, 248
2026/10/01 23:34:09.967, 0, 12288, 11868, 248
2026/10/01 23:34:10.172, 0, 12288, 11868, 248
2026/10/01 23:34:10.379, 0, 12288, 11868, 248
2026/10/01 23:34:10.584, 0, 12288, 11868, 248
2026/10/01 23:34:10.793, 0, 12288, 11868, 248
2026/10/01 23:34:10.996, 0, 12288, 11868, 248
2026/10/01 23:34:11.217, 0, 12288, 11868, 248
2026/10/01 23:34:11.423, 0, 12288, 11868, 248
2026/10/01 23:34:11.629, 0, 12288, 11868, 248
2026/10/01 23:34:11.836, 0, 12288, 11868, 248
2026/10/01 23:34:12.043, 0, 12288, 11868, 248
2026/10/01 23:34:12.250, 0, 12288, 11868, 248
2026/10/01 23:34:12.456, 0, 12288, 11868, 248
2026/10/01 23:34:12.662, 0, 12288, 11868, 248
2026/10/01 23:34:12.868, 0, 12288, 11868, 248
2026/10/01 23:34:13.075, 0, 12288, 11868, 248
2026/10/01 23:34:13.282, 0, 12288, 11868, 248
2026/10/01 23:34:13.490, 0, 12288, 11868, 248
2026/10/01 23:34:13.695, 0, 12288, 11868, 248
2026/10/01 23:34:13.901, 0, 12288, 11868, 248
2026/10/01 23:34:14.105, 0, 12288, 11868, 248
2026/10/01 23:34:14.311, 0, 12288, 11868, 248
2026/10/01 23:34:14.518, 0, 12288, 11868, 248
2026/10/01 23:34:14.723, 0, 12288, 11868, 248
2026/10/01 23:34:14.930, 0, 12288, 11868, 248
2026/10/01 23:34:15.135, 0, 12288, 11868, 248
2026/10/01 23:34:15.342, 0, 12288, 11868, 248
2026/10/01 23:34:15.549, 0, 12288, 11868, 248
2026/10/01 23:34:15.754, 0, 12288, 11868, 248
2026/10/01 23:34:15.960, 0, 12288, 11868, 248
2026/10/01 23:34:16.167, 0, 12288, 11868, 248
2026/10/01 23:34:16.373, 0, 12288, 11868, 248
2026/10/01 23:34:16.580, 0, 12288, 11868, 248
2026/10/01 23:34:16.788, 0, 12288, 11868, 248
2026/10/01 23:34:16.994, 0, 12288, 11868, 248
2026/10/01 23:34:17.200, 0, 12288, 11868, 248
2026/10/01 23:34:17.407, 0, 12288, 11868, 248
2026/10/01 23:34:17.612, 0, 12288, 11868, 248
2026/10/01 23:34:17.819, 0, 12288, 11868, 248
2026/10/01 23:34:18.025, 0, 12288, 11868, 248
2026/10/01 23:34:18.230, 0, 12288, 11868, 248
2026/10/01 23:34:18.436, 0, 12288, 11868, 248
2026/10/01 23:34:18.642, 0, 12288, 11868, 248
2026/10/01 23:34:18.848, 0, 12288, 11868, 248
2026/10/01 23:34:19.053, 0, 12288, 11868, 248
2026/10/01 23:34:19.260, 0, 12288, 11868, 248
2026/10/01 23:34:19.465, 0, 12288, 11868, 248
2026/10/01 23:34:19.671, 0, 12288, 11868, 248
2026/10/01 23:34:19.877, 0, 12288, 11868, 248
2026/10/01 23:34:20.084, 0, 12288, 11868, 248
2026/10/01 23:34:20.289, 0, 12288, 11868, 248
2026/10/01 23:34:20.495, 0, 12288, 11868, 248
2026/10/01 23:34:20.700, 0, 12288, 11868, 248
2026/10/01 23:34:20.907, 0, 12288, 11868, 248
2026/10/01 23:34:21.113, 0, 12288, 11868, 248
2026/10/01 23:34:21.320, 0, 12288, 11868, 248
2026/10/01 23:34:21.526, 0, 12288, 11868, 248
2026/10/01 23:34:21.732, 0, 12288, 11868, 248
2026/10/01 23:34:21.938, 0, 12288, 11868, 248
2026/10/01 23:34:22.143, 0, 12288, 11868, 248
2026/10/01 23:34:22.349, 0, 12288, 11868, 248
2026/10/01 23:34:22.556, 0, 12288, 11868, 248
2026/10/01 23:34:22.763, 0, 12288, 11868, 248
2026/10/01 23:34:22.968, 0, 12288, 11868, 248
2026/10/01 23:34:23.175, 0, 12288, 11868, 248
2026/10/01 23:34:23.378, 0, 12288, 11868, 248
2026/10/01 23:34:23.586, 0, 12288, 11868, 248
2026/10/01 23:34:23.794, 0, 12288, 11868, 248
2026/10/01 23:34:24.000, 0, 12288, 11868, 248
2026/10/01 23:34:24.207, 0, 12288, 11868, 248
2026/10/01 23:34:24.414, 0, 12288, 11868, 248
2026/10/01 23:34:24.621, 0, 12288, 11868, 248
2026/10/01 23:34:24.842, 0, 12288, 11868, 248
2026/10/01 23:34:25.049, 0, 12288, 11868, 248
2026/10/01 23:34:25.255, 0, 12288, 11868, 248
2026/10/01 23:34:25.460, 0, 12288, 11868, 248
2026/10/01 23:34:25.666, 0, 12288, 11868, 248
2026/10/01 23:34:25.873, 0, 12288, 11868, 248
2026/10/01 23:34:26.078, 0, 12288, 11868, 248
2026/10/01 23:34:26.285, 0, 12288, 11868, 248
2026/10/01 23:34:26.490, 0, 12288, 11868, 248
2026/10/01 23:34:26.697, 0, 12288, 11868, 248
2026/10/01 23:34:26.904, 0, 12288, 11868, 248
2026/10/01 23:34:27.109, 0, 12288, 11868, 248
2026/10/01 23:34:27.314, 0, 12288, 11868, 248
2026/10/01 23:34:27.517, 0, 12288, 11868, 248
2026/10/01 23:34:27.724, 0, 12288, 11868, 248
2026/10/01 23:34:27.929, 0, 12288, 11868, 248
2026/10/01 23:34:28.135, 0, 12288, 11868, 248
2026/10/01 23:34:28.340, 0, 12288, 11868, 248
2026/10/01 23:34:28.547, 0, 12288, 11868, 248
2026/10/01 23:34:28.752, 0, 12288, 11868, 248
2026/10/01 23:34:28.958, 0, 12288, 11868, 248
2026/10/01 23:34:29.163, 0, 12288, 11868, 248
2026/10/01 23:34:29.368, 0, 12288, 11868, 248
2026/10/01 23:34:29.574, 0, 12288, 11868, 248
2026/10/01 23:34:29.780, 0, 12288, 11868, 248
2026/10/01 23:34:29.986, 0, 12288, 11868, 248
2026/10/01 23:34:30.193, 0, 12288, 11868, 248
2026/10/01 23:34:30.398, 0, 12288, 11868, 248
2026/10/01 23:34:30.605, 0, 12288, 11868, 248
2026/10/01 23:34:30.810, 0, 12288, 11868, 248
2026/10/01 23:34:31.017, 0, 12288, 11868, 248
2026/10/01 23:34:31.223, 0, 12288, 11868, 248
2026/10/01 23:34:31.429, 0, 12288, 11868, 248
2026/10/01 23:34:31.635, 0, 12288, 11868, 248
2026/10/01 23:34:31.841, 0, 12288, 11868, 248
2026/10/01 23:34:32.048, 0, 12288, 11868, 248
2026/10/01 23:34:32.254, 0, 12288, 11868, 248
2026/10/01 23:34:32.462, 0, 12288, 11868, 248
2026/10/01 23:34:32.665, 0, 12288, 11868, 248
2026/10/01 23:34:32.870, 0, 12288, 11868, 248
2026/10/01 23:34:33.075, 0, 12288, 11868, 248
2026/10/01 23:34:33.282, 0, 12288, 11868, 248
2026/10/01 23:34:33.488, 0, 12288, 11868, 248
2026/10/01 23:34:33.693, 0, 12288, 11868, 248
2026/10/01 23:34:33.898, 0, 12288, 11868, 248
2026/10/01 23:34:34.103, 0, 12288, 11868, 248
2026/10/01 23:34:34.310, 0, 12288, 11868, 248
2026/10/01 23:34:34.516, 0, 12288, 11868, 248
2026/10/01 23:34:34.723, 0, 12288, 11868, 248
2026/10/01 23:34:34.929, 0, 12288, 11868, 248
2026/10/01 23:34:35.137, 0, 12288, 11868, 248
2026/10/01 23:34:35.344, 0, 12288, 11868, 248
2026/10/01 23:34:35.550, 0, 12288, 11868, 248
2026/10/01 23:34:35.758, 0, 12288, 11868, 248
2026/10/01 23:34:35.964, 0, 12288, 11868, 248
2026/10/01 23:34:36.169, 0, 12288, 11868, 248
2026/10/01 23:34:36.375, 0, 12288, 11868, 248
2026/10/01 23:34:36.581, 0, 12288, 11868, 248
2026/10/01 23:34:36.785, 0, 12288, 11868, 248
2026/10/01 23:34:36.992, 0, 12288, 11868, 248
2026/10/01 23:34:37.197, 0, 12288, 11868, 248
2026/10/01 23:34:37.403, 0, 12288, 11868, 248
2026/10/01 23:34:37.610, 0, 12288, 11868, 248
2026/10/01 23:34:37.817, 0, 12288, 11868, 248
2026/10/01 23:34:38.023, 0, 12288, 11868, 248
2026/10/01 23:34:38.229, 0, 12288, 11868, 248
2026/10/01 23:34:38.435, 0, 12288, 11868, 248
2026/10/01 23:34:38.640, 0, 12288, 11868, 248
2026/10/01 23:34:38.847, 0, 12288, 11868, 248
2026/10/01 23:34:39.054, 0, 12288, 11868, 248
2026/10/01 23:34:39.260, 0, 12288, 11868, 248
2026/10/01 23:34:39.467, 0, 12288, 11868, 248
2026/10/01 23:34:39.673, 0, 12288, 11868, 248
2026/10/01 23:34:39.878, 0, 12288, 11868, 248
2026/10/01 23:34:40.084, 0, 12288, 11868, 248
2026/10/01 23:34:40.292, 0, 12288, 11868, 248
2026/10/01 23:34:40.498, 0, 12288, 11868, 248
2026/10/01 23:34:40.704, 0, 12288, 11868, 248
2026/10/01 23:34:40.911, 0, 12288, 11868, 248
2026/10/01 23:34:41.118, 0, 12288, 11868, 248
2026/10/01 23:34:41.324, 0, 12288, 11868, 248
2026/10/01 23:34:41.528, 0, 12288, 11868, 248
2026/10/01 23:34:41.735, 0, 12288, 11868, 248
2026/10/01 23:34:41.940, 0, 12288, 11868, 248
2026/10/01 23:34:42.145, 0, 12288, 11868, 248
2026/10/01 23:34:42.350, 0, 12288, 11868, 248
2026/10/01 23:34:42.572, 0, 12288, 11868, 248
2026/10/01 23:34:42.779, 0, 12288, 11868, 248
2026/10/01 23:34:42.985, 0, 12288, 11868, 248
2026/10/01 23:34:43.193, 0, 12288, 11868, 248
2026/10/01 23:34:43.398, 0, 12288, 11868, 248
2026/10/01 23:34:43.604, 0, 12288, 11868, 248
2026/10/01 23:34:43.810, 0, 12288, 11868, 248
2026/10/01 23:34:44.016, 0, 12288, 11868, 248
2026/10/01 23:34:44.223, 0, 12288, 11868, 248
2026/10/01 23:34:44.429, 0, 12288, 11868, 248
2026/10/01 23:34:44.636, 0, 12288, 11868, 248
2026/10/01 23:34:44.840, 0, 12288, 11868, 248
2026/10/01 23:34:45.047, 0, 12288, 11868, 248
2026/10/01 23:34:45.252, 0, 12288, 11868, 248
2026/10/01 23:34:45.458, 0, 12288, 11868, 248
2026/10/01 23:34:45.664, 0, 12288, 11868, 248
2026/10/01 23:34:45.871, 0, 12288, 11868, 248
2026/10/01 23:34:46.076, 0, 12288, 11868, 248
2026/10/01 23:34:46.283, 0, 12288, 11868, 248
2026/10/01 23:34:46.489, 0, 12288, 11868, 248
2026/10/01 23:34:46.694, 0, 12288, 11868, 248
2026/10/01 23:34:46.898, 0, 12288, 11868, 248
2026/10/01 23:34:47.103, 0, 12288, 11868, 248
2026/10/01 23:34:47.307, 0, 12288, 11868, 248
2026/10/01 23:34:47.514, 0, 12288, 11868, 248
2026/10/01 23:34:47.721, 0, 12288, 11868, 248
2026/10/01 23:34:47.928, 0, 12288, 11868, 248
2026/10/01 23:34:48.134, 0, 12288, 11868, 248
2026/10/01 23:34:48.340, 0, 12288, 11868, 248
2026/10/01 23:34:48.546, 0, 12288, 11868, 248
2026/10/01 23:34:48.753, 0, 12288, 11868, 248
2026/10/01 23:34:48.958, 0, 12288, 11868, 248
2026/10/01 23:34:49.165, 0, 12288, 11868, 248
2026/10/01 23:34:49.372, 0, 12288, 11868, 248
2026/10/01 23:34:49.579, 0, 12288, 11868, 248
2026/10/01 23:34:49.784, 0, 12288, 11868, 248
2026/10/01 23:34:49.989, 0, 12288, 11868, 248
2026/10/01 23:34:50.195, 0, 12288, 11868, 248
2026/10/01 23:34:50.401, 0, 12288, 11868, 248
2026/10/01 23:34:50.609, 0, 12288, 11868, 248
2026/10/01 23:34:50.816, 0, 12288, 11868, 248
2026/10/01 23:34:51.023, 0, 12288, 11868, 248
2026/10/01 23:34:51.229, 0, 12288, 11868, 248
2026/10/01 23:34:51.435, 0, 12288, 11868, 248
2026/10/01 23:34:51.642, 0, 12288, 11868, 248
2026/10/01 23:34:51.850, 0, 12288, 11868, 248
2026/10/01 23:34:52.054, 0, 12288, 11868, 248
2026/10/01 23:34:52.262, 0, 12288, 11868, 248
2026/10/01 23:34:52.470, 0, 12288, 11868, 248
2026/10/01 23:34:52.677, 0, 12288, 11868, 248
2026/10/01 23:34:52.882, 0, 12288, 11868, 248
2026/10/01 23:34:53.088, 0, 12288, 11868, 248
2026/10/01 23:34:53.295, 0, 12288, 11868, 248
2026/10/01 23:34:53.500, 0, 12288, 11868, 248
2026/10/01 23:34:53.706, 0, 12288, 11868, 248
2026/10/01 23:34:53.910, 0, 12288, 11868, 248
2026/10/01 23:34:54.115, 0, 12288, 11868, 248
2026/10/01 23:34:54.321, 0, 12288, 11868, 248
2026/10/01 23:34:54.527, 0, 12288, 11868, 248
2026/10/01 23:34:54.733, 0, 12288, 11868, 248
2026/10/01 23:34:54.940, 0, 12288, 11868, 248
2026/10/01 23:34:55.147, 0, 12288, 11868, 248
2026/10/01 23:34:55.352, 0, 12288, 11868, 248
2026/10/01 23:34:55.560, 0, 12288, 11868, 248
2026/10/01 23:34:55.766, 0, 12288, 11868, 248
2026/10/01 23:34:55.970, 0, 12288, 11868, 248
2026/10/01 23:34:56.177, 0, 12288, 11868, 248
2026/10/01 23:34:56.383, 0, 12288, 11868, 248
2026/10/01 23:34:56.591, 0, 12288, 11868, 248
2026/10/01 23:34:56.796, 0, 12288, 11868, 248
2026/10/01 23:34:56.998, 0, 12288, 11868, 248
2026/10/01 23:34:57.203, 0, 12288, 11868, 248
2026/10/01 23:34:57.410, 0, 12288, 11868, 248
2026/10/01 23:34:57.616, 0, 12288, 11868, 248
2026/10/01 23:34:57.823, 0, 12288, 11868, 248
2026/10/01 23:34:58.028, 0, 12288, 11868, 248
2026/10/01 23:34:58.233, 0, 12288, 11868, 248
2026/10/01 23:34:58.441, 0, 12288, 11868, 248
2026/10/01 23:34:58.645, 0, 12288, 11868, 248
2026/10/01 23:34:58.853, 0, 12288, 11868, 248
2026/10/01 23:34:59.059, 0, 12288, 11868, 248
2026/10/01 23:34:59.263, 0, 12288, 11868, 248
2026/10/01 23:34:59.469, 0, 12288, 11868, 248
2026/10/01 23:34:59.675, 0, 12288, 11868, 248
2026/10/01 23:34:59.881, 0, 12288, 11868, 248
2026/10/01 23:35:00.086, 0, 12288, 11868, 248
2026/10/01 23:35:00.293, 0, 12288, 11868, 248
2026/10/01 23:35:00.499, 0, 12288, 11868, 248
2026/10/01 23:35:00.705, 0, 12288, 11868, 248
2026/10/01 23:35:00.912, 0, 12288, 11868, 248
2026/10/01 23:35:01.119, 0, 12288, 11868, 248
2026/10/01 23:35:01.326, 0, 12288, 11868, 248
2026/10/01 23:35:01.533, 0, 12288, 11868, 248
2026/10/01 23:35:01.741, 0, 12288, 11868, 248
2026/10/01 23:35:01.947, 0, 12288, 11868, 248
2026/10/01 23:35:02.154, 0, 12288, 11868, 248
2026/10/01 23:35:02.360, 0, 12288, 11868, 248
2026/10/01 23:35:02.566, 0, 12288, 11868, 248
2026/10/01 23:35:02.772, 0, 12288, 11868, 248
2026/10/01 23:35:02.978, 0, 12288, 11868, 248
2026/10/01 23:35:03.185, 0, 12288, 11868, 248
2026/10/01 23:35:03.392, 0, 12288, 11868, 248
2026/10/01 23:35:03.598, 0, 12288, 11868, 248
2026/10/01 23:35:03.805, 0, 12288, 11868, 248
2026/10/01 23:35:04.008, 0, 12288, 11868, 248
2026/10/01 23:35:04.214, 0, 12288, 11868, 248
2026/10/01 23:35:04.420, 0, 12288, 11868, 248
2026/10/01 23:35:04.626, 0, 12288, 11868, 248
2026/10/01 23:35:04.833, 0, 12288, 11868, 248
2026/10/01 23:35:05.038, 0, 12288, 11868, 248
2026/10/01 23:35:05.245, 0, 12288, 11868, 248
2026/10/01 23:35:05.452, 0, 12288, 11868, 248
2026/10/01 23:35:05.655, 0, 12288, 11868, 248
2026/10/01 23:35:05.862, 0, 12288, 11868, 248
2026/10/01 23:35:06.067, 0, 12288, 11868, 248
2026/10/01 23:35:06.273, 0, 12288, 11868, 248
2026/10/01 23:35:06.479, 0, 12288, 11868, 248
2026/10/01 23:35:06.687, 0, 12288, 11868, 248
2026/10/01 23:35:06.893, 0, 12288, 11868, 248
2026/10/01 23:35:07.098, 0, 12288, 11868, 248
2026/10/01 23:35:07.303, 0, 12288, 11868, 248
2026/10/01 23:35:07.509, 0, 12288, 11868, 248
2026/10/01 23:35:07.715, 0, 12288, 11868, 248
2026/10/01 23:35:07.921, 0, 12288, 11868, 248
2026/10/01 23:35:08.128, 0, 12288, 11868, 248
2026/10/01 23:35:08.333, 0, 12288, 11868, 248
2026/10/01 23:35:08.540, 0, 12288, 11868, 248
2026/10/01 23:35:08.747, 0, 12288, 11868, 248
2026/10/01 23:35:08.952, 0, 12288, 11868, 248
2026/10/01 23:35:09.157, 0, 12288, 11868, 248
2026/10/01 23:35:09.364, 0, 12288, 11868, 248
2026/10/01 23:35:09.570, 0, 12288, 11868, 248
2026/10/01 23:35:09.777, 0, 12288, 11868, 248
2026/10/01 23:35:09.982, 0, 12288, 11868, 248
2026/10/01 23:35:10.189, 0, 12288, 11868, 248
2026/10/01 23:35:10.394, 0, 12288, 11868, 248
2026/10/01 23:35:10.601, 0, 12288, 11868, 248
2026/10/01 23:35:10.808, 0, 12288, 11868, 248
2026/10/01 23:35:11.014, 0, 12288, 11868, 248
2026/10/01 23:35:11.221, 0, 12288, 11868, 248
2026/10/01 23:35:11.427, 0, 12288, 11868, 248
2026/10/01 23:35:11.632, 0, 12288, 11868, 248
2026/10/01 23:35:11.838, 0, 12288, 11868, 248
2026/10/01 23:35:12.045, 0, 12288, 11868, 248
2026/10/01 23:35:12.251, 0, 12288, 11868, 248
2026/10/01 23:35:12.456, 0, 12288, 11868, 248
2026/10/01 23:35:12.661, 0, 12288, 11868, 248
2026/10/01 23:35:12.866, 0, 12288, 11868, 248
2026/10/01 23:35:13.072, 0, 12288, 11868, 248
2026/10/01 23:35:13.278, 0, 12288, 11868, 248
2026/10/01 23:35:13.484, 0, 12288, 11868, 248
2026/10/01 23:35:13.689, 0, 12288, 11868, 248
2026/10/01 23:35:13.894, 0, 12288, 11868, 248
2026/10/01 23:35:14.099, 0, 12288, 11868, 248
2026/10/01 23:35:14.305, 0, 12288, 11868, 248
2026/10/01 23:35:14.512, 0, 12288, 11868, 248
2026/10/01 23:35:14.717, 0, 12288, 11868, 248
2026/10/01 23:35:14.924, 0, 12288, 11868, 248
2026/10/01 23:35:15.129, 0, 12288, 11868, 248
2026/10/01 23:35:15.336, 0, 12288, 11868, 248
2026/10/01 23:35:15.542, 0, 12288, 11868, 248
2026/10/01 23:35:15.748, 0, 12288, 11868, 248
2026/10/01 23:35:15.955, 0, 12288, 11868, 248
2026/10/01 23:35:16.161, 0, 12288, 11868, 248
2026/10/01 23:35:16.368, 0, 12288, 11868, 248
2026/10/01 23:35:16.574, 0, 12288, 11868, 248
2026/10/01 23:35:16.779, 0, 12288, 11868, 248
2026/10/01 23:35:16.985, 0, 12288, 11868, 248
2026/10/01 23:35:17.190, 0, 12288, 11868, 248
2026/10/01 23:35:17.397, 0, 12288, 11868, 248
2026/10/01 23:35:17.603, 0, 12288, 11868, 248
2026/10/01 23:35:17.807, 0, 12288, 11868, 248
2026/10/01 23:35:18.013, 0, 12288, 11868, 248
2026/10/01 23:35:18.217, 0, 12288, 11868, 248
2026/10/01 23:35:18.422, 0, 12288, 11868, 248
2026/10/01 23:35:18.629, 0, 12288, 11868, 248
2026/10/01 23:35:18.833, 0, 12288, 11868, 248
2026/10/01 23:35:19.037, 0, 12288, 11868, 248
2026/10/01 23:35:19.242, 0, 12288, 11868, 248
2026/10/01 23:35:19.449, 0, 12288, 11868, 248
2026/10/01 23:35:19.657, 0, 12288, 11868, 248
2026/10/01 23:35:19.861, 0, 12288, 11868, 248
2026/10/01 23:35:20.067, 0, 12288, 11868, 248
2026/10/01 23:35:20.273, 0, 12288, 11868, 248
2026/10/01 23:35:20.478, 0, 12288, 11868, 248
2026/10/01 23:35:20.683, 0, 12288, 11868, 248
2026/10/01 23:35:20.888, 0, 12288, 11868, 248
2026/10/01 23:35:21.093, 0, 12288, 11868, 248
2026/10/01 23:35:21.299, 0, 12288, 11868, 248
2026/10/01 23:35:21.506, 0, 12288, 11868, 248
2026/10/01 23:35:21.712, 0, 12288, 11868, 248
2026/10/01 23:35:21.918, 0, 12288, 11868, 248
2026/10/01 23:35:22.123, 0, 12288, 11868, 248
2026/10/01 23:35:22.330, 0, 12288, 11868, 248
2026/10/01 23:35:22.536, 0, 12288, 11868, 248
2026/10/01 23:35:22.741, 0, 12288, 11868, 248
2026/10/01 23:35:22.947, 0, 12288, 11868, 248
2026/10/01 23:35:23.153, 0, 12288, 11868, 248
2026/10/01 23:35:23.358, 0, 12288, 11868, 248
2026/10/01 23:35:23.565, 0, 12288, 11868, 248
2026/10/01 23:35:23.772, 0, 12288, 11868, 248
2026/10/01 23:35:23.978, 0, 12288, 11868, 248
2026/10/01 23:35:24.186, 0, 12288, 11868, 248
2026/10/01 23:35:24.393, 0, 12288, 11868, 248
2026/10/01 23:35:24.600, 0, 12288, 11868, 248
2026/10/01 23:35:24.823, 0, 12288, 11868, 248
2026/10/01 23:35:25.030, 0, 12288, 11868, 248
2026/10/01 23:35:25.238, 0, 12288, 11868, 248
2026/10/01 23:35:25.445, 0, 12288, 11868, 248
2026/10/01 23:35:25.651, 0, 12288, 11868, 248
2026/10/01 23:35:25.857, 0, 12288, 11868, 248
2026/10/01 23:35:26.064, 0, 12288, 11868, 248
2026/10/01 23:35:26.270, 0, 12288, 11868, 248
2026/10/01 23:35:26.476, 0, 12288, 11868, 248
2026/10/01 23:35:26.683, 0, 12288, 11868, 248
2026/10/01 23:35:26.889, 0, 12288, 11868, 248
2026/10/01 23:35:27.095, 0, 12288, 11868, 248
2026/10/01 23:35:27.300, 0, 12288, 11868, 248
2026/10/01 23:35:27.507, 0, 12288, 11868, 248
2026/10/01 23:35:27.713, 0, 12288, 11868, 248
2026/10/01 23:35:27.918, 0, 12288, 11868, 248
2026/10/01 23:35:28.123, 0, 12288, 11868, 248
2026/10/01 23:35:28.329, 0, 12288, 11868, 248
2026/10/01 23:35:28.536, 0, 12288, 11868, 248
2026/10/01 23:35:28.741, 0, 12288, 11868, 248
2026/10/01 23:35:28.948, 0, 12288, 11868, 248
2026/10/01 23:35:29.153, 0, 12288, 11868, 248
2026/10/01 23:35:29.360, 0, 12288, 11868, 248
2026/10/01 23:35:29.566, 0, 12288, 11868, 248
2026/10/01 23:35:29.772, 0, 12288, 11868, 248
2026/10/01 23:35:29.978, 0, 12288, 11868, 248
2026/10/01 23:35:30.184, 0, 12288, 11868, 248
2026/10/01 23:35:30.390, 0, 12288, 11868, 248
2026/10/01 23:35:30.597, 0, 12288, 11868, 248
2026/10/01 23:35:30.804, 0, 12288, 11868, 248
2026/10/01 23:35:31.012, 0, 12288, 11868, 248
2026/10/01 23:35:31.217, 0, 12288, 11868, 248
2026/10/01 23:35:31.424, 0, 12288, 11868, 248
2026/10/01 23:35:31.646, 0, 12288, 11868, 248
2026/10/01 23:35:31.853, 0, 12288, 11868, 248
2026/10/01 23:35:32.057, 0, 12288, 11868, 248
2026/10/01 23:35:32.263, 0, 12288, 11868, 248
2026/10/01 23:35:32.467, 0, 12288, 11868, 248
2026/10/01 23:35:32.674, 0, 12288, 11868, 248
2026/10/01 23:35:32.881, 0, 12288, 11868, 248
2026/10/01 23:35:33.087, 0, 12288, 11868, 248
2026/10/01 23:35:33.293, 0, 12288, 11868, 248
2026/10/01 23:35:33.500, 0, 12288, 11868, 248
2026/10/01 23:35:33.707, 0, 12288, 11868, 248
2026/10/01 23:35:33.913, 0, 12288, 11868, 248
2026/10/01 23:35:34.119, 0, 12288, 11868, 248
2026/10/01 23:35:34.325, 0, 12288, 11868, 248
2026/10/01 23:35:34.530, 0, 12288, 11868, 248
2026/10/01 23:35:34.736, 0, 12288, 11868, 248
2026/10/01 23:35:34.943, 0, 12288, 11868, 248
2026/10/01 23:35:35.147, 0, 12288, 11868, 248
2026/10/01 23:35:35.353, 0, 12288, 11868, 248
2026/10/01 23:35:35.558, 0, 12288, 11868, 248
2026/10/01 23:35:35.763, 0, 12288, 11868, 248
2026/10/01 23:35:35.970, 0, 12288, 11868, 248
2026/10/01 23:35:36.178, 0, 12288, 11868, 248
2026/10/01 23:35:36.384, 0, 12288, 11868, 248
2026/10/01 23:35:36.589, 0, 12288, 11868, 248
2026/10/01 23:35:36.795, 0, 12288, 11868, 248
2026/10/01 23:35:37.001, 0, 12288, 11868, 248
2026/10/01 23:35:37.207, 0, 12288, 11868, 248
2026/10/01 23:35:37.413, 0, 12288, 11868, 248
2026/10/01 23:35:37.619, 0, 12288, 11868, 248
2026/10/01 23:35:37.824, 0, 12288, 11868, 248
2026/10/01 23:35:38.030, 0, 12288, 11868, 248
2026/10/01 23:35:38.238, 0, 12288, 11868, 248
2026/10/01 23:35:38.445, 0, 12288, 11868, 248
2026/10/01 23:35:38.652, 0, 12288, 11868, 248
2026/10/01 23:35:38.858, 0, 12288, 11868, 248
2026/10/01 23:35:39.064, 0, 12288, 11868, 248
2026/10/01 23:35:39.270, 0, 12288, 11868, 248
2026/10/01 23:35:39.478, 0, 12288, 11868, 248
2026/10/01 23:35:39.682, 0, 12288, 11868, 248
2026/10/01 23:35:39.889, 0, 12288, 11868, 248
2026/10/01 23:35:40.095, 0, 12288, 11868, 248
2026/10/01 23:35:40.300, 0, 12288, 11868, 248
2026/10/01 23:35:40.509, 0, 12288, 11868, 248
2026/10/01 23:35:40.716, 0, 12288, 11868, 248
2026/10/01 23:35:40.921, 0, 12288, 11868, 248
2026/10/01 23:35:41.126, 0, 12288, 11868, 248
2026/10/01 23:35:41.331, 0, 12288, 11868, 248
2026/10/01 23:35:41.539, 0, 12288, 11868, 248
2026/10/01 23:35:41.746, 0, 12288, 11868, 248
2026/10/01 23:35:41.951, 0, 12288, 11868, 248
2026/10/01 23:35:42.156, 0, 12288, 11868, 248
2026/10/01 23:35:42.363, 0, 12288, 11868, 248
2026/10/01 23:35:42.569, 0, 12288, 11868, 248
2026/10/01 23:35:42.776, 0, 12288, 11868, 248
2026/10/01 23:35:42.982, 0, 12288, 11868, 248
2026/10/01 23:35:43.188, 0, 12288, 11868, 248
2026/10/01 23:35:43.393, 0, 12288, 11868, 248
2026/10/01 23:35:43.600, 0, 12288, 11868, 248
2026/10/01 23:35:43.805, 0, 12288, 11868, 248
2026/10/01 23:35:44.014, 0, 12288, 11868, 248
2026/10/01 23:35:44.218, 0, 12288, 11868, 248
2026/10/01 23:35:44.423, 0, 12288, 11868, 248
2026/10/01 23:35:44.628, 0, 12288, 11868, 248
2026/10/01 23:35:44.832, 0, 12288, 11868, 248
2026/10/01 23:35:45.039, 0, 12288, 11868, 248
2026/10/01 23:35:45.245, 0, 12288, 11868, 248
2026/10/01 23:35:45.451, 0, 12288, 11868, 248
2026/10/01 23:35:45.658, 0, 12288, 11868, 248
2026/10/01 23:35:45.863, 0, 12288, 11868, 248
2026/10/01 23:35:46.068, 0, 12288, 11868, 248
2026/10/01 23:35:46.274, 0, 12288, 11868, 248
2026/10/01 23:35:46.480, 0, 12288, 11868, 248
2026/10/01 23:35:46.687, 0, 12288, 11868, 248
2026/10/01 23:35:46.894, 0, 12288, 11868, 248
2026/10/01 23:35:47.101, 0, 12288, 11868, 248
2026/10/01 23:35:47.307, 0, 12288, 11868, 248
2026/10/01 23:35:47.514, 0, 12288, 11868, 248
2026/10/01 23:35:47.721, 0, 12288, 11868, 248
2026/10/01 23:35:47.925, 0, 12288, 11868, 248
2026/10/01 23:35:48.131, 0, 12288, 11868, 248
2026/10/01 23:35:48.337, 0, 12288, 11868, 248
2026/10/01 23:35:48.541, 0, 12288, 11868, 248
2026/10/01 23:35:48.749, 0, 12288, 11868, 248
2026/10/01 23:35:48.954, 0, 12288, 11868, 248
2026/10/01 23:35:49.161, 0, 12288, 11868, 248
2026/10/01 23:35:49.365, 0, 12288, 11868, 248
2026/10/01 23:35:49.571, 0, 12288, 11868, 248
2026/10/01 23:35:49.778, 0, 12288, 11868, 248
2026/10/01 23:35:49.985, 0, 12288, 11868, 248
2026/10/01 23:35:50.190, 0, 12288, 11868, 248
2026/10/01 23:35:50.395, 0, 12288, 11868, 248
2026/10/01 23:35:50.602, 0, 12288, 11868, 248
2026/10/01 23:35:50.806, 0, 12288, 11868, 248
2026/10/01 23:35:51.014, 0, 12288, 11868, 248
2026/10/01 23:35:51.219, 0, 12288, 11868, 248
2026/10/01 23:35:51.426, 0, 12288, 11868, 248
2026/10/01 23:35:51.632, 0, 12288, 11868, 248
2026/10/01 23:35:51.838, 0, 12288, 11868, 248
2026/10/01 23:35:52.043, 0, 12288, 11868, 248
2026/10/01 23:35:52.250, 0, 12288, 11868, 248
2026/10/01 23:35:52.457, 0, 12288, 11868, 248
2026/10/01 23:35:52.662, 0, 12288, 11868, 248
2026/10/01 23:35:52.865, 0, 12288, 11868, 248
2026/10/01 23:35:53.071, 0, 12288, 11868, 248
2026/10/01 23:35:53.278, 0, 12288, 11868, 248
2026/10/01 23:35:53.484, 0, 12288, 11868, 248
2026/10/01 23:35:53.691, 0, 12288, 11868, 248
2026/10/01 23:35:53.896, 0, 12288, 11868, 248
2026/10/01 23:35:54.102, 0, 12288, 11868, 248
2026/10/01 23:35:54.307, 0, 12288, 11868, 248
2026/10/01 23:35:54.512, 0, 12288, 11868, 248
2026/10/01 23:35:54.719, 0, 12288, 11868, 248
2026/10/01 23:35:54.925, 0, 12288, 11868, 248
2026/10/01 23:35:55.131, 0, 12288, 11868, 248
2026/10/01 23:35:55.336, 0, 12288, 11868, 248
2026/10/01 23:35:55.541, 0, 12288, 11868, 248
2026/10/01 23:35:55.747, 0, 12288, 11868, 248
2026/10/01 23:35:55.953, 0, 12288, 11868, 248
2026/10/01 23:35:56.156, 0, 12288, 11876, 240
2026/10/01 23:35:56.364, 0, 12288, 11876, 240
2026/10/01 23:35:56.571, 0, 12288, 11876, 240
2026/10/01 23:35:56.777, 0, 12288, 11876, 240
2026/10/01 23:35:56.985, 0, 12288, 11876, 240
2026/10/01 23:35:57.190, 0, 12288, 11876, 240
2026/10/01 23:35:57.397, 0, 12288, 11876, 240
2026/10/01 23:35:57.602, 0, 12288, 11876, 240
2026/10/01 23:35:57.808, 0, 12288, 11876, 240
2026/10/01 23:35:58.015, 0, 12288, 11876, 240
2026/10/01 23:35:58.221, 0, 12288, 11868, 248
2026/10/01 23:35:58.427, 0, 12288, 11868, 248
2026/10/01 23:35:58.635, 0, 12288, 11868, 248
2026/10/01 23:35:58.841, 0, 12288, 11868, 248
2026/10/01 23:35:59.048, 0, 12288, 11868, 248
2026/10/01 23:35:59.252, 0, 12288, 11868, 248
2026/10/01 23:35:59.459, 0, 12288, 11868, 248
2026/10/01 23:35:59.666, 0, 12288, 11868, 248
2026/10/01 23:35:59.872, 0, 12288, 11868, 248
2026/10/01 23:36:00.078, 0, 12288, 11868, 248
2026/10/01 23:36:00.284, 0, 12288, 11868, 248
2026/10/01 23:36:00.489, 0, 12288, 11868, 248
2026/10/01 23:36:00.696, 0, 12288, 11868, 248
2026/10/01 23:36:00.902, 0, 12288, 11868, 248
2026/10/01 23:36:01.107, 0, 12288, 11868, 248
2026/10/01 23:36:01.313, 0, 12288, 11868, 248
2026/10/01 23:36:01.518, 0, 12288, 11868, 248
2026/10/01 23:36:01.724, 0, 12288, 11868, 248
2026/10/01 23:36:01.929, 0, 12288, 11868, 248
2026/10/01 23:36:02.135, 0, 12288, 11868, 248
2026/10/01 23:36:02.339, 0, 12288, 11868, 248
2026/10/01 23:36:02.544, 0, 12288, 11868, 248
2026/10/01 23:36:02.751, 0, 12288, 11868, 248
2026/10/01 23:36:02.958, 0, 12288, 11868, 248
2026/10/01 23:36:03.162, 0, 12288, 11868, 248
2026/10/01 23:36:03.369, 0, 12288, 11868, 248
2026/10/01 23:36:03.574, 0, 12288, 11868, 248
2026/10/01 23:36:03.781, 0, 12288, 11868, 248
2026/10/01 23:36:03.988, 0, 12288, 11868, 248
2026/10/01 23:36:04.192, 0, 12288, 11868, 248
2026/10/01 23:36:04.399, 0, 12288, 11868, 248
2026/10/01 23:36:04.605, 0, 12288, 11868, 248
2026/10/01 23:36:04.813, 0, 12288, 11868, 248
2026/10/01 23:36:05.019, 0, 12288, 11868, 248
2026/10/01 23:36:05.224, 0, 12288, 11868, 248
2026/10/01 23:36:05.428, 0, 12288, 11868, 248
2026/10/01 23:36:05.634, 0, 12288, 11868, 248
2026/10/01 23:36:05.840, 0, 12288, 11868, 248
2026/10/01 23:36:06.046, 0, 12288, 11868, 248
2026/10/01 23:36:06.250, 0, 12288, 11868, 248
2026/10/01 23:36:06.456, 0, 12288, 11868, 248
2026/10/01 23:36:06.662, 0, 12288, 11868, 248
2026/10/01 23:36:06.869, 0, 12288, 11868, 248
2026/10/01 23:36:07.075, 0, 12288, 11868, 248
2026/10/01 23:36:07.281, 0, 12288, 11868, 248
2026/10/01 23:36:07.487, 0, 12288, 11868, 248
2026/10/01 23:36:07.693, 0, 12288, 11868, 248
2026/10/01 23:36:07.901, 0, 12288, 11868, 248
2026/10/01 23:36:08.107, 0, 12288, 11868, 248
2026/10/01 23:36:08.314, 0, 12288, 11868, 248
2026/10/01 23:36:08.519, 0, 12288, 11868, 248
2026/10/01 23:36:08.724, 0, 12288, 11868, 248
2026/10/01 23:36:08.932, 0, 12288, 11868, 248
2026/10/01 23:36:09.138, 0, 12288, 11868, 248
2026/10/01 23:36:09.344, 0, 12288, 11868, 248
2026/10/01 23:36:09.550, 0, 12288, 11868, 248
2026/10/01 23:36:09.757, 0, 12288, 11868, 248
2026/10/01 23:36:09.961, 0, 12288, 11868, 248
2026/10/01 23:36:10.167, 0, 12288, 11868, 248
2026/10/01 23:36:10.373, 0, 12288, 11868, 248
2026/10/01 23:36:10.578, 0, 12288, 11868, 248
2026/10/01 23:36:10.785, 0, 12288, 11868, 248
2026/10/01 23:36:10.990, 0, 12288, 11868, 248
2026/10/01 23:36:11.195, 0, 12288, 11868, 248
2026/10/01 23:36:11.401, 0, 12288, 11868, 248
2026/10/01 23:36:11.608, 0, 12288, 11868, 248
2026/10/01 23:36:11.815, 0, 12288, 11868, 248
2026/10/01 23:36:12.020, 0, 12288, 11868, 248
2026/10/01 23:36:12.225, 0, 12288, 11868, 248
2026/10/01 23:36:12.432, 0, 12288, 11868, 248
2026/10/01 23:36:12.639, 0, 12288, 11868, 248
2026/10/01 23:36:12.845, 0, 12288, 11868, 248
2026/10/01 23:36:13.051, 0, 12288, 11868, 248
2026/10/01 23:36:13.256, 0, 12288, 11868, 248
2026/10/01 23:36:13.460, 0, 12288, 11868, 248
2026/10/01 23:36:13.667, 0, 12288, 11868, 248
2026/10/01 23:36:13.875, 0, 12288, 11868, 248
2026/10/01 23:36:14.082, 0, 12288, 11868, 248
2026/10/01 23:36:14.288, 0, 12288, 11868, 248
2026/10/01 23:36:14.494, 0, 12288, 11868, 248
2026/10/01 23:36:14.702, 0, 12288, 11868, 248
2026/10/01 23:36:14.907, 0, 12288, 11868, 248
2026/10/01 23:36:15.112, 0, 12288, 11868, 248
2026/10/01 23:36:15.318, 0, 12288, 11868, 248
2026/10/01 23:36:15.525, 0, 12288, 11868, 248
2026/10/01 23:36:15.730, 0, 12288, 11868, 248
2026/10/01 23:36:15.936, 0, 12288, 11868, 248
2026/10/01 23:36:16.143, 0, 12288, 11868, 248
2026/10/01 23:36:16.349, 0, 12288, 11868, 248
2026/10/01 23:36:16.555, 0, 12288, 11868, 248
2026/10/01 23:36:16.762, 0, 12288, 11868, 248
2026/10/01 23:36:16.968, 0, 12288, 11868, 248
2026/10/01 23:36:17.174, 0, 12288, 11868, 248
2026/10/01 23:36:17.381, 0, 12288, 11868, 248
2026/10/01 23:36:17.588, 0, 12288, 11868, 248
2026/10/01 23:36:17.793, 0, 12288, 11868, 248
2026/10/01 23:36:18.000, 0, 12288, 11868, 248
2026/10/01 23:36:18.205, 0, 12288, 11868, 248
2026/10/01 23:36:18.411, 0, 12288, 11868, 248
2026/10/01 23:36:18.618, 0, 12288, 11868, 248
2026/10/01 23:36:18.824, 0, 12288, 11868, 248
2026/10/01 23:36:19.031, 0, 12288, 11868, 248
2026/10/01 23:36:19.235, 0, 12288, 11868, 248
2026/10/01 23:36:19.441, 0, 12288, 11868, 248
2026/10/01 23:36:19.648, 0, 12288, 11868, 248
2026/10/01 23:36:19.854, 0, 12288, 11868, 248
2026/10/01 23:36:20.062, 0, 12288, 11868, 248
2026/10/01 23:36:20.269, 0, 12288, 11868, 248
2026/10/01 23:36:20.476, 0, 12288, 11868, 248
2026/10/01 23:36:20.681, 0, 12288, 11868, 248
2026/10/01 23:36:20.889, 0, 12288, 11868, 248
2026/10/01 23:36:21.095, 0, 12288, 11868, 248
2026/10/01 23:36:21.301, 0, 12288, 11868, 248
2026/10/01 23:36:21.507, 0, 12288, 11868, 248
2026/10/01 23:36:21.712, 0, 12288, 11868, 248
2026/10/01 23:36:21.918, 0, 12288, 11868, 248
2026/10/01 23:36:22.124, 0, 12288, 11868, 248
2026/10/01 23:36:22.329, 0, 12288, 11868, 248
2026/10/01 23:36:22.536, 0, 12288, 11868, 248
2026/10/01 23:36:22.743, 0, 12288, 11868, 248
2026/10/01 23:36:22.948, 0, 12288, 11868, 248
2026/10/01 23:36:23.155, 0, 12288, 11868, 248
2026/10/01 23:36:23.360, 0, 12288, 11868, 248
2026/10/01 23:36:23.567, 0, 12288, 11868, 248
2026/10/01 23:36:23.772, 0, 12288, 11868, 248
2026/10/01 23:36:23.977, 0, 12288, 11868, 248
2026/10/01 23:36:24.182, 0, 12288, 11868, 248
2026/10/01 23:36:24.388, 0, 12288, 11868, 248
2026/10/01 23:36:24.594, 0, 12288, 11868, 248
2026/10/01 23:36:24.800, 0, 12288, 11868, 248
2026/10/01 23:36:25.006, 0, 12288, 11868, 248
2026/10/01 23:36:25.211, 0, 12288, 11868, 248
2026/10/01 23:36:25.417, 0, 12288, 11868, 248
2026/10/01 23:36:25.623, 0, 12288, 11868, 248
2026/10/01 23:36:25.829, 0, 12288, 11868, 248
2026/10/01 23:36:26.036, 0, 12288, 11868, 248
2026/10/01 23:36:26.243, 0, 12288, 11868, 248
2026/10/01 23:36:26.450, 0, 12288, 11868, 248
2026/10/01 23:36:26.656, 0, 12288, 11868, 248
2026/10/01 23:36:26.860, 0, 12288, 11868, 248
2026/10/01 23:36:27.066, 0, 12288, 11868, 248
2026/10/01 23:36:27.272, 0, 12288, 11868, 248
2026/10/01 23:36:27.478, 0, 12288, 11868, 248
2026/10/01 23:36:27.684, 0, 12288, 11868, 248
2026/10/01 23:36:27.889, 0, 12288, 11868, 248
2026/10/01 23:36:28.094, 0, 12288, 11868, 248
2026/10/01 23:36:28.300, 0, 12288, 11868, 248
2026/10/01 23:36:28.506, 0, 12288, 11868, 248
2026/10/01 23:36:28.711, 0, 12288, 11868, 248
2026/10/01 23:36:28.916, 0, 12288, 11868, 248
2026/10/01 23:36:29.123, 0, 12288, 11868, 248
2026/10/01 23:36:29.327, 0, 12288, 11868, 248
2026/10/01 23:36:29.534, 0, 12288, 11868, 248
2026/10/01 23:36:29.740, 0, 12288, 11868, 248
2026/10/01 23:36:29.946, 0, 12288, 11868, 248
2026/10/01 23:36:30.154, 0, 12288, 11868, 248
2026/10/01 23:36:30.360, 0, 12288, 11868, 248
2026/10/01 23:36:30.566, 0, 12288, 11868, 248
2026/10/01 23:36:30.774, 0, 12288, 11868, 248
2026/10/01 23:36:30.979, 0, 12288, 11868, 248
2026/10/01 23:36:31.185, 0, 12288, 11868, 248
2026/10/01 23:36:31.392, 0, 12288, 11868, 248
2026/10/01 23:36:31.597, 0, 12288, 11868, 248
2026/10/01 23:36:31.803, 0, 12288, 11868, 248
2026/10/01 23:36:32.007, 0, 12288, 11868, 248
2026/10/01 23:36:32.214, 0, 12288, 11868, 248
2026/10/01 23:36:32.419, 0, 12288, 11868, 248
2026/10/01 23:36:32.626, 0, 12288, 11868, 248
2026/10/01 23:36:32.832, 0, 12288, 11868, 248
2026/10/01 23:36:33.038, 0, 12288, 11868, 248
2026/10/01 23:36:33.244, 0, 12288, 11868, 248
2026/10/01 23:36:33.448, 0, 12288, 11868, 248
2026/10/01 23:36:33.656, 0, 12288, 11868, 248
2026/10/01 23:36:33.862, 0, 12288, 11868, 248
2026/10/01 23:36:34.067, 0, 12288, 11868, 248
2026/10/01 23:36:34.274, 0, 12288, 11868, 248
2026/10/01 23:36:34.480, 0, 12288, 11868, 248
2026/10/01 23:36:34.687, 0, 12288, 11868, 248
2026/10/01 23:36:34.893, 0, 12288, 11868, 248
2026/10/01 23:36:35.099, 0, 12288, 11868, 248
2026/10/01 23:36:35.303, 0, 12288, 11868, 248
2026/10/01 23:36:35.508, 0, 12288, 11868, 248
2026/10/01 23:36:35.714, 0, 12288, 11868, 248
2026/10/01 23:36:35.921, 0, 12288, 11868, 248
2026/10/01 23:36:36.127, 0, 12288, 11868, 248
2026/10/01 23:36:36.333, 0, 12288, 11868, 248
2026/10/01 23:36:36.539, 0, 12288, 11868, 248
2026/10/01 23:36:36.745, 0, 12288, 11868, 248
2026/10/01 23:36:36.950, 0, 12288, 11868, 248
2026/10/01 23:36:37.156, 0, 12288, 11868, 248
2026/10/01 23:36:37.363, 0, 12288, 11868, 248
2026/10/01 23:36:37.571, 0, 12288, 11868, 248
2026/10/01 23:36:37.777, 0, 12288, 11868, 248
2026/10/01 23:36:37.984, 0, 12288, 11868, 248
2026/10/01 23:36:38.186, 0, 12288, 11868, 248
2026/10/01 23:36:38.393, 0, 12288, 11868, 248
2026/10/01 23:36:38.598, 0, 12288, 11868, 248
2026/10/01 23:36:38.802, 0, 12288, 11868, 248
2026/10/01 23:36:39.008, 0, 12288, 11868, 248
2026/10/01 23:36:39.213, 0, 12288, 11868, 248
2026/10/01 23:36:39.420, 0, 12288, 11868, 248
2026/10/01 23:36:39.624, 0, 12288, 11868, 248
2026/10/01 23:36:39.829, 0, 12288, 11868, 248
2026/10/01 23:36:40.036, 0, 12288, 11868, 248
2026/10/01 23:36:40.242, 0, 12288, 11868, 248
2026/10/01 23:36:40.449, 0, 12288, 11868, 248
2026/10/01 23:36:40.656, 0, 12288, 11868, 248
2026/10/01 23:36:40.861, 0, 12288, 11868, 248
2026/10/01 23:36:41.068, 0, 12288, 11868, 248
2026/10/01 23:36:41.274, 0, 12288, 11868, 248
2026/10/01 23:36:41.480, 0, 12288, 11868, 248
2026/10/01 23:36:41.687, 0, 12288, 11868, 248
2026/10/01 23:36:41.893, 0, 12288, 11868, 248
2026/10/01 23:36:42.100, 0, 12288, 11868, 248
2026/10/01 23:36:42.305, 0, 12288, 11868, 248
2026/10/01 23:36:42.526, 0, 12288, 11868, 248
2026/10/01 23:36:42.733, 0, 12288, 11868, 248
2026/10/01 23:36:42.940, 0, 12288, 11868, 248
2026/10/01 23:36:43.145, 0, 12288, 11868, 248
2026/10/01 23:36:43.353, 0, 12288, 11868, 248
2026/10/01 23:36:43.557, 0, 12288, 11868, 248
2026/10/01 23:36:43.763, 0, 12288, 11868, 248
2026/10/01 23:36:43.969, 0, 12288, 11868, 248
2026/10/01 23:36:44.177, 0, 12288, 11868, 248
2026/10/01 23:36:44.383, 0, 12288, 11868, 248
2026/10/01 23:36:44.589, 0, 12288, 11868, 248
2026/10/01 23:36:44.795, 0, 12288, 11868, 248
2026/10/01 23:36:45.000, 0, 12288, 11868, 248
2026/10/01 23:36:45.207, 0, 12288, 11868, 248
2026/10/01 23:36:45.412, 0, 12288, 11868, 248
2026/10/01 23:36:45.617, 0, 12288, 11868, 248
2026/10/01 23:36:45.823, 0, 12288, 11868, 248
2026/10/01 23:36:46.029, 0, 12288, 11868, 248
2026/10/01 23:36:46.236, 0, 12288, 11868, 248
2026/10/01 23:36:46.443, 0, 12288, 11868, 248
2026/10/01 23:36:46.648, 0, 12288, 11868, 248
2026/10/01 23:36:46.856, 0, 12288, 11868, 248
2026/10/01 23:36:47.062, 0, 12288, 11868, 248
2026/10/01 23:36:47.267, 0, 12288, 11868, 248
2026/10/01 23:36:47.474, 0, 12288, 11868, 248
2026/10/01 23:36:47.680, 0, 12288, 11868, 248
2026/10/01 23:36:47.884, 0, 12288, 11868, 248
2026/10/01 23:36:48.090, 0, 12288, 11868, 248
2026/10/01 23:36:48.297, 0, 12288, 11868, 248
2026/10/01 23:36:48.502, 0, 12288, 11868, 248
2026/10/01 23:36:48.709, 0, 12288, 11868, 248
2026/10/01 23:36:48.914, 0, 12288, 11868, 248
2026/10/01 23:36:49.119, 0, 12288, 11868, 248
2026/10/01 23:36:49.326, 0, 12288, 11868, 248
2026/10/01 23:36:49.533, 0, 12288, 11868, 248
2026/10/01 23:36:49.739, 0, 12288, 11868, 248
2026/10/01 23:36:49.945, 0, 12288, 11868, 248
2026/10/01 23:36:50.149, 0, 12288, 11868, 248
2026/10/01 23:36:50.356, 0, 12288, 11868, 248
2026/10/01 23:36:50.562, 0, 12288, 11868, 248
2026/10/01 23:36:50.767, 0, 12288, 11868, 248
2026/10/01 23:36:50.972, 0, 12288, 11868, 248
2026/10/01 23:36:51.178, 0, 12288, 11868, 248
2026/10/01 23:36:51.385, 0, 12288, 11868, 248
2026/10/01 23:36:51.590, 0, 12288, 11868, 248
2026/10/01 23:36:51.795, 0, 12288, 11868, 248
2026/10/01 23:36:52.001, 0, 12288, 11868, 248
2026/10/01 23:36:52.206, 0, 12288, 11868, 248
2026/10/01 23:36:52.412, 0, 12288, 11868, 248
2026/10/01 23:36:52.618, 0, 12288, 11868, 248
2026/10/01 23:36:52.824, 0, 12288, 11868, 248
2026/10/01 23:36:53.031, 0, 12288, 11868, 248
2026/10/01 23:36:53.237, 0, 12288, 11868, 248
2026/10/01 23:36:53.444, 0, 12288, 11868, 248
2026/10/01 23:36:53.651, 0, 12288, 11868, 248
2026/10/01 23:36:53.857, 0, 12288, 11868, 248
2026/10/01 23:36:54.062, 0, 12288, 11868, 248
2026/10/01 23:36:54.268, 0, 12288, 11868, 248
2026/10/01 23:36:54.473, 0, 12288, 11868, 248
2026/10/01 23:36:54.678, 0, 12288, 11868, 248
2026/10/01 23:36:54.885, 0, 12288, 11868, 248
2026/10/01 23:36:55.091, 0, 12288, 11868, 248
2026/10/01 23:36:55.296, 0, 12288, 11868, 248
2026/10/01 23:36:55.502, 0, 12288, 11868, 248
2026/10/01 23:36:55.710, 0, 12288, 11868, 248
2026/10/01 23:36:55.915, 0, 12288, 11868, 248
2026/10/01 23:36:56.121, 0, 12288, 11868, 248
2026/10/01 23:36:56.327, 0, 12288, 11868, 248
2026/10/01 23:36:56.533, 0, 12288, 11868, 248
2026/10/01 23:36:56.740, 0, 12288, 11868, 248
2026/10/01 23:36:56.945, 0, 12288, 11868, 248
2026/10/01 23:36:57.150, 0, 12288, 11868, 248
2026/10/01 23:36:57.356, 0, 12288, 11868, 248
2026/10/01 23:36:57.562, 0, 12288, 11868, 248
2026/10/01 23:36:57.767, 0, 12288, 11868, 248
2026/10/01 23:36:57.973, 0, 12288, 11868, 248
2026/10/01 23:36:58.177, 0, 12288, 11868, 248
2026/10/01 23:36:58.385, 0, 12288, 11868, 248
2026/10/01 23:36:58.591, 0, 12288, 11868, 248
2026/10/01 23:36:58.796, 0, 12288, 11868, 248
2026/10/01 23:36:59.003, 0, 12288, 11868, 248
2026/10/01 23:36:59.208, 0, 12288, 11868, 248
2026/10/01 23:36:59.414, 0, 12288, 11868, 248
2026/10/01 23:36:59.619, 0, 12288, 11868, 248
2026/10/01 23:36:59.824, 0, 12288, 11868, 248
2026/10/01 23:37:00.031, 0, 12288, 11868, 248
2026/10/01 23:37:00.238, 0, 12288, 11868, 248
2026/10/01 23:37:00.444, 0, 12288, 11868, 248
2026/10/01 23:37:00.651, 0, 12288, 11868, 248
2026/10/01 23:37:00.858, 0, 12288, 11868, 248
2026/10/01 23:37:01.063, 0, 12288, 11868, 248
2026/10/01 23:37:01.268, 0, 12288, 11868, 248
2026/10/01 23:37:01.474, 0, 12288, 11868, 248
2026/10/01 23:37:01.681, 0, 12288, 11868, 248
2026/10/01 23:37:01.888, 0, 12288, 11868, 248
2026/10/01 23:37:02.094, 0, 12288, 11868, 248
2026/10/01 23:37:02.299, 0, 12288, 11868, 248
2026/10/01 23:37:02.505, 0, 12288, 11868, 248
2026/10/01 23:37:02.711, 0, 12288, 11868, 248
2026/10/01 23:37:02.917, 0, 12288, 11868, 248
2026/10/01 23:37:03.123, 0, 12288, 11868, 248
2026/10/01 23:37:03.329, 0, 12288, 11868, 248
2026/10/01 23:37:03.537, 0, 12288, 11868, 248
2026/10/01 23:37:03.743, 0, 12288, 11868, 248
2026/10/01 23:37:03.949, 0, 12288, 11868, 248
2026/10/01 23:37:04.155, 0, 12288, 11868, 248
2026/10/01 23:37:04.360, 0, 12288, 11868, 248
2026/10/01 23:37:04.566, 0, 12288, 11868, 248
2026/10/01 23:37:04.773, 0, 12288, 11868, 248
2026/10/01 23:37:04.978, 0, 12288, 11868, 248
2026/10/01 23:37:05.184, 0, 12288, 11868, 248
2026/10/01 23:37:05.390, 0, 12288, 11868, 248
2026/10/01 23:37:05.596, 0, 12288, 11868, 248
2026/10/01 23:37:05.802, 0, 12288, 11868, 248
2026/10/01 23:37:06.009, 0, 12288, 11868, 248
2026/10/01 23:37:06.213, 0, 12288, 11868, 248
2026/10/01 23:37:06.419, 0, 12288, 11868, 248
2026/10/01 23:37:06.625, 0, 12288, 11868, 248
2026/10/01 23:37:06.830, 0, 12288, 11868, 248
2026/10/01 23:37:07.037, 0, 12288, 11868, 248
2026/10/01 23:37:07.243, 0, 12288, 11868, 248
2026/10/01 23:37:07.450, 0, 12288, 11868, 248
2026/10/01 23:37:07.656, 0, 12288, 11868, 248
2026/10/01 23:37:07.861, 0, 12288, 11868, 248
2026/10/01 23:37:08.068, 0, 12288, 11868, 248
2026/10/01 23:37:08.272, 0, 12288, 11868, 248
2026/10/01 23:37:08.478, 0, 12288, 11868, 248
2026/10/01 23:37:08.684, 0, 12288, 11868, 248
2026/10/01 23:37:08.891, 0, 12288, 11868, 248
2026/10/01 23:37:09.096, 0, 12288, 11868, 248
2026/10/01 23:37:09.302, 0, 12288, 11868, 248
2026/10/01 23:37:09.508, 0, 12288, 11868, 248
2026/10/01 23:37:09.714, 0, 12288, 11868, 248
2026/10/01 23:37:09.920, 0, 12288, 11868, 248
2026/10/01 23:37:10.126, 0, 12288, 11868, 248
2026/10/01 23:37:10.330, 0, 12288, 11868, 248
2026/10/01 23:37:10.538, 0, 12288, 11868, 248
2026/10/01 23:37:10.745, 0, 12288, 11868, 248
2026/10/01 23:37:10.951, 0, 12288, 11868, 248
2026/10/01 23:37:11.157, 0, 12288, 11868, 248
2026/10/01 23:37:11.361, 0, 12288, 11868, 248
2026/10/01 23:37:11.568, 0, 12288, 11868, 248
2026/10/01 23:37:11.772, 0, 12288, 11868, 248
2026/10/01 23:37:11.977, 0, 12288, 11868, 248
2026/10/01 23:37:12.183, 0, 12288, 11868, 248
2026/10/01 23:37:12.388, 0, 12288, 11868, 248
2026/10/01 23:37:12.594, 0, 12288, 11868, 248
2026/10/01 23:37:12.801, 0, 12288, 11868, 248
2026/10/01 23:37:13.005, 0, 12288, 11868, 248
2026/10/01 23:37:13.213, 0, 12288, 11868, 248
2026/10/01 23:37:13.419, 0, 12288, 11868, 248
2026/10/01 23:37:13.626, 0, 12288, 11868, 248
2026/10/01 23:37:13.833, 0, 12288, 11868, 248
2026/10/01 23:37:14.038, 0, 12288, 11868, 248
2026/10/01 23:37:14.243, 0, 12288, 11868, 248
2026/10/01 23:37:14.449, 0, 12288, 11868, 248
2026/10/01 23:37:14.656, 0, 12288, 11868, 248
2026/10/01 23:37:14.864, 0, 12288, 11868, 248
2026/10/01 23:37:15.070, 0, 12288, 11868, 248
2026/10/01 23:37:15.276, 0, 12288, 11868, 248
2026/10/01 23:37:15.483, 0, 12288, 11868, 248
2026/10/01 23:37:15.690, 0, 12288, 11868, 248
2026/10/01 23:37:15.897, 0, 12288, 11868, 248
2026/10/01 23:37:16.104, 0, 12288, 11868, 248
2026/10/01 23:37:16.308, 0, 12288, 11868, 248
2026/10/01 23:37:16.514, 0, 12288, 11868, 248
2026/10/01 23:37:16.719, 0, 12288, 11868, 248
2026/10/01 23:37:16.924, 0, 12288, 11868, 248
2026/10/01 23:37:17.129, 0, 12288, 11868, 248
2026/10/01 23:37:17.336, 0, 12288, 11868, 248
2026/10/01 23:37:17.541, 0, 12288, 11868, 248
2026/10/01 23:37:17.748, 0, 12288, 11868, 248
2026/10/01 23:37:17.968, 0, 12288, 11868, 248
2026/10/01 23:37:18.175, 0, 12288, 11868, 248
2026/10/01 23:37:18.381, 0, 12288, 11868, 248
2026/10/01 23:37:18.588, 0, 12288, 11868, 248
2026/10/01 23:37:18.793, 0, 12288, 11868, 248
2026/10/01 23:37:19.000, 0, 12288, 11868, 248
2026/10/01 23:37:19.206, 0, 12288, 11868, 248
2026/10/01 23:37:19.411, 0, 12288, 11868, 248
2026/10/01 23:37:19.617, 0, 12288, 11868, 248
2026/10/01 23:37:19.823, 0, 12288, 11868, 248
2026/10/01 23:37:20.029, 0, 12288, 11868, 248
2026/10/01 23:37:20.236, 0, 12288, 11868, 248
2026/10/01 23:37:20.441, 0, 12288, 11868, 248
2026/10/01 23:37:20.647, 0, 12288, 11868, 248
2026/10/01 23:37:20.853, 0, 12288, 11868, 248
2026/10/01 23:37:21.058, 0, 12288, 11868, 248
2026/10/01 23:37:21.264, 0, 12288, 11868, 248
2026/10/01 23:37:21.470, 0, 12288, 11868, 248
2026/10/01 23:37:21.676, 0, 12288, 11868, 248
2026/10/01 23:37:21.882, 0, 12288, 11868, 248
2026/10/01 23:37:22.090, 0, 12288, 11868, 248
2026/10/01 23:37:22.297, 0, 12288, 11868, 248
2026/10/01 23:37:22.503, 0, 12288, 11868, 248
2026/10/01 23:37:22.710, 0, 12288, 11868, 248
2026/10/01 23:37:22.916, 0, 12288, 11868, 248
2026/10/01 23:37:23.122, 0, 12288, 11868, 248
2026/10/01 23:37:23.328, 0, 12288, 11868, 248
2026/10/01 23:37:23.534, 0, 12288, 11868, 248
2026/10/01 23:37:23.740, 0, 12288, 11868, 248
2026/10/01 23:37:23.945, 0, 12288, 11868, 248
2026/10/01 23:37:24.151, 0, 12288, 11868, 248
2026/10/01 23:37:24.358, 0, 12288, 11868, 248
2026/10/01 23:37:24.565, 0, 12288, 11868, 248
2026/10/01 23:37:24.771, 0, 12288, 11868, 248
2026/10/01 23:37:24.976, 0, 12288, 11868, 248
2026/10/01 23:37:25.180, 0, 12288, 11868, 248
2026/10/01 23:37:25.388, 0, 12288, 11868, 248
2026/10/01 23:37:25.595, 0, 12288, 11868, 248
2026/10/01 23:37:25.802, 0, 12288, 11868, 248
2026/10/01 23:37:26.007, 0, 12288, 11868, 248
2026/10/01 23:37:26.213, 0, 12288, 11868, 248
2026/10/01 23:37:26.421, 0, 12288, 11868, 248
2026/10/01 23:37:26.627, 0, 12288, 11868, 248
2026/10/01 23:37:26.833, 0, 12288, 11868, 248
2026/10/01 23:37:27.040, 0, 12288, 11868, 248
2026/10/01 23:37:27.244, 0, 12288, 11868, 248
2026/10/01 23:37:27.449, 0, 12288, 11868, 248
2026/10/01 23:37:27.655, 0, 12288, 11868, 248
2026/10/01 23:37:27.861, 0, 12288, 11868, 248
2026/10/01 23:37:28.067, 0, 12288, 11868, 248
2026/10/01 23:37:28.272, 0, 12288, 11868, 248
2026/10/01 23:37:28.479, 0, 12288, 11868, 248
2026/10/01 23:37:28.685, 0, 12288, 11868, 248
2026/10/01 23:37:28.890, 0, 12288, 11868, 248
2026/10/01 23:37:29.098, 0, 12288, 11868, 248
2026/10/01 23:37:29.303, 0, 12288, 11868, 248
2026/10/01 23:37:29.510, 0, 12288, 11868, 248
2026/10/01 23:37:29.717, 0, 12288, 11868, 248
2026/10/01 23:37:29.924, 0, 12288, 11868, 248
2026/10/01 23:37:30.129, 0, 12288, 11868, 248
2026/10/01 23:37:30.336, 0, 12288, 11868, 248
2026/10/01 23:37:30.541, 0, 12288, 11868, 248
2026/10/01 23:37:30.748, 0, 12288, 11868, 248
2026/10/01 23:37:30.954, 0, 12288, 11868, 248
2026/10/01 23:37:31.159, 0, 12288, 11868, 248
2026/10/01 23:37:31.366, 0, 12288, 11868, 248
2026/10/01 23:37:31.571, 0, 12288, 11868, 248
2026/10/01 23:37:31.777, 0, 12288, 11868, 248
2026/10/01 23:37:31.984, 0, 12288, 11868, 248
2026/10/01 23:37:32.190, 0, 12288, 11868, 248
2026/10/01 23:37:32.396, 0, 12288, 11868, 248
2026/10/01 23:37:32.603, 0, 12288, 11868, 248
2026/10/01 23:37:32.810, 0, 12288, 11868, 248
2026/10/01 23:37:33.017, 0, 12288, 11868, 248
2026/10/01 23:37:33.223, 0, 12288, 11868, 248
2026/10/01 23:37:33.430, 0, 12288, 11868, 248
2026/10/01 23:37:33.634, 0, 12288, 11868, 248
2026/10/01 23:37:33.840, 0, 12288, 11868, 248
2026/10/01 23:37:34.047, 0, 12288, 11868, 248
2026/10/01 23:37:34.250, 0, 12288, 11868, 248
2026/10/01 23:37:34.458, 0, 12288, 11868, 248
2026/10/01 23:37:34.665, 0, 12288, 11868, 248
2026/10/01 23:37:34.871, 0, 12288, 11868, 248
2026/10/01 23:37:35.077, 0, 12288, 11868, 248
2026/10/01 23:37:35.283, 0, 12288, 11868, 248
2026/10/01 23:37:35.490, 0, 12288, 11868, 248
2026/10/01 23:37:35.697, 0, 12288, 11868, 248
2026/10/01 23:37:35.902, 0, 12288, 11868, 248
2026/10/01 23:37:36.107, 0, 12288, 11868, 248
2026/10/01 23:37:36.313, 0, 12288, 11868, 248
2026/10/01 23:37:36.520, 0, 12288, 11868, 248
2026/10/01 23:37:36.726, 0, 12288, 11868, 248
2026/10/01 23:37:36.932, 0, 12288, 11868, 248
2026/10/01 23:37:37.138, 0, 12288, 11868, 248
2026/10/01 23:37:37.343, 0, 12288, 11868, 248
2026/10/01 23:37:37.549, 0, 12288, 11868, 248
2026/10/01 23:37:37.755, 0, 12288, 11868, 248
2026/10/01 23:37:37.961, 0, 12288, 11868, 248
2026/10/01 23:37:38.168, 0, 12288, 11868, 248
2026/10/01 23:37:38.374, 0, 12288, 11868, 248
2026/10/01 23:37:38.580, 0, 12288, 11868, 248
2026/10/01 23:37:38.786, 0, 12288, 11868, 248
2026/10/01 23:37:38.992, 0, 12288, 11868, 248
2026/10/01 23:37:39.197, 0, 12288, 11868, 248
2026/10/01 23:37:39.403, 0, 12288, 11868, 248
2026/10/01 23:37:39.610, 0, 12288, 11868, 248
2026/10/01 23:37:39.816, 0, 12288, 11868, 248
2026/10/01 23:37:40.023, 0, 12288, 11868, 248
2026/10/01 23:37:40.230, 0, 12288, 11868, 248
2026/10/01 23:37:40.436, 0, 12288, 11868, 248
2026/10/01 23:37:40.641, 0, 12288, 11868, 248
2026/10/01 23:37:40.846, 0, 12288, 11868, 248
2026/10/01 23:37:41.053, 0, 12288, 11868, 248
2026/10/01 23:37:41.259, 0, 12288, 11868, 248
2026/10/01 23:37:41.464, 0, 12288, 11868, 248
2026/10/01 23:37:41.671, 0, 12288, 11868, 248
2026/10/01 23:37:41.877, 0, 12288, 11868, 248
2026/10/01 23:37:42.084, 0, 12288, 11868, 248
2026/10/01 23:37:42.289, 0, 12288, 11868, 248
2026/10/01 23:37:42.496, 0, 12288, 11868, 248
2026/10/01 23:37:42.703, 0, 12288, 11868, 248
2026/10/01 23:37:42.907, 0, 12288, 11868, 248
2026/10/01 23:37:43.111, 0, 12288, 11868, 248
2026/10/01 23:37:43.317, 0, 12288, 11868, 248
2026/10/01 23:37:43.522, 0, 12288, 11868, 248
2026/10/01 23:37:43.728, 0, 12288, 11868, 248
2026/10/01 23:37:43.935, 0, 12288, 11868, 248
2026/10/01 23:37:44.142, 0, 12288, 11868, 248
2026/10/01 23:37:44.348, 0, 12288, 11868, 248
2026/10/01 23:37:44.554, 0, 12288, 11868, 248
2026/10/01 23:37:44.762, 0, 12288, 11868, 248
2026/10/01 23:37:44.968, 0, 12288, 11868, 248
2026/10/01 23:37:45.171, 0, 12288, 11868, 248
2026/10/01 23:37:45.377, 0, 12288, 11868, 248
2026/10/01 23:37:45.583, 0, 12288, 11868, 248
2026/10/01 23:37:45.790, 0, 12288, 11868, 248
2026/10/01 23:37:45.996, 0, 12288, 11868, 248
2026/10/01 23:37:46.202, 0, 12288, 11868, 248
2026/10/01 23:37:46.406, 0, 12288, 11868, 248
2026/10/01 23:37:46.612, 0, 12288, 11868, 248
2026/10/01 23:37:46.818, 0, 12288, 11868, 248
2026/10/01 23:37:47.025, 0, 12288, 11868, 248
2026/10/01 23:37:47.228, 0, 12288, 11868, 248
2026/10/01 23:37:47.436, 0, 12288, 11868, 248
2026/10/01 23:37:47.643, 0, 12288, 11868, 248
2026/10/01 23:37:47.849, 0, 12288, 11868, 248
2026/10/01 23:37:48.056, 0, 12288, 11868, 248
2026/10/01 23:37:48.262, 0, 12288, 11868, 248
2026/10/01 23:37:48.469, 0, 12288, 11868, 248
2026/10/01 23:37:48.674, 0, 12288, 11868, 248
2026/10/01 23:37:48.880, 0, 12288, 11868, 248
2026/10/01 23:37:49.083, 0, 12288, 11868, 248
2026/10/01 23:37:49.290, 0, 12288, 11868, 248
2026/10/01 23:37:49.496, 0, 12288, 11868, 248
2026/10/01 23:37:49.702, 0, 12288, 11868, 248
2026/10/01 23:37:49.908, 0, 12288, 11868, 248
2026/10/01 23:37:50.114, 0, 12288, 11868, 248
2026/10/01 23:37:50.320, 0, 12288, 11868, 248
2026/10/01 23:37:50.527, 0, 12288, 11868, 248
2026/10/01 23:37:50.733, 0, 12288, 11868, 248
2026/10/01 23:37:50.939, 0, 12288, 11868, 248
2026/10/01 23:37:51.143, 0, 12288, 11868, 248
2026/10/01 23:37:51.351, 0, 12288, 11868, 248
2026/10/01 23:37:51.557, 0, 12288, 11868, 248
2026/10/01 23:37:51.762, 0, 12288, 11868, 248
2026/10/01 23:37:51.969, 0, 12288, 11868, 248
2026/10/01 23:37:52.176, 0, 12288, 11868, 248
2026/10/01 23:37:52.382, 0, 12288, 11868, 248
2026/10/01 23:37:52.587, 0, 12288, 11868, 248
2026/10/01 23:37:52.793, 0, 12288, 11868, 248
2026/10/01 23:37:53.000, 0, 12288, 11868, 248
2026/10/01 23:37:53.205, 0, 12288, 11868, 248
2026/10/01 23:37:53.411, 0, 12288, 11868, 248
2026/10/01 23:37:53.618, 0, 12288, 11868, 248
2026/10/01 23:37:53.823, 0, 12288, 11868, 248
2026/10/01 23:37:54.029, 0, 12288, 11868, 248
2026/10/01 23:37:54.237, 0, 12288, 11868, 248
2026/10/01 23:37:54.442, 0, 12288, 11868, 248
2026/10/01 23:37:54.650, 0, 12288, 11868, 248
2026/10/01 23:37:54.853, 0, 12288, 11868, 248
2026/10/01 23:37:55.060, 0, 12288, 11868, 248
2026/10/01 23:37:55.264, 0, 12288, 11868, 248
2026/10/01 23:37:55.471, 0, 12288, 11868, 248
2026/10/01 23:37:55.676, 0, 12288, 11868, 248
2026/10/01 23:37:55.884, 0, 12288, 11868, 248
2026/10/01 23:37:56.090, 0, 12288, 11868, 248
2026/10/01 23:37:56.294, 0, 12288, 11868, 248
2026/10/01 23:37:56.500, 0, 12288, 11868, 248
2026/10/01 23:37:56.705, 0, 12288, 11868, 248
2026/10/01 23:37:56.911, 0, 12288, 11868, 248
2026/10/01 23:37:57.116, 0, 12288, 11868, 248
2026/10/01 23:37:57.321, 0, 12288, 11868, 248
2026/10/01 23:37:57.528, 0, 12288, 11868, 248
2026/10/01 23:37:57.734, 0, 12288, 11868, 248
2026/10/01 23:37:57.938, 0, 12288, 11868, 248
2026/10/01 23:37:58.145, 0, 12288, 11868, 248
2026/10/01 23:37:58.350, 0, 12288, 11868, 248
2026/10/01 23:37:58.557, 0, 12288, 11868, 248
2026/10/01 23:37:58.762, 0, 12288, 11868, 248
2026/10/01 23:37:58.969, 0, 12288, 11868, 248
2026/10/01 23:37:59.175, 0, 12288, 11868, 248
2026/10/01 23:37:59.380, 0, 12288, 11868, 248
2026/10/01 23:37:59.587, 0, 12288, 11868, 248
2026/10/01 23:37:59.792, 0, 12288, 11868, 248
2026/10/01 23:37:59.999, 0, 12288, 11868, 248
2026/10/01 23:38:00.206, 0, 12288, 11868, 248
2026/10/01 23:38:00.411, 0, 12288, 11868, 248
2026/10/01 23:38:00.617, 0, 12288, 11868, 248
2026/10/01 23:38:00.823, 0, 12288, 11868, 248
2026/10/01 23:38:01.029, 0, 12288, 11868, 248
2026/10/01 23:38:01.235, 0, 12288, 11868, 248
2026/10/01 23:38:01.442, 0, 12288, 11868, 248
2026/10/01 23:38:01.648, 0, 12288, 11868, 248
2026/10/01 23:38:01.854, 0, 12288, 11868, 248
2026/10/01 23:38:02.061, 0, 12288, 11868, 248
2026/10/01 23:38:02.267, 0, 12288, 11868, 248
2026/10/01 23:38:02.473, 0, 12288, 11868, 248
2026/10/01 23:38:02.679, 0, 12288, 11868, 248
2026/10/01 23:38:02.885, 0, 12288, 11868, 248
2026/10/01 23:38:03.090, 0, 12288, 11868, 248
2026/10/01 23:38:03.296, 0, 12288, 11868, 248
2026/10/01 23:38:03.503, 0, 12288, 11868, 248
2026/10/01 23:38:03.709, 0, 12288, 11868, 248
2026/10/01 23:38:03.914, 0, 12288, 11868, 248
2026/10/01 23:38:04.120, 0, 12288, 11868, 248
2026/10/01 23:38:04.327, 0, 12288, 11868, 248
2026/10/01 23:38:04.534, 0, 12288, 11868, 248
2026/10/01 23:38:04.740, 0, 12288, 11868, 248
2026/10/01 23:38:04.945, 0, 12288, 11868, 248
2026/10/01 23:38:05.151, 0, 12288, 11868, 248
2026/10/01 23:38:05.356, 0, 12288, 11868, 248
2026/10/01 23:38:05.562, 0, 12288, 11868, 248
2026/10/01 23:38:05.767, 0, 12288, 11868, 248
2026/10/01 23:38:05.973, 0, 12288, 11868, 248
2026/10/01 23:38:06.178, 0, 12288, 11868, 248
2026/10/01 23:38:06.385, 0, 12288, 11868, 248
2026/10/01 23:38:06.592, 0, 12288, 11868, 248
2026/10/01 23:38:06.798, 0, 12288, 11868, 248
2026/10/01 23:38:07.005, 0, 12288, 11868, 248
2026/10/01 23:38:07.209, 0, 12288, 11868, 248
2026/10/01 23:38:07.416, 0, 12288, 11868, 248
2026/10/01 23:38:07.622, 0, 12288, 11868, 248
2026/10/01 23:38:07.828, 0, 12288, 11868, 248
2026/10/01 23:38:08.034, 0, 12288, 11868, 248
2026/10/01 23:38:08.239, 0, 12288, 11868, 248
2026/10/01 23:38:08.445, 0, 12288, 11868, 248
2026/10/01 23:38:08.651, 0, 12288, 11868, 248
2026/10/01 23:38:08.858, 0, 12288, 11868, 248
2026/10/01 23:38:09.064, 0, 12288, 11868, 248
2026/10/01 23:38:09.269, 0, 12288, 11868, 248
2026/10/01 23:38:09.476, 0, 12288, 11868, 248
2026/10/01 23:38:09.682, 0, 12288, 11868, 248
2026/10/01 23:38:09.888, 0, 12288, 11868, 248
2026/10/01 23:38:10.094, 0, 12288, 11868, 248
2026/10/01 23:38:10.298, 0, 12288, 11868, 248
2026/10/01 23:38:10.504, 0, 12288, 11868, 248
2026/10/01 23:38:10.710, 0, 12288, 11868, 248
2026/10/01 23:38:10.916, 0, 12288, 11868, 248
2026/10/01 23:38:11.123, 0, 12288, 11868, 248
2026/10/01 23:38:11.329, 0, 12288, 11868, 248
2026/10/01 23:38:11.534, 0, 12288, 11868, 248
2026/10/01 23:38:11.741, 0, 12288, 11868, 248
2026/10/01 23:38:11.946, 0, 12288, 11868, 248
2026/10/01 23:38:12.153, 0, 12288, 11868, 248
2026/10/01 23:38:12.359, 0, 12288, 11868, 248
2026/10/01 23:38:12.565, 0, 12288, 11868, 248
2026/10/01 23:38:12.772, 0, 12288, 11868, 248
2026/10/01 23:38:12.976, 0, 12288, 11868, 248
2026/10/01 23:38:13.182, 0, 12288, 11868, 248
2026/10/01 23:38:13.388, 0, 12288, 11868, 248
2026/10/01 23:38:13.596, 0, 12288, 11868, 248
2026/10/01 23:38:13.801, 0, 12288, 11868, 248
2026/10/01 23:38:14.008, 0, 12288, 11868, 248
2026/10/01 23:38:14.211, 0, 12288, 11868, 248
2026/10/01 23:38:14.416, 0, 12288, 11868, 248
2026/10/01 23:38:14.622, 0, 12288, 11868, 248
2026/10/01 23:38:14.828, 0, 12288, 11868, 248
2026/10/01 23:38:15.035, 0, 12288, 11868, 248
2026/10/01 23:38:15.241, 0, 12288, 11868, 248
2026/10/01 23:38:15.447, 0, 12288, 11868, 248
2026/10/01 23:38:15.652, 0, 12288, 11868, 248
2026/10/01 23:38:15.858, 0, 12288, 11868, 248
2026/10/01 23:38:16.064, 0, 12288, 11868, 248
2026/10/01 23:38:16.271, 0, 12288, 11868, 248
2026/10/01 23:38:16.477, 0, 12288, 11868, 248
2026/10/01 23:38:16.681, 0, 12288, 11868, 248
2026/10/01 23:38:16.888, 0, 12288, 11868, 248
2026/10/01 23:38:17.093, 0, 12288, 11868, 248
2026/10/01 23:38:17.302, 0, 12288, 11868, 248
2026/10/01 23:38:17.509, 0, 12288, 11868, 248
2026/10/01 23:38:17.715, 0, 12288, 11868, 248
2026/10/01 23:38:17.922, 0, 12288, 11868, 248
2026/10/01 23:38:18.129, 0, 12288, 11868, 248
2026/10/01 23:38:18.335, 0, 12288, 11868, 248
2026/10/01 23:38:18.540, 0, 12288, 11868, 248
2026/10/01 23:38:18.746, 0, 12288, 11868, 248
2026/10/01 23:38:18.953, 0, 12288, 11868, 248
2026/10/01 23:38:19.158, 0, 12288, 11868, 248
2026/10/01 23:38:19.365, 0, 12288, 11868, 248
2026/10/01 23:38:19.570, 0, 12288, 11868, 248
2026/10/01 23:38:19.776, 0, 12288, 11868, 248
2026/10/01 23:38:19.983, 0, 12288, 11868, 248
2026/10/01 23:38:20.190, 0, 12288, 11868, 248
2026/10/01 23:38:20.396, 0, 12288, 11868, 248
2026/10/01 23:38:20.604, 0, 12288, 11868, 248
2026/10/01 23:38:20.808, 0, 12288, 11868, 248
2026/10/01 23:38:21.014, 0, 12288, 11868, 248
2026/10/01 23:38:21.220, 0, 12288, 11868, 248
2026/10/01 23:38:21.427, 0, 12288, 11868, 248
2026/10/01 23:38:21.633, 0, 12288, 11868, 248
2026/10/01 23:38:21.838, 0, 12288, 11868, 248
2026/10/01 23:38:22.045, 0, 12288, 11868, 248
2026/10/01 23:38:22.250, 0, 12288, 11868, 248
2026/10/01 23:38:22.458, 0, 12288, 11868, 248
2026/10/01 23:38:22.664, 0, 12288, 11868, 248
2026/10/01 23:38:22.870, 0, 12288, 11868, 248
2026/10/01 23:38:23.075, 0, 12288, 11868, 248
2026/10/01 23:38:23.281, 0, 12288, 11868, 248
2026/10/01 23:38:23.488, 0, 12288, 11868, 248
2026/10/01 23:38:23.695, 0, 12288, 11868, 248
2026/10/01 23:38:23.902, 0, 12288, 11868, 248
2026/10/01 23:38:24.105, 0, 12288, 11868, 248
2026/10/01 23:38:24.311, 0, 12288, 11868, 248
2026/10/01 23:38:24.517, 0, 12288, 11868, 248
2026/10/01 23:38:24.724, 0, 12288, 11868, 248
2026/10/01 23:38:24.930, 0, 12288, 11868, 248
2026/10/01 23:38:25.137, 0, 12288, 11868, 248
2026/10/01 23:38:25.342, 0, 12288, 11868, 248
2026/10/01 23:38:25.548, 0, 12288, 11868, 248
2026/10/01 23:38:25.755, 0, 12288, 11868, 248
2026/10/01 23:38:25.960, 0, 12288, 11868, 248
2026/10/01 23:38:26.166, 0, 12288, 11868, 248
2026/10/01 23:38:26.372, 0, 12288, 11868, 248
2026/10/01 23:38:26.578, 0, 12288, 11868, 248
2026/10/01 23:38:26.786, 0, 12288, 11868, 248
2026/10/01 23:38:26.992, 0, 12288, 11868, 248
2026/10/01 23:38:27.198, 0, 12288, 11868, 248
2026/10/01 23:38:27.405, 0, 12288, 11868, 248
2026/10/01 23:38:27.607, 0, 12288, 11868, 248
2026/10/01 23:38:27.814, 0, 12288, 11868, 248
2026/10/01 23:38:28.020, 0, 12288, 11868, 248
2026/10/01 23:38:28.224, 0, 12288, 11868, 248
2026/10/01 23:38:28.428, 0, 12288, 11868, 248
2026/10/01 23:38:28.635, 0, 12288, 11868, 248
2026/10/01 23:38:28.856, 0, 12288, 11868, 248
2026/10/01 23:38:29.061, 0, 12288, 11868, 248
2026/10/01 23:38:29.267, 0, 12288, 11868, 248
2026/10/01 23:38:29.475, 0, 12288, 11868, 248
2026/10/01 23:38:29.680, 0, 12288, 11868, 248
2026/10/01 23:38:29.887, 0, 12288, 11868, 248
2026/10/01 23:38:30.093, 0, 12288, 11868, 248
2026/10/01 23:38:30.298, 0, 12288, 11868, 248
2026/10/01 23:38:30.504, 0, 12288, 11868, 248
2026/10/01 23:38:30.711, 0, 12288, 11868, 248
2026/10/01 23:38:30.918, 0, 12288, 11868, 248
2026/10/01 23:38:31.122, 0, 12288, 11868, 248
2026/10/01 23:38:31.330, 0, 12288, 11868, 248
2026/10/01 23:38:31.536, 0, 12288, 11868, 248
2026/10/01 23:38:31.741, 0, 12288, 11868, 248
2026/10/01 23:38:31.948, 0, 12288, 11868, 248
2026/10/01 23:38:32.154, 0, 12288, 11868, 248
2026/10/01 23:38:32.360, 0, 12288, 11868, 248
2026/10/01 23:38:32.565, 0, 12288, 11868, 248
2026/10/01 23:38:32.769, 0, 12288, 11868, 248
2026/10/01 23:38:32.975, 0, 12288, 11868, 248
2026/10/01 23:38:33.182, 0, 12288, 11868, 248
2026/10/01 23:38:33.389, 0, 12288, 11868, 248
2026/10/01 23:38:33.595, 0, 12288, 11868, 248
2026/10/01 23:38:33.802, 0, 12288, 11868, 248
2026/10/01 23:38:34.009, 0, 12288, 11868, 248
2026/10/01 23:38:34.215, 0, 12288, 11868, 248
2026/10/01 23:38:34.422, 0, 12288, 11868, 248
2026/10/01 23:38:34.626, 0, 12288, 11868, 248
2026/10/01 23:38:34.833, 0, 12288, 11868, 248
2026/10/01 23:38:35.038, 0, 12288, 11868, 248
2026/10/01 23:38:35.245, 0, 12288, 11868, 248
2026/10/01 23:38:35.452, 0, 12288, 11868, 248
2026/10/01 23:38:35.657, 0, 12288, 11868, 248
2026/10/01 23:38:35.864, 0, 12288, 11868, 248
2026/10/01 23:38:36.068, 0, 12288, 11868, 248
2026/10/01 23:38:36.275, 0, 12288, 11868, 248
2026/10/01 23:38:36.481, 0, 12288, 11868, 248
2026/10/01 23:38:36.687, 0, 12288, 11868, 248
2026/10/01 23:38:36.894, 0, 12288, 11868, 248
2026/10/01 23:38:37.101, 0, 12288, 11868, 248
2026/10/01 23:38:37.305, 0, 12288, 11868, 248
2026/10/01 23:38:37.512, 0, 12288, 11868, 248
2026/10/01 23:38:37.719, 0, 12288, 11868, 248
2026/10/01 23:38:37.925, 0, 12288, 11868, 248
2026/10/01 23:38:38.131, 0, 12288, 11868, 248
2026/10/01 23:38:38.336, 0, 12288, 11868, 248
2026/10/01 23:38:38.543, 0, 12288, 11868, 248
2026/10/01 23:38:38.749, 0, 12288, 11868, 248
2026/10/01 23:38:38.955, 0, 12288, 11868, 248
2026/10/01 23:38:39.162, 0, 12288, 11868, 248
2026/10/01 23:38:39.367, 0, 12288, 11868, 248
2026/10/01 23:38:39.573, 0, 12288, 11868, 248
2026/10/01 23:38:39.780, 0, 12288, 11868, 248
2026/10/01 23:38:39.985, 0, 12288, 11868, 248
2026/10/01 23:38:40.191, 0, 12288, 11868, 248
2026/10/01 23:38:40.398, 0, 12288, 11868, 248
2026/10/01 23:38:40.603, 0, 12288, 11868, 248
2026/10/01 23:38:40.811, 0, 12288, 11868, 248
2026/10/01 23:38:41.017, 0, 12288, 11868, 248
2026/10/01 23:38:41.223, 0, 12288, 11868, 248
2026/10/01 23:38:41.430, 0, 12288, 11868, 248
2026/10/01 23:38:41.634, 0, 12288, 11868, 248
2026/10/01 23:38:41.840, 0, 12288, 11868, 248
2026/10/01 23:38:42.046, 0, 12288, 11868, 248
2026/10/01 23:38:42.252, 0, 12288, 11868, 248
2026/10/01 23:38:42.458, 0, 12288, 11868, 248
2026/10/01 23:38:42.666, 0, 12288, 11868, 248
2026/10/01 23:38:42.872, 0, 12288, 11868, 248
2026/10/01 23:38:43.077, 0, 12288, 11868, 248
2026/10/01 23:38:43.284, 0, 12288, 11868, 248
2026/10/01 23:38:43.488, 0, 12288, 11868, 248
2026/10/01 23:38:43.694, 0, 12288, 11868, 248
2026/10/01 23:38:43.901, 0, 12288, 11868, 248
2026/10/01 23:38:44.107, 0, 12288, 11868, 248
2026/10/01 23:38:44.313, 0, 12288, 11868, 248
2026/10/01 23:38:44.520, 0, 12288, 11868, 248
2026/10/01 23:38:44.726, 0, 12288, 11868, 248
2026/10/01 23:38:44.930, 0, 12288, 11868, 248
2026/10/01 23:38:45.136, 0, 12288, 11868, 248
2026/10/01 23:38:45.341, 0, 12288, 11868, 248
2026/10/01 23:38:45.547, 0, 12288, 11868, 248
2026/10/01 23:38:45.753, 0, 12288, 11868, 248
2026/10/01 23:38:45.959, 0, 12288, 11868, 248
2026/10/01 23:38:46.165, 0, 12288, 11868, 248
2026/10/01 23:38:46.371, 0, 12288, 11868, 248
2026/10/01 23:38:46.579, 0, 12288, 11868, 248
2026/10/01 23:38:46.786, 0, 12288, 11868, 248
2026/10/01 23:38:46.993, 0, 12288, 11868, 248
2026/10/01 23:38:47.199, 0, 12288, 11868, 248
2026/10/01 23:38:47.403, 0, 12288, 11868, 248
2026/10/01 23:38:47.609, 0, 12288, 11868, 248
2026/10/01 23:38:47.816, 0, 12288, 11868, 248
2026/10/01 23:38:48.021, 0, 12288, 11868, 248
2026/10/01 23:38:48.227, 0, 12288, 11868, 248
2026/10/01 23:38:48.434, 0, 12288, 11868, 248
2026/10/01 23:38:48.639, 0, 12288, 11868, 248
2026/10/01 23:38:48.846, 0, 12288, 11868, 248
2026/10/01 23:38:49.053, 0, 12288, 11868, 248
2026/10/01 23:38:49.259, 0, 12288, 11868, 248
2026/10/01 23:38:49.465, 0, 12288, 11868, 248
2026/10/01 23:38:49.670, 0, 12288, 11868, 248
2026/10/01 23:38:49.877, 0, 12288, 11868, 248
2026/10/01 23:38:50.084, 0, 12288, 11868, 248
2026/10/01 23:38:50.291, 0, 12288, 11868, 248
2026/10/01 23:38:50.497, 0, 12288, 11868, 248
2026/10/01 23:38:50.703, 0, 12288, 11868, 248
2026/10/01 23:38:50.907, 0, 12288, 11868, 248
2026/10/01 23:38:51.113, 0, 12288, 11868, 248
2026/10/01 23:38:51.318, 0, 12288, 11868, 248
2026/10/01 23:38:51.525, 0, 12288, 11868, 248
2026/10/01 23:38:51.732, 0, 12288, 11868, 248
2026/10/01 23:38:51.939, 0, 12288, 11868, 248
2026/10/01 23:38:52.145, 0, 12288, 11868, 248
2026/10/01 23:38:52.352, 0, 12288, 11868, 248
2026/10/01 23:38:52.558, 0, 12288, 11868, 248
2026/10/01 23:38:52.765, 0, 12288, 11868, 248
2026/10/01 23:38:52.972, 0, 12288, 11868, 248
2026/10/01 23:38:53.178, 0, 12288, 11868, 248
2026/10/01 23:38:53.384, 0, 12288, 11868, 248
2026/10/01 23:38:53.591, 0, 12288, 11868, 248
2026/10/01 23:38:53.798, 0, 12288, 11868, 248
2026/10/01 23:38:54.002, 0, 12288, 11868, 248
2026/10/01 23:38:54.207, 0, 12288, 11868, 248
2026/10/01 23:38:54.414, 0, 12288, 11868, 248
2026/10/01 23:38:54.622, 0, 12288, 11868, 248
2026/10/01 23:38:54.828, 0, 12288, 11868, 248
2026/10/01 23:38:55.032, 0, 12288, 11868, 248
2026/10/01 23:38:55.238, 0, 12288, 11868, 248
2026/10/01 23:38:55.443, 0, 12288, 11868, 248
2026/10/01 23:38:55.649, 0, 12288, 11868, 248
2026/10/01 23:38:55.856, 0, 12288, 11868, 248
2026/10/01 23:38:56.062, 0, 12288, 11868, 248
2026/10/01 23:38:56.268, 0, 12288, 11876, 240
2026/10/01 23:38:56.474, 0, 12288, 11876, 240
2026/10/01 23:38:56.680, 0, 12288, 11876, 240
2026/10/01 23:38:56.886, 0, 12288, 11876, 240
2026/10/01 23:38:57.092, 0, 12288, 11876, 240
2026/10/01 23:38:57.298, 0, 12288, 11876, 240
2026/10/01 23:38:57.503, 0, 12288, 11876, 240
2026/10/01 23:38:57.707, 0, 12288, 11876, 240
2026/10/01 23:38:57.913, 0, 12288, 11876, 240
2026/10/01 23:38:58.119, 0, 12288, 11868, 248
2026/10/01 23:38:58.325, 0, 12288, 11868, 248
2026/10/01 23:38:58.532, 0, 12288, 11868, 248
2026/10/01 23:38:58.739, 0, 12288, 11868, 248
2026/10/01 23:38:58.944, 0, 12288, 11868, 248
2026/10/01 23:38:59.150, 0, 12288, 11868, 248
2026/10/01 23:38:59.355, 0, 12288, 11868, 248
2026/10/01 23:38:59.561, 0, 12288, 11868, 248
2026/10/01 23:38:59.766, 0, 12288, 11868, 248
2026/10/01 23:38:59.973, 0, 12288, 11868, 248
2026/10/01 23:39:00.178, 0, 12288, 11868, 248
2026/10/01 23:39:00.384, 0, 12288, 11868, 248
2026/10/01 23:39:00.590, 0, 12288, 11868, 248
2026/10/01 23:39:00.795, 0, 12288, 11868, 248
2026/10/01 23:39:01.002, 0, 12288, 11868, 248
2026/10/01 23:39:01.209, 0, 12288, 11868, 248
2026/10/01 23:39:01.415, 0, 12288, 11868, 248
2026/10/01 23:39:01.621, 0, 12288, 11868, 248
2026/10/01 23:39:01.826, 0, 12288, 11868, 248
2026/10/01 23:39:02.032, 0, 12288, 11868, 248
2026/10/01 23:39:02.237, 0, 12288, 11868, 248
2026/10/01 23:39:02.444, 0, 12288, 11868, 248
2026/10/01 23:39:02.651, 0, 12288, 11868, 248
2026/10/01 23:39:02.857, 0, 12288, 11868, 248
2026/10/01 23:39:03.064, 0, 12288, 11868, 248
2026/10/01 23:39:03.271, 0, 12288, 11868, 248
2026/10/01 23:39:03.478, 0, 12288, 11868, 248
2026/10/01 23:39:03.686, 0, 12288, 11868, 248
2026/10/01 23:39:03.893, 0, 12288, 11868, 248
2026/10/01 23:39:04.099, 0, 12288, 11868, 248
2026/10/01 23:39:04.305, 0, 12288, 11868, 248
2026/10/01 23:39:04.509, 0, 12288, 11868, 248
2026/10/01 23:39:04.716, 0, 12288, 11868, 248
2026/10/01 23:39:04.923, 0, 12288, 11868, 248
2026/10/01 23:39:05.128, 0, 12288, 11868, 248
2026/10/01 23:39:05.333, 0, 12288, 11868, 248
2026/10/01 23:39:05.540, 0, 12288, 11868, 248
2026/10/01 23:39:05.746, 0, 12288, 11868, 248
2026/10/01 23:39:05.952, 0, 12288, 11868, 248
2026/10/01 23:39:06.158, 0, 12288, 11868, 248
2026/10/01 23:39:06.364, 0, 12288, 11868, 248
2026/10/01 23:39:06.571, 0, 12288, 11868, 248
2026/10/01 23:39:06.778, 0, 12288, 11868, 248
2026/10/01 23:39:06.985, 0, 12288, 11868, 248
2026/10/01 23:39:07.191, 0, 12288, 11868, 248
2026/10/01 23:39:07.396, 0, 12288, 11868, 248
2026/10/01 23:39:07.602, 0, 12288, 11868, 248
2026/10/01 23:39:07.808, 0, 12288, 11868, 248
2026/10/01 23:39:08.015, 0, 12288, 11868, 248
2026/10/01 23:39:08.222, 0, 12288, 11868, 248
2026/10/01 23:39:08.427, 0, 12288, 11868, 248
2026/10/01 23:39:08.633, 0, 12288, 11868, 248
2026/10/01 23:39:08.838, 0, 12288, 11868, 248
2026/10/01 23:39:09.044, 0, 12288, 11868, 248
2026/10/01 23:39:09.249, 0, 12288, 11868, 248
2026/10/01 23:39:09.455, 0, 12288, 11868, 248
2026/10/01 23:39:09.659, 0, 12288, 11868, 248
2026/10/01 23:39:09.866, 0, 12288, 11868, 248
2026/10/01 23:39:10.071, 0, 12288, 11868, 248
2026/10/01 23:39:10.277, 0, 12288, 11868, 248
2026/10/01 23:39:10.481, 0, 12288, 11868, 248
2026/10/01 23:39:10.689, 0, 12288, 11868, 248
2026/10/01 23:39:10.894, 0, 12288, 11868, 248
2026/10/01 23:39:11.100, 0, 12288, 11868, 248
2026/10/01 23:39:11.307, 0, 12288, 11868, 248
2026/10/01 23:39:11.513, 0, 12288, 11868, 248
2026/10/01 23:39:11.719, 0, 12288, 11868, 248
2026/10/01 23:39:11.925, 0, 12288, 11868, 248
2026/10/01 23:39:12.132, 0, 12288, 11868, 248
2026/10/01 23:39:12.337, 0, 12288, 11868, 248
2026/10/01 23:39:12.544, 0, 12288, 11868, 248
2026/10/01 23:39:12.752, 0, 12288, 11868, 248
2026/10/01 23:39:12.959, 0, 12288, 11868, 248
2026/10/01 23:39:13.165, 0, 12288, 11868, 248
2026/10/01 23:39:13.372, 0, 12288, 11868, 248
2026/10/01 23:39:13.577, 0, 12288, 11868, 248
2026/10/01 23:39:13.783, 0, 12288, 11868, 248
2026/10/01 23:39:13.988, 0, 12288, 11868, 248
2026/10/01 23:39:14.195, 0, 12288, 11868, 248
2026/10/01 23:39:14.401, 0, 12288, 11868, 248
2026/10/01 23:39:14.608, 0, 12288, 11868, 248
2026/10/01 23:39:14.813, 0, 12288, 11868, 248
2026/10/01 23:39:15.020, 0, 12288, 11868, 248
2026/10/01 23:39:15.227, 0, 12288, 11868, 248
2026/10/01 23:39:15.434, 0, 12288, 11868, 248
2026/10/01 23:39:15.639, 0, 12288, 11868, 248
2026/10/01 23:39:15.845, 0, 12288, 11868, 248
2026/10/01 23:39:16.051, 0, 12288, 11868, 248
2026/10/01 23:39:16.257, 0, 12288, 11868, 248
2026/10/01 23:39:16.462, 0, 12288, 11868, 248
2026/10/01 23:39:16.668, 0, 12288, 11868, 248
2026/10/01 23:39:16.875, 0, 12288, 11868, 248
2026/10/01 23:39:17.080, 0, 12288, 11868, 248
2026/10/01 23:39:17.286, 0, 12288, 11868, 248
2026/10/01 23:39:17.492, 0, 12288, 11868, 248
2026/10/01 23:39:17.698, 0, 12288, 11868, 248
2026/10/01 23:39:17.919, 0, 12288, 11868, 248
2026/10/01 23:39:18.124, 0, 12288, 11868, 248
2026/10/01 23:39:18.331, 0, 12288, 11868, 248
2026/10/01 23:39:18.538, 0, 12288, 11868, 248
2026/10/01 23:39:18.743, 0, 12288, 11868, 248
2026/10/01 23:39:18.948, 0, 12288, 11868, 248
2026/10/01 23:39:19.155, 0, 12288, 11868, 248
2026/10/01 23:39:19.360, 0, 12288, 11868, 248
2026/10/01 23:39:19.565, 0, 12288, 11868, 248
2026/10/01 23:39:19.770, 0, 12288, 11868, 248
2026/10/01 23:39:19.977, 0, 12288, 11868, 248
2026/10/01 23:39:20.183, 0, 12288, 11868, 248
2026/10/01 23:39:20.389, 0, 12288, 11868, 248
2026/10/01 23:39:20.595, 0, 12288, 11868, 248
2026/10/01 23:39:20.803, 0, 12288, 11868, 248
2026/10/01 23:39:21.008, 0, 12288, 11868, 248
2026/10/01 23:39:21.214, 0, 12288, 11868, 248
2026/10/01 23:39:21.421, 0, 12288, 11868, 248
2026/10/01 23:39:21.629, 0, 12288, 11868, 248
2026/10/01 23:39:21.834, 0, 12288, 11868, 248
2026/10/01 23:39:22.040, 0, 12288, 11868, 248
2026/10/01 23:39:22.244, 0, 12288, 11868, 248
2026/10/01 23:39:22.450, 0, 12288, 11868, 248
2026/10/01 23:39:22.658, 0, 12288, 11868, 248
2026/10/01 23:39:22.863, 0, 12288, 11868, 248
2026/10/01 23:39:23.069, 0, 12288, 11868, 248
2026/10/01 23:39:23.275, 0, 12288, 11868, 248
2026/10/01 23:39:23.482, 0, 12288, 11868, 248
2026/10/01 23:39:23.687, 0, 12288, 11868, 248
2026/10/01 23:39:23.892, 0, 12288, 11868, 248
2026/10/01 23:39:24.100, 0, 12288, 11868, 248
2026/10/01 23:39:24.308, 0, 12288, 11868, 248
2026/10/01 23:39:24.513, 0, 12288, 11868, 248
2026/10/01 23:39:24.718, 0, 12288, 11868, 248
2026/10/01 23:39:24.922, 0, 12288, 11868, 248
2026/10/01 23:39:25.127, 0, 12288, 11868, 248
2026/10/01 23:39:25.332, 0, 12288, 11868, 248
2026/10/01 23:39:25.539, 0, 12288, 11868, 248
2026/10/01 23:39:25.746, 0, 12288, 11868, 248
2026/10/01 23:39:25.951, 0, 12288, 11868, 248
2026/10/01 23:39:26.157, 0, 12288, 11868, 248
2026/10/01 23:39:26.363, 0, 12288, 11868, 248
2026/10/01 23:39:26.569, 0, 12288, 11868, 248
2026/10/01 23:39:26.775, 0, 12288, 11868, 248
2026/10/01 23:39:26.980, 0, 12288, 11868, 248
2026/10/01 23:39:27.187, 0, 12288, 11868, 248
2026/10/01 23:39:27.393, 0, 12288, 11868, 248
2026/10/01 23:39:27.600, 0, 12288, 11868, 248
2026/10/01 23:39:27.804, 0, 12288, 11868, 248
2026/10/01 23:39:28.011, 0, 12288, 11868, 248
2026/10/01 23:39:28.219, 0, 12288, 11868, 248
2026/10/01 23:39:28.425, 0, 12288, 11868, 248
2026/10/01 23:39:28.630, 0, 12288, 11868, 248
2026/10/01 23:39:28.837, 0, 12288, 11868, 248
2026/10/01 23:39:29.041, 0, 12288, 11868, 248
2026/10/01 23:39:29.245, 0, 12288, 11868, 248
2026/10/01 23:39:29.449, 0, 12288, 11868, 248
2026/10/01 23:39:29.656, 0, 12288, 11868, 248
2026/10/01 23:39:29.861, 0, 12288, 11868, 248
2026/10/01 23:39:30.066, 0, 12288, 11868, 248
2026/10/01 23:39:30.274, 0, 12288, 11868, 248
2026/10/01 23:39:30.480, 0, 12288, 11868, 248
2026/10/01 23:39:30.688, 0, 12288, 11868, 248
2026/10/01 23:39:30.894, 0, 12288, 11868, 248
2026/10/01 23:39:31.102, 0, 12288, 11868, 248
2026/10/01 23:39:31.307, 0, 12288, 11868, 248
2026/10/01 23:39:31.513, 0, 12288, 11868, 248
2026/10/01 23:39:31.718, 0, 12288, 11868, 248
2026/10/01 23:39:31.923, 0, 12288, 11868, 248
2026/10/01 23:39:32.129, 0, 12288, 11868, 248
2026/10/01 23:39:32.336, 0, 12288, 11868, 248
2026/10/01 23:39:32.542, 0, 12288, 11868, 248
2026/10/01 23:39:32.747, 0, 12288, 11868, 248
2026/10/01 23:39:32.953, 0, 12288, 11868, 248
2026/10/01 23:39:33.161, 0, 12288, 11868, 248
2026/10/01 23:39:33.366, 0, 12288, 11868, 248
2026/10/01 23:39:33.571, 0, 12288, 11868, 248
2026/10/01 23:39:33.777, 0, 12288, 11868, 248
2026/10/01 23:39:33.983, 0, 12288, 11868, 248
2026/10/01 23:39:34.190, 0, 12288, 11868, 248
2026/10/01 23:39:34.396, 0, 12288, 11868, 248
2026/10/01 23:39:34.603, 0, 12288, 11868, 248
2026/10/01 23:39:34.809, 0, 12288, 11868, 248
2026/10/01 23:39:35.016, 0, 12288, 11868, 248
2026/10/01 23:39:35.222, 0, 12288, 11868, 248
2026/10/01 23:39:35.429, 0, 12288, 11868, 248
2026/10/01 23:39:35.636, 0, 12288, 11868, 248
2026/10/01 23:39:35.843, 0, 12288, 11868, 248
2026/10/01 23:39:36.048, 0, 12288, 11868, 248
2026/10/01 23:39:36.251, 0, 12288, 11868, 248
2026/10/01 23:39:36.456, 0, 12288, 11868, 248
2026/10/01 23:39:36.663, 0, 12288, 11868, 248
2026/10/01 23:39:36.870, 0, 12288, 11868, 248
2026/10/01 23:39:37.076, 0, 12288, 11868, 248
2026/10/01 23:39:37.281, 0, 12288, 11868, 248
2026/10/01 23:39:37.487, 0, 12288, 11868, 248
2026/10/01 23:39:37.691, 0, 12288, 11868, 248
2026/10/01 23:39:37.898, 0, 12288, 11868, 248
2026/10/01 23:39:38.106, 0, 12288, 11868, 248
2026/10/01 23:39:38.312, 0, 12288, 11868, 248
2026/10/01 23:39:38.518, 0, 12288, 11868, 248
2026/10/01 23:39:38.724, 0, 12288, 11868, 248
2026/10/01 23:39:38.929, 0, 12288, 11868, 248
2026/10/01 23:39:39.134, 0, 12288, 11868, 248
2026/10/01 23:39:39.340, 0, 12288, 11868, 248
2026/10/01 23:39:39.546, 0, 12288, 11868, 248
2026/10/01 23:39:39.752, 0, 12288, 11868, 248
2026/10/01 23:39:39.959, 0, 12288, 11868, 248
2026/10/01 23:39:40.165, 0, 12288, 11868, 248
2026/10/01 23:39:40.371, 0, 12288, 11868, 248
2026/10/01 23:39:40.577, 0, 12288, 11868, 248
2026/10/01 23:39:40.782, 0, 12288, 11868, 248
2026/10/01 23:39:40.988, 0, 12288, 11868, 248
2026/10/01 23:39:41.192, 0, 12288, 11868, 248
2026/10/01 23:39:41.397, 0, 12288, 11868, 248
2026/10/01 23:39:41.604, 0, 12288, 11868, 248
2026/10/01 23:39:41.809, 0, 12288, 11868, 248
2026/10/01 23:39:42.015, 0, 12288, 11868, 248
2026/10/01 23:39:42.222, 0, 12288, 11868, 248
2026/10/01 23:39:42.429, 0, 12288, 11868, 248
2026/10/01 23:39:42.634, 0, 12288, 11868, 248
2026/10/01 23:39:42.841, 0, 12288, 11868, 248
2026/10/01 23:39:43.046, 0, 12288, 11868, 248
2026/10/01 23:39:43.252, 0, 12288, 11868, 248
2026/10/01 23:39:43.460, 0, 12288, 11868, 248
2026/10/01 23:39:43.665, 0, 12288, 11868, 248
2026/10/01 23:39:43.871, 0, 12288, 11868, 248
2026/10/01 23:39:44.077, 0, 12288, 11868, 248
2026/10/01 23:39:44.284, 0, 12288, 11868, 248
2026/10/01 23:39:44.489, 0, 12288, 11868, 248
2026/10/01 23:39:44.697, 0, 12288, 11868, 248
2026/10/01 23:39:44.903, 0, 12288, 11868, 248
2026/10/01 23:39:45.109, 0, 12288, 11868, 248
2026/10/01 23:39:45.313, 0, 12288, 11868, 248
2026/10/01 23:39:45.519, 0, 12288, 11868, 248
2026/10/01 23:39:45.726, 0, 12288, 11868, 248
2026/10/01 23:39:45.933, 0, 12288, 11868, 248
2026/10/01 23:39:46.138, 0, 12288, 11868, 248
2026/10/01 23:39:46.345, 0, 12288, 11868, 248
2026/10/01 23:39:46.551, 0, 12288, 11868, 248
2026/10/01 23:39:46.756, 0, 12288, 11868, 248
2026/10/01 23:39:46.963, 0, 12288, 11868, 248
2026/10/01 23:39:47.170, 0, 12288, 11868, 248
2026/10/01 23:39:47.376, 0, 12288, 11868, 248
2026/10/01 23:39:47.582, 0, 12288, 11868, 248
2026/10/01 23:39:47.788, 0, 12288, 11868, 248
2026/10/01 23:39:47.994, 0, 12288, 11868, 248
2026/10/01 23:39:48.201, 0, 12288, 11868, 248
2026/10/01 23:39:48.407, 0, 12288, 11868, 248
2026/10/01 23:39:48.614, 0, 12288, 11868, 248
2026/10/01 23:39:48.820, 0, 12288, 11868, 248
2026/10/01 23:39:49.023, 0, 12288, 11868, 248
2026/10/01 23:39:49.229, 0, 12288, 11868, 248
2026/10/01 23:39:49.434, 0, 12288, 11868, 248
2026/10/01 23:39:49.640, 0, 12288, 11868, 248
2026/10/01 23:39:49.846, 0, 12288, 11868, 248
2026/10/01 23:39:50.052, 0, 12288, 11868, 248
2026/10/01 23:39:50.258, 0, 12288, 11868, 248
2026/10/01 23:39:50.465, 0, 12288, 11868, 248
2026/10/01 23:39:50.670, 0, 12288, 11868, 248
2026/10/01 23:39:50.876, 0, 12288, 11868, 248
2026/10/01 23:39:51.083, 0, 12288, 11868, 248
2026/10/01 23:39:51.289, 0, 12288, 11868, 248
2026/10/01 23:39:51.495, 0, 12288, 11868, 248
2026/10/01 23:39:51.700, 0, 12288, 11868, 248
2026/10/01 23:39:51.905, 0, 12288, 11868, 248
2026/10/01 23:39:52.112, 0, 12288, 11868, 248
2026/10/01 23:39:52.319, 0, 12288, 11868, 248
2026/10/01 23:39:52.524, 0, 12288, 11868, 248
2026/10/01 23:39:52.730, 0, 12288, 11868, 248
2026/10/01 23:39:52.936, 0, 12288, 11868, 248
2026/10/01 23:39:53.140, 0, 12288, 11868, 248
2026/10/01 23:39:53.362, 0, 12288, 11868, 248
2026/10/01 23:39:53.570, 0, 12288, 11868, 248
2026/10/01 23:39:53.776, 0, 12288, 11868, 248
2026/10/01 23:39:53.983, 0, 12288, 11868, 248
2026/10/01 23:39:54.188, 0, 12288, 11868, 248
2026/10/01 23:39:54.393, 0, 12288, 11868, 248
2026/10/01 23:39:54.598, 0, 12288, 11868, 248
2026/10/01 23:39:54.803, 0, 12288, 11868, 248
2026/10/01 23:39:55.008, 0, 12288, 11868, 248
2026/10/01 23:39:55.214, 0, 12288, 11868, 248
2026/10/01 23:39:55.418, 0, 12288, 11868, 248
2026/10/01 23:39:55.623, 0, 12288, 11868, 248
2026/10/01 23:39:55.830, 0, 12288, 11868, 248
2026/10/01 23:39:56.034, 0, 12288, 11868, 248
2026/10/01 23:39:56.239, 0, 12288, 11868, 248
2026/10/01 23:39:56.447, 0, 12288, 11868, 248
2026/10/01 23:39:56.652, 0, 12288, 11868, 248
2026/10/01 23:39:56.858, 0, 12288, 11868, 248
2026/10/01 23:39:57.066, 0, 12288, 11868, 248
2026/10/01 23:39:57.272, 0, 12288, 11868, 248
2026/10/01 23:39:57.478, 0, 12288, 11868, 248
2026/10/01 23:39:57.682, 0, 12288, 11868, 248
2026/10/01 23:39:57.889, 0, 12288, 11868, 248
2026/10/01 23:39:58.097, 0, 12288, 11868, 248
2026/10/01 23:39:58.302, 0, 12288, 11868, 248
2026/10/01 23:39:58.508, 0, 12288, 11868, 248
2026/10/01 23:39:58.714, 0, 12288, 11868, 248
2026/10/01 23:39:58.921, 0, 12288, 11868, 248
2026/10/01 23:39:59.127, 0, 12288, 11868, 248
2026/10/01 23:39:59.333, 0, 12288, 11868, 248
2026/10/01 23:39:59.539, 0, 12288, 11868, 248
2026/10/01 23:39:59.745, 0, 12288, 11868, 248
2026/10/01 23:39:59.952, 0, 12288, 11868, 248
2026/10/01 23:40:00.158, 0, 12288, 11868, 248
2026/10/01 23:40:00.364, 0, 12288, 11868, 248
2026/10/01 23:40:00.569, 0, 12288, 11868, 248
2026/10/01 23:40:00.775, 0, 12288, 11868, 248
2026/10/01 23:40:00.981, 0, 12288, 11868, 248
2026/10/01 23:40:01.187, 0, 12288, 11868, 248
2026/10/01 23:40:01.394, 0, 12288, 11868, 248
2026/10/01 23:40:01.600, 0, 12288, 11868, 248
2026/10/01 23:40:01.806, 0, 12288, 11868, 248
2026/10/01 23:40:02.012, 0, 12288, 11868, 248
2026/10/01 23:40:02.218, 0, 12288, 11868, 248
2026/10/01 23:40:02.424, 0, 12288, 11868, 248
2026/10/01 23:40:02.631, 0, 12288, 11868, 248
2026/10/01 23:40:02.837, 0, 12288, 11868, 248
2026/10/01 23:40:03.045, 0, 12288, 11868, 248
2026/10/01 23:40:03.250, 0, 12288, 11868, 248
2026/10/01 23:40:03.455, 0, 12288, 11868, 248
2026/10/01 23:40:03.661, 0, 12288, 11868, 248
2026/10/01 23:40:03.868, 0, 12288, 11868, 248
2026/10/01 23:40:04.075, 0, 12288, 11868, 248
2026/10/01 23:40:04.280, 0, 12288, 11868, 248
2026/10/01 23:40:04.487, 0, 12288, 11868, 248
2026/10/01 23:40:04.692, 0, 12288, 11868, 248
2026/10/01 23:40:04.898, 0, 12288, 11868, 248
2026/10/01 23:40:05.103, 0, 12288, 11868, 248
2026/10/01 23:40:05.311, 0, 12288, 11868, 248
2026/10/01 23:40:05.516, 0, 12288, 11868, 248
2026/10/01 23:40:05.722, 0, 12288, 11868, 248
2026/10/01 23:40:05.930, 0, 12288, 11868, 248
2026/10/01 23:40:06.137, 0, 12288, 11868, 248
2026/10/01 23:40:06.343, 0, 12288, 11868, 248
2026/10/01 23:40:06.551, 0, 12288, 11868, 248
2026/10/01 23:40:06.757, 0, 12288, 11868, 248
2026/10/01 23:40:06.963, 0, 12288, 11868, 248
2026/10/01 23:40:07.170, 0, 12288, 11868, 248
2026/10/01 23:40:07.376, 0, 12288, 11868, 248
2026/10/01 23:40:07.581, 0, 12288, 11868, 248
2026/10/01 23:40:07.786, 0, 12288, 11868, 248
2026/10/01 23:40:07.991, 0, 12288, 11868, 248
2026/10/01 23:40:08.198, 0, 12288, 11868, 248
2026/10/01 23:40:08.404, 0, 12288, 11868, 248
2026/10/01 23:40:08.609, 0, 12288, 11868, 248
2026/10/01 23:40:08.816, 0, 12288, 11868, 248
2026/10/01 23:40:09.021, 0, 12288, 11868, 248
2026/10/01 23:40:09.227, 0, 12288, 11868, 248
2026/10/01 23:40:09.433, 0, 12288, 11868, 248
2026/10/01 23:40:09.638, 0, 12288, 11868, 248
2026/10/01 23:40:09.844, 0, 12288, 11868, 248
2026/10/01 23:40:10.050, 0, 12288, 11868, 248
2026/10/01 23:40:10.257, 0, 12288, 11868, 248
2026/10/01 23:40:10.464, 0, 12288, 11868, 248
2026/10/01 23:40:10.671, 0, 12288, 11868, 248
2026/10/01 23:40:10.877, 0, 12288, 11868, 248
2026/10/01 23:40:11.083, 0, 12288, 11868, 248
2026/10/01 23:40:11.289, 0, 12288, 11868, 248
2026/10/01 23:40:11.495, 0, 12288, 11868, 248
2026/10/01 23:40:11.700, 0, 12288, 11868, 248
2026/10/01 23:40:11.907, 0, 12288, 11868, 248
2026/10/01 23:40:12.114, 0, 12288, 11868, 248
2026/10/01 23:40:12.320, 0, 12288, 11868, 248
2026/10/01 23:40:12.525, 0, 12288, 11868, 248
2026/10/01 23:40:12.730, 0, 12288, 11868, 248
2026/10/01 23:40:12.934, 0, 12288, 11868, 248
2026/10/01 23:40:13.142, 0, 12288, 11868, 248
2026/10/01 23:40:13.349, 0, 12288, 11868, 248
2026/10/01 23:40:13.557, 0, 12288, 11868, 248
2026/10/01 23:40:13.763, 0, 12288, 11868, 248
2026/10/01 23:40:13.969, 0, 12288, 11868, 248
2026/10/01 23:40:14.176, 0, 12288, 11868, 248
2026/10/01 23:40:14.382, 0, 12288, 11868, 248
2026/10/01 23:40:14.588, 0, 12288, 11868, 248
2026/10/01 23:40:14.795, 0, 12288, 11868, 248
2026/10/01 23:40:15.001, 0, 12288, 11868, 248
2026/10/01 23:40:15.206, 0, 12288, 11868, 248
2026/10/01 23:40:15.412, 0, 12288, 11868, 248
2026/10/01 23:40:15.618, 0, 12288, 11868, 248
2026/10/01 23:40:15.825, 0, 12288, 11868, 248
2026/10/01 23:40:16.030, 0, 12288, 11868, 248
2026/10/01 23:40:16.237, 0, 12288, 11868, 248
2026/10/01 23:40:16.442, 0, 12288, 11868, 248
2026/10/01 23:40:16.649, 0, 12288, 11868, 248
2026/10/01 23:40:16.857, 0, 12288, 11868, 248
2026/10/01 23:40:17.063, 0, 12288, 11868, 248
2026/10/01 23:40:17.271, 0, 12288, 11868, 248
2026/10/01 23:40:17.478, 0, 12288, 11868, 248
2026/10/01 23:40:17.685, 0, 12288, 11868, 248
2026/10/01 23:40:17.890, 0, 12288, 11868, 248
2026/10/01 23:40:18.097, 0, 12288, 11868, 248
2026/10/01 23:40:18.303, 0, 12288, 11868, 248
2026/10/01 23:40:18.510, 0, 12288, 11868, 248
2026/10/01 23:40:18.716, 0, 12288, 11868, 248
2026/10/01 23:40:18.922, 0, 12288, 11868, 248
2026/10/01 23:40:19.127, 0, 12288, 11868, 248
2026/10/01 23:40:19.332, 0, 12288, 11868, 248
2026/10/01 23:40:19.539, 0, 12288, 11868, 248
2026/10/01 23:40:19.746, 0, 12288, 11868, 248
2026/10/01 23:40:19.955, 0, 12288, 11868, 248
2026/10/01 23:40:20.160, 0, 12288, 11868, 248
2026/10/01 23:40:20.366, 0, 12288, 11868, 248
2026/10/01 23:40:20.570, 0, 12288, 11868, 248
2026/10/01 23:40:20.776, 0, 12288, 11868, 248
2026/10/01 23:40:20.981, 0, 12288, 11868, 248
2026/10/01 23:40:21.188, 0, 12288, 11868, 248
2026/10/01 23:40:21.395, 0, 12288, 11868, 248
2026/10/01 23:40:21.600, 0, 12288, 11868, 248
2026/10/01 23:40:21.807, 0, 12288, 11868, 248
2026/10/01 23:40:22.011, 0, 12288, 11868, 248
2026/10/01 23:40:22.217, 0, 12288, 11868, 248
2026/10/01 23:40:22.423, 0, 12288, 11868, 248
2026/10/01 23:40:22.629, 0, 12288, 11868, 248
2026/10/01 23:40:22.836, 0, 12288, 11868, 248
2026/10/01 23:40:23.041, 0, 12288, 11868, 248
2026/10/01 23:40:23.245, 0, 12288, 11868, 248
2026/10/01 23:40:23.451, 0, 12288, 11868, 248
2026/10/01 23:40:23.659, 0, 12288, 11868, 248
2026/10/01 23:40:23.865, 0, 12288, 11868, 248
2026/10/01 23:40:24.071, 0, 12288, 11868, 248
2026/10/01 23:40:24.277, 0, 12288, 11868, 248
2026/10/01 23:40:24.481, 0, 12288, 11868, 248
2026/10/01 23:40:24.688, 0, 12288, 11868, 248
2026/10/01 23:40:24.893, 0, 12288, 11868, 248
2026/10/01 23:40:25.100, 0, 12288, 11868, 248
2026/10/01 23:40:25.305, 0, 12288, 11868, 248
2026/10/01 23:40:25.511, 0, 12288, 11868, 248
2026/10/01 23:40:25.718, 0, 12288, 11868, 248
2026/10/01 23:40:25.923, 0, 12288, 11868, 248
2026/10/01 23:40:26.129, 0, 12288, 11868, 248
2026/10/01 23:40:26.335, 0, 12288, 11868, 248
2026/10/01 23:40:26.541, 0, 12288, 11868, 248
2026/10/01 23:40:26.746, 0, 12288, 11868, 248
2026/10/01 23:40:26.953, 0, 12288, 11868, 248
2026/10/01 23:40:27.160, 0, 12288, 11868, 248
2026/10/01 23:40:27.365, 0, 12288, 11868, 248
2026/10/01 23:40:27.571, 0, 12288, 11868, 248
2026/10/01 23:40:27.778, 0, 12288, 11868, 248
2026/10/01 23:40:27.981, 0, 12288, 11868, 248
2026/10/01 23:40:28.186, 0, 12288, 11868, 248
2026/10/01 23:40:28.391, 0, 12288, 11868, 248
2026/10/01 23:40:28.598, 0, 12288, 11868, 248
2026/10/01 23:40:28.805, 0, 12288, 11868, 248
2026/10/01 23:40:29.011, 0, 12288, 11868, 248
2026/10/01 23:40:29.217, 0, 12288, 11868, 248
2026/10/01 23:40:29.423, 0, 12288, 11868, 248
2026/10/01 23:40:29.628, 0, 12288, 11868, 248
2026/10/01 23:40:29.835, 0, 12288, 11868, 248
2026/10/01 23:40:30.041, 0, 12288, 11868, 248
2026/10/01 23:40:30.247, 0, 12288, 11868, 248
2026/10/01 23:40:30.454, 0, 12288, 11868, 248
2026/10/01 23:40:30.659, 0, 12288, 11868, 248
2026/10/01 23:40:30.866, 0, 12288, 11868, 248
2026/10/01 23:40:31.071, 0, 12288, 11868, 248
2026/10/01 23:40:31.278, 0, 12288, 11868, 248
2026/10/01 23:40:31.485, 0, 12288, 11868, 248
2026/10/01 23:40:31.691, 0, 12288, 11868, 248
2026/10/01 23:40:31.898, 0, 12288, 11868, 248
2026/10/01 23:40:32.102, 0, 12288, 11868, 248
2026/10/01 23:40:32.308, 0, 12288, 11868, 248
2026/10/01 23:40:32.513, 0, 12288, 11868, 248
2026/10/01 23:40:32.720, 0, 12288, 11868, 248
2026/10/01 23:40:32.927, 0, 12288, 11868, 248
2026/10/01 23:40:33.132, 0, 12288, 11868, 248
2026/10/01 23:40:33.339, 0, 12288, 11868, 248
2026/10/01 23:40:33.545, 0, 12288, 11868, 248
2026/10/01 23:40:33.750, 0, 12288, 11868, 248
2026/10/01 23:40:33.957, 0, 12288, 11868, 248
2026/10/01 23:40:34.163, 0, 12288, 11868, 248
2026/10/01 23:40:34.369, 0, 12288, 11868, 248
2026/10/01 23:40:34.575, 0, 12288, 11868, 248
2026/10/01 23:40:34.781, 0, 12288, 11868, 248
2026/10/01 23:40:34.987, 0, 12288, 11868, 248
2026/10/01 23:40:35.192, 0, 12288, 11868, 248
2026/10/01 23:40:35.399, 0, 12288, 11868, 248
2026/10/01 23:40:35.622, 0, 12288, 11868, 248
2026/10/01 23:40:35.828, 0, 12288, 11868, 248
2026/10/01 23:40:36.034, 0, 12288, 11868, 248
2026/10/01 23:40:36.241, 0, 12288, 11868, 248
2026/10/01 23:40:36.447, 0, 12288, 11868, 248
2026/10/01 23:40:36.655, 0, 12288, 11868, 248
2026/10/01 23:40:36.861, 0, 12288, 11868, 248
2026/10/01 23:40:37.067, 0, 12288, 11868, 248
2026/10/01 23:40:37.274, 0, 12288, 11868, 248
2026/10/01 23:40:37.481, 0, 12288, 11868, 248
2026/10/01 23:40:37.688, 0, 12288, 11868, 248
2026/10/01 23:40:37.896, 0, 12288, 11868, 248
2026/10/01 23:40:38.102, 0, 12288, 11868, 248
2026/10/01 23:40:38.308, 0, 12288, 11868, 248
2026/10/01 23:40:38.512, 0, 12288, 11868, 248
2026/10/01 23:40:38.718, 0, 12288, 11868, 248
2026/10/01 23:40:38.923, 0, 12288, 11868, 248
2026/10/01 23:40:39.129, 0, 12288, 11868, 248
2026/10/01 23:40:39.334, 0, 12288, 11868, 248
2026/10/01 23:40:39.541, 0, 12288, 11868, 248
2026/10/01 23:40:39.746, 0, 12288, 11868, 248
2026/10/01 23:40:39.954, 0, 12288, 11868, 248
2026/10/01 23:40:40.159, 0, 12288, 11868, 248
2026/10/01 23:40:40.365, 0, 12288, 11868, 248
2026/10/01 23:40:40.572, 0, 12288, 11868, 248
2026/10/01 23:40:40.778, 0, 12288, 11868, 248
2026/10/01 23:40:40.984, 0, 12288, 11868, 248
2026/10/01 23:40:41.190, 0, 12288, 11868, 248
2026/10/01 23:40:41.396, 0, 12288, 11868, 248
2026/10/01 23:40:41.603, 0, 12288, 11868, 248
2026/10/01 23:40:41.809, 0, 12288, 11868, 248
2026/10/01 23:40:42.014, 0, 12288, 11868, 248
2026/10/01 23:40:42.218, 0, 12288, 11868, 248
2026/10/01 23:40:42.425, 0, 12288, 11868, 248
2026/10/01 23:40:42.630, 0, 12288, 11868, 248
2026/10/01 23:40:42.837, 0, 12288, 11868, 248
2026/10/01 23:40:43.044, 0, 12288, 11868, 248
2026/10/01 23:40:43.252, 0, 12288, 11868, 248
2026/10/01 23:40:43.458, 0, 12288, 11868, 248
2026/10/01 23:40:43.665, 0, 12288, 11868, 248
2026/10/01 23:40:43.871, 0, 12288, 11868, 248
2026/10/01 23:40:44.077, 0, 12288, 11868, 248
2026/10/01 23:40:44.282, 0, 12288, 11868, 248
2026/10/01 23:40:44.488, 0, 12288, 11868, 248
2026/10/01 23:40:44.694, 0, 12288, 11868, 248
2026/10/01 23:40:44.899, 0, 12288, 11868, 248
2026/10/01 23:40:45.107, 0, 12288, 11868, 248
2026/10/01 23:40:45.312, 0, 12288, 11868, 248
2026/10/01 23:40:45.518, 0, 12288, 11868, 248
2026/10/01 23:40:45.723, 0, 12288, 11868, 248
2026/10/01 23:40:45.929, 0, 12288, 11868, 248
2026/10/01 23:40:46.134, 0, 12288, 11868, 248
2026/10/01 23:40:46.342, 0, 12288, 11868, 248
2026/10/01 23:40:46.548, 0, 12288, 11868, 248
2026/10/01 23:40:46.755, 0, 12288, 11868, 248
2026/10/01 23:40:46.962, 0, 12288, 11868, 248
2026/10/01 23:40:47.168, 0, 12288, 11868, 248
2026/10/01 23:40:47.375, 0, 12288, 11868, 248
2026/10/01 23:40:47.582, 0, 12288, 11868, 248
2026/10/01 23:40:47.787, 0, 12288, 11868, 248
2026/10/01 23:40:47.993, 0, 12288, 11868, 248
2026/10/01 23:40:48.200, 0, 12288, 11868, 248
2026/10/01 23:40:48.406, 0, 12288, 11868, 248
2026/10/01 23:40:48.612, 0, 12288, 11868, 248
2026/10/01 23:40:48.818, 0, 12288, 11868, 248
2026/10/01 23:40:49.025, 0, 12288, 11868, 248
2026/10/01 23:40:49.230, 0, 12288, 11868, 248
2026/10/01 23:40:49.436, 0, 12288, 11868, 248
2026/10/01 23:40:49.642, 0, 12288, 11868, 248
2026/10/01 23:40:49.848, 0, 12288, 11868, 248
2026/10/01 23:40:50.054, 0, 12288, 11868, 248
2026/10/01 23:40:50.261, 0, 12288, 11868, 248
2026/10/01 23:40:50.466, 0, 12288, 11868, 248
2026/10/01 23:40:50.673, 0, 12288, 11868, 248
2026/10/01 23:40:50.880, 0, 12288, 11868, 248
2026/10/01 23:40:51.087, 0, 12288, 11868, 248
2026/10/01 23:40:51.293, 0, 12288, 11868, 248
2026/10/01 23:40:51.501, 0, 12288, 11868, 248
2026/10/01 23:40:51.706, 0, 12288, 11868, 248
2026/10/01 23:40:51.910, 0, 12288, 11868, 248
2026/10/01 23:40:52.116, 0, 12288, 11868, 248
2026/10/01 23:40:52.322, 0, 12288, 11868, 248
2026/10/01 23:40:52.529, 0, 12288, 11868, 248
2026/10/01 23:40:52.735, 0, 12288, 11868, 248
2026/10/01 23:40:52.942, 0, 12288, 11868, 248
2026/10/01 23:40:53.148, 0, 12288, 11868, 248
2026/10/01 23:40:53.353, 0, 12288, 11868, 248
2026/10/01 23:40:53.561, 0, 12288, 11868, 248
2026/10/01 23:40:53.767, 0, 12288, 11868, 248
2026/10/01 23:40:53.972, 0, 12288, 11868, 248
2026/10/01 23:40:54.179, 0, 12288, 11868, 248
2026/10/01 23:40:54.384, 0, 12288, 11868, 248
2026/10/01 23:40:54.590, 0, 12288, 11868, 248
2026/10/01 23:40:54.794, 0, 12288, 11868, 248
2026/10/01 23:40:54.999, 0, 12288, 11868, 248
2026/10/01 23:40:55.205, 0, 12288, 11868, 248
2026/10/01 23:40:55.412, 0, 12288, 11868, 248
2026/10/01 23:40:55.617, 0, 12288, 11868, 248
2026/10/01 23:40:55.821, 0, 12288, 11868, 248
2026/10/01 23:40:56.027, 0, 12288, 11868, 248
2026/10/01 23:40:56.233, 0, 12288, 11868, 248
2026/10/01 23:40:56.438, 0, 12288, 11868, 248
2026/10/01 23:40:56.643, 0, 12288, 11868, 248
2026/10/01 23:40:56.849, 0, 12288, 11868, 248
2026/10/01 23:40:57.056, 0, 12288, 11868, 248
2026/10/01 23:40:57.262, 0, 12288, 11868, 248
2026/10/01 23:40:57.468, 0, 12288, 11868, 248
2026/10/01 23:40:57.674, 0, 12288, 11868, 248
2026/10/01 23:40:57.881, 0, 12288, 11868, 248
2026/10/01 23:40:58.087, 0, 12288, 11868, 248
2026/10/01 23:40:58.291, 0, 12288, 11868, 248
2026/10/01 23:40:58.497, 0, 12288, 11868, 248
2026/10/01 23:40:58.704, 0, 12288, 11868, 248
2026/10/01 23:40:58.910, 0, 12288, 11868, 248
2026/10/01 23:40:59.117, 0, 12288, 11868, 248
2026/10/01 23:40:59.323, 0, 12288, 11868, 248
2026/10/01 23:40:59.530, 0, 12288, 11868, 248
2026/10/01 23:40:59.737, 0, 12288, 11868, 248
2026/10/01 23:40:59.944, 0, 12288, 11868, 248
2026/10/01 23:41:00.150, 0, 12288, 11868, 248
2026/10/01 23:41:00.354, 0, 12288, 11868, 248
2026/10/01 23:41:00.561, 0, 12288, 11868, 248
2026/10/01 23:41:00.768, 0, 12288, 11868, 248
2026/10/01 23:41:00.973, 0, 12288, 11868, 248
2026/10/01 23:41:01.180, 0, 12288, 11868, 248
2026/10/01 23:41:01.385, 0, 12288, 11868, 248
2026/10/01 23:41:01.590, 0, 12288, 11868, 248
2026/10/01 23:41:01.797, 0, 12288, 11868, 248
2026/10/01 23:41:02.003, 0, 12288, 11868, 248
2026/10/01 23:41:02.208, 0, 12288, 11868, 248
2026/10/01 23:41:02.416, 0, 12288, 11868, 248
2026/10/01 23:41:02.621, 0, 12288, 11868, 248
2026/10/01 23:41:02.827, 0, 12288, 11868, 248
2026/10/01 23:41:03.031, 0, 12288, 11868, 248
2026/10/01 23:41:03.239, 0, 12288, 11868, 248
2026/10/01 23:41:03.445, 0, 12288, 11868, 248
2026/10/01 23:41:03.651, 0, 12288, 11868, 248
2026/10/01 23:41:03.857, 0, 12288, 11868, 248
2026/10/01 23:41:04.063, 0, 12288, 11868, 248
2026/10/01 23:41:04.268, 0, 12288, 11868, 248
2026/10/01 23:41:04.473, 0, 12288, 11868, 248
2026/10/01 23:41:04.680, 0, 12288, 11868, 248
2026/10/01 23:41:04.887, 0, 12288, 11868, 248
2026/10/01 23:41:05.093, 0, 12288, 11868, 248
2026/10/01 23:41:05.299, 0, 12288, 11868, 248
2026/10/01 23:41:05.506, 0, 12288, 11868, 248
2026/10/01 23:41:05.710, 0, 12288, 11868, 248
2026/10/01 23:41:05.916, 0, 12288, 11868, 248
2026/10/01 23:41:06.121, 0, 12288, 11868, 248
2026/10/01 23:41:06.327, 0, 12288, 11868, 248
2026/10/01 23:41:06.531, 0, 12288, 11868, 248
2026/10/01 23:41:06.738, 0, 12288, 11868, 248
2026/10/01 23:41:06.943, 0, 12288, 11868, 248
2026/10/01 23:41:07.149, 0, 12288, 11868, 248
2026/10/01 23:41:07.356, 0, 12288, 11868, 248
2026/10/01 23:41:07.564, 0, 12288, 11868, 248
2026/10/01 23:41:07.770, 0, 12288, 11868, 248
2026/10/01 23:41:07.977, 0, 12288, 11868, 248
2026/10/01 23:41:08.183, 0, 12288, 11868, 248
2026/10/01 23:41:08.389, 0, 12288, 11868, 248
2026/10/01 23:41:08.595, 0, 12288, 11868, 248
2026/10/01 23:41:08.800, 0, 12288, 11868, 248
2026/10/01 23:41:09.006, 0, 12288, 11868, 248
2026/10/01 23:41:09.212, 0, 12288, 11868, 248
2026/10/01 23:41:09.418, 0, 12288, 11868, 248
2026/10/01 23:41:09.625, 0, 12288, 11868, 248
2026/10/01 23:41:09.832, 0, 12288, 11868, 248
2026/10/01 23:41:10.040, 0, 12288, 11868, 248
2026/10/01 23:41:10.246, 0, 12288, 11868, 248
2026/10/01 23:41:10.453, 0, 12288, 11868, 248
2026/10/01 23:41:10.659, 0, 12288, 11868, 248
2026/10/01 23:41:10.864, 0, 12288, 11868, 248
2026/10/01 23:41:11.071, 0, 12288, 11868, 248
2026/10/01 23:41:11.276, 0, 12288, 11868, 248
2026/10/01 23:41:11.482, 0, 12288, 11868, 248
2026/10/01 23:41:11.687, 0, 12288, 11868, 248
2026/10/01 23:41:11.893, 0, 12288, 11868, 248
2026/10/01 23:41:12.097, 0, 12288, 11868, 248
2026/10/01 23:41:12.304, 0, 12288, 11868, 248
2026/10/01 23:41:12.508, 0, 12288, 11868, 248
2026/10/01 23:41:12.713, 0, 12288, 11868, 248
2026/10/01 23:41:12.921, 0, 12288, 11868, 248
2026/10/01 23:41:13.127, 0, 12288, 11868, 248
2026/10/01 23:41:13.332, 0, 12288, 11868, 248
2026/10/01 23:41:13.537, 0, 12288, 11868, 248
2026/10/01 23:41:13.743, 0, 12288, 11868, 248
2026/10/01 23:41:13.950, 0, 12288, 11868, 248
2026/10/01 23:41:14.153, 0, 12288, 11868, 248
2026/10/01 23:41:14.359, 0, 12288, 11868, 248
2026/10/01 23:41:14.565, 0, 12288, 11868, 248
2026/10/01 23:41:14.770, 0, 12288, 11868, 248
2026/10/01 23:41:14.977, 0, 12288, 11868, 248
2026/10/01 23:41:15.182, 0, 12288, 11868, 248
2026/10/01 23:41:15.389, 0, 12288, 11868, 248
2026/10/01 23:41:15.597, 0, 12288, 11868, 248
2026/10/01 23:41:15.804, 0, 12288, 11868, 248
2026/10/01 23:41:16.011, 0, 12288, 11868, 248
2026/10/01 23:41:16.216, 0, 12288, 11868, 248
2026/10/01 23:41:16.422, 0, 12288, 11868, 248
2026/10/01 23:41:16.628, 0, 12288, 11868, 248
2026/10/01 23:41:16.834, 0, 12288, 11868, 248
2026/10/01 23:41:17.040, 0, 12288, 11868, 248
2026/10/01 23:41:17.246, 0, 12288, 11868, 248
2026/10/01 23:41:17.453, 0, 12288, 11868, 248
2026/10/01 23:41:17.662, 0, 12288, 11868, 248
2026/10/01 23:41:17.883, 0, 12288, 11868, 248
2026/10/01 23:41:18.089, 0, 12288, 11868, 248
2026/10/01 23:41:18.295, 0, 12288, 11868, 248
2026/10/01 23:41:18.502, 0, 12288, 11868, 248
2026/10/01 23:41:18.709, 0, 12288, 11868, 248
2026/10/01 23:41:18.915, 0, 12288, 11868, 248
2026/10/01 23:41:19.120, 0, 12288, 11868, 248
2026/10/01 23:41:19.327, 0, 12288, 11868, 248
2026/10/01 23:41:19.533, 0, 12288, 11868, 248
2026/10/01 23:41:19.738, 0, 12288, 11868, 248
2026/10/01 23:41:19.944, 0, 12288, 11868, 248
2026/10/01 23:41:20.150, 0, 12288, 11868, 248
2026/10/01 23:41:20.355, 0, 12288, 11868, 248
2026/10/01 23:41:20.561, 0, 12288, 11868, 248
2026/10/01 23:41:20.766, 0, 12288, 11868, 248
2026/10/01 23:41:20.973, 0, 12288, 11868, 248
2026/10/01 23:41:21.179, 0, 12288, 11868, 248
2026/10/01 23:41:21.386, 0, 12288, 11868, 248
2026/10/01 23:41:21.593, 0, 12288, 11868, 248
2026/10/01 23:41:21.797, 0, 12288, 11868, 248
2026/10/01 23:41:22.005, 0, 12288, 11868, 248
2026/10/01 23:41:22.212, 0, 12288, 11868, 248
2026/10/01 23:41:22.419, 0, 12288, 11868, 248
2026/10/01 23:41:22.624, 0, 12288, 11868, 248
2026/10/01 23:41:22.829, 0, 12288, 11868, 248
2026/10/01 23:41:23.036, 0, 12288, 11868, 248
2026/10/01 23:41:23.243, 0, 12288, 11868, 248
2026/10/01 23:41:23.450, 0, 12288, 11868, 248
2026/10/01 23:41:23.657, 0, 12288, 11868, 248
2026/10/01 23:41:23.863, 0, 12288, 11868, 248
2026/10/01 23:41:24.070, 0, 12288, 11868, 248
2026/10/01 23:41:24.274, 0, 12288, 11868, 248
2026/10/01 23:41:24.480, 0, 12288, 11868, 248
2026/10/01 23:41:24.702, 0, 12288, 11868, 248
2026/10/01 23:41:24.909, 0, 12288, 11868, 248
2026/10/01 23:41:25.115, 0, 12288, 11868, 248
2026/10/01 23:41:25.320, 0, 12288, 11868, 248
2026/10/01 23:41:25.526, 0, 12288, 11868, 248
2026/10/01 23:41:25.732, 0, 12288, 11868, 248
2026/10/01 23:41:25.936, 0, 12288, 11868, 248
2026/10/01 23:41:26.143, 0, 12288, 11868, 248
2026/10/01 23:41:26.349, 0, 12288, 11868, 248
2026/10/01 23:41:26.555, 0, 12288, 11868, 248
2026/10/01 23:41:26.762, 0, 12288, 11868, 248
2026/10/01 23:41:26.969, 0, 12288, 11868, 248
2026/10/01 23:41:27.176, 0, 12288, 11868, 248
2026/10/01 23:41:27.380, 0, 12288, 11868, 248
2026/10/01 23:41:27.586, 0, 12288, 11868, 248
2026/10/01 23:41:27.793, 0, 12288, 11868, 248
2026/10/01 23:41:28.000, 0, 12288, 11868, 248
2026/10/01 23:41:28.207, 0, 12288, 11868, 248
2026/10/01 23:41:28.410, 0, 12288, 11868, 248
2026/10/01 23:41:28.615, 0, 12288, 11868, 248
2026/10/01 23:41:28.822, 0, 12288, 11868, 248
2026/10/01 23:41:29.029, 0, 12288, 11868, 248
2026/10/01 23:41:29.234, 0, 12288, 11868, 248
2026/10/01 23:41:29.438, 0, 12288, 11868, 248
2026/10/01 23:41:29.644, 0, 12288, 11868, 248
2026/10/01 23:41:29.850, 0, 12288, 11868, 248
2026/10/01 23:41:30.054, 0, 12288, 11868, 248
2026/10/01 23:41:30.261, 0, 12288, 11868, 248
2026/10/01 23:41:30.467, 0, 12288, 11868, 248
2026/10/01 23:41:30.673, 0, 12288, 11868, 248
2026/10/01 23:41:30.878, 0, 12288, 11868, 248
2026/10/01 23:41:31.084, 0, 12288, 11868, 248
2026/10/01 23:41:31.290, 0, 12288, 11868, 248
2026/10/01 23:41:31.495, 0, 12288, 11868, 248
2026/10/01 23:41:31.702, 0, 12288, 11868, 248
2026/10/01 23:41:31.907, 0, 12288, 11868, 248
2026/10/01 23:41:32.114, 0, 12288, 11868, 248
2026/10/01 23:41:32.320, 0, 12288, 11868, 248
2026/10/01 23:41:32.526, 0, 12288, 11868, 248
2026/10/01 23:41:32.732, 0, 12288, 11868, 248
2026/10/01 23:41:32.940, 0, 12288, 11868, 248
2026/10/01 23:41:33.146, 0, 12288, 11868, 248
2026/10/01 23:41:33.351, 0, 12288, 11868, 248
2026/10/01 23:41:33.558, 0, 12288, 11868, 248
2026/10/01 23:41:33.765, 0, 12288, 11868, 248
2026/10/01 23:41:33.970, 0, 12288, 11868, 248
2026/10/01 23:41:34.176, 0, 12288, 11868, 248
2026/10/01 23:41:34.381, 0, 12288, 11868, 248
2026/10/01 23:41:34.588, 0, 12288, 11868, 248
2026/10/01 23:41:34.793, 0, 12288, 11868, 248
2026/10/01 23:41:34.996, 0, 12288, 11868, 248
2026/10/01 23:41:35.202, 0, 12288, 11868, 248
2026/10/01 23:41:35.408, 0, 12288, 11868, 248
2026/10/01 23:41:35.614, 0, 12288, 11868, 248
2026/10/01 23:41:35.819, 0, 12288, 11868, 248
2026/10/01 23:41:36.024, 0, 12288, 11868, 248
2026/10/01 23:41:36.230, 0, 12288, 11868, 248
2026/10/01 23:41:36.438, 0, 12288, 11868, 248
2026/10/01 23:41:36.645, 0, 12288, 11868, 248
2026/10/01 23:41:36.850, 0, 12288, 11868, 248
2026/10/01 23:41:37.058, 0, 12288, 11868, 248
2026/10/01 23:41:37.266, 0, 12288, 11868, 248
2026/10/01 23:41:37.473, 0, 12288, 11868, 248
2026/10/01 23:41:37.680, 0, 12288, 11868, 248
2026/10/01 23:41:37.886, 0, 12288, 11868, 248
2026/10/01 23:41:38.090, 0, 12288, 11868, 248
2026/10/01 23:41:38.296, 0, 12288, 11868, 248
2026/10/01 23:41:38.501, 0, 12288, 11868, 248
2026/10/01 23:41:38.708, 0, 12288, 11868, 248
2026/10/01 23:41:38.913, 0, 12288, 11868, 248
2026/10/01 23:41:39.119, 0, 12288, 11868, 248
2026/10/01 23:41:39.324, 0, 12288, 11868, 248
2026/10/01 23:41:39.530, 0, 12288, 11868, 248
2026/10/01 23:41:39.738, 0, 12288, 11868, 248
2026/10/01 23:41:39.945, 0, 12288, 11868, 248
2026/10/01 23:41:40.150, 0, 12288, 11868, 248
2026/10/01 23:41:40.356, 0, 12288, 11868, 248
2026/10/01 23:41:40.561, 0, 12288, 11868, 248
2026/10/01 23:41:40.766, 0, 12288, 11868, 248
2026/10/01 23:41:40.971, 0, 12288, 11868, 248
2026/10/01 23:41:41.177, 0, 12288, 11868, 248
2026/10/01 23:41:41.383, 0, 12288, 11868, 248
2026/10/01 23:41:41.589, 0, 12288, 11868, 248
2026/10/01 23:41:41.796, 0, 12288, 11868, 248
2026/10/01 23:41:42.002, 0, 12288, 11868, 248
2026/10/01 23:41:42.207, 0, 12288, 11868, 248
2026/10/01 23:41:42.412, 0, 12288, 11868, 248
2026/10/01 23:41:42.618, 0, 12288, 11868, 248
2026/10/01 23:41:42.825, 0, 12288, 11868, 248
2026/10/01 23:41:43.032, 0, 12288, 11868, 248
2026/10/01 23:41:43.238, 0, 12288, 11868, 248
2026/10/01 23:41:43.443, 0, 12288, 11868, 248
2026/10/01 23:41:43.649, 0, 12288, 11868, 248
2026/10/01 23:41:43.856, 0, 12288, 11868, 248
2026/10/01 23:41:44.062, 0, 12288, 11868, 248
2026/10/01 23:41:44.268, 0, 12288, 11868, 248
2026/10/01 23:41:44.475, 0, 12288, 11868, 248
2026/10/01 23:41:44.681, 0, 12288, 11868, 248
2026/10/01 23:41:44.887, 0, 12288, 11868, 248
2026/10/01 23:41:45.093, 0, 12288, 11868, 248
2026/10/01 23:41:45.299, 0, 12288, 11868, 248
2026/10/01 23:41:45.506, 0, 12288, 11868, 248
2026/10/01 23:41:45.713, 0, 12288, 11868, 248
2026/10/01 23:41:45.919, 0, 12288, 11868, 248
2026/10/01 23:41:46.124, 0, 12288, 11868, 248
2026/10/01 23:41:46.328, 0, 12288, 11868, 248
2026/10/01 23:41:46.535, 0, 12288, 11868, 248
2026/10/01 23:41:46.740, 0, 12288, 11868, 248
2026/10/01 23:41:46.945, 0, 12288, 11868, 248
2026/10/01 23:41:47.151, 0, 12288, 11868, 248
2026/10/01 23:41:47.358, 0, 12288, 11868, 248
2026/10/01 23:41:47.562, 0, 12288, 11868, 248
2026/10/01 23:41:47.764, 0, 12288, 11868, 248
2026/10/01 23:41:47.967, 0, 12288, 11868, 248
2026/10/01 23:41:48.173, 0, 12288, 11868, 248
2026/10/01 23:41:48.378, 0, 12288, 11868, 248
2026/10/01 23:41:48.585, 0, 12288, 11868, 248
2026/10/01 23:41:48.790, 0, 12288, 11868, 248
2026/10/01 23:41:48.996, 0, 12288, 11868, 248
2026/10/01 23:41:49.202, 0, 12288, 11868, 248
2026/10/01 23:41:49.405, 0, 12288, 11868, 248
2026/10/01 23:41:49.611, 0, 12288, 11868, 248
2026/10/01 23:41:49.816, 0, 12288, 11868, 248
2026/10/01 23:41:50.023, 0, 12288, 11868, 248
2026/10/01 23:41:50.228, 0, 12288, 11868, 248
2026/10/01 23:41:50.435, 0, 12288, 11868, 248
2026/10/01 23:41:50.638, 0, 12288, 11868, 248
2026/10/01 23:41:50.845, 0, 12288, 11868, 248
2026/10/01 23:41:51.051, 0, 12288, 11868, 248
2026/10/01 23:41:51.257, 0, 12288, 11868, 248
2026/10/01 23:41:51.463, 0, 12288, 11868, 248
2026/10/01 23:41:51.670, 0, 12288, 11868, 248
2026/10/01 23:41:51.877, 0, 12288, 11868, 248
2026/10/01 23:41:52.081, 0, 12288, 11868, 248
2026/10/01 23:41:52.287, 0, 12288, 11868, 248
2026/10/01 23:41:52.494, 0, 12288, 11868, 248
2026/10/01 23:41:52.700, 0, 12288, 11868, 248
2026/10/01 23:41:52.905, 0, 12288, 11868, 248
2026/10/01 23:41:53.109, 0, 12288, 11868, 248
2026/10/01 23:41:53.313, 0, 12288, 11868, 248
2026/10/01 23:41:53.518, 0, 12288, 11868, 248
2026/10/01 23:41:53.724, 0, 12288, 11868, 248
2026/10/01 23:41:53.929, 0, 12288, 11868, 248
2026/10/01 23:41:54.134, 0, 12288, 11868, 248
2026/10/01 23:41:54.340, 0, 12288, 11868, 248
2026/10/01 23:41:54.547, 0, 12288, 11868, 248
2026/10/01 23:41:54.753, 0, 12288, 11868, 248
2026/10/01 23:41:54.959, 0, 12288, 11868, 248
2026/10/01 23:41:55.165, 0, 12288, 11868, 248
2026/10/01 23:41:55.373, 0, 12288, 11868, 248
2026/10/01 23:41:55.580, 0, 12288, 11868, 248
2026/10/01 23:41:55.784, 0, 12288, 11868, 248
2026/10/01 23:41:55.989, 0, 12288, 11868, 248
2026/10/01 23:41:56.196, 0, 12288, 11876, 240
2026/10/01 23:41:56.403, 0, 12288, 11876, 240
2026/10/01 23:41:56.611, 0, 12288, 11876, 240
2026/10/01 23:41:56.815, 0, 12288, 11876, 240
2026/10/01 23:41:57.023, 0, 12288, 11876, 240
2026/10/01 23:41:57.227, 0, 12288, 11876, 240
2026/10/01 23:41:57.433, 0, 12288, 11876, 240
2026/10/01 23:41:57.640, 0, 12288, 11876, 240
2026/10/01 23:41:57.844, 0, 12288, 11876, 240
2026/10/01 23:41:58.051, 0, 12288, 11876, 240
2026/10/01 23:41:58.255, 0, 12288, 11868, 248
2026/10/01 23:41:58.461, 0, 12288, 11868, 248
2026/10/01 23:41:58.666, 0, 12288, 11868, 248
2026/10/01 23:41:58.873, 0, 12288, 11868, 248
2026/10/01 23:41:59.076, 0, 12288, 11868, 248
2026/10/01 23:41:59.282, 0, 12288, 11868, 248
2026/10/01 23:41:59.489, 0, 12288, 11868, 248
2026/10/01 23:41:59.693, 0, 12288, 11868, 248
2026/10/01 23:41:59.901, 0, 12288, 11868, 248
2026/10/01 23:42:00.106, 0, 12288, 11868, 248
2026/10/01 23:42:00.313, 0, 12288, 11868, 248
2026/10/01 23:42:00.520, 0, 12288, 11868, 248
2026/10/01 23:42:00.726, 0, 12288, 11868, 248
2026/10/01 23:42:00.933, 0, 12288, 11868, 248
2026/10/01 23:42:01.134, 0, 12288, 11868, 248
2026/10/01 23:42:01.340, 0, 12288, 11868, 248
2026/10/01 23:42:01.548, 0, 12288, 11868, 248
2026/10/01 23:42:01.756, 0, 12288, 11868, 248
2026/10/01 23:42:01.961, 0, 12288, 11868, 248
2026/10/01 23:42:02.167, 0, 12288, 11868, 248
2026/10/01 23:42:02.373, 0, 12288, 11868, 248
2026/10/01 23:42:02.579, 0, 12288, 11868, 248
2026/10/01 23:42:02.785, 0, 12288, 11868, 248
2026/10/01 23:42:02.992, 0, 12288, 11868, 248
2026/10/01 23:42:03.197, 0, 12288, 11868, 248
2026/10/01 23:42:03.405, 0, 12288, 11868, 248
2026/10/01 23:42:03.611, 0, 12288, 11868, 248
2026/10/01 23:42:03.818, 0, 12288, 11868, 248
2026/10/01 23:42:04.024, 0, 12288, 11868, 248
2026/10/01 23:42:04.228, 0, 12288, 11868, 248
2026/10/01 23:42:04.434, 0, 12288, 11868, 248
2026/10/01 23:42:04.640, 0, 12288, 11868, 248
2026/10/01 23:42:04.846, 0, 12288, 11868, 248
2026/10/01 23:42:05.052, 0, 12288, 11868, 248
2026/10/01 23:42:05.259, 0, 12288, 11868, 248
2026/10/01 23:42:05.465, 0, 12288, 11868, 248
2026/10/01 23:42:05.671, 0, 12288, 11868, 248
2026/10/01 23:42:05.875, 0, 12288, 11868, 248
2026/10/01 23:42:06.081, 0, 12288, 11868, 248
2026/10/01 23:42:06.287, 0, 12288, 11868, 248
2026/10/01 23:42:06.493, 0, 12288, 11868, 248
2026/10/01 23:42:06.699, 0, 12288, 11868, 248
2026/10/01 23:42:06.904, 0, 12288, 11868, 248
2026/10/01 23:42:07.111, 0, 12288, 11868, 248
2026/10/01 23:42:07.315, 0, 12288, 11868, 248
2026/10/01 23:42:07.521, 0, 12288, 11868, 248
2026/10/01 23:42:07.727, 0, 12288, 11868, 248
2026/10/01 23:42:07.933, 0, 12288, 11868, 248
2026/10/01 23:42:08.139, 0, 12288, 11868, 248
2026/10/01 23:42:08.346, 0, 12288, 11868, 248
2026/10/01 23:42:08.551, 0, 12288, 11868, 248
2026/10/01 23:42:08.757, 0, 12288, 11868, 248
2026/10/01 23:42:08.964, 0, 12288, 11868, 248
2026/10/01 23:42:09.170, 0, 12288, 11868, 248
2026/10/01 23:42:09.375, 0, 12288, 11868, 248
2026/10/01 23:42:09.582, 0, 12288, 11868, 248
2026/10/01 23:42:09.787, 0, 12288, 11868, 248
2026/10/01 23:42:09.992, 0, 12288, 11868, 248
2026/10/01 23:42:10.198, 0, 12288, 11868, 248
2026/10/01 23:42:10.403, 0, 12288, 11868, 248
2026/10/01 23:42:10.610, 0, 12288, 11868, 248
2026/10/01 23:42:10.816, 0, 12288, 11868, 248
2026/10/01 23:42:11.022, 0, 12288, 11868, 248
2026/10/01 23:42:11.228, 0, 12288, 11868, 248
2026/10/01 23:42:11.432, 0, 12288, 11868, 248
2026/10/01 23:42:11.639, 0, 12288, 11868, 248
2026/10/01 23:42:11.844, 0, 12288, 11868, 248
2026/10/01 23:42:12.051, 0, 12288, 11868, 248
2026/10/01 23:42:12.257, 0, 12288, 11868, 248
2026/10/01 23:42:12.463, 0, 12288, 11868, 248
2026/10/01 23:42:12.670, 0, 12288, 11868, 248
2026/10/01 23:42:12.875, 0, 12288, 11868, 248
2026/10/01 23:42:13.081, 0, 12288, 11868, 248
2026/10/01 23:42:13.288, 0, 12288, 11868, 248
2026/10/01 23:42:13.493, 0, 12288, 11868, 248
2026/10/01 23:42:13.700, 0, 12288, 11868, 248
2026/10/01 23:42:13.907, 0, 12288, 11868, 248
2026/10/01 23:42:14.113, 0, 12288, 11868, 248
2026/10/01 23:42:14.318, 0, 12288, 11868, 248
2026/10/01 23:42:14.526, 0, 12288, 11868, 248
2026/10/01 23:42:14.733, 0, 12288, 11868, 248
2026/10/01 23:42:14.939, 0, 12288, 11868, 248
2026/10/01 23:42:15.145, 0, 12288, 11868, 248
2026/10/01 23:42:15.350, 0, 12288, 11868, 248
2026/10/01 23:42:15.555, 0, 12288, 11868, 248
2026/10/01 23:42:15.761, 0, 12288, 11868, 248
2026/10/01 23:42:15.968, 0, 12288, 11868, 248
2026/10/01 23:42:16.173, 0, 12288, 11868, 248
2026/10/01 23:42:16.376, 0, 12288, 11868, 248
2026/10/01 23:42:16.580, 0, 12288, 11868, 248
2026/10/01 23:42:16.788, 0, 12288, 11868, 248
2026/10/01 23:42:16.996, 0, 12288, 11868, 248
2026/10/01 23:42:17.202, 0, 12288, 11868, 248
2026/10/01 23:42:17.409, 0, 12288, 11868, 248
2026/10/01 23:42:17.616, 0, 12288, 11868, 248
2026/10/01 23:42:17.822, 0, 12288, 11868, 248
2026/10/01 23:42:18.027, 0, 12288, 11868, 248
2026/10/01 23:42:18.231, 0, 12288, 11868, 248
2026/10/01 23:42:18.438, 0, 12288, 11868, 248
2026/10/01 23:42:18.645, 0, 12288, 11868, 248
2026/10/01 23:42:18.851, 0, 12288, 11868, 248
2026/10/01 23:42:19.057, 0, 12288, 11868, 248
2026/10/01 23:42:19.263, 0, 12288, 11868, 248
2026/10/01 23:42:19.470, 0, 12288, 11868, 248
2026/10/01 23:42:19.674, 0, 12288, 11868, 248
2026/10/01 23:42:19.881, 0, 12288, 11868, 248
2026/10/01 23:42:20.088, 0, 12288, 11868, 248
2026/10/01 23:42:20.293, 0, 12288, 11868, 248
2026/10/01 23:42:20.498, 0, 12288, 11868, 248
2026/10/01 23:42:20.705, 0, 12288, 11868, 248
2026/10/01 23:42:20.911, 0, 12288, 11868, 248
2026/10/01 23:42:21.117, 0, 12288, 11868, 248
2026/10/01 23:42:21.324, 0, 12288, 11868, 248
2026/10/01 23:42:21.531, 0, 12288, 11868, 248
2026/10/01 23:42:21.738, 0, 12288, 11868, 248
2026/10/01 23:42:21.943, 0, 12288, 11868, 248
2026/10/01 23:42:22.150, 0, 12288, 11868, 248
2026/10/01 23:42:22.357, 0, 12288, 11868, 248
2026/10/01 23:42:22.561, 0, 12288, 11868, 248
2026/10/01 23:42:22.768, 0, 12288, 11868, 248
2026/10/01 23:42:22.974, 0, 12288, 11868, 248
2026/10/01 23:42:23.179, 0, 12288, 11868, 248
2026/10/01 23:42:23.386, 0, 12288, 11868, 248
2026/10/01 23:42:23.592, 0, 12288, 11868, 248
2026/10/01 23:42:23.798, 0, 12288, 11868, 248
2026/10/01 23:42:24.005, 0, 12288, 11868, 248
2026/10/01 23:42:24.210, 0, 12288, 11868, 248
2026/10/01 23:42:24.417, 0, 12288, 11868, 248
2026/10/01 23:42:24.623, 0, 12288, 11868, 248
2026/10/01 23:42:24.829, 0, 12288, 11868, 248
2026/10/01 23:42:25.034, 0, 12288, 11868, 248
2026/10/01 23:42:25.239, 0, 12288, 11868, 248
2026/10/01 23:42:25.444, 0, 12288, 11868, 248
2026/10/01 23:42:25.650, 0, 12288, 11868, 248
2026/10/01 23:42:25.856, 0, 12288, 11868, 248
2026/10/01 23:42:26.062, 0, 12288, 11868, 248
2026/10/01 23:42:26.269, 0, 12288, 11868, 248
2026/10/01 23:42:26.474, 0, 12288, 11868, 248
2026/10/01 23:42:26.679, 0, 12288, 11868, 248
2026/10/01 23:42:26.886, 0, 12288, 11868, 248
2026/10/01 23:42:27.092, 0, 12288, 11868, 248
2026/10/01 23:42:27.297, 0, 12288, 11868, 248
2026/10/01 23:42:27.504, 0, 12288, 11868, 248
2026/10/01 23:42:27.709, 0, 12288, 11868, 248
2026/10/01 23:42:27.916, 0, 12288, 11868, 248
2026/10/01 23:42:28.122, 0, 12288, 11868, 248
2026/10/01 23:42:28.328, 0, 12288, 11868, 248
2026/10/01 23:42:28.535, 0, 12288, 11868, 248
2026/10/01 23:42:28.741, 0, 12288, 11868, 248
2026/10/01 23:42:28.948, 0, 12288, 11868, 248
2026/10/01 23:42:29.154, 0, 12288, 11868, 248
2026/10/01 23:42:29.359, 0, 12288, 11868, 248
2026/10/01 23:42:29.564, 0, 12288, 11868, 248
2026/10/01 23:42:29.771, 0, 12288, 11868, 248
2026/10/01 23:42:29.976, 0, 12288, 11868, 248
2026/10/01 23:42:30.182, 0, 12288, 11868, 248
2026/10/01 23:42:30.390, 0, 12288, 11868, 248
2026/10/01 23:42:30.595, 0, 12288, 11868, 248
2026/10/01 23:42:30.802, 0, 12288, 11868, 248
2026/10/01 23:42:31.009, 0, 12288, 11868, 248
2026/10/01 23:42:31.215, 0, 12288, 11868, 248
2026/10/01 23:42:31.421, 0, 12288, 11868, 248
2026/10/01 23:42:31.627, 0, 12288, 11868, 248
2026/10/01 23:42:31.835, 0, 12288, 11868, 248
2026/10/01 23:42:32.041, 0, 12288, 11868, 248
2026/10/01 23:42:32.245, 0, 12288, 11868, 248
2026/10/01 23:42:32.452, 0, 12288, 11868, 248
2026/10/01 23:42:32.658, 0, 12288, 11868, 248
2026/10/01 23:42:32.865, 0, 12288, 11868, 248
2026/10/01 23:42:33.071, 0, 12288, 11868, 248
2026/10/01 23:42:33.278, 0, 12288, 11868, 248
2026/10/01 23:42:33.481, 0, 12288, 11868, 248
2026/10/01 23:42:33.688, 0, 12288, 11868, 248
2026/10/01 23:42:33.895, 0, 12288, 11868, 248
2026/10/01 23:42:34.101, 0, 12288, 11868, 248
2026/10/01 23:42:34.307, 0, 12288, 11868, 248
2026/10/01 23:42:34.512, 0, 12288, 11868, 248
2026/10/01 23:42:34.717, 0, 12288, 11868, 248
2026/10/01 23:42:34.923, 0, 12288, 11868, 248
2026/10/01 23:42:35.131, 0, 12288, 11868, 248
2026/10/01 23:42:35.338, 0, 12288, 11868, 248
2026/10/01 23:42:35.541, 0, 12288, 11868, 248
2026/10/01 23:42:35.748, 0, 12288, 11868, 248
2026/10/01 23:42:35.955, 0, 12288, 11868, 248
2026/10/01 23:42:36.160, 0, 12288, 11868, 248
2026/10/01 23:42:36.367, 0, 12288, 11868, 248
2026/10/01 23:42:36.573, 0, 12288, 11868, 248
2026/10/01 23:42:36.778, 0, 12288, 11868, 248
2026/10/01 23:42:36.985, 0, 12288, 11868, 248
2026/10/01 23:42:37.191, 0, 12288, 11868, 248
2026/10/01 23:42:37.398, 0, 12288, 11868, 248
2026/10/01 23:42:37.604, 0, 12288, 11868, 248
2026/10/01 23:42:37.810, 0, 12288, 11868, 248
2026/10/01 23:42:38.016, 0, 12288, 11868, 248
2026/10/01 23:42:38.221, 0, 12288, 11868, 248
2026/10/01 23:42:38.428, 0, 12288, 11868, 248
2026/10/01 23:42:38.633, 0, 12288, 11868, 248
2026/10/01 23:42:38.840, 0, 12288, 11868, 248
2026/10/01 23:42:39.048, 0, 12288, 11868, 248
2026/10/01 23:42:39.254, 0, 12288, 11868, 248
2026/10/01 23:42:39.461, 0, 12288, 11868, 248
2026/10/01 23:42:39.666, 0, 12288, 11868, 248
2026/10/01 23:42:39.873, 0, 12288, 11868, 248
2026/10/01 23:42:40.080, 0, 12288, 11868, 248
2026/10/01 23:42:40.285, 0, 12288, 11868, 248
2026/10/01 23:42:40.490, 0, 12288, 11868, 248
2026/10/01 23:42:40.697, 0, 12288, 11868, 248
2026/10/01 23:42:40.903, 0, 12288, 11868, 248
2026/10/01 23:42:41.108, 0, 12288, 11868, 248
2026/10/01 23:42:41.314, 0, 12288, 11868, 248
2026/10/01 23:42:41.518, 0, 12288, 11868, 248
2026/10/01 23:42:41.724, 0, 12288, 11868, 248
2026/10/01 23:42:41.929, 0, 12288, 11868, 248
2026/10/01 23:42:42.136, 0, 12288, 11868, 248
2026/10/01 23:42:42.340, 0, 12288, 11868, 248
2026/10/01 23:42:42.546, 0, 12288, 11868, 248
2026/10/01 23:42:42.752, 0, 12288, 11868, 248
2026/10/01 23:42:42.961, 0, 12288, 11868, 248
2026/10/01 23:42:43.167, 0, 12288, 11868, 248
2026/10/01 23:42:43.372, 0, 12288, 11868, 248
2026/10/01 23:42:43.578, 0, 12288, 11868, 248
2026/10/01 23:42:43.783, 0, 12288, 11868, 248
2026/10/01 23:42:43.988, 0, 12288, 11868, 248
2026/10/01 23:42:44.194, 0, 12288, 11868, 248
2026/10/01 23:42:44.401, 0, 12288, 11868, 248
2026/10/01 23:42:44.607, 0, 12288, 11868, 248
2026/10/01 23:42:44.814, 0, 12288, 11868, 248
2026/10/01 23:42:45.018, 0, 12288, 11868, 248
2026/10/01 23:42:45.224, 0, 12288, 11868, 248
2026/10/01 23:42:45.429, 0, 12288, 11868, 248
2026/10/01 23:42:45.633, 0, 12288, 11868, 248
2026/10/01 23:42:45.839, 0, 12288, 11868, 248
2026/10/01 23:42:46.045, 0, 12288, 11868, 248
2026/10/01 23:42:46.250, 0, 12288, 11868, 248
2026/10/01 23:42:46.457, 0, 12288, 11868, 248
2026/10/01 23:42:46.663, 0, 12288, 11868, 248
2026/10/01 23:42:46.869, 0, 12288, 11868, 248
2026/10/01 23:42:47.075, 0, 12288, 11868, 248
2026/10/01 23:42:47.281, 0, 12288, 11868, 248
2026/10/01 23:42:47.487, 0, 12288, 11868, 248
2026/10/01 23:42:47.692, 0, 12288, 11868, 248
2026/10/01 23:42:47.897, 0, 12288, 11868, 248
2026/10/01 23:42:48.104, 0, 12288, 11868, 248
2026/10/01 23:42:48.310, 0, 12288, 11868, 248
2026/10/01 23:42:48.516, 0, 12288, 11868, 248
2026/10/01 23:42:48.723, 0, 12288, 11868, 248
2026/10/01 23:42:48.929, 0, 12288, 11868, 248
2026/10/01 23:42:49.134, 0, 12288, 11868, 248
2026/10/01 23:42:49.339, 0, 12288, 11868, 248
2026/10/01 23:42:49.546, 0, 12288, 11868, 248
2026/10/01 23:42:49.751, 0, 12288, 11868, 248
2026/10/01 23:42:49.956, 0, 12288, 11868, 248
2026/10/01 23:42:50.161, 0, 12288, 11868, 248
2026/10/01 23:42:50.367, 0, 12288, 11868, 248
2026/10/01 23:42:50.574, 0, 12288, 11868, 248
2026/10/01 23:42:50.780, 0, 12288, 11868, 248
2026/10/01 23:42:50.986, 0, 12288, 11868, 248
2026/10/01 23:42:51.192, 0, 12288, 11868, 248
2026/10/01 23:42:51.398, 0, 12288, 11868, 248
2026/10/01 23:42:51.605, 0, 12288, 11868, 248
2026/10/01 23:42:51.810, 0, 12288, 11868, 248
2026/10/01 23:42:52.016, 0, 12288, 11868, 248
2026/10/01 23:42:52.222, 0, 12288, 11868, 248
2026/10/01 23:42:52.428, 0, 12288, 11868, 248
2026/10/01 23:42:52.633, 0, 12288, 11868, 248
2026/10/01 23:42:52.842, 0, 12288, 11868, 248
2026/10/01 23:42:53.048, 0, 12288, 11868, 248
2026/10/01 23:42:53.254, 0, 12288, 11868, 248
2026/10/01 23:42:53.459, 0, 12288, 11868, 248
2026/10/01 23:42:53.665, 0, 12288, 11868, 248
2026/10/01 23:42:53.871, 0, 12288, 11868, 248
2026/10/01 23:42:54.077, 0, 12288, 11868, 248
2026/10/01 23:42:54.280, 0, 12288, 11868, 248
2026/10/01 23:42:54.485, 0, 12288, 11868, 248
2026/10/01 23:42:54.691, 0, 12288, 11868, 248
2026/10/01 23:42:54.898, 0, 12288, 11868, 248
2026/10/01 23:42:55.105, 0, 12288, 11868, 248
2026/10/01 23:42:55.311, 0, 12288, 11868, 248
2026/10/01 23:42:55.518, 0, 12288, 11868, 248
2026/10/01 23:42:55.722, 0, 12288, 11868, 248
2026/10/01 23:42:55.929, 0, 12288, 11868, 248
2026/10/01 23:42:56.135, 0, 12288, 11868, 248
2026/10/01 23:42:56.341, 0, 12288, 11868, 248
2026/10/01 23:42:56.547, 0, 12288, 11868, 248
2026/10/01 23:42:56.753, 0, 12288, 11868, 248
2026/10/01 23:42:56.960, 0, 12288, 11868, 248
2026/10/01 23:42:57.166, 0, 12288, 11868, 248
2026/10/01 23:42:57.372, 0, 12288, 11868, 248
2026/10/01 23:42:57.580, 0, 12288, 11868, 248
2026/10/01 23:42:57.785, 0, 12288, 11868, 248
2026/10/01 23:42:57.991, 0, 12288, 11868, 248
2026/10/01 23:42:58.197, 0, 12288, 11868, 248
2026/10/01 23:42:58.404, 0, 12288, 11868, 248
2026/10/01 23:42:58.609, 0, 12288, 11868, 248
2026/10/01 23:42:58.817, 0, 12288, 11868, 248
2026/10/01 23:42:59.022, 0, 12288, 11868, 248
2026/10/01 23:42:59.228, 0, 12288, 11868, 248
2026/10/01 23:42:59.433, 0, 12288, 11868, 248
2026/10/01 23:42:59.640, 0, 12288, 11868, 248
2026/10/01 23:42:59.848, 0, 12288, 11868, 248
2026/10/01 23:43:00.054, 0, 12288, 11868, 248
2026/10/01 23:43:00.258, 0, 12288, 11868, 248
2026/10/01 23:43:00.464, 0, 12288, 11868, 248
2026/10/01 23:43:00.670, 0, 12288, 11868, 248
2026/10/01 23:43:00.876, 0, 12288, 11868, 248
2026/10/01 23:43:01.081, 0, 12288, 11868, 248
2026/10/01 23:43:01.288, 0, 12288, 11868, 248
2026/10/01 23:43:01.494, 0, 12288, 11868, 248
2026/10/01 23:43:01.701, 0, 12288, 11868, 248
2026/10/01 23:43:01.907, 0, 12288, 11868, 248
2026/10/01 23:43:02.113, 0, 12288, 11868, 248
2026/10/01 23:43:02.320, 0, 12288, 11868, 248
2026/10/01 23:43:02.525, 0, 12288, 11868, 248
2026/10/01 23:43:02.730, 0, 12288, 11868, 248
2026/10/01 23:43:02.936, 0, 12288, 11868, 248
2026/10/01 23:43:03.141, 0, 12288, 11868, 248
2026/10/01 23:43:03.346, 0, 12288, 11868, 248
2026/10/01 23:43:03.552, 0, 12288, 11868, 248
2026/10/01 23:43:03.759, 0, 12288, 11868, 248
2026/10/01 23:43:03.965, 0, 12288, 11868, 248
2026/10/01 23:43:04.172, 0, 12288, 11868, 248
2026/10/01 23:43:04.376, 0, 12288, 11868, 248
2026/10/01 23:43:04.583, 0, 12288, 11868, 248
2026/10/01 23:43:04.788, 0, 12288, 11868, 248
2026/10/01 23:43:04.996, 0, 12288, 11868, 248
2026/10/01 23:43:05.202, 0, 12288, 11868, 248
2026/10/01 23:43:05.407, 0, 12288, 11868, 248
2026/10/01 23:43:05.614, 0, 12288, 11868, 248
2026/10/01 23:43:05.821, 0, 12288, 11868, 248
2026/10/01 23:43:06.028, 0, 12288, 11868, 248
2026/10/01 23:43:06.234, 0, 12288, 11868, 248
2026/10/01 23:43:06.438, 0, 12288, 11868, 248
2026/10/01 23:43:06.645, 0, 12288, 11868, 248
2026/10/01 23:43:06.851, 0, 12288, 11868, 248
2026/10/01 23:43:07.057, 0, 12288, 11868, 248
2026/10/01 23:43:07.263, 0, 12288, 11868, 248
2026/10/01 23:43:07.469, 0, 12288, 11868, 248
2026/10/01 23:43:07.676, 0, 12288, 11868, 248
2026/10/01 23:43:07.882, 0, 12288, 11868, 248
2026/10/01 23:43:08.087, 0, 12288, 11868, 248
2026/10/01 23:43:08.293, 0, 12288, 11868, 248
2026/10/01 23:43:08.500, 0, 12288, 11868, 248
2026/10/01 23:43:08.706, 0, 12288, 11868, 248
2026/10/01 23:43:08.912, 0, 12288, 11868, 248
2026/10/01 23:43:09.119, 0, 12288, 11868, 248
2026/10/01 23:43:09.324, 0, 12288, 11868, 248
2026/10/01 23:43:09.529, 0, 12288, 11868, 248
2026/10/01 23:43:09.737, 0, 12288, 11868, 248
2026/10/01 23:43:09.942, 0, 12288, 11868, 248
2026/10/01 23:43:10.148, 0, 12288, 11868, 248
2026/10/01 23:43:10.354, 0, 12288, 11868, 248
2026/10/01 23:43:10.559, 0, 12288, 11868, 248
2026/10/01 23:43:10.766, 0, 12288, 11868, 248
2026/10/01 23:43:10.971, 0, 12288, 11868, 248
2026/10/01 23:43:11.177, 0, 12288, 11868, 248
2026/10/01 23:43:11.381, 0, 12288, 11868, 248
2026/10/01 23:43:11.587, 0, 12288, 11868, 248
2026/10/01 23:43:11.794, 0, 12288, 11868, 248
2026/10/01 23:43:12.000, 0, 12288, 11868, 248
2026/10/01 23:43:12.207, 0, 12288, 11868, 248
2026/10/01 23:43:12.412, 0, 12288, 11868, 248
2026/10/01 23:43:12.617, 0, 12288, 11868, 248
2026/10/01 23:43:12.823, 0, 12288, 11868, 248
2026/10/01 23:43:13.030, 0, 12288, 11868, 248
2026/10/01 23:43:13.234, 0, 12288, 11868, 248
2026/10/01 23:43:13.440, 0, 12288, 11868, 248
2026/10/01 23:43:13.646, 0, 12288, 11868, 248
2026/10/01 23:43:13.854, 0, 12288, 11868, 248
2026/10/01 23:43:14.060, 0, 12288, 11868, 248
2026/10/01 23:43:14.267, 0, 12288, 11868, 248
2026/10/01 23:43:14.474, 0, 12288, 11868, 248
2026/10/01 23:43:14.680, 0, 12288, 11868, 248
2026/10/01 23:43:14.886, 0, 12288, 11868, 248
2026/10/01 23:43:15.090, 0, 12288, 11868, 248
2026/10/01 23:43:15.296, 0, 12288, 11868, 248
2026/10/01 23:43:15.504, 0, 12288, 11868, 248
2026/10/01 23:43:15.710, 0, 12288, 11868, 248
2026/10/01 23:43:15.916, 0, 12288, 11868, 248
2026/10/01 23:43:16.124, 0, 12288, 11868, 248
2026/10/01 23:43:16.330, 0, 12288, 11868, 248
2026/10/01 23:43:16.532, 0, 12288, 11868, 248
2026/10/01 23:43:16.737, 0, 12288, 11868, 248
2026/10/01 23:43:16.942, 0, 12288, 11868, 248
2026/10/01 23:43:17.148, 0, 12288, 11868, 248
2026/10/01 23:43:17.352, 0, 12288, 11868, 248
2026/10/01 23:43:17.558, 0, 12288, 11868, 248
2026/10/01 23:43:17.764, 0, 12288, 11868, 248
2026/10/01 23:43:17.971, 0, 12288, 11868, 248
2026/10/01 23:43:18.176, 0, 12288, 11868, 248
2026/10/01 23:43:18.382, 0, 12288, 11868, 248
2026/10/01 23:43:18.588, 0, 12288, 11868, 248
2026/10/01 23:43:18.792, 0, 12288, 11868, 248
2026/10/01 23:43:18.997, 0, 12288, 11868, 248
2026/10/01 23:43:19.204, 0, 12288, 11868, 248
2026/10/01 23:43:19.408, 0, 12288, 11868, 248
2026/10/01 23:43:19.614, 0, 12288, 11868, 248
2026/10/01 23:43:19.821, 0, 12288, 11868, 248
2026/10/01 23:43:20.027, 0, 12288, 11868, 248
2026/10/01 23:43:20.233, 0, 12288, 11868, 248
2026/10/01 23:43:20.438, 0, 12288, 11868, 248
2026/10/01 23:43:20.643, 0, 12288, 11868, 248
2026/10/01 23:43:20.849, 0, 12288, 11868, 248
2026/10/01 23:43:21.055, 0, 12288, 11868, 248
2026/10/01 23:43:21.261, 0, 12288, 11868, 248
2026/10/01 23:43:21.468, 0, 12288, 11868, 248
2026/10/01 23:43:21.675, 0, 12288, 11868, 248
2026/10/01 23:43:21.880, 0, 12288, 11868, 248
2026/10/01 23:43:22.086, 0, 12288, 11868, 248
2026/10/01 23:43:22.291, 0, 12288, 11868, 248
2026/10/01 23:43:22.497, 0, 12288, 11868, 248
2026/10/01 23:43:22.703, 0, 12288, 11868, 248
2026/10/01 23:43:22.910, 0, 12288, 11868, 248
2026/10/01 23:43:23.114, 0, 12288, 11868, 248
2026/10/01 23:43:23.319, 0, 12288, 11868, 248
2026/10/01 23:43:23.523, 0, 12288, 11868, 248
2026/10/01 23:43:23.728, 0, 12288, 11868, 248
2026/10/01 23:43:23.933, 0, 12288, 11868, 248
2026/10/01 23:43:24.140, 0, 12288, 11868, 248
2026/10/01 23:43:24.346, 0, 12288, 11868, 248
2026/10/01 23:43:24.552, 0, 12288, 11868, 248
2026/10/01 23:43:24.758, 0, 12288, 11868, 248
2026/10/01 23:43:24.964, 0, 12288, 11868, 248
2026/10/01 23:43:25.171, 0, 12288, 11868, 248
2026/10/01 23:43:25.377, 0, 12288, 11868, 248
2026/10/01 23:43:25.582, 0, 12288, 11868, 248
2026/10/01 23:43:25.788, 0, 12288, 11868, 248
2026/10/01 23:43:25.995, 0, 12288, 11868, 248
2026/10/01 23:43:26.202, 0, 12288, 11868, 248
2026/10/01 23:43:26.408, 0, 12288, 11868, 248
2026/10/01 23:43:26.612, 0, 12288, 11868, 248
2026/10/01 23:43:26.819, 0, 12288, 11868, 248
2026/10/01 23:43:27.025, 0, 12288, 11868, 248
2026/10/01 23:43:27.231, 0, 12288, 11868, 248
2026/10/01 23:43:27.438, 0, 12288, 11868, 248
2026/10/01 23:43:27.644, 0, 12288, 11868, 248
2026/10/01 23:43:27.850, 0, 12288, 11868, 248
2026/10/01 23:43:28.057, 0, 12288, 11868, 248
2026/10/01 23:43:28.264, 0, 12288, 11868, 248
2026/10/01 23:43:28.470, 0, 12288, 11868, 248
2026/10/01 23:43:28.677, 0, 12288, 11868, 248
2026/10/01 23:43:28.885, 0, 12288, 11868, 248
2026/10/01 23:43:29.089, 0, 12288, 11868, 248
2026/10/01 23:43:29.292, 0, 12288, 11868, 248
2026/10/01 23:43:29.499, 0, 12288, 11868, 248
2026/10/01 23:43:29.705, 0, 12288, 11868, 248
2026/10/01 23:43:29.910, 0, 12288, 11868, 248
2026/10/01 23:43:30.118, 0, 12288, 11868, 248
2026/10/01 23:43:30.325, 0, 12288, 11868, 248
2026/10/01 23:43:30.529, 0, 12288, 11868, 248
2026/10/01 23:43:30.733, 0, 12288, 11868, 248
2026/10/01 23:43:30.939, 0, 12288, 11868, 248
2026/10/01 23:43:31.145, 0, 12288, 11868, 248
2026/10/01 23:43:31.351, 0, 12288, 11868, 248
2026/10/01 23:43:31.557, 0, 12288, 11868, 248
2026/10/01 23:43:31.762, 0, 12288, 11868, 248
2026/10/01 23:43:31.969, 0, 12288, 11868, 248
2026/10/01 23:43:32.175, 0, 12288, 11868, 248
2026/10/01 23:43:32.381, 0, 12288, 11868, 248
2026/10/01 23:43:32.587, 0, 12288, 11868, 248
2026/10/01 23:43:32.793, 0, 12288, 11868, 248
2026/10/01 23:43:32.999, 0, 12288, 11868, 248
2026/10/01 23:43:33.205, 0, 12288, 11868, 248
2026/10/01 23:43:33.410, 0, 12288, 11868, 248
2026/10/01 23:43:33.616, 0, 12288, 11868, 248
2026/10/01 23:43:33.823, 0, 12288, 11868, 248
2026/10/01 23:43:34.026, 0, 12288, 11868, 248
2026/10/01 23:43:34.233, 0, 12288, 11868, 248
2026/10/01 23:43:34.439, 0, 12288, 11868, 248
2026/10/01 23:43:34.645, 0, 12288, 11868, 248
2026/10/01 23:43:34.850, 0, 12288, 11868, 248
2026/10/01 23:43:35.057, 0, 12288, 11868, 248
2026/10/01 23:43:35.263, 0, 12288, 11868, 248
2026/10/01 23:43:35.469, 0, 12288, 11868, 248
2026/10/01 23:43:35.675, 0, 12288, 11868, 248
2026/10/01 23:43:35.882, 0, 12288, 11868, 248
2026/10/01 23:43:36.088, 0, 12288, 11868, 248
2026/10/01 23:43:36.293, 0, 12288, 11868, 248
2026/10/01 23:43:36.499, 0, 12288, 11868, 248
2026/10/01 23:43:36.705, 0, 12288, 11868, 248
2026/10/01 23:43:36.927, 0, 12288, 11868, 248
2026/10/01 23:43:37.133, 0, 12288, 11868, 248
2026/10/01 23:43:37.340, 0, 12288, 11868, 248
2026/10/01 23:43:37.546, 0, 12288, 11868, 248
2026/10/01 23:43:37.750, 0, 12288, 11868, 248
2026/10/01 23:43:37.958, 0, 12288, 11868, 248
2026/10/01 23:43:38.162, 0, 12288, 11868, 248
2026/10/01 23:43:38.369, 0, 12288, 11868, 248
2026/10/01 23:43:38.576, 0, 12288, 11868, 248
2026/10/01 23:43:38.782, 0, 12288, 11868, 248
2026/10/01 23:43:38.987, 0, 12288, 11868, 248
2026/10/01 23:43:39.193, 0, 12288, 11868, 248
2026/10/01 23:43:39.400, 0, 12288, 11868, 248
2026/10/01 23:43:39.606, 0, 12288, 11868, 248
2026/10/01 23:43:39.810, 0, 12288, 11868, 248
2026/10/01 23:43:40.017, 0, 12288, 11868, 248
2026/10/01 23:43:40.222, 0, 12288, 11868, 248
2026/10/01 23:43:40.427, 0, 12288, 11868, 248
2026/10/01 23:43:40.633, 0, 12288, 11868, 248
2026/10/01 23:43:40.838, 0, 12288, 11868, 248
2026/10/01 23:43:41.044, 0, 12288, 11868, 248
2026/10/01 23:43:41.250, 0, 12288, 11868, 248
2026/10/01 23:43:41.454, 0, 12288, 11868, 248
2026/10/01 23:43:41.660, 0, 12288, 11868, 248
2026/10/01 23:43:41.868, 0, 12288, 11868, 248
2026/10/01 23:43:42.073, 0, 12288, 11868, 248
2026/10/01 23:43:42.277, 0, 12288, 11868, 248
2026/10/01 23:43:42.483, 0, 12288, 11868, 248
2026/10/01 23:43:42.690, 0, 12288, 11868, 248
2026/10/01 23:43:42.897, 0, 12288, 11868, 248
2026/10/01 23:43:43.103, 0, 12288, 11868, 248
2026/10/01 23:43:43.307, 0, 12288, 11868, 248
2026/10/01 23:43:43.513, 0, 12288, 11868, 248
2026/10/01 23:43:43.719, 0, 12288, 11868, 248
2026/10/01 23:43:43.925, 0, 12288, 11868, 248
2026/10/01 23:43:44.131, 0, 12288, 11868, 248
2026/10/01 23:43:44.337, 0, 12288, 11868, 248
2026/10/01 23:43:44.542, 0, 12288, 11868, 248
2026/10/01 23:43:44.750, 0, 12288, 11868, 248
2026/10/01 23:43:44.954, 0, 12288, 11868, 248
2026/10/01 23:43:45.160, 0, 12288, 11868, 248
2026/10/01 23:43:45.366, 0, 12288, 11868, 248
2026/10/01 23:43:45.573, 0, 12288, 11868, 248
2026/10/01 23:43:45.778, 0, 12288, 11868, 248
2026/10/01 23:43:45.986, 0, 12288, 11868, 248
2026/10/01 23:43:46.191, 0, 12288, 11868, 248
2026/10/01 23:43:46.397, 0, 12288, 11868, 248
2026/10/01 23:43:46.603, 0, 12288, 11868, 248
2026/10/01 23:43:46.809, 0, 12288, 11868, 248
2026/10/01 23:43:47.013, 0, 12288, 11868, 248
2026/10/01 23:43:47.219, 0, 12288, 11868, 248
2026/10/01 23:43:47.423, 0, 12288, 11868, 248
2026/10/01 23:43:47.628, 0, 12288, 11868, 248
2026/10/01 23:43:47.835, 0, 12288, 11868, 248
2026/10/01 23:43:48.039, 0, 12288, 11868, 248
2026/10/01 23:43:48.244, 0, 12288, 11868, 248
2026/10/01 23:43:48.448, 0, 12288, 11868, 248
2026/10/01 23:43:48.653, 0, 12288, 11868, 248
2026/10/01 23:43:48.860, 0, 12288, 11868, 248
2026/10/01 23:43:49.066, 0, 12288, 11868, 248
2026/10/01 23:43:49.272, 0, 12288, 11868, 248
2026/10/01 23:43:49.478, 0, 12288, 11868, 248
2026/10/01 23:43:49.683, 0, 12288, 11868, 248
2026/10/01 23:43:49.891, 0, 12288, 11868, 248
2026/10/01 23:43:50.097, 0, 12288, 11868, 248
2026/10/01 23:43:50.304, 0, 12288, 11868, 248
2026/10/01 23:43:50.509, 0, 12288, 11868, 248
2026/10/01 23:43:50.714, 0, 12288, 11868, 248
2026/10/01 23:43:50.920, 0, 12288, 11868, 248
2026/10/01 23:43:51.127, 0, 12288, 11868, 248
2026/10/01 23:43:51.333, 0, 12288, 11868, 248
2026/10/01 23:43:51.540, 0, 12288, 11868, 248
2026/10/01 23:43:51.745, 0, 12288, 11868, 248
2026/10/01 23:43:51.951, 0, 12288, 11868, 248
2026/10/01 23:43:52.158, 0, 12288, 11868, 248
2026/10/01 23:43:52.364, 0, 12288, 11868, 248
2026/10/01 23:43:52.569, 0, 12288, 11868, 248
2026/10/01 23:43:52.775, 0, 12288, 11868, 248
2026/10/01 23:43:52.982, 0, 12288, 11868, 248
2026/10/01 23:43:53.187, 0, 12288, 11868, 248
2026/10/01 23:43:53.392, 0, 12288, 11868, 248
2026/10/01 23:43:53.597, 0, 12288, 11868, 248
2026/10/01 23:43:53.804, 0, 12288, 11868, 248
2026/10/01 23:43:54.011, 0, 12288, 11868, 248
2026/10/01 23:43:54.216, 0, 12288, 11868, 248
2026/10/01 23:43:54.422, 0, 12288, 11868, 248
2026/10/01 23:43:54.628, 0, 12288, 11868, 248
2026/10/01 23:43:54.835, 0, 12288, 11868, 248
2026/10/01 23:43:55.042, 0, 12288, 11868, 248
2026/10/01 23:43:55.249, 0, 12288, 11868, 248
2026/10/01 23:43:55.454, 0, 12288, 11868, 248
2026/10/01 23:43:55.660, 0, 12288, 11868, 248
2026/10/01 23:43:55.866, 0, 12288, 11868, 248
2026/10/01 23:43:56.071, 0, 12288, 11868, 248
2026/10/01 23:43:56.278, 0, 12288, 11868, 248
2026/10/01 23:43:56.484, 0, 12288, 11868, 248
2026/10/01 23:43:56.691, 0, 12288, 11868, 248
2026/10/01 23:43:56.898, 0, 12288, 11868, 248
2026/10/01 23:43:57.103, 0, 12288, 11868, 248
2026/10/01 23:43:57.309, 0, 12288, 11868, 248
2026/10/01 23:43:57.515, 0, 12288, 11868, 248
2026/10/01 23:43:57.722, 0, 12288, 11868, 248
2026/10/01 23:43:57.927, 0, 12288, 11868, 248
2026/10/01 23:43:58.134, 0, 12288, 11868, 248
2026/10/01 23:43:58.340, 0, 12288, 11868, 248
2026/10/01 23:43:58.544, 0, 12288, 11868, 248
2026/10/01 23:43:58.751, 0, 12288, 11868, 248
2026/10/01 23:43:58.957, 0, 12288, 11868, 248
2026/10/01 23:43:59.163, 0, 12288, 11868, 248
2026/10/01 23:43:59.368, 0, 12288, 11868, 248
2026/10/01 23:43:59.575, 0, 12288, 11868, 248
2026/10/01 23:43:59.782, 0, 12288, 11868, 248
2026/10/01 23:43:59.988, 0, 12288, 11868, 248
2026/10/01 23:44:00.195, 0, 12288, 11868, 248
2026/10/01 23:44:00.400, 0, 12288, 11868, 248
2026/10/01 23:44:00.606, 0, 12288, 11868, 248
2026/10/01 23:44:00.813, 0, 12288, 11868, 248
2026/10/01 23:44:01.019, 0, 12288, 11868, 248
2026/10/01 23:44:01.225, 0, 12288, 11868, 248
2026/10/01 23:44:01.431, 0, 12288, 11868, 248
2026/10/01 23:44:01.636, 0, 12288, 11868, 248
2026/10/01 23:44:01.845, 0, 12288, 11868, 248
2026/10/01 23:44:02.051, 0, 12288, 11868, 248
2026/10/01 23:44:02.257, 0, 12288, 11868, 248
2026/10/01 23:44:02.462, 0, 12288, 11868, 248
2026/10/01 23:44:02.668, 0, 12288, 11868, 248
2026/10/01 23:44:02.875, 0, 12288, 11868, 248
2026/10/01 23:44:03.081, 0, 12288, 11868, 248
2026/10/01 23:44:03.287, 0, 12288, 11868, 248
2026/10/01 23:44:03.493, 0, 12288, 11868, 248
2026/10/01 23:44:03.700, 0, 12288, 11868, 248
2026/10/01 23:44:03.908, 0, 12288, 11868, 248
2026/10/01 23:44:04.114, 0, 12288, 11868, 248
2026/10/01 23:44:04.320, 0, 12288, 11868, 248
2026/10/01 23:44:04.526, 0, 12288, 11868, 248
2026/10/01 23:44:04.734, 0, 12288, 11868, 248
2026/10/01 23:44:04.941, 0, 12288, 11868, 248
2026/10/01 23:44:05.148, 0, 12288, 11868, 248
2026/10/01 23:44:05.352, 0, 12288, 11868, 248
2026/10/01 23:44:05.556, 0, 12288, 11868, 248
2026/10/01 23:44:05.763, 0, 12288, 11868, 248
2026/10/01 23:44:05.969, 0, 12288, 11868, 248
2026/10/01 23:44:06.175, 0, 12288, 11868, 248
2026/10/01 23:44:06.381, 0, 12288, 11868, 248
2026/10/01 23:44:06.587, 0, 12288, 11868, 248
2026/10/01 23:44:06.791, 0, 12288, 11868, 248
2026/10/01 23:44:06.997, 0, 12288, 11868, 248
2026/10/01 23:44:07.204, 0, 12288, 11868, 248
2026/10/01 23:44:07.410, 0, 12288, 11868, 248
2026/10/01 23:44:07.617, 0, 12288, 11868, 248
2026/10/01 23:44:07.823, 0, 12288, 11868, 248
2026/10/01 23:44:08.030, 0, 12288, 11868, 248
2026/10/01 23:44:08.235, 0, 12288, 11868, 248
2026/10/01 23:44:08.440, 0, 12288, 11868, 248
2026/10/01 23:44:08.645, 0, 12288, 11868, 248
2026/10/01 23:44:08.850, 0, 12288, 11868, 248
2026/10/01 23:44:09.057, 0, 12288, 11868, 248
2026/10/01 23:44:09.262, 0, 12288, 11868, 248
2026/10/01 23:44:09.468, 0, 12288, 11868, 248
2026/10/01 23:44:09.673, 0, 12288, 11868, 248
2026/10/01 23:44:09.880, 0, 12288, 11868, 248
2026/10/01 23:44:10.086, 0, 12288, 11868, 248
2026/10/01 23:44:10.293, 0, 12288, 11868, 248
2026/10/01 23:44:10.499, 0, 12288, 11868, 248
2026/10/01 23:44:10.705, 0, 12288, 11868, 248
2026/10/01 23:44:10.912, 0, 12288, 11868, 248
2026/10/01 23:44:11.119, 0, 12288, 11868, 248
2026/10/01 23:44:11.325, 0, 12288, 11868, 248
2026/10/01 23:44:11.530, 0, 12288, 11868, 248
2026/10/01 23:44:11.736, 0, 12288, 11868, 248
2026/10/01 23:44:11.942, 0, 12288, 11868, 248
2026/10/01 23:44:12.150, 0, 12288, 11868, 248
2026/10/01 23:44:12.356, 0, 12288, 11868, 248
2026/10/01 23:44:12.562, 0, 12288, 11868, 248
2026/10/01 23:44:12.767, 0, 12288, 11868, 248
2026/10/01 23:44:12.973, 0, 12288, 11868, 248
2026/10/01 23:44:13.180, 0, 12288, 11868, 248
2026/10/01 23:44:13.387, 0, 12288, 11868, 248
2026/10/01 23:44:13.592, 0, 12288, 11868, 248
2026/10/01 23:44:13.799, 0, 12288, 11868, 248
2026/10/01 23:44:14.004, 0, 12288, 11868, 248
2026/10/01 23:44:14.209, 0, 12288, 11868, 248
2026/10/01 23:44:14.416, 0, 12288, 11868, 248
2026/10/01 23:44:14.620, 0, 12288, 11868, 248
2026/10/01 23:44:14.827, 0, 12288, 11868, 248
2026/10/01 23:44:15.034, 0, 12288, 11868, 248
2026/10/01 23:44:15.241, 0, 12288, 11868, 248
2026/10/01 23:44:15.446, 0, 12288, 11868, 248
2026/10/01 23:44:15.651, 0, 12288, 11868, 248
2026/10/01 23:44:15.856, 0, 12288, 11868, 248
2026/10/01 23:44:16.059, 0, 12288, 11868, 248
2026/10/01 23:44:16.265, 0, 12288, 11868, 248
2026/10/01 23:44:16.472, 0, 12288, 11868, 248
2026/10/01 23:44:16.678, 0, 12288, 11868, 248
2026/10/01 23:44:16.885, 0, 12288, 11868, 248
2026/10/01 23:44:17.092, 0, 12288, 11868, 248
2026/10/01 23:44:17.297, 0, 12288, 11868, 248
2026/10/01 23:44:17.502, 0, 12288, 11868, 248
2026/10/01 23:44:17.709, 0, 12288, 11868, 248
2026/10/01 23:44:17.913, 0, 12288, 11868, 248
2026/10/01 23:44:18.120, 0, 12288, 11868, 248
2026/10/01 23:44:18.326, 0, 12288, 11868, 248
2026/10/01 23:44:18.532, 0, 12288, 11868, 248
2026/10/01 23:44:18.739, 0, 12288, 11868, 248
2026/10/01 23:44:18.945, 0, 12288, 11868, 248
2026/10/01 23:44:19.150, 0, 12288, 11868, 248
2026/10/01 23:44:19.356, 0, 12288, 11868, 248
2026/10/01 23:44:19.562, 0, 12288, 11868, 248
2026/10/01 23:44:19.768, 0, 12288, 11868, 248
2026/10/01 23:44:19.974, 0, 12288, 11868, 248
2026/10/01 23:44:20.180, 0, 12288, 11868, 248
2026/10/01 23:44:20.385, 0, 12288, 11868, 248
2026/10/01 23:44:20.592, 0, 12288, 11868, 248
2026/10/01 23:44:20.797, 0, 12288, 11868, 248
2026/10/01 23:44:21.001, 0, 12288, 11868, 248
2026/10/01 23:44:21.206, 0, 12288, 11868, 248
2026/10/01 23:44:21.414, 0, 12288, 11868, 248
2026/10/01 23:44:21.620, 0, 12288, 11868, 248
2026/10/01 23:44:21.825, 0, 12288, 11868, 248
2026/10/01 23:44:22.031, 0, 12288, 11868, 248
2026/10/01 23:44:22.237, 0, 12288, 11868, 248
2026/10/01 23:44:22.444, 0, 12288, 11868, 248
2026/10/01 23:44:22.651, 0, 12288, 11868, 248
2026/10/01 23:44:22.857, 0, 12288, 11868, 248
2026/10/01 23:44:23.063, 0, 12288, 11868, 248
2026/10/01 23:44:23.270, 0, 12288, 11868, 248
2026/10/01 23:44:23.477, 0, 12288, 11868, 248
2026/10/01 23:44:23.684, 0, 12288, 11868, 248
2026/10/01 23:44:23.891, 0, 12288, 11868, 248
2026/10/01 23:44:24.094, 0, 12288, 11868, 248
2026/10/01 23:44:24.301, 0, 12288, 11868, 248
2026/10/01 23:44:24.508, 0, 12288, 11868, 248
2026/10/01 23:44:24.714, 0, 12288, 11868, 248
2026/10/01 23:44:24.920, 0, 12288, 11868, 248
2026/10/01 23:44:25.125, 0, 12288, 11868, 248
2026/10/01 23:44:25.332, 0, 12288, 11868, 248
2026/10/01 23:44:25.537, 0, 12288, 11868, 248
2026/10/01 23:44:25.741, 0, 12288, 11868, 248
2026/10/01 23:44:25.946, 0, 12288, 11868, 248
2026/10/01 23:44:26.152, 0, 12288, 11868, 248
2026/10/01 23:44:26.359, 0, 12288, 11868, 248
2026/10/01 23:44:26.566, 0, 12288, 11868, 248
2026/10/01 23:44:26.772, 0, 12288, 11868, 248
2026/10/01 23:44:26.977, 0, 12288, 11868, 248
2026/10/01 23:44:27.183, 0, 12288, 11868, 248
2026/10/01 23:44:27.387, 0, 12288, 11868, 248
2026/10/01 23:44:27.593, 0, 12288, 11868, 248
2026/10/01 23:44:27.799, 0, 12288, 11868, 248
2026/10/01 23:44:28.005, 0, 12288, 11868, 248
2026/10/01 23:44:28.211, 0, 12288, 11868, 248
2026/10/01 23:44:28.418, 0, 12288, 11868, 248
2026/10/01 23:44:28.624, 0, 12288, 11868, 248
2026/10/01 23:44:28.830, 0, 12288, 11868, 248
2026/10/01 23:44:29.036, 0, 12288, 11868, 248
2026/10/01 23:44:29.243, 0, 12288, 11868, 248
2026/10/01 23:44:29.450, 0, 12288, 11868, 248
2026/10/01 23:44:29.654, 0, 12288, 11868, 248
2026/10/01 23:44:29.860, 0, 12288, 11868, 248
2026/10/01 23:44:30.066, 0, 12288, 11868, 248
2026/10/01 23:44:30.272, 0, 12288, 11868, 248
2026/10/01 23:44:30.478, 0, 12288, 11868, 248
2026/10/01 23:44:30.681, 0, 12288, 11868, 248
2026/10/01 23:44:30.888, 0, 12288, 11868, 248
2026/10/01 23:44:31.095, 0, 12288, 11868, 248
2026/10/01 23:44:31.300, 0, 12288, 11868, 248
2026/10/01 23:44:31.505, 0, 12288, 11868, 248
2026/10/01 23:44:31.711, 0, 12288, 11868, 248
2026/10/01 23:44:31.916, 0, 12288, 11868, 248
2026/10/01 23:44:32.122, 0, 12288, 11868, 248
2026/10/01 23:44:32.328, 0, 12288, 11868, 248
2026/10/01 23:44:32.535, 0, 12288, 11868, 248
2026/10/01 23:44:32.741, 0, 12288, 11868, 248
2026/10/01 23:44:32.948, 0, 12288, 11868, 248
2026/10/01 23:44:33.153, 0, 12288, 11868, 248
2026/10/01 23:44:33.359, 0, 12288, 11868, 248
2026/10/01 23:44:33.565, 0, 12288, 11868, 248
2026/10/01 23:44:33.773, 0, 12288, 11868, 248
2026/10/01 23:44:33.978, 0, 12288, 11868, 248
2026/10/01 23:44:34.185, 0, 12288, 11868, 248
2026/10/01 23:44:34.389, 0, 12288, 11868, 248
2026/10/01 23:44:34.595, 0, 12288, 11868, 248
2026/10/01 23:44:34.803, 0, 12288, 11868, 248
2026/10/01 23:44:35.009, 0, 12288, 11868, 248
2026/10/01 23:44:35.215, 0, 12288, 11868, 248
2026/10/01 23:44:35.420, 0, 12288, 11868, 248
2026/10/01 23:44:35.625, 0, 12288, 11868, 248
2026/10/01 23:44:35.830, 0, 12288, 11868, 248
2026/10/01 23:44:36.036, 0, 12288, 11868, 248
2026/10/01 23:44:36.243, 0, 12288, 11868, 248
2026/10/01 23:44:36.449, 0, 12288, 11868, 248
2026/10/01 23:44:36.656, 0, 12288, 11868, 248
2026/10/01 23:44:36.862, 0, 12288, 11868, 248
2026/10/01 23:44:37.068, 0, 12288, 11868, 248
2026/10/01 23:44:37.276, 0, 12288, 11868, 248
2026/10/01 23:44:37.482, 0, 12288, 11868, 248
2026/10/01 23:44:37.687, 0, 12288, 11868, 248
2026/10/01 23:44:37.893, 0, 12288, 11868, 248
2026/10/01 23:44:38.100, 0, 12288, 11868, 248
2026/10/01 23:44:38.305, 0, 12288, 11868, 248
2026/10/01 23:44:38.511, 0, 12288, 11868, 248
2026/10/01 23:44:38.717, 0, 12288, 11868, 248
2026/10/01 23:44:38.924, 0, 12288, 11868, 248
2026/10/01 23:44:39.130, 0, 12288, 11868, 248
2026/10/01 23:44:39.336, 0, 12288, 11868, 248
2026/10/01 23:44:39.541, 0, 12288, 11868, 248
2026/10/01 23:44:39.746, 0, 12288, 11868, 248
2026/10/01 23:44:39.950, 0, 12288, 11868, 248
2026/10/01 23:44:40.157, 0, 12288, 11868, 248
2026/10/01 23:44:40.362, 0, 12288, 11868, 248
2026/10/01 23:44:40.569, 0, 12288, 11868, 248
2026/10/01 23:44:40.775, 0, 12288, 11868, 248
2026/10/01 23:44:40.979, 0, 12288, 11868, 248
2026/10/01 23:44:41.186, 0, 12288, 11868, 248
2026/10/01 23:44:41.391, 0, 12288, 11868, 248
2026/10/01 23:44:41.597, 0, 12288, 11868, 248
2026/10/01 23:44:41.805, 0, 12288, 11868, 248
2026/10/01 23:44:42.011, 0, 12288, 11868, 248
2026/10/01 23:44:42.216, 0, 12288, 11868, 248
2026/10/01 23:44:42.421, 0, 12288, 11868, 248
2026/10/01 23:44:42.628, 0, 12288, 11868, 248
2026/10/01 23:44:42.835, 0, 12288, 11868, 248
2026/10/01 23:44:43.041, 0, 12288, 11868, 248
2026/10/01 23:44:43.247, 0, 12288, 11868, 248
2026/10/01 23:44:43.452, 0, 12288, 11868, 248
2026/10/01 23:44:43.659, 0, 12288, 11868, 248
2026/10/01 23:44:43.865, 0, 12288, 11868, 248
2026/10/01 23:44:44.072, 0, 12288, 11868, 248
2026/10/01 23:44:44.278, 0, 12288, 11868, 248
2026/10/01 23:44:44.483, 0, 12288, 11868, 248
2026/10/01 23:44:44.691, 0, 12288, 11868, 248
2026/10/01 23:44:44.896, 0, 12288, 11868, 248
2026/10/01 23:44:45.103, 0, 12288, 11868, 248
2026/10/01 23:44:45.308, 0, 12288, 11868, 248
2026/10/01 23:44:45.513, 0, 12288, 11868, 248
2026/10/01 23:44:45.718, 0, 12288, 11868, 248
2026/10/01 23:44:45.924, 0, 12288, 11868, 248
2026/10/01 23:44:46.128, 0, 12288, 11868, 248
2026/10/01 23:44:46.334, 0, 12288, 11868, 248
2026/10/01 23:44:46.539, 0, 12288, 11868, 248
2026/10/01 23:44:46.745, 0, 12288, 11868, 248
2026/10/01 23:44:46.952, 0, 12288, 11868, 248
2026/10/01 23:44:47.157, 0, 12288, 11868, 248
2026/10/01 23:44:47.364, 0, 12288, 11868, 248
2026/10/01 23:44:47.571, 0, 12288, 11868, 248
2026/10/01 23:44:47.777, 0, 12288, 11868, 248
2026/10/01 23:44:47.982, 0, 12288, 11868, 248
2026/10/01 23:44:48.187, 0, 12288, 11868, 248
2026/10/01 23:44:48.393, 0, 12288, 11868, 248
2026/10/01 23:44:48.599, 0, 12288, 11868, 248
2026/10/01 23:44:48.805, 0, 12288, 11868, 248
2026/10/01 23:44:49.012, 0, 12288, 11868, 248
2026/10/01 23:44:49.217, 0, 12288, 11868, 248
2026/10/01 23:44:49.426, 0, 12288, 11868, 248
2026/10/01 23:44:49.631, 0, 12288, 11868, 248
2026/10/01 23:44:49.837, 0, 12288, 11868, 248
2026/10/01 23:44:50.043, 0, 12288, 11868, 248
2026/10/01 23:44:50.248, 0, 12288, 11868, 248
2026/10/01 23:44:50.453, 0, 12288, 11868, 248
2026/10/01 23:44:50.660, 0, 12288, 11868, 248
2026/10/01 23:44:50.867, 0, 12288, 11868, 248
2026/10/01 23:44:51.072, 0, 12288, 11868, 248
2026/10/01 23:44:51.279, 0, 12288, 11868, 248
2026/10/01 23:44:51.484, 0, 12288, 11868, 248
2026/10/01 23:44:51.688, 0, 12288, 11868, 248
2026/10/01 23:44:51.894, 0, 12288, 11868, 248
2026/10/01 23:44:52.100, 0, 12288, 11868, 248
2026/10/01 23:44:52.306, 0, 12288, 11868, 248
2026/10/01 23:44:52.514, 0, 12288, 11868, 248
2026/10/01 23:44:52.720, 0, 12288, 11868, 248
2026/10/01 23:44:52.924, 0, 12288, 11868, 248
2026/10/01 23:44:53.131, 0, 12288, 11868, 248
2026/10/01 23:44:53.339, 0, 12288, 11868, 248
2026/10/01 23:44:53.544, 0, 12288, 11868, 248
2026/10/01 23:44:53.749, 0, 12288, 11868, 248
2026/10/01 23:44:53.955, 0, 12288, 11868, 248
2026/10/01 23:44:54.162, 0, 12288, 11868, 248
2026/10/01 23:44:54.365, 0, 12288, 11868, 248
2026/10/01 23:44:54.574, 0, 12288, 11868, 248
2026/10/01 23:44:54.779, 0, 12288, 11868, 248
2026/10/01 23:44:54.986, 0, 12288, 11868, 248
2026/10/01 23:44:55.193, 0, 12288, 11868, 248
2026/10/01 23:44:55.397, 0, 12288, 11868, 248
2026/10/01 23:44:55.605, 0, 12288, 11868, 248
2026/10/01 23:44:55.810, 0, 12288, 11868, 248
2026/10/01 23:44:56.015, 0, 12288, 11868, 248
2026/10/01 23:44:56.222, 0, 12288, 11876, 240
2026/10/01 23:44:56.427, 0, 12288, 11876, 240
2026/10/01 23:44:56.634, 0, 12288, 11876, 240
2026/10/01 23:44:56.840, 0, 12288, 11876, 240
2026/10/01 23:44:57.046, 0, 12288, 11876, 240
2026/10/01 23:44:57.252, 0, 12288, 11876, 240
2026/10/01 23:44:57.458, 0, 12288, 11876, 240
2026/10/01 23:44:57.665, 0, 12288, 11876, 240
2026/10/01 23:44:57.871, 0, 12288, 11876, 240
2026/10/01 23:44:58.076, 0, 12288, 11876, 240
2026/10/01 23:44:58.282, 0, 12288, 11868, 248
2026/10/01 23:44:58.487, 0, 12288, 11868, 248
2026/10/01 23:44:58.693, 0, 12288, 11868, 248
2026/10/01 23:44:58.899, 0, 12288, 11868, 248
2026/10/01 23:44:59.103, 0, 12288, 11868, 248
2026/10/01 23:44:59.309, 0, 12288, 11868, 248
2026/10/01 23:44:59.514, 0, 12288, 11868, 248
2026/10/01 23:44:59.721, 0, 12288, 11868, 248
2026/10/01 23:44:59.926, 0, 12288, 11868, 248
2026/10/01 23:45:00.133, 0, 12288, 11868, 248
2026/10/01 23:45:00.339, 0, 12288, 11868, 248
2026/10/01 23:45:00.546, 0, 12288, 11868, 248
2026/10/01 23:45:00.750, 0, 12288, 11868, 248
2026/10/01 23:45:00.956, 0, 12288, 11868, 248
2026/10/01 23:45:01.163, 0, 12288, 11868, 248
2026/10/01 23:45:01.368, 0, 12288, 11868, 248
2026/10/01 23:45:01.572, 0, 12288, 11868, 248
2026/10/01 23:45:01.778, 0, 12288, 11868, 248
2026/10/01 23:45:01.986, 0, 12288, 11868, 248
2026/10/01 23:45:02.191, 0, 12288, 11868, 248
2026/10/01 23:45:02.398, 0, 12288, 11868, 248
2026/10/01 23:45:02.604, 0, 12288, 11868, 248
2026/10/01 23:45:02.811, 0, 12288, 11868, 248
2026/10/01 23:45:03.018, 0, 12288, 11868, 248
2026/10/01 23:45:03.224, 0, 12288, 11868, 248
2026/10/01 23:45:03.431, 0, 12288, 11868, 248
2026/10/01 23:45:03.637, 0, 12288, 11868, 248
2026/10/01 23:45:03.840, 0, 12288, 11868, 248
2026/10/01 23:45:04.047, 0, 12288, 11868, 248
2026/10/01 23:45:04.253, 0, 12288, 11868, 248
2026/10/01 23:45:04.459, 0, 12288, 11868, 248
2026/10/01 23:45:04.665, 0, 12288, 11868, 248
2026/10/01 23:45:04.871, 0, 12288, 11868, 248
2026/10/01 23:45:05.079, 0, 12288, 11868, 248
2026/10/01 23:45:05.285, 0, 12288, 11868, 248
2026/10/01 23:45:05.492, 0, 12288, 11868, 248
2026/10/01 23:45:05.698, 0, 12288, 11868, 248
2026/10/01 23:45:05.903, 0, 12288, 11868, 248
2026/10/01 23:45:06.108, 0, 12288, 11868, 248
2026/10/01 23:45:06.314, 0, 12288, 11868, 248
2026/10/01 23:45:06.521, 0, 12288, 11868, 248
2026/10/01 23:45:06.725, 0, 12288, 11868, 248
2026/10/01 23:45:06.932, 0, 12288, 11868, 248
2026/10/01 23:45:07.137, 0, 12288, 11868, 248
2026/10/01 23:45:07.344, 0, 12288, 11868, 248
2026/10/01 23:45:07.549, 0, 12288, 11868, 248
2026/10/01 23:45:07.754, 0, 12288, 11868, 248
2026/10/01 23:45:07.962, 0, 12288, 11868, 248
2026/10/01 23:45:08.168, 0, 12288, 11868, 248
2026/10/01 23:45:08.373, 0, 12288, 11868, 248
2026/10/01 23:45:08.580, 0, 12288, 11868, 248
2026/10/01 23:45:08.785, 0, 12288, 11868, 248
2026/10/01 23:45:08.991, 0, 12288, 11868, 248
2026/10/01 23:45:09.195, 0, 12288, 11868, 248
2026/10/01 23:45:09.400, 0, 12288, 11868, 248
2026/10/01 23:45:09.622, 0, 12288, 11868, 248
2026/10/01 23:45:09.826, 0, 12288, 11868, 248
2026/10/01 23:45:10.032, 0, 12288, 11868, 248
2026/10/01 23:45:10.238, 0, 12288, 11868, 248
2026/10/01 23:45:10.445, 0, 12288, 11868, 248
2026/10/01 23:45:10.651, 0, 12288, 11868, 248
2026/10/01 23:45:10.857, 0, 12288, 11868, 248
2026/10/01 23:45:11.063, 0, 12288, 11868, 248
2026/10/01 23:45:11.269, 0, 12288, 11868, 248
2026/10/01 23:45:11.474, 0, 12288, 11868, 248
2026/10/01 23:45:11.680, 0, 12288, 11868, 248
2026/10/01 23:45:11.886, 0, 12288, 11868, 248
2026/10/01 23:45:12.091, 0, 12288, 11868, 248
2026/10/01 23:45:12.297, 0, 12288, 11868, 248
2026/10/01 23:45:12.504, 0, 12288, 11868, 248
2026/10/01 23:45:12.710, 0, 12288, 11868, 248
2026/10/01 23:45:12.916, 0, 12288, 11868, 248
2026/10/01 23:45:13.123, 0, 12288, 11868, 248
2026/10/01 23:45:13.330, 0, 12288, 11868, 248
2026/10/01 23:45:13.534, 0, 12288, 11868, 248
2026/10/01 23:45:13.740, 0, 12288, 11868, 248
2026/10/01 23:45:13.947, 0, 12288, 11868, 248
2026/10/01 23:45:14.153, 0, 12288, 11868, 248
2026/10/01 23:45:14.359, 0, 12288, 11868, 248
2026/10/01 23:45:14.565, 0, 12288, 11868, 248
2026/10/01 23:45:14.771, 0, 12288, 11868, 248
2026/10/01 23:45:14.975, 0, 12288, 11868, 248
2026/10/01 23:45:15.181, 0, 12288, 11868, 248
2026/10/01 23:45:15.385, 0, 12288, 11868, 248
2026/10/01 23:45:15.590, 0, 12288, 11868, 248
2026/10/01 23:45:15.796, 0, 12288, 11868, 248
2026/10/01 23:45:16.003, 0, 12288, 11868, 248
2026/10/01 23:45:16.210, 0, 12288, 11868, 248
2026/10/01 23:45:16.417, 0, 12288, 11868, 248
2026/10/01 23:45:16.624, 0, 12288, 11868, 248
2026/10/01 23:45:16.830, 0, 12288, 11868, 248
2026/10/01 23:45:17.036, 0, 12288, 11868, 248
2026/10/01 23:45:17.242, 0, 12288, 11868, 248
2026/10/01 23:45:17.448, 0, 12288, 11868, 248
2026/10/01 23:45:17.654, 0, 12288, 11868, 248
2026/10/01 23:45:17.861, 0, 12288, 11868, 248
2026/10/01 23:45:18.065, 0, 12288, 11868, 248
2026/10/01 23:45:18.272, 0, 12288, 11868, 248
2026/10/01 23:45:18.479, 0, 12288, 11868, 248
2026/10/01 23:45:18.685, 0, 12288, 11868, 248
2026/10/01 23:45:18.894, 0, 12288, 11868, 248
2026/10/01 23:45:19.101, 0, 12288, 11868, 248
2026/10/01 23:45:19.306, 0, 12288, 11868, 248
2026/10/01 23:45:19.512, 0, 12288, 11868, 248
2026/10/01 23:45:19.716, 0, 12288, 11868, 248
2026/10/01 23:45:19.922, 0, 12288, 11868, 248
2026/10/01 23:45:20.128, 0, 12288, 11868, 248
2026/10/01 23:45:20.335, 0, 12288, 11868, 248
2026/10/01 23:45:20.541, 0, 12288, 11868, 248
2026/10/01 23:45:20.745, 0, 12288, 11868, 248
2026/10/01 23:45:20.952, 0, 12288, 11868, 248
2026/10/01 23:45:21.156, 0, 12288, 11868, 248
2026/10/01 23:45:21.362, 0, 12288, 11868, 248
2026/10/01 23:45:21.570, 0, 12288, 11868, 248
2026/10/01 23:45:21.776, 0, 12288, 11868, 248
2026/10/01 23:45:21.983, 0, 12288, 11868, 248
2026/10/01 23:45:22.190, 0, 12288, 11868, 248
2026/10/01 23:45:22.397, 0, 12288, 11868, 248
2026/10/01 23:45:22.605, 0, 12288, 11868, 248
2026/10/01 23:45:22.810, 0, 12288, 11868, 248
2026/10/01 23:45:23.015, 0, 12288, 11868, 248
2026/10/01 23:45:23.221, 0, 12288, 11868, 248
2026/10/01 23:45:23.427, 0, 12288, 11868, 248
2026/10/01 23:45:23.633, 0, 12288, 11868, 248
2026/10/01 23:45:23.839, 0, 12288, 11868, 248
2026/10/01 23:45:24.047, 0, 12288, 11868, 248
2026/10/01 23:45:24.253, 0, 12288, 11868, 248
2026/10/01 23:45:24.459, 0, 12288, 11868, 248
2026/10/01 23:45:24.662, 0, 12288, 11868, 248
2026/10/01 23:45:24.868, 0, 12288, 11868, 248
2026/10/01 23:45:25.075, 0, 12288, 11868, 248
2026/10/01 23:45:25.281, 0, 12288, 11868, 248
2026/10/01 23:45:25.486, 0, 12288, 11868, 248
2026/10/01 23:45:25.693, 0, 12288, 11868, 248
2026/10/01 23:45:25.899, 0, 12288, 11868, 248
2026/10/01 23:45:26.104, 0, 12288, 11868, 248
2026/10/01 23:45:26.309, 0, 12288, 11868, 248
2026/10/01 23:45:26.515, 0, 12288, 11868, 248
2026/10/01 23:45:26.720, 0, 12288, 11868, 248
2026/10/01 23:45:26.927, 0, 12288, 11868, 248
2026/10/01 23:45:27.132, 0, 12288, 11868, 248
2026/10/01 23:45:27.339, 0, 12288, 11868, 248
2026/10/01 23:45:27.545, 0, 12288, 11868, 248
2026/10/01 23:45:27.748, 0, 12288, 11868, 248
2026/10/01 23:45:27.955, 0, 12288, 11868, 248
2026/10/01 23:45:28.160, 0, 12288, 11868, 248
2026/10/01 23:45:28.367, 0, 12288, 11868, 248
2026/10/01 23:45:28.573, 0, 12288, 11868, 248
2026/10/01 23:45:28.778, 0, 12288, 11868, 248
2026/10/01 23:45:28.985, 0, 12288, 11868, 248
2026/10/01 23:45:29.190, 0, 12288, 11868, 248
2026/10/01 23:45:29.395, 0, 12288, 11868, 248
2026/10/01 23:45:29.600, 0, 12288, 11868, 248
2026/10/01 23:45:29.806, 0, 12288, 11868, 248
2026/10/01 23:45:30.013, 0, 12288, 11868, 248
2026/10/01 23:45:30.218, 0, 12288, 11868, 248
2026/10/01 23:45:30.425, 0, 12288, 11868, 248
2026/10/01 23:45:30.631, 0, 12288, 11868, 248
2026/10/01 23:45:30.837, 0, 12288, 11868, 248
2026/10/01 23:45:31.043, 0, 12288, 11868, 248
2026/10/01 23:45:31.249, 0, 12288, 11868, 248
2026/10/01 23:45:31.455, 0, 12288, 11868, 248
2026/10/01 23:45:31.662, 0, 12288, 11868, 248
2026/10/01 23:45:31.868, 0, 12288, 11868, 248
2026/10/01 23:45:32.073, 0, 12288, 11868, 248
2026/10/01 23:45:32.279, 0, 12288, 11868, 248
2026/10/01 23:45:32.486, 0, 12288, 11868, 248
2026/10/01 23:45:32.689, 0, 12288, 11868, 248
2026/10/01 23:45:32.895, 0, 12288, 11868, 248
2026/10/01 23:45:33.100, 0, 12288, 11868, 248
2026/10/01 23:45:33.306, 0, 12288, 11868, 248
2026/10/01 23:45:33.510, 0, 12288, 11868, 248
2026/10/01 23:45:33.716, 0, 12288, 11868, 248
2026/10/01 23:45:33.921, 0, 12288, 11868, 248
2026/10/01 23:45:34.126, 0, 12288, 11868, 248
2026/10/01 23:45:34.330, 0, 12288, 11868, 248
2026/10/01 23:45:34.535, 0, 12288, 11868, 248
2026/10/01 23:45:34.741, 0, 12288, 11868, 248
2026/10/01 23:45:34.948, 0, 12288, 11868, 248
2026/10/01 23:45:35.154, 0, 12288, 11868, 248
2026/10/01 23:45:35.360, 0, 12288, 11868, 248
2026/10/01 23:45:35.565, 0, 12288, 11868, 248
2026/10/01 23:45:35.771, 0, 12288, 11868, 248
2026/10/01 23:45:35.977, 0, 12288, 11868, 248
2026/10/01 23:45:36.182, 0, 12288, 11868, 248
2026/10/01 23:45:36.388, 0, 12288, 11868, 248
2026/10/01 23:45:36.594, 0, 12288, 11868, 248
2026/10/01 23:45:36.800, 0, 12288, 11868, 248
2026/10/01 23:45:37.008, 0, 12288, 11868, 248
2026/10/01 23:45:37.213, 0, 12288, 11868, 248
2026/10/01 23:45:37.421, 0, 12288, 11868, 248
2026/10/01 23:45:37.628, 0, 12288, 11868, 248
2026/10/01 23:45:37.834, 0, 12288, 11868, 248
2026/10/01 23:45:38.039, 0, 12288, 11868, 248
2026/10/01 23:45:38.244, 0, 12288, 11868, 248
2026/10/01 23:45:38.450, 0, 12288, 11868, 248
2026/10/01 23:45:38.657, 0, 12288, 11868, 248
2026/10/01 23:45:38.862, 0, 12288, 11868, 248
2026/10/01 23:45:39.067, 0, 12288, 11868, 248
2026/10/01 23:45:39.273, 0, 12288, 11868, 248
2026/10/01 23:45:39.479, 0, 12288, 11868, 248
2026/10/01 23:45:39.686, 0, 12288, 11868, 248
2026/10/01 23:45:39.893, 0, 12288, 11868, 248
2026/10/01 23:45:40.099, 0, 12288, 11868, 248
2026/10/01 23:45:40.304, 0, 12288, 11868, 248
2026/10/01 23:45:40.509, 0, 12288, 11868, 248
2026/10/01 23:45:40.716, 0, 12288, 11868, 248
2026/10/01 23:45:40.923, 0, 12288, 11868, 248
2026/10/01 23:45:41.128, 0, 12288, 11868, 248
2026/10/01 23:45:41.334, 0, 12288, 11868, 248
2026/10/01 23:45:41.540, 0, 12288, 11868, 248
2026/10/01 23:45:41.748, 0, 12288, 11868, 248
2026/10/01 23:45:41.955, 0, 12288, 11868, 248
2026/10/01 23:45:42.161, 0, 12288, 11868, 248
2026/10/01 23:45:42.368, 0, 12288, 11868, 248
2026/10/01 23:45:42.575, 0, 12288, 11868, 248
2026/10/01 23:45:42.782, 0, 12288, 11868, 248
2026/10/01 23:45:42.988, 0, 12288, 11868, 248
2026/10/01 23:45:43.192, 0, 12288, 11868, 248
2026/10/01 23:45:43.398, 0, 12288, 11868, 248
2026/10/01 23:45:43.605, 0, 12288, 11868, 248
2026/10/01 23:45:43.810, 0, 12288, 11868, 248
2026/10/01 23:45:44.016, 0, 12288, 11868, 248
2026/10/01 23:45:44.222, 0, 12288, 11868, 248
2026/10/01 23:45:44.427, 0, 12288, 11868, 248
2026/10/01 23:45:44.634, 0, 12288, 11868, 248
2026/10/01 23:45:44.840, 0, 12288, 11868, 248
2026/10/01 23:45:45.045, 0, 12288, 11868, 248
2026/10/01 23:45:45.252, 0, 12288, 11868, 248
2026/10/01 23:45:45.458, 0, 12288, 11868, 248
2026/10/01 23:45:45.665, 0, 12288, 11868, 248
2026/10/01 23:45:45.871, 0, 12288, 11868, 248
2026/10/01 23:45:46.077, 0, 12288, 11868, 248
2026/10/01 23:45:46.283, 0, 12288, 11868, 248
2026/10/01 23:45:46.490, 0, 12288, 11868, 248
2026/10/01 23:45:46.695, 0, 12288, 11868, 248
2026/10/01 23:45:46.902, 0, 12288, 11868, 248
2026/10/01 23:45:47.109, 0, 12288, 11868, 248
2026/10/01 23:45:47.314, 0, 12288, 11868, 248
2026/10/01 23:45:47.520, 0, 12288, 11868, 248
2026/10/01 23:45:47.726, 0, 12288, 11868, 248
2026/10/01 23:45:47.933, 0, 12288, 11868, 248
2026/10/01 23:45:48.140, 0, 12288, 11868, 248
2026/10/01 23:45:48.344, 0, 12288, 11868, 248
2026/10/01 23:45:48.551, 0, 12288, 11868, 248
2026/10/01 23:45:48.755, 0, 12288, 11868, 248
2026/10/01 23:45:48.959, 0, 12288, 11868, 248
2026/10/01 23:45:49.165, 0, 12288, 11868, 248
2026/10/01 23:45:49.371, 0, 12288, 11868, 248
2026/10/01 23:45:49.574, 0, 12288, 11868, 248
2026/10/01 23:45:49.780, 0, 12288, 11868, 248
2026/10/01 23:45:49.985, 0, 12288, 11868, 248
2026/10/01 23:45:50.189, 0, 12288, 11868, 248
2026/10/01 23:45:50.395, 0, 12288, 11868, 248
2026/10/01 23:45:50.602, 0, 12288, 11868, 248
2026/10/01 23:45:50.808, 0, 12288, 11868, 248
2026/10/01 23:45:51.015, 0, 12288, 11868, 248
2026/10/01 23:45:51.220, 0, 12288, 11868, 248
2026/10/01 23:45:51.423, 0, 12288, 11868, 248
2026/10/01 23:45:51.630, 0, 12288, 11868, 248
2026/10/01 23:45:51.838, 0, 12288, 11868, 248
2026/10/01 23:45:52.044, 0, 12288, 11868, 248
2026/10/01 23:45:52.251, 0, 12288, 11868, 248
2026/10/01 23:45:52.457, 0, 12288, 11868, 248
2026/10/01 23:45:52.663, 0, 12288, 11868, 248
2026/10/01 23:45:52.865, 0, 12288, 11868, 248
2026/10/01 23:45:53.071, 0, 12288, 11868, 248
2026/10/01 23:45:53.278, 0, 12288, 11868, 248
2026/10/01 23:45:53.485, 0, 12288, 11868, 248
2026/10/01 23:45:53.691, 0, 12288, 11868, 248
2026/10/01 23:45:53.896, 0, 12288, 11868, 248
2026/10/01 23:45:54.102, 0, 12288, 11868, 248
2026/10/01 23:45:54.308, 0, 12288, 11868, 248
2026/10/01 23:45:54.514, 0, 12288, 11868, 248
2026/10/01 23:45:54.721, 0, 12288, 11868, 248
2026/10/01 23:45:54.928, 0, 12288, 11868, 248
2026/10/01 23:45:55.133, 0, 12288, 11868, 248
2026/10/01 23:45:55.337, 0, 12288, 11868, 248
2026/10/01 23:45:55.544, 0, 12288, 11868, 248
2026/10/01 23:45:55.750, 0, 12288, 11868, 248
2026/10/01 23:45:55.956, 0, 12288, 11868, 248
2026/10/01 23:45:56.163, 0, 12288, 11868, 248
2026/10/01 23:45:56.369, 0, 12288, 11868, 248
2026/10/01 23:45:56.575, 0, 12288, 11868, 248
2026/10/01 23:45:56.781, 0, 12288, 11868, 248
2026/10/01 23:45:56.987, 0, 12288, 11868, 248
2026/10/01 23:45:57.191, 0, 12288, 11868, 248
2026/10/01 23:45:57.398, 0, 12288, 11868, 248
2026/10/01 23:45:57.603, 0, 12288, 11868, 248
2026/10/01 23:45:57.807, 0, 12288, 11868, 248
2026/10/01 23:45:58.013, 0, 12288, 11868, 248
2026/10/01 23:45:58.219, 0, 12288, 11868, 248
2026/10/01 23:45:58.426, 0, 12288, 11868, 248
2026/10/01 23:45:58.631, 0, 12288, 11868, 248
2026/10/01 23:45:58.838, 0, 12288, 11868, 248
2026/10/01 23:45:59.043, 0, 12288, 11868, 248
2026/10/01 23:45:59.250, 0, 12288, 11868, 248
2026/10/01 23:45:59.456, 0, 12288, 11868, 248
2026/10/01 23:45:59.663, 0, 12288, 11868, 248
2026/10/01 23:45:59.869, 0, 12288, 11868, 248
2026/10/01 23:46:00.075, 0, 12288, 11868, 248
2026/10/01 23:46:00.281, 0, 12288, 11868, 248
2026/10/01 23:46:00.488, 0, 12288, 11868, 248
2026/10/01 23:46:00.694, 0, 12288, 11868, 248
2026/10/01 23:46:00.901, 0, 12288, 11868, 248
2026/10/01 23:46:01.107, 0, 12288, 11868, 248
2026/10/01 23:46:01.313, 0, 12288, 11868, 248
2026/10/01 23:46:01.519, 0, 12288, 11868, 248
2026/10/01 23:46:01.723, 0, 12288, 11868, 248
2026/10/01 23:46:01.929, 0, 12288, 11868, 248
2026/10/01 23:46:02.136, 0, 12288, 11868, 248
2026/10/01 23:46:02.343, 0, 12288, 11868, 248
2026/10/01 23:46:02.548, 0, 12288, 11868, 248
2026/10/01 23:46:02.754, 0, 12288, 11868, 248
2026/10/01 23:46:02.959, 0, 12288, 11868, 248
2026/10/01 23:46:03.166, 0, 12288, 11868, 248
2026/10/01 23:46:03.372, 0, 12288, 11868, 248
2026/10/01 23:46:03.579, 0, 12288, 11868, 248
2026/10/01 23:46:03.785, 0, 12288, 11868, 248
2026/10/01 23:46:03.991, 0, 12288, 11868, 248
2026/10/01 23:46:04.197, 0, 12288, 11868, 248
2026/10/01 23:46:04.404, 0, 12288, 11868, 248
2026/10/01 23:46:04.606, 0, 12288, 11868, 248
2026/10/01 23:46:04.812, 0, 12288, 11868, 248
2026/10/01 23:46:05.019, 0, 12288, 11868, 248
2026/10/01 23:46:05.225, 0, 12288, 11868, 248
2026/10/01 23:46:05.432, 0, 12288, 11868, 248
2026/10/01 23:46:05.639, 0, 12288, 11868, 248
2026/10/01 23:46:05.845, 0, 12288, 11868, 248
2026/10/01 23:46:06.052, 0, 12288, 11868, 248
2026/10/01 23:46:06.259, 0, 12288, 11868, 248
2026/10/01 23:46:06.466, 0, 12288, 11868, 248
2026/10/01 23:46:06.671, 0, 12288, 11868, 248
2026/10/01 23:46:06.879, 0, 12288, 11868, 248
2026/10/01 23:46:07.084, 0, 12288, 11868, 248
2026/10/01 23:46:07.289, 0, 12288, 11868, 248
2026/10/01 23:46:07.496, 0, 12288, 11868, 248
2026/10/01 23:46:07.702, 0, 12288, 11868, 248
2026/10/01 23:46:07.908, 0, 12288, 11868, 248
2026/10/01 23:46:08.114, 0, 12288, 11868, 248
2026/10/01 23:46:08.321, 0, 12288, 11868, 248
2026/10/01 23:46:08.527, 0, 12288, 11868, 248
2026/10/01 23:46:08.733, 0, 12288, 11868, 248
2026/10/01 23:46:08.939, 0, 12288, 11868, 248
2026/10/01 23:46:09.143, 0, 12288, 11868, 248
2026/10/01 23:46:09.350, 0, 12288, 11868, 248
2026/10/01 23:46:09.558, 0, 12288, 11868, 248
2026/10/01 23:46:09.764, 0, 12288, 11868, 248
2026/10/01 23:46:09.970, 0, 12288, 11868, 248
2026/10/01 23:46:10.175, 0, 12288, 11868, 248
2026/10/01 23:46:10.380, 0, 12288, 11868, 248
2026/10/01 23:46:10.586, 0, 12288, 11868, 248
2026/10/01 23:46:10.791, 0, 12288, 11868, 248
2026/10/01 23:46:10.997, 0, 12288, 11868, 248
2026/10/01 23:46:11.204, 0, 12288, 11868, 248
2026/10/01 23:46:11.411, 0, 12288, 11868, 248
2026/10/01 23:46:11.618, 0, 12288, 11868, 248
2026/10/01 23:46:11.824, 0, 12288, 11868, 248
2026/10/01 23:46:12.030, 0, 12288, 11868, 248
2026/10/01 23:46:12.235, 0, 12288, 11868, 248
2026/10/01 23:46:12.442, 0, 12288, 11868, 248
2026/10/01 23:46:12.648, 0, 12288, 11868, 248
2026/10/01 23:46:12.853, 0, 12288, 11868, 248
2026/10/01 23:46:13.059, 0, 12288, 11868, 248
2026/10/01 23:46:13.265, 0, 12288, 11868, 248
2026/10/01 23:46:13.471, 0, 12288, 11868, 248
2026/10/01 23:46:13.678, 0, 12288, 11868, 248
2026/10/01 23:46:13.885, 0, 12288, 11868, 248
2026/10/01 23:46:14.090, 0, 12288, 11868, 248
2026/10/01 23:46:14.294, 0, 12288, 11868, 248
2026/10/01 23:46:14.501, 0, 12288, 11868, 248
2026/10/01 23:46:14.706, 0, 12288, 11868, 248
2026/10/01 23:46:14.912, 0, 12288, 11868, 248
2026/10/01 23:46:15.118, 0, 12288, 11868, 248
2026/10/01 23:46:15.323, 0, 12288, 11868, 248
2026/10/01 23:46:15.530, 0, 12288, 11868, 248
2026/10/01 23:46:15.737, 0, 12288, 11868, 248
2026/10/01 23:46:15.944, 0, 12288, 11868, 248
2026/10/01 23:46:16.149, 0, 12288, 11868, 248
2026/10/01 23:46:16.355, 0, 12288, 11868, 248
2026/10/01 23:46:16.562, 0, 12288, 11868, 248
2026/10/01 23:46:16.764, 0, 12288, 11868, 248
2026/10/01 23:46:16.971, 0, 12288, 11868, 248
2026/10/01 23:46:17.178, 0, 12288, 11868, 248
2026/10/01 23:46:17.384, 0, 12288, 11868, 248
2026/10/01 23:46:17.590, 0, 12288, 11868, 248
2026/10/01 23:46:17.797, 0, 12288, 11868, 248
2026/10/01 23:46:18.004, 0, 12288, 11868, 248
2026/10/01 23:46:18.210, 0, 12288, 11868, 248
2026/10/01 23:46:18.417, 0, 12288, 11868, 248
2026/10/01 23:46:18.623, 0, 12288, 11868, 248
2026/10/01 23:46:18.828, 0, 12288, 11868, 248
2026/10/01 23:46:19.035, 0, 12288, 11868, 248
2026/10/01 23:46:19.240, 0, 12288, 11868, 248
2026/10/01 23:46:19.446, 0, 12288, 11868, 248
2026/10/01 23:46:19.653, 0, 12288, 11868, 248
2026/10/01 23:46:19.858, 0, 12288, 11868, 248
2026/10/01 23:46:20.064, 0, 12288, 11868, 248
2026/10/01 23:46:20.269, 0, 12288, 11868, 248
2026/10/01 23:46:20.476, 0, 12288, 11868, 248
2026/10/01 23:46:20.682, 0, 12288, 11868, 248
2026/10/01 23:46:20.888, 0, 12288, 11868, 248
2026/10/01 23:46:21.094, 0, 12288, 11868, 248
2026/10/01 23:46:21.300, 0, 12288, 11868, 248
2026/10/01 23:46:21.507, 0, 12288, 11868, 248
2026/10/01 23:46:21.713, 0, 12288, 11868, 248
2026/10/01 23:46:21.919, 0, 12288, 11868, 248
2026/10/01 23:46:22.125, 0, 12288, 11868, 248
2026/10/01 23:46:22.330, 0, 12288, 11868, 248
2026/10/01 23:46:22.536, 0, 12288, 11868, 248
2026/10/01 23:46:22.743, 0, 12288, 11868, 248
2026/10/01 23:46:22.950, 0, 12288, 11868, 248
2026/10/01 23:46:23.156, 0, 12288, 11868, 248
2026/10/01 23:46:23.362, 0, 12288, 11868, 248
2026/10/01 23:46:23.568, 0, 12288, 11868, 248
2026/10/01 23:46:23.774, 0, 12288, 11868, 248
2026/10/01 23:46:23.980, 0, 12288, 11868, 248
2026/10/01 23:46:24.187, 0, 12288, 11868, 248
2026/10/01 23:46:24.393, 0, 12288, 11868, 248
2026/10/01 23:46:24.597, 0, 12288, 11868, 248
2026/10/01 23:46:24.803, 0, 12288, 11868, 248
2026/10/01 23:46:25.008, 0, 12288, 11868, 248
2026/10/01 23:46:25.214, 0, 12288, 11868, 248
2026/10/01 23:46:25.419, 0, 12288, 11868, 248
2026/10/01 23:46:25.624, 0, 12288, 11868, 248
2026/10/01 23:46:25.830, 0, 12288, 11868, 248
2026/10/01 23:46:26.036, 0, 12288, 11868, 248
2026/10/01 23:46:26.243, 0, 12288, 11868, 248
2026/10/01 23:46:26.450, 0, 12288, 11868, 248
2026/10/01 23:46:26.655, 0, 12288, 11868, 248
2026/10/01 23:46:26.861, 0, 12288, 11868, 248
2026/10/01 23:46:27.068, 0, 12288, 11868, 248
2026/10/01 23:46:27.274, 0, 12288, 11868, 248
2026/10/01 23:46:27.483, 0, 12288, 11868, 248
2026/10/01 23:46:27.688, 0, 12288, 11868, 248
2026/10/01 23:46:27.892, 0, 12288, 11868, 248
2026/10/01 23:46:28.097, 0, 12288, 11868, 248
2026/10/01 23:46:28.304, 0, 12288, 11868, 248
2026/10/01 23:46:28.507, 0, 12288, 11868, 248
2026/10/01 23:46:28.713, 0, 12288, 11868, 248
2026/10/01 23:46:28.918, 0, 12288, 11868, 248
2026/10/01 23:46:29.124, 0, 12288, 11868, 248
2026/10/01 23:46:29.330, 0, 12288, 11868, 248
2026/10/01 23:46:29.535, 0, 12288, 11868, 248
2026/10/01 23:46:29.741, 0, 12288, 11868, 248
2026/10/01 23:46:29.946, 0, 12288, 11868, 248
2026/10/01 23:46:30.154, 0, 12288, 11868, 248
2026/10/01 23:46:30.360, 0, 12288, 11868, 248
2026/10/01 23:46:30.566, 0, 12288, 11868, 248
2026/10/01 23:46:30.772, 0, 12288, 11868, 248
2026/10/01 23:46:30.977, 0, 12288, 11868, 248
2026/10/01 23:46:31.185, 0, 12288, 11868, 248
2026/10/01 23:46:31.390, 0, 12288, 11868, 248
2026/10/01 23:46:31.597, 0, 12288, 11868, 248
2026/10/01 23:46:31.802, 0, 12288, 11868, 248
2026/10/01 23:46:32.008, 0, 12288, 11868, 248
2026/10/01 23:46:32.214, 0, 12288, 11868, 248
2026/10/01 23:46:32.419, 0, 12288, 11868, 248
2026/10/01 23:46:32.626, 0, 12288, 11868, 248
2026/10/01 23:46:32.831, 0, 12288, 11868, 248
2026/10/01 23:46:33.038, 0, 12288, 11868, 248
2026/10/01 23:46:33.246, 0, 12288, 11868, 248
2026/10/01 23:46:33.450, 0, 12288, 11868, 248
2026/10/01 23:46:33.656, 0, 12288, 11868, 248
2026/10/01 23:46:33.864, 0, 12288, 11868, 248
2026/10/01 23:46:34.069, 0, 12288, 11868, 248
2026/10/01 23:46:34.274, 0, 12288, 11868, 248
2026/10/01 23:46:34.480, 0, 12288, 11868, 248
2026/10/01 23:46:34.687, 0, 12288, 11868, 248
2026/10/01 23:46:34.893, 0, 12288, 11868, 248
2026/10/01 23:46:35.099, 0, 12288, 11868, 248
2026/10/01 23:46:35.304, 0, 12288, 11868, 248
2026/10/01 23:46:35.511, 0, 12288, 11868, 248
2026/10/01 23:46:35.716, 0, 12288, 11868, 248
2026/10/01 23:46:35.922, 0, 12288, 11868, 248
2026/10/01 23:46:36.127, 0, 12288, 11868, 248
2026/10/01 23:46:36.335, 0, 12288, 11868, 248
2026/10/01 23:46:36.542, 0, 12288, 11868, 248
2026/10/01 23:46:36.747, 0, 12288, 11868, 248
2026/10/01 23:46:36.952, 0, 12288, 11868, 248
2026/10/01 23:46:37.158, 0, 12288, 11868, 248
2026/10/01 23:46:37.364, 0, 12288, 11868, 248
2026/10/01 23:46:37.570, 0, 12288, 11868, 248
2026/10/01 23:46:37.777, 0, 12288, 11868, 248
2026/10/01 23:46:37.982, 0, 12288, 11868, 248
2026/10/01 23:46:38.189, 0, 12288, 11868, 248
2026/10/01 23:46:38.393, 0, 12288, 11868, 248
2026/10/01 23:46:38.598, 0, 12288, 11868, 248
2026/10/01 23:46:38.805, 0, 12288, 11868, 248
2026/10/01 23:46:39.010, 0, 12288, 11868, 248
2026/10/01 23:46:39.217, 0, 12288, 11868, 248
2026/10/01 23:46:39.422, 0, 12288, 11868, 248
2026/10/01 23:46:39.629, 0, 12288, 11868, 248
2026/10/01 23:46:39.836, 0, 12288, 11868, 248
2026/10/01 23:46:40.040, 0, 12288, 11868, 248
2026/10/01 23:46:40.245, 0, 12288, 11868, 248
2026/10/01 23:46:40.452, 0, 12288, 11868, 248
2026/10/01 23:46:40.658, 0, 12288, 11868, 248
2026/10/01 23:46:40.864, 0, 12288, 11868, 248
2026/10/01 23:46:41.069, 0, 12288, 11868, 248
2026/10/01 23:46:41.277, 0, 12288, 11868, 248
2026/10/01 23:46:41.482, 0, 12288, 11868, 248
2026/10/01 23:46:41.687, 0, 12288, 11868, 248
2026/10/01 23:46:41.893, 0, 12288, 11868, 248
2026/10/01 23:46:42.100, 0, 12288, 11868, 248
2026/10/01 23:46:42.307, 0, 12288, 11868, 248
2026/10/01 23:46:42.511, 0, 12288, 11868, 248
2026/10/01 23:46:42.717, 0, 12288, 11868, 248
2026/10/01 23:46:42.923, 0, 12288, 11868, 248
2026/10/01 23:46:43.129, 0, 12288, 11868, 248
2026/10/01 23:46:43.335, 0, 12288, 11868, 248
2026/10/01 23:46:43.541, 0, 12288, 11868, 248
2026/10/01 23:46:43.747, 0, 12288, 11868, 248
2026/10/01 23:46:43.956, 0, 12288, 11868, 248
2026/10/01 23:46:44.161, 0, 12288, 11868, 248
2026/10/01 23:46:44.368, 0, 12288, 11868, 248
2026/10/01 23:46:44.575, 0, 12288, 11868, 248
2026/10/01 23:46:44.781, 0, 12288, 11868, 248
2026/10/01 23:46:44.986, 0, 12288, 11868, 248
2026/10/01 23:46:45.192, 0, 12288, 11868, 248
2026/10/01 23:46:45.396, 0, 12288, 11868, 248
2026/10/01 23:46:45.602, 0, 12288, 11868, 248
2026/10/01 23:46:45.809, 0, 12288, 11868, 248
2026/10/01 23:46:46.013, 0, 12288, 11868, 248
2026/10/01 23:46:46.217, 0, 12288, 11868, 248
2026/10/01 23:46:46.422, 0, 12288, 11868, 248
2026/10/01 23:46:46.629, 0, 12288, 11868, 248
2026/10/01 23:46:46.836, 0, 12288, 11868, 248
2026/10/01 23:46:47.042, 0, 12288, 11868, 248
2026/10/01 23:46:47.248, 0, 12288, 11868, 248
2026/10/01 23:46:47.453, 0, 12288, 11868, 248
2026/10/01 23:46:47.660, 0, 12288, 11868, 248
2026/10/01 23:46:47.866, 0, 12288, 11868, 248
2026/10/01 23:46:48.072, 0, 12288, 11868, 248
2026/10/01 23:46:48.278, 0, 12288, 11868, 248
2026/10/01 23:46:48.485, 0, 12288, 11868, 248
2026/10/01 23:46:48.690, 0, 12288, 11868, 248
2026/10/01 23:46:48.895, 0, 12288, 11868, 248
2026/10/01 23:46:49.101, 0, 12288, 11868, 248
2026/10/01 23:46:49.307, 0, 12288, 11868, 248
2026/10/01 23:46:49.514, 0, 12288, 11868, 248
2026/10/01 23:46:49.721, 0, 12288, 11868, 248
2026/10/01 23:46:49.929, 0, 12288, 11868, 248
2026/10/01 23:46:50.134, 0, 12288, 11868, 248
2026/10/01 23:46:50.340, 0, 12288, 11868, 248
2026/10/01 23:46:50.547, 0, 12288, 11868, 248
2026/10/01 23:46:50.754, 0, 12288, 11868, 248
2026/10/01 23:46:50.961, 0, 12288, 11868, 248
2026/10/01 23:46:51.167, 0, 12288, 11868, 248
2026/10/01 23:46:51.372, 0, 12288, 11868, 248
2026/10/01 23:46:51.578, 0, 12288, 11868, 248
2026/10/01 23:46:51.785, 0, 12288, 11868, 248
2026/10/01 23:46:51.993, 0, 12288, 11868, 248
2026/10/01 23:46:52.199, 0, 12288, 11868, 248
2026/10/01 23:46:52.406, 0, 12288, 11868, 248
2026/10/01 23:46:52.611, 0, 12288, 11868, 248
2026/10/01 23:46:52.817, 0, 12288, 11868, 248
2026/10/01 23:46:53.022, 0, 12288, 11868, 248
2026/10/01 23:46:53.230, 0, 12288, 11868, 248
2026/10/01 23:46:53.436, 0, 12288, 11868, 248
2026/10/01 23:46:53.641, 0, 12288, 11868, 248
2026/10/01 23:46:53.845, 0, 12288, 11868, 248
2026/10/01 23:46:54.052, 0, 12288, 11868, 248
2026/10/01 23:46:54.259, 0, 12288, 11868, 248
2026/10/01 23:46:54.465, 0, 12288, 11868, 248
2026/10/01 23:46:54.671, 0, 12288, 11868, 248
2026/10/01 23:46:54.877, 0, 12288, 11868, 248
2026/10/01 23:46:55.082, 0, 12288, 11868, 248
2026/10/01 23:46:55.289, 0, 12288, 11868, 248
2026/10/01 23:46:55.494, 0, 12288, 11868, 248
2026/10/01 23:46:55.700, 0, 12288, 11868, 248
2026/10/01 23:46:55.907, 0, 12288, 11868, 248
2026/10/01 23:46:56.113, 0, 12288, 11868, 248
2026/10/01 23:46:56.318, 0, 12288, 11868, 248
2026/10/01 23:46:56.525, 0, 12288, 11868, 248
2026/10/01 23:46:56.731, 0, 12288, 11868, 248
2026/10/01 23:46:56.937, 0, 12288, 11868, 248
2026/10/01 23:46:57.143, 0, 12288, 11868, 248
2026/10/01 23:46:57.348, 0, 12288, 11868, 248
2026/10/01 23:46:57.554, 0, 12288, 11868, 248
2026/10/01 23:46:57.760, 0, 12288, 11868, 248
2026/10/01 23:46:57.967, 0, 12288, 11868, 248
2026/10/01 23:46:58.173, 0, 12288, 11868, 248
2026/10/01 23:46:58.378, 0, 12288, 11868, 248
2026/10/01 23:46:58.585, 0, 12288, 11868, 248
2026/10/01 23:46:58.792, 0, 12288, 11868, 248
2026/10/01 23:46:58.997, 0, 12288, 11868, 248
2026/10/01 23:46:59.202, 0, 12288, 11868, 248
2026/10/01 23:46:59.409, 0, 12288, 11868, 248
2026/10/01 23:46:59.614, 0, 12288, 11868, 248
2026/10/01 23:46:59.820, 0, 12288, 11868, 248
2026/10/01 23:47:00.692, 0, 12288, 11868, 248
2026/10/01 23:47:00.898, 0, 12288, 11868, 248
2026/10/01 23:47:01.103, 0, 12288, 11868, 248
2026/10/01 23:47:01.309, 0, 12288, 11868, 248
2026/10/01 23:47:01.516, 0, 12288, 11868, 248
2026/10/01 23:47:01.721, 0, 12288, 11868, 248
2026/10/01 23:47:01.928, 0, 12288, 11868, 248
2026/10/01 23:47:02.134, 0, 12288, 11868, 248
2026/10/01 23:47:02.339, 0, 12288, 11868, 248
2026/10/01 23:47:02.546, 0, 12288, 11868, 248
2026/10/01 23:47:02.751, 0, 12288, 11868, 248
2026/10/01 23:47:02.956, 0, 12288, 11868, 248
2026/10/01 23:47:03.163, 0, 12288, 11868, 248
2026/10/01 23:47:03.368, 0, 12288, 11868, 248
2026/10/01 23:47:03.575, 0, 12288, 11868, 248
2026/10/01 23:47:03.782, 0, 12288, 11868, 248
2026/10/01 23:47:03.988, 0, 12288, 11868, 248
2026/10/01 23:47:04.194, 0, 12288, 11868, 248
2026/10/01 23:47:04.402, 0, 12288, 11868, 248
2026/10/01 23:47:04.609, 0, 12288, 11868, 248
2026/10/01 23:47:04.814, 0, 12288, 11868, 248
2026/10/01 23:47:05.019, 0, 12288, 11868, 248
2026/10/01 23:47:05.224, 0, 12288, 11868, 248
2026/10/01 23:47:05.430, 0, 12288, 11868, 248
2026/10/01 23:47:05.635, 0, 12288, 11868, 248
2026/10/01 23:47:05.839, 0, 12288, 11868, 248
2026/10/01 23:47:06.046, 0, 12288, 11868, 248
2026/10/01 23:47:06.251, 0, 12288, 11868, 248
2026/10/01 23:47:06.458, 0, 12288, 11868, 248
2026/10/01 23:47:06.664, 0, 12288, 11868, 248
2026/10/01 23:47:06.871, 0, 12288, 11868, 248
2026/10/01 23:47:07.076, 0, 12288, 11868, 248
2026/10/01 23:47:07.281, 0, 12288, 11868, 248
2026/10/01 23:47:07.487, 0, 12288, 11868, 248
2026/10/01 23:47:07.694, 0, 12288, 11868, 248
2026/10/01 23:47:07.900, 0, 12288, 11868, 248
2026/10/01 23:47:08.106, 0, 12288, 11868, 248
2026/10/01 23:47:08.313, 0, 12288, 11868, 248
2026/10/01 23:47:08.517, 0, 12288, 11868, 248
2026/10/01 23:47:08.723, 0, 12288, 11868, 248
2026/10/01 23:47:08.929, 0, 12288, 11868, 248
2026/10/01 23:47:09.135, 0, 12288, 11868, 248
2026/10/01 23:47:09.341, 0, 12288, 11868, 248
2026/10/01 23:47:09.545, 0, 12288, 11868, 248
2026/10/01 23:47:09.752, 0, 12288, 11868, 248
2026/10/01 23:47:09.959, 0, 12288, 11868, 248
2026/10/01 23:47:10.164, 0, 12288, 11868, 248
2026/10/01 23:47:10.371, 0, 12288, 11868, 248
2026/10/01 23:47:10.577, 0, 12288, 11868, 248
2026/10/01 23:47:10.783, 0, 12288, 11868, 248
2026/10/01 23:47:10.989, 0, 12288, 11868, 248
2026/10/01 23:47:11.195, 0, 12288, 11868, 248
2026/10/01 23:47:11.401, 0, 12288, 11868, 248
2026/10/01 23:47:11.609, 0, 12288, 11868, 248
2026/10/01 23:47:11.815, 0, 12288, 11868, 248
2026/10/01 23:47:12.021, 0, 12288, 11868, 248
2026/10/01 23:47:12.227, 0, 12288, 11868, 248
2026/10/01 23:47:12.432, 0, 12288, 11868, 248
2026/10/01 23:47:12.638, 0, 12288, 11868, 248
2026/10/01 23:47:12.844, 0, 12288, 11868, 248
2026/10/01 23:47:13.049, 0, 12288, 11868, 248
2026/10/01 23:47:13.255, 0, 12288, 11868, 248
2026/10/01 23:47:13.462, 0, 12288, 11868, 248
2026/10/01 23:47:13.668, 0, 12288, 11868, 248
2026/10/01 23:47:13.873, 0, 12288, 11868, 248
2026/10/01 23:47:14.081, 0, 12288, 11868, 248
2026/10/01 23:47:14.286, 0, 12288, 11868, 248
2026/10/01 23:47:14.490, 0, 12288, 11868, 248
2026/10/01 23:47:14.697, 0, 12288, 11868, 248
2026/10/01 23:47:14.903, 0, 12288, 11868, 248
2026/10/01 23:47:15.110, 0, 12288, 11868, 248
2026/10/01 23:47:15.316, 0, 12288, 11868, 248
2026/10/01 23:47:15.524, 0, 12288, 11868, 248
2026/10/01 23:47:15.730, 0, 12288, 11868, 248
2026/10/01 23:47:15.937, 0, 12288, 11868, 248
2026/10/01 23:47:16.144, 0, 12288, 11868, 248
2026/10/01 23:47:16.349, 0, 12288, 11868, 248
2026/10/01 23:47:16.554, 0, 12288, 11868, 248
2026/10/01 23:47:16.760, 0, 12288, 11868, 248
2026/10/01 23:47:16.966, 0, 12288, 11868, 248
2026/10/01 23:47:17.171, 0, 12288, 11868, 248
2026/10/01 23:47:17.377, 0, 12288, 11868, 248
2026/10/01 23:47:17.585, 0, 12288, 11868, 248
2026/10/01 23:47:17.790, 0, 12288, 11868, 248
2026/10/01 23:47:17.997, 0, 12288, 11868, 248
2026/10/01 23:47:18.202, 0, 12288, 11868, 248
2026/10/01 23:47:18.409, 0, 12288, 11868, 248
2026/10/01 23:47:18.613, 0, 12288, 11868, 248
2026/10/01 23:47:18.820, 0, 12288, 11868, 248
2026/10/01 23:47:19.024, 0, 12288, 11868, 248
2026/10/01 23:47:19.229, 0, 12288, 11868, 248
2026/10/01 23:47:19.434, 0, 12288, 11868, 248
2026/10/01 23:47:19.640, 0, 12288, 11868, 248
2026/10/01 23:47:19.848, 0, 12288, 11868, 248
2026/10/01 23:47:20.054, 0, 12288, 11868, 248
2026/10/01 23:47:20.261, 0, 12288, 11868, 248
2026/10/01 23:47:20.468, 0, 12288, 11868, 248
2026/10/01 23:47:20.674, 0, 12288, 11868, 248
2026/10/01 23:47:20.881, 0, 12288, 11868, 248
2026/10/01 23:47:21.088, 0, 12288, 11868, 248
2026/10/01 23:47:21.292, 0, 12288, 11868, 248
2026/10/01 23:47:21.498, 0, 12288, 11868, 248
2026/10/01 23:47:21.704, 0, 12288, 11868, 248
2026/10/01 23:47:21.910, 0, 12288, 11868, 248
2026/10/01 23:47:22.116, 0, 12288, 11868, 248
2026/10/01 23:47:22.322, 0, 12288, 11868, 248
2026/10/01 23:47:22.529, 0, 12288, 11868, 248
2026/10/01 23:47:22.734, 0, 12288, 11868, 248
2026/10/01 23:47:22.941, 0, 12288, 11868, 248
2026/10/01 23:47:23.145, 0, 12288, 11868, 248
2026/10/01 23:47:23.350, 0, 12288, 11868, 248
2026/10/01 23:47:23.556, 0, 12288, 11868, 248
2026/10/01 23:47:23.762, 0, 12288, 11868, 248
2026/10/01 23:47:23.966, 0, 12288, 11868, 248
2026/10/01 23:47:24.172, 0, 12288, 11868, 248
2026/10/01 23:47:24.378, 0, 12288, 11868, 248
2026/10/01 23:47:24.585, 0, 12288, 11868, 248
2026/10/01 23:47:24.790, 0, 12288, 11868, 248
2026/10/01 23:47:24.997, 0, 12288, 11868, 248
2026/10/01 23:47:25.203, 0, 12288, 11868, 248
2026/10/01 23:47:25.409, 0, 12288, 11868, 248
2026/10/01 23:47:25.616, 0, 12288, 11868, 248
2026/10/01 23:47:25.821, 0, 12288, 11868, 248
2026/10/01 23:47:26.027, 0, 12288, 11868, 248
2026/10/01 23:47:26.234, 0, 12288, 11868, 248
2026/10/01 23:47:26.440, 0, 12288, 11868, 248
2026/10/01 23:47:26.647, 0, 12288, 11868, 248
2026/10/01 23:47:26.852, 0, 12288, 11868, 248
2026/10/01 23:47:27.057, 0, 12288, 11868, 248
2026/10/01 23:47:27.263, 0, 12288, 11868, 248
2026/10/01 23:47:27.468, 0, 12288, 11868, 248
2026/10/01 23:47:27.674, 0, 12288, 11868, 248
2026/10/01 23:47:27.879, 0, 12288, 11868, 248
2026/10/01 23:47:28.086, 0, 12288, 11868, 248
2026/10/01 23:47:28.293, 0, 12288, 11868, 248
2026/10/01 23:47:28.499, 0, 12288, 11868, 248
2026/10/01 23:47:28.706, 0, 12288, 11868, 248
2026/10/01 23:47:28.910, 0, 12288, 11868, 248
2026/10/01 23:47:29.116, 0, 12288, 11868, 248
2026/10/01 23:47:29.321, 0, 12288, 11868, 248
2026/10/01 23:47:29.528, 0, 12288, 11868, 248
2026/10/01 23:47:29.734, 0, 12288, 11868, 248
2026/10/01 23:47:29.940, 0, 12288, 11868, 248
2026/10/01 23:47:30.146, 0, 12288, 11868, 248
2026/10/01 23:47:30.351, 0, 12288, 11868, 248
2026/10/01 23:47:30.558, 0, 12288, 11868, 248
2026/10/01 23:47:30.766, 0, 12288, 11868, 248
2026/10/01 23:47:30.973, 0, 12288, 11868, 248
2026/10/01 23:47:31.178, 0, 12288, 11868, 248
2026/10/01 23:47:31.385, 0, 12288, 11868, 248
2026/10/01 23:47:31.592, 0, 12288, 11868, 248
2026/10/01 23:47:31.796, 0, 12288, 11868, 248
2026/10/01 23:47:32.000, 0, 12288, 11868, 248
2026/10/01 23:47:32.204, 0, 12288, 11868, 248
2026/10/01 23:47:32.410, 0, 12288, 11868, 248
2026/10/01 23:47:32.615, 0, 12288, 11868, 248
2026/10/01 23:47:32.820, 0, 12288, 11868, 248
2026/10/01 23:47:33.025, 0, 12288, 11868, 248
2026/10/01 23:47:33.232, 0, 12288, 11868, 248
2026/10/01 23:47:33.436, 0, 12288, 11868, 248
2026/10/01 23:47:33.642, 0, 12288, 11868, 248
2026/10/01 23:47:33.847, 0, 12288, 11868, 248
2026/10/01 23:47:34.054, 0, 12288, 11868, 248
2026/10/01 23:47:34.260, 0, 12288, 11868, 248
2026/10/01 23:47:34.467, 0, 12288, 11868, 248
2026/10/01 23:47:34.674, 0, 12288, 11868, 248
2026/10/01 23:47:34.881, 0, 12288, 11868, 248
2026/10/01 23:47:35.087, 0, 12288, 11868, 248
2026/10/01 23:47:35.293, 0, 12288, 11868, 248
2026/10/01 23:47:35.496, 0, 12288, 11868, 248
2026/10/01 23:47:35.703, 0, 12288, 11868, 248
2026/10/01 23:47:35.909, 0, 12288, 11868, 248
2026/10/01 23:47:36.115, 0, 12288, 11868, 248
2026/10/01 23:47:36.322, 0, 12288, 11868, 248
2026/10/01 23:47:36.528, 0, 12288, 11868, 248
2026/10/01 23:47:36.734, 0, 12288, 11868, 248
2026/10/01 23:47:36.941, 0, 12288, 11868, 248
2026/10/01 23:47:37.148, 0, 12288, 11868, 248
2026/10/01 23:47:37.353, 0, 12288, 11868, 248
2026/10/01 23:47:37.557, 0, 12288, 11868, 248
2026/10/01 23:47:37.764, 0, 12288, 11868, 248
2026/10/01 23:47:37.970, 0, 12288, 11868, 248
2026/10/01 23:47:38.177, 0, 12288, 11868, 248
2026/10/01 23:47:38.384, 0, 12288, 11868, 248
2026/10/01 23:47:38.590, 0, 12288, 11868, 248
2026/10/01 23:47:38.798, 0, 12288, 11868, 248
2026/10/01 23:47:39.004, 0, 12288, 11868, 248
2026/10/01 23:47:39.209, 0, 12288, 11868, 248
2026/10/01 23:47:39.415, 0, 12288, 11868, 248
2026/10/01 23:47:39.619, 0, 12288, 11868, 248
2026/10/01 23:47:39.826, 0, 12288, 11868, 248
2026/10/01 23:47:40.033, 0, 12288, 11868, 248
2026/10/01 23:47:40.239, 0, 12288, 11868, 248
2026/10/01 23:47:40.445, 0, 12288, 11868, 248
2026/10/01 23:47:40.651, 0, 12288, 11868, 248
2026/10/01 23:47:40.856, 0, 12288, 11868, 248
2026/10/01 23:47:41.062, 0, 12288, 11868, 248
2026/10/01 23:47:41.270, 0, 12288, 11868, 248
2026/10/01 23:47:41.476, 0, 12288, 11868, 248
2026/10/01 23:47:41.682, 0, 12288, 11868, 248
2026/10/01 23:47:41.888, 0, 12288, 11868, 248
2026/10/01 23:47:42.093, 0, 12288, 11868, 248
2026/10/01 23:47:42.298, 0, 12288, 11868, 248
2026/10/01 23:47:42.504, 0, 12288, 11868, 248
2026/10/01 23:47:42.709, 0, 12288, 11868, 248
2026/10/01 23:47:42.915, 0, 12288, 11868, 248
2026/10/01 23:47:43.120, 0, 12288, 11868, 248
2026/10/01 23:47:43.325, 0, 12288, 11868, 248
2026/10/01 23:47:43.532, 0, 12288, 11868, 248
2026/10/01 23:47:43.739, 0, 12288, 11868, 248
2026/10/01 23:47:43.945, 0, 12288, 11868, 248
2026/10/01 23:47:44.152, 0, 12288, 11868, 248
2026/10/01 23:47:44.360, 0, 12288, 11868, 248
2026/10/01 23:47:44.566, 0, 12288, 11868, 248
2026/10/01 23:47:44.771, 0, 12288, 11868, 248
2026/10/01 23:47:44.976, 0, 12288, 11868, 248
2026/10/01 23:47:45.181, 0, 12288, 11868, 248
2026/10/01 23:47:45.388, 0, 12288, 11868, 248
2026/10/01 23:47:45.595, 0, 12288, 11868, 248
2026/10/01 23:47:45.801, 0, 12288, 11868, 248
2026/10/01 23:47:46.008, 0, 12288, 11868, 248
2026/10/01 23:47:46.213, 0, 12288, 11868, 248
2026/10/01 23:47:46.421, 0, 12288, 11868, 248
2026/10/01 23:47:46.626, 0, 12288, 11868, 248
2026/10/01 23:47:46.834, 0, 12288, 11868, 248
2026/10/01 23:47:47.042, 0, 12288, 11868, 248
2026/10/01 23:47:47.248, 0, 12288, 11868, 248
2026/10/01 23:47:47.455, 0, 12288, 11868, 248
2026/10/01 23:47:47.659, 0, 12288, 11868, 248
2026/10/01 23:47:47.865, 0, 12288, 11868, 248
2026/10/01 23:47:48.071, 0, 12288, 11868, 248
2026/10/01 23:47:48.277, 0, 12288, 11868, 248
2026/10/01 23:47:48.482, 0, 12288, 11868, 248
2026/10/01 23:47:48.689, 0, 12288, 11868, 248
2026/10/01 23:47:48.896, 0, 12288, 11868, 248
2026/10/01 23:47:49.102, 0, 12288, 11868, 248
2026/10/01 23:47:49.308, 0, 12288, 11868, 248
2026/10/01 23:47:49.514, 0, 12288, 11868, 248
2026/10/01 23:47:49.720, 0, 12288, 11868, 248
2026/10/01 23:47:49.926, 0, 12288, 11868, 248
2026/10/01 23:47:50.131, 0, 12288, 11868, 248
2026/10/01 23:47:50.336, 0, 12288, 11868, 248
2026/10/01 23:47:50.543, 0, 12288, 11868, 248
2026/10/01 23:47:50.748, 0, 12288, 11868, 248
2026/10/01 23:47:50.955, 0, 12288, 11868, 248
2026/10/01 23:47:51.161, 0, 12288, 11868, 248
2026/10/01 23:47:51.366, 0, 12288, 11868, 248
2026/10/01 23:47:51.572, 0, 12288, 11868, 248
2026/10/01 23:47:51.779, 0, 12288, 11868, 248
2026/10/01 23:47:51.985, 0, 12288, 11868, 248
2026/10/01 23:47:52.193, 0, 12288, 11868, 248
2026/10/01 23:47:52.399, 0, 12288, 11868, 248
2026/10/01 23:47:52.605, 0, 12288, 11868, 248
2026/10/01 23:47:52.808, 0, 12288, 11868, 248
2026/10/01 23:47:53.013, 0, 12288, 11868, 248
2026/10/01 23:47:53.219, 0, 12288, 11868, 248
2026/10/01 23:47:53.425, 0, 12288, 11868, 248
2026/10/01 23:47:53.630, 0, 12288, 11868, 248
2026/10/01 23:47:53.836, 0, 12288, 11868, 248
2026/10/01 23:47:54.042, 0, 12288, 11868, 248
2026/10/01 23:47:54.247, 0, 12288, 11868, 248
2026/10/01 23:47:54.453, 0, 12288, 11868, 248
2026/10/01 23:47:54.657, 0, 12288, 11868, 248
2026/10/01 23:47:54.863, 0, 12288, 11868, 248
2026/10/01 23:47:55.069, 0, 12288, 11868, 248
2026/10/01 23:47:55.276, 0, 12288, 11868, 248
2026/10/01 23:47:55.482, 0, 12288, 11868, 248
2026/10/01 23:47:55.688, 0, 12288, 11868, 248
2026/10/01 23:47:55.893, 0, 12288, 11868, 248
2026/10/01 23:47:56.099, 0, 12288, 11876, 240
2026/10/01 23:47:56.305, 0, 12288, 11876, 240
2026/10/01 23:47:56.510, 0, 12288, 11876, 240
2026/10/01 23:47:56.717, 0, 12288, 11876, 240
2026/10/01 23:47:56.922, 0, 12288, 11876, 240
2026/10/01 23:47:57.127, 0, 12288, 11876, 240
2026/10/01 23:47:57.332, 0, 12288, 11876, 240
2026/10/01 23:47:57.538, 0, 12288, 11876, 240
2026/10/01 23:47:57.746, 0, 12288, 11876, 240
2026/10/01 23:47:57.953, 0, 12288, 11876, 240
2026/10/01 23:47:58.160, 0, 12288, 11868, 248
2026/10/01 23:47:58.365, 0, 12288, 11868, 248
2026/10/01 23:47:58.570, 0, 12288, 11868, 248
2026/10/01 23:47:58.777, 0, 12288, 11868, 248
2026/10/01 23:47:58.982, 0, 12288, 11868, 248
2026/10/01 23:47:59.187, 0, 12288, 11868, 248
2026/10/01 23:47:59.393, 0, 12288, 11868, 248
2026/10/01 23:47:59.600, 0, 12288, 11868, 248
2026/10/01 23:47:59.806, 0, 12288, 11868, 248
2026/10/01 23:48:00.014, 0, 12288, 11868, 248
2026/10/01 23:48:00.221, 0, 12288, 11868, 248
2026/10/01 23:48:00.429, 0, 12288, 11868, 248
2026/10/01 23:48:00.633, 0, 12288, 11868, 248
2026/10/01 23:48:00.835, 0, 12288, 11868, 248
2026/10/01 23:48:01.041, 0, 12288, 11868, 248
2026/10/01 23:48:01.243, 0, 12288, 11868, 248
2026/10/01 23:48:01.449, 0, 12288, 11868, 248
2026/10/01 23:48:01.653, 0, 12288, 11868, 248
2026/10/01 23:48:01.859, 0, 12288, 11868, 248
2026/10/01 23:48:02.066, 0, 12288, 11868, 248
2026/10/01 23:48:02.269, 0, 12288, 11868, 248
2026/10/01 23:48:02.475, 0, 12288, 11868, 248
2026/10/01 23:48:02.682, 0, 12288, 11868, 248
2026/10/01 23:48:02.888, 0, 12288, 11868, 248
2026/10/01 23:48:03.093, 0, 12288, 11868, 248
2026/10/01 23:48:03.298, 0, 12288, 11868, 248
2026/10/01 23:48:03.503, 0, 12288, 11868, 248
2026/10/01 23:48:03.710, 0, 12288, 11868, 248
2026/10/01 23:48:03.913, 0, 12288, 11868, 248
2026/10/01 23:48:04.119, 0, 12288, 11868, 248
2026/10/01 23:48:04.325, 0, 12288, 11868, 248
2026/10/01 23:48:04.533, 0, 12288, 11868, 248
2026/10/01 23:48:04.738, 0, 12288, 11868, 248
2026/10/01 23:48:04.944, 0, 12288, 11868, 248
2026/10/01 23:48:05.150, 0, 12288, 11868, 248
2026/10/01 23:48:05.356, 0, 12288, 11868, 248
2026/10/01 23:48:05.562, 0, 12288, 11868, 248
2026/10/01 23:48:05.767, 0, 12288, 11868, 248
2026/10/01 23:48:05.972, 0, 12288, 11868, 248
2026/10/01 23:48:06.180, 0, 12288, 11868, 248
2026/10/01 23:48:06.387, 0, 12288, 11868, 248
2026/10/01 23:48:06.593, 0, 12288, 11868, 248
2026/10/01 23:48:06.799, 0, 12288, 11868, 248
2026/10/01 23:48:07.004, 0, 12288, 11868, 248
2026/10/01 23:48:07.210, 0, 12288, 11868, 248
2026/10/01 23:48:07.415, 0, 12288, 11868, 248
2026/10/01 23:48:07.622, 0, 12288, 11868, 248
2026/10/01 23:48:07.827, 0, 12288, 11868, 248
2026/10/01 23:48:08.034, 0, 12288, 11868, 248
2026/10/01 23:48:08.241, 0, 12288, 11868, 248
2026/10/01 23:48:08.446, 0, 12288, 11868, 248
2026/10/01 23:48:08.653, 0, 12288, 11868, 248
2026/10/01 23:48:08.859, 0, 12288, 11868, 248
2026/10/01 23:48:09.065, 0, 12288, 11868, 248
2026/10/01 23:48:09.270, 0, 12288, 11868, 248
2026/10/01 23:48:09.478, 0, 12288, 11868, 248
2026/10/01 23:48:09.683, 0, 12288, 11868, 248
2026/10/01 23:48:09.888, 0, 12288, 11868, 248
2026/10/01 23:48:10.092, 0, 12288, 11868, 248
2026/10/01 23:48:10.296, 0, 12288, 11868, 248
2026/10/01 23:48:10.502, 0, 12288, 11868, 248
2026/10/01 23:48:10.706, 0, 12288, 11868, 248
2026/10/01 23:48:10.913, 0, 12288, 11868, 248
2026/10/01 23:48:11.120, 0, 12288, 11868, 248
2026/10/01 23:48:11.326, 0, 12288, 11868, 248
2026/10/01 23:48:11.534, 0, 12288, 11868, 248
2026/10/01 23:48:11.740, 0, 12288, 11868, 248
2026/10/01 23:48:11.946, 0, 12288, 11868, 248
2026/10/01 23:48:12.150, 0, 12288, 11868, 248
2026/10/01 23:48:12.356, 0, 12288, 11868, 248
2026/10/01 23:48:12.563, 0, 12288, 11868, 248
2026/10/01 23:48:12.770, 0, 12288, 11868, 248
2026/10/01 23:48:12.976, 0, 12288, 11868, 248
2026/10/01 23:48:13.183, 0, 12288, 11868, 248
2026/10/01 23:48:13.389, 0, 12288, 11868, 248
2026/10/01 23:48:13.595, 0, 12288, 11868, 248
2026/10/01 23:48:13.802, 0, 12288, 11868, 248
2026/10/01 23:48:14.008, 0, 12288, 11868, 248
2026/10/01 23:48:14.214, 0, 12288, 11868, 248
2026/10/01 23:48:14.419, 0, 12288, 11868, 248
2026/10/01 23:48:14.625, 0, 12288, 11868, 248
2026/10/01 23:48:14.829, 0, 12288, 11868, 248
2026/10/01 23:48:15.033, 0, 12288, 11868, 248
2026/10/01 23:48:15.239, 0, 12288, 11868, 248
2026/10/01 23:48:15.444, 0, 12288, 11868, 248
2026/10/01 23:48:15.652, 0, 12288, 11868, 248
2026/10/01 23:48:15.858, 0, 12288, 11868, 248
2026/10/01 23:48:16.064, 0, 12288, 11868, 248
2026/10/01 23:48:16.270, 0, 12288, 11868, 248
2026/10/01 23:48:16.476, 0, 12288, 11868, 248
2026/10/01 23:48:16.682, 0, 12288, 11868, 248
2026/10/01 23:48:16.889, 0, 12288, 11868, 248
2026/10/01 23:48:17.094, 0, 12288, 11868, 248
2026/10/01 23:48:17.301, 0, 12288, 11868, 248
2026/10/01 23:48:17.508, 0, 12288, 11868, 248
2026/10/01 23:48:17.729, 0, 12288, 11868, 248
2026/10/01 23:48:17.935, 0, 12288, 11868, 248
2026/10/01 23:48:18.142, 0, 12288, 11868, 248
2026/10/01 23:48:18.348, 0, 12288, 11868, 248
2026/10/01 23:48:18.554, 0, 12288, 11868, 248
2026/10/01 23:48:18.760, 0, 12288, 11868, 248
2026/10/01 23:48:18.966, 0, 12288, 11868, 248
2026/10/01 23:48:19.171, 0, 12288, 11868, 248
2026/10/01 23:48:19.377, 0, 12288, 11868, 248
2026/10/01 23:48:19.583, 0, 12288, 11868, 248
2026/10/01 23:48:19.790, 0, 12288, 11868, 248
2026/10/01 23:48:19.996, 0, 12288, 11868, 248
2026/10/01 23:48:20.202, 0, 12288, 11868, 248
2026/10/01 23:48:20.408, 0, 12288, 11868, 248
2026/10/01 23:48:20.614, 0, 12288, 11868, 248
2026/10/01 23:48:20.821, 0, 12288, 11868, 248
2026/10/01 23:48:21.026, 0, 12288, 11868, 248
2026/10/01 23:48:21.231, 0, 12288, 11868, 248
2026/10/01 23:48:21.438, 0, 12288, 11868, 248
2026/10/01 23:48:21.645, 0, 12288, 11868, 248
2026/10/01 23:48:21.852, 0, 12288, 11868, 248
2026/10/01 23:48:22.058, 0, 12288, 11868, 248
2026/10/01 23:48:22.264, 0, 12288, 11868, 248
2026/10/01 23:48:22.469, 0, 12288, 11868, 248
2026/10/01 23:48:22.676, 0, 12288, 11868, 248
2026/10/01 23:48:22.882, 0, 12288, 11868, 248
2026/10/01 23:48:23.087, 0, 12288, 11868, 248
2026/10/01 23:48:23.293, 0, 12288, 11868, 248
2026/10/01 23:48:23.499, 0, 12288, 11868, 248
2026/10/01 23:48:23.706, 0, 12288, 11868, 248
2026/10/01 23:48:23.913, 0, 12288, 11868, 248
2026/10/01 23:48:24.118, 0, 12288, 11868, 248
2026/10/01 23:48:24.325, 0, 12288, 11868, 248
2026/10/01 23:48:24.548, 0, 12288, 11868, 248
2026/10/01 23:48:24.752, 0, 12288, 11868, 248
2026/10/01 23:48:24.959, 0, 12288, 11868, 248
2026/10/01 23:48:25.165, 0, 12288, 11868, 248
2026/10/01 23:48:25.370, 0, 12288, 11868, 248
2026/10/01 23:48:25.577, 0, 12288, 11868, 248
2026/10/01 23:48:25.784, 0, 12288, 11868, 248
2026/10/01 23:48:25.989, 0, 12288, 11868, 248
2026/10/01 23:48:26.196, 0, 12288, 11868, 248
2026/10/01 23:48:26.402, 0, 12288, 11868, 248
2026/10/01 23:48:26.608, 0, 12288, 11868, 248
2026/10/01 23:48:26.816, 0, 12288, 11868, 248
2026/10/01 23:48:27.022, 0, 12288, 11868, 248
2026/10/01 23:48:27.229, 0, 12288, 11868, 248
2026/10/01 23:48:27.436, 0, 12288, 11868, 248
2026/10/01 23:48:27.642, 0, 12288, 11868, 248
2026/10/01 23:48:27.846, 0, 12288, 11868, 248
2026/10/01 23:48:28.051, 0, 12288, 11868, 248
2026/10/01 23:48:28.257, 0, 12288, 11868, 248
2026/10/01 23:48:28.464, 0, 12288, 11868, 248
2026/10/01 23:48:28.670, 0, 12288, 11868, 248
2026/10/01 23:48:28.876, 0, 12288, 11868, 248
2026/10/01 23:48:29.083, 0, 12288, 11868, 248
2026/10/01 23:48:29.289, 0, 12288, 11868, 248
2026/10/01 23:48:29.495, 0, 12288, 11868, 248
2026/10/01 23:48:29.700, 0, 12288, 11868, 248
2026/10/01 23:48:29.906, 0, 12288, 11868, 248
2026/10/01 23:48:30.113, 0, 12288, 11868, 248
2026/10/01 23:48:30.320, 0, 12288, 11868, 248
2026/10/01 23:48:30.526, 0, 12288, 11868, 248
2026/10/01 23:48:30.731, 0, 12288, 11868, 248
2026/10/01 23:48:30.938, 0, 12288, 11868, 248
2026/10/01 23:48:31.145, 0, 12288, 11868, 248
2026/10/01 23:48:31.351, 0, 12288, 11868, 248
2026/10/01 23:48:31.558, 0, 12288, 11868, 248
2026/10/01 23:48:31.763, 0, 12288, 11868, 248
2026/10/01 23:48:31.967, 0, 12288, 11868, 248
2026/10/01 23:48:32.174, 0, 12288, 11868, 248
2026/10/01 23:48:32.380, 0, 12288, 11868, 248
2026/10/01 23:48:32.588, 0, 12288, 11868, 248
2026/10/01 23:48:32.793, 0, 12288, 11868, 248
2026/10/01 23:48:33.000, 0, 12288, 11868, 248
2026/10/01 23:48:33.206, 0, 12288, 11868, 248
2026/10/01 23:48:33.411, 0, 12288, 11868, 248
2026/10/01 23:48:33.618, 0, 12288, 11868, 248
2026/10/01 23:48:33.825, 0, 12288, 11868, 248
2026/10/01 23:48:34.030, 0, 12288, 11868, 248
2026/10/01 23:48:34.238, 0, 12288, 11868, 248
2026/10/01 23:48:34.445, 0, 12288, 11868, 248
2026/10/01 23:48:34.652, 0, 12288, 11868, 248
2026/10/01 23:48:34.857, 0, 12288, 11868, 248
2026/10/01 23:48:35.062, 0, 12288, 11868, 248
2026/10/01 23:48:35.268, 0, 12288, 11868, 248
2026/10/01 23:48:35.473, 0, 12288, 11868, 248
2026/10/01 23:48:35.679, 0, 12288, 11868, 248
2026/10/01 23:48:35.886, 0, 12288, 11868, 248
2026/10/01 23:48:36.091, 0, 12288, 11868, 248
2026/10/01 23:48:36.296, 0, 12288, 11868, 248
2026/10/01 23:48:36.502, 0, 12288, 11868, 248
2026/10/01 23:48:36.707, 0, 12288, 11868, 248
2026/10/01 23:48:36.914, 0, 12288, 11868, 248
2026/10/01 23:48:37.119, 0, 12288, 11868, 248
2026/10/01 23:48:37.325, 0, 12288, 11868, 248
2026/10/01 23:48:37.533, 0, 12288, 11868, 248
2026/10/01 23:48:37.735, 0, 12288, 11868, 248
2026/10/01 23:48:37.940, 0, 12288, 11868, 248
2026/10/01 23:48:38.146, 0, 12288, 11868, 248
2026/10/01 23:48:38.351, 0, 12288, 11868, 248
2026/10/01 23:48:38.559, 0, 12288, 11868, 248
2026/10/01 23:48:38.765, 0, 12288, 11868, 248
2026/10/01 23:48:38.971, 0, 12288, 11868, 248
2026/10/01 23:48:39.179, 0, 12288, 11868, 248
2026/10/01 23:48:39.383, 0, 12288, 11868, 248
2026/10/01 23:48:39.590, 0, 12288, 11868, 248
2026/10/01 23:48:39.796, 0, 12288, 11868, 248
2026/10/01 23:48:40.004, 0, 12288, 11868, 248
2026/10/01 23:48:40.208, 0, 12288, 11868, 248
2026/10/01 23:48:40.413, 0, 12288, 11868, 248
2026/10/01 23:48:40.621, 0, 12288, 11868, 248
2026/10/01 23:48:40.827, 0, 12288, 11868, 248
2026/10/01 23:48:41.032, 0, 12288, 11868, 248
2026/10/01 23:48:41.238, 0, 12288, 11868, 248
2026/10/01 23:48:41.445, 0, 12288, 11868, 248
2026/10/01 23:48:41.651, 0, 12288, 11868, 248
2026/10/01 23:48:41.857, 0, 12288, 11868, 248
2026/10/01 23:48:42.062, 0, 12288, 11868, 248
2026/10/01 23:48:42.267, 0, 12288, 11868, 248
2026/10/01 23:48:42.474, 0, 12288, 11868, 248
2026/10/01 23:48:42.679, 0, 12288, 11868, 248
2026/10/01 23:48:42.886, 0, 12288, 11868, 248
2026/10/01 23:48:43.091, 0, 12288, 11868, 248
2026/10/01 23:48:43.297, 0, 12288, 11868, 248
2026/10/01 23:48:43.505, 0, 12288, 11868, 248
2026/10/01 23:48:43.710, 0, 12288, 11868, 248
2026/10/01 23:48:43.915, 0, 12288, 11868, 248
2026/10/01 23:48:44.121, 0, 12288, 11868, 248
2026/10/01 23:48:44.327, 0, 12288, 11868, 248
2026/10/01 23:48:44.532, 0, 12288, 11868, 248
2026/10/01 23:48:44.739, 0, 12288, 11868, 248
2026/10/01 23:48:44.943, 0, 12288, 11868, 248
2026/10/01 23:48:45.148, 0, 12288, 11868, 248
2026/10/01 23:48:45.355, 0, 12288, 11868, 248
2026/10/01 23:48:45.560, 0, 12288, 11868, 248
2026/10/01 23:48:45.766, 0, 12288, 11868, 248
2026/10/01 23:48:45.973, 0, 12288, 11868, 248
2026/10/01 23:48:46.179, 0, 12288, 11868, 248
2026/10/01 23:48:46.383, 0, 12288, 11868, 248
2026/10/01 23:48:46.589, 0, 12288, 11868, 248
2026/10/01 23:48:46.796, 0, 12288, 11868, 248
2026/10/01 23:48:47.002, 0, 12288, 11868, 248
2026/10/01 23:48:47.210, 0, 12288, 11868, 248
2026/10/01 23:48:47.414, 0, 12288, 11868, 248
2026/10/01 23:48:47.619, 0, 12288, 11868, 248
2026/10/01 23:48:47.825, 0, 12288, 11868, 248
2026/10/01 23:48:48.031, 0, 12288, 11868, 248
2026/10/01 23:48:48.238, 0, 12288, 11868, 248
2026/10/01 23:48:48.443, 0, 12288, 11868, 248
2026/10/01 23:48:48.649, 0, 12288, 11868, 248
2026/10/01 23:48:48.855, 0, 12288, 11868, 248
2026/10/01 23:48:49.060, 0, 12288, 11868, 248
2026/10/01 23:48:49.264, 0, 12288, 11868, 248
2026/10/01 23:48:49.471, 0, 12288, 11868, 248
2026/10/01 23:48:49.676, 0, 12288, 11868, 248
2026/10/01 23:48:49.885, 0, 12288, 11868, 248
2026/10/01 23:48:50.090, 0, 12288, 11868, 248
2026/10/01 23:48:50.295, 0, 12288, 11868, 248
2026/10/01 23:48:50.499, 0, 12288, 11868, 248
2026/10/01 23:48:50.705, 0, 12288, 11868, 248
2026/10/01 23:48:50.910, 0, 12288, 11868, 248
2026/10/01 23:48:51.115, 0, 12288, 11868, 248
2026/10/01 23:48:51.320, 0, 12288, 11868, 248
2026/10/01 23:48:51.525, 0, 12288, 11868, 248
2026/10/01 23:48:51.732, 0, 12288, 11868, 248
2026/10/01 23:48:51.938, 0, 12288, 11868, 248
2026/10/01 23:48:52.145, 0, 12288, 11868, 248
2026/10/01 23:48:52.349, 0, 12288, 11868, 248
2026/10/01 23:48:52.556, 0, 12288, 11868, 248
2026/10/01 23:48:52.762, 0, 12288, 11868, 248
2026/10/01 23:48:52.968, 0, 12288, 11868, 248
2026/10/01 23:48:53.175, 0, 12288, 11868, 248
2026/10/01 23:48:53.379, 0, 12288, 11868, 248
2026/10/01 23:48:53.585, 0, 12288, 11868, 248
2026/10/01 23:48:53.791, 0, 12288, 11868, 248
2026/10/01 23:48:53.998, 0, 12288, 11868, 248
2026/10/01 23:48:54.204, 0, 12288, 11868, 248
2026/10/01 23:48:54.408, 0, 12288, 11868, 248
2026/10/01 23:48:54.617, 0, 12288, 11868, 248
2026/10/01 23:48:54.822, 0, 12288, 11868, 248
2026/10/01 23:48:55.028, 0, 12288, 11868, 248
2026/10/01 23:48:55.234, 0, 12288, 11868, 248
2026/10/01 23:48:55.438, 0, 12288, 11868, 248
2026/10/01 23:48:55.643, 0, 12288, 11868, 248
2026/10/01 23:48:55.850, 0, 12288, 11868, 248
2026/10/01 23:48:56.054, 0, 12288, 11868, 248
2026/10/01 23:48:56.260, 0, 12288, 11868, 248
2026/10/01 23:48:56.466, 0, 12288, 11868, 248
2026/10/01 23:48:56.672, 0, 12288, 11868, 248
2026/10/01 23:48:56.876, 0, 12288, 11868, 248
2026/10/01 23:48:57.081, 0, 12288, 11868, 248
2026/10/01 23:48:57.289, 0, 12288, 11868, 248
2026/10/01 23:48:57.495, 0, 12288, 11868, 248
2026/10/01 23:48:57.700, 0, 12288, 11868, 248
2026/10/01 23:48:57.906, 0, 12288, 11868, 248
2026/10/01 23:48:58.110, 0, 12288, 11868, 248
2026/10/01 23:48:58.318, 0, 12288, 11868, 248
2026/10/01 23:48:58.521, 0, 12288, 11868, 248
2026/10/01 23:48:58.727, 0, 12288, 11868, 248
2026/10/01 23:48:58.934, 0, 12288, 11868, 248
2026/10/01 23:48:59.140, 0, 12288, 11868, 248
2026/10/01 23:48:59.346, 0, 12288, 11868, 248
2026/10/01 23:48:59.550, 0, 12288, 11868, 248
2026/10/01 23:48:59.758, 0, 12288, 11868, 248
2026/10/01 23:48:59.964, 0, 12288, 11868, 248
2026/10/01 23:49:00.170, 0, 12288, 11868, 248
2026/10/01 23:49:00.377, 0, 12288, 11868, 248
2026/10/01 23:49:00.583, 0, 12288, 11868, 248
2026/10/01 23:49:00.789, 0, 12288, 11868, 248
2026/10/01 23:49:00.995, 0, 12288, 11868, 248
2026/10/01 23:49:01.200, 0, 12288, 11868, 248
2026/10/01 23:49:01.406, 0, 12288, 11868, 248
2026/10/01 23:49:01.611, 0, 12288, 11868, 248
2026/10/01 23:49:01.817, 0, 12288, 11868, 248
2026/10/01 23:49:02.022, 0, 12288, 11868, 248
2026/10/01 23:49:02.228, 0, 12288, 11868, 248
2026/10/01 23:49:02.434, 0, 12288, 11868, 248
2026/10/01 23:49:02.641, 0, 12288, 11868, 248
2026/10/01 23:49:02.848, 0, 12288, 11868, 248
2026/10/01 23:49:03.053, 0, 12288, 11868, 248
2026/10/01 23:49:03.260, 0, 12288, 11868, 248
2026/10/01 23:49:03.468, 0, 12288, 11868, 248
2026/10/01 23:49:03.674, 0, 12288, 11868, 248
2026/10/01 23:49:03.878, 0, 12288, 11868, 248
2026/10/01 23:49:04.083, 0, 12288, 11868, 248
2026/10/01 23:49:04.290, 0, 12288, 11868, 248
2026/10/01 23:49:04.497, 0, 12288, 11868, 248
2026/10/01 23:49:04.704, 0, 12288, 11868, 248
2026/10/01 23:49:04.908, 0, 12288, 11868, 248
2026/10/01 23:49:05.114, 0, 12288, 11868, 248
2026/10/01 23:49:05.319, 0, 12288, 11868, 248
2026/10/01 23:49:05.523, 0, 12288, 11868, 248
2026/10/01 23:49:05.731, 0, 12288, 11868, 248
2026/10/01 23:49:05.937, 0, 12288, 11868, 248
2026/10/01 23:49:06.144, 0, 12288, 11868, 248
2026/10/01 23:49:06.350, 0, 12288, 11868, 248
2026/10/01 23:49:06.556, 0, 12288, 11868, 248
2026/10/01 23:49:06.762, 0, 12288, 11868, 248
2026/10/01 23:49:06.966, 0, 12288, 11868, 248
2026/10/01 23:49:07.171, 0, 12288, 11868, 248
2026/10/01 23:49:07.378, 0, 12288, 11868, 248
2026/10/01 23:49:07.585, 0, 12288, 11868, 248
2026/10/01 23:49:07.790, 0, 12288, 11868, 248
2026/10/01 23:49:07.996, 0, 12288, 11868, 248
2026/10/01 23:49:08.201, 0, 12288, 11868, 248
2026/10/01 23:49:08.409, 0, 12288, 11868, 248
2026/10/01 23:49:08.613, 0, 12288, 11868, 248
2026/10/01 23:49:08.820, 0, 12288, 11868, 248
2026/10/01 23:49:09.027, 0, 12288, 11868, 248
2026/10/01 23:49:09.233, 0, 12288, 11868, 248
2026/10/01 23:49:09.438, 0, 12288, 11868, 248
2026/10/01 23:49:09.644, 0, 12288, 11868, 248
2026/10/01 23:49:09.849, 0, 12288, 11868, 248
2026/10/01 23:49:10.056, 0, 12288, 11868, 248
2026/10/01 23:49:10.264, 0, 12288, 11868, 248
2026/10/01 23:49:10.469, 0, 12288, 11868, 248
2026/10/01 23:49:10.674, 0, 12288, 11868, 248
2026/10/01 23:49:10.895, 0, 12288, 11868, 248
2026/10/01 23:49:11.099, 0, 12288, 11868, 248
2026/10/01 23:49:11.305, 0, 12288, 11868, 248
2026/10/01 23:49:11.511, 0, 12288, 11868, 248
2026/10/01 23:49:11.717, 0, 12288, 11868, 248
2026/10/01 23:49:11.923, 0, 12288, 11868, 248
2026/10/01 23:49:12.128, 0, 12288, 11868, 248
2026/10/01 23:49:12.335, 0, 12288, 11868, 248
2026/10/01 23:49:12.541, 0, 12288, 11868, 248
2026/10/01 23:49:12.747, 0, 12288, 11868, 248
2026/10/01 23:49:12.953, 0, 12288, 11868, 248
2026/10/01 23:49:13.158, 0, 12288, 11868, 248
2026/10/01 23:49:13.363, 0, 12288, 11868, 248
2026/10/01 23:49:13.569, 0, 12288, 11868, 248
2026/10/01 23:49:13.776, 0, 12288, 11868, 248
2026/10/01 23:49:13.984, 0, 12288, 11868, 248
2026/10/01 23:49:14.191, 0, 12288, 11868, 248
2026/10/01 23:49:14.397, 0, 12288, 11868, 248
2026/10/01 23:49:14.603, 0, 12288, 11868, 248
2026/10/01 23:49:14.809, 0, 12288, 11868, 248
2026/10/01 23:49:15.015, 0, 12288, 11868, 248
2026/10/01 23:49:15.221, 0, 12288, 11868, 248
2026/10/01 23:49:15.428, 0, 12288, 11868, 248
2026/10/01 23:49:15.634, 0, 12288, 11868, 248
2026/10/01 23:49:15.840, 0, 12288, 11868, 248
2026/10/01 23:49:16.045, 0, 12288, 11868, 248
2026/10/01 23:49:16.252, 0, 12288, 11868, 248
2026/10/01 23:49:16.457, 0, 12288, 11868, 248
2026/10/01 23:49:16.662, 0, 12288, 11868, 248
2026/10/01 23:49:16.866, 0, 12288, 11868, 248
2026/10/01 23:49:17.073, 0, 12288, 11868, 248
2026/10/01 23:49:17.279, 0, 12288, 11868, 248
2026/10/01 23:49:17.487, 0, 12288, 11868, 248
2026/10/01 23:49:17.709, 0, 12288, 11868, 248
2026/10/01 23:49:17.913, 0, 12288, 11868, 248
2026/10/01 23:49:18.119, 0, 12288, 11868, 248
2026/10/01 23:49:18.323, 0, 12288, 11868, 248
2026/10/01 23:49:18.531, 0, 12288, 11868, 248
2026/10/01 23:49:18.737, 0, 12288, 11868, 248
2026/10/01 23:49:18.943, 0, 12288, 11868, 248
2026/10/01 23:49:19.148, 0, 12288, 11868, 248
2026/10/01 23:49:19.354, 0, 12288, 11868, 248
2026/10/01 23:49:19.560, 0, 12288, 11868, 248
2026/10/01 23:49:19.765, 0, 12288, 11868, 248
2026/10/01 23:49:19.971, 0, 12288, 11868, 248
2026/10/01 23:49:20.178, 0, 12288, 11868, 248
2026/10/01 23:49:20.384, 0, 12288, 11868, 248
2026/10/01 23:49:20.590, 0, 12288, 11868, 248
2026/10/01 23:49:20.795, 0, 12288, 11868, 248
2026/10/01 23:49:21.001, 0, 12288, 11868, 248
2026/10/01 23:49:21.207, 0, 12288, 11868, 248
2026/10/01 23:49:21.413, 0, 12288, 11868, 248
2026/10/01 23:49:21.618, 0, 12288, 11868, 248
2026/10/01 23:49:21.823, 0, 12288, 11868, 248
2026/10/01 23:49:22.028, 0, 12288, 11868, 248
2026/10/01 23:49:22.233, 0, 12288, 11868, 248
2026/10/01 23:49:22.439, 0, 12288, 11868, 248
2026/10/01 23:49:22.645, 0, 12288, 11868, 248
2026/10/01 23:49:22.851, 0, 12288, 11868, 248
2026/10/01 23:49:23.055, 0, 12288, 11868, 248
2026/10/01 23:49:23.262, 0, 12288, 11868, 248
2026/10/01 23:49:23.470, 0, 12288, 11868, 248
2026/10/01 23:49:23.676, 0, 12288, 11868, 248
2026/10/01 23:49:23.882, 0, 12288, 11868, 248
2026/10/01 23:49:24.089, 0, 12288, 11868, 248
2026/10/01 23:49:24.295, 0, 12288, 11868, 248
2026/10/01 23:49:24.500, 0, 12288, 11868, 248
2026/10/01 23:49:24.706, 0, 12288, 11868, 248
2026/10/01 23:49:24.912, 0, 12288, 11868, 248
2026/10/01 23:49:25.118, 0, 12288, 11868, 248
2026/10/01 23:49:25.324, 0, 12288, 11868, 248
2026/10/01 23:49:25.530, 0, 12288, 11868, 248
2026/10/01 23:49:25.734, 0, 12288, 11868, 248
2026/10/01 23:49:25.941, 0, 12288, 11868, 248
2026/10/01 23:49:26.145, 0, 12288, 11868, 248
2026/10/01 23:49:26.353, 0, 12288, 11868, 248
2026/10/01 23:49:26.559, 0, 12288, 11868, 248
2026/10/01 23:49:26.765, 0, 12288, 11868, 248
2026/10/01 23:49:26.971, 0, 12288, 11868, 248
2026/10/01 23:49:27.176, 0, 12288, 11868, 248
2026/10/01 23:49:27.382, 0, 12288, 11868, 248
2026/10/01 23:49:27.589, 0, 12288, 11868, 248
2026/10/01 23:49:27.796, 0, 12288, 11868, 248
2026/10/01 23:49:28.000, 0, 12288, 11868, 248
2026/10/01 23:49:28.207, 0, 12288, 11868, 248
2026/10/01 23:49:28.412, 0, 12288, 11868, 248
2026/10/01 23:49:28.617, 0, 12288, 11868, 248
2026/10/01 23:49:28.822, 0, 12288, 11868, 248
2026/10/01 23:49:29.029, 0, 12288, 11868, 248
2026/10/01 23:49:29.234, 0, 12288, 11868, 248
2026/10/01 23:49:29.440, 0, 12288, 11868, 248
2026/10/01 23:49:29.645, 0, 12288, 11868, 248
2026/10/01 23:49:29.853, 0, 12288, 11868, 248
2026/10/01 23:49:30.058, 0, 12288, 11868, 248
2026/10/01 23:49:30.263, 0, 12288, 11868, 248
2026/10/01 23:49:30.470, 0, 12288, 11868, 248
2026/10/01 23:49:30.677, 0, 12288, 11868, 248
2026/10/01 23:49:30.882, 0, 12288, 11868, 248
2026/10/01 23:49:31.086, 0, 12288, 11868, 248
2026/10/01 23:49:31.294, 0, 12288, 11868, 248
2026/10/01 23:49:31.500, 0, 12288, 11868, 248
2026/10/01 23:49:31.706, 0, 12288, 11868, 248
2026/10/01 23:49:31.911, 0, 12288, 11868, 248
2026/10/01 23:49:32.119, 0, 12288, 11868, 248
2026/10/01 23:49:32.325, 0, 12288, 11868, 248
2026/10/01 23:49:32.532, 0, 12288, 11868, 248
2026/10/01 23:49:32.736, 0, 12288, 11868, 248
2026/10/01 23:49:32.941, 0, 12288, 11868, 248
2026/10/01 23:49:33.148, 0, 12288, 11868, 248
2026/10/01 23:49:33.354, 0, 12288, 11868, 248
2026/10/01 23:49:33.559, 0, 12288, 11868, 248
2026/10/01 23:49:33.766, 0, 12288, 11868, 248
2026/10/01 23:49:33.972, 0, 12288, 11868, 248
2026/10/01 23:49:34.178, 0, 12288, 11868, 248
2026/10/01 23:49:34.382, 0, 12288, 11868, 248
2026/10/01 23:49:34.588, 0, 12288, 11868, 248
2026/10/01 23:49:34.792, 0, 12288, 11868, 248
2026/10/01 23:49:34.998, 0, 12288, 11868, 248
2026/10/01 23:49:35.205, 0, 12288, 11868, 248
2026/10/01 23:49:35.427, 0, 12288, 11868, 248
2026/10/01 23:49:35.634, 0, 12288, 11868, 248
2026/10/01 23:49:35.839, 0, 12288, 11868, 248
2026/10/01 23:49:36.044, 0, 12288, 11868, 248
2026/10/01 23:49:36.250, 0, 12288, 11868, 248
2026/10/01 23:49:36.457, 0, 12288, 11868, 248
2026/10/01 23:49:36.662, 0, 12288, 11868, 248
2026/10/01 23:49:36.868, 0, 12288, 11868, 248
2026/10/01 23:49:37.072, 0, 12288, 11868, 248
2026/10/01 23:49:37.276, 0, 12288, 11868, 248
2026/10/01 23:49:37.483, 0, 12288, 11868, 248
2026/10/01 23:49:37.689, 0, 12288, 11868, 248
2026/10/01 23:49:37.895, 0, 12288, 11868, 248
2026/10/01 23:49:38.101, 0, 12288, 11868, 248
2026/10/01 23:49:38.307, 0, 12288, 11868, 248
2026/10/01 23:49:38.513, 0, 12288, 11868, 248
2026/10/01 23:49:38.719, 0, 12288, 11868, 248
2026/10/01 23:49:38.924, 0, 12288, 11868, 248
2026/10/01 23:49:39.131, 0, 12288, 11868, 248
2026/10/01 23:49:39.336, 0, 12288, 11868, 248
2026/10/01 23:49:39.543, 0, 12288, 11868, 248
2026/10/01 23:49:39.748, 0, 12288, 11868, 248
2026/10/01 23:49:39.955, 0, 12288, 11868, 248
2026/10/01 23:49:40.161, 0, 12288, 11868, 248
2026/10/01 23:49:40.367, 0, 12288, 11868, 248
2026/10/01 23:49:40.571, 0, 12288, 11868, 248
2026/10/01 23:49:40.778, 0, 12288, 11868, 248
2026/10/01 23:49:40.984, 0, 12288, 11868, 248
2026/10/01 23:49:41.191, 0, 12288, 11868, 248
2026/10/01 23:49:41.396, 0, 12288, 11868, 248
2026/10/01 23:49:41.602, 0, 12288, 11868, 248
2026/10/01 23:49:41.808, 0, 12288, 11868, 248
2026/10/01 23:49:42.014, 0, 12288, 11868, 248
2026/10/01 23:49:42.221, 0, 12288, 11868, 248
2026/10/01 23:49:42.427, 0, 12288, 11868, 248
2026/10/01 23:49:42.633, 0, 12288, 11868, 248
2026/10/01 23:49:42.839, 0, 12288, 11868, 248
2026/10/01 23:49:43.046, 0, 12288, 11868, 248
2026/10/01 23:49:43.250, 0, 12288, 11868, 248
2026/10/01 23:49:43.457, 0, 12288, 11868, 248
2026/10/01 23:49:43.660, 0, 12288, 11868, 248
2026/10/01 23:49:43.866, 0, 12288, 11868, 248
2026/10/01 23:49:44.071, 0, 12288, 11868, 248
2026/10/01 23:49:44.277, 0, 12288, 11868, 248
2026/10/01 23:49:44.484, 0, 12288, 11868, 248
2026/10/01 23:49:44.691, 0, 12288, 11868, 248
2026/10/01 23:49:44.898, 0, 12288, 11868, 248
2026/10/01 23:49:45.104, 0, 12288, 11868, 248
2026/10/01 23:49:45.308, 0, 12288, 11868, 248
2026/10/01 23:49:45.514, 0, 12288, 11868, 248
2026/10/01 23:49:45.720, 0, 12288, 11868, 248
2026/10/01 23:49:45.927, 0, 12288, 11868, 248
2026/10/01 23:49:46.132, 0, 12288, 11868, 248
2026/10/01 23:49:46.339, 0, 12288, 11868, 248
2026/10/01 23:49:46.545, 0, 12288, 11868, 248
2026/10/01 23:49:46.750, 0, 12288, 11868, 248
2026/10/01 23:49:46.956, 0, 12288, 11868, 248
2026/10/01 23:49:47.164, 0, 12288, 11868, 248
2026/10/01 23:49:47.370, 0, 12288, 11868, 248
2026/10/01 23:49:47.575, 0, 12288, 11868, 248
2026/10/01 23:49:47.781, 0, 12288, 11868, 248
2026/10/01 23:49:47.987, 0, 12288, 11868, 248
2026/10/01 23:49:48.193, 0, 12288, 11868, 248
2026/10/01 23:49:48.398, 0, 12288, 11868, 248
2026/10/01 23:49:48.604, 0, 12288, 11868, 248
2026/10/01 23:49:48.809, 0, 12288, 11868, 248
2026/10/01 23:49:49.015, 0, 12288, 11868, 248
2026/10/01 23:49:49.221, 0, 12288, 11868, 248
2026/10/01 23:49:49.427, 0, 12288, 11868, 248
2026/10/01 23:49:49.631, 0, 12288, 11868, 248
2026/10/01 23:49:49.837, 0, 12288, 11868, 248
2026/10/01 23:49:50.043, 0, 12288, 11868, 248
2026/10/01 23:49:50.250, 0, 12288, 11868, 248
2026/10/01 23:49:50.457, 0, 12288, 11868, 248
2026/10/01 23:49:50.663, 0, 12288, 11868, 248
2026/10/01 23:49:50.868, 0, 12288, 11868, 248
2026/10/01 23:49:51.074, 0, 12288, 11868, 248
2026/10/01 23:49:51.281, 0, 12288, 11868, 248
2026/10/01 23:49:51.488, 0, 12288, 11868, 248
2026/10/01 23:49:51.694, 0, 12288, 11868, 248
2026/10/01 23:49:51.899, 0, 12288, 11868, 248
2026/10/01 23:49:52.106, 0, 12288, 11868, 248
2026/10/01 23:49:52.312, 0, 12288, 11868, 248
2026/10/01 23:49:52.517, 0, 12288, 11868, 248
2026/10/01 23:49:52.723, 0, 12288, 11868, 248
2026/10/01 23:49:52.930, 0, 12288, 11868, 248
2026/10/01 23:49:53.134, 0, 12288, 11868, 248
2026/10/01 23:49:53.341, 0, 12288, 11868, 248
2026/10/01 23:49:53.547, 0, 12288, 11868, 248
2026/10/01 23:49:53.753, 0, 12288, 11868, 248
2026/10/01 23:49:53.959, 0, 12288, 11868, 248
2026/10/01 23:49:54.165, 0, 12288, 11868, 248
2026/10/01 23:49:54.371, 0, 12288, 11868, 248
2026/10/01 23:49:54.577, 0, 12288, 11868, 248
2026/10/01 23:49:54.782, 0, 12288, 11868, 248
2026/10/01 23:49:54.989, 0, 12288, 11868, 248
2026/10/01 23:49:55.196, 0, 12288, 11868, 248
2026/10/01 23:49:55.401, 0, 12288, 11868, 248
2026/10/01 23:49:55.608, 0, 12288, 11868, 248
2026/10/01 23:49:55.813, 0, 12288, 11868, 248
2026/10/01 23:49:56.017, 0, 12288, 11868, 248
2026/10/01 23:49:56.223, 0, 12288, 11868, 248
2026/10/01 23:49:56.431, 0, 12288, 11868, 248
2026/10/01 23:49:56.638, 0, 12288, 11868, 248
2026/10/01 23:49:56.845, 0, 12288, 11868, 248
2026/10/01 23:49:57.051, 0, 12288, 11868, 248
2026/10/01 23:49:57.257, 0, 12288, 11868, 248
2026/10/01 23:49:57.463, 0, 12288, 11868, 248
2026/10/01 23:49:57.669, 0, 12288, 11868, 248
2026/10/01 23:49:57.876, 0, 12288, 11868, 248
2026/10/01 23:49:58.082, 0, 12288, 11868, 248
2026/10/01 23:49:58.288, 0, 12288, 11868, 248
2026/10/01 23:49:58.493, 0, 12288, 11868, 248
2026/10/01 23:49:58.700, 0, 12288, 11868, 248
2026/10/01 23:49:58.908, 0, 12288, 11868, 248
2026/10/01 23:49:59.113, 0, 12288, 11868, 248
2026/10/01 23:49:59.319, 0, 12288, 11868, 248
2026/10/01 23:49:59.525, 0, 12288, 11868, 248
2026/10/01 23:49:59.733, 0, 12288, 11868, 248
2026/10/01 23:49:59.939, 0, 12288, 11868, 248
2026/10/01 23:50:00.144, 0, 12288, 11868, 248
2026/10/01 23:50:00.350, 0, 12288, 11868, 248
2026/10/01 23:50:00.555, 0, 12288, 11868, 248
2026/10/01 23:50:00.762, 0, 12288, 11868, 248
2026/10/01 23:50:00.969, 0, 12288, 11868, 248
2026/10/01 23:50:01.184, 0, 12288, 11868, 248
2026/10/01 23:50:01.390, 0, 12288, 11868, 248
2026/10/01 23:50:01.596, 0, 12288, 11868, 248
2026/10/01 23:50:01.803, 0, 12288, 11868, 248
2026/10/01 23:50:02.007, 0, 12288, 11868, 248
2026/10/01 23:50:02.213, 0, 12288, 11868, 248
2026/10/01 23:50:02.420, 0, 12288, 11868, 248
2026/10/01 23:50:02.626, 0, 12288, 11868, 248
2026/10/01 23:50:02.833, 0, 12288, 11868, 248
2026/10/01 23:50:03.039, 0, 12288, 11868, 248
2026/10/01 23:50:03.245, 0, 12288, 11868, 248
2026/10/01 23:50:03.450, 0, 12288, 11868, 248
2026/10/01 23:50:03.656, 0, 12288, 11868, 248
2026/10/01 23:50:03.861, 0, 12288, 11868, 248
2026/10/01 23:50:04.068, 0, 12288, 11868, 248
2026/10/01 23:50:04.275, 0, 12288, 11868, 248
2026/10/01 23:50:04.480, 0, 12288, 11868, 248
2026/10/01 23:50:04.687, 0, 12288, 11868, 248
2026/10/01 23:50:04.894, 0, 12288, 11868, 248
2026/10/01 23:50:05.101, 0, 12288, 11868, 248
2026/10/01 23:50:05.306, 0, 12288, 11868, 248
2026/10/01 23:50:05.513, 0, 12288, 11868, 248
2026/10/01 23:50:05.718, 0, 12288, 11868, 248
2026/10/01 23:50:05.924, 0, 12288, 11868, 248
2026/10/01 23:50:06.131, 0, 12288, 11868, 248
2026/10/01 23:50:06.338, 0, 12288, 11868, 248
2026/10/01 23:50:06.542, 0, 12288, 11868, 248
2026/10/01 23:50:06.747, 0, 12288, 11868, 248
2026/10/01 23:50:06.952, 0, 12288, 11868, 248
2026/10/01 23:50:07.157, 0, 12288, 11868, 248
2026/10/01 23:50:07.364, 0, 12288, 11868, 248
2026/10/01 23:50:07.570, 0, 12288, 11868, 248
2026/10/01 23:50:07.776, 0, 12288, 11868, 248
2026/10/01 23:50:07.982, 0, 12288, 11868, 248
2026/10/01 23:50:08.189, 0, 12288, 11868, 248
2026/10/01 23:50:08.394, 0, 12288, 11868, 248
2026/10/01 23:50:08.600, 0, 12288, 11868, 248
2026/10/01 23:50:08.807, 0, 12288, 11868, 248
2026/10/01 23:50:09.014, 0, 12288, 11868, 248
2026/10/01 23:50:09.218, 0, 12288, 11868, 248
2026/10/01 23:50:09.424, 0, 12288, 11868, 248
2026/10/01 23:50:09.630, 0, 12288, 11868, 248
2026/10/01 23:50:09.837, 0, 12288, 11868, 248
2026/10/01 23:50:10.042, 0, 12288, 11868, 248
2026/10/01 23:50:10.247, 0, 12288, 11868, 248
2026/10/01 23:50:10.453, 0, 12288, 11868, 248
2026/10/01 23:50:10.658, 0, 12288, 11868, 248
2026/10/01 23:50:10.864, 0, 12288, 11868, 248
2026/10/01 23:50:11.070, 0, 12288, 11868, 248
2026/10/01 23:50:11.276, 0, 12288, 11868, 248
2026/10/01 23:50:11.481, 0, 12288, 11868, 248
2026/10/01 23:50:11.688, 0, 12288, 11868, 248
2026/10/01 23:50:11.895, 0, 12288, 11868, 248
2026/10/01 23:50:12.102, 0, 12288, 11868, 248
2026/10/01 23:50:12.308, 0, 12288, 11868, 248
2026/10/01 23:50:12.512, 0, 12288, 11868, 248
2026/10/01 23:50:12.718, 0, 12288, 11868, 248
2026/10/01 23:50:12.924, 0, 12288, 11868, 248
2026/10/01 23:50:13.129, 0, 12288, 11868, 248
2026/10/01 23:50:13.334, 0, 12288, 11868, 248
2026/10/01 23:50:13.540, 0, 12288, 11868, 248
2026/10/01 23:50:13.747, 0, 12288, 11868, 248
2026/10/01 23:50:13.955, 0, 12288, 11868, 248
2026/10/01 23:50:14.163, 0, 12288, 11868, 248
2026/10/01 23:50:14.369, 0, 12288, 11868, 248
2026/10/01 23:50:14.575, 0, 12288, 11868, 248
2026/10/01 23:50:14.780, 0, 12288, 11868, 248
2026/10/01 23:50:14.986, 0, 12288, 11868, 248
2026/10/01 23:50:15.193, 0, 12288, 11868, 248
2026/10/01 23:50:15.398, 0, 12288, 11868, 248
2026/10/01 23:50:15.606, 0, 12288, 11868, 248
2026/10/01 23:50:15.812, 0, 12288, 11868, 248
2026/10/01 23:50:16.019, 0, 12288, 11868, 248
2026/10/01 23:50:16.224, 0, 12288, 11868, 248
2026/10/01 23:50:16.429, 0, 12288, 11868, 248
2026/10/01 23:50:16.635, 0, 12288, 11868, 248
2026/10/01 23:50:16.840, 0, 12288, 11868, 248
2026/10/01 23:50:17.047, 0, 12288, 11868, 248
2026/10/01 23:50:17.253, 0, 12288, 11868, 248
2026/10/01 23:50:17.457, 0, 12288, 11868, 248
2026/10/01 23:50:17.663, 0, 12288, 11868, 248
2026/10/01 23:50:17.870, 0, 12288, 11868, 248
2026/10/01 23:50:18.076, 0, 12288, 11868, 248
2026/10/01 23:50:18.281, 0, 12288, 11868, 248
2026/10/01 23:50:18.488, 0, 12288, 11868, 248
2026/10/01 23:50:18.694, 0, 12288, 11868, 248
2026/10/01 23:50:18.900, 0, 12288, 11868, 248
2026/10/01 23:50:19.106, 0, 12288, 11868, 248
2026/10/01 23:50:19.311, 0, 12288, 11868, 248
2026/10/01 23:50:19.518, 0, 12288, 11868, 248
2026/10/01 23:50:19.724, 0, 12288, 11868, 248
2026/10/01 23:50:19.929, 0, 12288, 11868, 248
2026/10/01 23:50:20.135, 0, 12288, 11868, 248
2026/10/01 23:50:20.341, 0, 12288, 11868, 248
2026/10/01 23:50:20.547, 0, 12288, 11868, 248
2026/10/01 23:50:20.754, 0, 12288, 11868, 248
2026/10/01 23:50:20.960, 0, 12288, 11868, 248
2026/10/01 23:50:21.165, 0, 12288, 11868, 248
2026/10/01 23:50:21.369, 0, 12288, 11868, 248
2026/10/01 23:50:21.575, 0, 12288, 11868, 248
2026/10/01 23:50:21.782, 0, 12288, 11868, 248
2026/10/01 23:50:21.988, 0, 12288, 11868, 248
2026/10/01 23:50:22.192, 0, 12288, 11868, 248
2026/10/01 23:50:22.399, 0, 12288, 11868, 248
2026/10/01 23:50:22.605, 0, 12288, 11868, 248
2026/10/01 23:50:22.812, 0, 12288, 11868, 248
2026/10/01 23:50:23.018, 0, 12288, 11868, 248
2026/10/01 23:50:23.224, 0, 12288, 11868, 248
2026/10/01 23:50:23.429, 0, 12288, 11868, 248
2026/10/01 23:50:23.637, 0, 12288, 11868, 248
2026/10/01 23:50:23.842, 0, 12288, 11868, 248
2026/10/01 23:50:24.049, 0, 12288, 11868, 248
2026/10/01 23:50:24.255, 0, 12288, 11868, 248
2026/10/01 23:50:24.461, 0, 12288, 11868, 248
2026/10/01 23:50:24.666, 0, 12288, 11868, 248
2026/10/01 23:50:24.872, 0, 12288, 11868, 248
2026/10/01 23:50:25.079, 0, 12288, 11868, 248
2026/10/01 23:50:25.285, 0, 12288, 11868, 248
2026/10/01 23:50:25.492, 0, 12288, 11868, 248
2026/10/01 23:50:25.696, 0, 12288, 11868, 248
2026/10/01 23:50:25.903, 0, 12288, 11868, 248
2026/10/01 23:50:26.108, 0, 12288, 11868, 248
2026/10/01 23:50:26.313, 0, 12288, 11868, 248
2026/10/01 23:50:26.520, 0, 12288, 11868, 248
2026/10/01 23:50:26.724, 0, 12288, 11868, 248
2026/10/01 23:50:26.928, 0, 12288, 11868, 248
2026/10/01 23:50:27.133, 0, 12288, 11868, 248
2026/10/01 23:50:27.339, 0, 12288, 11868, 248
2026/10/01 23:50:27.545, 0, 12288, 11868, 248
2026/10/01 23:50:27.749, 0, 12288, 11868, 248
2026/10/01 23:50:27.955, 0, 12288, 11868, 248
2026/10/01 23:50:28.160, 0, 12288, 11868, 248
2026/10/01 23:50:28.367, 0, 12288, 11868, 248
2026/10/01 23:50:28.572, 0, 12288, 11868, 248
2026/10/01 23:50:28.778, 0, 12288, 11868, 248
2026/10/01 23:50:28.984, 0, 12288, 11868, 248
2026/10/01 23:50:29.190, 0, 12288, 11868, 248
2026/10/01 23:50:29.395, 0, 12288, 11868, 248
2026/10/01 23:50:29.602, 0, 12288, 11868, 248
2026/10/01 23:50:29.807, 0, 12288, 11868, 248
2026/10/01 23:50:30.014, 0, 12288, 11868, 248
2026/10/01 23:50:30.221, 0, 12288, 11868, 248
2026/10/01 23:50:30.427, 0, 12288, 11868, 248
2026/10/01 23:50:30.634, 0, 12288, 11868, 248
2026/10/01 23:50:30.841, 0, 12288, 11868, 248
2026/10/01 23:50:31.047, 0, 12288, 11868, 248
2026/10/01 23:50:31.251, 0, 12288, 11868, 248
2026/10/01 23:50:31.457, 0, 12288, 11868, 248
2026/10/01 23:50:31.660, 0, 12288, 11868, 248
2026/10/01 23:50:31.866, 0, 12288, 11868, 248
2026/10/01 23:50:32.072, 0, 12288, 11868, 248
2026/10/01 23:50:32.277, 0, 12288, 11868, 248
2026/10/01 23:50:32.482, 0, 12288, 11868, 248
2026/10/01 23:50:32.689, 0, 12288, 11868, 248
2026/10/01 23:50:32.894, 0, 12288, 11868, 248
2026/10/01 23:50:33.102, 0, 12288, 11868, 248
2026/10/01 23:50:33.307, 0, 12288, 11868, 248
2026/10/01 23:50:33.513, 0, 12288, 11868, 248
2026/10/01 23:50:33.720, 0, 12288, 11868, 248
2026/10/01 23:50:33.924, 0, 12288, 11868, 248
2026/10/01 23:50:34.129, 0, 12288, 11868, 248
2026/10/01 23:50:34.336, 0, 12288, 11868, 248
2026/10/01 23:50:34.542, 0, 12288, 11868, 248
2026/10/01 23:50:34.747, 0, 12288, 11868, 248
2026/10/01 23:50:34.953, 0, 12288, 11868, 248
2026/10/01 23:50:35.156, 0, 12288, 11868, 248
2026/10/01 23:50:35.362, 0, 12288, 11868, 248
2026/10/01 23:50:35.569, 0, 12288, 11868, 248
2026/10/01 23:50:35.775, 0, 12288, 11868, 248
2026/10/01 23:50:35.982, 0, 12288, 11868, 248
2026/10/01 23:50:36.187, 0, 12288, 11868, 248
2026/10/01 23:50:36.392, 0, 12288, 11868, 248
2026/10/01 23:50:36.598, 0, 12288, 11868, 248
2026/10/01 23:50:36.805, 0, 12288, 11868, 248
2026/10/01 23:50:37.011, 0, 12288, 11868, 248
2026/10/01 23:50:37.218, 0, 12288, 11868, 248
2026/10/01 23:50:37.425, 0, 12288, 11868, 248
2026/10/01 23:50:37.629, 0, 12288, 11868, 248
2026/10/01 23:50:37.834, 0, 12288, 11868, 248
2026/10/01 23:50:38.040, 0, 12288, 11868, 248
2026/10/01 23:50:38.247, 0, 12288, 11868, 248
2026/10/01 23:50:38.454, 0, 12288, 11868, 248
2026/10/01 23:50:38.659, 0, 12288, 11868, 248
2026/10/01 23:50:38.867, 0, 12288, 11868, 248
2026/10/01 23:50:39.073, 0, 12288, 11868, 248
2026/10/01 23:50:39.279, 0, 12288, 11868, 248
2026/10/01 23:50:39.502, 0, 12288, 11868, 248
2026/10/01 23:50:39.706, 0, 12288, 11868, 248
2026/10/01 23:50:39.912, 0, 12288, 11868, 248
2026/10/01 23:50:40.119, 0, 12288, 11868, 248
2026/10/01 23:50:40.324, 0, 12288, 11868, 248
2026/10/01 23:50:40.528, 0, 12288, 11868, 248
2026/10/01 23:50:40.734, 0, 12288, 11868, 248
2026/10/01 23:50:40.940, 0, 12288, 11868, 248
2026/10/01 23:50:41.146, 0, 12288, 11868, 248
2026/10/01 23:50:41.353, 0, 12288, 11868, 248
2026/10/01 23:50:41.560, 0, 12288, 11868, 248
2026/10/01 23:50:41.765, 0, 12288, 11868, 248
2026/10/01 23:50:41.971, 0, 12288, 11868, 248
2026/10/01 23:50:42.177, 0, 12288, 11868, 248
2026/10/01 23:50:42.379, 0, 12288, 11868, 248
2026/10/01 23:50:42.584, 0, 12288, 11868, 248
2026/10/01 23:50:42.787, 0, 12288, 11868, 248
2026/10/01 23:50:42.992, 0, 12288, 11868, 248
2026/10/01 23:50:43.197, 0, 12288, 11868, 248
2026/10/01 23:50:43.403, 0, 12288, 11868, 248
2026/10/01 23:50:43.609, 0, 12288, 11868, 248
2026/10/01 23:50:43.813, 0, 12288, 11868, 248
2026/10/01 23:50:44.019, 0, 12288, 11868, 248
2026/10/01 23:50:44.224, 0, 12288, 11868, 248
2026/10/01 23:50:44.430, 0, 12288, 11868, 248
2026/10/01 23:50:44.634, 0, 12288, 11868, 248
2026/10/01 23:50:44.841, 0, 12288, 11868, 248
2026/10/01 23:50:45.047, 0, 12288, 11868, 248
2026/10/01 23:50:45.253, 0, 12288, 11868, 248
2026/10/01 23:50:45.459, 0, 12288, 11868, 248
2026/10/01 23:50:45.665, 0, 12288, 11868, 248
2026/10/01 23:50:45.870, 0, 12288, 11868, 248
2026/10/01 23:50:46.076, 0, 12288, 11868, 248
2026/10/01 23:50:46.281, 0, 12288, 11868, 248
2026/10/01 23:50:46.487, 0, 12288, 11868, 248
2026/10/01 23:50:46.694, 0, 12288, 11868, 248
2026/10/01 23:50:46.899, 0, 12288, 11868, 248
2026/10/01 23:50:47.105, 0, 12288, 11868, 248
2026/10/01 23:50:47.311, 0, 12288, 11868, 248
2026/10/01 23:50:47.517, 0, 12288, 11868, 248
2026/10/01 23:50:47.725, 0, 12288, 11868, 248
2026/10/01 23:50:47.931, 0, 12288, 11868, 248
2026/10/01 23:50:48.135, 0, 12288, 11868, 248
2026/10/01 23:50:48.341, 0, 12288, 11868, 248
2026/10/01 23:50:48.548, 0, 12288, 11868, 248
2026/10/01 23:50:48.756, 0, 12288, 11868, 248
2026/10/01 23:50:48.961, 0, 12288, 11868, 248
2026/10/01 23:50:49.165, 0, 12288, 11868, 248
2026/10/01 23:50:49.371, 0, 12288, 11868, 248
2026/10/01 23:50:49.577, 0, 12288, 11868, 248
2026/10/01 23:50:49.784, 0, 12288, 11868, 248
2026/10/01 23:50:49.989, 0, 12288, 11868, 248
2026/10/01 23:50:50.194, 0, 12288, 11868, 248
2026/10/01 23:50:50.399, 0, 12288, 11868, 248
2026/10/01 23:50:50.605, 0, 12288, 11868, 248
2026/10/01 23:50:50.809, 0, 12288, 11868, 248
2026/10/01 23:50:51.016, 0, 12288, 11868, 248
2026/10/01 23:50:51.224, 0, 12288, 11868, 248
2026/10/01 23:50:51.430, 0, 12288, 11868, 248
2026/10/01 23:50:51.635, 0, 12288, 11868, 248
2026/10/01 23:50:51.842, 0, 12288, 11868, 248
2026/10/01 23:50:52.048, 0, 12288, 11868, 248
2026/10/01 23:50:52.255, 0, 12288, 11868, 248
2026/10/01 23:50:52.462, 0, 12288, 11868, 248
2026/10/01 23:50:52.668, 0, 12288, 11868, 248
2026/10/01 23:50:52.875, 0, 12288, 11868, 248
2026/10/01 23:50:53.081, 0, 12288, 11868, 248
2026/10/01 23:50:53.288, 0, 12288, 11868, 248
2026/10/01 23:50:53.493, 0, 12288, 11868, 248
2026/10/01 23:50:53.698, 0, 12288, 11868, 248
2026/10/01 23:50:53.902, 0, 12288, 11868, 248
2026/10/01 23:50:54.109, 0, 12288, 11868, 248
2026/10/01 23:50:54.315, 0, 12288, 11868, 248
2026/10/01 23:50:54.523, 0, 12288, 11868, 248
2026/10/01 23:50:54.731, 0, 12288, 11868, 248
2026/10/01 23:50:54.938, 0, 12288, 11868, 248
2026/10/01 23:50:55.143, 0, 12288, 11868, 248
2026/10/01 23:50:55.347, 0, 12288, 11868, 248
2026/10/01 23:50:55.554, 0, 12288, 11868, 248
2026/10/01 23:50:55.759, 0, 12288, 11868, 248
2026/10/01 23:50:55.965, 0, 12288, 11868, 248
2026/10/01 23:50:56.171, 0, 12288, 11868, 248
2026/10/01 23:50:56.378, 0, 12288, 11868, 248
2026/10/01 23:50:56.583, 0, 12288, 11868, 248
2026/10/01 23:50:56.790, 0, 12288, 11868, 248
2026/10/01 23:50:56.997, 0, 12288, 11868, 248
2026/10/01 23:50:57.218, 0, 12288, 11868, 248
2026/10/01 23:50:57.423, 0, 12288, 11868, 248
2026/10/01 23:50:57.628, 0, 12288, 11868, 248
2026/10/01 23:50:57.833, 0, 12288, 11868, 248
2026/10/01 23:50:58.039, 0, 12288, 11868, 248
2026/10/01 23:50:58.245, 0, 12288, 11868, 248
2026/10/01 23:50:58.451, 0, 12288, 11868, 248
2026/10/01 23:50:58.658, 0, 12288, 11868, 248
2026/10/01 23:50:58.864, 0, 12288, 11868, 248
2026/10/01 23:50:59.069, 0, 12288, 11868, 248
2026/10/01 23:50:59.274, 0, 12288, 11868, 248
2026/10/01 23:50:59.480, 0, 12288, 11868, 248
2026/10/01 23:50:59.686, 0, 12288, 11868, 248
2026/10/01 23:50:59.892, 0, 12288, 11868, 248
2026/10/01 23:51:00.097, 0, 12288, 11868, 248
2026/10/01 23:51:00.303, 0, 12288, 11868, 248
2026/10/01 23:51:00.508, 0, 12288, 11868, 248
2026/10/01 23:51:00.712, 0, 12288, 11868, 248
2026/10/01 23:51:00.919, 0, 12288, 11868, 248
2026/10/01 23:51:01.123, 0, 12288, 11868, 248
2026/10/01 23:51:01.329, 0, 12288, 11868, 248
2026/10/01 23:51:01.534, 0, 12288, 11868, 248
2026/10/01 23:51:01.739, 0, 12288, 11868, 248
2026/10/01 23:51:01.945, 0, 12288, 11868, 248
2026/10/01 23:51:02.149, 0, 12288, 11868, 248
2026/10/01 23:51:02.356, 0, 12288, 11868, 248
2026/10/01 23:51:02.563, 0, 12288, 11868, 248
2026/10/01 23:51:02.767, 0, 12288, 11868, 248
2026/10/01 23:51:02.973, 0, 12288, 11868, 248
2026/10/01 23:51:03.178, 0, 12288, 11868, 248
2026/10/01 23:51:03.384, 0, 12288, 11868, 248
2026/10/01 23:51:03.588, 0, 12288, 11868, 248
2026/10/01 23:51:03.794, 0, 12288, 11868, 248
2026/10/01 23:51:04.002, 0, 12288, 11868, 248
2026/10/01 23:51:04.208, 0, 12288, 11868, 248
2026/10/01 23:51:04.414, 0, 12288, 11868, 248
2026/10/01 23:51:04.621, 0, 12288, 11868, 248
2026/10/01 23:51:04.824, 0, 12288, 11868, 248
2026/10/01 23:51:05.031, 0, 12288, 11868, 248
2026/10/01 23:51:05.237, 0, 12288, 11868, 248
2026/10/01 23:51:05.442, 0, 12288, 11868, 248
2026/10/01 23:51:05.649, 0, 12288, 11868, 248
2026/10/01 23:51:05.855, 0, 12288, 11868, 248
2026/10/01 23:51:06.061, 0, 12288, 11868, 248
2026/10/01 23:51:06.267, 0, 12288, 11868, 248
2026/10/01 23:51:06.472, 0, 12288, 11868, 248
2026/10/01 23:51:06.681, 0, 12288, 11868, 248
2026/10/01 23:51:06.886, 0, 12288, 11868, 248
2026/10/01 23:51:07.092, 0, 12288, 11868, 248
2026/10/01 23:51:07.297, 0, 12288, 11868, 248
2026/10/01 23:51:07.503, 0, 12288, 11868, 248
2026/10/01 23:51:07.710, 0, 12288, 11868, 248
2026/10/01 23:51:07.915, 0, 12288, 11868, 248
2026/10/01 23:51:08.121, 0, 12288, 11868, 248
2026/10/01 23:51:08.326, 0, 12288, 11868, 248
2026/10/01 23:51:08.531, 0, 12288, 11868, 248
2026/10/01 23:51:08.737, 0, 12288, 11868, 248
2026/10/01 23:51:08.944, 0, 12288, 11868, 248
2026/10/01 23:51:09.149, 0, 12288, 11868, 248
2026/10/01 23:51:09.354, 0, 12288, 11868, 248
2026/10/01 23:51:09.558, 0, 12288, 11868, 248
2026/10/01 23:51:09.763, 0, 12288, 11868, 248
2026/10/01 23:51:09.970, 0, 12288, 11868, 248
2026/10/01 23:51:10.176, 0, 12288, 11868, 248
2026/10/01 23:51:10.384, 0, 12288, 11868, 248
2026/10/01 23:51:10.590, 0, 12288, 11868, 248
2026/10/01 23:51:10.795, 0, 12288, 11868, 248
2026/10/01 23:51:11.001, 0, 12288, 11868, 248
2026/10/01 23:51:11.206, 0, 12288, 11868, 248
2026/10/01 23:51:11.410, 0, 12288, 11868, 248
2026/10/01 23:51:11.615, 0, 12288, 11868, 248
2026/10/01 23:51:11.821, 0, 12288, 11868, 248
2026/10/01 23:51:12.026, 0, 12288, 11868, 248
2026/10/01 23:51:12.232, 0, 12288, 11868, 248
2026/10/01 23:51:12.441, 0, 12288, 11868, 248
2026/10/01 23:51:12.645, 0, 12288, 11868, 248
2026/10/01 23:51:12.851, 0, 12288, 11868, 248
2026/10/01 23:51:13.057, 0, 12288, 11868, 248
2026/10/01 23:51:13.260, 0, 12288, 11868, 248
2026/10/01 23:51:13.466, 0, 12288, 11868, 248
2026/10/01 23:51:13.672, 0, 12288, 11868, 248
2026/10/01 23:51:13.877, 0, 12288, 11868, 248
2026/10/01 23:51:14.083, 0, 12288, 11868, 248
2026/10/01 23:51:14.290, 0, 12288, 11868, 248
2026/10/01 23:51:14.497, 0, 12288, 11868, 248
2026/10/01 23:51:14.703, 0, 12288, 11868, 248
2026/10/01 23:51:14.907, 0, 12288, 11868, 248
2026/10/01 23:51:15.115, 0, 12288, 11868, 248
2026/10/01 23:51:15.319, 0, 12288, 11868, 248
2026/10/01 23:51:15.526, 0, 12288, 11868, 248
2026/10/01 23:51:15.730, 0, 12288, 11868, 248
2026/10/01 23:51:15.936, 0, 12288, 11868, 248
2026/10/01 23:51:16.141, 0, 12288, 11868, 248
2026/10/01 23:51:16.347, 0, 12288, 11868, 248
2026/10/01 23:51:16.554, 0, 12288, 11868, 248
2026/10/01 23:51:16.760, 0, 12288, 11868, 248
2026/10/01 23:51:16.966, 0, 12288, 11868, 248
2026/10/01 23:51:17.171, 0, 12288, 11868, 248
2026/10/01 23:51:17.377, 0, 12288, 11868, 248
2026/10/01 23:51:17.584, 0, 12288, 11868, 248
2026/10/01 23:51:17.791, 0, 12288, 11868, 248
2026/10/01 23:51:17.997, 0, 12288, 11868, 248
2026/10/01 23:51:18.203, 0, 12288, 11868, 248
2026/10/01 23:51:18.407, 0, 12288, 11868, 248
2026/10/01 23:51:18.612, 0, 12288, 11868, 248
2026/10/01 23:51:18.818, 0, 12288, 11868, 248
2026/10/01 23:51:19.025, 0, 12288, 11868, 248
2026/10/01 23:51:19.232, 0, 12288, 11868, 248
2026/10/01 23:51:19.439, 0, 12288, 11868, 248
2026/10/01 23:51:19.645, 0, 12288, 11868, 248
2026/10/01 23:51:19.851, 0, 12288, 11868, 248
2026/10/01 23:51:20.057, 0, 12288, 11868, 248
2026/10/01 23:51:20.265, 0, 12288, 11868, 248
2026/10/01 23:51:20.470, 0, 12288, 11868, 248
2026/10/01 23:51:20.677, 0, 12288, 11868, 248
2026/10/01 23:51:20.881, 0, 12288, 11868, 248
2026/10/01 23:51:21.088, 0, 12288, 11868, 248
2026/10/01 23:51:21.295, 0, 12288, 11868, 248
2026/10/01 23:51:21.501, 0, 12288, 11868, 248
2026/10/01 23:51:21.707, 0, 12288, 11868, 248
2026/10/01 23:51:21.913, 0, 12288, 11868, 248
2026/10/01 23:51:22.119, 0, 12288, 11868, 248
2026/10/01 23:51:22.326, 0, 12288, 11868, 248
2026/10/01 23:51:22.532, 0, 12288, 11868, 248
2026/10/01 23:51:22.736, 0, 12288, 11868, 248
2026/10/01 23:51:22.940, 0, 12288, 11868, 248
2026/10/01 23:51:23.146, 0, 12288, 11868, 248
2026/10/01 23:51:23.350, 0, 12288, 11868, 248
2026/10/01 23:51:23.555, 0, 12288, 11868, 248
2026/10/01 23:51:23.762, 0, 12288, 11868, 248
2026/10/01 23:51:23.968, 0, 12288, 11868, 248
2026/10/01 23:51:24.173, 0, 12288, 11868, 248
2026/10/01 23:51:24.379, 0, 12288, 11868, 248
2026/10/01 23:51:24.586, 0, 12288, 11868, 248
2026/10/01 23:51:24.792, 0, 12288, 11868, 248
2026/10/01 23:51:24.998, 0, 12288, 11868, 248
2026/10/01 23:51:25.203, 0, 12288, 11868, 248
2026/10/01 23:51:25.408, 0, 12288, 11868, 248
2026/10/01 23:51:25.614, 0, 12288, 11868, 248
2026/10/01 23:51:25.820, 0, 12288, 11868, 248
2026/10/01 23:51:26.027, 0, 12288, 11868, 248
2026/10/01 23:51:26.232, 0, 12288, 11868, 248
2026/10/01 23:51:26.438, 0, 12288, 11868, 248
2026/10/01 23:51:26.644, 0, 12288, 11868, 248
2026/10/01 23:51:26.847, 0, 12288, 11868, 248
2026/10/01 23:51:27.049, 0, 12288, 11868, 248
2026/10/01 23:51:27.255, 0, 12288, 11868, 248
2026/10/01 23:51:27.461, 0, 12288, 11868, 248
2026/10/01 23:51:27.668, 0, 12288, 11868, 248
2026/10/01 23:51:27.873, 0, 12288, 11868, 248
2026/10/01 23:51:28.080, 0, 12288, 11868, 248
2026/10/01 23:51:28.288, 0, 12288, 11868, 248
2026/10/01 23:51:28.492, 0, 12288, 11868, 248
2026/10/01 23:51:28.699, 0, 12288, 11868, 248
2026/10/01 23:51:28.903, 0, 12288, 11868, 248
2026/10/01 23:51:29.109, 0, 12288, 11868, 248
2026/10/01 23:51:29.313, 0, 12288, 11868, 248
2026/10/01 23:51:29.517, 0, 12288, 11868, 248
2026/10/01 23:51:29.721, 0, 12288, 11868, 248
2026/10/01 23:51:29.923, 0, 12288, 11868, 248
2026/10/01 23:51:30.125, 0, 12288, 11868, 248
2026/10/01 23:51:30.330, 0, 12288, 11868, 248
2026/10/01 23:51:30.536, 0, 12288, 11868, 248
2026/10/01 23:51:30.741, 0, 12288, 11868, 248
2026/10/01 23:51:30.946, 0, 12288, 11868, 248
2026/10/01 23:51:31.152, 0, 12288, 11868, 248
2026/10/01 23:51:31.356, 0, 12288, 11868, 248
2026/10/01 23:51:31.564, 0, 12288, 11868, 248
2026/10/01 23:51:31.769, 0, 12288, 11868, 248
2026/10/01 23:51:31.976, 0, 12288, 11868, 248
2026/10/01 23:51:32.182, 0, 12288, 11868, 248
2026/10/01 23:51:32.387, 0, 12288, 11868, 248
2026/10/01 23:51:32.593, 0, 12288, 11868, 248
2026/10/01 23:51:32.800, 0, 12288, 11868, 248
2026/10/01 23:51:33.003, 0, 12288, 11868, 248
2026/10/01 23:51:33.211, 0, 12288, 11868, 248
2026/10/01 23:51:33.418, 0, 12288, 11868, 248
2026/10/01 23:51:33.624, 0, 12288, 11868, 248
2026/10/01 23:51:33.828, 0, 12288, 11868, 248
2026/10/01 23:51:34.034, 0, 12288, 11868, 248
2026/10/01 23:51:34.240, 0, 12288, 11868, 248
2026/10/01 23:51:34.446, 0, 12288, 11868, 248
2026/10/01 23:51:34.651, 0, 12288, 11868, 248
2026/10/01 23:51:34.855, 0, 12288, 11868, 248
2026/10/01 23:51:35.063, 0, 12288, 11868, 248
2026/10/01 23:51:35.268, 0, 12288, 11868, 248
2026/10/01 23:51:35.472, 0, 12288, 11868, 248
2026/10/01 23:51:35.678, 0, 12288, 11868, 248
2026/10/01 23:51:35.885, 0, 12288, 11868, 248
2026/10/01 23:51:36.091, 0, 12288, 11868, 248
2026/10/01 23:51:36.298, 0, 12288, 11868, 248
2026/10/01 23:51:36.504, 0, 12288, 11868, 248
2026/10/01 23:51:36.708, 0, 12288, 11868, 248
2026/10/01 23:51:36.915, 0, 12288, 11868, 248
2026/10/01 23:51:37.119, 0, 12288, 11868, 248
2026/10/01 23:51:37.322, 0, 12288, 11868, 248
2026/10/01 23:51:37.528, 0, 12288, 11868, 248
2026/10/01 23:51:37.733, 0, 12288, 11868, 248
2026/10/01 23:51:37.939, 0, 12288, 11868, 248
2026/10/01 23:51:38.145, 0, 12288, 11868, 248
2026/10/01 23:51:38.351, 0, 12288, 11868, 248
2026/10/01 23:51:38.558, 0, 12288, 11868, 248
2026/10/01 23:51:38.763, 0, 12288, 11868, 248
2026/10/01 23:51:38.970, 0, 12288, 11868, 248
2026/10/01 23:51:39.174, 0, 12288, 11868, 248
2026/10/01 23:51:39.377, 0, 12288, 11868, 248
2026/10/01 23:51:39.580, 0, 12288, 11868, 248
2026/10/01 23:51:39.786, 0, 12288, 11868, 248
2026/10/01 23:51:39.990, 0, 12288, 11868, 248
2026/10/01 23:51:40.194, 0, 12288, 11868, 248
2026/10/01 23:51:40.401, 0, 12288, 11868, 248
2026/10/01 23:51:40.607, 0, 12288, 11868, 248
2026/10/01 23:51:40.812, 0, 12288, 11868, 248
2026/10/01 23:51:41.019, 0, 12288, 11868, 248
2026/10/01 23:51:41.223, 0, 12288, 11868, 248
2026/10/01 23:51:41.428, 0, 12288, 11868, 248
2026/10/01 23:51:41.634, 0, 12288, 11868, 248
2026/10/01 23:51:41.840, 0, 12288, 11868, 248
2026/10/01 23:51:42.045, 0, 12288, 11868, 248
2026/10/01 23:51:42.248, 0, 12288, 11868, 248
2026/10/01 23:51:42.452, 0, 12288, 11868, 248
2026/10/01 23:51:42.658, 0, 12288, 11868, 248
2026/10/01 23:51:42.863, 0, 12288, 11868, 248
2026/10/01 23:51:43.069, 0, 12288, 11868, 248
2026/10/01 23:51:43.274, 0, 12288, 11868, 248
2026/10/01 23:51:43.476, 0, 12288, 11868, 248
2026/10/01 23:51:43.683, 0, 12288, 11868, 248
2026/10/01 23:51:43.889, 0, 12288, 11868, 248
2026/10/01 23:51:44.095, 0, 12288, 11868, 248
2026/10/01 23:51:44.301, 0, 12288, 11868, 248
2026/10/01 23:51:44.507, 0, 12288, 11868, 248
2026/10/01 23:51:44.714, 0, 12288, 11868, 248
2026/10/01 23:51:44.920, 0, 12288, 11868, 248
2026/10/01 23:51:45.126, 0, 12288, 11868, 248
2026/10/01 23:51:45.331, 0, 12288, 11868, 248
2026/10/01 23:51:45.534, 0, 12288, 11868, 248
2026/10/01 23:51:45.740, 0, 12288, 11868, 248
2026/10/01 23:51:45.946, 0, 12288, 11868, 248
2026/10/01 23:51:46.152, 0, 12288, 11868, 248
2026/10/01 23:51:46.356, 0, 12288, 11868, 248
2026/10/01 23:51:46.562, 0, 12288, 11868, 248
2026/10/01 23:51:46.766, 0, 12288, 11868, 248
2026/10/01 23:51:46.970, 0, 12288, 11868, 248
2026/10/01 23:51:47.176, 0, 12288, 11868, 248
2026/10/01 23:51:47.380, 0, 12288, 11868, 248
2026/10/01 23:51:47.585, 0, 12288, 11868, 248
2026/10/01 23:51:47.792, 0, 12288, 11868, 248
2026/10/01 23:51:47.996, 0, 12288, 11868, 248
2026/10/01 23:51:48.199, 0, 12288, 11868, 248
2026/10/01 23:51:48.406, 0, 12288, 11868, 248
2026/10/01 23:51:48.610, 0, 12288, 11868, 248
2026/10/01 23:51:48.814, 0, 12288, 11868, 248
2026/10/01 23:51:49.022, 0, 12288, 11868, 248
2026/10/01 23:51:49.224, 0, 12288, 11868, 248
2026/10/01 23:51:49.431, 0, 12288, 11868, 248
2026/10/01 23:51:49.635, 0, 12288, 11868, 248
2026/10/01 23:51:49.839, 0, 12288, 11868, 248
2026/10/01 23:51:50.045, 0, 12288, 11868, 248
2026/10/01 23:51:50.249, 0, 12288, 11868, 248
2026/10/01 23:51:50.455, 0, 12288, 11868, 248
2026/10/01 23:51:50.662, 0, 12288, 11868, 248
2026/10/01 23:51:50.866, 0, 12288, 11868, 248
2026/10/01 23:51:51.069, 0, 12288, 11868, 248
2026/10/01 23:51:51.277, 0, 12288, 11868, 248
2026/10/01 23:51:51.481, 0, 12288, 11868, 248
2026/10/01 23:51:51.686, 0, 12288, 11868, 248
2026/10/01 23:51:51.891, 0, 12288, 11868, 248
2026/10/01 23:51:52.094, 0, 12288, 11868, 248
2026/10/01 23:51:52.302, 0, 12288, 11868, 248
2026/10/01 23:51:52.509, 0, 12288, 11868, 248
2026/10/01 23:51:52.714, 0, 12288, 11868, 248
2026/10/01 23:51:52.919, 0, 12288, 11868, 248
2026/10/01 23:51:53.125, 0, 12288, 11868, 248
2026/10/01 23:51:53.329, 0, 12288, 11868, 248
2026/10/01 23:51:53.534, 0, 12288, 11868, 248
2026/10/01 23:51:53.738, 0, 12288, 11868, 248
2026/10/01 23:51:53.942, 0, 12288, 11868, 248
2026/10/01 23:51:54.150, 0, 12288, 11868, 248
2026/10/01 23:51:54.355, 0, 12288, 11868, 248
2026/10/01 23:51:54.558, 0, 12288, 11868, 248
2026/10/01 23:51:54.764, 0, 12288, 11868, 248
2026/10/01 23:51:54.969, 0, 12288, 11868, 248
2026/10/01 23:51:55.175, 0, 12288, 11868, 248
2026/10/01 23:51:55.380, 0, 12288, 11868, 248
2026/10/01 23:51:55.580, 0, 12288, 11868, 248
2026/10/01 23:51:55.787, 0, 12288, 11868, 248
2026/10/01 23:51:55.992, 0, 12288, 11868, 248
2026/10/01 23:51:56.196, 0, 12288, 11868, 248
2026/10/01 23:51:56.402, 0, 12288, 11868, 248
2026/10/01 23:51:56.608, 0, 12288, 11868, 248
2026/10/01 23:51:56.813, 0, 12288, 11868, 248
2026/10/01 23:51:57.019, 0, 12288, 11868, 248
2026/10/01 23:51:57.224, 0, 12288, 11868, 248
2026/10/01 23:51:57.430, 0, 12288, 11868, 248
2026/10/01 23:51:57.634, 0, 12288, 11868, 248
2026/10/01 23:51:57.840, 0, 12288, 11868, 248
2026/10/01 23:51:58.044, 0, 12288, 11868, 248
2026/10/01 23:51:58.251, 0, 12288, 11868, 248
2026/10/01 23:51:58.457, 0, 12288, 11868, 248
2026/10/01 23:51:58.664, 0, 12288, 11868, 248
2026/10/01 23:51:58.870, 0, 12288, 11868, 248
2026/10/01 23:51:59.077, 0, 12288, 11868, 248
2026/10/01 23:51:59.284, 0, 12288, 11868, 248
2026/10/01 23:51:59.491, 0, 12288, 11868, 248
2026/10/01 23:51:59.697, 0, 12288, 11868, 248
2026/10/01 23:51:59.920, 0, 12288, 11868, 248
2026/10/01 23:52:00.126, 0, 12288, 11868, 248
2026/10/01 23:52:00.333, 0, 12288, 11868, 248
2026/10/01 23:52:00.537, 0, 12288, 11868, 248
2026/10/01 23:52:00.743, 0, 12288, 11868, 248
2026/10/01 23:52:00.950, 0, 12288, 11868, 248
2026/10/01 23:52:01.154, 0, 12288, 11868, 248
2026/10/01 23:52:01.359, 0, 12288, 11868, 248
2026/10/01 23:52:01.565, 0, 12288, 11868, 248
2026/10/01 23:52:01.772, 0, 12288, 11868, 248
2026/10/01 23:52:01.975, 0, 12288, 11868, 248
2026/10/01 23:52:02.180, 0, 12288, 11868, 248
2026/10/01 23:52:02.383, 0, 12288, 11868, 248
2026/10/01 23:52:02.589, 0, 12288, 11868, 248
2026/10/01 23:52:02.794, 0, 12288, 11868, 248
2026/10/01 23:52:02.996, 0, 12288, 11868, 248
2026/10/01 23:52:03.202, 0, 12288, 11868, 248
2026/10/01 23:52:03.408, 0, 12288, 11868, 248
2026/10/01 23:52:03.612, 0, 12288, 11868, 248
2026/10/01 23:52:03.818, 0, 12288, 11868, 248
2026/10/01 23:52:04.023, 0, 12288, 11868, 248
2026/10/01 23:52:04.227, 0, 12288, 11868, 248
2026/10/01 23:52:04.432, 0, 12288, 11868, 248
2026/10/01 23:52:04.639, 0, 12288, 11868, 248
2026/10/01 23:52:04.843, 0, 12288, 11868, 248
2026/10/01 23:52:05.048, 0, 12288, 11868, 248
2026/10/01 23:52:05.255, 0, 12288, 11868, 248
2026/10/01 23:52:05.458, 0, 12288, 11868, 248
2026/10/01 23:52:05.664, 0, 12288, 11868, 248
2026/10/01 23:52:05.869, 0, 12288, 11868, 248
2026/10/01 23:52:06.074, 0, 12288, 11868, 248
2026/10/01 23:52:06.278, 0, 12288, 11868, 248
2026/10/01 23:52:06.485, 0, 12288, 11868, 248
2026/10/01 23:52:06.689, 0, 12288, 11868, 248
2026/10/01 23:52:06.892, 0, 12288, 11868, 248
2026/10/01 23:52:07.096, 0, 12288, 11868, 248
2026/10/01 23:52:07.300, 0, 12288, 11868, 248
2026/10/01 23:52:07.504, 0, 12288, 11868, 248
2026/10/01 23:52:07.709, 0, 12288, 11868, 248
2026/10/01 23:52:07.914, 0, 12288, 11868, 248
2026/10/01 23:52:08.118, 0, 12288, 11868, 248
2026/10/01 23:52:08.326, 0, 12288, 11868, 248
2026/10/01 23:52:08.529, 0, 12288, 11868, 248
2026/10/01 23:52:08.734, 0, 12288, 11868, 248
2026/10/01 23:52:08.941, 0, 12288, 11868, 248
2026/10/01 23:52:09.146, 0, 12288, 11868, 248
2026/10/01 23:52:09.350, 0, 12288, 11868, 248
2026/10/01 23:52:09.557, 0, 12288, 11868, 248
2026/10/01 23:52:09.761, 0, 12288, 11868, 248
2026/10/01 23:52:09.967, 0, 12288, 11868, 248
2026/10/01 23:52:10.173, 0, 12288, 11868, 248
2026/10/01 23:52:10.376, 0, 12288, 11868, 248
2026/10/01 23:52:10.582, 0, 12288, 11868, 248
2026/10/01 23:52:10.789, 0, 12288, 11868, 248
2026/10/01 23:52:10.991, 0, 12288, 11868, 248
2026/10/01 23:52:11.198, 0, 12288, 11868, 248
2026/10/01 23:52:11.404, 0, 12288, 11868, 248
2026/10/01 23:52:11.611, 0, 12288, 11868, 248
2026/10/01 23:52:11.812, 0, 12288, 11868, 248
2026/10/01 23:52:12.018, 0, 12288, 11868, 248
2026/10/01 23:52:12.223, 0, 12288, 11868, 248
2026/10/01 23:52:12.427, 0, 12288, 11868, 248
2026/10/01 23:52:12.633, 0, 12288, 11868, 248
2026/10/01 23:52:12.839, 0, 12288, 11868, 248
2026/10/01 23:52:13.042, 0, 12288, 11868, 248
2026/10/01 23:52:13.244, 0, 12288, 11868, 248
2026/10/01 23:52:13.451, 0, 12288, 11868, 248
2026/10/01 23:52:13.655, 0, 12288, 11868, 248
2026/10/01 23:52:13.860, 0, 12288, 11868, 248
2026/10/01 23:52:14.066, 0, 12288, 11868, 248
2026/10/01 23:52:14.281, 0, 12288, 11868, 248
2026/10/01 23:52:14.487, 0, 12288, 11868, 248
2026/10/01 23:52:14.692, 0, 12288, 11868, 248
2026/10/01 23:52:14.914, 0, 12288, 11868, 248
2026/10/01 23:52:15.121, 0, 12288, 11868, 248
2026/10/01 23:52:15.328, 0, 12288, 11868, 248
2026/10/01 23:52:15.533, 0, 12288, 11868, 248
2026/10/01 23:52:15.739, 0, 12288, 11868, 248
2026/10/01 23:52:15.944, 0, 12288, 11868, 248
2026/10/01 23:52:16.152, 0, 12288, 11868, 248
2026/10/01 23:52:16.356, 0, 12288, 11868, 248
2026/10/01 23:52:16.561, 0, 12288, 11868, 248
2026/10/01 23:52:16.765, 0, 12288, 11868, 248
2026/10/01 23:52:16.969, 0, 12288, 11868, 248
2026/10/01 23:52:17.175, 0, 12288, 11868, 248
2026/10/01 23:52:17.378, 0, 12288, 11868, 248
2026/10/01 23:52:17.583, 0, 12288, 11868, 248
2026/10/01 23:52:17.790, 0, 12288, 11868, 248
2026/10/01 23:52:17.996, 0, 12288, 11868, 248
2026/10/01 23:52:18.201, 0, 12288, 11868, 248
2026/10/01 23:52:18.406, 0, 12288, 11868, 248
2026/10/01 23:52:18.612, 0, 12288, 11868, 248
2026/10/01 23:52:18.818, 0, 12288, 11868, 248
2026/10/01 23:52:19.024, 0, 12288, 11868, 248
2026/10/01 23:52:19.230, 0, 12288, 11868, 248
2026/10/01 23:52:19.438, 0, 12288, 11868, 248
2026/10/01 23:52:19.644, 0, 12288, 11868, 248
2026/10/01 23:52:19.849, 0, 12288, 11868, 248
2026/10/01 23:52:20.054, 0, 12288, 11868, 248
2026/10/01 23:52:20.260, 0, 12288, 11868, 248
2026/10/01 23:52:20.467, 0, 12288, 11868, 248
2026/10/01 23:52:20.671, 0, 12288, 11868, 248
2026/10/01 23:52:20.877, 0, 12288, 11868, 248
2026/10/01 23:52:21.081, 0, 12288, 11868, 248
2026/10/01 23:52:21.286, 0, 12288, 11868, 248
2026/10/01 23:52:21.492, 0, 12288, 11868, 248
2026/10/01 23:52:21.698, 0, 12288, 11868, 248
2026/10/01 23:52:21.901, 0, 12288, 11868, 248
2026/10/01 23:52:22.107, 0, 12288, 11868, 248
2026/10/01 23:52:22.313, 0, 12288, 11868, 248
2026/10/01 23:52:22.519, 0, 12288, 11868, 248
2026/10/01 23:52:22.725, 0, 12288, 11868, 248
2026/10/01 23:52:22.930, 0, 12288, 11868, 248
2026/10/01 23:52:23.136, 0, 12288, 11868, 248
2026/10/01 23:52:23.341, 0, 12288, 11868, 248
2026/10/01 23:52:23.547, 0, 12288, 11868, 248
2026/10/01 23:52:23.753, 0, 12288, 11868, 248
2026/10/01 23:52:23.958, 0, 12288, 11868, 248
2026/10/01 23:52:24.161, 0, 12288, 11868, 248
2026/10/01 23:52:24.366, 0, 12288, 11868, 248
2026/10/01 23:52:24.573, 0, 12288, 11868, 248
2026/10/01 23:52:24.777, 0, 12288, 11868, 248
2026/10/01 23:52:24.984, 0, 12288, 11868, 248
2026/10/01 23:52:25.190, 0, 12288, 11868, 248
2026/10/01 23:52:25.396, 0, 12288, 11868, 248
2026/10/01 23:52:25.601, 0, 12288, 11868, 248
2026/10/01 23:52:25.807, 0, 12288, 11868, 248
2026/10/01 23:52:26.013, 0, 12288, 11868, 248
2026/10/01 23:52:26.218, 0, 12288, 11868, 248
2026/10/01 23:52:26.425, 0, 12288, 11868, 248
2026/10/01 23:52:26.632, 0, 12288, 11868, 248
2026/10/01 23:52:26.839, 0, 12288, 11868, 248
2026/10/01 23:52:27.044, 0, 12288, 11868, 248
2026/10/01 23:52:27.248, 0, 12288, 11868, 248
2026/10/01 23:52:27.455, 0, 12288, 11868, 248
2026/10/01 23:52:27.660, 0, 12288, 11868, 248
2026/10/01 23:52:27.866, 0, 12288, 11868, 248
2026/10/01 23:52:28.071, 0, 12288, 11868, 248
2026/10/01 23:52:28.277, 0, 12288, 11868, 248
2026/10/01 23:52:28.483, 0, 12288, 11868, 248
2026/10/01 23:52:28.689, 0, 12288, 11868, 248
2026/10/01 23:52:28.895, 0, 12288, 11868, 248
2026/10/01 23:52:29.102, 0, 12288, 11868, 248
2026/10/01 23:52:29.306, 0, 12288, 11868, 248
2026/10/01 23:52:29.512, 0, 12288, 11868, 248
2026/10/01 23:52:29.718, 0, 12288, 11868, 248
2026/10/01 23:52:29.924, 0, 12288, 11868, 248
2026/10/01 23:52:30.129, 0, 12288, 11868, 248
2026/10/01 23:52:30.336, 0, 12288, 11868, 248
2026/10/01 23:52:30.542, 0, 12288, 11868, 248
2026/10/01 23:52:30.748, 0, 12288, 11868, 248
2026/10/01 23:52:30.954, 0, 12288, 11868, 248
2026/10/01 23:52:31.159, 0, 12288, 11868, 248
2026/10/01 23:52:31.364, 0, 12288, 11868, 248
2026/10/01 23:52:31.569, 0, 12288, 11868, 248
2026/10/01 23:52:31.774, 0, 12288, 11868, 248
2026/10/01 23:52:31.979, 0, 12288, 11868, 248
2026/10/01 23:52:32.186, 0, 12288, 11868, 248
2026/10/01 23:52:32.392, 0, 12288, 11868, 248
2026/10/01 23:52:32.596, 0, 12288, 11868, 248
2026/10/01 23:52:32.802, 0, 12288, 11868, 248
2026/10/01 23:52:33.007, 0, 12288, 11868, 248
2026/10/01 23:52:33.212, 0, 12288, 11868, 248
2026/10/01 23:52:33.419, 0, 12288, 11868, 248
2026/10/01 23:52:33.625, 0, 12288, 11868, 248
2026/10/01 23:52:33.829, 0, 12288, 11868, 248
2026/10/01 23:52:34.035, 0, 12288, 11868, 248
2026/10/01 23:52:34.241, 0, 12288, 11868, 248
2026/10/01 23:52:34.448, 0, 12288, 11868, 248
2026/10/01 23:52:34.654, 0, 12288, 11868, 248
2026/10/01 23:52:34.861, 0, 12288, 11868, 248
2026/10/01 23:52:35.067, 0, 12288, 11868, 248
2026/10/01 23:52:35.272, 0, 12288, 11868, 248
2026/10/01 23:52:35.478, 0, 12288, 11868, 248
2026/10/01 23:52:35.685, 0, 12288, 11868, 248
2026/10/01 23:52:35.891, 0, 12288, 11868, 248
2026/10/01 23:52:36.097, 0, 12288, 11868, 248
2026/10/01 23:52:36.302, 0, 12288, 11868, 248
2026/10/01 23:52:36.509, 0, 12288, 11868, 248
2026/10/01 23:52:36.729, 0, 12288, 11868, 248
2026/10/01 23:52:36.935, 0, 12288, 11868, 248
2026/10/01 23:52:37.143, 0, 12288, 11868, 248
2026/10/01 23:52:37.346, 0, 12288, 11868, 248
2026/10/01 23:52:37.552, 0, 12288, 11868, 248
2026/10/01 23:52:37.758, 0, 12288, 11868, 248
2026/10/01 23:52:37.966, 0, 12288, 11868, 248
2026/10/01 23:52:38.173, 0, 12288, 11868, 248
2026/10/01 23:52:38.378, 0, 12288, 11868, 248
2026/10/01 23:52:38.585, 0, 12288, 11868, 248
2026/10/01 23:52:38.790, 0, 12288, 11868, 248
2026/10/01 23:52:38.995, 0, 12288, 11868, 248
2026/10/01 23:52:39.201, 0, 12288, 11868, 248
2026/10/01 23:52:39.407, 0, 12288, 11868, 248
2026/10/01 23:52:39.612, 0, 12288, 11868, 248
2026/10/01 23:52:39.819, 0, 12288, 11868, 248
2026/10/01 23:52:40.025, 0, 12288, 11868, 248
2026/10/01 23:52:40.232, 0, 12288, 11868, 248
2026/10/01 23:52:40.438, 0, 12288, 11868, 248
2026/10/01 23:52:40.644, 0, 12288, 11868, 248
2026/10/01 23:52:40.849, 0, 12288, 11868, 248
2026/10/01 23:52:41.055, 0, 12288, 11868, 248
2026/10/01 23:52:41.262, 0, 12288, 11868, 248
2026/10/01 23:52:41.466, 0, 12288, 11868, 248
2026/10/01 23:52:41.672, 0, 12288, 11868, 248
2026/10/01 23:52:41.878, 0, 12288, 11868, 248
2026/10/01 23:52:42.084, 0, 12288, 11868, 248
2026/10/01 23:52:42.290, 0, 12288, 11868, 248
2026/10/01 23:52:42.497, 0, 12288, 11868, 248
2026/10/01 23:52:42.703, 0, 12288, 11868, 248
2026/10/01 23:52:42.909, 0, 12288, 11868, 248
2026/10/01 23:52:43.114, 0, 12288, 11868, 248
2026/10/01 23:52:43.320, 0, 12288, 11868, 248
2026/10/01 23:52:43.541, 0, 12288, 11868, 248
2026/10/01 23:52:43.748, 0, 12288, 11868, 248
2026/10/01 23:52:43.955, 0, 12288, 11868, 248
2026/10/01 23:52:44.161, 0, 12288, 11868, 248
2026/10/01 23:52:44.367, 0, 12288, 11868, 248
2026/10/01 23:52:44.573, 0, 12288, 11868, 248
2026/10/01 23:52:44.778, 0, 12288, 11868, 248
2026/10/01 23:52:44.983, 0, 12288, 11868, 248
2026/10/01 23:52:45.188, 0, 12288, 11868, 248
2026/10/01 23:52:45.394, 0, 12288, 11868, 248
2026/10/01 23:52:45.599, 0, 12288, 11868, 248
2026/10/01 23:52:45.805, 0, 12288, 11868, 248
2026/10/01 23:52:46.011, 0, 12288, 11868, 248
2026/10/01 23:52:46.217, 0, 12288, 11868, 248
2026/10/01 23:52:46.422, 0, 12288, 11868, 248
2026/10/01 23:52:46.628, 0, 12288, 11868, 248
2026/10/01 23:52:46.834, 0, 12288, 11868, 248
2026/10/01 23:52:47.040, 0, 12288, 11868, 248
2026/10/01 23:52:47.245, 0, 12288, 11868, 248
2026/10/01 23:52:47.451, 0, 12288, 11868, 248
2026/10/01 23:52:47.658, 0, 12288, 11868, 248
2026/10/01 23:52:47.863, 0, 12288, 11868, 248
2026/10/01 23:52:48.069, 0, 12288, 11868, 248
2026/10/01 23:52:48.275, 0, 12288, 11868, 248
2026/10/01 23:52:48.482, 0, 12288, 11868, 248
2026/10/01 23:52:48.688, 0, 12288, 11868, 248
2026/10/01 23:52:48.894, 0, 12288, 11868, 248
2026/10/01 23:52:49.100, 0, 12288, 11868, 248
2026/10/01 23:52:49.306, 0, 12288, 11868, 248
2026/10/01 23:52:49.512, 0, 12288, 11868, 248
2026/10/01 23:52:49.717, 0, 12288, 11868, 248
2026/10/01 23:52:49.923, 0, 12288, 11868, 248
2026/10/01 23:52:50.129, 0, 12288, 11868, 248
2026/10/01 23:52:50.335, 0, 12288, 11868, 248
2026/10/01 23:52:50.542, 0, 12288, 11868, 248
2026/10/01 23:52:50.747, 0, 12288, 11868, 248
2026/10/01 23:52:50.954, 0, 12288, 11868, 248
2026/10/01 23:52:51.159, 0, 12288, 11868, 248
2026/10/01 23:52:51.365, 0, 12288, 11868, 248
2026/10/01 23:52:51.573, 0, 12288, 11868, 248
2026/10/01 23:52:51.779, 0, 12288, 11868, 248
2026/10/01 23:52:51.985, 0, 12288, 11868, 248
2026/10/01 23:52:52.188, 0, 12288, 11868, 248
2026/10/01 23:52:52.395, 0, 12288, 11868, 248
2026/10/01 23:52:52.601, 0, 12288, 11868, 248
2026/10/01 23:52:52.806, 0, 12288, 11868, 248
2026/10/01 23:52:53.012, 0, 12288, 11868, 248
2026/10/01 23:52:53.219, 0, 12288, 11868, 248
2026/10/01 23:52:53.424, 0, 12288, 11868, 248
2026/10/01 23:52:53.631, 0, 12288, 11868, 248
2026/10/01 23:52:53.837, 0, 12288, 11868, 248
2026/10/01 23:52:54.043, 0, 12288, 11868, 248
2026/10/01 23:52:54.250, 0, 12288, 11868, 248
2026/10/01 23:52:54.455, 0, 12288, 11868, 248
2026/10/01 23:52:54.662, 0, 12288, 11868, 248
2026/10/01 23:52:54.868, 0, 12288, 11868, 248
2026/10/01 23:52:55.074, 0, 12288, 11868, 248
2026/10/01 23:52:55.281, 0, 12288, 11868, 248
2026/10/01 23:52:55.487, 0, 12288, 11868, 248
2026/10/01 23:52:55.692, 0, 12288, 11868, 248
2026/10/01 23:52:55.900, 0, 12288, 11868, 248
2026/10/01 23:52:56.104, 0, 12288, 11868, 248
2026/10/01 23:52:56.308, 0, 12288, 11876, 240
2026/10/01 23:52:56.517, 0, 12288, 11876, 240
2026/10/01 23:52:56.722, 0, 12288, 11876, 240
2026/10/01 23:52:56.928, 0, 12288, 11876, 240
2026/10/01 23:52:57.134, 0, 12288, 11876, 240
2026/10/01 23:52:57.339, 0, 12288, 11876, 240
2026/10/01 23:52:57.544, 0, 12288, 11876, 240
2026/10/01 23:52:57.750, 0, 12288, 11876, 240
2026/10/01 23:52:57.958, 0, 12288, 11876, 240
2026/10/01 23:52:58.164, 0, 12288, 11876, 240
2026/10/01 23:52:58.370, 0, 12288, 11868, 248
2026/10/01 23:52:58.576, 0, 12288, 11868, 248
2026/10/01 23:52:58.782, 0, 12288, 11868, 248
2026/10/01 23:52:58.989, 0, 12288, 11868, 248
2026/10/01 23:52:59.195, 0, 12288, 11868, 248
2026/10/01 23:52:59.399, 0, 12288, 11868, 248
2026/10/01 23:52:59.606, 0, 12288, 11868, 248
2026/10/01 23:52:59.810, 0, 12288, 11868, 248
2026/10/01 23:53:00.017, 0, 12288, 11868, 248
2026/10/01 23:53:00.221, 0, 12288, 11868, 248
2026/10/01 23:53:00.427, 0, 12288, 11868, 248
2026/10/01 23:53:00.632, 0, 12288, 11868, 248
2026/10/01 23:53:00.839, 0, 12288, 11868, 248
2026/10/01 23:53:01.046, 0, 12288, 11868, 248
2026/10/01 23:53:01.267, 0, 12288, 11868, 248
2026/10/01 23:53:01.473, 0, 12288, 11868, 248
2026/10/01 23:53:01.678, 0, 12288, 11868, 248
2026/10/01 23:53:01.883, 0, 12288, 11868, 248
2026/10/01 23:53:02.088, 0, 12288, 11868, 248
2026/10/01 23:53:02.293, 0, 12288, 11868, 248
2026/10/01 23:53:02.497, 0, 12288, 11868, 248
2026/10/01 23:53:02.703, 0, 12288, 11868, 248
2026/10/01 23:53:02.910, 0, 12288, 11868, 248
2026/10/01 23:53:03.116, 0, 12288, 11868, 248
2026/10/01 23:53:03.321, 0, 12288, 11868, 248
2026/10/01 23:53:03.528, 0, 12288, 11868, 248
2026/10/01 23:53:03.733, 0, 12288, 11868, 248
2026/10/01 23:53:03.937, 0, 12288, 11868, 248
2026/10/01 23:53:04.143, 0, 12288, 11868, 248
2026/10/01 23:53:04.348, 0, 12288, 11868, 248
2026/10/01 23:53:04.552, 0, 12288, 11868, 248
2026/10/01 23:53:04.759, 0, 12288, 11868, 248
2026/10/01 23:53:04.966, 0, 12288, 11868, 248
2026/10/01 23:53:05.172, 0, 12288, 11868, 248
2026/10/01 23:53:05.379, 0, 12288, 11868, 248
2026/10/01 23:53:05.585, 0, 12288, 11868, 248
2026/10/01 23:53:05.790, 0, 12288, 11868, 248
2026/10/01 23:53:05.997, 0, 12288, 11868, 248
2026/10/01 23:53:06.202, 0, 12288, 11868, 248
2026/10/01 23:53:06.409, 0, 12288, 11868, 248
2026/10/01 23:53:06.615, 0, 12288, 11868, 248
2026/10/01 23:53:06.820, 0, 12288, 11868, 248
2026/10/01 23:53:07.028, 0, 12288, 11868, 248
2026/10/01 23:53:07.234, 0, 12288, 11868, 248
2026/10/01 23:53:07.439, 0, 12288, 11868, 248
2026/10/01 23:53:07.645, 0, 12288, 11868, 248
2026/10/01 23:53:07.851, 0, 12288, 11868, 248
2026/10/01 23:53:08.055, 0, 12288, 11868, 248
2026/10/01 23:53:08.261, 0, 12288, 11868, 248
2026/10/01 23:53:08.466, 0, 12288, 11868, 248
2026/10/01 23:53:08.672, 0, 12288, 11868, 248
2026/10/01 23:53:08.877, 0, 12288, 11868, 248
2026/10/01 23:53:09.084, 0, 12288, 11868, 248
2026/10/01 23:53:09.290, 0, 12288, 11868, 248
2026/10/01 23:53:09.496, 0, 12288, 11868, 248
2026/10/01 23:53:09.702, 0, 12288, 11868, 248
2026/10/01 23:53:09.907, 0, 12288, 11868, 248
2026/10/01 23:53:10.113, 0, 12288, 11868, 248
2026/10/01 23:53:10.320, 0, 12288, 11868, 248
2026/10/01 23:53:10.526, 0, 12288, 11868, 248
2026/10/01 23:53:10.731, 0, 12288, 11868, 248
2026/10/01 23:53:10.937, 0, 12288, 11868, 248
2026/10/01 23:53:11.142, 0, 12288, 11868, 248
2026/10/01 23:53:11.348, 0, 12288, 11868, 248
2026/10/01 23:53:11.554, 0, 12288, 11868, 248
2026/10/01 23:53:11.761, 0, 12288, 11868, 248
2026/10/01 23:53:11.966, 0, 12288, 11868, 248
2026/10/01 23:53:12.173, 0, 12288, 11868, 248
2026/10/01 23:53:12.379, 0, 12288, 11868, 248
2026/10/01 23:53:12.585, 0, 12288, 11868, 248
2026/10/01 23:53:12.791, 0, 12288, 11868, 248
2026/10/01 23:53:12.997, 0, 12288, 11868, 248
2026/10/01 23:53:13.203, 0, 12288, 11868, 248
2026/10/01 23:53:13.409, 0, 12288, 11868, 248
2026/10/01 23:53:13.614, 0, 12288, 11868, 248
2026/10/01 23:53:13.821, 0, 12288, 11868, 248
2026/10/01 23:53:14.027, 0, 12288, 11868, 248
2026/10/01 23:53:14.232, 0, 12288, 11868, 248
2026/10/01 23:53:14.439, 0, 12288, 11868, 248
2026/10/01 23:53:14.646, 0, 12288, 11868, 248
2026/10/01 23:53:14.852, 0, 12288, 11868, 248
2026/10/01 23:53:15.058, 0, 12288, 11868, 248
2026/10/01 23:53:15.263, 0, 12288, 11868, 248
2026/10/01 23:53:15.469, 0, 12288, 11868, 248
2026/10/01 23:53:15.675, 0, 12288, 11868, 248
2026/10/01 23:53:15.882, 0, 12288, 11868, 248
2026/10/01 23:53:16.087, 0, 12288, 11868, 248
2026/10/01 23:53:16.292, 0, 12288, 11868, 248
2026/10/01 23:53:16.500, 0, 12288, 11868, 248
2026/10/01 23:53:16.705, 0, 12288, 11868, 248
2026/10/01 23:53:16.910, 0, 12288, 11868, 248
2026/10/01 23:53:17.117, 0, 12288, 11868, 248
2026/10/01 23:53:17.322, 0, 12288, 11868, 248
2026/10/01 23:53:17.527, 0, 12288, 11868, 248
2026/10/01 23:53:17.734, 0, 12288, 11868, 248
2026/10/01 23:53:17.940, 0, 12288, 11868, 248
2026/10/01 23:53:18.147, 0, 12288, 11868, 248
2026/10/01 23:53:18.353, 0, 12288, 11868, 248
2026/10/01 23:53:18.558, 0, 12288, 11868, 248
2026/10/01 23:53:18.764, 0, 12288, 11868, 248
2026/10/01 23:53:18.970, 0, 12288, 11868, 248
2026/10/01 23:53:19.176, 0, 12288, 11868, 248
2026/10/01 23:53:19.382, 0, 12288, 11868, 248
2026/10/01 23:53:19.587, 0, 12288, 11868, 248
2026/10/01 23:53:19.794, 0, 12288, 11868, 248
2026/10/01 23:53:20.000, 0, 12288, 11868, 248
2026/10/01 23:53:20.205, 0, 12288, 11868, 248
2026/10/01 23:53:20.413, 0, 12288, 11868, 248
2026/10/01 23:53:20.618, 0, 12288, 11868, 248
2026/10/01 23:53:20.824, 0, 12288, 11868, 248
2026/10/01 23:53:21.031, 0, 12288, 11868, 248
2026/10/01 23:53:21.238, 0, 12288, 11868, 248
2026/10/01 23:53:21.442, 0, 12288, 11868, 248
2026/10/01 23:53:21.648, 0, 12288, 11868, 248
2026/10/01 23:53:21.854, 0, 12288, 11868, 248
2026/10/01 23:53:22.060, 0, 12288, 11868, 248
2026/10/01 23:53:22.264, 0, 12288, 11868, 248
2026/10/01 23:53:22.472, 0, 12288, 11868, 248
2026/10/01 23:53:22.678, 0, 12288, 11868, 248
2026/10/01 23:53:22.885, 0, 12288, 11868, 248
2026/10/01 23:53:23.090, 0, 12288, 11868, 248
2026/10/01 23:53:23.295, 0, 12288, 11868, 248
2026/10/01 23:53:23.502, 0, 12288, 11868, 248
2026/10/01 23:53:23.710, 0, 12288, 11868, 248
2026/10/01 23:53:23.915, 0, 12288, 11868, 248
2026/10/01 23:53:24.121, 0, 12288, 11868, 248
2026/10/01 23:53:24.326, 0, 12288, 11868, 248
2026/10/01 23:53:24.532, 0, 12288, 11868, 248
2026/10/01 23:53:24.738, 0, 12288, 11868, 248
2026/10/01 23:53:24.944, 0, 12288, 11868, 248
2026/10/01 23:53:25.150, 0, 12288, 11868, 248
2026/10/01 23:53:25.354, 0, 12288, 11868, 248
2026/10/01 23:53:25.557, 0, 12288, 11868, 248
2026/10/01 23:53:25.762, 0, 12288, 11868, 248
2026/10/01 23:53:25.969, 0, 12288, 11868, 248
2026/10/01 23:53:26.175, 0, 12288, 11868, 248
2026/10/01 23:53:26.381, 0, 12288, 11868, 248
2026/10/01 23:53:26.586, 0, 12288, 11868, 248
2026/10/01 23:53:26.791, 0, 12288, 11868, 248
2026/10/01 23:53:26.997, 0, 12288, 11868, 248
2026/10/01 23:53:27.203, 0, 12288, 11868, 248
2026/10/01 23:53:27.410, 0, 12288, 11868, 248
2026/10/01 23:53:27.617, 0, 12288, 11868, 248
2026/10/01 23:53:27.823, 0, 12288, 11868, 248
2026/10/01 23:53:28.029, 0, 12288, 11868, 248
2026/10/01 23:53:28.233, 0, 12288, 11868, 248
2026/10/01 23:53:28.440, 0, 12288, 11868, 248
2026/10/01 23:53:28.644, 0, 12288, 11868, 248
2026/10/01 23:53:28.850, 0, 12288, 11868, 248
2026/10/01 23:53:29.057, 0, 12288, 11868, 248
2026/10/01 23:53:29.264, 0, 12288, 11868, 248
2026/10/01 23:53:29.469, 0, 12288, 11868, 248
2026/10/01 23:53:29.674, 0, 12288, 11868, 248
2026/10/01 23:53:29.896, 0, 12288, 11868, 248
2026/10/01 23:53:30.100, 0, 12288, 11868, 248
2026/10/01 23:53:30.304, 0, 12288, 11868, 248
2026/10/01 23:53:30.510, 0, 12288, 11868, 248
2026/10/01 23:53:30.716, 0, 12288, 11868, 248
2026/10/01 23:53:30.921, 0, 12288, 11868, 248
2026/10/01 23:53:31.125, 0, 12288, 11868, 248
2026/10/01 23:53:31.331, 0, 12288, 11868, 248
2026/10/01 23:53:31.538, 0, 12288, 11868, 248
2026/10/01 23:53:31.744, 0, 12288, 11868, 248
2026/10/01 23:53:31.951, 0, 12288, 11868, 248
2026/10/01 23:53:32.157, 0, 12288, 11868, 248
2026/10/01 23:53:32.360, 0, 12288, 11868, 248
2026/10/01 23:53:32.567, 0, 12288, 11868, 248
2026/10/01 23:53:32.772, 0, 12288, 11868, 248
2026/10/01 23:53:32.977, 0, 12288, 11868, 248
2026/10/01 23:53:33.183, 0, 12288, 11868, 248
2026/10/01 23:53:33.390, 0, 12288, 11868, 248
2026/10/01 23:53:33.596, 0, 12288, 11868, 248
2026/10/01 23:53:33.802, 0, 12288, 11868, 248
2026/10/01 23:53:34.008, 0, 12288, 11868, 248
2026/10/01 23:53:34.212, 0, 12288, 11868, 248
2026/10/01 23:53:34.420, 0, 12288, 11868, 248
2026/10/01 23:53:34.626, 0, 12288, 11868, 248
2026/10/01 23:53:34.830, 0, 12288, 11868, 248
2026/10/01 23:53:35.036, 0, 12288, 11868, 248
2026/10/01 23:53:35.241, 0, 12288, 11868, 248
2026/10/01 23:53:35.446, 0, 12288, 11868, 248
2026/10/01 23:53:35.652, 0, 12288, 11868, 248
2026/10/01 23:53:35.857, 0, 12288, 11868, 248
2026/10/01 23:53:36.061, 0, 12288, 11868, 248
2026/10/01 23:53:36.266, 0, 12288, 11868, 248
2026/10/01 23:53:36.471, 0, 12288, 11868, 248
2026/10/01 23:53:36.676, 0, 12288, 11868, 248
2026/10/01 23:53:36.881, 0, 12288, 11868, 248
2026/10/01 23:53:37.084, 0, 12288, 11868, 248
2026/10/01 23:53:37.288, 0, 12288, 11868, 248
2026/10/01 23:53:37.493, 0, 12288, 11868, 248
2026/10/01 23:53:37.699, 0, 12288, 11868, 248
2026/10/01 23:53:37.904, 0, 12288, 11868, 248
2026/10/01 23:53:38.111, 0, 12288, 11868, 248
2026/10/01 23:53:38.318, 0, 12288, 11868, 248
2026/10/01 23:53:38.522, 0, 12288, 11868, 248
2026/10/01 23:53:38.729, 0, 12288, 11868, 248
2026/10/01 23:53:38.935, 0, 12288, 11868, 248
2026/10/01 23:53:39.141, 0, 12288, 11868, 248
2026/10/01 23:53:39.346, 0, 12288, 11868, 248
2026/10/01 23:53:39.552, 0, 12288, 11868, 248
2026/10/01 23:53:39.757, 0, 12288, 11868, 248
2026/10/01 23:53:39.962, 0, 12288, 11868, 248
2026/10/01 23:53:40.168, 0, 12288, 11868, 248
2026/10/01 23:53:40.371, 0, 12288, 11868, 248
2026/10/01 23:53:40.577, 0, 12288, 11868, 248
2026/10/01 23:53:40.800, 0, 12288, 11868, 248
2026/10/01 23:53:41.006, 0, 12288, 11868, 248
2026/10/01 23:53:41.211, 0, 12288, 11868, 248
2026/10/01 23:53:41.417, 0, 12288, 11868, 248
2026/10/01 23:53:41.624, 0, 12288, 11868, 248
2026/10/01 23:53:41.831, 0, 12288, 11868, 248
2026/10/01 23:53:42.037, 0, 12288, 11868, 248
2026/10/01 23:53:42.244, 0, 12288, 11868, 248
2026/10/01 23:53:42.449, 0, 12288, 11868, 248
2026/10/01 23:53:42.655, 0, 12288, 11868, 248
2026/10/01 23:53:42.860, 0, 12288, 11868, 248
2026/10/01 23:53:43.067, 0, 12288, 11868, 248
2026/10/01 23:53:43.273, 0, 12288, 11868, 248
2026/10/01 23:53:43.477, 0, 12288, 11868, 248
2026/10/01 23:53:43.684, 0, 12288, 11868, 248
2026/10/01 23:53:43.891, 0, 12288, 11868, 248
2026/10/01 23:53:44.098, 0, 12288, 11868, 248
2026/10/01 23:53:44.302, 0, 12288, 11868, 248
2026/10/01 23:53:44.507, 0, 12288, 11868, 248
2026/10/01 23:53:44.713, 0, 12288, 11868, 248
2026/10/01 23:53:44.919, 0, 12288, 11868, 248
2026/10/01 23:53:45.125, 0, 12288, 11868, 248
2026/10/01 23:53:45.330, 0, 12288, 11868, 248
2026/10/01 23:53:45.536, 0, 12288, 11868, 248
2026/10/01 23:53:45.743, 0, 12288, 11868, 248
2026/10/01 23:53:45.948, 0, 12288, 11868, 248
2026/10/01 23:53:46.155, 0, 12288, 11868, 248
2026/10/01 23:53:46.360, 0, 12288, 11868, 248
2026/10/01 23:53:46.564, 0, 12288, 11868, 248
2026/10/01 23:53:46.770, 0, 12288, 11868, 248
2026/10/01 23:53:46.975, 0, 12288, 11868, 248
2026/10/01 23:53:47.181, 0, 12288, 11868, 248
2026/10/01 23:53:47.387, 0, 12288, 11868, 248
2026/10/01 23:53:47.593, 0, 12288, 11868, 248
2026/10/01 23:53:47.799, 0, 12288, 11868, 248
2026/10/01 23:53:48.006, 0, 12288, 11868, 248
2026/10/01 23:53:48.212, 0, 12288, 11868, 248
2026/10/01 23:53:48.419, 0, 12288, 11868, 248
2026/10/01 23:53:48.625, 0, 12288, 11868, 248
2026/10/01 23:53:48.832, 0, 12288, 11868, 248
2026/10/01 23:53:49.040, 0, 12288, 11868, 248
2026/10/01 23:53:49.246, 0, 12288, 11868, 248
2026/10/01 23:53:49.453, 0, 12288, 11868, 248
2026/10/01 23:53:49.660, 0, 12288, 11868, 248
2026/10/01 23:53:49.866, 0, 12288, 11868, 248
2026/10/01 23:53:50.069, 0, 12288, 11868, 248
2026/10/01 23:53:50.274, 0, 12288, 11868, 248
2026/10/01 23:53:50.479, 0, 12288, 11868, 248
2026/10/01 23:53:50.682, 0, 12288, 11868, 248
2026/10/01 23:53:50.888, 0, 12288, 11868, 248
2026/10/01 23:53:51.094, 0, 12288, 11868, 248
2026/10/01 23:53:51.300, 0, 12288, 11868, 248
2026/10/01 23:53:51.505, 0, 12288, 11868, 248
2026/10/01 23:53:51.711, 0, 12288, 11868, 248
2026/10/01 23:53:51.918, 0, 12288, 11868, 248
2026/10/01 23:53:52.125, 0, 12288, 11868, 248
2026/10/01 23:53:52.331, 0, 12288, 11868, 248
2026/10/01 23:53:52.539, 0, 12288, 11868, 248
2026/10/01 23:53:52.744, 0, 12288, 11868, 248
2026/10/01 23:53:52.949, 0, 12288, 11868, 248
2026/10/01 23:53:53.156, 0, 12288, 11868, 248
2026/10/01 23:53:53.362, 0, 12288, 11868, 248
2026/10/01 23:53:53.567, 0, 12288, 11868, 248
2026/10/01 23:53:53.774, 0, 12288, 11868, 248
2026/10/01 23:53:53.979, 0, 12288, 11868, 248
2026/10/01 23:53:54.185, 0, 12288, 11868, 248
2026/10/01 23:53:54.392, 0, 12288, 11868, 248
2026/10/01 23:53:54.598, 0, 12288, 11868, 248
2026/10/01 23:53:54.805, 0, 12288, 11868, 248
2026/10/01 23:53:55.012, 0, 12288, 11868, 248
2026/10/01 23:53:55.218, 0, 12288, 11868, 248
2026/10/01 23:53:55.426, 0, 12288, 11868, 248
2026/10/01 23:53:55.632, 0, 12288, 11868, 248
2026/10/01 23:53:55.838, 0, 12288, 11868, 248
2026/10/01 23:53:56.044, 0, 12288, 11868, 248
2026/10/01 23:53:56.249, 0, 12288, 11868, 248
2026/10/01 23:53:56.455, 0, 12288, 11868, 248
2026/10/01 23:53:56.661, 0, 12288, 11868, 248
2026/10/01 23:53:56.867, 0, 12288, 11868, 248
2026/10/01 23:53:57.072, 0, 12288, 11868, 248
2026/10/01 23:53:57.279, 0, 12288, 11868, 248
2026/10/01 23:53:57.487, 0, 12288, 11868, 248
2026/10/01 23:53:57.694, 0, 12288, 11868, 248
2026/10/01 23:53:57.899, 0, 12288, 11868, 248
2026/10/01 23:53:58.102, 0, 12288, 11868, 248
2026/10/01 23:53:58.305, 0, 12288, 11868, 248
2026/10/01 23:53:58.510, 0, 12288, 11868, 248
2026/10/01 23:53:58.713, 0, 12288, 11868, 248
2026/10/01 23:53:58.921, 0, 12288, 11868, 248
2026/10/01 23:53:59.128, 0, 12288, 11868, 248
2026/10/01 23:53:59.334, 0, 12288, 11868, 248
2026/10/01 23:53:59.539, 0, 12288, 11868, 248
2026/10/01 23:53:59.744, 0, 12288, 11868, 248
2026/10/01 23:53:59.952, 0, 12288, 11868, 248
2026/10/01 23:54:00.157, 0, 12288, 11868, 248
2026/10/01 23:54:00.364, 0, 12288, 11868, 248
2026/10/01 23:54:00.570, 0, 12288, 11868, 248
2026/10/01 23:54:00.775, 0, 12288, 11868, 248
2026/10/01 23:54:00.980, 0, 12288, 11868, 248
2026/10/01 23:54:01.185, 0, 12288, 11868, 248
2026/10/01 23:54:01.390, 0, 12288, 11868, 248
2026/10/01 23:54:01.596, 0, 12288, 11868, 248
2026/10/01 23:54:01.802, 0, 12288, 11868, 248
2026/10/01 23:54:02.007, 0, 12288, 11868, 248
2026/10/01 23:54:02.214, 0, 12288, 11868, 248
2026/10/01 23:54:02.420, 0, 12288, 11868, 248
2026/10/01 23:54:02.626, 0, 12288, 11868, 248
2026/10/01 23:54:02.833, 0, 12288, 11868, 248
2026/10/01 23:54:03.036, 0, 12288, 11868, 248
2026/10/01 23:54:03.239, 0, 12288, 11868, 248
2026/10/01 23:54:03.445, 0, 12288, 11868, 248
2026/10/01 23:54:03.652, 0, 12288, 11868, 248
2026/10/01 23:54:03.856, 0, 12288, 11868, 248
2026/10/01 23:54:04.061, 0, 12288, 11868, 248
2026/10/01 23:54:04.268, 0, 12288, 11868, 248
2026/10/01 23:54:04.475, 0, 12288, 11868, 248
2026/10/01 23:54:04.681, 0, 12288, 11868, 248
2026/10/01 23:54:04.887, 0, 12288, 11868, 248
2026/10/01 23:54:05.093, 0, 12288, 11868, 248
2026/10/01 23:54:05.297, 0, 12288, 11868, 248
2026/10/01 23:54:05.502, 0, 12288, 11868, 248
2026/10/01 23:54:05.708, 0, 12288, 11868, 248
2026/10/01 23:54:05.916, 0, 12288, 11868, 248
2026/10/01 23:54:06.121, 0, 12288, 11868, 248
2026/10/01 23:54:06.328, 0, 12288, 11868, 248
2026/10/01 23:54:06.534, 0, 12288, 11868, 248
2026/10/01 23:54:06.740, 0, 12288, 11868, 248
2026/10/01 23:54:06.946, 0, 12288, 11868, 248
2026/10/01 23:54:07.152, 0, 12288, 11868, 248
2026/10/01 23:54:07.357, 0, 12288, 11868, 248
2026/10/01 23:54:07.563, 0, 12288, 11868, 248
2026/10/01 23:54:07.770, 0, 12288, 11868, 248
2026/10/01 23:54:07.976, 0, 12288, 11868, 248
2026/10/01 23:54:08.183, 0, 12288, 11868, 248
2026/10/01 23:54:08.389, 0, 12288, 11868, 248
2026/10/01 23:54:08.594, 0, 12288, 11868, 248
2026/10/01 23:54:08.799, 0, 12288, 11868, 248
2026/10/01 23:54:09.006, 0, 12288, 11868, 248
2026/10/01 23:54:09.210, 0, 12288, 11868, 248
2026/10/01 23:54:09.415, 0, 12288, 11868, 248
2026/10/01 23:54:09.620, 0, 12288, 11868, 248
2026/10/01 23:54:09.829, 0, 12288, 11868, 248
2026/10/01 23:54:10.034, 0, 12288, 11868, 248
2026/10/01 23:54:10.241, 0, 12288, 11868, 248
2026/10/01 23:54:10.447, 0, 12288, 11868, 248
2026/10/01 23:54:10.653, 0, 12288, 11868, 248
2026/10/01 23:54:10.858, 0, 12288, 11868, 248
2026/10/01 23:54:11.064, 0, 12288, 11868, 248
2026/10/01 23:54:11.270, 0, 12288, 11868, 248
2026/10/01 23:54:11.476, 0, 12288, 11868, 248
2026/10/01 23:54:11.682, 0, 12288, 11868, 248
2026/10/01 23:54:11.889, 0, 12288, 11868, 248
2026/10/01 23:54:12.095, 0, 12288, 11868, 248
2026/10/01 23:54:12.299, 0, 12288, 11868, 248
2026/10/01 23:54:12.505, 0, 12288, 11868, 248
2026/10/01 23:54:12.712, 0, 12288, 11868, 248
2026/10/01 23:54:12.917, 0, 12288, 11868, 248
2026/10/01 23:54:13.123, 0, 12288, 11868, 248
2026/10/01 23:54:13.329, 0, 12288, 11868, 248
2026/10/01 23:54:13.536, 0, 12288, 11868, 248
2026/10/01 23:54:13.741, 0, 12288, 11868, 248
2026/10/01 23:54:13.948, 0, 12288, 11868, 248
2026/10/01 23:54:14.154, 0, 12288, 11868, 248
2026/10/01 23:54:14.361, 0, 12288, 11868, 248
2026/10/01 23:54:14.565, 0, 12288, 11868, 248
2026/10/01 23:54:14.771, 0, 12288, 11868, 248
2026/10/01 23:54:14.977, 0, 12288, 11868, 248
2026/10/01 23:54:15.183, 0, 12288, 11868, 248
2026/10/01 23:54:15.390, 0, 12288, 11868, 248
2026/10/01 23:54:15.596, 0, 12288, 11868, 248
2026/10/01 23:54:15.801, 0, 12288, 11868, 248
2026/10/01 23:54:16.007, 0, 12288, 11868, 248
2026/10/01 23:54:16.214, 0, 12288, 11868, 248
2026/10/01 23:54:16.419, 0, 12288, 11868, 248
2026/10/01 23:54:16.626, 0, 12288, 11868, 248
2026/10/01 23:54:16.832, 0, 12288, 11868, 248
2026/10/01 23:54:17.038, 0, 12288, 11868, 248
2026/10/01 23:54:17.244, 0, 12288, 11868, 248
2026/10/01 23:54:17.450, 0, 12288, 11868, 248
2026/10/01 23:54:17.655, 0, 12288, 11868, 248
2026/10/01 23:54:17.862, 0, 12288, 11868, 248
2026/10/01 23:54:18.067, 0, 12288, 11868, 248
2026/10/01 23:54:18.272, 0, 12288, 11868, 248
2026/10/01 23:54:18.480, 0, 12288, 11868, 248
2026/10/01 23:54:18.685, 0, 12288, 11868, 248
2026/10/01 23:54:18.891, 0, 12288, 11868, 248
2026/10/01 23:54:19.097, 0, 12288, 11868, 248
2026/10/01 23:54:19.303, 0, 12288, 11868, 248
2026/10/01 23:54:19.510, 0, 12288, 11868, 248
2026/10/01 23:54:19.716, 0, 12288, 11868, 248
2026/10/01 23:54:19.922, 0, 12288, 11868, 248
2026/10/01 23:54:20.128, 0, 12288, 11868, 248
2026/10/01 23:54:20.334, 0, 12288, 11868, 248
2026/10/01 23:54:20.540, 0, 12288, 11868, 248
2026/10/01 23:54:20.747, 0, 12288, 11868, 248
2026/10/01 23:54:20.953, 0, 12288, 11868, 248
2026/10/01 23:54:21.160, 0, 12288, 11868, 248
2026/10/01 23:54:21.364, 0, 12288, 11868, 248
2026/10/01 23:54:21.570, 0, 12288, 11868, 248
2026/10/01 23:54:21.774, 0, 12288, 11868, 248
2026/10/01 23:54:21.982, 0, 12288, 11868, 248
2026/10/01 23:54:22.189, 0, 12288, 11868, 248
2026/10/01 23:54:22.395, 0, 12288, 11868, 248
2026/10/01 23:54:22.602, 0, 12288, 11868, 248
2026/10/01 23:54:22.808, 0, 12288, 11868, 248
2026/10/01 23:54:23.013, 0, 12288, 11868, 248
2026/10/01 23:54:23.220, 0, 12288, 11868, 248
2026/10/01 23:54:23.426, 0, 12288, 11868, 248
2026/10/01 23:54:23.633, 0, 12288, 11868, 248
2026/10/01 23:54:23.839, 0, 12288, 11868, 248
2026/10/01 23:54:24.045, 0, 12288, 11868, 248
2026/10/01 23:54:24.251, 0, 12288, 11868, 248
2026/10/01 23:54:24.456, 0, 12288, 11868, 248
2026/10/01 23:54:24.662, 0, 12288, 11868, 248
2026/10/01 23:54:24.869, 0, 12288, 11868, 248
2026/10/01 23:54:25.075, 0, 12288, 11868, 248
2026/10/01 23:54:25.281, 0, 12288, 11868, 248
2026/10/01 23:54:25.487, 0, 12288, 11868, 248
2026/10/01 23:54:25.692, 0, 12288, 11868, 248
2026/10/01 23:54:25.899, 0, 12288, 11868, 248
2026/10/01 23:54:26.105, 0, 12288, 11868, 248
2026/10/01 23:54:26.310, 0, 12288, 11868, 248
2026/10/01 23:54:26.516, 0, 12288, 11868, 248
2026/10/01 23:54:26.724, 0, 12288, 11868, 248
2026/10/01 23:54:26.929, 0, 12288, 11868, 248
2026/10/01 23:54:27.148, 0, 12288, 11868, 248
2026/10/01 23:54:27.354, 0, 12288, 11868, 248
2026/10/01 23:54:27.561, 0, 12288, 11868, 248
2026/10/01 23:54:27.768, 0, 12288, 11868, 248
2026/10/01 23:54:27.974, 0, 12288, 11868, 248
2026/10/01 23:54:28.180, 0, 12288, 11868, 248
2026/10/01 23:54:28.385, 0, 12288, 11868, 248
2026/10/01 23:54:28.591, 0, 12288, 11868, 248
2026/10/01 23:54:28.797, 0, 12288, 11868, 248
2026/10/01 23:54:29.003, 0, 12288, 11868, 248
2026/10/01 23:54:29.210, 0, 12288, 11868, 248
2026/10/01 23:54:29.416, 0, 12288, 11868, 248
2026/10/01 23:54:29.622, 0, 12288, 11868, 248
2026/10/01 23:54:29.829, 0, 12288, 11868, 248
2026/10/01 23:54:30.036, 0, 12288, 11868, 248
2026/10/01 23:54:30.243, 0, 12288, 11868, 248
2026/10/01 23:54:30.448, 0, 12288, 11868, 248
2026/10/01 23:54:30.655, 0, 12288, 11868, 248
2026/10/01 23:54:30.860, 0, 12288, 11868, 248
2026/10/01 23:54:31.065, 0, 12288, 11868, 248
2026/10/01 23:54:31.270, 0, 12288, 11868, 248
2026/10/01 23:54:31.476, 0, 12288, 11868, 248
2026/10/01 23:54:31.681, 0, 12288, 11868, 248
2026/10/01 23:54:31.888, 0, 12288, 11868, 248
2026/10/01 23:54:32.096, 0, 12288, 11868, 248
2026/10/01 23:54:32.302, 0, 12288, 11868, 248
2026/10/01 23:54:32.506, 0, 12288, 11868, 248
2026/10/01 23:54:32.711, 0, 12288, 11868, 248
2026/10/01 23:54:32.917, 0, 12288, 11868, 248
2026/10/01 23:54:33.119, 0, 12288, 11868, 248
2026/10/01 23:54:33.323, 0, 12288, 11868, 248
2026/10/01 23:54:33.527, 0, 12288, 11868, 248
2026/10/01 23:54:33.732, 0, 12288, 11868, 248
2026/10/01 23:54:33.950, 0, 12288, 11868, 248
2026/10/01 23:54:34.154, 0, 12288, 11868, 248
2026/10/01 23:54:34.359, 0, 12288, 11868, 248
2026/10/01 23:54:34.565, 0, 12288, 11868, 248
2026/10/01 23:54:34.771, 0, 12288, 11868, 248
2026/10/01 23:54:34.976, 0, 12288, 11868, 248
2026/10/01 23:54:35.181, 0, 12288, 11868, 248
2026/10/01 23:54:35.385, 0, 12288, 11868, 248
2026/10/01 23:54:35.591, 0, 12288, 11868, 248
2026/10/01 23:54:35.798, 0, 12288, 11868, 248
2026/10/01 23:54:36.002, 0, 12288, 11868, 248
2026/10/01 23:54:36.210, 0, 12288, 11868, 248
2026/10/01 23:54:36.416, 0, 12288, 11868, 248
2026/10/01 23:54:36.622, 0, 12288, 11868, 248
2026/10/01 23:54:36.828, 0, 12288, 11868, 248
2026/10/01 23:54:37.031, 0, 12288, 11868, 248
2026/10/01 23:54:37.236, 0, 12288, 11868, 248
2026/10/01 23:54:37.444, 0, 12288, 11868, 248
2026/10/01 23:54:37.649, 0, 12288, 11868, 248
2026/10/01 23:54:37.855, 0, 12288, 11868, 248
2026/10/01 23:54:38.061, 0, 12288, 11868, 248
2026/10/01 23:54:38.267, 0, 12288, 11868, 248
2026/10/01 23:54:38.472, 0, 12288, 11868, 248
2026/10/01 23:54:38.675, 0, 12288, 11868, 248
2026/10/01 23:54:38.882, 0, 12288, 11868, 248
2026/10/01 23:54:39.087, 0, 12288, 11868, 248
2026/10/01 23:54:39.291, 0, 12288, 11868, 248
2026/10/01 23:54:39.496, 0, 12288, 11868, 248
2026/10/01 23:54:39.701, 0, 12288, 11868, 248
2026/10/01 23:54:39.907, 0, 12288, 11868, 248
2026/10/01 23:54:40.113, 0, 12288, 11868, 248
2026/10/01 23:54:40.318, 0, 12288, 11868, 248
2026/10/01 23:54:40.526, 0, 12288, 11868, 248
2026/10/01 23:54:40.730, 0, 12288, 11868, 248
2026/10/01 23:54:40.934, 0, 12288, 11868, 248
2026/10/01 23:54:41.142, 0, 12288, 11868, 248
2026/10/01 23:54:41.345, 0, 12288, 11868, 248
2026/10/01 23:54:41.549, 0, 12288, 11868, 248
2026/10/01 23:54:41.754, 0, 12288, 11868, 248
2026/10/01 23:54:41.956, 0, 12288, 11868, 248
2026/10/01 23:54:42.163, 0, 12288, 11868, 248
2026/10/01 23:54:42.366, 0, 12288, 11868, 248
2026/10/01 23:54:42.572, 0, 12288, 11868, 248
2026/10/01 23:54:42.778, 0, 12288, 11868, 248
2026/10/01 23:54:42.983, 0, 12288, 11868, 248
2026/10/01 23:54:43.190, 0, 12288, 11868, 248
2026/10/01 23:54:43.396, 0, 12288, 11868, 248
2026/10/01 23:54:43.601, 0, 12288, 11868, 248
2026/10/01 23:54:43.808, 0, 12288, 11868, 248
2026/10/01 23:54:44.011, 0, 12288, 11868, 248
2026/10/01 23:54:44.217, 0, 12288, 11868, 248
2026/10/01 23:54:44.424, 0, 12288, 11868, 248
2026/10/01 23:54:44.629, 0, 12288, 11868, 248
2026/10/01 23:54:44.836, 0, 12288, 11868, 248
2026/10/01 23:54:45.041, 0, 12288, 11868, 248
2026/10/01 23:54:45.246, 0, 12288, 11868, 248
2026/10/01 23:54:45.452, 0, 12288, 11868, 248
2026/10/01 23:54:45.655, 0, 12288, 11868, 248
2026/10/01 23:54:45.860, 0, 12288, 11868, 248
2026/10/01 23:54:46.065, 0, 12288, 11868, 248
2026/10/01 23:54:46.268, 0, 12288, 11868, 248
2026/10/01 23:54:46.475, 0, 12288, 11868, 248
2026/10/01 23:54:46.681, 0, 12288, 11868, 248
2026/10/01 23:54:46.888, 0, 12288, 11868, 248
2026/10/01 23:54:47.092, 0, 12288, 11868, 248
2026/10/01 23:54:47.297, 0, 12288, 11868, 248
2026/10/01 23:54:47.502, 0, 12288, 11868, 248
2026/10/01 23:54:47.708, 0, 12288, 11868, 248
2026/10/01 23:54:47.913, 0, 12288, 11868, 248
2026/10/01 23:54:48.120, 0, 12288, 11868, 248
2026/10/01 23:54:48.327, 0, 12288, 11868, 248
2026/10/01 23:54:48.532, 0, 12288, 11868, 248
2026/10/01 23:54:48.736, 0, 12288, 11868, 248
2026/10/01 23:54:48.940, 0, 12288, 11868, 248
2026/10/01 23:54:49.145, 0, 12288, 11868, 248
2026/10/01 23:54:49.353, 0, 12288, 11868, 248
2026/10/01 23:54:49.559, 0, 12288, 11868, 248
2026/10/01 23:54:49.764, 0, 12288, 11868, 248
2026/10/01 23:54:49.972, 0, 12288, 11868, 248
2026/10/01 23:54:50.176, 0, 12288, 11868, 248
2026/10/01 23:54:50.381, 0, 12288, 11868, 248
2026/10/01 23:54:50.587, 0, 12288, 11868, 248
2026/10/01 23:54:50.789, 0, 12288, 11868, 248
2026/10/01 23:54:50.996, 0, 12288, 11868, 248
2026/10/01 23:54:51.202, 0, 12288, 11868, 248
2026/10/01 23:54:51.405, 0, 12288, 11868, 248
2026/10/01 23:54:51.610, 0, 12288, 11868, 248
2026/10/01 23:54:51.815, 0, 12288, 11868, 248
2026/10/01 23:54:52.020, 0, 12288, 11868, 248
2026/10/01 23:54:52.225, 0, 12288, 11868, 248
2026/10/01 23:54:52.430, 0, 12288, 11868, 248
2026/10/01 23:54:52.636, 0, 12288, 11868, 248
2026/10/01 23:54:52.842, 0, 12288, 11868, 248
2026/10/01 23:54:53.046, 0, 12288, 11868, 248
2026/10/01 23:54:53.252, 0, 12288, 11868, 248
2026/10/01 23:54:53.458, 0, 12288, 11868, 248
2026/10/01 23:54:53.661, 0, 12288, 11868, 248
2026/10/01 23:54:53.868, 0, 12288, 11868, 248
2026/10/01 23:54:54.075, 0, 12288, 11868, 248
2026/10/01 23:54:54.280, 0, 12288, 11868, 248
2026/10/01 23:54:54.484, 0, 12288, 11868, 248
2026/10/01 23:54:54.691, 0, 12288, 11868, 248
2026/10/01 23:54:54.897, 0, 12288, 11868, 248
2026/10/01 23:54:55.103, 0, 12288, 11868, 248
2026/10/01 23:54:55.307, 0, 12288, 11868, 248
2026/10/01 23:54:55.514, 0, 12288, 11868, 248
2026/10/01 23:54:55.719, 0, 12288, 11868, 248
2026/10/01 23:54:55.924, 0, 12288, 11868, 248
2026/10/01 23:54:56.130, 0, 12288, 11868, 248
2026/10/01 23:54:56.335, 0, 12288, 11868, 248
2026/10/01 23:54:56.538, 0, 12288, 11868, 248
2026/10/01 23:54:56.744, 0, 12288, 11868, 248
2026/10/01 23:54:56.948, 0, 12288, 11868, 248
2026/10/01 23:54:57.150, 0, 12288, 11868, 248
2026/10/01 23:54:57.356, 0, 12288, 11868, 248
2026/10/01 23:54:57.561, 0, 12288, 11868, 248
2026/10/01 23:54:57.764, 0, 12288, 11868, 248
2026/10/01 23:54:57.970, 0, 12288, 11868, 248
2026/10/01 23:54:58.175, 0, 12288, 11868, 248
2026/10/01 23:54:58.379, 0, 12288, 11868, 248
2026/10/01 23:54:58.584, 0, 12288, 11868, 248
2026/10/01 23:54:58.789, 0, 12288, 11868, 248
2026/10/01 23:54:58.992, 0, 12288, 11868, 248
2026/10/01 23:54:59.196, 0, 12288, 11868, 248
2026/10/01 23:54:59.401, 0, 12288, 11868, 248
2026/10/01 23:54:59.606, 0, 12288, 11868, 248
2026/10/01 23:54:59.813, 0, 12288, 11868, 248
2026/10/01 23:55:00.014, 0, 12288, 11868, 248
2026/10/01 23:55:00.218, 0, 12288, 11868, 248
2026/10/01 23:55:00.424, 0, 12288, 11868, 248
2026/10/01 23:55:00.628, 0, 12288, 11868, 248
2026/10/01 23:55:00.835, 0, 12288, 11868, 248
2026/10/01 23:55:01.039, 0, 12288, 11868, 248
2026/10/01 23:55:01.245, 0, 12288, 11868, 248
2026/10/01 23:55:01.452, 0, 12288, 11868, 248
2026/10/01 23:55:01.658, 0, 12288, 11868, 248
2026/10/01 23:55:01.862, 0, 12288, 11868, 248
2026/10/01 23:55:02.068, 0, 12288, 11868, 248
2026/10/01 23:55:02.275, 0, 12288, 11868, 248
2026/10/01 23:55:02.478, 0, 12288, 11868, 248
2026/10/01 23:55:02.685, 0, 12288, 11868, 248
2026/10/01 23:55:02.891, 0, 12288, 11868, 248
2026/10/01 23:55:03.098, 0, 12288, 11868, 248
2026/10/01 23:55:03.304, 0, 12288, 11868, 248
2026/10/01 23:55:03.510, 0, 12288, 11868, 248
2026/10/01 23:55:03.713, 0, 12288, 11868, 248
2026/10/01 23:55:03.919, 0, 12288, 11868, 248
2026/10/01 23:55:04.125, 0, 12288, 11868, 248
2026/10/01 23:55:04.329, 0, 12288, 11868, 248
2026/10/01 23:55:04.535, 0, 12288, 11868, 248
2026/10/01 23:55:04.743, 0, 12288, 11868, 248
2026/10/01 23:55:04.948, 0, 12288, 11868, 248
2026/10/01 23:55:05.153, 0, 12288, 11868, 248
2026/10/01 23:55:05.357, 0, 12288, 11868, 248
2026/10/01 23:55:05.564, 0, 12288, 11868, 248
2026/10/01 23:55:05.770, 0, 12288, 11868, 248
2026/10/01 23:55:05.975, 0, 12288, 11868, 248
2026/10/01 23:55:06.181, 0, 12288, 11868, 248
2026/10/01 23:55:06.387, 0, 12288, 11868, 248
2026/10/01 23:55:06.592, 0, 12288, 11868, 248
2026/10/01 23:55:06.797, 0, 12288, 11868, 248
2026/10/01 23:55:07.003, 0, 12288, 11868, 248
2026/10/01 23:55:07.209, 0, 12288, 11868, 248
2026/10/01 23:55:07.412, 0, 12288, 11868, 248
2026/10/01 23:55:07.619, 0, 12288, 11868, 248
2026/10/01 23:55:07.824, 0, 12288, 11868, 248
2026/10/01 23:55:08.045, 0, 12288, 11868, 248
2026/10/01 23:55:08.252, 0, 12288, 11868, 248
2026/10/01 23:55:08.458, 0, 12288, 11868, 248
2026/10/01 23:55:08.663, 0, 12288, 11868, 248
2026/10/01 23:55:08.870, 0, 12288, 11868, 248
2026/10/01 23:55:09.072, 0, 12288, 11868, 248
2026/10/01 23:55:09.278, 0, 12288, 11868, 248
2026/10/01 23:55:09.484, 0, 12288, 11868, 248
2026/10/01 23:55:09.687, 0, 12288, 11868, 248
2026/10/01 23:55:09.893, 0, 12288, 11868, 248
2026/10/01 23:55:10.097, 0, 12288, 11868, 248
2026/10/01 23:55:10.303, 0, 12288, 11868, 248
2026/10/01 23:55:10.508, 0, 12288, 11868, 248
2026/10/01 23:55:10.714, 0, 12288, 11868, 248
2026/10/01 23:55:10.917, 0, 12288, 11868, 248
2026/10/01 23:55:11.124, 0, 12288, 11868, 248
2026/10/01 23:55:11.331, 0, 12288, 11868, 248
2026/10/01 23:55:11.536, 0, 12288, 11868, 248
2026/10/01 23:55:11.742, 0, 12288, 11868, 248
2026/10/01 23:55:11.948, 0, 12288, 11868, 248
2026/10/01 23:55:12.155, 0, 12288, 11868, 248
2026/10/01 23:55:12.359, 0, 12288, 11868, 248
2026/10/01 23:55:12.565, 0, 12288, 11868, 248
2026/10/01 23:55:12.768, 0, 12288, 11868, 248
2026/10/01 23:55:12.975, 0, 12288, 11868, 248
2026/10/01 23:55:13.178, 0, 12288, 11868, 248
2026/10/01 23:55:13.380, 0, 12288, 11868, 248
2026/10/01 23:55:13.586, 0, 12288, 11868, 248
2026/10/01 23:55:13.793, 0, 12288, 11868, 248
2026/10/01 23:55:13.996, 0, 12288, 11868, 248
2026/10/01 23:55:14.203, 0, 12288, 11868, 248
2026/10/01 23:55:14.409, 0, 12288, 11868, 248
2026/10/01 23:55:14.615, 0, 12288, 11868, 248
2026/10/01 23:55:14.819, 0, 12288, 11868, 248
2026/10/01 23:55:15.026, 0, 12288, 11868, 248
2026/10/01 23:55:15.232, 0, 12288, 11868, 248
2026/10/01 23:55:15.438, 0, 12288, 11868, 248
2026/10/01 23:55:15.644, 0, 12288, 11868, 248
2026/10/01 23:55:15.850, 0, 12288, 11868, 248
2026/10/01 23:55:16.056, 0, 12288, 11868, 248
2026/10/01 23:55:16.262, 0, 12288, 11868, 248
2026/10/01 23:55:16.467, 0, 12288, 11868, 248
2026/10/01 23:55:16.671, 0, 12288, 11868, 248
2026/10/01 23:55:16.877, 0, 12288, 11868, 248
2026/10/01 23:55:17.082, 0, 12288, 11868, 248
2026/10/01 23:55:17.285, 0, 12288, 11868, 248
2026/10/01 23:55:17.489, 0, 12288, 11868, 248
2026/10/01 23:55:17.692, 0, 12288, 11868, 248
2026/10/01 23:55:17.897, 0, 12288, 11868, 248
2026/10/01 23:55:18.103, 0, 12288, 11868, 248
2026/10/01 23:55:18.308, 0, 12288, 11868, 248
2026/10/01 23:55:18.512, 0, 12288, 11868, 248
2026/10/01 23:55:18.718, 0, 12288, 11868, 248
2026/10/01 23:55:18.940, 0, 12288, 11868, 248
2026/10/01 23:55:19.146, 0, 12288, 11868, 248
2026/10/01 23:55:19.350, 0, 12288, 11868, 248
2026/10/01 23:55:19.557, 0, 12288, 11868, 248
2026/10/01 23:55:19.761, 0, 12288, 11868, 248
2026/10/01 23:55:19.966, 0, 12288, 11868, 248
2026/10/01 23:55:20.172, 0, 12288, 11868, 248
2026/10/01 23:55:20.375, 0, 12288, 11868, 248
2026/10/01 23:55:20.582, 0, 12288, 11868, 248
2026/10/01 23:55:20.787, 0, 12288, 11868, 248
2026/10/01 23:55:20.989, 0, 12288, 11868, 248
2026/10/01 23:55:21.193, 0, 12288, 11868, 248
2026/10/01 23:55:21.397, 0, 12288, 11868, 248
2026/10/01 23:55:21.602, 0, 12288, 11868, 248
2026/10/01 23:55:21.809, 0, 12288, 11868, 248
2026/10/01 23:55:22.016, 0, 12288, 11868, 248
2026/10/01 23:55:22.222, 0, 12288, 11868, 248
2026/10/01 23:55:22.428, 0, 12288, 11868, 248
2026/10/01 23:55:22.633, 0, 12288, 11868, 248
2026/10/01 23:55:22.839, 0, 12288, 11868, 248
2026/10/01 23:55:23.044, 0, 12288, 11868, 248
2026/10/01 23:55:23.250, 0, 12288, 11868, 248
2026/10/01 23:55:23.456, 0, 12288, 11868, 248
2026/10/01 23:55:23.660, 0, 12288, 11868, 248
2026/10/01 23:55:23.866, 0, 12288, 11868, 248
2026/10/01 23:55:24.071, 0, 12288, 11868, 248
2026/10/01 23:55:24.276, 0, 12288, 11868, 248
2026/10/01 23:55:24.482, 0, 12288, 11868, 248
2026/10/01 23:55:24.688, 0, 12288, 11868, 248
2026/10/01 23:55:24.893, 0, 12288, 11868, 248
2026/10/01 23:55:25.101, 0, 12288, 11868, 248
2026/10/01 23:55:25.306, 0, 12288, 11868, 248
2026/10/01 23:55:25.512, 0, 12288, 11868, 248
2026/10/01 23:55:25.716, 0, 12288, 11868, 248
2026/10/01 23:55:25.921, 0, 12288, 11868, 248
2026/10/01 23:55:26.127, 0, 12288, 11868, 248
2026/10/01 23:55:26.332, 0, 12288, 11868, 248
2026/10/01 23:55:26.538, 0, 12288, 11868, 248
2026/10/01 23:55:26.743, 0, 12288, 11868, 248
2026/10/01 23:55:26.949, 0, 12288, 11868, 248
2026/10/01 23:55:27.153, 0, 12288, 11868, 248
2026/10/01 23:55:27.361, 0, 12288, 11868, 248
2026/10/01 23:55:27.564, 0, 12288, 11868, 248
2026/10/01 23:55:27.770, 0, 12288, 11868, 248
2026/10/01 23:55:27.977, 0, 12288, 11868, 248
2026/10/01 23:55:28.182, 0, 12288, 11868, 248
2026/10/01 23:55:28.388, 0, 12288, 11868, 248
2026/10/01 23:55:28.594, 0, 12288, 11868, 248
2026/10/01 23:55:28.801, 0, 12288, 11868, 248
2026/10/01 23:55:29.008, 0, 12288, 11868, 248
2026/10/01 23:55:29.213, 0, 12288, 11868, 248
2026/10/01 23:55:29.420, 0, 12288, 11868, 248
2026/10/01 23:55:29.626, 0, 12288, 11868, 248
2026/10/01 23:55:29.848, 0, 12288, 11868, 248
2026/10/01 23:55:30.056, 0, 12288, 11868, 248
2026/10/01 23:55:30.263, 0, 12288, 11868, 248
2026/10/01 23:55:30.467, 0, 12288, 11868, 248
2026/10/01 23:55:30.675, 0, 12288, 11868, 248
2026/10/01 23:55:30.881, 0, 12288, 11868, 248
2026/10/01 23:55:31.085, 0, 12288, 11868, 248
2026/10/01 23:55:31.290, 0, 12288, 11868, 248
2026/10/01 23:55:31.497, 0, 12288, 11868, 248
2026/10/01 23:55:31.704, 0, 12288, 11868, 248
2026/10/01 23:55:31.911, 0, 12288, 11868, 248
2026/10/01 23:55:32.117, 0, 12288, 11868, 248
2026/10/01 23:55:32.323, 0, 12288, 11868, 248
2026/10/01 23:55:32.527, 0, 12288, 11868, 248
2026/10/01 23:55:32.735, 0, 12288, 11868, 248
2026/10/01 23:55:32.940, 0, 12288, 11868, 248
2026/10/01 23:55:33.147, 0, 12288, 11868, 248
2026/10/01 23:55:33.352, 0, 12288, 11868, 248
2026/10/01 23:55:33.558, 0, 12288, 11868, 248
2026/10/01 23:55:33.765, 0, 12288, 11868, 248
2026/10/01 23:55:33.970, 0, 12288, 11868, 248
2026/10/01 23:55:34.175, 0, 12288, 11868, 248
2026/10/01 23:55:34.382, 0, 12288, 11868, 248
2026/10/01 23:55:34.590, 0, 12288, 11868, 248
2026/10/01 23:55:34.796, 0, 12288, 11868, 248
2026/10/01 23:55:35.002, 0, 12288, 11868, 248
2026/10/01 23:55:35.207, 0, 12288, 11868, 248
2026/10/01 23:55:35.414, 0, 12288, 11868, 248
2026/10/01 23:55:35.620, 0, 12288, 11868, 248
2026/10/01 23:55:35.825, 0, 12288, 11868, 248
2026/10/01 23:55:36.032, 0, 12288, 11868, 248
2026/10/01 23:55:36.237, 0, 12288, 11868, 248
2026/10/01 23:55:36.443, 0, 12288, 11868, 248
2026/10/01 23:55:36.664, 0, 12288, 11868, 248
2026/10/01 23:55:36.868, 0, 12288, 11868, 248
2026/10/01 23:55:37.073, 0, 12288, 11868, 248
2026/10/01 23:55:37.280, 0, 12288, 11868, 248
2026/10/01 23:55:37.487, 0, 12288, 11868, 248
2026/10/01 23:55:37.693, 0, 12288, 11868, 248
2026/10/01 23:55:37.899, 0, 12288, 11868, 248
2026/10/01 23:55:38.105, 0, 12288, 11868, 248
2026/10/01 23:55:38.311, 0, 12288, 11868, 248
2026/10/01 23:55:38.517, 0, 12288, 11868, 248
2026/10/01 23:55:38.724, 0, 12288, 11868, 248
2026/10/01 23:55:38.930, 0, 12288, 11868, 248
2026/10/01 23:55:39.136, 0, 12288, 11868, 248
2026/10/01 23:55:39.342, 0, 12288, 11868, 248
2026/10/01 23:55:39.547, 0, 12288, 11868, 248
2026/10/01 23:55:39.754, 0, 12288, 11868, 248
2026/10/01 23:55:39.961, 0, 12288, 11868, 248
2026/10/01 23:55:40.165, 0, 12288, 11868, 248
2026/10/01 23:55:40.373, 0, 12288, 11868, 248
2026/10/01 23:55:40.579, 0, 12288, 11868, 248
2026/10/01 23:55:40.784, 0, 12288, 11868, 248
2026/10/01 23:55:40.991, 0, 12288, 11868, 248
2026/10/01 23:55:41.196, 0, 12288, 11868, 248
2026/10/01 23:55:41.400, 0, 12288, 11868, 248
2026/10/01 23:55:41.607, 0, 12288, 11868, 248
2026/10/01 23:55:41.812, 0, 12288, 11868, 248
2026/10/01 23:55:42.019, 0, 12288, 11868, 248
2026/10/01 23:55:42.225, 0, 12288, 11868, 248
2026/10/01 23:55:42.431, 0, 12288, 11868, 248
2026/10/01 23:55:42.637, 0, 12288, 11868, 248
2026/10/01 23:55:42.840, 0, 12288, 11868, 248
2026/10/01 23:55:43.047, 0, 12288, 11868, 248
2026/10/01 23:55:43.253, 0, 12288, 11868, 248
2026/10/01 23:55:43.476, 0, 12288, 11868, 248
2026/10/01 23:55:43.681, 0, 12288, 11868, 248
2026/10/01 23:55:43.887, 0, 12288, 11868, 248
2026/10/01 23:55:44.095, 0, 12288, 11868, 248
2026/10/01 23:55:44.300, 0, 12288, 11868, 248
2026/10/01 23:55:44.507, 0, 12288, 11868, 248
2026/10/01 23:55:44.711, 0, 12288, 11868, 248
2026/10/01 23:55:44.917, 0, 12288, 11868, 248
2026/10/01 23:55:45.120, 0, 12288, 11868, 248
2026/10/01 23:55:45.325, 0, 12288, 11868, 248
2026/10/01 23:55:45.530, 0, 12288, 11868, 248
2026/10/01 23:55:45.737, 0, 12288, 11868, 248
2026/10/01 23:55:45.942, 0, 12288, 11868, 248
2026/10/01 23:55:46.148, 0, 12288, 11868, 248
2026/10/01 23:55:46.355, 0, 12288, 11868, 248
2026/10/01 23:55:46.562, 0, 12288, 11868, 248
2026/10/01 23:55:46.769, 0, 12288, 11868, 248
2026/10/01 23:55:46.976, 0, 12288, 11868, 248
2026/10/01 23:55:47.182, 0, 12288, 11868, 248
2026/10/01 23:55:47.387, 0, 12288, 11868, 248
2026/10/01 23:55:47.594, 0, 12288, 11868, 248
2026/10/01 23:55:47.800, 0, 12288, 11868, 248
2026/10/01 23:55:48.006, 0, 12288, 11868, 248
2026/10/01 23:55:48.211, 0, 12288, 11868, 248
2026/10/01 23:55:48.417, 0, 12288, 11868, 248
2026/10/01 23:55:48.624, 0, 12288, 11868, 248
2026/10/01 23:55:48.831, 0, 12288, 11868, 248
2026/10/01 23:55:49.037, 0, 12288, 11868, 248
2026/10/01 23:55:49.242, 0, 12288, 11868, 248
2026/10/01 23:55:49.448, 0, 12288, 11868, 248
2026/10/01 23:55:49.653, 0, 12288, 11868, 248
2026/10/01 23:55:49.859, 0, 12288, 11868, 248
2026/10/01 23:55:50.064, 0, 12288, 11868, 248
2026/10/01 23:55:50.270, 0, 12288, 11868, 248
2026/10/01 23:55:50.476, 0, 12288, 11868, 248
2026/10/01 23:55:50.682, 0, 12288, 11868, 248
2026/10/01 23:55:50.885, 0, 12288, 11868, 248
2026/10/01 23:55:51.090, 0, 12288, 491, 11625
2026/10/01 23:55:51.295, 0, 12288, 491, 11625
2026/10/01 23:55:51.499, 0, 12288, 491, 11625
2026/10/01 23:55:51.704, 0, 12288, 491, 11625
2026/10/01 23:55:51.910, 0, 12288, 491, 11625
2026/10/01 23:55:52.116, 0, 12288, 491, 11625
2026/10/01 23:55:52.322, 0, 12288, 491, 11625
2026/10/01 23:55:52.529, 0, 12288, 491, 11625
2026/10/01 23:55:52.736, 0, 12288, 491, 11625
