2026/09/22 21:39:24.318, 0, 12288, 390, 11726
2026/09/22 21:39:24.526, 0, 12288, 483, 11633
2026/09/22 21:39:24.733, 0, 12288, 483, 11633
2026/09/22 21:39:24.941, 0, 12288, 483, 11633
2026/09/22 21:39:25.147, 0, 12288, 483, 11633
2026/09/22 21:39:25.354, 0, 12288, 483, 11633
2026/09/22 21:39:25.559, 0, 12288, 483, 11633
2026/09/22 21:39:25.767, 0, 12288, 483, 11633
2026/09/22 21:39:25.969, 0, 12288, 6563, 5553
2026/09/22 21:39:26.176, 0, 12288, 10169, 1947
2026/09/22 21:39:26.384, 0, 12288, 10169, 1947
2026/09/22 21:39:26.592, 0, 12288, 10169, 1947
2026/09/22 21:39:26.799, 0, 12288, 10169, 1947
2026/09/22 21:39:27.005, 0, 12288, 10169, 1947
2026/09/22 21:39:27.212, 0, 12288, 10169, 1947
2026/09/22 21:39:27.420, 0, 12288, 10169, 1947
2026/09/22 21:39:27.625, 0, 12288, 10169, 1947
2026/09/22 21:39:27.831, 0, 12288, 10169, 1947
2026/09/22 21:39:28.039, 0, 12288, 10169, 1947
2026/09/22 21:39:28.245, 0, 12288, 10169, 1947
2026/09/22 21:39:28.453, 0, 12288, 10169, 1947
2026/09/22 21:39:28.660, 0, 12288, 10169, 1947
2026/09/22 21:39:28.867, 0, 12288, 10169, 1947
2026/09/22 21:39:29.075, 0, 12288, 10169, 1947
2026/09/22 21:39:29.283, 0, 12288, 10169, 1947
2026/09/22 21:39:29.490, 0, 12288, 11585, 531
2026/09/22 21:39:29.698, 0, 12288, 11601, 515
2026/09/22 21:39:29.905, 0, 12288, 11601, 515
2026/09/22 21:39:30.112, 0, 12288, 11601, 515
2026/09/22 21:39:30.319, 0, 12288, 11601, 515
2026/09/22 21:39:30.527, 0, 12288, 11601, 515
2026/09/22 21:39:30.735, 0, 12288, 11601, 515
2026/09/22 21:39:30.943, 0, 12288, 11601, 515
2026/09/22 21:39:31.151, 0, 12288, 11601, 515
2026/09/22 21:39:31.358, 0, 12288, 11601, 515
2026/09/22 21:39:31.564, 0, 12288, 11601, 515
2026/09/22 21:39:31.772, 0, 12288, 11601, 515
2026/09/22 21:39:31.979, 0, 12288, 11601, 515
2026/09/22 21:39:32.187, 0, 12288, 11601, 515
2026/09/22 21:39:32.391, 0, 12288, 11601, 515
2026/09/22 21:39:32.599, 0, 12288, 11601, 515
2026/09/22 21:39:32.807, 0, 12288, 11601, 515
2026/09/22 21:39:33.015, 0, 12288, 11601, 515
2026/09/22 21:39:33.221, 0, 12288, 11601, 515
2026/09/22 21:39:33.428, 0, 12288, 11601, 515
2026/09/22 21:39:33.636, 0, 12288, 11601, 515
2026/09/22 21:39:33.844, 0, 12288, 11601, 515
2026/09/22 21:39:34.049, 0, 12288, 11601, 515
2026/09/22 21:39:34.256, 0, 12288, 11601, 515
2026/09/22 21:39:34.464, 0, 12288, 11601, 515
2026/09/22 21:39:34.672, 0, 12288, 11601, 515
2026/09/22 21:39:34.878, 0, 12288, 11601, 515
2026/09/22 21:39:35.083, 0, 12288, 11601, 515
2026/09/22 21:39:35.291, 0, 12288, 11601, 515
2026/09/22 21:39:35.498, 0, 12288, 11601, 515
2026/09/22 21:39:35.706, 0, 12288, 11601, 515
2026/09/22 21:39:35.913, 0, 12288, 11601, 515
2026/09/22 21:39:36.121, 0, 12288, 11601, 515
2026/09/22 21:39:36.328, 0, 12288, 11601, 515
2026/09/22 21:39:36.533, 0, 12288, 11601, 515
2026/09/22 21:39:36.740, 0, 12288, 11601, 515
2026/09/22 21:39:36.946, 0, 12288, 11601, 515
2026/09/22 21:39:37.153, 0, 12288, 11601, 515
2026/09/22 21:39:37.359, 0, 12288, 11601, 515
2026/09/22 21:39:37.566, 0, 12288, 11601, 515
2026/09/22 21:39:37.774, 0, 12288, 11601, 515
2026/09/22 21:39:37.982, 0, 12288, 11601, 515
2026/09/22 21:39:38.190, 0, 12288, 11601, 515
2026/09/22 21:39:38.398, 0, 12288, 11601, 515
2026/09/22 21:39:38.606, 0, 12288, 11601, 515
2026/09/22 21:39:38.814, 0, 12288, 11601, 515
2026/09/22 21:39:39.017, 0, 12288, 11601, 515
2026/09/22 21:39:39.224, 0, 12288, 11601, 515
2026/09/22 21:39:39.432, 0, 12288, 11601, 515
2026/09/22 21:39:39.640, 0, 12288, 11601, 515
2026/09/22 21:39:39.848, 0, 12288, 11601, 515
2026/09/22 21:39:40.056, 0, 12288, 11601, 515
2026/09/22 21:39:40.262, 0, 12288, 11601, 515
2026/09/22 21:39:40.470, 0, 12288, 11601, 515
2026/09/22 21:39:40.677, 0, 12288, 11601, 515
2026/09/22 21:39:40.885, 0, 12288, 11601, 515
2026/09/22 21:39:41.092, 0, 12288, 11601, 515
2026/09/22 21:39:41.298, 0, 12288, 11601, 515
2026/09/22 21:39:41.506, 0, 12288, 11601, 515
2026/09/22 21:39:41.712, 0, 12288, 11601, 515
2026/09/22 21:39:41.919, 0, 12288, 11601, 515
2026/09/22 21:39:42.126, 0, 12288, 11601, 515
2026/09/22 21:39:42.333, 0, 12288, 11601, 515
2026/09/22 21:39:42.541, 0, 12288, 11601, 515
2026/09/22 21:39:42.749, 0, 12288, 11601, 515
2026/09/22 21:39:42.956, 0, 12288, 11601, 515
2026/09/22 21:39:43.164, 0, 12288, 11601, 515
2026/09/22 21:39:43.372, 0, 12288, 11601, 515
2026/09/22 21:39:43.579, 0, 12288, 11601, 515
2026/09/22 21:39:43.787, 0, 12288, 11601, 515
2026/09/22 21:39:43.994, 0, 12288, 11601, 515
2026/09/22 21:39:44.201, 0, 12288, 11601, 515
2026/09/22 21:39:44.408, 0, 12288, 11601, 515
2026/09/22 21:39:44.612, 0, 12288, 11601, 515
2026/09/22 21:39:44.820, 0, 12288, 11601, 515
2026/09/22 21:39:45.028, 0, 12288, 11601, 515
2026/09/22 21:39:45.236, 0, 12288, 11601, 515
2026/09/22 21:39:45.441, 0, 12288, 11601, 515
2026/09/22 21:39:45.648, 0, 12288, 11601, 515
2026/09/22 21:39:45.855, 0, 12288, 11601, 515
2026/09/22 21:39:46.063, 0, 12288, 11601, 515
2026/09/22 21:39:46.270, 0, 12288, 11601, 515
2026/09/22 21:39:46.478, 0, 12288, 11601, 515
2026/09/22 21:39:46.685, 0, 12288, 11601, 515
2026/09/22 21:39:46.892, 0, 12288, 11601, 515
2026/09/22 21:39:47.099, 0, 12288, 11601, 515
2026/09/22 21:39:47.306, 0, 12288, 11601, 515
2026/09/22 21:39:47.515, 0, 12288, 11601, 515
2026/09/22 21:39:47.722, 0, 12288, 11601, 515
2026/09/22 21:39:47.929, 0, 12288, 11601, 515
2026/09/22 21:39:48.137, 0, 12288, 11601, 515
2026/09/22 21:39:48.344, 0, 12288, 11601, 515
2026/09/22 21:39:48.551, 0, 12288, 11601, 515
2026/09/22 21:39:48.757, 0, 12288, 11601, 515
2026/09/22 21:39:48.963, 0, 12288, 11601, 515
2026/09/22 21:39:49.170, 0, 12288, 11601, 515
2026/09/22 21:39:49.377, 0, 12288, 11601, 515
2026/09/22 21:39:49.584, 0, 12288, 11601, 515
2026/09/22 21:39:49.790, 0, 12288, 11601, 515
2026/09/22 21:39:49.996, 0, 12288, 11601, 515
2026/09/22 21:39:50.204, 0, 12288, 11601, 515
2026/09/22 21:39:50.412, 0, 12288, 11601, 515
2026/09/22 21:39:50.619, 0, 12288, 11601, 515
2026/09/22 21:39:50.825, 0, 12288, 11601, 515
2026/09/22 21:39:51.032, 0, 12288, 11601, 515
2026/09/22 21:39:51.236, 0, 12288, 11601, 515
2026/09/22 21:39:51.441, 0, 12288, 11607, 509
2026/09/22 21:39:51.647, 0, 12288, 11607, 509
2026/09/22 21:39:51.853, 0, 12288, 11791, 325
2026/09/22 21:39:52.059, 0, 12288, 11791, 325
2026/09/22 21:39:52.267, 0, 12288, 11791, 325
2026/09/22 21:39:52.472, 0, 12288, 11823, 293
2026/09/22 21:39:52.678, 0, 12288, 11823, 293
2026/09/22 21:39:52.885, 0, 12288, 11823, 293
2026/09/22 21:39:53.092, 0, 12288, 11823, 293
2026/09/22 21:39:53.299, 0, 12288, 11823, 293
2026/09/22 21:39:53.505, 0, 12288, 11823, 293
2026/09/22 21:39:53.713, 0, 12288, 11823, 293
2026/09/22 21:39:53.921, 0, 12288, 11823, 293
2026/09/22 21:39:54.129, 0, 12288, 11823, 293
2026/09/22 21:39:54.333, 0, 12288, 11823, 293
2026/09/22 21:39:54.540, 0, 12288, 11823, 293
2026/09/22 21:39:54.747, 0, 12288, 11823, 293
2026/09/22 21:39:54.952, 0, 12288, 11823, 293
2026/09/22 21:39:55.158, 0, 12288, 11823, 293
2026/09/22 21:39:55.365, 0, 12288, 11823, 293
2026/09/22 21:39:55.570, 0, 12288, 11823, 293
2026/09/22 21:39:55.777, 0, 12288, 11823, 293
2026/09/22 21:39:55.983, 0, 12288, 11823, 293
2026/09/22 21:39:56.189, 0, 12288, 11823, 293
2026/09/22 21:39:56.395, 0, 12288, 11823, 293
2026/09/22 21:39:56.602, 0, 12288, 11823, 293
2026/09/22 21:39:56.810, 0, 12288, 11823, 293
2026/09/22 21:39:57.017, 0, 12288, 11823, 293
2026/09/22 21:39:57.225, 0, 12288, 11823, 293
2026/09/22 21:39:57.433, 0, 12288, 11823, 293
2026/09/22 21:39:57.639, 0, 12288, 11823, 293
2026/09/22 21:39:57.846, 0, 12288, 11823, 293
2026/09/22 21:39:58.051, 0, 12288, 11823, 293
2026/09/22 21:39:58.259, 0, 12288, 11823, 293
2026/09/22 21:39:58.464, 0, 12288, 11823, 293
2026/09/22 21:39:58.671, 0, 12288, 11823, 293
2026/09/22 21:39:58.877, 0, 12288, 11823, 293
2026/09/22 21:39:59.085, 0, 12288, 11823, 293
2026/09/22 21:39:59.293, 0, 12288, 11823, 293
2026/09/22 21:39:59.501, 0, 12288, 11823, 293
2026/09/22 21:39:59.707, 0, 12288, 11823, 293
2026/09/22 21:39:59.914, 0, 12288, 11823, 293
2026/09/22 21:40:00.120, 0, 12288, 11823, 293
2026/09/22 21:40:00.326, 0, 12288, 11823, 293
2026/09/22 21:40:00.533, 0, 12288, 11823, 293
2026/09/22 21:40:00.740, 0, 12288, 11823, 293
2026/09/22 21:40:00.948, 0, 12288, 11823, 293
2026/09/22 21:40:01.156, 0, 12288, 11823, 293
2026/09/22 21:40:01.364, 0, 12288, 11823, 293
2026/09/22 21:40:01.572, 0, 12288, 11823, 293
2026/09/22 21:40:01.778, 0, 12288, 11823, 293
2026/09/22 21:40:01.985, 0, 12288, 11823, 293
2026/09/22 21:40:02.192, 0, 12288, 11823, 293
2026/09/22 21:40:02.399, 0, 12288, 11823, 293
2026/09/22 21:40:02.607, 0, 12288, 11823, 293
2026/09/22 21:40:02.815, 0, 12288, 11823, 293
2026/09/22 21:40:03.020, 0, 12288, 11823, 293
2026/09/22 21:40:03.227, 0, 12288, 11823, 293
2026/09/22 21:40:03.432, 0, 12288, 11823, 293
2026/09/22 21:40:03.638, 0, 12288, 11825, 291
2026/09/22 21:40:03.845, 0, 12288, 11825, 291
2026/09/22 21:40:04.049, 0, 12288, 11825, 291
2026/09/22 21:40:04.257, 0, 12288, 11825, 291
2026/09/22 21:40:04.465, 0, 12288, 11825, 291
2026/09/22 21:40:04.673, 0, 12288, 11825, 291
2026/09/22 21:40:04.878, 0, 12288, 11825, 291
2026/09/22 21:40:05.085, 0, 12288, 11825, 291
2026/09/22 21:40:05.293, 0, 12288, 11825, 291
2026/09/22 21:40:05.500, 0, 12288, 11825, 291
2026/09/22 21:40:05.708, 0, 12288, 11825, 291
2026/09/22 21:40:05.913, 0, 12288, 11825, 291
2026/09/22 21:40:06.121, 0, 12288, 11825, 291
2026/09/22 21:40:06.328, 0, 12288, 11825, 291
2026/09/22 21:40:06.535, 0, 12288, 11825, 291
2026/09/22 21:40:06.743, 0, 12288, 11825, 291
2026/09/22 21:40:06.951, 0, 12288, 11825, 291
2026/09/22 21:40:07.159, 0, 12288, 11825, 291
2026/09/22 21:40:07.365, 0, 12288, 11825, 291
2026/09/22 21:40:07.573, 0, 12288, 11825, 291
2026/09/22 21:40:07.781, 0, 12288, 11825, 291
2026/09/22 21:40:07.988, 0, 12288, 11825, 291
2026/09/22 21:40:08.195, 0, 12288, 11825, 291
2026/09/22 21:40:08.401, 0, 12288, 11825, 291
2026/09/22 21:40:08.608, 0, 12288, 11825, 291
2026/09/22 21:40:08.817, 0, 12288, 11825, 291
2026/09/22 21:40:09.024, 0, 12288, 11825, 291
2026/09/22 21:40:09.231, 0, 12288, 11825, 291
2026/09/22 21:40:09.435, 0, 12288, 11825, 291
2026/09/22 21:40:09.643, 0, 12288, 11825, 291
2026/09/22 21:40:09.849, 0, 12288, 11825, 291
2026/09/22 21:40:10.055, 0, 12288, 11825, 291
2026/09/22 21:40:10.263, 0, 12288, 11825, 291
2026/09/22 21:40:10.471, 0, 12288, 11825, 291
2026/09/22 21:40:10.679, 0, 12288, 11825, 291
2026/09/22 21:40:10.886, 0, 12288, 11825, 291
2026/09/22 21:40:11.094, 0, 12288, 11825, 291
2026/09/22 21:40:11.299, 0, 12288, 11825, 291
2026/09/22 21:40:11.507, 0, 12288, 11825, 291
2026/09/22 21:40:11.715, 0, 12288, 11825, 291
2026/09/22 21:40:11.921, 0, 12288, 11825, 291
2026/09/22 21:40:12.128, 0, 12288, 11825, 291
2026/09/22 21:40:12.336, 0, 12288, 11825, 291
2026/09/22 21:40:12.544, 0, 12288, 11825, 291
2026/09/22 21:40:12.750, 0, 12288, 11825, 291
2026/09/22 21:40:12.956, 0, 12288, 11825, 291
2026/09/22 21:40:13.162, 0, 12288, 11825, 291
2026/09/22 21:40:13.370, 0, 12288, 11825, 291
2026/09/22 21:40:13.578, 0, 12288, 11825, 291
2026/09/22 21:40:13.784, 0, 12288, 11825, 291
2026/09/22 21:40:13.992, 0, 12288, 11825, 291
2026/09/22 21:40:14.198, 0, 12288, 11825, 291
2026/09/22 21:40:14.406, 0, 12288, 11825, 291
2026/09/22 21:40:14.611, 0, 12288, 11825, 291
2026/09/22 21:40:14.818, 0, 12288, 11825, 291
2026/09/22 21:40:15.025, 0, 12288, 11825, 291
2026/09/22 21:40:15.233, 0, 12288, 11825, 291
2026/09/22 21:40:15.440, 0, 12288, 11825, 291
2026/09/22 21:40:15.647, 0, 12288, 11825, 291
2026/09/22 21:40:15.854, 0, 12288, 11825, 291
2026/09/22 21:40:16.061, 0, 12288, 11825, 291
2026/09/22 21:40:16.268, 0, 12288, 11825, 291
2026/09/22 21:40:16.474, 0, 12288, 11825, 291
2026/09/22 21:40:16.681, 0, 12288, 11825, 291
2026/09/22 21:40:16.888, 0, 12288, 11825, 291
2026/09/22 21:40:17.095, 0, 12288, 11825, 291
2026/09/22 21:40:17.303, 0, 12288, 11825, 291
2026/09/22 21:40:17.510, 0, 12288, 11825, 291
2026/09/22 21:40:17.717, 0, 12288, 11825, 291
2026/09/22 21:40:17.924, 0, 12288, 11825, 291
2026/09/22 21:40:18.132, 0, 12288, 11825, 291
2026/09/22 21:40:18.339, 0, 12288, 11825, 291
2026/09/22 21:40:18.546, 0, 12288, 11825, 291
2026/09/22 21:40:18.752, 0, 12288, 11825, 291
2026/09/22 21:40:18.959, 0, 12288, 11825, 291
2026/09/22 21:40:19.167, 0, 12288, 11825, 291
2026/09/22 21:40:19.375, 0, 12288, 11825, 291
2026/09/22 21:40:19.582, 0, 12288, 11825, 291
2026/09/22 21:40:19.790, 0, 12288, 11825, 291
2026/09/22 21:40:19.996, 0, 12288, 11825, 291
2026/09/22 21:40:20.204, 0, 12288, 11825, 291
2026/09/22 21:40:20.411, 0, 12288, 11825, 291
2026/09/22 21:40:20.616, 0, 12288, 11825, 291
2026/09/22 21:40:20.823, 0, 12288, 11825, 291
2026/09/22 21:40:21.031, 0, 12288, 11825, 291
2026/09/22 21:40:21.237, 0, 12288, 11825, 291
2026/09/22 21:40:21.445, 0, 12288, 11825, 291
2026/09/22 21:40:21.652, 0, 12288, 11825, 291
2026/09/22 21:40:21.859, 0, 12288, 11825, 291
2026/09/22 21:40:22.065, 0, 12288, 11825, 291
2026/09/22 21:40:22.273, 0, 12288, 11825, 291
2026/09/22 21:40:22.481, 0, 12288, 11825, 291
2026/09/22 21:40:22.688, 0, 12288, 11825, 291
2026/09/22 21:40:22.895, 0, 12288, 11825, 291
2026/09/22 21:40:23.103, 0, 12288, 11825, 291
2026/09/22 21:40:23.311, 0, 12288, 11825, 291
2026/09/22 21:40:23.517, 0, 12288, 11825, 291
2026/09/22 21:40:23.725, 0, 12288, 11825, 291
2026/09/22 21:40:23.931, 0, 12288, 11825, 291
2026/09/22 21:40:24.139, 0, 12288, 11825, 291
2026/09/22 21:40:24.347, 0, 12288, 11825, 291
2026/09/22 21:40:24.553, 0, 12288, 11825, 291
2026/09/22 21:40:24.761, 0, 12288, 11825, 291
2026/09/22 21:40:24.967, 0, 12288, 11825, 291
2026/09/22 21:40:25.174, 0, 12288, 11825, 291
2026/09/22 21:40:25.380, 0, 12288, 11825, 291
2026/09/22 21:40:25.587, 0, 12288, 11825, 291
2026/09/22 21:40:25.796, 0, 12288, 11825, 291
2026/09/22 21:40:26.002, 0, 12288, 11825, 291
2026/09/22 21:40:26.209, 0, 12288, 11825, 291
2026/09/22 21:40:26.416, 0, 12288, 11825, 291
2026/09/22 21:40:26.624, 0, 12288, 11825, 291
2026/09/22 21:40:26.832, 0, 12288, 11825, 291
2026/09/22 21:40:27.039, 0, 12288, 11825, 291
2026/09/22 21:40:27.247, 0, 12288, 11825, 291
2026/09/22 21:40:27.454, 0, 12288, 11825, 291
2026/09/22 21:40:27.659, 0, 12288, 11825, 291
2026/09/22 21:40:27.866, 0, 12288, 11825, 291
2026/09/22 21:40:28.074, 0, 12288, 11825, 291
2026/09/22 21:40:28.280, 0, 12288, 11825, 291
2026/09/22 21:40:28.487, 0, 12288, 11825, 291
2026/09/22 21:40:28.694, 0, 12288, 11825, 291
2026/09/22 21:40:28.901, 0, 12288, 11825, 291
2026/09/22 21:40:29.106, 0, 12288, 11825, 291
2026/09/22 21:40:29.313, 0, 12288, 11825, 291
2026/09/22 21:40:29.520, 0, 12288, 11825, 291
2026/09/22 21:40:29.726, 0, 12288, 11825, 291
2026/09/22 21:40:29.933, 0, 12288, 11825, 291
2026/09/22 21:40:30.140, 0, 12288, 11825, 291
2026/09/22 21:40:30.347, 0, 12288, 11825, 291
2026/09/22 21:40:30.555, 0, 12288, 11825, 291
2026/09/22 21:40:30.762, 0, 12288, 11825, 291
2026/09/22 21:40:30.969, 0, 12288, 11825, 291
2026/09/22 21:40:31.176, 0, 12288, 11825, 291
2026/09/22 21:40:31.384, 0, 12288, 11825, 291
2026/09/22 21:40:31.592, 0, 12288, 11825, 291
2026/09/22 21:40:31.798, 0, 12288, 11825, 291
2026/09/22 21:40:32.005, 0, 12288, 11825, 291
2026/09/22 21:40:32.211, 0, 12288, 11825, 291
2026/09/22 21:40:32.418, 0, 12288, 11825, 291
2026/09/22 21:40:32.625, 0, 12288, 11825, 291
2026/09/22 21:40:32.830, 0, 12288, 11825, 291
2026/09/22 21:40:33.036, 0, 12288, 11825, 291
2026/09/22 21:40:33.242, 0, 12288, 11825, 291
2026/09/22 21:40:33.449, 0, 12288, 11825, 291
2026/09/22 21:40:33.654, 0, 12288, 11825, 291
2026/09/22 21:40:33.861, 0, 12288, 11825, 291
2026/09/22 21:40:34.064, 0, 12288, 11825, 291
2026/09/22 21:40:34.270, 0, 12288, 11825, 291
2026/09/22 21:40:34.479, 0, 12288, 11825, 291
2026/09/22 21:40:34.685, 0, 12288, 11825, 291
2026/09/22 21:40:34.891, 0, 12288, 11825, 291
2026/09/22 21:40:35.096, 0, 12288, 11825, 291
2026/09/22 21:40:35.301, 0, 12288, 11825, 291
2026/09/22 21:40:35.507, 0, 12288, 11825, 291
2026/09/22 21:40:35.715, 0, 12288, 11825, 291
2026/09/22 21:40:35.922, 0, 12288, 11825, 291
2026/09/22 21:40:36.126, 0, 12288, 11825, 291
2026/09/22 21:40:36.332, 0, 12288, 11825, 291
2026/09/22 21:40:36.540, 0, 12288, 11825, 291
2026/09/22 21:40:36.748, 0, 12288, 11825, 291
2026/09/22 21:40:36.955, 0, 12288, 11825, 291
2026/09/22 21:40:37.163, 0, 12288, 11825, 291
2026/09/22 21:40:37.370, 0, 12288, 11825, 291
2026/09/22 21:40:37.576, 0, 12288, 11825, 291
2026/09/22 21:40:37.784, 0, 12288, 11825, 291
2026/09/22 21:40:37.991, 0, 12288, 11825, 291
2026/09/22 21:40:38.198, 0, 12288, 11825, 291
2026/09/22 21:40:38.403, 0, 12288, 11825, 291
2026/09/22 21:40:38.611, 0, 12288, 11825, 291
2026/09/22 21:40:38.817, 0, 12288, 11825, 291
2026/09/22 21:40:39.024, 0, 12288, 11825, 291
2026/09/22 21:40:39.230, 0, 12288, 11825, 291
2026/09/22 21:40:39.436, 0, 12288, 11825, 291
2026/09/22 21:40:39.644, 0, 12288, 11825, 291
2026/09/22 21:40:39.852, 0, 12288, 11825, 291
2026/09/22 21:40:40.059, 0, 12288, 11825, 291
2026/09/22 21:40:40.266, 0, 12288, 11825, 291
2026/09/22 21:40:40.471, 0, 12288, 11825, 291
2026/09/22 21:40:40.678, 0, 12288, 11825, 291
2026/09/22 21:40:40.885, 0, 12288, 11825, 291
2026/09/22 21:40:41.092, 0, 12288, 11825, 291
2026/09/22 21:40:41.300, 0, 12288, 11825, 291
2026/09/22 21:40:41.505, 0, 12288, 11825, 291
2026/09/22 21:40:41.713, 0, 12288, 11825, 291
2026/09/22 21:40:41.920, 0, 12288, 11825, 291
2026/09/22 21:40:42.127, 0, 12288, 11825, 291
2026/09/22 21:40:42.335, 0, 12288, 11825, 291
2026/09/22 21:40:42.543, 0, 12288, 11825, 291
2026/09/22 21:40:42.750, 0, 12288, 11825, 291
2026/09/22 21:40:42.958, 0, 12288, 11825, 291
2026/09/22 21:40:43.163, 0, 12288, 11825, 291
2026/09/22 21:40:43.371, 0, 12288, 11825, 291
2026/09/22 21:40:43.579, 0, 12288, 11825, 291
2026/09/22 21:40:43.786, 0, 12288, 11825, 291
2026/09/22 21:40:43.992, 0, 12288, 11825, 291
2026/09/22 21:40:44.200, 0, 12288, 11825, 291
2026/09/22 21:40:44.407, 0, 12288, 11825, 291
2026/09/22 21:40:44.611, 0, 12288, 11825, 291
2026/09/22 21:40:44.819, 0, 12288, 11825, 291
2026/09/22 21:40:45.027, 0, 12288, 11825, 291
2026/09/22 21:40:45.236, 0, 12288, 11825, 291
2026/09/22 21:40:45.441, 0, 12288, 11825, 291
2026/09/22 21:40:45.649, 0, 12288, 11825, 291
2026/09/22 21:40:45.856, 0, 12288, 11825, 291
2026/09/22 21:40:46.063, 0, 12288, 11825, 291
2026/09/22 21:40:46.270, 0, 12288, 11825, 291
2026/09/22 21:40:46.478, 0, 12288, 11825, 291
2026/09/22 21:40:46.686, 0, 12288, 11825, 291
2026/09/22 21:40:46.893, 0, 12288, 11825, 291
2026/09/22 21:40:47.099, 0, 12288, 11825, 291
2026/09/22 21:40:47.304, 0, 12288, 11825, 291
2026/09/22 21:40:47.511, 0, 12288, 11825, 291
2026/09/22 21:40:47.716, 0, 12288, 11825, 291
2026/09/22 21:40:47.924, 0, 12288, 11825, 291
2026/09/22 21:40:48.131, 0, 12288, 11825, 291
2026/09/22 21:40:48.338, 0, 12288, 11825, 291
2026/09/22 21:40:48.545, 0, 12288, 11825, 291
2026/09/22 21:40:48.753, 0, 12288, 11825, 291
2026/09/22 21:40:48.959, 0, 12288, 11825, 291
2026/09/22 21:40:49.165, 0, 12288, 11825, 291
2026/09/22 21:40:49.372, 0, 12288, 11825, 291
2026/09/22 21:40:49.579, 0, 12288, 11825, 291
2026/09/22 21:40:49.787, 0, 12288, 11825, 291
2026/09/22 21:40:49.995, 0, 12288, 11825, 291
2026/09/22 21:40:50.202, 0, 12288, 11825, 291
2026/09/22 21:40:50.409, 0, 12288, 11825, 291
2026/09/22 21:40:50.616, 0, 12288, 11825, 291
2026/09/22 21:40:50.824, 0, 12288, 11825, 291
2026/09/22 21:40:51.031, 0, 12288, 11825, 291
2026/09/22 21:40:51.239, 0, 12288, 11825, 291
2026/09/22 21:40:51.447, 0, 12288, 11825, 291
2026/09/22 21:40:51.655, 0, 12288, 11825, 291
2026/09/22 21:40:51.861, 0, 12288, 11825, 291
2026/09/22 21:40:52.067, 0, 12288, 11825, 291
2026/09/22 21:40:52.275, 0, 12288, 11825, 291
2026/09/22 21:40:52.480, 0, 12288, 11825, 291
2026/09/22 21:40:52.687, 0, 12288, 11825, 291
2026/09/22 21:40:52.894, 0, 12288, 11825, 291
2026/09/22 21:40:53.102, 0, 12288, 11825, 291
2026/09/22 21:40:53.309, 0, 12288, 11825, 291
2026/09/22 21:40:53.517, 0, 12288, 11825, 291
2026/09/22 21:40:53.725, 0, 12288, 11825, 291
2026/09/22 21:40:53.933, 0, 12288, 11825, 291
2026/09/22 21:40:54.141, 0, 12288, 11825, 291
2026/09/22 21:40:54.347, 0, 12288, 11825, 291
2026/09/22 21:40:54.554, 0, 12288, 11825, 291
2026/09/22 21:40:54.762, 0, 12288, 11825, 291
2026/09/22 21:40:54.969, 0, 12288, 11825, 291
2026/09/22 21:40:55.176, 0, 12288, 11825, 291
2026/09/22 21:40:55.383, 0, 12288, 11825, 291
2026/09/22 21:40:55.590, 0, 12288, 11825, 291
2026/09/22 21:40:55.797, 0, 12288, 11825, 291
2026/09/22 21:40:56.004, 0, 12288, 11825, 291
2026/09/22 21:40:56.212, 0, 12288, 11825, 291
2026/09/22 21:40:56.420, 0, 12288, 11825, 291
2026/09/22 21:40:56.628, 0, 12288, 11825, 291
2026/09/22 21:40:56.835, 0, 12288, 11825, 291
2026/09/22 21:40:57.039, 0, 12288, 11825, 291
2026/09/22 21:40:57.247, 0, 12288, 11825, 291
2026/09/22 21:40:57.455, 0, 12288, 11825, 291
2026/09/22 21:40:57.662, 0, 12288, 11825, 291
2026/09/22 21:40:57.869, 0, 12288, 11825, 291
2026/09/22 21:40:58.076, 0, 12288, 11825, 291
2026/09/22 21:40:58.283, 0, 12288, 11825, 291
2026/09/22 21:40:58.486, 0, 12288, 11825, 291
2026/09/22 21:40:58.694, 0, 12288, 11825, 291
2026/09/22 21:40:58.901, 0, 12288, 11825, 291
2026/09/22 21:40:59.109, 0, 12288, 11825, 291
2026/09/22 21:40:59.317, 0, 12288, 11825, 291
2026/09/22 21:40:59.525, 0, 12288, 11825, 291
2026/09/22 21:40:59.732, 0, 12288, 11825, 291
2026/09/22 21:40:59.939, 0, 12288, 11825, 291
2026/09/22 21:41:00.147, 0, 12288, 11825, 291
2026/09/22 21:41:00.353, 0, 12288, 11825, 291
2026/09/22 21:41:00.561, 0, 12288, 11825, 291
2026/09/22 21:41:00.769, 0, 12288, 11825, 291
2026/09/22 21:41:00.976, 0, 12288, 11825, 291
2026/09/22 21:41:01.184, 0, 12288, 11825, 291
2026/09/22 21:41:01.392, 0, 12288, 11825, 291
2026/09/22 21:41:01.594, 0, 12288, 11825, 291
2026/09/22 21:41:01.801, 0, 12288, 11825, 291
2026/09/22 21:41:02.008, 0, 12288, 11825, 291
2026/09/22 21:41:02.215, 0, 12288, 11825, 291
2026/09/22 21:41:02.421, 0, 12288, 11825, 291
2026/09/22 21:41:02.627, 0, 12288, 11825, 291
2026/09/22 21:41:02.830, 0, 12288, 11825, 291
2026/09/22 21:41:03.035, 0, 12288, 11825, 291
2026/09/22 21:41:03.242, 0, 12288, 11825, 291
2026/09/22 21:41:03.450, 0, 12288, 11825, 291
2026/09/22 21:41:03.657, 0, 12288, 11825, 291
2026/09/22 21:41:03.865, 0, 12288, 11825, 291
2026/09/22 21:41:04.071, 0, 12288, 11825, 291
2026/09/22 21:41:04.279, 0, 12288, 11825, 291
2026/09/22 21:41:04.486, 0, 12288, 11825, 291
2026/09/22 21:41:04.694, 0, 12288, 11825, 291
2026/09/22 21:41:04.901, 0, 12288, 11825, 291
2026/09/22 21:41:05.106, 0, 12288, 11825, 291
2026/09/22 21:41:05.314, 0, 12288, 11825, 291
2026/09/22 21:41:05.520, 0, 12288, 11825, 291
2026/09/22 21:41:05.727, 0, 12288, 11825, 291
2026/09/22 21:41:05.934, 0, 12288, 11825, 291
2026/09/22 21:41:06.141, 0, 12288, 11825, 291
2026/09/22 21:41:06.347, 0, 12288, 11825, 291
2026/09/22 21:41:06.555, 0, 12288, 11825, 291
2026/09/22 21:41:06.762, 0, 12288, 11825, 291
2026/09/22 21:41:06.968, 0, 12288, 11825, 291
2026/09/22 21:41:07.176, 0, 12288, 11825, 291
2026/09/22 21:41:07.384, 0, 12288, 11825, 291
2026/09/22 21:41:07.591, 0, 12288, 11825, 291
2026/09/22 21:41:07.798, 0, 12288, 11825, 291
2026/09/22 21:41:08.004, 0, 12288, 11825, 291
2026/09/22 21:41:08.212, 0, 12288, 11825, 291
2026/09/22 21:41:08.418, 0, 12288, 11825, 291
2026/09/22 21:41:08.626, 0, 12288, 11825, 291
2026/09/22 21:41:08.834, 0, 12288, 11825, 291
2026/09/22 21:41:09.042, 0, 12288, 11825, 291
2026/09/22 21:41:09.249, 0, 12288, 11825, 291
2026/09/22 21:41:09.456, 0, 12288, 11825, 291
2026/09/22 21:41:09.663, 0, 12288, 11825, 291
2026/09/22 21:41:09.871, 0, 12288, 11825, 291
2026/09/22 21:41:10.079, 0, 12288, 11825, 291
2026/09/22 21:41:10.284, 0, 12288, 11825, 291
2026/09/22 21:41:10.492, 0, 12288, 11825, 291
2026/09/22 21:41:10.699, 0, 12288, 11825, 291
2026/09/22 21:41:10.905, 0, 12288, 11825, 291
2026/09/22 21:41:11.113, 0, 12288, 11825, 291
2026/09/22 21:41:11.320, 0, 12288, 11825, 291
2026/09/22 21:41:11.528, 0, 12288, 11825, 291
2026/09/22 21:41:11.734, 0, 12288, 11825, 291
2026/09/22 21:41:11.942, 0, 12288, 11825, 291
2026/09/22 21:41:12.149, 0, 12288, 11825, 291
2026/09/22 21:41:12.357, 0, 12288, 11825, 291
2026/09/22 21:41:12.564, 0, 12288, 11825, 291
2026/09/22 21:41:12.772, 0, 12288, 11825, 291
2026/09/22 21:41:12.978, 0, 12288, 11825, 291
2026/09/22 21:41:13.184, 0, 12288, 11825, 291
2026/09/22 21:41:13.392, 0, 12288, 11825, 291
2026/09/22 21:41:13.599, 0, 12288, 11825, 291
2026/09/22 21:41:13.805, 0, 12288, 11825, 291
2026/09/22 21:41:14.013, 0, 12288, 11825, 291
2026/09/22 21:41:14.220, 0, 12288, 11825, 291
2026/09/22 21:41:14.425, 0, 12288, 11825, 291
2026/09/22 21:41:14.633, 0, 12288, 11825, 291
2026/09/22 21:41:14.840, 0, 12288, 11825, 291
2026/09/22 21:41:15.046, 0, 12288, 11825, 291
2026/09/22 21:41:15.252, 0, 12288, 11825, 291
2026/09/22 21:41:15.457, 0, 12288, 11825, 291
2026/09/22 21:41:15.662, 0, 12288, 11825, 291
2026/09/22 21:41:15.869, 0, 12288, 11825, 291
2026/09/22 21:41:16.077, 0, 12288, 11825, 291
2026/09/22 21:41:16.283, 0, 12288, 11825, 291
2026/09/22 21:41:16.488, 0, 12288, 11825, 291
2026/09/22 21:41:16.696, 0, 12288, 11825, 291
2026/09/22 21:41:16.902, 0, 12288, 11825, 291
2026/09/22 21:41:17.110, 0, 12288, 11825, 291
2026/09/22 21:41:17.316, 0, 12288, 11825, 291
2026/09/22 21:41:17.523, 0, 12288, 11825, 291
2026/09/22 21:41:17.731, 0, 12288, 11825, 291
2026/09/22 21:41:17.938, 0, 12288, 11825, 291
2026/09/22 21:41:18.145, 0, 12288, 11825, 291
2026/09/22 21:41:18.353, 0, 12288, 11825, 291
2026/09/22 21:41:18.559, 0, 12288, 11825, 291
2026/09/22 21:41:18.766, 0, 12288, 11825, 291
2026/09/22 21:41:18.973, 0, 12288, 11825, 291
2026/09/22 21:41:19.180, 0, 12288, 11825, 291
2026/09/22 21:41:19.388, 0, 12288, 11825, 291
2026/09/22 21:41:19.595, 0, 12288, 11825, 291
2026/09/22 21:41:19.801, 0, 12288, 11825, 291
2026/09/22 21:41:20.009, 0, 12288, 11825, 291
2026/09/22 21:41:20.215, 0, 12288, 11825, 291
2026/09/22 21:41:20.423, 0, 12288, 11825, 291
2026/09/22 21:41:20.629, 0, 12288, 11825, 291
2026/09/22 21:41:20.837, 0, 12288, 11825, 291
2026/09/22 21:41:21.045, 0, 12288, 11825, 291
2026/09/22 21:41:21.252, 0, 12288, 11825, 291
2026/09/22 21:41:21.459, 0, 12288, 11825, 291
2026/09/22 21:41:21.666, 0, 12288, 11825, 291
2026/09/22 21:41:21.874, 0, 12288, 11825, 291
2026/09/22 21:41:22.082, 0, 12288, 11825, 291
2026/09/22 21:41:22.289, 0, 12288, 11825, 291
2026/09/22 21:41:22.497, 0, 12288, 11825, 291
2026/09/22 21:41:22.705, 0, 12288, 11825, 291
2026/09/22 21:41:22.910, 0, 12288, 11825, 291
2026/09/22 21:41:23.116, 0, 12288, 11825, 291
2026/09/22 21:41:23.323, 0, 12288, 11825, 291
2026/09/22 21:41:23.528, 0, 12288, 11825, 291
2026/09/22 21:41:23.734, 0, 12288, 11825, 291
2026/09/22 21:41:23.940, 0, 12288, 11825, 291
2026/09/22 21:41:24.147, 0, 12288, 11825, 291
2026/09/22 21:41:24.354, 0, 12288, 11825, 291
2026/09/22 21:41:24.562, 0, 12288, 11825, 291
2026/09/22 21:41:24.769, 0, 12288, 11825, 291
2026/09/22 21:41:24.976, 0, 12288, 11825, 291
2026/09/22 21:41:25.184, 0, 12288, 11825, 291
2026/09/22 21:41:25.392, 0, 12288, 11825, 291
2026/09/22 21:41:25.598, 0, 12288, 11825, 291
2026/09/22 21:41:25.805, 0, 12288, 11825, 291
2026/09/22 21:41:26.011, 0, 12288, 11825, 291
2026/09/22 21:41:26.218, 0, 12288, 11825, 291
2026/09/22 21:41:26.426, 0, 12288, 11825, 291
2026/09/22 21:41:26.634, 0, 12288, 11825, 291
2026/09/22 21:41:26.841, 0, 12288, 11825, 291
2026/09/22 21:41:27.047, 0, 12288, 11825, 291
2026/09/22 21:41:27.253, 0, 12288, 11825, 291
2026/09/22 21:41:27.461, 0, 12288, 11825, 291
2026/09/22 21:41:27.669, 0, 12288, 11825, 291
2026/09/22 21:41:27.876, 0, 12288, 11825, 291
2026/09/22 21:41:28.082, 0, 12288, 11825, 291
2026/09/22 21:41:28.289, 0, 12288, 11825, 291
2026/09/22 21:41:28.497, 0, 12288, 11825, 291
2026/09/22 21:41:28.705, 0, 12288, 11825, 291
2026/09/22 21:41:28.913, 0, 12288, 11825, 291
2026/09/22 21:41:29.121, 0, 12288, 11825, 291
2026/09/22 21:41:29.329, 0, 12288, 11825, 291
2026/09/22 21:41:29.534, 0, 12288, 11825, 291
2026/09/22 21:41:29.741, 0, 12288, 11825, 291
2026/09/22 21:41:29.947, 0, 12288, 11825, 291
2026/09/22 21:41:30.154, 0, 12288, 11825, 291
2026/09/22 21:41:30.361, 0, 12288, 11825, 291
2026/09/22 21:41:30.569, 0, 12288, 11825, 291
2026/09/22 21:41:30.776, 0, 12288, 11825, 291
2026/09/22 21:41:30.984, 0, 12288, 11825, 291
2026/09/22 21:41:31.189, 0, 12288, 11825, 291
2026/09/22 21:41:31.397, 0, 12288, 11825, 291
2026/09/22 21:41:31.605, 0, 12288, 11825, 291
2026/09/22 21:41:31.812, 0, 12288, 11825, 291
2026/09/22 21:41:32.020, 0, 12288, 11825, 291
2026/09/22 21:41:32.227, 0, 12288, 11825, 291
2026/09/22 21:41:32.435, 0, 12288, 11825, 291
2026/09/22 21:41:32.643, 0, 12288, 11825, 291
2026/09/22 21:41:32.849, 0, 12288, 11825, 291
2026/09/22 21:41:33.057, 0, 12288, 11825, 291
2026/09/22 21:41:33.264, 0, 12288, 11825, 291
2026/09/22 21:41:33.471, 0, 12288, 11825, 291
2026/09/22 21:41:33.676, 0, 12288, 11825, 291
2026/09/22 21:41:33.884, 0, 12288, 11825, 291
2026/09/22 21:41:34.089, 0, 12288, 11825, 291
2026/09/22 21:41:34.295, 0, 12288, 11825, 291
2026/09/22 21:41:34.502, 0, 12288, 11825, 291
2026/09/22 21:41:34.705, 0, 12288, 11825, 291
2026/09/22 21:41:34.913, 0, 12288, 11825, 291
2026/09/22 21:41:35.119, 0, 12288, 11825, 291
2026/09/22 21:41:35.327, 0, 12288, 11825, 291
2026/09/22 21:41:35.534, 0, 12288, 11825, 291
2026/09/22 21:41:35.741, 0, 12288, 11825, 291
2026/09/22 21:41:35.949, 0, 12288, 11825, 291
2026/09/22 21:41:36.156, 0, 12288, 11825, 291
2026/09/22 21:41:36.362, 0, 12288, 11825, 291
2026/09/22 21:41:36.569, 0, 12288, 11825, 291
2026/09/22 21:41:36.777, 0, 12288, 11825, 291
2026/09/22 21:41:36.983, 0, 12288, 11825, 291
2026/09/22 21:41:37.190, 0, 12288, 11825, 291
2026/09/22 21:41:37.397, 0, 12288, 11825, 291
2026/09/22 21:41:37.603, 0, 12288, 11825, 291
2026/09/22 21:41:37.811, 0, 12288, 11825, 291
2026/09/22 21:41:38.017, 0, 12288, 11825, 291
2026/09/22 21:41:38.224, 0, 12288, 11825, 291
2026/09/22 21:41:38.431, 0, 12288, 11825, 291
2026/09/22 21:41:38.639, 0, 12288, 11825, 291
2026/09/22 21:41:38.843, 0, 12288, 11825, 291
2026/09/22 21:41:39.051, 0, 12288, 11825, 291
2026/09/22 21:41:39.260, 0, 12288, 11825, 291
2026/09/22 21:41:39.467, 0, 12288, 11825, 291
2026/09/22 21:41:39.673, 0, 12288, 11825, 291
2026/09/22 21:41:39.880, 0, 12288, 11825, 291
2026/09/22 21:41:40.088, 0, 12288, 11825, 291
2026/09/22 21:41:40.296, 0, 12288, 11825, 291
2026/09/22 21:41:40.504, 0, 12288, 11825, 291
2026/09/22 21:41:40.711, 0, 12288, 11825, 291
2026/09/22 21:41:40.919, 0, 12288, 11825, 291
2026/09/22 21:41:41.125, 0, 12288, 11825, 291
2026/09/22 21:41:41.333, 0, 12288, 11825, 291
2026/09/22 21:41:41.541, 0, 12288, 11825, 291
2026/09/22 21:41:41.747, 0, 12288, 11825, 291
2026/09/22 21:41:41.955, 0, 12288, 11825, 291
2026/09/22 21:41:42.162, 0, 12288, 11825, 291
2026/09/22 21:41:42.370, 0, 12288, 11825, 291
2026/09/22 21:41:42.577, 0, 12288, 11825, 291
2026/09/22 21:41:42.783, 0, 12288, 11825, 291
2026/09/22 21:41:42.991, 0, 12288, 11825, 291
2026/09/22 21:41:43.199, 0, 12288, 11825, 291
2026/09/22 21:41:43.404, 0, 12288, 11825, 291
2026/09/22 21:41:43.611, 0, 12288, 11825, 291
2026/09/22 21:41:43.818, 0, 12288, 11825, 291
2026/09/22 21:41:44.025, 0, 12288, 11825, 291
2026/09/22 21:41:44.233, 0, 12288, 11825, 291
2026/09/22 21:41:44.439, 0, 12288, 11825, 291
2026/09/22 21:41:44.645, 0, 12288, 11825, 291
2026/09/22 21:41:44.853, 0, 12288, 11825, 291
2026/09/22 21:41:45.059, 0, 12288, 11825, 291
2026/09/22 21:41:45.267, 0, 12288, 11825, 291
2026/09/22 21:41:45.473, 0, 12288, 11825, 291
2026/09/22 21:41:45.680, 0, 12288, 11825, 291
2026/09/22 21:41:45.888, 0, 12288, 11825, 291
2026/09/22 21:41:46.095, 0, 12288, 11825, 291
2026/09/22 21:41:46.303, 0, 12288, 11825, 291
2026/09/22 21:41:46.511, 0, 12288, 11825, 291
2026/09/22 21:41:46.719, 0, 12288, 11825, 291
2026/09/22 21:41:46.927, 0, 12288, 11825, 291
2026/09/22 21:41:47.135, 0, 12288, 11825, 291
2026/09/22 21:41:47.343, 0, 12288, 11825, 291
2026/09/22 21:41:47.551, 0, 12288, 11825, 291
2026/09/22 21:41:47.756, 0, 12288, 11825, 291
2026/09/22 21:41:47.964, 0, 12288, 11825, 291
2026/09/22 21:41:48.168, 0, 12288, 11825, 291
2026/09/22 21:41:48.376, 0, 12288, 11825, 291
2026/09/22 21:41:48.583, 0, 12288, 11825, 291
2026/09/22 21:41:48.790, 0, 12288, 11825, 291
2026/09/22 21:41:48.997, 0, 12288, 11825, 291
2026/09/22 21:41:49.205, 0, 12288, 11825, 291
2026/09/22 21:41:49.412, 0, 12288, 11825, 291
2026/09/22 21:41:49.620, 0, 12288, 11825, 291
2026/09/22 21:41:49.827, 0, 12288, 11825, 291
2026/09/22 21:41:50.035, 0, 12288, 11825, 291
2026/09/22 21:41:50.242, 0, 12288, 11825, 291
2026/09/22 21:41:50.449, 0, 12288, 11825, 291
2026/09/22 21:41:50.656, 0, 12288, 11825, 291
2026/09/22 21:41:50.861, 0, 12288, 11825, 291
2026/09/22 21:41:51.067, 0, 12288, 11825, 291
2026/09/22 21:41:51.274, 0, 12288, 11825, 291
2026/09/22 21:41:51.482, 0, 12288, 11825, 291
2026/09/22 21:41:51.688, 0, 12288, 11825, 291
2026/09/22 21:41:51.893, 0, 12288, 11825, 291
2026/09/22 21:41:52.099, 0, 12288, 11825, 291
2026/09/22 21:41:52.304, 0, 12288, 11825, 291
2026/09/22 21:41:52.512, 0, 12288, 11825, 291
2026/09/22 21:41:52.717, 0, 12288, 11825, 291
2026/09/22 21:41:52.924, 0, 12288, 11825, 291
2026/09/22 21:41:53.130, 0, 12288, 11825, 291
2026/09/22 21:41:53.335, 0, 12288, 11825, 291
2026/09/22 21:41:53.541, 0, 12288, 11825, 291
2026/09/22 21:41:53.748, 0, 12288, 11825, 291
2026/09/22 21:41:53.954, 0, 12288, 11825, 291
2026/09/22 21:41:54.177, 0, 12288, 11825, 291
2026/09/22 21:41:54.386, 0, 12288, 11825, 291
2026/09/22 21:41:54.593, 0, 12288, 11825, 291
2026/09/22 21:41:54.800, 0, 12288, 11825, 291
2026/09/22 21:41:55.007, 0, 12288, 11825, 291
2026/09/22 21:41:55.213, 0, 12288, 11825, 291
2026/09/22 21:41:55.419, 0, 12288, 11825, 291
2026/09/22 21:41:55.627, 0, 12288, 11825, 291
2026/09/22 21:41:55.835, 0, 12288, 11825, 291
2026/09/22 21:41:56.043, 0, 12288, 11825, 291
2026/09/22 21:41:56.251, 0, 12288, 11825, 291
2026/09/22 21:41:56.459, 0, 12288, 11825, 291
2026/09/22 21:41:56.667, 0, 12288, 11825, 291
2026/09/22 21:41:56.875, 0, 12288, 11825, 291
2026/09/22 21:41:57.083, 0, 12288, 11825, 291
2026/09/22 21:41:57.289, 0, 12288, 11825, 291
2026/09/22 21:41:57.497, 0, 12288, 11825, 291
2026/09/22 21:41:57.704, 0, 12288, 11825, 291
2026/09/22 21:41:57.912, 0, 12288, 11825, 291
2026/09/22 21:41:58.120, 0, 12288, 11825, 291
2026/09/22 21:41:58.327, 0, 12288, 11825, 291
2026/09/22 21:41:58.533, 0, 12288, 11825, 291
2026/09/22 21:41:58.741, 0, 12288, 11825, 291
2026/09/22 21:41:58.949, 0, 12288, 11825, 291
2026/09/22 21:41:59.155, 0, 12288, 11825, 291
2026/09/22 21:41:59.363, 0, 12288, 11825, 291
2026/09/22 21:41:59.570, 0, 12288, 11825, 291
2026/09/22 21:41:59.777, 0, 12288, 11825, 291
2026/09/22 21:41:59.984, 0, 12288, 11825, 291
2026/09/22 21:42:00.191, 0, 12288, 11825, 291
2026/09/22 21:42:00.399, 0, 12288, 11825, 291
2026/09/22 21:42:00.607, 0, 12288, 11825, 291
2026/09/22 21:42:00.814, 0, 12288, 11825, 291
2026/09/22 21:42:01.020, 0, 12288, 11825, 291
2026/09/22 21:42:01.227, 0, 12288, 11825, 291
2026/09/22 21:42:01.434, 0, 12288, 11825, 291
2026/09/22 21:42:01.641, 0, 12288, 11825, 291
2026/09/22 21:42:01.847, 0, 12288, 11825, 291
2026/09/22 21:42:02.053, 0, 12288, 11825, 291
2026/09/22 21:42:02.260, 0, 12288, 11825, 291
2026/09/22 21:42:02.468, 0, 12288, 11825, 291
2026/09/22 21:42:02.674, 0, 12288, 11825, 291
2026/09/22 21:42:02.882, 0, 12288, 11825, 291
2026/09/22 21:42:03.090, 0, 12288, 11825, 291
2026/09/22 21:42:03.297, 0, 12288, 11825, 291
2026/09/22 21:42:03.503, 0, 12288, 11825, 291
2026/09/22 21:42:03.708, 0, 12288, 11825, 291
2026/09/22 21:42:03.913, 0, 12288, 11825, 291
2026/09/22 21:42:04.121, 0, 12288, 11825, 291
2026/09/22 21:42:04.328, 0, 12288, 11825, 291
2026/09/22 21:42:04.535, 0, 12288, 11825, 291
2026/09/22 21:42:04.742, 0, 12288, 11825, 291
2026/09/22 21:42:04.949, 0, 12288, 11825, 291
2026/09/22 21:42:05.157, 0, 12288, 11825, 291
2026/09/22 21:42:05.361, 0, 12288, 11825, 291
2026/09/22 21:42:05.568, 0, 12288, 11825, 291
2026/09/22 21:42:05.776, 0, 12288, 11825, 291
2026/09/22 21:42:05.984, 0, 12288, 11825, 291
2026/09/22 21:42:06.192, 0, 12288, 11825, 291
2026/09/22 21:42:06.400, 0, 12288, 11825, 291
2026/09/22 21:42:06.605, 0, 12288, 11825, 291
2026/09/22 21:42:06.812, 0, 12288, 11825, 291
2026/09/22 21:42:07.017, 0, 12288, 11825, 291
2026/09/22 21:42:07.221, 0, 12288, 11825, 291
2026/09/22 21:42:07.428, 0, 12288, 11825, 291
2026/09/22 21:42:07.636, 0, 12288, 11825, 291
2026/09/22 21:42:07.843, 0, 12288, 11825, 291
2026/09/22 21:42:08.050, 0, 12288, 11825, 291
2026/09/22 21:42:08.257, 0, 12288, 11825, 291
2026/09/22 21:42:08.465, 0, 12288, 11825, 291
2026/09/22 21:42:08.671, 0, 12288, 11825, 291
2026/09/22 21:42:08.879, 0, 12288, 11825, 291
2026/09/22 21:42:09.087, 0, 12288, 11825, 291
2026/09/22 21:42:09.293, 0, 12288, 11825, 291
2026/09/22 21:42:09.501, 0, 12288, 11825, 291
2026/09/22 21:42:09.707, 0, 12288, 11825, 291
2026/09/22 21:42:09.914, 0, 12288, 11825, 291
2026/09/22 21:42:10.121, 0, 12288, 11825, 291
2026/09/22 21:42:10.326, 0, 12288, 11825, 291
2026/09/22 21:42:10.533, 0, 12288, 11825, 291
2026/09/22 21:42:10.736, 0, 12288, 11825, 291
2026/09/22 21:42:10.944, 0, 12288, 11825, 291
2026/09/22 21:42:11.151, 0, 12288, 11825, 291
2026/09/22 21:42:11.356, 0, 12288, 11825, 291
2026/09/22 21:42:11.564, 0, 12288, 11825, 291
2026/09/22 21:42:11.770, 0, 12288, 11825, 291
2026/09/22 21:42:11.977, 0, 12288, 11825, 291
2026/09/22 21:42:12.185, 0, 12288, 11825, 291
2026/09/22 21:42:12.392, 0, 12288, 11825, 291
2026/09/22 21:42:12.597, 0, 12288, 11825, 291
2026/09/22 21:42:12.804, 0, 12288, 11825, 291
2026/09/22 21:42:13.008, 0, 12288, 11825, 291
2026/09/22 21:42:13.215, 0, 12288, 11825, 291
2026/09/22 21:42:13.422, 0, 12288, 11825, 291
2026/09/22 21:42:13.629, 0, 12288, 11825, 291
2026/09/22 21:42:13.835, 0, 12288, 11825, 291
2026/09/22 21:42:14.042, 0, 12288, 11825, 291
2026/09/22 21:42:14.250, 0, 12288, 11825, 291
2026/09/22 21:42:14.455, 0, 12288, 11825, 291
2026/09/22 21:42:14.662, 0, 12288, 11825, 291
2026/09/22 21:42:14.869, 0, 12288, 11825, 291
2026/09/22 21:42:15.076, 0, 12288, 11825, 291
2026/09/22 21:42:15.283, 0, 12288, 11825, 291
2026/09/22 21:42:15.489, 0, 12288, 11825, 291
2026/09/22 21:42:15.696, 0, 12288, 11825, 291
2026/09/22 21:42:15.899, 0, 12288, 11825, 291
2026/09/22 21:42:16.107, 0, 12288, 11827, 289
2026/09/22 21:42:16.315, 0, 12288, 11827, 289
2026/09/22 21:42:16.518, 0, 12288, 11827, 289
2026/09/22 21:42:16.726, 0, 12288, 11827, 289
2026/09/22 21:42:16.933, 0, 12288, 11827, 289
2026/09/22 21:42:17.140, 0, 12288, 11827, 289
2026/09/22 21:42:17.348, 0, 12288, 11827, 289
2026/09/22 21:42:17.555, 0, 12288, 11827, 289
2026/09/22 21:42:17.763, 0, 12288, 11827, 289
2026/09/22 21:42:17.971, 0, 12288, 11827, 289
2026/09/22 21:42:18.179, 0, 12288, 11827, 289
2026/09/22 21:42:18.385, 0, 12288, 11827, 289
2026/09/22 21:42:18.592, 0, 12288, 11827, 289
2026/09/22 21:42:18.797, 0, 12288, 11827, 289
2026/09/22 21:42:19.004, 0, 12288, 11827, 289
2026/09/22 21:42:19.212, 0, 12288, 11827, 289
2026/09/22 21:42:19.419, 0, 12288, 11827, 289
2026/09/22 21:42:19.627, 0, 12288, 11827, 289
2026/09/22 21:42:19.834, 0, 12288, 11827, 289
2026/09/22 21:42:20.041, 0, 12288, 11827, 289
2026/09/22 21:42:20.249, 0, 12288, 11827, 289
2026/09/22 21:42:20.455, 0, 12288, 11827, 289
2026/09/22 21:42:20.659, 0, 12288, 11827, 289
2026/09/22 21:42:20.866, 0, 12288, 11827, 289
2026/09/22 21:42:21.073, 0, 12288, 11827, 289
2026/09/22 21:42:21.280, 0, 12288, 11827, 289
2026/09/22 21:42:21.487, 0, 12288, 11827, 289
2026/09/22 21:42:21.694, 0, 12288, 11827, 289
2026/09/22 21:42:21.899, 0, 12288, 11827, 289
2026/09/22 21:42:22.107, 0, 12288, 11827, 289
2026/09/22 21:42:22.314, 0, 12288, 11827, 289
2026/09/22 21:42:22.521, 0, 12288, 11827, 289
2026/09/22 21:42:22.729, 0, 12288, 11827, 289
2026/09/22 21:42:22.936, 0, 12288, 11827, 289
2026/09/22 21:42:23.143, 0, 12288, 11827, 289
2026/09/22 21:42:23.351, 0, 12288, 11827, 289
2026/09/22 21:42:23.557, 0, 12288, 11827, 289
2026/09/22 21:42:23.765, 0, 12288, 11827, 289
2026/09/22 21:42:23.970, 0, 12288, 11827, 289
2026/09/22 21:42:24.177, 0, 12288, 11827, 289
2026/09/22 21:42:24.384, 0, 12288, 11827, 289
2026/09/22 21:42:24.591, 0, 12288, 11827, 289
2026/09/22 21:42:24.799, 0, 12288, 11827, 289
2026/09/22 21:42:25.002, 0, 12288, 11827, 289
2026/09/22 21:42:25.206, 0, 12288, 11827, 289
2026/09/22 21:42:25.413, 0, 12288, 11827, 289
2026/09/22 21:42:25.620, 0, 12288, 11827, 289
2026/09/22 21:42:25.827, 0, 12288, 11827, 289
2026/09/22 21:42:26.033, 0, 12288, 11827, 289
2026/09/22 21:42:26.241, 0, 12288, 11827, 289
2026/09/22 21:42:26.446, 0, 12288, 11827, 289
2026/09/22 21:42:26.652, 0, 12288, 11827, 289
2026/09/22 21:42:26.859, 0, 12288, 11827, 289
2026/09/22 21:42:27.064, 0, 12288, 11827, 289
2026/09/22 21:42:27.272, 0, 12288, 11827, 289
2026/09/22 21:42:27.479, 0, 12288, 11827, 289
2026/09/22 21:42:27.687, 0, 12288, 11827, 289
2026/09/22 21:42:27.893, 0, 12288, 11827, 289
2026/09/22 21:42:28.099, 0, 12288, 11827, 289
2026/09/22 21:42:28.307, 0, 12288, 11827, 289
2026/09/22 21:42:28.515, 0, 12288, 11827, 289
2026/09/22 21:42:28.722, 0, 12288, 11827, 289
2026/09/22 21:42:28.930, 0, 12288, 11827, 289
2026/09/22 21:42:29.137, 0, 12288, 11827, 289
2026/09/22 21:42:29.345, 0, 12288, 11827, 289
2026/09/22 21:42:29.550, 0, 12288, 11827, 289
2026/09/22 21:42:29.757, 0, 12288, 11827, 289
2026/09/22 21:42:29.964, 0, 12288, 11827, 289
2026/09/22 21:42:30.171, 0, 12288, 11827, 289
2026/09/22 21:42:30.378, 0, 12288, 11827, 289
2026/09/22 21:42:30.585, 0, 12288, 11827, 289
2026/09/22 21:42:30.792, 0, 12288, 11827, 289
2026/09/22 21:42:31.000, 0, 12288, 11827, 289
2026/09/22 21:42:31.208, 0, 12288, 11827, 289
2026/09/22 21:42:31.415, 0, 12288, 11827, 289
2026/09/22 21:42:31.623, 0, 12288, 11827, 289
2026/09/22 21:42:31.831, 0, 12288, 11827, 289
2026/09/22 21:42:32.038, 0, 12288, 11827, 289
2026/09/22 21:42:32.245, 0, 12288, 11827, 289
2026/09/22 21:42:32.452, 0, 12288, 11827, 289
2026/09/22 21:42:32.658, 0, 12288, 11827, 289
2026/09/22 21:42:32.865, 0, 12288, 11827, 289
2026/09/22 21:42:33.073, 0, 12288, 11827, 289
2026/09/22 21:42:33.280, 0, 12288, 11827, 289
2026/09/22 21:42:33.486, 0, 12288, 11827, 289
2026/09/22 21:42:33.692, 0, 12288, 11827, 289
2026/09/22 21:42:33.900, 0, 12288, 11827, 289
2026/09/22 21:42:34.104, 0, 12288, 11827, 289
2026/09/22 21:42:34.312, 0, 12288, 11827, 289
2026/09/22 21:42:34.515, 0, 12288, 11827, 289
2026/09/22 21:42:34.721, 0, 12288, 11827, 289
2026/09/22 21:42:34.927, 0, 12288, 11827, 289
2026/09/22 21:42:35.134, 0, 12288, 11827, 289
2026/09/22 21:42:35.341, 0, 12288, 11827, 289
2026/09/22 21:42:35.548, 0, 12288, 11827, 289
2026/09/22 21:42:35.755, 0, 12288, 11827, 289
2026/09/22 21:42:35.960, 0, 12288, 11827, 289
2026/09/22 21:42:36.166, 0, 12288, 11827, 289
2026/09/22 21:42:36.373, 0, 12288, 11827, 289
2026/09/22 21:42:36.580, 0, 12288, 11827, 289
2026/09/22 21:42:36.788, 0, 12288, 11827, 289
2026/09/22 21:42:36.994, 0, 12288, 11827, 289
2026/09/22 21:42:37.201, 0, 12288, 11827, 289
2026/09/22 21:42:37.408, 0, 12288, 11827, 289
2026/09/22 21:42:37.615, 0, 12288, 11827, 289
2026/09/22 21:42:37.823, 0, 12288, 11827, 289
2026/09/22 21:42:38.031, 0, 12288, 11827, 289
2026/09/22 21:42:38.238, 0, 12288, 11827, 289
2026/09/22 21:42:38.446, 0, 12288, 11827, 289
2026/09/22 21:42:38.654, 0, 12288, 11827, 289
2026/09/22 21:42:38.861, 0, 12288, 11827, 289
2026/09/22 21:42:39.063, 0, 12288, 11827, 289
2026/09/22 21:42:39.268, 0, 12288, 11827, 289
2026/09/22 21:42:39.475, 0, 12288, 11827, 289
2026/09/22 21:42:39.683, 0, 12288, 11827, 289
2026/09/22 21:42:39.892, 0, 12288, 11827, 289
2026/09/22 21:42:40.099, 0, 12288, 11827, 289
2026/09/22 21:42:40.305, 0, 12288, 11827, 289
2026/09/22 21:42:40.513, 0, 12288, 11827, 289
2026/09/22 21:42:40.720, 0, 12288, 11827, 289
2026/09/22 21:42:40.928, 0, 12288, 11827, 289
2026/09/22 21:42:41.135, 0, 12288, 11827, 289
2026/09/22 21:42:41.343, 0, 12288, 11827, 289
2026/09/22 21:42:41.549, 0, 12288, 11827, 289
2026/09/22 21:42:41.757, 0, 12288, 11827, 289
2026/09/22 21:42:41.964, 0, 12288, 11827, 289
2026/09/22 21:42:42.172, 0, 12288, 11827, 289
2026/09/22 21:42:42.379, 0, 12288, 11827, 289
2026/09/22 21:42:42.585, 0, 12288, 11827, 289
2026/09/22 21:42:42.793, 0, 12288, 11827, 289
2026/09/22 21:42:43.001, 0, 12288, 11827, 289
2026/09/22 21:42:43.209, 0, 12288, 11827, 289
2026/09/22 21:42:43.417, 0, 12288, 11827, 289
2026/09/22 21:42:43.625, 0, 12288, 11827, 289
2026/09/22 21:42:43.830, 0, 12288, 11827, 289
2026/09/22 21:42:44.037, 0, 12288, 11827, 289
2026/09/22 21:42:44.241, 0, 12288, 11827, 289
2026/09/22 21:42:44.449, 0, 12288, 11827, 289
2026/09/22 21:42:44.656, 0, 12288, 11827, 289
2026/09/22 21:42:44.861, 0, 12288, 11827, 289
2026/09/22 21:42:45.067, 0, 12288, 11827, 289
2026/09/22 21:42:45.274, 0, 12288, 11827, 289
2026/09/22 21:42:45.481, 0, 12288, 11827, 289
2026/09/22 21:42:45.688, 0, 12288, 11827, 289
2026/09/22 21:42:45.895, 0, 12288, 11827, 289
2026/09/22 21:42:46.100, 0, 12288, 11827, 289
2026/09/22 21:42:46.308, 0, 12288, 11827, 289
2026/09/22 21:42:46.515, 0, 12288, 11827, 289
2026/09/22 21:42:46.723, 0, 12288, 11827, 289
2026/09/22 21:42:46.929, 0, 12288, 11827, 289
2026/09/22 21:42:47.137, 0, 12288, 11827, 289
2026/09/22 21:42:47.344, 0, 12288, 11827, 289
2026/09/22 21:42:47.552, 0, 12288, 11827, 289
2026/09/22 21:42:47.760, 0, 12288, 11827, 289
2026/09/22 21:42:47.968, 0, 12288, 11827, 289
2026/09/22 21:42:48.175, 0, 12288, 11827, 289
2026/09/22 21:42:48.380, 0, 12288, 11827, 289
2026/09/22 21:42:48.587, 0, 12288, 11827, 289
2026/09/22 21:42:48.795, 0, 12288, 11827, 289
2026/09/22 21:42:49.002, 0, 12288, 11827, 289
2026/09/22 21:42:49.209, 0, 12288, 11827, 289
2026/09/22 21:42:49.416, 0, 12288, 11827, 289
2026/09/22 21:42:49.624, 0, 12288, 11827, 289
2026/09/22 21:42:49.831, 0, 12288, 11827, 289
2026/09/22 21:42:50.038, 0, 12288, 11827, 289
2026/09/22 21:42:50.246, 0, 12288, 11827, 289
2026/09/22 21:42:50.454, 0, 12288, 11827, 289
2026/09/22 21:42:50.661, 0, 12288, 11827, 289
2026/09/22 21:42:50.869, 0, 12288, 11827, 289
2026/09/22 21:42:51.077, 0, 12288, 11827, 289
2026/09/22 21:42:51.285, 0, 12288, 11827, 289
2026/09/22 21:42:51.491, 0, 12288, 11827, 289
2026/09/22 21:42:51.698, 0, 12288, 11827, 289
2026/09/22 21:42:51.905, 0, 12288, 11827, 289
2026/09/22 21:42:52.113, 0, 12288, 11827, 289
2026/09/22 21:42:52.321, 0, 12288, 11827, 289
2026/09/22 21:42:52.529, 0, 12288, 11827, 289
2026/09/22 21:42:52.737, 0, 12288, 11827, 289
2026/09/22 21:42:52.944, 0, 12288, 11827, 289
2026/09/22 21:42:53.150, 0, 12288, 11827, 289
2026/09/22 21:42:53.358, 0, 12288, 11827, 289
2026/09/22 21:42:53.564, 0, 12288, 11827, 289
2026/09/22 21:42:53.771, 0, 12288, 11827, 289
2026/09/22 21:42:53.979, 0, 12288, 11827, 289
2026/09/22 21:42:54.187, 0, 12288, 11827, 289
2026/09/22 21:42:54.394, 0, 12288, 11827, 289
2026/09/22 21:42:54.600, 0, 12288, 11827, 289
2026/09/22 21:42:54.807, 0, 12288, 11827, 289
2026/09/22 21:42:55.014, 0, 12288, 11827, 289
2026/09/22 21:42:55.221, 0, 12288, 11827, 289
2026/09/22 21:42:55.426, 0, 12288, 11827, 289
2026/09/22 21:42:55.632, 0, 12288, 11827, 289
2026/09/22 21:42:55.840, 0, 12288, 11827, 289
2026/09/22 21:42:56.047, 0, 12288, 11827, 289
2026/09/22 21:42:56.253, 0, 12288, 11827, 289
2026/09/22 21:42:56.461, 0, 12288, 11827, 289
2026/09/22 21:42:56.669, 0, 12288, 11827, 289
2026/09/22 21:42:56.876, 0, 12288, 11827, 289
2026/09/22 21:42:57.083, 0, 12288, 11827, 289
2026/09/22 21:42:57.289, 0, 12288, 11827, 289
2026/09/22 21:42:57.496, 0, 12288, 11827, 289
2026/09/22 21:42:57.702, 0, 12288, 11827, 289
2026/09/22 21:42:57.908, 0, 12288, 11827, 289
2026/09/22 21:42:58.115, 0, 12288, 11827, 289
2026/09/22 21:42:58.322, 0, 12288, 11827, 289
2026/09/22 21:42:58.529, 0, 12288, 11827, 289
2026/09/22 21:42:58.737, 0, 12288, 11827, 289
2026/09/22 21:42:58.945, 0, 12288, 11827, 289
2026/09/22 21:42:59.153, 0, 12288, 11827, 289
2026/09/22 21:42:59.361, 0, 12288, 11827, 289
2026/09/22 21:42:59.567, 0, 12288, 11827, 289
2026/09/22 21:42:59.773, 0, 12288, 11827, 289
2026/09/22 21:42:59.980, 0, 12288, 11827, 289
2026/09/22 21:43:00.188, 0, 12288, 11827, 289
2026/09/22 21:43:00.392, 0, 12288, 11827, 289
2026/09/22 21:43:00.597, 0, 12288, 11827, 289
2026/09/22 21:43:00.804, 0, 12288, 11827, 289
2026/09/22 21:43:01.011, 0, 12288, 11827, 289
2026/09/22 21:43:01.219, 0, 12288, 11827, 289
2026/09/22 21:43:01.424, 0, 12288, 11827, 289
2026/09/22 21:43:01.632, 0, 12288, 11827, 289
2026/09/22 21:43:01.840, 0, 12288, 11827, 289
2026/09/22 21:43:02.048, 0, 12288, 11827, 289
2026/09/22 21:43:02.255, 0, 12288, 11827, 289
2026/09/22 21:43:02.460, 0, 12288, 11827, 289
2026/09/22 21:43:02.668, 0, 12288, 11827, 289
2026/09/22 21:43:02.874, 0, 12288, 11827, 289
2026/09/22 21:43:03.081, 0, 12288, 11827, 289
2026/09/22 21:43:03.288, 0, 12288, 11827, 289
2026/09/22 21:43:03.495, 0, 12288, 11827, 289
2026/09/22 21:43:03.703, 0, 12288, 11827, 289
2026/09/22 21:43:03.911, 0, 12288, 11827, 289
2026/09/22 21:43:04.119, 0, 12288, 11827, 289
2026/09/22 21:43:04.327, 0, 12288, 11827, 289
2026/09/22 21:43:04.534, 0, 12288, 11827, 289
2026/09/22 21:43:04.740, 0, 12288, 11827, 289
2026/09/22 21:43:04.946, 0, 12288, 11827, 289
2026/09/22 21:43:05.153, 0, 12288, 11827, 289
2026/09/22 21:43:05.360, 0, 12288, 11827, 289
2026/09/22 21:43:05.567, 0, 12288, 11827, 289
2026/09/22 21:43:05.774, 0, 12288, 11827, 289
2026/09/22 21:43:05.982, 0, 12288, 11827, 289
2026/09/22 21:43:06.189, 0, 12288, 11827, 289
2026/09/22 21:43:06.396, 0, 12288, 11827, 289
2026/09/22 21:43:06.604, 0, 12288, 11827, 289
2026/09/22 21:43:06.812, 0, 12288, 11827, 289
2026/09/22 21:43:07.017, 0, 12288, 11827, 289
2026/09/22 21:43:07.224, 0, 12288, 11827, 289
2026/09/22 21:43:07.432, 0, 12288, 11827, 289
2026/09/22 21:43:07.640, 0, 12288, 11827, 289
2026/09/22 21:43:07.847, 0, 12288, 11827, 289
2026/09/22 21:43:08.055, 0, 12288, 11827, 289
2026/09/22 21:43:08.262, 0, 12288, 11827, 289
2026/09/22 21:43:08.470, 0, 12288, 11827, 289
2026/09/22 21:43:08.675, 0, 12288, 11827, 289
2026/09/22 21:43:08.883, 0, 12288, 11827, 289
2026/09/22 21:43:09.089, 0, 12288, 11827, 289
2026/09/22 21:43:09.295, 0, 12288, 11827, 289
2026/09/22 21:43:09.502, 0, 12288, 11827, 289
2026/09/22 21:43:09.709, 0, 12288, 11827, 289
2026/09/22 21:43:09.917, 0, 12288, 11827, 289
2026/09/22 21:43:10.125, 0, 12288, 11827, 289
2026/09/22 21:43:10.333, 0, 12288, 11827, 289
2026/09/22 21:43:10.539, 0, 12288, 11827, 289
2026/09/22 21:43:10.747, 0, 12288, 11827, 289
2026/09/22 21:43:10.954, 0, 12288, 11827, 289
2026/09/22 21:43:11.162, 0, 12288, 11827, 289
2026/09/22 21:43:11.369, 0, 12288, 11827, 289
2026/09/22 21:43:11.575, 0, 12288, 11827, 289
2026/09/22 21:43:11.783, 0, 12288, 11827, 289
2026/09/22 21:43:11.989, 0, 12288, 11827, 289
2026/09/22 21:43:12.197, 0, 12288, 11827, 289
2026/09/22 21:43:12.405, 0, 12288, 11827, 289
2026/09/22 21:43:12.613, 0, 12288, 11827, 289
2026/09/22 21:43:12.821, 0, 12288, 11827, 289
2026/09/22 21:43:13.028, 0, 12288, 11827, 289
2026/09/22 21:43:13.236, 0, 12288, 11827, 289
2026/09/22 21:43:13.443, 0, 12288, 11827, 289
2026/09/22 21:43:13.651, 0, 12288, 11827, 289
2026/09/22 21:43:13.857, 0, 12288, 11827, 289
2026/09/22 21:43:14.064, 0, 12288, 11827, 289
2026/09/22 21:43:14.270, 0, 12288, 11827, 289
2026/09/22 21:43:14.478, 0, 12288, 11827, 289
2026/09/22 21:43:14.684, 0, 12288, 11827, 289
2026/09/22 21:43:14.890, 0, 12288, 11827, 289
2026/09/22 21:43:15.096, 0, 12288, 11827, 289
2026/09/22 21:43:15.303, 0, 12288, 11827, 289
2026/09/22 21:43:15.510, 0, 12288, 11827, 289
2026/09/22 21:43:15.717, 0, 12288, 11827, 289
2026/09/22 21:43:15.924, 0, 12288, 11827, 289
2026/09/22 21:43:16.129, 0, 12288, 11827, 289
2026/09/22 21:43:16.335, 0, 12288, 11827, 289
2026/09/22 21:43:16.543, 0, 12288, 11827, 289
2026/09/22 21:43:16.751, 0, 12288, 11827, 289
2026/09/22 21:43:16.958, 0, 12288, 11827, 289
2026/09/22 21:43:17.166, 0, 12288, 11827, 289
2026/09/22 21:43:17.372, 0, 12288, 11827, 289
2026/09/22 21:43:17.579, 0, 12288, 11827, 289
2026/09/22 21:43:17.787, 0, 12288, 11827, 289
2026/09/22 21:43:17.994, 0, 12288, 11827, 289
2026/09/22 21:43:18.201, 0, 12288, 11827, 289
2026/09/22 21:43:18.408, 0, 12288, 11827, 289
2026/09/22 21:43:18.616, 0, 12288, 11827, 289
2026/09/22 21:43:18.824, 0, 12288, 11827, 289
2026/09/22 21:43:19.031, 0, 12288, 11827, 289
2026/09/22 21:43:19.239, 0, 12288, 11827, 289
2026/09/22 21:43:19.445, 0, 12288, 11827, 289
2026/09/22 21:43:19.653, 0, 12288, 11827, 289
2026/09/22 21:43:19.860, 0, 12288, 11827, 289
2026/09/22 21:43:20.068, 0, 12288, 11827, 289
2026/09/22 21:43:20.275, 0, 12288, 11827, 289
2026/09/22 21:43:20.482, 0, 12288, 11827, 289
2026/09/22 21:43:20.690, 0, 12288, 11827, 289
2026/09/22 21:43:20.896, 0, 12288, 11827, 289
2026/09/22 21:43:21.104, 0, 12288, 11827, 289
2026/09/22 21:43:21.312, 0, 12288, 11827, 289
2026/09/22 21:43:21.520, 0, 12288, 11827, 289
2026/09/22 21:43:21.728, 0, 12288, 11827, 289
2026/09/22 21:43:21.935, 0, 12288, 11827, 289
2026/09/22 21:43:22.143, 0, 12288, 11827, 289
2026/09/22 21:43:22.351, 0, 12288, 11827, 289
2026/09/22 21:43:22.559, 0, 12288, 11827, 289
2026/09/22 21:43:22.767, 0, 12288, 11827, 289
2026/09/22 21:43:22.972, 0, 12288, 11827, 289
2026/09/22 21:43:23.179, 0, 12288, 11827, 289
2026/09/22 21:43:23.386, 0, 12288, 11827, 289
2026/09/22 21:43:23.594, 0, 12288, 11827, 289
2026/09/22 21:43:23.800, 0, 12288, 11827, 289
2026/09/22 21:43:24.007, 0, 12288, 11827, 289
2026/09/22 21:43:24.215, 0, 12288, 11827, 289
2026/09/22 21:43:24.423, 0, 12288, 11827, 289
2026/09/22 21:43:24.630, 0, 12288, 11827, 289
2026/09/22 21:43:24.838, 0, 12288, 11827, 289
2026/09/22 21:43:25.044, 0, 12288, 11827, 289
2026/09/22 21:43:25.252, 0, 12288, 11827, 289
2026/09/22 21:43:25.457, 0, 12288, 11827, 289
2026/09/22 21:43:25.663, 0, 12288, 11827, 289
2026/09/22 21:43:25.868, 0, 12288, 11827, 289
2026/09/22 21:43:26.075, 0, 12288, 11827, 289
2026/09/22 21:43:26.283, 0, 12288, 11827, 289
2026/09/22 21:43:26.491, 0, 12288, 11827, 289
2026/09/22 21:43:26.699, 0, 12288, 11827, 289
2026/09/22 21:43:26.906, 0, 12288, 11827, 289
2026/09/22 21:43:27.111, 0, 12288, 11827, 289
2026/09/22 21:43:27.319, 0, 12288, 11827, 289
2026/09/22 21:43:27.526, 0, 12288, 11827, 289
2026/09/22 21:43:27.733, 0, 12288, 11827, 289
2026/09/22 21:43:27.939, 0, 12288, 11827, 289
2026/09/22 21:43:28.146, 0, 12288, 11827, 289
2026/09/22 21:43:28.354, 0, 12288, 11827, 289
2026/09/22 21:43:28.560, 0, 12288, 11827, 289
2026/09/22 21:43:28.768, 0, 12288, 11827, 289
2026/09/22 21:43:28.976, 0, 12288, 11827, 289
2026/09/22 21:43:29.183, 0, 12288, 11827, 289
2026/09/22 21:43:29.390, 0, 12288, 11827, 289
2026/09/22 21:43:29.596, 0, 12288, 11827, 289
2026/09/22 21:43:29.803, 0, 12288, 11827, 289
2026/09/22 21:43:30.010, 0, 12288, 11827, 289
2026/09/22 21:43:30.214, 0, 12288, 11827, 289
2026/09/22 21:43:30.421, 0, 12288, 11827, 289
2026/09/22 21:43:30.627, 0, 12288, 11827, 289
2026/09/22 21:43:30.834, 0, 12288, 11827, 289
2026/09/22 21:43:31.041, 0, 12288, 11827, 289
2026/09/22 21:43:31.248, 0, 12288, 11827, 289
2026/09/22 21:43:31.455, 0, 12288, 11827, 289
2026/09/22 21:43:31.660, 0, 12288, 11827, 289
2026/09/22 21:43:31.868, 0, 12288, 11827, 289
2026/09/22 21:43:32.075, 0, 12288, 11827, 289
2026/09/22 21:43:32.282, 0, 12288, 11827, 289
2026/09/22 21:43:32.489, 0, 12288, 11827, 289
2026/09/22 21:43:32.696, 0, 12288, 11827, 289
2026/09/22 21:43:32.904, 0, 12288, 11827, 289
2026/09/22 21:43:33.111, 0, 12288, 11827, 289
2026/09/22 21:43:33.315, 0, 12288, 11827, 289
2026/09/22 21:43:33.523, 0, 12288, 11827, 289
2026/09/22 21:43:33.731, 0, 12288, 11827, 289
2026/09/22 21:43:33.937, 0, 12288, 11827, 289
2026/09/22 21:43:34.143, 0, 12288, 11827, 289
2026/09/22 21:43:34.351, 0, 12288, 11827, 289
2026/09/22 21:43:34.557, 0, 12288, 11827, 289
2026/09/22 21:43:34.764, 0, 12288, 11827, 289
2026/09/22 21:43:34.969, 0, 12288, 11827, 289
2026/09/22 21:43:35.175, 0, 12288, 11827, 289
2026/09/22 21:43:35.383, 0, 12288, 11827, 289
2026/09/22 21:43:35.589, 0, 12288, 11827, 289
2026/09/22 21:43:35.795, 0, 12288, 11827, 289
2026/09/22 21:43:36.002, 0, 12288, 11827, 289
2026/09/22 21:43:36.210, 0, 12288, 11827, 289
2026/09/22 21:43:36.417, 0, 12288, 11827, 289
2026/09/22 21:43:36.625, 0, 12288, 11827, 289
2026/09/22 21:43:36.832, 0, 12288, 11827, 289
2026/09/22 21:43:37.040, 0, 12288, 11827, 289
2026/09/22 21:43:37.248, 0, 12288, 11827, 289
2026/09/22 21:43:37.456, 0, 12288, 11827, 289
2026/09/22 21:43:37.662, 0, 12288, 11827, 289
2026/09/22 21:43:37.870, 0, 12288, 11827, 289
2026/09/22 21:43:38.075, 0, 12288, 11827, 289
2026/09/22 21:43:38.282, 0, 12288, 11827, 289
2026/09/22 21:43:38.489, 0, 12288, 11827, 289
2026/09/22 21:43:38.697, 0, 12288, 11827, 289
2026/09/22 21:43:38.905, 0, 12288, 11827, 289
2026/09/22 21:43:39.113, 0, 12288, 11827, 289
2026/09/22 21:43:39.321, 0, 12288, 11827, 289
2026/09/22 21:43:39.526, 0, 12288, 11827, 289
2026/09/22 21:43:39.732, 0, 12288, 11827, 289
2026/09/22 21:43:39.939, 0, 12288, 11827, 289
2026/09/22 21:43:40.148, 0, 12288, 11827, 289
2026/09/22 21:43:40.355, 0, 12288, 11827, 289
2026/09/22 21:43:40.560, 0, 12288, 11827, 289
2026/09/22 21:43:40.768, 0, 12288, 11827, 289
2026/09/22 21:43:40.975, 0, 12288, 11827, 289
2026/09/22 21:43:41.182, 0, 12288, 11827, 289
2026/09/22 21:43:41.389, 0, 12288, 11827, 289
2026/09/22 21:43:41.595, 0, 12288, 11827, 289
2026/09/22 21:43:41.800, 0, 12288, 11827, 289
2026/09/22 21:43:42.009, 0, 12288, 11827, 289
2026/09/22 21:43:42.214, 0, 12288, 11827, 289
2026/09/22 21:43:42.420, 0, 12288, 11827, 289
2026/09/22 21:43:42.627, 0, 12288, 11827, 289
2026/09/22 21:43:42.833, 0, 12288, 11827, 289
2026/09/22 21:43:43.039, 0, 12288, 11827, 289
2026/09/22 21:43:43.246, 0, 12288, 11827, 289
2026/09/22 21:43:43.453, 0, 12288, 11827, 289
2026/09/22 21:43:43.661, 0, 12288, 11827, 289
2026/09/22 21:43:43.869, 0, 12288, 11827, 289
2026/09/22 21:43:44.074, 0, 12288, 11827, 289
2026/09/22 21:43:44.282, 0, 12288, 11827, 289
2026/09/22 21:43:44.487, 0, 12288, 11827, 289
2026/09/22 21:43:44.694, 0, 12288, 11827, 289
2026/09/22 21:43:44.901, 0, 12288, 11827, 289
2026/09/22 21:43:45.109, 0, 12288, 11827, 289
2026/09/22 21:43:45.314, 0, 12288, 11827, 289
2026/09/22 21:43:45.521, 0, 12288, 11827, 289
2026/09/22 21:43:45.728, 0, 12288, 11827, 289
2026/09/22 21:43:45.951, 0, 12288, 11827, 289
2026/09/22 21:43:46.158, 0, 12288, 11827, 289
2026/09/22 21:43:46.363, 0, 12288, 11827, 289
2026/09/22 21:43:46.571, 0, 12288, 11827, 289
2026/09/22 21:43:46.778, 0, 12288, 11827, 289
2026/09/22 21:43:46.985, 0, 12288, 11827, 289
2026/09/22 21:43:47.192, 0, 12288, 11827, 289
2026/09/22 21:43:47.399, 0, 12288, 11827, 289
2026/09/22 21:43:47.606, 0, 12288, 11827, 289
2026/09/22 21:43:47.813, 0, 12288, 11827, 289
2026/09/22 21:43:48.018, 0, 12288, 11827, 289
2026/09/22 21:43:48.226, 0, 12288, 11827, 289
2026/09/22 21:43:48.431, 0, 12288, 11827, 289
2026/09/22 21:43:48.637, 0, 12288, 11827, 289
2026/09/22 21:43:48.843, 0, 12288, 11827, 289
2026/09/22 21:43:49.051, 0, 12288, 11827, 289
2026/09/22 21:43:49.257, 0, 12288, 11827, 289
2026/09/22 21:43:49.465, 0, 12288, 11827, 289
2026/09/22 21:43:49.673, 0, 12288, 11827, 289
2026/09/22 21:43:49.881, 0, 12288, 11827, 289
2026/09/22 21:43:50.089, 0, 12288, 11827, 289
2026/09/22 21:43:50.295, 0, 12288, 11827, 289
2026/09/22 21:43:50.503, 0, 12288, 11827, 289
2026/09/22 21:43:50.711, 0, 12288, 11827, 289
2026/09/22 21:43:50.917, 0, 12288, 11827, 289
2026/09/22 21:43:51.125, 0, 12288, 11827, 289
2026/09/22 21:43:51.331, 0, 12288, 11827, 289
2026/09/22 21:43:51.537, 0, 12288, 11827, 289
2026/09/22 21:43:51.745, 0, 12288, 11827, 289
2026/09/22 21:43:51.951, 0, 12288, 11827, 289
2026/09/22 21:43:52.158, 0, 12288, 11827, 289
2026/09/22 21:43:52.366, 0, 12288, 11827, 289
2026/09/22 21:43:52.573, 0, 12288, 11827, 289
2026/09/22 21:43:52.780, 0, 12288, 11827, 289
2026/09/22 21:43:52.987, 0, 12288, 11827, 289
2026/09/22 21:43:53.193, 0, 12288, 11827, 289
2026/09/22 21:43:53.399, 0, 12288, 11827, 289
2026/09/22 21:43:53.604, 0, 12288, 11827, 289
2026/09/22 21:43:53.811, 0, 12288, 11827, 289
2026/09/22 21:43:54.018, 0, 12288, 11827, 289
2026/09/22 21:43:54.226, 0, 12288, 11827, 289
2026/09/22 21:43:54.432, 0, 12288, 11827, 289
2026/09/22 21:43:54.640, 0, 12288, 11827, 289
2026/09/22 21:43:54.846, 0, 12288, 11827, 289
2026/09/22 21:43:55.053, 0, 12288, 11827, 289
2026/09/22 21:43:55.261, 0, 12288, 11827, 289
2026/09/22 21:43:55.467, 0, 12288, 11827, 289
2026/09/22 21:43:55.675, 0, 12288, 11827, 289
2026/09/22 21:43:55.883, 0, 12288, 11827, 289
2026/09/22 21:43:56.091, 0, 12288, 11827, 289
2026/09/22 21:43:56.298, 0, 12288, 11827, 289
2026/09/22 21:43:56.503, 0, 12288, 11827, 289
2026/09/22 21:43:56.710, 0, 12288, 11827, 289
2026/09/22 21:43:56.916, 0, 12288, 11827, 289
2026/09/22 21:43:57.124, 0, 12288, 11827, 289
2026/09/22 21:43:57.332, 0, 12288, 11827, 289
2026/09/22 21:43:57.540, 0, 12288, 11827, 289
2026/09/22 21:43:57.748, 0, 12288, 11827, 289
2026/09/22 21:43:57.954, 0, 12288, 11827, 289
2026/09/22 21:43:58.159, 0, 12288, 11827, 289
2026/09/22 21:43:58.367, 0, 12288, 11827, 289
2026/09/22 21:43:58.575, 0, 12288, 11827, 289
2026/09/22 21:43:58.783, 0, 12288, 11827, 289
2026/09/22 21:43:58.989, 0, 12288, 11827, 289
2026/09/22 21:43:59.197, 0, 12288, 11827, 289
2026/09/22 21:43:59.404, 0, 12288, 11827, 289
2026/09/22 21:43:59.611, 0, 12288, 11827, 289
2026/09/22 21:43:59.818, 0, 12288, 11827, 289
2026/09/22 21:44:00.025, 0, 12288, 11827, 289
2026/09/22 21:44:00.233, 0, 12288, 11827, 289
2026/09/22 21:44:00.440, 0, 12288, 11827, 289
2026/09/22 21:44:00.647, 0, 12288, 11827, 289
2026/09/22 21:44:00.855, 0, 12288, 11827, 289
2026/09/22 21:44:01.062, 0, 12288, 11827, 289
2026/09/22 21:44:01.268, 0, 12288, 11827, 289
2026/09/22 21:44:01.474, 0, 12288, 11827, 289
2026/09/22 21:44:01.681, 0, 12288, 11827, 289
2026/09/22 21:44:01.889, 0, 12288, 11827, 289
2026/09/22 21:44:02.097, 0, 12288, 11827, 289
2026/09/22 21:44:02.305, 0, 12288, 11827, 289
2026/09/22 21:44:02.511, 0, 12288, 11827, 289
2026/09/22 21:44:02.717, 0, 12288, 11827, 289
2026/09/22 21:44:02.925, 0, 12288, 11827, 289
2026/09/22 21:44:03.132, 0, 12288, 11827, 289
2026/09/22 21:44:03.339, 0, 12288, 11827, 289
2026/09/22 21:44:03.547, 0, 12288, 11827, 289
2026/09/22 21:44:03.754, 0, 12288, 11827, 289
2026/09/22 21:44:03.959, 0, 12288, 11827, 289
2026/09/22 21:44:04.167, 0, 12288, 11827, 289
2026/09/22 21:44:04.375, 0, 12288, 11827, 289
2026/09/22 21:44:04.582, 0, 12288, 11827, 289
2026/09/22 21:44:04.789, 0, 12288, 11827, 289
2026/09/22 21:44:04.995, 0, 12288, 11827, 289
2026/09/22 21:44:05.202, 0, 12288, 11827, 289
2026/09/22 21:44:05.409, 0, 12288, 11827, 289
2026/09/22 21:44:05.617, 0, 12288, 11827, 289
2026/09/22 21:44:05.825, 0, 12288, 11827, 289
2026/09/22 21:44:06.032, 0, 12288, 11827, 289
2026/09/22 21:44:06.238, 0, 12288, 11827, 289
2026/09/22 21:44:06.446, 0, 12288, 11827, 289
2026/09/22 21:44:06.653, 0, 12288, 11827, 289
2026/09/22 21:44:06.859, 0, 12288, 11827, 289
2026/09/22 21:44:07.066, 0, 12288, 11827, 289
2026/09/22 21:44:07.273, 0, 12288, 11827, 289
2026/09/22 21:44:07.478, 0, 12288, 11827, 289
2026/09/22 21:44:07.685, 0, 12288, 11827, 289
2026/09/22 21:44:07.892, 0, 12288, 11827, 289
2026/09/22 21:44:08.099, 0, 12288, 11827, 289
2026/09/22 21:44:08.305, 0, 12288, 11827, 289
2026/09/22 21:44:08.512, 0, 12288, 11827, 289
2026/09/22 21:44:08.719, 0, 12288, 11827, 289
2026/09/22 21:44:08.926, 0, 12288, 11827, 289
2026/09/22 21:44:09.133, 0, 12288, 11827, 289
2026/09/22 21:44:09.341, 0, 12288, 11827, 289
2026/09/22 21:44:09.549, 0, 12288, 11827, 289
2026/09/22 21:44:09.756, 0, 12288, 11827, 289
2026/09/22 21:44:09.962, 0, 12288, 11827, 289
2026/09/22 21:44:10.169, 0, 12288, 11827, 289
2026/09/22 21:44:10.376, 0, 12288, 11827, 289
2026/09/22 21:44:10.584, 0, 12288, 11827, 289
2026/09/22 21:44:10.793, 0, 12288, 11827, 289
2026/09/22 21:44:11.000, 0, 12288, 11827, 289
2026/09/22 21:44:11.208, 0, 12288, 11827, 289
2026/09/22 21:44:11.416, 0, 12288, 11827, 289
2026/09/22 21:44:11.624, 0, 12288, 11827, 289
2026/09/22 21:44:11.831, 0, 12288, 11827, 289
2026/09/22 21:44:12.033, 0, 12288, 11827, 289
2026/09/22 21:44:12.240, 0, 12288, 11827, 289
2026/09/22 21:44:12.447, 0, 12288, 11827, 289
2026/09/22 21:44:12.654, 0, 12288, 11827, 289
2026/09/22 21:44:12.861, 0, 12288, 11827, 289
2026/09/22 21:44:13.066, 0, 12288, 11827, 289
2026/09/22 21:44:13.273, 0, 12288, 11827, 289
2026/09/22 21:44:13.481, 0, 12288, 11827, 289
2026/09/22 21:44:13.688, 0, 12288, 11827, 289
2026/09/22 21:44:13.893, 0, 12288, 11827, 289
2026/09/22 21:44:14.099, 0, 12288, 11827, 289
2026/09/22 21:44:14.305, 0, 12288, 11827, 289
2026/09/22 21:44:14.511, 0, 12288, 11827, 289
2026/09/22 21:44:14.719, 0, 12288, 11827, 289
2026/09/22 21:44:14.923, 0, 12288, 11827, 289
2026/09/22 21:44:15.129, 0, 12288, 11827, 289
2026/09/22 21:44:15.336, 0, 12288, 11827, 289
2026/09/22 21:44:15.543, 0, 12288, 11827, 289
2026/09/22 21:44:15.751, 0, 12288, 11827, 289
2026/09/22 21:44:15.959, 0, 12288, 11827, 289
2026/09/22 21:44:16.165, 0, 12288, 11827, 289
2026/09/22 21:44:16.372, 0, 12288, 11827, 289
2026/09/22 21:44:16.578, 0, 12288, 11827, 289
2026/09/22 21:44:16.783, 0, 12288, 11827, 289
2026/09/22 21:44:16.990, 0, 12288, 11827, 289
2026/09/22 21:44:17.198, 0, 12288, 11827, 289
2026/09/22 21:44:17.404, 0, 12288, 11827, 289
2026/09/22 21:44:17.611, 0, 12288, 11827, 289
2026/09/22 21:44:17.818, 0, 12288, 11827, 289
2026/09/22 21:44:18.026, 0, 12288, 11827, 289
2026/09/22 21:44:18.233, 0, 12288, 11827, 289
2026/09/22 21:44:18.441, 0, 12288, 11827, 289
2026/09/22 21:44:18.648, 0, 12288, 11827, 289
2026/09/22 21:44:18.856, 0, 12288, 11827, 289
2026/09/22 21:44:19.063, 0, 12288, 11827, 289
2026/09/22 21:44:19.271, 0, 12288, 11827, 289
2026/09/22 21:44:19.477, 0, 12288, 11827, 289
2026/09/22 21:44:19.684, 0, 12288, 11827, 289
2026/09/22 21:44:19.892, 0, 12288, 11827, 289
2026/09/22 21:44:20.098, 0, 12288, 11827, 289
2026/09/22 21:44:20.305, 0, 12288, 11827, 289
2026/09/22 21:44:20.513, 0, 12288, 11827, 289
2026/09/22 21:44:20.720, 0, 12288, 11827, 289
2026/09/22 21:44:20.928, 0, 12288, 11827, 289
2026/09/22 21:44:21.135, 0, 12288, 11827, 289
2026/09/22 21:44:21.340, 0, 12288, 11827, 289
2026/09/22 21:44:21.547, 0, 12288, 11827, 289
2026/09/22 21:44:21.753, 0, 12288, 11827, 289
2026/09/22 21:44:21.959, 0, 12288, 11827, 289
2026/09/22 21:44:22.166, 0, 12288, 11827, 289
2026/09/22 21:44:22.374, 0, 12288, 11827, 289
2026/09/22 21:44:22.581, 0, 12288, 11827, 289
2026/09/22 21:44:22.789, 0, 12288, 11827, 289
2026/09/22 21:44:22.995, 0, 12288, 11827, 289
2026/09/22 21:44:23.203, 0, 12288, 11827, 289
2026/09/22 21:44:23.410, 0, 12288, 11827, 289
2026/09/22 21:44:23.616, 0, 12288, 11827, 289
2026/09/22 21:44:23.822, 0, 12288, 11827, 289
2026/09/22 21:44:24.029, 0, 12288, 11827, 289
2026/09/22 21:44:24.236, 0, 12288, 11827, 289
2026/09/22 21:44:24.442, 0, 12288, 11827, 289
2026/09/22 21:44:24.650, 0, 12288, 11827, 289
2026/09/22 21:44:24.857, 0, 12288, 11827, 289
2026/09/22 21:44:25.065, 0, 12288, 11827, 289
2026/09/22 21:44:25.271, 0, 12288, 11827, 289
2026/09/22 21:44:25.478, 0, 12288, 11827, 289
2026/09/22 21:44:25.685, 0, 12288, 11827, 289
2026/09/22 21:44:25.890, 0, 12288, 11827, 289
2026/09/22 21:44:26.097, 0, 12288, 11827, 289
2026/09/22 21:44:26.305, 0, 12288, 11827, 289
2026/09/22 21:44:26.510, 0, 12288, 11827, 289
2026/09/22 21:44:26.715, 0, 12288, 11827, 289
2026/09/22 21:44:26.922, 0, 12288, 11827, 289
2026/09/22 21:44:27.129, 0, 12288, 11827, 289
2026/09/22 21:44:27.337, 0, 12288, 11827, 289
2026/09/22 21:44:27.545, 0, 12288, 11827, 289
2026/09/22 21:44:27.753, 0, 12288, 11827, 289
2026/09/22 21:44:27.960, 0, 12288, 11827, 289
2026/09/22 21:44:28.168, 0, 12288, 11827, 289
2026/09/22 21:44:28.376, 0, 12288, 11827, 289
2026/09/22 21:44:28.583, 0, 12288, 11827, 289
2026/09/22 21:44:28.791, 0, 12288, 11827, 289
2026/09/22 21:44:28.997, 0, 12288, 11827, 289
2026/09/22 21:44:29.205, 0, 12288, 11827, 289
2026/09/22 21:44:29.412, 0, 12288, 11827, 289
2026/09/22 21:44:29.619, 0, 12288, 11827, 289
2026/09/22 21:44:29.826, 0, 12288, 11827, 289
2026/09/22 21:44:30.033, 0, 12288, 11827, 289
2026/09/22 21:44:30.239, 0, 12288, 11827, 289
2026/09/22 21:44:30.446, 0, 12288, 11827, 289
2026/09/22 21:44:30.652, 0, 12288, 11827, 289
2026/09/22 21:44:30.860, 0, 12288, 11827, 289
2026/09/22 21:44:31.067, 0, 12288, 11827, 289
2026/09/22 21:44:31.274, 0, 12288, 11827, 289
2026/09/22 21:44:31.481, 0, 12288, 11827, 289
2026/09/22 21:44:31.688, 0, 12288, 11827, 289
2026/09/22 21:44:31.895, 0, 12288, 11827, 289
2026/09/22 21:44:32.103, 0, 12288, 11827, 289
2026/09/22 21:44:32.310, 0, 12288, 11827, 289
2026/09/22 21:44:32.518, 0, 12288, 11827, 289
2026/09/22 21:44:32.726, 0, 12288, 11827, 289
2026/09/22 21:44:32.933, 0, 12288, 11827, 289
2026/09/22 21:44:33.139, 0, 12288, 11827, 289
2026/09/22 21:44:33.347, 0, 12288, 11827, 289
2026/09/22 21:44:33.555, 0, 12288, 11827, 289
2026/09/22 21:44:33.763, 0, 12288, 11827, 289
2026/09/22 21:44:33.970, 0, 12288, 11827, 289
2026/09/22 21:44:34.175, 0, 12288, 11827, 289
2026/09/22 21:44:34.383, 0, 12288, 11827, 289
2026/09/22 21:44:34.590, 0, 12288, 11827, 289
2026/09/22 21:44:34.796, 0, 12288, 11827, 289
2026/09/22 21:44:35.003, 0, 12288, 11827, 289
2026/09/22 21:44:35.204, 0, 12288, 11827, 289
2026/09/22 21:44:35.408, 0, 12288, 11827, 289
2026/09/22 21:44:35.615, 0, 12288, 11827, 289
2026/09/22 21:44:35.823, 0, 12288, 11827, 289
2026/09/22 21:44:36.031, 0, 12288, 11827, 289
2026/09/22 21:44:36.236, 0, 12288, 11827, 289
2026/09/22 21:44:36.444, 0, 12288, 11827, 289
2026/09/22 21:44:36.652, 0, 12288, 11827, 289
2026/09/22 21:44:36.859, 0, 12288, 11827, 289
2026/09/22 21:44:37.065, 0, 12288, 11827, 289
2026/09/22 21:44:37.271, 0, 12288, 11827, 289
2026/09/22 21:44:37.478, 0, 12288, 11827, 289
2026/09/22 21:44:37.685, 0, 12288, 11827, 289
2026/09/22 21:44:37.892, 0, 12288, 11827, 289
2026/09/22 21:44:38.099, 0, 12288, 11827, 289
2026/09/22 21:44:38.307, 0, 12288, 11827, 289
2026/09/22 21:44:38.515, 0, 12288, 11827, 289
2026/09/22 21:44:38.723, 0, 12288, 11827, 289
2026/09/22 21:44:38.931, 0, 12288, 11827, 289
2026/09/22 21:44:39.137, 0, 12288, 11827, 289
2026/09/22 21:44:39.344, 0, 12288, 11827, 289
2026/09/22 21:44:39.550, 0, 12288, 11827, 289
2026/09/22 21:44:39.758, 0, 12288, 11827, 289
2026/09/22 21:44:39.964, 0, 12288, 11827, 289
2026/09/22 21:44:40.172, 0, 12288, 11827, 289
2026/09/22 21:44:40.379, 0, 12288, 11827, 289
2026/09/22 21:44:40.585, 0, 12288, 11827, 289
2026/09/22 21:44:40.791, 0, 12288, 11827, 289
2026/09/22 21:44:40.998, 0, 12288, 11827, 289
2026/09/22 21:44:41.205, 0, 12288, 11827, 289
2026/09/22 21:44:41.409, 0, 12288, 11827, 289
2026/09/22 21:44:41.617, 0, 12288, 11827, 289
2026/09/22 21:44:41.840, 0, 12288, 11827, 289
2026/09/22 21:44:42.047, 0, 12288, 11827, 289
2026/09/22 21:44:42.253, 0, 12288, 11827, 289
2026/09/22 21:44:42.460, 0, 12288, 11827, 289
2026/09/22 21:44:42.668, 0, 12288, 11827, 289
2026/09/22 21:44:42.876, 0, 12288, 11827, 289
2026/09/22 21:44:43.081, 0, 12288, 11827, 289
2026/09/22 21:44:43.286, 0, 12288, 11827, 289
2026/09/22 21:44:43.493, 0, 12288, 11827, 289
2026/09/22 21:44:43.700, 0, 12288, 11827, 289
2026/09/22 21:44:43.907, 0, 12288, 11827, 289
2026/09/22 21:44:44.114, 0, 12288, 11827, 289
2026/09/22 21:44:44.320, 0, 12288, 11827, 289
2026/09/22 21:44:44.526, 0, 12288, 11827, 289
2026/09/22 21:44:44.732, 0, 12288, 11827, 289
2026/09/22 21:44:44.938, 0, 12288, 11827, 289
2026/09/22 21:44:45.145, 0, 12288, 11827, 289
2026/09/22 21:44:45.352, 0, 12288, 11827, 289
2026/09/22 21:44:45.560, 0, 12288, 11827, 289
2026/09/22 21:44:45.768, 0, 12288, 11827, 289
2026/09/22 21:44:45.976, 0, 12288, 11827, 289
2026/09/22 21:44:46.184, 0, 12288, 11827, 289
2026/09/22 21:44:46.392, 0, 12288, 11827, 289
2026/09/22 21:44:46.598, 0, 12288, 11827, 289
2026/09/22 21:44:46.806, 0, 12288, 11827, 289
2026/09/22 21:44:47.014, 0, 12288, 11827, 289
2026/09/22 21:44:47.221, 0, 12288, 11827, 289
2026/09/22 21:44:47.427, 0, 12288, 11827, 289
2026/09/22 21:44:47.636, 0, 12288, 11827, 289
2026/09/22 21:44:47.842, 0, 12288, 11827, 289
2026/09/22 21:44:48.049, 0, 12288, 11827, 289
2026/09/22 21:44:48.255, 0, 12288, 11827, 289
2026/09/22 21:44:48.462, 0, 12288, 11827, 289
2026/09/22 21:44:48.669, 0, 12288, 11827, 289
2026/09/22 21:44:48.877, 0, 12288, 11827, 289
2026/09/22 21:44:49.083, 0, 12288, 11827, 289
2026/09/22 21:44:49.288, 0, 12288, 11827, 289
2026/09/22 21:44:49.495, 0, 12288, 11827, 289
2026/09/22 21:44:49.703, 0, 12288, 11827, 289
2026/09/22 21:44:49.909, 0, 12288, 11827, 289
2026/09/22 21:44:50.117, 0, 12288, 11827, 289
2026/09/22 21:44:50.324, 0, 12288, 11827, 289
2026/09/22 21:44:50.532, 0, 12288, 11827, 289
2026/09/22 21:44:50.740, 0, 12288, 11827, 289
2026/09/22 21:44:50.948, 0, 12288, 11827, 289
2026/09/22 21:44:51.155, 0, 12288, 11827, 289
2026/09/22 21:44:51.362, 0, 12288, 11827, 289
2026/09/22 21:44:51.568, 0, 12288, 11827, 289
2026/09/22 21:44:51.776, 0, 12288, 11827, 289
2026/09/22 21:44:51.982, 0, 12288, 11827, 289
2026/09/22 21:44:52.189, 0, 12288, 11827, 289
2026/09/22 21:44:52.395, 0, 12288, 11827, 289
2026/09/22 21:44:52.602, 0, 12288, 11827, 289
2026/09/22 21:44:52.809, 0, 12288, 11827, 289
2026/09/22 21:44:53.017, 0, 12288, 11827, 289
2026/09/22 21:44:53.225, 0, 12288, 11827, 289
2026/09/22 21:44:53.433, 0, 12288, 11827, 289
2026/09/22 21:44:53.641, 0, 12288, 11827, 289
2026/09/22 21:44:53.847, 0, 12288, 11827, 289
2026/09/22 21:44:54.055, 0, 12288, 11827, 289
2026/09/22 21:44:54.262, 0, 12288, 11827, 289
2026/09/22 21:44:54.467, 0, 12288, 11827, 289
2026/09/22 21:44:54.675, 0, 12288, 11827, 289
2026/09/22 21:44:54.882, 0, 12288, 11827, 289
2026/09/22 21:44:55.090, 0, 12288, 11827, 289
2026/09/22 21:44:55.298, 0, 12288, 11827, 289
2026/09/22 21:44:55.505, 0, 12288, 11827, 289
2026/09/22 21:44:55.710, 0, 12288, 11827, 289
2026/09/22 21:44:55.917, 0, 12288, 11827, 289
2026/09/22 21:44:56.124, 0, 12288, 11827, 289
2026/09/22 21:44:56.331, 0, 12288, 11827, 289
2026/09/22 21:44:56.539, 0, 12288, 11827, 289
2026/09/22 21:44:56.746, 0, 12288, 11827, 289
2026/09/22 21:44:56.953, 0, 12288, 11827, 289
2026/09/22 21:44:57.161, 0, 12288, 11827, 289
2026/09/22 21:44:57.369, 0, 12288, 11827, 289
2026/09/22 21:44:57.577, 0, 12288, 11827, 289
2026/09/22 21:44:57.785, 0, 12288, 11827, 289
2026/09/22 21:44:57.992, 0, 12288, 11827, 289
2026/09/22 21:44:58.200, 0, 12288, 11827, 289
2026/09/22 21:44:58.407, 0, 12288, 11827, 289
2026/09/22 21:44:58.612, 0, 12288, 11827, 289
2026/09/22 21:44:58.819, 0, 12288, 11827, 289
2026/09/22 21:44:59.027, 0, 12288, 11827, 289
2026/09/22 21:44:59.235, 0, 12288, 11827, 289
2026/09/22 21:44:59.439, 0, 12288, 11827, 289
2026/09/22 21:44:59.647, 0, 12288, 11827, 289
2026/09/22 21:44:59.855, 0, 12288, 11827, 289
2026/09/22 21:45:00.062, 0, 12288, 11827, 289
2026/09/22 21:45:00.268, 0, 12288, 11827, 289
2026/09/22 21:45:00.475, 0, 12288, 11827, 289
2026/09/22 21:45:00.683, 0, 12288, 11827, 289
2026/09/22 21:45:00.891, 0, 12288, 11827, 289
2026/09/22 21:45:01.096, 0, 12288, 11827, 289
2026/09/22 21:45:01.302, 0, 12288, 11827, 289
2026/09/22 21:45:01.510, 0, 12288, 11827, 289
2026/09/22 21:45:01.719, 0, 12288, 11827, 289
2026/09/22 21:45:01.927, 0, 12288, 11827, 289
2026/09/22 21:45:02.133, 0, 12288, 11827, 289
2026/09/22 21:45:02.341, 0, 12288, 11827, 289
2026/09/22 21:45:02.548, 0, 12288, 11827, 289
2026/09/22 21:45:02.754, 0, 12288, 11827, 289
2026/09/22 21:45:02.961, 0, 12288, 11827, 289
2026/09/22 21:45:03.167, 0, 12288, 11827, 289
2026/09/22 21:45:03.374, 0, 12288, 11827, 289
2026/09/22 21:45:03.580, 0, 12288, 11827, 289
2026/09/22 21:45:03.786, 0, 12288, 11827, 289
2026/09/22 21:45:03.993, 0, 12288, 11827, 289
2026/09/22 21:45:04.200, 0, 12288, 11827, 289
2026/09/22 21:45:04.408, 0, 12288, 11827, 289
2026/09/22 21:45:04.612, 0, 12288, 11827, 289
2026/09/22 21:45:04.820, 0, 12288, 11827, 289
2026/09/22 21:45:05.028, 0, 12288, 11827, 289
2026/09/22 21:45:05.235, 0, 12288, 11827, 289
2026/09/22 21:45:05.442, 0, 12288, 11827, 289
2026/09/22 21:45:05.650, 0, 12288, 11827, 289
2026/09/22 21:45:05.857, 0, 12288, 11827, 289
2026/09/22 21:45:06.065, 0, 12288, 11827, 289
2026/09/22 21:45:06.273, 0, 12288, 11827, 289
2026/09/22 21:45:06.481, 0, 12288, 11827, 289
2026/09/22 21:45:06.689, 0, 12288, 11827, 289
2026/09/22 21:45:06.896, 0, 12288, 11827, 289
2026/09/22 21:45:07.104, 0, 12288, 11827, 289
2026/09/22 21:45:07.312, 0, 12288, 11827, 289
2026/09/22 21:45:07.517, 0, 12288, 11827, 289
2026/09/22 21:45:07.739, 0, 12288, 11827, 289
2026/09/22 21:45:07.947, 0, 12288, 11827, 289
2026/09/22 21:45:08.154, 0, 12288, 11827, 289
2026/09/22 21:45:08.361, 0, 12288, 11827, 289
2026/09/22 21:45:08.569, 0, 12288, 11827, 289
2026/09/22 21:45:08.777, 0, 12288, 11829, 287
2026/09/22 21:45:08.984, 0, 12288, 11829, 287
2026/09/22 21:45:09.192, 0, 12288, 11829, 287
2026/09/22 21:45:09.399, 0, 12288, 11829, 287
2026/09/22 21:45:09.605, 0, 12288, 11829, 287
2026/09/22 21:45:09.812, 0, 12288, 11829, 287
2026/09/22 21:45:10.017, 0, 12288, 11829, 287
2026/09/22 21:45:10.224, 0, 12288, 11829, 287
2026/09/22 21:45:10.432, 0, 12288, 11829, 287
2026/09/22 21:45:10.640, 0, 12288, 11829, 287
2026/09/22 21:45:10.848, 0, 12288, 11829, 287
2026/09/22 21:45:11.056, 0, 12288, 11829, 287
2026/09/22 21:45:11.264, 0, 12288, 11829, 287
2026/09/22 21:45:11.471, 0, 12288, 11829, 287
2026/09/22 21:45:11.677, 0, 12288, 11829, 287
2026/09/22 21:45:11.885, 0, 12288, 11829, 287
2026/09/22 21:45:12.093, 0, 12288, 11829, 287
2026/09/22 21:45:12.300, 0, 12288, 11829, 287
2026/09/22 21:45:12.507, 0, 12288, 11829, 287
2026/09/22 21:45:12.715, 0, 12288, 11829, 287
2026/09/22 21:45:12.922, 0, 12288, 11829, 287
2026/09/22 21:45:13.131, 0, 12288, 11829, 287
2026/09/22 21:45:13.337, 0, 12288, 11829, 287
2026/09/22 21:45:13.545, 0, 12288, 11829, 287
2026/09/22 21:45:13.753, 0, 12288, 11829, 287
2026/09/22 21:45:13.960, 0, 12288, 11829, 287
2026/09/22 21:45:14.168, 0, 12288, 11829, 287
2026/09/22 21:45:14.376, 0, 12288, 11829, 287
2026/09/22 21:45:14.583, 0, 12288, 11829, 287
2026/09/22 21:45:14.791, 0, 12288, 11829, 287
2026/09/22 21:45:14.999, 0, 12288, 11829, 287
2026/09/22 21:45:15.206, 0, 12288, 11829, 287
2026/09/22 21:45:15.412, 0, 12288, 11829, 287
2026/09/22 21:45:15.620, 0, 12288, 11829, 287
2026/09/22 21:45:15.827, 0, 12288, 11829, 287
2026/09/22 21:45:16.035, 0, 12288, 11829, 287
2026/09/22 21:45:16.242, 0, 12288, 11829, 287
2026/09/22 21:45:16.449, 0, 12288, 11829, 287
2026/09/22 21:45:16.657, 0, 12288, 11829, 287
2026/09/22 21:45:16.861, 0, 12288, 11829, 287
2026/09/22 21:45:17.065, 0, 12288, 11829, 287
2026/09/22 21:45:17.288, 0, 12288, 11829, 287
2026/09/22 21:45:17.494, 0, 12288, 11829, 287
2026/09/22 21:45:17.701, 0, 12288, 11829, 287
2026/09/22 21:45:17.908, 0, 12288, 11829, 287
2026/09/22 21:45:18.115, 0, 12288, 11829, 287
2026/09/22 21:45:18.322, 0, 12288, 11829, 287
2026/09/22 21:45:18.529, 0, 12288, 11829, 287
2026/09/22 21:45:18.735, 0, 12288, 11829, 287
2026/09/22 21:45:18.941, 0, 12288, 11829, 287
2026/09/22 21:45:19.149, 0, 12288, 11829, 287
2026/09/22 21:45:19.357, 0, 12288, 11829, 287
2026/09/22 21:45:19.564, 0, 12288, 11829, 287
2026/09/22 21:45:19.769, 0, 12288, 11829, 287
2026/09/22 21:45:19.976, 0, 12288, 11829, 287
2026/09/22 21:45:20.183, 0, 12288, 11829, 287
2026/09/22 21:45:20.391, 0, 12288, 11829, 287
2026/09/22 21:45:20.595, 0, 12288, 11829, 287
2026/09/22 21:45:20.801, 0, 12288, 11829, 287
2026/09/22 21:45:21.007, 0, 12288, 11829, 287
2026/09/22 21:45:21.215, 0, 12288, 11829, 287
2026/09/22 21:45:21.422, 0, 12288, 11829, 287
2026/09/22 21:45:21.627, 0, 12288, 11829, 287
2026/09/22 21:45:21.833, 0, 12288, 11829, 287
2026/09/22 21:45:22.041, 0, 12288, 11829, 287
2026/09/22 21:45:22.249, 0, 12288, 11829, 287
2026/09/22 21:45:22.455, 0, 12288, 11829, 287
2026/09/22 21:45:22.660, 0, 12288, 11829, 287
2026/09/22 21:45:22.868, 0, 12288, 11829, 287
2026/09/22 21:45:23.076, 0, 12288, 11829, 287
2026/09/22 21:45:23.284, 0, 12288, 11829, 287
2026/09/22 21:45:23.491, 0, 12288, 11829, 287
2026/09/22 21:45:23.695, 0, 12288, 11829, 287
2026/09/22 21:45:23.903, 0, 12288, 11829, 287
2026/09/22 21:45:24.109, 0, 12288, 11829, 287
2026/09/22 21:45:24.316, 0, 12288, 11829, 287
2026/09/22 21:45:24.517, 0, 12288, 11829, 287
2026/09/22 21:45:24.720, 0, 12288, 11829, 287
2026/09/22 21:45:24.928, 0, 12288, 11829, 287
2026/09/22 21:45:25.135, 0, 12288, 11829, 287
2026/09/22 21:45:25.340, 0, 12288, 11829, 287
2026/09/22 21:45:25.547, 0, 12288, 11829, 287
2026/09/22 21:45:25.751, 0, 12288, 11829, 287
2026/09/22 21:45:25.957, 0, 12288, 11829, 287
2026/09/22 21:45:26.164, 0, 12288, 11829, 287
2026/09/22 21:45:26.370, 0, 12288, 11829, 287
2026/09/22 21:45:26.578, 0, 12288, 11829, 287
2026/09/22 21:45:26.785, 0, 12288, 11829, 287
2026/09/22 21:45:26.993, 0, 12288, 11829, 287
2026/09/22 21:45:27.200, 0, 12288, 11829, 287
2026/09/22 21:45:27.408, 0, 12288, 11829, 287
2026/09/22 21:45:27.613, 0, 12288, 11829, 287
2026/09/22 21:45:27.819, 0, 12288, 11829, 287
2026/09/22 21:45:28.027, 0, 12288, 11829, 287
2026/09/22 21:45:28.235, 0, 12288, 11829, 287
2026/09/22 21:45:28.441, 0, 12288, 11829, 287
2026/09/22 21:45:28.649, 0, 12288, 11829, 287
2026/09/22 21:45:28.856, 0, 12288, 11829, 287
2026/09/22 21:45:29.061, 0, 12288, 11829, 287
2026/09/22 21:45:29.267, 0, 12288, 11829, 287
2026/09/22 21:45:29.475, 0, 12288, 11829, 287
2026/09/22 21:45:29.682, 0, 12288, 11829, 287
2026/09/22 21:45:29.889, 0, 12288, 11829, 287
2026/09/22 21:45:30.097, 0, 12288, 11829, 287
2026/09/22 21:45:30.304, 0, 12288, 11829, 287
2026/09/22 21:45:30.511, 0, 12288, 11829, 287
2026/09/22 21:45:30.719, 0, 12288, 11829, 287
2026/09/22 21:45:30.925, 0, 12288, 11829, 287
2026/09/22 21:45:31.132, 0, 12288, 11829, 287
2026/09/22 21:45:31.338, 0, 12288, 11829, 287
2026/09/22 21:45:31.546, 0, 12288, 11829, 287
2026/09/22 21:45:31.753, 0, 12288, 11829, 287
2026/09/22 21:45:31.961, 0, 12288, 11829, 287
2026/09/22 21:45:32.167, 0, 12288, 11829, 287
2026/09/22 21:45:32.375, 0, 12288, 11829, 287
2026/09/22 21:45:32.580, 0, 12288, 11829, 287
2026/09/22 21:45:32.786, 0, 12288, 11829, 287
2026/09/22 21:45:32.993, 0, 12288, 11829, 287
2026/09/22 21:45:33.201, 0, 12288, 11829, 287
2026/09/22 21:45:33.409, 0, 12288, 11829, 287
2026/09/22 21:45:33.617, 0, 12288, 11829, 287
2026/09/22 21:45:33.825, 0, 12288, 11829, 287
2026/09/22 21:45:34.032, 0, 12288, 11829, 287
2026/09/22 21:45:34.240, 0, 12288, 11829, 287
2026/09/22 21:45:34.448, 0, 12288, 11829, 287
2026/09/22 21:45:34.656, 0, 12288, 11829, 287
2026/09/22 21:45:34.864, 0, 12288, 11829, 287
2026/09/22 21:45:35.072, 0, 12288, 11829, 287
2026/09/22 21:45:35.279, 0, 12288, 11829, 287
2026/09/22 21:45:35.486, 0, 12288, 11829, 287
2026/09/22 21:45:35.694, 0, 12288, 11829, 287
2026/09/22 21:45:35.901, 0, 12288, 11829, 287
2026/09/22 21:45:36.109, 0, 12288, 11829, 287
2026/09/22 21:45:36.317, 0, 12288, 11829, 287
2026/09/22 21:45:36.524, 0, 12288, 11829, 287
2026/09/22 21:45:36.729, 0, 12288, 11829, 287
2026/09/22 21:45:36.937, 0, 12288, 11829, 287
2026/09/22 21:45:37.143, 0, 12288, 11829, 287
2026/09/22 21:45:37.351, 0, 12288, 11829, 287
2026/09/22 21:45:37.558, 0, 12288, 11829, 287
2026/09/22 21:45:37.766, 0, 12288, 11829, 287
2026/09/22 21:45:37.972, 0, 12288, 11829, 287
2026/09/22 21:45:38.180, 0, 12288, 11829, 287
2026/09/22 21:45:38.388, 0, 12288, 11829, 287
2026/09/22 21:45:38.596, 0, 12288, 11829, 287
2026/09/22 21:45:38.804, 0, 12288, 11829, 287
2026/09/22 21:45:39.012, 0, 12288, 11829, 287
2026/09/22 21:45:39.219, 0, 12288, 11829, 287
2026/09/22 21:45:39.426, 0, 12288, 11829, 287
2026/09/22 21:45:39.633, 0, 12288, 11829, 287
2026/09/22 21:45:39.841, 0, 12288, 11829, 287
2026/09/22 21:45:40.048, 0, 12288, 11829, 287
2026/09/22 21:45:40.255, 0, 12288, 11829, 287
2026/09/22 21:45:40.463, 0, 12288, 11829, 287
2026/09/22 21:45:40.671, 0, 12288, 11829, 287
2026/09/22 21:45:40.879, 0, 12288, 11829, 287
2026/09/22 21:45:41.087, 0, 12288, 11829, 287
2026/09/22 21:45:41.294, 0, 12288, 11829, 287
2026/09/22 21:45:41.500, 0, 12288, 11829, 287
2026/09/22 21:45:41.706, 0, 12288, 11829, 287
2026/09/22 21:45:41.914, 0, 12288, 11829, 287
2026/09/22 21:45:42.122, 0, 12288, 11829, 287
2026/09/22 21:45:42.330, 0, 12288, 11829, 287
2026/09/22 21:45:42.537, 0, 12288, 11829, 287
2026/09/22 21:45:42.745, 0, 12288, 11829, 287
2026/09/22 21:45:42.953, 0, 12288, 11829, 287
2026/09/22 21:45:43.159, 0, 12288, 11829, 287
2026/09/22 21:45:43.366, 0, 12288, 11829, 287
2026/09/22 21:45:43.574, 0, 12288, 11829, 287
2026/09/22 21:45:43.780, 0, 12288, 11829, 287
2026/09/22 21:45:43.987, 0, 12288, 11829, 287
2026/09/22 21:45:44.195, 0, 12288, 11829, 287
2026/09/22 21:45:44.402, 0, 12288, 11829, 287
2026/09/22 21:45:44.610, 0, 12288, 11829, 287
2026/09/22 21:45:44.817, 0, 12288, 11829, 287
2026/09/22 21:45:45.025, 0, 12288, 11829, 287
2026/09/22 21:45:45.233, 0, 12288, 11829, 287
2026/09/22 21:45:45.439, 0, 12288, 11829, 287
2026/09/22 21:45:45.644, 0, 12288, 11829, 287
2026/09/22 21:45:45.852, 0, 12288, 11829, 287
2026/09/22 21:45:46.057, 0, 12288, 11829, 287
2026/09/22 21:45:46.264, 0, 12288, 11829, 287
2026/09/22 21:45:46.470, 0, 12288, 11829, 287
2026/09/22 21:45:46.676, 0, 12288, 11829, 287
2026/09/22 21:45:46.884, 0, 12288, 11829, 287
2026/09/22 21:45:47.092, 0, 12288, 11829, 287
2026/09/22 21:45:47.300, 0, 12288, 11829, 287
2026/09/22 21:45:47.507, 0, 12288, 11829, 287
2026/09/22 21:45:47.715, 0, 12288, 11829, 287
2026/09/22 21:45:47.921, 0, 12288, 11829, 287
2026/09/22 21:45:48.127, 0, 12288, 11829, 287
2026/09/22 21:45:48.332, 0, 12288, 11829, 287
2026/09/22 21:45:48.537, 0, 12288, 11829, 287
2026/09/22 21:45:48.744, 0, 12288, 11829, 287
2026/09/22 21:45:48.951, 0, 12288, 11829, 287
2026/09/22 21:45:49.157, 0, 12288, 11829, 287
2026/09/22 21:45:49.362, 0, 12288, 11829, 287
2026/09/22 21:45:49.566, 0, 12288, 11829, 287
2026/09/22 21:45:49.773, 0, 12288, 11829, 287
2026/09/22 21:45:49.981, 0, 12288, 11829, 287
2026/09/22 21:45:50.187, 0, 12288, 11829, 287
2026/09/22 21:45:50.394, 0, 12288, 11829, 287
2026/09/22 21:45:50.600, 0, 12288, 11829, 287
2026/09/22 21:45:50.808, 0, 12288, 11829, 287
2026/09/22 21:45:51.015, 0, 12288, 11829, 287
2026/09/22 21:45:51.221, 0, 12288, 11829, 287
2026/09/22 21:45:51.427, 0, 12288, 11829, 287
2026/09/22 21:45:51.634, 0, 12288, 11829, 287
2026/09/22 21:45:51.841, 0, 12288, 11829, 287
2026/09/22 21:45:52.049, 0, 12288, 11829, 287
2026/09/22 21:45:52.257, 0, 12288, 11829, 287
2026/09/22 21:45:52.463, 0, 12288, 11829, 287
2026/09/22 21:45:52.671, 0, 12288, 11829, 287
2026/09/22 21:45:52.878, 0, 12288, 11829, 287
2026/09/22 21:45:53.085, 0, 12288, 11829, 287
2026/09/22 21:45:53.293, 0, 12288, 11829, 287
2026/09/22 21:45:53.500, 0, 12288, 11829, 287
2026/09/22 21:45:53.707, 0, 12288, 11829, 287
2026/09/22 21:45:53.914, 0, 12288, 11829, 287
2026/09/22 21:45:54.122, 0, 12288, 11829, 287
2026/09/22 21:45:54.330, 0, 12288, 11829, 287
2026/09/22 21:45:54.533, 0, 12288, 11829, 287
2026/09/22 21:45:54.741, 0, 12288, 11829, 287
2026/09/22 21:45:54.949, 0, 12288, 11829, 287
2026/09/22 21:45:55.156, 0, 12288, 11829, 287
2026/09/22 21:45:55.361, 0, 12288, 11829, 287
2026/09/22 21:45:55.569, 0, 12288, 11829, 287
2026/09/22 21:45:55.775, 0, 12288, 11829, 287
2026/09/22 21:45:55.983, 0, 12288, 11829, 287
2026/09/22 21:45:56.189, 0, 12288, 11829, 287
2026/09/22 21:45:56.396, 0, 12288, 11829, 287
2026/09/22 21:45:56.604, 0, 12288, 11829, 287
2026/09/22 21:45:56.812, 0, 12288, 11829, 287
2026/09/22 21:45:57.018, 0, 12288, 11829, 287
2026/09/22 21:45:57.224, 0, 12288, 11829, 287
2026/09/22 21:45:57.432, 0, 12288, 11829, 287
2026/09/22 21:45:57.639, 0, 12288, 11829, 287
2026/09/22 21:45:57.846, 0, 12288, 11829, 287
2026/09/22 21:45:58.049, 0, 12288, 11829, 287
2026/09/22 21:45:58.256, 0, 12288, 11829, 287
2026/09/22 21:45:58.464, 0, 12288, 11829, 287
2026/09/22 21:45:58.672, 0, 12288, 11829, 287
2026/09/22 21:45:58.879, 0, 12288, 11829, 287
2026/09/22 21:45:59.087, 0, 12288, 11829, 287
2026/09/22 21:45:59.294, 0, 12288, 11829, 287
2026/09/22 21:45:59.502, 0, 12288, 11829, 287
2026/09/22 21:45:59.710, 0, 12288, 11829, 287
2026/09/22 21:45:59.916, 0, 12288, 11829, 287
2026/09/22 21:46:00.124, 0, 12288, 11829, 287
2026/09/22 21:46:00.332, 0, 12288, 11829, 287
2026/09/22 21:46:00.539, 0, 12288, 11829, 287
2026/09/22 21:46:00.746, 0, 12288, 11829, 287
2026/09/22 21:46:00.953, 0, 12288, 11829, 287
2026/09/22 21:46:01.158, 0, 12288, 11829, 287
2026/09/22 21:46:01.366, 0, 12288, 11829, 287
2026/09/22 21:46:01.572, 0, 12288, 11829, 287
2026/09/22 21:46:01.780, 0, 12288, 11829, 287
2026/09/22 21:46:01.987, 0, 12288, 11829, 287
2026/09/22 21:46:02.195, 0, 12288, 11829, 287
2026/09/22 21:46:02.403, 0, 12288, 11829, 287
2026/09/22 21:46:02.611, 0, 12288, 11829, 287
2026/09/22 21:46:02.817, 0, 12288, 11829, 287
2026/09/22 21:46:03.026, 0, 12288, 11829, 287
2026/09/22 21:46:03.234, 0, 12288, 11829, 287
2026/09/22 21:46:03.439, 0, 12288, 11829, 287
2026/09/22 21:46:03.647, 0, 12288, 11829, 287
2026/09/22 21:46:03.855, 0, 12288, 11829, 287
2026/09/22 21:46:04.062, 0, 12288, 11829, 287
2026/09/22 21:46:04.268, 0, 12288, 11829, 287
2026/09/22 21:46:04.475, 0, 12288, 11829, 287
2026/09/22 21:46:04.681, 0, 12288, 11829, 287
2026/09/22 21:46:04.889, 0, 12288, 11829, 287
2026/09/22 21:46:05.096, 0, 12288, 11829, 287
2026/09/22 21:46:05.304, 0, 12288, 11829, 287
2026/09/22 21:46:05.510, 0, 12288, 11829, 287
2026/09/22 21:46:05.717, 0, 12288, 11829, 287
2026/09/22 21:46:05.924, 0, 12288, 11829, 287
2026/09/22 21:46:06.130, 0, 12288, 11829, 287
2026/09/22 21:46:06.337, 0, 12288, 11829, 287
2026/09/22 21:46:06.545, 0, 12288, 11829, 287
2026/09/22 21:46:06.753, 0, 12288, 11829, 287
2026/09/22 21:46:06.960, 0, 12288, 11829, 287
2026/09/22 21:46:07.168, 0, 12288, 11829, 287
2026/09/22 21:46:07.376, 0, 12288, 11829, 287
2026/09/22 21:46:07.583, 0, 12288, 11829, 287
2026/09/22 21:46:07.790, 0, 12288, 11829, 287
2026/09/22 21:46:07.998, 0, 12288, 11829, 287
2026/09/22 21:46:08.204, 0, 12288, 11829, 287
2026/09/22 21:46:08.411, 0, 12288, 11829, 287
2026/09/22 21:46:08.618, 0, 12288, 11829, 287
2026/09/22 21:46:08.826, 0, 12288, 11829, 287
2026/09/22 21:46:09.033, 0, 12288, 11829, 287
2026/09/22 21:46:09.238, 0, 12288, 11829, 287
2026/09/22 21:46:09.445, 0, 12288, 11829, 287
2026/09/22 21:46:09.652, 0, 12288, 11829, 287
2026/09/22 21:46:09.860, 0, 12288, 11829, 287
2026/09/22 21:46:10.067, 0, 12288, 11829, 287
2026/09/22 21:46:10.274, 0, 12288, 11829, 287
2026/09/22 21:46:10.482, 0, 12288, 11829, 287
2026/09/22 21:46:10.690, 0, 12288, 11829, 287
2026/09/22 21:46:10.895, 0, 12288, 11829, 287
2026/09/22 21:46:11.103, 0, 12288, 11829, 287
2026/09/22 21:46:11.311, 0, 12288, 11829, 287
2026/09/22 21:46:11.518, 0, 12288, 11829, 287
2026/09/22 21:46:11.726, 0, 12288, 11829, 287
2026/09/22 21:46:11.932, 0, 12288, 11829, 287
2026/09/22 21:46:12.140, 0, 12288, 11829, 287
2026/09/22 21:46:12.347, 0, 12288, 11829, 287
2026/09/22 21:46:12.555, 0, 12288, 11829, 287
2026/09/22 21:46:12.763, 0, 12288, 11829, 287
2026/09/22 21:46:12.970, 0, 12288, 11829, 287
2026/09/22 21:46:13.177, 0, 12288, 11829, 287
2026/09/22 21:46:13.385, 0, 12288, 11829, 287
2026/09/22 21:46:13.591, 0, 12288, 11829, 287
2026/09/22 21:46:13.798, 0, 12288, 11829, 287
2026/09/22 21:46:14.005, 0, 12288, 11829, 287
2026/09/22 21:46:14.213, 0, 12288, 11829, 287
2026/09/22 21:46:14.420, 0, 12288, 11829, 287
2026/09/22 21:46:14.627, 0, 12288, 11829, 287
2026/09/22 21:46:14.833, 0, 12288, 11829, 287
2026/09/22 21:46:15.041, 0, 12288, 11829, 287
2026/09/22 21:46:15.248, 0, 12288, 11829, 287
2026/09/22 21:46:15.454, 0, 12288, 11829, 287
2026/09/22 21:46:15.660, 0, 12288, 11829, 287
2026/09/22 21:46:15.868, 0, 12288, 11829, 287
2026/09/22 21:46:16.076, 0, 12288, 11829, 287
2026/09/22 21:46:16.283, 0, 12288, 11829, 287
2026/09/22 21:46:16.490, 0, 12288, 11829, 287
2026/09/22 21:46:16.698, 0, 12288, 11829, 287
2026/09/22 21:46:16.905, 0, 12288, 11829, 287
2026/09/22 21:46:17.112, 0, 12288, 11829, 287
2026/09/22 21:46:17.319, 0, 12288, 11829, 287
2026/09/22 21:46:17.528, 0, 12288, 11829, 287
2026/09/22 21:46:17.735, 0, 12288, 11829, 287
2026/09/22 21:46:17.941, 0, 12288, 11829, 287
2026/09/22 21:46:18.148, 0, 12288, 11829, 287
2026/09/22 21:46:18.357, 0, 12288, 11829, 287
2026/09/22 21:46:18.563, 0, 12288, 11829, 287
2026/09/22 21:46:18.770, 0, 12288, 11829, 287
2026/09/22 21:46:18.978, 0, 12288, 11829, 287
2026/09/22 21:46:19.186, 0, 12288, 11829, 287
2026/09/22 21:46:19.394, 0, 12288, 11829, 287
2026/09/22 21:46:19.601, 0, 12288, 11829, 287
2026/09/22 21:46:19.809, 0, 12288, 11829, 287
2026/09/22 21:46:20.017, 0, 12288, 11829, 287
2026/09/22 21:46:20.225, 0, 12288, 11829, 287
2026/09/22 21:46:20.431, 0, 12288, 11829, 287
2026/09/22 21:46:20.639, 0, 12288, 11829, 287
2026/09/22 21:46:20.846, 0, 12288, 11829, 287
2026/09/22 21:46:21.053, 0, 12288, 11829, 287
2026/09/22 21:46:21.261, 0, 12288, 11829, 287
2026/09/22 21:46:21.467, 0, 12288, 11829, 287
2026/09/22 21:46:21.674, 0, 12288, 11829, 287
2026/09/22 21:46:21.882, 0, 12288, 11829, 287
2026/09/22 21:46:22.088, 0, 12288, 11829, 287
2026/09/22 21:46:22.295, 0, 12288, 11829, 287
2026/09/22 21:46:22.502, 0, 12288, 11829, 287
2026/09/22 21:46:22.709, 0, 12288, 11829, 287
2026/09/22 21:46:22.917, 0, 12288, 11829, 287
2026/09/22 21:46:23.121, 0, 12288, 11829, 287
2026/09/22 21:46:23.329, 0, 12288, 11829, 287
2026/09/22 21:46:23.534, 0, 12288, 11829, 287
2026/09/22 21:46:23.740, 0, 12288, 11829, 287
2026/09/22 21:46:23.947, 0, 12288, 11829, 287
2026/09/22 21:46:24.153, 0, 12288, 11829, 287
2026/09/22 21:46:24.359, 0, 12288, 11829, 287
2026/09/22 21:46:24.566, 0, 12288, 11829, 287
2026/09/22 21:46:24.773, 0, 12288, 11829, 287
2026/09/22 21:46:24.981, 0, 12288, 11829, 287
2026/09/22 21:46:25.187, 0, 12288, 11829, 287
2026/09/22 21:46:25.395, 0, 12288, 11829, 287
2026/09/22 21:46:25.599, 0, 12288, 11829, 287
2026/09/22 21:46:25.805, 0, 12288, 11829, 287
2026/09/22 21:46:26.013, 0, 12288, 11829, 287
2026/09/22 21:46:26.220, 0, 12288, 11829, 287
2026/09/22 21:46:26.424, 0, 12288, 11829, 287
2026/09/22 21:46:26.632, 0, 12288, 11829, 287
2026/09/22 21:46:26.840, 0, 12288, 11829, 287
2026/09/22 21:46:27.047, 0, 12288, 11829, 287
2026/09/22 21:46:27.254, 0, 12288, 11829, 287
2026/09/22 21:46:27.462, 0, 12288, 11829, 287
2026/09/22 21:46:27.669, 0, 12288, 11829, 287
2026/09/22 21:46:27.874, 0, 12288, 11829, 287
2026/09/22 21:46:28.081, 0, 12288, 11829, 287
2026/09/22 21:46:28.287, 0, 12288, 11829, 287
2026/09/22 21:46:28.495, 0, 12288, 11829, 287
2026/09/22 21:46:28.702, 0, 12288, 11829, 287
2026/09/22 21:46:28.909, 0, 12288, 11829, 287
2026/09/22 21:46:29.117, 0, 12288, 11829, 287
2026/09/22 21:46:29.324, 0, 12288, 11829, 287
2026/09/22 21:46:29.531, 0, 12288, 11829, 287
2026/09/22 21:46:29.737, 0, 12288, 11829, 287
2026/09/22 21:46:29.945, 0, 12288, 11829, 287
2026/09/22 21:46:30.153, 0, 12288, 11829, 287
2026/09/22 21:46:30.360, 0, 12288, 11829, 287
2026/09/22 21:46:30.568, 0, 12288, 11829, 287
2026/09/22 21:46:30.776, 0, 12288, 11829, 287
2026/09/22 21:46:30.984, 0, 12288, 11829, 287
2026/09/22 21:46:31.191, 0, 12288, 11829, 287
2026/09/22 21:46:31.399, 0, 12288, 11829, 287
2026/09/22 21:46:31.607, 0, 12288, 11829, 287
2026/09/22 21:46:31.814, 0, 12288, 11829, 287
2026/09/22 21:46:32.021, 0, 12288, 11829, 287
2026/09/22 21:46:32.229, 0, 12288, 11829, 287
2026/09/22 21:46:32.434, 0, 12288, 11829, 287
2026/09/22 21:46:32.642, 0, 12288, 11829, 287
2026/09/22 21:46:32.848, 0, 12288, 11829, 287
2026/09/22 21:46:33.056, 0, 12288, 11829, 287
2026/09/22 21:46:33.263, 0, 12288, 11829, 287
2026/09/22 21:46:33.470, 0, 12288, 11829, 287
2026/09/22 21:46:33.674, 0, 12288, 11829, 287
2026/09/22 21:46:33.882, 0, 12288, 11829, 287
2026/09/22 21:46:34.090, 0, 12288, 11829, 287
2026/09/22 21:46:34.298, 0, 12288, 11829, 287
2026/09/22 21:46:34.505, 0, 12288, 11829, 287
2026/09/22 21:46:34.713, 0, 12288, 11829, 287
2026/09/22 21:46:34.920, 0, 12288, 11829, 287
2026/09/22 21:46:35.126, 0, 12288, 11829, 287
2026/09/22 21:46:35.333, 0, 12288, 11829, 287
2026/09/22 21:46:35.540, 0, 12288, 11829, 287
2026/09/22 21:46:35.748, 0, 12288, 11829, 287
2026/09/22 21:46:35.956, 0, 12288, 11829, 287
2026/09/22 21:46:36.164, 0, 12288, 11829, 287
2026/09/22 21:46:36.372, 0, 12288, 11829, 287
2026/09/22 21:46:36.579, 0, 12288, 11829, 287
2026/09/22 21:46:36.786, 0, 12288, 11829, 287
2026/09/22 21:46:36.993, 0, 12288, 11829, 287
2026/09/22 21:46:37.198, 0, 12288, 11829, 287
2026/09/22 21:46:37.403, 0, 12288, 11829, 287
2026/09/22 21:46:37.611, 0, 12288, 11829, 287
2026/09/22 21:46:37.815, 0, 12288, 11829, 287
2026/09/22 21:46:38.021, 0, 12288, 11829, 287
2026/09/22 21:46:38.229, 0, 12288, 11829, 287
2026/09/22 21:46:38.436, 0, 12288, 11829, 287
2026/09/22 21:46:38.644, 0, 12288, 11829, 287
2026/09/22 21:46:38.852, 0, 12288, 11829, 287
2026/09/22 21:46:39.060, 0, 12288, 11829, 287
2026/09/22 21:46:39.266, 0, 12288, 11829, 287
2026/09/22 21:46:39.471, 0, 12288, 11829, 287
2026/09/22 21:46:39.676, 0, 12288, 11829, 287
2026/09/22 21:46:39.883, 0, 12288, 11829, 287
2026/09/22 21:46:40.091, 0, 12288, 11829, 287
2026/09/22 21:46:40.297, 0, 12288, 11829, 287
2026/09/22 21:46:40.504, 0, 12288, 11829, 287
2026/09/22 21:46:40.711, 0, 12288, 11829, 287
2026/09/22 21:46:40.917, 0, 12288, 11829, 287
2026/09/22 21:46:41.124, 0, 12288, 11829, 287
2026/09/22 21:46:41.332, 0, 12288, 11829, 287
2026/09/22 21:46:41.540, 0, 12288, 11829, 287
2026/09/22 21:46:41.745, 0, 12288, 11829, 287
2026/09/22 21:46:41.952, 0, 12288, 11829, 287
2026/09/22 21:46:42.160, 0, 12288, 11829, 287
2026/09/22 21:46:42.368, 0, 12288, 11829, 287
2026/09/22 21:46:42.576, 0, 12288, 11829, 287
2026/09/22 21:46:42.784, 0, 12288, 11829, 287
2026/09/22 21:46:42.989, 0, 12288, 11829, 287
2026/09/22 21:46:43.196, 0, 12288, 11829, 287
2026/09/22 21:46:43.404, 0, 12288, 11829, 287
2026/09/22 21:46:43.611, 0, 12288, 11829, 287
2026/09/22 21:46:43.819, 0, 12288, 11829, 287
2026/09/22 21:46:44.027, 0, 12288, 11829, 287
2026/09/22 21:46:44.235, 0, 12288, 11829, 287
2026/09/22 21:46:44.441, 0, 12288, 11829, 287
2026/09/22 21:46:44.648, 0, 12288, 11829, 287
2026/09/22 21:46:44.856, 0, 12288, 11829, 287
2026/09/22 21:46:45.064, 0, 12288, 11829, 287
2026/09/22 21:46:45.272, 0, 12288, 11829, 287
2026/09/22 21:46:45.478, 0, 12288, 11829, 287
2026/09/22 21:46:45.685, 0, 12288, 11829, 287
2026/09/22 21:46:45.893, 0, 12288, 11829, 287
2026/09/22 21:46:46.101, 0, 12288, 11829, 287
2026/09/22 21:46:46.306, 0, 12288, 11829, 287
2026/09/22 21:46:46.512, 0, 12288, 11829, 287
2026/09/22 21:46:46.718, 0, 12288, 11829, 287
2026/09/22 21:46:46.926, 0, 12288, 11829, 287
2026/09/22 21:46:47.133, 0, 12288, 11829, 287
2026/09/22 21:46:47.337, 0, 12288, 11829, 287
2026/09/22 21:46:47.545, 0, 12288, 11829, 287
2026/09/22 21:46:47.752, 0, 12288, 11829, 287
2026/09/22 21:46:47.955, 0, 12288, 11829, 287
2026/09/22 21:46:48.164, 0, 12288, 11829, 287
2026/09/22 21:46:48.371, 0, 12288, 11829, 287
2026/09/22 21:46:48.578, 0, 12288, 11829, 287
2026/09/22 21:46:48.785, 0, 12288, 11829, 287
2026/09/22 21:46:48.993, 0, 12288, 11829, 287
2026/09/22 21:46:49.199, 0, 12288, 11829, 287
2026/09/22 21:46:49.407, 0, 12288, 11829, 287
2026/09/22 21:46:49.613, 0, 12288, 11829, 287
2026/09/22 21:46:49.821, 0, 12288, 11829, 287
2026/09/22 21:46:50.029, 0, 12288, 11829, 287
2026/09/22 21:46:50.236, 0, 12288, 11829, 287
2026/09/22 21:46:50.441, 0, 12288, 11829, 287
2026/09/22 21:46:50.648, 0, 12288, 11829, 287
2026/09/22 21:46:50.855, 0, 12288, 11829, 287
2026/09/22 21:46:51.061, 0, 12288, 11829, 287
2026/09/22 21:46:51.269, 0, 12288, 11829, 287
2026/09/22 21:46:51.475, 0, 12288, 11829, 287
2026/09/22 21:46:51.683, 0, 12288, 11829, 287
2026/09/22 21:46:51.891, 0, 12288, 11829, 287
2026/09/22 21:46:52.099, 0, 12288, 11829, 287
2026/09/22 21:46:52.307, 0, 12288, 11829, 287
2026/09/22 21:46:52.514, 0, 12288, 11829, 287
2026/09/22 21:46:52.722, 0, 12288, 11829, 287
2026/09/22 21:46:52.929, 0, 12288, 11829, 287
2026/09/22 21:46:53.137, 0, 12288, 11829, 287
2026/09/22 21:46:53.345, 0, 12288, 11829, 287
2026/09/22 21:46:53.552, 0, 12288, 11829, 287
2026/09/22 21:46:53.760, 0, 12288, 11829, 287
2026/09/22 21:46:53.967, 0, 12288, 11829, 287
2026/09/22 21:46:54.173, 0, 12288, 11829, 287
2026/09/22 21:46:54.380, 0, 12288, 11829, 287
2026/09/22 21:46:54.588, 0, 12288, 11829, 287
2026/09/22 21:46:54.796, 0, 12288, 11829, 287
2026/09/22 21:46:55.003, 0, 12288, 11829, 287
2026/09/22 21:46:55.209, 0, 12288, 11829, 287
2026/09/22 21:46:55.415, 0, 12288, 11829, 287
2026/09/22 21:46:55.622, 0, 12288, 11829, 287
2026/09/22 21:46:55.830, 0, 12288, 11829, 287
2026/09/22 21:46:56.036, 0, 12288, 11829, 287
2026/09/22 21:46:56.243, 0, 12288, 11829, 287
2026/09/22 21:46:56.450, 0, 12288, 11829, 287
2026/09/22 21:46:56.657, 0, 12288, 11829, 287
2026/09/22 21:46:56.863, 0, 12288, 11829, 287
2026/09/22 21:46:57.071, 0, 12288, 11829, 287
2026/09/22 21:46:57.277, 0, 12288, 11829, 287
2026/09/22 21:46:57.485, 0, 12288, 11829, 287
2026/09/22 21:46:57.691, 0, 12288, 11829, 287
2026/09/22 21:46:57.897, 0, 12288, 11829, 287
2026/09/22 21:46:58.104, 0, 12288, 11829, 287
2026/09/22 21:46:58.311, 0, 12288, 11829, 287
2026/09/22 21:46:58.519, 0, 12288, 11829, 287
2026/09/22 21:46:58.726, 0, 12288, 11829, 287
2026/09/22 21:46:58.933, 0, 12288, 11829, 287
2026/09/22 21:46:59.140, 0, 12288, 11829, 287
2026/09/22 21:46:59.346, 0, 12288, 11829, 287
2026/09/22 21:46:59.554, 0, 12288, 11829, 287
2026/09/22 21:46:59.760, 0, 12288, 11829, 287
2026/09/22 21:46:59.967, 0, 12288, 11829, 287
2026/09/22 21:47:00.175, 0, 12288, 11829, 287
2026/09/22 21:47:00.380, 0, 12288, 11829, 287
2026/09/22 21:47:00.586, 0, 12288, 11829, 287
2026/09/22 21:47:00.793, 0, 12288, 11829, 287
2026/09/22 21:47:00.999, 0, 12288, 11829, 287
2026/09/22 21:47:01.205, 0, 12288, 11829, 287
2026/09/22 21:47:01.411, 0, 12288, 11829, 287
2026/09/22 21:47:01.618, 0, 12288, 11829, 287
2026/09/22 21:47:01.825, 0, 12288, 11829, 287
2026/09/22 21:47:02.033, 0, 12288, 11829, 287
2026/09/22 21:47:02.237, 0, 12288, 11829, 287
2026/09/22 21:47:02.446, 0, 12288, 11829, 287
2026/09/22 21:47:02.653, 0, 12288, 11829, 287
2026/09/22 21:47:02.861, 0, 12288, 11829, 287
2026/09/22 21:47:03.067, 0, 12288, 11829, 287
2026/09/22 21:47:03.275, 0, 12288, 11829, 287
2026/09/22 21:47:03.481, 0, 12288, 11829, 287
2026/09/22 21:47:03.689, 0, 12288, 11829, 287
2026/09/22 21:47:03.895, 0, 12288, 11829, 287
2026/09/22 21:47:04.101, 0, 12288, 11829, 287
2026/09/22 21:47:04.309, 0, 12288, 11829, 287
2026/09/22 21:47:04.516, 0, 12288, 11829, 287
2026/09/22 21:47:04.720, 0, 12288, 11829, 287
2026/09/22 21:47:04.924, 0, 12288, 11829, 287
2026/09/22 21:47:05.130, 0, 12288, 11829, 287
2026/09/22 21:47:05.336, 0, 12288, 11829, 287
2026/09/22 21:47:05.542, 0, 12288, 11829, 287
2026/09/22 21:47:05.749, 0, 12288, 11829, 287
2026/09/22 21:47:05.955, 0, 12288, 11829, 287
2026/09/22 21:47:06.162, 0, 12288, 11829, 287
2026/09/22 21:47:06.370, 0, 12288, 11829, 287
2026/09/22 21:47:06.577, 0, 12288, 11829, 287
2026/09/22 21:47:06.785, 0, 12288, 11829, 287
2026/09/22 21:47:06.993, 0, 12288, 11829, 287
2026/09/22 21:47:07.200, 0, 12288, 11829, 287
2026/09/22 21:47:07.408, 0, 12288, 11829, 287
2026/09/22 21:47:07.615, 0, 12288, 11829, 287
2026/09/22 21:47:07.823, 0, 12288, 11829, 287
2026/09/22 21:47:08.031, 0, 12288, 11829, 287
2026/09/22 21:47:08.239, 0, 12288, 11829, 287
2026/09/22 21:47:08.447, 0, 12288, 11829, 287
2026/09/22 21:47:08.654, 0, 12288, 11829, 287
2026/09/22 21:47:08.862, 0, 12288, 11829, 287
2026/09/22 21:47:09.069, 0, 12288, 11829, 287
2026/09/22 21:47:09.277, 0, 12288, 11829, 287
2026/09/22 21:47:09.484, 0, 12288, 11829, 287
2026/09/22 21:47:09.689, 0, 12288, 11829, 287
2026/09/22 21:47:09.897, 0, 12288, 11829, 287
2026/09/22 21:47:10.105, 0, 12288, 11829, 287
2026/09/22 21:47:10.313, 0, 12288, 11829, 287
2026/09/22 21:47:10.521, 0, 12288, 11829, 287
2026/09/22 21:47:10.728, 0, 12288, 11829, 287
2026/09/22 21:47:10.936, 0, 12288, 11829, 287
2026/09/22 21:47:11.143, 0, 12288, 11829, 287
2026/09/22 21:47:11.351, 0, 12288, 11829, 287
2026/09/22 21:47:11.557, 0, 12288, 11829, 287
2026/09/22 21:47:11.764, 0, 12288, 11829, 287
2026/09/22 21:47:11.970, 0, 12288, 11829, 287
2026/09/22 21:47:12.177, 0, 12288, 11829, 287
2026/09/22 21:47:12.384, 0, 12288, 11829, 287
2026/09/22 21:47:12.591, 0, 12288, 11829, 287
2026/09/22 21:47:12.797, 0, 12288, 11829, 287
2026/09/22 21:47:13.004, 0, 12288, 11829, 287
2026/09/22 21:47:13.211, 0, 12288, 11829, 287
2026/09/22 21:47:13.418, 0, 12288, 11829, 287
2026/09/22 21:47:13.623, 0, 12288, 11829, 287
2026/09/22 21:47:13.830, 0, 12288, 11829, 287
2026/09/22 21:47:14.034, 0, 12288, 11829, 287
2026/09/22 21:47:14.238, 0, 12288, 11829, 287
2026/09/22 21:47:14.446, 0, 12288, 11829, 287
2026/09/22 21:47:14.654, 0, 12288, 11829, 287
2026/09/22 21:47:14.861, 0, 12288, 11829, 287
2026/09/22 21:47:15.067, 0, 12288, 11829, 287
2026/09/22 21:47:15.274, 0, 12288, 11829, 287
2026/09/22 21:47:15.481, 0, 12288, 11829, 287
2026/09/22 21:47:15.687, 0, 12288, 11829, 287
2026/09/22 21:47:15.895, 0, 12288, 11829, 287
2026/09/22 21:47:16.100, 0, 12288, 11829, 287
2026/09/22 21:47:16.305, 0, 12288, 11829, 287
2026/09/22 21:47:16.512, 0, 12288, 11829, 287
2026/09/22 21:47:16.719, 0, 12288, 11829, 287
2026/09/22 21:47:16.924, 0, 12288, 11829, 287
2026/09/22 21:47:17.130, 0, 12288, 11829, 287
2026/09/22 21:47:17.338, 0, 12288, 11829, 287
2026/09/22 21:47:17.545, 0, 12288, 11829, 287
2026/09/22 21:47:17.752, 0, 12288, 11829, 287
2026/09/22 21:47:17.959, 0, 12288, 11829, 287
2026/09/22 21:47:18.166, 0, 12288, 11829, 287
2026/09/22 21:47:18.374, 0, 12288, 11829, 287
2026/09/22 21:47:18.582, 0, 12288, 11829, 287
2026/09/22 21:47:18.790, 0, 12288, 11829, 287
2026/09/22 21:47:18.995, 0, 12288, 11829, 287
2026/09/22 21:47:19.203, 0, 12288, 11829, 287
2026/09/22 21:47:19.411, 0, 12288, 11829, 287
2026/09/22 21:47:19.618, 0, 12288, 11829, 287
2026/09/22 21:47:19.826, 0, 12288, 11829, 287
2026/09/22 21:47:20.033, 0, 12288, 11829, 287
2026/09/22 21:47:20.239, 0, 12288, 11829, 287
2026/09/22 21:47:20.447, 0, 12288, 11829, 287
2026/09/22 21:47:20.654, 0, 12288, 11829, 287
2026/09/22 21:47:20.861, 0, 12288, 11829, 287
2026/09/22 21:47:21.069, 0, 12288, 11829, 287
2026/09/22 21:47:21.277, 0, 12288, 11829, 287
2026/09/22 21:47:21.484, 0, 12288, 11829, 287
2026/09/22 21:47:21.689, 0, 12288, 11829, 287
2026/09/22 21:47:21.896, 0, 12288, 11829, 287
2026/09/22 21:47:22.103, 0, 12288, 11829, 287
2026/09/22 21:47:22.311, 0, 12288, 11829, 287
2026/09/22 21:47:22.518, 0, 12288, 11829, 287
2026/09/22 21:47:22.725, 0, 12288, 11829, 287
2026/09/22 21:47:22.933, 0, 12288, 11829, 287
2026/09/22 21:47:23.139, 0, 12288, 11829, 287
2026/09/22 21:47:23.346, 0, 12288, 11829, 287
2026/09/22 21:47:23.552, 0, 12288, 11829, 287
2026/09/22 21:47:23.760, 0, 12288, 11829, 287
2026/09/22 21:47:23.967, 0, 12288, 11829, 287
2026/09/22 21:47:24.173, 0, 12288, 11829, 287
2026/09/22 21:47:24.380, 0, 12288, 11829, 287
2026/09/22 21:47:24.587, 0, 12288, 11829, 287
2026/09/22 21:47:24.794, 0, 12288, 11829, 287
2026/09/22 21:47:25.001, 0, 12288, 11829, 287
2026/09/22 21:47:25.206, 0, 12288, 11829, 287
2026/09/22 21:47:25.412, 0, 12288, 11829, 287
2026/09/22 21:47:25.620, 0, 12288, 11829, 287
2026/09/22 21:47:25.828, 0, 12288, 11829, 287
2026/09/22 21:47:26.034, 0, 12288, 11829, 287
2026/09/22 21:47:26.242, 0, 12288, 11829, 287
2026/09/22 21:47:26.450, 0, 12288, 11829, 287
2026/09/22 21:47:26.655, 0, 12288, 11829, 287
2026/09/22 21:47:26.862, 0, 12288, 11829, 287
2026/09/22 21:47:27.070, 0, 12288, 11829, 287
2026/09/22 21:47:27.278, 0, 12288, 11829, 287
2026/09/22 21:47:27.486, 0, 12288, 11829, 287
2026/09/22 21:47:27.694, 0, 12288, 11829, 287
2026/09/22 21:47:27.902, 0, 12288, 11829, 287
2026/09/22 21:47:28.110, 0, 12288, 11829, 287
2026/09/22 21:47:28.317, 0, 12288, 11829, 287
2026/09/22 21:47:28.525, 0, 12288, 11829, 287
2026/09/22 21:47:28.732, 0, 12288, 11829, 287
2026/09/22 21:47:28.939, 0, 12288, 11829, 287
2026/09/22 21:47:29.146, 0, 12288, 11829, 287
2026/09/22 21:47:29.353, 0, 12288, 11829, 287
2026/09/22 21:47:29.560, 0, 12288, 11829, 287
2026/09/22 21:47:29.767, 0, 12288, 11829, 287
2026/09/22 21:47:29.971, 0, 12288, 11829, 287
2026/09/22 21:47:30.179, 0, 12288, 11829, 287
2026/09/22 21:47:30.386, 0, 12288, 11829, 287
2026/09/22 21:47:30.593, 0, 12288, 11829, 287
2026/09/22 21:47:30.800, 0, 12288, 11829, 287
2026/09/22 21:47:31.008, 0, 12288, 11829, 287
2026/09/22 21:47:31.215, 0, 12288, 11829, 287
2026/09/22 21:47:31.422, 0, 12288, 11829, 287
2026/09/22 21:47:31.627, 0, 12288, 11829, 287
2026/09/22 21:47:31.833, 0, 12288, 11829, 287
2026/09/22 21:47:32.040, 0, 12288, 11829, 287
2026/09/22 21:47:32.247, 0, 12288, 11829, 287
2026/09/22 21:47:32.455, 0, 12288, 11829, 287
2026/09/22 21:47:32.661, 0, 12288, 11829, 287
2026/09/22 21:47:32.866, 0, 12288, 11829, 287
2026/09/22 21:47:33.074, 0, 12288, 11829, 287
2026/09/22 21:47:33.282, 0, 12288, 11829, 287
2026/09/22 21:47:33.487, 0, 12288, 11829, 287
2026/09/22 21:47:33.696, 0, 12288, 11829, 287
2026/09/22 21:47:33.904, 0, 12288, 11829, 287
2026/09/22 21:47:34.111, 0, 12288, 11829, 287
2026/09/22 21:47:34.319, 0, 12288, 11829, 287
2026/09/22 21:47:34.526, 0, 12288, 11829, 287
2026/09/22 21:47:34.733, 0, 12288, 11829, 287
2026/09/22 21:47:34.941, 0, 12288, 11829, 287
2026/09/22 21:47:35.149, 0, 12288, 11829, 287
2026/09/22 21:47:35.355, 0, 12288, 11829, 287
2026/09/22 21:47:35.562, 0, 12288, 11829, 287
2026/09/22 21:47:35.770, 0, 12288, 11829, 287
2026/09/22 21:47:35.977, 0, 12288, 11829, 287
2026/09/22 21:47:36.184, 0, 12288, 11829, 287
2026/09/22 21:47:36.392, 0, 12288, 11829, 287
2026/09/22 21:47:36.600, 0, 12288, 11829, 287
2026/09/22 21:47:36.808, 0, 12288, 11829, 287
2026/09/22 21:47:37.015, 0, 12288, 11829, 287
2026/09/22 21:47:37.221, 0, 12288, 11829, 287
2026/09/22 21:47:37.427, 0, 12288, 11829, 287
2026/09/22 21:47:37.635, 0, 12288, 11829, 287
2026/09/22 21:47:37.843, 0, 12288, 11829, 287
2026/09/22 21:47:38.049, 0, 12288, 11829, 287
2026/09/22 21:47:38.255, 0, 12288, 11829, 287
2026/09/22 21:47:38.462, 0, 12288, 11829, 287
2026/09/22 21:47:38.669, 0, 12288, 11829, 287
2026/09/22 21:47:38.875, 0, 12288, 11829, 287
2026/09/22 21:47:39.081, 0, 12288, 11829, 287
2026/09/22 21:47:39.288, 0, 12288, 11829, 287
2026/09/22 21:47:39.496, 0, 12288, 11829, 287
2026/09/22 21:47:39.704, 0, 12288, 11829, 287
2026/09/22 21:47:39.911, 0, 12288, 11829, 287
2026/09/22 21:47:40.119, 0, 12288, 11829, 287
2026/09/22 21:47:40.327, 0, 12288, 11829, 287
2026/09/22 21:47:40.535, 0, 12288, 11829, 287
2026/09/22 21:47:40.741, 0, 12288, 11829, 287
2026/09/22 21:47:40.948, 0, 12288, 11829, 287
2026/09/22 21:47:41.156, 0, 12288, 11829, 287
2026/09/22 21:47:41.363, 0, 12288, 11829, 287
2026/09/22 21:47:41.571, 0, 12288, 11829, 287
2026/09/22 21:47:41.779, 0, 12288, 11829, 287
2026/09/22 21:47:41.986, 0, 12288, 11829, 287
2026/09/22 21:47:42.190, 0, 12288, 11829, 287
2026/09/22 21:47:42.397, 0, 12288, 11829, 287
2026/09/22 21:47:42.605, 0, 12288, 11829, 287
2026/09/22 21:47:42.812, 0, 12288, 11829, 287
2026/09/22 21:47:43.019, 0, 12288, 11829, 287
2026/09/22 21:47:43.225, 0, 12288, 11829, 287
2026/09/22 21:47:43.433, 0, 12288, 11829, 287
2026/09/22 21:47:43.642, 0, 12288, 11829, 287
2026/09/22 21:47:43.848, 0, 12288, 11829, 287
2026/09/22 21:47:44.055, 0, 12288, 11829, 287
2026/09/22 21:47:44.262, 0, 12288, 11829, 287
2026/09/22 21:47:44.470, 0, 12288, 11829, 287
2026/09/22 21:47:44.677, 0, 12288, 11829, 287
2026/09/22 21:47:44.885, 0, 12288, 11829, 287
2026/09/22 21:47:45.092, 0, 12288, 11829, 287
2026/09/22 21:47:45.299, 0, 12288, 11829, 287
2026/09/22 21:47:45.506, 0, 12288, 11829, 287
2026/09/22 21:47:45.713, 0, 12288, 11829, 287
2026/09/22 21:47:45.920, 0, 12288, 11829, 287
2026/09/22 21:47:46.128, 0, 12288, 11829, 287
2026/09/22 21:47:46.336, 0, 12288, 11829, 287
2026/09/22 21:47:46.543, 0, 12288, 11829, 287
2026/09/22 21:47:46.748, 0, 12288, 11829, 287
2026/09/22 21:47:46.954, 0, 12288, 11829, 287
2026/09/22 21:47:47.160, 0, 12288, 11829, 287
2026/09/22 21:47:47.368, 0, 12288, 11829, 287
2026/09/22 21:47:47.576, 0, 12288, 11829, 287
2026/09/22 21:47:47.783, 0, 12288, 11829, 287
2026/09/22 21:47:47.990, 0, 12288, 11829, 287
2026/09/22 21:47:48.197, 0, 12288, 11829, 287
2026/09/22 21:47:48.405, 0, 12288, 11829, 287
2026/09/22 21:47:48.613, 0, 12288, 11829, 287
2026/09/22 21:47:48.820, 0, 12288, 11829, 287
2026/09/22 21:47:49.028, 0, 12288, 11829, 287
2026/09/22 21:47:49.235, 0, 12288, 11829, 287
2026/09/22 21:47:49.442, 0, 12288, 11829, 287
2026/09/22 21:47:49.650, 0, 12288, 11829, 287
2026/09/22 21:47:49.858, 0, 12288, 11829, 287
2026/09/22 21:47:50.065, 0, 12288, 11829, 287
2026/09/22 21:47:50.272, 0, 12288, 11829, 287
2026/09/22 21:47:50.479, 0, 12288, 11829, 287
2026/09/22 21:47:50.687, 0, 12288, 11829, 287
2026/09/22 21:47:50.895, 0, 12288, 11829, 287
2026/09/22 21:47:51.100, 0, 12288, 11829, 287
2026/09/22 21:47:51.308, 0, 12288, 11829, 287
2026/09/22 21:47:51.515, 0, 12288, 11829, 287
2026/09/22 21:47:51.722, 0, 12288, 11829, 287
2026/09/22 21:47:51.930, 0, 12288, 11829, 287
2026/09/22 21:47:52.136, 0, 12288, 11829, 287
2026/09/22 21:47:52.344, 0, 12288, 11829, 287
2026/09/22 21:47:52.551, 0, 12288, 11829, 287
2026/09/22 21:47:52.759, 0, 12288, 11829, 287
2026/09/22 21:47:52.967, 0, 12288, 11829, 287
2026/09/22 21:47:53.174, 0, 12288, 11829, 287
2026/09/22 21:47:53.381, 0, 12288, 11829, 287
2026/09/22 21:47:53.589, 0, 12288, 11829, 287
2026/09/22 21:47:53.796, 0, 12288, 11829, 287
2026/09/22 21:47:54.002, 0, 12288, 11829, 287
2026/09/22 21:47:54.209, 0, 12288, 11829, 287
2026/09/22 21:47:54.417, 0, 12288, 11829, 287
2026/09/22 21:47:54.625, 0, 12288, 11829, 287
2026/09/22 21:47:54.833, 0, 12288, 11829, 287
2026/09/22 21:47:55.040, 0, 12288, 11829, 287
2026/09/22 21:47:55.247, 0, 12288, 11829, 287
2026/09/22 21:47:55.454, 0, 12288, 11829, 287
2026/09/22 21:47:55.660, 0, 12288, 11829, 287
2026/09/22 21:47:55.868, 0, 12288, 11829, 287
2026/09/22 21:47:56.073, 0, 12288, 11829, 287
2026/09/22 21:47:56.281, 0, 12288, 11829, 287
2026/09/22 21:47:56.488, 0, 12288, 11829, 287
2026/09/22 21:47:56.696, 0, 12288, 11829, 287
2026/09/22 21:47:56.904, 0, 12288, 11829, 287
2026/09/22 21:47:57.111, 0, 12288, 11829, 287
2026/09/22 21:47:57.318, 0, 12288, 11829, 287
2026/09/22 21:47:57.526, 0, 12288, 11829, 287
2026/09/22 21:47:57.733, 0, 12288, 11829, 287
2026/09/22 21:47:57.939, 0, 12288, 11829, 287
2026/09/22 21:47:58.145, 0, 12288, 11829, 287
2026/09/22 21:47:58.353, 0, 12288, 11829, 287
2026/09/22 21:47:58.560, 0, 12288, 11829, 287
2026/09/22 21:47:58.767, 0, 12288, 11829, 287
2026/09/22 21:47:58.974, 0, 12288, 11829, 287
2026/09/22 21:47:59.181, 0, 12288, 11829, 287
2026/09/22 21:47:59.389, 0, 12288, 11829, 287
2026/09/22 21:47:59.596, 0, 12288, 11829, 287
2026/09/22 21:47:59.803, 0, 12288, 11829, 287
2026/09/22 21:48:00.011, 0, 12288, 11829, 287
2026/09/22 21:48:00.219, 0, 12288, 11829, 287
2026/09/22 21:48:00.425, 0, 12288, 11829, 287
2026/09/22 21:48:00.631, 0, 12288, 11829, 287
2026/09/22 21:48:00.837, 0, 12288, 11829, 287
2026/09/22 21:48:01.045, 0, 12288, 11829, 287
2026/09/22 21:48:01.252, 0, 12288, 11829, 287
2026/09/22 21:48:01.459, 0, 12288, 11829, 287
2026/09/22 21:48:01.667, 0, 12288, 11829, 287
2026/09/22 21:48:01.875, 0, 12288, 11829, 287
2026/09/22 21:48:02.081, 0, 12288, 11829, 287
2026/09/22 21:48:02.288, 0, 12288, 11829, 287
2026/09/22 21:48:02.495, 0, 12288, 11829, 287
2026/09/22 21:48:02.702, 0, 12288, 11829, 287
2026/09/22 21:48:02.908, 0, 12288, 11829, 287
2026/09/22 21:48:03.115, 0, 12288, 11829, 287
2026/09/22 21:48:03.323, 0, 12288, 11829, 287
2026/09/22 21:48:03.531, 0, 12288, 11829, 287
2026/09/22 21:48:03.739, 0, 12288, 11829, 287
2026/09/22 21:48:03.946, 0, 12288, 11829, 287
2026/09/22 21:48:04.153, 0, 12288, 11829, 287
2026/09/22 21:48:04.360, 0, 12288, 11829, 287
2026/09/22 21:48:04.567, 0, 12288, 11829, 287
2026/09/22 21:48:04.775, 0, 12288, 11829, 287
2026/09/22 21:48:04.981, 0, 12288, 11829, 287
2026/09/22 21:48:05.189, 0, 12288, 11829, 287
2026/09/22 21:48:05.393, 0, 12288, 11829, 287
2026/09/22 21:48:05.600, 0, 12288, 11829, 287
2026/09/22 21:48:05.808, 0, 12288, 11829, 287
2026/09/22 21:48:06.015, 0, 12288, 11829, 287
2026/09/22 21:48:06.223, 0, 12288, 11829, 287
2026/09/22 21:48:06.431, 0, 12288, 11829, 287
2026/09/22 21:48:06.637, 0, 12288, 11829, 287
2026/09/22 21:48:06.844, 0, 12288, 11829, 287
2026/09/22 21:48:07.050, 0, 12288, 11829, 287
2026/09/22 21:48:07.257, 0, 12288, 11829, 287
2026/09/22 21:48:07.465, 0, 12288, 11829, 287
2026/09/22 21:48:07.673, 0, 12288, 11829, 287
2026/09/22 21:48:07.880, 0, 12288, 11829, 287
2026/09/22 21:48:08.087, 0, 12288, 11829, 287
2026/09/22 21:48:08.295, 0, 12288, 11829, 287
2026/09/22 21:48:08.503, 0, 12288, 11829, 287
2026/09/22 21:48:08.710, 0, 12288, 11829, 287
2026/09/22 21:48:08.917, 0, 12288, 11829, 287
2026/09/22 21:48:09.123, 0, 12288, 11829, 287
2026/09/22 21:48:09.330, 0, 12288, 11829, 287
2026/09/22 21:48:09.538, 0, 12288, 11829, 287
2026/09/22 21:48:09.745, 0, 12288, 11829, 287
2026/09/22 21:48:09.951, 0, 12288, 11829, 287
2026/09/22 21:48:10.157, 0, 12288, 11829, 287
2026/09/22 21:48:10.365, 0, 12288, 11829, 287
2026/09/22 21:48:10.573, 0, 12288, 11829, 287
2026/09/22 21:48:10.780, 0, 12288, 11829, 287
2026/09/22 21:48:10.987, 0, 12288, 11829, 287
2026/09/22 21:48:11.194, 0, 12288, 11829, 287
2026/09/22 21:48:11.401, 0, 12288, 11829, 287
2026/09/22 21:48:11.609, 0, 12288, 11829, 287
2026/09/22 21:48:11.817, 0, 12288, 11829, 287
2026/09/22 21:48:12.024, 0, 12288, 11829, 287
2026/09/22 21:48:12.232, 0, 12288, 11829, 287
2026/09/22 21:48:12.440, 0, 12288, 11829, 287
2026/09/22 21:48:12.647, 0, 12288, 11829, 287
2026/09/22 21:48:12.854, 0, 12288, 11829, 287
2026/09/22 21:48:13.062, 0, 12288, 11829, 287
2026/09/22 21:48:13.269, 0, 12288, 11829, 287
2026/09/22 21:48:13.477, 0, 12288, 11829, 287
2026/09/22 21:48:13.684, 0, 12288, 11829, 287
2026/09/22 21:48:13.891, 0, 12288, 11829, 287
2026/09/22 21:48:14.099, 0, 12288, 11829, 287
2026/09/22 21:48:14.307, 0, 12288, 11829, 287
2026/09/22 21:48:14.515, 0, 12288, 11829, 287
2026/09/22 21:48:14.721, 0, 12288, 11829, 287
2026/09/22 21:48:14.924, 0, 12288, 11829, 287
2026/09/22 21:48:15.129, 0, 12288, 11829, 287
2026/09/22 21:48:15.337, 0, 12288, 11829, 287
2026/09/22 21:48:15.544, 0, 12288, 11829, 287
2026/09/22 21:48:15.752, 0, 12288, 11829, 287
2026/09/22 21:48:15.960, 0, 12288, 11829, 287
2026/09/22 21:48:16.168, 0, 12288, 11829, 287
2026/09/22 21:48:16.376, 0, 12288, 11829, 287
2026/09/22 21:48:16.584, 0, 12288, 11829, 287
2026/09/22 21:48:16.792, 0, 12288, 11829, 287
2026/09/22 21:48:17.000, 0, 12288, 11829, 287
2026/09/22 21:48:17.207, 0, 12288, 11829, 287
2026/09/22 21:48:17.415, 0, 12288, 11829, 287
2026/09/22 21:48:17.621, 0, 12288, 11829, 287
2026/09/22 21:48:17.829, 0, 12288, 11829, 287
2026/09/22 21:48:18.034, 0, 12288, 11829, 287
2026/09/22 21:48:18.241, 0, 12288, 11829, 287
2026/09/22 21:48:18.449, 0, 12288, 11829, 287
2026/09/22 21:48:18.657, 0, 12288, 11829, 287
2026/09/22 21:48:18.863, 0, 12288, 11829, 287
2026/09/22 21:48:19.071, 0, 12288, 11829, 287
2026/09/22 21:48:19.277, 0, 12288, 11829, 287
2026/09/22 21:48:19.485, 0, 12288, 11829, 287
2026/09/22 21:48:19.693, 0, 12288, 11829, 287
2026/09/22 21:48:19.900, 0, 12288, 11829, 287
2026/09/22 21:48:20.107, 0, 12288, 11829, 287
2026/09/22 21:48:20.314, 0, 12288, 11829, 287
2026/09/22 21:48:20.521, 0, 12288, 11829, 287
2026/09/22 21:48:20.729, 0, 12288, 11829, 287
2026/09/22 21:48:20.937, 0, 12288, 11829, 287
2026/09/22 21:48:21.145, 0, 12288, 11829, 287
2026/09/22 21:48:21.352, 0, 12288, 11829, 287
2026/09/22 21:48:21.559, 0, 12288, 11829, 287
2026/09/22 21:48:21.767, 0, 12288, 11829, 287
2026/09/22 21:48:21.973, 0, 12288, 11829, 287
2026/09/22 21:48:22.181, 0, 12288, 11829, 287
2026/09/22 21:48:22.389, 0, 12288, 11829, 287
2026/09/22 21:48:22.596, 0, 12288, 11829, 287
2026/09/22 21:48:22.804, 0, 12288, 11829, 287
2026/09/22 21:48:23.012, 0, 12288, 11829, 287
2026/09/22 21:48:23.218, 0, 12288, 11829, 287
2026/09/22 21:48:23.424, 0, 12288, 11829, 287
2026/09/22 21:48:23.632, 0, 12288, 11829, 287
2026/09/22 21:48:23.838, 0, 12288, 11829, 287
2026/09/22 21:48:24.045, 0, 12288, 11829, 287
2026/09/22 21:48:24.253, 0, 12288, 11829, 287
2026/09/22 21:48:24.460, 0, 12288, 11829, 287
2026/09/22 21:48:24.667, 0, 12288, 11829, 287
2026/09/22 21:48:24.874, 0, 12288, 11829, 287
2026/09/22 21:48:25.082, 0, 12288, 11829, 287
2026/09/22 21:48:25.288, 0, 12288, 11829, 287
2026/09/22 21:48:25.496, 0, 12288, 11829, 287
2026/09/22 21:48:25.702, 0, 12288, 11829, 287
2026/09/22 21:48:25.908, 0, 12288, 11829, 287
2026/09/22 21:48:26.114, 0, 12288, 11829, 287
2026/09/22 21:48:26.322, 0, 12288, 11829, 287
2026/09/22 21:48:26.530, 0, 12288, 11829, 287
2026/09/22 21:48:26.738, 0, 12288, 11829, 287
2026/09/22 21:48:26.945, 0, 12288, 11829, 287
2026/09/22 21:48:27.153, 0, 12288, 11829, 287
2026/09/22 21:48:27.360, 0, 12288, 11829, 287
2026/09/22 21:48:27.568, 0, 12288, 11829, 287
2026/09/22 21:48:27.775, 0, 12288, 11829, 287
2026/09/22 21:48:27.982, 0, 12288, 11829, 287
2026/09/22 21:48:28.189, 0, 12288, 11829, 287
2026/09/22 21:48:28.396, 0, 12288, 11829, 287
2026/09/22 21:48:28.601, 0, 12288, 11829, 287
2026/09/22 21:48:28.808, 0, 12288, 11829, 287
2026/09/22 21:48:29.016, 0, 12288, 11829, 287
2026/09/22 21:48:29.224, 0, 12288, 11829, 287
2026/09/22 21:48:29.431, 0, 12288, 11829, 287
2026/09/22 21:48:29.639, 0, 12288, 11829, 287
2026/09/22 21:48:29.847, 0, 12288, 11829, 287
2026/09/22 21:48:30.054, 0, 12288, 11829, 287
2026/09/22 21:48:30.261, 0, 12288, 11829, 287
2026/09/22 21:48:30.469, 0, 12288, 11829, 287
2026/09/22 21:48:30.675, 0, 12288, 11829, 287
2026/09/22 21:48:30.882, 0, 12288, 11829, 287
2026/09/22 21:48:31.090, 0, 12288, 11829, 287
2026/09/22 21:48:31.298, 0, 12288, 11829, 287
2026/09/22 21:48:31.505, 0, 12288, 11829, 287
2026/09/22 21:48:31.712, 0, 12288, 11829, 287
2026/09/22 21:48:31.921, 0, 12288, 11829, 287
2026/09/22 21:48:32.127, 0, 12288, 11829, 287
2026/09/22 21:48:32.335, 0, 12288, 11829, 287
2026/09/22 21:48:32.540, 0, 12288, 11829, 287
2026/09/22 21:48:32.748, 0, 12288, 11829, 287
2026/09/22 21:48:32.954, 0, 12288, 11829, 287
2026/09/22 21:48:33.159, 0, 12288, 11829, 287
2026/09/22 21:48:33.367, 0, 12288, 11829, 287
2026/09/22 21:48:33.574, 0, 12288, 11829, 287
2026/09/22 21:48:33.781, 0, 12288, 11829, 287
2026/09/22 21:48:33.989, 0, 12288, 11829, 287
2026/09/22 21:48:34.196, 0, 12288, 11829, 287
2026/09/22 21:48:34.404, 0, 12288, 11829, 287
2026/09/22 21:48:34.612, 0, 12288, 11829, 287
2026/09/22 21:48:34.819, 0, 12288, 11829, 287
2026/09/22 21:48:35.027, 0, 12288, 11829, 287
2026/09/22 21:48:35.233, 0, 12288, 11829, 287
2026/09/22 21:48:35.439, 0, 12288, 11829, 287
2026/09/22 21:48:35.647, 0, 12288, 11829, 287
2026/09/22 21:48:35.853, 0, 12288, 11829, 287
2026/09/22 21:48:36.061, 0, 12288, 11829, 287
2026/09/22 21:48:36.268, 0, 12288, 11829, 287
2026/09/22 21:48:36.476, 0, 12288, 11829, 287
2026/09/22 21:48:36.683, 0, 12288, 11829, 287
2026/09/22 21:48:36.891, 0, 12288, 11829, 287
2026/09/22 21:48:37.097, 0, 12288, 11829, 287
2026/09/22 21:48:37.305, 0, 12288, 11829, 287
2026/09/22 21:48:37.512, 0, 12288, 11829, 287
2026/09/22 21:48:37.719, 0, 12288, 11829, 287
2026/09/22 21:48:37.922, 0, 12288, 11829, 287
2026/09/22 21:48:38.129, 0, 12288, 11829, 287
2026/09/22 21:48:38.337, 0, 12288, 11829, 287
2026/09/22 21:48:38.545, 0, 12288, 11829, 287
2026/09/22 21:48:38.750, 0, 12288, 11829, 287
2026/09/22 21:48:38.955, 0, 12288, 11829, 287
2026/09/22 21:48:39.160, 0, 12288, 11829, 287
2026/09/22 21:48:39.367, 0, 12288, 11829, 287
2026/09/22 21:48:39.574, 0, 12288, 11829, 287
2026/09/22 21:48:39.781, 0, 12288, 11829, 287
2026/09/22 21:48:39.987, 0, 12288, 11829, 287
2026/09/22 21:48:40.195, 0, 12288, 11829, 287
2026/09/22 21:48:40.401, 0, 12288, 11829, 287
2026/09/22 21:48:40.609, 0, 12288, 11829, 287
2026/09/22 21:48:40.817, 0, 12288, 11829, 287
2026/09/22 21:48:41.025, 0, 12288, 11829, 287
2026/09/22 21:48:41.232, 0, 12288, 11829, 287
2026/09/22 21:48:41.438, 0, 12288, 11829, 287
2026/09/22 21:48:41.645, 0, 12288, 11829, 287
2026/09/22 21:48:41.854, 0, 12288, 11829, 287
2026/09/22 21:48:42.060, 0, 12288, 11829, 287
2026/09/22 21:48:42.268, 0, 12288, 11829, 287
2026/09/22 21:48:42.472, 0, 12288, 11829, 287
2026/09/22 21:48:42.680, 0, 12288, 11829, 287
2026/09/22 21:48:42.884, 0, 12288, 11829, 287
2026/09/22 21:48:43.091, 0, 12288, 11829, 287
2026/09/22 21:48:43.298, 0, 12288, 11829, 287
2026/09/22 21:48:43.503, 0, 12288, 11829, 287
2026/09/22 21:48:43.710, 0, 12288, 11829, 287
2026/09/22 21:48:43.916, 0, 12288, 11829, 287
2026/09/22 21:48:44.123, 0, 12288, 11829, 287
2026/09/22 21:48:44.330, 0, 12288, 11829, 287
2026/09/22 21:48:44.536, 0, 12288, 11829, 287
2026/09/22 21:48:44.744, 0, 12288, 11829, 287
2026/09/22 21:48:44.952, 0, 12288, 11829, 287
2026/09/22 21:48:45.158, 0, 12288, 11829, 287
2026/09/22 21:48:45.363, 0, 12288, 11829, 287
2026/09/22 21:48:45.571, 0, 12288, 11829, 287
2026/09/22 21:48:45.779, 0, 12288, 11829, 287
2026/09/22 21:48:45.987, 0, 12288, 11829, 287
2026/09/22 21:48:46.195, 0, 12288, 11829, 287
2026/09/22 21:48:46.403, 0, 12288, 11829, 287
2026/09/22 21:48:46.610, 0, 12288, 11829, 287
2026/09/22 21:48:46.817, 0, 12288, 11829, 287
2026/09/22 21:48:47.024, 0, 12288, 11829, 287
2026/09/22 21:48:47.230, 0, 12288, 11829, 287
2026/09/22 21:48:47.438, 0, 12288, 11829, 287
2026/09/22 21:48:47.646, 0, 12288, 11829, 287
2026/09/22 21:48:47.854, 0, 12288, 11829, 287
2026/09/22 21:48:48.061, 0, 12288, 11829, 287
2026/09/22 21:48:48.267, 0, 12288, 11829, 287
2026/09/22 21:48:48.475, 0, 12288, 11829, 287
2026/09/22 21:48:48.683, 0, 12288, 11829, 287
2026/09/22 21:48:48.890, 0, 12288, 11829, 287
2026/09/22 21:48:49.096, 0, 12288, 11829, 287
2026/09/22 21:48:49.304, 0, 12288, 11829, 287
2026/09/22 21:48:49.511, 0, 12288, 11829, 287
2026/09/22 21:48:49.718, 0, 12288, 11829, 287
2026/09/22 21:48:49.924, 0, 12288, 11829, 287
2026/09/22 21:48:50.131, 0, 12288, 11829, 287
2026/09/22 21:48:50.339, 0, 12288, 11829, 287
2026/09/22 21:48:50.546, 0, 12288, 11829, 287
2026/09/22 21:48:50.752, 0, 12288, 11829, 287
2026/09/22 21:48:50.959, 0, 12288, 11829, 287
2026/09/22 21:48:51.167, 0, 12288, 11829, 287
2026/09/22 21:48:51.375, 0, 12288, 11829, 287
2026/09/22 21:48:51.581, 0, 12288, 11829, 287
2026/09/22 21:48:51.787, 0, 12288, 11829, 287
2026/09/22 21:48:51.994, 0, 12288, 11829, 287
2026/09/22 21:48:52.201, 0, 12288, 11829, 287
2026/09/22 21:48:52.408, 0, 12288, 11829, 287
2026/09/22 21:48:52.615, 0, 12288, 11829, 287
2026/09/22 21:48:52.823, 0, 12288, 11829, 287
2026/09/22 21:48:53.029, 0, 12288, 11829, 287
2026/09/22 21:48:53.236, 0, 12288, 11829, 287
2026/09/22 21:48:53.444, 0, 12288, 11829, 287
2026/09/22 21:48:53.652, 0, 12288, 11829, 287
2026/09/22 21:48:53.860, 0, 12288, 11829, 287
2026/09/22 21:48:54.067, 0, 12288, 11829, 287
2026/09/22 21:48:54.275, 0, 12288, 11829, 287
2026/09/22 21:48:54.482, 0, 12288, 11829, 287
2026/09/22 21:48:54.690, 0, 12288, 11829, 287
2026/09/22 21:48:54.898, 0, 12288, 11829, 287
2026/09/22 21:48:55.106, 0, 12288, 11829, 287
2026/09/22 21:48:55.313, 0, 12288, 11829, 287
2026/09/22 21:48:55.520, 0, 12288, 11829, 287
2026/09/22 21:48:55.728, 0, 12288, 11829, 287
2026/09/22 21:48:55.935, 0, 12288, 11829, 287
2026/09/22 21:48:56.143, 0, 12288, 11829, 287
2026/09/22 21:48:56.348, 0, 12288, 11829, 287
2026/09/22 21:48:56.555, 0, 12288, 11829, 287
2026/09/22 21:48:56.763, 0, 12288, 11829, 287
2026/09/22 21:48:56.971, 0, 12288, 11829, 287
2026/09/22 21:48:57.179, 0, 12288, 11829, 287
2026/09/22 21:48:57.387, 0, 12288, 11829, 287
2026/09/22 21:48:57.594, 0, 12288, 11829, 287
2026/09/22 21:48:57.801, 0, 12288, 11829, 287
2026/09/22 21:48:58.009, 0, 12288, 11829, 287
2026/09/22 21:48:58.216, 0, 12288, 11829, 287
2026/09/22 21:48:58.423, 0, 12288, 11829, 287
2026/09/22 21:48:58.629, 0, 12288, 11829, 287
2026/09/22 21:48:58.837, 0, 12288, 11829, 287
2026/09/22 21:48:59.045, 0, 12288, 11829, 287
2026/09/22 21:48:59.251, 0, 12288, 11829, 287
2026/09/22 21:48:59.459, 0, 12288, 11829, 287
2026/09/22 21:48:59.666, 0, 12288, 11829, 287
2026/09/22 21:48:59.874, 0, 12288, 11829, 287
2026/09/22 21:49:00.080, 0, 12288, 11829, 287
2026/09/22 21:49:00.287, 0, 12288, 11829, 287
2026/09/22 21:49:00.494, 0, 12288, 11829, 287
2026/09/22 21:49:00.701, 0, 12288, 11829, 287
2026/09/22 21:49:00.909, 0, 12288, 11829, 287
2026/09/22 21:49:01.115, 0, 12288, 11829, 287
2026/09/22 21:49:01.322, 0, 12288, 11829, 287
2026/09/22 21:49:01.530, 0, 12288, 11829, 287
2026/09/22 21:49:01.738, 0, 12288, 11829, 287
2026/09/22 21:49:01.945, 0, 12288, 11829, 287
2026/09/22 21:49:02.153, 0, 12288, 11829, 287
2026/09/22 21:49:02.359, 0, 12288, 11829, 287
2026/09/22 21:49:02.566, 0, 12288, 11829, 287
2026/09/22 21:49:02.774, 0, 12288, 11829, 287
2026/09/22 21:49:02.981, 0, 12288, 11829, 287
2026/09/22 21:49:03.189, 0, 12288, 11829, 287
2026/09/22 21:49:03.395, 0, 12288, 11829, 287
2026/09/22 21:49:03.603, 0, 12288, 11829, 287
2026/09/22 21:49:03.809, 0, 12288, 11829, 287
2026/09/22 21:49:04.016, 0, 12288, 11829, 287
2026/09/22 21:49:04.222, 0, 12288, 11829, 287
2026/09/22 21:49:04.430, 0, 12288, 11829, 287
2026/09/22 21:49:04.637, 0, 12288, 11829, 287
2026/09/22 21:49:04.845, 0, 12288, 11829, 287
2026/09/22 21:49:05.052, 0, 12288, 11829, 287
2026/09/22 21:49:05.260, 0, 12288, 11829, 287
2026/09/22 21:49:05.464, 0, 12288, 11829, 287
2026/09/22 21:49:05.670, 0, 12288, 11829, 287
2026/09/22 21:49:05.878, 0, 12288, 11829, 287
2026/09/22 21:49:06.083, 0, 12288, 11829, 287
2026/09/22 21:49:06.291, 0, 12288, 11829, 287
2026/09/22 21:49:06.499, 0, 12288, 11829, 287
2026/09/22 21:49:06.705, 0, 12288, 11829, 287
2026/09/22 21:49:06.912, 0, 12288, 11829, 287
2026/09/22 21:49:07.120, 0, 12288, 11829, 287
2026/09/22 21:49:07.327, 0, 12288, 11829, 287
2026/09/22 21:49:07.533, 0, 12288, 11829, 287
2026/09/22 21:49:07.740, 0, 12288, 11829, 287
2026/09/22 21:49:07.948, 0, 12288, 11829, 287
2026/09/22 21:49:08.155, 0, 12288, 11829, 287
2026/09/22 21:49:08.362, 0, 12288, 11829, 287
2026/09/22 21:49:08.570, 0, 12288, 11829, 287
2026/09/22 21:49:08.778, 0, 12288, 11829, 287
2026/09/22 21:49:08.985, 0, 12288, 11829, 287
2026/09/22 21:49:09.193, 0, 12288, 11829, 287
2026/09/22 21:49:09.401, 0, 12288, 11829, 287
2026/09/22 21:49:09.609, 0, 12288, 11829, 287
2026/09/22 21:49:09.815, 0, 12288, 11829, 287
2026/09/22 21:49:10.023, 0, 12288, 11829, 287
2026/09/22 21:49:10.232, 0, 12288, 11829, 287
2026/09/22 21:49:10.436, 0, 12288, 11829, 287
2026/09/22 21:49:10.643, 0, 12288, 11829, 287
2026/09/22 21:49:10.850, 0, 12288, 11829, 287
2026/09/22 21:49:11.057, 0, 12288, 11829, 287
2026/09/22 21:49:11.261, 0, 12288, 11829, 287
2026/09/22 21:49:11.467, 0, 12288, 11829, 287
2026/09/22 21:49:11.674, 0, 12288, 11829, 287
2026/09/22 21:49:11.880, 0, 12288, 11829, 287
2026/09/22 21:49:12.088, 0, 12288, 11829, 287
2026/09/22 21:49:12.294, 0, 12288, 11829, 287
2026/09/22 21:49:12.501, 0, 12288, 11829, 287
2026/09/22 21:49:12.709, 0, 12288, 11829, 287
2026/09/22 21:49:12.915, 0, 12288, 11829, 287
2026/09/22 21:49:13.122, 0, 12288, 11829, 287
2026/09/22 21:49:13.330, 0, 12288, 11829, 287
2026/09/22 21:49:13.536, 0, 12288, 11829, 287
2026/09/22 21:49:13.744, 0, 12288, 11829, 287
2026/09/22 21:49:13.951, 0, 12288, 11829, 287
2026/09/22 21:49:14.158, 0, 12288, 11829, 287
2026/09/22 21:49:14.366, 0, 12288, 11829, 287
2026/09/22 21:49:14.574, 0, 12288, 11829, 287
2026/09/22 21:49:14.781, 0, 12288, 11829, 287
2026/09/22 21:49:14.987, 0, 12288, 11829, 287
2026/09/22 21:49:15.193, 0, 12288, 11829, 287
2026/09/22 21:49:15.399, 0, 12288, 11829, 287
2026/09/22 21:49:15.607, 0, 12288, 11829, 287
2026/09/22 21:49:15.815, 0, 12288, 11829, 287
2026/09/22 21:49:16.019, 0, 12288, 11829, 287
2026/09/22 21:49:16.225, 0, 12288, 11829, 287
2026/09/22 21:49:16.433, 0, 12288, 11829, 287
2026/09/22 21:49:16.640, 0, 12288, 11829, 287
2026/09/22 21:49:16.847, 0, 12288, 11829, 287
2026/09/22 21:49:17.053, 0, 12288, 11829, 287
2026/09/22 21:49:17.261, 0, 12288, 11829, 287
2026/09/22 21:49:17.468, 0, 12288, 11829, 287
2026/09/22 21:49:17.675, 0, 12288, 11829, 287
2026/09/22 21:49:17.883, 0, 12288, 11829, 287
2026/09/22 21:49:18.091, 0, 12288, 11829, 287
2026/09/22 21:49:18.298, 0, 12288, 11829, 287
2026/09/22 21:49:18.504, 0, 12288, 11829, 287
2026/09/22 21:49:18.711, 0, 12288, 11829, 287
2026/09/22 21:49:18.919, 0, 12288, 11829, 287
2026/09/22 21:49:19.127, 0, 12288, 11829, 287
2026/09/22 21:49:19.333, 0, 12288, 11829, 287
2026/09/22 21:49:19.541, 0, 12288, 11829, 287
2026/09/22 21:49:19.747, 0, 12288, 11829, 287
2026/09/22 21:49:19.955, 0, 12288, 11829, 287
2026/09/22 21:49:20.161, 0, 12288, 11829, 287
2026/09/22 21:49:20.367, 0, 12288, 11829, 287
2026/09/22 21:49:20.575, 0, 12288, 11829, 287
2026/09/22 21:49:20.784, 0, 12288, 11829, 287
2026/09/22 21:49:20.991, 0, 12288, 11829, 287
2026/09/22 21:49:21.199, 0, 12288, 11829, 287
2026/09/22 21:49:21.406, 0, 12288, 11829, 287
2026/09/22 21:49:21.613, 0, 12288, 11829, 287
2026/09/22 21:49:21.821, 0, 12288, 11829, 287
2026/09/22 21:49:22.028, 0, 12288, 11829, 287
2026/09/22 21:49:22.235, 0, 12288, 11829, 287
2026/09/22 21:49:22.442, 0, 12288, 11829, 287
2026/09/22 21:49:22.650, 0, 12288, 11829, 287
2026/09/22 21:49:22.857, 0, 12288, 11829, 287
2026/09/22 21:49:23.065, 0, 12288, 11829, 287
2026/09/22 21:49:23.273, 0, 12288, 11829, 287
2026/09/22 21:49:23.480, 0, 12288, 11829, 287
2026/09/22 21:49:23.688, 0, 12288, 11829, 287
2026/09/22 21:49:23.896, 0, 12288, 11829, 287
2026/09/22 21:49:24.103, 0, 12288, 11829, 287
2026/09/22 21:49:24.308, 0, 12288, 11829, 287
2026/09/22 21:49:24.514, 0, 12288, 11829, 287
2026/09/22 21:49:24.721, 0, 12288, 11829, 287
2026/09/22 21:49:24.927, 0, 12288, 11829, 287
2026/09/22 21:49:25.135, 0, 12288, 11829, 287
2026/09/22 21:49:25.341, 0, 12288, 11829, 287
2026/09/22 21:49:25.549, 0, 12288, 11829, 287
2026/09/22 21:49:25.757, 0, 12288, 11829, 287
2026/09/22 21:49:25.964, 0, 12288, 11829, 287
2026/09/22 21:49:26.172, 0, 12288, 11829, 287
2026/09/22 21:49:26.380, 0, 12288, 11829, 287
2026/09/22 21:49:26.587, 0, 12288, 11829, 287
2026/09/22 21:49:26.795, 0, 12288, 11829, 287
2026/09/22 21:49:27.003, 0, 12288, 11829, 287
2026/09/22 21:49:27.210, 0, 12288, 11829, 287
2026/09/22 21:49:27.417, 0, 12288, 11829, 287
2026/09/22 21:49:27.625, 0, 12288, 11829, 287
2026/09/22 21:49:27.832, 0, 12288, 11829, 287
2026/09/22 21:49:28.040, 0, 12288, 11829, 287
2026/09/22 21:49:28.248, 0, 12288, 11829, 287
2026/09/22 21:49:28.455, 0, 12288, 11829, 287
2026/09/22 21:49:28.660, 0, 12288, 11829, 287
2026/09/22 21:49:28.866, 0, 12288, 11829, 287
2026/09/22 21:49:29.074, 0, 12288, 11829, 287
2026/09/22 21:49:29.282, 0, 12288, 11829, 287
2026/09/22 21:49:29.489, 0, 12288, 11829, 287
2026/09/22 21:49:29.696, 0, 12288, 11829, 287
2026/09/22 21:49:29.904, 0, 12288, 11829, 287
2026/09/22 21:49:30.111, 0, 12288, 11829, 287
2026/09/22 21:49:30.318, 0, 12288, 11829, 287
2026/09/22 21:49:30.525, 0, 12288, 11829, 287
2026/09/22 21:49:30.732, 0, 12288, 11829, 287
2026/09/22 21:49:30.940, 0, 12288, 11829, 287
2026/09/22 21:49:31.146, 0, 12288, 11829, 287
2026/09/22 21:49:31.353, 0, 12288, 11829, 287
2026/09/22 21:49:31.561, 0, 12288, 11829, 287
2026/09/22 21:49:31.768, 0, 12288, 11829, 287
2026/09/22 21:49:31.973, 0, 12288, 11829, 287
2026/09/22 21:49:32.181, 0, 12288, 11829, 287
2026/09/22 21:49:32.389, 0, 12288, 11829, 287
2026/09/22 21:49:32.596, 0, 12288, 11829, 287
2026/09/22 21:49:32.802, 0, 12288, 11829, 287
2026/09/22 21:49:33.010, 0, 12288, 11829, 287
2026/09/22 21:49:33.218, 0, 12288, 11829, 287
2026/09/22 21:49:33.426, 0, 12288, 11829, 287
2026/09/22 21:49:33.632, 0, 12288, 11829, 287
2026/09/22 21:49:33.839, 0, 12288, 11829, 287
2026/09/22 21:49:34.047, 0, 12288, 11829, 287
2026/09/22 21:49:34.254, 0, 12288, 11829, 287
2026/09/22 21:49:34.461, 0, 12288, 11829, 287
2026/09/22 21:49:34.668, 0, 12288, 11829, 287
2026/09/22 21:49:34.876, 0, 12288, 11829, 287
2026/09/22 21:49:35.083, 0, 12288, 11829, 287
2026/09/22 21:49:35.291, 0, 12288, 11829, 287
2026/09/22 21:49:35.497, 0, 12288, 11829, 287
2026/09/22 21:49:35.705, 0, 12288, 11829, 287
2026/09/22 21:49:35.913, 0, 12288, 11829, 287
2026/09/22 21:49:36.120, 0, 12288, 11829, 287
2026/09/22 21:49:36.328, 0, 12288, 11829, 287
2026/09/22 21:49:36.533, 0, 12288, 11829, 287
2026/09/22 21:49:36.740, 0, 12288, 11829, 287
2026/09/22 21:49:36.947, 0, 12288, 11829, 287
2026/09/22 21:49:37.155, 0, 12288, 11829, 287
2026/09/22 21:49:37.362, 0, 12288, 11829, 287
2026/09/22 21:49:37.569, 0, 12288, 11829, 287
2026/09/22 21:49:37.777, 0, 12288, 11829, 287
2026/09/22 21:49:37.985, 0, 12288, 11829, 287
2026/09/22 21:49:38.191, 0, 12288, 11829, 287
2026/09/22 21:49:38.398, 0, 12288, 11829, 287
2026/09/22 21:49:38.606, 0, 12288, 11829, 287
2026/09/22 21:49:38.814, 0, 12288, 11829, 287
2026/09/22 21:49:39.019, 0, 12288, 11829, 287
2026/09/22 21:49:39.226, 0, 12288, 11829, 287
2026/09/22 21:49:39.432, 0, 12288, 11829, 287
2026/09/22 21:49:39.637, 0, 12288, 11829, 287
2026/09/22 21:49:39.843, 0, 12288, 11829, 287
2026/09/22 21:49:40.049, 0, 12288, 11829, 287
2026/09/22 21:49:40.256, 0, 12288, 11829, 287
2026/09/22 21:49:40.464, 0, 12288, 11829, 287
2026/09/22 21:49:40.672, 0, 12288, 11829, 287
2026/09/22 21:49:40.879, 0, 12288, 11829, 287
2026/09/22 21:49:41.086, 0, 12288, 11829, 287
2026/09/22 21:49:41.294, 0, 12288, 11829, 287
2026/09/22 21:49:41.501, 0, 12288, 11829, 287
2026/09/22 21:49:41.709, 0, 12288, 11829, 287
2026/09/22 21:49:41.917, 0, 12288, 11829, 287
2026/09/22 21:49:42.125, 0, 12288, 11829, 287
2026/09/22 21:49:42.332, 0, 12288, 11829, 287
2026/09/22 21:49:42.540, 0, 12288, 11829, 287
2026/09/22 21:49:42.748, 0, 12288, 11829, 287
2026/09/22 21:49:42.955, 0, 12288, 11829, 287
2026/09/22 21:49:43.162, 0, 12288, 11829, 287
2026/09/22 21:49:43.369, 0, 12288, 11829, 287
2026/09/22 21:49:43.576, 0, 12288, 11829, 287
2026/09/22 21:49:43.784, 0, 12288, 11829, 287
2026/09/22 21:49:43.992, 0, 12288, 11829, 287
2026/09/22 21:49:44.200, 0, 12288, 11829, 287
2026/09/22 21:49:44.407, 0, 12288, 11829, 287
2026/09/22 21:49:44.615, 0, 12288, 11829, 287
2026/09/22 21:49:44.821, 0, 12288, 11829, 287
2026/09/22 21:49:45.029, 0, 12288, 11829, 287
2026/09/22 21:49:45.237, 0, 12288, 11829, 287
2026/09/22 21:49:45.443, 0, 12288, 11829, 287
2026/09/22 21:49:45.650, 0, 12288, 11829, 287
2026/09/22 21:49:45.856, 0, 12288, 11829, 287
2026/09/22 21:49:46.064, 0, 12288, 11829, 287
2026/09/22 21:49:46.272, 0, 12288, 11829, 287
2026/09/22 21:49:46.479, 0, 12288, 11829, 287
2026/09/22 21:49:46.685, 0, 12288, 11829, 287
2026/09/22 21:49:46.893, 0, 12288, 11829, 287
2026/09/22 21:49:47.100, 0, 12288, 11829, 287
2026/09/22 21:49:47.308, 0, 12288, 11829, 287
2026/09/22 21:49:47.512, 0, 12288, 11829, 287
2026/09/22 21:49:47.720, 0, 12288, 11829, 287
2026/09/22 21:49:47.927, 0, 12288, 11829, 287
2026/09/22 21:49:48.134, 0, 12288, 11829, 287
2026/09/22 21:49:48.342, 0, 12288, 11829, 287
2026/09/22 21:49:48.550, 0, 12288, 11829, 287
2026/09/22 21:49:48.758, 0, 12288, 11829, 287
2026/09/22 21:49:48.965, 0, 12288, 11829, 287
2026/09/22 21:49:49.172, 0, 12288, 11829, 287
2026/09/22 21:49:49.380, 0, 12288, 11829, 287
2026/09/22 21:49:49.588, 0, 12288, 11829, 287
2026/09/22 21:49:49.795, 0, 12288, 11829, 287
2026/09/22 21:49:50.003, 0, 12288, 11829, 287
2026/09/22 21:49:50.210, 0, 12288, 11829, 287
2026/09/22 21:49:50.418, 0, 12288, 11829, 287
2026/09/22 21:49:50.626, 0, 12288, 11829, 287
2026/09/22 21:49:50.833, 0, 12288, 11829, 287
2026/09/22 21:49:51.040, 0, 12288, 11829, 287
2026/09/22 21:49:51.248, 0, 12288, 11829, 287
2026/09/22 21:49:51.456, 0, 12288, 11829, 287
2026/09/22 21:49:51.663, 0, 12288, 11829, 287
2026/09/22 21:49:51.871, 0, 12288, 11829, 287
2026/09/22 21:49:52.078, 0, 12288, 11829, 287
2026/09/22 21:49:52.283, 0, 12288, 11829, 287
2026/09/22 21:49:52.490, 0, 12288, 11829, 287
2026/09/22 21:49:52.698, 0, 12288, 11829, 287
2026/09/22 21:49:52.905, 0, 12288, 11829, 287
2026/09/22 21:49:53.112, 0, 12288, 11829, 287
2026/09/22 21:49:53.318, 0, 12288, 11829, 287
2026/09/22 21:49:53.526, 0, 12288, 11829, 287
2026/09/22 21:49:53.733, 0, 12288, 11829, 287
2026/09/22 21:49:53.940, 0, 12288, 11829, 287
2026/09/22 21:49:54.144, 0, 12288, 11829, 287
2026/09/22 21:49:54.349, 0, 12288, 11829, 287
2026/09/22 21:49:54.556, 0, 12288, 11829, 287
2026/09/22 21:49:54.764, 0, 12288, 11829, 287
2026/09/22 21:49:54.970, 0, 12288, 11829, 287
2026/09/22 21:49:55.176, 0, 12288, 11829, 287
2026/09/22 21:49:55.382, 0, 12288, 11829, 287
2026/09/22 21:49:55.590, 0, 12288, 11829, 287
2026/09/22 21:49:55.798, 0, 12288, 11829, 287
2026/09/22 21:49:56.001, 0, 12288, 11829, 287
2026/09/22 21:49:56.209, 0, 12288, 11829, 287
2026/09/22 21:49:56.417, 0, 12288, 11829, 287
2026/09/22 21:49:56.624, 0, 12288, 11829, 287
2026/09/22 21:49:56.830, 0, 12288, 11829, 287
2026/09/22 21:49:57.034, 0, 12288, 11829, 287
2026/09/22 21:49:57.241, 0, 12288, 11829, 287
2026/09/22 21:49:57.447, 0, 12288, 11829, 287
2026/09/22 21:49:57.653, 0, 12288, 11829, 287
2026/09/22 21:49:57.860, 0, 12288, 11829, 287
2026/09/22 21:49:58.066, 0, 12288, 11829, 287
2026/09/22 21:49:58.274, 0, 12288, 11829, 287
2026/09/22 21:49:58.482, 0, 12288, 11829, 287
2026/09/22 21:49:58.689, 0, 12288, 11829, 287
2026/09/22 21:49:58.896, 0, 12288, 11829, 287
2026/09/22 21:49:59.102, 0, 12288, 11829, 287
2026/09/22 21:49:59.310, 0, 12288, 11829, 287
2026/09/22 21:49:59.517, 0, 12288, 11829, 287
2026/09/22 21:49:59.724, 0, 12288, 11829, 287
2026/09/22 21:49:59.932, 0, 12288, 11829, 287
2026/09/22 21:50:00.139, 0, 12288, 11829, 287
2026/09/22 21:50:00.346, 0, 12288, 11829, 287
2026/09/22 21:50:00.553, 0, 12288, 11829, 287
2026/09/22 21:50:00.761, 0, 12288, 11829, 287
2026/09/22 21:50:00.969, 0, 12288, 11829, 287
2026/09/22 21:50:01.173, 0, 12288, 11829, 287
2026/09/22 21:50:01.378, 0, 12288, 11829, 287
2026/09/22 21:50:01.586, 0, 12288, 11829, 287
2026/09/22 21:50:01.793, 0, 12288, 11829, 287
2026/09/22 21:50:02.001, 0, 12288, 11829, 287
2026/09/22 21:50:02.209, 0, 12288, 11829, 287
2026/09/22 21:50:02.417, 0, 12288, 11829, 287
2026/09/22 21:50:02.624, 0, 12288, 11829, 287
2026/09/22 21:50:02.831, 0, 12288, 11829, 287
2026/09/22 21:50:03.039, 0, 12288, 11829, 287
2026/09/22 21:50:03.247, 0, 12288, 11829, 287
2026/09/22 21:50:03.454, 0, 12288, 11829, 287
2026/09/22 21:50:03.661, 0, 12288, 11829, 287
2026/09/22 21:50:03.868, 0, 12288, 11829, 287
2026/09/22 21:50:04.076, 0, 12288, 11829, 287
2026/09/22 21:50:04.282, 0, 12288, 11829, 287
2026/09/22 21:50:04.487, 0, 12288, 11829, 287
2026/09/22 21:50:04.694, 0, 12288, 11829, 287
2026/09/22 21:50:04.901, 0, 12288, 11829, 287
2026/09/22 21:50:05.109, 0, 12288, 11829, 287
2026/09/22 21:50:05.315, 0, 12288, 11829, 287
2026/09/22 21:50:05.522, 0, 12288, 11829, 287
2026/09/22 21:50:05.729, 0, 12288, 11829, 287
2026/09/22 21:50:05.936, 0, 12288, 11829, 287
2026/09/22 21:50:06.142, 0, 12288, 11829, 287
2026/09/22 21:50:06.349, 0, 12288, 11829, 287
2026/09/22 21:50:06.556, 0, 12288, 11829, 287
2026/09/22 21:50:06.763, 0, 12288, 11829, 287
2026/09/22 21:50:06.971, 0, 12288, 11829, 287
2026/09/22 21:50:07.178, 0, 12288, 11829, 287
2026/09/22 21:50:07.386, 0, 12288, 11829, 287
2026/09/22 21:50:07.593, 0, 12288, 11829, 287
2026/09/22 21:50:07.798, 0, 12288, 11829, 287
2026/09/22 21:50:08.005, 0, 12288, 11829, 287
2026/09/22 21:50:08.213, 0, 12288, 11829, 287
2026/09/22 21:50:08.421, 0, 12288, 11829, 287
2026/09/22 21:50:08.628, 0, 12288, 11829, 287
2026/09/22 21:50:08.834, 0, 12288, 11829, 287
2026/09/22 21:50:09.041, 0, 12288, 11829, 287
2026/09/22 21:50:09.249, 0, 12288, 11829, 287
2026/09/22 21:50:09.457, 0, 12288, 11829, 287
2026/09/22 21:50:09.664, 0, 12288, 11829, 287
2026/09/22 21:50:09.871, 0, 12288, 11829, 287
2026/09/22 21:50:10.079, 0, 12288, 11829, 287
2026/09/22 21:50:10.286, 0, 12288, 11829, 287
2026/09/22 21:50:10.494, 0, 12288, 11829, 287
2026/09/22 21:50:10.699, 0, 12288, 11829, 287
2026/09/22 21:50:10.905, 0, 12288, 11829, 287
2026/09/22 21:50:11.111, 0, 12288, 11829, 287
2026/09/22 21:50:11.317, 0, 12288, 11829, 287
2026/09/22 21:50:11.523, 0, 12288, 11829, 287
2026/09/22 21:50:11.730, 0, 12288, 11829, 287
2026/09/22 21:50:11.936, 0, 12288, 11829, 287
2026/09/22 21:50:12.143, 0, 12288, 11829, 287
2026/09/22 21:50:12.350, 0, 12288, 11829, 287
2026/09/22 21:50:12.558, 0, 12288, 11829, 287
2026/09/22 21:50:12.766, 0, 12288, 11829, 287
2026/09/22 21:50:12.970, 0, 12288, 11829, 287
2026/09/22 21:50:13.178, 0, 12288, 11829, 287
2026/09/22 21:50:13.386, 0, 12288, 11829, 287
2026/09/22 21:50:13.593, 0, 12288, 11829, 287
2026/09/22 21:50:13.799, 0, 12288, 11829, 287
2026/09/22 21:50:14.007, 0, 12288, 11829, 287
2026/09/22 21:50:14.215, 0, 12288, 11829, 287
2026/09/22 21:50:14.422, 0, 12288, 11829, 287
2026/09/22 21:50:14.630, 0, 12288, 11829, 287
2026/09/22 21:50:14.837, 0, 12288, 11829, 287
2026/09/22 21:50:15.045, 0, 12288, 11829, 287
2026/09/22 21:50:15.249, 0, 12288, 11829, 287
2026/09/22 21:50:15.456, 0, 12288, 11829, 287
2026/09/22 21:50:15.664, 0, 12288, 11829, 287
2026/09/22 21:50:15.871, 0, 12288, 11829, 287
2026/09/22 21:50:16.079, 0, 12288, 11829, 287
2026/09/22 21:50:16.286, 0, 12288, 11829, 287
2026/09/22 21:50:16.493, 0, 12288, 11829, 287
2026/09/22 21:50:16.701, 0, 12288, 11829, 287
2026/09/22 21:50:16.908, 0, 12288, 11829, 287
2026/09/22 21:50:17.112, 0, 12288, 11829, 287
2026/09/22 21:50:17.320, 0, 12288, 11829, 287
2026/09/22 21:50:17.527, 0, 12288, 11829, 287
2026/09/22 21:50:17.735, 0, 12288, 11829, 287
2026/09/22 21:50:17.943, 0, 12288, 11829, 287
2026/09/22 21:50:18.149, 0, 12288, 11829, 287
2026/09/22 21:50:18.357, 0, 12288, 11829, 287
2026/09/22 21:50:18.564, 0, 12288, 11829, 287
2026/09/22 21:50:18.772, 0, 12288, 11829, 287
2026/09/22 21:50:18.979, 0, 12288, 11829, 287
2026/09/22 21:50:19.187, 0, 12288, 11829, 287
2026/09/22 21:50:19.394, 0, 12288, 11829, 287
2026/09/22 21:50:19.602, 0, 12288, 11829, 287
2026/09/22 21:50:19.810, 0, 12288, 11829, 287
2026/09/22 21:50:20.016, 0, 12288, 11829, 287
2026/09/22 21:50:20.221, 0, 12288, 11829, 287
2026/09/22 21:50:20.428, 0, 12288, 11829, 287
2026/09/22 21:50:20.635, 0, 12288, 11829, 287
2026/09/22 21:50:20.843, 0, 12288, 11829, 287
2026/09/22 21:50:21.049, 0, 12288, 11829, 287
2026/09/22 21:50:21.255, 0, 12288, 11829, 287
2026/09/22 21:50:21.462, 0, 12288, 11829, 287
2026/09/22 21:50:21.669, 0, 12288, 11829, 287
2026/09/22 21:50:21.877, 0, 12288, 11829, 287
2026/09/22 21:50:22.085, 0, 12288, 11829, 287
2026/09/22 21:50:22.289, 0, 12288, 11829, 287
2026/09/22 21:50:22.496, 0, 12288, 11829, 287
2026/09/22 21:50:22.703, 0, 12288, 11829, 287
2026/09/22 21:50:22.910, 0, 12288, 11829, 287
2026/09/22 21:50:23.115, 0, 12288, 11829, 287
2026/09/22 21:50:23.323, 0, 12288, 11829, 287
2026/09/22 21:50:23.530, 0, 12288, 11829, 287
2026/09/22 21:50:23.737, 0, 12288, 11829, 287
2026/09/22 21:50:23.945, 0, 12288, 11829, 287
2026/09/22 21:50:24.153, 0, 12288, 11829, 287
2026/09/22 21:50:24.360, 0, 12288, 11829, 287
2026/09/22 21:50:24.568, 0, 12288, 11829, 287
2026/09/22 21:50:24.773, 0, 12288, 11829, 287
2026/09/22 21:50:24.981, 0, 12288, 11829, 287
2026/09/22 21:50:25.189, 0, 12288, 11829, 287
2026/09/22 21:50:25.396, 0, 12288, 11829, 287
2026/09/22 21:50:25.604, 0, 12288, 11829, 287
2026/09/22 21:50:25.810, 0, 12288, 11829, 287
2026/09/22 21:50:26.017, 0, 12288, 11829, 287
2026/09/22 21:50:26.224, 0, 12288, 11829, 287
2026/09/22 21:50:26.432, 0, 12288, 11829, 287
2026/09/22 21:50:26.640, 0, 12288, 11829, 287
2026/09/22 21:50:26.847, 0, 12288, 11829, 287
2026/09/22 21:50:27.054, 0, 12288, 11829, 287
2026/09/22 21:50:27.262, 0, 12288, 11829, 287
2026/09/22 21:50:27.470, 0, 12288, 11829, 287
2026/09/22 21:50:27.674, 0, 12288, 11829, 287
2026/09/22 21:50:27.878, 0, 12288, 11829, 287
2026/09/22 21:50:28.085, 0, 12288, 11829, 287
2026/09/22 21:50:28.293, 0, 12288, 11829, 287
2026/09/22 21:50:28.500, 0, 12288, 11829, 287
2026/09/22 21:50:28.708, 0, 12288, 11829, 287
2026/09/22 21:50:28.915, 0, 12288, 11829, 287
2026/09/22 21:50:29.122, 0, 12288, 11829, 287
2026/09/22 21:50:29.328, 0, 12288, 11829, 287
2026/09/22 21:50:29.536, 0, 12288, 11829, 287
2026/09/22 21:50:29.744, 0, 12288, 11829, 287
2026/09/22 21:50:29.951, 0, 12288, 11829, 287
2026/09/22 21:50:30.159, 0, 12288, 11829, 287
2026/09/22 21:50:30.367, 0, 12288, 11829, 287
2026/09/22 21:50:30.575, 0, 12288, 11829, 287
2026/09/22 21:50:30.782, 0, 12288, 11829, 287
2026/09/22 21:50:30.988, 0, 12288, 11829, 287
2026/09/22 21:50:31.193, 0, 12288, 11829, 287
2026/09/22 21:50:31.401, 0, 12288, 11829, 287
2026/09/22 21:50:31.608, 0, 12288, 11829, 287
2026/09/22 21:50:31.815, 0, 12288, 11829, 287
2026/09/22 21:50:32.021, 0, 12288, 11829, 287
2026/09/22 21:50:32.228, 0, 12288, 11829, 287
2026/09/22 21:50:32.436, 0, 12288, 11829, 287
2026/09/22 21:50:32.641, 0, 12288, 11829, 287
2026/09/22 21:50:32.849, 0, 12288, 11829, 287
2026/09/22 21:50:33.056, 0, 12288, 11829, 287
2026/09/22 21:50:33.264, 0, 12288, 11829, 287
2026/09/22 21:50:33.471, 0, 12288, 11829, 287
2026/09/22 21:50:33.678, 0, 12288, 11829, 287
2026/09/22 21:50:33.884, 0, 12288, 11829, 287
2026/09/22 21:50:34.091, 0, 12288, 11829, 287
2026/09/22 21:50:34.298, 0, 12288, 11829, 287
2026/09/22 21:50:34.506, 0, 12288, 11829, 287
2026/09/22 21:50:34.714, 0, 12288, 11829, 287
2026/09/22 21:50:34.922, 0, 12288, 11829, 287
2026/09/22 21:50:35.129, 0, 12288, 11829, 287
2026/09/22 21:50:35.337, 0, 12288, 11829, 287
2026/09/22 21:50:35.544, 0, 12288, 11829, 287
2026/09/22 21:50:35.752, 0, 12288, 11829, 287
2026/09/22 21:50:35.959, 0, 12288, 11829, 287
2026/09/22 21:50:36.165, 0, 12288, 11829, 287
2026/09/22 21:50:36.373, 0, 12288, 11829, 287
2026/09/22 21:50:36.580, 0, 12288, 11829, 287
2026/09/22 21:50:36.788, 0, 12288, 11829, 287
2026/09/22 21:50:36.995, 0, 12288, 11829, 287
2026/09/22 21:50:37.203, 0, 12288, 11829, 287
2026/09/22 21:50:37.409, 0, 12288, 11829, 287
2026/09/22 21:50:37.616, 0, 12288, 11829, 287
2026/09/22 21:50:37.823, 0, 12288, 11829, 287
2026/09/22 21:50:38.030, 0, 12288, 11829, 287
2026/09/22 21:50:38.237, 0, 12288, 11829, 287
2026/09/22 21:50:38.444, 0, 12288, 11829, 287
2026/09/22 21:50:38.652, 0, 12288, 11829, 287
2026/09/22 21:50:38.860, 0, 12288, 11829, 287
2026/09/22 21:50:39.068, 0, 12288, 11829, 287
2026/09/22 21:50:39.275, 0, 12288, 11829, 287
2026/09/22 21:50:39.482, 0, 12288, 11829, 287
2026/09/22 21:50:39.688, 0, 12288, 11829, 287
2026/09/22 21:50:39.895, 0, 12288, 11829, 287
2026/09/22 21:50:40.102, 0, 12288, 11829, 287
2026/09/22 21:50:40.310, 0, 12288, 11829, 287
2026/09/22 21:50:40.518, 0, 12288, 11829, 287
2026/09/22 21:50:40.721, 0, 12288, 11829, 287
2026/09/22 21:50:40.928, 0, 12288, 11829, 287
2026/09/22 21:50:41.136, 0, 12288, 11829, 287
2026/09/22 21:50:41.344, 0, 12288, 11829, 287
2026/09/22 21:50:41.550, 0, 12288, 11829, 287
2026/09/22 21:50:41.757, 0, 12288, 11829, 287
2026/09/22 21:50:41.963, 0, 12288, 11829, 287
2026/09/22 21:50:42.171, 0, 12288, 11829, 287
2026/09/22 21:50:42.379, 0, 12288, 11829, 287
2026/09/22 21:50:42.586, 0, 12288, 11829, 287
2026/09/22 21:50:42.793, 0, 12288, 11829, 287
2026/09/22 21:50:43.001, 0, 12288, 11829, 287
2026/09/22 21:50:43.208, 0, 12288, 11829, 287
2026/09/22 21:50:43.416, 0, 12288, 11829, 287
2026/09/22 21:50:43.623, 0, 12288, 11829, 287
2026/09/22 21:50:43.831, 0, 12288, 11829, 287
2026/09/22 21:50:44.039, 0, 12288, 11829, 287
2026/09/22 21:50:44.247, 0, 12288, 11829, 287
2026/09/22 21:50:44.453, 0, 12288, 11829, 287
2026/09/22 21:50:44.658, 0, 12288, 11829, 287
2026/09/22 21:50:44.866, 0, 12288, 11829, 287
2026/09/22 21:50:45.073, 0, 12288, 11829, 287
2026/09/22 21:50:45.280, 0, 12288, 11829, 287
2026/09/22 21:50:45.487, 0, 12288, 11829, 287
2026/09/22 21:50:45.695, 0, 12288, 11829, 287
2026/09/22 21:50:45.903, 0, 12288, 11829, 287
2026/09/22 21:50:46.110, 0, 12288, 11829, 287
2026/09/22 21:50:46.316, 0, 12288, 11829, 287
2026/09/22 21:50:46.523, 0, 12288, 11829, 287
2026/09/22 21:50:46.729, 0, 12288, 11829, 287
2026/09/22 21:50:46.936, 0, 12288, 11829, 287
2026/09/22 21:50:47.143, 0, 12288, 11829, 287
2026/09/22 21:50:47.349, 0, 12288, 11829, 287
2026/09/22 21:50:47.556, 0, 12288, 11829, 287
2026/09/22 21:50:47.763, 0, 12288, 11829, 287
2026/09/22 21:50:47.970, 0, 12288, 11829, 287
2026/09/22 21:50:48.178, 0, 12288, 11829, 287
2026/09/22 21:50:48.386, 0, 12288, 11829, 287
2026/09/22 21:50:48.593, 0, 12288, 11829, 287
2026/09/22 21:50:48.801, 0, 12288, 11829, 287
2026/09/22 21:50:49.007, 0, 12288, 11829, 287
2026/09/22 21:50:49.214, 0, 12288, 11829, 287
2026/09/22 21:50:49.422, 0, 12288, 11829, 287
2026/09/22 21:50:49.630, 0, 12288, 11829, 287
2026/09/22 21:50:49.837, 0, 12288, 11829, 287
2026/09/22 21:50:50.041, 0, 12288, 11829, 287
2026/09/22 21:50:50.249, 0, 12288, 11829, 287
2026/09/22 21:50:50.455, 0, 12288, 11829, 287
2026/09/22 21:50:50.660, 0, 12288, 11829, 287
2026/09/22 21:50:50.866, 0, 12288, 11829, 287
2026/09/22 21:50:51.073, 0, 12288, 11829, 287
2026/09/22 21:50:51.281, 0, 12288, 11829, 287
2026/09/22 21:50:51.487, 0, 12288, 11829, 287
2026/09/22 21:50:51.695, 0, 12288, 11829, 287
2026/09/22 21:50:51.903, 0, 12288, 11829, 287
2026/09/22 21:50:52.108, 0, 12288, 11829, 287
2026/09/22 21:50:52.314, 0, 12288, 11829, 287
2026/09/22 21:50:52.521, 0, 12288, 11829, 287
2026/09/22 21:50:52.726, 0, 12288, 11829, 287
2026/09/22 21:50:52.933, 0, 12288, 11829, 287
2026/09/22 21:50:53.139, 0, 12288, 11829, 287
2026/09/22 21:50:53.346, 0, 12288, 11829, 287
2026/09/22 21:50:53.552, 0, 12288, 11829, 287
2026/09/22 21:50:53.757, 0, 12288, 11829, 287
2026/09/22 21:50:53.965, 0, 12288, 11829, 287
2026/09/22 21:50:54.172, 0, 12288, 11829, 287
2026/09/22 21:50:54.380, 0, 12288, 11829, 287
2026/09/22 21:50:54.587, 0, 12288, 11829, 287
2026/09/22 21:50:54.792, 0, 12288, 11829, 287
2026/09/22 21:50:55.000, 0, 12288, 11829, 287
2026/09/22 21:50:55.206, 0, 12288, 11829, 287
2026/09/22 21:50:55.413, 0, 12288, 11829, 287
2026/09/22 21:50:55.620, 0, 12288, 11829, 287
2026/09/22 21:50:55.828, 0, 12288, 11829, 287
2026/09/22 21:50:56.034, 0, 12288, 11829, 287
2026/09/22 21:50:56.242, 0, 12288, 11829, 287
2026/09/22 21:50:56.450, 0, 12288, 11829, 287
2026/09/22 21:50:56.657, 0, 12288, 11829, 287
2026/09/22 21:50:56.861, 0, 12288, 11829, 287
2026/09/22 21:50:57.065, 0, 12288, 11829, 287
2026/09/22 21:50:57.273, 0, 12288, 11829, 287
2026/09/22 21:50:57.480, 0, 12288, 11829, 287
2026/09/22 21:50:57.688, 0, 12288, 11829, 287
2026/09/22 21:50:57.896, 0, 12288, 11829, 287
2026/09/22 21:50:58.103, 0, 12288, 11829, 287
2026/09/22 21:50:58.309, 0, 12288, 11829, 287
2026/09/22 21:50:58.517, 0, 12288, 11829, 287
2026/09/22 21:50:58.725, 0, 12288, 11829, 287
2026/09/22 21:50:58.932, 0, 12288, 11829, 287
2026/09/22 21:50:59.141, 0, 12288, 11829, 287
2026/09/22 21:50:59.348, 0, 12288, 11829, 287
2026/09/22 21:50:59.555, 0, 12288, 11829, 287
2026/09/22 21:50:59.763, 0, 12288, 11829, 287
2026/09/22 21:50:59.970, 0, 12288, 11829, 287
2026/09/22 21:51:00.178, 0, 12288, 11829, 287
2026/09/22 21:51:00.386, 0, 12288, 11829, 287
2026/09/22 21:51:00.593, 0, 12288, 11829, 287
2026/09/22 21:51:00.801, 0, 12288, 11829, 287
2026/09/22 21:51:01.008, 0, 12288, 11829, 287
2026/09/22 21:51:01.216, 0, 12288, 11829, 287
2026/09/22 21:51:01.424, 0, 12288, 11829, 287
2026/09/22 21:51:01.630, 0, 12288, 11829, 287
2026/09/22 21:51:01.838, 0, 12288, 11829, 287
2026/09/22 21:51:02.046, 0, 12288, 11829, 287
2026/09/22 21:51:02.253, 0, 12288, 11829, 287
2026/09/22 21:51:02.459, 0, 12288, 11829, 287
2026/09/22 21:51:02.666, 0, 12288, 11829, 287
2026/09/22 21:51:02.872, 0, 12288, 11829, 287
2026/09/22 21:51:03.080, 0, 12288, 11829, 287
2026/09/22 21:51:03.287, 0, 12288, 11829, 287
2026/09/22 21:51:03.494, 0, 12288, 11829, 287
2026/09/22 21:51:03.702, 0, 12288, 11829, 287
2026/09/22 21:51:03.908, 0, 12288, 11829, 287
2026/09/22 21:51:04.111, 0, 12288, 11829, 287
2026/09/22 21:51:04.316, 0, 12288, 11829, 287
2026/09/22 21:51:04.524, 0, 12288, 11829, 287
2026/09/22 21:51:04.731, 0, 12288, 11829, 287
2026/09/22 21:51:04.939, 0, 12288, 11829, 287
2026/09/22 21:51:05.144, 0, 12288, 11829, 287
2026/09/22 21:51:05.350, 0, 12288, 11829, 287
2026/09/22 21:51:05.558, 0, 12288, 11829, 287
2026/09/22 21:51:05.766, 0, 12288, 11829, 287
2026/09/22 21:51:05.974, 0, 12288, 11829, 287
2026/09/22 21:51:06.181, 0, 12288, 11829, 287
2026/09/22 21:51:06.388, 0, 12288, 11829, 287
2026/09/22 21:51:06.596, 0, 12288, 11829, 287
2026/09/22 21:51:06.804, 0, 12288, 11829, 287
2026/09/22 21:51:07.011, 0, 12288, 11829, 287
2026/09/22 21:51:07.218, 0, 12288, 11829, 287
2026/09/22 21:51:07.424, 0, 12288, 11829, 287
2026/09/22 21:51:07.626, 0, 12288, 11829, 287
2026/09/22 21:51:07.832, 0, 12288, 11829, 287
2026/09/22 21:51:08.040, 0, 12288, 11829, 287
2026/09/22 21:51:08.248, 0, 12288, 11829, 287
2026/09/22 21:51:08.455, 0, 12288, 11829, 287
2026/09/22 21:51:08.663, 0, 12288, 11829, 287
2026/09/22 21:51:08.871, 0, 12288, 11829, 287
2026/09/22 21:51:09.079, 0, 12288, 11829, 287
2026/09/22 21:51:09.283, 0, 12288, 11829, 287
2026/09/22 21:51:09.488, 0, 12288, 11829, 287
2026/09/22 21:51:09.695, 0, 12288, 11829, 287
2026/09/22 21:51:09.900, 0, 12288, 11829, 287
2026/09/22 21:51:10.108, 0, 12288, 11829, 287
2026/09/22 21:51:10.315, 0, 12288, 11829, 287
2026/09/22 21:51:10.523, 0, 12288, 11829, 287
2026/09/22 21:51:10.730, 0, 12288, 11829, 287
2026/09/22 21:51:10.937, 0, 12288, 11829, 287
2026/09/22 21:51:11.145, 0, 12288, 11829, 287
2026/09/22 21:51:11.353, 0, 12288, 11829, 287
2026/09/22 21:51:11.561, 0, 12288, 11829, 287
2026/09/22 21:51:11.768, 0, 12288, 11829, 287
2026/09/22 21:51:11.976, 0, 12288, 11829, 287
2026/09/22 21:51:12.182, 0, 12288, 11829, 287
2026/09/22 21:51:12.390, 0, 12288, 11829, 287
2026/09/22 21:51:12.598, 0, 12288, 11829, 287
2026/09/22 21:51:12.806, 0, 12288, 11829, 287
2026/09/22 21:51:13.013, 0, 12288, 11829, 287
2026/09/22 21:51:13.220, 0, 12288, 11829, 287
2026/09/22 21:51:13.427, 0, 12288, 11829, 287
2026/09/22 21:51:13.632, 0, 12288, 11829, 287
2026/09/22 21:51:13.840, 0, 12288, 11829, 287
2026/09/22 21:51:14.047, 0, 12288, 11829, 287
2026/09/22 21:51:14.253, 0, 12288, 11829, 287
2026/09/22 21:51:14.460, 0, 12288, 11829, 287
2026/09/22 21:51:14.668, 0, 12288, 11829, 287
2026/09/22 21:51:14.876, 0, 12288, 11829, 287
2026/09/22 21:51:15.082, 0, 12288, 11829, 287
2026/09/22 21:51:15.288, 0, 12288, 11829, 287
2026/09/22 21:51:15.494, 0, 12288, 11829, 287
2026/09/22 21:51:15.701, 0, 12288, 11829, 287
2026/09/22 21:51:15.907, 0, 12288, 11829, 287
2026/09/22 21:51:16.115, 0, 12288, 11829, 287
2026/09/22 21:51:16.322, 0, 12288, 11829, 287
2026/09/22 21:51:16.530, 0, 12288, 11829, 287
2026/09/22 21:51:16.738, 0, 12288, 11829, 287
2026/09/22 21:51:16.944, 0, 12288, 11829, 287
2026/09/22 21:51:17.151, 0, 12288, 11829, 287
2026/09/22 21:51:17.358, 0, 12288, 11829, 287
2026/09/22 21:51:17.566, 0, 12288, 11829, 287
2026/09/22 21:51:17.773, 0, 12288, 11829, 287
2026/09/22 21:51:17.981, 0, 12288, 11829, 287
2026/09/22 21:51:18.188, 0, 12288, 11829, 287
2026/09/22 21:51:18.393, 0, 12288, 11829, 287
2026/09/22 21:51:18.600, 0, 12288, 11829, 287
2026/09/22 21:51:18.807, 0, 12288, 11829, 287
2026/09/22 21:51:19.015, 0, 12288, 11829, 287
2026/09/22 21:51:19.223, 0, 12288, 11829, 287
2026/09/22 21:51:19.429, 0, 12288, 11829, 287
2026/09/22 21:51:19.637, 0, 12288, 11829, 287
2026/09/22 21:51:19.845, 0, 12288, 11829, 287
2026/09/22 21:51:20.048, 0, 12288, 11829, 287
2026/09/22 21:51:20.253, 0, 12288, 11829, 287
2026/09/22 21:51:20.460, 0, 12288, 11829, 287
2026/09/22 21:51:20.668, 0, 12288, 11829, 287
2026/09/22 21:51:20.876, 0, 12288, 11829, 287
2026/09/22 21:51:21.080, 0, 12288, 11829, 287
2026/09/22 21:51:21.288, 0, 12288, 11829, 287
2026/09/22 21:51:21.493, 0, 12288, 11829, 287
2026/09/22 21:51:21.701, 0, 12288, 11829, 287
2026/09/22 21:51:21.908, 0, 12288, 11829, 287
2026/09/22 21:51:22.111, 0, 12288, 11829, 287
2026/09/22 21:51:22.318, 0, 12288, 11829, 287
2026/09/22 21:51:22.524, 0, 12288, 11829, 287
2026/09/22 21:51:22.731, 0, 12288, 11829, 287
2026/09/22 21:51:22.939, 0, 12288, 11829, 287
2026/09/22 21:51:23.142, 0, 12288, 11829, 287
2026/09/22 21:51:23.349, 0, 12288, 11829, 287
2026/09/22 21:51:23.556, 0, 12288, 11829, 287
2026/09/22 21:51:23.764, 0, 12288, 11829, 287
2026/09/22 21:51:23.969, 0, 12288, 11829, 287
2026/09/22 21:51:24.176, 0, 12288, 11829, 287
2026/09/22 21:51:24.383, 0, 12288, 11829, 287
2026/09/22 21:51:24.591, 0, 12288, 11829, 287
2026/09/22 21:51:24.798, 0, 12288, 11829, 287
2026/09/22 21:51:25.002, 0, 12288, 11829, 287
2026/09/22 21:51:25.208, 0, 12288, 11829, 287
2026/09/22 21:51:25.414, 0, 12288, 11829, 287
2026/09/22 21:51:25.622, 0, 12288, 11829, 287
2026/09/22 21:51:25.828, 0, 12288, 11829, 287
2026/09/22 21:51:26.036, 0, 12288, 11829, 287
2026/09/22 21:51:26.241, 0, 12288, 11829, 287
2026/09/22 21:51:26.449, 0, 12288, 11829, 287
2026/09/22 21:51:26.657, 0, 12288, 11829, 287
2026/09/22 21:51:26.864, 0, 12288, 11829, 287
2026/09/22 21:51:27.071, 0, 12288, 11829, 287
2026/09/22 21:51:27.278, 0, 12288, 11829, 287
2026/09/22 21:51:27.485, 0, 12288, 11829, 287
2026/09/22 21:51:27.692, 0, 12288, 11829, 287
2026/09/22 21:51:27.899, 0, 12288, 11829, 287
2026/09/22 21:51:28.106, 0, 12288, 11829, 287
2026/09/22 21:51:28.313, 0, 12288, 11829, 287
2026/09/22 21:51:28.521, 0, 12288, 11829, 287
2026/09/22 21:51:28.728, 0, 12288, 11829, 287
2026/09/22 21:51:28.937, 0, 12288, 11829, 287
2026/09/22 21:51:29.144, 0, 12288, 11829, 287
2026/09/22 21:51:29.352, 0, 12288, 11829, 287
2026/09/22 21:51:29.559, 0, 12288, 11829, 287
2026/09/22 21:51:29.766, 0, 12288, 11829, 287
2026/09/22 21:51:29.972, 0, 12288, 11829, 287
2026/09/22 21:51:30.181, 0, 12288, 11829, 287
2026/09/22 21:51:30.389, 0, 12288, 11829, 287
2026/09/22 21:51:30.596, 0, 12288, 11829, 287
2026/09/22 21:51:30.799, 0, 12288, 11829, 287
2026/09/22 21:51:31.007, 0, 12288, 11829, 287
2026/09/22 21:51:31.215, 0, 12288, 11829, 287
2026/09/22 21:51:31.422, 0, 12288, 11829, 287
2026/09/22 21:51:31.628, 0, 12288, 11829, 287
2026/09/22 21:51:31.836, 0, 12288, 11829, 287
2026/09/22 21:51:32.043, 0, 12288, 11829, 287
2026/09/22 21:51:32.251, 0, 12288, 11829, 287
2026/09/22 21:51:32.457, 0, 12288, 11829, 287
2026/09/22 21:51:32.664, 0, 12288, 11829, 287
2026/09/22 21:51:32.872, 0, 12288, 11829, 287
2026/09/22 21:51:33.079, 0, 12288, 11829, 287
2026/09/22 21:51:33.286, 0, 12288, 11829, 287
2026/09/22 21:51:33.493, 0, 12288, 11829, 287
2026/09/22 21:51:33.700, 0, 12288, 11829, 287
2026/09/22 21:51:33.908, 0, 12288, 11829, 287
2026/09/22 21:51:34.113, 0, 12288, 11829, 287
2026/09/22 21:51:34.322, 0, 12288, 11829, 287
2026/09/22 21:51:34.528, 0, 12288, 11829, 287
2026/09/22 21:51:34.735, 0, 12288, 11829, 287
2026/09/22 21:51:34.942, 0, 12288, 11829, 287
2026/09/22 21:51:35.149, 0, 12288, 11829, 287
2026/09/22 21:51:35.356, 0, 12288, 11829, 287
2026/09/22 21:51:35.562, 0, 12288, 11829, 287
2026/09/22 21:51:35.768, 0, 12288, 11829, 287
2026/09/22 21:51:35.976, 0, 12288, 11829, 287
2026/09/22 21:51:36.184, 0, 12288, 11829, 287
2026/09/22 21:51:36.391, 0, 12288, 11829, 287
2026/09/22 21:51:36.595, 0, 12288, 11829, 287
2026/09/22 21:51:36.803, 0, 12288, 11829, 287
2026/09/22 21:51:37.010, 0, 12288, 11829, 287
2026/09/22 21:51:37.217, 0, 12288, 11829, 287
2026/09/22 21:51:37.424, 0, 12288, 11829, 287
2026/09/22 21:51:37.631, 0, 12288, 11829, 287
2026/09/22 21:51:37.838, 0, 12288, 11829, 287
2026/09/22 21:51:38.045, 0, 12288, 11829, 287
2026/09/22 21:51:38.252, 0, 12288, 11829, 287
2026/09/22 21:51:38.459, 0, 12288, 11829, 287
2026/09/22 21:51:38.665, 0, 12288, 11829, 287
2026/09/22 21:51:38.873, 0, 12288, 11829, 287
2026/09/22 21:51:39.080, 0, 12288, 11829, 287
2026/09/22 21:51:39.284, 0, 12288, 11829, 287
2026/09/22 21:51:39.491, 0, 12288, 11829, 287
2026/09/22 21:51:39.698, 0, 12288, 11829, 287
2026/09/22 21:51:39.905, 0, 12288, 11829, 287
2026/09/22 21:51:40.109, 0, 12288, 11829, 287
2026/09/22 21:51:40.330, 0, 12288, 11829, 287
2026/09/22 21:51:40.537, 0, 12288, 11829, 287
2026/09/22 21:51:40.745, 0, 12288, 11829, 287
2026/09/22 21:51:40.952, 0, 12288, 11829, 287
2026/09/22 21:51:41.159, 0, 12288, 11829, 287
2026/09/22 21:51:41.367, 0, 12288, 11829, 287
2026/09/22 21:51:41.575, 0, 12288, 11829, 287
2026/09/22 21:51:41.782, 0, 12288, 11829, 287
2026/09/22 21:51:41.989, 0, 12288, 11829, 287
2026/09/22 21:51:42.195, 0, 12288, 11829, 287
2026/09/22 21:51:42.403, 0, 12288, 11829, 287
2026/09/22 21:51:42.609, 0, 12288, 11829, 287
2026/09/22 21:51:42.815, 0, 12288, 11829, 287
2026/09/22 21:51:43.021, 0, 12288, 11829, 287
2026/09/22 21:51:43.229, 0, 12288, 11829, 287
2026/09/22 21:51:43.437, 0, 12288, 11829, 287
2026/09/22 21:51:43.644, 0, 12288, 11829, 287
2026/09/22 21:51:43.852, 0, 12288, 11829, 287
2026/09/22 21:51:44.059, 0, 12288, 11829, 287
2026/09/22 21:51:44.266, 0, 12288, 11829, 287
2026/09/22 21:51:44.471, 0, 12288, 11829, 287
2026/09/22 21:51:44.677, 0, 12288, 11829, 287
2026/09/22 21:51:44.884, 0, 12288, 11829, 287
2026/09/22 21:51:45.092, 0, 12288, 11829, 287
2026/09/22 21:51:45.299, 0, 12288, 11829, 287
2026/09/22 21:51:45.504, 0, 12288, 11829, 287
2026/09/22 21:51:45.712, 0, 12288, 11829, 287
2026/09/22 21:51:45.919, 0, 12288, 11829, 287
2026/09/22 21:51:46.127, 0, 12288, 11829, 287
2026/09/22 21:51:46.333, 0, 12288, 11829, 287
2026/09/22 21:51:46.541, 0, 12288, 11829, 287
2026/09/22 21:51:46.749, 0, 12288, 11829, 287
2026/09/22 21:51:46.956, 0, 12288, 11829, 287
2026/09/22 21:51:47.164, 0, 12288, 11829, 287
2026/09/22 21:51:47.371, 0, 12288, 11829, 287
2026/09/22 21:51:47.576, 0, 12288, 11829, 287
2026/09/22 21:51:47.783, 0, 12288, 11829, 287
2026/09/22 21:51:47.988, 0, 12288, 11829, 287
2026/09/22 21:51:48.196, 0, 12288, 11829, 287
2026/09/22 21:51:48.404, 0, 12288, 11829, 287
2026/09/22 21:51:48.611, 0, 12288, 11829, 287
2026/09/22 21:51:48.818, 0, 12288, 11829, 287
2026/09/22 21:51:49.026, 0, 12288, 11829, 287
2026/09/22 21:51:49.234, 0, 12288, 11829, 287
2026/09/22 21:51:49.439, 0, 12288, 11829, 287
2026/09/22 21:51:49.645, 0, 12288, 11829, 287
2026/09/22 21:51:49.853, 0, 12288, 11829, 287
2026/09/22 21:51:50.060, 0, 12288, 11829, 287
2026/09/22 21:51:50.267, 0, 12288, 11829, 287
2026/09/22 21:51:50.475, 0, 12288, 11829, 287
2026/09/22 21:51:50.683, 0, 12288, 11829, 287
2026/09/22 21:51:50.891, 0, 12288, 11829, 287
2026/09/22 21:51:51.096, 0, 12288, 11829, 287
2026/09/22 21:51:51.304, 0, 12288, 11829, 287
2026/09/22 21:51:51.511, 0, 12288, 11829, 287
2026/09/22 21:51:51.719, 0, 12288, 11829, 287
2026/09/22 21:51:51.925, 0, 12288, 11829, 287
2026/09/22 21:51:52.133, 0, 12288, 11829, 287
2026/09/22 21:51:52.340, 0, 12288, 11829, 287
2026/09/22 21:51:52.548, 0, 12288, 11829, 287
2026/09/22 21:51:52.754, 0, 12288, 11829, 287
2026/09/22 21:51:52.961, 0, 12288, 11829, 287
2026/09/22 21:51:53.169, 0, 12288, 11829, 287
2026/09/22 21:51:53.377, 0, 12288, 11829, 287
2026/09/22 21:51:53.582, 0, 12288, 11829, 287
2026/09/22 21:51:53.788, 0, 12288, 11829, 287
2026/09/22 21:51:53.995, 0, 12288, 11829, 287
2026/09/22 21:51:54.201, 0, 12288, 11829, 287
2026/09/22 21:51:54.407, 0, 12288, 11829, 287
2026/09/22 21:51:54.613, 0, 12288, 11829, 287
2026/09/22 21:51:54.821, 0, 12288, 11829, 287
2026/09/22 21:51:55.027, 0, 12288, 11829, 287
2026/09/22 21:51:55.235, 0, 12288, 11829, 287
2026/09/22 21:51:55.440, 0, 12288, 11829, 287
2026/09/22 21:51:55.644, 0, 12288, 11829, 287
2026/09/22 21:51:55.851, 0, 12288, 11829, 287
2026/09/22 21:51:56.059, 0, 12288, 11829, 287
2026/09/22 21:51:56.265, 0, 12288, 11829, 287
2026/09/22 21:51:56.472, 0, 12288, 11829, 287
2026/09/22 21:51:56.679, 0, 12288, 11829, 287
2026/09/22 21:51:56.887, 0, 12288, 11829, 287
2026/09/22 21:51:57.094, 0, 12288, 11829, 287
2026/09/22 21:51:57.300, 0, 12288, 11829, 287
2026/09/22 21:51:57.508, 0, 12288, 11829, 287
2026/09/22 21:51:57.715, 0, 12288, 11829, 287
2026/09/22 21:51:57.921, 0, 12288, 11829, 287
2026/09/22 21:51:58.128, 0, 12288, 11829, 287
2026/09/22 21:51:58.332, 0, 12288, 11829, 287
2026/09/22 21:51:58.539, 0, 12288, 11829, 287
2026/09/22 21:51:58.743, 0, 12288, 11829, 287
2026/09/22 21:51:58.952, 0, 12288, 11829, 287
2026/09/22 21:51:59.158, 0, 12288, 11829, 287
2026/09/22 21:51:59.365, 0, 12288, 11829, 287
2026/09/22 21:51:59.572, 0, 12288, 11829, 287
2026/09/22 21:51:59.779, 0, 12288, 11829, 287
2026/09/22 21:51:59.987, 0, 12288, 11829, 287
2026/09/22 21:52:00.188, 0, 12288, 11829, 287
2026/09/22 21:52:00.395, 0, 12288, 11829, 287
2026/09/22 21:52:00.603, 0, 12288, 11829, 287
2026/09/22 21:52:00.811, 0, 12288, 11829, 287
2026/09/22 21:52:01.018, 0, 12288, 11829, 287
2026/09/22 21:52:01.224, 0, 12288, 11829, 287
2026/09/22 21:52:01.430, 0, 12288, 11829, 287
2026/09/22 21:52:01.637, 0, 12288, 11829, 287
2026/09/22 21:52:01.845, 0, 12288, 11829, 287
2026/09/22 21:52:02.049, 0, 12288, 11829, 287
2026/09/22 21:52:02.253, 0, 12288, 11829, 287
2026/09/22 21:52:02.459, 0, 12288, 11829, 287
2026/09/22 21:52:02.667, 0, 12288, 11829, 287
2026/09/22 21:52:02.874, 0, 12288, 11829, 287
2026/09/22 21:52:03.080, 0, 12288, 11829, 287
2026/09/22 21:52:03.282, 0, 12288, 11829, 287
2026/09/22 21:52:03.504, 0, 12288, 11829, 287
2026/09/22 21:52:03.713, 0, 12288, 11829, 287
2026/09/22 21:52:03.920, 0, 12288, 11829, 287
2026/09/22 21:52:04.127, 0, 12288, 11829, 287
2026/09/22 21:52:04.335, 0, 12288, 11829, 287
2026/09/22 21:52:04.541, 0, 12288, 11829, 287
2026/09/22 21:52:04.747, 0, 12288, 11829, 287
2026/09/22 21:52:04.954, 0, 12288, 11829, 287
2026/09/22 21:52:05.161, 0, 12288, 11829, 287
2026/09/22 21:52:05.366, 0, 12288, 11829, 287
2026/09/22 21:52:05.572, 0, 12288, 11829, 287
2026/09/22 21:52:05.779, 0, 12288, 11829, 287
2026/09/22 21:52:05.985, 0, 12288, 11829, 287
2026/09/22 21:52:06.191, 0, 12288, 11829, 287
2026/09/22 21:52:06.398, 0, 12288, 11829, 287
2026/09/22 21:52:06.604, 0, 12288, 11829, 287
2026/09/22 21:52:06.812, 0, 12288, 11829, 287
2026/09/22 21:52:07.018, 0, 12288, 11829, 287
2026/09/22 21:52:07.225, 0, 12288, 11829, 287
2026/09/22 21:52:07.433, 0, 12288, 11829, 287
2026/09/22 21:52:07.640, 0, 12288, 11829, 287
2026/09/22 21:52:07.847, 0, 12288, 11829, 287
2026/09/22 21:52:08.050, 0, 12288, 11829, 287
2026/09/22 21:52:08.255, 0, 12288, 11829, 287
2026/09/22 21:52:08.463, 0, 12288, 11829, 287
2026/09/22 21:52:08.671, 0, 12288, 11829, 287
2026/09/22 21:52:08.877, 0, 12288, 11829, 287
2026/09/22 21:52:09.081, 0, 12288, 11829, 287
2026/09/22 21:52:09.286, 0, 12288, 11829, 287
2026/09/22 21:52:09.492, 0, 12288, 11829, 287
2026/09/22 21:52:09.700, 0, 12288, 11829, 287
2026/09/22 21:52:09.907, 0, 12288, 11829, 287
2026/09/22 21:52:10.113, 0, 12288, 11829, 287
2026/09/22 21:52:10.320, 0, 12288, 11829, 287
2026/09/22 21:52:10.527, 0, 12288, 11829, 287
2026/09/22 21:52:10.733, 0, 12288, 11829, 287
2026/09/22 21:52:10.941, 0, 12288, 11829, 287
2026/09/22 21:52:11.148, 0, 12288, 11829, 287
2026/09/22 21:52:11.355, 0, 12288, 11829, 287
2026/09/22 21:52:11.562, 0, 12288, 11829, 287
2026/09/22 21:52:11.769, 0, 12288, 11829, 287
2026/09/22 21:52:11.977, 0, 12288, 11829, 287
2026/09/22 21:52:12.184, 0, 12288, 11829, 287
2026/09/22 21:52:12.390, 0, 12288, 11829, 287
2026/09/22 21:52:12.594, 0, 12288, 11829, 287
2026/09/22 21:52:12.801, 0, 12288, 11829, 287
2026/09/22 21:52:13.007, 0, 12288, 11829, 287
2026/09/22 21:52:13.213, 0, 12288, 11829, 287
2026/09/22 21:52:13.420, 0, 12288, 11829, 287
2026/09/22 21:52:13.627, 0, 12288, 11829, 287
2026/09/22 21:52:13.834, 0, 12288, 11829, 287
2026/09/22 21:52:14.041, 0, 12288, 11829, 287
2026/09/22 21:52:14.249, 0, 12288, 11829, 287
2026/09/22 21:52:14.455, 0, 12288, 11829, 287
2026/09/22 21:52:14.657, 0, 12288, 11829, 287
2026/09/22 21:52:14.864, 0, 12288, 11829, 287
2026/09/22 21:52:15.070, 0, 12288, 11829, 287
2026/09/22 21:52:15.277, 0, 12288, 11829, 287
2026/09/22 21:52:15.484, 0, 12288, 11829, 287
2026/09/22 21:52:15.692, 0, 12288, 11829, 287
2026/09/22 21:52:15.897, 0, 12288, 11829, 287
2026/09/22 21:52:16.104, 0, 12288, 11829, 287
2026/09/22 21:52:16.312, 0, 12288, 11829, 287
2026/09/22 21:52:16.518, 0, 12288, 11829, 287
2026/09/22 21:52:16.726, 0, 12288, 11829, 287
2026/09/22 21:52:16.933, 0, 12288, 11829, 287
2026/09/22 21:52:17.141, 0, 12288, 11829, 287
2026/09/22 21:52:17.346, 0, 12288, 11829, 287
2026/09/22 21:52:17.552, 0, 12288, 11829, 287
2026/09/22 21:52:17.760, 0, 12288, 11829, 287
2026/09/22 21:52:17.967, 0, 12288, 11829, 287
2026/09/22 21:52:18.174, 0, 12288, 11829, 287
2026/09/22 21:52:18.381, 0, 12288, 11829, 287
2026/09/22 21:52:18.589, 0, 12288, 11829, 287
2026/09/22 21:52:18.797, 0, 12288, 11829, 287
2026/09/22 21:52:19.003, 0, 12288, 11829, 287
2026/09/22 21:52:19.210, 0, 12288, 11829, 287
2026/09/22 21:52:19.417, 0, 12288, 11829, 287
2026/09/22 21:52:19.625, 0, 12288, 11829, 287
2026/09/22 21:52:19.830, 0, 12288, 11829, 287
2026/09/22 21:52:20.037, 0, 12288, 11829, 287
2026/09/22 21:52:20.245, 0, 12288, 11829, 287
2026/09/22 21:52:20.452, 0, 12288, 11829, 287
2026/09/22 21:52:20.659, 0, 12288, 11829, 287
2026/09/22 21:52:20.865, 0, 12288, 11829, 287
2026/09/22 21:52:21.072, 0, 12288, 11829, 287
2026/09/22 21:52:21.279, 0, 12288, 11829, 287
2026/09/22 21:52:21.486, 0, 12288, 11829, 287
2026/09/22 21:52:21.692, 0, 12288, 11829, 287
2026/09/22 21:52:21.898, 0, 12288, 11829, 287
2026/09/22 21:52:22.104, 0, 12288, 11829, 287
2026/09/22 21:52:22.310, 0, 12288, 11829, 287
2026/09/22 21:52:22.516, 0, 12288, 11829, 287
2026/09/22 21:52:22.724, 0, 12288, 11829, 287
2026/09/22 21:52:22.931, 0, 12288, 11829, 287
2026/09/22 21:52:23.138, 0, 12288, 11829, 287
2026/09/22 21:52:23.345, 0, 12288, 11829, 287
2026/09/22 21:52:23.551, 0, 12288, 11829, 287
2026/09/22 21:52:23.757, 0, 12288, 11829, 287
2026/09/22 21:52:23.964, 0, 12288, 11829, 287
2026/09/22 21:52:24.171, 0, 12288, 11829, 287
2026/09/22 21:52:24.378, 0, 12288, 11829, 287
2026/09/22 21:52:24.586, 0, 12288, 11829, 287
2026/09/22 21:52:24.793, 0, 12288, 11829, 287
2026/09/22 21:52:25.001, 0, 12288, 11829, 287
2026/09/22 21:52:25.206, 0, 12288, 11829, 287
2026/09/22 21:52:25.413, 0, 12288, 11829, 287
2026/09/22 21:52:25.620, 0, 12288, 11829, 287
2026/09/22 21:52:25.827, 0, 12288, 11829, 287
2026/09/22 21:52:26.033, 0, 12288, 11829, 287
2026/09/22 21:52:26.241, 0, 12288, 11829, 287
2026/09/22 21:52:26.448, 0, 12288, 11829, 287
2026/09/22 21:52:26.653, 0, 12288, 11829, 287
2026/09/22 21:52:26.860, 0, 12288, 11829, 287
2026/09/22 21:52:27.065, 0, 12288, 11829, 287
2026/09/22 21:52:27.273, 0, 12288, 11829, 287
2026/09/22 21:52:27.481, 0, 12288, 11829, 287
2026/09/22 21:52:27.687, 0, 12288, 11829, 287
2026/09/22 21:52:27.895, 0, 12288, 11829, 287
2026/09/22 21:52:28.102, 0, 12288, 11829, 287
2026/09/22 21:52:28.310, 0, 12288, 11829, 287
2026/09/22 21:52:28.517, 0, 12288, 11829, 287
2026/09/22 21:52:28.724, 0, 12288, 11829, 287
2026/09/22 21:52:28.931, 0, 12288, 11829, 287
2026/09/22 21:52:29.138, 0, 12288, 11829, 287
2026/09/22 21:52:29.346, 0, 12288, 11829, 287
2026/09/22 21:52:29.552, 0, 12288, 11829, 287
2026/09/22 21:52:29.760, 0, 12288, 11829, 287
2026/09/22 21:52:29.966, 0, 12288, 11829, 287
2026/09/22 21:52:30.173, 0, 12288, 11829, 287
2026/09/22 21:52:30.377, 0, 12288, 11829, 287
2026/09/22 21:52:30.583, 0, 12288, 11829, 287
2026/09/22 21:52:30.791, 0, 12288, 11829, 287
2026/09/22 21:52:30.999, 0, 12288, 11829, 287
2026/09/22 21:52:31.204, 0, 12288, 11829, 287
2026/09/22 21:52:31.410, 0, 12288, 11829, 287
2026/09/22 21:52:31.616, 0, 12288, 11829, 287
2026/09/22 21:52:31.823, 0, 12288, 11829, 287
2026/09/22 21:52:32.030, 0, 12288, 11829, 287
2026/09/22 21:52:32.236, 0, 12288, 11829, 287
2026/09/22 21:52:32.443, 0, 12288, 11829, 287
2026/09/22 21:52:32.650, 0, 12288, 11829, 287
2026/09/22 21:52:32.856, 0, 12288, 11829, 287
2026/09/22 21:52:33.064, 0, 12288, 11829, 287
2026/09/22 21:52:33.272, 0, 12288, 11829, 287
2026/09/22 21:52:33.480, 0, 12288, 11829, 287
2026/09/22 21:52:33.688, 0, 12288, 11829, 287
2026/09/22 21:52:33.893, 0, 12288, 11829, 287
2026/09/22 21:52:34.100, 0, 12288, 11829, 287
2026/09/22 21:52:34.307, 0, 12288, 11829, 287
2026/09/22 21:52:34.514, 0, 12288, 11829, 287
2026/09/22 21:52:34.719, 0, 12288, 11829, 287
2026/09/22 21:52:34.927, 0, 12288, 11829, 287
2026/09/22 21:52:35.131, 0, 12288, 11829, 287
2026/09/22 21:52:35.339, 0, 12288, 11829, 287
2026/09/22 21:52:35.546, 0, 12288, 11829, 287
2026/09/22 21:52:35.751, 0, 12288, 11829, 287
2026/09/22 21:52:35.956, 0, 12288, 11829, 287
2026/09/22 21:52:36.162, 0, 12288, 11829, 287
2026/09/22 21:52:36.370, 0, 12288, 11829, 287
2026/09/22 21:52:36.577, 0, 12288, 11829, 287
2026/09/22 21:52:36.783, 0, 12288, 11829, 287
2026/09/22 21:52:36.988, 0, 12288, 11829, 287
2026/09/22 21:52:37.196, 0, 12288, 11829, 287
2026/09/22 21:52:37.403, 0, 12288, 11829, 287
2026/09/22 21:52:37.610, 0, 12288, 11829, 287
2026/09/22 21:52:37.816, 0, 12288, 11829, 287
2026/09/22 21:52:38.024, 0, 12288, 11829, 287
2026/09/22 21:52:38.231, 0, 12288, 11829, 287
2026/09/22 21:52:38.438, 0, 12288, 11829, 287
2026/09/22 21:52:38.644, 0, 12288, 11829, 287
2026/09/22 21:52:38.852, 0, 12288, 11829, 287
2026/09/22 21:52:39.057, 0, 12288, 11829, 287
2026/09/22 21:52:39.265, 0, 12288, 11829, 287
2026/09/22 21:52:39.473, 0, 12288, 11829, 287
2026/09/22 21:52:39.681, 0, 12288, 11829, 287
2026/09/22 21:52:39.888, 0, 12288, 11829, 287
2026/09/22 21:52:40.095, 0, 12288, 11829, 287
2026/09/22 21:52:40.300, 0, 12288, 11829, 287
2026/09/22 21:52:40.506, 0, 12288, 11829, 287
2026/09/22 21:52:40.713, 0, 12288, 11829, 287
2026/09/22 21:52:40.921, 0, 12288, 11829, 287
2026/09/22 21:52:41.128, 0, 12288, 11829, 287
2026/09/22 21:52:41.336, 0, 12288, 11829, 287
2026/09/22 21:52:41.544, 0, 12288, 11829, 287
2026/09/22 21:52:41.752, 0, 12288, 11829, 287
2026/09/22 21:52:41.959, 0, 12288, 11829, 287
2026/09/22 21:52:42.166, 0, 12288, 11829, 287
2026/09/22 21:52:42.373, 0, 12288, 11829, 287
2026/09/22 21:52:42.580, 0, 12288, 11829, 287
2026/09/22 21:52:42.786, 0, 12288, 11829, 287
2026/09/22 21:52:42.994, 0, 12288, 11829, 287
2026/09/22 21:52:43.199, 0, 12288, 11829, 287
2026/09/22 21:52:43.405, 0, 12288, 11829, 287
2026/09/22 21:52:43.613, 0, 12288, 11829, 287
2026/09/22 21:52:43.818, 0, 12288, 11829, 287
2026/09/22 21:52:44.025, 0, 12288, 11829, 287
2026/09/22 21:52:44.232, 0, 12288, 11829, 287
2026/09/22 21:52:44.439, 0, 12288, 11829, 287
2026/09/22 21:52:44.643, 0, 12288, 11829, 287
2026/09/22 21:52:44.849, 0, 12288, 11829, 287
2026/09/22 21:52:45.055, 0, 12288, 11829, 287
2026/09/22 21:52:45.263, 0, 12288, 11829, 287
2026/09/22 21:52:45.470, 0, 12288, 11829, 287
2026/09/22 21:52:45.677, 0, 12288, 11829, 287
2026/09/22 21:52:45.885, 0, 12288, 11829, 287
2026/09/22 21:52:46.093, 0, 12288, 11829, 287
2026/09/22 21:52:46.299, 0, 12288, 11829, 287
2026/09/22 21:52:46.505, 0, 12288, 11829, 287
2026/09/22 21:52:46.713, 0, 12288, 11829, 287
2026/09/22 21:52:46.920, 0, 12288, 11829, 287
2026/09/22 21:52:47.128, 0, 12288, 11829, 287
2026/09/22 21:52:47.335, 0, 12288, 11829, 287
2026/09/22 21:52:47.542, 0, 12288, 11829, 287
2026/09/22 21:52:47.748, 0, 12288, 11829, 287
2026/09/22 21:52:47.955, 0, 12288, 11829, 287
2026/09/22 21:52:48.163, 0, 12288, 11829, 287
2026/09/22 21:52:48.370, 0, 12288, 11829, 287
2026/09/22 21:52:48.577, 0, 12288, 11829, 287
2026/09/22 21:52:48.785, 0, 12288, 11829, 287
2026/09/22 21:52:48.993, 0, 12288, 11829, 287
2026/09/22 21:52:49.200, 0, 12288, 11829, 287
2026/09/22 21:52:49.406, 0, 12288, 11829, 287
2026/09/22 21:52:49.614, 0, 12288, 11829, 287
2026/09/22 21:52:49.820, 0, 12288, 11829, 287
2026/09/22 21:52:50.027, 0, 12288, 11829, 287
2026/09/22 21:52:50.234, 0, 12288, 11829, 287
2026/09/22 21:52:50.440, 0, 12288, 11829, 287
2026/09/22 21:52:50.648, 0, 12288, 11829, 287
2026/09/22 21:52:50.855, 0, 12288, 11829, 287
2026/09/22 21:52:51.063, 0, 12288, 11829, 287
2026/09/22 21:52:51.270, 0, 12288, 11829, 287
2026/09/22 21:52:51.478, 0, 12288, 11829, 287
2026/09/22 21:52:51.685, 0, 12288, 11829, 287
2026/09/22 21:52:51.892, 0, 12288, 11829, 287
2026/09/22 21:52:52.098, 0, 12288, 11829, 287
2026/09/22 21:52:52.305, 0, 12288, 11829, 287
2026/09/22 21:52:52.511, 0, 12288, 11829, 287
2026/09/22 21:52:52.719, 0, 12288, 11829, 287
2026/09/22 21:52:52.927, 0, 12288, 11829, 287
2026/09/22 21:52:53.135, 0, 12288, 11829, 287
2026/09/22 21:52:53.343, 0, 12288, 11829, 287
2026/09/22 21:52:53.550, 0, 12288, 11829, 287
2026/09/22 21:52:53.757, 0, 12288, 11829, 287
2026/09/22 21:52:53.964, 0, 12288, 11829, 287
2026/09/22 21:52:54.172, 0, 12288, 11829, 287
2026/09/22 21:52:54.377, 0, 12288, 11829, 287
2026/09/22 21:52:54.584, 0, 12288, 11829, 287
2026/09/22 21:52:54.792, 0, 12288, 11829, 287
2026/09/22 21:52:54.999, 0, 12288, 11829, 287
2026/09/22 21:52:55.205, 0, 12288, 11829, 287
2026/09/22 21:52:55.413, 0, 12288, 11829, 287
2026/09/22 21:52:55.620, 0, 12288, 11829, 287
2026/09/22 21:52:55.827, 0, 12288, 11829, 287
2026/09/22 21:52:56.034, 0, 12288, 11829, 287
2026/09/22 21:52:56.241, 0, 12288, 11829, 287
2026/09/22 21:52:56.448, 0, 12288, 11829, 287
2026/09/22 21:52:56.672, 0, 12288, 11829, 287
2026/09/22 21:52:56.877, 0, 12288, 11829, 287
2026/09/22 21:52:57.082, 0, 12288, 11829, 287
2026/09/22 21:52:57.288, 0, 12288, 11829, 287
2026/09/22 21:52:57.495, 0, 12288, 11829, 287
2026/09/22 21:52:57.702, 0, 12288, 11829, 287
2026/09/22 21:52:57.909, 0, 12288, 11829, 287
2026/09/22 21:52:58.117, 0, 12288, 11829, 287
2026/09/22 21:52:58.325, 0, 12288, 11829, 287
2026/09/22 21:52:58.532, 0, 12288, 11829, 287
2026/09/22 21:52:58.737, 0, 12288, 11829, 287
2026/09/22 21:52:58.945, 0, 12288, 11829, 287
2026/09/22 21:52:59.151, 0, 12288, 11829, 287
2026/09/22 21:52:59.358, 0, 12288, 11829, 287
2026/09/22 21:52:59.564, 0, 12288, 11829, 287
2026/09/22 21:52:59.772, 0, 12288, 11829, 287
2026/09/22 21:52:59.980, 0, 12288, 11829, 287
2026/09/22 21:53:00.188, 0, 12288, 11829, 287
2026/09/22 21:53:00.395, 0, 12288, 11829, 287
2026/09/22 21:53:00.602, 0, 12288, 11829, 287
2026/09/22 21:53:00.810, 0, 12288, 11829, 287
2026/09/22 21:53:01.016, 0, 12288, 11829, 287
2026/09/22 21:53:01.219, 0, 12288, 11829, 287
2026/09/22 21:53:01.424, 0, 12288, 11829, 287
2026/09/22 21:53:01.630, 0, 12288, 11829, 287
2026/09/22 21:53:01.837, 0, 12288, 11829, 287
2026/09/22 21:53:02.045, 0, 12288, 11829, 287
2026/09/22 21:53:02.253, 0, 12288, 11829, 287
2026/09/22 21:53:02.458, 0, 12288, 11829, 287
2026/09/22 21:53:02.665, 0, 12288, 11829, 287
2026/09/22 21:53:02.872, 0, 12288, 11829, 287
2026/09/22 21:53:03.078, 0, 12288, 11829, 287
2026/09/22 21:53:03.285, 0, 12288, 11829, 287
2026/09/22 21:53:03.491, 0, 12288, 11829, 287
2026/09/22 21:53:03.695, 0, 12288, 11829, 287
2026/09/22 21:53:03.903, 0, 12288, 11829, 287
2026/09/22 21:53:04.108, 0, 12288, 11829, 287
2026/09/22 21:53:04.315, 0, 12288, 11829, 287
2026/09/22 21:53:04.520, 0, 12288, 11829, 287
2026/09/22 21:53:04.728, 0, 12288, 11829, 287
2026/09/22 21:53:04.936, 0, 12288, 11829, 287
2026/09/22 21:53:05.141, 0, 12288, 11829, 287
2026/09/22 21:53:05.346, 0, 12288, 11829, 287
2026/09/22 21:53:05.548, 0, 12288, 11829, 287
2026/09/22 21:53:05.755, 0, 12288, 11829, 287
2026/09/22 21:53:05.962, 0, 12288, 11829, 287
2026/09/22 21:53:06.170, 0, 12288, 11829, 287
2026/09/22 21:53:06.377, 0, 12288, 11829, 287
2026/09/22 21:53:06.583, 0, 12288, 11829, 287
2026/09/22 21:53:06.788, 0, 12288, 11829, 287
2026/09/22 21:53:06.996, 0, 12288, 11829, 287
2026/09/22 21:53:07.202, 0, 12288, 11829, 287
2026/09/22 21:53:07.408, 0, 12288, 11829, 287
2026/09/22 21:53:07.615, 0, 12288, 11829, 287
2026/09/22 21:53:07.821, 0, 12288, 11829, 287
2026/09/22 21:53:08.028, 0, 12288, 11829, 287
2026/09/22 21:53:08.235, 0, 12288, 11829, 287
2026/09/22 21:53:08.440, 0, 12288, 11829, 287
2026/09/22 21:53:08.646, 0, 12288, 11829, 287
2026/09/22 21:53:08.852, 0, 12288, 11829, 287
2026/09/22 21:53:09.060, 0, 12288, 11829, 287
2026/09/22 21:53:09.266, 0, 12288, 11829, 287
2026/09/22 21:53:09.474, 0, 12288, 11829, 287
2026/09/22 21:53:09.681, 0, 12288, 11829, 287
2026/09/22 21:53:09.887, 0, 12288, 11829, 287
2026/09/22 21:53:10.095, 0, 12288, 11829, 287
2026/09/22 21:53:10.302, 0, 12288, 11829, 287
2026/09/22 21:53:10.510, 0, 12288, 11829, 287
2026/09/22 21:53:10.717, 0, 12288, 11829, 287
2026/09/22 21:53:10.925, 0, 12288, 11829, 287
2026/09/22 21:53:11.133, 0, 12288, 11829, 287
2026/09/22 21:53:11.341, 0, 12288, 11829, 287
2026/09/22 21:53:11.548, 0, 12288, 11829, 287
2026/09/22 21:53:11.756, 0, 12288, 11829, 287
2026/09/22 21:53:11.964, 0, 12288, 11829, 287
2026/09/22 21:53:12.172, 0, 12288, 11829, 287
2026/09/22 21:53:12.380, 0, 12288, 11829, 287
2026/09/22 21:53:12.586, 0, 12288, 11829, 287
2026/09/22 21:53:12.794, 0, 12288, 11829, 287
2026/09/22 21:53:12.999, 0, 12288, 11829, 287
2026/09/22 21:53:13.206, 0, 12288, 11829, 287
2026/09/22 21:53:13.413, 0, 12288, 11829, 287
2026/09/22 21:53:13.621, 0, 12288, 11829, 287
2026/09/22 21:53:13.828, 0, 12288, 11829, 287
2026/09/22 21:53:14.034, 0, 12288, 11829, 287
2026/09/22 21:53:14.240, 0, 12288, 11829, 287
2026/09/22 21:53:14.447, 0, 12288, 11829, 287
2026/09/22 21:53:14.655, 0, 12288, 11829, 287
2026/09/22 21:53:14.861, 0, 12288, 11829, 287
2026/09/22 21:53:15.066, 0, 12288, 11829, 287
2026/09/22 21:53:15.274, 0, 12288, 11829, 287
2026/09/22 21:53:15.481, 0, 12288, 11829, 287
2026/09/22 21:53:15.686, 0, 12288, 11829, 287
2026/09/22 21:53:15.894, 0, 12288, 11829, 287
2026/09/22 21:53:16.101, 0, 12288, 11829, 287
2026/09/22 21:53:16.309, 0, 12288, 11829, 287
2026/09/22 21:53:16.516, 0, 12288, 11829, 287
2026/09/22 21:53:16.722, 0, 12288, 11829, 287
2026/09/22 21:53:16.930, 0, 12288, 11829, 287
2026/09/22 21:53:17.138, 0, 12288, 11829, 287
2026/09/22 21:53:17.345, 0, 12288, 11829, 287
2026/09/22 21:53:17.550, 0, 12288, 11829, 287
2026/09/22 21:53:17.758, 0, 12288, 11829, 287
2026/09/22 21:53:17.965, 0, 12288, 11829, 287
2026/09/22 21:53:18.173, 0, 12288, 11829, 287
2026/09/22 21:53:18.380, 0, 12288, 11829, 287
2026/09/22 21:53:18.588, 0, 12288, 11829, 287
2026/09/22 21:53:18.796, 0, 12288, 11829, 287
2026/09/22 21:53:19.002, 0, 12288, 11829, 287
2026/09/22 21:53:19.207, 0, 12288, 11829, 287
2026/09/22 21:53:19.414, 0, 12288, 11829, 287
2026/09/22 21:53:19.622, 0, 12288, 11829, 287
2026/09/22 21:53:19.829, 0, 12288, 11829, 287
2026/09/22 21:53:20.034, 0, 12288, 11829, 287
2026/09/22 21:53:20.241, 0, 12288, 11829, 287
2026/09/22 21:53:20.449, 0, 12288, 11829, 287
2026/09/22 21:53:20.657, 0, 12288, 11829, 287
2026/09/22 21:53:20.865, 0, 12288, 11829, 287
2026/09/22 21:53:21.073, 0, 12288, 11829, 287
2026/09/22 21:53:21.281, 0, 12288, 11829, 287
2026/09/22 21:53:21.487, 0, 12288, 11829, 287
2026/09/22 21:53:21.693, 0, 12288, 11829, 287
2026/09/22 21:53:21.901, 0, 12288, 11829, 287
2026/09/22 21:53:22.109, 0, 12288, 11829, 287
2026/09/22 21:53:22.314, 0, 12288, 11829, 287
2026/09/22 21:53:22.522, 0, 12288, 11829, 287
2026/09/22 21:53:22.729, 0, 12288, 11829, 287
2026/09/22 21:53:22.937, 0, 12288, 11829, 287
2026/09/22 21:53:23.145, 0, 12288, 11829, 287
2026/09/22 21:53:23.352, 0, 12288, 11829, 287
2026/09/22 21:53:23.559, 0, 12288, 11829, 287
2026/09/22 21:53:23.767, 0, 12288, 11829, 287
2026/09/22 21:53:23.975, 0, 12288, 11829, 287
2026/09/22 21:53:24.183, 0, 12288, 11829, 287
2026/09/22 21:53:24.390, 0, 12288, 11829, 287
2026/09/22 21:53:24.596, 0, 12288, 11829, 287
2026/09/22 21:53:24.804, 0, 12288, 11829, 287
2026/09/22 21:53:25.011, 0, 12288, 11829, 287
2026/09/22 21:53:25.219, 0, 12288, 11829, 287
2026/09/22 21:53:25.426, 0, 12288, 11829, 287
2026/09/22 21:53:25.634, 0, 12288, 11829, 287
2026/09/22 21:53:25.840, 0, 12288, 11829, 287
2026/09/22 21:53:26.048, 0, 12288, 11829, 287
2026/09/22 21:53:26.253, 0, 12288, 11829, 287
2026/09/22 21:53:26.460, 0, 12288, 11829, 287
2026/09/22 21:53:26.668, 0, 12288, 11829, 287
2026/09/22 21:53:26.874, 0, 12288, 11829, 287
2026/09/22 21:53:27.080, 0, 12288, 11829, 287
2026/09/22 21:53:27.287, 0, 12288, 11829, 287
2026/09/22 21:53:27.495, 0, 12288, 11829, 287
2026/09/22 21:53:27.703, 0, 12288, 11829, 287
2026/09/22 21:53:27.909, 0, 12288, 11829, 287
2026/09/22 21:53:28.116, 0, 12288, 11829, 287
2026/09/22 21:53:28.324, 0, 12288, 11829, 287
2026/09/22 21:53:28.532, 0, 12288, 11829, 287
2026/09/22 21:53:28.739, 0, 12288, 11829, 287
2026/09/22 21:53:28.946, 0, 12288, 11829, 287
2026/09/22 21:53:29.152, 0, 12288, 11829, 287
2026/09/22 21:53:29.375, 0, 12288, 11829, 287
2026/09/22 21:53:29.581, 0, 12288, 11829, 287
2026/09/22 21:53:29.789, 0, 12288, 11829, 287
2026/09/22 21:53:29.997, 0, 12288, 11829, 287
2026/09/22 21:53:30.205, 0, 12288, 11829, 287
2026/09/22 21:53:30.412, 0, 12288, 11829, 287
2026/09/22 21:53:30.619, 0, 12288, 11829, 287
2026/09/22 21:53:30.827, 0, 12288, 11829, 287
2026/09/22 21:53:31.033, 0, 12288, 11829, 287
2026/09/22 21:53:31.239, 0, 12288, 11829, 287
2026/09/22 21:53:31.447, 0, 12288, 11829, 287
2026/09/22 21:53:31.651, 0, 12288, 11829, 287
2026/09/22 21:53:31.857, 0, 12288, 11829, 287
2026/09/22 21:53:32.065, 0, 12288, 11829, 287
2026/09/22 21:53:32.272, 0, 12288, 11829, 287
2026/09/22 21:53:32.480, 0, 12288, 11829, 287
2026/09/22 21:53:32.686, 0, 12288, 11829, 287
2026/09/22 21:53:32.894, 0, 12288, 11829, 287
2026/09/22 21:53:33.101, 0, 12288, 11829, 287
2026/09/22 21:53:33.308, 0, 12288, 11829, 287
2026/09/22 21:53:33.517, 0, 12288, 11829, 287
2026/09/22 21:53:33.724, 0, 12288, 11829, 287
2026/09/22 21:53:33.932, 0, 12288, 11829, 287
2026/09/22 21:53:34.140, 0, 12288, 11829, 287
2026/09/22 21:53:34.348, 0, 12288, 11829, 287
2026/09/22 21:53:34.555, 0, 12288, 11829, 287
2026/09/22 21:53:34.763, 0, 12288, 11829, 287
2026/09/22 21:53:34.970, 0, 12288, 11829, 287
2026/09/22 21:53:35.177, 0, 12288, 11829, 287
2026/09/22 21:53:35.384, 0, 12288, 11829, 287
2026/09/22 21:53:35.592, 0, 12288, 11829, 287
2026/09/22 21:53:35.799, 0, 12288, 11829, 287
2026/09/22 21:53:36.007, 0, 12288, 11829, 287
2026/09/22 21:53:36.212, 0, 12288, 11829, 287
2026/09/22 21:53:36.419, 0, 12288, 11829, 287
2026/09/22 21:53:36.625, 0, 12288, 11829, 287
2026/09/22 21:53:36.831, 0, 12288, 11829, 287
2026/09/22 21:53:37.037, 0, 12288, 11829, 287
2026/09/22 21:53:37.245, 0, 12288, 11829, 287
2026/09/22 21:53:37.453, 0, 12288, 11829, 287
2026/09/22 21:53:37.661, 0, 12288, 11829, 287
2026/09/22 21:53:37.869, 0, 12288, 11829, 287
2026/09/22 21:53:38.076, 0, 12288, 11829, 287
2026/09/22 21:53:38.283, 0, 12288, 11829, 287
2026/09/22 21:53:38.491, 0, 12288, 11829, 287
2026/09/22 21:53:38.698, 0, 12288, 11829, 287
2026/09/22 21:53:38.906, 0, 12288, 11829, 287
2026/09/22 21:53:39.113, 0, 12288, 11829, 287
2026/09/22 21:53:39.319, 0, 12288, 11829, 287
2026/09/22 21:53:39.527, 0, 12288, 11829, 287
2026/09/22 21:53:39.735, 0, 12288, 11829, 287
2026/09/22 21:53:39.940, 0, 12288, 11829, 287
2026/09/22 21:53:40.147, 0, 12288, 11829, 287
2026/09/22 21:53:40.355, 0, 12288, 11829, 287
2026/09/22 21:53:40.560, 0, 12288, 11829, 287
2026/09/22 21:53:40.766, 0, 12288, 11829, 287
2026/09/22 21:53:40.970, 0, 12288, 11829, 287
2026/09/22 21:53:41.177, 0, 12288, 11829, 287
2026/09/22 21:53:41.385, 0, 12288, 11829, 287
2026/09/22 21:53:41.593, 0, 12288, 11829, 287
2026/09/22 21:53:41.800, 0, 12288, 11829, 287
2026/09/22 21:53:42.008, 0, 12288, 11829, 287
2026/09/22 21:53:42.217, 0, 12288, 11829, 287
2026/09/22 21:53:42.425, 0, 12288, 11829, 287
2026/09/22 21:53:42.633, 0, 12288, 11829, 287
2026/09/22 21:53:42.840, 0, 12288, 11829, 287
2026/09/22 21:53:43.048, 0, 12288, 11829, 287
2026/09/22 21:53:43.254, 0, 12288, 11829, 287
2026/09/22 21:53:43.460, 0, 12288, 11829, 287
2026/09/22 21:53:43.668, 0, 12288, 11829, 287
2026/09/22 21:53:43.876, 0, 12288, 11829, 287
2026/09/22 21:53:44.083, 0, 12288, 11829, 287
2026/09/22 21:53:44.291, 0, 12288, 11829, 287
2026/09/22 21:53:44.498, 0, 12288, 11829, 287
2026/09/22 21:53:44.704, 0, 12288, 11829, 287
2026/09/22 21:53:44.912, 0, 12288, 11829, 287
2026/09/22 21:53:45.120, 0, 12288, 11829, 287
2026/09/22 21:53:45.326, 0, 12288, 11829, 287
2026/09/22 21:53:45.531, 0, 12288, 11829, 287
2026/09/22 21:53:45.738, 0, 12288, 11829, 287
2026/09/22 21:53:45.946, 0, 12288, 11829, 287
2026/09/22 21:53:46.152, 0, 12288, 11829, 287
2026/09/22 21:53:46.360, 0, 12288, 11829, 287
2026/09/22 21:53:46.568, 0, 12288, 11829, 287
2026/09/22 21:53:46.776, 0, 12288, 11829, 287
2026/09/22 21:53:46.984, 0, 12288, 11829, 287
2026/09/22 21:53:47.192, 0, 12288, 11829, 287
2026/09/22 21:53:47.398, 0, 12288, 11829, 287
2026/09/22 21:53:47.605, 0, 12288, 11829, 287
2026/09/22 21:53:47.812, 0, 12288, 11829, 287
2026/09/22 21:53:48.017, 0, 12288, 11829, 287
2026/09/22 21:53:48.221, 0, 12288, 11829, 287
2026/09/22 21:53:48.425, 0, 12288, 11829, 287
2026/09/22 21:53:48.631, 0, 12288, 11829, 287
2026/09/22 21:53:48.839, 0, 12288, 11829, 287
2026/09/22 21:53:49.047, 0, 12288, 11829, 287
2026/09/22 21:53:49.253, 0, 12288, 11829, 287
2026/09/22 21:53:49.460, 0, 12288, 11829, 287
2026/09/22 21:53:49.667, 0, 12288, 11829, 287
2026/09/22 21:53:49.874, 0, 12288, 11829, 287
2026/09/22 21:53:50.080, 0, 12288, 11829, 287
2026/09/22 21:53:50.283, 0, 12288, 11829, 287
2026/09/22 21:53:50.491, 0, 12288, 11829, 287
2026/09/22 21:53:50.699, 0, 12288, 11829, 287
2026/09/22 21:53:50.907, 0, 12288, 11829, 287
2026/09/22 21:53:51.111, 0, 12288, 11829, 287
2026/09/22 21:53:51.317, 0, 12288, 11829, 287
2026/09/22 21:53:51.524, 0, 12288, 11829, 287
2026/09/22 21:53:51.732, 0, 12288, 11829, 287
2026/09/22 21:53:51.939, 0, 12288, 11829, 287
2026/09/22 21:53:52.145, 0, 12288, 11829, 287
2026/09/22 21:53:52.352, 0, 12288, 11829, 287
2026/09/22 21:53:52.560, 0, 12288, 11829, 287
2026/09/22 21:53:52.768, 0, 12288, 11829, 287
2026/09/22 21:53:52.974, 0, 12288, 11829, 287
2026/09/22 21:53:53.181, 0, 12288, 11829, 287
2026/09/22 21:53:53.388, 0, 12288, 11829, 287
2026/09/22 21:53:53.595, 0, 12288, 11829, 287
2026/09/22 21:53:53.802, 0, 12288, 11829, 287
2026/09/22 21:53:54.007, 0, 12288, 11829, 287
2026/09/22 21:53:54.215, 0, 12288, 11829, 287
2026/09/22 21:53:54.421, 0, 12288, 11829, 287
2026/09/22 21:53:54.626, 0, 12288, 11829, 287
2026/09/22 21:53:54.831, 0, 12288, 11829, 287
2026/09/22 21:53:55.038, 0, 12288, 11829, 287
2026/09/22 21:53:55.246, 0, 12288, 11829, 287
2026/09/22 21:53:55.452, 0, 12288, 11829, 287
2026/09/22 21:53:55.658, 0, 12288, 11829, 287
2026/09/22 21:53:55.864, 0, 12288, 11829, 287
2026/09/22 21:53:56.071, 0, 12288, 11829, 287
2026/09/22 21:53:56.279, 0, 12288, 11829, 287
2026/09/22 21:53:56.485, 0, 12288, 11829, 287
2026/09/22 21:53:56.689, 0, 12288, 11829, 287
2026/09/22 21:53:56.897, 0, 12288, 11829, 287
2026/09/22 21:53:57.105, 0, 12288, 11829, 287
2026/09/22 21:53:57.313, 0, 12288, 11829, 287
2026/09/22 21:53:57.520, 0, 12288, 11829, 287
2026/09/22 21:53:57.728, 0, 12288, 11829, 287
2026/09/22 21:53:57.935, 0, 12288, 11829, 287
2026/09/22 21:53:58.141, 0, 12288, 11829, 287
2026/09/22 21:53:58.349, 0, 12288, 11829, 287
2026/09/22 21:53:58.554, 0, 12288, 11829, 287
2026/09/22 21:53:58.762, 0, 12288, 11829, 287
2026/09/22 21:53:58.969, 0, 12288, 11829, 287
2026/09/22 21:53:59.175, 0, 12288, 11829, 287
2026/09/22 21:53:59.381, 0, 12288, 11829, 287
2026/09/22 21:53:59.589, 0, 12288, 11829, 287
2026/09/22 21:53:59.797, 0, 12288, 11829, 287
2026/09/22 21:54:00.003, 0, 12288, 11829, 287
2026/09/22 21:54:00.211, 0, 12288, 11829, 287
2026/09/22 21:54:00.418, 0, 12288, 11829, 287
2026/09/22 21:54:00.626, 0, 12288, 11829, 287
2026/09/22 21:54:00.834, 0, 12288, 11829, 287
2026/09/22 21:54:01.042, 0, 12288, 11829, 287
2026/09/22 21:54:01.249, 0, 12288, 11829, 287
2026/09/22 21:54:01.455, 0, 12288, 11829, 287
2026/09/22 21:54:01.660, 0, 12288, 11829, 287
2026/09/22 21:54:01.868, 0, 12288, 11829, 287
2026/09/22 21:54:02.092, 0, 12288, 11829, 287
2026/09/22 21:54:02.299, 0, 12288, 11829, 287
2026/09/22 21:54:02.502, 0, 12288, 11829, 287
2026/09/22 21:54:02.705, 0, 12288, 11829, 287
2026/09/22 21:54:02.912, 0, 12288, 11829, 287
2026/09/22 21:54:03.120, 0, 12288, 11829, 287
2026/09/22 21:54:03.328, 0, 12288, 11829, 287
2026/09/22 21:54:03.534, 0, 12288, 11829, 287
2026/09/22 21:54:03.741, 0, 12288, 11829, 287
2026/09/22 21:54:03.949, 0, 12288, 11829, 287
2026/09/22 21:54:04.155, 0, 12288, 11829, 287
2026/09/22 21:54:04.362, 0, 12288, 11829, 287
2026/09/22 21:54:04.566, 0, 12288, 11829, 287
2026/09/22 21:54:04.774, 0, 12288, 11829, 287
2026/09/22 21:54:04.979, 0, 12288, 11829, 287
2026/09/22 21:54:05.187, 0, 12288, 11829, 287
2026/09/22 21:54:05.394, 0, 12288, 11829, 287
2026/09/22 21:54:05.601, 0, 12288, 11829, 287
2026/09/22 21:54:05.809, 0, 12288, 11829, 287
2026/09/22 21:54:06.014, 0, 12288, 11829, 287
2026/09/22 21:54:06.222, 0, 12288, 11829, 287
2026/09/22 21:54:06.430, 0, 12288, 11829, 287
2026/09/22 21:54:06.637, 0, 12288, 11829, 287
2026/09/22 21:54:06.843, 0, 12288, 11829, 287
2026/09/22 21:54:07.051, 0, 12288, 11829, 287
2026/09/22 21:54:07.257, 0, 12288, 11829, 287
2026/09/22 21:54:07.464, 0, 12288, 11829, 287
2026/09/22 21:54:07.672, 0, 12288, 11829, 287
2026/09/22 21:54:07.880, 0, 12288, 11829, 287
2026/09/22 21:54:08.088, 0, 12288, 11829, 287
2026/09/22 21:54:08.296, 0, 12288, 11829, 287
2026/09/22 21:54:08.503, 0, 12288, 11829, 287
2026/09/22 21:54:08.708, 0, 12288, 11829, 287
2026/09/22 21:54:08.915, 0, 12288, 11829, 287
2026/09/22 21:54:09.121, 0, 12288, 11829, 287
2026/09/22 21:54:09.329, 0, 12288, 11829, 287
2026/09/22 21:54:09.536, 0, 12288, 11829, 287
2026/09/22 21:54:09.743, 0, 12288, 11829, 287
2026/09/22 21:54:09.950, 0, 12288, 11829, 287
2026/09/22 21:54:10.157, 0, 12288, 11829, 287
2026/09/22 21:54:10.365, 0, 12288, 11829, 287
2026/09/22 21:54:10.573, 0, 12288, 11829, 287
2026/09/22 21:54:10.781, 0, 12288, 11829, 287
2026/09/22 21:54:10.989, 0, 12288, 11829, 287
2026/09/22 21:54:11.197, 0, 12288, 11829, 287
2026/09/22 21:54:11.405, 0, 12288, 11829, 287
2026/09/22 21:54:11.611, 0, 12288, 11829, 287
2026/09/22 21:54:11.819, 0, 12288, 11829, 287
2026/09/22 21:54:12.026, 0, 12288, 11829, 287
2026/09/22 21:54:12.233, 0, 12288, 11829, 287
2026/09/22 21:54:12.439, 0, 12288, 11829, 287
2026/09/22 21:54:12.647, 0, 12288, 11829, 287
2026/09/22 21:54:12.854, 0, 12288, 11829, 287
2026/09/22 21:54:13.061, 0, 12288, 11829, 287
2026/09/22 21:54:13.268, 0, 12288, 11829, 287
2026/09/22 21:54:13.473, 0, 12288, 11829, 287
2026/09/22 21:54:13.679, 0, 12288, 11829, 287
2026/09/22 21:54:13.885, 0, 12288, 11829, 287
2026/09/22 21:54:14.093, 0, 12288, 11829, 287
2026/09/22 21:54:14.300, 0, 12288, 11829, 287
2026/09/22 21:54:14.508, 0, 12288, 11829, 287
2026/09/22 21:54:14.715, 0, 12288, 11829, 287
2026/09/22 21:54:14.922, 0, 12288, 11829, 287
2026/09/22 21:54:15.130, 0, 12288, 11829, 287
2026/09/22 21:54:15.338, 0, 12288, 11829, 287
2026/09/22 21:54:15.545, 0, 12288, 11829, 287
2026/09/22 21:54:15.752, 0, 12288, 11829, 287
2026/09/22 21:54:15.959, 0, 12288, 11829, 287
2026/09/22 21:54:16.167, 0, 12288, 11829, 287
2026/09/22 21:54:16.374, 0, 12288, 11829, 287
2026/09/22 21:54:16.582, 0, 12288, 11829, 287
2026/09/22 21:54:16.789, 0, 12288, 11829, 287
2026/09/22 21:54:16.996, 0, 12288, 11829, 287
2026/09/22 21:54:17.204, 0, 12288, 11829, 287
2026/09/22 21:54:17.410, 0, 12288, 11829, 287
2026/09/22 21:54:17.617, 0, 12288, 11829, 287
2026/09/22 21:54:17.825, 0, 12288, 11829, 287
2026/09/22 21:54:18.031, 0, 12288, 11829, 287
2026/09/22 21:54:18.237, 0, 12288, 11829, 287
2026/09/22 21:54:18.444, 0, 12288, 11829, 287
2026/09/22 21:54:18.651, 0, 12288, 11829, 287
2026/09/22 21:54:18.857, 0, 12288, 11829, 287
2026/09/22 21:54:19.065, 0, 12288, 11829, 287
2026/09/22 21:54:19.273, 0, 12288, 11829, 287
2026/09/22 21:54:19.480, 0, 12288, 11829, 287
2026/09/22 21:54:19.688, 0, 12288, 11829, 287
2026/09/22 21:54:19.892, 0, 12288, 11829, 287
2026/09/22 21:54:20.099, 0, 12288, 11829, 287
2026/09/22 21:54:20.306, 0, 12288, 11829, 287
2026/09/22 21:54:20.513, 0, 12288, 11829, 287
2026/09/22 21:54:20.721, 0, 12288, 11829, 287
2026/09/22 21:54:20.929, 0, 12288, 11829, 287
2026/09/22 21:54:21.136, 0, 12288, 11829, 287
2026/09/22 21:54:21.344, 0, 12288, 11829, 287
2026/09/22 21:54:21.549, 0, 12288, 11829, 287
2026/09/22 21:54:21.756, 0, 12288, 11829, 287
2026/09/22 21:54:21.964, 0, 12288, 11829, 287
2026/09/22 21:54:22.171, 0, 12288, 11829, 287
2026/09/22 21:54:22.379, 0, 12288, 11829, 287
2026/09/22 21:54:22.585, 0, 12288, 11829, 287
2026/09/22 21:54:22.792, 0, 12288, 11829, 287
2026/09/22 21:54:22.998, 0, 12288, 11829, 287
2026/09/22 21:54:23.204, 0, 12288, 11829, 287
2026/09/22 21:54:23.408, 0, 12288, 11829, 287
2026/09/22 21:54:23.614, 0, 12288, 11829, 287
2026/09/22 21:54:23.822, 0, 12288, 11829, 287
2026/09/22 21:54:24.028, 0, 12288, 11829, 287
2026/09/22 21:54:24.235, 0, 12288, 11829, 287
2026/09/22 21:54:24.440, 0, 12288, 11829, 287
2026/09/22 21:54:24.646, 0, 12288, 11829, 287
2026/09/22 21:54:24.851, 0, 12288, 11829, 287
2026/09/22 21:54:25.059, 0, 12288, 11829, 287
2026/09/22 21:54:25.266, 0, 12288, 11829, 287
2026/09/22 21:54:25.471, 0, 12288, 11829, 287
2026/09/22 21:54:25.679, 0, 12288, 11829, 287
2026/09/22 21:54:25.887, 0, 12288, 11829, 287
2026/09/22 21:54:26.095, 0, 12288, 11829, 287
2026/09/22 21:54:26.302, 0, 12288, 11829, 287
2026/09/22 21:54:26.509, 0, 12288, 11829, 287
2026/09/22 21:54:26.716, 0, 12288, 11829, 287
2026/09/22 21:54:26.924, 0, 12288, 11829, 287
2026/09/22 21:54:27.131, 0, 12288, 11829, 287
2026/09/22 21:54:27.337, 0, 12288, 11829, 287
2026/09/22 21:54:27.545, 0, 12288, 11829, 287
2026/09/22 21:54:27.751, 0, 12288, 11829, 287
2026/09/22 21:54:27.959, 0, 12288, 11829, 287
2026/09/22 21:54:28.167, 0, 12288, 11829, 287
2026/09/22 21:54:28.374, 0, 12288, 11829, 287
2026/09/22 21:54:28.581, 0, 12288, 11829, 287
2026/09/22 21:54:28.789, 0, 12288, 11829, 287
2026/09/22 21:54:28.997, 0, 12288, 11829, 287
2026/09/22 21:54:29.203, 0, 12288, 11829, 287
2026/09/22 21:54:29.410, 0, 12288, 11829, 287
2026/09/22 21:54:29.617, 0, 12288, 11829, 287
2026/09/22 21:54:29.826, 0, 12288, 11829, 287
2026/09/22 21:54:30.033, 0, 12288, 11829, 287
2026/09/22 21:54:30.241, 0, 12288, 11829, 287
2026/09/22 21:54:30.449, 0, 12288, 11829, 287
2026/09/22 21:54:30.656, 0, 12288, 11829, 287
2026/09/22 21:54:30.863, 0, 12288, 11829, 287
2026/09/22 21:54:31.071, 0, 12288, 11829, 287
2026/09/22 21:54:31.279, 0, 12288, 11829, 287
2026/09/22 21:54:31.485, 0, 12288, 11829, 287
2026/09/22 21:54:31.693, 0, 12288, 11829, 287
2026/09/22 21:54:31.899, 0, 12288, 11829, 287
2026/09/22 21:54:32.106, 0, 12288, 11829, 287
2026/09/22 21:54:32.314, 0, 12288, 11829, 287
2026/09/22 21:54:32.522, 0, 12288, 11829, 287
2026/09/22 21:54:32.730, 0, 12288, 11829, 287
2026/09/22 21:54:32.938, 0, 12288, 11829, 287
2026/09/22 21:54:33.147, 0, 12288, 11829, 287
2026/09/22 21:54:33.355, 0, 12288, 11829, 287
2026/09/22 21:54:33.563, 0, 12288, 11829, 287
2026/09/22 21:54:33.769, 0, 12288, 11829, 287
2026/09/22 21:54:33.976, 0, 12288, 11829, 287
2026/09/22 21:54:34.183, 0, 12288, 11829, 287
2026/09/22 21:54:34.391, 0, 12288, 11829, 287
2026/09/22 21:54:34.595, 0, 12288, 11829, 287
2026/09/22 21:54:34.819, 0, 12288, 11829, 287
2026/09/22 21:54:35.027, 0, 12288, 11829, 287
2026/09/22 21:54:35.234, 0, 12288, 11829, 287
2026/09/22 21:54:35.440, 0, 12288, 11829, 287
2026/09/22 21:54:35.648, 0, 12288, 11829, 287
2026/09/22 21:54:35.856, 0, 12288, 11829, 287
2026/09/22 21:54:36.064, 0, 12288, 11829, 287
2026/09/22 21:54:36.270, 0, 12288, 11829, 287
2026/09/22 21:54:36.475, 0, 12288, 11829, 287
2026/09/22 21:54:36.681, 0, 12288, 11829, 287
2026/09/22 21:54:36.889, 0, 12288, 11829, 287
2026/09/22 21:54:37.096, 0, 12288, 11829, 287
2026/09/22 21:54:37.304, 0, 12288, 11829, 287
2026/09/22 21:54:37.511, 0, 12288, 11829, 287
2026/09/22 21:54:37.718, 0, 12288, 11829, 287
2026/09/22 21:54:37.926, 0, 12288, 11829, 287
2026/09/22 21:54:38.133, 0, 12288, 11829, 287
2026/09/22 21:54:38.341, 0, 12288, 11829, 287
2026/09/22 21:54:38.547, 0, 12288, 11829, 287
2026/09/22 21:54:38.754, 0, 12288, 11829, 287
2026/09/22 21:54:38.962, 0, 12288, 11829, 287
2026/09/22 21:54:39.170, 0, 12288, 11829, 287
2026/09/22 21:54:39.376, 0, 12288, 11829, 287
2026/09/22 21:54:39.584, 0, 12288, 11829, 287
2026/09/22 21:54:39.792, 0, 12288, 11829, 287
2026/09/22 21:54:40.000, 0, 12288, 11829, 287
2026/09/22 21:54:40.205, 0, 12288, 11829, 287
2026/09/22 21:54:40.411, 0, 12288, 11829, 287
2026/09/22 21:54:40.620, 0, 12288, 11829, 287
2026/09/22 21:54:40.827, 0, 12288, 11829, 287
2026/09/22 21:54:41.034, 0, 12288, 11829, 287
2026/09/22 21:54:41.239, 0, 12288, 11829, 287
2026/09/22 21:54:41.447, 0, 12288, 11829, 287
2026/09/22 21:54:41.655, 0, 12288, 11829, 287
2026/09/22 21:54:41.862, 0, 12288, 11829, 287
2026/09/22 21:54:42.065, 0, 12288, 11829, 287
2026/09/22 21:54:42.272, 0, 12288, 11829, 287
2026/09/22 21:54:42.479, 0, 12288, 11829, 287
2026/09/22 21:54:42.687, 0, 12288, 11829, 287
2026/09/22 21:54:42.893, 0, 12288, 11829, 287
2026/09/22 21:54:43.100, 0, 12288, 11829, 287
2026/09/22 21:54:43.307, 0, 12288, 11829, 287
2026/09/22 21:54:43.514, 0, 12288, 11829, 287
2026/09/22 21:54:43.721, 0, 12288, 11829, 287
2026/09/22 21:54:43.929, 0, 12288, 11829, 287
2026/09/22 21:54:44.136, 0, 12288, 11829, 287
2026/09/22 21:54:44.344, 0, 12288, 11829, 287
2026/09/22 21:54:44.552, 0, 12288, 11829, 287
2026/09/22 21:54:44.757, 0, 12288, 11829, 287
2026/09/22 21:54:44.965, 0, 12288, 11829, 287
2026/09/22 21:54:45.172, 0, 12288, 11829, 287
2026/09/22 21:54:45.378, 0, 12288, 11829, 287
2026/09/22 21:54:45.585, 0, 12288, 11829, 287
2026/09/22 21:54:45.791, 0, 12288, 11829, 287
2026/09/22 21:54:45.998, 0, 12288, 11829, 287
2026/09/22 21:54:46.205, 0, 12288, 11829, 287
2026/09/22 21:54:46.412, 0, 12288, 11829, 287
2026/09/22 21:54:46.618, 0, 12288, 11829, 287
2026/09/22 21:54:46.826, 0, 12288, 11829, 287
2026/09/22 21:54:47.033, 0, 12288, 11829, 287
2026/09/22 21:54:47.240, 0, 12288, 11829, 287
2026/09/22 21:54:47.448, 0, 12288, 11829, 287
2026/09/22 21:54:47.655, 0, 12288, 11829, 287
2026/09/22 21:54:47.861, 0, 12288, 11829, 287
2026/09/22 21:54:48.064, 0, 12288, 11829, 287
2026/09/22 21:54:48.268, 0, 12288, 11829, 287
2026/09/22 21:54:48.475, 0, 12288, 11829, 287
2026/09/22 21:54:48.681, 0, 12288, 11829, 287
2026/09/22 21:54:48.888, 0, 12288, 11829, 287
2026/09/22 21:54:49.095, 0, 12288, 11829, 287
2026/09/22 21:54:49.301, 0, 12288, 11829, 287
2026/09/22 21:54:49.509, 0, 12288, 11829, 287
2026/09/22 21:54:49.717, 0, 12288, 11829, 287
2026/09/22 21:54:49.924, 0, 12288, 11829, 287
2026/09/22 21:54:50.131, 0, 12288, 11829, 287
2026/09/22 21:54:50.339, 0, 12288, 11829, 287
2026/09/22 21:54:50.544, 0, 12288, 11829, 287
2026/09/22 21:54:50.752, 0, 12288, 11829, 287
2026/09/22 21:54:50.959, 0, 12288, 11829, 287
2026/09/22 21:54:51.166, 0, 12288, 11829, 287
2026/09/22 21:54:51.373, 0, 12288, 11829, 287
2026/09/22 21:54:51.581, 0, 12288, 11829, 287
2026/09/22 21:54:51.789, 0, 12288, 11829, 287
2026/09/22 21:54:51.996, 0, 12288, 11829, 287
2026/09/22 21:54:52.204, 0, 12288, 11829, 287
2026/09/22 21:54:52.411, 0, 12288, 11829, 287
2026/09/22 21:54:52.616, 0, 12288, 11829, 287
2026/09/22 21:54:52.824, 0, 12288, 11829, 287
2026/09/22 21:54:53.032, 0, 12288, 11829, 287
2026/09/22 21:54:53.239, 0, 12288, 11829, 287
2026/09/22 21:54:53.447, 0, 12288, 11829, 287
2026/09/22 21:54:53.655, 0, 12288, 11829, 287
2026/09/22 21:54:53.863, 0, 12288, 11829, 287
2026/09/22 21:54:54.070, 0, 12288, 11829, 287
2026/09/22 21:54:54.278, 0, 12288, 11829, 287
2026/09/22 21:54:54.486, 0, 12288, 11829, 287
2026/09/22 21:54:54.692, 0, 12288, 11829, 287
2026/09/22 21:54:54.899, 0, 12288, 11829, 287
2026/09/22 21:54:55.104, 0, 12288, 11829, 287
2026/09/22 21:54:55.312, 0, 12288, 11829, 287
2026/09/22 21:54:55.519, 0, 12288, 11829, 287
2026/09/22 21:54:55.726, 0, 12288, 11829, 287
2026/09/22 21:54:55.933, 0, 12288, 11829, 287
2026/09/22 21:54:56.140, 0, 12288, 11829, 287
2026/09/22 21:54:56.348, 0, 12288, 11829, 287
2026/09/22 21:54:56.556, 0, 12288, 11829, 287
2026/09/22 21:54:56.764, 0, 12288, 11829, 287
2026/09/22 21:54:56.969, 0, 12288, 11829, 287
2026/09/22 21:54:57.177, 0, 12288, 11829, 287
2026/09/22 21:54:57.386, 0, 12288, 11829, 287
2026/09/22 21:54:57.591, 0, 12288, 11829, 287
2026/09/22 21:54:57.799, 0, 12288, 11829, 287
2026/09/22 21:54:58.006, 0, 12288, 11829, 287
2026/09/22 21:54:58.214, 0, 12288, 11829, 287
2026/09/22 21:54:58.422, 0, 12288, 11829, 287
2026/09/22 21:54:58.628, 0, 12288, 11829, 287
2026/09/22 21:54:58.836, 0, 12288, 11829, 287
2026/09/22 21:54:59.043, 0, 12288, 11829, 287
2026/09/22 21:54:59.251, 0, 12288, 11829, 287
2026/09/22 21:54:59.459, 0, 12288, 11829, 287
2026/09/22 21:54:59.667, 0, 12288, 11829, 287
2026/09/22 21:54:59.872, 0, 12288, 11829, 287
2026/09/22 21:55:00.080, 0, 12288, 11829, 287
2026/09/22 21:55:00.286, 0, 12288, 11829, 287
2026/09/22 21:55:00.495, 0, 12288, 11829, 287
2026/09/22 21:55:00.703, 0, 12288, 11829, 287
2026/09/22 21:55:00.909, 0, 12288, 11829, 287
2026/09/22 21:55:01.117, 0, 12288, 11829, 287
2026/09/22 21:55:01.325, 0, 12288, 11829, 287
2026/09/22 21:55:01.532, 0, 12288, 11829, 287
2026/09/22 21:55:01.737, 0, 12288, 11829, 287
2026/09/22 21:55:01.940, 0, 12288, 11829, 287
2026/09/22 21:55:02.144, 0, 12288, 11829, 287
2026/09/22 21:55:02.349, 0, 12288, 11829, 287
2026/09/22 21:55:02.554, 0, 12288, 11829, 287
2026/09/22 21:55:02.761, 0, 12288, 11829, 287
2026/09/22 21:55:02.969, 0, 12288, 11829, 287
2026/09/22 21:55:03.173, 0, 12288, 11829, 287
2026/09/22 21:55:03.380, 0, 12288, 11829, 287
2026/09/22 21:55:03.586, 0, 12288, 11829, 287
2026/09/22 21:55:03.794, 0, 12288, 11829, 287
2026/09/22 21:55:04.001, 0, 12288, 11829, 287
2026/09/22 21:55:04.206, 0, 12288, 11829, 287
2026/09/22 21:55:04.412, 0, 12288, 11829, 287
2026/09/22 21:55:04.620, 0, 12288, 11829, 287
2026/09/22 21:55:04.828, 0, 12288, 11829, 287
2026/09/22 21:55:05.033, 0, 12288, 11829, 287
2026/09/22 21:55:05.237, 0, 12288, 11829, 287
2026/09/22 21:55:05.443, 0, 12288, 11829, 287
2026/09/22 21:55:05.651, 0, 12288, 11829, 287
2026/09/22 21:55:05.857, 0, 12288, 11829, 287
2026/09/22 21:55:06.065, 0, 12288, 11829, 287
2026/09/22 21:55:06.272, 0, 12288, 11829, 287
2026/09/22 21:55:06.479, 0, 12288, 11829, 287
2026/09/22 21:55:06.687, 0, 12288, 11829, 287
2026/09/22 21:55:06.892, 0, 12288, 11829, 287
2026/09/22 21:55:07.099, 0, 12288, 11829, 287
2026/09/22 21:55:07.307, 0, 12288, 11829, 287
2026/09/22 21:55:07.531, 0, 12288, 11829, 287
2026/09/22 21:55:07.737, 0, 12288, 11829, 287
2026/09/22 21:55:07.945, 0, 12288, 11829, 287
2026/09/22 21:55:08.153, 0, 12288, 11829, 287
2026/09/22 21:55:08.361, 0, 12288, 11829, 287
2026/09/22 21:55:08.567, 0, 12288, 11829, 287
2026/09/22 21:55:08.774, 0, 12288, 11829, 287
2026/09/22 21:55:08.982, 0, 12288, 11829, 287
2026/09/22 21:55:09.186, 0, 12288, 11829, 287
2026/09/22 21:55:09.392, 0, 12288, 11829, 287
2026/09/22 21:55:09.600, 0, 12288, 11829, 287
2026/09/22 21:55:09.807, 0, 12288, 11829, 287
2026/09/22 21:55:10.015, 0, 12288, 11829, 287
2026/09/22 21:55:10.222, 0, 12288, 11829, 287
2026/09/22 21:55:10.430, 0, 12288, 11829, 287
2026/09/22 21:55:10.637, 0, 12288, 11829, 287
2026/09/22 21:55:10.844, 0, 12288, 11829, 287
2026/09/22 21:55:11.052, 0, 12288, 11829, 287
2026/09/22 21:55:11.260, 0, 12288, 11829, 287
2026/09/22 21:55:11.467, 0, 12288, 11829, 287
2026/09/22 21:55:11.674, 0, 12288, 11829, 287
2026/09/22 21:55:11.882, 0, 12288, 11829, 287
2026/09/22 21:55:12.090, 0, 12288, 11829, 287
2026/09/22 21:55:12.298, 0, 12288, 11829, 287
2026/09/22 21:55:12.506, 0, 12288, 11829, 287
2026/09/22 21:55:12.713, 0, 12288, 11829, 287
2026/09/22 21:55:12.921, 0, 12288, 11829, 287
2026/09/22 21:55:13.129, 0, 12288, 11829, 287
2026/09/22 21:55:13.335, 0, 12288, 11829, 287
2026/09/22 21:55:13.542, 0, 12288, 11829, 287
2026/09/22 21:55:13.747, 0, 12288, 11829, 287
2026/09/22 21:55:13.955, 0, 12288, 11829, 287
2026/09/22 21:55:14.163, 0, 12288, 11829, 287
2026/09/22 21:55:14.370, 0, 12288, 11829, 287
2026/09/22 21:55:14.577, 0, 12288, 11829, 287
2026/09/22 21:55:14.782, 0, 12288, 11829, 287
2026/09/22 21:55:14.986, 0, 12288, 11829, 287
2026/09/22 21:55:15.193, 0, 12288, 11829, 287
2026/09/22 21:55:15.400, 0, 12288, 11829, 287
2026/09/22 21:55:15.608, 0, 12288, 11829, 287
2026/09/22 21:55:15.813, 0, 12288, 11829, 287
2026/09/22 21:55:16.018, 0, 12288, 11829, 287
2026/09/22 21:55:16.226, 0, 12288, 11829, 287
2026/09/22 21:55:16.433, 0, 12288, 11829, 287
2026/09/22 21:55:16.641, 0, 12288, 11829, 287
2026/09/22 21:55:16.849, 0, 12288, 11829, 287
2026/09/22 21:55:17.057, 0, 12288, 11829, 287
2026/09/22 21:55:17.265, 0, 12288, 11829, 287
2026/09/22 21:55:17.472, 0, 12288, 11829, 287
2026/09/22 21:55:17.679, 0, 12288, 11829, 287
2026/09/22 21:55:17.887, 0, 12288, 11829, 287
2026/09/22 21:55:18.094, 0, 12288, 11829, 287
2026/09/22 21:55:18.299, 0, 12288, 11829, 287
2026/09/22 21:55:18.505, 0, 12288, 11829, 287
2026/09/22 21:55:18.712, 0, 12288, 11829, 287
2026/09/22 21:55:18.920, 0, 12288, 11829, 287
2026/09/22 21:55:19.125, 0, 12288, 11829, 287
2026/09/22 21:55:19.330, 0, 12288, 11829, 287
2026/09/22 21:55:19.536, 0, 12288, 11829, 287
2026/09/22 21:55:19.744, 0, 12288, 11829, 287
2026/09/22 21:55:19.950, 0, 12288, 11829, 287
2026/09/22 21:55:20.157, 0, 12288, 11829, 287
2026/09/22 21:55:20.364, 0, 12288, 11829, 287
2026/09/22 21:55:20.573, 0, 12288, 11829, 287
2026/09/22 21:55:20.779, 0, 12288, 11829, 287
2026/09/22 21:55:20.986, 0, 12288, 11829, 287
2026/09/22 21:55:21.194, 0, 12288, 11829, 287
2026/09/22 21:55:21.401, 0, 12288, 11829, 287
2026/09/22 21:55:21.608, 0, 12288, 11829, 287
2026/09/22 21:55:21.816, 0, 12288, 11829, 287
2026/09/22 21:55:22.023, 0, 12288, 11829, 287
2026/09/22 21:55:22.230, 0, 12288, 11829, 287
2026/09/22 21:55:22.438, 0, 12288, 11829, 287
2026/09/22 21:55:22.646, 0, 12288, 11829, 287
2026/09/22 21:55:22.853, 0, 12288, 11829, 287
2026/09/22 21:55:23.058, 0, 12288, 11829, 287
2026/09/22 21:55:23.264, 0, 12288, 11829, 287
2026/09/22 21:55:23.472, 0, 12288, 11829, 287
2026/09/22 21:55:23.680, 0, 12288, 11829, 287
2026/09/22 21:55:23.887, 0, 12288, 11829, 287
2026/09/22 21:55:24.095, 0, 12288, 11829, 287
2026/09/22 21:55:24.303, 0, 12288, 11829, 287
2026/09/22 21:55:24.511, 0, 12288, 11829, 287
2026/09/22 21:55:24.718, 0, 12288, 11829, 287
2026/09/22 21:55:24.923, 0, 12288, 11829, 287
2026/09/22 21:55:25.131, 0, 12288, 11829, 287
2026/09/22 21:55:25.339, 0, 12288, 11829, 287
2026/09/22 21:55:25.546, 0, 12288, 11829, 287
2026/09/22 21:55:25.752, 0, 12288, 11829, 287
2026/09/22 21:55:25.960, 0, 12288, 11829, 287
2026/09/22 21:55:26.166, 0, 12288, 11829, 287
2026/09/22 21:55:26.374, 0, 12288, 11829, 287
2026/09/22 21:55:26.581, 0, 12288, 11829, 287
2026/09/22 21:55:26.788, 0, 12288, 11829, 287
2026/09/22 21:55:26.996, 0, 12288, 11829, 287
2026/09/22 21:55:27.204, 0, 12288, 11829, 287
2026/09/22 21:55:27.411, 0, 12288, 11829, 287
2026/09/22 21:55:27.616, 0, 12288, 11829, 287
2026/09/22 21:55:27.824, 0, 12288, 11829, 287
2026/09/22 21:55:28.032, 0, 12288, 11829, 287
2026/09/22 21:55:28.238, 0, 12288, 11829, 287
2026/09/22 21:55:28.445, 0, 12288, 11829, 287
2026/09/22 21:55:28.653, 0, 12288, 11829, 287
2026/09/22 21:55:28.860, 0, 12288, 11829, 287
2026/09/22 21:55:29.065, 0, 12288, 11829, 287
2026/09/22 21:55:29.273, 0, 12288, 11829, 287
2026/09/22 21:55:29.481, 0, 12288, 11829, 287
2026/09/22 21:55:29.689, 0, 12288, 11829, 287
2026/09/22 21:55:29.894, 0, 12288, 11829, 287
2026/09/22 21:55:30.102, 0, 12288, 11829, 287
2026/09/22 21:55:30.310, 0, 12288, 11829, 287
2026/09/22 21:55:30.517, 0, 12288, 11829, 287
2026/09/22 21:55:30.722, 0, 12288, 11829, 287
2026/09/22 21:55:30.929, 0, 12288, 11829, 287
2026/09/22 21:55:31.137, 0, 12288, 11829, 287
2026/09/22 21:55:31.344, 0, 12288, 11829, 287
2026/09/22 21:55:31.551, 0, 12288, 11829, 287
2026/09/22 21:55:31.757, 0, 12288, 11829, 287
2026/09/22 21:55:31.963, 0, 12288, 11829, 287
2026/09/22 21:55:32.170, 0, 12288, 11829, 287
2026/09/22 21:55:32.375, 0, 12288, 11829, 287
2026/09/22 21:55:32.583, 0, 12288, 11829, 287
2026/09/22 21:55:32.791, 0, 12288, 11829, 287
2026/09/22 21:55:32.998, 0, 12288, 11829, 287
2026/09/22 21:55:33.206, 0, 12288, 11829, 287
2026/09/22 21:55:33.414, 0, 12288, 11829, 287
2026/09/22 21:55:33.620, 0, 12288, 11829, 287
2026/09/22 21:55:33.827, 0, 12288, 11829, 287
2026/09/22 21:55:34.033, 0, 12288, 11829, 287
2026/09/22 21:55:34.240, 0, 12288, 11829, 287
2026/09/22 21:55:34.448, 0, 12288, 11829, 287
2026/09/22 21:55:34.656, 0, 12288, 11829, 287
2026/09/22 21:55:34.864, 0, 12288, 11829, 287
2026/09/22 21:55:35.070, 0, 12288, 11829, 287
2026/09/22 21:55:35.277, 0, 12288, 11829, 287
2026/09/22 21:55:35.483, 0, 12288, 11829, 287
2026/09/22 21:55:35.689, 0, 12288, 11829, 287
2026/09/22 21:55:35.897, 0, 12288, 11829, 287
2026/09/22 21:55:36.105, 0, 12288, 11829, 287
2026/09/22 21:55:36.313, 0, 12288, 11829, 287
2026/09/22 21:55:36.519, 0, 12288, 11829, 287
2026/09/22 21:55:36.727, 0, 12288, 11829, 287
2026/09/22 21:55:36.933, 0, 12288, 11829, 287
2026/09/22 21:55:37.141, 0, 12288, 11829, 287
2026/09/22 21:55:37.346, 0, 12288, 11829, 287
2026/09/22 21:55:37.550, 0, 12288, 11829, 287
2026/09/22 21:55:37.757, 0, 12288, 11829, 287
2026/09/22 21:55:37.964, 0, 12288, 11829, 287
2026/09/22 21:55:38.172, 0, 12288, 11829, 287
2026/09/22 21:55:38.378, 0, 12288, 11829, 287
2026/09/22 21:55:38.585, 0, 12288, 11829, 287
2026/09/22 21:55:38.791, 0, 12288, 11829, 287
2026/09/22 21:55:38.997, 0, 12288, 11829, 287
2026/09/22 21:55:39.203, 0, 12288, 11829, 287
2026/09/22 21:55:39.407, 0, 12288, 11829, 287
2026/09/22 21:55:39.614, 0, 12288, 11829, 287
2026/09/22 21:55:39.821, 0, 12288, 11829, 287
2026/09/22 21:55:40.027, 0, 12288, 11829, 287
2026/09/22 21:55:40.233, 0, 12288, 11829, 287
2026/09/22 21:55:40.439, 0, 12288, 11829, 287
2026/09/22 21:55:40.645, 0, 12288, 11829, 287
2026/09/22 21:55:40.852, 0, 12288, 11829, 287
2026/09/22 21:55:41.061, 0, 12288, 11829, 287
2026/09/22 21:55:41.269, 0, 12288, 11829, 287
2026/09/22 21:55:41.477, 0, 12288, 11829, 287
2026/09/22 21:55:41.683, 0, 12288, 11829, 287
2026/09/22 21:55:41.891, 0, 12288, 11829, 287
2026/09/22 21:55:42.096, 0, 12288, 11829, 287
2026/09/22 21:55:42.303, 0, 12288, 11829, 287
2026/09/22 21:55:42.511, 0, 12288, 11829, 287
2026/09/22 21:55:42.719, 0, 12288, 11829, 287
2026/09/22 21:55:42.927, 0, 12288, 11829, 287
2026/09/22 21:55:43.135, 0, 12288, 11829, 287
2026/09/22 21:55:43.343, 0, 12288, 11829, 287
2026/09/22 21:55:43.550, 0, 12288, 11829, 287
2026/09/22 21:55:43.758, 0, 12288, 11829, 287
2026/09/22 21:55:43.966, 0, 12288, 11829, 287
2026/09/22 21:55:44.173, 0, 12288, 11829, 287
2026/09/22 21:55:44.380, 0, 12288, 11829, 287
2026/09/22 21:55:44.588, 0, 12288, 11829, 287
2026/09/22 21:55:44.795, 0, 12288, 11829, 287
2026/09/22 21:55:45.002, 0, 12288, 11829, 287
2026/09/22 21:55:45.209, 0, 12288, 11829, 287
2026/09/22 21:55:45.416, 0, 12288, 11829, 287
2026/09/22 21:55:45.623, 0, 12288, 11829, 287
2026/09/22 21:55:45.831, 0, 12288, 11829, 287
2026/09/22 21:55:46.039, 0, 12288, 11829, 287
2026/09/22 21:55:46.246, 0, 12288, 11829, 287
2026/09/22 21:55:46.453, 0, 12288, 11829, 287
2026/09/22 21:55:46.660, 0, 12288, 11829, 287
2026/09/22 21:55:46.868, 0, 12288, 11829, 287
2026/09/22 21:55:47.075, 0, 12288, 11829, 287
2026/09/22 21:55:47.282, 0, 12288, 11829, 287
2026/09/22 21:55:47.486, 0, 12288, 11829, 287
2026/09/22 21:55:47.694, 0, 12288, 11829, 287
2026/09/22 21:55:47.901, 0, 12288, 11829, 287
2026/09/22 21:55:48.108, 0, 12288, 11829, 287
2026/09/22 21:55:48.313, 0, 12288, 11829, 287
2026/09/22 21:55:48.521, 0, 12288, 11829, 287
2026/09/22 21:55:48.728, 0, 12288, 11829, 287
2026/09/22 21:55:48.935, 0, 12288, 11829, 287
2026/09/22 21:55:49.142, 0, 12288, 11829, 287
2026/09/22 21:55:49.349, 0, 12288, 11829, 287
2026/09/22 21:55:49.556, 0, 12288, 11829, 287
2026/09/22 21:55:49.763, 0, 12288, 11829, 287
2026/09/22 21:55:49.969, 0, 12288, 11829, 287
2026/09/22 21:55:50.175, 0, 12288, 11829, 287
2026/09/22 21:55:50.381, 0, 12288, 11829, 287
2026/09/22 21:55:50.588, 0, 12288, 11829, 287
2026/09/22 21:55:50.793, 0, 12288, 11829, 287
2026/09/22 21:55:51.000, 0, 12288, 11829, 287
2026/09/22 21:55:51.206, 0, 12288, 11829, 287
2026/09/22 21:55:51.413, 0, 12288, 11829, 287
2026/09/22 21:55:51.619, 0, 12288, 11829, 287
2026/09/22 21:55:51.827, 0, 12288, 11829, 287
2026/09/22 21:55:52.032, 0, 12288, 11829, 287
2026/09/22 21:55:52.238, 0, 12288, 11829, 287
2026/09/22 21:55:52.445, 0, 12288, 11829, 287
2026/09/22 21:55:52.652, 0, 12288, 11829, 287
2026/09/22 21:55:52.860, 0, 12288, 11829, 287
2026/09/22 21:55:53.066, 0, 12288, 11829, 287
2026/09/22 21:55:53.274, 0, 12288, 11829, 287
2026/09/22 21:55:53.481, 0, 12288, 11829, 287
2026/09/22 21:55:53.689, 0, 12288, 11829, 287
2026/09/22 21:55:53.896, 0, 12288, 11829, 287
2026/09/22 21:55:54.104, 0, 12288, 11829, 287
2026/09/22 21:55:54.311, 0, 12288, 11829, 287
2026/09/22 21:55:54.518, 0, 12288, 11829, 287
2026/09/22 21:55:54.725, 0, 12288, 11829, 287
2026/09/22 21:55:54.932, 0, 12288, 11829, 287
2026/09/22 21:55:55.139, 0, 12288, 11829, 287
2026/09/22 21:55:55.346, 0, 12288, 11829, 287
2026/09/22 21:55:55.554, 0, 12288, 11829, 287
2026/09/22 21:55:55.759, 0, 12288, 11829, 287
2026/09/22 21:55:55.967, 0, 12288, 11829, 287
2026/09/22 21:55:56.174, 0, 12288, 11829, 287
2026/09/22 21:55:56.380, 0, 12288, 11829, 287
2026/09/22 21:55:56.588, 0, 12288, 11829, 287
2026/09/22 21:55:56.793, 0, 12288, 11829, 287
2026/09/22 21:55:56.999, 0, 12288, 11829, 287
2026/09/22 21:55:57.205, 0, 12288, 11829, 287
2026/09/22 21:55:57.411, 0, 12288, 11829, 287
2026/09/22 21:55:57.619, 0, 12288, 11829, 287
2026/09/22 21:55:57.827, 0, 12288, 11829, 287
2026/09/22 21:55:58.033, 0, 12288, 11829, 287
2026/09/22 21:55:58.239, 0, 12288, 11829, 287
2026/09/22 21:55:58.446, 0, 12288, 11829, 287
2026/09/22 21:55:58.654, 0, 12288, 11829, 287
2026/09/22 21:55:58.862, 0, 12288, 11829, 287
2026/09/22 21:55:59.064, 0, 12288, 11829, 287
2026/09/22 21:55:59.272, 0, 12288, 11829, 287
2026/09/22 21:55:59.478, 0, 12288, 11829, 287
2026/09/22 21:55:59.684, 0, 12288, 11829, 287
2026/09/22 21:55:59.892, 0, 12288, 11829, 287
2026/09/22 21:56:00.098, 0, 12288, 11829, 287
2026/09/22 21:56:00.306, 0, 12288, 11829, 287
2026/09/22 21:56:00.514, 0, 12288, 11829, 287
2026/09/22 21:56:00.721, 0, 12288, 11829, 287
2026/09/22 21:56:00.925, 0, 12288, 11829, 287
2026/09/22 21:56:01.133, 0, 12288, 11829, 287
2026/09/22 21:56:01.339, 0, 12288, 11829, 287
2026/09/22 21:56:01.547, 0, 12288, 11829, 287
2026/09/22 21:56:01.752, 0, 12288, 11829, 287
2026/09/22 21:56:01.956, 0, 12288, 11829, 287
2026/09/22 21:56:02.164, 0, 12288, 11829, 287
2026/09/22 21:56:02.370, 0, 12288, 11829, 287
2026/09/22 21:56:02.576, 0, 12288, 11829, 287
2026/09/22 21:56:02.781, 0, 12288, 11829, 287
2026/09/22 21:56:02.988, 0, 12288, 11829, 287
2026/09/22 21:56:03.196, 0, 12288, 11829, 287
2026/09/22 21:56:03.404, 0, 12288, 11829, 287
2026/09/22 21:56:03.611, 0, 12288, 11829, 287
2026/09/22 21:56:03.818, 0, 12288, 11829, 287
2026/09/22 21:56:04.025, 0, 12288, 11829, 287
2026/09/22 21:56:04.233, 0, 12288, 11829, 287
2026/09/22 21:56:04.439, 0, 12288, 11829, 287
2026/09/22 21:56:04.647, 0, 12288, 11829, 287
2026/09/22 21:56:04.855, 0, 12288, 11829, 287
2026/09/22 21:56:05.062, 0, 12288, 11829, 287
2026/09/22 21:56:05.269, 0, 12288, 11829, 287
2026/09/22 21:56:05.475, 0, 12288, 11829, 287
2026/09/22 21:56:05.683, 0, 12288, 11829, 287
2026/09/22 21:56:05.890, 0, 12288, 11829, 287
2026/09/22 21:56:06.097, 0, 12288, 11829, 287
2026/09/22 21:56:06.305, 0, 12288, 11829, 287
2026/09/22 21:56:06.513, 0, 12288, 11829, 287
2026/09/22 21:56:06.719, 0, 12288, 11829, 287
2026/09/22 21:56:06.925, 0, 12288, 11829, 287
2026/09/22 21:56:07.133, 0, 12288, 11829, 287
2026/09/22 21:56:07.340, 0, 12288, 11829, 287
2026/09/22 21:56:07.546, 0, 12288, 11829, 287
2026/09/22 21:56:07.752, 0, 12288, 11829, 287
2026/09/22 21:56:07.957, 0, 12288, 11829, 287
2026/09/22 21:56:08.164, 0, 12288, 11829, 287
2026/09/22 21:56:08.371, 0, 12288, 11829, 287
2026/09/22 21:56:08.578, 0, 12288, 11829, 287
2026/09/22 21:56:08.784, 0, 12288, 11829, 287
2026/09/22 21:56:08.991, 0, 12288, 11829, 287
2026/09/22 21:56:09.199, 0, 12288, 11829, 287
2026/09/22 21:56:09.406, 0, 12288, 11829, 287
2026/09/22 21:56:09.611, 0, 12288, 11829, 287
2026/09/22 21:56:09.819, 0, 12288, 11829, 287
2026/09/22 21:56:10.025, 0, 12288, 11829, 287
2026/09/22 21:56:10.233, 0, 12288, 11829, 287
2026/09/22 21:56:10.440, 0, 12288, 11829, 287
2026/09/22 21:56:10.646, 0, 12288, 11829, 287
2026/09/22 21:56:10.853, 0, 12288, 11829, 287
2026/09/22 21:56:11.061, 0, 12288, 11829, 287
2026/09/22 21:56:11.270, 0, 12288, 11829, 287
2026/09/22 21:56:11.478, 0, 12288, 11829, 287
2026/09/22 21:56:11.685, 0, 12288, 11829, 287
2026/09/22 21:56:11.893, 0, 12288, 11829, 287
2026/09/22 21:56:12.098, 0, 12288, 11829, 287
2026/09/22 21:56:12.304, 0, 12288, 11829, 287
2026/09/22 21:56:12.510, 0, 12288, 11829, 287
2026/09/22 21:56:12.717, 0, 12288, 11829, 287
2026/09/22 21:56:12.924, 0, 12288, 11829, 287
2026/09/22 21:56:13.129, 0, 12288, 11829, 287
2026/09/22 21:56:13.337, 0, 12288, 11829, 287
2026/09/22 21:56:13.544, 0, 12288, 11829, 287
2026/09/22 21:56:13.750, 0, 12288, 11829, 287
2026/09/22 21:56:13.956, 0, 12288, 11829, 287
2026/09/22 21:56:14.164, 0, 12288, 11829, 287
2026/09/22 21:56:14.372, 0, 12288, 11829, 287
2026/09/22 21:56:14.580, 0, 12288, 11829, 287
2026/09/22 21:56:14.786, 0, 12288, 11829, 287
2026/09/22 21:56:14.994, 0, 12288, 11829, 287
2026/09/22 21:56:15.199, 0, 12288, 11829, 287
2026/09/22 21:56:15.404, 0, 12288, 11829, 287
2026/09/22 21:56:15.611, 0, 12288, 11829, 287
2026/09/22 21:56:15.818, 0, 12288, 11829, 287
2026/09/22 21:56:16.026, 0, 12288, 11829, 287
2026/09/22 21:56:16.231, 0, 12288, 11829, 287
2026/09/22 21:56:16.438, 0, 12288, 11829, 287
2026/09/22 21:56:16.644, 0, 12288, 11829, 287
2026/09/22 21:56:16.851, 0, 12288, 11829, 287
2026/09/22 21:56:17.058, 0, 12288, 11829, 287
2026/09/22 21:56:17.266, 0, 12288, 11829, 287
2026/09/22 21:56:17.474, 0, 12288, 11829, 287
2026/09/22 21:56:17.682, 0, 12288, 11829, 287
2026/09/22 21:56:17.889, 0, 12288, 11829, 287
2026/09/22 21:56:18.097, 0, 12288, 11829, 287
2026/09/22 21:56:18.304, 0, 12288, 11829, 287
2026/09/22 21:56:18.512, 0, 12288, 11829, 287
2026/09/22 21:56:18.720, 0, 12288, 11829, 287
2026/09/22 21:56:18.926, 0, 12288, 11829, 287
2026/09/22 21:56:19.133, 0, 12288, 11829, 287
2026/09/22 21:56:19.340, 0, 12288, 11829, 287
2026/09/22 21:56:19.548, 0, 12288, 11829, 287
2026/09/22 21:56:19.753, 0, 12288, 11829, 287
2026/09/22 21:56:19.955, 0, 12288, 11829, 287
2026/09/22 21:56:20.163, 0, 12288, 11829, 287
2026/09/22 21:56:20.371, 0, 12288, 11829, 287
2026/09/22 21:56:20.578, 0, 12288, 11829, 287
2026/09/22 21:56:20.783, 0, 12288, 11829, 287
2026/09/22 21:56:20.991, 0, 12288, 11829, 287
2026/09/22 21:56:21.199, 0, 12288, 11829, 287
2026/09/22 21:56:21.407, 0, 12288, 11829, 287
2026/09/22 21:56:21.613, 0, 12288, 11829, 287
2026/09/22 21:56:21.818, 0, 12288, 11829, 287
2026/09/22 21:56:22.026, 0, 12288, 11829, 287
2026/09/22 21:56:22.233, 0, 12288, 11829, 287
2026/09/22 21:56:22.440, 0, 12288, 11829, 287
2026/09/22 21:56:22.645, 0, 12288, 11829, 287
2026/09/22 21:56:22.852, 0, 12288, 11829, 287
2026/09/22 21:56:23.059, 0, 12288, 11829, 287
2026/09/22 21:56:23.266, 0, 12288, 11829, 287
2026/09/22 21:56:23.471, 0, 12288, 11829, 287
2026/09/22 21:56:23.679, 0, 12288, 11829, 287
2026/09/22 21:56:23.886, 0, 12288, 11829, 287
2026/09/22 21:56:24.094, 0, 12288, 11829, 287
2026/09/22 21:56:24.301, 0, 12288, 11829, 287
2026/09/22 21:56:24.506, 0, 12288, 11829, 287
2026/09/22 21:56:24.714, 0, 12288, 11829, 287
2026/09/22 21:56:24.921, 0, 12288, 11829, 287
2026/09/22 21:56:25.129, 0, 12288, 11829, 287
2026/09/22 21:56:25.337, 0, 12288, 11829, 287
2026/09/22 21:56:25.544, 0, 12288, 11829, 287
2026/09/22 21:56:25.752, 0, 12288, 11829, 287
2026/09/22 21:56:25.959, 0, 12288, 11829, 287
2026/09/22 21:56:26.167, 0, 12288, 11829, 287
2026/09/22 21:56:26.374, 0, 12288, 11829, 287
2026/09/22 21:56:26.598, 0, 12288, 11829, 287
2026/09/22 21:56:26.805, 0, 12288, 11829, 287
2026/09/22 21:56:27.013, 0, 12288, 11829, 287
2026/09/22 21:56:27.221, 0, 12288, 11829, 287
2026/09/22 21:56:27.428, 0, 12288, 11829, 287
2026/09/22 21:56:27.636, 0, 12288, 11829, 287
2026/09/22 21:56:27.842, 0, 12288, 11829, 287
2026/09/22 21:56:28.050, 0, 12288, 11829, 287
2026/09/22 21:56:28.256, 0, 12288, 11829, 287
2026/09/22 21:56:28.463, 0, 12288, 11829, 287
2026/09/22 21:56:28.671, 0, 12288, 11829, 287
2026/09/22 21:56:28.879, 0, 12288, 11829, 287
2026/09/22 21:56:29.086, 0, 12288, 11829, 287
2026/09/22 21:56:29.292, 0, 12288, 11829, 287
2026/09/22 21:56:29.499, 0, 12288, 11829, 287
2026/09/22 21:56:29.707, 0, 12288, 11829, 287
2026/09/22 21:56:29.914, 0, 12288, 11829, 287
2026/09/22 21:56:30.122, 0, 12288, 11829, 287
2026/09/22 21:56:30.329, 0, 12288, 11829, 287
2026/09/22 21:56:30.536, 0, 12288, 11829, 287
2026/09/22 21:56:30.743, 0, 12288, 11829, 287
2026/09/22 21:56:30.951, 0, 12288, 11829, 287
2026/09/22 21:56:31.157, 0, 12288, 11829, 287
2026/09/22 21:56:31.363, 0, 12288, 11829, 287
2026/09/22 21:56:31.570, 0, 12288, 11829, 287
2026/09/22 21:56:31.777, 0, 12288, 11829, 287
2026/09/22 21:56:31.984, 0, 12288, 11829, 287
2026/09/22 21:56:32.191, 0, 12288, 11829, 287
2026/09/22 21:56:32.399, 0, 12288, 11829, 287
2026/09/22 21:56:32.605, 0, 12288, 11829, 287
2026/09/22 21:56:32.813, 0, 12288, 11829, 287
2026/09/22 21:56:33.018, 0, 12288, 11829, 287
2026/09/22 21:56:33.226, 0, 12288, 11829, 287
2026/09/22 21:56:33.433, 0, 12288, 11829, 287
2026/09/22 21:56:33.641, 0, 12288, 11829, 287
2026/09/22 21:56:33.846, 0, 12288, 11829, 287
2026/09/22 21:56:34.053, 0, 12288, 11829, 287
2026/09/22 21:56:34.261, 0, 12288, 11829, 287
2026/09/22 21:56:34.467, 0, 12288, 11829, 287
2026/09/22 21:56:34.671, 0, 12288, 11829, 287
2026/09/22 21:56:34.877, 0, 12288, 11829, 287
2026/09/22 21:56:35.081, 0, 12288, 11829, 287
2026/09/22 21:56:35.288, 0, 12288, 11829, 287
2026/09/22 21:56:35.495, 0, 12288, 11829, 287
2026/09/22 21:56:35.702, 0, 12288, 11829, 287
2026/09/22 21:56:35.908, 0, 12288, 11829, 287
2026/09/22 21:56:36.115, 0, 12288, 11829, 287
2026/09/22 21:56:36.323, 0, 12288, 11829, 287
2026/09/22 21:56:36.531, 0, 12288, 11829, 287
2026/09/22 21:56:36.740, 0, 12288, 11829, 287
2026/09/22 21:56:36.948, 0, 12288, 11829, 287
2026/09/22 21:56:37.154, 0, 12288, 11829, 287
2026/09/22 21:56:37.360, 0, 12288, 11829, 287
2026/09/22 21:56:37.566, 0, 12288, 11829, 287
2026/09/22 21:56:37.773, 0, 12288, 11829, 287
2026/09/22 21:56:37.980, 0, 12288, 11829, 287
2026/09/22 21:56:38.188, 0, 12288, 11829, 287
2026/09/22 21:56:38.392, 0, 12288, 11829, 287
2026/09/22 21:56:38.597, 0, 12288, 11829, 287
2026/09/22 21:56:38.803, 0, 12288, 11829, 287
2026/09/22 21:56:39.010, 0, 12288, 11829, 287
2026/09/22 21:56:39.217, 0, 12288, 11829, 287
2026/09/22 21:56:39.422, 0, 12288, 11829, 287
2026/09/22 21:56:39.630, 0, 12288, 11829, 287
2026/09/22 21:56:39.838, 0, 12288, 11829, 287
2026/09/22 21:56:40.046, 0, 12288, 11829, 287
2026/09/22 21:56:40.254, 0, 12288, 11829, 287
2026/09/22 21:56:40.461, 0, 12288, 11829, 287
2026/09/22 21:56:40.666, 0, 12288, 11829, 287
2026/09/22 21:56:40.874, 0, 12288, 11829, 287
2026/09/22 21:56:41.081, 0, 12288, 11829, 287
2026/09/22 21:56:41.289, 0, 12288, 11829, 287
2026/09/22 21:56:41.497, 0, 12288, 11829, 287
2026/09/22 21:56:41.704, 0, 12288, 11829, 287
2026/09/22 21:56:41.912, 0, 12288, 11829, 287
2026/09/22 21:56:42.118, 0, 12288, 11829, 287
2026/09/22 21:56:42.326, 0, 12288, 11829, 287
2026/09/22 21:56:42.533, 0, 12288, 11829, 287
2026/09/22 21:56:42.740, 0, 12288, 11829, 287
2026/09/22 21:56:42.948, 0, 12288, 11829, 287
2026/09/22 21:56:43.154, 0, 12288, 11829, 287
2026/09/22 21:56:43.360, 0, 12288, 11829, 287
2026/09/22 21:56:43.566, 0, 12288, 11829, 287
2026/09/22 21:56:43.773, 0, 12288, 11829, 287
2026/09/22 21:56:43.981, 0, 12288, 11829, 287
2026/09/22 21:56:44.187, 0, 12288, 11829, 287
2026/09/22 21:56:44.394, 0, 12288, 11829, 287
2026/09/22 21:56:44.600, 0, 12288, 11829, 287
2026/09/22 21:56:44.808, 0, 12288, 11829, 287
2026/09/22 21:56:45.016, 0, 12288, 11829, 287
2026/09/22 21:56:45.223, 0, 12288, 11829, 287
2026/09/22 21:56:45.430, 0, 12288, 11829, 287
2026/09/22 21:56:45.637, 0, 12288, 11829, 287
2026/09/22 21:56:45.843, 0, 12288, 11829, 287
2026/09/22 21:56:46.048, 0, 12288, 11829, 287
2026/09/22 21:56:46.254, 0, 12288, 11829, 287
2026/09/22 21:56:46.462, 0, 12288, 11829, 287
2026/09/22 21:56:46.670, 0, 12288, 11829, 287
2026/09/22 21:56:46.876, 0, 12288, 11829, 287
2026/09/22 21:56:47.085, 0, 12288, 11829, 287
2026/09/22 21:56:47.291, 0, 12288, 11829, 287
2026/09/22 21:56:47.498, 0, 12288, 11829, 287
2026/09/22 21:56:47.703, 0, 12288, 11829, 287
2026/09/22 21:56:47.911, 0, 12288, 11829, 287
2026/09/22 21:56:48.119, 0, 12288, 11829, 287
2026/09/22 21:56:48.326, 0, 12288, 11829, 287
2026/09/22 21:56:48.533, 0, 12288, 11829, 287
2026/09/22 21:56:48.740, 0, 12288, 11829, 287
2026/09/22 21:56:48.948, 0, 12288, 11829, 287
2026/09/22 21:56:49.155, 0, 12288, 11829, 287
2026/09/22 21:56:49.362, 0, 12288, 11829, 287
2026/09/22 21:56:49.566, 0, 12288, 11829, 287
2026/09/22 21:56:49.774, 0, 12288, 11829, 287
2026/09/22 21:56:49.982, 0, 12288, 11829, 287
2026/09/22 21:56:50.190, 0, 12288, 11829, 287
2026/09/22 21:56:50.395, 0, 12288, 11829, 287
2026/09/22 21:56:50.603, 0, 12288, 11829, 287
2026/09/22 21:56:50.810, 0, 12288, 11829, 287
2026/09/22 21:56:51.016, 0, 12288, 11829, 287
2026/09/22 21:56:51.221, 0, 12288, 11829, 287
2026/09/22 21:56:51.429, 0, 12288, 11829, 287
2026/09/22 21:56:51.637, 0, 12288, 11829, 287
2026/09/22 21:56:51.845, 0, 12288, 11829, 287
2026/09/22 21:56:52.051, 0, 12288, 11829, 287
2026/09/22 21:56:52.258, 0, 12288, 11829, 287
2026/09/22 21:56:52.463, 0, 12288, 11829, 287
2026/09/22 21:56:52.671, 0, 12288, 11829, 287
2026/09/22 21:56:52.879, 0, 12288, 11829, 287
2026/09/22 21:56:53.087, 0, 12288, 11829, 287
2026/09/22 21:56:53.295, 0, 12288, 11829, 287
2026/09/22 21:56:53.501, 0, 12288, 11829, 287
2026/09/22 21:56:53.707, 0, 12288, 11829, 287
2026/09/22 21:56:53.914, 0, 12288, 11829, 287
2026/09/22 21:56:54.121, 0, 12288, 11829, 287
2026/09/22 21:56:54.328, 0, 12288, 11829, 287
2026/09/22 21:56:54.535, 0, 12288, 11829, 287
2026/09/22 21:56:54.743, 0, 12288, 11829, 287
2026/09/22 21:56:54.949, 0, 12288, 11829, 287
2026/09/22 21:56:55.156, 0, 12288, 11829, 287
2026/09/22 21:56:55.361, 0, 12288, 11829, 287
2026/09/22 21:56:55.569, 0, 12288, 11829, 287
2026/09/22 21:56:55.775, 0, 12288, 11829, 287
2026/09/22 21:56:55.980, 0, 12288, 11829, 287
2026/09/22 21:56:56.187, 0, 12288, 11829, 287
2026/09/22 21:56:56.394, 0, 12288, 11829, 287
2026/09/22 21:56:56.601, 0, 12288, 11829, 287
2026/09/22 21:56:56.806, 0, 12288, 11829, 287
2026/09/22 21:56:57.011, 0, 12288, 11829, 287
2026/09/22 21:56:57.218, 0, 12288, 11829, 287
2026/09/22 21:56:57.424, 0, 12288, 11829, 287
2026/09/22 21:56:57.632, 0, 12288, 11829, 287
2026/09/22 21:56:57.839, 0, 12288, 11829, 287
2026/09/22 21:56:58.046, 0, 12288, 11829, 287
2026/09/22 21:56:58.252, 0, 12288, 11829, 287
2026/09/22 21:56:58.460, 0, 12288, 11829, 287
2026/09/22 21:56:58.664, 0, 12288, 11829, 287
2026/09/22 21:56:58.872, 0, 12288, 11829, 287
2026/09/22 21:56:59.079, 0, 12288, 11829, 287
2026/09/22 21:56:59.298, 0, 12288, 11829, 287
2026/09/22 21:56:59.502, 0, 12288, 11829, 287
2026/09/22 21:56:59.707, 0, 12288, 11829, 287
2026/09/22 21:56:59.914, 0, 12288, 11829, 287
2026/09/22 21:57:00.122, 0, 12288, 11829, 287
2026/09/22 21:57:00.329, 0, 12288, 11829, 287
2026/09/22 21:57:00.534, 0, 12288, 11829, 287
2026/09/22 21:57:00.742, 0, 12288, 11829, 287
2026/09/22 21:57:00.948, 0, 12288, 11829, 287
2026/09/22 21:57:01.155, 0, 12288, 11829, 287
2026/09/22 21:57:01.361, 0, 12288, 11829, 287
2026/09/22 21:57:01.568, 0, 12288, 11829, 287
2026/09/22 21:57:01.774, 0, 12288, 11829, 287
2026/09/22 21:57:01.979, 0, 12288, 11829, 287
2026/09/22 21:57:02.187, 0, 12288, 11829, 287
2026/09/22 21:57:02.393, 0, 12288, 11829, 287
2026/09/22 21:57:02.599, 0, 12288, 11829, 287
2026/09/22 21:57:02.806, 0, 12288, 11829, 287
2026/09/22 21:57:03.010, 0, 12288, 11829, 287
2026/09/22 21:57:03.217, 0, 12288, 11829, 287
2026/09/22 21:57:03.423, 0, 12288, 11829, 287
2026/09/22 21:57:03.626, 0, 12288, 11829, 287
2026/09/22 21:57:03.833, 0, 12288, 11829, 287
2026/09/22 21:57:04.040, 0, 12288, 11829, 287
2026/09/22 21:57:04.247, 0, 12288, 11829, 287
2026/09/22 21:57:04.453, 0, 12288, 11829, 287
2026/09/22 21:57:04.661, 0, 12288, 11829, 287
2026/09/22 21:57:04.867, 0, 12288, 11829, 287
2026/09/22 21:57:05.074, 0, 12288, 11829, 287
2026/09/22 21:57:05.280, 0, 12288, 11829, 287
2026/09/22 21:57:05.487, 0, 12288, 11829, 287
2026/09/22 21:57:05.691, 0, 12288, 11829, 287
2026/09/22 21:57:05.896, 0, 12288, 11829, 287
2026/09/22 21:57:06.103, 0, 12288, 11829, 287
2026/09/22 21:57:06.309, 0, 12288, 11829, 287
2026/09/22 21:57:06.515, 0, 12288, 11829, 287
2026/09/22 21:57:06.722, 0, 12288, 11829, 287
2026/09/22 21:57:06.929, 0, 12288, 11829, 287
2026/09/22 21:57:07.137, 0, 12288, 11829, 287
2026/09/22 21:57:07.345, 0, 12288, 11829, 287
2026/09/22 21:57:07.551, 0, 12288, 11829, 287
2026/09/22 21:57:07.759, 0, 12288, 11829, 287
2026/09/22 21:57:07.967, 0, 12288, 11829, 287
2026/09/22 21:57:08.174, 0, 12288, 11829, 287
2026/09/22 21:57:08.381, 0, 12288, 11829, 287
2026/09/22 21:57:08.588, 0, 12288, 11829, 287
2026/09/22 21:57:08.795, 0, 12288, 11829, 287
2026/09/22 21:57:09.001, 0, 12288, 11829, 287
2026/09/22 21:57:09.208, 0, 12288, 11829, 287
2026/09/22 21:57:09.416, 0, 12288, 11829, 287
2026/09/22 21:57:09.624, 0, 12288, 11829, 287
2026/09/22 21:57:09.830, 0, 12288, 11829, 287
2026/09/22 21:57:10.037, 0, 12288, 11829, 287
2026/09/22 21:57:10.244, 0, 12288, 11829, 287
2026/09/22 21:57:10.452, 0, 12288, 11829, 287
2026/09/22 21:57:10.660, 0, 12288, 11829, 287
2026/09/22 21:57:10.866, 0, 12288, 11829, 287
2026/09/22 21:57:11.072, 0, 12288, 11829, 287
2026/09/22 21:57:11.279, 0, 12288, 11829, 287
2026/09/22 21:57:11.486, 0, 12288, 11829, 287
2026/09/22 21:57:11.692, 0, 12288, 11829, 287
2026/09/22 21:57:11.900, 0, 12288, 11829, 287
2026/09/22 21:57:12.108, 0, 12288, 11829, 287
2026/09/22 21:57:12.315, 0, 12288, 11829, 287
2026/09/22 21:57:12.520, 0, 12288, 11829, 287
2026/09/22 21:57:12.728, 0, 12288, 11829, 287
2026/09/22 21:57:12.935, 0, 12288, 11829, 287
2026/09/22 21:57:13.141, 0, 12288, 11829, 287
2026/09/22 21:57:13.348, 0, 12288, 11829, 287
2026/09/22 21:57:13.555, 0, 12288, 11829, 287
2026/09/22 21:57:13.762, 0, 12288, 11829, 287
2026/09/22 21:57:13.969, 0, 12288, 11829, 287
2026/09/22 21:57:14.177, 0, 12288, 11829, 287
2026/09/22 21:57:14.385, 0, 12288, 11829, 287
2026/09/22 21:57:14.589, 0, 12288, 11829, 287
2026/09/22 21:57:14.797, 0, 12288, 11829, 287
2026/09/22 21:57:15.004, 0, 12288, 11829, 287
2026/09/22 21:57:15.212, 0, 12288, 11829, 287
2026/09/22 21:57:15.417, 0, 12288, 11829, 287
2026/09/22 21:57:15.623, 0, 12288, 11829, 287
2026/09/22 21:57:15.832, 0, 12288, 11829, 287
2026/09/22 21:57:16.039, 0, 12288, 11829, 287
2026/09/22 21:57:16.246, 0, 12288, 11829, 287
2026/09/22 21:57:16.453, 0, 12288, 11829, 287
2026/09/22 21:57:16.659, 0, 12288, 11829, 287
2026/09/22 21:57:16.865, 0, 12288, 11829, 287
2026/09/22 21:57:17.072, 0, 12288, 11829, 287
2026/09/22 21:57:17.280, 0, 12288, 11829, 287
2026/09/22 21:57:17.488, 0, 12288, 11829, 287
2026/09/22 21:57:17.695, 0, 12288, 11829, 287
2026/09/22 21:57:17.901, 0, 12288, 11829, 287
2026/09/22 21:57:18.108, 0, 12288, 11829, 287
2026/09/22 21:57:18.316, 0, 12288, 11829, 287
2026/09/22 21:57:18.523, 0, 12288, 11829, 287
2026/09/22 21:57:18.731, 0, 12288, 11829, 287
2026/09/22 21:57:18.939, 0, 12288, 11829, 287
2026/09/22 21:57:19.145, 0, 12288, 11829, 287
2026/09/22 21:57:19.353, 0, 12288, 11829, 287
2026/09/22 21:57:19.561, 0, 12288, 11829, 287
2026/09/22 21:57:19.769, 0, 12288, 11829, 287
2026/09/22 21:57:19.977, 0, 12288, 11829, 287
2026/09/22 21:57:20.182, 0, 12288, 11829, 287
2026/09/22 21:57:20.390, 0, 12288, 11829, 287
2026/09/22 21:57:20.597, 0, 12288, 11829, 287
2026/09/22 21:57:20.805, 0, 12288, 11829, 287
2026/09/22 21:57:21.013, 0, 12288, 11829, 287
2026/09/22 21:57:21.220, 0, 12288, 11829, 287
2026/09/22 21:57:21.428, 0, 12288, 11829, 287
2026/09/22 21:57:21.635, 0, 12288, 11829, 287
2026/09/22 21:57:21.843, 0, 12288, 11829, 287
2026/09/22 21:57:22.050, 0, 12288, 11829, 287
2026/09/22 21:57:22.255, 0, 12288, 11829, 287
2026/09/22 21:57:22.478, 0, 12288, 11829, 287
2026/09/22 21:57:22.684, 0, 12288, 11829, 287
2026/09/22 21:57:22.890, 0, 12288, 11829, 287
2026/09/22 21:57:23.096, 0, 12288, 11829, 287
2026/09/22 21:57:23.303, 0, 12288, 11829, 287
2026/09/22 21:57:23.511, 0, 12288, 11829, 287
2026/09/22 21:57:23.719, 0, 12288, 11829, 287
2026/09/22 21:57:23.926, 0, 12288, 11829, 287
2026/09/22 21:57:24.133, 0, 12288, 11829, 287
2026/09/22 21:57:24.339, 0, 12288, 11829, 287
2026/09/22 21:57:24.546, 0, 12288, 11829, 287
2026/09/22 21:57:24.754, 0, 12288, 11829, 287
2026/09/22 21:57:24.960, 0, 12288, 11829, 287
2026/09/22 21:57:25.168, 0, 12288, 11829, 287
2026/09/22 21:57:25.375, 0, 12288, 11829, 287
2026/09/22 21:57:25.580, 0, 12288, 11829, 287
2026/09/22 21:57:25.788, 0, 12288, 11829, 287
2026/09/22 21:57:25.994, 0, 12288, 11829, 287
2026/09/22 21:57:26.202, 0, 12288, 11829, 287
2026/09/22 21:57:26.409, 0, 12288, 11829, 287
2026/09/22 21:57:26.615, 0, 12288, 11829, 287
2026/09/22 21:57:26.822, 0, 12288, 11829, 287
2026/09/22 21:57:27.030, 0, 12288, 11829, 287
2026/09/22 21:57:27.236, 0, 12288, 11829, 287
2026/09/22 21:57:27.441, 0, 12288, 11829, 287
2026/09/22 21:57:27.648, 0, 12288, 11829, 287
2026/09/22 21:57:27.856, 0, 12288, 11829, 287
2026/09/22 21:57:28.064, 0, 12288, 11829, 287
2026/09/22 21:57:28.270, 0, 12288, 11829, 287
2026/09/22 21:57:28.478, 0, 12288, 11829, 287
2026/09/22 21:57:28.686, 0, 12288, 11829, 287
2026/09/22 21:57:28.892, 0, 12288, 11829, 287
2026/09/22 21:57:29.098, 0, 12288, 11829, 287
2026/09/22 21:57:29.305, 0, 12288, 11829, 287
2026/09/22 21:57:29.511, 0, 12288, 11829, 287
2026/09/22 21:57:29.719, 0, 12288, 11829, 287
2026/09/22 21:57:29.926, 0, 12288, 11829, 287
2026/09/22 21:57:30.132, 0, 12288, 11829, 287
2026/09/22 21:57:30.341, 0, 12288, 11829, 287
2026/09/22 21:57:30.549, 0, 12288, 11829, 287
2026/09/22 21:57:30.754, 0, 12288, 11829, 287
2026/09/22 21:57:30.961, 0, 12288, 11829, 287
2026/09/22 21:57:31.168, 0, 12288, 11829, 287
2026/09/22 21:57:31.376, 0, 12288, 11829, 287
2026/09/22 21:57:31.584, 0, 12288, 11829, 287
2026/09/22 21:57:31.791, 0, 12288, 11829, 287
2026/09/22 21:57:31.998, 0, 12288, 11829, 287
2026/09/22 21:57:32.206, 0, 12288, 11829, 287
2026/09/22 21:57:32.412, 0, 12288, 11829, 287
2026/09/22 21:57:32.619, 0, 12288, 11829, 287
2026/09/22 21:57:32.826, 0, 12288, 11829, 287
2026/09/22 21:57:33.033, 0, 12288, 11829, 287
2026/09/22 21:57:33.240, 0, 12288, 11829, 287
2026/09/22 21:57:33.448, 0, 12288, 11829, 287
2026/09/22 21:57:33.655, 0, 12288, 11829, 287
2026/09/22 21:57:33.861, 0, 12288, 11829, 287
2026/09/22 21:57:34.067, 0, 12288, 11829, 287
2026/09/22 21:57:34.272, 0, 12288, 11829, 287
2026/09/22 21:57:34.480, 0, 12288, 11829, 287
2026/09/22 21:57:34.686, 0, 12288, 11829, 287
2026/09/22 21:57:34.892, 0, 12288, 11829, 287
2026/09/22 21:57:35.098, 0, 12288, 11829, 287
2026/09/22 21:57:35.305, 0, 12288, 11829, 287
2026/09/22 21:57:35.512, 0, 12288, 11829, 287
2026/09/22 21:57:35.720, 0, 12288, 11829, 287
2026/09/22 21:57:35.927, 0, 12288, 11829, 287
2026/09/22 21:57:36.134, 0, 12288, 11829, 287
2026/09/22 21:57:36.341, 0, 12288, 11829, 287
2026/09/22 21:57:36.549, 0, 12288, 11829, 287
2026/09/22 21:57:36.755, 0, 12288, 11829, 287
2026/09/22 21:57:36.963, 0, 12288, 11829, 287
2026/09/22 21:57:37.170, 0, 12288, 11829, 287
2026/09/22 21:57:37.376, 0, 12288, 11829, 287
2026/09/22 21:57:37.582, 0, 12288, 11829, 287
2026/09/22 21:57:37.790, 0, 12288, 11829, 287
2026/09/22 21:57:37.997, 0, 12288, 11829, 287
2026/09/22 21:57:38.204, 0, 12288, 11829, 287
2026/09/22 21:57:38.411, 0, 12288, 11829, 287
2026/09/22 21:57:38.617, 0, 12288, 11829, 287
2026/09/22 21:57:38.823, 0, 12288, 11829, 287
2026/09/22 21:57:39.030, 0, 12288, 11829, 287
2026/09/22 21:57:39.238, 0, 12288, 11829, 287
2026/09/22 21:57:39.445, 0, 12288, 11829, 287
2026/09/22 21:57:39.653, 0, 12288, 11829, 287
2026/09/22 21:57:39.861, 0, 12288, 11829, 287
2026/09/22 21:57:40.068, 0, 12288, 11829, 287
2026/09/22 21:57:40.276, 0, 12288, 11829, 287
2026/09/22 21:57:40.484, 0, 12288, 11829, 287
2026/09/22 21:57:40.690, 0, 12288, 11829, 287
2026/09/22 21:57:40.896, 0, 12288, 11829, 287
2026/09/22 21:57:41.104, 0, 12288, 11829, 287
2026/09/22 21:57:41.311, 0, 12288, 11829, 287
2026/09/22 21:57:41.518, 0, 12288, 11829, 287
2026/09/22 21:57:41.725, 0, 12288, 11829, 287
2026/09/22 21:57:41.932, 0, 12288, 11829, 287
2026/09/22 21:57:42.139, 0, 12288, 11829, 287
2026/09/22 21:57:42.347, 0, 12288, 11829, 287
2026/09/22 21:57:42.555, 0, 12288, 11829, 287
2026/09/22 21:57:42.763, 0, 12288, 11829, 287
2026/09/22 21:57:42.971, 0, 12288, 11829, 287
2026/09/22 21:57:43.179, 0, 12288, 11829, 287
2026/09/22 21:57:43.384, 0, 12288, 11829, 287
2026/09/22 21:57:43.590, 0, 12288, 11829, 287
2026/09/22 21:57:43.797, 0, 12288, 11829, 287
2026/09/22 21:57:44.003, 0, 12288, 11829, 287
2026/09/22 21:57:44.210, 0, 12288, 11829, 287
2026/09/22 21:57:44.418, 0, 12288, 11829, 287
2026/09/22 21:57:44.626, 0, 12288, 11829, 287
2026/09/22 21:57:44.832, 0, 12288, 11829, 287
2026/09/22 21:57:45.040, 0, 12288, 11829, 287
2026/09/22 21:57:45.247, 0, 12288, 11829, 287
2026/09/22 21:57:45.453, 0, 12288, 11829, 287
2026/09/22 21:57:45.661, 0, 12288, 11829, 287
2026/09/22 21:57:45.868, 0, 12288, 11829, 287
2026/09/22 21:57:46.076, 0, 12288, 11829, 287
2026/09/22 21:57:46.284, 0, 12288, 11829, 287
2026/09/22 21:57:46.490, 0, 12288, 11829, 287
2026/09/22 21:57:46.698, 0, 12288, 11829, 287
2026/09/22 21:57:46.904, 0, 12288, 11829, 287
2026/09/22 21:57:47.111, 0, 12288, 11829, 287
2026/09/22 21:57:47.319, 0, 12288, 11829, 287
2026/09/22 21:57:47.527, 0, 12288, 11829, 287
2026/09/22 21:57:47.735, 0, 12288, 11829, 287
2026/09/22 21:57:47.940, 0, 12288, 11829, 287
2026/09/22 21:57:48.146, 0, 12288, 11829, 287
2026/09/22 21:57:48.354, 0, 12288, 11829, 287
2026/09/22 21:57:48.562, 0, 12288, 11829, 287
2026/09/22 21:57:48.767, 0, 12288, 11829, 287
2026/09/22 21:57:48.971, 0, 12288, 11829, 287
2026/09/22 21:57:49.179, 0, 12288, 11829, 287
2026/09/22 21:57:49.387, 0, 12288, 11829, 287
2026/09/22 21:57:49.595, 0, 12288, 11829, 287
2026/09/22 21:57:49.800, 0, 12288, 11829, 287
2026/09/22 21:57:50.007, 0, 12288, 11829, 287
2026/09/22 21:57:50.213, 0, 12288, 11829, 287
2026/09/22 21:57:50.420, 0, 12288, 11829, 287
2026/09/22 21:57:50.628, 0, 12288, 11829, 287
2026/09/22 21:57:50.834, 0, 12288, 11829, 287
2026/09/22 21:57:51.040, 0, 12288, 11829, 287
2026/09/22 21:57:51.247, 0, 12288, 11829, 287
2026/09/22 21:57:51.454, 0, 12288, 11829, 287
2026/09/22 21:57:51.662, 0, 12288, 11829, 287
2026/09/22 21:57:51.868, 0, 12288, 11829, 287
2026/09/22 21:57:52.076, 0, 12288, 11829, 287
2026/09/22 21:57:52.283, 0, 12288, 11829, 287
2026/09/22 21:57:52.489, 0, 12288, 11829, 287
2026/09/22 21:57:52.695, 0, 12288, 11829, 287
2026/09/22 21:57:52.902, 0, 12288, 11829, 287
2026/09/22 21:57:53.110, 0, 12288, 11829, 287
2026/09/22 21:57:53.315, 0, 12288, 11829, 287
2026/09/22 21:57:53.520, 0, 12288, 11829, 287
2026/09/22 21:57:53.728, 0, 12288, 11829, 287
2026/09/22 21:57:53.937, 0, 12288, 11829, 287
2026/09/22 21:57:54.143, 0, 12288, 11829, 287
2026/09/22 21:57:54.350, 0, 12288, 11829, 287
2026/09/22 21:57:54.556, 0, 12288, 11829, 287
2026/09/22 21:57:54.764, 0, 12288, 11829, 287
2026/09/22 21:57:54.972, 0, 12288, 11829, 287
2026/09/22 21:57:55.180, 0, 12288, 11829, 287
2026/09/22 21:57:55.387, 0, 12288, 11829, 287
2026/09/22 21:57:55.595, 0, 12288, 11829, 287
2026/09/22 21:57:55.803, 0, 12288, 11829, 287
2026/09/22 21:57:56.011, 0, 12288, 11829, 287
2026/09/22 21:57:56.219, 0, 12288, 11829, 287
2026/09/22 21:57:56.424, 0, 12288, 11829, 287
2026/09/22 21:57:56.629, 0, 12288, 11829, 287
2026/09/22 21:57:56.837, 0, 12288, 11829, 287
2026/09/22 21:57:57.042, 0, 12288, 11829, 287
2026/09/22 21:57:57.249, 0, 12288, 11829, 287
2026/09/22 21:57:57.455, 0, 12288, 11829, 287
2026/09/22 21:57:57.661, 0, 12288, 11829, 287
2026/09/22 21:57:57.869, 0, 12288, 11829, 287
2026/09/22 21:57:58.075, 0, 12288, 11829, 287
2026/09/22 21:57:58.283, 0, 12288, 11829, 287
2026/09/22 21:57:58.489, 0, 12288, 11829, 287
2026/09/22 21:57:58.696, 0, 12288, 11829, 287
2026/09/22 21:57:58.903, 0, 12288, 11829, 287
2026/09/22 21:57:59.111, 0, 12288, 11829, 287
2026/09/22 21:57:59.317, 0, 12288, 11829, 287
2026/09/22 21:57:59.524, 0, 12288, 11829, 287
2026/09/22 21:57:59.732, 0, 12288, 11829, 287
2026/09/22 21:57:59.939, 0, 12288, 11829, 287
2026/09/22 21:58:00.147, 0, 12288, 11829, 287
2026/09/22 21:58:00.353, 0, 12288, 11829, 287
2026/09/22 21:58:00.560, 0, 12288, 11829, 287
2026/09/22 21:58:00.768, 0, 12288, 11829, 287
2026/09/22 21:58:00.976, 0, 12288, 11829, 287
2026/09/22 21:58:01.184, 0, 12288, 11829, 287
2026/09/22 21:58:01.390, 0, 12288, 11829, 287
2026/09/22 21:58:01.598, 0, 12288, 11829, 287
2026/09/22 21:58:01.805, 0, 12288, 11829, 287
2026/09/22 21:58:02.010, 0, 12288, 11829, 287
2026/09/22 21:58:02.218, 0, 12288, 11829, 287
2026/09/22 21:58:02.423, 0, 12288, 11829, 287
2026/09/22 21:58:02.628, 0, 12288, 11829, 287
2026/09/22 21:58:02.836, 0, 12288, 11829, 287
2026/09/22 21:58:03.044, 0, 12288, 11829, 287
2026/09/22 21:58:03.252, 0, 12288, 11829, 287
2026/09/22 21:58:03.460, 0, 12288, 11829, 287
2026/09/22 21:58:03.667, 0, 12288, 11829, 287
2026/09/22 21:58:03.875, 0, 12288, 11829, 287
2026/09/22 21:58:04.082, 0, 12288, 11829, 287
2026/09/22 21:58:04.289, 0, 12288, 11829, 287
2026/09/22 21:58:04.496, 0, 12288, 11829, 287
2026/09/22 21:58:04.704, 0, 12288, 11829, 287
2026/09/22 21:58:04.911, 0, 12288, 11829, 287
2026/09/22 21:58:05.119, 0, 12288, 11829, 287
2026/09/22 21:58:05.326, 0, 12288, 11829, 287
2026/09/22 21:58:05.534, 0, 12288, 11829, 287
2026/09/22 21:58:05.741, 0, 12288, 11829, 287
2026/09/22 21:58:05.947, 0, 12288, 11829, 287
2026/09/22 21:58:06.154, 0, 12288, 11829, 287
2026/09/22 21:58:06.361, 0, 12288, 11829, 287
2026/09/22 21:58:06.567, 0, 12288, 11829, 287
2026/09/22 21:58:06.773, 0, 12288, 11829, 287
2026/09/22 21:58:06.981, 0, 12288, 11829, 287
2026/09/22 21:58:07.189, 0, 12288, 11829, 287
2026/09/22 21:58:07.395, 0, 12288, 11829, 287
2026/09/22 21:58:07.603, 0, 12288, 11829, 287
2026/09/22 21:58:07.811, 0, 12288, 11829, 287
2026/09/22 21:58:08.017, 0, 12288, 11829, 287
2026/09/22 21:58:08.224, 0, 12288, 11829, 287
2026/09/22 21:58:08.432, 0, 12288, 11829, 287
2026/09/22 21:58:08.637, 0, 12288, 11829, 287
2026/09/22 21:58:08.844, 0, 12288, 11829, 287
2026/09/22 21:58:09.049, 0, 12288, 11829, 287
2026/09/22 21:58:09.255, 0, 12288, 11829, 287
2026/09/22 21:58:09.463, 0, 12288, 11829, 287
2026/09/22 21:58:09.670, 0, 12288, 11829, 287
2026/09/22 21:58:09.877, 0, 12288, 11829, 287
2026/09/22 21:58:10.085, 0, 12288, 11829, 287
2026/09/22 21:58:10.292, 0, 12288, 11829, 287
2026/09/22 21:58:10.499, 0, 12288, 11829, 287
2026/09/22 21:58:10.706, 0, 12288, 11829, 287
2026/09/22 21:58:10.912, 0, 12288, 11829, 287
2026/09/22 21:58:11.119, 0, 12288, 11829, 287
2026/09/22 21:58:11.325, 0, 12288, 11829, 287
2026/09/22 21:58:11.548, 0, 12288, 11829, 287
2026/09/22 21:58:11.756, 0, 12288, 11829, 287
2026/09/22 21:58:11.962, 0, 12288, 11829, 287
2026/09/22 21:58:12.169, 0, 12288, 11829, 287
2026/09/22 21:58:12.376, 0, 12288, 11829, 287
2026/09/22 21:58:12.583, 0, 12288, 11829, 287
2026/09/22 21:58:12.791, 0, 12288, 11829, 287
2026/09/22 21:58:12.998, 0, 12288, 11829, 287
2026/09/22 21:58:13.205, 0, 12288, 11829, 287
2026/09/22 21:58:13.411, 0, 12288, 11829, 287
2026/09/22 21:58:13.617, 0, 12288, 11829, 287
2026/09/22 21:58:13.825, 0, 12288, 11829, 287
2026/09/22 21:58:14.029, 0, 12288, 11829, 287
2026/09/22 21:58:14.236, 0, 12288, 11829, 287
2026/09/22 21:58:14.443, 0, 12288, 11829, 287
2026/09/22 21:58:14.651, 0, 12288, 11829, 287
2026/09/22 21:58:14.856, 0, 12288, 11829, 287
2026/09/22 21:58:15.064, 0, 12288, 11829, 287
2026/09/22 21:58:15.271, 0, 12288, 11829, 287
2026/09/22 21:58:15.478, 0, 12288, 11829, 287
2026/09/22 21:58:15.685, 0, 12288, 11829, 287
2026/09/22 21:58:15.892, 0, 12288, 11829, 287
2026/09/22 21:58:16.098, 0, 12288, 11829, 287
2026/09/22 21:58:16.305, 0, 12288, 11829, 287
2026/09/22 21:58:16.513, 0, 12288, 11829, 287
2026/09/22 21:58:16.720, 0, 12288, 11829, 287
2026/09/22 21:58:16.927, 0, 12288, 11829, 287
2026/09/22 21:58:17.134, 0, 12288, 11829, 287
2026/09/22 21:58:17.341, 0, 12288, 11829, 287
2026/09/22 21:58:17.549, 0, 12288, 11829, 287
2026/09/22 21:58:17.756, 0, 12288, 11829, 287
2026/09/22 21:58:17.963, 0, 12288, 11829, 287
2026/09/22 21:58:18.168, 0, 12288, 11829, 287
2026/09/22 21:58:18.376, 0, 12288, 11829, 287
2026/09/22 21:58:18.584, 0, 12288, 11829, 287
2026/09/22 21:58:18.790, 0, 12288, 11829, 287
2026/09/22 21:58:18.997, 0, 12288, 11829, 287
2026/09/22 21:58:19.204, 0, 12288, 11829, 287
2026/09/22 21:58:19.411, 0, 12288, 11829, 287
2026/09/22 21:58:19.618, 0, 12288, 11829, 287
2026/09/22 21:58:19.826, 0, 12288, 11829, 287
2026/09/22 21:58:20.032, 0, 12288, 11829, 287
2026/09/22 21:58:20.238, 0, 12288, 11829, 287
2026/09/22 21:58:20.445, 0, 12288, 11829, 287
2026/09/22 21:58:20.650, 0, 12288, 11829, 287
2026/09/22 21:58:20.856, 0, 12288, 11829, 287
2026/09/22 21:58:21.063, 0, 12288, 11829, 287
2026/09/22 21:58:21.269, 0, 12288, 11829, 287
2026/09/22 21:58:21.477, 0, 12288, 11829, 287
2026/09/22 21:58:21.685, 0, 12288, 11829, 287
2026/09/22 21:58:21.891, 0, 12288, 11829, 287
2026/09/22 21:58:22.097, 0, 12288, 11829, 287
2026/09/22 21:58:22.304, 0, 12288, 11829, 287
2026/09/22 21:58:22.510, 0, 12288, 11829, 287
2026/09/22 21:58:22.716, 0, 12288, 11829, 287
2026/09/22 21:58:22.922, 0, 12288, 11829, 287
2026/09/22 21:58:23.127, 0, 12288, 11829, 287
2026/09/22 21:58:23.332, 0, 12288, 11829, 287
2026/09/22 21:58:23.539, 0, 12288, 11829, 287
2026/09/22 21:58:23.747, 0, 12288, 11829, 287
2026/09/22 21:58:23.955, 0, 12288, 11829, 287
2026/09/22 21:58:24.163, 0, 12288, 11829, 287
2026/09/22 21:58:24.369, 0, 12288, 11829, 287
2026/09/22 21:58:24.576, 0, 12288, 11829, 287
2026/09/22 21:58:24.783, 0, 12288, 11829, 287
2026/09/22 21:58:24.988, 0, 12288, 11829, 287
2026/09/22 21:58:25.194, 0, 12288, 11829, 287
2026/09/22 21:58:25.399, 0, 12288, 11829, 287
2026/09/22 21:58:25.607, 0, 12288, 11829, 287
2026/09/22 21:58:25.815, 0, 12288, 11829, 287
2026/09/22 21:58:26.023, 0, 12288, 11829, 287
2026/09/22 21:58:26.230, 0, 12288, 11829, 287
2026/09/22 21:58:26.436, 0, 12288, 11829, 287
2026/09/22 21:58:26.642, 0, 12288, 11829, 287
2026/09/22 21:58:26.850, 0, 12288, 11829, 287
2026/09/22 21:58:27.057, 0, 12288, 11829, 287
2026/09/22 21:58:27.265, 0, 12288, 11829, 287
2026/09/22 21:58:27.472, 0, 12288, 11829, 287
2026/09/22 21:58:27.679, 0, 12288, 11829, 287
2026/09/22 21:58:27.884, 0, 12288, 11829, 287
2026/09/22 21:58:28.092, 0, 12288, 11829, 287
2026/09/22 21:58:28.299, 0, 12288, 11829, 287
2026/09/22 21:58:28.505, 0, 12288, 11829, 287
2026/09/22 21:58:28.712, 0, 12288, 11829, 287
2026/09/22 21:58:28.919, 0, 12288, 11829, 287
2026/09/22 21:58:29.127, 0, 12288, 11829, 287
2026/09/22 21:58:29.334, 0, 12288, 11829, 287
2026/09/22 21:58:29.541, 0, 12288, 11829, 287
2026/09/22 21:58:29.748, 0, 12288, 11829, 287
2026/09/22 21:58:29.952, 0, 12288, 11829, 287
2026/09/22 21:58:30.159, 0, 12288, 11829, 287
2026/09/22 21:58:30.365, 0, 12288, 11829, 287
2026/09/22 21:58:30.572, 0, 12288, 11829, 287
2026/09/22 21:58:30.779, 0, 12288, 11829, 287
2026/09/22 21:58:30.986, 0, 12288, 11829, 287
2026/09/22 21:58:31.190, 0, 12288, 11829, 287
2026/09/22 21:58:31.397, 0, 12288, 11829, 287
2026/09/22 21:58:31.603, 0, 12288, 11829, 287
2026/09/22 21:58:31.811, 0, 12288, 11829, 287
2026/09/22 21:58:32.018, 0, 12288, 11829, 287
2026/09/22 21:58:32.222, 0, 12288, 11829, 287
2026/09/22 21:58:32.430, 0, 12288, 11829, 287
2026/09/22 21:58:32.638, 0, 12288, 11829, 287
2026/09/22 21:58:32.845, 0, 12288, 11829, 287
2026/09/22 21:58:33.052, 0, 12288, 11829, 287
2026/09/22 21:58:33.259, 0, 12288, 11829, 287
2026/09/22 21:58:33.465, 0, 12288, 11829, 287
2026/09/22 21:58:33.672, 0, 12288, 11829, 287
2026/09/22 21:58:33.880, 0, 12288, 11829, 287
2026/09/22 21:58:34.087, 0, 12288, 11829, 287
2026/09/22 21:58:34.294, 0, 12288, 11829, 287
2026/09/22 21:58:34.499, 0, 12288, 11829, 287
2026/09/22 21:58:34.705, 0, 12288, 11829, 287
2026/09/22 21:58:34.910, 0, 12288, 11829, 287
2026/09/22 21:58:35.118, 0, 12288, 11829, 287
2026/09/22 21:58:35.325, 0, 12288, 11829, 287
2026/09/22 21:58:35.531, 0, 12288, 11829, 287
2026/09/22 21:58:35.737, 0, 12288, 11829, 287
2026/09/22 21:58:35.942, 0, 12288, 11829, 287
2026/09/22 21:58:36.149, 0, 12288, 11829, 287
2026/09/22 21:58:36.356, 0, 12288, 11829, 287
2026/09/22 21:58:36.564, 0, 12288, 11829, 287
2026/09/22 21:58:36.772, 0, 12288, 11829, 287
2026/09/22 21:58:36.979, 0, 12288, 11829, 287
2026/09/22 21:58:37.187, 0, 12288, 11829, 287
2026/09/22 21:58:37.392, 0, 12288, 11829, 287
2026/09/22 21:58:37.600, 0, 12288, 11829, 287
2026/09/22 21:58:37.807, 0, 12288, 11829, 287
2026/09/22 21:58:38.015, 0, 12288, 11829, 287
2026/09/22 21:58:38.223, 0, 12288, 11829, 287
2026/09/22 21:58:38.431, 0, 12288, 11829, 287
2026/09/22 21:58:38.636, 0, 12288, 11829, 287
2026/09/22 21:58:38.842, 0, 12288, 11829, 287
2026/09/22 21:58:39.049, 0, 12288, 11829, 287
2026/09/22 21:58:39.254, 0, 12288, 11829, 287
2026/09/22 21:58:39.461, 0, 12288, 11829, 287
2026/09/22 21:58:39.670, 0, 12288, 11829, 287
2026/09/22 21:58:39.877, 0, 12288, 11829, 287
2026/09/22 21:58:40.083, 0, 12288, 11829, 287
2026/09/22 21:58:40.291, 0, 12288, 11829, 287
2026/09/22 21:58:40.497, 0, 12288, 11829, 287
2026/09/22 21:58:40.704, 0, 12288, 11829, 287
2026/09/22 21:58:40.912, 0, 12288, 11829, 287
2026/09/22 21:58:41.120, 0, 12288, 11829, 287
2026/09/22 21:58:41.328, 0, 12288, 11829, 287
2026/09/22 21:58:41.536, 0, 12288, 11829, 287
2026/09/22 21:58:41.744, 0, 12288, 11829, 287
2026/09/22 21:58:41.952, 0, 12288, 11829, 287
2026/09/22 21:58:42.158, 0, 12288, 11829, 287
2026/09/22 21:58:42.365, 0, 12288, 11829, 287
2026/09/22 21:58:42.573, 0, 12288, 11829, 287
2026/09/22 21:58:42.780, 0, 12288, 11829, 287
2026/09/22 21:58:42.987, 0, 12288, 11829, 287
2026/09/22 21:58:43.194, 0, 12288, 11829, 287
2026/09/22 21:58:43.401, 0, 12288, 11829, 287
2026/09/22 21:58:43.609, 0, 12288, 11829, 287
2026/09/22 21:58:43.815, 0, 12288, 11829, 287
2026/09/22 21:58:44.023, 0, 12288, 11829, 287
2026/09/22 21:58:44.231, 0, 12288, 11829, 287
2026/09/22 21:58:44.437, 0, 12288, 11829, 287
2026/09/22 21:58:44.643, 0, 12288, 11829, 287
2026/09/22 21:58:44.850, 0, 12288, 11829, 287
2026/09/22 21:58:45.058, 0, 12288, 11829, 287
2026/09/22 21:58:45.266, 0, 12288, 11829, 287
2026/09/22 21:58:45.472, 0, 12288, 11829, 287
2026/09/22 21:58:45.680, 0, 12288, 11829, 287
2026/09/22 21:58:45.887, 0, 12288, 11829, 287
2026/09/22 21:58:46.095, 0, 12288, 11829, 287
2026/09/22 21:58:46.301, 0, 12288, 11829, 287
2026/09/22 21:58:46.507, 0, 12288, 11829, 287
2026/09/22 21:58:46.713, 0, 12288, 11829, 287
2026/09/22 21:58:46.921, 0, 12288, 11829, 287
2026/09/22 21:58:47.127, 0, 12288, 11829, 287
2026/09/22 21:58:47.335, 0, 12288, 11829, 287
2026/09/22 21:58:47.541, 0, 12288, 11829, 287
2026/09/22 21:58:47.748, 0, 12288, 11829, 287
2026/09/22 21:58:47.953, 0, 12288, 11829, 287
2026/09/22 21:58:48.159, 0, 12288, 11829, 287
2026/09/22 21:58:48.366, 0, 12288, 11829, 287
2026/09/22 21:58:48.572, 0, 12288, 11829, 287
2026/09/22 21:58:48.779, 0, 12288, 11829, 287
2026/09/22 21:58:48.986, 0, 12288, 11829, 287
2026/09/22 21:58:49.191, 0, 12288, 11829, 287
2026/09/22 21:58:49.398, 0, 12288, 11829, 287
2026/09/22 21:58:49.602, 0, 12288, 11829, 287
2026/09/22 21:58:49.808, 0, 12288, 11829, 287
2026/09/22 21:58:50.015, 0, 12288, 11829, 287
2026/09/22 21:58:50.222, 0, 12288, 11829, 287
2026/09/22 21:58:50.429, 0, 12288, 11829, 287
2026/09/22 21:58:50.634, 0, 12288, 11829, 287
2026/09/22 21:58:50.841, 0, 12288, 11829, 287
2026/09/22 21:58:51.049, 0, 12288, 11829, 287
2026/09/22 21:58:51.257, 0, 12288, 11829, 287
2026/09/22 21:58:51.464, 0, 12288, 11829, 287
2026/09/22 21:58:51.670, 0, 12288, 11829, 287
2026/09/22 21:58:51.879, 0, 12288, 11829, 287
2026/09/22 21:58:52.086, 0, 12288, 11829, 287
2026/09/22 21:58:52.293, 0, 12288, 11829, 287
2026/09/22 21:58:52.500, 0, 12288, 11829, 287
2026/09/22 21:58:52.708, 0, 12288, 11829, 287
2026/09/22 21:58:52.914, 0, 12288, 11829, 287
2026/09/22 21:58:53.119, 0, 12288, 11829, 287
2026/09/22 21:58:53.327, 0, 12288, 11829, 287
2026/09/22 21:58:53.534, 0, 12288, 11829, 287
2026/09/22 21:58:53.741, 0, 12288, 11829, 287
2026/09/22 21:58:53.947, 0, 12288, 11829, 287
2026/09/22 21:58:54.154, 0, 12288, 11829, 287
2026/09/22 21:58:54.361, 0, 12288, 11829, 287
2026/09/22 21:58:54.564, 0, 12288, 11829, 287
2026/09/22 21:58:54.771, 0, 12288, 11829, 287
2026/09/22 21:58:54.978, 0, 12288, 11829, 287
2026/09/22 21:58:55.184, 0, 12288, 11829, 287
2026/09/22 21:58:55.391, 0, 12288, 11829, 287
2026/09/22 21:58:55.596, 0, 12288, 11829, 287
2026/09/22 21:58:55.801, 0, 12288, 11829, 287
2026/09/22 21:58:56.007, 0, 12288, 11829, 287
2026/09/22 21:58:56.214, 0, 12288, 11829, 287
2026/09/22 21:58:56.422, 0, 12288, 11829, 287
2026/09/22 21:58:56.629, 0, 12288, 11829, 287
2026/09/22 21:58:56.836, 0, 12288, 11829, 287
2026/09/22 21:58:57.042, 0, 12288, 11829, 287
2026/09/22 21:58:57.250, 0, 12288, 11829, 287
2026/09/22 21:58:57.457, 0, 12288, 11829, 287
2026/09/22 21:58:57.663, 0, 12288, 11829, 287
2026/09/22 21:58:57.868, 0, 12288, 11829, 287
2026/09/22 21:58:58.075, 0, 12288, 11829, 287
2026/09/22 21:58:58.284, 0, 12288, 11829, 287
2026/09/22 21:58:58.491, 0, 12288, 11829, 287
2026/09/22 21:58:58.698, 0, 12288, 11829, 287
2026/09/22 21:58:58.906, 0, 12288, 11829, 287
2026/09/22 21:58:59.112, 0, 12288, 11829, 287
2026/09/22 21:58:59.320, 0, 12288, 11829, 287
2026/09/22 21:58:59.527, 0, 12288, 11829, 287
2026/09/22 21:58:59.734, 0, 12288, 11829, 287
2026/09/22 21:58:59.941, 0, 12288, 11829, 287
2026/09/22 21:59:00.149, 0, 12288, 11829, 287
2026/09/22 21:59:00.356, 0, 12288, 11829, 287
2026/09/22 21:59:00.563, 0, 12288, 11829, 287
2026/09/22 21:59:00.768, 0, 12288, 11829, 287
2026/09/22 21:59:00.975, 0, 12288, 11829, 287
2026/09/22 21:59:01.183, 0, 12288, 11829, 287
2026/09/22 21:59:01.389, 0, 12288, 11829, 287
2026/09/22 21:59:01.595, 0, 12288, 11829, 287
2026/09/22 21:59:01.800, 0, 12288, 11829, 287
2026/09/22 21:59:02.007, 0, 12288, 11829, 287
2026/09/22 21:59:02.215, 0, 12288, 11829, 287
2026/09/22 21:59:02.421, 0, 12288, 11829, 287
2026/09/22 21:59:02.626, 0, 12288, 11829, 287
2026/09/22 21:59:02.834, 0, 12288, 11829, 287
2026/09/22 21:59:03.041, 0, 12288, 11829, 287
2026/09/22 21:59:03.249, 0, 12288, 11829, 287
2026/09/22 21:59:03.456, 0, 12288, 11829, 287
2026/09/22 21:59:03.664, 0, 12288, 11829, 287
2026/09/22 21:59:03.872, 0, 12288, 11829, 287
2026/09/22 21:59:04.079, 0, 12288, 11829, 287
2026/09/22 21:59:04.285, 0, 12288, 11829, 287
2026/09/22 21:59:04.494, 0, 12288, 11829, 287
2026/09/22 21:59:04.702, 0, 12288, 11829, 287
2026/09/22 21:59:04.908, 0, 12288, 11829, 287
2026/09/22 21:59:05.114, 0, 12288, 11829, 287
2026/09/22 21:59:05.321, 0, 12288, 11829, 287
2026/09/22 21:59:05.528, 0, 12288, 11829, 287
2026/09/22 21:59:05.735, 0, 12288, 11829, 287
2026/09/22 21:59:05.940, 0, 12288, 11829, 287
2026/09/22 21:59:06.148, 0, 12288, 11829, 287
2026/09/22 21:59:06.355, 0, 12288, 11829, 287
2026/09/22 21:59:06.562, 0, 12288, 11829, 287
2026/09/22 21:59:06.768, 0, 12288, 11829, 287
2026/09/22 21:59:06.970, 0, 12288, 11829, 287
2026/09/22 21:59:07.175, 0, 12288, 11829, 287
2026/09/22 21:59:07.382, 0, 12288, 11829, 287
2026/09/22 21:59:07.590, 0, 12288, 11829, 287
2026/09/22 21:59:07.797, 0, 12288, 11829, 287
2026/09/22 21:59:08.004, 0, 12288, 11829, 287
2026/09/22 21:59:08.212, 0, 12288, 11829, 287
2026/09/22 21:59:08.420, 0, 12288, 11829, 287
2026/09/22 21:59:08.627, 0, 12288, 11829, 287
2026/09/22 21:59:08.833, 0, 12288, 11829, 287
2026/09/22 21:59:09.040, 0, 12288, 11829, 287
2026/09/22 21:59:09.248, 0, 12288, 11829, 287
2026/09/22 21:59:09.456, 0, 12288, 11829, 287
2026/09/22 21:59:09.663, 0, 12288, 11829, 287
2026/09/22 21:59:09.871, 0, 12288, 11829, 287
2026/09/22 21:59:10.078, 0, 12288, 11829, 287
2026/09/22 21:59:10.285, 0, 12288, 11829, 287
2026/09/22 21:59:10.493, 0, 12288, 11829, 287
2026/09/22 21:59:10.699, 0, 12288, 11829, 287
2026/09/22 21:59:10.906, 0, 12288, 11829, 287
2026/09/22 21:59:11.112, 0, 12288, 11829, 287
2026/09/22 21:59:11.320, 0, 12288, 11829, 287
2026/09/22 21:59:11.527, 0, 12288, 11829, 287
2026/09/22 21:59:11.733, 0, 12288, 11829, 287
2026/09/22 21:59:11.941, 0, 12288, 11829, 287
2026/09/22 21:59:12.149, 0, 12288, 11829, 287
2026/09/22 21:59:12.356, 0, 12288, 11829, 287
2026/09/22 21:59:12.564, 0, 12288, 11829, 287
2026/09/22 21:59:12.771, 0, 12288, 11829, 287
2026/09/22 21:59:12.979, 0, 12288, 11829, 287
2026/09/22 21:59:13.187, 0, 12288, 11829, 287
2026/09/22 21:59:13.394, 0, 12288, 11829, 287
2026/09/22 21:59:13.601, 0, 12288, 11829, 287
2026/09/22 21:59:13.808, 0, 12288, 11829, 287
2026/09/22 21:59:14.013, 0, 12288, 11829, 287
2026/09/22 21:59:14.220, 0, 12288, 11829, 287
2026/09/22 21:59:14.428, 0, 12288, 11829, 287
2026/09/22 21:59:14.637, 0, 12288, 11829, 287
2026/09/22 21:59:14.845, 0, 12288, 11829, 287
2026/09/22 21:59:15.052, 0, 12288, 11829, 287
2026/09/22 21:59:15.260, 0, 12288, 11829, 287
2026/09/22 21:59:15.467, 0, 12288, 11829, 287
2026/09/22 21:59:15.673, 0, 12288, 11829, 287
2026/09/22 21:59:15.881, 0, 12288, 11829, 287
2026/09/22 21:59:16.089, 0, 12288, 11829, 287
2026/09/22 21:59:16.295, 0, 12288, 11829, 287
2026/09/22 21:59:16.502, 0, 12288, 11829, 287
2026/09/22 21:59:16.707, 0, 12288, 11829, 287
2026/09/22 21:59:16.914, 0, 12288, 11829, 287
2026/09/22 21:59:17.122, 0, 12288, 11829, 287
2026/09/22 21:59:17.328, 0, 12288, 11829, 287
2026/09/22 21:59:17.535, 0, 12288, 11829, 287
2026/09/22 21:59:17.741, 0, 12288, 11829, 287
2026/09/22 21:59:17.949, 0, 12288, 11829, 287
2026/09/22 21:59:18.156, 0, 12288, 11829, 287
2026/09/22 21:59:18.362, 0, 12288, 11829, 287
2026/09/22 21:59:18.565, 0, 12288, 11829, 287
2026/09/22 21:59:18.769, 0, 12288, 11829, 287
2026/09/22 21:59:18.977, 0, 12288, 11829, 287
2026/09/22 21:59:19.185, 0, 12288, 11829, 287
2026/09/22 21:59:19.392, 0, 12288, 11829, 287
2026/09/22 21:59:19.599, 0, 12288, 11829, 287
2026/09/22 21:59:19.805, 0, 12288, 11829, 287
2026/09/22 21:59:20.013, 0, 12288, 11829, 287
2026/09/22 21:59:20.221, 0, 12288, 11829, 287
2026/09/22 21:59:20.428, 0, 12288, 11829, 287
2026/09/22 21:59:20.635, 0, 12288, 11829, 287
2026/09/22 21:59:20.843, 0, 12288, 11829, 287
2026/09/22 21:59:21.048, 0, 12288, 11829, 287
2026/09/22 21:59:21.255, 0, 12288, 11829, 287
2026/09/22 21:59:21.462, 0, 12288, 11829, 287
2026/09/22 21:59:21.669, 0, 12288, 11829, 287
2026/09/22 21:59:21.876, 0, 12288, 11829, 287
2026/09/22 21:59:22.081, 0, 12288, 11829, 287
2026/09/22 21:59:22.289, 0, 12288, 11829, 287
2026/09/22 21:59:22.497, 0, 12288, 11829, 287
2026/09/22 21:59:22.702, 0, 12288, 11829, 287
2026/09/22 21:59:22.908, 0, 12288, 11829, 287
2026/09/22 21:59:23.113, 0, 12288, 11829, 287
2026/09/22 21:59:23.320, 0, 12288, 11829, 287
2026/09/22 21:59:23.528, 0, 12288, 11829, 287
2026/09/22 21:59:23.735, 0, 12288, 11829, 287
2026/09/22 21:59:23.943, 0, 12288, 11829, 287
2026/09/22 21:59:24.151, 0, 12288, 11829, 287
2026/09/22 21:59:24.359, 0, 12288, 11829, 287
2026/09/22 21:59:24.568, 0, 12288, 11829, 287
2026/09/22 21:59:24.774, 0, 12288, 11829, 287
2026/09/22 21:59:24.982, 0, 12288, 11829, 287
2026/09/22 21:59:25.190, 0, 12288, 11829, 287
2026/09/22 21:59:25.395, 0, 12288, 11829, 287
2026/09/22 21:59:25.601, 0, 12288, 11829, 287
2026/09/22 21:59:25.808, 0, 12288, 11829, 287
2026/09/22 21:59:26.016, 0, 12288, 11829, 287
2026/09/22 21:59:26.223, 0, 12288, 11829, 287
2026/09/22 21:59:26.431, 0, 12288, 11829, 287
2026/09/22 21:59:26.640, 0, 12288, 11829, 287
2026/09/22 21:59:26.845, 0, 12288, 11829, 287
2026/09/22 21:59:27.053, 0, 12288, 11829, 287
2026/09/22 21:59:27.260, 0, 12288, 11829, 287
2026/09/22 21:59:27.467, 0, 12288, 11829, 287
2026/09/22 21:59:27.676, 0, 12288, 11829, 287
2026/09/22 21:59:27.884, 0, 12288, 11829, 287
2026/09/22 21:59:28.092, 0, 12288, 11829, 287
2026/09/22 21:59:28.299, 0, 12288, 11829, 287
2026/09/22 21:59:28.507, 0, 12288, 11829, 287
2026/09/22 21:59:28.715, 0, 12288, 11829, 287
2026/09/22 21:59:28.923, 0, 12288, 11829, 287
2026/09/22 21:59:29.129, 0, 12288, 11829, 287
2026/09/22 21:59:29.336, 0, 12288, 11829, 287
2026/09/22 21:59:29.544, 0, 12288, 11829, 287
2026/09/22 21:59:29.752, 0, 12288, 11829, 287
2026/09/22 21:59:29.957, 0, 12288, 11829, 287
2026/09/22 21:59:30.165, 0, 12288, 11829, 287
2026/09/22 21:59:30.371, 0, 12288, 11829, 287
2026/09/22 21:59:30.578, 0, 12288, 11829, 287
2026/09/22 21:59:30.784, 0, 12288, 11829, 287
2026/09/22 21:59:30.992, 0, 12288, 11829, 287
2026/09/22 21:59:31.200, 0, 12288, 11829, 287
2026/09/22 21:59:31.409, 0, 12288, 11829, 287
2026/09/22 21:59:31.617, 0, 12288, 11829, 287
2026/09/22 21:59:31.823, 0, 12288, 11829, 287
2026/09/22 21:59:32.031, 0, 12288, 11829, 287
2026/09/22 21:59:32.239, 0, 12288, 11829, 287
2026/09/22 21:59:32.446, 0, 12288, 11829, 287
2026/09/22 21:59:32.654, 0, 12288, 11829, 287
2026/09/22 21:59:32.862, 0, 12288, 11829, 287
2026/09/22 21:59:33.069, 0, 12288, 11829, 287
2026/09/22 21:59:33.276, 0, 12288, 11829, 287
2026/09/22 21:59:33.484, 0, 12288, 11829, 287
2026/09/22 21:59:33.689, 0, 12288, 11829, 287
2026/09/22 21:59:33.897, 0, 12288, 11829, 287
2026/09/22 21:59:34.105, 0, 12288, 11829, 287
2026/09/22 21:59:34.312, 0, 12288, 11829, 287
2026/09/22 21:59:34.519, 0, 12288, 11829, 287
2026/09/22 21:59:34.725, 0, 12288, 11829, 287
2026/09/22 21:59:34.931, 0, 12288, 11829, 287
2026/09/22 21:59:35.139, 0, 12288, 11829, 287
2026/09/22 21:59:35.346, 0, 12288, 11829, 287
2026/09/22 21:59:35.552, 0, 12288, 11829, 287
2026/09/22 21:59:35.760, 0, 12288, 11829, 287
2026/09/22 21:59:35.967, 0, 12288, 11829, 287
2026/09/22 21:59:36.175, 0, 12288, 11829, 287
2026/09/22 21:59:36.382, 0, 12288, 11829, 287
2026/09/22 21:59:36.590, 0, 12288, 11829, 287
2026/09/22 21:59:36.797, 0, 12288, 11829, 287
2026/09/22 21:59:37.004, 0, 12288, 11829, 287
2026/09/22 21:59:37.211, 0, 12288, 11829, 287
2026/09/22 21:59:37.418, 0, 12288, 11829, 287
2026/09/22 21:59:37.626, 0, 12288, 11829, 287
2026/09/22 21:59:37.834, 0, 12288, 11829, 287
2026/09/22 21:59:38.041, 0, 12288, 11829, 287
2026/09/22 21:59:38.248, 0, 12288, 11829, 287
2026/09/22 21:59:38.456, 0, 12288, 11829, 287
2026/09/22 21:59:38.663, 0, 12288, 11829, 287
2026/09/22 21:59:38.871, 0, 12288, 11829, 287
2026/09/22 21:59:39.077, 0, 12288, 11829, 287
2026/09/22 21:59:39.284, 0, 12288, 11829, 287
2026/09/22 21:59:39.491, 0, 12288, 11829, 287
2026/09/22 21:59:39.699, 0, 12288, 11829, 287
2026/09/22 21:59:39.907, 0, 12288, 11829, 287
2026/09/22 21:59:40.114, 0, 12288, 11829, 287
2026/09/22 21:59:40.322, 0, 12288, 11829, 287
2026/09/22 21:59:40.530, 0, 12288, 11829, 287
2026/09/22 21:59:40.737, 0, 12288, 11829, 287
2026/09/22 21:59:40.945, 0, 12288, 11829, 287
2026/09/22 21:59:41.152, 0, 12288, 11829, 287
2026/09/22 21:59:41.360, 0, 12288, 11829, 287
2026/09/22 21:59:41.567, 0, 12288, 11829, 287
2026/09/22 21:59:41.775, 0, 12288, 11829, 287
2026/09/22 21:59:41.982, 0, 12288, 11829, 287
2026/09/22 21:59:42.189, 0, 12288, 11829, 287
2026/09/22 21:59:42.396, 0, 12288, 11829, 287
2026/09/22 21:59:42.604, 0, 12288, 11829, 287
2026/09/22 21:59:42.810, 0, 12288, 11829, 287
2026/09/22 21:59:43.017, 0, 12288, 11829, 287
2026/09/22 21:59:43.225, 0, 12288, 11829, 287
2026/09/22 21:59:43.432, 0, 12288, 11829, 287
2026/09/22 21:59:43.640, 0, 12288, 11829, 287
2026/09/22 21:59:43.848, 0, 12288, 11829, 287
2026/09/22 21:59:44.054, 0, 12288, 11829, 287
2026/09/22 21:59:44.261, 0, 12288, 11829, 287
2026/09/22 21:59:44.468, 0, 12288, 11829, 287
2026/09/22 21:59:44.673, 0, 12288, 11829, 287
2026/09/22 21:59:44.881, 0, 12288, 11829, 287
2026/09/22 21:59:45.088, 0, 12288, 11829, 287
2026/09/22 21:59:45.296, 0, 12288, 11829, 287
2026/09/22 21:59:45.503, 0, 12288, 11829, 287
2026/09/22 21:59:45.707, 0, 12288, 11829, 287
2026/09/22 21:59:45.915, 0, 12288, 11829, 287
2026/09/22 21:59:46.123, 0, 12288, 11829, 287
2026/09/22 21:59:46.331, 0, 12288, 11829, 287
2026/09/22 21:59:46.539, 0, 12288, 11829, 287
2026/09/22 21:59:46.745, 0, 12288, 11829, 287
2026/09/22 21:59:46.953, 0, 12288, 11829, 287
2026/09/22 21:59:47.159, 0, 12288, 11829, 287
2026/09/22 21:59:47.368, 0, 12288, 11829, 287
2026/09/22 21:59:47.576, 0, 12288, 11829, 287
2026/09/22 21:59:47.783, 0, 12288, 11829, 287
2026/09/22 21:59:47.986, 0, 12288, 11829, 287
2026/09/22 21:59:48.194, 0, 12288, 11829, 287
2026/09/22 21:59:48.402, 0, 12288, 11829, 287
2026/09/22 21:59:48.610, 0, 12288, 11829, 287
2026/09/22 21:59:48.815, 0, 12288, 11829, 287
2026/09/22 21:59:49.022, 0, 12288, 11829, 287
2026/09/22 21:59:49.229, 0, 12288, 11829, 287
2026/09/22 21:59:49.437, 0, 12288, 11829, 287
2026/09/22 21:59:49.645, 0, 12288, 11829, 287
2026/09/22 21:59:49.852, 0, 12288, 11829, 287
2026/09/22 21:59:50.060, 0, 12288, 11829, 287
2026/09/22 21:59:50.268, 0, 12288, 11829, 287
2026/09/22 21:59:50.476, 0, 12288, 11829, 287
2026/09/22 21:59:50.684, 0, 12288, 11829, 287
2026/09/22 21:59:50.891, 0, 12288, 11829, 287
2026/09/22 21:59:51.099, 0, 12288, 11829, 287
2026/09/22 21:59:51.305, 0, 12288, 11829, 287
2026/09/22 21:59:51.513, 0, 12288, 11829, 287
2026/09/22 21:59:51.720, 0, 12288, 11829, 287
2026/09/22 21:59:51.928, 0, 12288, 11829, 287
2026/09/22 21:59:52.135, 0, 12288, 11829, 287
2026/09/22 21:59:52.341, 0, 12288, 11829, 287
2026/09/22 21:59:52.549, 0, 12288, 11829, 287
2026/09/22 21:59:52.757, 0, 12288, 11829, 287
2026/09/22 21:59:52.965, 0, 12288, 11829, 287
2026/09/22 21:59:53.173, 0, 12288, 11829, 287
2026/09/22 21:59:53.377, 0, 12288, 11829, 287
2026/09/22 21:59:53.581, 0, 12288, 11829, 287
2026/09/22 21:59:53.789, 0, 12288, 11829, 287
2026/09/22 21:59:53.995, 0, 12288, 11829, 287
2026/09/22 21:59:54.203, 0, 12288, 11829, 287
2026/09/22 21:59:54.408, 0, 12288, 11829, 287
2026/09/22 21:59:54.616, 0, 12288, 11829, 287
2026/09/22 21:59:54.824, 0, 12288, 11829, 287
2026/09/22 21:59:55.031, 0, 12288, 11829, 287
2026/09/22 21:59:55.239, 0, 12288, 11829, 287
2026/09/22 21:59:55.446, 0, 12288, 11829, 287
2026/09/22 21:59:55.653, 0, 12288, 11829, 287
2026/09/22 21:59:55.860, 0, 12288, 11829, 287
2026/09/22 21:59:56.068, 0, 12288, 11829, 287
2026/09/22 21:59:56.276, 0, 12288, 11829, 287
2026/09/22 21:59:56.483, 0, 12288, 11829, 287
2026/09/22 21:59:56.690, 0, 12288, 11829, 287
2026/09/22 21:59:56.897, 0, 12288, 11829, 287
2026/09/22 21:59:57.105, 0, 12288, 11829, 287
2026/09/22 21:59:57.313, 0, 12288, 11829, 287
2026/09/22 21:59:57.521, 0, 12288, 11829, 287
2026/09/22 21:59:57.728, 0, 12288, 11829, 287
2026/09/22 21:59:57.936, 0, 12288, 11829, 287
2026/09/22 21:59:58.141, 0, 12288, 11829, 287
2026/09/22 21:59:58.348, 0, 12288, 11829, 287
2026/09/22 21:59:58.555, 0, 12288, 11829, 287
2026/09/22 21:59:58.762, 0, 12288, 11829, 287
2026/09/22 21:59:58.970, 0, 12288, 11829, 287
2026/09/22 21:59:59.178, 0, 12288, 11829, 287
2026/09/22 21:59:59.386, 0, 12288, 11829, 287
2026/09/22 21:59:59.594, 0, 12288, 11829, 287
2026/09/22 21:59:59.801, 0, 12288, 11829, 287
2026/09/22 22:00:00.009, 0, 12288, 11829, 287
2026/09/22 22:00:00.216, 0, 12288, 11829, 287
2026/09/22 22:00:00.423, 0, 12288, 11829, 287
2026/09/22 22:00:00.630, 0, 12288, 11829, 287
2026/09/22 22:00:00.837, 0, 12288, 11829, 287
2026/09/22 22:00:01.044, 0, 12288, 11829, 287
2026/09/22 22:00:01.252, 0, 12288, 11829, 287
2026/09/22 22:00:01.457, 0, 12288, 11829, 287
2026/09/22 22:00:01.664, 0, 12288, 11829, 287
2026/09/22 22:00:01.870, 0, 12288, 11829, 287
2026/09/22 22:00:02.077, 0, 12288, 11829, 287
2026/09/22 22:00:02.284, 0, 12288, 11829, 287
2026/09/22 22:00:02.487, 0, 12288, 11829, 287
2026/09/22 22:00:02.695, 0, 12288, 11829, 287
2026/09/22 22:00:02.900, 0, 12288, 11829, 287
2026/09/22 22:00:03.108, 0, 12288, 11829, 287
2026/09/22 22:00:03.316, 0, 12288, 11829, 287
2026/09/22 22:00:03.524, 0, 12288, 11829, 287
2026/09/22 22:00:03.732, 0, 12288, 11829, 287
2026/09/22 22:00:03.939, 0, 12288, 11829, 287
2026/09/22 22:00:04.144, 0, 12288, 11829, 287
2026/09/22 22:00:04.351, 0, 12288, 11829, 287
2026/09/22 22:00:04.557, 0, 12288, 11829, 287
2026/09/22 22:00:04.765, 0, 12288, 11829, 287
2026/09/22 22:00:04.970, 0, 12288, 11829, 287
2026/09/22 22:00:05.176, 0, 12288, 11829, 287
2026/09/22 22:00:05.382, 0, 12288, 11829, 287
2026/09/22 22:00:05.588, 0, 12288, 11829, 287
2026/09/22 22:00:05.795, 0, 12288, 11829, 287
2026/09/22 22:00:06.002, 0, 12288, 11829, 287
2026/09/22 22:00:06.209, 0, 12288, 11829, 287
2026/09/22 22:00:06.416, 0, 12288, 11829, 287
2026/09/22 22:00:06.622, 0, 12288, 11829, 287
2026/09/22 22:00:06.830, 0, 12288, 11829, 287
2026/09/22 22:00:07.037, 0, 12288, 11829, 287
2026/09/22 22:00:07.245, 0, 12288, 11829, 287
2026/09/22 22:00:07.451, 0, 12288, 11829, 287
2026/09/22 22:00:07.659, 0, 12288, 11829, 287
2026/09/22 22:00:07.863, 0, 12288, 11829, 287
2026/09/22 22:00:08.071, 0, 12288, 11829, 287
2026/09/22 22:00:08.276, 0, 12288, 11829, 287
2026/09/22 22:00:08.484, 0, 12288, 11829, 287
2026/09/22 22:00:08.690, 0, 12288, 11829, 287
2026/09/22 22:00:08.898, 0, 12288, 11829, 287
2026/09/22 22:00:09.105, 0, 12288, 11829, 287
2026/09/22 22:00:09.313, 0, 12288, 11829, 287
2026/09/22 22:00:09.519, 0, 12288, 11829, 287
2026/09/22 22:00:09.726, 0, 12288, 11829, 287
2026/09/22 22:00:09.933, 0, 12288, 11829, 287
2026/09/22 22:00:10.141, 0, 12288, 11829, 287
2026/09/22 22:00:10.348, 0, 12288, 11829, 287
2026/09/22 22:00:10.555, 0, 12288, 11829, 287
2026/09/22 22:00:10.761, 0, 12288, 11829, 287
2026/09/22 22:00:10.969, 0, 12288, 11829, 287
2026/09/22 22:00:11.176, 0, 12288, 11829, 287
2026/09/22 22:00:11.383, 0, 12288, 11829, 287
2026/09/22 22:00:11.591, 0, 12288, 11829, 287
2026/09/22 22:00:11.799, 0, 12288, 11829, 287
2026/09/22 22:00:12.001, 0, 12288, 11829, 287
2026/09/22 22:00:12.209, 0, 12288, 11829, 287
2026/09/22 22:00:12.416, 0, 12288, 11829, 287
2026/09/22 22:00:12.623, 0, 12288, 11829, 287
2026/09/22 22:00:12.830, 0, 12288, 11829, 287
2026/09/22 22:00:13.037, 0, 12288, 11829, 287
2026/09/22 22:00:13.244, 0, 12288, 11829, 287
2026/09/22 22:00:13.452, 0, 12288, 11829, 287
2026/09/22 22:00:13.659, 0, 12288, 11829, 287
2026/09/22 22:00:13.865, 0, 12288, 11829, 287
2026/09/22 22:00:14.073, 0, 12288, 11829, 287
2026/09/22 22:00:14.279, 0, 12288, 11829, 287
2026/09/22 22:00:14.483, 0, 12288, 11829, 287
2026/09/22 22:00:14.689, 0, 12288, 11829, 287
2026/09/22 22:00:14.897, 0, 12288, 11829, 287
2026/09/22 22:00:15.104, 0, 12288, 11829, 287
2026/09/22 22:00:15.312, 0, 12288, 11829, 287
2026/09/22 22:00:15.518, 0, 12288, 11829, 287
2026/09/22 22:00:15.726, 0, 12288, 11829, 287
2026/09/22 22:00:15.933, 0, 12288, 11829, 287
2026/09/22 22:00:16.141, 0, 12288, 11829, 287
2026/09/22 22:00:16.346, 0, 12288, 11829, 287
2026/09/22 22:00:16.552, 0, 12288, 11829, 287
2026/09/22 22:00:16.757, 0, 12288, 11829, 287
2026/09/22 22:00:16.964, 0, 12288, 11829, 287
2026/09/22 22:00:17.170, 0, 12288, 11829, 287
2026/09/22 22:00:17.378, 0, 12288, 11829, 287
2026/09/22 22:00:17.585, 0, 12288, 11829, 287
2026/09/22 22:00:17.792, 0, 12288, 11829, 287
2026/09/22 22:00:18.000, 0, 12288, 11829, 287
2026/09/22 22:00:18.207, 0, 12288, 11829, 287
2026/09/22 22:00:18.414, 0, 12288, 11829, 287
2026/09/22 22:00:18.622, 0, 12288, 11829, 287
2026/09/22 22:00:18.830, 0, 12288, 11829, 287
2026/09/22 22:00:19.037, 0, 12288, 11829, 287
2026/09/22 22:00:19.245, 0, 12288, 11829, 287
2026/09/22 22:00:19.452, 0, 12288, 11829, 287
2026/09/22 22:00:19.659, 0, 12288, 11829, 287
2026/09/22 22:00:19.866, 0, 12288, 11829, 287
2026/09/22 22:00:20.074, 0, 12288, 11829, 287
2026/09/22 22:00:20.281, 0, 12288, 11829, 287
2026/09/22 22:00:20.487, 0, 12288, 11829, 287
2026/09/22 22:00:20.695, 0, 12288, 11829, 287
2026/09/22 22:00:20.903, 0, 12288, 11829, 287
2026/09/22 22:00:21.107, 0, 12288, 11829, 287
2026/09/22 22:00:21.311, 0, 12288, 11829, 287
2026/09/22 22:00:21.518, 0, 12288, 11829, 287
2026/09/22 22:00:21.725, 0, 12288, 11829, 287
2026/09/22 22:00:21.932, 0, 12288, 11829, 287
2026/09/22 22:00:22.139, 0, 12288, 11829, 287
2026/09/22 22:00:22.346, 0, 12288, 11829, 287
2026/09/22 22:00:22.553, 0, 12288, 11829, 287
2026/09/22 22:00:22.759, 0, 12288, 11829, 287
2026/09/22 22:00:22.965, 0, 12288, 11829, 287
2026/09/22 22:00:23.173, 0, 12288, 11829, 287
2026/09/22 22:00:23.381, 0, 12288, 11829, 287
2026/09/22 22:00:23.587, 0, 12288, 11829, 287
2026/09/22 22:00:23.795, 0, 12288, 11829, 287
2026/09/22 22:00:24.002, 0, 12288, 11829, 287
2026/09/22 22:00:24.206, 0, 12288, 11829, 287
2026/09/22 22:00:24.414, 0, 12288, 11829, 287
2026/09/22 22:00:24.622, 0, 12288, 11829, 287
2026/09/22 22:00:24.830, 0, 12288, 11829, 287
2026/09/22 22:00:25.035, 0, 12288, 11829, 287
2026/09/22 22:00:25.243, 0, 12288, 11829, 287
2026/09/22 22:00:25.449, 0, 12288, 11829, 287
2026/09/22 22:00:25.657, 0, 12288, 11829, 287
2026/09/22 22:00:25.863, 0, 12288, 11829, 287
2026/09/22 22:00:26.068, 0, 12288, 11829, 287
2026/09/22 22:00:26.275, 0, 12288, 11829, 287
2026/09/22 22:00:26.482, 0, 12288, 11829, 287
2026/09/22 22:00:26.689, 0, 12288, 11829, 287
2026/09/22 22:00:26.896, 0, 12288, 11829, 287
2026/09/22 22:00:27.103, 0, 12288, 11829, 287
2026/09/22 22:00:27.311, 0, 12288, 11829, 287
2026/09/22 22:00:27.518, 0, 12288, 11829, 287
2026/09/22 22:00:27.725, 0, 12288, 11829, 287
2026/09/22 22:00:27.933, 0, 12288, 11829, 287
2026/09/22 22:00:28.140, 0, 12288, 11829, 287
2026/09/22 22:00:28.347, 0, 12288, 11829, 287
2026/09/22 22:00:28.553, 0, 12288, 11829, 287
2026/09/22 22:00:28.761, 0, 12288, 11829, 287
2026/09/22 22:00:28.969, 0, 12288, 11829, 287
2026/09/22 22:00:29.174, 0, 12288, 11829, 287
2026/09/22 22:00:29.380, 0, 12288, 11829, 287
2026/09/22 22:00:29.588, 0, 12288, 11829, 287
2026/09/22 22:00:29.795, 0, 12288, 11829, 287
2026/09/22 22:00:30.001, 0, 12288, 11829, 287
2026/09/22 22:00:30.208, 0, 12288, 11829, 287
2026/09/22 22:00:30.415, 0, 12288, 11829, 287
2026/09/22 22:00:30.622, 0, 12288, 11829, 287
2026/09/22 22:00:30.829, 0, 12288, 11829, 287
2026/09/22 22:00:31.037, 0, 12288, 11829, 287
2026/09/22 22:00:31.245, 0, 12288, 11829, 287
2026/09/22 22:00:31.453, 0, 12288, 11829, 287
2026/09/22 22:00:31.660, 0, 12288, 11829, 287
2026/09/22 22:00:31.867, 0, 12288, 11829, 287
2026/09/22 22:00:32.075, 0, 12288, 11829, 287
2026/09/22 22:00:32.282, 0, 12288, 11829, 287
2026/09/22 22:00:32.490, 0, 12288, 11829, 287
2026/09/22 22:00:32.697, 0, 12288, 11829, 287
2026/09/22 22:00:32.903, 0, 12288, 11829, 287
2026/09/22 22:00:33.110, 0, 12288, 11829, 287
2026/09/22 22:00:33.315, 0, 12288, 11829, 287
2026/09/22 22:00:33.522, 0, 12288, 11829, 287
2026/09/22 22:00:33.730, 0, 12288, 11829, 287
2026/09/22 22:00:33.938, 0, 12288, 11829, 287
2026/09/22 22:00:34.143, 0, 12288, 11829, 287
2026/09/22 22:00:34.350, 0, 12288, 11829, 287
2026/09/22 22:00:34.557, 0, 12288, 11829, 287
2026/09/22 22:00:34.764, 0, 12288, 11829, 287
2026/09/22 22:00:34.971, 0, 12288, 11829, 287
2026/09/22 22:00:35.176, 0, 12288, 11829, 287
2026/09/22 22:00:35.379, 0, 12288, 11829, 287
2026/09/22 22:00:35.586, 0, 12288, 11829, 287
2026/09/22 22:00:35.793, 0, 12288, 11829, 287
2026/09/22 22:00:36.001, 0, 12288, 11829, 287
2026/09/22 22:00:36.209, 0, 12288, 11829, 287
2026/09/22 22:00:36.417, 0, 12288, 11829, 287
2026/09/22 22:00:36.625, 0, 12288, 11829, 287
2026/09/22 22:00:36.833, 0, 12288, 11829, 287
2026/09/22 22:00:37.041, 0, 12288, 11829, 287
2026/09/22 22:00:37.247, 0, 12288, 11829, 287
2026/09/22 22:00:37.455, 0, 12288, 11829, 287
2026/09/22 22:00:37.661, 0, 12288, 11829, 287
2026/09/22 22:00:37.868, 0, 12288, 11829, 287
2026/09/22 22:00:38.075, 0, 12288, 11829, 287
2026/09/22 22:00:38.283, 0, 12288, 11829, 287
2026/09/22 22:00:38.488, 0, 12288, 11829, 287
2026/09/22 22:00:38.696, 0, 12288, 11829, 287
2026/09/22 22:00:38.904, 0, 12288, 11829, 287
2026/09/22 22:00:39.112, 0, 12288, 11829, 287
2026/09/22 22:00:39.320, 0, 12288, 11829, 287
2026/09/22 22:00:39.527, 0, 12288, 11829, 287
2026/09/22 22:00:39.735, 0, 12288, 11829, 287
2026/09/22 22:00:39.941, 0, 12288, 11829, 287
2026/09/22 22:00:40.149, 0, 12288, 11829, 287
2026/09/22 22:00:40.357, 0, 12288, 11829, 287
2026/09/22 22:00:40.564, 0, 12288, 11829, 287
2026/09/22 22:00:40.770, 0, 12288, 11829, 287
2026/09/22 22:00:40.978, 0, 12288, 11829, 287
2026/09/22 22:00:41.185, 0, 12288, 11829, 287
2026/09/22 22:00:41.392, 0, 12288, 11829, 287
2026/09/22 22:00:41.599, 0, 12288, 11829, 287
2026/09/22 22:00:41.807, 0, 12288, 11829, 287
2026/09/22 22:00:42.014, 0, 12288, 11829, 287
2026/09/22 22:00:42.221, 0, 12288, 11829, 287
2026/09/22 22:00:42.429, 0, 12288, 11829, 287
2026/09/22 22:00:42.636, 0, 12288, 11829, 287
2026/09/22 22:00:42.844, 0, 12288, 11829, 287
2026/09/22 22:00:43.052, 0, 12288, 11829, 287
2026/09/22 22:00:43.259, 0, 12288, 11829, 287
2026/09/22 22:00:43.467, 0, 12288, 11829, 287
2026/09/22 22:00:43.674, 0, 12288, 11829, 287
2026/09/22 22:00:43.881, 0, 12288, 11829, 287
2026/09/22 22:00:44.089, 0, 12288, 11829, 287
2026/09/22 22:00:44.296, 0, 12288, 11829, 287
2026/09/22 22:00:44.502, 0, 12288, 11829, 287
2026/09/22 22:00:44.710, 0, 12288, 11829, 287
2026/09/22 22:00:44.917, 0, 12288, 11829, 287
2026/09/22 22:00:45.125, 0, 12288, 11829, 287
2026/09/22 22:00:45.333, 0, 12288, 11829, 287
2026/09/22 22:00:45.539, 0, 12288, 11829, 287
2026/09/22 22:00:45.747, 0, 12288, 11829, 287
2026/09/22 22:00:45.953, 0, 12288, 11829, 287
2026/09/22 22:00:46.160, 0, 12288, 11829, 287
2026/09/22 22:00:46.367, 0, 12288, 11829, 287
2026/09/22 22:00:46.574, 0, 12288, 11829, 287
2026/09/22 22:00:46.782, 0, 12288, 11829, 287
2026/09/22 22:00:46.989, 0, 12288, 11829, 287
2026/09/22 22:00:47.197, 0, 12288, 11829, 287
2026/09/22 22:00:47.404, 0, 12288, 11829, 287
2026/09/22 22:00:47.611, 0, 12288, 11829, 287
2026/09/22 22:00:47.818, 0, 12288, 11829, 287
2026/09/22 22:00:48.025, 0, 12288, 11829, 287
2026/09/22 22:00:48.233, 0, 12288, 11829, 287
2026/09/22 22:00:48.440, 0, 12288, 11829, 287
2026/09/22 22:00:48.646, 0, 12288, 11829, 287
2026/09/22 22:00:48.853, 0, 12288, 11829, 287
2026/09/22 22:00:49.061, 0, 12288, 11829, 287
2026/09/22 22:00:49.267, 0, 12288, 11829, 287
2026/09/22 22:00:49.475, 0, 12288, 11829, 287
2026/09/22 22:00:49.683, 0, 12288, 11829, 287
2026/09/22 22:00:49.892, 0, 12288, 11829, 287
2026/09/22 22:00:50.097, 0, 12288, 11829, 287
2026/09/22 22:00:50.305, 0, 12288, 11829, 287
2026/09/22 22:00:50.513, 0, 12288, 11829, 287
2026/09/22 22:00:50.721, 0, 12288, 11829, 287
2026/09/22 22:00:50.926, 0, 12288, 11829, 287
2026/09/22 22:00:51.133, 0, 12288, 11829, 287
2026/09/22 22:00:51.341, 0, 12288, 11829, 287
2026/09/22 22:00:51.549, 0, 12288, 11829, 287
2026/09/22 22:00:51.757, 0, 12288, 11829, 287
2026/09/22 22:00:51.965, 0, 12288, 11829, 287
2026/09/22 22:00:52.173, 0, 12288, 11829, 287
2026/09/22 22:00:52.379, 0, 12288, 11829, 287
2026/09/22 22:00:52.587, 0, 12288, 11829, 287
2026/09/22 22:00:52.793, 0, 12288, 11829, 287
2026/09/22 22:00:53.001, 0, 12288, 11829, 287
2026/09/22 22:00:53.208, 0, 12288, 11829, 287
2026/09/22 22:00:53.414, 0, 12288, 11829, 287
2026/09/22 22:00:53.621, 0, 12288, 11829, 287
2026/09/22 22:00:53.830, 0, 12288, 11829, 287
2026/09/22 22:00:54.037, 0, 12288, 11829, 287
2026/09/22 22:00:54.244, 0, 12288, 11829, 287
2026/09/22 22:00:54.451, 0, 12288, 11829, 287
2026/09/22 22:00:54.658, 0, 12288, 11829, 287
2026/09/22 22:00:54.866, 0, 12288, 11829, 287
2026/09/22 22:00:55.071, 0, 12288, 11829, 287
2026/09/22 22:00:55.278, 0, 12288, 11829, 287
2026/09/22 22:00:55.484, 0, 12288, 11829, 287
2026/09/22 22:00:55.689, 0, 12288, 11829, 287
2026/09/22 22:00:55.895, 0, 12288, 11829, 287
2026/09/22 22:00:56.103, 0, 12288, 11829, 287
2026/09/22 22:00:56.310, 0, 12288, 11829, 287
2026/09/22 22:00:56.517, 0, 12288, 11829, 287
2026/09/22 22:00:56.723, 0, 12288, 11829, 287
2026/09/22 22:00:56.931, 0, 12288, 11829, 287
2026/09/22 22:00:57.139, 0, 12288, 11829, 287
2026/09/22 22:00:57.346, 0, 12288, 11829, 287
2026/09/22 22:00:57.553, 0, 12288, 11829, 287
2026/09/22 22:00:57.761, 0, 12288, 11829, 287
2026/09/22 22:00:57.968, 0, 12288, 11829, 287
2026/09/22 22:00:58.174, 0, 12288, 11829, 287
2026/09/22 22:00:58.382, 0, 12288, 11829, 287
2026/09/22 22:00:58.589, 0, 12288, 11829, 287
2026/09/22 22:00:58.797, 0, 12288, 11829, 287
2026/09/22 22:00:59.002, 0, 12288, 11829, 287
2026/09/22 22:00:59.209, 0, 12288, 11829, 287
2026/09/22 22:00:59.417, 0, 12288, 11829, 287
2026/09/22 22:00:59.623, 0, 12288, 11829, 287
2026/09/22 22:00:59.830, 0, 12288, 11829, 287
2026/09/22 22:01:00.038, 0, 12288, 11829, 287
2026/09/22 22:01:00.245, 0, 12288, 11829, 287
2026/09/22 22:01:00.453, 0, 12288, 11829, 287
2026/09/22 22:01:00.660, 0, 12288, 11829, 287
2026/09/22 22:01:00.868, 0, 12288, 11829, 287
2026/09/22 22:01:01.076, 0, 12288, 11829, 287
2026/09/22 22:01:01.283, 0, 12288, 11829, 287
2026/09/22 22:01:01.491, 0, 12288, 11829, 287
2026/09/22 22:01:01.698, 0, 12288, 11829, 287
2026/09/22 22:01:01.906, 0, 12288, 11829, 287
2026/09/22 22:01:02.113, 0, 12288, 11829, 287
2026/09/22 22:01:02.321, 0, 12288, 11829, 287
2026/09/22 22:01:02.529, 0, 12288, 11829, 287
2026/09/22 22:01:02.737, 0, 12288, 11829, 287
2026/09/22 22:01:02.943, 0, 12288, 11829, 287
2026/09/22 22:01:03.151, 0, 12288, 11829, 287
2026/09/22 22:01:03.359, 0, 12288, 11829, 287
2026/09/22 22:01:03.567, 0, 12288, 11829, 287
2026/09/22 22:01:03.775, 0, 12288, 11829, 287
2026/09/22 22:01:03.982, 0, 12288, 11829, 287
2026/09/22 22:01:04.188, 0, 12288, 11829, 287
2026/09/22 22:01:04.395, 0, 12288, 11829, 287
2026/09/22 22:01:04.602, 0, 12288, 11829, 287
2026/09/22 22:01:04.811, 0, 12288, 11829, 287
2026/09/22 22:01:05.018, 0, 12288, 11829, 287
2026/09/22 22:01:05.226, 0, 12288, 11829, 287
2026/09/22 22:01:05.431, 0, 12288, 11829, 287
2026/09/22 22:01:05.639, 0, 12288, 11829, 287
2026/09/22 22:01:05.845, 0, 12288, 11829, 287
2026/09/22 22:01:06.053, 0, 12288, 11829, 287
2026/09/22 22:01:06.261, 0, 12288, 11829, 287
2026/09/22 22:01:06.467, 0, 12288, 11829, 287
2026/09/22 22:01:06.673, 0, 12288, 11829, 287
2026/09/22 22:01:06.879, 0, 12288, 11829, 287
2026/09/22 22:01:07.087, 0, 12288, 11829, 287
2026/09/22 22:01:07.295, 0, 12288, 11829, 287
2026/09/22 22:01:07.503, 0, 12288, 11829, 287
2026/09/22 22:01:07.711, 0, 12288, 11829, 287
2026/09/22 22:01:07.919, 0, 12288, 11829, 287
2026/09/22 22:01:08.126, 0, 12288, 11829, 287
2026/09/22 22:01:08.334, 0, 12288, 11829, 287
2026/09/22 22:01:08.541, 0, 12288, 11829, 287
2026/09/22 22:01:08.748, 0, 12288, 11829, 287
2026/09/22 22:01:08.953, 0, 12288, 11829, 287
2026/09/22 22:01:09.158, 0, 12288, 11829, 287
2026/09/22 22:01:09.365, 0, 12288, 11829, 287
2026/09/22 22:01:09.572, 0, 12288, 11829, 287
2026/09/22 22:01:09.779, 0, 12288, 11829, 287
2026/09/22 22:01:09.985, 0, 12288, 11829, 287
2026/09/22 22:01:10.191, 0, 12288, 11829, 287
2026/09/22 22:01:10.398, 0, 12288, 11829, 287
2026/09/22 22:01:10.605, 0, 12288, 11829, 287
2026/09/22 22:01:10.813, 0, 12288, 11829, 287
2026/09/22 22:01:11.020, 0, 12288, 11829, 287
2026/09/22 22:01:11.228, 0, 12288, 11829, 287
2026/09/22 22:01:11.436, 0, 12288, 11829, 287
2026/09/22 22:01:11.643, 0, 12288, 11829, 287
2026/09/22 22:01:11.849, 0, 12288, 11829, 287
2026/09/22 22:01:12.057, 0, 12288, 11829, 287
2026/09/22 22:01:12.265, 0, 12288, 11829, 287
2026/09/22 22:01:12.471, 0, 12288, 11829, 287
2026/09/22 22:01:12.677, 0, 12288, 11829, 287
2026/09/22 22:01:12.885, 0, 12288, 11829, 287
2026/09/22 22:01:13.093, 0, 12288, 11829, 287
2026/09/22 22:01:13.300, 0, 12288, 11829, 287
2026/09/22 22:01:13.505, 0, 12288, 11829, 287
2026/09/22 22:01:13.713, 0, 12288, 11829, 287
2026/09/22 22:01:13.920, 0, 12288, 11829, 287
2026/09/22 22:01:14.127, 0, 12288, 11829, 287
2026/09/22 22:01:14.332, 0, 12288, 11829, 287
2026/09/22 22:01:14.540, 0, 12288, 11829, 287
2026/09/22 22:01:14.748, 0, 12288, 11829, 287
2026/09/22 22:01:14.951, 0, 12288, 11829, 287
2026/09/22 22:01:15.158, 0, 12288, 11829, 287
2026/09/22 22:01:15.364, 0, 12288, 11829, 287
2026/09/22 22:01:15.572, 0, 12288, 11829, 287
2026/09/22 22:01:15.780, 0, 12288, 11829, 287
2026/09/22 22:01:15.987, 0, 12288, 11829, 287
2026/09/22 22:01:16.193, 0, 12288, 11829, 287
2026/09/22 22:01:16.400, 0, 12288, 11829, 287
2026/09/22 22:01:16.608, 0, 12288, 11829, 287
2026/09/22 22:01:16.816, 0, 12288, 11829, 287
2026/09/22 22:01:17.023, 0, 12288, 11829, 287
2026/09/22 22:01:17.230, 0, 12288, 11829, 287
2026/09/22 22:01:17.437, 0, 12288, 11829, 287
2026/09/22 22:01:17.643, 0, 12288, 11829, 287
2026/09/22 22:01:17.850, 0, 12288, 11829, 287
2026/09/22 22:01:18.058, 0, 12288, 11829, 287
2026/09/22 22:01:18.261, 0, 12288, 11829, 287
2026/09/22 22:01:18.469, 0, 12288, 11829, 287
2026/09/22 22:01:18.675, 0, 12288, 11829, 287
2026/09/22 22:01:18.881, 0, 12288, 11829, 287
2026/09/22 22:01:19.088, 0, 12288, 11829, 287
2026/09/22 22:01:19.295, 0, 12288, 11829, 287
2026/09/22 22:01:19.503, 0, 12288, 11829, 287
2026/09/22 22:01:19.709, 0, 12288, 11829, 287
2026/09/22 22:01:19.917, 0, 12288, 11829, 287
2026/09/22 22:01:20.124, 0, 12288, 11829, 287
2026/09/22 22:01:20.329, 0, 12288, 11829, 287
2026/09/22 22:01:20.536, 0, 12288, 11829, 287
2026/09/22 22:01:20.744, 0, 12288, 11829, 287
2026/09/22 22:01:20.952, 0, 12288, 11829, 287
2026/09/22 22:01:21.159, 0, 12288, 11829, 287
2026/09/22 22:01:21.366, 0, 12288, 11829, 287
2026/09/22 22:01:21.574, 0, 12288, 11829, 287
2026/09/22 22:01:21.781, 0, 12288, 11829, 287
2026/09/22 22:01:21.989, 0, 12288, 11829, 287
2026/09/22 22:01:22.196, 0, 12288, 11829, 287
2026/09/22 22:01:22.403, 0, 12288, 11829, 287
2026/09/22 22:01:22.612, 0, 12288, 11829, 287
2026/09/22 22:01:22.818, 0, 12288, 11829, 287
2026/09/22 22:01:23.026, 0, 12288, 11829, 287
2026/09/22 22:01:23.233, 0, 12288, 11829, 287
2026/09/22 22:01:23.440, 0, 12288, 11829, 287
2026/09/22 22:01:23.647, 0, 12288, 11829, 287
2026/09/22 22:01:23.855, 0, 12288, 11829, 287
2026/09/22 22:01:24.062, 0, 12288, 11829, 287
2026/09/22 22:01:24.268, 0, 12288, 11829, 287
2026/09/22 22:01:24.474, 0, 12288, 11829, 287
2026/09/22 22:01:24.680, 0, 12288, 11829, 287
2026/09/22 22:01:24.889, 0, 12288, 11829, 287
2026/09/22 22:01:25.096, 0, 12288, 11829, 287
2026/09/22 22:01:25.301, 0, 12288, 11829, 287
2026/09/22 22:01:25.508, 0, 12288, 11829, 287
2026/09/22 22:01:25.714, 0, 12288, 11829, 287
2026/09/22 22:01:25.921, 0, 12288, 11829, 287
2026/09/22 22:01:26.129, 0, 12288, 11829, 287
2026/09/22 22:01:26.337, 0, 12288, 11829, 287
2026/09/22 22:01:26.545, 0, 12288, 11829, 287
2026/09/22 22:01:26.752, 0, 12288, 11829, 287
2026/09/22 22:01:26.958, 0, 12288, 11829, 287
2026/09/22 22:01:27.166, 0, 12288, 11829, 287
2026/09/22 22:01:27.373, 0, 12288, 11829, 287
2026/09/22 22:01:27.578, 0, 12288, 11829, 287
2026/09/22 22:01:27.785, 0, 12288, 11829, 287
2026/09/22 22:01:27.993, 0, 12288, 11829, 287
2026/09/22 22:01:28.200, 0, 12288, 11829, 287
2026/09/22 22:01:28.408, 0, 12288, 11829, 287
2026/09/22 22:01:28.616, 0, 12288, 11829, 287
2026/09/22 22:01:28.824, 0, 12288, 11829, 287
2026/09/22 22:01:29.031, 0, 12288, 11829, 287
2026/09/22 22:01:29.238, 0, 12288, 11829, 287
2026/09/22 22:01:29.446, 0, 12288, 11829, 287
2026/09/22 22:01:29.653, 0, 12288, 11829, 287
2026/09/22 22:01:29.861, 0, 12288, 11829, 287
2026/09/22 22:01:30.068, 0, 12288, 11829, 287
2026/09/22 22:01:30.275, 0, 12288, 11829, 287
2026/09/22 22:01:30.483, 0, 12288, 11829, 287
2026/09/22 22:01:30.691, 0, 12288, 11829, 287
2026/09/22 22:01:30.896, 0, 12288, 11829, 287
2026/09/22 22:01:31.104, 0, 12288, 11829, 287
2026/09/22 22:01:31.311, 0, 12288, 11829, 287
2026/09/22 22:01:31.519, 0, 12288, 11829, 287
2026/09/22 22:01:31.727, 0, 12288, 11829, 287
2026/09/22 22:01:31.933, 0, 12288, 11829, 287
2026/09/22 22:01:32.138, 0, 12288, 11829, 287
2026/09/22 22:01:32.345, 0, 12288, 11829, 287
2026/09/22 22:01:32.552, 0, 12288, 11829, 287
2026/09/22 22:01:32.760, 0, 12288, 11829, 287
2026/09/22 22:01:32.967, 0, 12288, 11829, 287
2026/09/22 22:01:33.175, 0, 12288, 11829, 287
2026/09/22 22:01:33.383, 0, 12288, 11829, 287
2026/09/22 22:01:33.591, 0, 12288, 11829, 287
2026/09/22 22:01:33.799, 0, 12288, 11829, 287
2026/09/22 22:01:34.005, 0, 12288, 11829, 287
2026/09/22 22:01:34.213, 0, 12288, 11829, 287
2026/09/22 22:01:34.420, 0, 12288, 11829, 287
2026/09/22 22:01:34.627, 0, 12288, 11829, 287
2026/09/22 22:01:34.834, 0, 12288, 11829, 287
2026/09/22 22:01:35.042, 0, 12288, 11829, 287
2026/09/22 22:01:35.249, 0, 12288, 11829, 287
2026/09/22 22:01:35.456, 0, 12288, 11829, 287
2026/09/22 22:01:35.664, 0, 12288, 11829, 287
2026/09/22 22:01:35.872, 0, 12288, 11829, 287
2026/09/22 22:01:36.079, 0, 12288, 11829, 287
2026/09/22 22:01:36.286, 0, 12288, 11829, 287
2026/09/22 22:01:36.493, 0, 12288, 11829, 287
2026/09/22 22:01:36.700, 0, 12288, 11829, 287
2026/09/22 22:01:36.907, 0, 12288, 11829, 287
2026/09/22 22:01:37.115, 0, 12288, 11829, 287
2026/09/22 22:01:37.321, 0, 12288, 11829, 287
2026/09/22 22:01:37.529, 0, 12288, 11829, 287
2026/09/22 22:01:37.737, 0, 12288, 11829, 287
2026/09/22 22:01:37.945, 0, 12288, 11829, 287
2026/09/22 22:01:38.152, 0, 12288, 11829, 287
2026/09/22 22:01:38.359, 0, 12288, 11829, 287
2026/09/22 22:01:38.565, 0, 12288, 11829, 287
2026/09/22 22:01:38.773, 0, 12288, 11829, 287
2026/09/22 22:01:38.980, 0, 12288, 11829, 287
2026/09/22 22:01:39.188, 0, 12288, 11829, 287
2026/09/22 22:01:39.397, 0, 12288, 11829, 287
2026/09/22 22:01:39.605, 0, 12288, 11829, 287
2026/09/22 22:01:39.812, 0, 12288, 11829, 287
2026/09/22 22:01:40.020, 0, 12288, 11829, 287
2026/09/22 22:01:40.226, 0, 12288, 11829, 287
2026/09/22 22:01:40.434, 0, 12288, 11829, 287
2026/09/22 22:01:40.641, 0, 12288, 11829, 287
2026/09/22 22:01:40.849, 0, 12288, 11829, 287
2026/09/22 22:01:41.057, 0, 12288, 11829, 287
2026/09/22 22:01:41.264, 0, 12288, 11829, 287
2026/09/22 22:01:41.470, 0, 12288, 11829, 287
2026/09/22 22:01:41.677, 0, 12288, 11829, 287
2026/09/22 22:01:41.884, 0, 12288, 11829, 287
2026/09/22 22:01:42.091, 0, 12288, 11829, 287
2026/09/22 22:01:42.299, 0, 12288, 11829, 287
2026/09/22 22:01:42.508, 0, 12288, 11829, 287
2026/09/22 22:01:42.716, 0, 12288, 11829, 287
2026/09/22 22:01:42.924, 0, 12288, 11829, 287
2026/09/22 22:01:43.132, 0, 12288, 11829, 287
2026/09/22 22:01:43.339, 0, 12288, 11829, 287
2026/09/22 22:01:43.546, 0, 12288, 11829, 287
2026/09/22 22:01:43.753, 0, 12288, 11829, 287
2026/09/22 22:01:43.960, 0, 12288, 11829, 287
2026/09/22 22:01:44.168, 0, 12288, 11829, 287
2026/09/22 22:01:44.375, 0, 12288, 11829, 287
2026/09/22 22:01:44.581, 0, 12288, 11829, 287
2026/09/22 22:01:44.789, 0, 12288, 11829, 287
2026/09/22 22:01:44.997, 0, 12288, 11829, 287
2026/09/22 22:01:45.204, 0, 12288, 11829, 287
2026/09/22 22:01:45.410, 0, 12288, 11829, 287
2026/09/22 22:01:45.616, 0, 12288, 11829, 287
2026/09/22 22:01:45.824, 0, 12288, 11829, 287
2026/09/22 22:01:46.030, 0, 12288, 11829, 287
2026/09/22 22:01:46.236, 0, 12288, 11829, 287
2026/09/22 22:01:46.442, 0, 12288, 11829, 287
2026/09/22 22:01:46.649, 0, 12288, 11829, 287
2026/09/22 22:01:46.857, 0, 12288, 11829, 287
2026/09/22 22:01:47.065, 0, 12288, 11829, 287
2026/09/22 22:01:47.272, 0, 12288, 11829, 287
2026/09/22 22:01:47.479, 0, 12288, 11829, 287
2026/09/22 22:01:47.687, 0, 12288, 11829, 287
2026/09/22 22:01:47.894, 0, 12288, 11829, 287
2026/09/22 22:01:48.102, 0, 12288, 11829, 287
2026/09/22 22:01:48.309, 0, 12288, 11829, 287
2026/09/22 22:01:48.516, 0, 12288, 11829, 287
2026/09/22 22:01:48.724, 0, 12288, 11829, 287
2026/09/22 22:01:48.931, 0, 12288, 11829, 287
2026/09/22 22:01:49.139, 0, 12288, 11829, 287
2026/09/22 22:01:49.347, 0, 12288, 11829, 287
2026/09/22 22:01:49.555, 0, 12288, 11829, 287
2026/09/22 22:01:49.762, 0, 12288, 11829, 287
2026/09/22 22:01:49.969, 0, 12288, 11829, 287
2026/09/22 22:01:50.177, 0, 12288, 11829, 287
2026/09/22 22:01:50.385, 0, 12288, 11829, 287
2026/09/22 22:01:50.593, 0, 12288, 11829, 287
2026/09/22 22:01:50.799, 0, 12288, 11829, 287
2026/09/22 22:01:51.021, 0, 12288, 11829, 287
2026/09/22 22:01:51.229, 0, 12288, 11829, 287
2026/09/22 22:01:51.435, 0, 12288, 11829, 287
2026/09/22 22:01:51.641, 0, 12288, 11829, 287
2026/09/22 22:01:51.849, 0, 12288, 11829, 287
2026/09/22 22:01:52.057, 0, 12288, 11829, 287
2026/09/22 22:01:52.264, 0, 12288, 11829, 287
2026/09/22 22:01:52.471, 0, 12288, 11829, 287
2026/09/22 22:01:52.676, 0, 12288, 11829, 287
2026/09/22 22:01:52.883, 0, 12288, 11829, 287
2026/09/22 22:01:53.091, 0, 12288, 11829, 287
2026/09/22 22:01:53.298, 0, 12288, 11829, 287
2026/09/22 22:01:53.506, 0, 12288, 11829, 287
2026/09/22 22:01:53.714, 0, 12288, 11829, 287
2026/09/22 22:01:53.920, 0, 12288, 11829, 287
2026/09/22 22:01:54.127, 0, 12288, 11829, 287
2026/09/22 22:01:54.333, 0, 12288, 11829, 287
2026/09/22 22:01:54.540, 0, 12288, 11829, 287
2026/09/22 22:01:54.746, 0, 12288, 11829, 287
2026/09/22 22:01:54.952, 0, 12288, 11829, 287
2026/09/22 22:01:55.159, 0, 12288, 11829, 287
2026/09/22 22:01:55.362, 0, 12288, 11829, 287
2026/09/22 22:01:55.570, 0, 12288, 11829, 287
2026/09/22 22:01:55.778, 0, 12288, 11829, 287
2026/09/22 22:01:55.986, 0, 12288, 11829, 287
2026/09/22 22:01:56.192, 0, 12288, 11829, 287
2026/09/22 22:01:56.400, 0, 12288, 11829, 287
2026/09/22 22:01:56.607, 0, 12288, 11829, 287
2026/09/22 22:01:56.814, 0, 12288, 11829, 287
2026/09/22 22:01:57.019, 0, 12288, 11829, 287
2026/09/22 22:01:57.226, 0, 12288, 11829, 287
2026/09/22 22:01:57.432, 0, 12288, 11829, 287
2026/09/22 22:01:57.638, 0, 12288, 11829, 287
2026/09/22 22:01:57.845, 0, 12288, 11829, 287
2026/09/22 22:01:58.053, 0, 12288, 11829, 287
2026/09/22 22:01:58.261, 0, 12288, 11829, 287
2026/09/22 22:01:58.467, 0, 12288, 11829, 287
2026/09/22 22:01:58.674, 0, 12288, 11829, 287
2026/09/22 22:01:58.882, 0, 12288, 11829, 287
2026/09/22 22:01:59.090, 0, 12288, 11829, 287
2026/09/22 22:01:59.297, 0, 12288, 11829, 287
2026/09/22 22:01:59.504, 0, 12288, 11829, 287
2026/09/22 22:01:59.711, 0, 12288, 11829, 287
2026/09/22 22:01:59.917, 0, 12288, 11829, 287
2026/09/22 22:02:00.125, 0, 12288, 11829, 287
2026/09/22 22:02:00.333, 0, 12288, 11829, 287
2026/09/22 22:02:00.540, 0, 12288, 11829, 287
2026/09/22 22:02:00.748, 0, 12288, 11829, 287
2026/09/22 22:02:00.955, 0, 12288, 11829, 287
2026/09/22 22:02:01.162, 0, 12288, 11829, 287
2026/09/22 22:02:01.369, 0, 12288, 11829, 287
2026/09/22 22:02:01.578, 0, 12288, 11829, 287
2026/09/22 22:02:01.783, 0, 12288, 11829, 287
2026/09/22 22:02:01.990, 0, 12288, 11829, 287
2026/09/22 22:02:02.198, 0, 12288, 11829, 287
2026/09/22 22:02:02.404, 0, 12288, 11829, 287
2026/09/22 22:02:02.611, 0, 12288, 11829, 287
2026/09/22 22:02:02.817, 0, 12288, 11829, 287
2026/09/22 22:02:03.025, 0, 12288, 11829, 287
2026/09/22 22:02:03.233, 0, 12288, 11829, 287
2026/09/22 22:02:03.441, 0, 12288, 11829, 287
2026/09/22 22:02:03.649, 0, 12288, 11829, 287
2026/09/22 22:02:03.857, 0, 12288, 11829, 287
2026/09/22 22:02:04.065, 0, 12288, 11829, 287
2026/09/22 22:02:04.272, 0, 12288, 11829, 287
2026/09/22 22:02:04.479, 0, 12288, 11829, 287
2026/09/22 22:02:04.683, 0, 12288, 11829, 287
2026/09/22 22:02:04.890, 0, 12288, 11829, 287
2026/09/22 22:02:05.097, 0, 12288, 11829, 287
2026/09/22 22:02:05.304, 0, 12288, 11829, 287
2026/09/22 22:02:05.511, 0, 12288, 11829, 287
2026/09/22 22:02:05.719, 0, 12288, 11829, 287
2026/09/22 22:02:05.924, 0, 12288, 11829, 287
2026/09/22 22:02:06.130, 0, 12288, 11829, 287
2026/09/22 22:02:06.338, 0, 12288, 11829, 287
2026/09/22 22:02:06.545, 0, 12288, 11829, 287
2026/09/22 22:02:06.754, 0, 12288, 11829, 287
2026/09/22 22:02:06.960, 0, 12288, 11829, 287
2026/09/22 22:02:07.167, 0, 12288, 11829, 287
2026/09/22 22:02:07.374, 0, 12288, 11829, 287
2026/09/22 22:02:07.580, 0, 12288, 11829, 287
2026/09/22 22:02:07.788, 0, 12288, 11829, 287
2026/09/22 22:02:07.995, 0, 12288, 11829, 287
2026/09/22 22:02:08.201, 0, 12288, 11829, 287
2026/09/22 22:02:08.408, 0, 12288, 11829, 287
2026/09/22 22:02:08.615, 0, 12288, 11829, 287
2026/09/22 22:02:08.823, 0, 12288, 11829, 287
2026/09/22 22:02:09.031, 0, 12288, 11829, 287
2026/09/22 22:02:09.235, 0, 12288, 11829, 287
2026/09/22 22:02:09.441, 0, 12288, 11829, 287
2026/09/22 22:02:09.648, 0, 12288, 11829, 287
2026/09/22 22:02:09.855, 0, 12288, 11829, 287
2026/09/22 22:02:10.063, 0, 12288, 11829, 287
2026/09/22 22:02:10.269, 0, 12288, 11829, 287
2026/09/22 22:02:10.477, 0, 12288, 11829, 287
2026/09/22 22:02:10.685, 0, 12288, 11829, 287
2026/09/22 22:02:10.893, 0, 12288, 11829, 287
2026/09/22 22:02:11.098, 0, 12288, 11829, 287
2026/09/22 22:02:11.305, 0, 12288, 11829, 287
2026/09/22 22:02:11.513, 0, 12288, 11829, 287
2026/09/22 22:02:11.721, 0, 12288, 11829, 287
2026/09/22 22:02:11.928, 0, 12288, 11829, 287
2026/09/22 22:02:12.135, 0, 12288, 11829, 287
2026/09/22 22:02:12.343, 0, 12288, 11829, 287
2026/09/22 22:02:12.550, 0, 12288, 11829, 287
2026/09/22 22:02:12.758, 0, 12288, 11829, 287
2026/09/22 22:02:12.966, 0, 12288, 11829, 287
2026/09/22 22:02:13.173, 0, 12288, 11829, 287
2026/09/22 22:02:13.380, 0, 12288, 11829, 287
2026/09/22 22:02:13.587, 0, 12288, 11829, 287
2026/09/22 22:02:13.795, 0, 12288, 11829, 287
2026/09/22 22:02:14.001, 0, 12288, 11829, 287
2026/09/22 22:02:14.209, 0, 12288, 11829, 287
2026/09/22 22:02:14.416, 0, 12288, 11829, 287
2026/09/22 22:02:14.623, 0, 12288, 11829, 287
2026/09/22 22:02:14.830, 0, 12288, 11829, 287
2026/09/22 22:02:15.036, 0, 12288, 11829, 287
2026/09/22 22:02:15.243, 0, 12288, 11829, 287
2026/09/22 22:02:15.450, 0, 12288, 11829, 287
2026/09/22 22:02:15.658, 0, 12288, 11829, 287
2026/09/22 22:02:15.863, 0, 12288, 11829, 287
2026/09/22 22:02:16.071, 0, 12288, 11829, 287
2026/09/22 22:02:16.279, 0, 12288, 11829, 287
2026/09/22 22:02:16.486, 0, 12288, 11829, 287
2026/09/22 22:02:16.694, 0, 12288, 11829, 287
2026/09/22 22:02:16.902, 0, 12288, 11829, 287
2026/09/22 22:02:17.109, 0, 12288, 11829, 287
2026/09/22 22:02:17.318, 0, 12288, 11829, 287
2026/09/22 22:02:17.525, 0, 12288, 11829, 287
2026/09/22 22:02:17.733, 0, 12288, 11829, 287
2026/09/22 22:02:17.941, 0, 12288, 11829, 287
2026/09/22 22:02:18.148, 0, 12288, 11829, 287
2026/09/22 22:02:18.356, 0, 12288, 11829, 287
2026/09/22 22:02:18.561, 0, 12288, 11829, 287
2026/09/22 22:02:18.768, 0, 12288, 11829, 287
2026/09/22 22:02:18.975, 0, 12288, 11829, 287
2026/09/22 22:02:19.183, 0, 12288, 11829, 287
2026/09/22 22:02:19.389, 0, 12288, 11829, 287
2026/09/22 22:02:19.596, 0, 12288, 11829, 287
2026/09/22 22:02:19.803, 0, 12288, 11829, 287
2026/09/22 22:02:20.011, 0, 12288, 11829, 287
2026/09/22 22:02:20.219, 0, 12288, 11829, 287
2026/09/22 22:02:20.424, 0, 12288, 11829, 287
2026/09/22 22:02:20.632, 0, 12288, 11829, 287
2026/09/22 22:02:20.840, 0, 12288, 11829, 287
2026/09/22 22:02:21.048, 0, 12288, 11829, 287
2026/09/22 22:02:21.257, 0, 12288, 11829, 287
2026/09/22 22:02:21.465, 0, 12288, 11829, 287
2026/09/22 22:02:21.673, 0, 12288, 11829, 287
2026/09/22 22:02:21.880, 0, 12288, 11829, 287
2026/09/22 22:02:22.086, 0, 12288, 11829, 287
2026/09/22 22:02:22.294, 0, 12288, 11829, 287
2026/09/22 22:02:22.501, 0, 12288, 11829, 287
2026/09/22 22:02:22.708, 0, 12288, 11829, 287
2026/09/22 22:02:22.916, 0, 12288, 11829, 287
2026/09/22 22:02:23.123, 0, 12288, 11829, 287
2026/09/22 22:02:23.329, 0, 12288, 11829, 287
2026/09/22 22:02:23.535, 0, 12288, 11829, 287
2026/09/22 22:02:23.742, 0, 12288, 11829, 287
2026/09/22 22:02:23.949, 0, 12288, 11829, 287
2026/09/22 22:02:24.157, 0, 12288, 11829, 287
2026/09/22 22:02:24.365, 0, 12288, 11829, 287
2026/09/22 22:02:24.572, 0, 12288, 11829, 287
2026/09/22 22:02:24.780, 0, 12288, 11829, 287
2026/09/22 22:02:24.987, 0, 12288, 11829, 287
2026/09/22 22:02:25.195, 0, 12288, 11829, 287
2026/09/22 22:02:25.401, 0, 12288, 11829, 287
2026/09/22 22:02:25.608, 0, 12288, 11829, 287
2026/09/22 22:02:25.815, 0, 12288, 11829, 287
2026/09/22 22:02:26.018, 0, 12288, 11829, 287
2026/09/22 22:02:26.226, 0, 12288, 11829, 287
2026/09/22 22:02:26.433, 0, 12288, 11829, 287
2026/09/22 22:02:26.641, 0, 12288, 11829, 287
2026/09/22 22:02:26.850, 0, 12288, 11829, 287
2026/09/22 22:02:27.057, 0, 12288, 11829, 287
2026/09/22 22:02:27.265, 0, 12288, 11829, 287
2026/09/22 22:02:27.472, 0, 12288, 11829, 287
2026/09/22 22:02:27.680, 0, 12288, 11829, 287
2026/09/22 22:02:27.886, 0, 12288, 11829, 287
2026/09/22 22:02:28.094, 0, 12288, 11829, 287
2026/09/22 22:02:28.300, 0, 12288, 11829, 287
2026/09/22 22:02:28.508, 0, 12288, 11829, 287
2026/09/22 22:02:28.715, 0, 12288, 11829, 287
2026/09/22 22:02:28.923, 0, 12288, 11829, 287
2026/09/22 22:02:29.131, 0, 12288, 11829, 287
2026/09/22 22:02:29.339, 0, 12288, 11829, 287
2026/09/22 22:02:29.547, 0, 12288, 11829, 287
2026/09/22 22:02:29.754, 0, 12288, 11829, 287
2026/09/22 22:02:29.962, 0, 12288, 11829, 287
2026/09/22 22:02:30.169, 0, 12288, 11829, 287
2026/09/22 22:02:30.377, 0, 12288, 11829, 287
2026/09/22 22:02:30.585, 0, 12288, 11829, 287
2026/09/22 22:02:30.792, 0, 12288, 11829, 287
2026/09/22 22:02:30.999, 0, 12288, 11829, 287
2026/09/22 22:02:31.207, 0, 12288, 11829, 287
2026/09/22 22:02:31.415, 0, 12288, 11829, 287
2026/09/22 22:02:31.622, 0, 12288, 11829, 287
2026/09/22 22:02:31.829, 0, 12288, 11829, 287
2026/09/22 22:02:32.034, 0, 12288, 11829, 287
2026/09/22 22:02:32.241, 0, 12288, 11829, 287
2026/09/22 22:02:32.445, 0, 12288, 11829, 287
2026/09/22 22:02:32.653, 0, 12288, 11829, 287
2026/09/22 22:02:32.861, 0, 12288, 11829, 287
2026/09/22 22:02:33.065, 0, 12288, 11829, 287
2026/09/22 22:02:33.272, 0, 12288, 11829, 287
2026/09/22 22:02:33.479, 0, 12288, 11829, 287
2026/09/22 22:02:33.687, 0, 12288, 11829, 287
2026/09/22 22:02:33.894, 0, 12288, 11829, 287
2026/09/22 22:02:34.102, 0, 12288, 11829, 287
2026/09/22 22:02:34.309, 0, 12288, 11829, 287
2026/09/22 22:02:34.516, 0, 12288, 11829, 287
2026/09/22 22:02:34.722, 0, 12288, 11829, 287
2026/09/22 22:02:34.929, 0, 12288, 11829, 287
2026/09/22 22:02:35.136, 0, 12288, 11829, 287
2026/09/22 22:02:35.343, 0, 12288, 11829, 287
2026/09/22 22:02:35.550, 0, 12288, 11829, 287
2026/09/22 22:02:35.758, 0, 12288, 11829, 287
2026/09/22 22:02:35.966, 0, 12288, 11829, 287
2026/09/22 22:02:36.174, 0, 12288, 11829, 287
2026/09/22 22:02:36.381, 0, 12288, 11829, 287
2026/09/22 22:02:36.587, 0, 12288, 11829, 287
2026/09/22 22:02:36.795, 0, 12288, 11829, 287
2026/09/22 22:02:37.002, 0, 12288, 11829, 287
2026/09/22 22:02:37.205, 0, 12288, 11829, 287
2026/09/22 22:02:37.412, 0, 12288, 11829, 287
2026/09/22 22:02:37.620, 0, 12288, 11829, 287
2026/09/22 22:02:37.828, 0, 12288, 11829, 287
2026/09/22 22:02:38.033, 0, 12288, 11829, 287
2026/09/22 22:02:38.239, 0, 12288, 11829, 287
2026/09/22 22:02:38.446, 0, 12288, 11829, 287
2026/09/22 22:02:38.652, 0, 12288, 11829, 287
2026/09/22 22:02:38.860, 0, 12288, 11829, 287
2026/09/22 22:02:39.066, 0, 12288, 11829, 287
2026/09/22 22:02:39.273, 0, 12288, 11829, 287
2026/09/22 22:02:39.481, 0, 12288, 11829, 287
2026/09/22 22:02:39.689, 0, 12288, 11829, 287
2026/09/22 22:02:39.896, 0, 12288, 11829, 287
2026/09/22 22:02:40.104, 0, 12288, 11829, 287
2026/09/22 22:02:40.311, 0, 12288, 11829, 287
2026/09/22 22:02:40.518, 0, 12288, 11829, 287
2026/09/22 22:02:40.725, 0, 12288, 11829, 287
2026/09/22 22:02:40.932, 0, 12288, 11829, 287
2026/09/22 22:02:41.140, 0, 12288, 11829, 287
2026/09/22 22:02:41.346, 0, 12288, 11829, 287
2026/09/22 22:02:41.553, 0, 12288, 11829, 287
2026/09/22 22:02:41.759, 0, 12288, 11829, 287
2026/09/22 22:02:41.966, 0, 12288, 11829, 287
2026/09/22 22:02:42.174, 0, 12288, 11829, 287
2026/09/22 22:02:42.381, 0, 12288, 11829, 287
2026/09/22 22:02:42.588, 0, 12288, 11829, 287
2026/09/22 22:02:42.795, 0, 12288, 11829, 287
2026/09/22 22:02:43.002, 0, 12288, 11829, 287
2026/09/22 22:02:43.209, 0, 12288, 11829, 287
2026/09/22 22:02:43.414, 0, 12288, 11829, 287
2026/09/22 22:02:43.622, 0, 12288, 11829, 287
2026/09/22 22:02:43.829, 0, 12288, 11829, 287
2026/09/22 22:02:44.037, 0, 12288, 11829, 287
2026/09/22 22:02:44.245, 0, 12288, 11829, 287
2026/09/22 22:02:44.452, 0, 12288, 11829, 287
2026/09/22 22:02:44.659, 0, 12288, 11829, 287
2026/09/22 22:02:44.867, 0, 12288, 11829, 287
2026/09/22 22:02:45.075, 0, 12288, 11829, 287
2026/09/22 22:02:45.283, 0, 12288, 11829, 287
2026/09/22 22:02:45.489, 0, 12288, 11829, 287
2026/09/22 22:02:45.694, 0, 12288, 11829, 287
2026/09/22 22:02:45.902, 0, 12288, 11829, 287
2026/09/22 22:02:46.110, 0, 12288, 11829, 287
2026/09/22 22:02:46.318, 0, 12288, 11829, 287
2026/09/22 22:02:46.524, 0, 12288, 11829, 287
2026/09/22 22:02:46.731, 0, 12288, 11829, 287
2026/09/22 22:02:46.939, 0, 12288, 11829, 287
2026/09/22 22:02:47.147, 0, 12288, 11829, 287
2026/09/22 22:02:47.355, 0, 12288, 11829, 287
2026/09/22 22:02:47.562, 0, 12288, 11829, 287
2026/09/22 22:02:47.768, 0, 12288, 11829, 287
2026/09/22 22:02:47.973, 0, 12288, 11829, 287
2026/09/22 22:02:48.180, 0, 12288, 11829, 287
2026/09/22 22:02:48.387, 0, 12288, 11829, 287
2026/09/22 22:02:48.595, 0, 12288, 11829, 287
2026/09/22 22:02:48.802, 0, 12288, 11829, 287
2026/09/22 22:02:49.010, 0, 12288, 11829, 287
2026/09/22 22:02:49.218, 0, 12288, 11829, 287
2026/09/22 22:02:49.425, 0, 12288, 11829, 287
2026/09/22 22:02:49.632, 0, 12288, 11829, 287
2026/09/22 22:02:49.839, 0, 12288, 11829, 287
2026/09/22 22:02:50.047, 0, 12288, 11829, 287
2026/09/22 22:02:50.253, 0, 12288, 11829, 287
2026/09/22 22:02:50.460, 0, 12288, 11829, 287
2026/09/22 22:02:50.668, 0, 12288, 11829, 287
2026/09/22 22:02:50.876, 0, 12288, 11829, 287
2026/09/22 22:02:51.082, 0, 12288, 11829, 287
2026/09/22 22:02:51.289, 0, 12288, 11829, 287
2026/09/22 22:02:51.497, 0, 12288, 11829, 287
2026/09/22 22:02:51.705, 0, 12288, 11829, 287
2026/09/22 22:02:51.912, 0, 12288, 11829, 287
2026/09/22 22:02:52.121, 0, 12288, 11829, 287
2026/09/22 22:02:52.329, 0, 12288, 11829, 287
2026/09/22 22:02:52.536, 0, 12288, 11829, 287
2026/09/22 22:02:52.744, 0, 12288, 11829, 287
2026/09/22 22:02:52.950, 0, 12288, 11829, 287
2026/09/22 22:02:53.157, 0, 12288, 11829, 287
2026/09/22 22:02:53.364, 0, 12288, 11829, 287
2026/09/22 22:02:53.571, 0, 12288, 11829, 287
2026/09/22 22:02:53.779, 0, 12288, 11829, 287
2026/09/22 22:02:53.987, 0, 12288, 11829, 287
2026/09/22 22:02:54.192, 0, 12288, 11829, 287
2026/09/22 22:02:54.399, 0, 12288, 11829, 287
2026/09/22 22:02:54.607, 0, 12288, 11829, 287
2026/09/22 22:02:54.815, 0, 12288, 11829, 287
2026/09/22 22:02:55.023, 0, 12288, 11829, 287
2026/09/22 22:02:55.231, 0, 12288, 11829, 287
2026/09/22 22:02:55.438, 0, 12288, 11829, 287
2026/09/22 22:02:55.645, 0, 12288, 11829, 287
2026/09/22 22:02:55.852, 0, 12288, 11829, 287
2026/09/22 22:02:56.059, 0, 12288, 11829, 287
2026/09/22 22:02:56.265, 0, 12288, 11829, 287
2026/09/22 22:02:56.472, 0, 12288, 11829, 287
2026/09/22 22:02:56.680, 0, 12288, 11829, 287
2026/09/22 22:02:56.888, 0, 12288, 11829, 287
2026/09/22 22:02:57.096, 0, 12288, 11829, 287
2026/09/22 22:02:57.303, 0, 12288, 11829, 287
2026/09/22 22:02:57.511, 0, 12288, 11829, 287
2026/09/22 22:02:57.718, 0, 12288, 11829, 287
2026/09/22 22:02:57.924, 0, 12288, 11829, 287
2026/09/22 22:02:58.131, 0, 12288, 11829, 287
2026/09/22 22:02:58.338, 0, 12288, 11829, 287
2026/09/22 22:02:58.545, 0, 12288, 11829, 287
2026/09/22 22:02:58.753, 0, 12288, 11829, 287
2026/09/22 22:02:58.961, 0, 12288, 11829, 287
2026/09/22 22:02:59.169, 0, 12288, 11829, 287
2026/09/22 22:02:59.375, 0, 12288, 11829, 287
2026/09/22 22:02:59.582, 0, 12288, 11829, 287
2026/09/22 22:02:59.790, 0, 12288, 11829, 287
2026/09/22 22:02:59.998, 0, 12288, 11829, 287
2026/09/22 22:03:00.206, 0, 12288, 11829, 287
2026/09/22 22:03:00.411, 0, 12288, 11829, 287
2026/09/22 22:03:00.619, 0, 12288, 11829, 287
2026/09/22 22:03:00.826, 0, 12288, 11829, 287
2026/09/22 22:03:01.033, 0, 12288, 11829, 287
2026/09/22 22:03:01.240, 0, 12288, 11829, 287
2026/09/22 22:03:01.448, 0, 12288, 11829, 287
2026/09/22 22:03:01.655, 0, 12288, 11829, 287
2026/09/22 22:03:01.861, 0, 12288, 11829, 287
2026/09/22 22:03:02.066, 0, 12288, 11829, 287
2026/09/22 22:03:02.273, 0, 12288, 11829, 287
2026/09/22 22:03:02.481, 0, 12288, 11829, 287
2026/09/22 22:03:02.688, 0, 12288, 11829, 287
2026/09/22 22:03:02.895, 0, 12288, 11829, 287
2026/09/22 22:03:03.103, 0, 12288, 11829, 287
2026/09/22 22:03:03.310, 0, 12288, 11829, 287
2026/09/22 22:03:03.518, 0, 12288, 11829, 287
2026/09/22 22:03:03.724, 0, 12288, 11829, 287
2026/09/22 22:03:03.931, 0, 12288, 11829, 287
2026/09/22 22:03:04.139, 0, 12288, 11829, 287
2026/09/22 22:03:04.347, 0, 12288, 11829, 287
2026/09/22 22:03:04.555, 0, 12288, 11829, 287
2026/09/22 22:03:04.763, 0, 12288, 11829, 287
2026/09/22 22:03:04.969, 0, 12288, 11829, 287
2026/09/22 22:03:05.175, 0, 12288, 11829, 287
2026/09/22 22:03:05.382, 0, 12288, 11829, 287
2026/09/22 22:03:05.589, 0, 12288, 11829, 287
2026/09/22 22:03:05.797, 0, 12288, 11829, 287
2026/09/22 22:03:06.003, 0, 12288, 11829, 287
2026/09/22 22:03:06.211, 0, 12288, 11829, 287
2026/09/22 22:03:06.419, 0, 12288, 11829, 287
2026/09/22 22:03:06.627, 0, 12288, 11829, 287
2026/09/22 22:03:06.834, 0, 12288, 11829, 287
2026/09/22 22:03:07.040, 0, 12288, 11829, 287
2026/09/22 22:03:07.248, 0, 12288, 11829, 287
2026/09/22 22:03:07.456, 0, 12288, 11829, 287
2026/09/22 22:03:07.662, 0, 12288, 11829, 287
2026/09/22 22:03:07.869, 0, 12288, 11829, 287
2026/09/22 22:03:08.077, 0, 12288, 11829, 287
2026/09/22 22:03:08.285, 0, 12288, 11829, 287
2026/09/22 22:03:08.492, 0, 12288, 11829, 287
2026/09/22 22:03:08.715, 0, 12288, 11829, 287
2026/09/22 22:03:08.923, 0, 12288, 11829, 287
2026/09/22 22:03:09.131, 0, 12288, 11829, 287
2026/09/22 22:03:09.337, 0, 12288, 11829, 287
2026/09/22 22:03:09.545, 0, 12288, 11829, 287
2026/09/22 22:03:09.751, 0, 12288, 11829, 287
2026/09/22 22:03:09.956, 0, 12288, 11829, 287
2026/09/22 22:03:10.161, 0, 12288, 11829, 287
2026/09/22 22:03:10.368, 0, 12288, 11829, 287
2026/09/22 22:03:10.576, 0, 12288, 11829, 287
2026/09/22 22:03:10.783, 0, 12288, 11829, 287
2026/09/22 22:03:10.991, 0, 12288, 11829, 287
2026/09/22 22:03:11.198, 0, 12288, 11829, 287
2026/09/22 22:03:11.406, 0, 12288, 11829, 287
2026/09/22 22:03:11.613, 0, 12288, 11829, 287
2026/09/22 22:03:11.821, 0, 12288, 11829, 287
2026/09/22 22:03:12.027, 0, 12288, 11829, 287
2026/09/22 22:03:12.234, 0, 12288, 11829, 287
2026/09/22 22:03:12.441, 0, 12288, 11829, 287
2026/09/22 22:03:12.648, 0, 12288, 11829, 287
2026/09/22 22:03:12.856, 0, 12288, 11829, 287
2026/09/22 22:03:13.063, 0, 12288, 11829, 287
2026/09/22 22:03:13.269, 0, 12288, 11829, 287
2026/09/22 22:03:13.475, 0, 12288, 11829, 287
2026/09/22 22:03:13.682, 0, 12288, 11829, 287
2026/09/22 22:03:13.890, 0, 12288, 11829, 287
2026/09/22 22:03:14.097, 0, 12288, 11829, 287
2026/09/22 22:03:14.302, 0, 12288, 11829, 287
2026/09/22 22:03:14.508, 0, 12288, 11829, 287
2026/09/22 22:03:14.716, 0, 12288, 11829, 287
2026/09/22 22:03:14.924, 0, 12288, 11829, 287
2026/09/22 22:03:15.129, 0, 12288, 11829, 287
2026/09/22 22:03:15.337, 0, 12288, 11829, 287
2026/09/22 22:03:15.543, 0, 12288, 11829, 287
2026/09/22 22:03:15.751, 0, 12288, 11829, 287
2026/09/22 22:03:15.957, 0, 12288, 11829, 287
2026/09/22 22:03:16.165, 0, 12288, 11829, 287
2026/09/22 22:03:16.373, 0, 12288, 11829, 287
2026/09/22 22:03:16.581, 0, 12288, 11829, 287
2026/09/22 22:03:16.789, 0, 12288, 11829, 287
2026/09/22 22:03:16.997, 0, 12288, 11829, 287
2026/09/22 22:03:17.203, 0, 12288, 11829, 287
2026/09/22 22:03:17.408, 0, 12288, 11829, 287
2026/09/22 22:03:17.614, 0, 12288, 11829, 287
2026/09/22 22:03:17.821, 0, 12288, 11829, 287
2026/09/22 22:03:18.030, 0, 12288, 11829, 287
2026/09/22 22:03:18.235, 0, 12288, 11829, 287
2026/09/22 22:03:18.443, 0, 12288, 11829, 287
2026/09/22 22:03:18.650, 0, 12288, 11829, 287
2026/09/22 22:03:18.858, 0, 12288, 11829, 287
2026/09/22 22:03:19.064, 0, 12288, 11829, 287
2026/09/22 22:03:19.269, 0, 12288, 11829, 287
2026/09/22 22:03:19.476, 0, 12288, 11829, 287
2026/09/22 22:03:19.683, 0, 12288, 11829, 287
2026/09/22 22:03:19.891, 0, 12288, 11829, 287
2026/09/22 22:03:20.098, 0, 12288, 11829, 287
2026/09/22 22:03:20.305, 0, 12288, 11829, 287
2026/09/22 22:03:20.512, 0, 12288, 11829, 287
2026/09/22 22:03:20.720, 0, 12288, 11829, 287
2026/09/22 22:03:20.927, 0, 12288, 11829, 287
2026/09/22 22:03:21.135, 0, 12288, 11829, 287
2026/09/22 22:03:21.343, 0, 12288, 11829, 287
2026/09/22 22:03:21.550, 0, 12288, 11829, 287
2026/09/22 22:03:21.758, 0, 12288, 11829, 287
2026/09/22 22:03:21.966, 0, 12288, 11829, 287
2026/09/22 22:03:22.174, 0, 12288, 11829, 287
2026/09/22 22:03:22.382, 0, 12288, 11829, 287
2026/09/22 22:03:22.588, 0, 12288, 11829, 287
2026/09/22 22:03:22.796, 0, 12288, 11829, 287
2026/09/22 22:03:23.003, 0, 12288, 11829, 287
2026/09/22 22:03:23.210, 0, 12288, 11829, 287
2026/09/22 22:03:23.417, 0, 12288, 11829, 287
2026/09/22 22:03:23.622, 0, 12288, 11829, 287
2026/09/22 22:03:23.830, 0, 12288, 11829, 287
2026/09/22 22:03:24.038, 0, 12288, 11829, 287
2026/09/22 22:03:24.245, 0, 12288, 11829, 287
2026/09/22 22:03:24.453, 0, 12288, 11829, 287
2026/09/22 22:03:24.660, 0, 12288, 11829, 287
2026/09/22 22:03:24.868, 0, 12288, 11829, 287
2026/09/22 22:03:25.075, 0, 12288, 11829, 287
2026/09/22 22:03:25.282, 0, 12288, 11829, 287
2026/09/22 22:03:25.489, 0, 12288, 11829, 287
2026/09/22 22:03:25.697, 0, 12288, 11829, 287
2026/09/22 22:03:25.904, 0, 12288, 11829, 287
2026/09/22 22:03:26.111, 0, 12288, 11829, 287
2026/09/22 22:03:26.315, 0, 12288, 11829, 287
2026/09/22 22:03:26.523, 0, 12288, 11829, 287
2026/09/22 22:03:26.731, 0, 12288, 11829, 287
2026/09/22 22:03:26.937, 0, 12288, 11829, 287
2026/09/22 22:03:27.143, 0, 12288, 11829, 287
2026/09/22 22:03:27.350, 0, 12288, 11829, 287
2026/09/22 22:03:27.558, 0, 12288, 11829, 287
2026/09/22 22:03:27.766, 0, 12288, 11829, 287
2026/09/22 22:03:27.971, 0, 12288, 11829, 287
2026/09/22 22:03:28.177, 0, 12288, 11829, 287
2026/09/22 22:03:28.385, 0, 12288, 11829, 287
2026/09/22 22:03:28.593, 0, 12288, 11829, 287
2026/09/22 22:03:28.800, 0, 12288, 11829, 287
2026/09/22 22:03:29.008, 0, 12288, 11829, 287
2026/09/22 22:03:29.216, 0, 12288, 11829, 287
2026/09/22 22:03:29.424, 0, 12288, 11829, 287
2026/09/22 22:03:29.632, 0, 12288, 11829, 287
2026/09/22 22:03:29.840, 0, 12288, 11829, 287
2026/09/22 22:03:30.048, 0, 12288, 11829, 287
2026/09/22 22:03:30.253, 0, 12288, 11829, 287
2026/09/22 22:03:30.461, 0, 12288, 11829, 287
2026/09/22 22:03:30.669, 0, 12288, 11829, 287
2026/09/22 22:03:30.876, 0, 12288, 11829, 287
2026/09/22 22:03:31.083, 0, 12288, 11829, 287
2026/09/22 22:03:31.291, 0, 12288, 11829, 287
2026/09/22 22:03:31.499, 0, 12288, 11829, 287
2026/09/22 22:03:31.705, 0, 12288, 11829, 287
2026/09/22 22:03:31.912, 0, 12288, 11829, 287
2026/09/22 22:03:32.119, 0, 12288, 11829, 287
2026/09/22 22:03:32.327, 0, 12288, 11829, 287
2026/09/22 22:03:32.534, 0, 12288, 11829, 287
2026/09/22 22:03:32.741, 0, 12288, 11829, 287
2026/09/22 22:03:32.947, 0, 12288, 11829, 287
2026/09/22 22:03:33.154, 0, 12288, 11829, 287
2026/09/22 22:03:33.362, 0, 12288, 11829, 287
2026/09/22 22:03:33.568, 0, 12288, 11829, 287
2026/09/22 22:03:33.776, 0, 12288, 11829, 287
2026/09/22 22:03:33.984, 0, 12288, 11829, 287
2026/09/22 22:03:34.191, 0, 12288, 11829, 287
2026/09/22 22:03:34.398, 0, 12288, 11829, 287
2026/09/22 22:03:34.606, 0, 12288, 11829, 287
2026/09/22 22:03:34.814, 0, 12288, 11829, 287
2026/09/22 22:03:35.020, 0, 12288, 11829, 287
2026/09/22 22:03:35.228, 0, 12288, 11829, 287
2026/09/22 22:03:35.435, 0, 12288, 11829, 287
2026/09/22 22:03:35.642, 0, 12288, 11829, 287
2026/09/22 22:03:35.849, 0, 12288, 11829, 287
2026/09/22 22:03:36.056, 0, 12288, 11829, 287
2026/09/22 22:03:36.264, 0, 12288, 11829, 287
2026/09/22 22:03:36.472, 0, 12288, 11829, 287
2026/09/22 22:03:36.680, 0, 12288, 11829, 287
2026/09/22 22:03:36.887, 0, 12288, 11829, 287
2026/09/22 22:03:37.095, 0, 12288, 11829, 287
2026/09/22 22:03:37.300, 0, 12288, 11829, 287
2026/09/22 22:03:37.503, 0, 12288, 11829, 287
2026/09/22 22:03:37.708, 0, 12288, 11829, 287
2026/09/22 22:03:37.913, 0, 12288, 11829, 287
2026/09/22 22:03:38.121, 0, 12288, 11829, 287
2026/09/22 22:03:38.328, 0, 12288, 11829, 287
2026/09/22 22:03:38.533, 0, 12288, 11829, 287
2026/09/22 22:03:38.738, 0, 12288, 11829, 287
2026/09/22 22:03:38.945, 0, 12288, 11829, 287
2026/09/22 22:03:39.153, 0, 12288, 11829, 287
2026/09/22 22:03:39.361, 0, 12288, 11829, 287
2026/09/22 22:03:39.569, 0, 12288, 11829, 287
2026/09/22 22:03:39.776, 0, 12288, 11829, 287
2026/09/22 22:03:39.983, 0, 12288, 11829, 287
2026/09/22 22:03:40.190, 0, 12288, 11829, 287
2026/09/22 22:03:40.397, 0, 12288, 11829, 287
2026/09/22 22:03:40.604, 0, 12288, 11829, 287
2026/09/22 22:03:40.812, 0, 12288, 11829, 287
2026/09/22 22:03:41.019, 0, 12288, 11829, 287
2026/09/22 22:03:41.226, 0, 12288, 11829, 287
2026/09/22 22:03:41.433, 0, 12288, 11829, 287
2026/09/22 22:03:41.641, 0, 12288, 11829, 287
2026/09/22 22:03:41.847, 0, 12288, 11829, 287
2026/09/22 22:03:42.055, 0, 12288, 11829, 287
2026/09/22 22:03:42.261, 0, 12288, 11829, 287
2026/09/22 22:03:42.469, 0, 12288, 11829, 287
2026/09/22 22:03:42.675, 0, 12288, 11829, 287
2026/09/22 22:03:42.882, 0, 12288, 11829, 287
2026/09/22 22:03:43.088, 0, 12288, 11829, 287
2026/09/22 22:03:43.295, 0, 12288, 11829, 287
2026/09/22 22:03:43.503, 0, 12288, 11829, 287
2026/09/22 22:03:43.710, 0, 12288, 11829, 287
2026/09/22 22:03:43.918, 0, 12288, 11829, 287
2026/09/22 22:03:44.125, 0, 12288, 11829, 287
2026/09/22 22:03:44.332, 0, 12288, 11829, 287
2026/09/22 22:03:44.540, 0, 12288, 11829, 287
2026/09/22 22:03:44.747, 0, 12288, 11829, 287
2026/09/22 22:03:44.955, 0, 12288, 11829, 287
2026/09/22 22:03:45.160, 0, 12288, 11829, 287
2026/09/22 22:03:45.367, 0, 12288, 11829, 287
2026/09/22 22:03:45.574, 0, 12288, 11829, 287
2026/09/22 22:03:45.782, 0, 12288, 11829, 287
2026/09/22 22:03:45.989, 0, 12288, 11829, 287
2026/09/22 22:03:46.197, 0, 12288, 11829, 287
2026/09/22 22:03:46.404, 0, 12288, 11829, 287
2026/09/22 22:03:46.611, 0, 12288, 11829, 287
2026/09/22 22:03:46.815, 0, 12288, 11829, 287
2026/09/22 22:03:47.023, 0, 12288, 11829, 287
2026/09/22 22:03:47.228, 0, 12288, 11829, 287
2026/09/22 22:03:47.436, 0, 12288, 11829, 287
2026/09/22 22:03:47.643, 0, 12288, 11829, 287
2026/09/22 22:03:47.850, 0, 12288, 11829, 287
2026/09/22 22:03:48.058, 0, 12288, 11829, 287
2026/09/22 22:03:48.266, 0, 12288, 11829, 287
2026/09/22 22:03:48.474, 0, 12288, 11829, 287
2026/09/22 22:03:48.681, 0, 12288, 11829, 287
2026/09/22 22:03:48.889, 0, 12288, 11829, 287
2026/09/22 22:03:49.097, 0, 12288, 11829, 287
2026/09/22 22:03:49.303, 0, 12288, 11829, 287
2026/09/22 22:03:49.510, 0, 12288, 11829, 287
2026/09/22 22:03:49.716, 0, 12288, 11829, 287
2026/09/22 22:03:49.924, 0, 12288, 11829, 287
2026/09/22 22:03:50.130, 0, 12288, 11829, 287
2026/09/22 22:03:50.338, 0, 12288, 11829, 287
2026/09/22 22:03:50.546, 0, 12288, 11829, 287
2026/09/22 22:03:50.753, 0, 12288, 11829, 287
2026/09/22 22:03:50.961, 0, 12288, 11829, 287
2026/09/22 22:03:51.169, 0, 12288, 11829, 287
2026/09/22 22:03:51.376, 0, 12288, 11829, 287
2026/09/22 22:03:51.583, 0, 12288, 11829, 287
2026/09/22 22:03:51.791, 0, 12288, 11829, 287
2026/09/22 22:03:51.997, 0, 12288, 11829, 287
2026/09/22 22:03:52.205, 0, 12288, 11829, 287
2026/09/22 22:03:52.411, 0, 12288, 11829, 287
2026/09/22 22:03:52.619, 0, 12288, 11829, 287
2026/09/22 22:03:52.826, 0, 12288, 11829, 287
2026/09/22 22:03:53.033, 0, 12288, 11829, 287
2026/09/22 22:03:53.240, 0, 12288, 11829, 287
2026/09/22 22:03:53.448, 0, 12288, 11829, 287
2026/09/22 22:03:53.655, 0, 12288, 11829, 287
2026/09/22 22:03:53.862, 0, 12288, 11829, 287
2026/09/22 22:03:54.069, 0, 12288, 11829, 287
2026/09/22 22:03:54.276, 0, 12288, 11829, 287
2026/09/22 22:03:54.483, 0, 12288, 11829, 287
2026/09/22 22:03:54.690, 0, 12288, 11829, 287
2026/09/22 22:03:54.895, 0, 12288, 11829, 287
2026/09/22 22:03:55.103, 0, 12288, 11829, 287
2026/09/22 22:03:55.311, 0, 12288, 11829, 287
2026/09/22 22:03:55.518, 0, 12288, 11829, 287
2026/09/22 22:03:55.725, 0, 12288, 11829, 287
2026/09/22 22:03:55.933, 0, 12288, 11829, 287
2026/09/22 22:03:56.138, 0, 12288, 11829, 287
2026/09/22 22:03:56.346, 0, 12288, 11829, 287
2026/09/22 22:03:56.554, 0, 12288, 11829, 287
2026/09/22 22:03:56.761, 0, 12288, 11829, 287
2026/09/22 22:03:56.969, 0, 12288, 11829, 287
2026/09/22 22:03:57.177, 0, 12288, 11829, 287
2026/09/22 22:03:57.385, 0, 12288, 11829, 287
2026/09/22 22:03:57.591, 0, 12288, 11829, 287
2026/09/22 22:03:57.798, 0, 12288, 11829, 287
2026/09/22 22:03:58.001, 0, 12288, 11829, 287
2026/09/22 22:03:58.209, 0, 12288, 11829, 287
2026/09/22 22:03:58.415, 0, 12288, 11829, 287
2026/09/22 22:03:58.622, 0, 12288, 11829, 287
2026/09/22 22:03:58.829, 0, 12288, 11829, 287
2026/09/22 22:03:59.037, 0, 12288, 11829, 287
2026/09/22 22:03:59.244, 0, 12288, 11829, 287
2026/09/22 22:03:59.450, 0, 12288, 11829, 287
2026/09/22 22:03:59.657, 0, 12288, 11829, 287
2026/09/22 22:03:59.864, 0, 12288, 11829, 287
2026/09/22 22:04:00.072, 0, 12288, 11829, 287
2026/09/22 22:04:00.279, 0, 12288, 11829, 287
2026/09/22 22:04:00.487, 0, 12288, 11829, 287
2026/09/22 22:04:00.691, 0, 12288, 11829, 287
2026/09/22 22:04:00.896, 0, 12288, 11829, 287
2026/09/22 22:04:01.104, 0, 12288, 11829, 287
2026/09/22 22:04:01.310, 0, 12288, 11829, 287
2026/09/22 22:04:01.516, 0, 12288, 11829, 287
2026/09/22 22:04:01.721, 0, 12288, 11829, 287
2026/09/22 22:04:01.927, 0, 12288, 11829, 287
2026/09/22 22:04:02.135, 0, 12288, 11829, 287
2026/09/22 22:04:02.342, 0, 12288, 11829, 287
2026/09/22 22:04:02.549, 0, 12288, 11829, 287
2026/09/22 22:04:02.756, 0, 12288, 11829, 287
2026/09/22 22:04:02.963, 0, 12288, 11829, 287
2026/09/22 22:04:03.171, 0, 12288, 11829, 287
2026/09/22 22:04:03.378, 0, 12288, 11829, 287
2026/09/22 22:04:03.585, 0, 12288, 11829, 287
2026/09/22 22:04:03.793, 0, 12288, 11829, 287
2026/09/22 22:04:04.001, 0, 12288, 11829, 287
2026/09/22 22:04:04.207, 0, 12288, 11829, 287
2026/09/22 22:04:04.415, 0, 12288, 11829, 287
2026/09/22 22:04:04.620, 0, 12288, 11829, 287
2026/09/22 22:04:04.827, 0, 12288, 11829, 287
2026/09/22 22:04:05.033, 0, 12288, 11829, 287
2026/09/22 22:04:05.241, 0, 12288, 11829, 287
2026/09/22 22:04:05.447, 0, 12288, 11829, 287
2026/09/22 22:04:05.654, 0, 12288, 11829, 287
2026/09/22 22:04:05.862, 0, 12288, 11829, 287
2026/09/22 22:04:06.066, 0, 12288, 11829, 287
2026/09/22 22:04:06.274, 0, 12288, 11829, 287
2026/09/22 22:04:06.480, 0, 12288, 11829, 287
2026/09/22 22:04:06.688, 0, 12288, 11829, 287
2026/09/22 22:04:06.894, 0, 12288, 11829, 287
2026/09/22 22:04:07.100, 0, 12288, 11829, 287
2026/09/22 22:04:07.308, 0, 12288, 11829, 287
2026/09/22 22:04:07.513, 0, 12288, 11829, 287
2026/09/22 22:04:07.721, 0, 12288, 11829, 287
2026/09/22 22:04:07.928, 0, 12288, 11829, 287
2026/09/22 22:04:08.136, 0, 12288, 11829, 287
2026/09/22 22:04:08.344, 0, 12288, 11829, 287
2026/09/22 22:04:08.549, 0, 12288, 11829, 287
2026/09/22 22:04:08.757, 0, 12288, 11829, 287
2026/09/22 22:04:08.964, 0, 12288, 11829, 287
2026/09/22 22:04:09.171, 0, 12288, 11829, 287
2026/09/22 22:04:09.377, 0, 12288, 11829, 287
2026/09/22 22:04:09.584, 0, 12288, 11829, 287
2026/09/22 22:04:09.792, 0, 12288, 11829, 287
2026/09/22 22:04:09.996, 0, 12288, 11829, 287
2026/09/22 22:04:10.202, 0, 12288, 11829, 287
2026/09/22 22:04:10.408, 0, 12288, 11829, 287
2026/09/22 22:04:10.616, 0, 12288, 11829, 287
2026/09/22 22:04:10.824, 0, 12288, 11829, 287
2026/09/22 22:04:11.032, 0, 12288, 11829, 287
2026/09/22 22:04:11.240, 0, 12288, 11829, 287
2026/09/22 22:04:11.448, 0, 12288, 11829, 287
2026/09/22 22:04:11.655, 0, 12288, 11829, 287
2026/09/22 22:04:11.863, 0, 12288, 11829, 287
2026/09/22 22:04:12.070, 0, 12288, 11829, 287
2026/09/22 22:04:12.277, 0, 12288, 11829, 287
2026/09/22 22:04:12.484, 0, 12288, 11829, 287
2026/09/22 22:04:12.691, 0, 12288, 11829, 287
2026/09/22 22:04:12.897, 0, 12288, 11829, 287
2026/09/22 22:04:13.105, 0, 12288, 11829, 287
2026/09/22 22:04:13.312, 0, 12288, 11829, 287
2026/09/22 22:04:13.518, 0, 12288, 11829, 287
2026/09/22 22:04:13.726, 0, 12288, 11829, 287
2026/09/22 22:04:13.933, 0, 12288, 11829, 287
2026/09/22 22:04:14.140, 0, 12288, 11829, 287
2026/09/22 22:04:14.345, 0, 12288, 11829, 287
2026/09/22 22:04:14.551, 0, 12288, 11829, 287
2026/09/22 22:04:14.756, 0, 12288, 11829, 287
2026/09/22 22:04:14.963, 0, 12288, 11829, 287
2026/09/22 22:04:15.169, 0, 12288, 11829, 287
2026/09/22 22:04:15.376, 0, 12288, 11829, 287
2026/09/22 22:04:15.580, 0, 12288, 11829, 287
2026/09/22 22:04:15.786, 0, 12288, 11829, 287
2026/09/22 22:04:15.994, 0, 12288, 11829, 287
2026/09/22 22:04:16.201, 0, 12288, 11829, 287
2026/09/22 22:04:16.408, 0, 12288, 11829, 287
2026/09/22 22:04:16.615, 0, 12288, 11829, 287
2026/09/22 22:04:16.821, 0, 12288, 11829, 287
2026/09/22 22:04:17.028, 0, 12288, 11829, 287
2026/09/22 22:04:17.235, 0, 12288, 11829, 287
2026/09/22 22:04:17.442, 0, 12288, 11829, 287
2026/09/22 22:04:17.647, 0, 12288, 11829, 287
2026/09/22 22:04:17.854, 0, 12288, 11829, 287
2026/09/22 22:04:18.061, 0, 12288, 11829, 287
2026/09/22 22:04:18.267, 0, 12288, 11829, 287
2026/09/22 22:04:18.472, 0, 12288, 11829, 287
2026/09/22 22:04:18.678, 0, 12288, 11829, 287
2026/09/22 22:04:18.885, 0, 12288, 11829, 287
2026/09/22 22:04:19.092, 0, 12288, 11829, 287
2026/09/22 22:04:19.298, 0, 12288, 11829, 287
2026/09/22 22:04:19.504, 0, 12288, 11829, 287
2026/09/22 22:04:19.712, 0, 12288, 11829, 287
2026/09/22 22:04:19.919, 0, 12288, 11829, 287
2026/09/22 22:04:20.125, 0, 12288, 11829, 287
2026/09/22 22:04:20.333, 0, 12288, 11829, 287
2026/09/22 22:04:20.540, 0, 12288, 11829, 287
2026/09/22 22:04:20.748, 0, 12288, 11829, 287
2026/09/22 22:04:20.970, 0, 12288, 11829, 287
2026/09/22 22:04:21.177, 0, 12288, 11829, 287
2026/09/22 22:04:21.385, 0, 12288, 11829, 287
2026/09/22 22:04:21.593, 0, 12288, 11829, 287
2026/09/22 22:04:21.800, 0, 12288, 11829, 287
2026/09/22 22:04:22.008, 0, 12288, 11829, 287
2026/09/22 22:04:22.215, 0, 12288, 11829, 287
2026/09/22 22:04:22.420, 0, 12288, 11829, 287
2026/09/22 22:04:22.625, 0, 12288, 11829, 287
2026/09/22 22:04:22.831, 0, 12288, 11829, 287
2026/09/22 22:04:23.038, 0, 12288, 11829, 287
2026/09/22 22:04:23.245, 0, 12288, 11829, 287
2026/09/22 22:04:23.452, 0, 12288, 11829, 287
2026/09/22 22:04:23.659, 0, 12288, 11829, 287
2026/09/22 22:04:23.866, 0, 12288, 11829, 287
2026/09/22 22:04:24.071, 0, 12288, 11829, 287
2026/09/22 22:04:24.279, 0, 12288, 11829, 287
2026/09/22 22:04:24.487, 0, 12288, 11829, 287
2026/09/22 22:04:24.694, 0, 12288, 11829, 287
2026/09/22 22:04:24.901, 0, 12288, 11829, 287
2026/09/22 22:04:25.109, 0, 12288, 11829, 287
2026/09/22 22:04:25.317, 0, 12288, 11829, 287
2026/09/22 22:04:25.523, 0, 12288, 11829, 287
2026/09/22 22:04:25.731, 0, 12288, 11829, 287
2026/09/22 22:04:25.939, 0, 12288, 11829, 287
2026/09/22 22:04:26.147, 0, 12288, 11829, 287
2026/09/22 22:04:26.354, 0, 12288, 11829, 287
2026/09/22 22:04:26.561, 0, 12288, 11829, 287
2026/09/22 22:04:26.768, 0, 12288, 11829, 287
2026/09/22 22:04:26.975, 0, 12288, 11829, 287
2026/09/22 22:04:27.183, 0, 12288, 11829, 287
2026/09/22 22:04:27.390, 0, 12288, 11829, 287
2026/09/22 22:04:27.596, 0, 12288, 11829, 287
2026/09/22 22:04:27.801, 0, 12288, 11829, 287
2026/09/22 22:04:28.009, 0, 12288, 11829, 287
2026/09/22 22:04:28.216, 0, 12288, 11829, 287
2026/09/22 22:04:28.423, 0, 12288, 11829, 287
2026/09/22 22:04:28.628, 0, 12288, 11829, 287
2026/09/22 22:04:28.836, 0, 12288, 11829, 287
2026/09/22 22:04:29.043, 0, 12288, 11829, 287
2026/09/22 22:04:29.250, 0, 12288, 11829, 287
2026/09/22 22:04:29.457, 0, 12288, 11829, 287
2026/09/22 22:04:29.663, 0, 12288, 11829, 287
2026/09/22 22:04:29.871, 0, 12288, 11829, 287
2026/09/22 22:04:30.078, 0, 12288, 11829, 287
2026/09/22 22:04:30.283, 0, 12288, 11829, 287
2026/09/22 22:04:30.487, 0, 12288, 11829, 287
2026/09/22 22:04:30.694, 0, 12288, 11829, 287
2026/09/22 22:04:30.902, 0, 12288, 11829, 287
2026/09/22 22:04:31.109, 0, 12288, 11829, 287
2026/09/22 22:04:31.317, 0, 12288, 11829, 287
2026/09/22 22:04:31.525, 0, 12288, 11829, 287
2026/09/22 22:04:31.733, 0, 12288, 11829, 287
2026/09/22 22:04:31.941, 0, 12288, 11829, 287
2026/09/22 22:04:32.149, 0, 12288, 11829, 287
2026/09/22 22:04:32.356, 0, 12288, 11829, 287
2026/09/22 22:04:32.564, 0, 12288, 11829, 287
2026/09/22 22:04:32.772, 0, 12288, 11829, 287
2026/09/22 22:04:32.979, 0, 12288, 11829, 287
2026/09/22 22:04:33.183, 0, 12288, 11829, 287
2026/09/22 22:04:33.391, 0, 12288, 11829, 287
2026/09/22 22:04:33.598, 0, 12288, 11829, 287
2026/09/22 22:04:33.806, 0, 12288, 11829, 287
2026/09/22 22:04:34.013, 0, 12288, 11829, 287
2026/09/22 22:04:34.220, 0, 12288, 11829, 287
2026/09/22 22:04:34.427, 0, 12288, 11829, 287
2026/09/22 22:04:34.634, 0, 12288, 11829, 287
2026/09/22 22:04:34.841, 0, 12288, 11829, 287
2026/09/22 22:04:35.049, 0, 12288, 11829, 287
2026/09/22 22:04:35.256, 0, 12288, 11829, 287
2026/09/22 22:04:35.463, 0, 12288, 11829, 287
2026/09/22 22:04:35.671, 0, 12288, 11829, 287
2026/09/22 22:04:35.879, 0, 12288, 11829, 287
2026/09/22 22:04:36.087, 0, 12288, 11829, 287
2026/09/22 22:04:36.294, 0, 12288, 11829, 287
2026/09/22 22:04:36.501, 0, 12288, 11829, 287
2026/09/22 22:04:36.709, 0, 12288, 11829, 287
2026/09/22 22:04:36.917, 0, 12288, 11829, 287
2026/09/22 22:04:37.125, 0, 12288, 11829, 287
2026/09/22 22:04:37.331, 0, 12288, 11829, 287
2026/09/22 22:04:37.539, 0, 12288, 11829, 287
2026/09/22 22:04:37.747, 0, 12288, 11829, 287
2026/09/22 22:04:37.952, 0, 12288, 11829, 287
2026/09/22 22:04:38.160, 0, 12288, 11829, 287
2026/09/22 22:04:38.367, 0, 12288, 11829, 287
2026/09/22 22:04:38.574, 0, 12288, 11829, 287
2026/09/22 22:04:38.781, 0, 12288, 11829, 287
2026/09/22 22:04:38.989, 0, 12288, 11829, 287
2026/09/22 22:04:39.197, 0, 12288, 11829, 287
2026/09/22 22:04:39.405, 0, 12288, 11829, 287
2026/09/22 22:04:39.611, 0, 12288, 11829, 287
2026/09/22 22:04:39.817, 0, 12288, 11829, 287
2026/09/22 22:04:40.025, 0, 12288, 11829, 287
2026/09/22 22:04:40.232, 0, 12288, 11829, 287
2026/09/22 22:04:40.439, 0, 12288, 11829, 287
2026/09/22 22:04:40.647, 0, 12288, 11829, 287
2026/09/22 22:04:40.853, 0, 12288, 11829, 287
2026/09/22 22:04:41.061, 0, 12288, 11829, 287
2026/09/22 22:04:41.266, 0, 12288, 11829, 287
2026/09/22 22:04:41.474, 0, 12288, 11829, 287
2026/09/22 22:04:41.679, 0, 12288, 11829, 287
2026/09/22 22:04:41.884, 0, 12288, 11829, 287
2026/09/22 22:04:42.091, 0, 12288, 11829, 287
2026/09/22 22:04:42.298, 0, 12288, 11829, 287
2026/09/22 22:04:42.502, 0, 12288, 11829, 287
2026/09/22 22:04:42.709, 0, 12288, 11829, 287
2026/09/22 22:04:42.916, 0, 12288, 11829, 287
2026/09/22 22:04:43.124, 0, 12288, 11829, 287
2026/09/22 22:04:43.332, 0, 12288, 11829, 287
2026/09/22 22:04:43.540, 0, 12288, 11829, 287
2026/09/22 22:04:43.748, 0, 12288, 11829, 287
2026/09/22 22:04:43.955, 0, 12288, 11829, 287
2026/09/22 22:04:44.163, 0, 12288, 11829, 287
2026/09/22 22:04:44.371, 0, 12288, 11829, 287
2026/09/22 22:04:44.578, 0, 12288, 11829, 287
2026/09/22 22:04:44.785, 0, 12288, 11829, 287
2026/09/22 22:04:44.993, 0, 12288, 11829, 287
2026/09/22 22:04:45.201, 0, 12288, 11829, 287
2026/09/22 22:04:45.406, 0, 12288, 11829, 287
2026/09/22 22:04:45.613, 0, 12288, 11829, 287
2026/09/22 22:04:45.818, 0, 12288, 11829, 287
2026/09/22 22:04:46.025, 0, 12288, 11829, 287
2026/09/22 22:04:46.232, 0, 12288, 11829, 287
2026/09/22 22:04:46.439, 0, 12288, 11829, 287
2026/09/22 22:04:46.643, 0, 12288, 11829, 287
2026/09/22 22:04:46.848, 0, 12288, 11829, 287
2026/09/22 22:04:47.055, 0, 12288, 11829, 287
2026/09/22 22:04:47.262, 0, 12288, 11829, 287
2026/09/22 22:04:47.469, 0, 12288, 11829, 287
2026/09/22 22:04:47.676, 0, 12288, 11829, 287
2026/09/22 22:04:47.883, 0, 12288, 11829, 287
2026/09/22 22:04:48.091, 0, 12288, 11829, 287
2026/09/22 22:04:48.299, 0, 12288, 11829, 287
2026/09/22 22:04:48.502, 0, 12288, 11829, 287
2026/09/22 22:04:48.710, 0, 12288, 11829, 287
2026/09/22 22:04:48.916, 0, 12288, 11829, 287
2026/09/22 22:04:49.124, 0, 12288, 11829, 287
2026/09/22 22:04:49.330, 0, 12288, 11829, 287
2026/09/22 22:04:49.536, 0, 12288, 11829, 287
2026/09/22 22:04:49.743, 0, 12288, 11829, 287
2026/09/22 22:04:49.952, 0, 12288, 11829, 287
2026/09/22 22:04:50.157, 0, 12288, 11829, 287
2026/09/22 22:04:50.363, 0, 12288, 11829, 287
2026/09/22 22:04:50.571, 0, 12288, 11829, 287
2026/09/22 22:04:50.778, 0, 12288, 11829, 287
2026/09/22 22:04:50.985, 0, 12288, 11829, 287
2026/09/22 22:04:51.193, 0, 12288, 11829, 287
2026/09/22 22:04:51.400, 0, 12288, 11829, 287
2026/09/22 22:04:51.608, 0, 12288, 11829, 287
2026/09/22 22:04:51.813, 0, 12288, 11829, 287
2026/09/22 22:04:52.019, 0, 12288, 11829, 287
2026/09/22 22:04:52.227, 0, 12288, 11829, 287
2026/09/22 22:04:52.435, 0, 12288, 11829, 287
2026/09/22 22:04:52.643, 0, 12288, 11829, 287
2026/09/22 22:04:52.850, 0, 12288, 11829, 287
2026/09/22 22:04:53.055, 0, 12288, 11829, 287
2026/09/22 22:04:53.263, 0, 12288, 11829, 287
2026/09/22 22:04:53.470, 0, 12288, 11829, 287
2026/09/22 22:04:53.677, 0, 12288, 11829, 287
2026/09/22 22:04:53.884, 0, 12288, 11829, 287
2026/09/22 22:04:54.092, 0, 12288, 11829, 287
2026/09/22 22:04:54.299, 0, 12288, 11829, 287
2026/09/22 22:04:54.504, 0, 12288, 11829, 287
2026/09/22 22:04:54.711, 0, 12288, 11829, 287
2026/09/22 22:04:54.918, 0, 12288, 11829, 287
2026/09/22 22:04:55.126, 0, 12288, 11829, 287
2026/09/22 22:04:55.330, 0, 12288, 11829, 287
2026/09/22 22:04:55.534, 0, 12288, 11829, 287
2026/09/22 22:04:55.741, 0, 12288, 11829, 287
2026/09/22 22:04:55.950, 0, 12288, 11829, 287
2026/09/22 22:04:56.158, 0, 12288, 11829, 287
2026/09/22 22:04:56.365, 0, 12288, 11829, 287
2026/09/22 22:04:56.571, 0, 12288, 11829, 287
2026/09/22 22:04:56.779, 0, 12288, 11829, 287
2026/09/22 22:04:56.987, 0, 12288, 11829, 287
2026/09/22 22:04:57.192, 0, 12288, 11829, 287
2026/09/22 22:04:57.399, 0, 12288, 11829, 287
2026/09/22 22:04:57.607, 0, 12288, 11829, 287
2026/09/22 22:04:57.815, 0, 12288, 11829, 287
2026/09/22 22:04:58.021, 0, 12288, 11829, 287
2026/09/22 22:04:58.229, 0, 12288, 11829, 287
2026/09/22 22:04:58.437, 0, 12288, 11829, 287
2026/09/22 22:04:58.643, 0, 12288, 11829, 287
2026/09/22 22:04:58.850, 0, 12288, 11829, 287
2026/09/22 22:04:59.057, 0, 12288, 11829, 287
2026/09/22 22:04:59.264, 0, 12288, 11829, 287
2026/09/22 22:04:59.471, 0, 12288, 11829, 287
2026/09/22 22:04:59.677, 0, 12288, 11829, 287
2026/09/22 22:04:59.885, 0, 12288, 11829, 287
2026/09/22 22:05:00.093, 0, 12288, 11829, 287
2026/09/22 22:05:00.299, 0, 12288, 11829, 287
2026/09/22 22:05:00.506, 0, 12288, 11829, 287
2026/09/22 22:05:00.714, 0, 12288, 11829, 287
2026/09/22 22:05:00.921, 0, 12288, 11829, 287
2026/09/22 22:05:01.127, 0, 12288, 11829, 287
2026/09/22 22:05:01.335, 0, 12288, 11829, 287
2026/09/22 22:05:01.542, 0, 12288, 11829, 287
2026/09/22 22:05:01.750, 0, 12288, 11829, 287
2026/09/22 22:05:01.957, 0, 12288, 11829, 287
2026/09/22 22:05:02.165, 0, 12288, 11829, 287
2026/09/22 22:05:02.373, 0, 12288, 11829, 287
2026/09/22 22:05:02.580, 0, 12288, 11829, 287
2026/09/22 22:05:02.786, 0, 12288, 11829, 287
2026/09/22 22:05:02.993, 0, 12288, 11829, 287
2026/09/22 22:05:03.201, 0, 12288, 11829, 287
2026/09/22 22:05:03.408, 0, 12288, 11829, 287
2026/09/22 22:05:03.615, 0, 12288, 11829, 287
2026/09/22 22:05:03.821, 0, 12288, 11829, 287
2026/09/22 22:05:04.029, 0, 12288, 11829, 287
2026/09/22 22:05:04.236, 0, 12288, 11829, 287
2026/09/22 22:05:04.443, 0, 12288, 11829, 287
2026/09/22 22:05:04.651, 0, 12288, 11829, 287
2026/09/22 22:05:04.856, 0, 12288, 11829, 287
2026/09/22 22:05:05.064, 0, 12288, 11829, 287
2026/09/22 22:05:05.270, 0, 12288, 11829, 287
2026/09/22 22:05:05.478, 0, 12288, 11829, 287
2026/09/22 22:05:05.683, 0, 12288, 11829, 287
2026/09/22 22:05:05.889, 0, 12288, 11829, 287
2026/09/22 22:05:06.095, 0, 12288, 11829, 287
2026/09/22 22:05:06.300, 0, 12288, 11829, 287
2026/09/22 22:05:06.507, 0, 12288, 11829, 287
2026/09/22 22:05:06.714, 0, 12288, 11829, 287
2026/09/22 22:05:06.920, 0, 12288, 11829, 287
2026/09/22 22:05:07.125, 0, 12288, 11829, 287
2026/09/22 22:05:07.330, 0, 12288, 11829, 287
2026/09/22 22:05:07.537, 0, 12288, 11829, 287
2026/09/22 22:05:07.745, 0, 12288, 11829, 287
2026/09/22 22:05:07.952, 0, 12288, 11829, 287
2026/09/22 22:05:08.159, 0, 12288, 11829, 287
2026/09/22 22:05:08.367, 0, 12288, 11829, 287
2026/09/22 22:05:08.573, 0, 12288, 11829, 287
2026/09/22 22:05:08.780, 0, 12288, 11829, 287
2026/09/22 22:05:08.987, 0, 12288, 11829, 287
2026/09/22 22:05:09.195, 0, 12288, 11829, 287
2026/09/22 22:05:09.403, 0, 12288, 11829, 287
2026/09/22 22:05:09.611, 0, 12288, 11829, 287
2026/09/22 22:05:09.818, 0, 12288, 11829, 287
2026/09/22 22:05:10.025, 0, 12288, 11829, 287
2026/09/22 22:05:10.231, 0, 12288, 11829, 287
2026/09/22 22:05:10.436, 0, 12288, 11829, 287
2026/09/22 22:05:10.644, 0, 12288, 11829, 287
2026/09/22 22:05:10.851, 0, 12288, 11829, 287
2026/09/22 22:05:11.059, 0, 12288, 11829, 287
2026/09/22 22:05:11.266, 0, 12288, 11829, 287
2026/09/22 22:05:11.472, 0, 12288, 11829, 287
2026/09/22 22:05:11.680, 0, 12288, 11829, 287
2026/09/22 22:05:11.885, 0, 12288, 11829, 287
2026/09/22 22:05:12.092, 0, 12288, 11829, 287
2026/09/22 22:05:12.297, 0, 12288, 11829, 287
2026/09/22 22:05:12.502, 0, 12288, 11829, 287
2026/09/22 22:05:12.710, 0, 12288, 11829, 287
2026/09/22 22:05:12.916, 0, 12288, 11829, 287
2026/09/22 22:05:13.124, 0, 12288, 11829, 287
2026/09/22 22:05:13.332, 0, 12288, 11829, 287
2026/09/22 22:05:13.540, 0, 12288, 11829, 287
2026/09/22 22:05:13.747, 0, 12288, 11829, 287
2026/09/22 22:05:13.955, 0, 12288, 11829, 287
2026/09/22 22:05:14.163, 0, 12288, 11829, 287
2026/09/22 22:05:14.369, 0, 12288, 11829, 287
2026/09/22 22:05:14.576, 0, 12288, 11829, 287
2026/09/22 22:05:14.784, 0, 12288, 11829, 287
2026/09/22 22:05:14.989, 0, 12288, 11829, 287
2026/09/22 22:05:15.197, 0, 12288, 11829, 287
2026/09/22 22:05:15.404, 0, 12288, 11829, 287
2026/09/22 22:05:15.612, 0, 12288, 11829, 287
2026/09/22 22:05:15.820, 0, 12288, 11829, 287
2026/09/22 22:05:16.027, 0, 12288, 11829, 287
2026/09/22 22:05:16.235, 0, 12288, 11829, 287
2026/09/22 22:05:16.442, 0, 12288, 11829, 287
2026/09/22 22:05:16.649, 0, 12288, 11829, 287
2026/09/22 22:05:16.856, 0, 12288, 11829, 287
2026/09/22 22:05:17.064, 0, 12288, 11829, 287
2026/09/22 22:05:17.271, 0, 12288, 11829, 287
2026/09/22 22:05:17.479, 0, 12288, 11829, 287
2026/09/22 22:05:17.687, 0, 12288, 11829, 287
2026/09/22 22:05:17.895, 0, 12288, 11829, 287
2026/09/22 22:05:18.102, 0, 12288, 11829, 287
2026/09/22 22:05:18.310, 0, 12288, 11829, 287
2026/09/22 22:05:18.517, 0, 12288, 11829, 287
2026/09/22 22:05:18.725, 0, 12288, 11829, 287
2026/09/22 22:05:18.933, 0, 12288, 11829, 287
2026/09/22 22:05:19.141, 0, 12288, 11829, 287
2026/09/22 22:05:19.348, 0, 12288, 11829, 287
2026/09/22 22:05:19.555, 0, 12288, 11829, 287
2026/09/22 22:05:19.761, 0, 12288, 11829, 287
2026/09/22 22:05:19.968, 0, 12288, 11829, 287
2026/09/22 22:05:20.173, 0, 12288, 11829, 287
2026/09/22 22:05:20.380, 0, 12288, 11829, 287
2026/09/22 22:05:20.588, 0, 12288, 11829, 287
2026/09/22 22:05:20.795, 0, 12288, 11829, 287
2026/09/22 22:05:21.003, 0, 12288, 11829, 287
2026/09/22 22:05:21.211, 0, 12288, 11829, 287
2026/09/22 22:05:21.419, 0, 12288, 11829, 287
2026/09/22 22:05:21.627, 0, 12288, 11829, 287
2026/09/22 22:05:21.834, 0, 12288, 11829, 287
2026/09/22 22:05:22.041, 0, 12288, 11829, 287
2026/09/22 22:05:22.248, 0, 12288, 11829, 287
2026/09/22 22:05:22.457, 0, 12288, 11829, 287
2026/09/22 22:05:22.665, 0, 12288, 11829, 287
2026/09/22 22:05:22.872, 0, 12288, 11829, 287
2026/09/22 22:05:23.080, 0, 12288, 11829, 287
2026/09/22 22:05:23.288, 0, 12288, 11829, 287
2026/09/22 22:05:23.495, 0, 12288, 11829, 287
2026/09/22 22:05:23.702, 0, 12288, 11829, 287
2026/09/22 22:05:23.909, 0, 12288, 11829, 287
2026/09/22 22:05:24.116, 0, 12288, 11829, 287
2026/09/22 22:05:24.322, 0, 12288, 11829, 287
2026/09/22 22:05:24.530, 0, 12288, 11829, 287
2026/09/22 22:05:24.738, 0, 12288, 11829, 287
2026/09/22 22:05:24.946, 0, 12288, 11829, 287
2026/09/22 22:05:25.153, 0, 12288, 11829, 287
2026/09/22 22:05:25.360, 0, 12288, 11829, 287
2026/09/22 22:05:25.568, 0, 12288, 11829, 287
2026/09/22 22:05:25.776, 0, 12288, 11829, 287
2026/09/22 22:05:25.984, 0, 12288, 11829, 287
2026/09/22 22:05:26.189, 0, 12288, 11829, 287
2026/09/22 22:05:26.396, 0, 12288, 11829, 287
2026/09/22 22:05:26.602, 0, 12288, 11829, 287
2026/09/22 22:05:26.810, 0, 12288, 11829, 287
2026/09/22 22:05:27.017, 0, 12288, 11829, 287
2026/09/22 22:05:27.225, 0, 12288, 11829, 287
2026/09/22 22:05:27.433, 0, 12288, 11829, 287
2026/09/22 22:05:27.640, 0, 12288, 11829, 287
2026/09/22 22:05:27.847, 0, 12288, 11829, 287
2026/09/22 22:05:28.053, 0, 12288, 11829, 287
2026/09/22 22:05:28.261, 0, 12288, 11829, 287
2026/09/22 22:05:28.468, 0, 12288, 11829, 287
2026/09/22 22:05:28.674, 0, 12288, 11829, 287
2026/09/22 22:05:28.880, 0, 12288, 11829, 287
2026/09/22 22:05:29.087, 0, 12288, 11829, 287
2026/09/22 22:05:29.295, 0, 12288, 11829, 287
2026/09/22 22:05:29.503, 0, 12288, 11829, 287
2026/09/22 22:05:29.711, 0, 12288, 11829, 287
2026/09/22 22:05:29.919, 0, 12288, 11829, 287
2026/09/22 22:05:30.124, 0, 12288, 11829, 287
2026/09/22 22:05:30.331, 0, 12288, 11829, 287
2026/09/22 22:05:30.539, 0, 12288, 11829, 287
2026/09/22 22:05:30.746, 0, 12288, 11829, 287
2026/09/22 22:05:30.953, 0, 12288, 11829, 287
2026/09/22 22:05:31.160, 0, 12288, 11829, 287
2026/09/22 22:05:31.368, 0, 12288, 11829, 287
2026/09/22 22:05:31.575, 0, 12288, 11829, 287
2026/09/22 22:05:31.782, 0, 12288, 11829, 287
2026/09/22 22:05:31.990, 0, 12288, 11829, 287
2026/09/22 22:05:32.196, 0, 12288, 11829, 287
2026/09/22 22:05:32.404, 0, 12288, 11829, 287
2026/09/22 22:05:32.610, 0, 12288, 11829, 287
2026/09/22 22:05:32.817, 0, 12288, 11829, 287
2026/09/22 22:05:33.024, 0, 12288, 11829, 287
2026/09/22 22:05:33.230, 0, 12288, 11829, 287
2026/09/22 22:05:33.437, 0, 12288, 11829, 287
2026/09/22 22:05:33.641, 0, 12288, 11829, 287
2026/09/22 22:05:33.849, 0, 12288, 11829, 287
2026/09/22 22:05:34.057, 0, 12288, 11829, 287
2026/09/22 22:05:34.265, 0, 12288, 11829, 287
2026/09/22 22:05:34.473, 0, 12288, 11829, 287
2026/09/22 22:05:34.679, 0, 12288, 11829, 287
2026/09/22 22:05:34.885, 0, 12288, 11829, 287
2026/09/22 22:05:35.093, 0, 12288, 11829, 287
2026/09/22 22:05:35.299, 0, 12288, 11829, 287
2026/09/22 22:05:35.506, 0, 12288, 11829, 287
2026/09/22 22:05:35.714, 0, 12288, 11829, 287
2026/09/22 22:05:35.920, 0, 12288, 11829, 287
2026/09/22 22:05:36.128, 0, 12288, 11829, 287
2026/09/22 22:05:36.334, 0, 12288, 11829, 287
2026/09/22 22:05:36.541, 0, 12288, 11829, 287
2026/09/22 22:05:36.749, 0, 12288, 11829, 287
2026/09/22 22:05:36.956, 0, 12288, 11829, 287
2026/09/22 22:05:37.161, 0, 12288, 11829, 287
2026/09/22 22:05:37.369, 0, 12288, 11829, 287
2026/09/22 22:05:37.577, 0, 12288, 11829, 287
2026/09/22 22:05:37.783, 0, 12288, 11829, 287
2026/09/22 22:05:37.991, 0, 12288, 11829, 287
2026/09/22 22:05:38.197, 0, 12288, 11829, 287
2026/09/22 22:05:38.404, 0, 12288, 11829, 287
2026/09/22 22:05:38.611, 0, 12288, 11829, 287
2026/09/22 22:05:38.818, 0, 12288, 11829, 287
2026/09/22 22:05:39.026, 0, 12288, 11829, 287
2026/09/22 22:05:39.233, 0, 12288, 11829, 287
2026/09/22 22:05:39.441, 0, 12288, 11829, 287
2026/09/22 22:05:39.648, 0, 12288, 11829, 287
2026/09/22 22:05:39.854, 0, 12288, 11829, 287
2026/09/22 22:05:40.061, 0, 12288, 11829, 287
2026/09/22 22:05:40.268, 0, 12288, 11829, 287
2026/09/22 22:05:40.474, 0, 12288, 11829, 287
2026/09/22 22:05:40.680, 0, 12288, 11829, 287
2026/09/22 22:05:40.888, 0, 12288, 11829, 287
2026/09/22 22:05:41.096, 0, 12288, 11829, 287
2026/09/22 22:05:41.302, 0, 12288, 11829, 287
2026/09/22 22:05:41.509, 0, 12288, 11829, 287
2026/09/22 22:05:41.717, 0, 12288, 11829, 287
2026/09/22 22:05:41.924, 0, 12288, 11829, 287
2026/09/22 22:05:42.128, 0, 12288, 11829, 287
2026/09/22 22:05:42.336, 0, 12288, 11829, 287
2026/09/22 22:05:42.544, 0, 12288, 11829, 287
2026/09/22 22:05:42.750, 0, 12288, 11829, 287
2026/09/22 22:05:42.956, 0, 12288, 11829, 287
2026/09/22 22:05:43.162, 0, 12288, 11829, 287
2026/09/22 22:05:43.369, 0, 12288, 11829, 287
2026/09/22 22:05:43.576, 0, 12288, 11829, 287
2026/09/22 22:05:43.784, 0, 12288, 11829, 287
2026/09/22 22:05:43.992, 0, 12288, 11829, 287
2026/09/22 22:05:44.200, 0, 12288, 11829, 287
2026/09/22 22:05:44.408, 0, 12288, 11829, 287
2026/09/22 22:05:44.615, 0, 12288, 11829, 287
2026/09/22 22:05:44.822, 0, 12288, 11829, 287
2026/09/22 22:05:45.029, 0, 12288, 11829, 287
2026/09/22 22:05:45.237, 0, 12288, 11829, 287
2026/09/22 22:05:45.441, 0, 12288, 11829, 287
2026/09/22 22:05:45.648, 0, 12288, 11829, 287
2026/09/22 22:05:45.856, 0, 12288, 11829, 287
2026/09/22 22:05:46.064, 0, 12288, 11829, 287
2026/09/22 22:05:46.271, 0, 12288, 11829, 287
2026/09/22 22:05:46.477, 0, 12288, 11829, 287
2026/09/22 22:05:46.683, 0, 12288, 11829, 287
2026/09/22 22:05:46.890, 0, 12288, 11829, 287
2026/09/22 22:05:47.096, 0, 12288, 11829, 287
2026/09/22 22:05:47.302, 0, 12288, 11829, 287
2026/09/22 22:05:47.506, 0, 12288, 11829, 287
2026/09/22 22:05:47.713, 0, 12288, 11829, 287
2026/09/22 22:05:47.920, 0, 12288, 11829, 287
2026/09/22 22:05:48.127, 0, 12288, 11829, 287
2026/09/22 22:05:48.332, 0, 12288, 11829, 287
2026/09/22 22:05:48.539, 0, 12288, 11829, 287
2026/09/22 22:05:48.746, 0, 12288, 11829, 287
2026/09/22 22:05:48.952, 0, 12288, 11829, 287
2026/09/22 22:05:49.158, 0, 12288, 11829, 287
2026/09/22 22:05:49.366, 0, 12288, 11829, 287
2026/09/22 22:05:49.574, 0, 12288, 11829, 287
2026/09/22 22:05:49.781, 0, 12288, 11829, 287
2026/09/22 22:05:49.987, 0, 12288, 11829, 287
2026/09/22 22:05:50.195, 0, 12288, 11829, 287
2026/09/22 22:05:50.403, 0, 12288, 11829, 287
2026/09/22 22:05:50.611, 0, 12288, 11829, 287
2026/09/22 22:05:50.817, 0, 12288, 11829, 287
2026/09/22 22:05:51.024, 0, 12288, 11829, 287
2026/09/22 22:05:51.232, 0, 12288, 11829, 287
2026/09/22 22:05:51.440, 0, 12288, 11829, 287
2026/09/22 22:05:51.648, 0, 12288, 11829, 287
2026/09/22 22:05:51.856, 0, 12288, 11829, 287
2026/09/22 22:05:52.063, 0, 12288, 11829, 287
2026/09/22 22:05:52.267, 0, 12288, 11829, 287
2026/09/22 22:05:52.474, 0, 12288, 11829, 287
2026/09/22 22:05:52.681, 0, 12288, 11829, 287
2026/09/22 22:05:52.887, 0, 12288, 11829, 287
2026/09/22 22:05:53.094, 0, 12288, 11829, 287
2026/09/22 22:05:53.301, 0, 12288, 11829, 287
2026/09/22 22:05:53.509, 0, 12288, 11829, 287
2026/09/22 22:05:53.717, 0, 12288, 11829, 287
2026/09/22 22:05:53.925, 0, 12288, 11829, 287
2026/09/22 22:05:54.131, 0, 12288, 11829, 287
2026/09/22 22:05:54.338, 0, 12288, 11829, 287
2026/09/22 22:05:54.545, 0, 12288, 11829, 287
2026/09/22 22:05:54.752, 0, 12288, 11829, 287
2026/09/22 22:05:54.960, 0, 12288, 11829, 287
2026/09/22 22:05:55.167, 0, 12288, 11829, 287
2026/09/22 22:05:55.373, 0, 12288, 11829, 287
2026/09/22 22:05:55.581, 0, 12288, 11829, 287
2026/09/22 22:05:55.789, 0, 12288, 11829, 287
2026/09/22 22:05:55.996, 0, 12288, 11829, 287
2026/09/22 22:05:56.204, 0, 12288, 11829, 287
2026/09/22 22:05:56.410, 0, 12288, 11829, 287
2026/09/22 22:05:56.618, 0, 12288, 11829, 287
2026/09/22 22:05:56.824, 0, 12288, 11829, 287
2026/09/22 22:05:57.031, 0, 12288, 11829, 287
2026/09/22 22:05:57.236, 0, 12288, 11829, 287
2026/09/22 22:05:57.440, 0, 12288, 11829, 287
2026/09/22 22:05:57.648, 0, 12288, 11829, 287
2026/09/22 22:05:57.856, 0, 12288, 11829, 287
2026/09/22 22:05:58.064, 0, 12288, 11829, 287
2026/09/22 22:05:58.269, 0, 12288, 11829, 287
2026/09/22 22:05:58.476, 0, 12288, 11829, 287
2026/09/22 22:05:58.683, 0, 12288, 11829, 287
2026/09/22 22:05:58.891, 0, 12288, 11829, 287
2026/09/22 22:05:59.098, 0, 12288, 11829, 287
2026/09/22 22:05:59.305, 0, 12288, 11829, 287
2026/09/22 22:05:59.512, 0, 12288, 11829, 287
2026/09/22 22:05:59.719, 0, 12288, 11829, 287
2026/09/22 22:05:59.924, 0, 12288, 11829, 287
2026/09/22 22:06:00.129, 0, 12288, 11829, 287
2026/09/22 22:06:00.336, 0, 12288, 11829, 287
2026/09/22 22:06:00.544, 0, 12288, 11829, 287
2026/09/22 22:06:00.751, 0, 12288, 11829, 287
2026/09/22 22:06:00.957, 0, 12288, 11829, 287
2026/09/22 22:06:01.165, 0, 12288, 11829, 287
2026/09/22 22:06:01.372, 0, 12288, 11829, 287
2026/09/22 22:06:01.580, 0, 12288, 11829, 287
2026/09/22 22:06:01.788, 0, 12288, 11829, 287
2026/09/22 22:06:01.996, 0, 12288, 11829, 287
2026/09/22 22:06:02.202, 0, 12288, 11829, 287
2026/09/22 22:06:02.408, 0, 12288, 11829, 287
2026/09/22 22:06:02.611, 0, 12288, 11829, 287
2026/09/22 22:06:02.818, 0, 12288, 11829, 287
2026/09/22 22:06:03.025, 0, 12288, 11829, 287
2026/09/22 22:06:03.233, 0, 12288, 11829, 287
2026/09/22 22:06:03.440, 0, 12288, 11829, 287
2026/09/22 22:06:03.645, 0, 12288, 11829, 287
2026/09/22 22:06:03.852, 0, 12288, 11829, 287
2026/09/22 22:06:04.060, 0, 12288, 11829, 287
2026/09/22 22:06:04.267, 0, 12288, 11829, 287
2026/09/22 22:06:04.475, 0, 12288, 11829, 287
2026/09/22 22:06:04.682, 0, 12288, 11829, 287
2026/09/22 22:06:04.890, 0, 12288, 11829, 287
2026/09/22 22:06:05.097, 0, 12288, 11829, 287
2026/09/22 22:06:05.305, 0, 12288, 11829, 287
2026/09/22 22:06:05.512, 0, 12288, 11829, 287
2026/09/22 22:06:05.719, 0, 12288, 11829, 287
2026/09/22 22:06:05.925, 0, 12288, 11829, 287
2026/09/22 22:06:06.133, 0, 12288, 11829, 287
2026/09/22 22:06:06.341, 0, 12288, 11829, 287
2026/09/22 22:06:06.549, 0, 12288, 11829, 287
2026/09/22 22:06:06.757, 0, 12288, 11829, 287
2026/09/22 22:06:06.963, 0, 12288, 11829, 287
2026/09/22 22:06:07.171, 0, 12288, 11829, 287
2026/09/22 22:06:07.377, 0, 12288, 11829, 287
2026/09/22 22:06:07.583, 0, 12288, 11829, 287
2026/09/22 22:06:07.791, 0, 12288, 11829, 287
2026/09/22 22:06:08.000, 0, 12288, 11829, 287
2026/09/22 22:06:08.208, 0, 12288, 11829, 287
2026/09/22 22:06:08.416, 0, 12288, 11829, 287
2026/09/22 22:06:08.624, 0, 12288, 11829, 287
2026/09/22 22:06:08.831, 0, 12288, 11829, 287
2026/09/22 22:06:09.036, 0, 12288, 11829, 287
2026/09/22 22:06:09.243, 0, 12288, 11829, 287
2026/09/22 22:06:09.451, 0, 12288, 11829, 287
2026/09/22 22:06:09.657, 0, 12288, 11829, 287
2026/09/22 22:06:09.865, 0, 12288, 11829, 287
2026/09/22 22:06:10.074, 0, 12288, 11829, 287
2026/09/22 22:06:10.282, 0, 12288, 11829, 287
2026/09/22 22:06:10.488, 0, 12288, 11829, 287
2026/09/22 22:06:10.695, 0, 12288, 11829, 287
2026/09/22 22:06:10.903, 0, 12288, 11829, 287
2026/09/22 22:06:11.111, 0, 12288, 11829, 287
2026/09/22 22:06:11.319, 0, 12288, 11829, 287
2026/09/22 22:06:11.525, 0, 12288, 11829, 287
2026/09/22 22:06:11.732, 0, 12288, 11829, 287
2026/09/22 22:06:11.938, 0, 12288, 11829, 287
2026/09/22 22:06:12.145, 0, 12288, 11829, 287
2026/09/22 22:06:12.353, 0, 12288, 11829, 287
2026/09/22 22:06:12.561, 0, 12288, 11829, 287
2026/09/22 22:06:12.768, 0, 12288, 11829, 287
2026/09/22 22:06:12.974, 0, 12288, 11829, 287
2026/09/22 22:06:13.182, 0, 12288, 11829, 287
2026/09/22 22:06:13.391, 0, 12288, 11829, 287
2026/09/22 22:06:13.599, 0, 12288, 11829, 287
2026/09/22 22:06:13.805, 0, 12288, 11829, 287
2026/09/22 22:06:14.013, 0, 12288, 11829, 287
2026/09/22 22:06:14.220, 0, 12288, 11829, 287
2026/09/22 22:06:14.426, 0, 12288, 11829, 287
2026/09/22 22:06:14.634, 0, 12288, 11829, 287
2026/09/22 22:06:14.842, 0, 12288, 11829, 287
2026/09/22 22:06:15.049, 0, 12288, 11829, 287
2026/09/22 22:06:15.256, 0, 12288, 11829, 287
2026/09/22 22:06:15.463, 0, 12288, 11829, 287
2026/09/22 22:06:15.671, 0, 12288, 11829, 287
2026/09/22 22:06:15.878, 0, 12288, 11829, 287
2026/09/22 22:06:16.084, 0, 12288, 11829, 287
2026/09/22 22:06:16.292, 0, 12288, 11829, 287
2026/09/22 22:06:16.498, 0, 12288, 11829, 287
2026/09/22 22:06:16.706, 0, 12288, 11829, 287
2026/09/22 22:06:16.913, 0, 12288, 11829, 287
2026/09/22 22:06:17.121, 0, 12288, 11829, 287
2026/09/22 22:06:17.329, 0, 12288, 11829, 287
2026/09/22 22:06:17.536, 0, 12288, 11829, 287
2026/09/22 22:06:17.744, 0, 12288, 11829, 287
2026/09/22 22:06:17.952, 0, 12288, 11829, 287
2026/09/22 22:06:18.158, 0, 12288, 11829, 287
2026/09/22 22:06:18.365, 0, 12288, 11829, 287
2026/09/22 22:06:18.573, 0, 12288, 11829, 287
2026/09/22 22:06:18.781, 0, 12288, 11829, 287
2026/09/22 22:06:18.989, 0, 12288, 11829, 287
2026/09/22 22:06:19.197, 0, 12288, 11829, 287
2026/09/22 22:06:19.405, 0, 12288, 11829, 287
2026/09/22 22:06:19.613, 0, 12288, 11829, 287
2026/09/22 22:06:19.821, 0, 12288, 11829, 287
2026/09/22 22:06:20.028, 0, 12288, 11829, 287
2026/09/22 22:06:20.236, 0, 12288, 11829, 287
2026/09/22 22:06:20.443, 0, 12288, 11829, 287
2026/09/22 22:06:20.650, 0, 12288, 11829, 287
2026/09/22 22:06:20.857, 0, 12288, 11829, 287
2026/09/22 22:06:21.065, 0, 12288, 11829, 287
2026/09/22 22:06:21.269, 0, 12288, 11829, 287
2026/09/22 22:06:21.477, 0, 12288, 11829, 287
2026/09/22 22:06:21.685, 0, 12288, 11829, 287
2026/09/22 22:06:21.893, 0, 12288, 11829, 287
2026/09/22 22:06:22.100, 0, 12288, 11829, 287
2026/09/22 22:06:22.307, 0, 12288, 11829, 287
2026/09/22 22:06:22.514, 0, 12288, 11829, 287
2026/09/22 22:06:22.720, 0, 12288, 11829, 287
2026/09/22 22:06:22.927, 0, 12288, 11829, 287
2026/09/22 22:06:23.135, 0, 12288, 11829, 287
2026/09/22 22:06:23.343, 0, 12288, 11829, 287
2026/09/22 22:06:23.550, 0, 12288, 11829, 287
2026/09/22 22:06:23.757, 0, 12288, 11829, 287
2026/09/22 22:06:23.965, 0, 12288, 11829, 287
2026/09/22 22:06:24.173, 0, 12288, 11829, 287
2026/09/22 22:06:24.382, 0, 12288, 11829, 287
2026/09/22 22:06:24.586, 0, 12288, 11829, 287
2026/09/22 22:06:24.793, 0, 12288, 11829, 287
2026/09/22 22:06:25.000, 0, 12288, 11829, 287
2026/09/22 22:06:25.207, 0, 12288, 11829, 287
2026/09/22 22:06:25.413, 0, 12288, 11829, 287
2026/09/22 22:06:25.621, 0, 12288, 11829, 287
2026/09/22 22:06:25.826, 0, 12288, 11829, 287
2026/09/22 22:06:26.032, 0, 12288, 11829, 287
2026/09/22 22:06:26.238, 0, 12288, 11829, 287
2026/09/22 22:06:26.446, 0, 12288, 11829, 287
2026/09/22 22:06:26.654, 0, 12288, 11829, 287
2026/09/22 22:06:26.860, 0, 12288, 11829, 287
2026/09/22 22:06:27.067, 0, 12288, 11829, 287
2026/09/22 22:06:27.275, 0, 12288, 11829, 287
2026/09/22 22:06:27.483, 0, 12288, 11829, 287
2026/09/22 22:06:27.691, 0, 12288, 11829, 287
2026/09/22 22:06:27.895, 0, 12288, 11829, 287
2026/09/22 22:06:28.101, 0, 12288, 11829, 287
2026/09/22 22:06:28.309, 0, 12288, 11829, 287
2026/09/22 22:06:28.517, 0, 12288, 11829, 287
2026/09/22 22:06:28.722, 0, 12288, 11829, 287
2026/09/22 22:06:28.929, 0, 12288, 11829, 287
2026/09/22 22:06:29.137, 0, 12288, 11829, 287
2026/09/22 22:06:29.345, 0, 12288, 11829, 287
2026/09/22 22:06:29.553, 0, 12288, 11829, 287
2026/09/22 22:06:29.760, 0, 12288, 11829, 287
2026/09/22 22:06:29.968, 0, 12288, 11829, 287
2026/09/22 22:06:30.174, 0, 12288, 11829, 287
2026/09/22 22:06:30.382, 0, 12288, 11829, 287
2026/09/22 22:06:30.588, 0, 12288, 11829, 287
2026/09/22 22:06:30.796, 0, 12288, 11829, 287
2026/09/22 22:06:31.001, 0, 12288, 11829, 287
2026/09/22 22:06:31.206, 0, 12288, 11829, 287
2026/09/22 22:06:31.413, 0, 12288, 11829, 287
2026/09/22 22:06:31.619, 0, 12288, 11829, 287
2026/09/22 22:06:31.826, 0, 12288, 11829, 287
2026/09/22 22:06:32.033, 0, 12288, 11829, 287
2026/09/22 22:06:32.241, 0, 12288, 11829, 287
2026/09/22 22:06:32.449, 0, 12288, 11829, 287
2026/09/22 22:06:32.656, 0, 12288, 11829, 287
2026/09/22 22:06:32.863, 0, 12288, 11829, 287
2026/09/22 22:06:33.070, 0, 12288, 11829, 287
2026/09/22 22:06:33.278, 0, 12288, 11829, 287
2026/09/22 22:06:33.486, 0, 12288, 11829, 287
2026/09/22 22:06:33.692, 0, 12288, 11829, 287
2026/09/22 22:06:33.900, 0, 12288, 11829, 287
2026/09/22 22:06:34.107, 0, 12288, 11829, 287
2026/09/22 22:06:34.316, 0, 12288, 11829, 287
2026/09/22 22:06:34.522, 0, 12288, 11829, 287
2026/09/22 22:06:34.730, 0, 12288, 11829, 287
2026/09/22 22:06:34.936, 0, 12288, 11829, 287
2026/09/22 22:06:35.142, 0, 12288, 11829, 287
2026/09/22 22:06:35.349, 0, 12288, 11829, 287
2026/09/22 22:06:35.556, 0, 12288, 11829, 287
2026/09/22 22:06:35.764, 0, 12288, 11829, 287
2026/09/22 22:06:35.972, 0, 12288, 11829, 287
2026/09/22 22:06:36.179, 0, 12288, 11829, 287
2026/09/22 22:06:36.387, 0, 12288, 11829, 287
2026/09/22 22:06:36.595, 0, 12288, 11829, 287
2026/09/22 22:06:36.802, 0, 12288, 11829, 287
2026/09/22 22:06:37.009, 0, 12288, 11829, 287
2026/09/22 22:06:37.217, 0, 12288, 11829, 287
2026/09/22 22:06:37.425, 0, 12288, 11829, 287
2026/09/22 22:06:37.633, 0, 12288, 11829, 287
2026/09/22 22:06:37.841, 0, 12288, 11829, 287
2026/09/22 22:06:38.050, 0, 12288, 11829, 287
2026/09/22 22:06:38.255, 0, 12288, 11829, 287
2026/09/22 22:06:38.460, 0, 12288, 11829, 287
2026/09/22 22:06:38.668, 0, 12288, 11829, 287
2026/09/22 22:06:38.875, 0, 12288, 11829, 287
2026/09/22 22:06:39.083, 0, 12288, 11829, 287
2026/09/22 22:06:39.290, 0, 12288, 11829, 287
2026/09/22 22:06:39.497, 0, 12288, 11829, 287
2026/09/22 22:06:39.701, 0, 12288, 11829, 287
2026/09/22 22:06:39.907, 0, 12288, 11829, 287
2026/09/22 22:06:40.113, 0, 12288, 11829, 287
2026/09/22 22:06:40.319, 0, 12288, 11829, 287
2026/09/22 22:06:40.524, 0, 12288, 11829, 287
2026/09/22 22:06:40.731, 0, 12288, 11829, 287
2026/09/22 22:06:40.939, 0, 12288, 11829, 287
2026/09/22 22:06:41.143, 0, 12288, 11829, 287
2026/09/22 22:06:41.349, 0, 12288, 11829, 287
2026/09/22 22:06:41.556, 0, 12288, 11829, 287
2026/09/22 22:06:41.763, 0, 12288, 11829, 287
2026/09/22 22:06:41.971, 0, 12288, 11829, 287
2026/09/22 22:06:42.178, 0, 12288, 11829, 287
2026/09/22 22:06:42.386, 0, 12288, 11829, 287
2026/09/22 22:06:42.593, 0, 12288, 11829, 287
2026/09/22 22:06:42.799, 0, 12288, 11829, 287
2026/09/22 22:06:43.005, 0, 12288, 11829, 287
2026/09/22 22:06:43.211, 0, 12288, 11829, 287
2026/09/22 22:06:43.417, 0, 12288, 11829, 287
2026/09/22 22:06:43.621, 0, 12288, 11829, 287
2026/09/22 22:06:43.828, 0, 12288, 11829, 287
2026/09/22 22:06:44.034, 0, 12288, 11829, 287
2026/09/22 22:06:44.242, 0, 12288, 11829, 287
2026/09/22 22:06:44.444, 0, 12288, 11829, 287
2026/09/22 22:06:44.651, 0, 12288, 11829, 287
2026/09/22 22:06:44.855, 0, 12288, 11829, 287
2026/09/22 22:06:45.062, 0, 12288, 11829, 287
2026/09/22 22:06:45.269, 0, 12288, 11829, 287
2026/09/22 22:06:45.476, 0, 12288, 11829, 287
2026/09/22 22:06:45.682, 0, 12288, 11829, 287
2026/09/22 22:06:45.889, 0, 12288, 11829, 287
2026/09/22 22:06:46.096, 0, 12288, 11829, 287
2026/09/22 22:06:46.301, 0, 12288, 11829, 287
2026/09/22 22:06:46.507, 0, 12288, 11829, 287
2026/09/22 22:06:46.714, 0, 12288, 11829, 287
2026/09/22 22:06:46.922, 0, 12288, 11829, 287
2026/09/22 22:06:47.128, 0, 12288, 11829, 287
2026/09/22 22:06:47.336, 0, 12288, 11829, 287
2026/09/22 22:06:47.544, 0, 12288, 11829, 287
2026/09/22 22:06:47.751, 0, 12288, 11829, 287
2026/09/22 22:06:47.957, 0, 12288, 11829, 287
2026/09/22 22:06:48.181, 0, 12288, 11829, 287
2026/09/22 22:06:48.388, 0, 12288, 11829, 287
2026/09/22 22:06:48.595, 0, 12288, 11829, 287
2026/09/22 22:06:48.802, 0, 12288, 11829, 287
2026/09/22 22:06:49.009, 0, 12288, 11829, 287
2026/09/22 22:06:49.217, 0, 12288, 11829, 287
2026/09/22 22:06:49.425, 0, 12288, 11829, 287
2026/09/22 22:06:49.632, 0, 12288, 11829, 287
2026/09/22 22:06:49.839, 0, 12288, 11829, 287
2026/09/22 22:06:50.047, 0, 12288, 11829, 287
2026/09/22 22:06:50.252, 0, 12288, 11829, 287
2026/09/22 22:06:50.460, 0, 12288, 11829, 287
2026/09/22 22:06:50.668, 0, 12288, 11829, 287
2026/09/22 22:06:50.876, 0, 12288, 11829, 287
2026/09/22 22:06:51.081, 0, 12288, 11829, 287
2026/09/22 22:06:51.287, 0, 12288, 11829, 287
2026/09/22 22:06:51.495, 0, 12288, 11829, 287
2026/09/22 22:06:51.703, 0, 12288, 11829, 287
2026/09/22 22:06:51.910, 0, 12288, 11829, 287
2026/09/22 22:06:52.117, 0, 12288, 11829, 287
2026/09/22 22:06:52.325, 0, 12288, 11829, 287
2026/09/22 22:06:52.533, 0, 12288, 11829, 287
2026/09/22 22:06:52.740, 0, 12288, 11829, 287
2026/09/22 22:06:52.948, 0, 12288, 11829, 287
2026/09/22 22:06:53.156, 0, 12288, 11829, 287
2026/09/22 22:06:53.365, 0, 12288, 11829, 287
2026/09/22 22:06:53.573, 0, 12288, 11829, 287
2026/09/22 22:06:53.778, 0, 12288, 11829, 287
2026/09/22 22:06:53.986, 0, 12288, 11829, 287
2026/09/22 22:06:54.192, 0, 12288, 11829, 287
2026/09/22 22:06:54.398, 0, 12288, 11829, 287
2026/09/22 22:06:54.605, 0, 12288, 11829, 287
2026/09/22 22:06:54.812, 0, 12288, 11829, 287
2026/09/22 22:06:55.018, 0, 12288, 11829, 287
2026/09/22 22:06:55.225, 0, 12288, 11829, 287
2026/09/22 22:06:55.432, 0, 12288, 11829, 287
2026/09/22 22:06:55.640, 0, 12288, 11829, 287
2026/09/22 22:06:55.848, 0, 12288, 11829, 287
2026/09/22 22:06:56.056, 0, 12288, 11829, 287
2026/09/22 22:06:56.263, 0, 12288, 11829, 287
2026/09/22 22:06:56.470, 0, 12288, 11829, 287
2026/09/22 22:06:56.677, 0, 12288, 11829, 287
2026/09/22 22:06:56.885, 0, 12288, 11829, 287
2026/09/22 22:06:57.093, 0, 12288, 11829, 287
2026/09/22 22:06:57.301, 0, 12288, 11829, 287
2026/09/22 22:06:57.508, 0, 12288, 11829, 287
2026/09/22 22:06:57.716, 0, 12288, 11829, 287
2026/09/22 22:06:57.924, 0, 12288, 11829, 287
2026/09/22 22:06:58.132, 0, 12288, 11829, 287
2026/09/22 22:06:58.338, 0, 12288, 11829, 287
2026/09/22 22:06:58.544, 0, 12288, 11829, 287
2026/09/22 22:06:58.752, 0, 12288, 11829, 287
2026/09/22 22:06:58.959, 0, 12288, 11829, 287
2026/09/22 22:06:59.166, 0, 12288, 11829, 287
2026/09/22 22:06:59.373, 0, 12288, 11829, 287
2026/09/22 22:06:59.580, 0, 12288, 11829, 287
2026/09/22 22:06:59.787, 0, 12288, 11829, 287
2026/09/22 22:06:59.995, 0, 12288, 11829, 287
2026/09/22 22:07:00.203, 0, 12288, 11829, 287
2026/09/22 22:07:00.411, 0, 12288, 11829, 287
2026/09/22 22:07:00.619, 0, 12288, 11829, 287
2026/09/22 22:07:00.827, 0, 12288, 11829, 287
2026/09/22 22:07:01.033, 0, 12288, 11829, 287
2026/09/22 22:07:01.240, 0, 12288, 11829, 287
2026/09/22 22:07:01.447, 0, 12288, 11829, 287
2026/09/22 22:07:01.655, 0, 12288, 11829, 287
2026/09/22 22:07:01.861, 0, 12288, 11829, 287
2026/09/22 22:07:02.064, 0, 12288, 11829, 287
2026/09/22 22:07:02.269, 0, 12288, 11829, 287
2026/09/22 22:07:02.477, 0, 12288, 11829, 287
2026/09/22 22:07:02.684, 0, 12288, 11829, 287
2026/09/22 22:07:02.892, 0, 12288, 11829, 287
2026/09/22 22:07:03.096, 0, 12288, 11829, 287
2026/09/22 22:07:03.303, 0, 12288, 11829, 287
2026/09/22 22:07:03.510, 0, 12288, 11829, 287
2026/09/22 22:07:03.717, 0, 12288, 11829, 287
2026/09/22 22:07:03.925, 0, 12288, 11829, 287
2026/09/22 22:07:04.129, 0, 12288, 11829, 287
2026/09/22 22:07:04.335, 0, 12288, 11829, 287
2026/09/22 22:07:04.541, 0, 12288, 11829, 287
2026/09/22 22:07:04.748, 0, 12288, 11829, 287
2026/09/22 22:07:04.957, 0, 12288, 11829, 287
2026/09/22 22:07:05.165, 0, 12288, 11829, 287
2026/09/22 22:07:05.372, 0, 12288, 11829, 287
2026/09/22 22:07:05.580, 0, 12288, 11829, 287
2026/09/22 22:07:05.786, 0, 12288, 11829, 287
2026/09/22 22:07:05.993, 0, 12288, 11829, 287
2026/09/22 22:07:06.201, 0, 12288, 11829, 287
2026/09/22 22:07:06.408, 0, 12288, 11829, 287
2026/09/22 22:07:06.615, 0, 12288, 11829, 287
2026/09/22 22:07:06.822, 0, 12288, 11829, 287
2026/09/22 22:07:07.030, 0, 12288, 11829, 287
2026/09/22 22:07:07.236, 0, 12288, 11829, 287
2026/09/22 22:07:07.443, 0, 12288, 11829, 287
2026/09/22 22:07:07.647, 0, 12288, 11829, 287
2026/09/22 22:07:07.855, 0, 12288, 11829, 287
2026/09/22 22:07:08.063, 0, 12288, 11829, 287
2026/09/22 22:07:08.270, 0, 12288, 11829, 287
2026/09/22 22:07:08.478, 0, 12288, 11829, 287
2026/09/22 22:07:08.685, 0, 12288, 11829, 287
2026/09/22 22:07:08.891, 0, 12288, 11829, 287
2026/09/22 22:07:09.099, 0, 12288, 11829, 287
2026/09/22 22:07:09.306, 0, 12288, 11829, 287
2026/09/22 22:07:09.514, 0, 12288, 11829, 287
2026/09/22 22:07:09.721, 0, 12288, 11829, 287
2026/09/22 22:07:09.926, 0, 12288, 11829, 287
2026/09/22 22:07:10.132, 0, 12288, 11829, 287
2026/09/22 22:07:10.340, 0, 12288, 11829, 287
2026/09/22 22:07:10.548, 0, 12288, 11829, 287
2026/09/22 22:07:10.754, 0, 12288, 11829, 287
2026/09/22 22:07:10.960, 0, 12288, 11829, 287
2026/09/22 22:07:11.167, 0, 12288, 11829, 287
2026/09/22 22:07:11.375, 0, 12288, 11829, 287
2026/09/22 22:07:11.583, 0, 12288, 11829, 287
2026/09/22 22:07:11.791, 0, 12288, 11829, 287
2026/09/22 22:07:11.999, 0, 12288, 11829, 287
2026/09/22 22:07:12.205, 0, 12288, 11829, 287
2026/09/22 22:07:12.410, 0, 12288, 11829, 287
2026/09/22 22:07:12.616, 0, 12288, 11829, 287
2026/09/22 22:07:12.821, 0, 12288, 11829, 287
2026/09/22 22:07:13.028, 0, 12288, 11829, 287
2026/09/22 22:07:13.235, 0, 12288, 11829, 287
2026/09/22 22:07:13.442, 0, 12288, 11829, 287
2026/09/22 22:07:13.650, 0, 12288, 11829, 287
2026/09/22 22:07:13.856, 0, 12288, 11829, 287
2026/09/22 22:07:14.064, 0, 12288, 11829, 287
2026/09/22 22:07:14.270, 0, 12288, 11829, 287
2026/09/22 22:07:14.477, 0, 12288, 11829, 287
2026/09/22 22:07:14.685, 0, 12288, 11829, 287
2026/09/22 22:07:14.893, 0, 12288, 11829, 287
2026/09/22 22:07:15.100, 0, 12288, 11829, 287
2026/09/22 22:07:15.307, 0, 12288, 11829, 287
2026/09/22 22:07:15.514, 0, 12288, 11829, 287
2026/09/22 22:07:15.720, 0, 12288, 11829, 287
2026/09/22 22:07:15.927, 0, 12288, 11829, 287
2026/09/22 22:07:16.135, 0, 12288, 11829, 287
2026/09/22 22:07:16.341, 0, 12288, 11829, 287
2026/09/22 22:07:16.549, 0, 12288, 11829, 287
2026/09/22 22:07:16.756, 0, 12288, 11829, 287
2026/09/22 22:07:16.961, 0, 12288, 11829, 287
2026/09/22 22:07:17.169, 0, 12288, 11829, 287
2026/09/22 22:07:17.377, 0, 12288, 11829, 287
2026/09/22 22:07:17.583, 0, 12288, 11829, 287
2026/09/22 22:07:17.790, 0, 12288, 11829, 287
2026/09/22 22:07:17.997, 0, 12288, 11829, 287
2026/09/22 22:07:18.205, 0, 12288, 11829, 287
2026/09/22 22:07:18.411, 0, 12288, 11829, 287
2026/09/22 22:07:18.620, 0, 12288, 11829, 287
2026/09/22 22:07:18.827, 0, 12288, 11829, 287
2026/09/22 22:07:19.034, 0, 12288, 11829, 287
2026/09/22 22:07:19.241, 0, 12288, 11829, 287
2026/09/22 22:07:19.449, 0, 12288, 11829, 287
2026/09/22 22:07:19.657, 0, 12288, 11829, 287
2026/09/22 22:07:19.865, 0, 12288, 11829, 287
2026/09/22 22:07:20.072, 0, 12288, 11829, 287
2026/09/22 22:07:20.280, 0, 12288, 11829, 287
2026/09/22 22:07:20.487, 0, 12288, 11829, 287
2026/09/22 22:07:20.695, 0, 12288, 11829, 287
2026/09/22 22:07:20.902, 0, 12288, 11829, 287
2026/09/22 22:07:21.109, 0, 12288, 11829, 287
2026/09/22 22:07:21.314, 0, 12288, 11829, 287
2026/09/22 22:07:21.518, 0, 12288, 11829, 287
2026/09/22 22:07:21.724, 0, 12288, 11829, 287
2026/09/22 22:07:21.931, 0, 12288, 11829, 287
2026/09/22 22:07:22.139, 0, 12288, 11829, 287
2026/09/22 22:07:22.346, 0, 12288, 11829, 287
2026/09/22 22:07:22.553, 0, 12288, 11829, 287
2026/09/22 22:07:22.760, 0, 12288, 11829, 287
2026/09/22 22:07:22.967, 0, 12288, 11829, 287
2026/09/22 22:07:23.175, 0, 12288, 11829, 287
2026/09/22 22:07:23.382, 0, 12288, 11829, 287
2026/09/22 22:07:23.590, 0, 12288, 11829, 287
2026/09/22 22:07:23.797, 0, 12288, 11829, 287
2026/09/22 22:07:24.003, 0, 12288, 11829, 287
2026/09/22 22:07:24.211, 0, 12288, 11829, 287
2026/09/22 22:07:24.419, 0, 12288, 11829, 287
2026/09/22 22:07:24.626, 0, 12288, 11829, 287
2026/09/22 22:07:24.831, 0, 12288, 11829, 287
2026/09/22 22:07:25.039, 0, 12288, 11829, 287
2026/09/22 22:07:25.247, 0, 12288, 11829, 287
2026/09/22 22:07:25.453, 0, 12288, 11829, 287
2026/09/22 22:07:25.658, 0, 12288, 11829, 287
2026/09/22 22:07:25.865, 0, 12288, 11829, 287
2026/09/22 22:07:26.071, 0, 12288, 11829, 287
2026/09/22 22:07:26.277, 0, 12288, 11829, 287
2026/09/22 22:07:26.485, 0, 12288, 11829, 287
2026/09/22 22:07:26.691, 0, 12288, 11829, 287
2026/09/22 22:07:26.899, 0, 12288, 11829, 287
2026/09/22 22:07:27.105, 0, 12288, 11829, 287
2026/09/22 22:07:27.313, 0, 12288, 11829, 287
2026/09/22 22:07:27.520, 0, 12288, 11829, 287
2026/09/22 22:07:27.728, 0, 12288, 11829, 287
2026/09/22 22:07:27.936, 0, 12288, 11829, 287
2026/09/22 22:07:28.142, 0, 12288, 11829, 287
2026/09/22 22:07:28.348, 0, 12288, 11829, 287
2026/09/22 22:07:28.556, 0, 12288, 11829, 287
2026/09/22 22:07:28.764, 0, 12288, 11829, 287
2026/09/22 22:07:28.971, 0, 12288, 11829, 287
2026/09/22 22:07:29.177, 0, 12288, 11829, 287
2026/09/22 22:07:29.384, 0, 12288, 11829, 287
2026/09/22 22:07:29.592, 0, 12288, 11829, 287
2026/09/22 22:07:29.800, 0, 12288, 11829, 287
2026/09/22 22:07:30.007, 0, 12288, 11829, 287
2026/09/22 22:07:30.215, 0, 12288, 11829, 287
2026/09/22 22:07:30.423, 0, 12288, 11829, 287
2026/09/22 22:07:30.628, 0, 12288, 11829, 287
2026/09/22 22:07:30.833, 0, 12288, 11829, 287
2026/09/22 22:07:31.040, 0, 12288, 11829, 287
2026/09/22 22:07:31.247, 0, 12288, 11829, 287
2026/09/22 22:07:31.454, 0, 12288, 11829, 287
2026/09/22 22:07:31.659, 0, 12288, 11829, 287
2026/09/22 22:07:31.866, 0, 12288, 11829, 287
2026/09/22 22:07:32.074, 0, 12288, 11829, 287
2026/09/22 22:07:32.280, 0, 12288, 11829, 287
2026/09/22 22:07:32.487, 0, 12288, 11829, 287
2026/09/22 22:07:32.692, 0, 12288, 11829, 287
2026/09/22 22:07:32.897, 0, 12288, 11829, 287
2026/09/22 22:07:33.105, 0, 12288, 11829, 287
2026/09/22 22:07:33.311, 0, 12288, 11829, 287
2026/09/22 22:07:33.518, 0, 12288, 11829, 287
2026/09/22 22:07:33.722, 0, 12288, 11829, 287
2026/09/22 22:07:33.927, 0, 12288, 11829, 287
2026/09/22 22:07:34.135, 0, 12288, 11829, 287
2026/09/22 22:07:34.343, 0, 12288, 11829, 287
2026/09/22 22:07:34.548, 0, 12288, 11829, 287
2026/09/22 22:07:34.753, 0, 12288, 11829, 287
2026/09/22 22:07:34.960, 0, 12288, 11829, 287
2026/09/22 22:07:35.168, 0, 12288, 11829, 287
2026/09/22 22:07:35.373, 0, 12288, 11829, 287
2026/09/22 22:07:35.578, 0, 12288, 11829, 287
2026/09/22 22:07:35.783, 0, 12288, 11829, 287
2026/09/22 22:07:35.987, 0, 12288, 11829, 287
2026/09/22 22:07:36.195, 0, 12288, 11829, 287
2026/09/22 22:07:36.403, 0, 12288, 11829, 287
2026/09/22 22:07:36.610, 0, 12288, 11829, 287
2026/09/22 22:07:36.817, 0, 12288, 11829, 287
2026/09/22 22:07:37.025, 0, 12288, 11829, 287
2026/09/22 22:07:37.233, 0, 12288, 11829, 287
2026/09/22 22:07:37.439, 0, 12288, 11829, 287
2026/09/22 22:07:37.647, 0, 12288, 11829, 287
2026/09/22 22:07:37.854, 0, 12288, 11829, 287
2026/09/22 22:07:38.060, 0, 12288, 11829, 287
2026/09/22 22:07:38.266, 0, 12288, 11829, 287
2026/09/22 22:07:38.473, 0, 12288, 11829, 287
2026/09/22 22:07:38.679, 0, 12288, 11829, 287
2026/09/22 22:07:38.887, 0, 12288, 11829, 287
2026/09/22 22:07:39.094, 0, 12288, 11829, 287
2026/09/22 22:07:39.301, 0, 12288, 11829, 287
2026/09/22 22:07:39.508, 0, 12288, 11829, 287
2026/09/22 22:07:39.716, 0, 12288, 11829, 287
2026/09/22 22:07:39.924, 0, 12288, 11829, 287
2026/09/22 22:07:40.128, 0, 12288, 11829, 287
2026/09/22 22:07:40.336, 0, 12288, 11829, 287
2026/09/22 22:07:40.544, 0, 12288, 11829, 287
2026/09/22 22:07:40.751, 0, 12288, 11829, 287
2026/09/22 22:07:40.959, 0, 12288, 11829, 287
2026/09/22 22:07:41.166, 0, 12288, 11829, 287
2026/09/22 22:07:41.373, 0, 12288, 11829, 287
2026/09/22 22:07:41.580, 0, 12288, 11829, 287
2026/09/22 22:07:41.782, 0, 12288, 11829, 287
2026/09/22 22:07:41.986, 0, 12288, 11829, 287
2026/09/22 22:07:42.193, 0, 12288, 11829, 287
2026/09/22 22:07:42.401, 0, 12288, 11829, 287
2026/09/22 22:07:42.609, 0, 12288, 11829, 287
2026/09/22 22:07:42.816, 0, 12288, 11829, 287
2026/09/22 22:07:43.022, 0, 12288, 11829, 287
2026/09/22 22:07:43.228, 0, 12288, 11829, 287
2026/09/22 22:07:43.436, 0, 12288, 11829, 287
2026/09/22 22:07:43.643, 0, 12288, 11829, 287
2026/09/22 22:07:43.850, 0, 12288, 11829, 287
2026/09/22 22:07:44.058, 0, 12288, 11829, 287
2026/09/22 22:07:44.265, 0, 12288, 11829, 287
2026/09/22 22:07:44.472, 0, 12288, 11829, 287
2026/09/22 22:07:44.678, 0, 12288, 11829, 287
2026/09/22 22:07:44.883, 0, 12288, 11829, 287
2026/09/22 22:07:45.088, 0, 12288, 11829, 287
2026/09/22 22:07:45.296, 0, 12288, 11829, 287
2026/09/22 22:07:45.503, 0, 12288, 11829, 287
2026/09/22 22:07:45.710, 0, 12288, 11829, 287
2026/09/22 22:07:45.918, 0, 12288, 11829, 287
2026/09/22 22:07:46.125, 0, 12288, 11829, 287
2026/09/22 22:07:46.333, 0, 12288, 11829, 287
2026/09/22 22:07:46.541, 0, 12288, 11829, 287
2026/09/22 22:07:46.749, 0, 12288, 11829, 287
2026/09/22 22:07:46.954, 0, 12288, 11829, 287
2026/09/22 22:07:47.161, 0, 12288, 11829, 287
2026/09/22 22:07:47.369, 0, 12288, 11829, 287
2026/09/22 22:07:47.574, 0, 12288, 11829, 287
2026/09/22 22:07:47.780, 0, 12288, 11829, 287
2026/09/22 22:07:47.986, 0, 12288, 11829, 287
2026/09/22 22:07:48.190, 0, 12288, 11829, 287
2026/09/22 22:07:48.397, 0, 12288, 11829, 287
2026/09/22 22:07:48.603, 0, 12288, 11829, 287
2026/09/22 22:07:48.811, 0, 12288, 11829, 287
2026/09/22 22:07:49.018, 0, 12288, 11829, 287
2026/09/22 22:07:49.226, 0, 12288, 11829, 287
2026/09/22 22:07:49.431, 0, 12288, 11829, 287
2026/09/22 22:07:49.638, 0, 12288, 11829, 287
2026/09/22 22:07:49.845, 0, 12288, 11829, 287
2026/09/22 22:07:50.049, 0, 12288, 11829, 287
2026/09/22 22:07:50.255, 0, 12288, 11829, 287
2026/09/22 22:07:50.461, 0, 12288, 11829, 287
2026/09/22 22:07:50.667, 0, 12288, 11829, 287
2026/09/22 22:07:50.891, 0, 12288, 11829, 287
2026/09/22 22:07:51.098, 0, 12288, 11829, 287
2026/09/22 22:07:51.304, 0, 12288, 11829, 287
2026/09/22 22:07:51.510, 0, 12288, 11829, 287
2026/09/22 22:07:51.715, 0, 12288, 11829, 287
2026/09/22 22:07:51.921, 0, 12288, 11829, 287
2026/09/22 22:07:52.126, 0, 12288, 11829, 287
2026/09/22 22:07:52.333, 0, 12288, 11829, 287
2026/09/22 22:07:52.540, 0, 12288, 11829, 287
2026/09/22 22:07:52.747, 0, 12288, 11829, 287
2026/09/22 22:07:52.954, 0, 12288, 11829, 287
2026/09/22 22:07:53.162, 0, 12288, 11829, 287
2026/09/22 22:07:53.368, 0, 12288, 11829, 287
2026/09/22 22:07:53.576, 0, 12288, 11829, 287
2026/09/22 22:07:53.783, 0, 12288, 11829, 287
2026/09/22 22:07:53.991, 0, 12288, 11829, 287
2026/09/22 22:07:54.197, 0, 12288, 11829, 287
2026/09/22 22:07:54.404, 0, 12288, 11829, 287
2026/09/22 22:07:54.612, 0, 12288, 11829, 287
2026/09/22 22:07:54.820, 0, 12288, 11829, 287
2026/09/22 22:07:55.028, 0, 12288, 11829, 287
2026/09/22 22:07:55.236, 0, 12288, 11829, 287
2026/09/22 22:07:55.441, 0, 12288, 11829, 287
2026/09/22 22:07:55.647, 0, 12288, 11829, 287
2026/09/22 22:07:55.854, 0, 12288, 11829, 287
2026/09/22 22:07:56.060, 0, 12288, 11829, 287
2026/09/22 22:07:56.268, 0, 12288, 11829, 287
2026/09/22 22:07:56.474, 0, 12288, 11829, 287
2026/09/22 22:07:56.682, 0, 12288, 11829, 287
2026/09/22 22:07:56.890, 0, 12288, 11829, 287
2026/09/22 22:07:57.098, 0, 12288, 11829, 287
2026/09/22 22:07:57.306, 0, 12288, 11829, 287
2026/09/22 22:07:57.513, 0, 12288, 11829, 287
2026/09/22 22:07:57.721, 0, 12288, 11829, 287
2026/09/22 22:07:57.927, 0, 12288, 11829, 287
2026/09/22 22:07:58.134, 0, 12288, 11829, 287
2026/09/22 22:07:58.341, 0, 12288, 11829, 287
2026/09/22 22:07:58.549, 0, 12288, 11829, 287
2026/09/22 22:07:58.751, 0, 12288, 11829, 287
2026/09/22 22:07:58.957, 0, 12288, 11829, 287
2026/09/22 22:07:59.164, 0, 12288, 11829, 287
2026/09/22 22:07:59.371, 0, 12288, 11829, 287
2026/09/22 22:07:59.579, 0, 12288, 11829, 287
2026/09/22 22:07:59.787, 0, 12288, 11829, 287
2026/09/22 22:07:59.995, 0, 12288, 11829, 287
2026/09/22 22:08:00.202, 0, 12288, 11829, 287
2026/09/22 22:08:00.410, 0, 12288, 11829, 287
2026/09/22 22:08:00.617, 0, 12288, 11829, 287
2026/09/22 22:08:00.825, 0, 12288, 11829, 287
2026/09/22 22:08:01.033, 0, 12288, 11829, 287
2026/09/22 22:08:01.241, 0, 12288, 11829, 287
2026/09/22 22:08:01.448, 0, 12288, 11829, 287
2026/09/22 22:08:01.655, 0, 12288, 11829, 287
2026/09/22 22:08:01.862, 0, 12288, 11829, 287
2026/09/22 22:08:02.069, 0, 12288, 11829, 287
2026/09/22 22:08:02.276, 0, 12288, 11829, 287
2026/09/22 22:08:02.483, 0, 12288, 11829, 287
2026/09/22 22:08:02.690, 0, 12288, 11829, 287
2026/09/22 22:08:02.896, 0, 12288, 11829, 287
2026/09/22 22:08:03.104, 0, 12288, 11829, 287
2026/09/22 22:08:03.311, 0, 12288, 11829, 287
2026/09/22 22:08:03.516, 0, 12288, 11829, 287
2026/09/22 22:08:03.721, 0, 12288, 11829, 287
2026/09/22 22:08:03.928, 0, 12288, 11829, 287
2026/09/22 22:08:04.136, 0, 12288, 11829, 287
2026/09/22 22:08:04.344, 0, 12288, 11829, 287
2026/09/22 22:08:04.551, 0, 12288, 11829, 287
2026/09/22 22:08:04.758, 0, 12288, 11829, 287
2026/09/22 22:08:04.966, 0, 12288, 11829, 287
2026/09/22 22:08:05.173, 0, 12288, 11829, 287
2026/09/22 22:08:05.380, 0, 12288, 11829, 287
2026/09/22 22:08:05.587, 0, 12288, 11829, 287
2026/09/22 22:08:05.794, 0, 12288, 11829, 287
2026/09/22 22:08:06.000, 0, 12288, 11829, 287
2026/09/22 22:08:06.207, 0, 12288, 11829, 287
2026/09/22 22:08:06.415, 0, 12288, 11829, 287
2026/09/22 22:08:06.623, 0, 12288, 11829, 287
2026/09/22 22:08:06.828, 0, 12288, 11829, 287
2026/09/22 22:08:07.034, 0, 12288, 11829, 287
2026/09/22 22:08:07.241, 0, 12288, 11829, 287
2026/09/22 22:08:07.449, 0, 12288, 11829, 287
2026/09/22 22:08:07.657, 0, 12288, 11829, 287
2026/09/22 22:08:07.864, 0, 12288, 11829, 287
2026/09/22 22:08:08.068, 0, 12288, 11829, 287
2026/09/22 22:08:08.275, 0, 12288, 11829, 287
2026/09/22 22:08:08.482, 0, 12288, 11829, 287
2026/09/22 22:08:08.688, 0, 12288, 11829, 287
2026/09/22 22:08:08.896, 0, 12288, 11829, 287
2026/09/22 22:08:09.104, 0, 12288, 11829, 287
2026/09/22 22:08:09.312, 0, 12288, 11829, 287
2026/09/22 22:08:09.518, 0, 12288, 11829, 287
2026/09/22 22:08:09.721, 0, 12288, 11829, 287
2026/09/22 22:08:09.927, 0, 12288, 11829, 287
2026/09/22 22:08:10.134, 0, 12288, 11829, 287
2026/09/22 22:08:10.341, 0, 12288, 11829, 287
2026/09/22 22:08:10.549, 0, 12288, 11829, 287
2026/09/22 22:08:10.753, 0, 12288, 11829, 287
2026/09/22 22:08:10.958, 0, 12288, 11829, 287
2026/09/22 22:08:11.165, 0, 12288, 11829, 287
2026/09/22 22:08:11.373, 0, 12288, 11829, 287
2026/09/22 22:08:11.581, 0, 12288, 11829, 287
2026/09/22 22:08:11.789, 0, 12288, 11829, 287
2026/09/22 22:08:11.997, 0, 12288, 11829, 287
2026/09/22 22:08:12.205, 0, 12288, 11829, 287
2026/09/22 22:08:12.414, 0, 12288, 11829, 287
2026/09/22 22:08:12.621, 0, 12288, 11829, 287
2026/09/22 22:08:12.828, 0, 12288, 11829, 287
2026/09/22 22:08:13.035, 0, 12288, 11829, 287
2026/09/22 22:08:13.242, 0, 12288, 11829, 287
2026/09/22 22:08:13.449, 0, 12288, 11829, 287
2026/09/22 22:08:13.657, 0, 12288, 11829, 287
2026/09/22 22:08:13.864, 0, 12288, 11829, 287
2026/09/22 22:08:14.072, 0, 12288, 11829, 287
2026/09/22 22:08:14.279, 0, 12288, 11829, 287
2026/09/22 22:08:14.485, 0, 12288, 11829, 287
2026/09/22 22:08:14.693, 0, 12288, 11829, 287
2026/09/22 22:08:14.900, 0, 12288, 11829, 287
2026/09/22 22:08:15.108, 0, 12288, 11829, 287
2026/09/22 22:08:15.315, 0, 12288, 11829, 287
2026/09/22 22:08:15.520, 0, 12288, 11829, 287
2026/09/22 22:08:15.728, 0, 12288, 11829, 287
2026/09/22 22:08:15.935, 0, 12288, 11829, 287
2026/09/22 22:08:16.143, 0, 12288, 11829, 287
2026/09/22 22:08:16.351, 0, 12288, 11829, 287
2026/09/22 22:08:16.559, 0, 12288, 11829, 287
2026/09/22 22:08:16.766, 0, 12288, 11829, 287
2026/09/22 22:08:16.973, 0, 12288, 11829, 287
2026/09/22 22:08:17.181, 0, 12288, 11829, 287
2026/09/22 22:08:17.387, 0, 12288, 11829, 287
2026/09/22 22:08:17.594, 0, 12288, 11829, 287
2026/09/22 22:08:17.799, 0, 12288, 11829, 287
2026/09/22 22:08:18.007, 0, 12288, 11829, 287
2026/09/22 22:08:18.215, 0, 12288, 11829, 287
2026/09/22 22:08:18.422, 0, 12288, 11829, 287
2026/09/22 22:08:18.628, 0, 12288, 11829, 287
2026/09/22 22:08:18.835, 0, 12288, 11829, 287
2026/09/22 22:08:19.043, 0, 12288, 11829, 287
2026/09/22 22:08:19.251, 0, 12288, 11829, 287
2026/09/22 22:08:19.458, 0, 12288, 11829, 287
2026/09/22 22:08:19.666, 0, 12288, 11829, 287
2026/09/22 22:08:19.873, 0, 12288, 11829, 287
2026/09/22 22:08:20.081, 0, 12288, 11829, 287
2026/09/22 22:08:20.287, 0, 12288, 11829, 287
2026/09/22 22:08:20.494, 0, 12288, 11829, 287
2026/09/22 22:08:20.702, 0, 12288, 11829, 287
2026/09/22 22:08:20.910, 0, 12288, 11829, 287
2026/09/22 22:08:21.118, 0, 12288, 11829, 287
2026/09/22 22:08:21.326, 0, 12288, 11829, 287
2026/09/22 22:08:21.534, 0, 12288, 11829, 287
2026/09/22 22:08:21.741, 0, 12288, 11829, 287
2026/09/22 22:08:21.946, 0, 12288, 11829, 287
2026/09/22 22:08:22.154, 0, 12288, 11829, 287
2026/09/22 22:08:22.362, 0, 12288, 11829, 287
2026/09/22 22:08:22.568, 0, 12288, 11829, 287
2026/09/22 22:08:22.776, 0, 12288, 11829, 287
2026/09/22 22:08:22.983, 0, 12288, 11829, 287
2026/09/22 22:08:23.190, 0, 12288, 11829, 287
2026/09/22 22:08:23.397, 0, 12288, 11829, 287
2026/09/22 22:08:23.605, 0, 12288, 11829, 287
2026/09/22 22:08:23.813, 0, 12288, 11829, 287
2026/09/22 22:08:24.019, 0, 12288, 11829, 287
2026/09/22 22:08:24.226, 0, 12288, 11829, 287
2026/09/22 22:08:24.432, 0, 12288, 11829, 287
2026/09/22 22:08:24.638, 0, 12288, 11829, 287
2026/09/22 22:08:24.846, 0, 12288, 11829, 287
2026/09/22 22:08:25.052, 0, 12288, 11829, 287
2026/09/22 22:08:25.260, 0, 12288, 11829, 287
2026/09/22 22:08:25.466, 0, 12288, 11829, 287
2026/09/22 22:08:25.674, 0, 12288, 11829, 287
2026/09/22 22:08:25.879, 0, 12288, 11829, 287
2026/09/22 22:08:26.087, 0, 12288, 11829, 287
2026/09/22 22:08:26.295, 0, 12288, 11829, 287
2026/09/22 22:08:26.502, 0, 12288, 11829, 287
2026/09/22 22:08:26.707, 0, 12288, 11829, 287
2026/09/22 22:08:26.912, 0, 12288, 11829, 287
2026/09/22 22:08:27.118, 0, 12288, 11829, 287
2026/09/22 22:08:27.326, 0, 12288, 11829, 287
2026/09/22 22:08:27.534, 0, 12288, 11829, 287
2026/09/22 22:08:27.742, 0, 12288, 11829, 287
2026/09/22 22:08:27.950, 0, 12288, 11829, 287
2026/09/22 22:08:28.158, 0, 12288, 11829, 287
2026/09/22 22:08:28.364, 0, 12288, 11829, 287
2026/09/22 22:08:28.571, 0, 12288, 11829, 287
2026/09/22 22:08:28.779, 0, 12288, 11829, 287
2026/09/22 22:08:28.987, 0, 12288, 11829, 287
2026/09/22 22:08:29.192, 0, 12288, 11829, 287
2026/09/22 22:08:29.400, 0, 12288, 11829, 287
2026/09/22 22:08:29.608, 0, 12288, 11829, 287
2026/09/22 22:08:29.815, 0, 12288, 11829, 287
2026/09/22 22:08:30.021, 0, 12288, 11829, 287
2026/09/22 22:08:30.229, 0, 12288, 11829, 287
2026/09/22 22:08:30.437, 0, 12288, 11829, 287
2026/09/22 22:08:30.643, 0, 12288, 11829, 287
2026/09/22 22:08:30.851, 0, 12288, 11829, 287
2026/09/22 22:08:31.058, 0, 12288, 11829, 287
2026/09/22 22:08:31.263, 0, 12288, 11829, 287
2026/09/22 22:08:31.470, 0, 12288, 11829, 287
2026/09/22 22:08:31.678, 0, 12288, 11829, 287
2026/09/22 22:08:31.885, 0, 12288, 11829, 287
2026/09/22 22:08:32.092, 0, 12288, 11829, 287
2026/09/22 22:08:32.300, 0, 12288, 11829, 287
2026/09/22 22:08:32.508, 0, 12288, 11829, 287
2026/09/22 22:08:32.716, 0, 12288, 11829, 287
2026/09/22 22:08:32.924, 0, 12288, 11829, 287
2026/09/22 22:08:33.128, 0, 12288, 11829, 287
2026/09/22 22:08:33.334, 0, 12288, 11829, 287
2026/09/22 22:08:33.541, 0, 12288, 11829, 287
2026/09/22 22:08:33.749, 0, 12288, 11829, 287
2026/09/22 22:08:33.956, 0, 12288, 11829, 287
2026/09/22 22:08:34.164, 0, 12288, 11829, 287
2026/09/22 22:08:34.371, 0, 12288, 11829, 287
2026/09/22 22:08:34.579, 0, 12288, 11829, 287
2026/09/22 22:08:34.786, 0, 12288, 11829, 287
2026/09/22 22:08:34.994, 0, 12288, 11829, 287
2026/09/22 22:08:35.201, 0, 12288, 11829, 287
2026/09/22 22:08:35.407, 0, 12288, 11829, 287
2026/09/22 22:08:35.614, 0, 12288, 11829, 287
2026/09/22 22:08:35.821, 0, 12288, 11829, 287
2026/09/22 22:08:36.026, 0, 12288, 11829, 287
2026/09/22 22:08:36.231, 0, 12288, 11829, 287
2026/09/22 22:08:36.439, 0, 12288, 11829, 287
2026/09/22 22:08:36.645, 0, 12288, 11829, 287
2026/09/22 22:08:36.852, 0, 12288, 11829, 287
2026/09/22 22:08:37.059, 0, 12288, 11829, 287
2026/09/22 22:08:37.266, 0, 12288, 11829, 287
2026/09/22 22:08:37.473, 0, 12288, 11829, 287
2026/09/22 22:08:37.680, 0, 12288, 11829, 287
2026/09/22 22:08:37.888, 0, 12288, 11829, 287
2026/09/22 22:08:38.097, 0, 12288, 11829, 287
2026/09/22 22:08:38.305, 0, 12288, 11829, 287
2026/09/22 22:08:38.512, 0, 12288, 11829, 287
2026/09/22 22:08:38.719, 0, 12288, 11829, 287
2026/09/22 22:08:38.925, 0, 12288, 11829, 287
2026/09/22 22:08:39.133, 0, 12288, 11829, 287
2026/09/22 22:08:39.341, 0, 12288, 11829, 287
2026/09/22 22:08:39.548, 0, 12288, 11829, 287
2026/09/22 22:08:39.756, 0, 12288, 11829, 287
2026/09/22 22:08:39.963, 0, 12288, 11829, 287
2026/09/22 22:08:40.170, 0, 12288, 11829, 287
2026/09/22 22:08:40.377, 0, 12288, 11829, 287
2026/09/22 22:08:40.580, 0, 12288, 11829, 287
2026/09/22 22:08:40.785, 0, 12288, 11829, 287
2026/09/22 22:08:40.993, 0, 12288, 11829, 287
2026/09/22 22:08:41.200, 0, 12288, 11829, 287
2026/09/22 22:08:41.408, 0, 12288, 11829, 287
2026/09/22 22:08:41.612, 0, 12288, 11829, 287
2026/09/22 22:08:41.819, 0, 12288, 11829, 287
2026/09/22 22:08:42.027, 0, 12288, 11829, 287
2026/09/22 22:08:42.235, 0, 12288, 11829, 287
2026/09/22 22:08:42.439, 0, 12288, 11829, 287
2026/09/22 22:08:42.646, 0, 12288, 11829, 287
2026/09/22 22:08:42.853, 0, 12288, 11829, 287
2026/09/22 22:08:43.061, 0, 12288, 11829, 287
2026/09/22 22:08:43.267, 0, 12288, 11829, 287
2026/09/22 22:08:43.472, 0, 12288, 11829, 287
2026/09/22 22:08:43.680, 0, 12288, 11829, 287
2026/09/22 22:08:43.888, 0, 12288, 11829, 287
2026/09/22 22:08:44.096, 0, 12288, 11829, 287
2026/09/22 22:08:44.303, 0, 12288, 11829, 287
2026/09/22 22:08:44.510, 0, 12288, 11829, 287
2026/09/22 22:08:44.718, 0, 12288, 11829, 287
2026/09/22 22:08:44.924, 0, 12288, 11829, 287
2026/09/22 22:08:45.131, 0, 12288, 11829, 287
2026/09/22 22:08:45.337, 0, 12288, 11829, 287
2026/09/22 22:08:45.544, 0, 12288, 11829, 287
2026/09/22 22:08:45.752, 0, 12288, 11829, 287
2026/09/22 22:08:45.957, 0, 12288, 11829, 287
2026/09/22 22:08:46.165, 0, 12288, 11829, 287
2026/09/22 22:08:46.373, 0, 12288, 11829, 287
2026/09/22 22:08:46.580, 0, 12288, 11829, 287
2026/09/22 22:08:46.786, 0, 12288, 11829, 287
2026/09/22 22:08:46.993, 0, 12288, 11829, 287
2026/09/22 22:08:47.201, 0, 12288, 11829, 287
2026/09/22 22:08:47.408, 0, 12288, 11829, 287
2026/09/22 22:08:47.616, 0, 12288, 11829, 287
2026/09/22 22:08:47.823, 0, 12288, 11829, 287
2026/09/22 22:08:48.031, 0, 12288, 11829, 287
2026/09/22 22:08:48.237, 0, 12288, 11829, 287
2026/09/22 22:08:48.443, 0, 12288, 11829, 287
2026/09/22 22:08:48.651, 0, 12288, 11829, 287
2026/09/22 22:08:48.859, 0, 12288, 11829, 287
2026/09/22 22:08:49.067, 0, 12288, 11829, 287
2026/09/22 22:08:49.273, 0, 12288, 11829, 287
2026/09/22 22:08:49.479, 0, 12288, 11829, 287
2026/09/22 22:08:49.686, 0, 12288, 11829, 287
2026/09/22 22:08:49.892, 0, 12288, 11829, 287
2026/09/22 22:08:50.096, 0, 12288, 11829, 287
2026/09/22 22:08:50.304, 0, 12288, 11829, 287
2026/09/22 22:08:50.512, 0, 12288, 11829, 287
2026/09/22 22:08:50.718, 0, 12288, 11829, 287
2026/09/22 22:08:50.925, 0, 12288, 11829, 287
2026/09/22 22:08:51.132, 0, 12288, 11829, 287
2026/09/22 22:08:51.338, 0, 12288, 11829, 287
2026/09/22 22:08:51.546, 0, 12288, 11829, 287
2026/09/22 22:08:51.752, 0, 12288, 11829, 287
2026/09/22 22:08:51.957, 0, 12288, 11829, 287
2026/09/22 22:08:52.165, 0, 12288, 11829, 287
2026/09/22 22:08:52.373, 0, 12288, 11829, 287
2026/09/22 22:08:52.580, 0, 12288, 11829, 287
2026/09/22 22:08:52.786, 0, 12288, 11829, 287
2026/09/22 22:08:52.992, 0, 12288, 11829, 287
2026/09/22 22:08:53.199, 0, 12288, 11829, 287
2026/09/22 22:08:53.408, 0, 12288, 11829, 287
2026/09/22 22:08:53.612, 0, 12288, 11829, 287
2026/09/22 22:08:53.817, 0, 12288, 11829, 287
2026/09/22 22:08:54.025, 0, 12288, 11829, 287
2026/09/22 22:08:54.233, 0, 12288, 11829, 287
2026/09/22 22:08:54.438, 0, 12288, 11829, 287
2026/09/22 22:08:54.644, 0, 12288, 11829, 287
2026/09/22 22:08:54.852, 0, 12288, 11829, 287
2026/09/22 22:08:55.060, 0, 12288, 11829, 287
2026/09/22 22:08:55.268, 0, 12288, 11829, 287
2026/09/22 22:08:55.473, 0, 12288, 11829, 287
2026/09/22 22:08:55.680, 0, 12288, 11829, 287
2026/09/22 22:08:55.888, 0, 12288, 11829, 287
2026/09/22 22:08:56.096, 0, 12288, 11829, 287
2026/09/22 22:08:56.304, 0, 12288, 11829, 287
2026/09/22 22:08:56.512, 0, 12288, 11829, 287
2026/09/22 22:08:56.720, 0, 12288, 11829, 287
2026/09/22 22:08:56.927, 0, 12288, 11829, 287
2026/09/22 22:08:57.134, 0, 12288, 11829, 287
2026/09/22 22:08:57.342, 0, 12288, 11829, 287
2026/09/22 22:08:57.548, 0, 12288, 11829, 287
2026/09/22 22:08:57.754, 0, 12288, 11829, 287
2026/09/22 22:08:57.962, 0, 12288, 11829, 287
2026/09/22 22:08:58.169, 0, 12288, 11829, 287
2026/09/22 22:08:58.377, 0, 12288, 11829, 287
2026/09/22 22:08:58.581, 0, 12288, 11829, 287
2026/09/22 22:08:58.788, 0, 12288, 11829, 287
2026/09/22 22:08:58.996, 0, 12288, 11829, 287
2026/09/22 22:08:59.202, 0, 12288, 11829, 287
2026/09/22 22:08:59.408, 0, 12288, 11829, 287
2026/09/22 22:08:59.616, 0, 12288, 11829, 287
2026/09/22 22:08:59.824, 0, 12288, 11829, 287
2026/09/22 22:09:00.031, 0, 12288, 11829, 287
2026/09/22 22:09:00.239, 0, 12288, 11829, 287
2026/09/22 22:09:00.447, 0, 12288, 11829, 287
2026/09/22 22:09:00.654, 0, 12288, 11829, 287
2026/09/22 22:09:00.861, 0, 12288, 11829, 287
2026/09/22 22:09:01.068, 0, 12288, 11829, 287
2026/09/22 22:09:01.276, 0, 12288, 11829, 287
2026/09/22 22:09:01.483, 0, 12288, 11829, 287
2026/09/22 22:09:01.689, 0, 12288, 11829, 287
2026/09/22 22:09:01.896, 0, 12288, 11829, 287
2026/09/22 22:09:02.104, 0, 12288, 11829, 287
2026/09/22 22:09:02.312, 0, 12288, 11829, 287
2026/09/22 22:09:02.518, 0, 12288, 11829, 287
2026/09/22 22:09:02.721, 0, 12288, 11829, 287
2026/09/22 22:09:02.927, 0, 12288, 11829, 287
2026/09/22 22:09:03.135, 0, 12288, 11829, 287
2026/09/22 22:09:03.342, 0, 12288, 11829, 287
2026/09/22 22:09:03.549, 0, 12288, 11829, 287
2026/09/22 22:09:03.754, 0, 12288, 11829, 287
2026/09/22 22:09:03.962, 0, 12288, 11829, 287
2026/09/22 22:09:04.170, 0, 12288, 11829, 287
2026/09/22 22:09:04.377, 0, 12288, 11829, 287
2026/09/22 22:09:04.585, 0, 12288, 11829, 287
2026/09/22 22:09:04.793, 0, 12288, 11829, 287
2026/09/22 22:09:05.001, 0, 12288, 11829, 287
2026/09/22 22:09:05.205, 0, 12288, 11829, 287
2026/09/22 22:09:05.412, 0, 12288, 11829, 287
2026/09/22 22:09:05.619, 0, 12288, 11829, 287
2026/09/22 22:09:05.826, 0, 12288, 11829, 287
2026/09/22 22:09:06.033, 0, 12288, 11829, 287
2026/09/22 22:09:06.240, 0, 12288, 11829, 287
2026/09/22 22:09:06.448, 0, 12288, 11829, 287
2026/09/22 22:09:06.656, 0, 12288, 11829, 287
2026/09/22 22:09:06.863, 0, 12288, 11829, 287
2026/09/22 22:09:07.071, 0, 12288, 11829, 287
2026/09/22 22:09:07.279, 0, 12288, 11829, 287
2026/09/22 22:09:07.487, 0, 12288, 11829, 287
2026/09/22 22:09:07.690, 0, 12288, 11829, 287
2026/09/22 22:09:07.898, 0, 12288, 11829, 287
2026/09/22 22:09:08.105, 0, 12288, 11829, 287
2026/09/22 22:09:08.313, 0, 12288, 11829, 287
2026/09/22 22:09:08.517, 0, 12288, 11829, 287
2026/09/22 22:09:08.724, 0, 12288, 11829, 287
2026/09/22 22:09:08.931, 0, 12288, 11829, 287
2026/09/22 22:09:09.139, 0, 12288, 11829, 287
2026/09/22 22:09:09.346, 0, 12288, 11829, 287
2026/09/22 22:09:09.553, 0, 12288, 11829, 287
2026/09/22 22:09:09.760, 0, 12288, 11829, 287
2026/09/22 22:09:09.968, 0, 12288, 11829, 287
2026/09/22 22:09:10.175, 0, 12288, 11829, 287
2026/09/22 22:09:10.382, 0, 12288, 11829, 287
2026/09/22 22:09:10.590, 0, 12288, 11829, 287
2026/09/22 22:09:10.798, 0, 12288, 11829, 287
2026/09/22 22:09:11.005, 0, 12288, 11829, 287
2026/09/22 22:09:11.212, 0, 12288, 11829, 287
2026/09/22 22:09:11.419, 0, 12288, 11829, 287
2026/09/22 22:09:11.627, 0, 12288, 11829, 287
2026/09/22 22:09:11.835, 0, 12288, 11829, 287
2026/09/22 22:09:12.042, 0, 12288, 11829, 287
2026/09/22 22:09:12.249, 0, 12288, 11829, 287
2026/09/22 22:09:12.456, 0, 12288, 11829, 287
2026/09/22 22:09:12.664, 0, 12288, 11829, 287
2026/09/22 22:09:12.872, 0, 12288, 11829, 287
2026/09/22 22:09:13.076, 0, 12288, 11829, 287
2026/09/22 22:09:13.284, 0, 12288, 11829, 287
2026/09/22 22:09:13.492, 0, 12288, 11829, 287
2026/09/22 22:09:13.700, 0, 12288, 11829, 287
2026/09/22 22:09:13.907, 0, 12288, 11829, 287
2026/09/22 22:09:14.111, 0, 12288, 11829, 287
2026/09/22 22:09:14.314, 0, 12288, 11829, 287
2026/09/22 22:09:14.517, 0, 12288, 11829, 287
2026/09/22 22:09:14.724, 0, 12288, 11829, 287
2026/09/22 22:09:14.932, 0, 12288, 11829, 287
2026/09/22 22:09:15.139, 0, 12288, 11829, 287
2026/09/22 22:09:15.346, 0, 12288, 11829, 287
2026/09/22 22:09:15.553, 0, 12288, 11829, 287
2026/09/22 22:09:15.760, 0, 12288, 11829, 287
2026/09/22 22:09:15.967, 0, 12288, 11829, 287
2026/09/22 22:09:16.175, 0, 12288, 11829, 287
2026/09/22 22:09:16.381, 0, 12288, 11829, 287
2026/09/22 22:09:16.587, 0, 12288, 11829, 287
2026/09/22 22:09:16.795, 0, 12288, 11829, 287
2026/09/22 22:09:17.003, 0, 12288, 11829, 287
2026/09/22 22:09:17.211, 0, 12288, 11829, 287
2026/09/22 22:09:17.417, 0, 12288, 11829, 287
2026/09/22 22:09:17.625, 0, 12288, 11829, 287
2026/09/22 22:09:17.831, 0, 12288, 11829, 287
2026/09/22 22:09:18.039, 0, 12288, 11829, 287
2026/09/22 22:09:18.247, 0, 12288, 11829, 287
2026/09/22 22:09:18.455, 0, 12288, 11829, 287
2026/09/22 22:09:18.662, 0, 12288, 11829, 287
2026/09/22 22:09:18.869, 0, 12288, 11829, 287
2026/09/22 22:09:19.077, 0, 12288, 11829, 287
2026/09/22 22:09:19.285, 0, 12288, 11829, 287
2026/09/22 22:09:19.493, 0, 12288, 11829, 287
2026/09/22 22:09:19.700, 0, 12288, 11829, 287
2026/09/22 22:09:19.907, 0, 12288, 11829, 287
2026/09/22 22:09:20.114, 0, 12288, 11829, 287
2026/09/22 22:09:20.321, 0, 12288, 11829, 287
2026/09/22 22:09:20.529, 0, 12288, 11829, 287
2026/09/22 22:09:20.735, 0, 12288, 11829, 287
2026/09/22 22:09:20.941, 0, 12288, 11829, 287
2026/09/22 22:09:21.148, 0, 12288, 11829, 287
2026/09/22 22:09:21.356, 0, 12288, 11829, 287
2026/09/22 22:09:21.564, 0, 12288, 11829, 287
2026/09/22 22:09:21.768, 0, 12288, 11829, 287
2026/09/22 22:09:21.976, 0, 12288, 11829, 287
2026/09/22 22:09:22.184, 0, 12288, 11829, 287
2026/09/22 22:09:22.390, 0, 12288, 11829, 287
2026/09/22 22:09:22.597, 0, 12288, 11829, 287
2026/09/22 22:09:22.805, 0, 12288, 11829, 287
2026/09/22 22:09:23.013, 0, 12288, 11829, 287
2026/09/22 22:09:23.221, 0, 12288, 11829, 287
2026/09/22 22:09:23.427, 0, 12288, 11829, 287
2026/09/22 22:09:23.634, 0, 12288, 11829, 287
2026/09/22 22:09:23.840, 0, 12288, 11829, 287
2026/09/22 22:09:24.048, 0, 12288, 11829, 287
2026/09/22 22:09:24.255, 0, 12288, 11829, 287
2026/09/22 22:09:24.463, 0, 12288, 11829, 287
2026/09/22 22:09:24.671, 0, 12288, 11829, 287
2026/09/22 22:09:24.878, 0, 12288, 11829, 287
2026/09/22 22:09:25.086, 0, 12288, 11829, 287
2026/09/22 22:09:25.294, 0, 12288, 11829, 287
2026/09/22 22:09:25.500, 0, 12288, 11829, 287
2026/09/22 22:09:25.707, 0, 12288, 11829, 287
2026/09/22 22:09:25.914, 0, 12288, 11829, 287
2026/09/22 22:09:26.121, 0, 12288, 11829, 287
2026/09/22 22:09:26.328, 0, 12288, 11829, 287
2026/09/22 22:09:26.536, 0, 12288, 11829, 287
2026/09/22 22:09:26.743, 0, 12288, 11829, 287
2026/09/22 22:09:26.948, 0, 12288, 11829, 287
2026/09/22 22:09:27.153, 0, 12288, 11829, 287
2026/09/22 22:09:27.361, 0, 12288, 11829, 287
2026/09/22 22:09:27.565, 0, 12288, 11829, 287
2026/09/22 22:09:27.773, 0, 12288, 11829, 287
2026/09/22 22:09:27.980, 0, 12288, 11829, 287
2026/09/22 22:09:28.188, 0, 12288, 11829, 287
2026/09/22 22:09:28.396, 0, 12288, 11829, 287
2026/09/22 22:09:28.604, 0, 12288, 11829, 287
2026/09/22 22:09:28.812, 0, 12288, 11829, 287
2026/09/22 22:09:29.036, 0, 12288, 11829, 287
2026/09/22 22:09:29.243, 0, 12288, 11829, 287
2026/09/22 22:09:29.450, 0, 12288, 11829, 287
2026/09/22 22:09:29.658, 0, 12288, 11829, 287
2026/09/22 22:09:29.866, 0, 12288, 11829, 287
2026/09/22 22:09:30.074, 0, 12288, 11829, 287
2026/09/22 22:09:30.282, 0, 12288, 11829, 287
2026/09/22 22:09:30.489, 0, 12288, 11829, 287
2026/09/22 22:09:30.696, 0, 12288, 11829, 287
2026/09/22 22:09:30.903, 0, 12288, 11829, 287
2026/09/22 22:09:31.109, 0, 12288, 11829, 287
2026/09/22 22:09:31.316, 0, 12288, 11829, 287
2026/09/22 22:09:31.524, 0, 12288, 11829, 287
2026/09/22 22:09:31.729, 0, 12288, 11829, 287
2026/09/22 22:09:31.937, 0, 12288, 11829, 287
2026/09/22 22:09:32.145, 0, 12288, 11829, 287
2026/09/22 22:09:32.351, 0, 12288, 11829, 287
2026/09/22 22:09:32.559, 0, 12288, 11829, 287
2026/09/22 22:09:32.765, 0, 12288, 11829, 287
2026/09/22 22:09:32.971, 0, 12288, 11829, 287
2026/09/22 22:09:33.177, 0, 12288, 11829, 287
2026/09/22 22:09:33.385, 0, 12288, 11829, 287
2026/09/22 22:09:33.593, 0, 12288, 11829, 287
2026/09/22 22:09:33.801, 0, 12288, 11829, 287
2026/09/22 22:09:34.008, 0, 12288, 11829, 287
2026/09/22 22:09:34.216, 0, 12288, 11829, 287
2026/09/22 22:09:34.424, 0, 12288, 11829, 287
2026/09/22 22:09:34.630, 0, 12288, 11829, 287
2026/09/22 22:09:34.838, 0, 12288, 11829, 287
2026/09/22 22:09:35.045, 0, 12288, 11829, 287
2026/09/22 22:09:35.253, 0, 12288, 11829, 287
2026/09/22 22:09:35.459, 0, 12288, 11829, 287
2026/09/22 22:09:35.667, 0, 12288, 11829, 287
2026/09/22 22:09:35.875, 0, 12288, 11829, 287
2026/09/22 22:09:36.081, 0, 12288, 11829, 287
2026/09/22 22:09:36.284, 0, 12288, 11829, 287
2026/09/22 22:09:36.491, 0, 12288, 11829, 287
2026/09/22 22:09:36.698, 0, 12288, 11829, 287
2026/09/22 22:09:36.906, 0, 12288, 11829, 287
2026/09/22 22:09:37.112, 0, 12288, 11829, 287
2026/09/22 22:09:37.320, 0, 12288, 11829, 287
2026/09/22 22:09:37.527, 0, 12288, 11829, 287
2026/09/22 22:09:37.735, 0, 12288, 11829, 287
2026/09/22 22:09:37.939, 0, 12288, 11829, 287
2026/09/22 22:09:38.147, 0, 12288, 11829, 287
2026/09/22 22:09:38.355, 0, 12288, 11829, 287
2026/09/22 22:09:38.577, 0, 12288, 11829, 287
2026/09/22 22:09:38.784, 0, 12288, 11829, 287
2026/09/22 22:09:38.992, 0, 12288, 11829, 287
2026/09/22 22:09:39.199, 0, 12288, 11829, 287
2026/09/22 22:09:39.407, 0, 12288, 11829, 287
2026/09/22 22:09:39.613, 0, 12288, 11829, 287
2026/09/22 22:09:39.821, 0, 12288, 11829, 287
2026/09/22 22:09:40.029, 0, 12288, 11829, 287
2026/09/22 22:09:40.237, 0, 12288, 11829, 287
2026/09/22 22:09:40.445, 0, 12288, 11829, 287
2026/09/22 22:09:40.653, 0, 12288, 11829, 287
2026/09/22 22:09:40.860, 0, 12288, 11829, 287
2026/09/22 22:09:41.066, 0, 12288, 11829, 287
2026/09/22 22:09:41.274, 0, 12288, 11829, 287
2026/09/22 22:09:41.482, 0, 12288, 11829, 287
2026/09/22 22:09:41.690, 0, 12288, 11829, 287
2026/09/22 22:09:41.897, 0, 12288, 11829, 287
2026/09/22 22:09:42.105, 0, 12288, 11829, 287
2026/09/22 22:09:42.312, 0, 12288, 11829, 287
2026/09/22 22:09:42.520, 0, 12288, 11829, 287
2026/09/22 22:09:42.728, 0, 12288, 11829, 287
2026/09/22 22:09:42.935, 0, 12288, 11829, 287
2026/09/22 22:09:43.142, 0, 12288, 11829, 287
2026/09/22 22:09:43.349, 0, 12288, 11829, 287
2026/09/22 22:09:43.556, 0, 12288, 11829, 287
2026/09/22 22:09:43.764, 0, 12288, 11829, 287
2026/09/22 22:09:43.972, 0, 12288, 11829, 287
2026/09/22 22:09:44.180, 0, 12288, 11829, 287
2026/09/22 22:09:44.388, 0, 12288, 11829, 287
2026/09/22 22:09:44.596, 0, 12288, 11829, 287
2026/09/22 22:09:44.803, 0, 12288, 11829, 287
2026/09/22 22:09:45.011, 0, 12288, 11829, 287
2026/09/22 22:09:45.217, 0, 12288, 11829, 287
2026/09/22 22:09:45.424, 0, 12288, 11829, 287
2026/09/22 22:09:45.629, 0, 12288, 11829, 287
2026/09/22 22:09:45.836, 0, 12288, 11829, 287
2026/09/22 22:09:46.042, 0, 12288, 11829, 287
2026/09/22 22:09:46.248, 0, 12288, 11829, 287
2026/09/22 22:09:46.456, 0, 12288, 11829, 287
2026/09/22 22:09:46.660, 0, 12288, 11829, 287
2026/09/22 22:09:46.866, 0, 12288, 11829, 287
2026/09/22 22:09:47.074, 0, 12288, 11829, 287
2026/09/22 22:09:47.281, 0, 12288, 11829, 287
2026/09/22 22:09:47.487, 0, 12288, 11829, 287
2026/09/22 22:09:47.694, 0, 12288, 11829, 287
2026/09/22 22:09:47.902, 0, 12288, 11829, 287
2026/09/22 22:09:48.109, 0, 12288, 11829, 287
2026/09/22 22:09:48.317, 0, 12288, 11829, 287
2026/09/22 22:09:48.525, 0, 12288, 11829, 287
2026/09/22 22:09:48.731, 0, 12288, 11829, 287
2026/09/22 22:09:48.939, 0, 12288, 11829, 287
2026/09/22 22:09:49.147, 0, 12288, 11829, 287
2026/09/22 22:09:49.355, 0, 12288, 11829, 287
2026/09/22 22:09:49.563, 0, 12288, 11829, 287
2026/09/22 22:09:49.768, 0, 12288, 11829, 287
2026/09/22 22:09:49.976, 0, 12288, 11829, 287
2026/09/22 22:09:50.181, 0, 12288, 11829, 287
2026/09/22 22:09:50.388, 0, 12288, 11829, 287
2026/09/22 22:09:50.596, 0, 12288, 11829, 287
2026/09/22 22:09:50.804, 0, 12288, 11829, 287
2026/09/22 22:09:51.012, 0, 12288, 11829, 287
2026/09/22 22:09:51.219, 0, 12288, 11829, 287
2026/09/22 22:09:51.427, 0, 12288, 11829, 287
2026/09/22 22:09:51.635, 0, 12288, 11829, 287
2026/09/22 22:09:51.842, 0, 12288, 11829, 287
2026/09/22 22:09:52.049, 0, 12288, 11829, 287
2026/09/22 22:09:52.257, 0, 12288, 11829, 287
2026/09/22 22:09:52.464, 0, 12288, 11829, 287
2026/09/22 22:09:52.672, 0, 12288, 11829, 287
2026/09/22 22:09:52.879, 0, 12288, 11829, 287
2026/09/22 22:09:53.086, 0, 12288, 11829, 287
2026/09/22 22:09:53.294, 0, 12288, 11829, 287
2026/09/22 22:09:53.502, 0, 12288, 11829, 287
2026/09/22 22:09:53.707, 0, 12288, 11829, 287
2026/09/22 22:09:53.912, 0, 12288, 11829, 287
2026/09/22 22:09:54.119, 0, 12288, 11829, 287
2026/09/22 22:09:54.327, 0, 12288, 11829, 287
2026/09/22 22:09:54.534, 0, 12288, 11829, 287
2026/09/22 22:09:54.742, 0, 12288, 11829, 287
2026/09/22 22:09:54.948, 0, 12288, 11829, 287
2026/09/22 22:09:55.155, 0, 12288, 11829, 287
2026/09/22 22:09:55.361, 0, 12288, 11829, 287
2026/09/22 22:09:55.568, 0, 12288, 11829, 287
2026/09/22 22:09:55.776, 0, 12288, 11829, 287
2026/09/22 22:09:55.984, 0, 12288, 11829, 287
2026/09/22 22:09:56.192, 0, 12288, 11829, 287
2026/09/22 22:09:56.398, 0, 12288, 11829, 287
2026/09/22 22:09:56.606, 0, 12288, 11829, 287
2026/09/22 22:09:56.814, 0, 12288, 11829, 287
2026/09/22 22:09:57.022, 0, 12288, 11829, 287
2026/09/22 22:09:57.230, 0, 12288, 11829, 287
2026/09/22 22:09:57.438, 0, 12288, 11829, 287
2026/09/22 22:09:57.645, 0, 12288, 11829, 287
2026/09/22 22:09:57.853, 0, 12288, 11829, 287
2026/09/22 22:09:58.061, 0, 12288, 11829, 287
2026/09/22 22:09:58.269, 0, 12288, 11829, 287
2026/09/22 22:09:58.475, 0, 12288, 11829, 287
2026/09/22 22:09:58.682, 0, 12288, 11829, 287
2026/09/22 22:09:58.889, 0, 12288, 11829, 287
2026/09/22 22:09:59.096, 0, 12288, 11829, 287
2026/09/22 22:09:59.303, 0, 12288, 11829, 287
2026/09/22 22:09:59.509, 0, 12288, 11829, 287
2026/09/22 22:09:59.716, 0, 12288, 11829, 287
2026/09/22 22:09:59.924, 0, 12288, 11829, 287
2026/09/22 22:10:00.132, 0, 12288, 11829, 287
2026/09/22 22:10:00.339, 0, 12288, 11829, 287
2026/09/22 22:10:00.547, 0, 12288, 11829, 287
2026/09/22 22:10:00.755, 0, 12288, 11829, 287
2026/09/22 22:10:00.963, 0, 12288, 11829, 287
2026/09/22 22:10:01.171, 0, 12288, 11829, 287
2026/09/22 22:10:01.378, 0, 12288, 11829, 287
2026/09/22 22:10:01.584, 0, 12288, 11829, 287
2026/09/22 22:10:01.792, 0, 12288, 11829, 287
2026/09/22 22:10:01.999, 0, 12288, 11829, 287
2026/09/22 22:10:02.206, 0, 12288, 11829, 287
2026/09/22 22:10:02.413, 0, 12288, 11829, 287
2026/09/22 22:10:02.621, 0, 12288, 11829, 287
2026/09/22 22:10:02.828, 0, 12288, 11829, 287
2026/09/22 22:10:03.033, 0, 12288, 11829, 287
2026/09/22 22:10:03.239, 0, 12288, 11829, 287
2026/09/22 22:10:03.446, 0, 12288, 11829, 287
2026/09/22 22:10:03.654, 0, 12288, 11829, 287
2026/09/22 22:10:03.861, 0, 12288, 11829, 287
2026/09/22 22:10:04.065, 0, 12288, 11829, 287
2026/09/22 22:10:04.271, 0, 12288, 11829, 287
2026/09/22 22:10:04.478, 0, 12288, 11829, 287
2026/09/22 22:10:04.685, 0, 12288, 11829, 287
2026/09/22 22:10:04.893, 0, 12288, 11829, 287
2026/09/22 22:10:05.100, 0, 12288, 11829, 287
2026/09/22 22:10:05.308, 0, 12288, 11829, 287
2026/09/22 22:10:05.514, 0, 12288, 11829, 287
2026/09/22 22:10:05.722, 0, 12288, 11829, 287
2026/09/22 22:10:05.928, 0, 12288, 11829, 287
2026/09/22 22:10:06.135, 0, 12288, 11829, 287
2026/09/22 22:10:06.343, 0, 12288, 11829, 287
2026/09/22 22:10:06.550, 0, 12288, 11829, 287
2026/09/22 22:10:06.758, 0, 12288, 11829, 287
2026/09/22 22:10:06.966, 0, 12288, 11829, 287
2026/09/22 22:10:07.174, 0, 12288, 11829, 287
2026/09/22 22:10:07.382, 0, 12288, 11829, 287
2026/09/22 22:10:07.590, 0, 12288, 11829, 287
2026/09/22 22:10:07.797, 0, 12288, 11829, 287
2026/09/22 22:10:08.003, 0, 12288, 11829, 287
2026/09/22 22:10:08.211, 0, 12288, 11829, 287
2026/09/22 22:10:08.419, 0, 12288, 11829, 287
2026/09/22 22:10:08.627, 0, 12288, 11829, 287
2026/09/22 22:10:08.831, 0, 12288, 11829, 287
2026/09/22 22:10:09.037, 0, 12288, 11829, 287
2026/09/22 22:10:09.244, 0, 12288, 11829, 287
2026/09/22 22:10:09.451, 0, 12288, 11829, 287
2026/09/22 22:10:09.659, 0, 12288, 11829, 287
2026/09/22 22:10:09.867, 0, 12288, 11829, 287
2026/09/22 22:10:10.074, 0, 12288, 11829, 287
2026/09/22 22:10:10.281, 0, 12288, 11829, 287
2026/09/22 22:10:10.487, 0, 12288, 11829, 287
2026/09/22 22:10:10.695, 0, 12288, 11829, 287
2026/09/22 22:10:10.903, 0, 12288, 11829, 287
2026/09/22 22:10:11.109, 0, 12288, 11829, 287
2026/09/22 22:10:11.315, 0, 12288, 11829, 287
2026/09/22 22:10:11.523, 0, 12288, 11829, 287
2026/09/22 22:10:11.730, 0, 12288, 11829, 287
2026/09/22 22:10:11.937, 0, 12288, 11829, 287
2026/09/22 22:10:12.143, 0, 12288, 11829, 287
2026/09/22 22:10:12.351, 0, 12288, 11829, 287
2026/09/22 22:10:12.558, 0, 12288, 11829, 287
2026/09/22 22:10:12.766, 0, 12288, 11829, 287
2026/09/22 22:10:12.973, 0, 12288, 11829, 287
2026/09/22 22:10:13.180, 0, 12288, 11829, 287
2026/09/22 22:10:13.386, 0, 12288, 11829, 287
2026/09/22 22:10:13.594, 0, 12288, 11829, 287
2026/09/22 22:10:13.801, 0, 12288, 11829, 287
2026/09/22 22:10:14.025, 0, 12288, 11829, 287
2026/09/22 22:10:14.231, 0, 12288, 11829, 287
2026/09/22 22:10:14.438, 0, 12288, 11829, 287
2026/09/22 22:10:14.646, 0, 12288, 11829, 287
2026/09/22 22:10:14.854, 0, 12288, 11829, 287
2026/09/22 22:10:15.061, 0, 12288, 11829, 287
2026/09/22 22:10:15.268, 0, 12288, 11829, 287
2026/09/22 22:10:15.475, 0, 12288, 11829, 287
2026/09/22 22:10:15.683, 0, 12288, 11829, 287
2026/09/22 22:10:15.891, 0, 12288, 11829, 287
2026/09/22 22:10:16.097, 0, 12288, 11829, 287
2026/09/22 22:10:16.304, 0, 12288, 11829, 287
2026/09/22 22:10:16.511, 0, 12288, 11829, 287
2026/09/22 22:10:16.718, 0, 12288, 11829, 287
2026/09/22 22:10:16.925, 0, 12288, 11829, 287
2026/09/22 22:10:17.133, 0, 12288, 11829, 287
2026/09/22 22:10:17.340, 0, 12288, 11829, 287
2026/09/22 22:10:17.547, 0, 12288, 11829, 287
2026/09/22 22:10:17.753, 0, 12288, 11829, 287
2026/09/22 22:10:17.961, 0, 12288, 11829, 287
2026/09/22 22:10:18.167, 0, 12288, 11829, 287
2026/09/22 22:10:18.373, 0, 12288, 11829, 287
2026/09/22 22:10:18.580, 0, 12288, 11829, 287
2026/09/22 22:10:18.788, 0, 12288, 11829, 287
2026/09/22 22:10:18.996, 0, 12288, 11829, 287
2026/09/22 22:10:19.203, 0, 12288, 11829, 287
2026/09/22 22:10:19.409, 0, 12288, 11829, 287
2026/09/22 22:10:19.615, 0, 12288, 11829, 287
2026/09/22 22:10:19.821, 0, 12288, 11829, 287
2026/09/22 22:10:20.029, 0, 12288, 11829, 287
2026/09/22 22:10:20.237, 0, 12288, 11829, 287
2026/09/22 22:10:20.445, 0, 12288, 11829, 287
2026/09/22 22:10:20.652, 0, 12288, 11829, 287
2026/09/22 22:10:20.860, 0, 12288, 11829, 287
2026/09/22 22:10:21.066, 0, 12288, 11829, 287
2026/09/22 22:10:21.272, 0, 12288, 11829, 287
2026/09/22 22:10:21.480, 0, 12288, 11829, 287
2026/09/22 22:10:21.687, 0, 12288, 11829, 287
2026/09/22 22:10:21.893, 0, 12288, 11829, 287
2026/09/22 22:10:22.098, 0, 12288, 11829, 287
2026/09/22 22:10:22.304, 0, 12288, 11829, 287
2026/09/22 22:10:22.511, 0, 12288, 11829, 287
2026/09/22 22:10:22.717, 0, 12288, 11829, 287
2026/09/22 22:10:22.924, 0, 12288, 11829, 287
2026/09/22 22:10:23.130, 0, 12288, 11829, 287
2026/09/22 22:10:23.338, 0, 12288, 11829, 287
2026/09/22 22:10:23.546, 0, 12288, 11829, 287
2026/09/22 22:10:23.753, 0, 12288, 11829, 287
2026/09/22 22:10:23.961, 0, 12288, 11829, 287
2026/09/22 22:10:24.169, 0, 12288, 11829, 287
2026/09/22 22:10:24.376, 0, 12288, 11829, 287
2026/09/22 22:10:24.582, 0, 12288, 11829, 287
2026/09/22 22:10:24.789, 0, 12288, 11829, 287
2026/09/22 22:10:24.997, 0, 12288, 11829, 287
2026/09/22 22:10:25.205, 0, 12288, 11829, 287
2026/09/22 22:10:25.411, 0, 12288, 11829, 287
2026/09/22 22:10:25.619, 0, 12288, 11829, 287
2026/09/22 22:10:25.827, 0, 12288, 11829, 287
2026/09/22 22:10:26.033, 0, 12288, 11829, 287
2026/09/22 22:10:26.240, 0, 12288, 11829, 287
2026/09/22 22:10:26.448, 0, 12288, 11829, 287
2026/09/22 22:10:26.656, 0, 12288, 11829, 287
2026/09/22 22:10:26.864, 0, 12288, 11829, 287
2026/09/22 22:10:27.072, 0, 12288, 11829, 287
2026/09/22 22:10:27.280, 0, 12288, 11829, 287
2026/09/22 22:10:27.486, 0, 12288, 11829, 287
2026/09/22 22:10:27.694, 0, 12288, 11829, 287
2026/09/22 22:10:27.902, 0, 12288, 11829, 287
2026/09/22 22:10:28.110, 0, 12288, 11829, 287
2026/09/22 22:10:28.318, 0, 12288, 11829, 287
2026/09/22 22:10:28.525, 0, 12288, 11829, 287
2026/09/22 22:10:28.733, 0, 12288, 11829, 287
2026/09/22 22:10:28.939, 0, 12288, 11829, 287
2026/09/22 22:10:29.146, 0, 12288, 11829, 287
2026/09/22 22:10:29.353, 0, 12288, 11829, 287
2026/09/22 22:10:29.561, 0, 12288, 11829, 287
2026/09/22 22:10:29.768, 0, 12288, 11829, 287
2026/09/22 22:10:29.971, 0, 12288, 11829, 287
2026/09/22 22:10:30.177, 0, 12288, 11829, 287
2026/09/22 22:10:30.384, 0, 12288, 11829, 287
2026/09/22 22:10:30.592, 0, 12288, 11829, 287
2026/09/22 22:10:30.799, 0, 12288, 11829, 287
2026/09/22 22:10:31.007, 0, 12288, 11829, 287
2026/09/22 22:10:31.214, 0, 12288, 11829, 287
2026/09/22 22:10:31.422, 0, 12288, 11829, 287
2026/09/22 22:10:31.628, 0, 12288, 11829, 287
2026/09/22 22:10:31.836, 0, 12288, 11829, 287
2026/09/22 22:10:32.042, 0, 12288, 11829, 287
2026/09/22 22:10:32.250, 0, 12288, 11829, 287
2026/09/22 22:10:32.457, 0, 12288, 11829, 287
2026/09/22 22:10:32.665, 0, 12288, 11829, 287
2026/09/22 22:10:32.872, 0, 12288, 11829, 287
2026/09/22 22:10:33.080, 0, 12288, 11829, 287
2026/09/22 22:10:33.287, 0, 12288, 11829, 287
2026/09/22 22:10:33.495, 0, 12288, 11829, 287
2026/09/22 22:10:33.702, 0, 12288, 11829, 287
2026/09/22 22:10:33.908, 0, 12288, 11829, 287
2026/09/22 22:10:34.114, 0, 12288, 11829, 287
2026/09/22 22:10:34.319, 0, 12288, 11829, 287
2026/09/22 22:10:34.527, 0, 12288, 11829, 287
2026/09/22 22:10:34.734, 0, 12288, 11829, 287
2026/09/22 22:10:34.939, 0, 12288, 11829, 287
2026/09/22 22:10:35.143, 0, 12288, 11829, 287
2026/09/22 22:10:35.348, 0, 12288, 11829, 287
2026/09/22 22:10:35.555, 0, 12288, 11829, 287
2026/09/22 22:10:35.762, 0, 12288, 11829, 287
2026/09/22 22:10:35.969, 0, 12288, 11829, 287
2026/09/22 22:10:36.176, 0, 12288, 11829, 287
2026/09/22 22:10:36.382, 0, 12288, 11829, 287
2026/09/22 22:10:36.588, 0, 12288, 11829, 287
2026/09/22 22:10:36.795, 0, 12288, 11829, 287
2026/09/22 22:10:37.003, 0, 12288, 11829, 287
2026/09/22 22:10:37.210, 0, 12288, 11829, 287
2026/09/22 22:10:37.416, 0, 12288, 11829, 287
2026/09/22 22:10:37.623, 0, 12288, 11829, 287
2026/09/22 22:10:37.830, 0, 12288, 11829, 287
2026/09/22 22:10:38.037, 0, 12288, 11829, 287
2026/09/22 22:10:38.245, 0, 12288, 11829, 287
2026/09/22 22:10:38.453, 0, 12288, 11829, 287
2026/09/22 22:10:38.661, 0, 12288, 11829, 287
2026/09/22 22:10:38.869, 0, 12288, 11829, 287
2026/09/22 22:10:39.077, 0, 12288, 11829, 287
2026/09/22 22:10:39.284, 0, 12288, 11829, 287
2026/09/22 22:10:39.492, 0, 12288, 11829, 287
2026/09/22 22:10:39.699, 0, 12288, 11829, 287
2026/09/22 22:10:39.907, 0, 12288, 11829, 287
2026/09/22 22:10:40.115, 0, 12288, 11829, 287
2026/09/22 22:10:40.320, 0, 12288, 11829, 287
2026/09/22 22:10:40.528, 0, 12288, 11829, 287
2026/09/22 22:10:40.733, 0, 12288, 11829, 287
2026/09/22 22:10:40.940, 0, 12288, 11829, 287
2026/09/22 22:10:41.148, 0, 12288, 11829, 287
2026/09/22 22:10:41.354, 0, 12288, 11829, 287
2026/09/22 22:10:41.561, 0, 12288, 11829, 287
2026/09/22 22:10:41.769, 0, 12288, 11829, 287
2026/09/22 22:10:41.977, 0, 12288, 11829, 287
2026/09/22 22:10:42.185, 0, 12288, 11829, 287
2026/09/22 22:10:42.393, 0, 12288, 11829, 287
2026/09/22 22:10:42.598, 0, 12288, 11829, 287
2026/09/22 22:10:42.805, 0, 12288, 11829, 287
2026/09/22 22:10:43.012, 0, 12288, 11829, 287
2026/09/22 22:10:43.220, 0, 12288, 11829, 287
2026/09/22 22:10:43.426, 0, 12288, 11829, 287
2026/09/22 22:10:43.634, 0, 12288, 11829, 287
2026/09/22 22:10:43.841, 0, 12288, 11829, 287
2026/09/22 22:10:44.048, 0, 12288, 11829, 287
2026/09/22 22:10:44.255, 0, 12288, 11829, 287
2026/09/22 22:10:44.463, 0, 12288, 11829, 287
2026/09/22 22:10:44.670, 0, 12288, 11829, 287
2026/09/22 22:10:44.878, 0, 12288, 11829, 287
2026/09/22 22:10:45.083, 0, 12288, 11829, 287
2026/09/22 22:10:45.289, 0, 12288, 11829, 287
2026/09/22 22:10:45.495, 0, 12288, 11829, 287
2026/09/22 22:10:45.702, 0, 12288, 11829, 287
2026/09/22 22:10:45.906, 0, 12288, 11829, 287
2026/09/22 22:10:46.113, 0, 12288, 11829, 287
2026/09/22 22:10:46.320, 0, 12288, 11829, 287
2026/09/22 22:10:46.528, 0, 12288, 11829, 287
2026/09/22 22:10:46.736, 0, 12288, 11829, 287
2026/09/22 22:10:46.939, 0, 12288, 11829, 287
2026/09/22 22:10:47.147, 0, 12288, 11829, 287
2026/09/22 22:10:47.354, 0, 12288, 11829, 287
2026/09/22 22:10:47.561, 0, 12288, 11829, 287
2026/09/22 22:10:47.768, 0, 12288, 11829, 287
2026/09/22 22:10:47.976, 0, 12288, 11829, 287
2026/09/22 22:10:48.184, 0, 12288, 11829, 287
2026/09/22 22:10:48.389, 0, 12288, 11829, 287
2026/09/22 22:10:48.597, 0, 12288, 11829, 287
2026/09/22 22:10:48.805, 0, 12288, 11829, 287
2026/09/22 22:10:49.013, 0, 12288, 11829, 287
2026/09/22 22:10:49.221, 0, 12288, 11829, 287
2026/09/22 22:10:49.429, 0, 12288, 11829, 287
2026/09/22 22:10:49.636, 0, 12288, 11829, 287
2026/09/22 22:10:49.844, 0, 12288, 11829, 287
2026/09/22 22:10:50.049, 0, 12288, 11829, 287
2026/09/22 22:10:50.256, 0, 12288, 11829, 287
2026/09/22 22:10:50.464, 0, 12288, 11829, 287
2026/09/22 22:10:50.670, 0, 12288, 11829, 287
2026/09/22 22:10:50.877, 0, 12288, 11829, 287
2026/09/22 22:10:51.081, 0, 12288, 11829, 287
2026/09/22 22:10:51.288, 0, 12288, 11829, 287
2026/09/22 22:10:51.494, 0, 12288, 11829, 287
2026/09/22 22:10:51.701, 0, 12288, 11829, 287
2026/09/22 22:10:51.909, 0, 12288, 11829, 287
2026/09/22 22:10:52.112, 0, 12288, 11829, 287
2026/09/22 22:10:52.319, 0, 12288, 11829, 287
2026/09/22 22:10:52.526, 0, 12288, 11829, 287
2026/09/22 22:10:52.733, 0, 12288, 11829, 287
2026/09/22 22:10:52.939, 0, 12288, 11829, 287
2026/09/22 22:10:53.143, 0, 12288, 11829, 287
2026/09/22 22:10:53.349, 0, 12288, 11829, 287
2026/09/22 22:10:53.557, 0, 12288, 11829, 287
2026/09/22 22:10:53.764, 0, 12288, 11829, 287
2026/09/22 22:10:53.971, 0, 12288, 11829, 287
2026/09/22 22:10:54.179, 0, 12288, 11829, 287
2026/09/22 22:10:54.386, 0, 12288, 11829, 287
2026/09/22 22:10:54.592, 0, 12288, 11829, 287
2026/09/22 22:10:54.799, 0, 12288, 11829, 287
2026/09/22 22:10:55.007, 0, 12288, 11829, 287
2026/09/22 22:10:55.213, 0, 12288, 11829, 287
2026/09/22 22:10:55.420, 0, 12288, 11829, 287
2026/09/22 22:10:55.627, 0, 12288, 11829, 287
2026/09/22 22:10:55.835, 0, 12288, 11829, 287
2026/09/22 22:10:56.041, 0, 12288, 11829, 287
2026/09/22 22:10:56.248, 0, 12288, 11829, 287
2026/09/22 22:10:56.456, 0, 12288, 11829, 287
2026/09/22 22:10:56.663, 0, 12288, 11829, 287
2026/09/22 22:10:56.869, 0, 12288, 11829, 287
2026/09/22 22:10:57.076, 0, 12288, 11829, 287
2026/09/22 22:10:57.284, 0, 12288, 11829, 287
2026/09/22 22:10:57.492, 0, 12288, 11829, 287
2026/09/22 22:10:57.699, 0, 12288, 11829, 287
2026/09/22 22:10:57.907, 0, 12288, 11829, 287
2026/09/22 22:10:58.113, 0, 12288, 11829, 287
2026/09/22 22:10:58.321, 0, 12288, 11829, 287
2026/09/22 22:10:58.529, 0, 12288, 11829, 287
2026/09/22 22:10:58.735, 0, 12288, 11829, 287
2026/09/22 22:10:58.943, 0, 12288, 11829, 287
2026/09/22 22:10:59.151, 0, 12288, 11829, 287
2026/09/22 22:10:59.357, 0, 12288, 11829, 287
2026/09/22 22:10:59.565, 0, 12288, 11829, 287
2026/09/22 22:10:59.773, 0, 12288, 11829, 287
2026/09/22 22:10:59.979, 0, 12288, 11829, 287
2026/09/22 22:11:00.185, 0, 12288, 11829, 287
2026/09/22 22:11:00.393, 0, 12288, 11829, 287
2026/09/22 22:11:00.601, 0, 12288, 11829, 287
2026/09/22 22:11:00.807, 0, 12288, 11829, 287
2026/09/22 22:11:01.015, 0, 12288, 11829, 287
2026/09/22 22:11:01.223, 0, 12288, 11829, 287
2026/09/22 22:11:01.431, 0, 12288, 11829, 287
2026/09/22 22:11:01.639, 0, 12288, 11829, 287
2026/09/22 22:11:01.845, 0, 12288, 11829, 287
2026/09/22 22:11:02.051, 0, 12288, 11829, 287
2026/09/22 22:11:02.259, 0, 12288, 11829, 287
2026/09/22 22:11:02.467, 0, 12288, 11829, 287
2026/09/22 22:11:02.675, 0, 12288, 11829, 287
2026/09/22 22:11:02.883, 0, 12288, 11829, 287
2026/09/22 22:11:03.089, 0, 12288, 11829, 287
2026/09/22 22:11:03.297, 0, 12288, 11829, 287
2026/09/22 22:11:03.502, 0, 12288, 11829, 287
2026/09/22 22:11:03.710, 0, 12288, 11829, 287
2026/09/22 22:11:03.917, 0, 12288, 11829, 287
2026/09/22 22:11:04.125, 0, 12288, 11829, 287
2026/09/22 22:11:04.333, 0, 12288, 11829, 287
2026/09/22 22:11:04.539, 0, 12288, 11829, 287
2026/09/22 22:11:04.747, 0, 12288, 11829, 287
2026/09/22 22:11:04.954, 0, 12288, 11829, 287
2026/09/22 22:11:05.162, 0, 12288, 11829, 287
2026/09/22 22:11:05.368, 0, 12288, 11829, 287
2026/09/22 22:11:05.576, 0, 12288, 11829, 287
2026/09/22 22:11:05.783, 0, 12288, 11829, 287
2026/09/22 22:11:05.989, 0, 12288, 11829, 287
2026/09/22 22:11:06.197, 0, 12288, 11829, 287
2026/09/22 22:11:06.404, 0, 12288, 11829, 287
2026/09/22 22:11:06.611, 0, 12288, 11829, 287
2026/09/22 22:11:06.818, 0, 12288, 11829, 287
2026/09/22 22:11:07.025, 0, 12288, 11829, 287
2026/09/22 22:11:07.233, 0, 12288, 11829, 287
2026/09/22 22:11:07.441, 0, 12288, 11829, 287
2026/09/22 22:11:07.648, 0, 12288, 11829, 287
2026/09/22 22:11:07.856, 0, 12288, 11829, 287
2026/09/22 22:11:08.064, 0, 12288, 11829, 287
2026/09/22 22:11:08.272, 0, 12288, 11829, 287
2026/09/22 22:11:08.480, 0, 12288, 11829, 287
2026/09/22 22:11:08.687, 0, 12288, 11829, 287
2026/09/22 22:11:08.893, 0, 12288, 11829, 287
2026/09/22 22:11:09.098, 0, 12288, 11829, 287
2026/09/22 22:11:09.304, 0, 12288, 11829, 287
2026/09/22 22:11:09.512, 0, 12288, 11829, 287
2026/09/22 22:11:09.720, 0, 12288, 11829, 287
2026/09/22 22:11:09.927, 0, 12288, 11829, 287
2026/09/22 22:11:10.134, 0, 12288, 11829, 287
2026/09/22 22:11:10.340, 0, 12288, 11829, 287
2026/09/22 22:11:10.548, 0, 12288, 11829, 287
2026/09/22 22:11:10.756, 0, 12288, 11829, 287
2026/09/22 22:11:10.964, 0, 12288, 11829, 287
2026/09/22 22:11:11.172, 0, 12288, 11829, 287
2026/09/22 22:11:11.378, 0, 12288, 11829, 287
2026/09/22 22:11:11.584, 0, 12288, 11829, 287
2026/09/22 22:11:11.792, 0, 12288, 11829, 287
2026/09/22 22:11:12.000, 0, 12288, 11829, 287
2026/09/22 22:11:12.205, 0, 12288, 11829, 287
2026/09/22 22:11:12.412, 0, 12288, 11829, 287
2026/09/22 22:11:12.620, 0, 12288, 11829, 287
2026/09/22 22:11:12.828, 0, 12288, 11829, 287
2026/09/22 22:11:13.036, 0, 12288, 11829, 287
2026/09/22 22:11:13.244, 0, 12288, 11829, 287
2026/09/22 22:11:13.451, 0, 12288, 11829, 287
2026/09/22 22:11:13.656, 0, 12288, 11829, 287
2026/09/22 22:11:13.864, 0, 12288, 11829, 287
2026/09/22 22:11:14.071, 0, 12288, 11829, 287
2026/09/22 22:11:14.279, 0, 12288, 11829, 287
2026/09/22 22:11:14.487, 0, 12288, 11829, 287
2026/09/22 22:11:14.693, 0, 12288, 11829, 287
2026/09/22 22:11:14.898, 0, 12288, 11829, 287
2026/09/22 22:11:15.105, 0, 12288, 11829, 287
2026/09/22 22:11:15.313, 0, 12288, 11829, 287
2026/09/22 22:11:15.519, 0, 12288, 11829, 287
2026/09/22 22:11:15.727, 0, 12288, 11829, 287
2026/09/22 22:11:15.934, 0, 12288, 11829, 287
2026/09/22 22:11:16.141, 0, 12288, 11829, 287
2026/09/22 22:11:16.349, 0, 12288, 11829, 287
2026/09/22 22:11:16.557, 0, 12288, 11829, 287
2026/09/22 22:11:16.765, 0, 12288, 11829, 287
2026/09/22 22:11:16.973, 0, 12288, 11829, 287
2026/09/22 22:11:17.180, 0, 12288, 11829, 287
2026/09/22 22:11:17.388, 0, 12288, 11829, 287
2026/09/22 22:11:17.595, 0, 12288, 11829, 287
2026/09/22 22:11:17.803, 0, 12288, 11829, 287
2026/09/22 22:11:18.011, 0, 12288, 11829, 287
2026/09/22 22:11:18.218, 0, 12288, 11829, 287
2026/09/22 22:11:18.423, 0, 12288, 11829, 287
2026/09/22 22:11:18.630, 0, 12288, 11829, 287
2026/09/22 22:11:18.837, 0, 12288, 11829, 287
2026/09/22 22:11:19.044, 0, 12288, 11829, 287
2026/09/22 22:11:19.251, 0, 12288, 11829, 287
2026/09/22 22:11:19.458, 0, 12288, 11829, 287
2026/09/22 22:11:19.664, 0, 12288, 11829, 287
2026/09/22 22:11:19.872, 0, 12288, 11829, 287
2026/09/22 22:11:20.079, 0, 12288, 11829, 287
2026/09/22 22:11:20.287, 0, 12288, 11829, 287
2026/09/22 22:11:20.494, 0, 12288, 11829, 287
2026/09/22 22:11:20.701, 0, 12288, 11829, 287
2026/09/22 22:11:20.908, 0, 12288, 11829, 287
2026/09/22 22:11:21.115, 0, 12288, 11829, 287
2026/09/22 22:11:21.322, 0, 12288, 11829, 287
2026/09/22 22:11:21.529, 0, 12288, 11829, 287
2026/09/22 22:11:21.737, 0, 12288, 11829, 287
2026/09/22 22:11:21.945, 0, 12288, 11829, 287
2026/09/22 22:11:22.153, 0, 12288, 11829, 287
2026/09/22 22:11:22.361, 0, 12288, 11829, 287
2026/09/22 22:11:22.569, 0, 12288, 11829, 287
2026/09/22 22:11:22.777, 0, 12288, 11829, 287
2026/09/22 22:11:22.983, 0, 12288, 11829, 287
2026/09/22 22:11:23.191, 0, 12288, 11829, 287
2026/09/22 22:11:23.399, 0, 12288, 11829, 287
2026/09/22 22:11:23.606, 0, 12288, 11829, 287
2026/09/22 22:11:23.814, 0, 12288, 11829, 287
2026/09/22 22:11:24.019, 0, 12288, 11829, 287
2026/09/22 22:11:24.225, 0, 12288, 11829, 287
2026/09/22 22:11:24.431, 0, 12288, 11829, 287
2026/09/22 22:11:24.638, 0, 12288, 11829, 287
2026/09/22 22:11:24.845, 0, 12288, 11829, 287
2026/09/22 22:11:25.049, 0, 12288, 11829, 287
2026/09/22 22:11:25.257, 0, 12288, 11829, 287
2026/09/22 22:11:25.464, 0, 12288, 11829, 287
2026/09/22 22:11:25.672, 0, 12288, 11829, 287
2026/09/22 22:11:25.880, 0, 12288, 11829, 287
2026/09/22 22:11:26.086, 0, 12288, 11829, 287
2026/09/22 22:11:26.294, 0, 12288, 11829, 287
2026/09/22 22:11:26.501, 0, 12288, 11829, 287
2026/09/22 22:11:26.709, 0, 12288, 11829, 287
2026/09/22 22:11:26.917, 0, 12288, 11829, 287
2026/09/22 22:11:27.125, 0, 12288, 11829, 287
2026/09/22 22:11:27.333, 0, 12288, 11829, 287
2026/09/22 22:11:27.541, 0, 12288, 11829, 287
2026/09/22 22:11:27.748, 0, 12288, 11829, 287
2026/09/22 22:11:27.954, 0, 12288, 11829, 287
2026/09/22 22:11:28.161, 0, 12288, 11829, 287
2026/09/22 22:11:28.368, 0, 12288, 11829, 287
2026/09/22 22:11:28.576, 0, 12288, 11829, 287
2026/09/22 22:11:28.783, 0, 12288, 11829, 287
2026/09/22 22:11:28.987, 0, 12288, 11829, 287
2026/09/22 22:11:29.194, 0, 12288, 11829, 287
2026/09/22 22:11:29.401, 0, 12288, 11829, 287
2026/09/22 22:11:29.608, 0, 12288, 11829, 287
2026/09/22 22:11:29.815, 0, 12288, 11829, 287
2026/09/22 22:11:30.023, 0, 12288, 11829, 287
2026/09/22 22:11:30.230, 0, 12288, 11829, 287
2026/09/22 22:11:30.437, 0, 12288, 11829, 287
2026/09/22 22:11:30.645, 0, 12288, 11829, 287
2026/09/22 22:11:30.854, 0, 12288, 11829, 287
2026/09/22 22:11:31.062, 0, 12288, 11829, 287
2026/09/22 22:11:31.268, 0, 12288, 11829, 287
2026/09/22 22:11:31.476, 0, 12288, 11829, 287
2026/09/22 22:11:31.683, 0, 12288, 11829, 287
2026/09/22 22:11:31.891, 0, 12288, 11829, 287
2026/09/22 22:11:32.098, 0, 12288, 11829, 287
2026/09/22 22:11:32.305, 0, 12288, 11829, 287
2026/09/22 22:11:32.513, 0, 12288, 11829, 287
2026/09/22 22:11:32.720, 0, 12288, 11829, 287
2026/09/22 22:11:32.927, 0, 12288, 11829, 287
2026/09/22 22:11:33.134, 0, 12288, 11829, 287
2026/09/22 22:11:33.342, 0, 12288, 11829, 287
2026/09/22 22:11:33.548, 0, 12288, 11829, 287
2026/09/22 22:11:33.756, 0, 12288, 11829, 287
2026/09/22 22:11:33.963, 0, 12288, 11829, 287
2026/09/22 22:11:34.170, 0, 12288, 11829, 287
2026/09/22 22:11:34.377, 0, 12288, 11829, 287
2026/09/22 22:11:34.585, 0, 12288, 11829, 287
2026/09/22 22:11:34.793, 0, 12288, 11829, 287
2026/09/22 22:11:35.001, 0, 12288, 11829, 287
2026/09/22 22:11:35.208, 0, 12288, 11829, 287
2026/09/22 22:11:35.415, 0, 12288, 11829, 287
2026/09/22 22:11:35.622, 0, 12288, 11829, 287
2026/09/22 22:11:35.830, 0, 12288, 11829, 287
2026/09/22 22:11:36.034, 0, 12288, 11829, 287
2026/09/22 22:11:36.242, 0, 12288, 11829, 287
2026/09/22 22:11:36.449, 0, 12288, 11829, 287
2026/09/22 22:11:36.657, 0, 12288, 11829, 287
2026/09/22 22:11:36.865, 0, 12288, 11829, 287
2026/09/22 22:11:37.073, 0, 12288, 11829, 287
2026/09/22 22:11:37.280, 0, 12288, 11829, 287
2026/09/22 22:11:37.486, 0, 12288, 11829, 287
2026/09/22 22:11:37.693, 0, 12288, 11829, 287
2026/09/22 22:11:37.901, 0, 12288, 11829, 287
2026/09/22 22:11:38.107, 0, 12288, 11829, 287
2026/09/22 22:11:38.315, 0, 12288, 11829, 287
2026/09/22 22:11:38.538, 0, 12288, 11829, 287
2026/09/22 22:11:38.745, 0, 12288, 11829, 287
2026/09/22 22:11:38.952, 0, 12288, 11829, 287
2026/09/22 22:11:39.159, 0, 12288, 11829, 287
2026/09/22 22:11:39.366, 0, 12288, 11829, 287
2026/09/22 22:11:39.571, 0, 12288, 11829, 287
2026/09/22 22:11:39.778, 0, 12288, 11829, 287
2026/09/22 22:11:39.986, 0, 12288, 11829, 287
2026/09/22 22:11:40.192, 0, 12288, 11829, 287
2026/09/22 22:11:40.400, 0, 12288, 11829, 287
2026/09/22 22:11:40.607, 0, 12288, 11829, 287
2026/09/22 22:11:40.813, 0, 12288, 11829, 287
2026/09/22 22:11:41.017, 0, 12288, 11829, 287
2026/09/22 22:11:41.223, 0, 12288, 11829, 287
2026/09/22 22:11:41.430, 0, 12288, 11829, 287
2026/09/22 22:11:41.638, 0, 12288, 11829, 287
2026/09/22 22:11:41.846, 0, 12288, 11829, 287
2026/09/22 22:11:42.054, 0, 12288, 11829, 287
2026/09/22 22:11:42.261, 0, 12288, 11829, 287
2026/09/22 22:11:42.469, 0, 12288, 11829, 287
2026/09/22 22:11:42.673, 0, 12288, 11829, 287
2026/09/22 22:11:42.877, 0, 12288, 11829, 287
2026/09/22 22:11:43.083, 0, 12288, 11829, 287
2026/09/22 22:11:43.289, 0, 12288, 11829, 287
2026/09/22 22:11:43.497, 0, 12288, 11829, 287
2026/09/22 22:11:43.704, 0, 12288, 11829, 287
2026/09/22 22:11:43.908, 0, 12288, 11829, 287
2026/09/22 22:11:44.113, 0, 12288, 11829, 287
2026/09/22 22:11:44.320, 0, 12288, 11829, 287
2026/09/22 22:11:44.527, 0, 12288, 11829, 287
2026/09/22 22:11:44.734, 0, 12288, 11829, 287
2026/09/22 22:11:44.941, 0, 12288, 11829, 287
2026/09/22 22:11:45.149, 0, 12288, 11829, 287
2026/09/22 22:11:45.357, 0, 12288, 11829, 287
2026/09/22 22:11:45.563, 0, 12288, 11829, 287
2026/09/22 22:11:45.769, 0, 12288, 11829, 287
2026/09/22 22:11:45.975, 0, 12288, 11829, 287
2026/09/22 22:11:46.180, 0, 12288, 11829, 287
2026/09/22 22:11:46.387, 0, 12288, 11829, 287
2026/09/22 22:11:46.594, 0, 12288, 11829, 287
2026/09/22 22:11:46.799, 0, 12288, 11829, 287
2026/09/22 22:11:47.004, 0, 12288, 11829, 287
2026/09/22 22:11:47.211, 0, 12288, 11829, 287
2026/09/22 22:11:47.416, 0, 12288, 11829, 287
2026/09/22 22:11:47.624, 0, 12288, 11829, 287
2026/09/22 22:11:47.830, 0, 12288, 11829, 287
2026/09/22 22:11:48.038, 0, 12288, 11829, 287
2026/09/22 22:11:48.245, 0, 12288, 11829, 287
2026/09/22 22:11:48.453, 0, 12288, 11829, 287
2026/09/22 22:11:48.660, 0, 12288, 11829, 287
2026/09/22 22:11:48.868, 0, 12288, 11829, 287
2026/09/22 22:11:49.075, 0, 12288, 11829, 287
2026/09/22 22:11:49.283, 0, 12288, 11829, 287
2026/09/22 22:11:49.491, 0, 12288, 11829, 287
2026/09/22 22:11:49.699, 0, 12288, 11829, 287
2026/09/22 22:11:49.907, 0, 12288, 11829, 287
2026/09/22 22:11:50.113, 0, 12288, 11829, 287
2026/09/22 22:11:50.320, 0, 12288, 11829, 287
2026/09/22 22:11:50.528, 0, 12288, 11829, 287
2026/09/22 22:11:50.736, 0, 12288, 11829, 287
2026/09/22 22:11:50.943, 0, 12288, 11829, 287
2026/09/22 22:11:51.151, 0, 12288, 11829, 287
2026/09/22 22:11:51.358, 0, 12288, 11829, 287
2026/09/22 22:11:51.566, 0, 12288, 11829, 287
2026/09/22 22:11:51.773, 0, 12288, 11829, 287
2026/09/22 22:11:51.981, 0, 12288, 11829, 287
2026/09/22 22:11:52.186, 0, 12288, 11829, 287
2026/09/22 22:11:52.393, 0, 12288, 11829, 287
2026/09/22 22:11:52.600, 0, 12288, 11829, 287
2026/09/22 22:11:52.808, 0, 12288, 11829, 287
2026/09/22 22:11:53.014, 0, 12288, 11829, 287
2026/09/22 22:11:53.221, 0, 12288, 11829, 287
2026/09/22 22:11:53.428, 0, 12288, 11829, 287
2026/09/22 22:11:53.636, 0, 12288, 11829, 287
2026/09/22 22:11:53.844, 0, 12288, 11829, 287
2026/09/22 22:11:54.050, 0, 12288, 11829, 287
2026/09/22 22:11:54.257, 0, 12288, 11829, 287
2026/09/22 22:11:54.464, 0, 12288, 11829, 287
2026/09/22 22:11:54.672, 0, 12288, 11829, 287
2026/09/22 22:11:54.880, 0, 12288, 11829, 287
2026/09/22 22:11:55.088, 0, 12288, 11829, 287
2026/09/22 22:11:55.296, 0, 12288, 11829, 287
2026/09/22 22:11:55.503, 0, 12288, 11829, 287
2026/09/22 22:11:55.710, 0, 12288, 11829, 287
2026/09/22 22:11:55.917, 0, 12288, 11829, 287
2026/09/22 22:11:56.124, 0, 12288, 11829, 287
2026/09/22 22:11:56.332, 0, 12288, 11829, 287
2026/09/22 22:11:56.539, 0, 12288, 11829, 287
2026/09/22 22:11:56.745, 0, 12288, 11829, 287
2026/09/22 22:11:56.953, 0, 12288, 11829, 287
2026/09/22 22:11:57.160, 0, 12288, 11829, 287
2026/09/22 22:11:57.368, 0, 12288, 11829, 287
2026/09/22 22:11:57.575, 0, 12288, 11829, 287
2026/09/22 22:11:57.783, 0, 12288, 11829, 287
2026/09/22 22:11:57.989, 0, 12288, 11829, 287
2026/09/22 22:11:58.196, 0, 12288, 11829, 287
2026/09/22 22:11:58.404, 0, 12288, 11829, 287
2026/09/22 22:11:58.611, 0, 12288, 11829, 287
2026/09/22 22:11:58.815, 0, 12288, 11829, 287
2026/09/22 22:11:59.020, 0, 12288, 11829, 287
2026/09/22 22:11:59.227, 0, 12288, 11829, 287
2026/09/22 22:11:59.435, 0, 12288, 11829, 287
2026/09/22 22:11:59.642, 0, 12288, 11829, 287
2026/09/22 22:11:59.849, 0, 12288, 11829, 287
2026/09/22 22:12:00.057, 0, 12288, 11829, 287
2026/09/22 22:12:00.265, 0, 12288, 11829, 287
2026/09/22 22:12:00.473, 0, 12288, 11829, 287
2026/09/22 22:12:00.681, 0, 12288, 11829, 287
2026/09/22 22:12:00.889, 0, 12288, 11829, 287
2026/09/22 22:12:01.096, 0, 12288, 11829, 287
2026/09/22 22:12:01.300, 0, 12288, 11829, 287
2026/09/22 22:12:01.508, 0, 12288, 11829, 287
2026/09/22 22:12:01.715, 0, 12288, 11829, 287
2026/09/22 22:12:01.923, 0, 12288, 11829, 287
2026/09/22 22:12:02.130, 0, 12288, 11829, 287
2026/09/22 22:12:02.338, 0, 12288, 11829, 287
2026/09/22 22:12:02.546, 0, 12288, 11829, 287
2026/09/22 22:12:02.753, 0, 12288, 11829, 287
2026/09/22 22:12:02.961, 0, 12288, 11829, 287
2026/09/22 22:12:03.169, 0, 12288, 11829, 287
2026/09/22 22:12:03.377, 0, 12288, 11829, 287
2026/09/22 22:12:03.582, 0, 12288, 11829, 287
2026/09/22 22:12:03.789, 0, 12288, 11829, 287
2026/09/22 22:12:03.998, 0, 12288, 11829, 287
2026/09/22 22:12:04.206, 0, 12288, 11829, 287
2026/09/22 22:12:04.414, 0, 12288, 11829, 287
2026/09/22 22:12:04.621, 0, 12288, 11829, 287
2026/09/22 22:12:04.828, 0, 12288, 11829, 287
2026/09/22 22:12:05.035, 0, 12288, 11829, 287
2026/09/22 22:12:05.243, 0, 12288, 11829, 287
2026/09/22 22:12:05.449, 0, 12288, 11829, 287
2026/09/22 22:12:05.657, 0, 12288, 11829, 287
2026/09/22 22:12:05.864, 0, 12288, 11829, 287
2026/09/22 22:12:06.068, 0, 12288, 11829, 287
2026/09/22 22:12:06.276, 0, 12288, 11829, 287
2026/09/22 22:12:06.484, 0, 12288, 11829, 287
2026/09/22 22:12:06.691, 0, 12288, 11829, 287
2026/09/22 22:12:06.898, 0, 12288, 11829, 287
2026/09/22 22:12:07.106, 0, 12288, 11829, 287
2026/09/22 22:12:07.314, 0, 12288, 11829, 287
2026/09/22 22:12:07.521, 0, 12288, 11829, 287
2026/09/22 22:12:07.728, 0, 12288, 11829, 287
2026/09/22 22:12:07.935, 0, 12288, 11829, 287
2026/09/22 22:12:08.143, 0, 12288, 11829, 287
2026/09/22 22:12:08.351, 0, 12288, 11829, 287
2026/09/22 22:12:08.559, 0, 12288, 11829, 287
2026/09/22 22:12:08.766, 0, 12288, 11829, 287
2026/09/22 22:12:08.973, 0, 12288, 11829, 287
2026/09/22 22:12:09.181, 0, 12288, 11829, 287
2026/09/22 22:12:09.388, 0, 12288, 11829, 287
2026/09/22 22:12:09.595, 0, 12288, 11829, 287
2026/09/22 22:12:09.801, 0, 12288, 11829, 287
2026/09/22 22:12:10.008, 0, 12288, 11829, 287
2026/09/22 22:12:10.215, 0, 12288, 11829, 287
2026/09/22 22:12:10.423, 0, 12288, 11829, 287
2026/09/22 22:12:10.627, 0, 12288, 11829, 287
2026/09/22 22:12:10.833, 0, 12288, 11829, 287
2026/09/22 22:12:11.041, 0, 12288, 11829, 287
2026/09/22 22:12:11.247, 0, 12288, 11829, 287
2026/09/22 22:12:11.455, 0, 12288, 11829, 287
2026/09/22 22:12:11.661, 0, 12288, 11829, 287
2026/09/22 22:12:11.868, 0, 12288, 11829, 287
2026/09/22 22:12:12.076, 0, 12288, 11829, 287
2026/09/22 22:12:12.283, 0, 12288, 11829, 287
2026/09/22 22:12:12.489, 0, 12288, 11829, 287
2026/09/22 22:12:12.696, 0, 12288, 11829, 287
2026/09/22 22:12:12.903, 0, 12288, 11829, 287
2026/09/22 22:12:13.111, 0, 12288, 11829, 287
2026/09/22 22:12:13.318, 0, 12288, 11829, 287
2026/09/22 22:12:13.525, 0, 12288, 11829, 287
2026/09/22 22:12:13.733, 0, 12288, 11829, 287
2026/09/22 22:12:13.939, 0, 12288, 11829, 287
2026/09/22 22:12:14.146, 0, 12288, 11829, 287
2026/09/22 22:12:14.353, 0, 12288, 11829, 287
2026/09/22 22:12:14.561, 0, 12288, 11829, 287
2026/09/22 22:12:14.769, 0, 12288, 11829, 287
2026/09/22 22:12:14.975, 0, 12288, 11829, 287
2026/09/22 22:12:15.183, 0, 12288, 11829, 287
2026/09/22 22:12:15.388, 0, 12288, 11829, 287
2026/09/22 22:12:15.596, 0, 12288, 11829, 287
2026/09/22 22:12:15.804, 0, 12288, 11829, 287
2026/09/22 22:12:16.011, 0, 12288, 11829, 287
2026/09/22 22:12:16.217, 0, 12288, 11829, 287
2026/09/22 22:12:16.425, 0, 12288, 11829, 287
2026/09/22 22:12:16.633, 0, 12288, 11829, 287
2026/09/22 22:12:16.841, 0, 12288, 11829, 287
2026/09/22 22:12:17.049, 0, 12288, 11829, 287
2026/09/22 22:12:17.257, 0, 12288, 11829, 287
2026/09/22 22:12:17.465, 0, 12288, 11829, 287
2026/09/22 22:12:17.672, 0, 12288, 11829, 287
2026/09/22 22:12:17.877, 0, 12288, 11829, 287
2026/09/22 22:12:18.084, 0, 12288, 11829, 287
2026/09/22 22:12:18.292, 0, 12288, 11829, 287
2026/09/22 22:12:18.500, 0, 12288, 11829, 287
2026/09/22 22:12:18.707, 0, 12288, 11829, 287
2026/09/22 22:12:18.915, 0, 12288, 11829, 287
2026/09/22 22:12:19.123, 0, 12288, 11829, 287
2026/09/22 22:12:19.330, 0, 12288, 11829, 287
2026/09/22 22:12:19.536, 0, 12288, 11829, 287
2026/09/22 22:12:19.744, 0, 12288, 11829, 287
2026/09/22 22:12:19.950, 0, 12288, 11829, 287
2026/09/22 22:12:20.158, 0, 12288, 11829, 287
2026/09/22 22:12:20.366, 0, 12288, 11829, 287
2026/09/22 22:12:20.573, 0, 12288, 11829, 287
2026/09/22 22:12:20.796, 0, 12288, 11829, 287
2026/09/22 22:12:21.002, 0, 12288, 11829, 287
2026/09/22 22:12:21.209, 0, 12288, 11829, 287
2026/09/22 22:12:21.417, 0, 12288, 11829, 287
2026/09/22 22:12:21.625, 0, 12288, 11829, 287
2026/09/22 22:12:21.833, 0, 12288, 11829, 287
2026/09/22 22:12:22.041, 0, 12288, 11829, 287
2026/09/22 22:12:22.249, 0, 12288, 11829, 287
2026/09/22 22:12:22.455, 0, 12288, 11829, 287
2026/09/22 22:12:22.659, 0, 12288, 11829, 287
2026/09/22 22:12:22.866, 0, 12288, 11829, 287
2026/09/22 22:12:23.071, 0, 12288, 11829, 287
2026/09/22 22:12:23.279, 0, 12288, 11829, 287
2026/09/22 22:12:23.487, 0, 12288, 11829, 287
2026/09/22 22:12:23.695, 0, 12288, 11829, 287
2026/09/22 22:12:23.903, 0, 12288, 11829, 287
2026/09/22 22:12:24.110, 0, 12288, 11829, 287
2026/09/22 22:12:24.316, 0, 12288, 11829, 287
2026/09/22 22:12:24.522, 0, 12288, 11829, 287
2026/09/22 22:12:24.730, 0, 12288, 11829, 287
2026/09/22 22:12:24.937, 0, 12288, 11829, 287
2026/09/22 22:12:25.145, 0, 12288, 11829, 287
2026/09/22 22:12:25.353, 0, 12288, 11829, 287
2026/09/22 22:12:25.560, 0, 12288, 11829, 287
2026/09/22 22:12:25.768, 0, 12288, 11829, 287
2026/09/22 22:12:25.976, 0, 12288, 11829, 287
2026/09/22 22:12:26.184, 0, 12288, 11829, 287
2026/09/22 22:12:26.392, 0, 12288, 11829, 287
2026/09/22 22:12:26.596, 0, 12288, 11829, 287
2026/09/22 22:12:26.802, 0, 12288, 11829, 287
2026/09/22 22:12:27.010, 0, 12288, 11829, 287
2026/09/22 22:12:27.217, 0, 12288, 11829, 287
2026/09/22 22:12:27.425, 0, 12288, 11829, 287
2026/09/22 22:12:27.633, 0, 12288, 11829, 287
2026/09/22 22:12:27.840, 0, 12288, 11829, 287
2026/09/22 22:12:28.047, 0, 12288, 11829, 287
2026/09/22 22:12:28.254, 0, 12288, 11829, 287
2026/09/22 22:12:28.462, 0, 12288, 11829, 287
2026/09/22 22:12:28.669, 0, 12288, 11829, 287
2026/09/22 22:12:28.877, 0, 12288, 11829, 287
2026/09/22 22:12:29.082, 0, 12288, 11829, 287
2026/09/22 22:12:29.287, 0, 12288, 11829, 287
2026/09/22 22:12:29.495, 0, 12288, 11829, 287
2026/09/22 22:12:29.702, 0, 12288, 11829, 287
2026/09/22 22:12:29.910, 0, 12288, 11829, 287
2026/09/22 22:12:30.117, 0, 12288, 11829, 287
2026/09/22 22:12:30.341, 0, 12288, 11829, 287
2026/09/22 22:12:30.549, 0, 12288, 11829, 287
2026/09/22 22:12:30.756, 0, 12288, 11829, 287
2026/09/22 22:12:30.964, 0, 12288, 11829, 287
2026/09/22 22:12:31.173, 0, 12288, 11829, 287
2026/09/22 22:12:31.380, 0, 12288, 11829, 287
2026/09/22 22:12:31.588, 0, 12288, 11829, 287
2026/09/22 22:12:31.796, 0, 12288, 11829, 287
2026/09/22 22:12:32.003, 0, 12288, 11829, 287
2026/09/22 22:12:32.210, 0, 12288, 11829, 287
2026/09/22 22:12:32.416, 0, 12288, 11829, 287
2026/09/22 22:12:32.624, 0, 12288, 11829, 287
2026/09/22 22:12:32.832, 0, 12288, 11829, 287
2026/09/22 22:12:33.039, 0, 12288, 11829, 287
2026/09/22 22:12:33.247, 0, 12288, 11829, 287
2026/09/22 22:12:33.454, 0, 12288, 11829, 287
2026/09/22 22:12:33.661, 0, 12288, 11829, 287
2026/09/22 22:12:33.867, 0, 12288, 11829, 287
2026/09/22 22:12:34.075, 0, 12288, 11829, 287
2026/09/22 22:12:34.282, 0, 12288, 11829, 287
2026/09/22 22:12:34.489, 0, 12288, 11829, 287
2026/09/22 22:12:34.697, 0, 12288, 11829, 287
2026/09/22 22:12:34.905, 0, 12288, 11829, 287
2026/09/22 22:12:35.111, 0, 12288, 11829, 287
2026/09/22 22:12:35.317, 0, 12288, 11829, 287
2026/09/22 22:12:35.524, 0, 12288, 11829, 287
2026/09/22 22:12:35.732, 0, 12288, 11829, 287
2026/09/22 22:12:35.940, 0, 12288, 11829, 287
2026/09/22 22:12:36.147, 0, 12288, 11829, 287
2026/09/22 22:12:36.355, 0, 12288, 11829, 287
2026/09/22 22:12:36.563, 0, 12288, 11829, 287
2026/09/22 22:12:36.770, 0, 12288, 11829, 287
2026/09/22 22:12:36.976, 0, 12288, 11829, 287
2026/09/22 22:12:37.184, 0, 12288, 11829, 287
2026/09/22 22:12:37.391, 0, 12288, 11829, 287
2026/09/22 22:12:37.596, 0, 12288, 11829, 287
2026/09/22 22:12:37.802, 0, 12288, 11829, 287
2026/09/22 22:12:38.010, 0, 12288, 11829, 287
2026/09/22 22:12:38.218, 0, 12288, 11829, 287
2026/09/22 22:12:38.425, 0, 12288, 11829, 287
2026/09/22 22:12:38.631, 0, 12288, 11829, 287
2026/09/22 22:12:38.837, 0, 12288, 11829, 287
2026/09/22 22:12:39.044, 0, 12288, 11829, 287
2026/09/22 22:12:39.251, 0, 12288, 11829, 287
2026/09/22 22:12:39.456, 0, 12288, 11829, 287
2026/09/22 22:12:39.663, 0, 12288, 11829, 287
2026/09/22 22:12:39.871, 0, 12288, 11829, 287
2026/09/22 22:12:40.079, 0, 12288, 11829, 287
2026/09/22 22:12:40.286, 0, 12288, 11829, 287
2026/09/22 22:12:40.493, 0, 12288, 11829, 287
2026/09/22 22:12:40.700, 0, 12288, 11829, 287
2026/09/22 22:12:40.908, 0, 12288, 11829, 287
2026/09/22 22:12:41.116, 0, 12288, 11829, 287
2026/09/22 22:12:41.323, 0, 12288, 11829, 287
2026/09/22 22:12:41.529, 0, 12288, 11829, 287
2026/09/22 22:12:41.736, 0, 12288, 11829, 287
2026/09/22 22:12:41.943, 0, 12288, 11829, 287
2026/09/22 22:12:42.150, 0, 12288, 11829, 287
2026/09/22 22:12:42.357, 0, 12288, 11829, 287
2026/09/22 22:12:42.565, 0, 12288, 11829, 287
2026/09/22 22:12:42.774, 0, 12288, 11829, 287
2026/09/22 22:12:42.981, 0, 12288, 11829, 287
2026/09/22 22:12:43.187, 0, 12288, 11829, 287
2026/09/22 22:12:43.393, 0, 12288, 11829, 287
2026/09/22 22:12:43.598, 0, 12288, 11829, 287
2026/09/22 22:12:43.806, 0, 12288, 11829, 287
2026/09/22 22:12:44.014, 0, 12288, 11829, 287
2026/09/22 22:12:44.221, 0, 12288, 11829, 287
2026/09/22 22:12:44.429, 0, 12288, 11829, 287
2026/09/22 22:12:44.634, 0, 12288, 11829, 287
2026/09/22 22:12:44.842, 0, 12288, 11829, 287
2026/09/22 22:12:45.049, 0, 12288, 11829, 287
2026/09/22 22:12:45.257, 0, 12288, 11829, 287
2026/09/22 22:12:45.464, 0, 12288, 11829, 287
2026/09/22 22:12:45.671, 0, 12288, 11829, 287
2026/09/22 22:12:45.877, 0, 12288, 11829, 287
2026/09/22 22:12:46.081, 0, 12288, 11829, 287
2026/09/22 22:12:46.288, 0, 12288, 11829, 287
2026/09/22 22:12:46.496, 0, 12288, 11829, 287
2026/09/22 22:12:46.704, 0, 12288, 11829, 287
2026/09/22 22:12:46.912, 0, 12288, 11829, 287
2026/09/22 22:12:47.120, 0, 12288, 11829, 287
2026/09/22 22:12:47.328, 0, 12288, 11829, 287
2026/09/22 22:12:47.536, 0, 12288, 11829, 287
2026/09/22 22:12:47.743, 0, 12288, 11829, 287
2026/09/22 22:12:47.949, 0, 12288, 11829, 287
2026/09/22 22:12:48.157, 0, 12288, 11829, 287
2026/09/22 22:12:48.364, 0, 12288, 11829, 287
2026/09/22 22:12:48.572, 0, 12288, 11829, 287
2026/09/22 22:12:48.780, 0, 12288, 11829, 287
2026/09/22 22:12:48.987, 0, 12288, 11829, 287
2026/09/22 22:12:49.194, 0, 12288, 11829, 287
2026/09/22 22:12:49.418, 0, 12288, 11829, 287
2026/09/22 22:12:49.625, 0, 12288, 11829, 287
2026/09/22 22:12:49.833, 0, 12288, 11829, 287
2026/09/22 22:12:50.041, 0, 12288, 11829, 287
2026/09/22 22:12:50.249, 0, 12288, 11829, 287
2026/09/22 22:12:50.455, 0, 12288, 11829, 287
2026/09/22 22:12:50.662, 0, 12288, 11829, 287
2026/09/22 22:12:50.869, 0, 12288, 11829, 287
2026/09/22 22:12:51.077, 0, 12288, 11829, 287
2026/09/22 22:12:51.284, 0, 12288, 11829, 287
2026/09/22 22:12:51.491, 0, 12288, 11829, 287
2026/09/22 22:12:51.698, 0, 12288, 11829, 287
2026/09/22 22:12:51.907, 0, 12288, 11829, 287
2026/09/22 22:12:52.113, 0, 12288, 11829, 287
2026/09/22 22:12:52.320, 0, 12288, 11829, 287
2026/09/22 22:12:52.525, 0, 12288, 11829, 287
2026/09/22 22:12:52.733, 0, 12288, 11829, 287
2026/09/22 22:12:52.939, 0, 12288, 11829, 287
2026/09/22 22:12:53.147, 0, 12288, 11829, 287
2026/09/22 22:12:53.354, 0, 12288, 11829, 287
2026/09/22 22:12:53.560, 0, 12288, 11829, 287
2026/09/22 22:12:53.767, 0, 12288, 11829, 287
2026/09/22 22:12:53.975, 0, 12288, 11829, 287
2026/09/22 22:12:54.183, 0, 12288, 11829, 287
2026/09/22 22:12:54.391, 0, 12288, 11829, 287
2026/09/22 22:12:54.596, 0, 12288, 11829, 287
2026/09/22 22:12:54.804, 0, 12288, 11829, 287
2026/09/22 22:12:55.011, 0, 12288, 11829, 287
2026/09/22 22:12:55.219, 0, 12288, 11829, 287
2026/09/22 22:12:55.426, 0, 12288, 11829, 287
2026/09/22 22:12:55.634, 0, 12288, 11829, 287
2026/09/22 22:12:55.841, 0, 12288, 11829, 287
2026/09/22 22:12:56.048, 0, 12288, 11829, 287
2026/09/22 22:12:56.256, 0, 12288, 11829, 287
2026/09/22 22:12:56.462, 0, 12288, 11829, 287
2026/09/22 22:12:56.669, 0, 12288, 11829, 287
2026/09/22 22:12:56.876, 0, 12288, 11829, 287
2026/09/22 22:12:57.081, 0, 12288, 11829, 287
2026/09/22 22:12:57.289, 0, 12288, 11829, 287
2026/09/22 22:12:57.496, 0, 12288, 11829, 287
2026/09/22 22:12:57.704, 0, 12288, 11829, 287
2026/09/22 22:12:57.912, 0, 12288, 11829, 287
2026/09/22 22:12:58.120, 0, 12288, 11829, 287
2026/09/22 22:12:58.328, 0, 12288, 11829, 287
2026/09/22 22:12:58.535, 0, 12288, 11829, 287
2026/09/22 22:12:58.741, 0, 12288, 11829, 287
2026/09/22 22:12:58.949, 0, 12288, 11829, 287
2026/09/22 22:12:59.157, 0, 12288, 11829, 287
2026/09/22 22:12:59.365, 0, 12288, 11829, 287
2026/09/22 22:12:59.573, 0, 12288, 11829, 287
2026/09/22 22:12:59.781, 0, 12288, 11829, 287
2026/09/22 22:12:59.989, 0, 12288, 11829, 287
2026/09/22 22:13:00.197, 0, 12288, 11829, 287
2026/09/22 22:13:00.404, 0, 12288, 11829, 287
2026/09/22 22:13:00.612, 0, 12288, 11829, 287
2026/09/22 22:13:00.820, 0, 12288, 11829, 287
2026/09/22 22:13:01.028, 0, 12288, 11829, 287
2026/09/22 22:13:01.236, 0, 12288, 11829, 287
2026/09/22 22:13:01.442, 0, 12288, 11829, 287
2026/09/22 22:13:01.649, 0, 12288, 11829, 287
2026/09/22 22:13:01.853, 0, 12288, 11829, 287
2026/09/22 22:13:02.061, 0, 12288, 11829, 287
2026/09/22 22:13:02.268, 0, 12288, 11829, 287
2026/09/22 22:13:02.472, 0, 12288, 11829, 287
2026/09/22 22:13:02.679, 0, 12288, 11829, 287
2026/09/22 22:13:02.885, 0, 12288, 11829, 287
2026/09/22 22:13:03.091, 0, 12288, 11829, 287
2026/09/22 22:13:03.298, 0, 12288, 11829, 287
2026/09/22 22:13:03.505, 0, 12288, 11829, 287
2026/09/22 22:13:03.711, 0, 12288, 11829, 287
2026/09/22 22:13:03.919, 0, 12288, 11829, 287
2026/09/22 22:13:04.127, 0, 12288, 11829, 287
2026/09/22 22:13:04.333, 0, 12288, 11829, 287
2026/09/22 22:13:04.541, 0, 12288, 11829, 287
2026/09/22 22:13:04.748, 0, 12288, 11829, 287
2026/09/22 22:13:04.955, 0, 12288, 11829, 287
2026/09/22 22:13:05.163, 0, 12288, 11829, 287
2026/09/22 22:13:05.370, 0, 12288, 11829, 287
2026/09/22 22:13:05.577, 0, 12288, 11829, 287
2026/09/22 22:13:05.783, 0, 12288, 11829, 287
2026/09/22 22:13:05.991, 0, 12288, 11829, 287
2026/09/22 22:13:06.197, 0, 12288, 11829, 287
2026/09/22 22:13:06.403, 0, 12288, 11829, 287
2026/09/22 22:13:06.609, 0, 12288, 11829, 287
2026/09/22 22:13:06.817, 0, 12288, 11829, 287
2026/09/22 22:13:07.024, 0, 12288, 11829, 287
2026/09/22 22:13:07.232, 0, 12288, 11829, 287
2026/09/22 22:13:07.440, 0, 12288, 11829, 287
2026/09/22 22:13:07.647, 0, 12288, 11829, 287
2026/09/22 22:13:07.854, 0, 12288, 11829, 287
2026/09/22 22:13:08.061, 0, 12288, 11829, 287
2026/09/22 22:13:08.268, 0, 12288, 11829, 287
2026/09/22 22:13:08.476, 0, 12288, 11829, 287
2026/09/22 22:13:08.684, 0, 12288, 11829, 287
2026/09/22 22:13:08.891, 0, 12288, 11829, 287
2026/09/22 22:13:09.098, 0, 12288, 11829, 287
2026/09/22 22:13:09.306, 0, 12288, 11829, 287
2026/09/22 22:13:09.514, 0, 12288, 11829, 287
2026/09/22 22:13:09.721, 0, 12288, 11829, 287
2026/09/22 22:13:09.927, 0, 12288, 11829, 287
2026/09/22 22:13:10.135, 0, 12288, 11829, 287
2026/09/22 22:13:10.341, 0, 12288, 11829, 287
2026/09/22 22:13:10.549, 0, 12288, 11829, 287
2026/09/22 22:13:10.756, 0, 12288, 11829, 287
2026/09/22 22:13:10.963, 0, 12288, 11829, 287
2026/09/22 22:13:11.170, 0, 12288, 11829, 287
2026/09/22 22:13:11.377, 0, 12288, 11829, 287
2026/09/22 22:13:11.583, 0, 12288, 11829, 287
2026/09/22 22:13:11.791, 0, 12288, 11829, 287
2026/09/22 22:13:11.999, 0, 12288, 11829, 287
2026/09/22 22:13:12.207, 0, 12288, 11829, 287
2026/09/22 22:13:12.415, 0, 12288, 11829, 287
2026/09/22 22:13:12.623, 0, 12288, 11829, 287
2026/09/22 22:13:12.831, 0, 12288, 11829, 287
2026/09/22 22:13:13.038, 0, 12288, 11829, 287
2026/09/22 22:13:13.246, 0, 12288, 11829, 287
2026/09/22 22:13:13.453, 0, 12288, 11829, 287
2026/09/22 22:13:13.660, 0, 12288, 11829, 287
2026/09/22 22:13:13.868, 0, 12288, 11829, 287
2026/09/22 22:13:14.076, 0, 12288, 11829, 287
2026/09/22 22:13:14.284, 0, 12288, 11829, 287
2026/09/22 22:13:14.491, 0, 12288, 11829, 287
2026/09/22 22:13:14.699, 0, 12288, 11829, 287
2026/09/22 22:13:14.907, 0, 12288, 11829, 287
2026/09/22 22:13:15.114, 0, 12288, 11829, 287
2026/09/22 22:13:15.321, 0, 12288, 11829, 287
2026/09/22 22:13:15.528, 0, 12288, 11829, 287
2026/09/22 22:13:15.734, 0, 12288, 11829, 287
2026/09/22 22:13:15.940, 0, 12288, 11829, 287
2026/09/22 22:13:16.148, 0, 12288, 11829, 287
2026/09/22 22:13:16.356, 0, 12288, 11829, 287
2026/09/22 22:13:16.563, 0, 12288, 11829, 287
2026/09/22 22:13:16.768, 0, 12288, 11829, 287
2026/09/22 22:13:16.976, 0, 12288, 11829, 287
2026/09/22 22:13:17.184, 0, 12288, 11829, 287
2026/09/22 22:13:17.392, 0, 12288, 11829, 287
2026/09/22 22:13:17.600, 0, 12288, 11829, 287
2026/09/22 22:13:17.808, 0, 12288, 11829, 287
2026/09/22 22:13:18.016, 0, 12288, 11829, 287
2026/09/22 22:13:18.224, 0, 12288, 11829, 287
2026/09/22 22:13:18.432, 0, 12288, 11829, 287
2026/09/22 22:13:18.640, 0, 12288, 11829, 287
2026/09/22 22:13:18.847, 0, 12288, 11829, 287
2026/09/22 22:13:19.056, 0, 12288, 11829, 287
2026/09/22 22:13:19.263, 0, 12288, 11829, 287
2026/09/22 22:13:19.471, 0, 12288, 11829, 287
2026/09/22 22:13:19.676, 0, 12288, 11829, 287
2026/09/22 22:13:19.884, 0, 12288, 11829, 287
2026/09/22 22:13:20.092, 0, 12288, 11829, 287
2026/09/22 22:13:20.297, 0, 12288, 11829, 287
2026/09/22 22:13:20.505, 0, 12288, 11829, 287
2026/09/22 22:13:20.713, 0, 12288, 11829, 287
2026/09/22 22:13:20.919, 0, 12288, 11829, 287
2026/09/22 22:13:21.128, 0, 12288, 11829, 287
2026/09/22 22:13:21.336, 0, 12288, 11829, 287
2026/09/22 22:13:21.544, 0, 12288, 11829, 287
2026/09/22 22:13:21.752, 0, 12288, 11829, 287
2026/09/22 22:13:21.959, 0, 12288, 11829, 287
2026/09/22 22:13:22.167, 0, 12288, 11829, 287
2026/09/22 22:13:22.375, 0, 12288, 11829, 287
2026/09/22 22:13:22.583, 0, 12288, 11829, 287
2026/09/22 22:13:22.791, 0, 12288, 11829, 287
2026/09/22 22:13:22.997, 0, 12288, 11829, 287
2026/09/22 22:13:23.205, 0, 12288, 11829, 287
2026/09/22 22:13:23.411, 0, 12288, 11829, 287
2026/09/22 22:13:23.619, 0, 12288, 11829, 287
2026/09/22 22:13:23.827, 0, 12288, 11829, 287
2026/09/22 22:13:24.033, 0, 12288, 11829, 287
2026/09/22 22:13:24.241, 0, 12288, 11829, 287
2026/09/22 22:13:24.449, 0, 12288, 11829, 287
2026/09/22 22:13:24.657, 0, 12288, 11829, 287
2026/09/22 22:13:24.865, 0, 12288, 11829, 287
2026/09/22 22:13:25.071, 0, 12288, 11829, 287
2026/09/22 22:13:25.279, 0, 12288, 11829, 287
2026/09/22 22:13:25.486, 0, 12288, 11829, 287
2026/09/22 22:13:25.694, 0, 12288, 11829, 287
2026/09/22 22:13:25.901, 0, 12288, 11829, 287
2026/09/22 22:13:26.109, 0, 12288, 11829, 287
2026/09/22 22:13:26.315, 0, 12288, 11829, 287
2026/09/22 22:13:26.523, 0, 12288, 11829, 287
2026/09/22 22:13:26.730, 0, 12288, 11829, 287
2026/09/22 22:13:26.936, 0, 12288, 11829, 287
2026/09/22 22:13:27.144, 0, 12288, 11829, 287
2026/09/22 22:13:27.352, 0, 12288, 11829, 287
2026/09/22 22:13:27.560, 0, 12288, 11829, 287
2026/09/22 22:13:27.768, 0, 12288, 11829, 287
2026/09/22 22:13:27.975, 0, 12288, 11829, 287
2026/09/22 22:13:28.183, 0, 12288, 11829, 287
2026/09/22 22:13:28.391, 0, 12288, 11829, 287
2026/09/22 22:13:28.599, 0, 12288, 11829, 287
2026/09/22 22:13:28.807, 0, 12288, 11829, 287
2026/09/22 22:13:29.014, 0, 12288, 11829, 287
2026/09/22 22:13:29.221, 0, 12288, 11829, 287
2026/09/22 22:13:29.429, 0, 12288, 11829, 287
2026/09/22 22:13:29.635, 0, 12288, 11829, 287
2026/09/22 22:13:29.843, 0, 12288, 11829, 287
2026/09/22 22:13:30.049, 0, 12288, 11829, 287
2026/09/22 22:13:30.256, 0, 12288, 11829, 287
2026/09/22 22:13:30.464, 0, 12288, 11829, 287
2026/09/22 22:13:30.671, 0, 12288, 11829, 287
2026/09/22 22:13:30.878, 0, 12288, 11829, 287
2026/09/22 22:13:31.085, 0, 12288, 11829, 287
2026/09/22 22:13:31.293, 0, 12288, 11829, 287
2026/09/22 22:13:31.500, 0, 12288, 11829, 287
2026/09/22 22:13:31.708, 0, 12288, 11829, 287
2026/09/22 22:13:31.916, 0, 12288, 11829, 287
2026/09/22 22:13:32.124, 0, 12288, 11829, 287
2026/09/22 22:13:32.330, 0, 12288, 11829, 287
2026/09/22 22:13:32.534, 0, 12288, 11829, 287
2026/09/22 22:13:32.742, 0, 12288, 11829, 287
2026/09/22 22:13:32.949, 0, 12288, 11829, 287
2026/09/22 22:13:33.157, 0, 12288, 11829, 287
2026/09/22 22:13:33.363, 0, 12288, 11829, 287
2026/09/22 22:13:33.570, 0, 12288, 11829, 287
2026/09/22 22:13:33.778, 0, 12288, 11829, 287
2026/09/22 22:13:33.985, 0, 12288, 11829, 287
2026/09/22 22:13:34.189, 0, 12288, 11829, 287
2026/09/22 22:13:34.396, 0, 12288, 11829, 287
2026/09/22 22:13:34.604, 0, 12288, 11829, 287
2026/09/22 22:13:34.812, 0, 12288, 11829, 287
2026/09/22 22:13:35.019, 0, 12288, 11829, 287
2026/09/22 22:13:35.226, 0, 12288, 11829, 287
2026/09/22 22:13:35.432, 0, 12288, 11829, 287
2026/09/22 22:13:35.638, 0, 12288, 11829, 287
2026/09/22 22:13:35.846, 0, 12288, 11829, 287
2026/09/22 22:13:36.052, 0, 12288, 11829, 287
2026/09/22 22:13:36.260, 0, 12288, 11829, 287
2026/09/22 22:13:36.467, 0, 12288, 11829, 287
2026/09/22 22:13:36.675, 0, 12288, 11829, 287
2026/09/22 22:13:36.883, 0, 12288, 11829, 287
2026/09/22 22:13:37.090, 0, 12288, 11829, 287
2026/09/22 22:13:37.298, 0, 12288, 11829, 287
2026/09/22 22:13:37.501, 0, 12288, 11829, 287
2026/09/22 22:13:37.705, 0, 12288, 11829, 287
2026/09/22 22:13:37.913, 0, 12288, 11829, 287
2026/09/22 22:13:38.121, 0, 12288, 11829, 287
2026/09/22 22:13:38.329, 0, 12288, 11829, 287
2026/09/22 22:13:38.534, 0, 12288, 11829, 287
2026/09/22 22:13:38.741, 0, 12288, 11829, 287
2026/09/22 22:13:38.947, 0, 12288, 11829, 287
2026/09/22 22:13:39.154, 0, 12288, 11829, 287
2026/09/22 22:13:39.361, 0, 12288, 11829, 287
2026/09/22 22:13:39.565, 0, 12288, 11829, 287
2026/09/22 22:13:39.773, 0, 12288, 11829, 287
2026/09/22 22:13:39.979, 0, 12288, 11829, 287
2026/09/22 22:13:40.186, 0, 12288, 11829, 287
2026/09/22 22:13:40.392, 0, 12288, 11829, 287
2026/09/22 22:13:40.597, 0, 12288, 11829, 287
2026/09/22 22:13:40.805, 0, 12288, 11829, 287
2026/09/22 22:13:41.011, 0, 12288, 11829, 287
2026/09/22 22:13:41.219, 0, 12288, 11829, 287
2026/09/22 22:13:41.423, 0, 12288, 11829, 287
2026/09/22 22:13:41.628, 0, 12288, 11829, 287
2026/09/22 22:13:41.836, 0, 12288, 11829, 287
2026/09/22 22:13:42.043, 0, 12288, 11829, 287
2026/09/22 22:13:42.249, 0, 12288, 11829, 287
2026/09/22 22:13:42.455, 0, 12288, 11829, 287
2026/09/22 22:13:42.660, 0, 12288, 11829, 287
2026/09/22 22:13:42.867, 0, 12288, 11829, 287
2026/09/22 22:13:43.074, 0, 12288, 11829, 287
2026/09/22 22:13:43.280, 0, 12288, 11829, 287
2026/09/22 22:13:43.486, 0, 12288, 11829, 287
2026/09/22 22:13:43.693, 0, 12288, 11829, 287
2026/09/22 22:13:43.899, 0, 12288, 11829, 287
2026/09/22 22:13:44.107, 0, 12288, 11829, 287
2026/09/22 22:13:44.314, 0, 12288, 11829, 287
2026/09/22 22:13:44.522, 0, 12288, 11829, 287
2026/09/22 22:13:44.729, 0, 12288, 11829, 287
2026/09/22 22:13:44.937, 0, 12288, 11829, 287
2026/09/22 22:13:45.143, 0, 12288, 11829, 287
2026/09/22 22:13:45.351, 0, 12288, 11829, 287
2026/09/22 22:13:45.558, 0, 12288, 11829, 287
2026/09/22 22:13:45.766, 0, 12288, 11829, 287
2026/09/22 22:13:45.972, 0, 12288, 11829, 287
2026/09/22 22:13:46.178, 0, 12288, 11829, 287
2026/09/22 22:13:46.386, 0, 12288, 11829, 287
2026/09/22 22:13:46.592, 0, 12288, 11829, 287
2026/09/22 22:13:46.800, 0, 12288, 11829, 287
2026/09/22 22:13:47.007, 0, 12288, 11829, 287
2026/09/22 22:13:47.214, 0, 12288, 11829, 287
2026/09/22 22:13:47.422, 0, 12288, 11829, 287
2026/09/22 22:13:47.629, 0, 12288, 11829, 287
2026/09/22 22:13:47.835, 0, 12288, 11829, 287
2026/09/22 22:13:48.040, 0, 12288, 11829, 287
2026/09/22 22:13:48.246, 0, 12288, 11829, 287
2026/09/22 22:13:48.453, 0, 12288, 11829, 287
2026/09/22 22:13:48.659, 0, 12288, 11829, 287
2026/09/22 22:13:48.866, 0, 12288, 11829, 287
2026/09/22 22:13:49.069, 0, 12288, 11829, 287
2026/09/22 22:13:49.274, 0, 12288, 11829, 287
2026/09/22 22:13:49.482, 0, 12288, 11829, 287
2026/09/22 22:13:49.689, 0, 12288, 11829, 287
2026/09/22 22:13:49.896, 0, 12288, 11829, 287
2026/09/22 22:13:50.104, 0, 12288, 11829, 287
2026/09/22 22:13:50.311, 0, 12288, 11829, 287
2026/09/22 22:13:50.517, 0, 12288, 11829, 287
2026/09/22 22:13:50.720, 0, 12288, 11829, 287
2026/09/22 22:13:50.926, 0, 12288, 11829, 287
2026/09/22 22:13:51.133, 0, 12288, 11829, 287
2026/09/22 22:13:51.340, 0, 12288, 11829, 287
2026/09/22 22:13:51.548, 0, 12288, 11829, 287
2026/09/22 22:13:51.755, 0, 12288, 11829, 287
2026/09/22 22:13:51.962, 0, 12288, 11829, 287
2026/09/22 22:13:52.169, 0, 12288, 11829, 287
2026/09/22 22:13:52.375, 0, 12288, 11829, 287
2026/09/22 22:13:52.581, 0, 12288, 11829, 287
2026/09/22 22:13:52.786, 0, 12288, 11829, 287
2026/09/22 22:13:52.994, 0, 12288, 11829, 287
2026/09/22 22:13:53.201, 0, 12288, 11829, 287
2026/09/22 22:13:53.408, 0, 12288, 11829, 287
2026/09/22 22:13:53.613, 0, 12288, 11829, 287
2026/09/22 22:13:53.821, 0, 12288, 11829, 287
2026/09/22 22:13:54.028, 0, 12288, 11829, 287
2026/09/22 22:13:54.235, 0, 12288, 11829, 287
2026/09/22 22:13:54.441, 0, 12288, 11829, 287
2026/09/22 22:13:54.645, 0, 12288, 11829, 287
2026/09/22 22:13:54.851, 0, 12288, 11829, 287
2026/09/22 22:13:55.059, 0, 12288, 11829, 287
2026/09/22 22:13:55.267, 0, 12288, 11829, 287
2026/09/22 22:13:55.472, 0, 12288, 11829, 287
2026/09/22 22:13:55.678, 0, 12288, 11829, 287
2026/09/22 22:13:55.884, 0, 12288, 11829, 287
2026/09/22 22:13:56.091, 0, 12288, 11829, 287
2026/09/22 22:13:56.299, 0, 12288, 11829, 287
2026/09/22 22:13:56.505, 0, 12288, 11829, 287
2026/09/22 22:13:56.713, 0, 12288, 11829, 287
2026/09/22 22:13:56.920, 0, 12288, 11829, 287
2026/09/22 22:13:57.128, 0, 12288, 11829, 287
2026/09/22 22:13:57.336, 0, 12288, 11829, 287
2026/09/22 22:13:57.541, 0, 12288, 11829, 287
2026/09/22 22:13:57.749, 0, 12288, 11829, 287
2026/09/22 22:13:57.957, 0, 12288, 11829, 287
2026/09/22 22:13:58.163, 0, 12288, 11829, 287
2026/09/22 22:13:58.371, 0, 12288, 11829, 287
2026/09/22 22:13:58.578, 0, 12288, 11829, 287
2026/09/22 22:13:58.785, 0, 12288, 11829, 287
2026/09/22 22:13:58.993, 0, 12288, 11829, 287
2026/09/22 22:13:59.201, 0, 12288, 11829, 287
2026/09/22 22:13:59.409, 0, 12288, 11829, 287
2026/09/22 22:13:59.616, 0, 12288, 11829, 287
2026/09/22 22:13:59.823, 0, 12288, 11829, 287
2026/09/22 22:14:00.029, 0, 12288, 11829, 287
2026/09/22 22:14:00.237, 0, 12288, 11829, 287
2026/09/22 22:14:00.444, 0, 12288, 11829, 287
2026/09/22 22:14:00.652, 0, 12288, 11829, 287
2026/09/22 22:14:00.860, 0, 12288, 11829, 287
2026/09/22 22:14:01.066, 0, 12288, 11829, 287
2026/09/22 22:14:01.274, 0, 12288, 11829, 287
2026/09/22 22:14:01.481, 0, 12288, 11829, 287
2026/09/22 22:14:01.689, 0, 12288, 11829, 287
2026/09/22 22:14:01.897, 0, 12288, 11829, 287
2026/09/22 22:14:02.101, 0, 12288, 11829, 287
2026/09/22 22:14:02.308, 0, 12288, 11829, 287
2026/09/22 22:14:02.515, 0, 12288, 11829, 287
2026/09/22 22:14:02.721, 0, 12288, 11829, 287
2026/09/22 22:14:02.926, 0, 12288, 11829, 287
2026/09/22 22:14:03.132, 0, 12288, 11829, 287
2026/09/22 22:14:03.340, 0, 12288, 11829, 287
2026/09/22 22:14:03.547, 0, 12288, 11829, 287
2026/09/22 22:14:03.753, 0, 12288, 11829, 287
2026/09/22 22:14:03.960, 0, 12288, 11829, 287
2026/09/22 22:14:04.167, 0, 12288, 11829, 287
2026/09/22 22:14:04.374, 0, 12288, 11829, 287
2026/09/22 22:14:04.581, 0, 12288, 11829, 287
2026/09/22 22:14:04.788, 0, 12288, 11829, 287
2026/09/22 22:14:04.996, 0, 12288, 11829, 287
2026/09/22 22:14:05.203, 0, 12288, 11829, 287
2026/09/22 22:14:05.410, 0, 12288, 11829, 287
2026/09/22 22:14:05.617, 0, 12288, 11829, 287
2026/09/22 22:14:05.822, 0, 12288, 11829, 287
2026/09/22 22:14:06.030, 0, 12288, 11829, 287
2026/09/22 22:14:06.237, 0, 12288, 11829, 287
2026/09/22 22:14:06.444, 0, 12288, 11829, 287
2026/09/22 22:14:06.652, 0, 12288, 11829, 287
2026/09/22 22:14:06.858, 0, 12288, 11829, 287
2026/09/22 22:14:07.063, 0, 12288, 11829, 287
2026/09/22 22:14:07.270, 0, 12288, 11829, 287
2026/09/22 22:14:07.477, 0, 12288, 11829, 287
2026/09/22 22:14:07.685, 0, 12288, 11829, 287
2026/09/22 22:14:07.893, 0, 12288, 11829, 287
2026/09/22 22:14:08.099, 0, 12288, 11829, 287
2026/09/22 22:14:08.307, 0, 12288, 11829, 287
2026/09/22 22:14:08.515, 0, 12288, 11829, 287
2026/09/22 22:14:08.721, 0, 12288, 11829, 287
2026/09/22 22:14:08.929, 0, 12288, 11829, 287
2026/09/22 22:14:09.137, 0, 12288, 11829, 287
2026/09/22 22:14:09.344, 0, 12288, 11829, 287
2026/09/22 22:14:09.552, 0, 12288, 11829, 287
2026/09/22 22:14:09.757, 0, 12288, 11829, 287
2026/09/22 22:14:09.964, 0, 12288, 11829, 287
2026/09/22 22:14:10.172, 0, 12288, 11829, 287
2026/09/22 22:14:10.380, 0, 12288, 11829, 287
2026/09/22 22:14:10.588, 0, 12288, 11829, 287
2026/09/22 22:14:10.796, 0, 12288, 11829, 287
2026/09/22 22:14:11.001, 0, 12288, 11829, 287
2026/09/22 22:14:11.209, 0, 12288, 11829, 287
2026/09/22 22:14:11.415, 0, 12288, 11829, 287
2026/09/22 22:14:11.622, 0, 12288, 11829, 287
2026/09/22 22:14:11.830, 0, 12288, 11829, 287
2026/09/22 22:14:12.035, 0, 12288, 11829, 287
2026/09/22 22:14:12.243, 0, 12288, 11829, 287
2026/09/22 22:14:12.449, 0, 12288, 11829, 287
2026/09/22 22:14:12.657, 0, 12288, 11829, 287
2026/09/22 22:14:12.862, 0, 12288, 11829, 287
2026/09/22 22:14:13.068, 0, 12288, 11829, 287
2026/09/22 22:14:13.276, 0, 12288, 11829, 287
2026/09/22 22:14:13.483, 0, 12288, 11829, 287
2026/09/22 22:14:13.691, 0, 12288, 11829, 287
2026/09/22 22:14:13.897, 0, 12288, 11829, 287
2026/09/22 22:14:14.105, 0, 12288, 11829, 287
2026/09/22 22:14:14.313, 0, 12288, 11829, 287
2026/09/22 22:14:14.520, 0, 12288, 11829, 287
2026/09/22 22:14:14.727, 0, 12288, 11829, 287
2026/09/22 22:14:14.934, 0, 12288, 11829, 287
2026/09/22 22:14:15.141, 0, 12288, 11829, 287
2026/09/22 22:14:15.347, 0, 12288, 11829, 287
2026/09/22 22:14:15.554, 0, 12288, 11829, 287
2026/09/22 22:14:15.761, 0, 12288, 11829, 287
2026/09/22 22:14:15.969, 0, 12288, 11829, 287
2026/09/22 22:14:16.175, 0, 12288, 11829, 287
2026/09/22 22:14:16.383, 0, 12288, 11829, 287
2026/09/22 22:14:16.589, 0, 12288, 11829, 287
2026/09/22 22:14:16.796, 0, 12288, 11829, 287
2026/09/22 22:14:17.003, 0, 12288, 11829, 287
2026/09/22 22:14:17.210, 0, 12288, 11829, 287
2026/09/22 22:14:17.417, 0, 12288, 11829, 287
2026/09/22 22:14:17.625, 0, 12288, 11829, 287
2026/09/22 22:14:17.830, 0, 12288, 11829, 287
2026/09/22 22:14:18.033, 0, 12288, 11829, 287
2026/09/22 22:14:18.241, 0, 12288, 11829, 287
2026/09/22 22:14:18.447, 0, 12288, 11829, 287
2026/09/22 22:14:18.654, 0, 12288, 11829, 287
2026/09/22 22:14:18.861, 0, 12288, 11829, 287
2026/09/22 22:14:19.068, 0, 12288, 11829, 287
2026/09/22 22:14:19.275, 0, 12288, 11829, 287
2026/09/22 22:14:19.481, 0, 12288, 11829, 287
2026/09/22 22:14:19.689, 0, 12288, 11829, 287
2026/09/22 22:14:19.897, 0, 12288, 11829, 287
2026/09/22 22:14:20.105, 0, 12288, 11829, 287
2026/09/22 22:14:20.310, 0, 12288, 11829, 287
2026/09/22 22:14:20.518, 0, 12288, 11829, 287
2026/09/22 22:14:20.724, 0, 12288, 11829, 287
2026/09/22 22:14:20.932, 0, 12288, 11829, 287
2026/09/22 22:14:21.140, 0, 12288, 11829, 287
2026/09/22 22:14:21.347, 0, 12288, 11829, 287
2026/09/22 22:14:21.555, 0, 12288, 11829, 287
2026/09/22 22:14:21.762, 0, 12288, 11829, 287
2026/09/22 22:14:21.969, 0, 12288, 11829, 287
2026/09/22 22:14:22.176, 0, 12288, 11829, 287
2026/09/22 22:14:22.384, 0, 12288, 11829, 287
2026/09/22 22:14:22.591, 0, 12288, 11829, 287
2026/09/22 22:14:22.799, 0, 12288, 11829, 287
2026/09/22 22:14:23.002, 0, 12288, 11829, 287
2026/09/22 22:14:23.210, 0, 12288, 11829, 287
2026/09/22 22:14:23.417, 0, 12288, 11829, 287
2026/09/22 22:14:23.625, 0, 12288, 11829, 287
2026/09/22 22:14:23.831, 0, 12288, 11829, 287
2026/09/22 22:14:24.039, 0, 12288, 11829, 287
2026/09/22 22:14:24.246, 0, 12288, 11829, 287
2026/09/22 22:14:24.452, 0, 12288, 11829, 287
2026/09/22 22:14:24.660, 0, 12288, 11829, 287
2026/09/22 22:14:24.868, 0, 12288, 11829, 287
2026/09/22 22:14:25.074, 0, 12288, 11829, 287
2026/09/22 22:14:25.281, 0, 12288, 11829, 287
2026/09/22 22:14:25.487, 0, 12288, 11829, 287
2026/09/22 22:14:25.694, 0, 12288, 11829, 287
2026/09/22 22:14:25.901, 0, 12288, 11829, 287
2026/09/22 22:14:26.109, 0, 12288, 11829, 287
2026/09/22 22:14:26.316, 0, 12288, 11829, 287
2026/09/22 22:14:26.523, 0, 12288, 11829, 287
2026/09/22 22:14:26.731, 0, 12288, 11829, 287
2026/09/22 22:14:26.938, 0, 12288, 11829, 287
2026/09/22 22:14:27.143, 0, 12288, 11829, 287
2026/09/22 22:14:27.349, 0, 12288, 11829, 287
2026/09/22 22:14:27.556, 0, 12288, 11829, 287
2026/09/22 22:14:27.764, 0, 12288, 11829, 287
2026/09/22 22:14:27.970, 0, 12288, 11829, 287
2026/09/22 22:14:28.177, 0, 12288, 11829, 287
2026/09/22 22:14:28.385, 0, 12288, 11829, 287
2026/09/22 22:14:28.593, 0, 12288, 11829, 287
2026/09/22 22:14:28.798, 0, 12288, 11829, 287
2026/09/22 22:14:29.005, 0, 12288, 11829, 287
2026/09/22 22:14:29.212, 0, 12288, 11829, 287
2026/09/22 22:14:29.420, 0, 12288, 11829, 287
2026/09/22 22:14:29.628, 0, 12288, 11829, 287
2026/09/22 22:14:29.835, 0, 12288, 11829, 287
2026/09/22 22:14:30.040, 0, 12288, 11829, 287
2026/09/22 22:14:30.246, 0, 12288, 11829, 287
2026/09/22 22:14:30.452, 0, 12288, 11829, 287
2026/09/22 22:14:30.658, 0, 12288, 11829, 287
2026/09/22 22:14:30.866, 0, 12288, 11829, 287
2026/09/22 22:14:31.073, 0, 12288, 11829, 287
2026/09/22 22:14:31.280, 0, 12288, 11829, 287
2026/09/22 22:14:31.487, 0, 12288, 11829, 287
2026/09/22 22:14:31.695, 0, 12288, 11829, 287
2026/09/22 22:14:31.902, 0, 12288, 11829, 287
2026/09/22 22:14:32.109, 0, 12288, 11829, 287
2026/09/22 22:14:32.316, 0, 12288, 11829, 287
2026/09/22 22:14:32.520, 0, 12288, 11829, 287
2026/09/22 22:14:32.728, 0, 12288, 11829, 287
2026/09/22 22:14:32.935, 0, 12288, 11829, 287
2026/09/22 22:14:33.142, 0, 12288, 11829, 287
2026/09/22 22:14:33.349, 0, 12288, 11829, 287
2026/09/22 22:14:33.556, 0, 12288, 11829, 287
2026/09/22 22:14:33.763, 0, 12288, 11829, 287
2026/09/22 22:14:33.971, 0, 12288, 11829, 287
2026/09/22 22:14:34.175, 0, 12288, 11829, 287
2026/09/22 22:14:34.381, 0, 12288, 11829, 287
2026/09/22 22:14:34.585, 0, 12288, 11829, 287
2026/09/22 22:14:34.792, 0, 12288, 11829, 287
2026/09/22 22:14:35.000, 0, 12288, 11829, 287
2026/09/22 22:14:35.205, 0, 12288, 11829, 287
2026/09/22 22:14:35.409, 0, 12288, 11829, 287
2026/09/22 22:14:35.614, 0, 12288, 11829, 287
2026/09/22 22:14:35.822, 0, 12288, 11829, 287
2026/09/22 22:14:36.029, 0, 12288, 11829, 287
2026/09/22 22:14:36.236, 0, 12288, 11829, 287
2026/09/22 22:14:36.441, 0, 12288, 11829, 287
2026/09/22 22:14:36.648, 0, 12288, 11829, 287
2026/09/22 22:14:36.856, 0, 12288, 11829, 287
2026/09/22 22:14:37.063, 0, 12288, 11829, 287
2026/09/22 22:14:37.270, 0, 12288, 11829, 287
2026/09/22 22:14:37.478, 0, 12288, 11829, 287
2026/09/22 22:14:37.686, 0, 12288, 11829, 287
2026/09/22 22:14:37.892, 0, 12288, 11829, 287
2026/09/22 22:14:38.099, 0, 12288, 11829, 287
2026/09/22 22:14:38.306, 0, 12288, 11829, 287
2026/09/22 22:14:38.513, 0, 12288, 11829, 287
2026/09/22 22:14:38.721, 0, 12288, 11829, 287
2026/09/22 22:14:38.928, 0, 12288, 11829, 287
2026/09/22 22:14:39.135, 0, 12288, 11829, 287
2026/09/22 22:14:39.341, 0, 12288, 11829, 287
2026/09/22 22:14:39.549, 0, 12288, 11829, 287
2026/09/22 22:14:39.756, 0, 12288, 11829, 287
2026/09/22 22:14:39.964, 0, 12288, 11829, 287
2026/09/22 22:14:40.171, 0, 12288, 11829, 287
2026/09/22 22:14:40.379, 0, 12288, 11829, 287
2026/09/22 22:14:40.587, 0, 12288, 11829, 287
2026/09/22 22:14:40.794, 0, 12288, 11829, 287
2026/09/22 22:14:41.002, 0, 12288, 11829, 287
2026/09/22 22:14:41.210, 0, 12288, 11829, 287
2026/09/22 22:14:41.418, 0, 12288, 11829, 287
2026/09/22 22:14:41.626, 0, 12288, 11829, 287
2026/09/22 22:14:41.834, 0, 12288, 11829, 287
2026/09/22 22:14:42.041, 0, 12288, 11829, 287
2026/09/22 22:14:42.249, 0, 12288, 11829, 287
2026/09/22 22:14:42.455, 0, 12288, 11829, 287
2026/09/22 22:14:42.663, 0, 12288, 11829, 287
2026/09/22 22:14:42.869, 0, 12288, 11829, 287
2026/09/22 22:14:43.077, 0, 12288, 11829, 287
2026/09/22 22:14:43.284, 0, 12288, 11829, 287
2026/09/22 22:14:43.492, 0, 12288, 11829, 287
2026/09/22 22:14:43.700, 0, 12288, 11829, 287
2026/09/22 22:14:43.919, 0, 12288, 11829, 287
2026/09/22 22:14:44.126, 0, 12288, 11829, 287
2026/09/22 22:14:44.330, 0, 12288, 11829, 287
2026/09/22 22:14:44.538, 0, 12288, 11829, 287
2026/09/22 22:14:44.745, 0, 12288, 11829, 287
2026/09/22 22:14:44.952, 0, 12288, 11829, 287
2026/09/22 22:14:45.159, 0, 12288, 11829, 287
2026/09/22 22:14:45.365, 0, 12288, 11829, 287
2026/09/22 22:14:45.572, 0, 12288, 11829, 287
2026/09/22 22:14:45.779, 0, 12288, 11829, 287
2026/09/22 22:14:45.986, 0, 12288, 11829, 287
2026/09/22 22:14:46.193, 0, 12288, 11829, 287
2026/09/22 22:14:46.401, 0, 12288, 11829, 287
2026/09/22 22:14:46.609, 0, 12288, 11829, 287
2026/09/22 22:14:46.817, 0, 12288, 11829, 287
2026/09/22 22:14:47.025, 0, 12288, 11829, 287
2026/09/22 22:14:47.232, 0, 12288, 11829, 287
2026/09/22 22:14:47.439, 0, 12288, 11829, 287
2026/09/22 22:14:47.646, 0, 12288, 11829, 287
2026/09/22 22:14:47.853, 0, 12288, 11829, 287
2026/09/22 22:14:48.061, 0, 12288, 11829, 287
2026/09/22 22:14:48.268, 0, 12288, 11829, 287
2026/09/22 22:14:48.475, 0, 12288, 11829, 287
2026/09/22 22:14:48.681, 0, 12288, 11829, 287
2026/09/22 22:14:48.889, 0, 12288, 11829, 287
2026/09/22 22:14:49.096, 0, 12288, 11829, 287
2026/09/22 22:14:49.303, 0, 12288, 11829, 287
2026/09/22 22:14:49.511, 0, 12288, 11829, 287
2026/09/22 22:14:49.719, 0, 12288, 11829, 287
2026/09/22 22:14:49.924, 0, 12288, 11829, 287
2026/09/22 22:14:50.130, 0, 12288, 11829, 287
2026/09/22 22:14:50.338, 0, 12288, 11829, 287
2026/09/22 22:14:50.546, 0, 12288, 11829, 287
2026/09/22 22:14:50.753, 0, 12288, 11829, 287
2026/09/22 22:14:50.961, 0, 12288, 11829, 287
2026/09/22 22:14:51.169, 0, 12288, 11829, 287
2026/09/22 22:14:51.376, 0, 12288, 11829, 287
2026/09/22 22:14:51.584, 0, 12288, 11829, 287
2026/09/22 22:14:51.792, 0, 12288, 11829, 287
2026/09/22 22:14:52.000, 0, 12288, 11829, 287
2026/09/22 22:14:52.208, 0, 12288, 11829, 287
2026/09/22 22:14:52.415, 0, 12288, 11829, 287
2026/09/22 22:14:52.623, 0, 12288, 11829, 287
2026/09/22 22:14:52.831, 0, 12288, 11829, 287
2026/09/22 22:14:53.037, 0, 12288, 11829, 287
2026/09/22 22:14:53.243, 0, 12288, 11829, 287
2026/09/22 22:14:53.451, 0, 12288, 11829, 287
2026/09/22 22:14:53.658, 0, 12288, 11829, 287
2026/09/22 22:14:53.865, 0, 12288, 11829, 287
2026/09/22 22:14:54.073, 0, 12288, 11829, 287
2026/09/22 22:14:54.281, 0, 12288, 11829, 287
2026/09/22 22:14:54.486, 0, 12288, 11829, 287
2026/09/22 22:14:54.691, 0, 12288, 11829, 287
2026/09/22 22:14:54.899, 0, 12288, 11829, 287
2026/09/22 22:14:55.105, 0, 12288, 11829, 287
2026/09/22 22:14:55.314, 0, 12288, 11829, 287
2026/09/22 22:14:55.519, 0, 12288, 11829, 287
2026/09/22 22:14:55.727, 0, 12288, 11829, 287
2026/09/22 22:14:55.935, 0, 12288, 11829, 287
2026/09/22 22:14:56.142, 0, 12288, 11829, 287
2026/09/22 22:14:56.348, 0, 12288, 11829, 287
2026/09/22 22:14:56.556, 0, 12288, 11829, 287
2026/09/22 22:14:56.763, 0, 12288, 11829, 287
2026/09/22 22:14:56.971, 0, 12288, 11829, 287
2026/09/22 22:14:57.177, 0, 12288, 11829, 287
2026/09/22 22:14:57.385, 0, 12288, 11829, 287
2026/09/22 22:14:57.593, 0, 12288, 11829, 287
2026/09/22 22:14:57.800, 0, 12288, 11829, 287
2026/09/22 22:14:58.007, 0, 12288, 11829, 287
2026/09/22 22:14:58.215, 0, 12288, 11829, 287
2026/09/22 22:14:58.421, 0, 12288, 11829, 287
2026/09/22 22:14:58.627, 0, 12288, 11829, 287
2026/09/22 22:14:58.835, 0, 12288, 11829, 287
2026/09/22 22:14:59.043, 0, 12288, 11829, 287
2026/09/22 22:14:59.251, 0, 12288, 11829, 287
2026/09/22 22:14:59.459, 0, 12288, 11829, 287
2026/09/22 22:14:59.665, 0, 12288, 11829, 287
2026/09/22 22:14:59.873, 0, 12288, 11829, 287
2026/09/22 22:15:00.080, 0, 12288, 11829, 287
2026/09/22 22:15:00.286, 0, 12288, 11829, 287
2026/09/22 22:15:00.493, 0, 12288, 11829, 287
2026/09/22 22:15:00.701, 0, 12288, 11829, 287
2026/09/22 22:15:00.908, 0, 12288, 11829, 287
2026/09/22 22:15:01.113, 0, 12288, 11829, 287
2026/09/22 22:15:01.319, 0, 12288, 11829, 287
2026/09/22 22:15:01.527, 0, 12288, 11829, 287
2026/09/22 22:15:01.734, 0, 12288, 11829, 287
2026/09/22 22:15:01.941, 0, 12288, 11829, 287
2026/09/22 22:15:02.148, 0, 12288, 11829, 287
2026/09/22 22:15:02.356, 0, 12288, 11829, 287
2026/09/22 22:15:02.561, 0, 12288, 11829, 287
2026/09/22 22:15:02.768, 0, 12288, 11829, 287
2026/09/22 22:15:02.970, 0, 12288, 11829, 287
2026/09/22 22:15:03.176, 0, 12288, 11829, 287
2026/09/22 22:15:03.383, 0, 12288, 11829, 287
2026/09/22 22:15:03.591, 0, 12288, 11829, 287
2026/09/22 22:15:03.799, 0, 12288, 11829, 287
2026/09/22 22:15:04.003, 0, 12288, 11829, 287
2026/09/22 22:15:04.210, 0, 12288, 11829, 287
2026/09/22 22:15:04.418, 0, 12288, 11829, 287
2026/09/22 22:15:04.624, 0, 12288, 11829, 287
2026/09/22 22:15:04.830, 0, 12288, 11829, 287
2026/09/22 22:15:05.032, 0, 12288, 11829, 287
2026/09/22 22:15:05.239, 0, 12288, 11829, 287
2026/09/22 22:15:05.446, 0, 12288, 11829, 287
2026/09/22 22:15:05.653, 0, 12288, 11829, 287
2026/09/22 22:15:05.860, 0, 12288, 11829, 287
2026/09/22 22:15:06.068, 0, 12288, 11829, 287
2026/09/22 22:15:06.276, 0, 12288, 11829, 287
2026/09/22 22:15:06.484, 0, 12288, 11829, 287
2026/09/22 22:15:06.692, 0, 12288, 11829, 287
2026/09/22 22:15:06.899, 0, 12288, 11829, 287
2026/09/22 22:15:07.105, 0, 12288, 11829, 287
2026/09/22 22:15:07.313, 0, 12288, 11829, 287
2026/09/22 22:15:07.519, 0, 12288, 11829, 287
2026/09/22 22:15:07.725, 0, 12288, 11829, 287
2026/09/22 22:15:07.933, 0, 12288, 11829, 287
2026/09/22 22:15:08.141, 0, 12288, 11829, 287
2026/09/22 22:15:08.348, 0, 12288, 11829, 287
2026/09/22 22:15:08.556, 0, 12288, 11829, 287
2026/09/22 22:15:08.763, 0, 12288, 11829, 287
2026/09/22 22:15:08.970, 0, 12288, 11829, 287
2026/09/22 22:15:09.178, 0, 12288, 11829, 287
2026/09/22 22:15:09.386, 0, 12288, 11829, 287
2026/09/22 22:15:09.594, 0, 12288, 11829, 287
2026/09/22 22:15:09.802, 0, 12288, 11829, 287
2026/09/22 22:15:10.009, 0, 12288, 11829, 287
2026/09/22 22:15:10.217, 0, 12288, 11829, 287
2026/09/22 22:15:10.423, 0, 12288, 11829, 287
2026/09/22 22:15:10.631, 0, 12288, 11829, 287
2026/09/22 22:15:10.839, 0, 12288, 11829, 287
2026/09/22 22:15:11.047, 0, 12288, 11829, 287
2026/09/22 22:15:11.254, 0, 12288, 11829, 287
2026/09/22 22:15:11.462, 0, 12288, 11829, 287
2026/09/22 22:15:11.670, 0, 12288, 11829, 287
2026/09/22 22:15:11.877, 0, 12288, 11829, 287
2026/09/22 22:15:12.085, 0, 12288, 11829, 287
2026/09/22 22:15:12.292, 0, 12288, 11829, 287
2026/09/22 22:15:12.499, 0, 12288, 11829, 287
2026/09/22 22:15:12.705, 0, 12288, 11829, 287
2026/09/22 22:15:12.914, 0, 12288, 11829, 287
2026/09/22 22:15:13.122, 0, 12288, 11829, 287
2026/09/22 22:15:13.330, 0, 12288, 11829, 287
2026/09/22 22:15:13.536, 0, 12288, 11829, 287
2026/09/22 22:15:13.744, 0, 12288, 11829, 287
2026/09/22 22:15:13.952, 0, 12288, 11829, 287
2026/09/22 22:15:14.159, 0, 12288, 11829, 287
2026/09/22 22:15:14.367, 0, 12288, 11829, 287
2026/09/22 22:15:14.574, 0, 12288, 11829, 287
2026/09/22 22:15:14.781, 0, 12288, 11829, 287
2026/09/22 22:15:14.986, 0, 12288, 11829, 287
2026/09/22 22:15:15.193, 0, 12288, 11829, 287
2026/09/22 22:15:15.398, 0, 12288, 11829, 287
2026/09/22 22:15:15.606, 0, 12288, 11829, 287
2026/09/22 22:15:15.814, 0, 12288, 11829, 287
2026/09/22 22:15:16.017, 0, 12288, 11829, 287
2026/09/22 22:15:16.222, 0, 12288, 11829, 287
2026/09/22 22:15:16.428, 0, 12288, 11829, 287
2026/09/22 22:15:16.636, 0, 12288, 11829, 287
2026/09/22 22:15:16.844, 0, 12288, 11829, 287
2026/09/22 22:15:17.049, 0, 12288, 11829, 287
2026/09/22 22:15:17.253, 0, 12288, 11829, 287
2026/09/22 22:15:17.461, 0, 12288, 11829, 287
2026/09/22 22:15:17.668, 0, 12288, 11829, 287
2026/09/22 22:15:17.874, 0, 12288, 11829, 287
2026/09/22 22:15:18.081, 0, 12288, 11829, 287
2026/09/22 22:15:18.285, 0, 12288, 11829, 287
2026/09/22 22:15:18.492, 0, 12288, 11829, 287
2026/09/22 22:15:18.700, 0, 12288, 11829, 287
2026/09/22 22:15:18.905, 0, 12288, 11829, 287
2026/09/22 22:15:19.110, 0, 12288, 11829, 287
2026/09/22 22:15:19.316, 0, 12288, 11829, 287
2026/09/22 22:15:19.524, 0, 12288, 11829, 287
2026/09/22 22:15:19.731, 0, 12288, 11829, 287
2026/09/22 22:15:19.938, 0, 12288, 11829, 287
2026/09/22 22:15:20.143, 0, 12288, 11829, 287
2026/09/22 22:15:20.351, 0, 12288, 11829, 287
2026/09/22 22:15:20.556, 0, 12288, 11829, 287
2026/09/22 22:15:20.762, 0, 12288, 11829, 287
2026/09/22 22:15:20.969, 0, 12288, 11829, 287
2026/09/22 22:15:21.174, 0, 12288, 11829, 287
2026/09/22 22:15:21.380, 0, 12288, 11829, 287
2026/09/22 22:15:21.586, 0, 12288, 11829, 287
2026/09/22 22:15:21.793, 0, 12288, 11829, 287
2026/09/22 22:15:21.998, 0, 12288, 11829, 287
2026/09/22 22:15:22.203, 0, 12288, 11829, 287
2026/09/22 22:15:22.411, 0, 12288, 11829, 287
2026/09/22 22:15:22.618, 0, 12288, 11829, 287
2026/09/22 22:15:22.825, 0, 12288, 11829, 287
2026/09/22 22:15:23.031, 0, 12288, 11829, 287
2026/09/22 22:15:23.236, 0, 12288, 11829, 287
2026/09/22 22:15:23.440, 0, 12288, 11829, 287
2026/09/22 22:15:23.648, 0, 12288, 11829, 287
2026/09/22 22:15:23.855, 0, 12288, 11829, 287
2026/09/22 22:15:24.063, 0, 12288, 11829, 287
2026/09/22 22:15:24.271, 0, 12288, 11829, 287
2026/09/22 22:15:24.478, 0, 12288, 11829, 287
2026/09/22 22:15:24.685, 0, 12288, 11829, 287
2026/09/22 22:15:24.892, 0, 12288, 11829, 287
2026/09/22 22:15:25.097, 0, 12288, 11829, 287
2026/09/22 22:15:25.305, 0, 12288, 11829, 287
2026/09/22 22:15:25.512, 0, 12288, 11829, 287
2026/09/22 22:15:25.718, 0, 12288, 11829, 287
2026/09/22 22:15:25.925, 0, 12288, 11829, 287
2026/09/22 22:15:26.133, 0, 12288, 11829, 287
2026/09/22 22:15:26.340, 0, 12288, 11829, 287
2026/09/22 22:15:26.548, 0, 12288, 11829, 287
2026/09/22 22:15:26.755, 0, 12288, 11829, 287
2026/09/22 22:15:26.962, 0, 12288, 11829, 287
2026/09/22 22:15:27.169, 0, 12288, 11829, 287
2026/09/22 22:15:27.376, 0, 12288, 11829, 287
2026/09/22 22:15:27.584, 0, 12288, 11829, 287
2026/09/22 22:15:27.789, 0, 12288, 11829, 287
2026/09/22 22:15:27.996, 0, 12288, 11829, 287
2026/09/22 22:15:28.204, 0, 12288, 11829, 287
2026/09/22 22:15:28.410, 0, 12288, 11829, 287
2026/09/22 22:15:28.617, 0, 12288, 11829, 287
2026/09/22 22:15:28.825, 0, 12288, 11829, 287
2026/09/22 22:15:29.032, 0, 12288, 11829, 287
2026/09/22 22:15:29.239, 0, 12288, 11829, 287
2026/09/22 22:15:29.446, 0, 12288, 11829, 287
2026/09/22 22:15:29.654, 0, 12288, 11829, 287
2026/09/22 22:15:29.862, 0, 12288, 11829, 287
2026/09/22 22:15:30.066, 0, 12288, 11829, 287
2026/09/22 22:15:30.274, 0, 12288, 11829, 287
2026/09/22 22:15:30.480, 0, 12288, 11829, 287
2026/09/22 22:15:30.687, 0, 12288, 11829, 287
2026/09/22 22:15:30.894, 0, 12288, 11829, 287
2026/09/22 22:15:31.102, 0, 12288, 11829, 287
2026/09/22 22:15:31.310, 0, 12288, 11829, 287
2026/09/22 22:15:31.518, 0, 12288, 11829, 287
2026/09/22 22:15:31.725, 0, 12288, 11829, 287
2026/09/22 22:15:31.932, 0, 12288, 11829, 287
2026/09/22 22:15:32.140, 0, 12288, 11829, 287
2026/09/22 22:15:32.348, 0, 12288, 11829, 287
2026/09/22 22:15:32.555, 0, 12288, 11829, 287
2026/09/22 22:15:32.763, 0, 12288, 11829, 287
2026/09/22 22:15:32.970, 0, 12288, 11829, 287
2026/09/22 22:15:33.178, 0, 12288, 11829, 287
2026/09/22 22:15:33.386, 0, 12288, 11829, 287
2026/09/22 22:15:33.594, 0, 12288, 11829, 287
2026/09/22 22:15:33.802, 0, 12288, 11829, 287
2026/09/22 22:15:34.010, 0, 12288, 11829, 287
2026/09/22 22:15:34.218, 0, 12288, 11829, 287
2026/09/22 22:15:34.425, 0, 12288, 11829, 287
2026/09/22 22:15:34.633, 0, 12288, 11829, 287
2026/09/22 22:15:34.840, 0, 12288, 11829, 287
2026/09/22 22:15:35.044, 0, 12288, 11829, 287
2026/09/22 22:15:35.252, 0, 12288, 11829, 287
2026/09/22 22:15:35.456, 0, 12288, 11829, 287
2026/09/22 22:15:35.664, 0, 12288, 11829, 287
2026/09/22 22:15:35.870, 0, 12288, 11829, 287
2026/09/22 22:15:36.078, 0, 12288, 11829, 287
2026/09/22 22:15:36.286, 0, 12288, 11829, 287
2026/09/22 22:15:36.494, 0, 12288, 11829, 287
2026/09/22 22:15:36.702, 0, 12288, 11829, 287
2026/09/22 22:15:36.908, 0, 12288, 11829, 287
2026/09/22 22:15:37.112, 0, 12288, 11829, 287
2026/09/22 22:15:37.320, 0, 12288, 11829, 287
2026/09/22 22:15:37.527, 0, 12288, 11829, 287
2026/09/22 22:15:37.735, 0, 12288, 11829, 287
2026/09/22 22:15:37.938, 0, 12288, 11829, 287
2026/09/22 22:15:38.146, 0, 12288, 11829, 287
2026/09/22 22:15:38.353, 0, 12288, 11829, 287
2026/09/22 22:15:38.559, 0, 12288, 11829, 287
2026/09/22 22:15:38.766, 0, 12288, 11829, 287
2026/09/22 22:15:38.970, 0, 12288, 11829, 287
2026/09/22 22:15:39.177, 0, 12288, 11829, 287
2026/09/22 22:15:39.385, 0, 12288, 11829, 287
2026/09/22 22:15:39.592, 0, 12288, 11829, 287
2026/09/22 22:15:39.816, 0, 12288, 11829, 287
2026/09/22 22:15:40.024, 0, 12288, 11829, 287
2026/09/22 22:15:40.231, 0, 12288, 11829, 287
2026/09/22 22:15:40.438, 0, 12288, 11829, 287
2026/09/22 22:15:40.645, 0, 12288, 11829, 287
2026/09/22 22:15:40.852, 0, 12288, 11829, 287
2026/09/22 22:15:41.060, 0, 12288, 11829, 287
2026/09/22 22:15:41.268, 0, 12288, 11829, 287
2026/09/22 22:15:41.476, 0, 12288, 11829, 287
2026/09/22 22:15:41.684, 0, 12288, 11829, 287
2026/09/22 22:15:41.892, 0, 12288, 11829, 287
2026/09/22 22:15:42.098, 0, 12288, 11829, 287
2026/09/22 22:15:42.305, 0, 12288, 11829, 287
2026/09/22 22:15:42.513, 0, 12288, 11829, 287
2026/09/22 22:15:42.719, 0, 12288, 11829, 287
2026/09/22 22:15:42.924, 0, 12288, 11829, 287
2026/09/22 22:15:43.131, 0, 12288, 11829, 287
2026/09/22 22:15:43.338, 0, 12288, 11829, 287
2026/09/22 22:15:43.544, 0, 12288, 11829, 287
2026/09/22 22:15:43.751, 0, 12288, 11829, 287
2026/09/22 22:15:43.958, 0, 12288, 11829, 287
2026/09/22 22:15:44.166, 0, 12288, 11829, 287
2026/09/22 22:15:44.371, 0, 12288, 11829, 287
2026/09/22 22:15:44.578, 0, 12288, 11829, 287
2026/09/22 22:15:44.785, 0, 12288, 11829, 287
2026/09/22 22:15:44.993, 0, 12288, 11829, 287
2026/09/22 22:15:45.201, 0, 12288, 11829, 287
2026/09/22 22:15:45.408, 0, 12288, 11829, 287
2026/09/22 22:15:45.616, 0, 12288, 11829, 287
2026/09/22 22:15:45.823, 0, 12288, 11829, 287
2026/09/22 22:15:46.029, 0, 12288, 11829, 287
2026/09/22 22:15:46.237, 0, 12288, 11829, 287
2026/09/22 22:15:46.445, 0, 12288, 11829, 287
2026/09/22 22:15:46.652, 0, 12288, 11829, 287
2026/09/22 22:15:46.859, 0, 12288, 11829, 287
2026/09/22 22:15:47.065, 0, 12288, 11829, 287
2026/09/22 22:15:47.273, 0, 12288, 11829, 287
2026/09/22 22:15:47.480, 0, 12288, 11829, 287
2026/09/22 22:15:47.688, 0, 12288, 11829, 287
2026/09/22 22:15:47.895, 0, 12288, 11829, 287
2026/09/22 22:15:48.101, 0, 12288, 11829, 287
2026/09/22 22:15:48.309, 0, 12288, 11829, 287
2026/09/22 22:15:48.516, 0, 12288, 11829, 287
2026/09/22 22:15:48.724, 0, 12288, 11829, 287
2026/09/22 22:15:48.930, 0, 12288, 11829, 287
2026/09/22 22:15:49.137, 0, 12288, 11829, 287
2026/09/22 22:15:49.345, 0, 12288, 11829, 287
2026/09/22 22:15:49.553, 0, 12288, 11829, 287
2026/09/22 22:15:49.761, 0, 12288, 11829, 287
2026/09/22 22:15:49.969, 0, 12288, 11829, 287
2026/09/22 22:15:50.175, 0, 12288, 11829, 287
2026/09/22 22:15:50.382, 0, 12288, 11829, 287
2026/09/22 22:15:50.589, 0, 12288, 11829, 287
2026/09/22 22:15:50.797, 0, 12288, 11829, 287
2026/09/22 22:15:51.004, 0, 12288, 11829, 287
2026/09/22 22:15:51.210, 0, 12288, 11829, 287
2026/09/22 22:15:51.417, 0, 12288, 11829, 287
2026/09/22 22:15:51.625, 0, 12288, 11829, 287
2026/09/22 22:15:51.832, 0, 12288, 11829, 287
2026/09/22 22:15:52.040, 0, 12288, 11829, 287
2026/09/22 22:15:52.248, 0, 12288, 11829, 287
2026/09/22 22:15:52.456, 0, 12288, 11829, 287
2026/09/22 22:15:52.664, 0, 12288, 11829, 287
2026/09/22 22:15:52.870, 0, 12288, 11829, 287
2026/09/22 22:15:53.078, 0, 12288, 11829, 287
2026/09/22 22:15:53.285, 0, 12288, 11829, 287
2026/09/22 22:15:53.493, 0, 12288, 11829, 287
2026/09/22 22:15:53.699, 0, 12288, 11829, 287
2026/09/22 22:15:53.905, 0, 12288, 11829, 287
2026/09/22 22:15:54.110, 0, 12288, 11829, 287
2026/09/22 22:15:54.315, 0, 12288, 11829, 287
2026/09/22 22:15:54.523, 0, 12288, 11829, 287
2026/09/22 22:15:54.729, 0, 12288, 11829, 287
2026/09/22 22:15:54.936, 0, 12288, 11829, 287
2026/09/22 22:15:55.144, 0, 12288, 11829, 287
2026/09/22 22:15:55.351, 0, 12288, 11829, 287
2026/09/22 22:15:55.558, 0, 12288, 11829, 287
2026/09/22 22:15:55.764, 0, 12288, 11829, 287
2026/09/22 22:15:55.972, 0, 12288, 11829, 287
2026/09/22 22:15:56.180, 0, 12288, 11829, 287
2026/09/22 22:15:56.388, 0, 12288, 11829, 287
2026/09/22 22:15:56.596, 0, 12288, 11829, 287
2026/09/22 22:15:56.802, 0, 12288, 11829, 287
2026/09/22 22:15:57.010, 0, 12288, 11829, 287
2026/09/22 22:15:57.218, 0, 12288, 11829, 287
2026/09/22 22:15:57.424, 0, 12288, 11829, 287
2026/09/22 22:15:57.631, 0, 12288, 11829, 287
2026/09/22 22:15:57.839, 0, 12288, 11829, 287
2026/09/22 22:15:58.046, 0, 12288, 11829, 287
2026/09/22 22:15:58.251, 0, 12288, 11829, 287
2026/09/22 22:15:58.455, 0, 12288, 11829, 287
2026/09/22 22:15:58.662, 0, 12288, 11829, 287
2026/09/22 22:15:58.869, 0, 12288, 11829, 287
2026/09/22 22:15:59.077, 0, 12288, 11829, 287
2026/09/22 22:15:59.284, 0, 12288, 11829, 287
2026/09/22 22:15:59.491, 0, 12288, 11829, 287
2026/09/22 22:15:59.698, 0, 12288, 11829, 287
2026/09/22 22:15:59.904, 0, 12288, 11829, 287
2026/09/22 22:16:00.111, 0, 12288, 11829, 287
2026/09/22 22:16:00.319, 0, 12288, 11829, 287
2026/09/22 22:16:00.526, 0, 12288, 11829, 287
2026/09/22 22:16:00.732, 0, 12288, 11829, 287
2026/09/22 22:16:00.938, 0, 12288, 11829, 287
2026/09/22 22:16:01.146, 0, 12288, 11829, 287
2026/09/22 22:16:01.353, 0, 12288, 11829, 287
2026/09/22 22:16:01.560, 0, 12288, 11829, 287
2026/09/22 22:16:01.768, 0, 12288, 11829, 287
2026/09/22 22:16:01.975, 0, 12288, 11829, 287
2026/09/22 22:16:02.182, 0, 12288, 11829, 287
2026/09/22 22:16:02.389, 0, 12288, 11829, 287
2026/09/22 22:16:02.597, 0, 12288, 11829, 287
2026/09/22 22:16:02.805, 0, 12288, 11829, 287
2026/09/22 22:16:03.009, 0, 12288, 11829, 287
2026/09/22 22:16:03.217, 0, 12288, 11829, 287
2026/09/22 22:16:03.424, 0, 12288, 11829, 287
2026/09/22 22:16:03.631, 0, 12288, 11829, 287
2026/09/22 22:16:03.836, 0, 12288, 11829, 287
2026/09/22 22:16:04.043, 0, 12288, 11829, 287
2026/09/22 22:16:04.250, 0, 12288, 11829, 287
2026/09/22 22:16:04.455, 0, 12288, 11829, 287
2026/09/22 22:16:04.662, 0, 12288, 11829, 287
2026/09/22 22:16:04.869, 0, 12288, 11829, 287
2026/09/22 22:16:05.077, 0, 12288, 11829, 287
2026/09/22 22:16:05.284, 0, 12288, 11829, 287
2026/09/22 22:16:05.489, 0, 12288, 11829, 287
2026/09/22 22:16:05.695, 0, 12288, 11829, 287
2026/09/22 22:16:05.903, 0, 12288, 11829, 287
2026/09/22 22:16:06.111, 0, 12288, 11829, 287
2026/09/22 22:16:06.318, 0, 12288, 11829, 287
2026/09/22 22:16:06.525, 0, 12288, 11829, 287
2026/09/22 22:16:06.733, 0, 12288, 11829, 287
2026/09/22 22:16:06.939, 0, 12288, 11829, 287
2026/09/22 22:16:07.144, 0, 12288, 11829, 287
2026/09/22 22:16:07.351, 0, 12288, 11829, 287
2026/09/22 22:16:07.557, 0, 12288, 11829, 287
2026/09/22 22:16:07.763, 0, 12288, 11829, 287
2026/09/22 22:16:07.970, 0, 12288, 11829, 287
2026/09/22 22:16:08.178, 0, 12288, 11829, 287
2026/09/22 22:16:08.385, 0, 12288, 11829, 287
2026/09/22 22:16:08.592, 0, 12288, 11829, 287
2026/09/22 22:16:08.799, 0, 12288, 11829, 287
2026/09/22 22:16:09.002, 0, 12288, 11829, 287
2026/09/22 22:16:09.210, 0, 12288, 11829, 287
2026/09/22 22:16:09.416, 0, 12288, 11829, 287
2026/09/22 22:16:09.623, 0, 12288, 11829, 287
2026/09/22 22:16:09.830, 0, 12288, 11829, 287
2026/09/22 22:16:10.037, 0, 12288, 11829, 287
2026/09/22 22:16:10.245, 0, 12288, 11829, 287
2026/09/22 22:16:10.453, 0, 12288, 11829, 287
2026/09/22 22:16:10.658, 0, 12288, 11829, 287
2026/09/22 22:16:10.866, 0, 12288, 11829, 287
2026/09/22 22:16:11.073, 0, 12288, 11829, 287
2026/09/22 22:16:11.280, 0, 12288, 11829, 287
2026/09/22 22:16:11.488, 0, 12288, 11829, 287
2026/09/22 22:16:11.695, 0, 12288, 11829, 287
2026/09/22 22:16:11.900, 0, 12288, 11829, 287
2026/09/22 22:16:12.105, 0, 12288, 11829, 287
2026/09/22 22:16:12.313, 0, 12288, 11829, 287
2026/09/22 22:16:12.519, 0, 12288, 11829, 287
2026/09/22 22:16:12.726, 0, 12288, 11829, 287
2026/09/22 22:16:12.933, 0, 12288, 11829, 287
2026/09/22 22:16:13.141, 0, 12288, 11829, 287
2026/09/22 22:16:13.349, 0, 12288, 11829, 287
2026/09/22 22:16:13.557, 0, 12288, 11829, 287
2026/09/22 22:16:13.764, 0, 12288, 11829, 287
2026/09/22 22:16:13.970, 0, 12288, 11829, 287
2026/09/22 22:16:14.175, 0, 12288, 11829, 287
2026/09/22 22:16:14.382, 0, 12288, 11829, 287
2026/09/22 22:16:14.590, 0, 12288, 11829, 287
2026/09/22 22:16:14.798, 0, 12288, 11829, 287
2026/09/22 22:16:15.004, 0, 12288, 11829, 287
2026/09/22 22:16:15.211, 0, 12288, 11829, 287
2026/09/22 22:16:15.417, 0, 12288, 11829, 287
2026/09/22 22:16:15.625, 0, 12288, 11829, 287
2026/09/22 22:16:15.831, 0, 12288, 11829, 287
2026/09/22 22:16:16.039, 0, 12288, 11829, 287
2026/09/22 22:16:16.246, 0, 12288, 11829, 287
2026/09/22 22:16:16.453, 0, 12288, 11829, 287
2026/09/22 22:16:16.661, 0, 12288, 11829, 287
2026/09/22 22:16:16.869, 0, 12288, 11829, 287
2026/09/22 22:16:17.077, 0, 12288, 11829, 287
2026/09/22 22:16:17.284, 0, 12288, 11829, 287
2026/09/22 22:16:17.490, 0, 12288, 11829, 287
2026/09/22 22:16:17.698, 0, 12288, 11829, 287
2026/09/22 22:16:17.903, 0, 12288, 11829, 287
2026/09/22 22:16:18.110, 0, 12288, 11829, 287
2026/09/22 22:16:18.316, 0, 12288, 11829, 287
2026/09/22 22:16:18.523, 0, 12288, 11829, 287
2026/09/22 22:16:18.731, 0, 12288, 11829, 287
2026/09/22 22:16:18.938, 0, 12288, 11829, 287
2026/09/22 22:16:19.145, 0, 12288, 11829, 287
2026/09/22 22:16:19.353, 0, 12288, 11829, 287
2026/09/22 22:16:19.560, 0, 12288, 11829, 287
2026/09/22 22:16:19.768, 0, 12288, 11829, 287
2026/09/22 22:16:19.975, 0, 12288, 11829, 287
2026/09/22 22:16:20.183, 0, 12288, 11829, 287
2026/09/22 22:16:20.389, 0, 12288, 11829, 287
2026/09/22 22:16:20.596, 0, 12288, 11829, 287
2026/09/22 22:16:20.803, 0, 12288, 11829, 287
2026/09/22 22:16:21.011, 0, 12288, 11829, 287
2026/09/22 22:16:21.219, 0, 12288, 11829, 287
2026/09/22 22:16:21.427, 0, 12288, 11829, 287
2026/09/22 22:16:21.631, 0, 12288, 11829, 287
2026/09/22 22:16:21.839, 0, 12288, 11829, 287
2026/09/22 22:16:22.047, 0, 12288, 11829, 287
2026/09/22 22:16:22.254, 0, 12288, 11829, 287
2026/09/22 22:16:22.458, 0, 12288, 11829, 287
2026/09/22 22:16:22.662, 0, 12288, 11829, 287
2026/09/22 22:16:22.869, 0, 12288, 11829, 287
2026/09/22 22:16:23.076, 0, 12288, 11829, 287
2026/09/22 22:16:23.284, 0, 12288, 11829, 287
2026/09/22 22:16:23.490, 0, 12288, 11829, 287
2026/09/22 22:16:23.698, 0, 12288, 11829, 287
2026/09/22 22:16:23.903, 0, 12288, 11829, 287
2026/09/22 22:16:24.110, 0, 12288, 11829, 287
2026/09/22 22:16:24.318, 0, 12288, 11829, 287
2026/09/22 22:16:24.526, 0, 12288, 11829, 287
2026/09/22 22:16:24.734, 0, 12288, 11829, 287
2026/09/22 22:16:24.940, 0, 12288, 11829, 287
2026/09/22 22:16:25.147, 0, 12288, 11829, 287
2026/09/22 22:16:25.354, 0, 12288, 11829, 287
2026/09/22 22:16:25.559, 0, 12288, 11829, 287
2026/09/22 22:16:25.766, 0, 12288, 11829, 287
2026/09/22 22:16:25.970, 0, 12288, 11829, 287
2026/09/22 22:16:26.175, 0, 12288, 11829, 287
2026/09/22 22:16:26.382, 0, 12288, 11829, 287
2026/09/22 22:16:26.589, 0, 12288, 11829, 287
2026/09/22 22:16:26.795, 0, 12288, 11829, 287
2026/09/22 22:16:27.003, 0, 12288, 11829, 287
2026/09/22 22:16:27.209, 0, 12288, 11829, 287
2026/09/22 22:16:27.417, 0, 12288, 11829, 287
2026/09/22 22:16:27.624, 0, 12288, 11829, 287
2026/09/22 22:16:27.830, 0, 12288, 11829, 287
2026/09/22 22:16:28.037, 0, 12288, 11829, 287
2026/09/22 22:16:28.245, 0, 12288, 11829, 287
2026/09/22 22:16:28.453, 0, 12288, 11829, 287
2026/09/22 22:16:28.659, 0, 12288, 11829, 287
2026/09/22 22:16:28.866, 0, 12288, 11829, 287
2026/09/22 22:16:29.074, 0, 12288, 11829, 287
2026/09/22 22:16:29.282, 0, 12288, 11829, 287
2026/09/22 22:16:29.486, 0, 12288, 11829, 287
2026/09/22 22:16:29.693, 0, 12288, 11829, 287
2026/09/22 22:16:29.901, 0, 12288, 11829, 287
2026/09/22 22:16:30.109, 0, 12288, 11829, 287
2026/09/22 22:16:30.316, 0, 12288, 11829, 287
2026/09/22 22:16:30.523, 0, 12288, 11829, 287
2026/09/22 22:16:30.731, 0, 12288, 11829, 287
2026/09/22 22:16:30.938, 0, 12288, 11829, 287
2026/09/22 22:16:31.144, 0, 12288, 11829, 287
2026/09/22 22:16:31.352, 0, 12288, 11829, 287
2026/09/22 22:16:31.560, 0, 12288, 11829, 287
2026/09/22 22:16:31.767, 0, 12288, 11829, 287
2026/09/22 22:16:31.972, 0, 12288, 11829, 287
2026/09/22 22:16:32.179, 0, 12288, 11829, 287
2026/09/22 22:16:32.387, 0, 12288, 11829, 287
2026/09/22 22:16:32.594, 0, 12288, 11829, 287
2026/09/22 22:16:32.798, 0, 12288, 11829, 287
2026/09/22 22:16:33.002, 0, 12288, 11829, 287
2026/09/22 22:16:33.207, 0, 12288, 11829, 287
2026/09/22 22:16:33.415, 0, 12288, 11829, 287
2026/09/22 22:16:33.622, 0, 12288, 11829, 287
2026/09/22 22:16:33.830, 0, 12288, 11829, 287
2026/09/22 22:16:34.034, 0, 12288, 11829, 287
2026/09/22 22:16:34.241, 0, 12288, 11829, 287
2026/09/22 22:16:34.449, 0, 12288, 11829, 287
2026/09/22 22:16:34.657, 0, 12288, 11829, 287
2026/09/22 22:16:34.865, 0, 12288, 11829, 287
2026/09/22 22:16:35.073, 0, 12288, 11829, 287
2026/09/22 22:16:35.280, 0, 12288, 11829, 287
2026/09/22 22:16:35.487, 0, 12288, 11829, 287
2026/09/22 22:16:35.695, 0, 12288, 11829, 287
2026/09/22 22:16:35.903, 0, 12288, 11829, 287
2026/09/22 22:16:36.110, 0, 12288, 11829, 287
2026/09/22 22:16:36.317, 0, 12288, 11829, 287
2026/09/22 22:16:36.522, 0, 12288, 11829, 287
2026/09/22 22:16:36.730, 0, 12288, 11829, 287
2026/09/22 22:16:36.937, 0, 12288, 11829, 287
2026/09/22 22:16:37.143, 0, 12288, 11829, 287
2026/09/22 22:16:37.350, 0, 12288, 11829, 287
2026/09/22 22:16:37.557, 0, 12288, 11829, 287
2026/09/22 22:16:37.765, 0, 12288, 11829, 287
2026/09/22 22:16:37.970, 0, 12288, 11829, 287
2026/09/22 22:16:38.178, 0, 12288, 11829, 287
2026/09/22 22:16:38.387, 0, 12288, 11829, 287
2026/09/22 22:16:38.595, 0, 12288, 11829, 287
2026/09/22 22:16:38.801, 0, 12288, 11829, 287
2026/09/22 22:16:39.009, 0, 12288, 11829, 287
2026/09/22 22:16:39.215, 0, 12288, 11829, 287
2026/09/22 22:16:39.423, 0, 12288, 11829, 287
2026/09/22 22:16:39.631, 0, 12288, 11829, 287
2026/09/22 22:16:39.839, 0, 12288, 11829, 287
2026/09/22 22:16:40.045, 0, 12288, 11829, 287
2026/09/22 22:16:40.252, 0, 12288, 11829, 287
2026/09/22 22:16:40.460, 0, 12288, 11829, 287
2026/09/22 22:16:40.668, 0, 12288, 11829, 287
2026/09/22 22:16:40.875, 0, 12288, 11829, 287
2026/09/22 22:16:41.083, 0, 12288, 11829, 287
2026/09/22 22:16:41.289, 0, 12288, 11829, 287
2026/09/22 22:16:41.496, 0, 12288, 11829, 287
2026/09/22 22:16:41.704, 0, 12288, 11829, 287
2026/09/22 22:16:41.912, 0, 12288, 11829, 287
2026/09/22 22:16:42.119, 0, 12288, 11829, 287
2026/09/22 22:16:42.327, 0, 12288, 11829, 287
2026/09/22 22:16:42.533, 0, 12288, 11829, 287
2026/09/22 22:16:42.740, 0, 12288, 11829, 287
2026/09/22 22:16:42.947, 0, 12288, 11829, 287
2026/09/22 22:16:43.154, 0, 12288, 11829, 287
2026/09/22 22:16:43.361, 0, 12288, 11829, 287
2026/09/22 22:16:43.568, 0, 12288, 11829, 287
2026/09/22 22:16:43.775, 0, 12288, 11829, 287
2026/09/22 22:16:43.983, 0, 12288, 11829, 287
2026/09/22 22:16:44.190, 0, 12288, 11829, 287
2026/09/22 22:16:44.398, 0, 12288, 11829, 287
2026/09/22 22:16:44.605, 0, 12288, 11829, 287
2026/09/22 22:16:44.813, 0, 12288, 11829, 287
2026/09/22 22:16:45.017, 0, 12288, 11829, 287
2026/09/22 22:16:45.225, 0, 12288, 11829, 287
2026/09/22 22:16:45.431, 0, 12288, 11829, 287
2026/09/22 22:16:45.639, 0, 12288, 11829, 287
2026/09/22 22:16:45.845, 0, 12288, 11829, 287
2026/09/22 22:16:46.052, 0, 12288, 11829, 287
2026/09/22 22:16:46.260, 0, 12288, 11829, 287
2026/09/22 22:16:46.467, 0, 12288, 11829, 287
2026/09/22 22:16:46.675, 0, 12288, 11829, 287
2026/09/22 22:16:46.883, 0, 12288, 11829, 287
2026/09/22 22:16:47.091, 0, 12288, 11829, 287
2026/09/22 22:16:47.298, 0, 12288, 11829, 287
2026/09/22 22:16:47.506, 0, 12288, 11829, 287
2026/09/22 22:16:47.713, 0, 12288, 11829, 287
2026/09/22 22:16:47.919, 0, 12288, 11829, 287
2026/09/22 22:16:48.127, 0, 12288, 11829, 287
2026/09/22 22:16:48.335, 0, 12288, 11829, 287
2026/09/22 22:16:48.543, 0, 12288, 11829, 287
2026/09/22 22:16:48.750, 0, 12288, 11829, 287
2026/09/22 22:16:48.957, 0, 12288, 11829, 287
2026/09/22 22:16:49.164, 0, 12288, 11829, 287
2026/09/22 22:16:49.372, 0, 12288, 11829, 287
2026/09/22 22:16:49.580, 0, 12288, 11829, 287
2026/09/22 22:16:49.788, 0, 12288, 11829, 287
2026/09/22 22:16:49.996, 0, 12288, 11829, 287
2026/09/22 22:16:50.204, 0, 12288, 11829, 287
2026/09/22 22:16:50.408, 0, 12288, 11829, 287
2026/09/22 22:16:50.613, 0, 12288, 11829, 287
2026/09/22 22:16:50.821, 0, 12288, 11829, 287
2026/09/22 22:16:51.029, 0, 12288, 11829, 287
2026/09/22 22:16:51.237, 0, 12288, 11829, 287
2026/09/22 22:16:51.440, 0, 12288, 11829, 287
2026/09/22 22:16:51.644, 0, 12288, 11829, 287
2026/09/22 22:16:51.851, 0, 12288, 11829, 287
2026/09/22 22:16:52.057, 0, 12288, 11829, 287
2026/09/22 22:16:52.265, 0, 12288, 11829, 287
2026/09/22 22:16:52.473, 0, 12288, 11829, 287
2026/09/22 22:16:52.680, 0, 12288, 11829, 287
2026/09/22 22:16:52.888, 0, 12288, 11829, 287
2026/09/22 22:16:53.095, 0, 12288, 11829, 287
2026/09/22 22:16:53.301, 0, 12288, 11829, 287
2026/09/22 22:16:53.509, 0, 12288, 11829, 287
2026/09/22 22:16:53.717, 0, 12288, 11829, 287
2026/09/22 22:16:53.924, 0, 12288, 11829, 287
2026/09/22 22:16:54.132, 0, 12288, 11829, 287
2026/09/22 22:16:54.340, 0, 12288, 11829, 287
2026/09/22 22:16:54.547, 0, 12288, 11829, 287
2026/09/22 22:16:54.754, 0, 12288, 11829, 287
2026/09/22 22:16:54.961, 0, 12288, 11829, 287
2026/09/22 22:16:55.167, 0, 12288, 11829, 287
2026/09/22 22:16:55.374, 0, 12288, 11829, 287
2026/09/22 22:16:55.580, 0, 12288, 11829, 287
2026/09/22 22:16:55.789, 0, 12288, 11829, 287
2026/09/22 22:16:55.996, 0, 12288, 11829, 287
2026/09/22 22:16:56.203, 0, 12288, 11829, 287
2026/09/22 22:16:56.409, 0, 12288, 11829, 287
2026/09/22 22:16:56.617, 0, 12288, 11829, 287
2026/09/22 22:16:56.825, 0, 12288, 11829, 287
2026/09/22 22:16:57.033, 0, 12288, 11829, 287
2026/09/22 22:16:57.239, 0, 12288, 11829, 287
2026/09/22 22:16:57.447, 0, 12288, 11829, 287
2026/09/22 22:16:57.654, 0, 12288, 11829, 287
2026/09/22 22:16:57.862, 0, 12288, 11829, 287
2026/09/22 22:16:58.069, 0, 12288, 11829, 287
2026/09/22 22:16:58.276, 0, 12288, 11829, 287
2026/09/22 22:16:58.482, 0, 12288, 11829, 287
2026/09/22 22:16:58.689, 0, 12288, 11829, 287
2026/09/22 22:16:58.897, 0, 12288, 11829, 287
2026/09/22 22:16:59.104, 0, 12288, 11829, 287
2026/09/22 22:16:59.312, 0, 12288, 11829, 287
2026/09/22 22:16:59.520, 0, 12288, 11829, 287
2026/09/22 22:16:59.726, 0, 12288, 11829, 287
2026/09/22 22:16:59.933, 0, 12288, 11829, 287
2026/09/22 22:17:00.140, 0, 12288, 11829, 287
2026/09/22 22:17:00.348, 0, 12288, 11829, 287
2026/09/22 22:17:00.555, 0, 12288, 11829, 287
2026/09/22 22:17:00.761, 0, 12288, 11829, 287
2026/09/22 22:17:00.968, 0, 12288, 11829, 287
2026/09/22 22:17:01.176, 0, 12288, 11829, 287
2026/09/22 22:17:01.383, 0, 12288, 11829, 287
2026/09/22 22:17:01.606, 0, 12288, 11829, 287
2026/09/22 22:17:01.814, 0, 12288, 11829, 287
2026/09/22 22:17:02.020, 0, 12288, 11829, 287
2026/09/22 22:17:02.227, 0, 12288, 11829, 287
2026/09/22 22:17:02.434, 0, 12288, 11829, 287
2026/09/22 22:17:02.641, 0, 12288, 11829, 287
2026/09/22 22:17:02.846, 0, 12288, 11829, 287
2026/09/22 22:17:03.054, 0, 12288, 11829, 287
2026/09/22 22:17:03.261, 0, 12288, 11829, 287
2026/09/22 22:17:03.468, 0, 12288, 11829, 287
2026/09/22 22:17:03.674, 0, 12288, 11829, 287
2026/09/22 22:17:03.882, 0, 12288, 11829, 287
2026/09/22 22:17:04.089, 0, 12288, 11829, 287
2026/09/22 22:17:04.295, 0, 12288, 11829, 287
2026/09/22 22:17:04.502, 0, 12288, 11829, 287
2026/09/22 22:17:04.710, 0, 12288, 11829, 287
2026/09/22 22:17:04.916, 0, 12288, 11829, 287
2026/09/22 22:17:05.123, 0, 12288, 11829, 287
2026/09/22 22:17:05.332, 0, 12288, 11829, 287
2026/09/22 22:17:05.537, 0, 12288, 11829, 287
2026/09/22 22:17:05.745, 0, 12288, 11829, 287
2026/09/22 22:17:05.953, 0, 12288, 11829, 287
2026/09/22 22:17:06.159, 0, 12288, 11829, 287
2026/09/22 22:17:06.366, 0, 12288, 11829, 287
2026/09/22 22:17:06.573, 0, 12288, 11829, 287
2026/09/22 22:17:06.780, 0, 12288, 11829, 287
2026/09/22 22:17:06.986, 0, 12288, 11829, 287
2026/09/22 22:17:07.191, 0, 12288, 11829, 287
2026/09/22 22:17:07.399, 0, 12288, 11829, 287
2026/09/22 22:17:07.604, 0, 12288, 11829, 287
2026/09/22 22:17:07.811, 0, 12288, 11829, 287
2026/09/22 22:17:08.017, 0, 12288, 11829, 287
2026/09/22 22:17:08.224, 0, 12288, 11829, 287
2026/09/22 22:17:08.432, 0, 12288, 11829, 287
2026/09/22 22:17:08.639, 0, 12288, 11829, 287
2026/09/22 22:17:08.845, 0, 12288, 11829, 287
2026/09/22 22:17:09.051, 0, 12288, 11829, 287
2026/09/22 22:17:09.257, 0, 12288, 11829, 287
2026/09/22 22:17:09.465, 0, 12288, 11829, 287
2026/09/22 22:17:09.672, 0, 12288, 11829, 287
2026/09/22 22:17:09.879, 0, 12288, 11829, 287
2026/09/22 22:17:10.087, 0, 12288, 11829, 287
2026/09/22 22:17:10.293, 0, 12288, 11829, 287
2026/09/22 22:17:10.499, 0, 12288, 11829, 287
2026/09/22 22:17:10.706, 0, 12288, 11829, 287
2026/09/22 22:17:10.914, 0, 12288, 11829, 287
2026/09/22 22:17:11.122, 0, 12288, 11829, 287
2026/09/22 22:17:11.330, 0, 12288, 11829, 287
2026/09/22 22:17:11.537, 0, 12288, 11829, 287
2026/09/22 22:17:11.744, 0, 12288, 11829, 287
2026/09/22 22:17:11.951, 0, 12288, 11829, 287
2026/09/22 22:17:12.159, 0, 12288, 11829, 287
2026/09/22 22:17:12.366, 0, 12288, 11829, 287
2026/09/22 22:17:12.573, 0, 12288, 11829, 287
2026/09/22 22:17:12.781, 0, 12288, 11829, 287
2026/09/22 22:17:12.989, 0, 12288, 11829, 287
2026/09/22 22:17:13.197, 0, 12288, 11829, 287
2026/09/22 22:17:13.405, 0, 12288, 11829, 287
2026/09/22 22:17:13.610, 0, 12288, 11829, 287
2026/09/22 22:17:13.818, 0, 12288, 11829, 287
2026/09/22 22:17:14.024, 0, 12288, 11829, 287
2026/09/22 22:17:14.231, 0, 12288, 11829, 287
2026/09/22 22:17:14.439, 0, 12288, 11829, 287
2026/09/22 22:17:14.644, 0, 12288, 11829, 287
2026/09/22 22:17:14.852, 0, 12288, 11829, 287
2026/09/22 22:17:15.058, 0, 12288, 11829, 287
2026/09/22 22:17:15.266, 0, 12288, 11829, 287
2026/09/22 22:17:15.471, 0, 12288, 11829, 287
2026/09/22 22:17:15.678, 0, 12288, 11829, 287
2026/09/22 22:17:15.886, 0, 12288, 11829, 287
2026/09/22 22:17:16.094, 0, 12288, 11829, 287
2026/09/22 22:17:16.300, 0, 12288, 11829, 287
2026/09/22 22:17:16.508, 0, 12288, 11829, 287
2026/09/22 22:17:16.715, 0, 12288, 11829, 287
2026/09/22 22:17:16.923, 0, 12288, 11829, 287
2026/09/22 22:17:17.131, 0, 12288, 11829, 287
2026/09/22 22:17:17.336, 0, 12288, 11829, 287
2026/09/22 22:17:17.544, 0, 12288, 11829, 287
2026/09/22 22:17:17.752, 0, 12288, 11829, 287
2026/09/22 22:17:17.960, 0, 12288, 11829, 287
2026/09/22 22:17:18.168, 0, 12288, 11829, 287
2026/09/22 22:17:18.373, 0, 12288, 11829, 287
2026/09/22 22:17:18.580, 0, 12288, 11829, 287
2026/09/22 22:17:18.785, 0, 12288, 11829, 287
2026/09/22 22:17:18.991, 0, 12288, 11829, 287
2026/09/22 22:17:19.197, 0, 12288, 11829, 287
2026/09/22 22:17:19.405, 0, 12288, 11829, 287
2026/09/22 22:17:19.613, 0, 12288, 11829, 287
2026/09/22 22:17:19.820, 0, 12288, 11829, 287
2026/09/22 22:17:20.028, 0, 12288, 11829, 287
2026/09/22 22:17:20.236, 0, 12288, 11829, 287
2026/09/22 22:17:20.440, 0, 12288, 11829, 287
2026/09/22 22:17:20.648, 0, 12288, 11829, 287
2026/09/22 22:17:20.855, 0, 12288, 11829, 287
2026/09/22 22:17:21.063, 0, 12288, 11829, 287
2026/09/22 22:17:21.268, 0, 12288, 11829, 287
2026/09/22 22:17:21.475, 0, 12288, 11829, 287
2026/09/22 22:17:21.683, 0, 12288, 11829, 287
2026/09/22 22:17:21.891, 0, 12288, 11829, 287
2026/09/22 22:17:22.097, 0, 12288, 11829, 287
2026/09/22 22:17:22.304, 0, 12288, 11829, 287
2026/09/22 22:17:22.511, 0, 12288, 11829, 287
2026/09/22 22:17:22.719, 0, 12288, 11829, 287
2026/09/22 22:17:22.925, 0, 12288, 11829, 287
2026/09/22 22:17:23.127, 0, 12288, 11829, 287
2026/09/22 22:17:23.333, 0, 12288, 11829, 287
2026/09/22 22:17:23.540, 0, 12288, 11829, 287
2026/09/22 22:17:23.748, 0, 12288, 11829, 287
2026/09/22 22:17:23.955, 0, 12288, 11829, 287
2026/09/22 22:17:24.162, 0, 12288, 11829, 287
2026/09/22 22:17:24.369, 0, 12288, 11829, 287
2026/09/22 22:17:24.576, 0, 12288, 11829, 287
2026/09/22 22:17:24.784, 0, 12288, 11829, 287
2026/09/22 22:17:24.990, 0, 12288, 11829, 287
2026/09/22 22:17:25.197, 0, 12288, 11829, 287
2026/09/22 22:17:25.403, 0, 12288, 11829, 287
2026/09/22 22:17:25.611, 0, 12288, 11829, 287
2026/09/22 22:17:25.818, 0, 12288, 11829, 287
2026/09/22 22:17:26.026, 0, 12288, 11829, 287
2026/09/22 22:17:26.233, 0, 12288, 11829, 287
2026/09/22 22:17:26.439, 0, 12288, 11829, 287
2026/09/22 22:17:26.646, 0, 12288, 11829, 287
2026/09/22 22:17:26.854, 0, 12288, 11829, 287
2026/09/22 22:17:27.061, 0, 12288, 11829, 287
2026/09/22 22:17:27.269, 0, 12288, 11829, 287
2026/09/22 22:17:27.476, 0, 12288, 11829, 287
2026/09/22 22:17:27.682, 0, 12288, 11829, 287
2026/09/22 22:17:27.889, 0, 12288, 11829, 287
2026/09/22 22:17:28.095, 0, 12288, 11829, 287
2026/09/22 22:17:28.302, 0, 12288, 11829, 287
2026/09/22 22:17:28.507, 0, 12288, 11829, 287
2026/09/22 22:17:28.715, 0, 12288, 11829, 287
2026/09/22 22:17:28.923, 0, 12288, 11829, 287
2026/09/22 22:17:29.127, 0, 12288, 11829, 287
2026/09/22 22:17:29.334, 0, 12288, 11829, 287
2026/09/22 22:17:29.540, 0, 12288, 11829, 287
2026/09/22 22:17:29.746, 0, 12288, 11829, 287
2026/09/22 22:17:29.954, 0, 12288, 11829, 287
2026/09/22 22:17:30.160, 0, 12288, 11829, 287
2026/09/22 22:17:30.368, 0, 12288, 11829, 287
2026/09/22 22:17:30.574, 0, 12288, 11829, 287
2026/09/22 22:17:30.781, 0, 12288, 11829, 287
2026/09/22 22:17:30.987, 0, 12288, 11829, 287
2026/09/22 22:17:31.195, 0, 12288, 11829, 287
2026/09/22 22:17:31.403, 0, 12288, 11829, 287
2026/09/22 22:17:31.611, 0, 12288, 11829, 287
2026/09/22 22:17:31.819, 0, 12288, 11829, 287
2026/09/22 22:17:32.026, 0, 12288, 11829, 287
2026/09/22 22:17:32.231, 0, 12288, 11829, 287
2026/09/22 22:17:32.439, 0, 12288, 11829, 287
2026/09/22 22:17:32.644, 0, 12288, 11829, 287
2026/09/22 22:17:32.852, 0, 12288, 11829, 287
2026/09/22 22:17:33.057, 0, 12288, 11829, 287
2026/09/22 22:17:33.265, 0, 12288, 11829, 287
2026/09/22 22:17:33.472, 0, 12288, 11829, 287
2026/09/22 22:17:33.680, 0, 12288, 11829, 287
2026/09/22 22:17:33.887, 0, 12288, 11829, 287
2026/09/22 22:17:34.095, 0, 12288, 11829, 287
2026/09/22 22:17:34.303, 0, 12288, 11829, 287
2026/09/22 22:17:34.511, 0, 12288, 11829, 287
2026/09/22 22:17:34.718, 0, 12288, 11829, 287
2026/09/22 22:17:34.924, 0, 12288, 11829, 287
2026/09/22 22:17:35.131, 0, 12288, 11829, 287
2026/09/22 22:17:35.339, 0, 12288, 11829, 287
2026/09/22 22:17:35.546, 0, 12288, 11829, 287
2026/09/22 22:17:35.752, 0, 12288, 11829, 287
2026/09/22 22:17:35.956, 0, 12288, 11829, 287
2026/09/22 22:17:36.162, 0, 12288, 11829, 287
2026/09/22 22:17:36.370, 0, 12288, 11829, 287
2026/09/22 22:17:36.578, 0, 12288, 11829, 287
2026/09/22 22:17:36.785, 0, 12288, 11829, 287
2026/09/22 22:17:36.991, 0, 12288, 11829, 287
2026/09/22 22:17:37.198, 0, 12288, 11829, 287
2026/09/22 22:17:37.405, 0, 12288, 11829, 287
2026/09/22 22:17:37.612, 0, 12288, 11829, 287
2026/09/22 22:17:37.819, 0, 12288, 11829, 287
2026/09/22 22:17:38.025, 0, 12288, 11829, 287
2026/09/22 22:17:38.231, 0, 12288, 11829, 287
2026/09/22 22:17:38.439, 0, 12288, 11829, 287
2026/09/22 22:17:38.647, 0, 12288, 11829, 287
2026/09/22 22:17:38.855, 0, 12288, 11829, 287
2026/09/22 22:17:39.062, 0, 12288, 11829, 287
2026/09/22 22:17:39.269, 0, 12288, 11829, 287
2026/09/22 22:17:39.478, 0, 12288, 11829, 287
2026/09/22 22:17:39.685, 0, 12288, 11829, 287
2026/09/22 22:17:39.892, 0, 12288, 11829, 287
2026/09/22 22:17:40.097, 0, 12288, 11829, 287
2026/09/22 22:17:40.305, 0, 12288, 11829, 287
2026/09/22 22:17:40.513, 0, 12288, 11829, 287
2026/09/22 22:17:40.720, 0, 12288, 11829, 287
2026/09/22 22:17:40.928, 0, 12288, 11829, 287
2026/09/22 22:17:41.137, 0, 12288, 11829, 287
2026/09/22 22:17:41.344, 0, 12288, 11829, 287
2026/09/22 22:17:41.549, 0, 12288, 11829, 287
2026/09/22 22:17:41.757, 0, 12288, 11829, 287
2026/09/22 22:17:41.965, 0, 12288, 11829, 287
2026/09/22 22:17:42.173, 0, 12288, 11829, 287
2026/09/22 22:17:42.379, 0, 12288, 11829, 287
2026/09/22 22:17:42.587, 0, 12288, 11829, 287
2026/09/22 22:17:42.795, 0, 12288, 11829, 287
2026/09/22 22:17:43.002, 0, 12288, 11829, 287
2026/09/22 22:17:43.209, 0, 12288, 11829, 287
2026/09/22 22:17:43.417, 0, 12288, 11829, 287
2026/09/22 22:17:43.622, 0, 12288, 11829, 287
2026/09/22 22:17:43.830, 0, 12288, 11829, 287
2026/09/22 22:17:44.035, 0, 12288, 11829, 287
2026/09/22 22:17:44.243, 0, 12288, 11829, 287
2026/09/22 22:17:44.450, 0, 12288, 11829, 287
2026/09/22 22:17:44.657, 0, 12288, 11829, 287
2026/09/22 22:17:44.864, 0, 12288, 11829, 287
2026/09/22 22:17:45.072, 0, 12288, 11829, 287
2026/09/22 22:17:45.279, 0, 12288, 11829, 287
2026/09/22 22:17:45.486, 0, 12288, 11829, 287
2026/09/22 22:17:45.693, 0, 12288, 11829, 287
2026/09/22 22:17:45.901, 0, 12288, 11829, 287
2026/09/22 22:17:46.107, 0, 12288, 11829, 287
2026/09/22 22:17:46.312, 0, 12288, 11829, 287
2026/09/22 22:17:46.518, 0, 12288, 11829, 287
2026/09/22 22:17:46.722, 0, 12288, 11829, 287
2026/09/22 22:17:46.930, 0, 12288, 11829, 287
2026/09/22 22:17:47.138, 0, 12288, 11829, 287
2026/09/22 22:17:47.344, 0, 12288, 11829, 287
2026/09/22 22:17:47.552, 0, 12288, 11829, 287
2026/09/22 22:17:47.760, 0, 12288, 11829, 287
2026/09/22 22:17:47.968, 0, 12288, 11829, 287
2026/09/22 22:17:48.175, 0, 12288, 11829, 287
2026/09/22 22:17:48.382, 0, 12288, 11829, 287
2026/09/22 22:17:48.590, 0, 12288, 11829, 287
2026/09/22 22:17:48.797, 0, 12288, 11829, 287
2026/09/22 22:17:49.005, 0, 12288, 11829, 287
2026/09/22 22:17:49.212, 0, 12288, 11829, 287
2026/09/22 22:17:49.419, 0, 12288, 11829, 287
2026/09/22 22:17:49.626, 0, 12288, 11829, 287
2026/09/22 22:17:49.833, 0, 12288, 11829, 287
2026/09/22 22:17:50.041, 0, 12288, 11829, 287
2026/09/22 22:17:50.248, 0, 12288, 11829, 287
2026/09/22 22:17:50.456, 0, 12288, 11829, 287
2026/09/22 22:17:50.680, 0, 12288, 11829, 287
2026/09/22 22:17:50.885, 0, 12288, 11829, 287
2026/09/22 22:17:51.092, 0, 12288, 11829, 287
2026/09/22 22:17:51.300, 0, 12288, 11829, 287
2026/09/22 22:17:51.508, 0, 12288, 11829, 287
2026/09/22 22:17:51.716, 0, 12288, 11829, 287
2026/09/22 22:17:51.924, 0, 12288, 11829, 287
2026/09/22 22:17:52.129, 0, 12288, 11829, 287
2026/09/22 22:17:52.337, 0, 12288, 11829, 287
2026/09/22 22:17:52.545, 0, 12288, 11829, 287
2026/09/22 22:17:52.752, 0, 12288, 11829, 287
2026/09/22 22:17:52.959, 0, 12288, 11829, 287
2026/09/22 22:17:53.165, 0, 12288, 11829, 287
2026/09/22 22:17:53.372, 0, 12288, 11829, 287
2026/09/22 22:17:53.580, 0, 12288, 11829, 287
2026/09/22 22:17:53.786, 0, 12288, 11829, 287
2026/09/22 22:17:53.994, 0, 12288, 11829, 287
2026/09/22 22:17:54.201, 0, 12288, 11829, 287
2026/09/22 22:17:54.409, 0, 12288, 11829, 287
2026/09/22 22:17:54.613, 0, 12288, 11829, 287
2026/09/22 22:17:54.821, 0, 12288, 11829, 287
2026/09/22 22:17:55.029, 0, 12288, 11829, 287
2026/09/22 22:17:55.235, 0, 12288, 11829, 287
2026/09/22 22:17:55.440, 0, 12288, 11829, 287
2026/09/22 22:17:55.647, 0, 12288, 11829, 287
2026/09/22 22:17:55.854, 0, 12288, 11829, 287
2026/09/22 22:17:56.061, 0, 12288, 11829, 287
2026/09/22 22:17:56.266, 0, 12288, 11829, 287
2026/09/22 22:17:56.473, 0, 12288, 11829, 287
2026/09/22 22:17:56.680, 0, 12288, 11829, 287
2026/09/22 22:17:56.888, 0, 12288, 11829, 287
2026/09/22 22:17:57.096, 0, 12288, 11829, 287
2026/09/22 22:17:57.304, 0, 12288, 11829, 287
2026/09/22 22:17:57.511, 0, 12288, 11829, 287
2026/09/22 22:17:57.719, 0, 12288, 11829, 287
2026/09/22 22:17:57.923, 0, 12288, 11829, 287
2026/09/22 22:17:58.130, 0, 12288, 11829, 287
2026/09/22 22:17:58.337, 0, 12288, 11829, 287
2026/09/22 22:17:58.545, 0, 12288, 11829, 287
2026/09/22 22:17:58.752, 0, 12288, 11829, 287
2026/09/22 22:17:58.959, 0, 12288, 11829, 287
2026/09/22 22:17:59.167, 0, 12288, 11829, 287
2026/09/22 22:17:59.375, 0, 12288, 11829, 287
2026/09/22 22:17:59.582, 0, 12288, 11829, 287
2026/09/22 22:17:59.790, 0, 12288, 11829, 287
2026/09/22 22:17:59.998, 0, 12288, 11829, 287
2026/09/22 22:18:00.220, 0, 12288, 11829, 287
2026/09/22 22:18:00.427, 0, 12288, 11829, 287
2026/09/22 22:18:00.635, 0, 12288, 11829, 287
2026/09/22 22:18:00.843, 0, 12288, 11829, 287
2026/09/22 22:18:01.049, 0, 12288, 11829, 287
2026/09/22 22:18:01.255, 0, 12288, 11829, 287
2026/09/22 22:18:01.462, 0, 12288, 11829, 287
2026/09/22 22:18:01.670, 0, 12288, 11829, 287
2026/09/22 22:18:01.877, 0, 12288, 11829, 287
2026/09/22 22:18:02.083, 0, 12288, 11829, 287
2026/09/22 22:18:02.290, 0, 12288, 11829, 287
2026/09/22 22:18:02.499, 0, 12288, 11829, 287
2026/09/22 22:18:02.707, 0, 12288, 11829, 287
2026/09/22 22:18:02.914, 0, 12288, 11829, 287
2026/09/22 22:18:03.122, 0, 12288, 11829, 287
2026/09/22 22:18:03.329, 0, 12288, 11829, 287
2026/09/22 22:18:03.534, 0, 12288, 11829, 287
2026/09/22 22:18:03.741, 0, 12288, 11829, 287
2026/09/22 22:18:03.949, 0, 12288, 11829, 287
2026/09/22 22:18:04.157, 0, 12288, 11829, 287
2026/09/22 22:18:04.362, 0, 12288, 11829, 287
2026/09/22 22:18:04.568, 0, 12288, 11829, 287
2026/09/22 22:18:04.772, 0, 12288, 11829, 287
2026/09/22 22:18:04.980, 0, 12288, 11829, 287
2026/09/22 22:18:05.188, 0, 12288, 11829, 287
2026/09/22 22:18:05.394, 0, 12288, 11829, 287
2026/09/22 22:18:05.599, 0, 12288, 11829, 287
2026/09/22 22:18:05.803, 0, 12288, 11829, 287
2026/09/22 22:18:06.011, 0, 12288, 11829, 287
2026/09/22 22:18:06.219, 0, 12288, 11829, 287
2026/09/22 22:18:06.426, 0, 12288, 11829, 287
2026/09/22 22:18:06.633, 0, 12288, 11829, 287
2026/09/22 22:18:06.841, 0, 12288, 11829, 287
2026/09/22 22:18:07.048, 0, 12288, 11829, 287
2026/09/22 22:18:07.255, 0, 12288, 11829, 287
2026/09/22 22:18:07.462, 0, 12288, 11829, 287
2026/09/22 22:18:07.669, 0, 12288, 11829, 287
2026/09/22 22:18:07.877, 0, 12288, 11829, 287
2026/09/22 22:18:08.083, 0, 12288, 11829, 287
2026/09/22 22:18:08.291, 0, 12288, 11829, 287
2026/09/22 22:18:08.498, 0, 12288, 11829, 287
2026/09/22 22:18:08.705, 0, 12288, 11829, 287
2026/09/22 22:18:08.909, 0, 12288, 11829, 287
2026/09/22 22:18:09.112, 0, 12288, 11829, 287
2026/09/22 22:18:09.318, 0, 12288, 11829, 287
2026/09/22 22:18:09.525, 0, 12288, 11829, 287
2026/09/22 22:18:09.733, 0, 12288, 11829, 287
2026/09/22 22:18:09.939, 0, 12288, 11829, 287
2026/09/22 22:18:10.147, 0, 12288, 11829, 287
2026/09/22 22:18:10.353, 0, 12288, 11829, 287
2026/09/22 22:18:10.560, 0, 12288, 11829, 287
2026/09/22 22:18:10.768, 0, 12288, 11829, 287
2026/09/22 22:18:10.976, 0, 12288, 11829, 287
2026/09/22 22:18:11.184, 0, 12288, 11829, 287
2026/09/22 22:18:11.392, 0, 12288, 11829, 287
2026/09/22 22:18:11.597, 0, 12288, 11829, 287
2026/09/22 22:18:11.805, 0, 12288, 11829, 287
2026/09/22 22:18:12.013, 0, 12288, 11829, 287
2026/09/22 22:18:12.221, 0, 12288, 11829, 287
2026/09/22 22:18:12.425, 0, 12288, 11829, 287
2026/09/22 22:18:12.631, 0, 12288, 11829, 287
2026/09/22 22:18:12.839, 0, 12288, 11829, 287
2026/09/22 22:18:13.047, 0, 12288, 11829, 287
2026/09/22 22:18:13.254, 0, 12288, 11829, 287
2026/09/22 22:18:13.462, 0, 12288, 11829, 287
2026/09/22 22:18:13.669, 0, 12288, 11829, 287
2026/09/22 22:18:13.877, 0, 12288, 11829, 287
2026/09/22 22:18:14.082, 0, 12288, 11829, 287
2026/09/22 22:18:14.290, 0, 12288, 11829, 287
2026/09/22 22:18:14.498, 0, 12288, 11829, 287
2026/09/22 22:18:14.706, 0, 12288, 11829, 287
2026/09/22 22:18:14.914, 0, 12288, 11829, 287
2026/09/22 22:18:15.121, 0, 12288, 11829, 287
2026/09/22 22:18:15.329, 0, 12288, 11829, 287
2026/09/22 22:18:15.533, 0, 12288, 11829, 287
2026/09/22 22:18:15.740, 0, 12288, 11829, 287
2026/09/22 22:18:15.947, 0, 12288, 11829, 287
2026/09/22 22:18:16.155, 0, 12288, 11829, 287
2026/09/22 22:18:16.361, 0, 12288, 11829, 287
2026/09/22 22:18:16.568, 0, 12288, 11829, 287
2026/09/22 22:18:16.776, 0, 12288, 11829, 287
2026/09/22 22:18:16.983, 0, 12288, 11829, 287
2026/09/22 22:18:17.189, 0, 12288, 11829, 287
2026/09/22 22:18:17.394, 0, 12288, 11829, 287
2026/09/22 22:18:17.601, 0, 12288, 11829, 287
2026/09/22 22:18:17.809, 0, 12288, 11829, 287
2026/09/22 22:18:18.017, 0, 12288, 11829, 287
2026/09/22 22:18:18.223, 0, 12288, 11829, 287
2026/09/22 22:18:18.431, 0, 12288, 11829, 287
2026/09/22 22:18:18.637, 0, 12288, 11829, 287
2026/09/22 22:18:18.844, 0, 12288, 11829, 287
2026/09/22 22:18:19.054, 0, 12288, 11829, 287
2026/09/22 22:18:19.260, 0, 12288, 11829, 287
2026/09/22 22:18:19.468, 0, 12288, 11829, 287
2026/09/22 22:18:19.676, 0, 12288, 11829, 287
2026/09/22 22:18:19.883, 0, 12288, 11829, 287
2026/09/22 22:18:20.091, 0, 12288, 11829, 287
2026/09/22 22:18:20.299, 0, 12288, 11829, 287
2026/09/22 22:18:20.507, 0, 12288, 11829, 287
2026/09/22 22:18:20.715, 0, 12288, 11829, 287
2026/09/22 22:18:20.923, 0, 12288, 11829, 287
2026/09/22 22:18:21.129, 0, 12288, 11829, 287
2026/09/22 22:18:21.336, 0, 12288, 11829, 287
2026/09/22 22:18:21.544, 0, 12288, 11829, 287
2026/09/22 22:18:21.750, 0, 12288, 11829, 287
2026/09/22 22:18:21.957, 0, 12288, 11829, 287
2026/09/22 22:18:22.165, 0, 12288, 11829, 287
2026/09/22 22:18:22.372, 0, 12288, 11829, 287
2026/09/22 22:18:22.580, 0, 12288, 11829, 287
2026/09/22 22:18:22.788, 0, 12288, 11829, 287
2026/09/22 22:18:22.996, 0, 12288, 11829, 287
2026/09/22 22:18:23.203, 0, 12288, 11829, 287
2026/09/22 22:18:23.408, 0, 12288, 11829, 287
2026/09/22 22:18:23.612, 0, 12288, 11829, 287
2026/09/22 22:18:23.819, 0, 12288, 11829, 287
2026/09/22 22:18:24.027, 0, 12288, 11829, 287
2026/09/22 22:18:24.234, 0, 12288, 11829, 287
2026/09/22 22:18:24.441, 0, 12288, 11829, 287
2026/09/22 22:18:24.647, 0, 12288, 11829, 287
2026/09/22 22:18:24.856, 0, 12288, 11829, 287
2026/09/22 22:18:25.063, 0, 12288, 11829, 287
2026/09/22 22:18:25.269, 0, 12288, 11829, 287
2026/09/22 22:18:25.476, 0, 12288, 11829, 287
2026/09/22 22:18:25.684, 0, 12288, 11829, 287
2026/09/22 22:18:25.892, 0, 12288, 11829, 287
2026/09/22 22:18:26.097, 0, 12288, 11829, 287
2026/09/22 22:18:26.304, 0, 12288, 11829, 287
2026/09/22 22:18:26.511, 0, 12288, 11829, 287
2026/09/22 22:18:26.719, 0, 12288, 11829, 287
2026/09/22 22:18:26.924, 0, 12288, 11829, 287
2026/09/22 22:18:27.131, 0, 12288, 11829, 287
2026/09/22 22:18:27.338, 0, 12288, 11829, 287
2026/09/22 22:18:27.546, 0, 12288, 11829, 287
2026/09/22 22:18:27.752, 0, 12288, 11829, 287
2026/09/22 22:18:27.955, 0, 12288, 11829, 287
2026/09/22 22:18:28.162, 0, 12288, 11829, 287
2026/09/22 22:18:28.370, 0, 12288, 11829, 287
2026/09/22 22:18:28.578, 0, 12288, 11829, 287
2026/09/22 22:18:28.784, 0, 12288, 11829, 287
2026/09/22 22:18:28.987, 0, 12288, 11829, 287
2026/09/22 22:18:29.195, 0, 12288, 11829, 287
2026/09/22 22:18:29.400, 0, 12288, 11829, 287
2026/09/22 22:18:29.608, 0, 12288, 11829, 287
2026/09/22 22:18:29.815, 0, 12288, 11829, 287
2026/09/22 22:18:30.023, 0, 12288, 11829, 287
2026/09/22 22:18:30.231, 0, 12288, 11829, 287
2026/09/22 22:18:30.439, 0, 12288, 11829, 287
2026/09/22 22:18:30.645, 0, 12288, 11829, 287
2026/09/22 22:18:30.852, 0, 12288, 11829, 287
2026/09/22 22:18:31.060, 0, 12288, 11829, 287
2026/09/22 22:18:31.268, 0, 12288, 11829, 287
2026/09/22 22:18:31.476, 0, 12288, 11829, 287
2026/09/22 22:18:31.683, 0, 12288, 11829, 287
2026/09/22 22:18:31.891, 0, 12288, 11829, 287
2026/09/22 22:18:32.098, 0, 12288, 11829, 287
2026/09/22 22:18:32.306, 0, 12288, 11829, 287
2026/09/22 22:18:32.513, 0, 12288, 11829, 287
2026/09/22 22:18:32.718, 0, 12288, 11829, 287
2026/09/22 22:18:32.924, 0, 12288, 11829, 287
2026/09/22 22:18:33.129, 0, 12288, 11829, 287
2026/09/22 22:18:33.337, 0, 12288, 11829, 287
2026/09/22 22:18:33.545, 0, 12288, 11829, 287
2026/09/22 22:18:33.752, 0, 12288, 11829, 287
2026/09/22 22:18:33.958, 0, 12288, 11829, 287
2026/09/22 22:18:34.165, 0, 12288, 11829, 287
2026/09/22 22:18:34.372, 0, 12288, 11829, 287
2026/09/22 22:18:34.578, 0, 12288, 11829, 287
2026/09/22 22:18:34.784, 0, 12288, 11829, 287
2026/09/22 22:18:34.992, 0, 12288, 11829, 287
2026/09/22 22:18:35.200, 0, 12288, 11829, 287
2026/09/22 22:18:35.407, 0, 12288, 11829, 287
2026/09/22 22:18:35.611, 0, 12288, 11829, 287
2026/09/22 22:18:35.819, 0, 12288, 11829, 287
2026/09/22 22:18:36.026, 0, 12288, 11829, 287
2026/09/22 22:18:36.231, 0, 12288, 11829, 287
2026/09/22 22:18:36.436, 0, 12288, 11829, 287
2026/09/22 22:18:36.644, 0, 12288, 11829, 287
2026/09/22 22:18:36.852, 0, 12288, 11829, 287
2026/09/22 22:18:37.060, 0, 12288, 11829, 287
2026/09/22 22:18:37.265, 0, 12288, 11829, 287
2026/09/22 22:18:37.472, 0, 12288, 11829, 287
2026/09/22 22:18:37.680, 0, 12288, 11829, 287
2026/09/22 22:18:37.888, 0, 12288, 11829, 287
2026/09/22 22:18:38.095, 0, 12288, 11829, 287
2026/09/22 22:18:38.302, 0, 12288, 11829, 287
2026/09/22 22:18:38.509, 0, 12288, 11829, 287
2026/09/22 22:18:38.717, 0, 12288, 11829, 287
2026/09/22 22:18:38.924, 0, 12288, 11829, 287
2026/09/22 22:18:39.127, 0, 12288, 11829, 287
2026/09/22 22:18:39.333, 0, 12288, 11829, 287
2026/09/22 22:18:39.540, 0, 12288, 11829, 287
2026/09/22 22:18:39.745, 0, 12288, 11829, 287
2026/09/22 22:18:39.951, 0, 12288, 11829, 287
2026/09/22 22:18:40.158, 0, 12288, 11829, 287
2026/09/22 22:18:40.366, 0, 12288, 11829, 287
2026/09/22 22:18:40.574, 0, 12288, 11829, 287
2026/09/22 22:18:40.782, 0, 12288, 11829, 287
2026/09/22 22:18:40.987, 0, 12288, 11829, 287
2026/09/22 22:18:41.192, 0, 12288, 11829, 287
2026/09/22 22:18:41.400, 0, 12288, 11829, 287
2026/09/22 22:18:41.606, 0, 12288, 11829, 287
2026/09/22 22:18:41.814, 0, 12288, 11829, 287
2026/09/22 22:18:42.018, 0, 12288, 11829, 287
2026/09/22 22:18:42.225, 0, 12288, 11829, 287
2026/09/22 22:18:42.433, 0, 12288, 11829, 287
2026/09/22 22:18:42.641, 0, 12288, 11829, 287
2026/09/22 22:18:42.849, 0, 12288, 11829, 287
2026/09/22 22:18:43.057, 0, 12288, 11829, 287
2026/09/22 22:18:43.265, 0, 12288, 11829, 287
2026/09/22 22:18:43.472, 0, 12288, 11829, 287
2026/09/22 22:18:43.679, 0, 12288, 11829, 287
2026/09/22 22:18:43.886, 0, 12288, 11829, 287
2026/09/22 22:18:44.094, 0, 12288, 11829, 287
2026/09/22 22:18:44.301, 0, 12288, 11829, 287
2026/09/22 22:18:44.507, 0, 12288, 11829, 287
2026/09/22 22:18:44.716, 0, 12288, 11829, 287
2026/09/22 22:18:44.924, 0, 12288, 11829, 287
2026/09/22 22:18:45.132, 0, 12288, 11829, 287
2026/09/22 22:18:45.340, 0, 12288, 11829, 287
2026/09/22 22:18:45.547, 0, 12288, 11829, 287
2026/09/22 22:18:45.754, 0, 12288, 11829, 287
2026/09/22 22:18:45.962, 0, 12288, 11829, 287
2026/09/22 22:18:46.169, 0, 12288, 11829, 287
2026/09/22 22:18:46.377, 0, 12288, 11829, 287
2026/09/22 22:18:46.583, 0, 12288, 11829, 287
2026/09/22 22:18:46.788, 0, 12288, 11829, 287
2026/09/22 22:18:46.996, 0, 12288, 11829, 287
2026/09/22 22:18:47.204, 0, 12288, 11829, 287
2026/09/22 22:18:47.412, 0, 12288, 11829, 287
2026/09/22 22:18:47.619, 0, 12288, 11829, 287
2026/09/22 22:18:47.825, 0, 12288, 11829, 287
2026/09/22 22:18:48.032, 0, 12288, 11829, 287
2026/09/22 22:18:48.239, 0, 12288, 11829, 287
2026/09/22 22:18:48.446, 0, 12288, 11829, 287
2026/09/22 22:18:48.652, 0, 12288, 11829, 287
2026/09/22 22:18:48.859, 0, 12288, 11829, 287
2026/09/22 22:18:49.065, 0, 12288, 11829, 287
2026/09/22 22:18:49.272, 0, 12288, 11829, 287
2026/09/22 22:18:49.480, 0, 12288, 11829, 287
2026/09/22 22:18:49.688, 0, 12288, 11829, 287
2026/09/22 22:18:49.895, 0, 12288, 11829, 287
2026/09/22 22:18:50.103, 0, 12288, 11829, 287
2026/09/22 22:18:50.311, 0, 12288, 11829, 287
2026/09/22 22:18:50.519, 0, 12288, 11829, 287
2026/09/22 22:18:50.726, 0, 12288, 11829, 287
2026/09/22 22:18:50.932, 0, 12288, 11829, 287
2026/09/22 22:18:51.137, 0, 12288, 11829, 287
2026/09/22 22:18:51.345, 0, 12288, 11829, 287
2026/09/22 22:18:51.551, 0, 12288, 11829, 287
2026/09/22 22:18:51.758, 0, 12288, 11829, 287
2026/09/22 22:18:51.965, 0, 12288, 11829, 287
2026/09/22 22:18:52.172, 0, 12288, 11829, 287
2026/09/22 22:18:52.378, 0, 12288, 11829, 287
2026/09/22 22:18:52.583, 0, 12288, 11829, 287
2026/09/22 22:18:52.791, 0, 12288, 11829, 287
2026/09/22 22:18:52.999, 0, 12288, 11829, 287
2026/09/22 22:18:53.205, 0, 12288, 11829, 287
2026/09/22 22:18:53.412, 0, 12288, 11829, 287
2026/09/22 22:18:53.620, 0, 12288, 11829, 287
2026/09/22 22:18:53.826, 0, 12288, 11829, 287
2026/09/22 22:18:54.032, 0, 12288, 11829, 287
2026/09/22 22:18:54.239, 0, 12288, 11829, 287
2026/09/22 22:18:54.447, 0, 12288, 11829, 287
2026/09/22 22:18:54.655, 0, 12288, 11829, 287
2026/09/22 22:18:54.862, 0, 12288, 11829, 287
2026/09/22 22:18:55.070, 0, 12288, 11829, 287
2026/09/22 22:18:55.277, 0, 12288, 11829, 287
2026/09/22 22:18:55.484, 0, 12288, 11829, 287
2026/09/22 22:18:55.691, 0, 12288, 11829, 287
2026/09/22 22:18:55.896, 0, 12288, 11829, 287
2026/09/22 22:18:56.104, 0, 12288, 11829, 287
2026/09/22 22:18:56.311, 0, 12288, 11829, 287
2026/09/22 22:18:56.517, 0, 12288, 11829, 287
2026/09/22 22:18:56.724, 0, 12288, 11829, 287
2026/09/22 22:18:56.931, 0, 12288, 11829, 287
2026/09/22 22:18:57.139, 0, 12288, 11829, 287
2026/09/22 22:18:57.346, 0, 12288, 11829, 287
2026/09/22 22:18:57.554, 0, 12288, 11829, 287
2026/09/22 22:18:57.762, 0, 12288, 11829, 287
2026/09/22 22:18:57.969, 0, 12288, 11829, 287
2026/09/22 22:18:58.177, 0, 12288, 11829, 287
2026/09/22 22:18:58.384, 0, 12288, 11829, 287
2026/09/22 22:18:58.592, 0, 12288, 11829, 287
2026/09/22 22:18:58.799, 0, 12288, 11829, 287
2026/09/22 22:18:59.002, 0, 12288, 11829, 287
2026/09/22 22:18:59.209, 0, 12288, 11829, 287
2026/09/22 22:18:59.417, 0, 12288, 11829, 287
2026/09/22 22:18:59.623, 0, 12288, 11829, 287
2026/09/22 22:18:59.830, 0, 12288, 11829, 287
2026/09/22 22:19:00.036, 0, 12288, 11829, 287
2026/09/22 22:19:00.243, 0, 12288, 11829, 287
2026/09/22 22:19:00.451, 0, 12288, 11829, 287
2026/09/22 22:19:00.659, 0, 12288, 11829, 287
2026/09/22 22:19:00.867, 0, 12288, 11829, 287
2026/09/22 22:19:01.075, 0, 12288, 11829, 287
2026/09/22 22:19:01.281, 0, 12288, 11829, 287
2026/09/22 22:19:01.488, 0, 12288, 11829, 287
2026/09/22 22:19:01.696, 0, 12288, 11829, 287
2026/09/22 22:19:01.903, 0, 12288, 11829, 287
2026/09/22 22:19:02.111, 0, 12288, 11829, 287
2026/09/22 22:19:02.318, 0, 12288, 11829, 287
2026/09/22 22:19:02.525, 0, 12288, 11829, 287
2026/09/22 22:19:02.733, 0, 12288, 11829, 287
2026/09/22 22:19:02.940, 0, 12288, 11829, 287
2026/09/22 22:19:03.145, 0, 12288, 11829, 287
2026/09/22 22:19:03.352, 0, 12288, 11829, 287
2026/09/22 22:19:03.560, 0, 12288, 11829, 287
2026/09/22 22:19:03.767, 0, 12288, 11829, 287
2026/09/22 22:19:03.975, 0, 12288, 11829, 287
2026/09/22 22:19:04.183, 0, 12288, 11829, 287
2026/09/22 22:19:04.389, 0, 12288, 11829, 287
2026/09/22 22:19:04.596, 0, 12288, 11829, 287
2026/09/22 22:19:04.803, 0, 12288, 11829, 287
2026/09/22 22:19:05.010, 0, 12288, 11829, 287
2026/09/22 22:19:05.215, 0, 12288, 11829, 287
2026/09/22 22:19:05.422, 0, 12288, 11829, 287
2026/09/22 22:19:05.646, 0, 12288, 11829, 287
2026/09/22 22:19:05.854, 0, 12288, 11829, 287
2026/09/22 22:19:06.062, 0, 12288, 11829, 287
2026/09/22 22:19:06.269, 0, 12288, 11829, 287
2026/09/22 22:19:06.477, 0, 12288, 11829, 287
2026/09/22 22:19:06.684, 0, 12288, 11829, 287
2026/09/22 22:19:06.892, 0, 12288, 11829, 287
2026/09/22 22:19:07.097, 0, 12288, 11829, 287
2026/09/22 22:19:07.305, 0, 12288, 11829, 287
2026/09/22 22:19:07.513, 0, 12288, 11829, 287
2026/09/22 22:19:07.721, 0, 12288, 11829, 287
2026/09/22 22:19:07.927, 0, 12288, 11829, 287
2026/09/22 22:19:08.135, 0, 12288, 11829, 287
2026/09/22 22:19:08.343, 0, 12288, 11829, 287
2026/09/22 22:19:08.550, 0, 12288, 11829, 287
2026/09/22 22:19:08.755, 0, 12288, 11829, 287
2026/09/22 22:19:08.963, 0, 12288, 11829, 287
2026/09/22 22:19:09.170, 0, 12288, 11829, 287
2026/09/22 22:19:09.377, 0, 12288, 11829, 287
2026/09/22 22:19:09.584, 0, 12288, 11829, 287
2026/09/22 22:19:09.789, 0, 12288, 11829, 287
2026/09/22 22:19:09.997, 0, 12288, 11829, 287
2026/09/22 22:19:10.204, 0, 12288, 11829, 287
2026/09/22 22:19:10.411, 0, 12288, 11829, 287
2026/09/22 22:19:10.618, 0, 12288, 11829, 287
2026/09/22 22:19:10.826, 0, 12288, 11829, 287
2026/09/22 22:19:11.032, 0, 12288, 11829, 287
2026/09/22 22:19:11.239, 0, 12288, 11829, 287
2026/09/22 22:19:11.447, 0, 12288, 11829, 287
2026/09/22 22:19:11.655, 0, 12288, 11829, 287
2026/09/22 22:19:11.863, 0, 12288, 11829, 287
2026/09/22 22:19:12.070, 0, 12288, 11829, 287
2026/09/22 22:19:12.278, 0, 12288, 11829, 287
2026/09/22 22:19:12.484, 0, 12288, 11829, 287
2026/09/22 22:19:12.690, 0, 12288, 11829, 287
2026/09/22 22:19:12.899, 0, 12288, 11829, 287
2026/09/22 22:19:13.105, 0, 12288, 11829, 287
2026/09/22 22:19:13.313, 0, 12288, 11829, 287
2026/09/22 22:19:13.520, 0, 12288, 11829, 287
2026/09/22 22:19:13.727, 0, 12288, 11829, 287
2026/09/22 22:19:13.935, 0, 12288, 11829, 287
2026/09/22 22:19:14.142, 0, 12288, 11829, 287
2026/09/22 22:19:14.345, 0, 12288, 11829, 287
2026/09/22 22:19:14.551, 0, 12288, 11829, 287
2026/09/22 22:19:14.758, 0, 12288, 11829, 287
2026/09/22 22:19:14.966, 0, 12288, 11829, 287
2026/09/22 22:19:15.189, 0, 12288, 11829, 287
2026/09/22 22:19:15.395, 0, 12288, 11829, 287
2026/09/22 22:19:15.598, 0, 12288, 11829, 287
2026/09/22 22:19:15.803, 0, 12288, 11829, 287
2026/09/22 22:19:16.011, 0, 12288, 11829, 287
2026/09/22 22:19:16.217, 0, 12288, 11829, 287
2026/09/22 22:19:16.424, 0, 12288, 11829, 287
2026/09/22 22:19:16.631, 0, 12288, 11829, 287
2026/09/22 22:19:16.839, 0, 12288, 11829, 287
2026/09/22 22:19:17.045, 0, 12288, 11829, 287
2026/09/22 22:19:17.252, 0, 12288, 11829, 287
2026/09/22 22:19:17.457, 0, 12288, 11829, 287
2026/09/22 22:19:17.665, 0, 12288, 11829, 287
2026/09/22 22:19:17.870, 0, 12288, 11829, 287
2026/09/22 22:19:18.077, 0, 12288, 11829, 287
2026/09/22 22:19:18.283, 0, 12288, 11829, 287
2026/09/22 22:19:18.489, 0, 12288, 11829, 287
2026/09/22 22:19:18.697, 0, 12288, 11829, 287
2026/09/22 22:19:18.904, 0, 12288, 11829, 287
2026/09/22 22:19:19.110, 0, 12288, 11829, 287
2026/09/22 22:19:19.318, 0, 12288, 11829, 287
2026/09/22 22:19:19.526, 0, 12288, 11829, 287
2026/09/22 22:19:19.734, 0, 12288, 11829, 287
2026/09/22 22:19:19.942, 0, 12288, 11829, 287
2026/09/22 22:19:20.149, 0, 12288, 11829, 287
2026/09/22 22:19:20.357, 0, 12288, 11829, 287
2026/09/22 22:19:20.564, 0, 12288, 11829, 287
2026/09/22 22:19:20.771, 0, 12288, 11829, 287
2026/09/22 22:19:20.980, 0, 12288, 11829, 287
2026/09/22 22:19:21.184, 0, 12288, 11829, 287
2026/09/22 22:19:21.392, 0, 12288, 11829, 287
2026/09/22 22:19:21.598, 0, 12288, 11829, 287
2026/09/22 22:19:21.805, 0, 12288, 11829, 287
2026/09/22 22:19:22.012, 0, 12288, 11829, 287
2026/09/22 22:19:22.219, 0, 12288, 11829, 287
2026/09/22 22:19:22.426, 0, 12288, 11829, 287
2026/09/22 22:19:22.633, 0, 12288, 11829, 287
2026/09/22 22:19:22.840, 0, 12288, 11829, 287
2026/09/22 22:19:23.047, 0, 12288, 11829, 287
2026/09/22 22:19:23.254, 0, 12288, 11829, 287
2026/09/22 22:19:23.461, 0, 12288, 11829, 287
2026/09/22 22:19:23.666, 0, 12288, 11829, 287
2026/09/22 22:19:23.873, 0, 12288, 11829, 287
2026/09/22 22:19:24.080, 0, 12288, 11829, 287
2026/09/22 22:19:24.287, 0, 12288, 11829, 287
2026/09/22 22:19:24.495, 0, 12288, 11829, 287
2026/09/22 22:19:24.701, 0, 12288, 11829, 287
2026/09/22 22:19:24.909, 0, 12288, 11829, 287
2026/09/22 22:19:25.115, 0, 12288, 11829, 287
2026/09/22 22:19:25.322, 0, 12288, 11829, 287
2026/09/22 22:19:25.528, 0, 12288, 11829, 287
2026/09/22 22:19:25.736, 0, 12288, 11829, 287
2026/09/22 22:19:25.944, 0, 12288, 11829, 287
2026/09/22 22:19:26.152, 0, 12288, 11829, 287
2026/09/22 22:19:26.360, 0, 12288, 11829, 287
2026/09/22 22:19:26.568, 0, 12288, 11829, 287
2026/09/22 22:19:26.775, 0, 12288, 11829, 287
2026/09/22 22:19:26.983, 0, 12288, 11829, 287
2026/09/22 22:19:27.191, 0, 12288, 11829, 287
2026/09/22 22:19:27.399, 0, 12288, 11829, 287
2026/09/22 22:19:27.605, 0, 12288, 11829, 287
2026/09/22 22:19:27.811, 0, 12288, 11829, 287
2026/09/22 22:19:28.018, 0, 12288, 11829, 287
2026/09/22 22:19:28.224, 0, 12288, 11829, 287
2026/09/22 22:19:28.430, 0, 12288, 11829, 287
2026/09/22 22:19:28.637, 0, 12288, 11829, 287
2026/09/22 22:19:28.845, 0, 12288, 11829, 287
2026/09/22 22:19:29.053, 0, 12288, 11829, 287
2026/09/22 22:19:29.260, 0, 12288, 11829, 287
2026/09/22 22:19:29.468, 0, 12288, 11829, 287
2026/09/22 22:19:29.674, 0, 12288, 11829, 287
2026/09/22 22:19:29.882, 0, 12288, 11829, 287
2026/09/22 22:19:30.090, 0, 12288, 11829, 287
2026/09/22 22:19:30.298, 0, 12288, 11829, 287
2026/09/22 22:19:30.506, 0, 12288, 11829, 287
2026/09/22 22:19:30.713, 0, 12288, 11829, 287
2026/09/22 22:19:30.921, 0, 12288, 11829, 287
2026/09/22 22:19:31.127, 0, 12288, 11829, 287
2026/09/22 22:19:31.334, 0, 12288, 11829, 287
2026/09/22 22:19:31.541, 0, 12288, 11829, 287
2026/09/22 22:19:31.747, 0, 12288, 11829, 287
2026/09/22 22:19:31.953, 0, 12288, 11829, 287
2026/09/22 22:19:32.158, 0, 12288, 11829, 287
2026/09/22 22:19:32.364, 0, 12288, 11829, 287
2026/09/22 22:19:32.569, 0, 12288, 11829, 287
2026/09/22 22:19:32.775, 0, 12288, 11829, 287
2026/09/22 22:19:32.980, 0, 12288, 11829, 287
2026/09/22 22:19:33.188, 0, 12288, 11829, 287
2026/09/22 22:19:33.396, 0, 12288, 11829, 287
2026/09/22 22:19:33.604, 0, 12288, 11829, 287
2026/09/22 22:19:33.812, 0, 12288, 11829, 287
2026/09/22 22:19:34.018, 0, 12288, 11829, 287
2026/09/22 22:19:34.223, 0, 12288, 11829, 287
2026/09/22 22:19:34.429, 0, 12288, 11829, 287
2026/09/22 22:19:34.636, 0, 12288, 11829, 287
2026/09/22 22:19:34.841, 0, 12288, 11829, 287
2026/09/22 22:19:35.049, 0, 12288, 11829, 287
2026/09/22 22:19:35.256, 0, 12288, 11829, 287
2026/09/22 22:19:35.463, 0, 12288, 11829, 287
2026/09/22 22:19:35.671, 0, 12288, 11829, 287
2026/09/22 22:19:35.878, 0, 12288, 11829, 287
2026/09/22 22:19:36.086, 0, 12288, 11829, 287
2026/09/22 22:19:36.294, 0, 12288, 11829, 287
2026/09/22 22:19:36.501, 0, 12288, 11829, 287
2026/09/22 22:19:36.709, 0, 12288, 11829, 287
2026/09/22 22:19:36.917, 0, 12288, 11829, 287
2026/09/22 22:19:37.125, 0, 12288, 11829, 287
2026/09/22 22:19:37.330, 0, 12288, 11829, 287
2026/09/22 22:19:37.532, 0, 12288, 11829, 287
2026/09/22 22:19:37.739, 0, 12288, 11829, 287
2026/09/22 22:19:37.947, 0, 12288, 11829, 287
2026/09/22 22:19:38.155, 0, 12288, 11829, 287
2026/09/22 22:19:38.363, 0, 12288, 11829, 287
2026/09/22 22:19:38.571, 0, 12288, 11829, 287
2026/09/22 22:19:38.778, 0, 12288, 11829, 287
2026/09/22 22:19:38.984, 0, 12288, 11829, 287
2026/09/22 22:19:39.192, 0, 12288, 11829, 287
2026/09/22 22:19:39.399, 0, 12288, 11829, 287
2026/09/22 22:19:39.605, 0, 12288, 11829, 287
2026/09/22 22:19:39.813, 0, 12288, 11829, 287
2026/09/22 22:19:40.019, 0, 12288, 11829, 287
2026/09/22 22:19:40.225, 0, 12288, 11829, 287
2026/09/22 22:19:40.432, 0, 12288, 11829, 287
2026/09/22 22:19:40.640, 0, 12288, 11829, 287
2026/09/22 22:19:40.848, 0, 12288, 11829, 287
2026/09/22 22:19:41.056, 0, 12288, 11829, 287
2026/09/22 22:19:41.263, 0, 12288, 11829, 287
2026/09/22 22:19:41.470, 0, 12288, 11829, 287
2026/09/22 22:19:41.675, 0, 12288, 11829, 287
2026/09/22 22:19:41.881, 0, 12288, 11829, 287
2026/09/22 22:19:42.089, 0, 12288, 11829, 287
2026/09/22 22:19:42.294, 0, 12288, 11829, 287
2026/09/22 22:19:42.501, 0, 12288, 11829, 287
2026/09/22 22:19:42.709, 0, 12288, 11829, 287
2026/09/22 22:19:42.917, 0, 12288, 11829, 287
2026/09/22 22:19:43.124, 0, 12288, 11829, 287
2026/09/22 22:19:43.330, 0, 12288, 11829, 287
2026/09/22 22:19:43.535, 0, 12288, 11829, 287
2026/09/22 22:19:43.742, 0, 12288, 11829, 287
2026/09/22 22:19:43.949, 0, 12288, 11829, 287
2026/09/22 22:19:44.156, 0, 12288, 11829, 287
2026/09/22 22:19:44.361, 0, 12288, 11829, 287
2026/09/22 22:19:44.568, 0, 12288, 11829, 287
2026/09/22 22:19:44.776, 0, 12288, 11829, 287
2026/09/22 22:19:44.982, 0, 12288, 11829, 287
2026/09/22 22:19:45.189, 0, 12288, 11829, 287
2026/09/22 22:19:45.396, 0, 12288, 11829, 287
2026/09/22 22:19:45.603, 0, 12288, 11829, 287
2026/09/22 22:19:45.811, 0, 12288, 11829, 287
2026/09/22 22:19:46.018, 0, 12288, 11829, 287
2026/09/22 22:19:46.225, 0, 12288, 11829, 287
2026/09/22 22:19:46.433, 0, 12288, 11829, 287
2026/09/22 22:19:46.638, 0, 12288, 11829, 287
2026/09/22 22:19:46.843, 0, 12288, 11829, 287
2026/09/22 22:19:47.049, 0, 12288, 11829, 287
2026/09/22 22:19:47.257, 0, 12288, 11829, 287
2026/09/22 22:19:47.464, 0, 12288, 11829, 287
2026/09/22 22:19:47.671, 0, 12288, 11829, 287
2026/09/22 22:19:47.877, 0, 12288, 11829, 287
2026/09/22 22:19:48.081, 0, 12288, 11829, 287
2026/09/22 22:19:48.284, 0, 12288, 11829, 287
2026/09/22 22:19:48.490, 0, 12288, 11829, 287
2026/09/22 22:19:48.697, 0, 12288, 11829, 287
2026/09/22 22:19:48.901, 0, 12288, 11829, 287
2026/09/22 22:19:49.108, 0, 12288, 11829, 287
2026/09/22 22:19:49.316, 0, 12288, 11829, 287
2026/09/22 22:19:49.520, 0, 12288, 11829, 287
2026/09/22 22:19:49.725, 0, 12288, 11829, 287
2026/09/22 22:19:49.932, 0, 12288, 11829, 287
2026/09/22 22:19:50.139, 0, 12288, 11829, 287
2026/09/22 22:19:50.346, 0, 12288, 11829, 287
2026/09/22 22:19:50.550, 0, 12288, 11829, 287
2026/09/22 22:19:50.757, 0, 12288, 11829, 287
2026/09/22 22:19:50.965, 0, 12288, 11829, 287
2026/09/22 22:19:51.172, 0, 12288, 11829, 287
2026/09/22 22:19:51.380, 0, 12288, 11829, 287
2026/09/22 22:19:51.584, 0, 12288, 11829, 287
2026/09/22 22:19:51.792, 0, 12288, 11829, 287
2026/09/22 22:19:51.998, 0, 12288, 11829, 287
2026/09/22 22:19:52.205, 0, 12288, 11829, 287
2026/09/22 22:19:52.411, 0, 12288, 11829, 287
2026/09/22 22:19:52.617, 0, 12288, 11829, 287
2026/09/22 22:19:52.823, 0, 12288, 11829, 287
2026/09/22 22:19:53.029, 0, 12288, 11829, 287
2026/09/22 22:19:53.237, 0, 12288, 11829, 287
2026/09/22 22:19:53.443, 0, 12288, 11829, 287
2026/09/22 22:19:53.651, 0, 12288, 11829, 287
2026/09/22 22:19:53.857, 0, 12288, 11829, 287
2026/09/22 22:19:54.062, 0, 12288, 11829, 287
2026/09/22 22:19:54.269, 0, 12288, 11829, 287
2026/09/22 22:19:54.477, 0, 12288, 11829, 287
2026/09/22 22:19:54.683, 0, 12288, 11829, 287
2026/09/22 22:19:54.891, 0, 12288, 11829, 287
2026/09/22 22:19:55.097, 0, 12288, 11829, 287
2026/09/22 22:19:55.304, 0, 12288, 11829, 287
2026/09/22 22:19:55.511, 0, 12288, 11829, 287
2026/09/22 22:19:55.718, 0, 12288, 11829, 287
2026/09/22 22:19:55.925, 0, 12288, 11829, 287
2026/09/22 22:19:56.130, 0, 12288, 11829, 287
2026/09/22 22:19:56.335, 0, 12288, 11829, 287
2026/09/22 22:19:56.543, 0, 12288, 11829, 287
2026/09/22 22:19:56.750, 0, 12288, 11829, 287
2026/09/22 22:19:56.955, 0, 12288, 11829, 287
2026/09/22 22:19:57.158, 0, 12288, 11829, 287
2026/09/22 22:19:57.365, 0, 12288, 11829, 287
2026/09/22 22:19:57.572, 0, 12288, 11829, 287
2026/09/22 22:19:57.780, 0, 12288, 11829, 287
2026/09/22 22:19:57.986, 0, 12288, 11829, 287
2026/09/22 22:19:58.190, 0, 12288, 11829, 287
2026/09/22 22:19:58.396, 0, 12288, 11829, 287
2026/09/22 22:19:58.602, 0, 12288, 11829, 287
2026/09/22 22:19:58.810, 0, 12288, 11829, 287
2026/09/22 22:19:59.018, 0, 12288, 11829, 287
2026/09/22 22:19:59.221, 0, 12288, 11829, 287
2026/09/22 22:19:59.424, 0, 12288, 11829, 287
2026/09/22 22:19:59.631, 0, 12288, 11829, 287
2026/09/22 22:19:59.837, 0, 12288, 11829, 287
2026/09/22 22:20:00.045, 0, 12288, 11829, 287
2026/09/22 22:20:00.251, 0, 12288, 11829, 287
2026/09/22 22:20:00.458, 0, 12288, 11829, 287
2026/09/22 22:20:00.665, 0, 12288, 11829, 287
2026/09/22 22:20:00.868, 0, 12288, 11829, 287
2026/09/22 22:20:01.075, 0, 12288, 11829, 287
2026/09/22 22:20:01.283, 0, 12288, 11829, 287
2026/09/22 22:20:01.485, 0, 12288, 11829, 287
2026/09/22 22:20:01.691, 0, 12288, 11829, 287
2026/09/22 22:20:01.894, 0, 12288, 11829, 287
2026/09/22 22:20:02.100, 0, 12288, 11829, 287
2026/09/22 22:20:02.308, 0, 12288, 11829, 287
2026/09/22 22:20:02.516, 0, 12288, 11829, 287
2026/09/22 22:20:02.722, 0, 12288, 11829, 287
2026/09/22 22:20:02.930, 0, 12288, 11829, 287
2026/09/22 22:20:03.136, 0, 12288, 11829, 287
2026/09/22 22:20:03.344, 0, 12288, 11829, 287
2026/09/22 22:20:03.550, 0, 12288, 11829, 287
2026/09/22 22:20:03.758, 0, 12288, 11829, 287
2026/09/22 22:20:03.966, 0, 12288, 11829, 287
2026/09/22 22:20:04.173, 0, 12288, 11829, 287
2026/09/22 22:20:04.381, 0, 12288, 11829, 287
2026/09/22 22:20:04.588, 0, 12288, 11829, 287
2026/09/22 22:20:04.796, 0, 12288, 11829, 287
2026/09/22 22:20:05.003, 0, 12288, 11829, 287
2026/09/22 22:20:05.211, 0, 12288, 11829, 287
2026/09/22 22:20:05.416, 0, 12288, 11829, 287
2026/09/22 22:20:05.623, 0, 12288, 11829, 287
2026/09/22 22:20:05.830, 0, 12288, 11829, 287
2026/09/22 22:20:06.037, 0, 12288, 11829, 287
2026/09/22 22:20:06.245, 0, 12288, 11829, 287
2026/09/22 22:20:06.451, 0, 12288, 11829, 287
2026/09/22 22:20:06.658, 0, 12288, 11829, 287
2026/09/22 22:20:06.864, 0, 12288, 11829, 287
2026/09/22 22:20:07.072, 0, 12288, 11829, 287
2026/09/22 22:20:07.279, 0, 12288, 11829, 287
2026/09/22 22:20:07.487, 0, 12288, 11829, 287
2026/09/22 22:20:07.694, 0, 12288, 11829, 287
2026/09/22 22:20:07.901, 0, 12288, 11829, 287
2026/09/22 22:20:08.108, 0, 12288, 11829, 287
2026/09/22 22:20:08.315, 0, 12288, 11829, 287
2026/09/22 22:20:08.523, 0, 12288, 11829, 287
2026/09/22 22:20:08.731, 0, 12288, 11829, 287
2026/09/22 22:20:08.937, 0, 12288, 11829, 287
2026/09/22 22:20:09.142, 0, 12288, 11829, 287
2026/09/22 22:20:09.350, 0, 12288, 11829, 287
2026/09/22 22:20:09.557, 0, 12288, 11829, 287
2026/09/22 22:20:09.765, 0, 12288, 11829, 287
2026/09/22 22:20:09.970, 0, 12288, 11829, 287
2026/09/22 22:20:10.177, 0, 12288, 11829, 287
2026/09/22 22:20:10.384, 0, 12288, 11829, 287
2026/09/22 22:20:10.590, 0, 12288, 11829, 287
2026/09/22 22:20:10.798, 0, 12288, 11829, 287
2026/09/22 22:20:11.002, 0, 12288, 11829, 287
2026/09/22 22:20:11.207, 0, 12288, 11829, 287
2026/09/22 22:20:11.415, 0, 12288, 11829, 287
2026/09/22 22:20:11.621, 0, 12288, 11829, 287
2026/09/22 22:20:11.829, 0, 12288, 11829, 287
2026/09/22 22:20:12.033, 0, 12288, 11829, 287
2026/09/22 22:20:12.240, 0, 12288, 11829, 287
2026/09/22 22:20:12.446, 0, 12288, 11829, 287
2026/09/22 22:20:12.653, 0, 12288, 11829, 287
2026/09/22 22:20:12.861, 0, 12288, 11829, 287
2026/09/22 22:20:13.068, 0, 12288, 11829, 287
2026/09/22 22:20:13.276, 0, 12288, 11829, 287
2026/09/22 22:20:13.484, 0, 12288, 11829, 287
2026/09/22 22:20:13.691, 0, 12288, 11829, 287
2026/09/22 22:20:13.898, 0, 12288, 11829, 287
2026/09/22 22:20:14.106, 0, 12288, 11829, 287
2026/09/22 22:20:14.313, 0, 12288, 11829, 287
2026/09/22 22:20:14.520, 0, 12288, 11829, 287
2026/09/22 22:20:14.726, 0, 12288, 11829, 287
2026/09/22 22:20:14.934, 0, 12288, 11829, 287
2026/09/22 22:20:15.140, 0, 12288, 11829, 287
2026/09/22 22:20:15.346, 0, 12288, 11829, 287
2026/09/22 22:20:15.549, 0, 12288, 11829, 287
2026/09/22 22:20:15.756, 0, 12288, 11829, 287
2026/09/22 22:20:15.964, 0, 12288, 11829, 287
2026/09/22 22:20:16.172, 0, 12288, 11829, 287
2026/09/22 22:20:16.377, 0, 12288, 11829, 287
2026/09/22 22:20:16.582, 0, 12288, 11829, 287
2026/09/22 22:20:16.790, 0, 12288, 11829, 287
2026/09/22 22:20:16.997, 0, 12288, 11829, 287
2026/09/22 22:20:17.204, 0, 12288, 11829, 287
2026/09/22 22:20:17.408, 0, 12288, 11829, 287
2026/09/22 22:20:17.616, 0, 12288, 11829, 287
2026/09/22 22:20:17.822, 0, 12288, 11829, 287
2026/09/22 22:20:18.028, 0, 12288, 11829, 287
2026/09/22 22:20:18.236, 0, 12288, 11829, 287
2026/09/22 22:20:18.443, 0, 12288, 11829, 287
2026/09/22 22:20:18.650, 0, 12288, 11829, 287
2026/09/22 22:20:18.857, 0, 12288, 11829, 287
2026/09/22 22:20:19.063, 0, 12288, 11829, 287
2026/09/22 22:20:19.271, 0, 12288, 11829, 287
2026/09/22 22:20:19.475, 0, 12288, 11829, 287
2026/09/22 22:20:19.681, 0, 12288, 11829, 287
2026/09/22 22:20:19.887, 0, 12288, 11829, 287
2026/09/22 22:20:20.092, 0, 12288, 11829, 287
2026/09/22 22:20:20.300, 0, 12288, 11829, 287
2026/09/22 22:20:20.507, 0, 12288, 11829, 287
2026/09/22 22:20:20.714, 0, 12288, 11829, 287
2026/09/22 22:20:20.922, 0, 12288, 11829, 287
2026/09/22 22:20:21.129, 0, 12288, 11829, 287
2026/09/22 22:20:21.336, 0, 12288, 11829, 287
2026/09/22 22:20:21.542, 0, 12288, 11829, 287
2026/09/22 22:20:21.750, 0, 12288, 11829, 287
2026/09/22 22:20:21.956, 0, 12288, 11829, 287
2026/09/22 22:20:22.157, 0, 12288, 11829, 287
2026/09/22 22:20:22.363, 0, 12288, 11829, 287
2026/09/22 22:20:22.568, 0, 12288, 11829, 287
2026/09/22 22:20:22.772, 0, 12288, 11829, 287
2026/09/22 22:20:22.980, 0, 12288, 11829, 287
2026/09/22 22:20:23.185, 0, 12288, 11829, 287
2026/09/22 22:20:23.392, 0, 12288, 11829, 287
2026/09/22 22:20:23.597, 0, 12288, 11829, 287
2026/09/22 22:20:23.803, 0, 12288, 11829, 287
2026/09/22 22:20:24.009, 0, 12288, 11829, 287
2026/09/22 22:20:24.217, 0, 12288, 11829, 287
2026/09/22 22:20:24.423, 0, 12288, 11829, 287
2026/09/22 22:20:24.628, 0, 12288, 11829, 287
2026/09/22 22:20:24.835, 0, 12288, 11829, 287
2026/09/22 22:20:25.041, 0, 12288, 11829, 287
2026/09/22 22:20:25.249, 0, 12288, 11829, 287
2026/09/22 22:20:25.453, 0, 12288, 11829, 287
2026/09/22 22:20:25.660, 0, 12288, 11829, 287
2026/09/22 22:20:25.867, 0, 12288, 11829, 287
2026/09/22 22:20:26.072, 0, 12288, 11829, 287
2026/09/22 22:20:26.279, 0, 12288, 11829, 287
2026/09/22 22:20:26.484, 0, 12288, 11829, 287
2026/09/22 22:20:26.692, 0, 12288, 11829, 287
2026/09/22 22:20:26.900, 0, 12288, 11829, 287
2026/09/22 22:20:27.107, 0, 12288, 11829, 287
2026/09/22 22:20:27.315, 0, 12288, 11829, 287
2026/09/22 22:20:27.522, 0, 12288, 11829, 287
2026/09/22 22:20:27.729, 0, 12288, 11829, 287
2026/09/22 22:20:27.937, 0, 12288, 11829, 287
2026/09/22 22:20:28.143, 0, 12288, 11829, 287
2026/09/22 22:20:28.346, 0, 12288, 11829, 287
2026/09/22 22:20:28.553, 0, 12288, 11829, 287
2026/09/22 22:20:28.757, 0, 12288, 11829, 287
2026/09/22 22:20:28.964, 0, 12288, 11829, 287
2026/09/22 22:20:29.170, 0, 12288, 11829, 287
2026/09/22 22:20:29.377, 0, 12288, 11829, 287
2026/09/22 22:20:29.583, 0, 12288, 11829, 287
2026/09/22 22:20:29.789, 0, 12288, 11829, 287
2026/09/22 22:20:29.995, 0, 12288, 11829, 287
2026/09/22 22:20:30.198, 0, 12288, 11829, 287
2026/09/22 22:20:30.406, 0, 12288, 11829, 287
2026/09/22 22:20:30.611, 0, 12288, 11829, 287
2026/09/22 22:20:30.819, 0, 12288, 11829, 287
2026/09/22 22:20:31.026, 0, 12288, 11829, 287
2026/09/22 22:20:31.233, 0, 12288, 11829, 287
2026/09/22 22:20:31.440, 0, 12288, 11829, 287
2026/09/22 22:20:31.647, 0, 12288, 11829, 287
2026/09/22 22:20:31.855, 0, 12288, 11829, 287
2026/09/22 22:20:32.063, 0, 12288, 11829, 287
2026/09/22 22:20:32.268, 0, 12288, 11829, 287
2026/09/22 22:20:32.476, 0, 12288, 11829, 287
2026/09/22 22:20:32.682, 0, 12288, 11829, 287
2026/09/22 22:20:32.888, 0, 12288, 11829, 287
2026/09/22 22:20:33.093, 0, 12288, 11829, 287
2026/09/22 22:20:33.298, 0, 12288, 11829, 287
2026/09/22 22:20:33.506, 0, 12288, 11829, 287
2026/09/22 22:20:33.712, 0, 12288, 11829, 287
2026/09/22 22:20:33.918, 0, 12288, 11829, 287
2026/09/22 22:20:34.125, 0, 12288, 11829, 287
2026/09/22 22:20:34.332, 0, 12288, 11829, 287
2026/09/22 22:20:34.539, 0, 12288, 11829, 287
2026/09/22 22:20:34.746, 0, 12288, 11829, 287
2026/09/22 22:20:34.953, 0, 12288, 11829, 287
2026/09/22 22:20:35.161, 0, 12288, 11829, 287
2026/09/22 22:20:35.368, 0, 12288, 11829, 287
2026/09/22 22:20:35.576, 0, 12288, 11829, 287
2026/09/22 22:20:35.783, 0, 12288, 11829, 287
2026/09/22 22:20:35.990, 0, 12288, 11829, 287
2026/09/22 22:20:36.197, 0, 12288, 11829, 287
2026/09/22 22:20:36.405, 0, 12288, 11829, 287
2026/09/22 22:20:36.613, 0, 12288, 11829, 287
2026/09/22 22:20:36.821, 0, 12288, 11829, 287
2026/09/22 22:20:37.029, 0, 12288, 11829, 287
2026/09/22 22:20:37.237, 0, 12288, 11829, 287
2026/09/22 22:20:37.439, 0, 12288, 11829, 287
2026/09/22 22:20:37.646, 0, 12288, 11829, 287
2026/09/22 22:20:37.853, 0, 12288, 11829, 287
2026/09/22 22:20:38.060, 0, 12288, 11829, 287
2026/09/22 22:20:38.265, 0, 12288, 11829, 287
2026/09/22 22:20:38.471, 0, 12288, 11829, 287
2026/09/22 22:20:38.678, 0, 12288, 11829, 287
2026/09/22 22:20:38.885, 0, 12288, 11829, 287
2026/09/22 22:20:39.092, 0, 12288, 11829, 287
2026/09/22 22:20:39.300, 0, 12288, 11829, 287
2026/09/22 22:20:39.506, 0, 12288, 11829, 287
2026/09/22 22:20:39.714, 0, 12288, 11829, 287
2026/09/22 22:20:39.922, 0, 12288, 11829, 287
2026/09/22 22:20:40.129, 0, 12288, 11829, 287
2026/09/22 22:20:40.337, 0, 12288, 11829, 287
2026/09/22 22:20:40.545, 0, 12288, 11829, 287
2026/09/22 22:20:40.753, 0, 12288, 11829, 287
2026/09/22 22:20:40.961, 0, 12288, 11829, 287
2026/09/22 22:20:41.169, 0, 12288, 11829, 287
2026/09/22 22:20:41.377, 0, 12288, 11829, 287
2026/09/22 22:20:41.581, 0, 12288, 11829, 287
2026/09/22 22:20:41.790, 0, 12288, 11829, 287
2026/09/22 22:20:41.996, 0, 12288, 11829, 287
2026/09/22 22:20:42.203, 0, 12288, 11829, 287
2026/09/22 22:20:42.425, 0, 12288, 11829, 287
2026/09/22 22:20:42.627, 0, 12288, 11829, 287
2026/09/22 22:20:42.835, 0, 12288, 11829, 287
2026/09/22 22:20:43.041, 0, 12288, 11829, 287
2026/09/22 22:20:43.249, 0, 12288, 11829, 287
2026/09/22 22:20:43.457, 0, 12288, 11829, 287
2026/09/22 22:20:43.665, 0, 12288, 11829, 287
2026/09/22 22:20:43.873, 0, 12288, 11829, 287
2026/09/22 22:20:44.081, 0, 12288, 11829, 287
2026/09/22 22:20:44.288, 0, 12288, 11829, 287
2026/09/22 22:20:44.496, 0, 12288, 11829, 287
2026/09/22 22:20:44.703, 0, 12288, 11829, 287
2026/09/22 22:20:44.909, 0, 12288, 11829, 287
2026/09/22 22:20:45.116, 0, 12288, 11829, 287
2026/09/22 22:20:45.324, 0, 12288, 11829, 287
2026/09/22 22:20:45.531, 0, 12288, 11829, 287
2026/09/22 22:20:45.739, 0, 12288, 11829, 287
2026/09/22 22:20:45.947, 0, 12288, 11829, 287
2026/09/22 22:20:46.155, 0, 12288, 11829, 287
2026/09/22 22:20:46.363, 0, 12288, 11829, 287
2026/09/22 22:20:46.569, 0, 12288, 11829, 287
2026/09/22 22:20:46.775, 0, 12288, 11829, 287
2026/09/22 22:20:46.983, 0, 12288, 11829, 287
2026/09/22 22:20:47.188, 0, 12288, 11829, 287
2026/09/22 22:20:47.394, 0, 12288, 11829, 287
2026/09/22 22:20:47.600, 0, 12288, 11829, 287
2026/09/22 22:20:47.808, 0, 12288, 11829, 287
2026/09/22 22:20:48.016, 0, 12288, 11829, 287
2026/09/22 22:20:48.224, 0, 12288, 11829, 287
2026/09/22 22:20:48.431, 0, 12288, 11829, 287
2026/09/22 22:20:48.637, 0, 12288, 11829, 287
2026/09/22 22:20:48.845, 0, 12288, 11829, 287
2026/09/22 22:20:49.053, 0, 12288, 11829, 287
2026/09/22 22:20:49.260, 0, 12288, 11829, 287
2026/09/22 22:20:49.469, 0, 12288, 11829, 287
2026/09/22 22:20:49.675, 0, 12288, 11829, 287
2026/09/22 22:20:49.881, 0, 12288, 11829, 287
2026/09/22 22:20:50.088, 0, 12288, 11829, 287
2026/09/22 22:20:50.296, 0, 12288, 11829, 287
2026/09/22 22:20:50.503, 0, 12288, 11829, 287
2026/09/22 22:20:50.711, 0, 12288, 11829, 287
2026/09/22 22:20:50.917, 0, 12288, 11829, 287
2026/09/22 22:20:51.122, 0, 12288, 11829, 287
2026/09/22 22:20:51.329, 0, 12288, 11829, 287
2026/09/22 22:20:51.534, 0, 12288, 11829, 287
2026/09/22 22:20:51.742, 0, 12288, 11829, 287
2026/09/22 22:20:51.945, 0, 12288, 11829, 287
2026/09/22 22:20:52.152, 0, 12288, 11829, 287
2026/09/22 22:20:52.359, 0, 12288, 11829, 287
2026/09/22 22:20:52.564, 0, 12288, 11829, 287
2026/09/22 22:20:52.771, 0, 12288, 11829, 287
2026/09/22 22:20:52.978, 0, 12288, 11829, 287
2026/09/22 22:20:53.186, 0, 12288, 11829, 287
2026/09/22 22:20:53.394, 0, 12288, 11829, 287
2026/09/22 22:20:53.600, 0, 12288, 11829, 287
2026/09/22 22:20:53.808, 0, 12288, 11829, 287
2026/09/22 22:20:54.014, 0, 12288, 11829, 287
2026/09/22 22:20:54.221, 0, 12288, 11829, 287
2026/09/22 22:20:54.428, 0, 12288, 11829, 287
2026/09/22 22:20:54.636, 0, 12288, 11829, 287
2026/09/22 22:20:54.843, 0, 12288, 11829, 287
2026/09/22 22:20:55.050, 0, 12288, 11829, 287
2026/09/22 22:20:55.258, 0, 12288, 11829, 287
2026/09/22 22:20:55.464, 0, 12288, 11829, 287
2026/09/22 22:20:55.671, 0, 12288, 11829, 287
2026/09/22 22:20:55.878, 0, 12288, 11829, 287
2026/09/22 22:20:56.085, 0, 12288, 11829, 287
2026/09/22 22:20:56.293, 0, 12288, 11829, 287
2026/09/22 22:20:56.498, 0, 12288, 11829, 287
2026/09/22 22:20:56.706, 0, 12288, 11829, 287
2026/09/22 22:20:56.913, 0, 12288, 11829, 287
2026/09/22 22:20:57.121, 0, 12288, 11829, 287
2026/09/22 22:20:57.328, 0, 12288, 11829, 287
2026/09/22 22:20:57.536, 0, 12288, 11829, 287
2026/09/22 22:20:57.744, 0, 12288, 11829, 287
2026/09/22 22:20:57.952, 0, 12288, 11829, 287
2026/09/22 22:20:58.159, 0, 12288, 11829, 287
2026/09/22 22:20:58.365, 0, 12288, 11829, 287
2026/09/22 22:20:58.573, 0, 12288, 11829, 287
2026/09/22 22:20:58.781, 0, 12288, 11829, 287
2026/09/22 22:20:58.987, 0, 12288, 11829, 287
2026/09/22 22:20:59.195, 0, 12288, 11829, 287
2026/09/22 22:20:59.402, 0, 12288, 11829, 287
2026/09/22 22:20:59.610, 0, 12288, 11829, 287
2026/09/22 22:20:59.815, 0, 12288, 11829, 287
2026/09/22 22:21:00.021, 0, 12288, 11829, 287
2026/09/22 22:21:00.227, 0, 12288, 11829, 287
2026/09/22 22:21:00.434, 0, 12288, 11829, 287
2026/09/22 22:21:00.641, 0, 12288, 11829, 287
2026/09/22 22:21:00.845, 0, 12288, 11829, 287
2026/09/22 22:21:01.052, 0, 12288, 11829, 287
2026/09/22 22:21:01.257, 0, 12288, 11829, 287
2026/09/22 22:21:01.464, 0, 12288, 11829, 287
2026/09/22 22:21:01.672, 0, 12288, 11829, 287
2026/09/22 22:21:01.880, 0, 12288, 11829, 287
2026/09/22 22:21:02.087, 0, 12288, 11829, 287
2026/09/22 22:21:02.295, 0, 12288, 11829, 287
2026/09/22 22:21:02.502, 0, 12288, 11829, 287
2026/09/22 22:21:02.709, 0, 12288, 11829, 287
2026/09/22 22:21:02.917, 0, 12288, 11829, 287
2026/09/22 22:21:03.124, 0, 12288, 11829, 287
2026/09/22 22:21:03.330, 0, 12288, 11829, 287
2026/09/22 22:21:03.538, 0, 12288, 11829, 287
2026/09/22 22:21:03.744, 0, 12288, 11829, 287
2026/09/22 22:21:03.952, 0, 12288, 11829, 287
2026/09/22 22:21:04.160, 0, 12288, 11829, 287
2026/09/22 22:21:04.368, 0, 12288, 11829, 287
2026/09/22 22:21:04.576, 0, 12288, 11829, 287
2026/09/22 22:21:04.784, 0, 12288, 11829, 287
2026/09/22 22:21:04.991, 0, 12288, 11829, 287
2026/09/22 22:21:05.199, 0, 12288, 11829, 287
2026/09/22 22:21:05.406, 0, 12288, 11829, 287
2026/09/22 22:21:05.614, 0, 12288, 11829, 287
2026/09/22 22:21:05.819, 0, 12288, 11829, 287
2026/09/22 22:21:06.026, 0, 12288, 11829, 287
2026/09/22 22:21:06.234, 0, 12288, 11829, 287
2026/09/22 22:21:06.440, 0, 12288, 11829, 287
2026/09/22 22:21:06.648, 0, 12288, 11829, 287
2026/09/22 22:21:06.853, 0, 12288, 11829, 287
2026/09/22 22:21:07.061, 0, 12288, 11829, 287
2026/09/22 22:21:07.269, 0, 12288, 11829, 287
2026/09/22 22:21:07.477, 0, 12288, 11829, 287
2026/09/22 22:21:07.685, 0, 12288, 11829, 287
2026/09/22 22:21:07.893, 0, 12288, 11829, 287
2026/09/22 22:21:08.101, 0, 12288, 11829, 287
2026/09/22 22:21:08.309, 0, 12288, 11829, 287
2026/09/22 22:21:08.516, 0, 12288, 11829, 287
2026/09/22 22:21:08.722, 0, 12288, 11829, 287
2026/09/22 22:21:08.930, 0, 12288, 11829, 287
2026/09/22 22:21:09.136, 0, 12288, 11829, 287
2026/09/22 22:21:09.342, 0, 12288, 11829, 287
2026/09/22 22:21:09.548, 0, 12288, 11829, 287
2026/09/22 22:21:09.755, 0, 12288, 11829, 287
2026/09/22 22:21:09.963, 0, 12288, 11829, 287
2026/09/22 22:21:10.169, 0, 12288, 11829, 287
2026/09/22 22:21:10.376, 0, 12288, 11829, 287
2026/09/22 22:21:10.579, 0, 12288, 11829, 287
2026/09/22 22:21:10.783, 0, 12288, 11829, 287
2026/09/22 22:21:10.989, 0, 12288, 11829, 287
2026/09/22 22:21:11.194, 0, 12288, 11829, 287
2026/09/22 22:21:11.401, 0, 12288, 11829, 287
2026/09/22 22:21:11.608, 0, 12288, 11829, 287
2026/09/22 22:21:11.816, 0, 12288, 11829, 287
2026/09/22 22:21:12.021, 0, 12288, 11829, 287
2026/09/22 22:21:12.229, 0, 12288, 11829, 287
2026/09/22 22:21:12.436, 0, 12288, 11829, 287
2026/09/22 22:21:12.644, 0, 12288, 11829, 287
2026/09/22 22:21:12.851, 0, 12288, 11829, 287
2026/09/22 22:21:13.057, 0, 12288, 11829, 287
2026/09/22 22:21:13.263, 0, 12288, 11829, 287
2026/09/22 22:21:13.470, 0, 12288, 11829, 287
2026/09/22 22:21:13.678, 0, 12288, 11829, 287
2026/09/22 22:21:13.885, 0, 12288, 11829, 287
2026/09/22 22:21:14.092, 0, 12288, 11829, 287
2026/09/22 22:21:14.299, 0, 12288, 11829, 287
2026/09/22 22:21:14.507, 0, 12288, 11829, 287
2026/09/22 22:21:14.715, 0, 12288, 11829, 287
2026/09/22 22:21:14.933, 0, 12288, 11829, 287
2026/09/22 22:21:15.144, 0, 12288, 11829, 287
2026/09/22 22:21:15.352, 0, 12288, 11829, 287
2026/09/22 22:21:15.557, 0, 12288, 11829, 287
2026/09/22 22:21:15.765, 0, 12288, 11829, 287
2026/09/22 22:21:15.971, 0, 12288, 11829, 287
2026/09/22 22:21:16.178, 0, 12288, 11829, 287
2026/09/22 22:21:16.386, 0, 12288, 11829, 287
2026/09/22 22:21:16.593, 0, 12288, 11829, 287
2026/09/22 22:21:16.799, 0, 12288, 11829, 287
2026/09/22 22:21:17.005, 0, 12288, 11829, 287
2026/09/22 22:21:17.213, 0, 12288, 11829, 287
2026/09/22 22:21:17.419, 0, 12288, 11829, 287
2026/09/22 22:21:17.621, 0, 12288, 11829, 287
2026/09/22 22:21:17.827, 0, 12288, 11829, 287
2026/09/22 22:21:18.035, 0, 12288, 11829, 287
2026/09/22 22:21:18.241, 0, 12288, 11829, 287
2026/09/22 22:21:18.449, 0, 12288, 11829, 287
2026/09/22 22:21:18.657, 0, 12288, 11829, 287
2026/09/22 22:21:18.865, 0, 12288, 11829, 287
2026/09/22 22:21:19.070, 0, 12288, 11829, 287
2026/09/22 22:21:19.276, 0, 12288, 11829, 287
2026/09/22 22:21:19.483, 0, 12288, 11829, 287
2026/09/22 22:21:19.688, 0, 12288, 11829, 287
2026/09/22 22:21:19.895, 0, 12288, 11829, 287
2026/09/22 22:21:20.101, 0, 12288, 11829, 287
2026/09/22 22:21:20.307, 0, 12288, 11829, 287
2026/09/22 22:21:20.513, 0, 12288, 11829, 287
2026/09/22 22:21:20.719, 0, 12288, 11829, 287
2026/09/22 22:21:20.923, 0, 12288, 11829, 287
2026/09/22 22:21:21.129, 0, 12288, 11829, 287
2026/09/22 22:21:21.334, 0, 12288, 11829, 287
2026/09/22 22:21:21.542, 0, 12288, 11829, 287
2026/09/22 22:21:21.749, 0, 12288, 11829, 287
2026/09/22 22:21:21.954, 0, 12288, 11829, 287
2026/09/22 22:21:22.162, 0, 12288, 11829, 287
2026/09/22 22:21:22.370, 0, 12288, 11829, 287
2026/09/22 22:21:22.577, 0, 12288, 11829, 287
2026/09/22 22:21:22.784, 0, 12288, 11829, 287
2026/09/22 22:21:22.992, 0, 12288, 11829, 287
2026/09/22 22:21:23.200, 0, 12288, 11829, 287
2026/09/22 22:21:23.408, 0, 12288, 11829, 287
2026/09/22 22:21:23.616, 0, 12288, 11829, 287
2026/09/22 22:21:23.824, 0, 12288, 11829, 287
2026/09/22 22:21:24.031, 0, 12288, 11829, 287
2026/09/22 22:21:24.237, 0, 12288, 11829, 287
2026/09/22 22:21:24.444, 0, 12288, 11829, 287
2026/09/22 22:21:24.652, 0, 12288, 11829, 287
2026/09/22 22:21:24.859, 0, 12288, 11829, 287
2026/09/22 22:21:25.067, 0, 12288, 11829, 287
2026/09/22 22:21:25.275, 0, 12288, 11829, 287
2026/09/22 22:21:25.478, 0, 12288, 11829, 287
2026/09/22 22:21:25.685, 0, 12288, 11829, 287
2026/09/22 22:21:25.893, 0, 12288, 11829, 287
2026/09/22 22:21:26.099, 0, 12288, 11829, 287
2026/09/22 22:21:26.307, 0, 12288, 11829, 287
2026/09/22 22:21:26.514, 0, 12288, 11829, 287
2026/09/22 22:21:26.722, 0, 12288, 11829, 287
2026/09/22 22:21:26.929, 0, 12288, 11829, 287
2026/09/22 22:21:27.136, 0, 12288, 11829, 287
2026/09/22 22:21:27.344, 0, 12288, 11829, 287
2026/09/22 22:21:27.552, 0, 12288, 11829, 287
2026/09/22 22:21:27.761, 0, 12288, 11829, 287
2026/09/22 22:21:27.967, 0, 12288, 11829, 287
2026/09/22 22:21:28.174, 0, 12288, 11829, 287
2026/09/22 22:21:28.381, 0, 12288, 11829, 287
2026/09/22 22:21:28.587, 0, 12288, 11829, 287
2026/09/22 22:21:28.793, 0, 12288, 11829, 287
2026/09/22 22:21:29.001, 0, 12288, 11829, 287
2026/09/22 22:21:29.205, 0, 12288, 11829, 287
2026/09/22 22:21:29.411, 0, 12288, 11829, 287
2026/09/22 22:21:29.618, 0, 12288, 11829, 287
2026/09/22 22:21:29.825, 0, 12288, 11829, 287
2026/09/22 22:21:30.032, 0, 12288, 11829, 287
2026/09/22 22:21:30.236, 0, 12288, 11829, 287
2026/09/22 22:21:30.444, 0, 12288, 11829, 287
2026/09/22 22:21:30.652, 0, 12288, 11829, 287
2026/09/22 22:21:30.860, 0, 12288, 11829, 287
2026/09/22 22:21:31.065, 0, 12288, 11829, 287
2026/09/22 22:21:31.272, 0, 12288, 11829, 287
2026/09/22 22:21:31.480, 0, 12288, 11829, 287
2026/09/22 22:21:31.687, 0, 12288, 11829, 287
2026/09/22 22:21:31.894, 0, 12288, 11829, 287
2026/09/22 22:21:32.101, 0, 12288, 11829, 287
2026/09/22 22:21:32.309, 0, 12288, 11829, 287
2026/09/22 22:21:32.516, 0, 12288, 11829, 287
2026/09/22 22:21:32.722, 0, 12288, 11829, 287
2026/09/22 22:21:32.929, 0, 12288, 11829, 287
2026/09/22 22:21:33.136, 0, 12288, 11829, 287
2026/09/22 22:21:33.344, 0, 12288, 11829, 287
2026/09/22 22:21:33.549, 0, 12288, 11829, 287
2026/09/22 22:21:33.756, 0, 12288, 11829, 287
2026/09/22 22:21:33.964, 0, 12288, 11829, 287
2026/09/22 22:21:34.171, 0, 12288, 11829, 287
2026/09/22 22:21:34.378, 0, 12288, 11829, 287
2026/09/22 22:21:34.584, 0, 12288, 11829, 287
2026/09/22 22:21:34.790, 0, 12288, 11829, 287
2026/09/22 22:21:34.998, 0, 12288, 11829, 287
2026/09/22 22:21:35.204, 0, 12288, 11829, 287
2026/09/22 22:21:35.408, 0, 12288, 11829, 287
2026/09/22 22:21:35.615, 0, 12288, 11829, 287
2026/09/22 22:21:35.822, 0, 12288, 11829, 287
2026/09/22 22:21:36.030, 0, 12288, 11829, 287
2026/09/22 22:21:36.237, 0, 12288, 11829, 287
2026/09/22 22:21:36.443, 0, 12288, 11829, 287
2026/09/22 22:21:36.651, 0, 12288, 11829, 287
2026/09/22 22:21:36.858, 0, 12288, 11829, 287
2026/09/22 22:21:37.063, 0, 12288, 11829, 287
2026/09/22 22:21:37.271, 0, 12288, 11829, 287
2026/09/22 22:21:37.477, 0, 12288, 11829, 287
2026/09/22 22:21:37.684, 0, 12288, 11829, 287
2026/09/22 22:21:37.891, 0, 12288, 11829, 287
2026/09/22 22:21:38.096, 0, 12288, 11829, 287
2026/09/22 22:21:38.304, 0, 12288, 11829, 287
2026/09/22 22:21:38.512, 0, 12288, 11829, 287
2026/09/22 22:21:38.719, 0, 12288, 11829, 287
2026/09/22 22:21:38.926, 0, 12288, 11829, 287
2026/09/22 22:21:39.133, 0, 12288, 11829, 287
2026/09/22 22:21:39.340, 0, 12288, 11829, 287
2026/09/22 22:21:39.545, 0, 12288, 11829, 287
2026/09/22 22:21:39.752, 0, 12288, 11829, 287
2026/09/22 22:21:39.959, 0, 12288, 11829, 287
2026/09/22 22:21:40.166, 0, 12288, 11829, 287
2026/09/22 22:21:40.373, 0, 12288, 11829, 287
2026/09/22 22:21:40.581, 0, 12288, 11829, 287
2026/09/22 22:21:40.789, 0, 12288, 11829, 287
2026/09/22 22:21:40.997, 0, 12288, 11829, 287
2026/09/22 22:21:41.204, 0, 12288, 11829, 287
2026/09/22 22:21:41.411, 0, 12288, 11829, 287
2026/09/22 22:21:41.619, 0, 12288, 11829, 287
2026/09/22 22:21:41.826, 0, 12288, 11829, 287
2026/09/22 22:21:42.032, 0, 12288, 11829, 287
2026/09/22 22:21:42.239, 0, 12288, 11829, 287
2026/09/22 22:21:42.447, 0, 12288, 11829, 287
2026/09/22 22:21:42.654, 0, 12288, 11829, 287
2026/09/22 22:21:42.860, 0, 12288, 11829, 287
2026/09/22 22:21:43.068, 0, 12288, 11829, 287
2026/09/22 22:21:43.274, 0, 12288, 11829, 287
2026/09/22 22:21:43.482, 0, 12288, 11829, 287
2026/09/22 22:21:43.689, 0, 12288, 11829, 287
2026/09/22 22:21:43.895, 0, 12288, 11829, 287
2026/09/22 22:21:44.101, 0, 12288, 11829, 287
2026/09/22 22:21:44.308, 0, 12288, 11829, 287
2026/09/22 22:21:44.515, 0, 12288, 11829, 287
2026/09/22 22:21:44.721, 0, 12288, 11829, 287
2026/09/22 22:21:44.924, 0, 12288, 11829, 287
2026/09/22 22:21:45.129, 0, 12288, 11829, 287
2026/09/22 22:21:45.336, 0, 12288, 11829, 287
2026/09/22 22:21:45.541, 0, 12288, 11829, 287
2026/09/22 22:21:45.748, 0, 12288, 11829, 287
2026/09/22 22:21:45.955, 0, 12288, 11829, 287
2026/09/22 22:21:46.161, 0, 12288, 11829, 287
2026/09/22 22:21:46.369, 0, 12288, 11829, 287
2026/09/22 22:21:46.577, 0, 12288, 11829, 287
2026/09/22 22:21:46.784, 0, 12288, 11829, 287
2026/09/22 22:21:46.991, 0, 12288, 11829, 287
2026/09/22 22:21:47.199, 0, 12288, 11829, 287
2026/09/22 22:21:47.405, 0, 12288, 11829, 287
2026/09/22 22:21:47.613, 0, 12288, 11829, 287
2026/09/22 22:21:47.820, 0, 12288, 11829, 287
2026/09/22 22:21:48.027, 0, 12288, 11829, 287
2026/09/22 22:21:48.234, 0, 12288, 11829, 287
2026/09/22 22:21:48.442, 0, 12288, 11829, 287
2026/09/22 22:21:48.650, 0, 12288, 11829, 287
2026/09/22 22:21:48.855, 0, 12288, 11829, 287
2026/09/22 22:21:49.062, 0, 12288, 11829, 287
2026/09/22 22:21:49.269, 0, 12288, 11829, 287
2026/09/22 22:21:49.477, 0, 12288, 11829, 287
2026/09/22 22:21:49.685, 0, 12288, 11829, 287
2026/09/22 22:21:49.893, 0, 12288, 11829, 287
2026/09/22 22:21:50.100, 0, 12288, 11829, 287
2026/09/22 22:21:50.308, 0, 12288, 11829, 287
2026/09/22 22:21:50.516, 0, 12288, 11829, 287
2026/09/22 22:21:50.722, 0, 12288, 11829, 287
2026/09/22 22:21:50.929, 0, 12288, 11829, 287
2026/09/22 22:21:51.136, 0, 12288, 11829, 287
2026/09/22 22:21:51.344, 0, 12288, 11829, 287
2026/09/22 22:21:51.549, 0, 12288, 11829, 287
2026/09/22 22:21:51.753, 0, 12288, 11829, 287
2026/09/22 22:21:51.960, 0, 12288, 11829, 287
2026/09/22 22:21:52.168, 0, 12288, 11829, 287
2026/09/22 22:21:52.374, 0, 12288, 11829, 287
2026/09/22 22:21:52.580, 0, 12288, 11829, 287
2026/09/22 22:21:52.785, 0, 12288, 11829, 287
2026/09/22 22:21:52.992, 0, 12288, 11829, 287
2026/09/22 22:21:53.200, 0, 12288, 11829, 287
2026/09/22 22:21:53.406, 0, 12288, 11829, 287
2026/09/22 22:21:53.613, 0, 12288, 11829, 287
2026/09/22 22:21:53.820, 0, 12288, 11829, 287
2026/09/22 22:21:54.027, 0, 12288, 11829, 287
2026/09/22 22:21:54.235, 0, 12288, 11829, 287
2026/09/22 22:21:54.441, 0, 12288, 11829, 287
2026/09/22 22:21:54.649, 0, 12288, 11829, 287
2026/09/22 22:21:54.856, 0, 12288, 11829, 287
2026/09/22 22:21:55.064, 0, 12288, 11829, 287
2026/09/22 22:21:55.271, 0, 12288, 11829, 287
2026/09/22 22:21:55.477, 0, 12288, 11829, 287
2026/09/22 22:21:55.683, 0, 12288, 11829, 287
2026/09/22 22:21:55.891, 0, 12288, 11829, 287
2026/09/22 22:21:56.097, 0, 12288, 11829, 287
2026/09/22 22:21:56.305, 0, 12288, 11829, 287
2026/09/22 22:21:56.512, 0, 12288, 11829, 287
2026/09/22 22:21:56.721, 0, 12288, 11829, 287
2026/09/22 22:21:56.928, 0, 12288, 11829, 287
2026/09/22 22:21:57.132, 0, 12288, 11829, 287
2026/09/22 22:21:57.339, 0, 12288, 11829, 287
2026/09/22 22:21:57.545, 0, 12288, 11829, 287
2026/09/22 22:21:57.751, 0, 12288, 11829, 287
2026/09/22 22:21:57.955, 0, 12288, 11829, 287
2026/09/22 22:21:58.160, 0, 12288, 11829, 287
2026/09/22 22:21:58.368, 0, 12288, 11829, 287
2026/09/22 22:21:58.573, 0, 12288, 11829, 287
2026/09/22 22:21:58.780, 0, 12288, 11829, 287
2026/09/22 22:21:58.986, 0, 12288, 11829, 287
2026/09/22 22:21:59.194, 0, 12288, 11829, 287
2026/09/22 22:21:59.401, 0, 12288, 11829, 287
2026/09/22 22:21:59.606, 0, 12288, 11829, 287
2026/09/22 22:21:59.814, 0, 12288, 11829, 287
2026/09/22 22:22:00.018, 0, 12288, 11829, 287
2026/09/22 22:22:00.224, 0, 12288, 11829, 287
2026/09/22 22:22:00.431, 0, 12288, 11829, 287
2026/09/22 22:22:00.639, 0, 12288, 11829, 287
2026/09/22 22:22:00.845, 0, 12288, 11829, 287
2026/09/22 22:22:01.052, 0, 12288, 11829, 287
2026/09/22 22:22:01.259, 0, 12288, 11829, 287
2026/09/22 22:22:01.466, 0, 12288, 11829, 287
2026/09/22 22:22:01.672, 0, 12288, 11829, 287
2026/09/22 22:22:01.879, 0, 12288, 11829, 287
2026/09/22 22:22:02.087, 0, 12288, 11829, 287
2026/09/22 22:22:02.295, 0, 12288, 11829, 287
2026/09/22 22:22:02.503, 0, 12288, 11829, 287
2026/09/22 22:22:02.709, 0, 12288, 11829, 287
2026/09/22 22:22:02.917, 0, 12288, 11829, 287
2026/09/22 22:22:03.125, 0, 12288, 11829, 287
2026/09/22 22:22:03.331, 0, 12288, 11829, 287
2026/09/22 22:22:03.539, 0, 12288, 11829, 287
2026/09/22 22:22:03.745, 0, 12288, 11829, 287
2026/09/22 22:22:03.952, 0, 12288, 11829, 287
2026/09/22 22:22:04.158, 0, 12288, 11829, 287
2026/09/22 22:22:04.365, 0, 12288, 11829, 287
2026/09/22 22:22:04.572, 0, 12288, 11829, 287
2026/09/22 22:22:04.779, 0, 12288, 11829, 287
2026/09/22 22:22:04.985, 0, 12288, 11829, 287
2026/09/22 22:22:05.189, 0, 12288, 11829, 287
2026/09/22 22:22:05.393, 0, 12288, 11829, 287
2026/09/22 22:22:05.599, 0, 12288, 11829, 287
2026/09/22 22:22:05.807, 0, 12288, 11829, 287
2026/09/22 22:22:06.013, 0, 12288, 11829, 287
2026/09/22 22:22:06.220, 0, 12288, 11829, 287
2026/09/22 22:22:06.426, 0, 12288, 11829, 287
2026/09/22 22:22:06.632, 0, 12288, 11829, 287
2026/09/22 22:22:06.837, 0, 12288, 11829, 287
2026/09/22 22:22:07.044, 0, 12288, 11829, 287
2026/09/22 22:22:07.250, 0, 12288, 11829, 287
2026/09/22 22:22:07.457, 0, 12288, 11829, 287
2026/09/22 22:22:07.659, 0, 12288, 11829, 287
2026/09/22 22:22:07.864, 0, 12288, 11829, 287
2026/09/22 22:22:08.072, 0, 12288, 11829, 287
2026/09/22 22:22:08.280, 0, 12288, 11829, 287
2026/09/22 22:22:08.487, 0, 12288, 11829, 287
2026/09/22 22:22:08.692, 0, 12288, 11829, 287
2026/09/22 22:22:08.899, 0, 12288, 11829, 287
2026/09/22 22:22:09.106, 0, 12288, 11829, 287
2026/09/22 22:22:09.310, 0, 12288, 11829, 287
2026/09/22 22:22:09.516, 0, 12288, 11829, 287
2026/09/22 22:22:09.720, 0, 12288, 11829, 287
2026/09/22 22:22:09.925, 0, 12288, 11829, 287
2026/09/22 22:22:10.133, 0, 12288, 11829, 287
2026/09/22 22:22:10.340, 0, 12288, 11829, 287
2026/09/22 22:22:10.547, 0, 12288, 11829, 287
2026/09/22 22:22:10.753, 0, 12288, 11829, 287
2026/09/22 22:22:10.959, 0, 12288, 11829, 287
2026/09/22 22:22:11.167, 0, 12288, 11829, 287
2026/09/22 22:22:11.374, 0, 12288, 11829, 287
2026/09/22 22:22:11.580, 0, 12288, 11829, 287
2026/09/22 22:22:11.788, 0, 12288, 11829, 287
2026/09/22 22:22:11.993, 0, 12288, 11829, 287
2026/09/22 22:22:12.200, 0, 12288, 11829, 287
2026/09/22 22:22:12.406, 0, 12288, 11829, 287
2026/09/22 22:22:12.611, 0, 12288, 11829, 287
2026/09/22 22:22:12.818, 0, 12288, 11829, 287
2026/09/22 22:22:13.024, 0, 12288, 11829, 287
2026/09/22 22:22:13.231, 0, 12288, 11829, 287
2026/09/22 22:22:13.439, 0, 12288, 11829, 287
2026/09/22 22:22:13.647, 0, 12288, 11829, 287
2026/09/22 22:22:13.853, 0, 12288, 11829, 287
2026/09/22 22:22:14.061, 0, 12288, 11829, 287
2026/09/22 22:22:14.268, 0, 12288, 11829, 287
2026/09/22 22:22:14.475, 0, 12288, 11829, 287
2026/09/22 22:22:14.684, 0, 12288, 11829, 287
2026/09/22 22:22:14.890, 0, 12288, 11829, 287
2026/09/22 22:22:15.098, 0, 12288, 11829, 287
2026/09/22 22:22:15.306, 0, 12288, 11829, 287
2026/09/22 22:22:15.513, 0, 12288, 11829, 287
2026/09/22 22:22:15.720, 0, 12288, 11829, 287
2026/09/22 22:22:15.927, 0, 12288, 11829, 287
2026/09/22 22:22:16.135, 0, 12288, 11829, 287
2026/09/22 22:22:16.342, 0, 12288, 11829, 287
2026/09/22 22:22:16.547, 0, 12288, 11829, 287
2026/09/22 22:22:16.752, 0, 12288, 11829, 287
2026/09/22 22:22:16.957, 0, 12288, 11829, 287
2026/09/22 22:22:17.165, 0, 12288, 11829, 287
2026/09/22 22:22:17.371, 0, 12288, 11829, 287
2026/09/22 22:22:17.577, 0, 12288, 11829, 287
2026/09/22 22:22:17.783, 0, 12288, 11829, 287
2026/09/22 22:22:17.990, 0, 12288, 11829, 287
2026/09/22 22:22:18.198, 0, 12288, 11829, 287
2026/09/22 22:22:18.405, 0, 12288, 11829, 287
2026/09/22 22:22:18.611, 0, 12288, 11829, 287
2026/09/22 22:22:18.818, 0, 12288, 11829, 287
2026/09/22 22:22:19.026, 0, 12288, 11829, 287
2026/09/22 22:22:19.233, 0, 12288, 11829, 287
2026/09/22 22:22:19.439, 0, 12288, 11829, 287
2026/09/22 22:22:19.646, 0, 12288, 11829, 287
2026/09/22 22:22:19.853, 0, 12288, 11829, 287
2026/09/22 22:22:20.061, 0, 12288, 11829, 287
2026/09/22 22:22:20.267, 0, 12288, 11829, 287
2026/09/22 22:22:20.472, 0, 12288, 11829, 287
2026/09/22 22:22:20.679, 0, 12288, 11829, 287
2026/09/22 22:22:20.887, 0, 12288, 11829, 287
2026/09/22 22:22:21.095, 0, 12288, 11829, 287
2026/09/22 22:22:21.299, 0, 12288, 11829, 287
2026/09/22 22:22:21.507, 0, 12288, 11829, 287
2026/09/22 22:22:21.715, 0, 12288, 11829, 287
2026/09/22 22:22:21.923, 0, 12288, 11829, 287
2026/09/22 22:22:22.129, 0, 12288, 11829, 287
2026/09/22 22:22:22.334, 0, 12288, 11829, 287
2026/09/22 22:22:22.541, 0, 12288, 11829, 287
2026/09/22 22:22:22.749, 0, 12288, 11829, 287
2026/09/22 22:22:22.953, 0, 12288, 11829, 287
2026/09/22 22:22:23.159, 0, 12288, 11829, 287
2026/09/22 22:22:23.367, 0, 12288, 11829, 287
2026/09/22 22:22:23.575, 0, 12288, 11829, 287
2026/09/22 22:22:23.782, 0, 12288, 11829, 287
2026/09/22 22:22:23.988, 0, 12288, 11829, 287
2026/09/22 22:22:24.194, 0, 12288, 11829, 287
2026/09/22 22:22:24.401, 0, 12288, 11829, 287
2026/09/22 22:22:24.609, 0, 12288, 11829, 287
2026/09/22 22:22:24.815, 0, 12288, 11829, 287
2026/09/22 22:22:25.021, 0, 12288, 11829, 287
2026/09/22 22:22:25.225, 0, 12288, 11829, 287
2026/09/22 22:22:25.431, 0, 12288, 11829, 287
2026/09/22 22:22:25.639, 0, 12288, 11829, 287
2026/09/22 22:22:25.846, 0, 12288, 11829, 287
2026/09/22 22:22:26.052, 0, 12288, 11829, 287
2026/09/22 22:22:26.259, 0, 12288, 11829, 287
2026/09/22 22:22:26.466, 0, 12288, 11829, 287
2026/09/22 22:22:26.672, 0, 12288, 11829, 287
2026/09/22 22:22:26.877, 0, 12288, 11829, 287
2026/09/22 22:22:27.084, 0, 12288, 11829, 287
2026/09/22 22:22:27.291, 0, 12288, 11829, 287
2026/09/22 22:22:27.498, 0, 12288, 11829, 287
2026/09/22 22:22:27.706, 0, 12288, 11829, 287
2026/09/22 22:22:27.910, 0, 12288, 11829, 287
2026/09/22 22:22:28.118, 0, 12288, 11829, 287
2026/09/22 22:22:28.326, 0, 12288, 11829, 287
2026/09/22 22:22:28.531, 0, 12288, 11829, 287
2026/09/22 22:22:28.738, 0, 12288, 11829, 287
2026/09/22 22:22:28.946, 0, 12288, 11829, 287
2026/09/22 22:22:29.154, 0, 12288, 11829, 287
2026/09/22 22:22:29.362, 0, 12288, 11829, 287
2026/09/22 22:22:29.569, 0, 12288, 11829, 287
2026/09/22 22:22:29.777, 0, 12288, 11829, 287
2026/09/22 22:22:29.984, 0, 12288, 11829, 287
2026/09/22 22:22:30.191, 0, 12288, 11829, 287
2026/09/22 22:22:30.399, 0, 12288, 11829, 287
2026/09/22 22:22:30.605, 0, 12288, 11829, 287
2026/09/22 22:22:30.812, 0, 12288, 11829, 287
2026/09/22 22:22:31.017, 0, 12288, 11829, 287
2026/09/22 22:22:31.225, 0, 12288, 11829, 287
2026/09/22 22:22:31.433, 0, 12288, 11829, 287
2026/09/22 22:22:31.638, 0, 12288, 11829, 287
2026/09/22 22:22:31.846, 0, 12288, 11829, 287
2026/09/22 22:22:32.053, 0, 12288, 11829, 287
2026/09/22 22:22:32.259, 0, 12288, 11829, 287
2026/09/22 22:22:32.465, 0, 12288, 11829, 287
2026/09/22 22:22:32.672, 0, 12288, 11829, 287
2026/09/22 22:22:32.877, 0, 12288, 11829, 287
2026/09/22 22:22:33.084, 0, 12288, 11829, 287
2026/09/22 22:22:33.292, 0, 12288, 11829, 287
2026/09/22 22:22:33.499, 0, 12288, 11829, 287
2026/09/22 22:22:33.705, 0, 12288, 11829, 287
2026/09/22 22:22:33.913, 0, 12288, 11829, 287
2026/09/22 22:22:34.119, 0, 12288, 11829, 287
2026/09/22 22:22:34.326, 0, 12288, 11829, 287
2026/09/22 22:22:34.532, 0, 12288, 11829, 287
2026/09/22 22:22:34.736, 0, 12288, 11829, 287
2026/09/22 22:22:34.944, 0, 12288, 11829, 287
2026/09/22 22:22:35.148, 0, 12288, 11829, 287
2026/09/22 22:22:35.354, 0, 12288, 11829, 287
2026/09/22 22:22:35.578, 0, 12288, 11829, 287
2026/09/22 22:22:35.784, 0, 12288, 11829, 287
2026/09/22 22:22:35.991, 0, 12288, 11829, 287
2026/09/22 22:22:36.198, 0, 12288, 11829, 287
2026/09/22 22:22:36.405, 0, 12288, 11829, 287
2026/09/22 22:22:36.612, 0, 12288, 11829, 287
2026/09/22 22:22:36.819, 0, 12288, 11829, 287
2026/09/22 22:22:37.026, 0, 12288, 11829, 287
2026/09/22 22:22:37.234, 0, 12288, 11829, 287
2026/09/22 22:22:37.442, 0, 12288, 11829, 287
2026/09/22 22:22:37.649, 0, 12288, 11829, 287
2026/09/22 22:22:37.855, 0, 12288, 11829, 287
2026/09/22 22:22:38.061, 0, 12288, 11829, 287
2026/09/22 22:22:38.268, 0, 12288, 11829, 287
2026/09/22 22:22:38.473, 0, 12288, 11829, 287
2026/09/22 22:22:38.680, 0, 12288, 11829, 287
2026/09/22 22:22:38.888, 0, 12288, 11829, 287
2026/09/22 22:22:39.096, 0, 12288, 11829, 287
2026/09/22 22:22:39.303, 0, 12288, 11829, 287
2026/09/22 22:22:39.509, 0, 12288, 11829, 287
2026/09/22 22:22:39.716, 0, 12288, 11829, 287
2026/09/22 22:22:39.922, 0, 12288, 11829, 287
2026/09/22 22:22:40.128, 0, 12288, 11829, 287
2026/09/22 22:22:40.335, 0, 12288, 11829, 287
2026/09/22 22:22:40.541, 0, 12288, 11829, 287
2026/09/22 22:22:40.747, 0, 12288, 11829, 287
2026/09/22 22:22:40.955, 0, 12288, 11829, 287
2026/09/22 22:22:41.161, 0, 12288, 11829, 287
2026/09/22 22:22:41.367, 0, 12288, 11829, 287
2026/09/22 22:22:41.574, 0, 12288, 11829, 287
2026/09/22 22:22:41.782, 0, 12288, 11829, 287
2026/09/22 22:22:41.988, 0, 12288, 11829, 287
2026/09/22 22:22:42.196, 0, 12288, 11829, 287
2026/09/22 22:22:42.404, 0, 12288, 11829, 287
2026/09/22 22:22:42.610, 0, 12288, 11829, 287
2026/09/22 22:22:42.816, 0, 12288, 11829, 287
2026/09/22 22:22:43.023, 0, 12288, 11829, 287
2026/09/22 22:22:43.230, 0, 12288, 11829, 287
2026/09/22 22:22:43.437, 0, 12288, 11829, 287
2026/09/22 22:22:43.645, 0, 12288, 11829, 287
2026/09/22 22:22:43.853, 0, 12288, 11829, 287
2026/09/22 22:22:44.060, 0, 12288, 11829, 287
2026/09/22 22:22:44.266, 0, 12288, 11829, 287
2026/09/22 22:22:44.471, 0, 12288, 11829, 287
2026/09/22 22:22:44.673, 0, 12288, 11829, 287
2026/09/22 22:22:44.877, 0, 12288, 11829, 287
2026/09/22 22:22:45.084, 0, 12288, 11829, 287
2026/09/22 22:22:45.292, 0, 12288, 11829, 287
2026/09/22 22:22:45.499, 0, 12288, 11829, 287
2026/09/22 22:22:45.705, 0, 12288, 11829, 287
2026/09/22 22:22:45.908, 0, 12288, 11829, 287
2026/09/22 22:22:46.116, 0, 12288, 11829, 287
2026/09/22 22:22:46.323, 0, 12288, 11829, 287
2026/09/22 22:22:46.530, 0, 12288, 11829, 287
2026/09/22 22:22:46.736, 0, 12288, 11829, 287
2026/09/22 22:22:46.940, 0, 12288, 11829, 287
2026/09/22 22:22:47.145, 0, 12288, 11829, 287
2026/09/22 22:22:47.351, 0, 12288, 11829, 287
2026/09/22 22:22:47.556, 0, 12288, 11829, 287
2026/09/22 22:22:47.762, 0, 12288, 11829, 287
2026/09/22 22:22:47.969, 0, 12288, 11829, 287
2026/09/22 22:22:48.175, 0, 12288, 11829, 287
2026/09/22 22:22:48.383, 0, 12288, 11829, 287
2026/09/22 22:22:48.591, 0, 12288, 11829, 287
2026/09/22 22:22:48.798, 0, 12288, 11829, 287
2026/09/22 22:22:49.005, 0, 12288, 11829, 287
2026/09/22 22:22:49.211, 0, 12288, 11829, 287
2026/09/22 22:22:49.418, 0, 12288, 11829, 287
2026/09/22 22:22:49.626, 0, 12288, 11829, 287
2026/09/22 22:22:49.831, 0, 12288, 11829, 287
2026/09/22 22:22:50.037, 0, 12288, 11829, 287
2026/09/22 22:22:50.245, 0, 12288, 11829, 287
2026/09/22 22:22:50.452, 0, 12288, 11829, 287
2026/09/22 22:22:50.660, 0, 12288, 11829, 287
2026/09/22 22:22:50.866, 0, 12288, 11829, 287
2026/09/22 22:22:51.074, 0, 12288, 11829, 287
2026/09/22 22:22:51.280, 0, 12288, 11829, 287
2026/09/22 22:22:51.488, 0, 12288, 11829, 287
2026/09/22 22:22:51.694, 0, 12288, 11829, 287
2026/09/22 22:22:51.900, 0, 12288, 11829, 287
2026/09/22 22:22:52.108, 0, 12288, 11829, 287
2026/09/22 22:22:52.314, 0, 12288, 11829, 287
2026/09/22 22:22:52.519, 0, 12288, 11829, 287
2026/09/22 22:22:52.726, 0, 12288, 11829, 287
2026/09/22 22:22:52.932, 0, 12288, 11829, 287
2026/09/22 22:22:53.139, 0, 12288, 11829, 287
2026/09/22 22:22:53.344, 0, 12288, 11829, 287
2026/09/22 22:22:53.548, 0, 12288, 11829, 287
2026/09/22 22:22:53.754, 0, 12288, 11829, 287
2026/09/22 22:22:53.962, 0, 12288, 11829, 287
2026/09/22 22:22:54.170, 0, 12288, 11829, 287
2026/09/22 22:22:54.378, 0, 12288, 11829, 287
2026/09/22 22:22:54.581, 0, 12288, 11829, 287
2026/09/22 22:22:54.789, 0, 12288, 11829, 287
2026/09/22 22:22:54.997, 0, 12288, 11829, 287
2026/09/22 22:22:55.205, 0, 12288, 11829, 287
2026/09/22 22:22:55.411, 0, 12288, 11829, 287
2026/09/22 22:22:55.619, 0, 12288, 11829, 287
2026/09/22 22:22:55.826, 0, 12288, 11829, 287
2026/09/22 22:22:56.033, 0, 12288, 11829, 287
2026/09/22 22:22:56.241, 0, 12288, 11829, 287
2026/09/22 22:22:56.448, 0, 12288, 11829, 287
2026/09/22 22:22:56.655, 0, 12288, 11829, 287
2026/09/22 22:22:56.863, 0, 12288, 11829, 287
2026/09/22 22:22:57.069, 0, 12288, 11829, 287
2026/09/22 22:22:57.277, 0, 12288, 11829, 287
2026/09/22 22:22:57.483, 0, 12288, 11829, 287
2026/09/22 22:22:57.691, 0, 12288, 11829, 287
2026/09/22 22:22:57.897, 0, 12288, 11829, 287
2026/09/22 22:22:58.104, 0, 12288, 11829, 287
2026/09/22 22:22:58.311, 0, 12288, 11829, 287
2026/09/22 22:22:58.517, 0, 12288, 11829, 287
2026/09/22 22:22:58.721, 0, 12288, 11829, 287
2026/09/22 22:22:58.928, 0, 12288, 11829, 287
2026/09/22 22:22:59.136, 0, 12288, 11829, 287
2026/09/22 22:22:59.343, 0, 12288, 11829, 287
2026/09/22 22:22:59.549, 0, 12288, 11829, 287
2026/09/22 22:22:59.753, 0, 12288, 11829, 287
2026/09/22 22:22:59.960, 0, 12288, 11829, 287
2026/09/22 22:23:00.168, 0, 12288, 11829, 287
2026/09/22 22:23:00.374, 0, 12288, 11829, 287
2026/09/22 22:23:00.580, 0, 12288, 11829, 287
2026/09/22 22:23:00.788, 0, 12288, 11829, 287
2026/09/22 22:23:00.996, 0, 12288, 11829, 287
2026/09/22 22:23:01.203, 0, 12288, 11829, 287
2026/09/22 22:23:01.411, 0, 12288, 11829, 287
2026/09/22 22:23:01.619, 0, 12288, 11829, 287
2026/09/22 22:23:01.826, 0, 12288, 11829, 287
2026/09/22 22:23:02.033, 0, 12288, 11829, 287
2026/09/22 22:23:02.239, 0, 12288, 11829, 287
2026/09/22 22:23:02.445, 0, 12288, 11829, 287
2026/09/22 22:23:02.653, 0, 12288, 11829, 287
2026/09/22 22:23:02.861, 0, 12288, 11829, 287
2026/09/22 22:23:03.068, 0, 12288, 11829, 287
2026/09/22 22:23:03.276, 0, 12288, 11829, 287
2026/09/22 22:23:03.483, 0, 12288, 11829, 287
2026/09/22 22:23:03.689, 0, 12288, 11829, 287
2026/09/22 22:23:03.897, 0, 12288, 11829, 287
2026/09/22 22:23:04.105, 0, 12288, 11829, 287
2026/09/22 22:23:04.312, 0, 12288, 11829, 287
2026/09/22 22:23:04.518, 0, 12288, 11829, 287
2026/09/22 22:23:04.725, 0, 12288, 11829, 287
2026/09/22 22:23:04.933, 0, 12288, 11829, 287
2026/09/22 22:23:05.141, 0, 12288, 11829, 287
2026/09/22 22:23:05.348, 0, 12288, 11829, 287
2026/09/22 22:23:05.555, 0, 12288, 11829, 287
2026/09/22 22:23:05.762, 0, 12288, 11829, 287
2026/09/22 22:23:05.968, 0, 12288, 11829, 287
2026/09/22 22:23:06.175, 0, 12288, 11829, 287
2026/09/22 22:23:06.381, 0, 12288, 11829, 287
2026/09/22 22:23:06.588, 0, 12288, 11829, 287
2026/09/22 22:23:06.796, 0, 12288, 11829, 287
2026/09/22 22:23:07.002, 0, 12288, 11829, 287
2026/09/22 22:23:07.207, 0, 12288, 11829, 287
2026/09/22 22:23:07.414, 0, 12288, 11829, 287
2026/09/22 22:23:07.621, 0, 12288, 11829, 287
2026/09/22 22:23:07.827, 0, 12288, 11829, 287
2026/09/22 22:23:08.033, 0, 12288, 11829, 287
2026/09/22 22:23:08.237, 0, 12288, 11829, 287
2026/09/22 22:23:08.444, 0, 12288, 11829, 287
2026/09/22 22:23:08.651, 0, 12288, 11829, 287
2026/09/22 22:23:08.859, 0, 12288, 11829, 287
2026/09/22 22:23:09.065, 0, 12288, 11829, 287
2026/09/22 22:23:09.273, 0, 12288, 11829, 287
2026/09/22 22:23:09.481, 0, 12288, 11829, 287
2026/09/22 22:23:09.687, 0, 12288, 11829, 287
2026/09/22 22:23:09.893, 0, 12288, 11829, 287
2026/09/22 22:23:10.099, 0, 12288, 11829, 287
2026/09/22 22:23:10.306, 0, 12288, 11829, 287
2026/09/22 22:23:10.514, 0, 12288, 11829, 287
2026/09/22 22:23:10.721, 0, 12288, 11829, 287
2026/09/22 22:23:10.928, 0, 12288, 11829, 287
2026/09/22 22:23:11.134, 0, 12288, 11829, 287
2026/09/22 22:23:11.341, 0, 12288, 11829, 287
2026/09/22 22:23:11.547, 0, 12288, 11829, 287
2026/09/22 22:23:11.755, 0, 12288, 11829, 287
2026/09/22 22:23:11.962, 0, 12288, 11829, 287
2026/09/22 22:23:12.169, 0, 12288, 11829, 287
2026/09/22 22:23:12.374, 0, 12288, 11829, 287
2026/09/22 22:23:12.582, 0, 12288, 11829, 287
2026/09/22 22:23:12.789, 0, 12288, 11829, 287
2026/09/22 22:23:12.997, 0, 12288, 11829, 287
2026/09/22 22:23:13.204, 0, 12288, 11829, 287
2026/09/22 22:23:13.410, 0, 12288, 11829, 287
2026/09/22 22:23:13.618, 0, 12288, 11829, 287
2026/09/22 22:23:13.826, 0, 12288, 11829, 287
2026/09/22 22:23:14.034, 0, 12288, 11829, 287
2026/09/22 22:23:14.241, 0, 12288, 11829, 287
2026/09/22 22:23:14.448, 0, 12288, 11829, 287
2026/09/22 22:23:14.656, 0, 12288, 11829, 287
2026/09/22 22:23:14.863, 0, 12288, 11829, 287
2026/09/22 22:23:15.068, 0, 12288, 11829, 287
2026/09/22 22:23:15.276, 0, 12288, 11829, 287
2026/09/22 22:23:15.483, 0, 12288, 11829, 287
2026/09/22 22:23:15.690, 0, 12288, 11829, 287
2026/09/22 22:23:15.898, 0, 12288, 11829, 287
2026/09/22 22:23:16.105, 0, 12288, 11829, 287
2026/09/22 22:23:16.311, 0, 12288, 11829, 287
2026/09/22 22:23:16.518, 0, 12288, 11829, 287
2026/09/22 22:23:16.725, 0, 12288, 11829, 287
2026/09/22 22:23:16.931, 0, 12288, 11829, 287
2026/09/22 22:23:17.139, 0, 12288, 11829, 287
2026/09/22 22:23:17.346, 0, 12288, 11829, 287
2026/09/22 22:23:17.552, 0, 12288, 11829, 287
2026/09/22 22:23:17.759, 0, 12288, 11829, 287
2026/09/22 22:23:17.966, 0, 12288, 11829, 287
2026/09/22 22:23:18.174, 0, 12288, 11829, 287
2026/09/22 22:23:18.381, 0, 12288, 11829, 287
2026/09/22 22:23:18.588, 0, 12288, 11829, 287
2026/09/22 22:23:18.795, 0, 12288, 11829, 287
2026/09/22 22:23:19.001, 0, 12288, 11829, 287
2026/09/22 22:23:19.208, 0, 12288, 11829, 287
2026/09/22 22:23:19.416, 0, 12288, 11829, 287
2026/09/22 22:23:19.624, 0, 12288, 11829, 287
2026/09/22 22:23:19.831, 0, 12288, 11829, 287
2026/09/22 22:23:20.038, 0, 12288, 11829, 287
2026/09/22 22:23:20.246, 0, 12288, 11829, 287
2026/09/22 22:23:20.453, 0, 12288, 11829, 287
2026/09/22 22:23:20.659, 0, 12288, 11829, 287
2026/09/22 22:23:20.867, 0, 12288, 11829, 287
2026/09/22 22:23:21.074, 0, 12288, 11829, 287
2026/09/22 22:23:21.282, 0, 12288, 11829, 287
2026/09/22 22:23:21.489, 0, 12288, 11829, 287
2026/09/22 22:23:21.694, 0, 12288, 11829, 287
2026/09/22 22:23:21.901, 0, 12288, 11829, 287
2026/09/22 22:23:22.109, 0, 12288, 11829, 287
2026/09/22 22:23:22.316, 0, 12288, 11829, 287
2026/09/22 22:23:22.524, 0, 12288, 11829, 287
2026/09/22 22:23:22.732, 0, 12288, 11829, 287
2026/09/22 22:23:22.940, 0, 12288, 11829, 287
2026/09/22 22:23:23.144, 0, 12288, 11829, 287
2026/09/22 22:23:23.352, 0, 12288, 11829, 287
2026/09/22 22:23:23.560, 0, 12288, 11829, 287
2026/09/22 22:23:23.768, 0, 12288, 11829, 287
2026/09/22 22:23:23.971, 0, 12288, 11829, 287
2026/09/22 22:23:24.176, 0, 12288, 11829, 287
2026/09/22 22:23:24.383, 0, 12288, 11829, 287
2026/09/22 22:23:24.591, 0, 12288, 11829, 287
2026/09/22 22:23:24.799, 0, 12288, 11829, 287
2026/09/22 22:23:25.006, 0, 12288, 11829, 287
2026/09/22 22:23:25.214, 0, 12288, 11829, 287
2026/09/22 22:23:25.420, 0, 12288, 11829, 287
2026/09/22 22:23:25.627, 0, 12288, 11829, 287
2026/09/22 22:23:25.834, 0, 12288, 11829, 287
2026/09/22 22:23:26.041, 0, 12288, 11829, 287
2026/09/22 22:23:26.247, 0, 12288, 11829, 287
2026/09/22 22:23:26.454, 0, 12288, 11829, 287
2026/09/22 22:23:26.660, 0, 12288, 11829, 287
2026/09/22 22:23:26.868, 0, 12288, 11829, 287
2026/09/22 22:23:27.076, 0, 12288, 11829, 287
2026/09/22 22:23:27.284, 0, 12288, 11829, 287
2026/09/22 22:23:27.491, 0, 12288, 11829, 287
2026/09/22 22:23:27.699, 0, 12288, 11829, 287
2026/09/22 22:23:27.906, 0, 12288, 11829, 287
2026/09/22 22:23:28.114, 0, 12288, 11829, 287
2026/09/22 22:23:28.322, 0, 12288, 11829, 287
2026/09/22 22:23:28.530, 0, 12288, 11829, 287
2026/09/22 22:23:28.738, 0, 12288, 11829, 287
2026/09/22 22:23:28.945, 0, 12288, 11829, 287
2026/09/22 22:23:29.152, 0, 12288, 11829, 287
2026/09/22 22:23:29.360, 0, 12288, 11829, 287
2026/09/22 22:23:29.568, 0, 12288, 11829, 287
2026/09/22 22:23:29.776, 0, 12288, 11829, 287
2026/09/22 22:23:29.983, 0, 12288, 11829, 287
2026/09/22 22:23:30.189, 0, 12288, 11829, 287
2026/09/22 22:23:30.394, 0, 12288, 11829, 287
2026/09/22 22:23:30.600, 0, 12288, 11829, 287
2026/09/22 22:23:30.808, 0, 12288, 11829, 287
2026/09/22 22:23:31.014, 0, 12288, 11829, 287
2026/09/22 22:23:31.221, 0, 12288, 11829, 287
2026/09/22 22:23:31.428, 0, 12288, 11829, 287
2026/09/22 22:23:31.636, 0, 12288, 11829, 287
2026/09/22 22:23:31.844, 0, 12288, 11829, 287
2026/09/22 22:23:32.049, 0, 12288, 11829, 287
2026/09/22 22:23:32.256, 0, 12288, 11829, 287
2026/09/22 22:23:32.464, 0, 12288, 11829, 287
2026/09/22 22:23:32.672, 0, 12288, 11829, 287
2026/09/22 22:23:32.879, 0, 12288, 11829, 287
2026/09/22 22:23:33.086, 0, 12288, 11829, 287
2026/09/22 22:23:33.293, 0, 12288, 11829, 287
2026/09/22 22:23:33.500, 0, 12288, 11829, 287
2026/09/22 22:23:33.708, 0, 12288, 11829, 287
2026/09/22 22:23:33.915, 0, 12288, 11829, 287
2026/09/22 22:23:34.121, 0, 12288, 11829, 287
2026/09/22 22:23:34.328, 0, 12288, 11829, 287
2026/09/22 22:23:34.534, 0, 12288, 11829, 287
2026/09/22 22:23:34.741, 0, 12288, 11829, 287
2026/09/22 22:23:34.949, 0, 12288, 11829, 287
2026/09/22 22:23:35.157, 0, 12288, 11829, 287
2026/09/22 22:23:35.362, 0, 12288, 11829, 287
2026/09/22 22:23:35.565, 0, 12288, 11829, 287
2026/09/22 22:23:35.772, 0, 12288, 11829, 287
2026/09/22 22:23:35.979, 0, 12288, 11829, 287
2026/09/22 22:23:36.185, 0, 12288, 11829, 287
2026/09/22 22:23:36.393, 0, 12288, 11829, 287
2026/09/22 22:23:36.601, 0, 12288, 11829, 287
2026/09/22 22:23:36.809, 0, 12288, 11829, 287
2026/09/22 22:23:37.016, 0, 12288, 11829, 287
2026/09/22 22:23:37.222, 0, 12288, 11829, 287
2026/09/22 22:23:37.429, 0, 12288, 11829, 287
2026/09/22 22:23:37.636, 0, 12288, 11829, 287
2026/09/22 22:23:37.843, 0, 12288, 11829, 287
2026/09/22 22:23:38.050, 0, 12288, 11829, 287
2026/09/22 22:23:38.258, 0, 12288, 11829, 287
2026/09/22 22:23:38.465, 0, 12288, 11829, 287
2026/09/22 22:23:38.673, 0, 12288, 11829, 287
2026/09/22 22:23:38.879, 0, 12288, 11829, 287
2026/09/22 22:23:39.086, 0, 12288, 11829, 287
2026/09/22 22:23:39.293, 0, 12288, 11829, 287
2026/09/22 22:23:39.501, 0, 12288, 11829, 287
2026/09/22 22:23:39.707, 0, 12288, 11829, 287
2026/09/22 22:23:39.914, 0, 12288, 11829, 287
2026/09/22 22:23:40.121, 0, 12288, 11829, 287
2026/09/22 22:23:40.326, 0, 12288, 11829, 287
2026/09/22 22:23:40.533, 0, 12288, 11829, 287
2026/09/22 22:23:40.740, 0, 12288, 11829, 287
2026/09/22 22:23:40.947, 0, 12288, 11829, 287
2026/09/22 22:23:41.155, 0, 12288, 11829, 287
2026/09/22 22:23:41.362, 0, 12288, 11829, 287
2026/09/22 22:23:41.568, 0, 12288, 11829, 287
2026/09/22 22:23:41.776, 0, 12288, 11829, 287
2026/09/22 22:23:41.984, 0, 12288, 11829, 287
2026/09/22 22:23:42.192, 0, 12288, 11829, 287
2026/09/22 22:23:42.399, 0, 12288, 11829, 287
2026/09/22 22:23:42.607, 0, 12288, 11829, 287
2026/09/22 22:23:42.814, 0, 12288, 11829, 287
2026/09/22 22:23:43.022, 0, 12288, 11829, 287
2026/09/22 22:23:43.228, 0, 12288, 11829, 287
2026/09/22 22:23:43.433, 0, 12288, 11829, 287
2026/09/22 22:23:43.640, 0, 12288, 11829, 287
2026/09/22 22:23:43.848, 0, 12288, 11829, 287
2026/09/22 22:23:44.054, 0, 12288, 11829, 287
2026/09/22 22:23:44.259, 0, 12288, 11829, 287
2026/09/22 22:23:44.467, 0, 12288, 11829, 287
2026/09/22 22:23:44.673, 0, 12288, 11829, 287
2026/09/22 22:23:44.877, 0, 12288, 11829, 287
2026/09/22 22:23:45.084, 0, 12288, 11829, 287
2026/09/22 22:23:45.291, 0, 12288, 11829, 287
2026/09/22 22:23:45.498, 0, 12288, 11829, 287
2026/09/22 22:23:45.706, 0, 12288, 11829, 287
2026/09/22 22:23:45.914, 0, 12288, 11829, 287
2026/09/22 22:23:46.121, 0, 12288, 11829, 287
2026/09/22 22:23:46.329, 0, 12288, 11829, 287
2026/09/22 22:23:46.534, 0, 12288, 11829, 287
2026/09/22 22:23:46.740, 0, 12288, 11829, 287
2026/09/22 22:23:46.946, 0, 12288, 11829, 287
2026/09/22 22:23:47.153, 0, 12288, 11829, 287
2026/09/22 22:23:47.361, 0, 12288, 11829, 287
2026/09/22 22:23:47.568, 0, 12288, 11829, 287
2026/09/22 22:23:47.775, 0, 12288, 11829, 287
2026/09/22 22:23:47.982, 0, 12288, 11829, 287
2026/09/22 22:23:48.189, 0, 12288, 11829, 287
2026/09/22 22:23:48.396, 0, 12288, 11829, 287
2026/09/22 22:23:48.604, 0, 12288, 11829, 287
2026/09/22 22:23:48.812, 0, 12288, 11829, 287
2026/09/22 22:23:49.019, 0, 12288, 11829, 287
2026/09/22 22:23:49.225, 0, 12288, 11829, 287
2026/09/22 22:23:49.432, 0, 12288, 11829, 287
2026/09/22 22:23:49.637, 0, 12288, 11829, 287
2026/09/22 22:23:49.845, 0, 12288, 11829, 287
2026/09/22 22:23:50.048, 0, 12288, 11829, 287
2026/09/22 22:23:50.255, 0, 12288, 11829, 287
2026/09/22 22:23:50.463, 0, 12288, 11829, 287
2026/09/22 22:23:50.668, 0, 12288, 11829, 287
2026/09/22 22:23:50.876, 0, 12288, 11829, 287
2026/09/22 22:23:51.080, 0, 12288, 11829, 287
2026/09/22 22:23:51.287, 0, 12288, 11829, 287
2026/09/22 22:23:51.494, 0, 12288, 11829, 287
2026/09/22 22:23:51.701, 0, 12288, 11829, 287
2026/09/22 22:23:51.908, 0, 12288, 11829, 287
2026/09/22 22:23:52.112, 0, 12288, 11829, 287
2026/09/22 22:23:52.317, 0, 12288, 11829, 287
2026/09/22 22:23:52.525, 0, 12288, 11829, 287
2026/09/22 22:23:52.730, 0, 12288, 11829, 287
2026/09/22 22:23:52.937, 0, 12288, 11829, 287
2026/09/22 22:23:53.143, 0, 12288, 11829, 287
2026/09/22 22:23:53.350, 0, 12288, 11829, 287
2026/09/22 22:23:53.558, 0, 12288, 11829, 287
2026/09/22 22:23:53.764, 0, 12288, 11829, 287
2026/09/22 22:23:53.971, 0, 12288, 11829, 287
2026/09/22 22:23:54.176, 0, 12288, 11829, 287
2026/09/22 22:23:54.383, 0, 12288, 11829, 287
2026/09/22 22:23:54.589, 0, 12288, 11829, 287
2026/09/22 22:23:54.795, 0, 12288, 11829, 287
2026/09/22 22:23:55.002, 0, 12288, 11829, 287
2026/09/22 22:23:55.210, 0, 12288, 11829, 287
2026/09/22 22:23:55.417, 0, 12288, 11829, 287
2026/09/22 22:23:55.623, 0, 12288, 11829, 287
2026/09/22 22:23:55.831, 0, 12288, 11829, 287
2026/09/22 22:23:56.036, 0, 12288, 11829, 287
2026/09/22 22:23:56.241, 0, 12288, 11829, 287
2026/09/22 22:23:56.447, 0, 12288, 11829, 287
2026/09/22 22:23:56.655, 0, 12288, 11829, 287
2026/09/22 22:23:56.861, 0, 12288, 11829, 287
2026/09/22 22:23:57.069, 0, 12288, 11829, 287
2026/09/22 22:23:57.277, 0, 12288, 11829, 287
2026/09/22 22:23:57.484, 0, 12288, 11829, 287
2026/09/22 22:23:57.690, 0, 12288, 11829, 287
2026/09/22 22:23:57.896, 0, 12288, 11829, 287
2026/09/22 22:23:58.104, 0, 12288, 11829, 287
2026/09/22 22:23:58.310, 0, 12288, 11829, 287
2026/09/22 22:23:58.517, 0, 12288, 11829, 287
2026/09/22 22:23:58.723, 0, 12288, 11829, 287
2026/09/22 22:23:58.931, 0, 12288, 11829, 287
2026/09/22 22:23:59.138, 0, 12288, 11829, 287
2026/09/22 22:23:59.345, 0, 12288, 11829, 287
2026/09/22 22:23:59.552, 0, 12288, 11829, 287
2026/09/22 22:23:59.760, 0, 12288, 11829, 287
2026/09/22 22:23:59.968, 0, 12288, 11829, 287
2026/09/22 22:24:00.176, 0, 12288, 11829, 287
2026/09/22 22:24:00.383, 0, 12288, 11829, 287
2026/09/22 22:24:00.589, 0, 12288, 11829, 287
2026/09/22 22:24:00.795, 0, 12288, 11829, 287
2026/09/22 22:24:01.001, 0, 12288, 11829, 287
2026/09/22 22:24:01.208, 0, 12288, 11829, 287
2026/09/22 22:24:01.416, 0, 12288, 11829, 287
2026/09/22 22:24:01.622, 0, 12288, 11829, 287
2026/09/22 22:24:01.830, 0, 12288, 11829, 287
2026/09/22 22:24:02.037, 0, 12288, 11829, 287
2026/09/22 22:24:02.244, 0, 12288, 11829, 287
2026/09/22 22:24:02.451, 0, 12288, 11829, 287
2026/09/22 22:24:02.657, 0, 12288, 11829, 287
2026/09/22 22:24:02.861, 0, 12288, 11829, 287
2026/09/22 22:24:03.068, 0, 12288, 11829, 287
2026/09/22 22:24:03.274, 0, 12288, 11829, 287
2026/09/22 22:24:03.479, 0, 12288, 11829, 287
2026/09/22 22:24:03.687, 0, 12288, 11829, 287
2026/09/22 22:24:03.893, 0, 12288, 11829, 287
2026/09/22 22:24:04.099, 0, 12288, 11829, 287
2026/09/22 22:24:04.307, 0, 12288, 11829, 287
2026/09/22 22:24:04.515, 0, 12288, 11829, 287
2026/09/22 22:24:04.722, 0, 12288, 11829, 287
2026/09/22 22:24:04.929, 0, 12288, 11829, 287
2026/09/22 22:24:05.137, 0, 12288, 11829, 287
2026/09/22 22:24:05.344, 0, 12288, 11829, 287
2026/09/22 22:24:05.552, 0, 12288, 11829, 287
2026/09/22 22:24:05.759, 0, 12288, 11829, 287
2026/09/22 22:24:05.967, 0, 12288, 11829, 287
2026/09/22 22:24:06.174, 0, 12288, 11829, 287
2026/09/22 22:24:06.382, 0, 12288, 11829, 287
2026/09/22 22:24:06.590, 0, 12288, 11829, 287
2026/09/22 22:24:06.797, 0, 12288, 11829, 287
2026/09/22 22:24:07.002, 0, 12288, 11829, 287
2026/09/22 22:24:07.209, 0, 12288, 11829, 287
2026/09/22 22:24:07.416, 0, 12288, 11829, 287
2026/09/22 22:24:07.624, 0, 12288, 11829, 287
2026/09/22 22:24:07.832, 0, 12288, 11829, 287
2026/09/22 22:24:08.038, 0, 12288, 11829, 287
2026/09/22 22:24:08.245, 0, 12288, 11829, 287
2026/09/22 22:24:08.452, 0, 12288, 11829, 287
2026/09/22 22:24:08.658, 0, 12288, 11829, 287
2026/09/22 22:24:08.864, 0, 12288, 11829, 287
2026/09/22 22:24:09.072, 0, 12288, 11829, 287
2026/09/22 22:24:09.280, 0, 12288, 11829, 287
2026/09/22 22:24:09.488, 0, 12288, 11829, 287
2026/09/22 22:24:09.696, 0, 12288, 11829, 287
2026/09/22 22:24:09.902, 0, 12288, 11829, 287
2026/09/22 22:24:10.109, 0, 12288, 11829, 287
2026/09/22 22:24:10.315, 0, 12288, 11829, 287
2026/09/22 22:24:10.522, 0, 12288, 11829, 287
2026/09/22 22:24:10.730, 0, 12288, 11829, 287
2026/09/22 22:24:10.937, 0, 12288, 11829, 287
2026/09/22 22:24:11.145, 0, 12288, 11829, 287
2026/09/22 22:24:11.353, 0, 12288, 11829, 287
2026/09/22 22:24:11.561, 0, 12288, 11829, 287
2026/09/22 22:24:11.768, 0, 12288, 11829, 287
2026/09/22 22:24:11.976, 0, 12288, 11829, 287
2026/09/22 22:24:12.183, 0, 12288, 11829, 287
2026/09/22 22:24:12.391, 0, 12288, 11829, 287
2026/09/22 22:24:12.596, 0, 12288, 11829, 287
2026/09/22 22:24:12.798, 0, 12288, 11829, 287
2026/09/22 22:24:13.002, 0, 12288, 11829, 287
2026/09/22 22:24:13.210, 0, 12288, 11829, 287
2026/09/22 22:24:13.418, 0, 12288, 11829, 287
2026/09/22 22:24:13.626, 0, 12288, 11829, 287
2026/09/22 22:24:13.833, 0, 12288, 11829, 287
2026/09/22 22:24:14.041, 0, 12288, 11829, 287
2026/09/22 22:24:14.249, 0, 12288, 11829, 287
2026/09/22 22:24:14.456, 0, 12288, 11829, 287
2026/09/22 22:24:14.663, 0, 12288, 11829, 287
2026/09/22 22:24:14.869, 0, 12288, 11829, 287
2026/09/22 22:24:15.076, 0, 12288, 11829, 287
2026/09/22 22:24:15.284, 0, 12288, 11829, 287
2026/09/22 22:24:15.490, 0, 12288, 11829, 287
2026/09/22 22:24:15.698, 0, 12288, 11829, 287
2026/09/22 22:24:15.904, 0, 12288, 11829, 287
2026/09/22 22:24:16.111, 0, 12288, 11829, 287
2026/09/22 22:24:16.318, 0, 12288, 11829, 287
2026/09/22 22:24:16.526, 0, 12288, 11829, 287
2026/09/22 22:24:16.734, 0, 12288, 11829, 287
2026/09/22 22:24:16.940, 0, 12288, 11829, 287
2026/09/22 22:24:17.148, 0, 12288, 11829, 287
2026/09/22 22:24:17.352, 0, 12288, 11829, 287
2026/09/22 22:24:17.558, 0, 12288, 11829, 287
2026/09/22 22:24:17.766, 0, 12288, 11829, 287
2026/09/22 22:24:17.971, 0, 12288, 11829, 287
2026/09/22 22:24:18.179, 0, 12288, 11829, 287
2026/09/22 22:24:18.387, 0, 12288, 11829, 287
2026/09/22 22:24:18.594, 0, 12288, 11829, 287
2026/09/22 22:24:18.802, 0, 12288, 11829, 287
2026/09/22 22:24:19.009, 0, 12288, 11829, 287
2026/09/22 22:24:19.216, 0, 12288, 11829, 287
2026/09/22 22:24:19.423, 0, 12288, 11829, 287
2026/09/22 22:24:19.631, 0, 12288, 11829, 287
2026/09/22 22:24:19.838, 0, 12288, 11829, 287
2026/09/22 22:24:20.045, 0, 12288, 11829, 287
2026/09/22 22:24:20.252, 0, 12288, 11829, 287
2026/09/22 22:24:20.459, 0, 12288, 11829, 287
2026/09/22 22:24:20.667, 0, 12288, 11829, 287
2026/09/22 22:24:20.875, 0, 12288, 11829, 287
2026/09/22 22:24:21.083, 0, 12288, 11829, 287
2026/09/22 22:24:21.291, 0, 12288, 11829, 287
2026/09/22 22:24:21.499, 0, 12288, 11829, 287
2026/09/22 22:24:21.707, 0, 12288, 11829, 287
2026/09/22 22:24:21.914, 0, 12288, 11829, 287
2026/09/22 22:24:22.119, 0, 12288, 11829, 287
2026/09/22 22:24:22.326, 0, 12288, 11829, 287
2026/09/22 22:24:22.533, 0, 12288, 11829, 287
2026/09/22 22:24:22.741, 0, 12288, 11829, 287
2026/09/22 22:24:22.949, 0, 12288, 11829, 287
2026/09/22 22:24:23.157, 0, 12288, 11829, 287
2026/09/22 22:24:23.364, 0, 12288, 11829, 287
2026/09/22 22:24:23.572, 0, 12288, 11829, 287
2026/09/22 22:24:23.780, 0, 12288, 11829, 287
2026/09/22 22:24:23.987, 0, 12288, 11829, 287
2026/09/22 22:24:24.195, 0, 12288, 11829, 287
2026/09/22 22:24:24.403, 0, 12288, 11829, 287
2026/09/22 22:24:24.611, 0, 12288, 11829, 287
2026/09/22 22:24:24.817, 0, 12288, 11829, 287
2026/09/22 22:24:25.025, 0, 12288, 11829, 287
2026/09/22 22:24:25.233, 0, 12288, 11829, 287
2026/09/22 22:24:25.439, 0, 12288, 11829, 287
2026/09/22 22:24:25.647, 0, 12288, 11829, 287
2026/09/22 22:24:25.854, 0, 12288, 11829, 287
2026/09/22 22:24:26.062, 0, 12288, 11829, 287
2026/09/22 22:24:26.270, 0, 12288, 11829, 287
2026/09/22 22:24:26.477, 0, 12288, 11829, 287
2026/09/22 22:24:26.683, 0, 12288, 11829, 287
2026/09/22 22:24:26.890, 0, 12288, 11829, 287
2026/09/22 22:24:27.096, 0, 12288, 11829, 287
2026/09/22 22:24:27.303, 0, 12288, 11829, 287
2026/09/22 22:24:27.511, 0, 12288, 11829, 287
2026/09/22 22:24:27.719, 0, 12288, 11829, 287
2026/09/22 22:24:27.925, 0, 12288, 11829, 287
2026/09/22 22:24:28.133, 0, 12288, 11829, 287
2026/09/22 22:24:28.341, 0, 12288, 11829, 287
2026/09/22 22:24:28.549, 0, 12288, 11829, 287
2026/09/22 22:24:28.757, 0, 12288, 11829, 287
2026/09/22 22:24:28.964, 0, 12288, 11829, 287
2026/09/22 22:24:29.171, 0, 12288, 11829, 287
2026/09/22 22:24:29.378, 0, 12288, 11829, 287
2026/09/22 22:24:29.584, 0, 12288, 11829, 287
2026/09/22 22:24:29.792, 0, 12288, 11829, 287
2026/09/22 22:24:30.000, 0, 12288, 11829, 287
2026/09/22 22:24:30.208, 0, 12288, 11829, 287
2026/09/22 22:24:30.415, 0, 12288, 11829, 287
2026/09/22 22:24:30.622, 0, 12288, 11829, 287
2026/09/22 22:24:30.830, 0, 12288, 11829, 287
2026/09/22 22:24:31.033, 0, 12288, 11829, 287
2026/09/22 22:24:31.241, 0, 12288, 11829, 287
2026/09/22 22:24:31.447, 0, 12288, 11829, 287
2026/09/22 22:24:31.654, 0, 12288, 11829, 287
2026/09/22 22:24:31.861, 0, 12288, 11829, 287
2026/09/22 22:24:32.068, 0, 12288, 11829, 287
2026/09/22 22:24:32.276, 0, 12288, 11829, 287
2026/09/22 22:24:32.484, 0, 12288, 11829, 287
2026/09/22 22:24:32.692, 0, 12288, 11829, 287
2026/09/22 22:24:32.899, 0, 12288, 11829, 287
2026/09/22 22:24:33.107, 0, 12288, 11829, 287
2026/09/22 22:24:33.314, 0, 12288, 11829, 287
2026/09/22 22:24:33.522, 0, 12288, 11829, 287
2026/09/22 22:24:33.730, 0, 12288, 11829, 287
2026/09/22 22:24:33.937, 0, 12288, 11829, 287
2026/09/22 22:24:34.145, 0, 12288, 11829, 287
2026/09/22 22:24:34.352, 0, 12288, 11829, 287
2026/09/22 22:24:34.560, 0, 12288, 11829, 287
2026/09/22 22:24:34.767, 0, 12288, 11829, 287
2026/09/22 22:24:34.974, 0, 12288, 11829, 287
2026/09/22 22:24:35.182, 0, 12288, 11829, 287
2026/09/22 22:24:35.388, 0, 12288, 11829, 287
2026/09/22 22:24:35.596, 0, 12288, 11829, 287
2026/09/22 22:24:35.803, 0, 12288, 11829, 287
2026/09/22 22:24:36.010, 0, 12288, 11829, 287
2026/09/22 22:24:36.217, 0, 12288, 11829, 287
2026/09/22 22:24:36.424, 0, 12288, 11829, 287
2026/09/22 22:24:36.633, 0, 12288, 11829, 287
2026/09/22 22:24:36.841, 0, 12288, 11829, 287
2026/09/22 22:24:37.049, 0, 12288, 11829, 287
2026/09/22 22:24:37.257, 0, 12288, 11829, 287
2026/09/22 22:24:37.465, 0, 12288, 11829, 287
2026/09/22 22:24:37.672, 0, 12288, 11829, 287
2026/09/22 22:24:37.880, 0, 12288, 11829, 287
2026/09/22 22:24:38.087, 0, 12288, 11829, 287
2026/09/22 22:24:38.295, 0, 12288, 11829, 287
2026/09/22 22:24:38.503, 0, 12288, 11829, 287
2026/09/22 22:24:38.708, 0, 12288, 11829, 287
2026/09/22 22:24:38.916, 0, 12288, 11829, 287
2026/09/22 22:24:39.124, 0, 12288, 11829, 287
2026/09/22 22:24:39.332, 0, 12288, 11829, 287
2026/09/22 22:24:39.539, 0, 12288, 11829, 287
2026/09/22 22:24:39.747, 0, 12288, 11829, 287
2026/09/22 22:24:39.955, 0, 12288, 11829, 287
2026/09/22 22:24:40.161, 0, 12288, 11829, 287
2026/09/22 22:24:40.369, 0, 12288, 11829, 287
2026/09/22 22:24:40.575, 0, 12288, 11829, 287
2026/09/22 22:24:40.783, 0, 12288, 11829, 287
2026/09/22 22:24:40.986, 0, 12288, 11829, 287
2026/09/22 22:24:41.192, 0, 12288, 11829, 287
2026/09/22 22:24:41.399, 0, 12288, 11829, 287
2026/09/22 22:24:41.607, 0, 12288, 11829, 287
2026/09/22 22:24:41.814, 0, 12288, 11829, 287
2026/09/22 22:24:42.019, 0, 12288, 11829, 287
2026/09/22 22:24:42.227, 0, 12288, 11829, 287
2026/09/22 22:24:42.434, 0, 12288, 11829, 287
2026/09/22 22:24:42.642, 0, 12288, 11829, 287
2026/09/22 22:24:42.847, 0, 12288, 11829, 287
2026/09/22 22:24:43.053, 0, 12288, 11829, 287
2026/09/22 22:24:43.261, 0, 12288, 11829, 287
2026/09/22 22:24:43.469, 0, 12288, 11829, 287
2026/09/22 22:24:43.677, 0, 12288, 11829, 287
2026/09/22 22:24:43.885, 0, 12288, 11829, 287
2026/09/22 22:24:44.092, 0, 12288, 11829, 287
2026/09/22 22:24:44.300, 0, 12288, 11829, 287
2026/09/22 22:24:44.508, 0, 12288, 11829, 287
2026/09/22 22:24:44.716, 0, 12288, 11829, 287
2026/09/22 22:24:44.924, 0, 12288, 11829, 287
2026/09/22 22:24:45.130, 0, 12288, 11829, 287
2026/09/22 22:24:45.336, 0, 12288, 11829, 287
2026/09/22 22:24:45.543, 0, 12288, 11829, 287
2026/09/22 22:24:45.751, 0, 12288, 11829, 287
2026/09/22 22:24:45.959, 0, 12288, 11829, 287
2026/09/22 22:24:46.166, 0, 12288, 11829, 287
2026/09/22 22:24:46.374, 0, 12288, 11829, 287
2026/09/22 22:24:46.580, 0, 12288, 11829, 287
2026/09/22 22:24:46.788, 0, 12288, 11829, 287
2026/09/22 22:24:46.995, 0, 12288, 11829, 287
2026/09/22 22:24:47.203, 0, 12288, 11829, 287
2026/09/22 22:24:47.410, 0, 12288, 11829, 287
2026/09/22 22:24:47.617, 0, 12288, 11829, 287
2026/09/22 22:24:47.825, 0, 12288, 11829, 287
2026/09/22 22:24:48.032, 0, 12288, 11829, 287
2026/09/22 22:24:48.236, 0, 12288, 11829, 287
2026/09/22 22:24:48.444, 0, 12288, 11829, 287
2026/09/22 22:24:48.652, 0, 12288, 11829, 287
2026/09/22 22:24:48.860, 0, 12288, 11829, 287
2026/09/22 22:24:49.065, 0, 12288, 11829, 287
2026/09/22 22:24:49.273, 0, 12288, 11829, 287
2026/09/22 22:24:49.481, 0, 12288, 11829, 287
2026/09/22 22:24:49.689, 0, 12288, 11829, 287
2026/09/22 22:24:49.895, 0, 12288, 11829, 287
2026/09/22 22:24:50.102, 0, 12288, 11829, 287
2026/09/22 22:24:50.309, 0, 12288, 11829, 287
2026/09/22 22:24:50.516, 0, 12288, 11829, 287
2026/09/22 22:24:50.724, 0, 12288, 11829, 287
2026/09/22 22:24:50.931, 0, 12288, 11829, 287
2026/09/22 22:24:51.139, 0, 12288, 11829, 287
2026/09/22 22:24:51.346, 0, 12288, 11829, 287
2026/09/22 22:24:51.554, 0, 12288, 11829, 287
2026/09/22 22:24:51.760, 0, 12288, 11829, 287
2026/09/22 22:24:51.968, 0, 12288, 11829, 287
2026/09/22 22:24:52.176, 0, 12288, 11829, 287
2026/09/22 22:24:52.384, 0, 12288, 11829, 287
2026/09/22 22:24:52.592, 0, 12288, 11829, 287
2026/09/22 22:24:52.799, 0, 12288, 11829, 287
2026/09/22 22:24:53.007, 0, 12288, 11829, 287
2026/09/22 22:24:53.214, 0, 12288, 11829, 287
2026/09/22 22:24:53.422, 0, 12288, 11829, 287
2026/09/22 22:24:53.630, 0, 12288, 11829, 287
2026/09/22 22:24:53.836, 0, 12288, 11829, 287
2026/09/22 22:24:54.044, 0, 12288, 11829, 287
2026/09/22 22:24:54.252, 0, 12288, 11829, 287
2026/09/22 22:24:54.457, 0, 12288, 11829, 287
2026/09/22 22:24:54.663, 0, 12288, 11829, 287
2026/09/22 22:24:54.871, 0, 12288, 11829, 287
2026/09/22 22:24:55.079, 0, 12288, 11829, 287
2026/09/22 22:24:55.287, 0, 12288, 11829, 287
2026/09/22 22:24:55.493, 0, 12288, 11829, 287
2026/09/22 22:24:55.700, 0, 12288, 11829, 287
2026/09/22 22:24:55.908, 0, 12288, 11829, 287
2026/09/22 22:24:56.115, 0, 12288, 11829, 287
2026/09/22 22:24:56.323, 0, 12288, 11829, 287
2026/09/22 22:24:56.530, 0, 12288, 11829, 287
2026/09/22 22:24:56.736, 0, 12288, 11829, 287
2026/09/22 22:24:56.943, 0, 12288, 11829, 287
2026/09/22 22:24:57.151, 0, 12288, 11829, 287
2026/09/22 22:24:57.356, 0, 12288, 11829, 287
2026/09/22 22:24:57.564, 0, 12288, 11829, 287
2026/09/22 22:24:57.772, 0, 12288, 11829, 287
2026/09/22 22:24:57.979, 0, 12288, 11829, 287
2026/09/22 22:24:58.187, 0, 12288, 11829, 287
2026/09/22 22:24:58.393, 0, 12288, 11829, 287
2026/09/22 22:24:58.601, 0, 12288, 11829, 287
2026/09/22 22:24:58.807, 0, 12288, 11829, 287
2026/09/22 22:24:59.015, 0, 12288, 11829, 287
2026/09/22 22:24:59.221, 0, 12288, 11829, 287
2026/09/22 22:24:59.429, 0, 12288, 11829, 287
2026/09/22 22:24:59.636, 0, 12288, 11829, 287
2026/09/22 22:24:59.843, 0, 12288, 11829, 287
2026/09/22 22:25:00.049, 0, 12288, 11829, 287
2026/09/22 22:25:00.257, 0, 12288, 11829, 287
2026/09/22 22:25:00.465, 0, 12288, 11829, 287
2026/09/22 22:25:00.673, 0, 12288, 11829, 287
2026/09/22 22:25:00.881, 0, 12288, 11829, 287
2026/09/22 22:25:01.089, 0, 12288, 11829, 287
2026/09/22 22:25:01.296, 0, 12288, 11829, 287
2026/09/22 22:25:01.503, 0, 12288, 11829, 287
2026/09/22 22:25:01.711, 0, 12288, 11829, 287
2026/09/22 22:25:01.919, 0, 12288, 11829, 287
2026/09/22 22:25:02.127, 0, 12288, 11829, 287
2026/09/22 22:25:02.334, 0, 12288, 11829, 287
2026/09/22 22:25:02.542, 0, 12288, 11829, 287
2026/09/22 22:25:02.749, 0, 12288, 11829, 287
2026/09/22 22:25:02.956, 0, 12288, 11829, 287
2026/09/22 22:25:03.164, 0, 12288, 11829, 287
2026/09/22 22:25:03.371, 0, 12288, 11829, 287
2026/09/22 22:25:03.579, 0, 12288, 11829, 287
2026/09/22 22:25:03.783, 0, 12288, 11829, 287
2026/09/22 22:25:03.990, 0, 12288, 11829, 287
2026/09/22 22:25:04.198, 0, 12288, 11829, 287
2026/09/22 22:25:04.406, 0, 12288, 11829, 287
2026/09/22 22:25:04.614, 0, 12288, 11829, 287
2026/09/22 22:25:04.822, 0, 12288, 11829, 287
2026/09/22 22:25:05.030, 0, 12288, 11829, 287
2026/09/22 22:25:05.237, 0, 12288, 11829, 287
2026/09/22 22:25:05.444, 0, 12288, 11829, 287
2026/09/22 22:25:05.651, 0, 12288, 11829, 287
2026/09/22 22:25:05.857, 0, 12288, 11829, 287
2026/09/22 22:25:06.064, 0, 12288, 11829, 287
2026/09/22 22:25:06.269, 0, 12288, 11829, 287
2026/09/22 22:25:06.478, 0, 12288, 11829, 287
2026/09/22 22:25:06.685, 0, 12288, 11829, 287
2026/09/22 22:25:06.893, 0, 12288, 11829, 287
2026/09/22 22:25:07.099, 0, 12288, 11829, 287
2026/09/22 22:25:07.307, 0, 12288, 11829, 287
2026/09/22 22:25:07.515, 0, 12288, 11829, 287
2026/09/22 22:25:07.721, 0, 12288, 11829, 287
2026/09/22 22:25:07.925, 0, 12288, 11829, 287
2026/09/22 22:25:08.132, 0, 12288, 11829, 287
2026/09/22 22:25:08.340, 0, 12288, 11829, 287
2026/09/22 22:25:08.544, 0, 12288, 11829, 287
2026/09/22 22:25:08.752, 0, 12288, 11829, 287
2026/09/22 22:25:08.960, 0, 12288, 11829, 287
2026/09/22 22:25:09.168, 0, 12288, 11829, 287
2026/09/22 22:25:09.375, 0, 12288, 11829, 287
2026/09/22 22:25:09.582, 0, 12288, 11829, 287
2026/09/22 22:25:09.789, 0, 12288, 11829, 287
2026/09/22 22:25:09.997, 0, 12288, 11829, 287
2026/09/22 22:25:10.203, 0, 12288, 11829, 287
2026/09/22 22:25:10.410, 0, 12288, 11829, 287
2026/09/22 22:25:10.617, 0, 12288, 11829, 287
2026/09/22 22:25:10.823, 0, 12288, 11829, 287
2026/09/22 22:25:11.030, 0, 12288, 11829, 287
2026/09/22 22:25:11.238, 0, 12288, 11829, 287
2026/09/22 22:25:11.446, 0, 12288, 11829, 287
2026/09/22 22:25:11.654, 0, 12288, 11829, 287
2026/09/22 22:25:11.861, 0, 12288, 11829, 287
2026/09/22 22:25:12.069, 0, 12288, 11829, 287
2026/09/22 22:25:12.275, 0, 12288, 11829, 287
2026/09/22 22:25:12.482, 0, 12288, 11829, 287
2026/09/22 22:25:12.687, 0, 12288, 11829, 287
2026/09/22 22:25:12.895, 0, 12288, 11829, 287
2026/09/22 22:25:13.101, 0, 12288, 11829, 287
2026/09/22 22:25:13.308, 0, 12288, 11829, 287
2026/09/22 22:25:13.516, 0, 12288, 11829, 287
2026/09/22 22:25:13.724, 0, 12288, 11829, 287
2026/09/22 22:25:13.932, 0, 12288, 11829, 287
2026/09/22 22:25:14.139, 0, 12288, 11829, 287
2026/09/22 22:25:14.345, 0, 12288, 11829, 287
2026/09/22 22:25:14.550, 0, 12288, 11829, 287
2026/09/22 22:25:14.758, 0, 12288, 11829, 287
2026/09/22 22:25:14.966, 0, 12288, 11829, 287
2026/09/22 22:25:15.174, 0, 12288, 11829, 287
2026/09/22 22:25:15.379, 0, 12288, 11829, 287
2026/09/22 22:25:15.587, 0, 12288, 11829, 287
2026/09/22 22:25:15.795, 0, 12288, 11829, 287
2026/09/22 22:25:16.000, 0, 12288, 11829, 287
2026/09/22 22:25:16.207, 0, 12288, 11829, 287
2026/09/22 22:25:16.413, 0, 12288, 11829, 287
2026/09/22 22:25:16.619, 0, 12288, 11829, 287
2026/09/22 22:25:16.827, 0, 12288, 11829, 287
2026/09/22 22:25:17.034, 0, 12288, 11829, 287
2026/09/22 22:25:17.242, 0, 12288, 11829, 287
2026/09/22 22:25:17.449, 0, 12288, 11829, 287
2026/09/22 22:25:17.654, 0, 12288, 11829, 287
2026/09/22 22:25:17.860, 0, 12288, 11829, 287
2026/09/22 22:25:18.068, 0, 12288, 11829, 287
2026/09/22 22:25:18.275, 0, 12288, 11829, 287
2026/09/22 22:25:18.482, 0, 12288, 11829, 287
2026/09/22 22:25:18.689, 0, 12288, 11829, 287
2026/09/22 22:25:18.896, 0, 12288, 11829, 287
2026/09/22 22:25:19.104, 0, 12288, 11829, 287
2026/09/22 22:25:19.308, 0, 12288, 11829, 287
2026/09/22 22:25:19.514, 0, 12288, 11829, 287
2026/09/22 22:25:19.720, 0, 12288, 11829, 287
2026/09/22 22:25:19.926, 0, 12288, 11829, 287
2026/09/22 22:25:20.132, 0, 12288, 11829, 287
2026/09/22 22:25:20.337, 0, 12288, 11829, 287
2026/09/22 22:25:20.541, 0, 12288, 11829, 287
2026/09/22 22:25:20.748, 0, 12288, 11829, 287
2026/09/22 22:25:20.954, 0, 12288, 11829, 287
2026/09/22 22:25:21.162, 0, 12288, 11829, 287
2026/09/22 22:25:21.368, 0, 12288, 11829, 287
2026/09/22 22:25:21.571, 0, 12288, 11829, 287
2026/09/22 22:25:21.777, 0, 12288, 11829, 287
2026/09/22 22:25:21.985, 0, 12288, 11829, 287
2026/09/22 22:25:22.191, 0, 12288, 11829, 287
2026/09/22 22:25:22.397, 0, 12288, 11829, 287
2026/09/22 22:25:22.604, 0, 12288, 11829, 287
2026/09/22 22:25:22.812, 0, 12288, 11829, 287
2026/09/22 22:25:23.019, 0, 12288, 11829, 287
2026/09/22 22:25:23.227, 0, 12288, 11829, 287
2026/09/22 22:25:23.435, 0, 12288, 11829, 287
2026/09/22 22:25:23.642, 0, 12288, 11829, 287
2026/09/22 22:25:23.848, 0, 12288, 11829, 287
2026/09/22 22:25:24.054, 0, 12288, 11829, 287
2026/09/22 22:25:24.262, 0, 12288, 11829, 287
2026/09/22 22:25:24.470, 0, 12288, 11829, 287
2026/09/22 22:25:24.676, 0, 12288, 11829, 287
2026/09/22 22:25:24.882, 0, 12288, 11829, 287
2026/09/22 22:25:25.089, 0, 12288, 11829, 287
2026/09/22 22:25:25.297, 0, 12288, 11829, 287
2026/09/22 22:25:25.505, 0, 12288, 11829, 287
2026/09/22 22:25:25.712, 0, 12288, 11829, 287
2026/09/22 22:25:25.920, 0, 12288, 11829, 287
2026/09/22 22:25:26.128, 0, 12288, 11829, 287
2026/09/22 22:25:26.336, 0, 12288, 11829, 287
2026/09/22 22:25:26.541, 0, 12288, 11829, 287
2026/09/22 22:25:26.749, 0, 12288, 11829, 287
2026/09/22 22:25:26.955, 0, 12288, 11829, 287
2026/09/22 22:25:27.161, 0, 12288, 11829, 287
2026/09/22 22:25:27.368, 0, 12288, 11829, 287
2026/09/22 22:25:27.574, 0, 12288, 11829, 287
2026/09/22 22:25:27.782, 0, 12288, 11829, 287
2026/09/22 22:25:27.990, 0, 12288, 11829, 287
2026/09/22 22:25:28.198, 0, 12288, 11829, 287
2026/09/22 22:25:28.404, 0, 12288, 11829, 287
2026/09/22 22:25:28.610, 0, 12288, 11829, 287
2026/09/22 22:25:28.815, 0, 12288, 11829, 287
2026/09/22 22:25:29.022, 0, 12288, 11829, 287
2026/09/22 22:25:29.229, 0, 12288, 11829, 287
2026/09/22 22:25:29.435, 0, 12288, 11829, 287
2026/09/22 22:25:29.643, 0, 12288, 11829, 287
2026/09/22 22:25:29.848, 0, 12288, 11829, 287
2026/09/22 22:25:30.056, 0, 12288, 11829, 287
2026/09/22 22:25:30.263, 0, 12288, 11829, 287
2026/09/22 22:25:30.470, 0, 12288, 11829, 287
2026/09/22 22:25:30.676, 0, 12288, 11829, 287
2026/09/22 22:25:30.884, 0, 12288, 11829, 287
2026/09/22 22:25:31.092, 0, 12288, 11829, 287
2026/09/22 22:25:31.299, 0, 12288, 11829, 287
2026/09/22 22:25:31.507, 0, 12288, 11829, 287
2026/09/22 22:25:31.713, 0, 12288, 11829, 287
2026/09/22 22:25:31.921, 0, 12288, 11829, 287
2026/09/22 22:25:32.128, 0, 12288, 11829, 287
2026/09/22 22:25:32.333, 0, 12288, 11829, 287
2026/09/22 22:25:32.540, 0, 12288, 11829, 287
2026/09/22 22:25:32.748, 0, 12288, 11829, 287
2026/09/22 22:25:32.955, 0, 12288, 11829, 287
2026/09/22 22:25:33.160, 0, 12288, 11829, 287
2026/09/22 22:25:33.367, 0, 12288, 11829, 287
2026/09/22 22:25:33.575, 0, 12288, 11829, 287
2026/09/22 22:25:33.782, 0, 12288, 11829, 287
2026/09/22 22:25:33.990, 0, 12288, 11829, 287
2026/09/22 22:25:34.198, 0, 12288, 11829, 287
2026/09/22 22:25:34.405, 0, 12288, 11829, 287
2026/09/22 22:25:34.611, 0, 12288, 11829, 287
2026/09/22 22:25:34.817, 0, 12288, 11829, 287
2026/09/22 22:25:35.024, 0, 12288, 11829, 287
2026/09/22 22:25:35.232, 0, 12288, 11829, 287
2026/09/22 22:25:35.439, 0, 12288, 11829, 287
2026/09/22 22:25:35.646, 0, 12288, 11829, 287
2026/09/22 22:25:35.853, 0, 12288, 11829, 287
2026/09/22 22:25:36.061, 0, 12288, 11829, 287
2026/09/22 22:25:36.267, 0, 12288, 11829, 287
2026/09/22 22:25:36.473, 0, 12288, 11829, 287
2026/09/22 22:25:36.680, 0, 12288, 11829, 287
2026/09/22 22:25:36.888, 0, 12288, 11829, 287
2026/09/22 22:25:37.094, 0, 12288, 11829, 287
2026/09/22 22:25:37.299, 0, 12288, 11829, 287
2026/09/22 22:25:37.505, 0, 12288, 11829, 287
2026/09/22 22:25:37.713, 0, 12288, 11829, 287
2026/09/22 22:25:37.919, 0, 12288, 11829, 287
2026/09/22 22:25:38.126, 0, 12288, 11829, 287
2026/09/22 22:25:38.332, 0, 12288, 11829, 287
2026/09/22 22:25:38.539, 0, 12288, 11829, 287
2026/09/22 22:25:38.747, 0, 12288, 11829, 287
2026/09/22 22:25:38.954, 0, 12288, 11829, 287
2026/09/22 22:25:39.161, 0, 12288, 11829, 287
2026/09/22 22:25:39.368, 0, 12288, 11829, 287
2026/09/22 22:25:39.575, 0, 12288, 11829, 287
2026/09/22 22:25:39.783, 0, 12288, 11829, 287
2026/09/22 22:25:39.990, 0, 12288, 11829, 287
2026/09/22 22:25:40.198, 0, 12288, 11829, 287
2026/09/22 22:25:40.406, 0, 12288, 11829, 287
2026/09/22 22:25:40.613, 0, 12288, 11829, 287
2026/09/22 22:25:40.821, 0, 12288, 11829, 287
2026/09/22 22:25:41.027, 0, 12288, 11829, 287
2026/09/22 22:25:41.233, 0, 12288, 11829, 287
2026/09/22 22:25:41.440, 0, 12288, 11829, 287
2026/09/22 22:25:41.648, 0, 12288, 11829, 287
2026/09/22 22:25:41.854, 0, 12288, 11829, 287
2026/09/22 22:25:42.062, 0, 12288, 11829, 287
2026/09/22 22:25:42.268, 0, 12288, 11829, 287
2026/09/22 22:25:42.472, 0, 12288, 11829, 287
2026/09/22 22:25:42.680, 0, 12288, 11829, 287
2026/09/22 22:25:42.888, 0, 12288, 11829, 287
2026/09/22 22:25:43.096, 0, 12288, 11829, 287
2026/09/22 22:25:43.303, 0, 12288, 11829, 287
2026/09/22 22:25:43.510, 0, 12288, 11829, 287
2026/09/22 22:25:43.717, 0, 12288, 11829, 287
2026/09/22 22:25:43.924, 0, 12288, 11829, 287
2026/09/22 22:25:44.132, 0, 12288, 11829, 287
2026/09/22 22:25:44.340, 0, 12288, 11829, 287
2026/09/22 22:25:44.548, 0, 12288, 11829, 287
2026/09/22 22:25:44.753, 0, 12288, 11829, 287
2026/09/22 22:25:44.960, 0, 12288, 11829, 287
2026/09/22 22:25:45.168, 0, 12288, 11829, 287
2026/09/22 22:25:45.375, 0, 12288, 11829, 287
2026/09/22 22:25:45.577, 0, 12288, 11829, 287
2026/09/22 22:25:45.784, 0, 12288, 11829, 287
2026/09/22 22:25:45.989, 0, 12288, 11829, 287
2026/09/22 22:25:46.196, 0, 12288, 11829, 287
2026/09/22 22:25:46.404, 0, 12288, 11829, 287
2026/09/22 22:25:46.611, 0, 12288, 11829, 287
2026/09/22 22:25:46.816, 0, 12288, 11829, 287
2026/09/22 22:25:47.024, 0, 12288, 11829, 287
2026/09/22 22:25:47.231, 0, 12288, 11829, 287
2026/09/22 22:25:47.439, 0, 12288, 11829, 287
2026/09/22 22:25:47.647, 0, 12288, 11829, 287
2026/09/22 22:25:47.853, 0, 12288, 11829, 287
2026/09/22 22:25:48.060, 0, 12288, 11829, 287
2026/09/22 22:25:48.267, 0, 12288, 11829, 287
2026/09/22 22:25:48.471, 0, 12288, 11829, 287
2026/09/22 22:25:48.677, 0, 12288, 11829, 287
2026/09/22 22:25:48.885, 0, 12288, 11829, 287
2026/09/22 22:25:49.092, 0, 12288, 11829, 287
2026/09/22 22:25:49.300, 0, 12288, 11829, 287
2026/09/22 22:25:49.506, 0, 12288, 11829, 287
2026/09/22 22:25:49.714, 0, 12288, 11829, 287
2026/09/22 22:25:49.921, 0, 12288, 11829, 287
2026/09/22 22:25:50.128, 0, 12288, 11829, 287
2026/09/22 22:25:50.334, 0, 12288, 11829, 287
2026/09/22 22:25:50.541, 0, 12288, 11829, 287
2026/09/22 22:25:50.749, 0, 12288, 11829, 287
2026/09/22 22:25:50.955, 0, 12288, 11829, 287
2026/09/22 22:25:51.160, 0, 12288, 11829, 287
2026/09/22 22:25:51.368, 0, 12288, 11829, 287
2026/09/22 22:25:51.576, 0, 12288, 11829, 287
2026/09/22 22:25:51.783, 0, 12288, 11829, 287
2026/09/22 22:25:51.990, 0, 12288, 11829, 287
2026/09/22 22:25:52.198, 0, 12288, 11829, 287
2026/09/22 22:25:52.405, 0, 12288, 11829, 287
2026/09/22 22:25:52.611, 0, 12288, 11829, 287
2026/09/22 22:25:52.816, 0, 12288, 11829, 287
2026/09/22 22:25:53.022, 0, 12288, 11829, 287
2026/09/22 22:25:53.229, 0, 12288, 11829, 287
2026/09/22 22:25:53.436, 0, 12288, 11829, 287
2026/09/22 22:25:53.643, 0, 12288, 11829, 287
2026/09/22 22:25:53.851, 0, 12288, 11829, 287
2026/09/22 22:25:54.058, 0, 12288, 11829, 287
2026/09/22 22:25:54.266, 0, 12288, 11829, 287
2026/09/22 22:25:54.473, 0, 12288, 11829, 287
2026/09/22 22:25:54.680, 0, 12288, 11829, 287
2026/09/22 22:25:54.884, 0, 12288, 11829, 287
2026/09/22 22:25:55.091, 0, 12288, 11829, 287
2026/09/22 22:25:55.299, 0, 12288, 11829, 287
2026/09/22 22:25:55.503, 0, 12288, 11829, 287
2026/09/22 22:25:55.709, 0, 12288, 11829, 287
2026/09/22 22:25:55.917, 0, 12288, 11829, 287
2026/09/22 22:25:56.124, 0, 12288, 11829, 287
2026/09/22 22:25:56.330, 0, 12288, 11829, 287
2026/09/22 22:25:56.535, 0, 12288, 11829, 287
2026/09/22 22:25:56.742, 0, 12288, 11829, 287
2026/09/22 22:25:56.947, 0, 12288, 11829, 287
2026/09/22 22:25:57.153, 0, 12288, 11829, 287
2026/09/22 22:25:57.360, 0, 12288, 11829, 287
2026/09/22 22:25:57.566, 0, 12288, 11829, 287
2026/09/22 22:25:57.773, 0, 12288, 11829, 287
2026/09/22 22:25:57.980, 0, 12288, 11829, 287
2026/09/22 22:25:58.188, 0, 12288, 11829, 287
2026/09/22 22:25:58.394, 0, 12288, 11829, 287
2026/09/22 22:25:58.598, 0, 12288, 11829, 287
2026/09/22 22:25:58.804, 0, 12288, 11829, 287
2026/09/22 22:25:59.009, 0, 12288, 11829, 287
2026/09/22 22:25:59.216, 0, 12288, 11829, 287
2026/09/22 22:25:59.423, 0, 12288, 11829, 287
2026/09/22 22:25:59.629, 0, 12288, 11829, 287
2026/09/22 22:25:59.837, 0, 12288, 11829, 287
2026/09/22 22:26:00.043, 0, 12288, 11829, 287
2026/09/22 22:26:00.251, 0, 12288, 11829, 287
2026/09/22 22:26:00.456, 0, 12288, 11829, 287
2026/09/22 22:26:00.661, 0, 12288, 11829, 287
2026/09/22 22:26:00.867, 0, 12288, 11829, 287
2026/09/22 22:26:01.075, 0, 12288, 11829, 287
2026/09/22 22:26:01.282, 0, 12288, 11829, 287
2026/09/22 22:26:01.486, 0, 12288, 11829, 287
2026/09/22 22:26:01.692, 0, 12288, 11829, 287
2026/09/22 22:26:01.899, 0, 12288, 11829, 287
2026/09/22 22:26:02.107, 0, 12288, 11829, 287
2026/09/22 22:26:02.313, 0, 12288, 11829, 287
2026/09/22 22:26:02.518, 0, 12288, 11829, 287
2026/09/22 22:26:02.723, 0, 12288, 11829, 287
2026/09/22 22:26:02.931, 0, 12288, 11829, 287
2026/09/22 22:26:03.139, 0, 12288, 11829, 287
2026/09/22 22:26:03.345, 0, 12288, 11829, 287
2026/09/22 22:26:03.552, 0, 12288, 11829, 287
2026/09/22 22:26:03.760, 0, 12288, 11829, 287
2026/09/22 22:26:03.968, 0, 12288, 11829, 287
2026/09/22 22:26:04.174, 0, 12288, 11829, 287
2026/09/22 22:26:04.382, 0, 12288, 11829, 287
2026/09/22 22:26:04.590, 0, 12288, 11829, 287
2026/09/22 22:26:04.797, 0, 12288, 11829, 287
2026/09/22 22:26:05.002, 0, 12288, 11829, 287
2026/09/22 22:26:05.208, 0, 12288, 11829, 287
2026/09/22 22:26:05.415, 0, 12288, 11829, 287
2026/09/22 22:26:05.622, 0, 12288, 11829, 287
2026/09/22 22:26:05.830, 0, 12288, 11829, 287
2026/09/22 22:26:06.035, 0, 12288, 11829, 287
2026/09/22 22:26:06.243, 0, 12288, 11829, 287
2026/09/22 22:26:06.451, 0, 12288, 11829, 287
2026/09/22 22:26:06.658, 0, 12288, 11829, 287
2026/09/22 22:26:06.865, 0, 12288, 11829, 287
2026/09/22 22:26:07.072, 0, 12288, 11829, 287
2026/09/22 22:26:07.280, 0, 12288, 11829, 287
2026/09/22 22:26:07.488, 0, 12288, 11829, 287
2026/09/22 22:26:07.696, 0, 12288, 11829, 287
2026/09/22 22:26:07.903, 0, 12288, 11829, 287
2026/09/22 22:26:08.111, 0, 12288, 11829, 287
2026/09/22 22:26:08.318, 0, 12288, 11829, 287
2026/09/22 22:26:08.526, 0, 12288, 11829, 287
2026/09/22 22:26:08.734, 0, 12288, 11829, 287
2026/09/22 22:26:08.939, 0, 12288, 11829, 287
2026/09/22 22:26:09.143, 0, 12288, 11829, 287
2026/09/22 22:26:09.347, 0, 12288, 11829, 287
2026/09/22 22:26:09.555, 0, 12288, 11829, 287
2026/09/22 22:26:09.762, 0, 12288, 11829, 287
2026/09/22 22:26:09.969, 0, 12288, 11829, 287
2026/09/22 22:26:10.177, 0, 12288, 11829, 287
2026/09/22 22:26:10.384, 0, 12288, 11829, 287
2026/09/22 22:26:10.591, 0, 12288, 11829, 287
2026/09/22 22:26:10.798, 0, 12288, 11829, 287
2026/09/22 22:26:11.002, 0, 12288, 11829, 287
2026/09/22 22:26:11.209, 0, 12288, 11829, 287
2026/09/22 22:26:11.414, 0, 12288, 11829, 287
2026/09/22 22:26:11.620, 0, 12288, 11829, 287
2026/09/22 22:26:11.827, 0, 12288, 11829, 287
2026/09/22 22:26:12.034, 0, 12288, 11829, 287
2026/09/22 22:26:12.240, 0, 12288, 11829, 287
2026/09/22 22:26:12.447, 0, 12288, 11829, 287
2026/09/22 22:26:12.654, 0, 12288, 11829, 287
2026/09/22 22:26:12.860, 0, 12288, 11829, 287
2026/09/22 22:26:13.067, 0, 12288, 11829, 287
2026/09/22 22:26:13.275, 0, 12288, 11829, 287
2026/09/22 22:26:13.480, 0, 12288, 11829, 287
2026/09/22 22:26:13.688, 0, 12288, 11829, 287
2026/09/22 22:26:13.894, 0, 12288, 11829, 287
2026/09/22 22:26:14.100, 0, 12288, 11829, 287
2026/09/22 22:26:14.305, 0, 12288, 11829, 287
2026/09/22 22:26:14.510, 0, 12288, 11829, 287
2026/09/22 22:26:14.716, 0, 12288, 11829, 287
2026/09/22 22:26:14.923, 0, 12288, 11829, 287
2026/09/22 22:26:15.129, 0, 12288, 11829, 287
2026/09/22 22:26:15.336, 0, 12288, 11829, 287
2026/09/22 22:26:15.541, 0, 12288, 11829, 287
2026/09/22 22:26:15.749, 0, 12288, 11829, 287
2026/09/22 22:26:15.955, 0, 12288, 11829, 287
2026/09/22 22:26:16.160, 0, 12288, 11829, 287
2026/09/22 22:26:16.367, 0, 12288, 11829, 287
2026/09/22 22:26:16.573, 0, 12288, 11829, 287
2026/09/22 22:26:16.778, 0, 12288, 11829, 287
2026/09/22 22:26:16.985, 0, 12288, 11829, 287
2026/09/22 22:26:17.191, 0, 12288, 11829, 287
2026/09/22 22:26:17.396, 0, 12288, 11829, 287
2026/09/22 22:26:17.601, 0, 12288, 11829, 287
2026/09/22 22:26:17.808, 0, 12288, 11829, 287
2026/09/22 22:26:18.016, 0, 12288, 11829, 287
2026/09/22 22:26:18.221, 0, 12288, 11829, 287
2026/09/22 22:26:18.428, 0, 12288, 11829, 287
2026/09/22 22:26:18.635, 0, 12288, 11829, 287
2026/09/22 22:26:18.840, 0, 12288, 11829, 287
2026/09/22 22:26:19.047, 0, 12288, 11829, 287
2026/09/22 22:26:19.252, 0, 12288, 11829, 287
2026/09/22 22:26:19.457, 0, 12288, 11829, 287
2026/09/22 22:26:19.665, 0, 12288, 11829, 287
2026/09/22 22:26:19.871, 0, 12288, 11829, 287
2026/09/22 22:26:20.078, 0, 12288, 11829, 287
2026/09/22 22:26:20.285, 0, 12288, 11829, 287
2026/09/22 22:26:20.493, 0, 12288, 11829, 287
2026/09/22 22:26:20.700, 0, 12288, 11829, 287
2026/09/22 22:26:20.908, 0, 12288, 11829, 287
2026/09/22 22:26:21.115, 0, 12288, 11829, 287
2026/09/22 22:26:21.322, 0, 12288, 11829, 287
2026/09/22 22:26:21.529, 0, 12288, 11829, 287
2026/09/22 22:26:21.736, 0, 12288, 11829, 287
2026/09/22 22:26:21.942, 0, 12288, 11829, 287
2026/09/22 22:26:22.150, 0, 12288, 11829, 287
2026/09/22 22:26:22.358, 0, 12288, 11829, 287
2026/09/22 22:26:22.564, 0, 12288, 11829, 287
2026/09/22 22:26:22.769, 0, 12288, 11829, 287
2026/09/22 22:26:22.977, 0, 12288, 11829, 287
2026/09/22 22:26:23.185, 0, 12288, 11829, 287
2026/09/22 22:26:23.393, 0, 12288, 11829, 287
2026/09/22 22:26:23.598, 0, 12288, 11829, 287
2026/09/22 22:26:23.805, 0, 12288, 11829, 287
2026/09/22 22:26:24.011, 0, 12288, 11829, 287
2026/09/22 22:26:24.219, 0, 12288, 11829, 287
2026/09/22 22:26:24.425, 0, 12288, 11829, 287
2026/09/22 22:26:24.631, 0, 12288, 11829, 287
2026/09/22 22:26:24.837, 0, 12288, 11829, 287
2026/09/22 22:26:25.045, 0, 12288, 11829, 287
2026/09/22 22:26:25.252, 0, 12288, 11829, 287
2026/09/22 22:26:25.459, 0, 12288, 11829, 287
2026/09/22 22:26:25.666, 0, 12288, 11829, 287
2026/09/22 22:26:25.871, 0, 12288, 11829, 287
2026/09/22 22:26:26.078, 0, 12288, 11829, 287
2026/09/22 22:26:26.284, 0, 12288, 11829, 287
2026/09/22 22:26:26.492, 0, 12288, 11829, 287
2026/09/22 22:26:26.700, 0, 12288, 11829, 287
2026/09/22 22:26:26.908, 0, 12288, 11829, 287
2026/09/22 22:26:27.115, 0, 12288, 11829, 287
2026/09/22 22:26:27.322, 0, 12288, 11829, 287
2026/09/22 22:26:27.527, 0, 12288, 11829, 287
2026/09/22 22:26:27.735, 0, 12288, 11829, 287
2026/09/22 22:26:27.939, 0, 12288, 11829, 287
2026/09/22 22:26:28.146, 0, 12288, 11829, 287
2026/09/22 22:26:28.352, 0, 12288, 11829, 287
2026/09/22 22:26:28.560, 0, 12288, 11829, 287
2026/09/22 22:26:28.765, 0, 12288, 11829, 287
2026/09/22 22:26:28.971, 0, 12288, 11829, 287
2026/09/22 22:26:29.178, 0, 12288, 11829, 287
2026/09/22 22:26:29.386, 0, 12288, 11829, 287
2026/09/22 22:26:29.593, 0, 12288, 11829, 287
2026/09/22 22:26:29.800, 0, 12288, 11829, 287
2026/09/22 22:26:30.008, 0, 12288, 11829, 287
2026/09/22 22:26:30.215, 0, 12288, 11829, 287
2026/09/22 22:26:30.421, 0, 12288, 11829, 287
2026/09/22 22:26:30.628, 0, 12288, 11829, 287
2026/09/22 22:26:30.834, 0, 12288, 11829, 287
2026/09/22 22:26:31.041, 0, 12288, 11829, 287
2026/09/22 22:26:31.249, 0, 12288, 11829, 287
2026/09/22 22:26:31.455, 0, 12288, 11829, 287
2026/09/22 22:26:31.660, 0, 12288, 11829, 287
2026/09/22 22:26:31.868, 0, 12288, 11829, 287
2026/09/22 22:26:32.076, 0, 12288, 11829, 287
2026/09/22 22:26:32.283, 0, 12288, 11829, 287
2026/09/22 22:26:32.487, 0, 12288, 11829, 287
2026/09/22 22:26:32.695, 0, 12288, 11829, 287
2026/09/22 22:26:32.901, 0, 12288, 11829, 287
2026/09/22 22:26:33.106, 0, 12288, 11829, 287
2026/09/22 22:26:33.312, 0, 12288, 11829, 287
2026/09/22 22:26:33.518, 0, 12288, 11829, 287
2026/09/22 22:26:33.725, 0, 12288, 11829, 287
2026/09/22 22:26:33.932, 0, 12288, 11829, 287
2026/09/22 22:26:34.139, 0, 12288, 11829, 287
2026/09/22 22:26:34.345, 0, 12288, 11829, 287
2026/09/22 22:26:34.552, 0, 12288, 11829, 287
2026/09/22 22:26:34.759, 0, 12288, 11829, 287
2026/09/22 22:26:34.967, 0, 12288, 11829, 287
2026/09/22 22:26:35.174, 0, 12288, 11829, 287
2026/09/22 22:26:35.380, 0, 12288, 11829, 287
2026/09/22 22:26:35.588, 0, 12288, 11829, 287
2026/09/22 22:26:35.795, 0, 12288, 11829, 287
2026/09/22 22:26:36.002, 0, 12288, 11829, 287
2026/09/22 22:26:36.209, 0, 12288, 11829, 287
2026/09/22 22:26:36.416, 0, 12288, 11829, 287
2026/09/22 22:26:36.624, 0, 12288, 11829, 287
2026/09/22 22:26:36.831, 0, 12288, 11829, 287
2026/09/22 22:26:37.040, 0, 12288, 11829, 287
2026/09/22 22:26:37.248, 0, 12288, 11829, 287
2026/09/22 22:26:37.454, 0, 12288, 11829, 287
2026/09/22 22:26:37.660, 0, 12288, 11829, 287
2026/09/22 22:26:37.864, 0, 12288, 11829, 287
2026/09/22 22:26:38.072, 0, 12288, 11829, 287
2026/09/22 22:26:38.279, 0, 12288, 11829, 287
2026/09/22 22:26:38.487, 0, 12288, 11829, 287
2026/09/22 22:26:38.695, 0, 12288, 11829, 287
2026/09/22 22:26:38.903, 0, 12288, 11829, 287
2026/09/22 22:26:39.111, 0, 12288, 11829, 287
2026/09/22 22:26:39.319, 0, 12288, 11829, 287
2026/09/22 22:26:39.527, 0, 12288, 11829, 287
2026/09/22 22:26:39.734, 0, 12288, 11829, 287
2026/09/22 22:26:39.941, 0, 12288, 11829, 287
2026/09/22 22:26:40.147, 0, 12288, 11829, 287
2026/09/22 22:26:40.353, 0, 12288, 11829, 287
2026/09/22 22:26:40.561, 0, 12288, 11829, 287
2026/09/22 22:26:40.768, 0, 12288, 11829, 287
2026/09/22 22:26:40.971, 0, 12288, 11829, 287
2026/09/22 22:26:41.178, 0, 12288, 11829, 287
2026/09/22 22:26:41.386, 0, 12288, 11829, 287
2026/09/22 22:26:41.593, 0, 12288, 11829, 287
2026/09/22 22:26:41.800, 0, 12288, 11829, 287
2026/09/22 22:26:42.008, 0, 12288, 11829, 287
2026/09/22 22:26:42.216, 0, 12288, 11829, 287
2026/09/22 22:26:42.421, 0, 12288, 11829, 287
2026/09/22 22:26:42.629, 0, 12288, 11829, 287
2026/09/22 22:26:42.837, 0, 12288, 11829, 287
2026/09/22 22:26:43.044, 0, 12288, 11829, 287
2026/09/22 22:26:43.251, 0, 12288, 11829, 287
2026/09/22 22:26:43.458, 0, 12288, 11829, 287
2026/09/22 22:26:43.665, 0, 12288, 11829, 287
2026/09/22 22:26:43.872, 0, 12288, 11829, 287
2026/09/22 22:26:44.079, 0, 12288, 11829, 287
2026/09/22 22:26:44.287, 0, 12288, 11829, 287
2026/09/22 22:26:44.493, 0, 12288, 11829, 287
2026/09/22 22:26:44.701, 0, 12288, 11829, 287
2026/09/22 22:26:44.908, 0, 12288, 11829, 287
2026/09/22 22:26:45.115, 0, 12288, 11829, 287
2026/09/22 22:26:45.323, 0, 12288, 11829, 287
2026/09/22 22:26:45.530, 0, 12288, 11829, 287
2026/09/22 22:26:45.737, 0, 12288, 11829, 287
2026/09/22 22:26:45.945, 0, 12288, 11829, 287
2026/09/22 22:26:46.152, 0, 12288, 11829, 287
2026/09/22 22:26:46.359, 0, 12288, 11829, 287
2026/09/22 22:26:46.565, 0, 12288, 11829, 287
2026/09/22 22:26:46.772, 0, 12288, 11829, 287
2026/09/22 22:26:46.981, 0, 12288, 11829, 287
2026/09/22 22:26:47.185, 0, 12288, 11829, 287
2026/09/22 22:26:47.394, 0, 12288, 11829, 287
2026/09/22 22:26:47.600, 0, 12288, 11829, 287
2026/09/22 22:26:47.807, 0, 12288, 11829, 287
2026/09/22 22:26:48.012, 0, 12288, 11829, 287
2026/09/22 22:26:48.220, 0, 12288, 11829, 287
2026/09/22 22:26:48.425, 0, 12288, 11829, 287
2026/09/22 22:26:48.630, 0, 12288, 11829, 287
2026/09/22 22:26:48.838, 0, 12288, 11829, 287
2026/09/22 22:26:49.046, 0, 12288, 11829, 287
2026/09/22 22:26:49.253, 0, 12288, 11829, 287
2026/09/22 22:26:49.461, 0, 12288, 11829, 287
2026/09/22 22:26:49.667, 0, 12288, 11829, 287
2026/09/22 22:26:49.873, 0, 12288, 11829, 287
2026/09/22 22:26:50.080, 0, 12288, 11829, 287
2026/09/22 22:26:50.285, 0, 12288, 11829, 287
2026/09/22 22:26:50.490, 0, 12288, 11829, 287
2026/09/22 22:26:50.698, 0, 12288, 11829, 287
2026/09/22 22:26:50.905, 0, 12288, 11829, 287
2026/09/22 22:26:51.113, 0, 12288, 11829, 287
2026/09/22 22:26:51.320, 0, 12288, 11829, 287
2026/09/22 22:26:51.528, 0, 12288, 11829, 287
2026/09/22 22:26:51.733, 0, 12288, 11829, 287
2026/09/22 22:26:51.939, 0, 12288, 11829, 287
2026/09/22 22:26:52.145, 0, 12288, 11829, 287
2026/09/22 22:26:52.352, 0, 12288, 11829, 287
2026/09/22 22:26:52.560, 0, 12288, 11829, 287
2026/09/22 22:26:52.767, 0, 12288, 11829, 287
2026/09/22 22:26:52.974, 0, 12288, 11829, 287
2026/09/22 22:26:53.182, 0, 12288, 11829, 287
2026/09/22 22:26:53.389, 0, 12288, 11829, 287
2026/09/22 22:26:53.595, 0, 12288, 11829, 287
2026/09/22 22:26:53.803, 0, 12288, 11829, 287
2026/09/22 22:26:54.010, 0, 12288, 11829, 287
2026/09/22 22:26:54.217, 0, 12288, 11829, 287
2026/09/22 22:26:54.424, 0, 12288, 11829, 287
2026/09/22 22:26:54.632, 0, 12288, 11829, 287
2026/09/22 22:26:54.838, 0, 12288, 11829, 287
2026/09/22 22:26:55.045, 0, 12288, 11829, 287
2026/09/22 22:26:55.252, 0, 12288, 11829, 287
2026/09/22 22:26:55.457, 0, 12288, 11829, 287
2026/09/22 22:26:55.664, 0, 12288, 11829, 287
2026/09/22 22:26:55.872, 0, 12288, 11829, 287
2026/09/22 22:26:56.078, 0, 12288, 11829, 287
2026/09/22 22:26:56.285, 0, 12288, 11829, 287
2026/09/22 22:26:56.492, 0, 12288, 11829, 287
2026/09/22 22:26:56.700, 0, 12288, 11829, 287
2026/09/22 22:26:56.907, 0, 12288, 11829, 287
2026/09/22 22:26:57.112, 0, 12288, 11829, 287
2026/09/22 22:26:57.317, 0, 12288, 11829, 287
2026/09/22 22:26:57.522, 0, 12288, 11829, 287
2026/09/22 22:26:57.727, 0, 12288, 11829, 287
2026/09/22 22:26:57.934, 0, 12288, 11829, 287
2026/09/22 22:26:58.142, 0, 12288, 11829, 287
2026/09/22 22:26:58.347, 0, 12288, 11829, 287
2026/09/22 22:26:58.555, 0, 12288, 11829, 287
2026/09/22 22:26:58.763, 0, 12288, 11829, 287
2026/09/22 22:26:58.970, 0, 12288, 11829, 287
2026/09/22 22:26:59.177, 0, 12288, 11829, 287
2026/09/22 22:26:59.384, 0, 12288, 11829, 287
2026/09/22 22:26:59.591, 0, 12288, 11829, 287
2026/09/22 22:26:59.798, 0, 12288, 11829, 287
2026/09/22 22:27:00.004, 0, 12288, 11829, 287
2026/09/22 22:27:00.212, 0, 12288, 11829, 287
2026/09/22 22:27:00.420, 0, 12288, 11829, 287
2026/09/22 22:27:00.627, 0, 12288, 11829, 287
2026/09/22 22:27:00.835, 0, 12288, 11829, 287
2026/09/22 22:27:01.040, 0, 12288, 11829, 287
2026/09/22 22:27:01.248, 0, 12288, 11829, 287
2026/09/22 22:27:01.456, 0, 12288, 11829, 287
2026/09/22 22:27:01.663, 0, 12288, 11829, 287
2026/09/22 22:27:01.871, 0, 12288, 11829, 287
2026/09/22 22:27:02.079, 0, 12288, 11829, 287
2026/09/22 22:27:02.286, 0, 12288, 11829, 287
2026/09/22 22:27:02.492, 0, 12288, 11829, 287
2026/09/22 22:27:02.699, 0, 12288, 11829, 287
2026/09/22 22:27:02.904, 0, 12288, 11829, 287
2026/09/22 22:27:03.112, 0, 12288, 11829, 287
2026/09/22 22:27:03.318, 0, 12288, 11829, 287
2026/09/22 22:27:03.525, 0, 12288, 11829, 287
2026/09/22 22:27:03.731, 0, 12288, 11829, 287
2026/09/22 22:27:03.938, 0, 12288, 11829, 287
2026/09/22 22:27:04.146, 0, 12288, 11829, 287
2026/09/22 22:27:04.354, 0, 12288, 11829, 287
2026/09/22 22:27:04.562, 0, 12288, 11829, 287
2026/09/22 22:27:04.768, 0, 12288, 11829, 287
2026/09/22 22:27:04.976, 0, 12288, 11829, 287
2026/09/22 22:27:05.183, 0, 12288, 11829, 287
2026/09/22 22:27:05.390, 0, 12288, 11829, 287
2026/09/22 22:27:05.595, 0, 12288, 11829, 287
2026/09/22 22:27:05.802, 0, 12288, 11829, 287
2026/09/22 22:27:06.009, 0, 12288, 11829, 287
2026/09/22 22:27:06.217, 0, 12288, 11829, 287
2026/09/22 22:27:06.423, 0, 12288, 11829, 287
2026/09/22 22:27:06.630, 0, 12288, 11829, 287
2026/09/22 22:27:06.837, 0, 12288, 11829, 287
2026/09/22 22:27:07.045, 0, 12288, 11829, 287
2026/09/22 22:27:07.253, 0, 12288, 11829, 287
2026/09/22 22:27:07.459, 0, 12288, 11829, 287
2026/09/22 22:27:07.667, 0, 12288, 11829, 287
2026/09/22 22:27:07.875, 0, 12288, 11829, 287
2026/09/22 22:27:08.082, 0, 12288, 11829, 287
2026/09/22 22:27:08.290, 0, 12288, 11829, 287
2026/09/22 22:27:08.497, 0, 12288, 11829, 287
2026/09/22 22:27:08.705, 0, 12288, 11829, 287
2026/09/22 22:27:08.910, 0, 12288, 11829, 287
2026/09/22 22:27:09.117, 0, 12288, 11829, 287
2026/09/22 22:27:09.325, 0, 12288, 11829, 287
2026/09/22 22:27:09.533, 0, 12288, 11829, 287
2026/09/22 22:27:09.740, 0, 12288, 11829, 287
2026/09/22 22:27:09.948, 0, 12288, 11829, 287
2026/09/22 22:27:10.156, 0, 12288, 11829, 287
2026/09/22 22:27:10.362, 0, 12288, 11829, 287
2026/09/22 22:27:10.568, 0, 12288, 11829, 287
2026/09/22 22:27:10.776, 0, 12288, 11829, 287
2026/09/22 22:27:10.983, 0, 12288, 11829, 287
2026/09/22 22:27:11.189, 0, 12288, 11829, 287
2026/09/22 22:27:11.396, 0, 12288, 11829, 287
2026/09/22 22:27:11.604, 0, 12288, 11829, 287
2026/09/22 22:27:11.812, 0, 12288, 11829, 287
2026/09/22 22:27:12.020, 0, 12288, 11829, 287
2026/09/22 22:27:12.226, 0, 12288, 11829, 287
2026/09/22 22:27:12.432, 0, 12288, 11829, 287
2026/09/22 22:27:12.640, 0, 12288, 11829, 287
2026/09/22 22:27:12.848, 0, 12288, 11829, 287
2026/09/22 22:27:13.055, 0, 12288, 11829, 287
2026/09/22 22:27:13.263, 0, 12288, 11829, 287
2026/09/22 22:27:13.470, 0, 12288, 11829, 287
2026/09/22 22:27:13.677, 0, 12288, 11829, 287
2026/09/22 22:27:13.885, 0, 12288, 11829, 287
2026/09/22 22:27:14.093, 0, 12288, 11829, 287
2026/09/22 22:27:14.299, 0, 12288, 11829, 287
2026/09/22 22:27:14.504, 0, 12288, 11829, 287
2026/09/22 22:27:14.711, 0, 12288, 11829, 287
2026/09/22 22:27:14.913, 0, 12288, 11829, 287
2026/09/22 22:27:15.119, 0, 12288, 11829, 287
2026/09/22 22:27:15.325, 0, 12288, 11829, 287
2026/09/22 22:27:15.532, 0, 12288, 11829, 287
2026/09/22 22:27:15.736, 0, 12288, 11829, 287
2026/09/22 22:27:15.945, 0, 12288, 11829, 287
2026/09/22 22:27:16.151, 0, 12288, 11829, 287
2026/09/22 22:27:16.359, 0, 12288, 11829, 287
2026/09/22 22:27:16.567, 0, 12288, 11829, 287
2026/09/22 22:27:16.775, 0, 12288, 11829, 287
2026/09/22 22:27:16.983, 0, 12288, 11829, 287
2026/09/22 22:27:17.190, 0, 12288, 11829, 287
2026/09/22 22:27:17.397, 0, 12288, 11829, 287
2026/09/22 22:27:17.603, 0, 12288, 11829, 287
2026/09/22 22:27:17.810, 0, 12288, 11829, 287
2026/09/22 22:27:18.018, 0, 12288, 11829, 287
2026/09/22 22:27:18.224, 0, 12288, 11829, 287
2026/09/22 22:27:18.429, 0, 12288, 11829, 287
2026/09/22 22:27:18.636, 0, 12288, 11829, 287
2026/09/22 22:27:18.843, 0, 12288, 11829, 287
2026/09/22 22:27:19.051, 0, 12288, 11829, 287
2026/09/22 22:27:19.258, 0, 12288, 11829, 287
2026/09/22 22:27:19.467, 0, 12288, 11829, 287
2026/09/22 22:27:19.672, 0, 12288, 11829, 287
2026/09/22 22:27:19.880, 0, 12288, 11829, 287
2026/09/22 22:27:20.087, 0, 12288, 11829, 287
2026/09/22 22:27:20.295, 0, 12288, 11829, 287
2026/09/22 22:27:20.502, 0, 12288, 11829, 287
2026/09/22 22:27:20.708, 0, 12288, 11829, 287
2026/09/22 22:27:20.915, 0, 12288, 11829, 287
2026/09/22 22:27:21.123, 0, 12288, 11829, 287
2026/09/22 22:27:21.330, 0, 12288, 11829, 287
2026/09/22 22:27:21.534, 0, 12288, 11829, 287
2026/09/22 22:27:21.741, 0, 12288, 11829, 287
2026/09/22 22:27:21.949, 0, 12288, 11829, 287
2026/09/22 22:27:22.157, 0, 12288, 11829, 287
2026/09/22 22:27:22.364, 0, 12288, 11829, 287
2026/09/22 22:27:22.571, 0, 12288, 11829, 287
2026/09/22 22:27:22.778, 0, 12288, 11829, 287
2026/09/22 22:27:22.984, 0, 12288, 11829, 287
2026/09/22 22:27:23.207, 0, 12288, 11829, 287
2026/09/22 22:27:23.414, 0, 12288, 11829, 287
2026/09/22 22:27:23.622, 0, 12288, 11829, 287
2026/09/22 22:27:23.829, 0, 12288, 11829, 287
2026/09/22 22:27:24.033, 0, 12288, 11829, 287
2026/09/22 22:27:24.238, 0, 12288, 11829, 287
2026/09/22 22:27:24.445, 0, 12288, 11829, 287
2026/09/22 22:27:24.652, 0, 12288, 11829, 287
2026/09/22 22:27:24.861, 0, 12288, 11829, 287
2026/09/22 22:27:25.064, 0, 12288, 11829, 287
2026/09/22 22:27:25.271, 0, 12288, 11829, 287
2026/09/22 22:27:25.477, 0, 12288, 11829, 287
2026/09/22 22:27:25.685, 0, 12288, 11829, 287
2026/09/22 22:27:25.892, 0, 12288, 11829, 287
2026/09/22 22:27:26.097, 0, 12288, 11829, 287
2026/09/22 22:27:26.304, 0, 12288, 11829, 287
2026/09/22 22:27:26.512, 0, 12288, 11829, 287
2026/09/22 22:27:26.719, 0, 12288, 11829, 287
2026/09/22 22:27:26.925, 0, 12288, 11829, 287
2026/09/22 22:27:27.133, 0, 12288, 11829, 287
2026/09/22 22:27:27.339, 0, 12288, 11829, 287
2026/09/22 22:27:27.547, 0, 12288, 11829, 287
2026/09/22 22:27:27.755, 0, 12288, 11829, 287
2026/09/22 22:27:27.961, 0, 12288, 11829, 287
2026/09/22 22:27:28.169, 0, 12288, 11829, 287
2026/09/22 22:27:28.377, 0, 12288, 11829, 287
2026/09/22 22:27:28.584, 0, 12288, 11829, 287
2026/09/22 22:27:28.790, 0, 12288, 11829, 287
2026/09/22 22:27:28.996, 0, 12288, 11829, 287
2026/09/22 22:27:29.203, 0, 12288, 11829, 287
2026/09/22 22:27:29.408, 0, 12288, 11829, 287
2026/09/22 22:27:29.613, 0, 12288, 11829, 287
2026/09/22 22:27:29.821, 0, 12288, 11829, 287
2026/09/22 22:27:30.028, 0, 12288, 11829, 287
2026/09/22 22:27:30.234, 0, 12288, 11829, 287
2026/09/22 22:27:30.440, 0, 12288, 11829, 287
2026/09/22 22:27:30.648, 0, 12288, 11829, 287
2026/09/22 22:27:30.855, 0, 12288, 11829, 287
2026/09/22 22:27:31.063, 0, 12288, 11829, 287
2026/09/22 22:27:31.269, 0, 12288, 11829, 287
2026/09/22 22:27:31.477, 0, 12288, 11829, 287
2026/09/22 22:27:31.685, 0, 12288, 11829, 287
2026/09/22 22:27:31.892, 0, 12288, 11829, 287
2026/09/22 22:27:32.100, 0, 12288, 11829, 287
2026/09/22 22:27:32.307, 0, 12288, 11829, 287
2026/09/22 22:27:32.514, 0, 12288, 11829, 287
2026/09/22 22:27:32.722, 0, 12288, 11829, 287
2026/09/22 22:27:32.930, 0, 12288, 11829, 287
2026/09/22 22:27:33.137, 0, 12288, 11829, 287
2026/09/22 22:27:33.343, 0, 12288, 11829, 287
2026/09/22 22:27:33.548, 0, 12288, 11829, 287
2026/09/22 22:27:33.756, 0, 12288, 11829, 287
2026/09/22 22:27:33.960, 0, 12288, 11829, 287
2026/09/22 22:27:34.165, 0, 12288, 11829, 287
2026/09/22 22:27:34.371, 0, 12288, 11829, 287
2026/09/22 22:27:34.579, 0, 12288, 11829, 287
2026/09/22 22:27:34.785, 0, 12288, 11829, 287
2026/09/22 22:27:34.993, 0, 12288, 11829, 287
2026/09/22 22:27:35.200, 0, 12288, 11829, 287
2026/09/22 22:27:35.407, 0, 12288, 11829, 287
2026/09/22 22:27:35.613, 0, 12288, 11829, 287
2026/09/22 22:27:35.821, 0, 12288, 11829, 287
2026/09/22 22:27:36.028, 0, 12288, 11829, 287
2026/09/22 22:27:36.235, 0, 12288, 11829, 287
2026/09/22 22:27:36.440, 0, 12288, 11829, 287
2026/09/22 22:27:36.647, 0, 12288, 11829, 287
2026/09/22 22:27:36.855, 0, 12288, 11829, 287
2026/09/22 22:27:37.061, 0, 12288, 11829, 287
2026/09/22 22:27:37.268, 0, 12288, 11829, 287
2026/09/22 22:27:37.475, 0, 12288, 11829, 287
2026/09/22 22:27:37.683, 0, 12288, 11829, 287
2026/09/22 22:27:37.890, 0, 12288, 11829, 287
2026/09/22 22:27:38.096, 0, 12288, 11829, 287
2026/09/22 22:27:38.301, 0, 12288, 11829, 287
2026/09/22 22:27:38.507, 0, 12288, 11829, 287
2026/09/22 22:27:38.713, 0, 12288, 11829, 287
2026/09/22 22:27:38.920, 0, 12288, 11829, 287
2026/09/22 22:27:39.127, 0, 12288, 11829, 287
2026/09/22 22:27:39.334, 0, 12288, 11829, 287
2026/09/22 22:27:39.557, 0, 12288, 11829, 287
2026/09/22 22:27:39.764, 0, 12288, 11829, 287
2026/09/22 22:27:39.972, 0, 12288, 11829, 287
2026/09/22 22:27:40.179, 0, 12288, 11829, 287
2026/09/22 22:27:40.385, 0, 12288, 11829, 287
2026/09/22 22:27:40.592, 0, 12288, 11829, 287
2026/09/22 22:27:40.799, 0, 12288, 11829, 287
2026/09/22 22:27:41.007, 0, 12288, 11829, 287
2026/09/22 22:27:41.215, 0, 12288, 11829, 287
2026/09/22 22:27:41.422, 0, 12288, 11829, 287
2026/09/22 22:27:41.630, 0, 12288, 11829, 287
2026/09/22 22:27:41.837, 0, 12288, 11829, 287
2026/09/22 22:27:42.045, 0, 12288, 11829, 287
2026/09/22 22:27:42.252, 0, 12288, 11829, 287
2026/09/22 22:27:42.459, 0, 12288, 11829, 287
2026/09/22 22:27:42.666, 0, 12288, 11829, 287
2026/09/22 22:27:42.872, 0, 12288, 11829, 287
2026/09/22 22:27:43.080, 0, 12288, 11829, 287
2026/09/22 22:27:43.286, 0, 12288, 11829, 287
2026/09/22 22:27:43.493, 0, 12288, 11829, 287
2026/09/22 22:27:43.700, 0, 12288, 11829, 287
2026/09/22 22:27:43.908, 0, 12288, 11829, 287
2026/09/22 22:27:44.114, 0, 12288, 11829, 287
2026/09/22 22:27:44.322, 0, 12288, 11829, 287
2026/09/22 22:27:44.529, 0, 12288, 11829, 287
2026/09/22 22:27:44.737, 0, 12288, 11829, 287
2026/09/22 22:27:44.944, 0, 12288, 11829, 287
2026/09/22 22:27:45.152, 0, 12288, 11829, 287
2026/09/22 22:27:45.360, 0, 12288, 11829, 287
2026/09/22 22:27:45.568, 0, 12288, 11829, 287
2026/09/22 22:27:45.776, 0, 12288, 11829, 287
2026/09/22 22:27:45.984, 0, 12288, 11829, 287
2026/09/22 22:27:46.189, 0, 12288, 11829, 287
2026/09/22 22:27:46.392, 0, 12288, 11829, 287
2026/09/22 22:27:46.601, 0, 12288, 11829, 287
2026/09/22 22:27:46.809, 0, 12288, 11829, 287
2026/09/22 22:27:47.017, 0, 12288, 11829, 287
2026/09/22 22:27:47.225, 0, 12288, 11829, 287
2026/09/22 22:27:47.430, 0, 12288, 11829, 287
2026/09/22 22:27:47.636, 0, 12288, 11829, 287
2026/09/22 22:27:47.844, 0, 12288, 11829, 287
2026/09/22 22:27:48.048, 0, 12288, 11829, 287
2026/09/22 22:27:48.256, 0, 12288, 11829, 287
2026/09/22 22:27:48.463, 0, 12288, 11829, 287
2026/09/22 22:27:48.672, 0, 12288, 11829, 287
2026/09/22 22:27:48.879, 0, 12288, 11829, 287
2026/09/22 22:27:49.087, 0, 12288, 11829, 287
2026/09/22 22:27:49.295, 0, 12288, 11829, 287
2026/09/22 22:27:49.502, 0, 12288, 11829, 287
2026/09/22 22:27:49.706, 0, 12288, 11829, 287
2026/09/22 22:27:49.913, 0, 12288, 11829, 287
2026/09/22 22:27:50.121, 0, 12288, 11829, 287
2026/09/22 22:27:50.328, 0, 12288, 11829, 287
2026/09/22 22:27:50.535, 0, 12288, 11829, 287
2026/09/22 22:27:50.743, 0, 12288, 11829, 287
2026/09/22 22:27:50.951, 0, 12288, 11829, 287
2026/09/22 22:27:51.158, 0, 12288, 11829, 287
2026/09/22 22:27:51.364, 0, 12288, 11829, 287
2026/09/22 22:27:51.571, 0, 12288, 11829, 287
2026/09/22 22:27:51.779, 0, 12288, 11829, 287
2026/09/22 22:27:51.986, 0, 12288, 11829, 287
2026/09/22 22:27:52.190, 0, 12288, 11829, 287
2026/09/22 22:27:52.398, 0, 12288, 11829, 287
2026/09/22 22:27:52.604, 0, 12288, 11829, 287
2026/09/22 22:27:52.811, 0, 12288, 11829, 287
2026/09/22 22:27:53.016, 0, 12288, 11829, 287
2026/09/22 22:27:53.222, 0, 12288, 11829, 287
2026/09/22 22:27:53.430, 0, 12288, 11829, 287
2026/09/22 22:27:53.638, 0, 12288, 11829, 287
2026/09/22 22:27:53.845, 0, 12288, 11829, 287
2026/09/22 22:27:54.051, 0, 12288, 11829, 287
2026/09/22 22:27:54.258, 0, 12288, 11829, 287
2026/09/22 22:27:54.465, 0, 12288, 11829, 287
2026/09/22 22:27:54.672, 0, 12288, 11829, 287
2026/09/22 22:27:54.878, 0, 12288, 11829, 287
2026/09/22 22:27:55.086, 0, 12288, 11829, 287
2026/09/22 22:27:55.294, 0, 12288, 11829, 287
2026/09/22 22:27:55.501, 0, 12288, 11829, 287
2026/09/22 22:27:55.705, 0, 12288, 11829, 287
2026/09/22 22:27:55.908, 0, 12288, 11829, 287
2026/09/22 22:27:56.115, 0, 12288, 11829, 287
2026/09/22 22:27:56.323, 0, 12288, 11829, 287
2026/09/22 22:27:56.531, 0, 12288, 11829, 287
2026/09/22 22:27:56.738, 0, 12288, 11829, 287
2026/09/22 22:27:56.944, 0, 12288, 11829, 287
2026/09/22 22:27:57.152, 0, 12288, 11829, 287
2026/09/22 22:27:57.360, 0, 12288, 11829, 287
2026/09/22 22:27:57.567, 0, 12288, 11829, 287
2026/09/22 22:27:57.773, 0, 12288, 11829, 287
2026/09/22 22:27:57.981, 0, 12288, 11829, 287
2026/09/22 22:27:58.188, 0, 12288, 11829, 287
2026/09/22 22:27:58.392, 0, 12288, 11829, 287
2026/09/22 22:27:58.598, 0, 12288, 11829, 287
2026/09/22 22:27:58.802, 0, 12288, 11829, 287
2026/09/22 22:27:59.008, 0, 12288, 11829, 287
2026/09/22 22:27:59.216, 0, 12288, 11829, 287
2026/09/22 22:27:59.422, 0, 12288, 11829, 287
2026/09/22 22:27:59.629, 0, 12288, 11829, 287
2026/09/22 22:27:59.836, 0, 12288, 11829, 287
2026/09/22 22:28:00.042, 0, 12288, 11829, 287
2026/09/22 22:28:00.247, 0, 12288, 11829, 287
2026/09/22 22:28:00.454, 0, 12288, 11829, 287
2026/09/22 22:28:00.661, 0, 12288, 11829, 287
2026/09/22 22:28:00.866, 0, 12288, 11829, 287
2026/09/22 22:28:01.073, 0, 12288, 11829, 287
2026/09/22 22:28:01.281, 0, 12288, 11829, 287
2026/09/22 22:28:01.486, 0, 12288, 11829, 287
2026/09/22 22:28:01.694, 0, 12288, 11829, 287
2026/09/22 22:28:01.901, 0, 12288, 11829, 287
2026/09/22 22:28:02.109, 0, 12288, 11829, 287
2026/09/22 22:28:02.315, 0, 12288, 11829, 287
2026/09/22 22:28:02.519, 0, 12288, 11829, 287
2026/09/22 22:28:02.725, 0, 12288, 11829, 287
2026/09/22 22:28:02.932, 0, 12288, 11829, 287
2026/09/22 22:28:03.139, 0, 12288, 11829, 287
2026/09/22 22:28:03.345, 0, 12288, 11829, 287
2026/09/22 22:28:03.550, 0, 12288, 11829, 287
2026/09/22 22:28:03.756, 0, 12288, 11829, 287
2026/09/22 22:28:03.963, 0, 12288, 11829, 287
2026/09/22 22:28:04.171, 0, 12288, 11829, 287
2026/09/22 22:28:04.376, 0, 12288, 11829, 287
2026/09/22 22:28:04.581, 0, 12288, 11829, 287
2026/09/22 22:28:04.786, 0, 12288, 11829, 287
2026/09/22 22:28:04.992, 0, 12288, 11829, 287
2026/09/22 22:28:05.200, 0, 12288, 11829, 287
2026/09/22 22:28:05.407, 0, 12288, 11829, 287
2026/09/22 22:28:05.614, 0, 12288, 11829, 287
2026/09/22 22:28:05.822, 0, 12288, 11829, 287
2026/09/22 22:28:06.028, 0, 12288, 11829, 287
2026/09/22 22:28:06.235, 0, 12288, 11829, 287
2026/09/22 22:28:06.443, 0, 12288, 11829, 287
2026/09/22 22:28:06.650, 0, 12288, 11829, 287
2026/09/22 22:28:06.857, 0, 12288, 11829, 287
2026/09/22 22:28:07.064, 0, 12288, 11829, 287
2026/09/22 22:28:07.272, 0, 12288, 11829, 287
2026/09/22 22:28:07.479, 0, 12288, 11829, 287
2026/09/22 22:28:07.686, 0, 12288, 11829, 287
2026/09/22 22:28:07.893, 0, 12288, 11829, 287
2026/09/22 22:28:08.101, 0, 12288, 11829, 287
2026/09/22 22:28:08.309, 0, 12288, 11829, 287
2026/09/22 22:28:08.516, 0, 12288, 11829, 287
2026/09/22 22:28:08.720, 0, 12288, 11829, 287
2026/09/22 22:28:08.928, 0, 12288, 11829, 287
2026/09/22 22:28:09.135, 0, 12288, 11829, 287
2026/09/22 22:28:09.342, 0, 12288, 11829, 287
2026/09/22 22:28:09.549, 0, 12288, 11829, 287
2026/09/22 22:28:09.756, 0, 12288, 11829, 287
2026/09/22 22:28:09.963, 0, 12288, 11829, 287
2026/09/22 22:28:10.171, 0, 12288, 11829, 287
2026/09/22 22:28:10.379, 0, 12288, 11829, 287
2026/09/22 22:28:10.584, 0, 12288, 11829, 287
2026/09/22 22:28:10.789, 0, 12288, 11829, 287
2026/09/22 22:28:10.997, 0, 12288, 11829, 287
2026/09/22 22:28:11.204, 0, 12288, 11829, 287
2026/09/22 22:28:11.408, 0, 12288, 11829, 287
2026/09/22 22:28:11.612, 0, 12288, 11829, 287
2026/09/22 22:28:11.818, 0, 12288, 11829, 287
2026/09/22 22:28:12.024, 0, 12288, 11829, 287
2026/09/22 22:28:12.232, 0, 12288, 11829, 287
2026/09/22 22:28:12.439, 0, 12288, 11829, 287
2026/09/22 22:28:12.647, 0, 12288, 11829, 287
2026/09/22 22:28:12.853, 0, 12288, 11829, 287
2026/09/22 22:28:13.059, 0, 12288, 11829, 287
2026/09/22 22:28:13.267, 0, 12288, 11829, 287
2026/09/22 22:28:13.474, 0, 12288, 11829, 287
2026/09/22 22:28:13.682, 0, 12288, 11829, 287
2026/09/22 22:28:13.889, 0, 12288, 11829, 287
2026/09/22 22:28:14.096, 0, 12288, 11829, 287
2026/09/22 22:28:14.303, 0, 12288, 11829, 287
2026/09/22 22:28:14.511, 0, 12288, 11829, 287
2026/09/22 22:28:14.718, 0, 12288, 11829, 287
2026/09/22 22:28:14.924, 0, 12288, 11829, 287
2026/09/22 22:28:15.130, 0, 12288, 11829, 287
2026/09/22 22:28:15.338, 0, 12288, 11829, 287
2026/09/22 22:28:15.544, 0, 12288, 11829, 287
2026/09/22 22:28:15.751, 0, 12288, 11829, 287
2026/09/22 22:28:15.959, 0, 12288, 11829, 287
2026/09/22 22:28:16.166, 0, 12288, 11829, 287
2026/09/22 22:28:16.373, 0, 12288, 11829, 287
2026/09/22 22:28:16.580, 0, 12288, 11829, 287
2026/09/22 22:28:16.787, 0, 12288, 11829, 287
2026/09/22 22:28:16.995, 0, 12288, 11829, 287
2026/09/22 22:28:17.202, 0, 12288, 11829, 287
2026/09/22 22:28:17.410, 0, 12288, 11829, 287
2026/09/22 22:28:17.616, 0, 12288, 11831, 285
2026/09/22 22:28:17.823, 0, 12288, 11831, 285
2026/09/22 22:28:18.030, 0, 12288, 11831, 285
2026/09/22 22:28:18.236, 0, 12288, 11831, 285
2026/09/22 22:28:18.441, 0, 12288, 11831, 285
2026/09/22 22:28:18.648, 0, 12288, 11831, 285
2026/09/22 22:28:18.856, 0, 12288, 11831, 285
2026/09/22 22:28:19.062, 0, 12288, 11831, 285
2026/09/22 22:28:19.268, 0, 12288, 11831, 285
2026/09/22 22:28:19.476, 0, 12288, 11831, 285
2026/09/22 22:28:19.684, 0, 12288, 11831, 285
2026/09/22 22:28:19.889, 0, 12288, 11831, 285
2026/09/22 22:28:20.096, 0, 12288, 11831, 285
2026/09/22 22:28:20.304, 0, 12288, 11831, 285
2026/09/22 22:28:20.512, 0, 12288, 11831, 285
2026/09/22 22:28:20.719, 0, 12288, 11831, 285
2026/09/22 22:28:20.927, 0, 12288, 11831, 285
2026/09/22 22:28:21.132, 0, 12288, 11831, 285
2026/09/22 22:28:21.340, 0, 12288, 11831, 285
2026/09/22 22:28:21.548, 0, 12288, 11831, 285
2026/09/22 22:28:21.755, 0, 12288, 11831, 285
2026/09/22 22:28:21.962, 0, 12288, 11831, 285
2026/09/22 22:28:22.169, 0, 12288, 11831, 285
2026/09/22 22:28:22.376, 0, 12288, 11831, 285
2026/09/22 22:28:22.583, 0, 12288, 11831, 285
2026/09/22 22:28:22.791, 0, 12288, 11831, 285
2026/09/22 22:28:22.998, 0, 12288, 11831, 285
2026/09/22 22:28:23.205, 0, 12288, 11831, 285
2026/09/22 22:28:23.411, 0, 12288, 11831, 285
2026/09/22 22:28:23.618, 0, 12288, 11831, 285
2026/09/22 22:28:23.826, 0, 12288, 11831, 285
2026/09/22 22:28:24.033, 0, 12288, 11831, 285
2026/09/22 22:28:24.241, 0, 12288, 11831, 285
2026/09/22 22:28:24.448, 0, 12288, 11831, 285
2026/09/22 22:28:24.653, 0, 12288, 11831, 285
2026/09/22 22:28:24.861, 0, 12288, 11831, 285
2026/09/22 22:28:25.068, 0, 12288, 11831, 285
2026/09/22 22:28:25.276, 0, 12288, 11831, 285
2026/09/22 22:28:25.483, 0, 12288, 11831, 285
2026/09/22 22:28:25.689, 0, 12288, 11831, 285
2026/09/22 22:28:25.897, 0, 12288, 11831, 285
2026/09/22 22:28:26.105, 0, 12288, 11831, 285
2026/09/22 22:28:26.313, 0, 12288, 11831, 285
2026/09/22 22:28:26.520, 0, 12288, 11831, 285
2026/09/22 22:28:26.728, 0, 12288, 11831, 285
2026/09/22 22:28:26.936, 0, 12288, 11831, 285
2026/09/22 22:28:27.143, 0, 12288, 11831, 285
2026/09/22 22:28:27.350, 0, 12288, 11831, 285
2026/09/22 22:28:27.557, 0, 12288, 11831, 285
2026/09/22 22:28:27.764, 0, 12288, 11831, 285
2026/09/22 22:28:27.971, 0, 12288, 11831, 285
2026/09/22 22:28:28.179, 0, 12288, 11831, 285
2026/09/22 22:28:28.385, 0, 12288, 11831, 285
2026/09/22 22:28:28.593, 0, 12288, 11831, 285
2026/09/22 22:28:28.800, 0, 12288, 11831, 285
2026/09/22 22:28:29.008, 0, 12288, 11831, 285
2026/09/22 22:28:29.214, 0, 12288, 11831, 285
2026/09/22 22:28:29.422, 0, 12288, 11831, 285
2026/09/22 22:28:29.630, 0, 12288, 11831, 285
2026/09/22 22:28:29.837, 0, 12288, 11831, 285
2026/09/22 22:28:30.044, 0, 12288, 11831, 285
2026/09/22 22:28:30.252, 0, 12288, 11831, 285
2026/09/22 22:28:30.457, 0, 12288, 11831, 285
2026/09/22 22:28:30.664, 0, 12288, 11831, 285
2026/09/22 22:28:30.872, 0, 12288, 11831, 285
2026/09/22 22:28:31.077, 0, 12288, 11831, 285
2026/09/22 22:28:31.285, 0, 12288, 11831, 285
2026/09/22 22:28:31.492, 0, 12288, 11831, 285
2026/09/22 22:28:31.700, 0, 12288, 11831, 285
2026/09/22 22:28:31.908, 0, 12288, 11831, 285
2026/09/22 22:28:32.115, 0, 12288, 11831, 285
2026/09/22 22:28:32.323, 0, 12288, 11831, 285
2026/09/22 22:28:32.531, 0, 12288, 11831, 285
2026/09/22 22:28:32.738, 0, 12288, 11831, 285
2026/09/22 22:28:32.946, 0, 12288, 11831, 285
2026/09/22 22:28:33.154, 0, 12288, 11831, 285
2026/09/22 22:28:33.361, 0, 12288, 11831, 285
2026/09/22 22:28:33.567, 0, 12288, 11831, 285
2026/09/22 22:28:33.774, 0, 12288, 11831, 285
2026/09/22 22:28:33.978, 0, 12288, 11831, 285
2026/09/22 22:28:34.184, 0, 12288, 11831, 285
2026/09/22 22:28:34.392, 0, 12288, 11831, 285
2026/09/22 22:28:34.599, 0, 12288, 11831, 285
2026/09/22 22:28:34.807, 0, 12288, 11831, 285
2026/09/22 22:28:35.014, 0, 12288, 11831, 285
2026/09/22 22:28:35.220, 0, 12288, 11831, 285
2026/09/22 22:28:35.428, 0, 12288, 11831, 285
2026/09/22 22:28:35.634, 0, 12288, 11831, 285
2026/09/22 22:28:35.841, 0, 12288, 11831, 285
2026/09/22 22:28:36.049, 0, 12288, 11831, 285
2026/09/22 22:28:36.255, 0, 12288, 11831, 285
2026/09/22 22:28:36.463, 0, 12288, 11831, 285
2026/09/22 22:28:36.669, 0, 12288, 11831, 285
2026/09/22 22:28:36.877, 0, 12288, 11831, 285
2026/09/22 22:28:37.083, 0, 12288, 11831, 285
2026/09/22 22:28:37.289, 0, 12288, 11831, 285
2026/09/22 22:28:37.493, 0, 12288, 11831, 285
2026/09/22 22:28:37.700, 0, 12288, 11831, 285
2026/09/22 22:28:37.908, 0, 12288, 11831, 285
2026/09/22 22:28:38.116, 0, 12288, 11831, 285
2026/09/22 22:28:38.323, 0, 12288, 11831, 285
2026/09/22 22:28:38.529, 0, 12288, 11831, 285
2026/09/22 22:28:38.736, 0, 12288, 11831, 285
2026/09/22 22:28:38.944, 0, 12288, 11831, 285
2026/09/22 22:28:39.150, 0, 12288, 11831, 285
2026/09/22 22:28:39.358, 0, 12288, 11831, 285
2026/09/22 22:28:39.565, 0, 12288, 11831, 285
2026/09/22 22:28:39.773, 0, 12288, 11831, 285
2026/09/22 22:28:39.981, 0, 12288, 11831, 285
2026/09/22 22:28:40.187, 0, 12288, 11831, 285
2026/09/22 22:28:40.395, 0, 12288, 11831, 285
2026/09/22 22:28:40.603, 0, 12288, 11831, 285
2026/09/22 22:28:40.811, 0, 12288, 11831, 285
2026/09/22 22:28:41.018, 0, 12288, 11831, 285
2026/09/22 22:28:41.225, 0, 12288, 11831, 285
2026/09/22 22:28:41.432, 0, 12288, 11831, 285
2026/09/22 22:28:41.640, 0, 12288, 11831, 285
2026/09/22 22:28:41.847, 0, 12288, 11831, 285
2026/09/22 22:28:42.053, 0, 12288, 11831, 285
2026/09/22 22:28:42.261, 0, 12288, 11831, 285
2026/09/22 22:28:42.468, 0, 12288, 11831, 285
2026/09/22 22:28:42.674, 0, 12288, 11831, 285
2026/09/22 22:28:42.880, 0, 12288, 11831, 285
2026/09/22 22:28:43.087, 0, 12288, 11831, 285
2026/09/22 22:28:43.292, 0, 12288, 11831, 285
2026/09/22 22:28:43.500, 0, 12288, 11831, 285
2026/09/22 22:28:43.705, 0, 12288, 11831, 285
2026/09/22 22:28:43.912, 0, 12288, 11831, 285
2026/09/22 22:28:44.121, 0, 12288, 11831, 285
2026/09/22 22:28:44.329, 0, 12288, 11831, 285
2026/09/22 22:28:44.534, 0, 12288, 11831, 285
2026/09/22 22:28:44.741, 0, 12288, 11831, 285
2026/09/22 22:28:44.949, 0, 12288, 11831, 285
2026/09/22 22:28:45.156, 0, 12288, 11831, 285
2026/09/22 22:28:45.362, 0, 12288, 11831, 285
2026/09/22 22:28:45.570, 0, 12288, 11831, 285
2026/09/22 22:28:45.775, 0, 12288, 11831, 285
2026/09/22 22:28:45.983, 0, 12288, 11831, 285
2026/09/22 22:28:46.190, 0, 12288, 11831, 285
2026/09/22 22:28:46.397, 0, 12288, 11831, 285
2026/09/22 22:28:46.603, 0, 12288, 11831, 285
2026/09/22 22:28:46.808, 0, 12288, 11831, 285
2026/09/22 22:28:47.016, 0, 12288, 11831, 285
2026/09/22 22:28:47.224, 0, 12288, 11831, 285
2026/09/22 22:28:47.432, 0, 12288, 11831, 285
2026/09/22 22:28:47.639, 0, 12288, 11831, 285
2026/09/22 22:28:47.844, 0, 12288, 11831, 285
2026/09/22 22:28:48.051, 0, 12288, 11831, 285
2026/09/22 22:28:48.257, 0, 12288, 11831, 285
2026/09/22 22:28:48.465, 0, 12288, 11831, 285
2026/09/22 22:28:48.673, 0, 12288, 11831, 285
2026/09/22 22:28:48.877, 0, 12288, 11831, 285
2026/09/22 22:28:49.084, 0, 12288, 11831, 285
2026/09/22 22:28:49.292, 0, 12288, 11831, 285
2026/09/22 22:28:49.499, 0, 12288, 11831, 285
2026/09/22 22:28:49.706, 0, 12288, 11831, 285
2026/09/22 22:28:49.914, 0, 12288, 11831, 285
2026/09/22 22:28:50.122, 0, 12288, 11831, 285
2026/09/22 22:28:50.330, 0, 12288, 11831, 285
2026/09/22 22:28:50.538, 0, 12288, 11831, 285
2026/09/22 22:28:50.746, 0, 12288, 11831, 285
2026/09/22 22:28:50.953, 0, 12288, 11831, 285
2026/09/22 22:28:51.160, 0, 12288, 11831, 285
2026/09/22 22:28:51.367, 0, 12288, 11831, 285
2026/09/22 22:28:51.574, 0, 12288, 11831, 285
2026/09/22 22:28:51.797, 0, 12288, 11831, 285
2026/09/22 22:28:52.005, 0, 12288, 11831, 285
2026/09/22 22:28:52.213, 0, 12288, 11831, 285
2026/09/22 22:28:52.419, 0, 12288, 11831, 285
2026/09/22 22:28:52.627, 0, 12288, 11831, 285
2026/09/22 22:28:52.834, 0, 12288, 11831, 285
2026/09/22 22:28:53.041, 0, 12288, 11831, 285
2026/09/22 22:28:53.249, 0, 12288, 11831, 285
2026/09/22 22:28:53.455, 0, 12288, 11831, 285
2026/09/22 22:28:53.663, 0, 12288, 11831, 285
2026/09/22 22:28:53.870, 0, 12288, 11831, 285
2026/09/22 22:28:54.078, 0, 12288, 11831, 285
2026/09/22 22:28:54.285, 0, 12288, 11831, 285
2026/09/22 22:28:54.492, 0, 12288, 11831, 285
2026/09/22 22:28:54.697, 0, 12288, 11831, 285
2026/09/22 22:28:54.904, 0, 12288, 11831, 285
2026/09/22 22:28:55.111, 0, 12288, 11831, 285
2026/09/22 22:28:55.319, 0, 12288, 11831, 285
2026/09/22 22:28:55.526, 0, 12288, 11831, 285
2026/09/22 22:28:55.734, 0, 12288, 11831, 285
2026/09/22 22:28:55.939, 0, 12288, 11831, 285
2026/09/22 22:28:56.146, 0, 12288, 11831, 285
2026/09/22 22:28:56.354, 0, 12288, 11831, 285
2026/09/22 22:28:56.562, 0, 12288, 11831, 285
2026/09/22 22:28:56.770, 0, 12288, 11831, 285
2026/09/22 22:28:56.976, 0, 12288, 11831, 285
2026/09/22 22:28:57.182, 0, 12288, 11831, 285
2026/09/22 22:28:57.390, 0, 12288, 11831, 285
2026/09/22 22:28:57.598, 0, 12288, 11831, 285
2026/09/22 22:28:57.805, 0, 12288, 11831, 285
2026/09/22 22:28:58.012, 0, 12288, 11831, 285
2026/09/22 22:28:58.220, 0, 12288, 11831, 285
2026/09/22 22:28:58.427, 0, 12288, 11831, 285
2026/09/22 22:28:58.635, 0, 12288, 11831, 285
2026/09/22 22:28:58.840, 0, 12288, 11831, 285
2026/09/22 22:28:59.048, 0, 12288, 11831, 285
2026/09/22 22:28:59.255, 0, 12288, 11831, 285
2026/09/22 22:28:59.463, 0, 12288, 11831, 285
2026/09/22 22:28:59.671, 0, 12288, 11831, 285
2026/09/22 22:28:59.878, 0, 12288, 11831, 285
2026/09/22 22:29:00.085, 0, 12288, 11831, 285
2026/09/22 22:29:00.293, 0, 12288, 11831, 285
2026/09/22 22:29:00.501, 0, 12288, 11831, 285
2026/09/22 22:29:00.709, 0, 12288, 11831, 285
2026/09/22 22:29:00.917, 0, 12288, 11831, 285
2026/09/22 22:29:01.124, 0, 12288, 11831, 285
2026/09/22 22:29:01.331, 0, 12288, 11831, 285
2026/09/22 22:29:01.538, 0, 12288, 11831, 285
2026/09/22 22:29:01.744, 0, 12288, 11831, 285
2026/09/22 22:29:01.952, 0, 12288, 11831, 285
2026/09/22 22:29:02.159, 0, 12288, 11831, 285
2026/09/22 22:29:02.367, 0, 12288, 11831, 285
2026/09/22 22:29:02.574, 0, 12288, 11831, 285
2026/09/22 22:29:02.781, 0, 12288, 11831, 285
2026/09/22 22:29:02.986, 0, 12288, 11831, 285
2026/09/22 22:29:03.192, 0, 12288, 11831, 285
2026/09/22 22:29:03.397, 0, 12288, 11831, 285
2026/09/22 22:29:03.605, 0, 12288, 11831, 285
2026/09/22 22:29:03.813, 0, 12288, 11831, 285
2026/09/22 22:29:04.019, 0, 12288, 11831, 285
2026/09/22 22:29:04.225, 0, 12288, 11831, 285
2026/09/22 22:29:04.431, 0, 12288, 11831, 285
2026/09/22 22:29:04.639, 0, 12288, 11831, 285
2026/09/22 22:29:04.845, 0, 12288, 11831, 285
2026/09/22 22:29:05.052, 0, 12288, 11831, 285
2026/09/22 22:29:05.260, 0, 12288, 11831, 285
2026/09/22 22:29:05.467, 0, 12288, 11831, 285
2026/09/22 22:29:05.673, 0, 12288, 11831, 285
2026/09/22 22:29:05.880, 0, 12288, 11831, 285
2026/09/22 22:29:06.088, 0, 12288, 11831, 285
2026/09/22 22:29:06.294, 0, 12288, 11831, 285
2026/09/22 22:29:06.500, 0, 12288, 11831, 285
2026/09/22 22:29:06.708, 0, 12288, 11831, 285
2026/09/22 22:29:06.915, 0, 12288, 11831, 285
2026/09/22 22:29:07.120, 0, 12288, 11831, 285
2026/09/22 22:29:07.328, 0, 12288, 11831, 285
2026/09/22 22:29:07.535, 0, 12288, 11831, 285
2026/09/22 22:29:07.742, 0, 12288, 11831, 285
2026/09/22 22:29:07.949, 0, 12288, 11831, 285
2026/09/22 22:29:08.156, 0, 12288, 11831, 285
2026/09/22 22:29:08.363, 0, 12288, 11831, 285
2026/09/22 22:29:08.568, 0, 12288, 11831, 285
2026/09/22 22:29:08.776, 0, 12288, 11831, 285
2026/09/22 22:29:08.983, 0, 12288, 11831, 285
2026/09/22 22:29:09.190, 0, 12288, 11831, 285
2026/09/22 22:29:09.397, 0, 12288, 11831, 285
2026/09/22 22:29:09.603, 0, 12288, 11831, 285
2026/09/22 22:29:09.811, 0, 12288, 11831, 285
2026/09/22 22:29:10.019, 0, 12288, 11831, 285
2026/09/22 22:29:10.223, 0, 12288, 11831, 285
2026/09/22 22:29:10.431, 0, 12288, 11831, 285
2026/09/22 22:29:10.639, 0, 12288, 11831, 285
2026/09/22 22:29:10.847, 0, 12288, 11831, 285
2026/09/22 22:29:11.053, 0, 12288, 11831, 285
2026/09/22 22:29:11.260, 0, 12288, 11831, 285
2026/09/22 22:29:11.469, 0, 12288, 11831, 285
2026/09/22 22:29:11.677, 0, 12288, 11831, 285
2026/09/22 22:29:11.883, 0, 12288, 11831, 285
2026/09/22 22:29:12.091, 0, 12288, 11831, 285
2026/09/22 22:29:12.298, 0, 12288, 11831, 285
2026/09/22 22:29:12.506, 0, 12288, 11831, 285
2026/09/22 22:29:12.714, 0, 12288, 11831, 285
2026/09/22 22:29:12.921, 0, 12288, 11831, 285
2026/09/22 22:29:13.128, 0, 12288, 11831, 285
2026/09/22 22:29:13.334, 0, 12288, 11831, 285
2026/09/22 22:29:13.542, 0, 12288, 11831, 285
2026/09/22 22:29:13.749, 0, 12288, 11831, 285
2026/09/22 22:29:13.956, 0, 12288, 11831, 285
2026/09/22 22:29:14.163, 0, 12288, 11831, 285
2026/09/22 22:29:14.371, 0, 12288, 11831, 285
2026/09/22 22:29:14.579, 0, 12288, 11831, 285
2026/09/22 22:29:14.786, 0, 12288, 11831, 285
2026/09/22 22:29:14.994, 0, 12288, 11831, 285
2026/09/22 22:29:15.200, 0, 12288, 11831, 285
2026/09/22 22:29:15.407, 0, 12288, 11831, 285
2026/09/22 22:29:15.613, 0, 12288, 11831, 285
2026/09/22 22:29:15.821, 0, 12288, 11831, 285
2026/09/22 22:29:16.029, 0, 12288, 11831, 285
2026/09/22 22:29:16.237, 0, 12288, 11831, 285
2026/09/22 22:29:16.443, 0, 12288, 11831, 285
2026/09/22 22:29:16.649, 0, 12288, 11831, 285
2026/09/22 22:29:16.856, 0, 12288, 11831, 285
2026/09/22 22:29:17.063, 0, 12288, 11831, 285
2026/09/22 22:29:17.271, 0, 12288, 11831, 285
2026/09/22 22:29:17.478, 0, 12288, 11831, 285
2026/09/22 22:29:17.686, 0, 12288, 11831, 285
2026/09/22 22:29:17.893, 0, 12288, 11831, 285
2026/09/22 22:29:18.099, 0, 12288, 11831, 285
2026/09/22 22:29:18.305, 0, 12288, 11831, 285
2026/09/22 22:29:18.511, 0, 12288, 11831, 285
2026/09/22 22:29:18.719, 0, 12288, 11831, 285
2026/09/22 22:29:18.924, 0, 12288, 11831, 285
2026/09/22 22:29:19.129, 0, 12288, 11831, 285
2026/09/22 22:29:19.336, 0, 12288, 11831, 285
2026/09/22 22:29:19.541, 0, 12288, 11831, 285
2026/09/22 22:29:19.749, 0, 12288, 11831, 285
2026/09/22 22:29:19.957, 0, 12288, 11831, 285
2026/09/22 22:29:20.164, 0, 12288, 11831, 285
2026/09/22 22:29:20.370, 0, 12288, 11831, 285
2026/09/22 22:29:20.577, 0, 12288, 11831, 285
2026/09/22 22:29:20.783, 0, 12288, 11831, 285
2026/09/22 22:29:20.991, 0, 12288, 11831, 285
2026/09/22 22:29:21.199, 0, 12288, 11831, 285
2026/09/22 22:29:21.407, 0, 12288, 11831, 285
2026/09/22 22:29:21.614, 0, 12288, 11831, 285
2026/09/22 22:29:21.822, 0, 12288, 11831, 285
2026/09/22 22:29:22.030, 0, 12288, 11831, 285
2026/09/22 22:29:22.238, 0, 12288, 11831, 285
2026/09/22 22:29:22.446, 0, 12288, 11831, 285
2026/09/22 22:29:22.652, 0, 12288, 11831, 285
2026/09/22 22:29:22.860, 0, 12288, 11831, 285
2026/09/22 22:29:23.066, 0, 12288, 11831, 285
2026/09/22 22:29:23.273, 0, 12288, 11831, 285
2026/09/22 22:29:23.481, 0, 12288, 11831, 285
2026/09/22 22:29:23.689, 0, 12288, 11831, 285
2026/09/22 22:29:23.897, 0, 12288, 11831, 285
2026/09/22 22:29:24.105, 0, 12288, 11831, 285
2026/09/22 22:29:24.312, 0, 12288, 11831, 285
2026/09/22 22:29:24.518, 0, 12288, 11831, 285
2026/09/22 22:29:24.725, 0, 12288, 11831, 285
2026/09/22 22:29:24.931, 0, 12288, 11831, 285
2026/09/22 22:29:25.139, 0, 12288, 11831, 285
2026/09/22 22:29:25.345, 0, 12288, 11831, 285
2026/09/22 22:29:25.553, 0, 12288, 11831, 285
2026/09/22 22:29:25.761, 0, 12288, 11831, 285
2026/09/22 22:29:25.969, 0, 12288, 11831, 285
2026/09/22 22:29:26.176, 0, 12288, 11831, 285
2026/09/22 22:29:26.384, 0, 12288, 11831, 285
2026/09/22 22:29:26.592, 0, 12288, 11831, 285
2026/09/22 22:29:26.799, 0, 12288, 11831, 285
2026/09/22 22:29:27.007, 0, 12288, 11831, 285
2026/09/22 22:29:27.215, 0, 12288, 11831, 285
2026/09/22 22:29:27.422, 0, 12288, 11831, 285
2026/09/22 22:29:27.629, 0, 12288, 11831, 285
2026/09/22 22:29:27.836, 0, 12288, 11831, 285
2026/09/22 22:29:28.043, 0, 12288, 11831, 285
2026/09/22 22:29:28.250, 0, 12288, 11831, 285
2026/09/22 22:29:28.457, 0, 12288, 11831, 285
2026/09/22 22:29:28.664, 0, 12288, 11831, 285
2026/09/22 22:29:28.872, 0, 12288, 11831, 285
2026/09/22 22:29:29.080, 0, 12288, 11831, 285
2026/09/22 22:29:29.286, 0, 12288, 11831, 285
2026/09/22 22:29:29.493, 0, 12288, 11831, 285
2026/09/22 22:29:29.699, 0, 12288, 11831, 285
2026/09/22 22:29:29.907, 0, 12288, 11831, 285
2026/09/22 22:29:30.112, 0, 12288, 11831, 285
2026/09/22 22:29:30.320, 0, 12288, 11831, 285
2026/09/22 22:29:30.528, 0, 12288, 11831, 285
2026/09/22 22:29:30.735, 0, 12288, 11831, 285
2026/09/22 22:29:30.943, 0, 12288, 11831, 285
2026/09/22 22:29:31.150, 0, 12288, 11831, 285
2026/09/22 22:29:31.357, 0, 12288, 11831, 285
2026/09/22 22:29:31.565, 0, 12288, 11831, 285
2026/09/22 22:29:31.769, 0, 12288, 11831, 285
2026/09/22 22:29:31.977, 0, 12288, 11831, 285
2026/09/22 22:29:32.185, 0, 12288, 11831, 285
2026/09/22 22:29:32.392, 0, 12288, 11831, 285
2026/09/22 22:29:32.599, 0, 12288, 11831, 285
2026/09/22 22:29:32.805, 0, 12288, 11831, 285
2026/09/22 22:29:33.014, 0, 12288, 11831, 285
2026/09/22 22:29:33.221, 0, 12288, 11831, 285
2026/09/22 22:29:33.429, 0, 12288, 11831, 285
2026/09/22 22:29:33.637, 0, 12288, 11831, 285
2026/09/22 22:29:33.845, 0, 12288, 11831, 285
2026/09/22 22:29:34.066, 0, 12288, 11831, 285
2026/09/22 22:29:34.272, 0, 12288, 11831, 285
2026/09/22 22:29:34.479, 0, 12288, 11831, 285
2026/09/22 22:29:34.686, 0, 12288, 11831, 285
2026/09/22 22:29:34.893, 0, 12288, 11831, 285
2026/09/22 22:29:35.100, 0, 12288, 11831, 285
2026/09/22 22:29:35.305, 0, 12288, 11831, 285
2026/09/22 22:29:35.513, 0, 12288, 11831, 285
2026/09/22 22:29:35.720, 0, 12288, 11831, 285
2026/09/22 22:29:35.927, 0, 12288, 11831, 285
2026/09/22 22:29:36.135, 0, 12288, 11831, 285
2026/09/22 22:29:36.341, 0, 12288, 11831, 285
2026/09/22 22:29:36.548, 0, 12288, 11831, 285
2026/09/22 22:29:36.756, 0, 12288, 11831, 285
2026/09/22 22:29:36.963, 0, 12288, 11831, 285
2026/09/22 22:29:37.171, 0, 12288, 11831, 285
2026/09/22 22:29:37.377, 0, 12288, 11831, 285
2026/09/22 22:29:37.582, 0, 12288, 11831, 285
2026/09/22 22:29:37.789, 0, 12288, 11831, 285
2026/09/22 22:29:37.996, 0, 12288, 11831, 285
2026/09/22 22:29:38.204, 0, 12288, 11831, 285
2026/09/22 22:29:38.410, 0, 12288, 11831, 285
2026/09/22 22:29:38.617, 0, 12288, 11831, 285
2026/09/22 22:29:38.823, 0, 12288, 11831, 285
2026/09/22 22:29:39.029, 0, 12288, 11831, 285
2026/09/22 22:29:39.236, 0, 12288, 11831, 285
2026/09/22 22:29:39.444, 0, 12288, 11831, 285
2026/09/22 22:29:39.652, 0, 12288, 11831, 285
2026/09/22 22:29:39.860, 0, 12288, 11831, 285
2026/09/22 22:29:40.067, 0, 12288, 11831, 285
2026/09/22 22:29:40.274, 0, 12288, 11831, 285
2026/09/22 22:29:40.481, 0, 12288, 11831, 285
2026/09/22 22:29:40.689, 0, 12288, 11831, 285
2026/09/22 22:29:40.895, 0, 12288, 11831, 285
2026/09/22 22:29:41.101, 0, 12288, 11831, 285
2026/09/22 22:29:41.309, 0, 12288, 11831, 285
2026/09/22 22:29:41.516, 0, 12288, 11831, 285
2026/09/22 22:29:41.722, 0, 12288, 11831, 285
2026/09/22 22:29:41.930, 0, 12288, 11831, 285
2026/09/22 22:29:42.137, 0, 12288, 11831, 285
2026/09/22 22:29:42.345, 0, 12288, 11831, 285
2026/09/22 22:29:42.549, 0, 12288, 11831, 285
2026/09/22 22:29:42.756, 0, 12288, 11831, 285
2026/09/22 22:29:42.963, 0, 12288, 11831, 285
2026/09/22 22:29:43.168, 0, 12288, 11831, 285
2026/09/22 22:29:43.376, 0, 12288, 11831, 285
2026/09/22 22:29:43.580, 0, 12288, 11831, 285
2026/09/22 22:29:43.787, 0, 12288, 11831, 285
2026/09/22 22:29:43.995, 0, 12288, 11831, 285
2026/09/22 22:29:44.203, 0, 12288, 11831, 285
2026/09/22 22:29:44.408, 0, 12288, 11831, 285
2026/09/22 22:29:44.614, 0, 12288, 11831, 285
2026/09/22 22:29:44.821, 0, 12288, 11831, 285
2026/09/22 22:29:45.029, 0, 12288, 11831, 285
2026/09/22 22:29:45.237, 0, 12288, 11831, 285
2026/09/22 22:29:45.443, 0, 12288, 11831, 285
2026/09/22 22:29:45.651, 0, 12288, 11831, 285
2026/09/22 22:29:45.859, 0, 12288, 11831, 285
2026/09/22 22:29:46.065, 0, 12288, 11831, 285
2026/09/22 22:29:46.273, 0, 12288, 11831, 285
2026/09/22 22:29:46.480, 0, 12288, 11831, 285
2026/09/22 22:29:46.688, 0, 12288, 11831, 285
2026/09/22 22:29:46.896, 0, 12288, 11831, 285
2026/09/22 22:29:47.104, 0, 12288, 11831, 285
2026/09/22 22:29:47.312, 0, 12288, 11831, 285
2026/09/22 22:29:47.518, 0, 12288, 11831, 285
2026/09/22 22:29:47.726, 0, 12288, 11831, 285
2026/09/22 22:29:47.933, 0, 12288, 11831, 285
2026/09/22 22:29:48.139, 0, 12288, 11831, 285
2026/09/22 22:29:48.347, 0, 12288, 11831, 285
2026/09/22 22:29:48.555, 0, 12288, 11831, 285
2026/09/22 22:29:48.763, 0, 12288, 11831, 285
2026/09/22 22:29:48.968, 0, 12288, 11831, 285
2026/09/22 22:29:49.176, 0, 12288, 11831, 285
2026/09/22 22:29:49.383, 0, 12288, 11831, 285
2026/09/22 22:29:49.590, 0, 12288, 11831, 285
2026/09/22 22:29:49.798, 0, 12288, 11831, 285
2026/09/22 22:29:50.005, 0, 12288, 11831, 285
2026/09/22 22:29:50.213, 0, 12288, 11831, 285
2026/09/22 22:29:50.421, 0, 12288, 11831, 285
2026/09/22 22:29:50.629, 0, 12288, 11831, 285
2026/09/22 22:29:50.837, 0, 12288, 11831, 285
2026/09/22 22:29:51.045, 0, 12288, 11831, 285
2026/09/22 22:29:51.253, 0, 12288, 11831, 285
2026/09/22 22:29:51.459, 0, 12288, 11831, 285
2026/09/22 22:29:51.666, 0, 12288, 11831, 285
2026/09/22 22:29:51.873, 0, 12288, 11831, 285
2026/09/22 22:29:52.080, 0, 12288, 11831, 285
2026/09/22 22:29:52.287, 0, 12288, 11831, 285
2026/09/22 22:29:52.495, 0, 12288, 11831, 285
2026/09/22 22:29:52.701, 0, 12288, 11831, 285
2026/09/22 22:29:52.908, 0, 12288, 11831, 285
2026/09/22 22:29:53.116, 0, 12288, 11831, 285
2026/09/22 22:29:53.323, 0, 12288, 11831, 285
2026/09/22 22:29:53.531, 0, 12288, 11831, 285
2026/09/22 22:29:53.737, 0, 12288, 11831, 285
2026/09/22 22:29:53.944, 0, 12288, 11831, 285
2026/09/22 22:29:54.151, 0, 12288, 11831, 285
2026/09/22 22:29:54.359, 0, 12288, 11831, 285
2026/09/22 22:29:54.566, 0, 12288, 11831, 285
2026/09/22 22:29:54.773, 0, 12288, 11831, 285
2026/09/22 22:29:54.981, 0, 12288, 11831, 285
2026/09/22 22:29:55.188, 0, 12288, 11831, 285
2026/09/22 22:29:55.395, 0, 12288, 11831, 285
2026/09/22 22:29:55.602, 0, 12288, 11831, 285
2026/09/22 22:29:55.809, 0, 12288, 11831, 285
2026/09/22 22:29:56.017, 0, 12288, 11831, 285
2026/09/22 22:29:56.222, 0, 12288, 11831, 285
2026/09/22 22:29:56.430, 0, 12288, 11831, 285
2026/09/22 22:29:56.637, 0, 12288, 11831, 285
2026/09/22 22:29:56.844, 0, 12288, 11831, 285
2026/09/22 22:29:57.052, 0, 12288, 11831, 285
2026/09/22 22:29:57.260, 0, 12288, 11831, 285
2026/09/22 22:29:57.465, 0, 12288, 11831, 285
2026/09/22 22:29:57.673, 0, 12288, 11831, 285
2026/09/22 22:29:57.881, 0, 12288, 11831, 285
2026/09/22 22:29:58.088, 0, 12288, 11831, 285
2026/09/22 22:29:58.296, 0, 12288, 11831, 285
2026/09/22 22:29:58.502, 0, 12288, 11831, 285
2026/09/22 22:29:58.709, 0, 12288, 11831, 285
2026/09/22 22:29:58.917, 0, 12288, 11831, 285
2026/09/22 22:29:59.124, 0, 12288, 11831, 285
2026/09/22 22:29:59.331, 0, 12288, 11831, 285
2026/09/22 22:29:59.539, 0, 12288, 11831, 285
2026/09/22 22:29:59.747, 0, 12288, 11831, 285
2026/09/22 22:29:59.954, 0, 12288, 11831, 285
2026/09/22 22:30:00.162, 0, 12288, 11831, 285
2026/09/22 22:30:00.370, 0, 12288, 11831, 285
2026/09/22 22:30:00.577, 0, 12288, 11831, 285
2026/09/22 22:30:00.785, 0, 12288, 11831, 285
2026/09/22 22:30:00.993, 0, 12288, 11831, 285
2026/09/22 22:30:01.199, 0, 12288, 11831, 285
2026/09/22 22:30:01.406, 0, 12288, 11831, 285
2026/09/22 22:30:01.614, 0, 12288, 11831, 285
2026/09/22 22:30:01.821, 0, 12288, 11831, 285
2026/09/22 22:30:02.027, 0, 12288, 11831, 285
2026/09/22 22:30:02.235, 0, 12288, 11831, 285
2026/09/22 22:30:02.441, 0, 12288, 11831, 285
2026/09/22 22:30:02.648, 0, 12288, 11831, 285
2026/09/22 22:30:02.855, 0, 12288, 11831, 285
2026/09/22 22:30:03.062, 0, 12288, 11831, 285
2026/09/22 22:30:03.270, 0, 12288, 11831, 285
2026/09/22 22:30:03.476, 0, 12288, 11831, 285
2026/09/22 22:30:03.684, 0, 12288, 11831, 285
2026/09/22 22:30:03.891, 0, 12288, 11831, 285
2026/09/22 22:30:04.099, 0, 12288, 11831, 285
2026/09/22 22:30:04.307, 0, 12288, 11831, 285
2026/09/22 22:30:04.515, 0, 12288, 11831, 285
2026/09/22 22:30:04.723, 0, 12288, 11831, 285
2026/09/22 22:30:04.930, 0, 12288, 11831, 285
2026/09/22 22:30:05.137, 0, 12288, 11831, 285
2026/09/22 22:30:05.344, 0, 12288, 11831, 285
2026/09/22 22:30:05.551, 0, 12288, 11831, 285
2026/09/22 22:30:05.759, 0, 12288, 11831, 285
2026/09/22 22:30:05.965, 0, 12288, 11831, 285
2026/09/22 22:30:06.172, 0, 12288, 11831, 285
2026/09/22 22:30:06.378, 0, 12288, 11831, 285
2026/09/22 22:30:06.585, 0, 12288, 11831, 285
2026/09/22 22:30:06.791, 0, 12288, 11831, 285
2026/09/22 22:30:06.999, 0, 12288, 11831, 285
2026/09/22 22:30:07.204, 0, 12288, 11831, 285
2026/09/22 22:30:07.412, 0, 12288, 11831, 285
2026/09/22 22:30:07.620, 0, 12288, 11831, 285
2026/09/22 22:30:07.827, 0, 12288, 11831, 285
2026/09/22 22:30:08.032, 0, 12288, 11831, 285
2026/09/22 22:30:08.240, 0, 12288, 11831, 285
2026/09/22 22:30:08.448, 0, 12288, 11831, 285
2026/09/22 22:30:08.655, 0, 12288, 11831, 285
2026/09/22 22:30:08.863, 0, 12288, 11831, 285
2026/09/22 22:30:09.069, 0, 12288, 11831, 285
2026/09/22 22:30:09.277, 0, 12288, 11831, 285
2026/09/22 22:30:09.485, 0, 12288, 11831, 285
2026/09/22 22:30:09.692, 0, 12288, 11831, 285
2026/09/22 22:30:09.900, 0, 12288, 11831, 285
2026/09/22 22:30:10.108, 0, 12288, 11831, 285
2026/09/22 22:30:10.315, 0, 12288, 11831, 285
2026/09/22 22:30:10.523, 0, 12288, 11831, 285
2026/09/22 22:30:10.731, 0, 12288, 11831, 285
2026/09/22 22:30:10.939, 0, 12288, 11831, 285
2026/09/22 22:30:11.146, 0, 12288, 11831, 285
2026/09/22 22:30:11.351, 0, 12288, 11831, 285
2026/09/22 22:30:11.557, 0, 12288, 11831, 285
2026/09/22 22:30:11.765, 0, 12288, 11831, 285
2026/09/22 22:30:11.969, 0, 12288, 11831, 285
2026/09/22 22:30:12.175, 0, 12288, 11831, 285
2026/09/22 22:30:12.381, 0, 12288, 11831, 285
2026/09/22 22:30:12.589, 0, 12288, 11831, 285
2026/09/22 22:30:12.796, 0, 12288, 11831, 285
2026/09/22 22:30:13.003, 0, 12288, 11831, 285
2026/09/22 22:30:13.210, 0, 12288, 11831, 285
2026/09/22 22:30:13.418, 0, 12288, 11831, 285
2026/09/22 22:30:13.626, 0, 12288, 11831, 285
2026/09/22 22:30:13.833, 0, 12288, 11831, 285
2026/09/22 22:30:14.041, 0, 12288, 11831, 285
2026/09/22 22:30:14.248, 0, 12288, 11831, 285
2026/09/22 22:30:14.455, 0, 12288, 11831, 285
2026/09/22 22:30:14.662, 0, 12288, 11831, 285
2026/09/22 22:30:14.869, 0, 12288, 11831, 285
2026/09/22 22:30:15.076, 0, 12288, 11831, 285
2026/09/22 22:30:15.282, 0, 12288, 11831, 285
2026/09/22 22:30:15.486, 0, 12288, 11831, 285
2026/09/22 22:30:15.694, 0, 12288, 11831, 285
2026/09/22 22:30:15.898, 0, 12288, 11831, 285
2026/09/22 22:30:16.105, 0, 12288, 11831, 285
2026/09/22 22:30:16.313, 0, 12288, 11831, 285
2026/09/22 22:30:16.517, 0, 12288, 11831, 285
2026/09/22 22:30:16.724, 0, 12288, 11831, 285
2026/09/22 22:30:16.931, 0, 12288, 11831, 285
2026/09/22 22:30:17.139, 0, 12288, 11831, 285
2026/09/22 22:30:17.346, 0, 12288, 11831, 285
2026/09/22 22:30:17.553, 0, 12288, 11831, 285
2026/09/22 22:30:17.761, 0, 12288, 11831, 285
2026/09/22 22:30:17.968, 0, 12288, 11831, 285
2026/09/22 22:30:18.174, 0, 12288, 11831, 285
2026/09/22 22:30:18.382, 0, 12288, 11831, 285
2026/09/22 22:30:18.590, 0, 12288, 11831, 285
2026/09/22 22:30:18.798, 0, 12288, 11831, 285
2026/09/22 22:30:19.003, 0, 12288, 11831, 285
2026/09/22 22:30:19.209, 0, 12288, 11831, 285
2026/09/22 22:30:19.416, 0, 12288, 11831, 285
2026/09/22 22:30:19.624, 0, 12288, 11831, 285
2026/09/22 22:30:19.832, 0, 12288, 11831, 285
2026/09/22 22:30:20.039, 0, 12288, 11831, 285
2026/09/22 22:30:20.247, 0, 12288, 11831, 285
2026/09/22 22:30:20.454, 0, 12288, 11831, 285
2026/09/22 22:30:20.659, 0, 12288, 11831, 285
2026/09/22 22:30:20.867, 0, 12288, 11831, 285
2026/09/22 22:30:21.074, 0, 12288, 11831, 285
2026/09/22 22:30:21.282, 0, 12288, 11831, 285
2026/09/22 22:30:21.488, 0, 12288, 11831, 285
2026/09/22 22:30:21.696, 0, 12288, 11831, 285
2026/09/22 22:30:21.904, 0, 12288, 11831, 285
2026/09/22 22:30:22.111, 0, 12288, 11831, 285
2026/09/22 22:30:22.318, 0, 12288, 11831, 285
2026/09/22 22:30:22.525, 0, 12288, 11831, 285
2026/09/22 22:30:22.733, 0, 12288, 11831, 285
2026/09/22 22:30:22.939, 0, 12288, 11831, 285
2026/09/22 22:30:23.145, 0, 12288, 11831, 285
2026/09/22 22:30:23.353, 0, 12288, 11831, 285
2026/09/22 22:30:23.560, 0, 12288, 11831, 285
2026/09/22 22:30:23.768, 0, 12288, 11831, 285
2026/09/22 22:30:23.975, 0, 12288, 11831, 285
2026/09/22 22:30:24.183, 0, 12288, 11831, 285
2026/09/22 22:30:24.391, 0, 12288, 11831, 285
2026/09/22 22:30:24.598, 0, 12288, 11831, 285
2026/09/22 22:30:24.804, 0, 12288, 11831, 285
2026/09/22 22:30:25.011, 0, 12288, 11831, 285
2026/09/22 22:30:25.217, 0, 12288, 11831, 285
2026/09/22 22:30:25.424, 0, 12288, 11831, 285
2026/09/22 22:30:25.632, 0, 12288, 11831, 285
2026/09/22 22:30:25.840, 0, 12288, 11831, 285
2026/09/22 22:30:26.047, 0, 12288, 11831, 285
2026/09/22 22:30:26.254, 0, 12288, 11831, 285
2026/09/22 22:30:26.461, 0, 12288, 11831, 285
2026/09/22 22:30:26.669, 0, 12288, 11831, 285
2026/09/22 22:30:26.875, 0, 12288, 11831, 285
2026/09/22 22:30:27.082, 0, 12288, 11831, 285
2026/09/22 22:30:27.289, 0, 12288, 11831, 285
2026/09/22 22:30:27.497, 0, 12288, 11831, 285
2026/09/22 22:30:27.705, 0, 12288, 11831, 285
2026/09/22 22:30:27.910, 0, 12288, 11831, 285
2026/09/22 22:30:28.117, 0, 12288, 11831, 285
2026/09/22 22:30:28.325, 0, 12288, 11831, 285
2026/09/22 22:30:28.533, 0, 12288, 11831, 285
2026/09/22 22:30:28.741, 0, 12288, 11831, 285
2026/09/22 22:30:28.949, 0, 12288, 11831, 285
2026/09/22 22:30:29.156, 0, 12288, 11831, 285
2026/09/22 22:30:29.362, 0, 12288, 11831, 285
2026/09/22 22:30:29.568, 0, 12288, 11831, 285
2026/09/22 22:30:29.776, 0, 12288, 11831, 285
2026/09/22 22:30:29.982, 0, 12288, 11831, 285
2026/09/22 22:30:30.189, 0, 12288, 11831, 285
2026/09/22 22:30:30.394, 0, 12288, 11831, 285
2026/09/22 22:30:30.601, 0, 12288, 11831, 285
2026/09/22 22:30:30.809, 0, 12288, 11831, 285
2026/09/22 22:30:31.016, 0, 12288, 11831, 285
2026/09/22 22:30:31.222, 0, 12288, 11831, 285
2026/09/22 22:30:31.429, 0, 12288, 11831, 285
2026/09/22 22:30:31.637, 0, 12288, 11831, 285
2026/09/22 22:30:31.845, 0, 12288, 11831, 285
2026/09/22 22:30:32.052, 0, 12288, 11831, 285
2026/09/22 22:30:32.260, 0, 12288, 11831, 285
2026/09/22 22:30:32.468, 0, 12288, 11831, 285
2026/09/22 22:30:32.675, 0, 12288, 11831, 285
2026/09/22 22:30:32.883, 0, 12288, 11831, 285
2026/09/22 22:30:33.091, 0, 12288, 11831, 285
2026/09/22 22:30:33.299, 0, 12288, 11831, 285
2026/09/22 22:30:33.504, 0, 12288, 11831, 285
2026/09/22 22:30:33.712, 0, 12288, 11831, 285
2026/09/22 22:30:33.920, 0, 12288, 11831, 285
2026/09/22 22:30:34.128, 0, 12288, 11831, 285
2026/09/22 22:30:34.335, 0, 12288, 11831, 285
2026/09/22 22:30:34.542, 0, 12288, 11831, 285
2026/09/22 22:30:34.750, 0, 12288, 11831, 285
2026/09/22 22:30:34.956, 0, 12288, 11831, 285
2026/09/22 22:30:35.164, 0, 12288, 11831, 285
2026/09/22 22:30:35.370, 0, 12288, 11831, 285
2026/09/22 22:30:35.578, 0, 12288, 11831, 285
2026/09/22 22:30:35.785, 0, 12288, 11831, 285
2026/09/22 22:30:35.992, 0, 12288, 11831, 285
2026/09/22 22:30:36.199, 0, 12288, 11831, 285
2026/09/22 22:30:36.407, 0, 12288, 11831, 285
2026/09/22 22:30:36.615, 0, 12288, 11831, 285
2026/09/22 22:30:36.823, 0, 12288, 11831, 285
2026/09/22 22:30:37.030, 0, 12288, 11831, 285
2026/09/22 22:30:37.238, 0, 12288, 11831, 285
2026/09/22 22:30:37.445, 0, 12288, 11831, 285
2026/09/22 22:30:37.651, 0, 12288, 11831, 285
2026/09/22 22:30:37.859, 0, 12288, 11831, 285
2026/09/22 22:30:38.067, 0, 12288, 11831, 285
2026/09/22 22:30:38.275, 0, 12288, 11831, 285
2026/09/22 22:30:38.482, 0, 12288, 11831, 285
2026/09/22 22:30:38.689, 0, 12288, 11831, 285
2026/09/22 22:30:38.896, 0, 12288, 11831, 285
2026/09/22 22:30:39.104, 0, 12288, 11831, 285
2026/09/22 22:30:39.310, 0, 12288, 11831, 285
2026/09/22 22:30:39.517, 0, 12288, 11831, 285
2026/09/22 22:30:39.725, 0, 12288, 11831, 285
2026/09/22 22:30:39.933, 0, 12288, 11831, 285
2026/09/22 22:30:40.139, 0, 12288, 11831, 285
2026/09/22 22:30:40.346, 0, 12288, 11831, 285
2026/09/22 22:30:40.552, 0, 12288, 11831, 285
2026/09/22 22:30:40.760, 0, 12288, 11831, 285
2026/09/22 22:30:40.968, 0, 12288, 11831, 285
2026/09/22 22:30:41.174, 0, 12288, 11831, 285
2026/09/22 22:30:41.380, 0, 12288, 11831, 285
2026/09/22 22:30:41.589, 0, 12288, 11831, 285
2026/09/22 22:30:41.797, 0, 12288, 11831, 285
2026/09/22 22:30:42.004, 0, 12288, 11831, 285
2026/09/22 22:30:42.212, 0, 12288, 11831, 285
2026/09/22 22:30:42.420, 0, 12288, 11831, 285
2026/09/22 22:30:42.626, 0, 12288, 11831, 285
2026/09/22 22:30:42.831, 0, 12288, 11831, 285
2026/09/22 22:30:43.036, 0, 12288, 11831, 285
2026/09/22 22:30:43.243, 0, 12288, 11831, 285
2026/09/22 22:30:43.450, 0, 12288, 11831, 285
2026/09/22 22:30:43.658, 0, 12288, 11831, 285
2026/09/22 22:30:43.862, 0, 12288, 11831, 285
2026/09/22 22:30:44.067, 0, 12288, 11831, 285
2026/09/22 22:30:44.274, 0, 12288, 11831, 285
2026/09/22 22:30:44.482, 0, 12288, 11831, 285
2026/09/22 22:30:44.688, 0, 12288, 11831, 285
2026/09/22 22:30:44.895, 0, 12288, 11831, 285
2026/09/22 22:30:45.102, 0, 12288, 11831, 285
2026/09/22 22:30:45.310, 0, 12288, 11831, 285
2026/09/22 22:30:45.515, 0, 12288, 11831, 285
2026/09/22 22:30:45.721, 0, 12288, 11831, 285
2026/09/22 22:30:45.929, 0, 12288, 11831, 285
2026/09/22 22:30:46.135, 0, 12288, 11831, 285
2026/09/22 22:30:46.342, 0, 12288, 11831, 285
2026/09/22 22:30:46.548, 0, 12288, 11831, 285
2026/09/22 22:30:46.756, 0, 12288, 11831, 285
2026/09/22 22:30:46.964, 0, 12288, 11831, 285
2026/09/22 22:30:47.172, 0, 12288, 11831, 285
2026/09/22 22:30:47.377, 0, 12288, 11831, 285
2026/09/22 22:30:47.584, 0, 12288, 11831, 285
2026/09/22 22:30:47.790, 0, 12288, 11831, 285
2026/09/22 22:30:47.997, 0, 12288, 11831, 285
2026/09/22 22:30:48.203, 0, 12288, 11831, 285
2026/09/22 22:30:48.411, 0, 12288, 11831, 285
2026/09/22 22:30:48.617, 0, 12288, 11831, 285
2026/09/22 22:30:48.824, 0, 12288, 11831, 285
2026/09/22 22:30:49.032, 0, 12288, 11831, 285
2026/09/22 22:30:49.239, 0, 12288, 11831, 285
2026/09/22 22:30:49.447, 0, 12288, 11831, 285
2026/09/22 22:30:49.655, 0, 12288, 11831, 285
2026/09/22 22:30:49.863, 0, 12288, 11831, 285
2026/09/22 22:30:50.070, 0, 12288, 11831, 285
2026/09/22 22:30:50.277, 0, 12288, 11831, 285
2026/09/22 22:30:50.485, 0, 12288, 11831, 285
2026/09/22 22:30:50.690, 0, 12288, 11831, 285
2026/09/22 22:30:50.898, 0, 12288, 11831, 285
2026/09/22 22:30:51.106, 0, 12288, 11831, 285
2026/09/22 22:30:51.314, 0, 12288, 11831, 285
2026/09/22 22:30:51.521, 0, 12288, 11831, 285
2026/09/22 22:30:51.729, 0, 12288, 11831, 285
2026/09/22 22:30:51.937, 0, 12288, 11831, 285
2026/09/22 22:30:52.144, 0, 12288, 11831, 285
2026/09/22 22:30:52.352, 0, 12288, 11831, 285
2026/09/22 22:30:52.560, 0, 12288, 11831, 285
2026/09/22 22:30:52.768, 0, 12288, 11831, 285
2026/09/22 22:30:52.976, 0, 12288, 11831, 285
2026/09/22 22:30:53.182, 0, 12288, 11831, 285
2026/09/22 22:30:53.390, 0, 12288, 11831, 285
2026/09/22 22:30:53.598, 0, 12288, 11831, 285
2026/09/22 22:30:53.806, 0, 12288, 11831, 285
2026/09/22 22:30:54.014, 0, 12288, 11831, 285
2026/09/22 22:30:54.221, 0, 12288, 11831, 285
2026/09/22 22:30:54.427, 0, 12288, 11831, 285
2026/09/22 22:30:54.635, 0, 12288, 11831, 285
2026/09/22 22:30:54.843, 0, 12288, 11831, 285
2026/09/22 22:30:55.051, 0, 12288, 11831, 285
2026/09/22 22:30:55.259, 0, 12288, 11831, 285
2026/09/22 22:30:55.466, 0, 12288, 11831, 285
2026/09/22 22:30:55.673, 0, 12288, 11831, 285
2026/09/22 22:30:55.879, 0, 12288, 11831, 285
2026/09/22 22:30:56.086, 0, 12288, 11831, 285
2026/09/22 22:30:56.292, 0, 12288, 11831, 285
2026/09/22 22:30:56.500, 0, 12288, 11831, 285
2026/09/22 22:30:56.707, 0, 12288, 11831, 285
2026/09/22 22:30:56.913, 0, 12288, 11831, 285
2026/09/22 22:30:57.121, 0, 12288, 11831, 285
2026/09/22 22:30:57.329, 0, 12288, 11831, 285
2026/09/22 22:30:57.537, 0, 12288, 11831, 285
2026/09/22 22:30:57.741, 0, 12288, 11831, 285
2026/09/22 22:30:57.948, 0, 12288, 11831, 285
2026/09/22 22:30:58.155, 0, 12288, 11831, 285
2026/09/22 22:30:58.362, 0, 12288, 11831, 285
2026/09/22 22:30:58.582, 0, 12288, 11831, 285
2026/09/22 22:30:58.788, 0, 12288, 11831, 285
2026/09/22 22:30:58.996, 0, 12288, 11831, 285
2026/09/22 22:30:59.203, 0, 12288, 11831, 285
2026/09/22 22:30:59.411, 0, 12288, 11831, 285
2026/09/22 22:30:59.616, 0, 12288, 11831, 285
2026/09/22 22:30:59.823, 0, 12288, 11831, 285
2026/09/22 22:31:00.031, 0, 12288, 11831, 285
2026/09/22 22:31:00.238, 0, 12288, 11831, 285
2026/09/22 22:31:00.443, 0, 12288, 11831, 285
2026/09/22 22:31:00.651, 0, 12288, 11831, 285
2026/09/22 22:31:00.858, 0, 12288, 11831, 285
2026/09/22 22:31:01.066, 0, 12288, 11831, 285
2026/09/22 22:31:01.272, 0, 12288, 11831, 285
2026/09/22 22:31:01.480, 0, 12288, 11831, 285
2026/09/22 22:31:01.687, 0, 12288, 11831, 285
2026/09/22 22:31:01.895, 0, 12288, 11831, 285
2026/09/22 22:31:02.102, 0, 12288, 11831, 285
2026/09/22 22:31:02.307, 0, 12288, 11831, 285
2026/09/22 22:31:02.513, 0, 12288, 11831, 285
2026/09/22 22:31:02.721, 0, 12288, 11831, 285
2026/09/22 22:31:02.927, 0, 12288, 11831, 285
2026/09/22 22:31:03.135, 0, 12288, 11831, 285
2026/09/22 22:31:03.343, 0, 12288, 11831, 285
2026/09/22 22:31:03.549, 0, 12288, 11831, 285
2026/09/22 22:31:03.756, 0, 12288, 11831, 285
2026/09/22 22:31:03.964, 0, 12288, 11831, 285
2026/09/22 22:31:04.172, 0, 12288, 11831, 285
2026/09/22 22:31:04.378, 0, 12288, 11831, 285
2026/09/22 22:31:04.586, 0, 12288, 11831, 285
2026/09/22 22:31:04.794, 0, 12288, 11831, 285
2026/09/22 22:31:05.002, 0, 12288, 11831, 285
2026/09/22 22:31:05.210, 0, 12288, 11831, 285
2026/09/22 22:31:05.417, 0, 12288, 11831, 285
2026/09/22 22:31:05.625, 0, 12288, 11831, 285
2026/09/22 22:31:05.831, 0, 12288, 11831, 285
2026/09/22 22:31:06.039, 0, 12288, 11831, 285
2026/09/22 22:31:06.247, 0, 12288, 11831, 285
2026/09/22 22:31:06.454, 0, 12288, 11831, 285
2026/09/22 22:31:06.660, 0, 12288, 11831, 285
2026/09/22 22:31:06.868, 0, 12288, 11831, 285
2026/09/22 22:31:07.073, 0, 12288, 11831, 285
2026/09/22 22:31:07.281, 0, 12288, 11831, 285
2026/09/22 22:31:07.489, 0, 12288, 11831, 285
2026/09/22 22:31:07.694, 0, 12288, 11831, 285
2026/09/22 22:31:07.901, 0, 12288, 11831, 285
2026/09/22 22:31:08.109, 0, 12288, 11831, 285
2026/09/22 22:31:08.315, 0, 12288, 11831, 285
2026/09/22 22:31:08.523, 0, 12288, 11831, 285
2026/09/22 22:31:08.730, 0, 12288, 11831, 285
2026/09/22 22:31:08.936, 0, 12288, 11831, 285
2026/09/22 22:31:09.144, 0, 12288, 11831, 285
2026/09/22 22:31:09.350, 0, 12288, 11831, 285
2026/09/22 22:31:09.558, 0, 12288, 11831, 285
2026/09/22 22:31:09.764, 0, 12288, 11831, 285
2026/09/22 22:31:09.970, 0, 12288, 11831, 285
2026/09/22 22:31:10.177, 0, 12288, 11831, 285
2026/09/22 22:31:10.384, 0, 12288, 11831, 285
2026/09/22 22:31:10.591, 0, 12288, 11831, 285
2026/09/22 22:31:10.799, 0, 12288, 11831, 285
2026/09/22 22:31:11.005, 0, 12288, 11831, 285
2026/09/22 22:31:11.212, 0, 12288, 11831, 285
2026/09/22 22:31:11.419, 0, 12288, 11831, 285
2026/09/22 22:31:11.627, 0, 12288, 11831, 285
2026/09/22 22:31:11.832, 0, 12288, 11831, 285
2026/09/22 22:31:12.039, 0, 12288, 11831, 285
2026/09/22 22:31:12.247, 0, 12288, 11831, 285
2026/09/22 22:31:12.455, 0, 12288, 11831, 285
2026/09/22 22:31:12.661, 0, 12288, 11831, 285
2026/09/22 22:31:12.868, 0, 12288, 11831, 285
2026/09/22 22:31:13.076, 0, 12288, 11831, 285
2026/09/22 22:31:13.282, 0, 12288, 11831, 285
2026/09/22 22:31:13.490, 0, 12288, 11831, 285
2026/09/22 22:31:13.697, 0, 12288, 11831, 285
2026/09/22 22:31:13.905, 0, 12288, 11831, 285
2026/09/22 22:31:14.111, 0, 12288, 11831, 285
2026/09/22 22:31:14.318, 0, 12288, 11831, 285
2026/09/22 22:31:14.525, 0, 12288, 11831, 285
2026/09/22 22:31:14.732, 0, 12288, 11831, 285
2026/09/22 22:31:14.939, 0, 12288, 11831, 285
2026/09/22 22:31:15.145, 0, 12288, 11831, 285
2026/09/22 22:31:15.352, 0, 12288, 11831, 285
2026/09/22 22:31:15.557, 0, 12288, 11831, 285
2026/09/22 22:31:15.764, 0, 12288, 11831, 285
2026/09/22 22:31:15.970, 0, 12288, 11831, 285
2026/09/22 22:31:16.175, 0, 12288, 11831, 285
2026/09/22 22:31:16.381, 0, 12288, 11831, 285
2026/09/22 22:31:16.588, 0, 12288, 11831, 285
2026/09/22 22:31:16.796, 0, 12288, 11831, 285
2026/09/22 22:31:17.001, 0, 12288, 11831, 285
2026/09/22 22:31:17.206, 0, 12288, 11831, 285
2026/09/22 22:31:17.413, 0, 12288, 11831, 285
2026/09/22 22:31:17.621, 0, 12288, 11831, 285
2026/09/22 22:31:17.829, 0, 12288, 11831, 285
2026/09/22 22:31:18.036, 0, 12288, 11831, 285
2026/09/22 22:31:18.243, 0, 12288, 11831, 285
2026/09/22 22:31:18.451, 0, 12288, 11831, 285
2026/09/22 22:31:18.659, 0, 12288, 11831, 285
2026/09/22 22:31:18.865, 0, 12288, 11831, 285
2026/09/22 22:31:19.072, 0, 12288, 11831, 285
2026/09/22 22:31:19.280, 0, 12288, 11831, 285
2026/09/22 22:31:19.487, 0, 12288, 11831, 285
2026/09/22 22:31:19.695, 0, 12288, 11831, 285
2026/09/22 22:31:19.903, 0, 12288, 11831, 285
2026/09/22 22:31:20.111, 0, 12288, 11831, 285
2026/09/22 22:31:20.317, 0, 12288, 11831, 285
2026/09/22 22:31:20.522, 0, 12288, 11831, 285
2026/09/22 22:31:20.729, 0, 12288, 11831, 285
2026/09/22 22:31:20.935, 0, 12288, 11831, 285
2026/09/22 22:31:21.141, 0, 12288, 11831, 285
2026/09/22 22:31:21.348, 0, 12288, 11831, 285
2026/09/22 22:31:21.555, 0, 12288, 11831, 285
2026/09/22 22:31:21.761, 0, 12288, 11831, 285
2026/09/22 22:31:21.965, 0, 12288, 11831, 285
2026/09/22 22:31:22.173, 0, 12288, 11831, 285
2026/09/22 22:31:22.377, 0, 12288, 11831, 285
2026/09/22 22:31:22.580, 0, 12288, 11831, 285
2026/09/22 22:31:22.788, 0, 12288, 11831, 285
2026/09/22 22:31:22.996, 0, 12288, 11831, 285
2026/09/22 22:31:23.203, 0, 12288, 11831, 285
2026/09/22 22:31:23.409, 0, 12288, 11831, 285
2026/09/22 22:31:23.616, 0, 12288, 11831, 285
2026/09/22 22:31:23.824, 0, 12288, 11831, 285
2026/09/22 22:31:24.030, 0, 12288, 11831, 285
2026/09/22 22:31:24.236, 0, 12288, 11831, 285
2026/09/22 22:31:24.443, 0, 12288, 11831, 285
2026/09/22 22:31:24.649, 0, 12288, 11831, 285
2026/09/22 22:31:24.857, 0, 12288, 11831, 285
2026/09/22 22:31:25.064, 0, 12288, 11831, 285
2026/09/22 22:31:25.269, 0, 12288, 11831, 285
2026/09/22 22:31:25.475, 0, 12288, 11831, 285
2026/09/22 22:31:25.680, 0, 12288, 11831, 285
2026/09/22 22:31:25.888, 0, 12288, 11831, 285
2026/09/22 22:31:26.094, 0, 12288, 11831, 285
2026/09/22 22:31:26.302, 0, 12288, 11831, 285
2026/09/22 22:31:26.509, 0, 12288, 11831, 285
2026/09/22 22:31:26.716, 0, 12288, 11831, 285
2026/09/22 22:31:26.923, 0, 12288, 11831, 285
2026/09/22 22:31:27.130, 0, 12288, 11831, 285
2026/09/22 22:31:27.336, 0, 12288, 11831, 285
2026/09/22 22:31:27.544, 0, 12288, 11831, 285
2026/09/22 22:31:27.751, 0, 12288, 11831, 285
2026/09/22 22:31:27.957, 0, 12288, 11831, 285
2026/09/22 22:31:28.164, 0, 12288, 11831, 285
2026/09/22 22:31:28.372, 0, 12288, 11831, 285
2026/09/22 22:31:28.580, 0, 12288, 11831, 285
2026/09/22 22:31:28.785, 0, 12288, 11831, 285
2026/09/22 22:31:28.989, 0, 12288, 11831, 285
2026/09/22 22:31:29.196, 0, 12288, 11831, 285
2026/09/22 22:31:29.404, 0, 12288, 11831, 285
2026/09/22 22:31:29.611, 0, 12288, 11831, 285
2026/09/22 22:31:29.818, 0, 12288, 11831, 285
2026/09/22 22:31:30.026, 0, 12288, 11831, 285
2026/09/22 22:31:30.231, 0, 12288, 11831, 285
2026/09/22 22:31:30.438, 0, 12288, 11831, 285
2026/09/22 22:31:30.646, 0, 12288, 11831, 285
2026/09/22 22:31:30.853, 0, 12288, 11831, 285
2026/09/22 22:31:31.060, 0, 12288, 11831, 285
2026/09/22 22:31:31.267, 0, 12288, 11831, 285
2026/09/22 22:31:31.474, 0, 12288, 11831, 285
2026/09/22 22:31:31.682, 0, 12288, 11831, 285
2026/09/22 22:31:31.889, 0, 12288, 11831, 285
2026/09/22 22:31:32.094, 0, 12288, 11831, 285
2026/09/22 22:31:32.300, 0, 12288, 11831, 285
2026/09/22 22:31:32.503, 0, 12288, 11831, 285
2026/09/22 22:31:32.706, 0, 12288, 11831, 285
2026/09/22 22:31:32.910, 0, 12288, 11831, 285
2026/09/22 22:31:33.116, 0, 12288, 11831, 285
2026/09/22 22:31:33.321, 0, 12288, 11831, 285
2026/09/22 22:31:33.529, 0, 12288, 11831, 285
2026/09/22 22:31:33.733, 0, 12288, 11831, 285
2026/09/22 22:31:33.939, 0, 12288, 11831, 285
2026/09/22 22:31:34.145, 0, 12288, 11831, 285
2026/09/22 22:31:34.351, 0, 12288, 11831, 285
2026/09/22 22:31:34.559, 0, 12288, 11831, 285
2026/09/22 22:31:34.762, 0, 12288, 11831, 285
2026/09/22 22:31:34.968, 0, 12288, 11831, 285
2026/09/22 22:31:35.173, 0, 12288, 11831, 285
2026/09/22 22:31:35.377, 0, 12288, 11831, 285
2026/09/22 22:31:35.585, 0, 12288, 11831, 285
2026/09/22 22:31:35.789, 0, 12288, 11831, 285
2026/09/22 22:31:35.996, 0, 12288, 11831, 285
2026/09/22 22:31:36.203, 0, 12288, 11831, 285
2026/09/22 22:31:36.409, 0, 12288, 11831, 285
2026/09/22 22:31:36.617, 0, 12288, 11831, 285
2026/09/22 22:31:36.823, 0, 12288, 11831, 285
2026/09/22 22:31:37.030, 0, 12288, 11831, 285
2026/09/22 22:31:37.236, 0, 12288, 11831, 285
2026/09/22 22:31:37.439, 0, 12288, 11831, 285
2026/09/22 22:31:37.646, 0, 12288, 11831, 285
2026/09/22 22:31:37.853, 0, 12288, 11831, 285
2026/09/22 22:31:38.058, 0, 12288, 11831, 285
2026/09/22 22:31:38.264, 0, 12288, 11831, 285
2026/09/22 22:31:38.466, 0, 12288, 11831, 285
2026/09/22 22:31:38.673, 0, 12288, 11831, 285
2026/09/22 22:31:38.880, 0, 12288, 11831, 285
2026/09/22 22:31:39.086, 0, 12288, 11831, 285
2026/09/22 22:31:39.293, 0, 12288, 11831, 285
2026/09/22 22:31:39.498, 0, 12288, 11831, 285
2026/09/22 22:31:39.704, 0, 12288, 11831, 285
2026/09/22 22:31:39.911, 0, 12288, 11831, 285
2026/09/22 22:31:40.116, 0, 12288, 11831, 285
2026/09/22 22:31:40.323, 0, 12288, 11831, 285
2026/09/22 22:31:40.530, 0, 12288, 11831, 285
2026/09/22 22:31:40.734, 0, 12288, 11831, 285
2026/09/22 22:31:40.942, 0, 12288, 11831, 285
2026/09/22 22:31:41.145, 0, 12288, 11831, 285
2026/09/22 22:31:41.350, 0, 12288, 11831, 285
2026/09/22 22:31:41.555, 0, 12288, 11831, 285
2026/09/22 22:31:41.762, 0, 12288, 11831, 285
2026/09/22 22:31:41.968, 0, 12288, 11831, 285
2026/09/22 22:31:42.172, 0, 12288, 11831, 285
2026/09/22 22:31:42.379, 0, 12288, 11831, 285
2026/09/22 22:31:42.586, 0, 12288, 11831, 285
2026/09/22 22:31:42.788, 0, 12288, 11831, 285
2026/09/22 22:31:42.996, 0, 12288, 11831, 285
2026/09/22 22:31:43.200, 0, 12288, 11831, 285
2026/09/22 22:31:43.405, 0, 12288, 11831, 285
2026/09/22 22:31:43.612, 0, 12288, 11831, 285
2026/09/22 22:31:43.818, 0, 12288, 11831, 285
2026/09/22 22:31:44.024, 0, 12288, 11831, 285
2026/09/22 22:31:44.231, 0, 12288, 11831, 285
2026/09/22 22:31:44.436, 0, 12288, 11831, 285
2026/09/22 22:31:44.643, 0, 12288, 11831, 285
2026/09/22 22:31:44.848, 0, 12288, 11831, 285
2026/09/22 22:31:45.051, 0, 12288, 11831, 285
2026/09/22 22:31:45.259, 0, 12288, 11831, 285
2026/09/22 22:31:45.463, 0, 12288, 11831, 285
2026/09/22 22:31:45.669, 0, 12288, 11831, 285
2026/09/22 22:31:45.877, 0, 12288, 11831, 285
2026/09/22 22:31:46.080, 0, 12288, 11831, 285
2026/09/22 22:31:46.288, 0, 12288, 11831, 285
2026/09/22 22:31:46.493, 0, 12288, 11831, 285
2026/09/22 22:31:46.699, 0, 12288, 11831, 285
2026/09/22 22:31:46.907, 0, 12288, 11831, 285
2026/09/22 22:31:47.111, 0, 12288, 11831, 285
2026/09/22 22:31:47.317, 0, 12288, 11831, 285
2026/09/22 22:31:47.525, 0, 12288, 11831, 285
2026/09/22 22:31:47.730, 0, 12288, 11831, 285
2026/09/22 22:31:47.935, 0, 12288, 11831, 285
2026/09/22 22:31:48.143, 0, 12288, 11831, 285
2026/09/22 22:31:48.346, 0, 12288, 11831, 285
2026/09/22 22:31:48.552, 0, 12288, 11831, 285
2026/09/22 22:31:48.758, 0, 12288, 11831, 285
2026/09/22 22:31:48.964, 0, 12288, 11831, 285
2026/09/22 22:31:49.171, 0, 12288, 11831, 285
2026/09/22 22:31:49.377, 0, 12288, 11831, 285
2026/09/22 22:31:49.582, 0, 12288, 11831, 285
2026/09/22 22:31:49.790, 0, 12288, 11831, 285
2026/09/22 22:31:49.995, 0, 12288, 11831, 285
2026/09/22 22:31:50.201, 0, 12288, 11831, 285
2026/09/22 22:31:50.408, 0, 12288, 11831, 285
2026/09/22 22:31:50.613, 0, 12288, 11831, 285
2026/09/22 22:31:50.820, 0, 12288, 11831, 285
2026/09/22 22:31:51.026, 0, 12288, 11831, 285
2026/09/22 22:31:51.232, 0, 12288, 11831, 285
2026/09/22 22:31:51.440, 0, 12288, 11831, 285
2026/09/22 22:31:51.644, 0, 12288, 11831, 285
2026/09/22 22:31:51.850, 0, 12288, 11831, 285
2026/09/22 22:31:52.058, 0, 12288, 11831, 285
2026/09/22 22:31:52.263, 0, 12288, 11831, 285
2026/09/22 22:31:52.471, 0, 12288, 11831, 285
2026/09/22 22:31:52.679, 0, 12288, 11831, 285
2026/09/22 22:31:52.885, 0, 12288, 11831, 285
2026/09/22 22:31:53.093, 0, 12288, 11831, 285
2026/09/22 22:31:53.300, 0, 12288, 11831, 285
2026/09/22 22:31:53.505, 0, 12288, 11831, 285
2026/09/22 22:31:53.712, 0, 12288, 11831, 285
2026/09/22 22:31:53.918, 0, 12288, 11831, 285
2026/09/22 22:31:54.123, 0, 12288, 11831, 285
2026/09/22 22:31:54.328, 0, 12288, 11831, 285
2026/09/22 22:31:54.535, 0, 12288, 11831, 285
2026/09/22 22:31:54.742, 0, 12288, 11831, 285
2026/09/22 22:31:54.947, 0, 12288, 11831, 285
2026/09/22 22:31:55.150, 0, 12288, 11831, 285
2026/09/22 22:31:55.356, 0, 12288, 11831, 285
2026/09/22 22:31:55.564, 0, 12288, 11831, 285
2026/09/22 22:31:55.767, 0, 12288, 11831, 285
2026/09/22 22:31:55.972, 0, 12288, 11831, 285
2026/09/22 22:31:56.178, 0, 12288, 11831, 285
2026/09/22 22:31:56.383, 0, 12288, 11831, 285
2026/09/22 22:31:56.591, 0, 12288, 11831, 285
2026/09/22 22:31:56.798, 0, 12288, 11831, 285
2026/09/22 22:31:57.003, 0, 12288, 11831, 285
2026/09/22 22:31:57.210, 0, 12288, 11831, 285
2026/09/22 22:31:57.413, 0, 12288, 11831, 285
2026/09/22 22:31:57.618, 0, 12288, 11831, 285
2026/09/22 22:31:57.825, 0, 12288, 11831, 285
2026/09/22 22:31:58.029, 0, 12288, 11831, 285
2026/09/22 22:31:58.236, 0, 12288, 11831, 285
2026/09/22 22:31:58.444, 0, 12288, 11831, 285
2026/09/22 22:31:58.647, 0, 12288, 11831, 285
2026/09/22 22:31:58.852, 0, 12288, 11831, 285
2026/09/22 22:31:59.059, 0, 12288, 11831, 285
2026/09/22 22:31:59.264, 0, 12288, 11831, 285
2026/09/22 22:31:59.471, 0, 12288, 11831, 285
2026/09/22 22:31:59.677, 0, 12288, 11831, 285
2026/09/22 22:31:59.882, 0, 12288, 11831, 285
2026/09/22 22:32:00.089, 0, 12288, 11831, 285
2026/09/22 22:32:00.297, 0, 12288, 11831, 285
2026/09/22 22:32:00.501, 0, 12288, 11831, 285
2026/09/22 22:32:00.707, 0, 12288, 11831, 285
2026/09/22 22:32:00.913, 0, 12288, 11831, 285
2026/09/22 22:32:01.121, 0, 12288, 11831, 285
2026/09/22 22:32:01.327, 0, 12288, 11831, 285
2026/09/22 22:32:01.534, 0, 12288, 11831, 285
2026/09/22 22:32:01.742, 0, 12288, 11831, 285
2026/09/22 22:32:01.949, 0, 12288, 11831, 285
2026/09/22 22:32:02.156, 0, 12288, 11831, 285
2026/09/22 22:32:02.363, 0, 12288, 11831, 285
2026/09/22 22:32:02.570, 0, 12288, 11831, 285
2026/09/22 22:32:02.773, 0, 12288, 11831, 285
2026/09/22 22:32:02.980, 0, 12288, 11831, 285
2026/09/22 22:32:03.187, 0, 12288, 11831, 285
2026/09/22 22:32:03.391, 0, 12288, 11831, 285
2026/09/22 22:32:03.596, 0, 12288, 11831, 285
2026/09/22 22:32:03.803, 0, 12288, 11831, 285
2026/09/22 22:32:04.006, 0, 12288, 11831, 285
2026/09/22 22:32:04.214, 0, 12288, 11831, 285
2026/09/22 22:32:04.422, 0, 12288, 11831, 285
2026/09/22 22:32:04.627, 0, 12288, 11831, 285
2026/09/22 22:32:04.834, 0, 12288, 11831, 285
2026/09/22 22:32:05.040, 0, 12288, 11831, 285
2026/09/22 22:32:05.244, 0, 12288, 11831, 285
2026/09/22 22:32:05.451, 0, 12288, 11831, 285
2026/09/22 22:32:05.657, 0, 12288, 11831, 285
2026/09/22 22:32:05.861, 0, 12288, 11831, 285
2026/09/22 22:32:06.069, 0, 12288, 11831, 285
2026/09/22 22:32:06.274, 0, 12288, 11831, 285
2026/09/22 22:32:06.479, 0, 12288, 11831, 285
2026/09/22 22:32:06.688, 0, 12288, 11831, 285
2026/09/22 22:32:06.895, 0, 12288, 11831, 285
2026/09/22 22:32:07.099, 0, 12288, 11831, 285
2026/09/22 22:32:07.302, 0, 12288, 11831, 285
2026/09/22 22:32:07.508, 0, 12288, 11831, 285
2026/09/22 22:32:07.714, 0, 12288, 11831, 285
2026/09/22 22:32:07.920, 0, 12288, 11831, 285
2026/09/22 22:32:08.128, 0, 12288, 11831, 285
2026/09/22 22:32:08.334, 0, 12288, 11831, 285
2026/09/22 22:32:08.540, 0, 12288, 11831, 285
2026/09/22 22:32:08.747, 0, 12288, 11831, 285
2026/09/22 22:32:08.953, 0, 12288, 11831, 285
2026/09/22 22:32:09.161, 0, 12288, 11831, 285
2026/09/22 22:32:09.365, 0, 12288, 11831, 285
2026/09/22 22:32:09.573, 0, 12288, 11831, 285
2026/09/22 22:32:09.781, 0, 12288, 11831, 285
2026/09/22 22:32:09.987, 0, 12288, 11831, 285
2026/09/22 22:32:10.193, 0, 12288, 11831, 285
2026/09/22 22:32:10.400, 0, 12288, 11831, 285
2026/09/22 22:32:10.608, 0, 12288, 11831, 285
2026/09/22 22:32:10.831, 0, 12288, 11831, 285
2026/09/22 22:32:11.038, 0, 12288, 11831, 285
2026/09/22 22:32:11.245, 0, 12288, 11831, 285
2026/09/22 22:32:11.452, 0, 12288, 11831, 285
2026/09/22 22:32:11.658, 0, 12288, 11831, 285
2026/09/22 22:32:11.864, 0, 12288, 11831, 285
2026/09/22 22:32:12.071, 0, 12288, 11831, 285
2026/09/22 22:32:12.279, 0, 12288, 11831, 285
2026/09/22 22:32:12.486, 0, 12288, 11831, 285
2026/09/22 22:32:12.690, 0, 12288, 11831, 285
2026/09/22 22:32:12.898, 0, 12288, 11831, 285
2026/09/22 22:32:13.106, 0, 12288, 11831, 285
2026/09/22 22:32:13.310, 0, 12288, 11831, 285
2026/09/22 22:32:13.516, 0, 12288, 11831, 285
2026/09/22 22:32:13.723, 0, 12288, 11831, 285
2026/09/22 22:32:13.931, 0, 12288, 11831, 285
2026/09/22 22:32:14.137, 0, 12288, 11831, 285
2026/09/22 22:32:14.345, 0, 12288, 11831, 285
2026/09/22 22:32:14.554, 0, 12288, 11831, 285
2026/09/22 22:32:14.762, 0, 12288, 11831, 285
2026/09/22 22:32:14.968, 0, 12288, 11831, 285
2026/09/22 22:32:15.175, 0, 12288, 11831, 285
2026/09/22 22:32:15.382, 0, 12288, 11831, 285
2026/09/22 22:32:15.589, 0, 12288, 11831, 285
2026/09/22 22:32:15.797, 0, 12288, 11831, 285
2026/09/22 22:32:16.003, 0, 12288, 11831, 285
2026/09/22 22:32:16.209, 0, 12288, 11831, 285
2026/09/22 22:32:16.417, 0, 12288, 11831, 285
2026/09/22 22:32:16.625, 0, 12288, 11831, 285
2026/09/22 22:32:16.831, 0, 12288, 11831, 285
2026/09/22 22:32:17.038, 0, 12288, 11831, 285
2026/09/22 22:32:17.245, 0, 12288, 11831, 285
2026/09/22 22:32:17.451, 0, 12288, 11831, 285
2026/09/22 22:32:17.657, 0, 12288, 11831, 285
2026/09/22 22:32:17.862, 0, 12288, 11831, 285
2026/09/22 22:32:18.068, 0, 12288, 11831, 285
2026/09/22 22:32:18.275, 0, 12288, 11831, 285
2026/09/22 22:32:18.482, 0, 12288, 11831, 285
2026/09/22 22:32:18.687, 0, 12288, 11831, 285
2026/09/22 22:32:18.893, 0, 12288, 11831, 285
2026/09/22 22:32:19.098, 0, 12288, 11831, 285
2026/09/22 22:32:19.304, 0, 12288, 11831, 285
2026/09/22 22:32:19.512, 0, 12288, 11831, 285
2026/09/22 22:32:19.720, 0, 12288, 11831, 285
2026/09/22 22:32:19.927, 0, 12288, 11831, 285
2026/09/22 22:32:20.134, 0, 12288, 11831, 285
2026/09/22 22:32:20.341, 0, 12288, 11831, 285
2026/09/22 22:32:20.548, 0, 12288, 11831, 285
2026/09/22 22:32:20.756, 0, 12288, 11831, 285
2026/09/22 22:32:20.963, 0, 12288, 11831, 285
2026/09/22 22:32:21.170, 0, 12288, 11831, 285
2026/09/22 22:32:21.376, 0, 12288, 11831, 285
2026/09/22 22:32:21.584, 0, 12288, 11831, 285
2026/09/22 22:32:21.791, 0, 12288, 11831, 285
2026/09/22 22:32:21.996, 0, 12288, 11831, 285
2026/09/22 22:32:22.203, 0, 12288, 11831, 285
2026/09/22 22:32:22.410, 0, 12288, 11831, 285
2026/09/22 22:32:22.617, 0, 12288, 11831, 285
2026/09/22 22:32:22.821, 0, 12288, 11831, 285
2026/09/22 22:32:23.028, 0, 12288, 11831, 285
2026/09/22 22:32:23.234, 0, 12288, 11831, 285
2026/09/22 22:32:23.440, 0, 12288, 11831, 285
2026/09/22 22:32:23.645, 0, 12288, 11831, 285
2026/09/22 22:32:23.851, 0, 12288, 11831, 285
2026/09/22 22:32:24.057, 0, 12288, 11831, 285
2026/09/22 22:32:24.264, 0, 12288, 11831, 285
2026/09/22 22:32:24.470, 0, 12288, 11831, 285
2026/09/22 22:32:24.677, 0, 12288, 11831, 285
2026/09/22 22:32:24.884, 0, 12288, 11831, 285
2026/09/22 22:32:25.090, 0, 12288, 11831, 285
2026/09/22 22:32:25.298, 0, 12288, 11831, 285
2026/09/22 22:32:25.504, 0, 12288, 11831, 285
2026/09/22 22:32:25.712, 0, 12288, 11831, 285
2026/09/22 22:32:25.919, 0, 12288, 11831, 285
2026/09/22 22:32:26.127, 0, 12288, 11831, 285
2026/09/22 22:32:26.333, 0, 12288, 11831, 285
2026/09/22 22:32:26.540, 0, 12288, 11831, 285
2026/09/22 22:32:26.748, 0, 12288, 11831, 285
2026/09/22 22:32:26.956, 0, 12288, 11831, 285
2026/09/22 22:32:27.161, 0, 12288, 11831, 285
2026/09/22 22:32:27.369, 0, 12288, 11831, 285
2026/09/22 22:32:27.576, 0, 12288, 11831, 285
2026/09/22 22:32:27.784, 0, 12288, 11831, 285
2026/09/22 22:32:27.991, 0, 12288, 11831, 285
2026/09/22 22:32:28.199, 0, 12288, 11831, 285
2026/09/22 22:32:28.405, 0, 12288, 11831, 285
2026/09/22 22:32:28.611, 0, 12288, 11831, 285
2026/09/22 22:32:28.818, 0, 12288, 11831, 285
2026/09/22 22:32:29.025, 0, 12288, 11831, 285
2026/09/22 22:32:29.233, 0, 12288, 11831, 285
2026/09/22 22:32:29.440, 0, 12288, 11831, 285
2026/09/22 22:32:29.648, 0, 12288, 11831, 285
2026/09/22 22:32:29.856, 0, 12288, 11831, 285
2026/09/22 22:32:30.064, 0, 12288, 11831, 285
2026/09/22 22:32:30.271, 0, 12288, 11831, 285
2026/09/22 22:32:30.479, 0, 12288, 11831, 285
2026/09/22 22:32:30.686, 0, 12288, 11831, 285
2026/09/22 22:32:30.892, 0, 12288, 11831, 285
2026/09/22 22:32:31.097, 0, 12288, 11831, 285
2026/09/22 22:32:31.305, 0, 12288, 11831, 285
2026/09/22 22:32:31.513, 0, 12288, 11831, 285
2026/09/22 22:32:31.718, 0, 12288, 11831, 285
2026/09/22 22:32:31.924, 0, 12288, 11831, 285
2026/09/22 22:32:32.130, 0, 12288, 11831, 285
2026/09/22 22:32:32.336, 0, 12288, 11831, 285
2026/09/22 22:32:32.543, 0, 12288, 11831, 285
2026/09/22 22:32:32.751, 0, 12288, 11831, 285
2026/09/22 22:32:32.959, 0, 12288, 11831, 285
2026/09/22 22:32:33.166, 0, 12288, 11831, 285
2026/09/22 22:32:33.372, 0, 12288, 11831, 285
2026/09/22 22:32:33.578, 0, 12288, 11831, 285
2026/09/22 22:32:33.785, 0, 12288, 11831, 285
2026/09/22 22:32:33.991, 0, 12288, 11831, 285
2026/09/22 22:32:34.199, 0, 12288, 11831, 285
2026/09/22 22:32:34.405, 0, 12288, 11831, 285
2026/09/22 22:32:34.611, 0, 12288, 11831, 285
2026/09/22 22:32:34.818, 0, 12288, 11831, 285
2026/09/22 22:32:35.026, 0, 12288, 11831, 285
2026/09/22 22:32:35.233, 0, 12288, 11831, 285
2026/09/22 22:32:35.439, 0, 12288, 11831, 285
2026/09/22 22:32:35.648, 0, 12288, 11831, 285
2026/09/22 22:32:35.851, 0, 12288, 11831, 285
2026/09/22 22:32:36.057, 0, 12288, 11831, 285
2026/09/22 22:32:36.265, 0, 12288, 11831, 285
2026/09/22 22:32:36.470, 0, 12288, 11831, 285
2026/09/22 22:32:36.676, 0, 12288, 11831, 285
2026/09/22 22:32:36.884, 0, 12288, 11831, 285
2026/09/22 22:32:37.090, 0, 12288, 11831, 285
2026/09/22 22:32:37.297, 0, 12288, 11831, 285
2026/09/22 22:32:37.504, 0, 12288, 11831, 285
2026/09/22 22:32:37.711, 0, 12288, 11831, 285
2026/09/22 22:32:37.917, 0, 12288, 11831, 285
2026/09/22 22:32:38.123, 0, 12288, 11831, 285
2026/09/22 22:32:38.330, 0, 12288, 11831, 285
2026/09/22 22:32:38.538, 0, 12288, 11831, 285
2026/09/22 22:32:38.745, 0, 12288, 11831, 285
2026/09/22 22:32:38.953, 0, 12288, 11831, 285
2026/09/22 22:32:39.159, 0, 12288, 11831, 285
2026/09/22 22:32:39.366, 0, 12288, 11831, 285
2026/09/22 22:32:39.573, 0, 12288, 11831, 285
2026/09/22 22:32:39.780, 0, 12288, 11831, 285
2026/09/22 22:32:39.987, 0, 12288, 11831, 285
2026/09/22 22:32:40.194, 0, 12288, 11831, 285
2026/09/22 22:32:40.401, 0, 12288, 11831, 285
2026/09/22 22:32:40.608, 0, 12288, 11831, 285
2026/09/22 22:32:40.816, 0, 12288, 11831, 285
2026/09/22 22:32:41.022, 0, 12288, 11831, 285
2026/09/22 22:32:41.230, 0, 12288, 11831, 285
2026/09/22 22:32:41.437, 0, 12288, 11831, 285
2026/09/22 22:32:41.643, 0, 12288, 11831, 285
2026/09/22 22:32:41.851, 0, 12288, 11831, 285
2026/09/22 22:32:42.059, 0, 12288, 11831, 285
2026/09/22 22:32:42.267, 0, 12288, 11831, 285
2026/09/22 22:32:42.473, 0, 12288, 11831, 285
2026/09/22 22:32:42.681, 0, 12288, 11831, 285
2026/09/22 22:32:42.889, 0, 12288, 11831, 285
2026/09/22 22:32:43.095, 0, 12288, 11831, 285
2026/09/22 22:32:43.303, 0, 12288, 11831, 285
2026/09/22 22:32:43.511, 0, 12288, 11831, 285
2026/09/22 22:32:43.718, 0, 12288, 11831, 285
2026/09/22 22:32:43.926, 0, 12288, 11831, 285
2026/09/22 22:32:44.133, 0, 12288, 11831, 285
2026/09/22 22:32:44.339, 0, 12288, 11831, 285
2026/09/22 22:32:44.547, 0, 12288, 11831, 285
2026/09/22 22:32:44.752, 0, 12288, 11831, 285
2026/09/22 22:32:44.958, 0, 12288, 11831, 285
2026/09/22 22:32:45.166, 0, 12288, 11831, 285
2026/09/22 22:32:45.374, 0, 12288, 11831, 285
2026/09/22 22:32:45.581, 0, 12288, 11831, 285
2026/09/22 22:32:45.787, 0, 12288, 11831, 285
2026/09/22 22:32:45.994, 0, 12288, 11831, 285
2026/09/22 22:32:46.201, 0, 12288, 11831, 285
2026/09/22 22:32:46.407, 0, 12288, 11831, 285
2026/09/22 22:32:46.615, 0, 12288, 11831, 285
2026/09/22 22:32:46.823, 0, 12288, 11831, 285
2026/09/22 22:32:47.031, 0, 12288, 11831, 285
2026/09/22 22:32:47.237, 0, 12288, 11831, 285
2026/09/22 22:32:47.445, 0, 12288, 11831, 285
2026/09/22 22:32:47.653, 0, 12288, 11831, 285
2026/09/22 22:32:47.861, 0, 12288, 11831, 285
2026/09/22 22:32:48.068, 0, 12288, 11831, 285
2026/09/22 22:32:48.276, 0, 12288, 11831, 285
2026/09/22 22:32:48.483, 0, 12288, 11831, 285
2026/09/22 22:32:48.690, 0, 12288, 11831, 285
2026/09/22 22:32:48.893, 0, 12288, 11831, 285
2026/09/22 22:32:49.100, 0, 12288, 11831, 285
2026/09/22 22:32:49.309, 0, 12288, 11831, 285
2026/09/22 22:32:49.517, 0, 12288, 11831, 285
2026/09/22 22:32:49.724, 0, 12288, 11831, 285
2026/09/22 22:32:49.932, 0, 12288, 11831, 285
2026/09/22 22:32:50.140, 0, 12288, 11831, 285
2026/09/22 22:32:50.360, 0, 12288, 11831, 285
2026/09/22 22:32:50.568, 0, 12288, 11831, 285
2026/09/22 22:32:50.775, 0, 12288, 11831, 285
2026/09/22 22:32:50.983, 0, 12288, 11831, 285
2026/09/22 22:32:51.190, 0, 12288, 11831, 285
2026/09/22 22:32:51.398, 0, 12288, 11831, 285
2026/09/22 22:32:51.605, 0, 12288, 11831, 285
2026/09/22 22:32:51.811, 0, 12288, 11831, 285
2026/09/22 22:32:52.019, 0, 12288, 11831, 285
2026/09/22 22:32:52.226, 0, 12288, 11831, 285
2026/09/22 22:32:52.433, 0, 12288, 11831, 285
2026/09/22 22:32:52.640, 0, 12288, 11831, 285
2026/09/22 22:32:52.846, 0, 12288, 11831, 285
2026/09/22 22:32:53.053, 0, 12288, 11831, 285
2026/09/22 22:32:53.261, 0, 12288, 11831, 285
2026/09/22 22:32:53.468, 0, 12288, 11831, 285
2026/09/22 22:32:53.675, 0, 12288, 11831, 285
2026/09/22 22:32:53.882, 0, 12288, 11831, 285
2026/09/22 22:32:54.089, 0, 12288, 11831, 285
2026/09/22 22:32:54.296, 0, 12288, 11831, 285
2026/09/22 22:32:54.503, 0, 12288, 11831, 285
2026/09/22 22:32:54.710, 0, 12288, 11831, 285
2026/09/22 22:32:54.916, 0, 12288, 11831, 285
2026/09/22 22:32:55.123, 0, 12288, 11831, 285
2026/09/22 22:32:55.331, 0, 12288, 11831, 285
2026/09/22 22:32:55.537, 0, 12288, 11831, 285
2026/09/22 22:32:55.744, 0, 12288, 11831, 285
2026/09/22 22:32:55.952, 0, 12288, 11831, 285
2026/09/22 22:32:56.160, 0, 12288, 11831, 285
2026/09/22 22:32:56.367, 0, 12288, 11831, 285
2026/09/22 22:32:56.574, 0, 12288, 11831, 285
2026/09/22 22:32:56.782, 0, 12288, 11831, 285
2026/09/22 22:32:56.986, 0, 12288, 11831, 285
2026/09/22 22:32:57.194, 0, 12288, 11831, 285
2026/09/22 22:32:57.402, 0, 12288, 11831, 285
2026/09/22 22:32:57.609, 0, 12288, 11831, 285
2026/09/22 22:32:57.816, 0, 12288, 11831, 285
2026/09/22 22:32:58.024, 0, 12288, 11831, 285
2026/09/22 22:32:58.232, 0, 12288, 11831, 285
2026/09/22 22:32:58.440, 0, 12288, 11831, 285
2026/09/22 22:32:58.646, 0, 12288, 11831, 285
2026/09/22 22:32:58.852, 0, 12288, 11831, 285
2026/09/22 22:32:59.059, 0, 12288, 11831, 285
2026/09/22 22:32:59.264, 0, 12288, 11831, 285
2026/09/22 22:32:59.472, 0, 12288, 11831, 285
2026/09/22 22:32:59.677, 0, 12288, 11831, 285
2026/09/22 22:32:59.883, 0, 12288, 11831, 285
2026/09/22 22:33:00.087, 0, 12288, 11831, 285
2026/09/22 22:33:00.298, 0, 12288, 11831, 285
2026/09/22 22:33:00.509, 0, 12288, 11831, 285
2026/09/22 22:33:00.710, 0, 12288, 11831, 285
2026/09/22 22:33:00.918, 0, 12288, 11831, 285
2026/09/22 22:33:01.125, 0, 12288, 11831, 285
2026/09/22 22:33:01.332, 0, 12288, 11831, 285
2026/09/22 22:33:01.540, 0, 12288, 11831, 285
2026/09/22 22:33:01.748, 0, 12288, 11831, 285
2026/09/22 22:33:01.954, 0, 12288, 11831, 285
2026/09/22 22:33:02.161, 0, 12288, 11831, 285
2026/09/22 22:33:02.369, 0, 12288, 11831, 285
2026/09/22 22:33:02.577, 0, 12288, 11831, 285
2026/09/22 22:33:02.784, 0, 12288, 11831, 285
2026/09/22 22:33:02.990, 0, 12288, 11831, 285
2026/09/22 22:33:03.198, 0, 12288, 11831, 285
2026/09/22 22:33:03.405, 0, 12288, 11831, 285
2026/09/22 22:33:03.613, 0, 12288, 11831, 285
2026/09/22 22:33:03.821, 0, 12288, 11831, 285
2026/09/22 22:33:04.029, 0, 12288, 11831, 285
2026/09/22 22:33:04.236, 0, 12288, 11831, 285
2026/09/22 22:33:04.442, 0, 12288, 11831, 285
2026/09/22 22:33:04.650, 0, 12288, 11831, 285
2026/09/22 22:33:04.858, 0, 12288, 11831, 285
2026/09/22 22:33:05.065, 0, 12288, 11831, 285
2026/09/22 22:33:05.271, 0, 12288, 11831, 285
2026/09/22 22:33:05.478, 0, 12288, 11831, 285
2026/09/22 22:33:05.685, 0, 12288, 11831, 285
2026/09/22 22:33:05.892, 0, 12288, 11831, 285
2026/09/22 22:33:06.097, 0, 12288, 11831, 285
2026/09/22 22:33:06.304, 0, 12288, 11831, 285
2026/09/22 22:33:06.511, 0, 12288, 11831, 285
2026/09/22 22:33:06.719, 0, 12288, 11831, 285
2026/09/22 22:33:06.927, 0, 12288, 11831, 285
2026/09/22 22:33:07.135, 0, 12288, 11831, 285
2026/09/22 22:33:07.343, 0, 12288, 11831, 285
2026/09/22 22:33:07.550, 0, 12288, 11831, 285
2026/09/22 22:33:07.758, 0, 12288, 11831, 285
2026/09/22 22:33:07.966, 0, 12288, 11831, 285
2026/09/22 22:33:08.173, 0, 12288, 11831, 285
2026/09/22 22:33:08.379, 0, 12288, 11831, 285
2026/09/22 22:33:08.588, 0, 12288, 11831, 285
2026/09/22 22:33:08.794, 0, 12288, 11831, 285
2026/09/22 22:33:08.999, 0, 12288, 11831, 285
2026/09/22 22:33:09.207, 0, 12288, 11831, 285
2026/09/22 22:33:09.413, 0, 12288, 11831, 285
2026/09/22 22:33:09.621, 0, 12288, 11831, 285
2026/09/22 22:33:09.828, 0, 12288, 11831, 285
2026/09/22 22:33:10.034, 0, 12288, 11831, 285
2026/09/22 22:33:10.242, 0, 12288, 11831, 285
2026/09/22 22:33:10.449, 0, 12288, 11831, 285
2026/09/22 22:33:10.655, 0, 12288, 11831, 285
2026/09/22 22:33:10.862, 0, 12288, 11831, 285
2026/09/22 22:33:11.070, 0, 12288, 11831, 285
2026/09/22 22:33:11.278, 0, 12288, 11831, 285
2026/09/22 22:33:11.487, 0, 12288, 11831, 285
2026/09/22 22:33:11.690, 0, 12288, 11831, 285
2026/09/22 22:33:11.897, 0, 12288, 11831, 285
2026/09/22 22:33:12.104, 0, 12288, 11831, 285
2026/09/22 22:33:12.312, 0, 12288, 11831, 285
2026/09/22 22:33:12.520, 0, 12288, 11831, 285
2026/09/22 22:33:12.727, 0, 12288, 11831, 285
2026/09/22 22:33:12.934, 0, 12288, 11831, 285
2026/09/22 22:33:13.140, 0, 12288, 11831, 285
2026/09/22 22:33:13.348, 0, 12288, 11831, 285
2026/09/22 22:33:13.553, 0, 12288, 11831, 285
2026/09/22 22:33:13.761, 0, 12288, 11831, 285
2026/09/22 22:33:13.969, 0, 12288, 11831, 285
2026/09/22 22:33:14.177, 0, 12288, 11831, 285
2026/09/22 22:33:14.383, 0, 12288, 11831, 285
2026/09/22 22:33:14.592, 0, 12288, 11831, 285
2026/09/22 22:33:14.799, 0, 12288, 11831, 285
2026/09/22 22:33:15.006, 0, 12288, 11831, 285
2026/09/22 22:33:15.213, 0, 12288, 11831, 285
2026/09/22 22:33:15.420, 0, 12288, 11831, 285
2026/09/22 22:33:15.626, 0, 12288, 11831, 285
2026/09/22 22:33:15.833, 0, 12288, 11831, 285
2026/09/22 22:33:16.038, 0, 12288, 11831, 285
2026/09/22 22:33:16.246, 0, 12288, 11831, 285
2026/09/22 22:33:16.454, 0, 12288, 11831, 285
2026/09/22 22:33:16.660, 0, 12288, 11831, 285
2026/09/22 22:33:16.868, 0, 12288, 11831, 285
2026/09/22 22:33:17.075, 0, 12288, 11831, 285
2026/09/22 22:33:17.283, 0, 12288, 11831, 285
2026/09/22 22:33:17.490, 0, 12288, 11831, 285
2026/09/22 22:33:17.696, 0, 12288, 11831, 285
2026/09/22 22:33:17.904, 0, 12288, 11831, 285
2026/09/22 22:33:18.110, 0, 12288, 11831, 285
2026/09/22 22:33:18.317, 0, 12288, 11831, 285
2026/09/22 22:33:18.525, 0, 12288, 11831, 285
2026/09/22 22:33:18.732, 0, 12288, 11831, 285
2026/09/22 22:33:18.939, 0, 12288, 11831, 285
2026/09/22 22:33:19.146, 0, 12288, 11831, 285
2026/09/22 22:33:19.354, 0, 12288, 11831, 285
2026/09/22 22:33:19.561, 0, 12288, 11831, 285
2026/09/22 22:33:19.768, 0, 12288, 11831, 285
2026/09/22 22:33:19.973, 0, 12288, 11831, 285
2026/09/22 22:33:20.178, 0, 12288, 11831, 285
2026/09/22 22:33:20.385, 0, 12288, 11831, 285
2026/09/22 22:33:20.593, 0, 12288, 11831, 285
2026/09/22 22:33:20.802, 0, 12288, 11831, 285
2026/09/22 22:33:21.009, 0, 12288, 11831, 285
2026/09/22 22:33:21.216, 0, 12288, 11831, 285
2026/09/22 22:33:21.421, 0, 12288, 11831, 285
2026/09/22 22:33:21.628, 0, 12288, 11831, 285
2026/09/22 22:33:21.836, 0, 12288, 11831, 285
2026/09/22 22:33:22.043, 0, 12288, 11831, 285
2026/09/22 22:33:22.250, 0, 12288, 11831, 285
2026/09/22 22:33:22.457, 0, 12288, 11831, 285
2026/09/22 22:33:22.665, 0, 12288, 11831, 285
2026/09/22 22:33:22.871, 0, 12288, 11831, 285
2026/09/22 22:33:23.079, 0, 12288, 11831, 285
2026/09/22 22:33:23.286, 0, 12288, 11831, 285
2026/09/22 22:33:23.494, 0, 12288, 11831, 285
2026/09/22 22:33:23.702, 0, 12288, 11831, 285
2026/09/22 22:33:23.909, 0, 12288, 11831, 285
2026/09/22 22:33:24.114, 0, 12288, 11831, 285
2026/09/22 22:33:24.320, 0, 12288, 11831, 285
2026/09/22 22:33:24.527, 0, 12288, 11831, 285
2026/09/22 22:33:24.735, 0, 12288, 11831, 285
2026/09/22 22:33:24.941, 0, 12288, 11831, 285
2026/09/22 22:33:25.148, 0, 12288, 11831, 285
2026/09/22 22:33:25.356, 0, 12288, 11831, 285
2026/09/22 22:33:25.560, 0, 12288, 11831, 285
2026/09/22 22:33:25.767, 0, 12288, 11831, 285
2026/09/22 22:33:25.972, 0, 12288, 11831, 285
2026/09/22 22:33:26.179, 0, 12288, 11831, 285
2026/09/22 22:33:26.385, 0, 12288, 11831, 285
2026/09/22 22:33:26.592, 0, 12288, 11831, 285
2026/09/22 22:33:26.799, 0, 12288, 11831, 285
2026/09/22 22:33:27.006, 0, 12288, 11831, 285
2026/09/22 22:33:27.213, 0, 12288, 11831, 285
2026/09/22 22:33:27.417, 0, 12288, 11831, 285
2026/09/22 22:33:27.624, 0, 12288, 11831, 285
2026/09/22 22:33:27.830, 0, 12288, 11831, 285
2026/09/22 22:33:28.037, 0, 12288, 11831, 285
2026/09/22 22:33:28.243, 0, 12288, 11831, 285
2026/09/22 22:33:28.451, 0, 12288, 11831, 285
2026/09/22 22:33:28.658, 0, 12288, 11831, 285
2026/09/22 22:33:28.865, 0, 12288, 11831, 285
2026/09/22 22:33:29.073, 0, 12288, 11831, 285
2026/09/22 22:33:29.280, 0, 12288, 11831, 285
2026/09/22 22:33:29.487, 0, 12288, 11831, 285
2026/09/22 22:33:29.694, 0, 12288, 11831, 285
2026/09/22 22:33:29.902, 0, 12288, 11831, 285
2026/09/22 22:33:30.110, 0, 12288, 11831, 285
2026/09/22 22:33:30.318, 0, 12288, 11831, 285
2026/09/22 22:33:30.524, 0, 12288, 11831, 285
2026/09/22 22:33:30.732, 0, 12288, 11831, 285
2026/09/22 22:33:30.937, 0, 12288, 11831, 285
2026/09/22 22:33:31.145, 0, 12288, 11831, 285
2026/09/22 22:33:31.353, 0, 12288, 11831, 285
2026/09/22 22:33:31.560, 0, 12288, 11831, 285
2026/09/22 22:33:31.766, 0, 12288, 11831, 285
2026/09/22 22:33:31.974, 0, 12288, 11831, 285
2026/09/22 22:33:32.180, 0, 12288, 11831, 285
2026/09/22 22:33:32.388, 0, 12288, 11831, 285
2026/09/22 22:33:32.594, 0, 12288, 11831, 285
2026/09/22 22:33:32.801, 0, 12288, 11831, 285
2026/09/22 22:33:33.009, 0, 12288, 11831, 285
2026/09/22 22:33:33.217, 0, 12288, 11831, 285
2026/09/22 22:33:33.424, 0, 12288, 11831, 285
2026/09/22 22:33:33.631, 0, 12288, 11831, 285
2026/09/22 22:33:33.838, 0, 12288, 11831, 285
2026/09/22 22:33:34.046, 0, 12288, 11831, 285
2026/09/22 22:33:34.254, 0, 12288, 11831, 285
2026/09/22 22:33:34.462, 0, 12288, 11831, 285
2026/09/22 22:33:34.669, 0, 12288, 11831, 285
2026/09/22 22:33:34.876, 0, 12288, 11831, 285
2026/09/22 22:33:35.083, 0, 12288, 11831, 285
2026/09/22 22:33:35.290, 0, 12288, 11831, 285
2026/09/22 22:33:35.497, 0, 12288, 11831, 285
2026/09/22 22:33:35.705, 0, 12288, 11831, 285
2026/09/22 22:33:35.912, 0, 12288, 11831, 285
2026/09/22 22:33:36.118, 0, 12288, 11831, 285
2026/09/22 22:33:36.325, 0, 12288, 11831, 285
2026/09/22 22:33:36.532, 0, 12288, 11831, 285
2026/09/22 22:33:36.737, 0, 12288, 11831, 285
2026/09/22 22:33:36.942, 0, 12288, 11831, 285
2026/09/22 22:33:37.148, 0, 12288, 11831, 285
2026/09/22 22:33:37.355, 0, 12288, 11831, 285
2026/09/22 22:33:37.563, 0, 12288, 11831, 285
2026/09/22 22:33:37.770, 0, 12288, 11831, 285
2026/09/22 22:33:37.977, 0, 12288, 11831, 285
2026/09/22 22:33:38.183, 0, 12288, 11831, 285
2026/09/22 22:33:38.389, 0, 12288, 11831, 285
2026/09/22 22:33:38.595, 0, 12288, 11831, 285
2026/09/22 22:33:38.801, 0, 12288, 11831, 285
2026/09/22 22:33:39.008, 0, 12288, 11831, 285
2026/09/22 22:33:39.213, 0, 12288, 11831, 285
2026/09/22 22:33:39.421, 0, 12288, 11831, 285
2026/09/22 22:33:39.629, 0, 12288, 11831, 285
2026/09/22 22:33:39.836, 0, 12288, 11831, 285
2026/09/22 22:33:40.043, 0, 12288, 11831, 285
2026/09/22 22:33:40.251, 0, 12288, 11831, 285
2026/09/22 22:33:40.458, 0, 12288, 11831, 285
2026/09/22 22:33:40.665, 0, 12288, 11831, 285
2026/09/22 22:33:40.873, 0, 12288, 11831, 285
2026/09/22 22:33:41.080, 0, 12288, 11831, 285
2026/09/22 22:33:41.285, 0, 12288, 11831, 285
2026/09/22 22:33:41.491, 0, 12288, 11831, 285
2026/09/22 22:33:41.699, 0, 12288, 11831, 285
2026/09/22 22:33:41.905, 0, 12288, 11831, 285
2026/09/22 22:33:42.114, 0, 12288, 11831, 285
2026/09/22 22:33:42.320, 0, 12288, 11831, 285
2026/09/22 22:33:42.528, 0, 12288, 11831, 285
2026/09/22 22:33:42.735, 0, 12288, 11831, 285
2026/09/22 22:33:42.943, 0, 12288, 11831, 285
2026/09/22 22:33:43.151, 0, 12288, 11831, 285
2026/09/22 22:33:43.359, 0, 12288, 11831, 285
2026/09/22 22:33:43.566, 0, 12288, 11831, 285
2026/09/22 22:33:43.773, 0, 12288, 11831, 285
2026/09/22 22:33:43.979, 0, 12288, 11831, 285
2026/09/22 22:33:44.188, 0, 12288, 11831, 285
2026/09/22 22:33:44.393, 0, 12288, 11831, 285
2026/09/22 22:33:44.598, 0, 12288, 11831, 285
2026/09/22 22:33:44.805, 0, 12288, 11831, 285
2026/09/22 22:33:45.013, 0, 12288, 11831, 285
2026/09/22 22:33:45.218, 0, 12288, 11831, 285
2026/09/22 22:33:45.424, 0, 12288, 11831, 285
2026/09/22 22:33:45.631, 0, 12288, 11831, 285
2026/09/22 22:33:45.837, 0, 12288, 11831, 285
2026/09/22 22:33:46.042, 0, 12288, 11831, 285
2026/09/22 22:33:46.249, 0, 12288, 11831, 285
2026/09/22 22:33:46.456, 0, 12288, 11831, 285
2026/09/22 22:33:46.662, 0, 12288, 11831, 285
2026/09/22 22:33:46.870, 0, 12288, 11831, 285
2026/09/22 22:33:47.078, 0, 12288, 11831, 285
2026/09/22 22:33:47.286, 0, 12288, 11831, 285
2026/09/22 22:33:47.494, 0, 12288, 11831, 285
2026/09/22 22:33:47.702, 0, 12288, 11831, 285
2026/09/22 22:33:47.909, 0, 12288, 11831, 285
2026/09/22 22:33:48.115, 0, 12288, 11831, 285
2026/09/22 22:33:48.320, 0, 12288, 11831, 285
2026/09/22 22:33:48.527, 0, 12288, 11831, 285
2026/09/22 22:33:48.734, 0, 12288, 11831, 285
2026/09/22 22:33:48.939, 0, 12288, 11831, 285
2026/09/22 22:33:49.145, 0, 12288, 11831, 285
2026/09/22 22:33:49.353, 0, 12288, 11831, 285
2026/09/22 22:33:49.560, 0, 12288, 11831, 285
2026/09/22 22:33:49.768, 0, 12288, 11831, 285
2026/09/22 22:33:49.975, 0, 12288, 11831, 285
2026/09/22 22:33:50.183, 0, 12288, 11831, 285
2026/09/22 22:33:50.390, 0, 12288, 11831, 285
2026/09/22 22:33:50.597, 0, 12288, 11831, 285
2026/09/22 22:33:50.803, 0, 12288, 11831, 285
2026/09/22 22:33:51.011, 0, 12288, 11831, 285
2026/09/22 22:33:51.218, 0, 12288, 11831, 285
2026/09/22 22:33:51.424, 0, 12288, 11831, 285
2026/09/22 22:33:51.629, 0, 12288, 11831, 285
2026/09/22 22:33:51.836, 0, 12288, 11831, 285
2026/09/22 22:33:52.043, 0, 12288, 11831, 285
2026/09/22 22:33:52.251, 0, 12288, 11831, 285
2026/09/22 22:33:52.458, 0, 12288, 11831, 285
2026/09/22 22:33:52.665, 0, 12288, 11831, 285
2026/09/22 22:33:52.871, 0, 12288, 11831, 285
2026/09/22 22:33:53.078, 0, 12288, 11831, 285
2026/09/22 22:33:53.285, 0, 12288, 11831, 285
2026/09/22 22:33:53.492, 0, 12288, 11831, 285
2026/09/22 22:33:53.699, 0, 12288, 11831, 285
2026/09/22 22:33:53.905, 0, 12288, 11831, 285
2026/09/22 22:33:54.113, 0, 12288, 11831, 285
2026/09/22 22:33:54.320, 0, 12288, 11831, 285
2026/09/22 22:33:54.527, 0, 12288, 11831, 285
2026/09/22 22:33:54.734, 0, 12288, 11831, 285
2026/09/22 22:33:54.942, 0, 12288, 11831, 285
2026/09/22 22:33:55.150, 0, 12288, 11831, 285
2026/09/22 22:33:55.356, 0, 12288, 11831, 285
2026/09/22 22:33:55.563, 0, 12288, 11831, 285
2026/09/22 22:33:55.785, 0, 12288, 11831, 285
2026/09/22 22:33:55.992, 0, 12288, 11831, 285
2026/09/22 22:33:56.200, 0, 12288, 11831, 285
2026/09/22 22:33:56.407, 0, 12288, 11831, 285
2026/09/22 22:33:56.611, 0, 12288, 11831, 285
2026/09/22 22:33:56.820, 0, 12288, 11831, 285
2026/09/22 22:33:57.026, 0, 12288, 11831, 285
2026/09/22 22:33:57.234, 0, 12288, 11831, 285
2026/09/22 22:33:57.441, 0, 12288, 11831, 285
2026/09/22 22:33:57.647, 0, 12288, 11831, 285
2026/09/22 22:33:57.855, 0, 12288, 11831, 285
2026/09/22 22:33:58.062, 0, 12288, 11831, 285
2026/09/22 22:33:58.269, 0, 12288, 11831, 285
2026/09/22 22:33:58.476, 0, 12288, 11831, 285
2026/09/22 22:33:58.683, 0, 12288, 11831, 285
2026/09/22 22:33:58.892, 0, 12288, 11831, 285
2026/09/22 22:33:59.098, 0, 12288, 11831, 285
2026/09/22 22:33:59.305, 0, 12288, 11831, 285
2026/09/22 22:33:59.513, 0, 12288, 11831, 285
2026/09/22 22:33:59.719, 0, 12288, 11831, 285
2026/09/22 22:34:01.267, 0, 12288, 11831, 285
2026/09/22 22:34:01.475, 0, 12288, 11831, 285
2026/09/22 22:34:01.683, 0, 12288, 11831, 285
2026/09/22 22:34:01.891, 0, 12288, 11831, 285
2026/09/22 22:34:02.098, 0, 12288, 11831, 285
2026/09/22 22:34:02.306, 0, 12288, 11831, 285
2026/09/22 22:34:02.512, 0, 12288, 11831, 285
2026/09/22 22:34:02.720, 0, 12288, 11831, 285
2026/09/22 22:34:02.925, 0, 12288, 11831, 285
2026/09/22 22:34:03.132, 0, 12288, 11831, 285
2026/09/22 22:34:03.339, 0, 12288, 11831, 285
2026/09/22 22:34:03.547, 0, 12288, 11831, 285
2026/09/22 22:34:03.752, 0, 12288, 11831, 285
2026/09/22 22:34:03.959, 0, 12288, 11831, 285
2026/09/22 22:34:04.167, 0, 12288, 11831, 285
2026/09/22 22:34:04.375, 0, 12288, 11831, 285
2026/09/22 22:34:04.581, 0, 12288, 11831, 285
2026/09/22 22:34:04.789, 0, 12288, 11831, 285
2026/09/22 22:34:04.997, 0, 12288, 11831, 285
2026/09/22 22:34:05.204, 0, 12288, 11831, 285
2026/09/22 22:34:05.410, 0, 12288, 11831, 285
2026/09/22 22:34:05.617, 0, 12288, 11831, 285
2026/09/22 22:34:05.824, 0, 12288, 11831, 285
2026/09/22 22:34:06.032, 0, 12288, 11831, 285
2026/09/22 22:34:06.236, 0, 12288, 11831, 285
2026/09/22 22:34:06.444, 0, 12288, 11831, 285
2026/09/22 22:34:06.652, 0, 12288, 11831, 285
2026/09/22 22:34:06.860, 0, 12288, 11831, 285
2026/09/22 22:34:07.067, 0, 12288, 11831, 285
2026/09/22 22:34:07.274, 0, 12288, 11831, 285
2026/09/22 22:34:07.480, 0, 12288, 11831, 285
2026/09/22 22:34:07.688, 0, 12288, 11831, 285
2026/09/22 22:34:07.894, 0, 12288, 11831, 285
2026/09/22 22:34:08.100, 0, 12288, 11831, 285
2026/09/22 22:34:08.305, 0, 12288, 11831, 285
2026/09/22 22:34:08.511, 0, 12288, 11831, 285
2026/09/22 22:34:08.719, 0, 12288, 11831, 285
2026/09/22 22:34:08.927, 0, 12288, 11831, 285
2026/09/22 22:34:09.134, 0, 12288, 11831, 285
2026/09/22 22:34:09.339, 0, 12288, 11831, 285
2026/09/22 22:34:09.546, 0, 12288, 11831, 285
2026/09/22 22:34:09.752, 0, 12288, 11831, 285
2026/09/22 22:34:09.955, 0, 12288, 11831, 285
2026/09/22 22:34:10.161, 0, 12288, 11831, 285
2026/09/22 22:34:10.367, 0, 12288, 11831, 285
2026/09/22 22:34:10.575, 0, 12288, 11831, 285
2026/09/22 22:34:10.783, 0, 12288, 11831, 285
2026/09/22 22:34:10.989, 0, 12288, 11831, 285
2026/09/22 22:34:11.197, 0, 12288, 11831, 285
2026/09/22 22:34:11.404, 0, 12288, 11831, 285
2026/09/22 22:34:11.610, 0, 12288, 11831, 285
2026/09/22 22:34:11.817, 0, 12288, 11831, 285
2026/09/22 22:34:12.023, 0, 12288, 11831, 285
2026/09/22 22:34:12.231, 0, 12288, 11831, 285
2026/09/22 22:34:12.437, 0, 12288, 11831, 285
2026/09/22 22:34:12.645, 0, 12288, 11831, 285
2026/09/22 22:34:12.852, 0, 12288, 11831, 285
2026/09/22 22:34:13.059, 0, 12288, 11831, 285
2026/09/22 22:34:13.265, 0, 12288, 11831, 285
2026/09/22 22:34:13.472, 0, 12288, 11831, 285
2026/09/22 22:34:13.679, 0, 12288, 11831, 285
2026/09/22 22:34:13.885, 0, 12288, 11831, 285
2026/09/22 22:34:14.093, 0, 12288, 11831, 285
2026/09/22 22:34:14.299, 0, 12288, 11831, 285
2026/09/22 22:34:14.505, 0, 12288, 11831, 285
2026/09/22 22:34:14.712, 0, 12288, 11831, 285
2026/09/22 22:34:14.919, 0, 12288, 11831, 285
2026/09/22 22:34:15.127, 0, 12288, 11831, 285
2026/09/22 22:34:15.334, 0, 12288, 11831, 285
2026/09/22 22:34:15.541, 0, 12288, 11831, 285
2026/09/22 22:34:15.749, 0, 12288, 11831, 285
2026/09/22 22:34:15.956, 0, 12288, 11831, 285
2026/09/22 22:34:16.164, 0, 12288, 11831, 285
2026/09/22 22:34:16.372, 0, 12288, 11831, 285
2026/09/22 22:34:16.578, 0, 12288, 11831, 285
2026/09/22 22:34:16.785, 0, 12288, 11831, 285
2026/09/22 22:34:16.993, 0, 12288, 11831, 285
2026/09/22 22:34:17.201, 0, 12288, 11831, 285
2026/09/22 22:34:17.409, 0, 12288, 11831, 285
2026/09/22 22:34:17.615, 0, 12288, 11831, 285
2026/09/22 22:34:17.821, 0, 12288, 11831, 285
2026/09/22 22:34:18.027, 0, 12288, 11831, 285
2026/09/22 22:34:18.234, 0, 12288, 11831, 285
2026/09/22 22:34:18.440, 0, 12288, 11831, 285
2026/09/22 22:34:18.645, 0, 12288, 11831, 285
2026/09/22 22:34:18.853, 0, 12288, 11831, 285
2026/09/22 22:34:19.060, 0, 12288, 11831, 285
2026/09/22 22:34:19.268, 0, 12288, 11831, 285
2026/09/22 22:34:19.476, 0, 12288, 11831, 285
2026/09/22 22:34:19.684, 0, 12288, 11831, 285
2026/09/22 22:34:19.892, 0, 12288, 11831, 285
2026/09/22 22:34:20.098, 0, 12288, 11831, 285
2026/09/22 22:34:20.321, 0, 12288, 11831, 285
2026/09/22 22:34:20.529, 0, 12288, 11831, 285
2026/09/22 22:34:20.737, 0, 12288, 11831, 285
2026/09/22 22:34:20.944, 0, 12288, 11831, 285
2026/09/22 22:34:21.152, 0, 12288, 11831, 285
2026/09/22 22:34:21.360, 0, 12288, 11831, 285
2026/09/22 22:34:21.568, 0, 12288, 11831, 285
2026/09/22 22:34:21.775, 0, 12288, 11831, 285
2026/09/22 22:34:21.982, 0, 12288, 11831, 285
2026/09/22 22:34:22.189, 0, 12288, 11831, 285
2026/09/22 22:34:22.397, 0, 12288, 11831, 285
2026/09/22 22:34:22.605, 0, 12288, 11831, 285
2026/09/22 22:34:22.812, 0, 12288, 11831, 285
2026/09/22 22:34:23.017, 0, 12288, 11831, 285
2026/09/22 22:34:23.223, 0, 12288, 11831, 285
2026/09/22 22:34:23.430, 0, 12288, 11831, 285
2026/09/22 22:34:23.638, 0, 12288, 11831, 285
2026/09/22 22:34:23.845, 0, 12288, 11831, 285
2026/09/22 22:34:24.050, 0, 12288, 11831, 285
2026/09/22 22:34:24.258, 0, 12288, 11831, 285
2026/09/22 22:34:24.465, 0, 12288, 11831, 285
2026/09/22 22:34:24.673, 0, 12288, 11831, 285
2026/09/22 22:34:24.879, 0, 12288, 11831, 285
2026/09/22 22:34:25.086, 0, 12288, 11831, 285
2026/09/22 22:34:25.294, 0, 12288, 11831, 285
2026/09/22 22:34:25.500, 0, 12288, 11831, 285
2026/09/22 22:34:25.706, 0, 12288, 11831, 285
2026/09/22 22:34:25.913, 0, 12288, 11831, 285
2026/09/22 22:34:26.120, 0, 12288, 11831, 285
2026/09/22 22:34:26.327, 0, 12288, 11831, 285
2026/09/22 22:34:26.535, 0, 12288, 11831, 285
2026/09/22 22:34:26.740, 0, 12288, 11831, 285
2026/09/22 22:34:26.946, 0, 12288, 11831, 285
2026/09/22 22:34:27.152, 0, 12288, 11831, 285
2026/09/22 22:34:27.360, 0, 12288, 11831, 285
2026/09/22 22:34:27.565, 0, 12288, 11831, 285
2026/09/22 22:34:27.770, 0, 12288, 11831, 285
2026/09/22 22:34:27.977, 0, 12288, 11831, 285
2026/09/22 22:34:28.185, 0, 12288, 11831, 285
2026/09/22 22:34:28.392, 0, 12288, 11831, 285
2026/09/22 22:34:28.600, 0, 12288, 11831, 285
2026/09/22 22:34:28.807, 0, 12288, 11831, 285
2026/09/22 22:34:29.014, 0, 12288, 11831, 285
2026/09/22 22:34:29.221, 0, 12288, 11831, 285
2026/09/22 22:34:29.427, 0, 12288, 11831, 285
2026/09/22 22:34:29.635, 0, 12288, 11831, 285
2026/09/22 22:34:29.842, 0, 12288, 11831, 285
2026/09/22 22:34:30.048, 0, 12288, 11831, 285
2026/09/22 22:34:30.255, 0, 12288, 11831, 285
2026/09/22 22:34:30.460, 0, 12288, 11831, 285
2026/09/22 22:34:30.667, 0, 12288, 11831, 285
2026/09/22 22:34:30.875, 0, 12288, 11831, 285
2026/09/22 22:34:31.079, 0, 12288, 11831, 285
2026/09/22 22:34:31.286, 0, 12288, 11831, 285
2026/09/22 22:34:31.491, 0, 12288, 11831, 285
2026/09/22 22:34:31.698, 0, 12288, 11831, 285
2026/09/22 22:34:31.904, 0, 12288, 11831, 285
2026/09/22 22:34:32.112, 0, 12288, 11831, 285
2026/09/22 22:34:32.320, 0, 12288, 11831, 285
2026/09/22 22:34:32.527, 0, 12288, 11831, 285
2026/09/22 22:34:32.735, 0, 12288, 11831, 285
2026/09/22 22:34:32.942, 0, 12288, 11831, 285
2026/09/22 22:34:33.150, 0, 12288, 11831, 285
2026/09/22 22:34:33.357, 0, 12288, 11831, 285
2026/09/22 22:34:33.565, 0, 12288, 11831, 285
2026/09/22 22:34:33.773, 0, 12288, 11831, 285
2026/09/22 22:34:33.981, 0, 12288, 11831, 285
2026/09/22 22:34:34.188, 0, 12288, 11831, 285
2026/09/22 22:34:34.395, 0, 12288, 11831, 285
2026/09/22 22:34:34.602, 0, 12288, 11831, 285
2026/09/22 22:34:34.809, 0, 12288, 11831, 285
2026/09/22 22:34:35.016, 0, 12288, 11831, 285
2026/09/22 22:34:35.223, 0, 12288, 11831, 285
2026/09/22 22:34:35.429, 0, 12288, 11831, 285
2026/09/22 22:34:35.636, 0, 12288, 11831, 285
2026/09/22 22:34:35.844, 0, 12288, 11831, 285
2026/09/22 22:34:36.051, 0, 12288, 11831, 285
2026/09/22 22:34:36.258, 0, 12288, 11831, 285
2026/09/22 22:34:36.466, 0, 12288, 11831, 285
2026/09/22 22:34:36.689, 0, 12288, 11831, 285
2026/09/22 22:34:36.897, 0, 12288, 11831, 285
2026/09/22 22:34:37.102, 0, 12288, 11831, 285
2026/09/22 22:34:37.310, 0, 12288, 11831, 285
2026/09/22 22:34:37.517, 0, 12288, 11831, 285
2026/09/22 22:34:37.723, 0, 12288, 11831, 285
2026/09/22 22:34:37.930, 0, 12288, 11831, 285
2026/09/22 22:34:38.137, 0, 12288, 11831, 285
2026/09/22 22:34:38.345, 0, 12288, 11831, 285
2026/09/22 22:34:38.551, 0, 12288, 11831, 285
2026/09/22 22:34:38.757, 0, 12288, 11831, 285
2026/09/22 22:34:38.965, 0, 12288, 11831, 285
2026/09/22 22:34:39.172, 0, 12288, 11831, 285
2026/09/22 22:34:39.380, 0, 12288, 11831, 285
2026/09/22 22:34:39.588, 0, 12288, 11831, 285
2026/09/22 22:34:39.796, 0, 12288, 11831, 285
2026/09/22 22:34:40.003, 0, 12288, 11831, 285
2026/09/22 22:34:40.211, 0, 12288, 11831, 285
2026/09/22 22:34:40.419, 0, 12288, 11831, 285
2026/09/22 22:34:40.627, 0, 12288, 11831, 285
2026/09/22 22:34:40.833, 0, 12288, 11831, 285
2026/09/22 22:34:41.039, 0, 12288, 11831, 285
2026/09/22 22:34:41.246, 0, 12288, 11831, 285
2026/09/22 22:34:41.454, 0, 12288, 11831, 285
2026/09/22 22:34:41.661, 0, 12288, 11831, 285
2026/09/22 22:34:41.867, 0, 12288, 11831, 285
2026/09/22 22:34:42.074, 0, 12288, 11831, 285
2026/09/22 22:34:42.281, 0, 12288, 11831, 285
2026/09/22 22:34:42.489, 0, 12288, 11831, 285
2026/09/22 22:34:42.697, 0, 12288, 11831, 285
2026/09/22 22:34:42.905, 0, 12288, 11831, 285
2026/09/22 22:34:43.111, 0, 12288, 11831, 285
2026/09/22 22:34:43.319, 0, 12288, 11831, 285
2026/09/22 22:34:43.527, 0, 12288, 11831, 285
2026/09/22 22:34:43.735, 0, 12288, 11831, 285
2026/09/22 22:34:43.943, 0, 12288, 11831, 285
2026/09/22 22:34:44.150, 0, 12288, 11831, 285
2026/09/22 22:34:44.357, 0, 12288, 11831, 285
2026/09/22 22:34:44.564, 0, 12288, 11831, 285
2026/09/22 22:34:44.772, 0, 12288, 11831, 285
2026/09/22 22:34:44.979, 0, 12288, 11831, 285
2026/09/22 22:34:45.187, 0, 12288, 11831, 285
2026/09/22 22:34:45.394, 0, 12288, 11831, 285
2026/09/22 22:34:45.602, 0, 12288, 11831, 285
2026/09/22 22:34:45.810, 0, 12288, 11831, 285
2026/09/22 22:34:46.017, 0, 12288, 11831, 285
2026/09/22 22:34:46.224, 0, 12288, 11831, 285
2026/09/22 22:34:46.429, 0, 12288, 11831, 285
2026/09/22 22:34:46.637, 0, 12288, 11831, 285
2026/09/22 22:34:46.845, 0, 12288, 11831, 285
2026/09/22 22:34:47.050, 0, 12288, 11831, 285
2026/09/22 22:34:47.257, 0, 12288, 11831, 285
2026/09/22 22:34:47.464, 0, 12288, 11831, 285
2026/09/22 22:34:47.672, 0, 12288, 11831, 285
2026/09/22 22:34:47.879, 0, 12288, 11831, 285
2026/09/22 22:34:48.085, 0, 12288, 11831, 285
2026/09/22 22:34:48.291, 0, 12288, 11831, 285
2026/09/22 22:34:48.498, 0, 12288, 11831, 285
2026/09/22 22:34:48.705, 0, 12288, 11831, 285
2026/09/22 22:34:48.913, 0, 12288, 11831, 285
2026/09/22 22:34:49.120, 0, 12288, 11831, 285
2026/09/22 22:34:49.328, 0, 12288, 11831, 285
2026/09/22 22:34:49.536, 0, 12288, 11831, 285
2026/09/22 22:34:49.744, 0, 12288, 11831, 285
2026/09/22 22:34:49.952, 0, 12288, 11831, 285
2026/09/22 22:34:50.157, 0, 12288, 11831, 285
2026/09/22 22:34:50.365, 0, 12288, 11831, 285
2026/09/22 22:34:50.573, 0, 12288, 11831, 285
2026/09/22 22:34:50.780, 0, 12288, 11831, 285
2026/09/22 22:34:50.985, 0, 12288, 11831, 285
2026/09/22 22:34:51.190, 0, 12288, 11831, 285
2026/09/22 22:34:51.398, 0, 12288, 11831, 285
2026/09/22 22:34:51.605, 0, 12288, 11831, 285
2026/09/22 22:34:51.812, 0, 12288, 11831, 285
2026/09/22 22:34:52.020, 0, 12288, 11831, 285
2026/09/22 22:34:52.228, 0, 12288, 11831, 285
2026/09/22 22:34:52.434, 0, 12288, 11831, 285
2026/09/22 22:34:52.641, 0, 12288, 11831, 285
2026/09/22 22:34:52.848, 0, 12288, 11831, 285
2026/09/22 22:34:53.056, 0, 12288, 11831, 285
2026/09/22 22:34:53.263, 0, 12288, 11831, 285
2026/09/22 22:34:53.469, 0, 12288, 11831, 285
2026/09/22 22:34:53.677, 0, 12288, 11831, 285
2026/09/22 22:34:53.884, 0, 12288, 11831, 285
2026/09/22 22:34:54.092, 0, 12288, 11831, 285
2026/09/22 22:34:54.300, 0, 12288, 11831, 285
2026/09/22 22:34:54.507, 0, 12288, 11831, 285
2026/09/22 22:34:54.714, 0, 12288, 11831, 285
2026/09/22 22:34:54.920, 0, 12288, 11831, 285
2026/09/22 22:34:55.128, 0, 12288, 11831, 285
2026/09/22 22:34:55.336, 0, 12288, 11831, 285
2026/09/22 22:34:55.543, 0, 12288, 11831, 285
2026/09/22 22:34:55.763, 0, 12288, 11831, 285
2026/09/22 22:34:55.970, 0, 12288, 11831, 285
2026/09/22 22:34:56.177, 0, 12288, 11831, 285
2026/09/22 22:34:56.385, 0, 12288, 11831, 285
2026/09/22 22:34:56.593, 0, 12288, 11831, 285
2026/09/22 22:34:56.802, 0, 12288, 11831, 285
2026/09/22 22:34:57.009, 0, 12288, 11831, 285
2026/09/22 22:34:57.216, 0, 12288, 11831, 285
2026/09/22 22:34:57.425, 0, 12288, 11831, 285
2026/09/22 22:34:57.632, 0, 12288, 11831, 285
2026/09/22 22:34:57.839, 0, 12288, 11831, 285
2026/09/22 22:34:58.046, 0, 12288, 11831, 285
2026/09/22 22:34:58.251, 0, 12288, 11831, 285
2026/09/22 22:34:58.457, 0, 12288, 11831, 285
2026/09/22 22:34:58.662, 0, 12288, 11831, 285
2026/09/22 22:34:58.869, 0, 12288, 11831, 285
2026/09/22 22:34:59.077, 0, 12288, 11831, 285
2026/09/22 22:34:59.285, 0, 12288, 11831, 285
2026/09/22 22:34:59.494, 0, 12288, 11831, 285
2026/09/22 22:34:59.701, 0, 12288, 11831, 285
2026/09/22 22:34:59.908, 0, 12288, 11831, 285
2026/09/22 22:35:00.116, 0, 12288, 11831, 285
2026/09/22 22:35:00.321, 0, 12288, 11831, 285
2026/09/22 22:35:00.528, 0, 12288, 11831, 285
2026/09/22 22:35:00.731, 0, 12288, 11831, 285
2026/09/22 22:35:00.937, 0, 12288, 11831, 285
2026/09/22 22:35:01.143, 0, 12288, 11831, 285
2026/09/22 22:35:01.351, 0, 12288, 11831, 285
2026/09/22 22:35:01.559, 0, 12288, 11831, 285
2026/09/22 22:35:01.766, 0, 12288, 11831, 285
2026/09/22 22:35:01.975, 0, 12288, 11831, 285
2026/09/22 22:35:02.182, 0, 12288, 11831, 285
2026/09/22 22:35:02.389, 0, 12288, 11831, 285
2026/09/22 22:35:02.597, 0, 12288, 11831, 285
2026/09/22 22:35:02.805, 0, 12288, 11831, 285
2026/09/22 22:35:03.012, 0, 12288, 11831, 285
2026/09/22 22:35:03.219, 0, 12288, 11831, 285
2026/09/22 22:35:03.427, 0, 12288, 11831, 285
2026/09/22 22:35:03.635, 0, 12288, 11831, 285
2026/09/22 22:35:03.843, 0, 12288, 11831, 285
2026/09/22 22:35:04.050, 0, 12288, 11831, 285
2026/09/22 22:35:04.257, 0, 12288, 11831, 285
2026/09/22 22:35:04.464, 0, 12288, 11831, 285
2026/09/22 22:35:04.671, 0, 12288, 11831, 285
2026/09/22 22:35:04.879, 0, 12288, 11831, 285
2026/09/22 22:35:05.086, 0, 12288, 11831, 285
2026/09/22 22:35:05.293, 0, 12288, 11831, 285
2026/09/22 22:35:05.498, 0, 12288, 11831, 285
2026/09/22 22:35:05.706, 0, 12288, 11831, 285
2026/09/22 22:35:05.914, 0, 12288, 11831, 285
2026/09/22 22:35:06.122, 0, 12288, 11831, 285
2026/09/22 22:35:06.329, 0, 12288, 11831, 285
2026/09/22 22:35:06.536, 0, 12288, 11831, 285
2026/09/22 22:35:06.744, 0, 12288, 11831, 285
2026/09/22 22:35:06.952, 0, 12288, 11831, 285
2026/09/22 22:35:07.159, 0, 12288, 11831, 285
2026/09/22 22:35:07.368, 0, 12288, 11831, 285
2026/09/22 22:35:07.576, 0, 12288, 11831, 285
2026/09/22 22:35:07.784, 0, 12288, 11831, 285
2026/09/22 22:35:07.989, 0, 12288, 11831, 285
2026/09/22 22:35:08.194, 0, 12288, 11831, 285
2026/09/22 22:35:08.401, 0, 12288, 11831, 285
2026/09/22 22:35:08.609, 0, 12288, 11831, 285
2026/09/22 22:35:08.817, 0, 12288, 11831, 285
2026/09/22 22:35:09.024, 0, 12288, 11831, 285
2026/09/22 22:35:09.232, 0, 12288, 11831, 285
2026/09/22 22:35:09.439, 0, 12288, 11831, 285
2026/09/22 22:35:09.645, 0, 12288, 11831, 285
2026/09/22 22:35:09.852, 0, 12288, 11831, 285
2026/09/22 22:35:10.060, 0, 12288, 11831, 285
2026/09/22 22:35:10.268, 0, 12288, 11831, 285
2026/09/22 22:35:10.473, 0, 12288, 11831, 285
2026/09/22 22:35:10.680, 0, 12288, 11831, 285
2026/09/22 22:35:10.888, 0, 12288, 11831, 285
2026/09/22 22:35:11.096, 0, 12288, 11831, 285
2026/09/22 22:35:11.304, 0, 12288, 11831, 285
2026/09/22 22:35:11.512, 0, 12288, 11831, 285
2026/09/22 22:35:11.719, 0, 12288, 11831, 285
2026/09/22 22:35:11.925, 0, 12288, 11831, 285
2026/09/22 22:35:12.133, 0, 12288, 11831, 285
2026/09/22 22:35:12.341, 0, 12288, 11831, 285
2026/09/22 22:35:12.547, 0, 12288, 11831, 285
2026/09/22 22:35:12.751, 0, 12288, 11831, 285
2026/09/22 22:35:12.959, 0, 12288, 11831, 285
2026/09/22 22:35:13.168, 0, 12288, 11831, 285
2026/09/22 22:35:13.375, 0, 12288, 11831, 285
2026/09/22 22:35:13.584, 0, 12288, 11831, 285
2026/09/22 22:35:13.791, 0, 12288, 11831, 285
2026/09/22 22:35:13.997, 0, 12288, 11831, 285
2026/09/22 22:35:14.203, 0, 12288, 11831, 285
2026/09/22 22:35:14.408, 0, 12288, 11831, 285
2026/09/22 22:35:14.614, 0, 12288, 11831, 285
2026/09/22 22:35:14.822, 0, 12288, 11831, 285
2026/09/22 22:35:15.029, 0, 12288, 11831, 285
2026/09/22 22:35:15.236, 0, 12288, 11831, 285
2026/09/22 22:35:15.443, 0, 12288, 11831, 285
2026/09/22 22:35:15.651, 0, 12288, 11831, 285
2026/09/22 22:35:15.859, 0, 12288, 11831, 285
2026/09/22 22:35:16.066, 0, 12288, 11831, 285
2026/09/22 22:35:16.274, 0, 12288, 11831, 285
2026/09/22 22:35:16.481, 0, 12288, 11831, 285
2026/09/22 22:35:16.688, 0, 12288, 11831, 285
2026/09/22 22:35:16.896, 0, 12288, 11831, 285
2026/09/22 22:35:17.103, 0, 12288, 11831, 285
2026/09/22 22:35:17.311, 0, 12288, 11831, 285
2026/09/22 22:35:17.518, 0, 12288, 11831, 285
2026/09/22 22:35:17.726, 0, 12288, 11831, 285
2026/09/22 22:35:17.933, 0, 12288, 11831, 285
2026/09/22 22:35:18.140, 0, 12288, 11831, 285
2026/09/22 22:35:18.348, 0, 12288, 11831, 285
2026/09/22 22:35:18.554, 0, 12288, 11831, 285
2026/09/22 22:35:18.761, 0, 12288, 11831, 285
2026/09/22 22:35:18.966, 0, 12288, 11831, 285
2026/09/22 22:35:19.174, 0, 12288, 11831, 285
2026/09/22 22:35:19.381, 0, 12288, 11831, 285
2026/09/22 22:35:19.587, 0, 12288, 11831, 285
2026/09/22 22:35:19.795, 0, 12288, 11831, 285
2026/09/22 22:35:20.002, 0, 12288, 11831, 285
2026/09/22 22:35:20.210, 0, 12288, 11831, 285
2026/09/22 22:35:20.417, 0, 12288, 11831, 285
2026/09/22 22:35:20.623, 0, 12288, 11831, 285
2026/09/22 22:35:20.830, 0, 12288, 11831, 285
2026/09/22 22:35:21.038, 0, 12288, 11831, 285
2026/09/22 22:35:21.246, 0, 12288, 11831, 285
2026/09/22 22:35:21.454, 0, 12288, 11831, 285
2026/09/22 22:35:21.659, 0, 12288, 11831, 285
2026/09/22 22:35:21.866, 0, 12288, 11831, 285
2026/09/22 22:35:22.075, 0, 12288, 11831, 285
2026/09/22 22:35:22.282, 0, 12288, 11831, 285
2026/09/22 22:35:22.489, 0, 12288, 11831, 285
2026/09/22 22:35:22.696, 0, 12288, 11831, 285
2026/09/22 22:35:22.903, 0, 12288, 11831, 285
2026/09/22 22:35:23.109, 0, 12288, 11831, 285
2026/09/22 22:35:23.314, 0, 12288, 11831, 285
2026/09/22 22:35:23.519, 0, 12288, 11831, 285
2026/09/22 22:35:23.727, 0, 12288, 11831, 285
2026/09/22 22:35:23.935, 0, 12288, 11831, 285
2026/09/22 22:35:24.141, 0, 12288, 11831, 285
2026/09/22 22:35:24.345, 0, 12288, 11831, 285
2026/09/22 22:35:24.553, 0, 12288, 11831, 285
2026/09/22 22:35:24.761, 0, 12288, 11831, 285
2026/09/22 22:35:24.968, 0, 12288, 11831, 285
2026/09/22 22:35:25.173, 0, 12288, 11831, 285
2026/09/22 22:35:25.378, 0, 12288, 11831, 285
2026/09/22 22:35:25.584, 0, 12288, 11831, 285
2026/09/22 22:35:25.792, 0, 12288, 11831, 285
2026/09/22 22:35:26.000, 0, 12288, 11831, 285
2026/09/22 22:35:26.207, 0, 12288, 11831, 285
2026/09/22 22:35:26.414, 0, 12288, 11831, 285
2026/09/22 22:35:26.621, 0, 12288, 11831, 285
2026/09/22 22:35:26.828, 0, 12288, 11831, 285
2026/09/22 22:35:27.035, 0, 12288, 11831, 285
2026/09/22 22:35:27.243, 0, 12288, 11831, 285
2026/09/22 22:35:27.450, 0, 12288, 11831, 285
2026/09/22 22:35:27.657, 0, 12288, 11831, 285
2026/09/22 22:35:27.865, 0, 12288, 11831, 285
2026/09/22 22:35:28.072, 0, 12288, 11831, 285
2026/09/22 22:35:28.277, 0, 12288, 11831, 285
2026/09/22 22:35:28.484, 0, 12288, 11831, 285
2026/09/22 22:35:28.691, 0, 12288, 11831, 285
2026/09/22 22:35:28.899, 0, 12288, 11831, 285
2026/09/22 22:35:29.105, 0, 12288, 11831, 285
2026/09/22 22:35:29.312, 0, 12288, 11831, 285
2026/09/22 22:35:29.521, 0, 12288, 11831, 285
2026/09/22 22:35:29.729, 0, 12288, 11831, 285
2026/09/22 22:35:29.937, 0, 12288, 11831, 285
2026/09/22 22:35:30.144, 0, 12288, 11831, 285
2026/09/22 22:35:30.350, 0, 12288, 11831, 285
2026/09/22 22:35:30.558, 0, 12288, 11831, 285
2026/09/22 22:35:30.766, 0, 12288, 11831, 285
2026/09/22 22:35:30.971, 0, 12288, 11831, 285
2026/09/22 22:35:31.179, 0, 12288, 11831, 285
2026/09/22 22:35:31.387, 0, 12288, 11831, 285
2026/09/22 22:35:31.594, 0, 12288, 11831, 285
2026/09/22 22:35:31.800, 0, 12288, 11831, 285
2026/09/22 22:35:32.009, 0, 12288, 11831, 285
2026/09/22 22:35:32.216, 0, 12288, 11831, 285
2026/09/22 22:35:32.424, 0, 12288, 11831, 285
2026/09/22 22:35:32.631, 0, 12288, 11831, 285
2026/09/22 22:35:32.838, 0, 12288, 11831, 285
2026/09/22 22:35:33.046, 0, 12288, 11831, 285
2026/09/22 22:35:33.253, 0, 12288, 11831, 285
2026/09/22 22:35:33.461, 0, 12288, 11831, 285
2026/09/22 22:35:33.669, 0, 12288, 11831, 285
2026/09/22 22:35:33.877, 0, 12288, 11831, 285
2026/09/22 22:35:34.085, 0, 12288, 11831, 285
2026/09/22 22:35:34.292, 0, 12288, 11831, 285
2026/09/22 22:35:34.500, 0, 12288, 11831, 285
2026/09/22 22:35:34.706, 0, 12288, 11831, 285
2026/09/22 22:35:34.914, 0, 12288, 11831, 285
2026/09/22 22:35:35.122, 0, 12288, 11831, 285
2026/09/22 22:35:35.330, 0, 12288, 11831, 285
2026/09/22 22:35:35.536, 0, 12288, 11831, 285
2026/09/22 22:35:35.744, 0, 12288, 11831, 285
2026/09/22 22:35:35.950, 0, 12288, 11831, 285
2026/09/22 22:35:36.158, 0, 12288, 11831, 285
2026/09/22 22:35:36.365, 0, 12288, 11831, 285
2026/09/22 22:35:36.573, 0, 12288, 11831, 285
2026/09/22 22:35:36.780, 0, 12288, 11831, 285
2026/09/22 22:35:36.988, 0, 12288, 11831, 285
2026/09/22 22:35:37.196, 0, 12288, 11831, 285
2026/09/22 22:35:37.404, 0, 12288, 11831, 285
2026/09/22 22:35:37.610, 0, 12288, 11831, 285
2026/09/22 22:35:37.815, 0, 12288, 11831, 285
2026/09/22 22:35:38.022, 0, 12288, 11831, 285
2026/09/22 22:35:38.228, 0, 12288, 11831, 285
2026/09/22 22:35:38.434, 0, 12288, 11831, 285
2026/09/22 22:35:38.639, 0, 12288, 11831, 285
2026/09/22 22:35:38.847, 0, 12288, 11831, 285
2026/09/22 22:35:39.053, 0, 12288, 11831, 285
2026/09/22 22:35:39.258, 0, 12288, 11831, 285
2026/09/22 22:35:39.465, 0, 12288, 11831, 285
2026/09/22 22:35:39.670, 0, 12288, 11831, 285
2026/09/22 22:35:39.876, 0, 12288, 11831, 285
2026/09/22 22:35:40.082, 0, 12288, 11831, 285
2026/09/22 22:35:40.290, 0, 12288, 11831, 285
2026/09/22 22:35:40.497, 0, 12288, 11831, 285
2026/09/22 22:35:40.704, 0, 12288, 11831, 285
2026/09/22 22:35:40.910, 0, 12288, 11831, 285
2026/09/22 22:35:41.117, 0, 12288, 11831, 285
2026/09/22 22:35:41.324, 0, 12288, 11831, 285
2026/09/22 22:35:41.533, 0, 12288, 11831, 285
2026/09/22 22:35:41.737, 0, 12288, 11831, 285
2026/09/22 22:35:41.944, 0, 12288, 11831, 285
2026/09/22 22:35:42.150, 0, 12288, 11831, 285
2026/09/22 22:35:42.358, 0, 12288, 11831, 285
2026/09/22 22:35:42.564, 0, 12288, 11831, 285
2026/09/22 22:35:42.769, 0, 12288, 11831, 285
2026/09/22 22:35:42.976, 0, 12288, 11831, 285
2026/09/22 22:35:43.183, 0, 12288, 11831, 285
2026/09/22 22:35:43.389, 0, 12288, 11831, 285
2026/09/22 22:35:43.597, 0, 12288, 11831, 285
2026/09/22 22:35:43.804, 0, 12288, 11831, 285
2026/09/22 22:35:44.010, 0, 12288, 11831, 285
2026/09/22 22:35:44.216, 0, 12288, 11831, 285
2026/09/22 22:35:44.423, 0, 12288, 11831, 285
2026/09/22 22:35:44.629, 0, 12288, 11831, 285
2026/09/22 22:35:44.836, 0, 12288, 11831, 285
2026/09/22 22:35:45.043, 0, 12288, 11831, 285
2026/09/22 22:35:45.249, 0, 12288, 11831, 285
2026/09/22 22:35:45.454, 0, 12288, 11831, 285
2026/09/22 22:35:45.660, 0, 12288, 11831, 285
2026/09/22 22:35:45.865, 0, 12288, 11831, 285
2026/09/22 22:35:46.071, 0, 12288, 11831, 285
2026/09/22 22:35:46.278, 0, 12288, 11831, 285
2026/09/22 22:35:46.486, 0, 12288, 11831, 285
2026/09/22 22:35:46.694, 0, 12288, 11831, 285
2026/09/22 22:35:46.899, 0, 12288, 11831, 285
2026/09/22 22:35:47.106, 0, 12288, 11831, 285
2026/09/22 22:35:47.312, 0, 12288, 11831, 285
2026/09/22 22:35:47.519, 0, 12288, 11831, 285
2026/09/22 22:35:47.727, 0, 12288, 11831, 285
2026/09/22 22:35:47.933, 0, 12288, 11831, 285
2026/09/22 22:35:48.141, 0, 12288, 11831, 285
2026/09/22 22:35:48.347, 0, 12288, 11831, 285
2026/09/22 22:35:48.552, 0, 12288, 11831, 285
2026/09/22 22:35:48.759, 0, 12288, 11831, 285
2026/09/22 22:35:48.967, 0, 12288, 11831, 285
2026/09/22 22:35:49.174, 0, 12288, 11831, 285
2026/09/22 22:35:49.383, 0, 12288, 11831, 285
2026/09/22 22:35:49.588, 0, 12288, 11831, 285
2026/09/22 22:35:49.795, 0, 12288, 11831, 285
2026/09/22 22:35:50.002, 0, 12288, 11831, 285
2026/09/22 22:35:50.209, 0, 12288, 11831, 285
2026/09/22 22:35:50.416, 0, 12288, 11831, 285
2026/09/22 22:35:50.624, 0, 12288, 11831, 285
2026/09/22 22:35:50.833, 0, 12288, 11831, 285
2026/09/22 22:35:51.039, 0, 12288, 11831, 285
2026/09/22 22:35:51.247, 0, 12288, 11831, 285
2026/09/22 22:35:51.452, 0, 12288, 11831, 285
2026/09/22 22:35:51.659, 0, 12288, 11831, 285
2026/09/22 22:35:51.866, 0, 12288, 11831, 285
2026/09/22 22:35:52.074, 0, 12288, 11831, 285
2026/09/22 22:35:52.281, 0, 12288, 11831, 285
2026/09/22 22:35:52.489, 0, 12288, 11831, 285
2026/09/22 22:35:52.695, 0, 12288, 11831, 285
2026/09/22 22:35:52.903, 0, 12288, 11831, 285
2026/09/22 22:35:53.110, 0, 12288, 11831, 285
2026/09/22 22:35:53.318, 0, 12288, 11831, 285
2026/09/22 22:35:53.523, 0, 12288, 11831, 285
2026/09/22 22:35:53.730, 0, 12288, 11831, 285
2026/09/22 22:35:53.936, 0, 12288, 11831, 285
2026/09/22 22:35:54.143, 0, 12288, 11831, 285
2026/09/22 22:35:54.347, 0, 12288, 11831, 285
2026/09/22 22:35:54.554, 0, 12288, 11831, 285
2026/09/22 22:35:54.759, 0, 12288, 11831, 285
2026/09/22 22:35:54.966, 0, 12288, 11831, 285
2026/09/22 22:35:55.173, 0, 12288, 11831, 285
2026/09/22 22:35:55.375, 0, 12288, 11831, 285
2026/09/22 22:35:55.582, 0, 12288, 11831, 285
2026/09/22 22:35:55.791, 0, 12288, 11831, 285
2026/09/22 22:35:55.995, 0, 12288, 11831, 285
2026/09/22 22:35:56.200, 0, 12288, 11831, 285
2026/09/22 22:35:56.408, 0, 12288, 11831, 285
2026/09/22 22:35:56.614, 0, 12288, 11831, 285
2026/09/22 22:35:56.820, 0, 12288, 11831, 285
2026/09/22 22:35:57.027, 0, 12288, 11831, 285
2026/09/22 22:35:57.235, 0, 12288, 11831, 285
2026/09/22 22:35:57.443, 0, 12288, 11831, 285
2026/09/22 22:35:57.650, 0, 12288, 11831, 285
2026/09/22 22:35:57.857, 0, 12288, 11831, 285
2026/09/22 22:35:58.064, 0, 12288, 11831, 285
2026/09/22 22:35:58.271, 0, 12288, 11831, 285
2026/09/22 22:35:58.478, 0, 12288, 11831, 285
2026/09/22 22:35:58.685, 0, 12288, 11831, 285
2026/09/22 22:35:58.892, 0, 12288, 11831, 285
2026/09/22 22:35:59.099, 0, 12288, 11831, 285
2026/09/22 22:35:59.306, 0, 12288, 11831, 285
2026/09/22 22:35:59.514, 0, 12288, 11831, 285
2026/09/22 22:35:59.721, 0, 12288, 11831, 285
2026/09/22 22:35:59.929, 0, 12288, 11831, 285
2026/09/22 22:36:00.137, 0, 12288, 11831, 285
2026/09/22 22:36:00.345, 0, 12288, 11831, 285
2026/09/22 22:36:00.553, 0, 12288, 11831, 285
2026/09/22 22:36:00.757, 0, 12288, 11831, 285
2026/09/22 22:36:00.965, 0, 12288, 11831, 285
2026/09/22 22:36:01.173, 0, 12288, 11831, 285
2026/09/22 22:36:01.378, 0, 12288, 11831, 285
2026/09/22 22:36:01.585, 0, 12288, 11831, 285
2026/09/22 22:36:01.792, 0, 12288, 11831, 285
2026/09/22 22:36:02.000, 0, 12288, 11831, 285
2026/09/22 22:36:02.207, 0, 12288, 11831, 285
2026/09/22 22:36:02.415, 0, 12288, 11831, 285
2026/09/22 22:36:02.622, 0, 12288, 11831, 285
2026/09/22 22:36:02.830, 0, 12288, 11831, 285
2026/09/22 22:36:03.034, 0, 12288, 11831, 285
2026/09/22 22:36:03.241, 0, 12288, 11831, 285
2026/09/22 22:36:03.448, 0, 12288, 11831, 285
2026/09/22 22:36:03.656, 0, 12288, 11831, 285
2026/09/22 22:36:03.863, 0, 12288, 11831, 285
2026/09/22 22:36:04.070, 0, 12288, 11831, 285
2026/09/22 22:36:04.278, 0, 12288, 11831, 285
2026/09/22 22:36:04.484, 0, 12288, 11831, 285
2026/09/22 22:36:04.689, 0, 12288, 11831, 285
2026/09/22 22:36:04.897, 0, 12288, 11831, 285
2026/09/22 22:36:05.105, 0, 12288, 11831, 285
2026/09/22 22:36:05.311, 0, 12288, 11831, 285
2026/09/22 22:36:05.516, 0, 12288, 11831, 285
2026/09/22 22:36:05.720, 0, 12288, 11831, 285
2026/09/22 22:36:05.927, 0, 12288, 11831, 285
2026/09/22 22:36:06.134, 0, 12288, 11831, 285
2026/09/22 22:36:06.342, 0, 12288, 11831, 285
2026/09/22 22:36:06.549, 0, 12288, 11831, 285
2026/09/22 22:36:06.756, 0, 12288, 11831, 285
2026/09/22 22:36:06.964, 0, 12288, 11831, 285
2026/09/22 22:36:07.172, 0, 12288, 11831, 285
2026/09/22 22:36:07.380, 0, 12288, 11831, 285
2026/09/22 22:36:07.587, 0, 12288, 11831, 285
2026/09/22 22:36:07.793, 0, 12288, 11831, 285
2026/09/22 22:36:08.001, 0, 12288, 11831, 285
2026/09/22 22:36:08.208, 0, 12288, 11831, 285
2026/09/22 22:36:08.416, 0, 12288, 11831, 285
2026/09/22 22:36:08.621, 0, 12288, 11831, 285
2026/09/22 22:36:08.829, 0, 12288, 11831, 285
2026/09/22 22:36:09.037, 0, 12288, 11831, 285
2026/09/22 22:36:09.244, 0, 12288, 11831, 285
2026/09/22 22:36:09.451, 0, 12288, 11831, 285
2026/09/22 22:36:09.657, 0, 12288, 11831, 285
2026/09/22 22:36:09.863, 0, 12288, 11831, 285
2026/09/22 22:36:10.068, 0, 12288, 11831, 285
2026/09/22 22:36:10.276, 0, 12288, 11831, 285
2026/09/22 22:36:10.482, 0, 12288, 11831, 285
2026/09/22 22:36:10.689, 0, 12288, 11831, 285
2026/09/22 22:36:10.896, 0, 12288, 11831, 285
2026/09/22 22:36:11.104, 0, 12288, 11831, 285
2026/09/22 22:36:11.312, 0, 12288, 11831, 285
2026/09/22 22:36:11.520, 0, 12288, 11831, 285
2026/09/22 22:36:11.728, 0, 12288, 11831, 285
2026/09/22 22:36:11.936, 0, 12288, 11831, 285
2026/09/22 22:36:12.144, 0, 12288, 11831, 285
2026/09/22 22:36:12.351, 0, 12288, 11831, 285
2026/09/22 22:36:12.559, 0, 12288, 11831, 285
2026/09/22 22:36:12.765, 0, 12288, 11831, 285
2026/09/22 22:36:12.972, 0, 12288, 11831, 285
2026/09/22 22:36:13.179, 0, 12288, 11831, 285
2026/09/22 22:36:13.386, 0, 12288, 11831, 285
2026/09/22 22:36:13.593, 0, 12288, 11831, 285
2026/09/22 22:36:13.800, 0, 12288, 11831, 285
2026/09/22 22:36:14.008, 0, 12288, 11831, 285
2026/09/22 22:36:14.214, 0, 12288, 11831, 285
2026/09/22 22:36:14.421, 0, 12288, 11831, 285
2026/09/22 22:36:14.625, 0, 12288, 11831, 285
2026/09/22 22:36:14.833, 0, 12288, 11831, 285
2026/09/22 22:36:15.040, 0, 12288, 11831, 285
2026/09/22 22:36:15.248, 0, 12288, 11831, 285
2026/09/22 22:36:15.454, 0, 12288, 11831, 285
2026/09/22 22:36:15.659, 0, 12288, 11831, 285
2026/09/22 22:36:15.866, 0, 12288, 11831, 285
2026/09/22 22:36:16.075, 0, 12288, 11831, 285
2026/09/22 22:36:16.281, 0, 12288, 11831, 285
2026/09/22 22:36:16.487, 0, 12288, 11831, 285
2026/09/22 22:36:16.694, 0, 12288, 11831, 285
2026/09/22 22:36:16.902, 0, 12288, 11831, 285
2026/09/22 22:36:17.110, 0, 12288, 11831, 285
2026/09/22 22:36:17.318, 0, 12288, 11831, 285
2026/09/22 22:36:17.523, 0, 12288, 11831, 285
2026/09/22 22:36:17.730, 0, 12288, 11831, 285
2026/09/22 22:36:17.938, 0, 12288, 11831, 285
2026/09/22 22:36:18.144, 0, 12288, 11831, 285
2026/09/22 22:36:18.352, 0, 12288, 11831, 285
2026/09/22 22:36:18.560, 0, 12288, 11831, 285
2026/09/22 22:36:18.768, 0, 12288, 11831, 285
2026/09/22 22:36:18.975, 0, 12288, 11831, 285
2026/09/22 22:36:19.183, 0, 12288, 11831, 285
2026/09/22 22:36:19.389, 0, 12288, 11831, 285
2026/09/22 22:36:19.594, 0, 12288, 11831, 285
2026/09/22 22:36:19.798, 0, 12288, 11831, 285
2026/09/22 22:36:20.004, 0, 12288, 11831, 285
2026/09/22 22:36:20.210, 0, 12288, 11831, 285
2026/09/22 22:36:20.417, 0, 12288, 11831, 285
2026/09/22 22:36:20.624, 0, 12288, 11831, 285
2026/09/22 22:36:20.832, 0, 12288, 11831, 285
2026/09/22 22:36:21.040, 0, 12288, 11831, 285
2026/09/22 22:36:21.245, 0, 12288, 11831, 285
2026/09/22 22:36:21.453, 0, 12288, 11831, 285
2026/09/22 22:36:21.661, 0, 12288, 11831, 285
2026/09/22 22:36:21.869, 0, 12288, 11831, 285
2026/09/22 22:36:22.077, 0, 12288, 11831, 285
2026/09/22 22:36:22.283, 0, 12288, 11831, 285
2026/09/22 22:36:22.489, 0, 12288, 11831, 285
2026/09/22 22:36:22.696, 0, 12288, 11831, 285
2026/09/22 22:36:22.902, 0, 12288, 11831, 285
2026/09/22 22:36:23.110, 0, 12288, 11831, 285
2026/09/22 22:36:23.317, 0, 12288, 11831, 285
2026/09/22 22:36:23.524, 0, 12288, 11831, 285
2026/09/22 22:36:23.731, 0, 12288, 11831, 285
2026/09/22 22:36:23.937, 0, 12288, 11831, 285
2026/09/22 22:36:24.143, 0, 12288, 11831, 285
2026/09/22 22:36:24.349, 0, 12288, 11831, 285
2026/09/22 22:36:24.556, 0, 12288, 11831, 285
2026/09/22 22:36:24.763, 0, 12288, 11831, 285
2026/09/22 22:36:24.971, 0, 12288, 11831, 285
2026/09/22 22:36:25.179, 0, 12288, 11831, 285
2026/09/22 22:36:25.384, 0, 12288, 11831, 285
2026/09/22 22:36:25.591, 0, 12288, 11831, 285
2026/09/22 22:36:25.798, 0, 12288, 11831, 285
2026/09/22 22:36:26.005, 0, 12288, 11831, 285
2026/09/22 22:36:26.212, 0, 12288, 11831, 285
2026/09/22 22:36:26.420, 0, 12288, 11831, 285
2026/09/22 22:36:26.626, 0, 12288, 11831, 285
2026/09/22 22:36:26.830, 0, 12288, 11831, 285
2026/09/22 22:36:27.036, 0, 12288, 11831, 285
2026/09/22 22:36:27.243, 0, 12288, 11831, 285
2026/09/22 22:36:27.449, 0, 12288, 11831, 285
2026/09/22 22:36:27.654, 0, 12288, 11831, 285
2026/09/22 22:36:27.859, 0, 12288, 11831, 285
2026/09/22 22:36:28.063, 0, 12288, 11831, 285
2026/09/22 22:36:28.267, 0, 12288, 11831, 285
2026/09/22 22:36:28.472, 0, 12288, 11831, 285
2026/09/22 22:36:28.678, 0, 12288, 11831, 285
2026/09/22 22:36:28.884, 0, 12288, 11831, 285
2026/09/22 22:36:29.090, 0, 12288, 11831, 285
2026/09/22 22:36:29.297, 0, 12288, 11831, 285
2026/09/22 22:36:29.501, 0, 12288, 11831, 285
2026/09/22 22:36:29.707, 0, 12288, 11831, 285
2026/09/22 22:36:29.914, 0, 12288, 11831, 285
2026/09/22 22:36:30.120, 0, 12288, 11831, 285
2026/09/22 22:36:30.328, 0, 12288, 11831, 285
2026/09/22 22:36:30.533, 0, 12288, 11831, 285
2026/09/22 22:36:30.737, 0, 12288, 11831, 285
2026/09/22 22:36:30.944, 0, 12288, 11831, 285
2026/09/22 22:36:31.149, 0, 12288, 11831, 285
2026/09/22 22:36:31.357, 0, 12288, 11831, 285
2026/09/22 22:36:31.563, 0, 12288, 11831, 285
2026/09/22 22:36:31.768, 0, 12288, 11831, 285
2026/09/22 22:36:31.971, 0, 12288, 11831, 285
2026/09/22 22:36:32.175, 0, 12288, 11831, 285
2026/09/22 22:36:32.383, 0, 12288, 11831, 285
2026/09/22 22:36:32.589, 0, 12288, 11831, 285
2026/09/22 22:36:32.794, 0, 12288, 11831, 285
2026/09/22 22:36:33.001, 0, 12288, 11831, 285
2026/09/22 22:36:33.207, 0, 12288, 11831, 285
2026/09/22 22:36:33.414, 0, 12288, 11831, 285
2026/09/22 22:36:33.621, 0, 12288, 11831, 285
2026/09/22 22:36:33.827, 0, 12288, 11831, 285
2026/09/22 22:36:34.033, 0, 12288, 11831, 285
2026/09/22 22:36:34.238, 0, 12288, 11831, 285
2026/09/22 22:36:34.444, 0, 12288, 11831, 285
2026/09/22 22:36:34.651, 0, 12288, 11831, 285
2026/09/22 22:36:34.857, 0, 12288, 11831, 285
2026/09/22 22:36:35.064, 0, 12288, 11831, 285
2026/09/22 22:36:35.269, 0, 12288, 11831, 285
2026/09/22 22:36:35.472, 0, 12288, 11831, 285
2026/09/22 22:36:35.680, 0, 12288, 11831, 285
2026/09/22 22:36:35.884, 0, 12288, 11831, 285
2026/09/22 22:36:36.092, 0, 12288, 11831, 285
2026/09/22 22:36:36.297, 0, 12288, 11831, 285
2026/09/22 22:36:36.502, 0, 12288, 11831, 285
2026/09/22 22:36:36.710, 0, 12288, 11831, 285
2026/09/22 22:36:36.914, 0, 12288, 11831, 285
2026/09/22 22:36:37.118, 0, 12288, 11831, 285
2026/09/22 22:36:37.325, 0, 12288, 11831, 285
2026/09/22 22:36:37.531, 0, 12288, 11831, 285
2026/09/22 22:36:37.739, 0, 12288, 11831, 285
2026/09/22 22:36:37.944, 0, 12288, 11831, 285
2026/09/22 22:36:38.149, 0, 12288, 11831, 285
2026/09/22 22:36:38.356, 0, 12288, 11831, 285
2026/09/22 22:36:38.561, 0, 12288, 11831, 285
2026/09/22 22:36:38.767, 0, 12288, 11831, 285
2026/09/22 22:36:38.972, 0, 12288, 11831, 285
2026/09/22 22:36:39.177, 0, 12288, 11831, 285
2026/09/22 22:36:39.384, 0, 12288, 11831, 285
2026/09/22 22:36:39.591, 0, 12288, 11831, 285
2026/09/22 22:36:39.795, 0, 12288, 11831, 285
2026/09/22 22:36:40.002, 0, 12288, 11831, 285
2026/09/22 22:36:40.208, 0, 12288, 11831, 285
2026/09/22 22:36:40.414, 0, 12288, 11831, 285
2026/09/22 22:36:40.622, 0, 12288, 11831, 285
2026/09/22 22:36:40.826, 0, 12288, 11831, 285
2026/09/22 22:36:41.033, 0, 12288, 11831, 285
2026/09/22 22:36:41.241, 0, 12288, 11831, 285
2026/09/22 22:36:41.443, 0, 12288, 11831, 285
2026/09/22 22:36:41.650, 0, 12288, 11831, 285
2026/09/22 22:36:41.857, 0, 12288, 11831, 285
2026/09/22 22:36:42.062, 0, 12288, 11831, 285
2026/09/22 22:36:42.269, 0, 12288, 11831, 285
2026/09/22 22:36:42.476, 0, 12288, 11831, 285
2026/09/22 22:36:42.681, 0, 12288, 11831, 285
2026/09/22 22:36:42.889, 0, 12288, 11831, 285
2026/09/22 22:36:43.094, 0, 12288, 11831, 285
2026/09/22 22:36:43.299, 0, 12288, 11831, 285
2026/09/22 22:36:43.506, 0, 12288, 11831, 285
2026/09/22 22:36:43.710, 0, 12288, 11831, 285
2026/09/22 22:36:43.917, 0, 12288, 11831, 285
2026/09/22 22:36:44.125, 0, 12288, 11831, 285
2026/09/22 22:36:44.330, 0, 12288, 11831, 285
2026/09/22 22:36:44.538, 0, 12288, 11831, 285
2026/09/22 22:36:44.742, 0, 12288, 11831, 285
2026/09/22 22:36:44.950, 0, 12288, 11831, 285
2026/09/22 22:36:45.157, 0, 12288, 11831, 285
2026/09/22 22:36:45.360, 0, 12288, 11831, 285
2026/09/22 22:36:45.568, 0, 12288, 11831, 285
2026/09/22 22:36:45.775, 0, 12288, 11831, 285
2026/09/22 22:36:45.979, 0, 12288, 11831, 285
2026/09/22 22:36:46.187, 0, 12288, 11831, 285
2026/09/22 22:36:46.395, 0, 12288, 11831, 285
2026/09/22 22:36:46.599, 0, 12288, 11831, 285
2026/09/22 22:36:46.808, 0, 12288, 11831, 285
2026/09/22 22:36:47.014, 0, 12288, 11831, 285
2026/09/22 22:36:47.222, 0, 12288, 11831, 285
2026/09/22 22:36:47.428, 0, 12288, 11831, 285
2026/09/22 22:36:47.632, 0, 12288, 11831, 285
2026/09/22 22:36:47.837, 0, 12288, 11831, 285
2026/09/22 22:36:48.044, 0, 12288, 11831, 285
2026/09/22 22:36:48.245, 0, 12288, 11831, 285
2026/09/22 22:36:48.452, 0, 12288, 11831, 285
2026/09/22 22:36:48.659, 0, 12288, 11831, 285
2026/09/22 22:36:48.864, 0, 12288, 11831, 285
2026/09/22 22:36:49.072, 0, 12288, 11831, 285
2026/09/22 22:36:49.278, 0, 12288, 11831, 285
2026/09/22 22:36:49.483, 0, 12288, 11831, 285
2026/09/22 22:36:49.691, 0, 12288, 11831, 285
2026/09/22 22:36:49.895, 0, 12288, 11831, 285
2026/09/22 22:36:50.101, 0, 12288, 11831, 285
2026/09/22 22:36:50.308, 0, 12288, 11831, 285
2026/09/22 22:36:50.512, 0, 12288, 11831, 285
2026/09/22 22:36:50.719, 0, 12288, 11831, 285
2026/09/22 22:36:50.926, 0, 12288, 11831, 285
2026/09/22 22:36:51.130, 0, 12288, 11831, 285
2026/09/22 22:36:51.338, 0, 12288, 11831, 285
2026/09/22 22:36:51.545, 0, 12288, 11831, 285
2026/09/22 22:36:51.749, 0, 12288, 11831, 285
2026/09/22 22:36:51.957, 0, 12288, 11831, 285
2026/09/22 22:36:52.164, 0, 12288, 11831, 285
2026/09/22 22:36:52.369, 0, 12288, 11831, 285
2026/09/22 22:36:52.575, 0, 12288, 11831, 285
2026/09/22 22:36:52.779, 0, 12288, 11831, 285
2026/09/22 22:36:53.000, 0, 12288, 11831, 285
2026/09/22 22:36:53.208, 0, 12288, 11831, 285
2026/09/22 22:36:53.413, 0, 12288, 11831, 285
2026/09/22 22:36:53.620, 0, 12288, 11831, 285
2026/09/22 22:36:53.829, 0, 12288, 11831, 285
2026/09/22 22:36:54.032, 0, 12288, 11831, 285
2026/09/22 22:36:54.238, 0, 12288, 11831, 285
2026/09/22 22:36:54.446, 0, 12288, 11831, 285
2026/09/22 22:36:54.648, 0, 12288, 11831, 285
2026/09/22 22:36:54.853, 0, 12288, 11831, 285
2026/09/22 22:36:55.059, 0, 12288, 11831, 285
2026/09/22 22:36:55.263, 0, 12288, 11831, 285
2026/09/22 22:36:55.470, 0, 12288, 11831, 285
2026/09/22 22:36:55.674, 0, 12288, 11831, 285
2026/09/22 22:36:55.877, 0, 12288, 11831, 285
2026/09/22 22:36:56.082, 0, 12288, 11831, 285
2026/09/22 22:36:56.288, 0, 12288, 11831, 285
2026/09/22 22:36:56.493, 0, 12288, 11831, 285
2026/09/22 22:36:56.700, 0, 12288, 11831, 285
2026/09/22 22:36:56.905, 0, 12288, 11831, 285
2026/09/22 22:36:57.110, 0, 12288, 11831, 285
2026/09/22 22:36:57.316, 0, 12288, 11831, 285
2026/09/22 22:36:57.522, 0, 12288, 11831, 285
2026/09/22 22:36:57.728, 0, 12288, 11831, 285
2026/09/22 22:36:57.935, 0, 12288, 11831, 285
2026/09/22 22:36:58.139, 0, 12288, 11831, 285
2026/09/22 22:36:58.346, 0, 12288, 11831, 285
2026/09/22 22:36:58.552, 0, 12288, 11831, 285
2026/09/22 22:36:58.757, 0, 12288, 11831, 285
2026/09/22 22:36:58.963, 0, 12288, 11831, 285
2026/09/22 22:36:59.170, 0, 12288, 11831, 285
2026/09/22 22:36:59.373, 0, 12288, 11831, 285
2026/09/22 22:36:59.580, 0, 12288, 11831, 285
2026/09/22 22:36:59.788, 0, 12288, 11831, 285
2026/09/22 22:36:59.990, 0, 12288, 11831, 285
2026/09/22 22:37:00.198, 0, 12288, 11831, 285
2026/09/22 22:37:00.404, 0, 12288, 11831, 285
2026/09/22 22:37:00.610, 0, 12288, 11831, 285
2026/09/22 22:37:00.818, 0, 12288, 11831, 285
2026/09/22 22:37:01.025, 0, 12288, 11831, 285
2026/09/22 22:37:01.233, 0, 12288, 11831, 285
2026/09/22 22:37:01.440, 0, 12288, 11831, 285
2026/09/22 22:37:01.647, 0, 12288, 11831, 285
2026/09/22 22:37:01.855, 0, 12288, 11831, 285
2026/09/22 22:37:02.062, 0, 12288, 11831, 285
2026/09/22 22:37:02.268, 0, 12288, 11831, 285
2026/09/22 22:37:02.471, 0, 12288, 11831, 285
2026/09/22 22:37:02.677, 0, 12288, 11831, 285
2026/09/22 22:37:02.884, 0, 12288, 11831, 285
2026/09/22 22:37:03.090, 0, 12288, 11831, 285
2026/09/22 22:37:03.296, 0, 12288, 11831, 285
2026/09/22 22:37:03.501, 0, 12288, 11831, 285
2026/09/22 22:37:03.706, 0, 12288, 11831, 285
2026/09/22 22:37:03.914, 0, 12288, 11831, 285
2026/09/22 22:37:04.122, 0, 12288, 11831, 285
2026/09/22 22:37:04.325, 0, 12288, 11831, 285
2026/09/22 22:37:04.532, 0, 12288, 11831, 285
2026/09/22 22:37:04.738, 0, 12288, 11831, 285
2026/09/22 22:37:04.944, 0, 12288, 11831, 285
2026/09/22 22:37:05.152, 0, 12288, 11831, 285
2026/09/22 22:37:05.358, 0, 12288, 11831, 285
2026/09/22 22:37:05.563, 0, 12288, 11831, 285
2026/09/22 22:37:05.768, 0, 12288, 11831, 285
2026/09/22 22:37:05.975, 0, 12288, 11831, 285
2026/09/22 22:37:06.182, 0, 12288, 11831, 285
2026/09/22 22:37:06.388, 0, 12288, 11831, 285
2026/09/22 22:37:06.595, 0, 12288, 11831, 285
2026/09/22 22:37:06.799, 0, 12288, 11831, 285
2026/09/22 22:37:07.006, 0, 12288, 11831, 285
2026/09/22 22:37:07.213, 0, 12288, 11831, 285
2026/09/22 22:37:07.419, 0, 12288, 11831, 285
2026/09/22 22:37:07.625, 0, 12288, 11831, 285
2026/09/22 22:37:07.833, 0, 12288, 11831, 285
2026/09/22 22:37:08.040, 0, 12288, 11831, 285
2026/09/22 22:37:08.247, 0, 12288, 11831, 285
2026/09/22 22:37:08.451, 0, 12288, 11831, 285
2026/09/22 22:37:08.657, 0, 12288, 11831, 285
2026/09/22 22:37:08.865, 0, 12288, 11831, 285
2026/09/22 22:37:09.072, 0, 12288, 11831, 285
2026/09/22 22:37:09.280, 0, 12288, 11831, 285
2026/09/22 22:37:09.488, 0, 12288, 11831, 285
2026/09/22 22:37:09.696, 0, 12288, 11831, 285
2026/09/22 22:37:09.904, 0, 12288, 11831, 285
2026/09/22 22:37:10.111, 0, 12288, 11831, 285
2026/09/22 22:37:10.318, 0, 12288, 11831, 285
2026/09/22 22:37:10.524, 0, 12288, 11831, 285
2026/09/22 22:37:10.732, 0, 12288, 11831, 285
2026/09/22 22:37:10.937, 0, 12288, 11831, 285
2026/09/22 22:37:11.144, 0, 12288, 11831, 285
2026/09/22 22:37:11.349, 0, 12288, 11831, 285
2026/09/22 22:37:11.555, 0, 12288, 11831, 285
2026/09/22 22:37:11.763, 0, 12288, 11831, 285
2026/09/22 22:37:11.971, 0, 12288, 11831, 285
2026/09/22 22:37:12.177, 0, 12288, 11831, 285
2026/09/22 22:37:12.385, 0, 12288, 11831, 285
2026/09/22 22:37:12.591, 0, 12288, 11831, 285
2026/09/22 22:37:12.799, 0, 12288, 11831, 285
2026/09/22 22:37:13.006, 0, 12288, 11831, 285
2026/09/22 22:37:13.212, 0, 12288, 11831, 285
2026/09/22 22:37:13.420, 0, 12288, 11831, 285
2026/09/22 22:37:13.625, 0, 12288, 11831, 285
2026/09/22 22:37:13.832, 0, 12288, 11831, 285
2026/09/22 22:37:14.039, 0, 12288, 11831, 285
2026/09/22 22:37:14.244, 0, 12288, 11831, 285
2026/09/22 22:37:14.451, 0, 12288, 11831, 285
2026/09/22 22:37:14.658, 0, 12288, 11831, 285
2026/09/22 22:37:14.860, 0, 12288, 11831, 285
2026/09/22 22:37:15.067, 0, 12288, 11831, 285
2026/09/22 22:37:15.273, 0, 12288, 11831, 285
2026/09/22 22:37:15.479, 0, 12288, 11831, 285
2026/09/22 22:37:15.686, 0, 12288, 11831, 285
2026/09/22 22:37:15.893, 0, 12288, 11831, 285
2026/09/22 22:37:16.096, 0, 12288, 11831, 285
2026/09/22 22:37:16.304, 0, 12288, 11831, 285
2026/09/22 22:37:16.512, 0, 12288, 11831, 285
2026/09/22 22:37:16.719, 0, 12288, 11831, 285
2026/09/22 22:37:16.926, 0, 12288, 11831, 285
2026/09/22 22:37:17.134, 0, 12288, 11831, 285
2026/09/22 22:37:17.342, 0, 12288, 11831, 285
2026/09/22 22:37:17.550, 0, 12288, 11831, 285
2026/09/22 22:37:17.758, 0, 12288, 11831, 285
2026/09/22 22:37:17.966, 0, 12288, 11831, 285
2026/09/22 22:37:18.173, 0, 12288, 11831, 285
2026/09/22 22:37:18.379, 0, 12288, 11831, 285
2026/09/22 22:37:18.584, 0, 12288, 11831, 285
2026/09/22 22:37:18.791, 0, 12288, 11831, 285
2026/09/22 22:37:18.999, 0, 12288, 11831, 285
2026/09/22 22:37:19.207, 0, 12288, 11831, 285
2026/09/22 22:37:19.413, 0, 12288, 11831, 285
2026/09/22 22:37:19.620, 0, 12288, 11831, 285
2026/09/22 22:37:19.828, 0, 12288, 11831, 285
2026/09/22 22:37:20.035, 0, 12288, 11831, 285
2026/09/22 22:37:20.257, 0, 12288, 11831, 285
2026/09/22 22:37:20.465, 0, 12288, 11831, 285
2026/09/22 22:37:20.671, 0, 12288, 11831, 285
2026/09/22 22:37:20.877, 0, 12288, 11831, 285
2026/09/22 22:37:21.085, 0, 12288, 11831, 285
2026/09/22 22:37:21.293, 0, 12288, 11831, 285
2026/09/22 22:37:21.499, 0, 12288, 11831, 285
2026/09/22 22:37:21.705, 0, 12288, 11831, 285
2026/09/22 22:37:21.913, 0, 12288, 11831, 285
2026/09/22 22:37:22.121, 0, 12288, 11831, 285
2026/09/22 22:37:22.328, 0, 12288, 11831, 285
2026/09/22 22:37:22.536, 0, 12288, 11831, 285
2026/09/22 22:37:22.741, 0, 12288, 11831, 285
2026/09/22 22:37:22.949, 0, 12288, 11831, 285
2026/09/22 22:37:23.156, 0, 12288, 11831, 285
2026/09/22 22:37:23.362, 0, 12288, 11831, 285
2026/09/22 22:37:23.568, 0, 12288, 11831, 285
2026/09/22 22:37:23.776, 0, 12288, 11831, 285
2026/09/22 22:37:23.984, 0, 12288, 11831, 285
2026/09/22 22:37:24.190, 0, 12288, 11831, 285
2026/09/22 22:37:24.397, 0, 12288, 11831, 285
2026/09/22 22:37:24.603, 0, 12288, 11831, 285
2026/09/22 22:37:24.811, 0, 12288, 11831, 285
2026/09/22 22:37:25.017, 0, 12288, 11831, 285
2026/09/22 22:37:25.225, 0, 12288, 11831, 285
2026/09/22 22:37:25.430, 0, 12288, 11831, 285
2026/09/22 22:37:25.638, 0, 12288, 11831, 285
2026/09/22 22:37:25.845, 0, 12288, 11831, 285
2026/09/22 22:37:26.049, 0, 12288, 11831, 285
2026/09/22 22:37:26.255, 0, 12288, 11831, 285
2026/09/22 22:37:26.461, 0, 12288, 11831, 285
2026/09/22 22:37:26.669, 0, 12288, 11831, 285
2026/09/22 22:37:26.877, 0, 12288, 11831, 285
2026/09/22 22:37:27.083, 0, 12288, 11831, 285
2026/09/22 22:37:27.289, 0, 12288, 11831, 285
2026/09/22 22:37:27.496, 0, 12288, 11831, 285
2026/09/22 22:37:27.704, 0, 12288, 11831, 285
2026/09/22 22:37:27.912, 0, 12288, 11831, 285
2026/09/22 22:37:28.120, 0, 12288, 11831, 285
2026/09/22 22:37:28.327, 0, 12288, 11831, 285
2026/09/22 22:37:28.534, 0, 12288, 11831, 285
2026/09/22 22:37:28.741, 0, 12288, 11831, 285
2026/09/22 22:37:28.948, 0, 12288, 11831, 285
2026/09/22 22:37:29.155, 0, 12288, 11831, 285
2026/09/22 22:37:29.363, 0, 12288, 11831, 285
2026/09/22 22:37:29.569, 0, 12288, 11831, 285
2026/09/22 22:37:29.776, 0, 12288, 11831, 285
2026/09/22 22:37:29.980, 0, 12288, 11831, 285
2026/09/22 22:37:30.186, 0, 12288, 11831, 285
2026/09/22 22:37:30.394, 0, 12288, 11831, 285
2026/09/22 22:37:30.601, 0, 12288, 11831, 285
2026/09/22 22:37:30.809, 0, 12288, 11831, 285
2026/09/22 22:37:31.016, 0, 12288, 11831, 285
2026/09/22 22:37:31.224, 0, 12288, 11831, 285
2026/09/22 22:37:31.430, 0, 12288, 11831, 285
2026/09/22 22:37:31.637, 0, 12288, 11831, 285
2026/09/22 22:37:31.844, 0, 12288, 11831, 285
2026/09/22 22:37:32.052, 0, 12288, 11831, 285
2026/09/22 22:37:32.257, 0, 12288, 11831, 285
2026/09/22 22:37:32.465, 0, 12288, 11831, 285
2026/09/22 22:37:32.673, 0, 12288, 11831, 285
2026/09/22 22:37:32.879, 0, 12288, 11831, 285
2026/09/22 22:37:33.085, 0, 12288, 11831, 285
2026/09/22 22:37:33.293, 0, 12288, 11831, 285
2026/09/22 22:37:33.501, 0, 12288, 11831, 285
2026/09/22 22:37:33.708, 0, 12288, 11831, 285
2026/09/22 22:37:33.915, 0, 12288, 11831, 285
2026/09/22 22:37:34.123, 0, 12288, 11831, 285
2026/09/22 22:37:34.330, 0, 12288, 11831, 285
2026/09/22 22:37:34.536, 0, 12288, 11831, 285
2026/09/22 22:37:34.742, 0, 12288, 11831, 285
2026/09/22 22:37:34.950, 0, 12288, 11831, 285
2026/09/22 22:37:35.158, 0, 12288, 11831, 285
2026/09/22 22:37:35.363, 0, 12288, 11831, 285
2026/09/22 22:37:35.571, 0, 12288, 11831, 285
2026/09/22 22:37:35.779, 0, 12288, 11831, 285
2026/09/22 22:37:35.986, 0, 12288, 11831, 285
2026/09/22 22:37:36.190, 0, 12288, 11831, 285
2026/09/22 22:37:36.397, 0, 12288, 11831, 285
2026/09/22 22:37:36.604, 0, 12288, 11831, 285
2026/09/22 22:37:36.812, 0, 12288, 11831, 285
2026/09/22 22:37:37.018, 0, 12288, 11831, 285
2026/09/22 22:37:37.226, 0, 12288, 11831, 285
2026/09/22 22:37:37.434, 0, 12288, 11831, 285
2026/09/22 22:37:37.642, 0, 12288, 11831, 285
2026/09/22 22:37:37.849, 0, 12288, 11831, 285
2026/09/22 22:37:38.056, 0, 12288, 11831, 285
2026/09/22 22:37:38.264, 0, 12288, 11831, 285
2026/09/22 22:37:38.473, 0, 12288, 11831, 285
2026/09/22 22:37:38.680, 0, 12288, 11831, 285
2026/09/22 22:37:38.887, 0, 12288, 11831, 285
2026/09/22 22:37:39.095, 0, 12288, 11831, 285
2026/09/22 22:37:39.299, 0, 12288, 11831, 285
2026/09/22 22:37:39.503, 0, 12288, 11831, 285
2026/09/22 22:37:39.711, 0, 12288, 11831, 285
2026/09/22 22:37:39.916, 0, 12288, 11831, 285
2026/09/22 22:37:40.124, 0, 12288, 11831, 285
2026/09/22 22:37:40.331, 0, 12288, 11831, 285
2026/09/22 22:37:40.536, 0, 12288, 11831, 285
2026/09/22 22:37:40.741, 0, 12288, 11831, 285
2026/09/22 22:37:40.947, 0, 12288, 11831, 285
2026/09/22 22:37:41.152, 0, 12288, 11831, 285
2026/09/22 22:37:41.360, 0, 12288, 11831, 285
2026/09/22 22:37:41.568, 0, 12288, 11831, 285
2026/09/22 22:37:41.775, 0, 12288, 11831, 285
2026/09/22 22:37:41.982, 0, 12288, 11831, 285
2026/09/22 22:37:42.189, 0, 12288, 11831, 285
2026/09/22 22:37:42.393, 0, 12288, 11831, 285
2026/09/22 22:37:42.599, 0, 12288, 11831, 285
2026/09/22 22:37:42.807, 0, 12288, 11831, 285
2026/09/22 22:37:43.014, 0, 12288, 11831, 285
2026/09/22 22:37:43.221, 0, 12288, 11831, 285
2026/09/22 22:37:43.429, 0, 12288, 11831, 285
2026/09/22 22:37:43.635, 0, 12288, 11831, 285
2026/09/22 22:37:43.842, 0, 12288, 11831, 285
2026/09/22 22:37:44.047, 0, 12288, 11831, 285
2026/09/22 22:37:44.253, 0, 12288, 11831, 285
2026/09/22 22:37:44.459, 0, 12288, 11831, 285
2026/09/22 22:37:44.665, 0, 12288, 11831, 285
2026/09/22 22:37:44.872, 0, 12288, 11831, 285
2026/09/22 22:37:45.079, 0, 12288, 11831, 285
2026/09/22 22:37:45.287, 0, 12288, 11831, 285
2026/09/22 22:37:45.494, 0, 12288, 11831, 285
2026/09/22 22:37:45.702, 0, 12288, 11831, 285
2026/09/22 22:37:45.909, 0, 12288, 11831, 285
2026/09/22 22:37:46.117, 0, 12288, 11831, 285
2026/09/22 22:37:46.323, 0, 12288, 11831, 285
2026/09/22 22:37:46.531, 0, 12288, 11831, 285
2026/09/22 22:37:46.738, 0, 12288, 11831, 285
2026/09/22 22:37:46.946, 0, 12288, 11831, 285
2026/09/22 22:37:47.154, 0, 12288, 11831, 285
2026/09/22 22:37:47.361, 0, 12288, 11831, 285
2026/09/22 22:37:47.568, 0, 12288, 11831, 285
2026/09/22 22:37:47.775, 0, 12288, 11831, 285
2026/09/22 22:37:47.981, 0, 12288, 11831, 285
2026/09/22 22:37:48.189, 0, 12288, 11831, 285
2026/09/22 22:37:48.395, 0, 12288, 11831, 285
2026/09/22 22:37:48.599, 0, 12288, 4843, 7273
2026/09/22 22:37:48.806, 0, 12288, 391, 11725
2026/09/22 22:37:49.014, 0, 12288, 391, 11725
2026/09/22 22:37:49.220, 0, 12288, 391, 11725
2026/09/22 22:37:49.426, 0, 12288, 391, 11725
2026/09/22 22:37:49.633, 0, 12288, 391, 11725
2026/09/22 22:37:49.840, 0, 12288, 391, 11725
2026/09/22 22:37:50.047, 0, 12288, 391, 11725
2026/09/22 22:37:50.255, 0, 12288, 391, 11725
2026/09/22 22:37:50.463, 0, 12288, 391, 11725
