2026/09/10 11:49:35.033, 0, 12288, 343, 11773
2026/09/10 11:49:35.241, 0, 12288, 343, 11773
2026/09/10 11:49:35.448, 0, 12288, 355, 11761
2026/09/10 11:49:35.653, 0, 12288, 435, 11681
2026/09/10 11:49:35.860, 0, 12288, 435, 11681
2026/09/10 11:49:36.068, 0, 12288, 435, 11681
2026/09/10 11:49:36.275, 0, 12288, 435, 11681
2026/09/10 11:49:36.483, 0, 12288, 435, 11681
2026/09/10 11:49:36.690, 0, 12288, 3123, 8993
2026/09/10 11:49:36.898, 0, 12288, 10121, 1995
2026/09/10 11:49:37.106, 0, 12288, 10121, 1995
2026/09/10 11:49:37.314, 0, 12288, 10121, 1995
2026/09/10 11:49:37.522, 0, 12288, 10121, 1995
2026/09/10 11:49:37.729, 0, 12288, 10121, 1995
2026/09/10 11:49:37.936, 0, 12288, 10121, 1995
2026/09/10 11:49:38.144, 0, 12288, 10121, 1995
2026/09/10 11:49:38.368, 0, 12288, 10121, 1995
2026/09/10 11:49:38.574, 0, 12288, 10121, 1995
2026/09/10 11:49:38.781, 0, 12288, 10121, 1995
2026/09/10 11:49:38.989, 0, 12288, 10121, 1995
2026/09/10 11:49:39.197, 0, 12288, 10121, 1995
2026/09/10 11:49:39.405, 0, 12288, 10121, 1995
2026/09/10 11:49:39.610, 0, 12288, 10121, 1995
2026/09/10 11:49:39.817, 0, 12288, 10121, 1995
2026/09/10 11:49:40.024, 0, 12288, 11553, 563
2026/09/10 11:49:40.229, 0, 12288, 11553, 563
2026/09/10 11:49:40.430, 0, 12288, 11553, 563
2026/09/10 11:49:40.631, 0, 12288, 11553, 563
2026/09/10 11:49:40.837, 0, 12288, 11553, 563
2026/09/10 11:49:41.042, 0, 12288, 11553, 563
2026/09/10 11:49:41.246, 0, 12288, 11553, 563
2026/09/10 11:49:41.452, 0, 12288, 11553, 563
2026/09/10 11:49:41.658, 0, 12288, 11553, 563
2026/09/10 11:49:41.864, 0, 12288, 11553, 563
2026/09/10 11:49:42.070, 0, 12288, 11553, 563
2026/09/10 11:49:42.275, 0, 12288, 11553, 563
2026/09/10 11:49:42.481, 0, 12288, 11553, 563
2026/09/10 11:49:42.686, 0, 12288, 11553, 563
2026/09/10 11:49:42.893, 0, 12288, 11553, 563
2026/09/10 11:49:43.100, 0, 12288, 11553, 563
2026/09/10 11:49:43.306, 0, 12288, 11553, 563
2026/09/10 11:49:43.511, 0, 12288, 11553, 563
2026/09/10 11:49:43.717, 0, 12288, 11553, 563
2026/09/10 11:49:43.922, 0, 12288, 11553, 563
2026/09/10 11:49:44.130, 0, 12288, 11559, 557
2026/09/10 11:49:44.338, 0, 12288, 11559, 557
2026/09/10 11:49:44.544, 0, 12288, 11743, 373
2026/09/10 11:49:44.748, 0, 12288, 11743, 373
2026/09/10 11:49:44.954, 0, 12288, 11743, 373
2026/09/10 11:49:45.159, 0, 12288, 11775, 341
2026/09/10 11:49:45.366, 0, 12288, 11775, 341
2026/09/10 11:49:45.571, 0, 12288, 11775, 341
2026/09/10 11:49:45.778, 0, 12288, 11775, 341
2026/09/10 11:49:45.983, 0, 12288, 11775, 341
2026/09/10 11:49:46.189, 0, 12288, 11775, 341
2026/09/10 11:49:46.397, 0, 12288, 11775, 341
2026/09/10 11:49:46.600, 0, 12288, 11775, 341
2026/09/10 11:49:46.821, 0, 12288, 11775, 341
2026/09/10 11:49:47.027, 0, 12288, 11775, 341
2026/09/10 11:49:47.232, 0, 12288, 11775, 341
2026/09/10 11:49:47.440, 0, 12288, 11775, 341
2026/09/10 11:49:47.643, 0, 12288, 11775, 341
2026/09/10 11:49:47.850, 0, 12288, 11775, 341
2026/09/10 11:49:48.055, 0, 12288, 11775, 341
2026/09/10 11:49:48.261, 0, 12288, 11775, 341
2026/09/10 11:49:48.468, 0, 12288, 11775, 341
2026/09/10 11:49:48.671, 0, 12288, 11775, 341
2026/09/10 11:49:48.879, 0, 12288, 11775, 341
2026/09/10 11:49:49.085, 0, 12288, 11775, 341
2026/09/10 11:49:49.289, 0, 12288, 11775, 341
2026/09/10 11:49:49.496, 0, 12288, 11775, 341
2026/09/10 11:49:49.702, 0, 12288, 11775, 341
2026/09/10 11:49:49.909, 0, 12288, 11775, 341
2026/09/10 11:49:50.116, 0, 12288, 11775, 341
2026/09/10 11:49:50.319, 0, 12288, 11775, 341
2026/09/10 11:49:50.527, 0, 12288, 11775, 341
2026/09/10 11:49:50.734, 0, 12288, 11775, 341
2026/09/10 11:49:50.940, 0, 12288, 11775, 341
2026/09/10 11:49:51.148, 0, 12288, 11775, 341
2026/09/10 11:49:51.352, 0, 12288, 11775, 341
2026/09/10 11:49:51.560, 0, 12288, 11775, 341
2026/09/10 11:49:51.766, 0, 12288, 11775, 341
2026/09/10 11:49:51.972, 0, 12288, 11775, 341
2026/09/10 11:49:52.180, 0, 12288, 11775, 341
2026/09/10 11:49:52.385, 0, 12288, 11775, 341
2026/09/10 11:49:52.592, 0, 12288, 11775, 341
2026/09/10 11:49:52.800, 0, 12288, 11775, 341
2026/09/10 11:49:53.003, 0, 12288, 11775, 341
2026/09/10 11:49:53.211, 0, 12288, 11775, 341
2026/09/10 11:49:53.416, 0, 12288, 11775, 341
2026/09/10 11:49:53.638, 0, 12288, 11775, 341
2026/09/10 11:49:53.845, 0, 12288, 11775, 341
2026/09/10 11:49:54.050, 0, 12288, 11775, 341
2026/09/10 11:49:54.258, 0, 12288, 11775, 341
2026/09/10 11:49:54.465, 0, 12288, 11775, 341
2026/09/10 11:49:54.670, 0, 12288, 11775, 341
2026/09/10 11:49:54.878, 0, 12288, 11775, 341
2026/09/10 11:49:55.083, 0, 12288, 11775, 341
2026/09/10 11:49:55.290, 0, 12288, 11775, 341
2026/09/10 11:49:55.498, 0, 12288, 11775, 341
2026/09/10 11:49:55.701, 0, 12288, 11775, 341
2026/09/10 11:49:55.909, 0, 12288, 11775, 341
2026/09/10 11:49:56.117, 0, 12288, 11775, 341
2026/09/10 11:49:56.320, 0, 12288, 11775, 341
2026/09/10 11:49:56.528, 0, 12288, 11775, 341
2026/09/10 11:49:56.734, 0, 12288, 11775, 341
2026/09/10 11:49:56.939, 0, 12288, 11775, 341
2026/09/10 11:49:57.147, 0, 12288, 11775, 341
2026/09/10 11:49:57.350, 0, 12288, 11775, 341
2026/09/10 11:49:57.557, 0, 12288, 11775, 341
2026/09/10 11:49:57.762, 0, 12288, 11775, 341
2026/09/10 11:49:57.966, 0, 12288, 11775, 341
2026/09/10 11:49:58.174, 0, 12288, 11775, 341
2026/09/10 11:49:58.379, 0, 12288, 11775, 341
2026/09/10 11:49:58.585, 0, 12288, 11775, 341
2026/09/10 11:49:58.792, 0, 12288, 11775, 341
2026/09/10 11:49:58.995, 0, 12288, 11775, 341
2026/09/10 11:49:59.203, 0, 12288, 11775, 341
2026/09/10 11:49:59.410, 0, 12288, 11775, 341
2026/09/10 11:49:59.615, 0, 12288, 11775, 341
2026/09/10 11:49:59.823, 0, 12288, 11775, 341
2026/09/10 11:50:00.028, 0, 12288, 11775, 341
2026/09/10 11:50:00.235, 0, 12288, 11775, 341
2026/09/10 11:50:00.459, 0, 12288, 11775, 341
2026/09/10 11:50:00.661, 0, 12288, 11775, 341
2026/09/10 11:50:00.869, 0, 12288, 11775, 341
2026/09/10 11:50:01.075, 0, 12288, 11775, 341
2026/09/10 11:50:01.278, 0, 12288, 11775, 341
2026/09/10 11:50:01.486, 0, 12288, 11775, 341
2026/09/10 11:50:01.692, 0, 12288, 11775, 341
2026/09/10 11:50:01.899, 0, 12288, 11775, 341
2026/09/10 11:50:02.106, 0, 12288, 11775, 341
2026/09/10 11:50:02.313, 0, 12288, 11775, 341
2026/09/10 11:50:02.517, 0, 12288, 11775, 341
2026/09/10 11:50:02.723, 0, 12288, 11775, 341
2026/09/10 11:50:02.926, 0, 12288, 11775, 341
2026/09/10 11:50:03.132, 0, 12288, 11775, 341
2026/09/10 11:50:03.339, 0, 12288, 11775, 341
2026/09/10 11:50:03.542, 0, 12288, 11775, 341
2026/09/10 11:50:03.749, 0, 12288, 11775, 341
2026/09/10 11:50:03.953, 0, 12288, 11775, 341
2026/09/10 11:50:04.159, 0, 12288, 11775, 341
2026/09/10 11:50:04.367, 0, 12288, 11775, 341
2026/09/10 11:50:04.570, 0, 12288, 11775, 341
2026/09/10 11:50:04.778, 0, 12288, 11775, 341
2026/09/10 11:50:04.986, 0, 12288, 11775, 341
2026/09/10 11:50:05.189, 0, 12288, 11775, 341
2026/09/10 11:50:05.396, 0, 12288, 11775, 341
2026/09/10 11:50:05.601, 0, 12288, 11775, 341
2026/09/10 11:50:05.805, 0, 12288, 11775, 341
2026/09/10 11:50:06.013, 0, 12288, 11775, 341
2026/09/10 11:50:06.218, 0, 12288, 11775, 341
2026/09/10 11:50:06.423, 0, 12288, 11775, 341
2026/09/10 11:50:06.631, 0, 12288, 11775, 341
2026/09/10 11:50:06.836, 0, 12288, 11775, 341
2026/09/10 11:50:07.042, 0, 12288, 11775, 341
2026/09/10 11:50:07.249, 0, 12288, 11775, 341
2026/09/10 11:50:07.452, 0, 12288, 11775, 341
2026/09/10 11:50:07.660, 0, 12288, 11775, 341
2026/09/10 11:50:07.867, 0, 12288, 11775, 341
2026/09/10 11:50:08.072, 0, 12288, 11775, 341
2026/09/10 11:50:08.280, 0, 12288, 11775, 341
2026/09/10 11:50:08.484, 0, 12288, 11775, 341
2026/09/10 11:50:08.689, 0, 12288, 11775, 341
2026/09/10 11:50:08.897, 0, 12288, 11775, 341
2026/09/10 11:50:09.102, 0, 12288, 11775, 341
2026/09/10 11:50:09.308, 0, 12288, 11775, 341
2026/09/10 11:50:09.516, 0, 12288, 11775, 341
2026/09/10 11:50:09.719, 0, 12288, 11775, 341
2026/09/10 11:50:09.925, 0, 12288, 11775, 341
2026/09/10 11:50:10.132, 0, 12288, 11775, 341
2026/09/10 11:50:10.335, 0, 12288, 11775, 341
2026/09/10 11:50:10.541, 0, 12288, 11775, 341
2026/09/10 11:50:10.749, 0, 12288, 11775, 341
2026/09/10 11:50:10.950, 0, 12288, 11775, 341
2026/09/10 11:50:11.155, 0, 12288, 11775, 341
2026/09/10 11:50:11.363, 0, 12288, 11775, 341
2026/09/10 11:50:11.565, 0, 12288, 11775, 341
2026/09/10 11:50:11.773, 0, 12288, 11775, 341
2026/09/10 11:50:11.980, 0, 12288, 11775, 341
2026/09/10 11:50:12.187, 0, 12288, 11775, 341
2026/09/10 11:50:12.394, 0, 12288, 11775, 341
2026/09/10 11:50:12.597, 0, 12288, 11775, 341
2026/09/10 11:50:12.802, 0, 12288, 11775, 341
2026/09/10 11:50:13.010, 0, 12288, 11775, 341
2026/09/10 11:50:13.216, 0, 12288, 11775, 341
2026/09/10 11:50:13.422, 0, 12288, 11775, 341
2026/09/10 11:50:13.630, 0, 12288, 11775, 341
2026/09/10 11:50:13.833, 0, 12288, 11775, 341
2026/09/10 11:50:14.039, 0, 12288, 11775, 341
2026/09/10 11:50:14.246, 0, 12288, 11775, 341
2026/09/10 11:50:14.449, 0, 12288, 11775, 341
2026/09/10 11:50:14.657, 0, 12288, 11775, 341
2026/09/10 11:50:14.862, 0, 12288, 11775, 341
2026/09/10 11:50:15.064, 0, 12288, 11775, 341
2026/09/10 11:50:15.271, 0, 12288, 11775, 341
2026/09/10 11:50:15.478, 0, 12288, 11775, 341
2026/09/10 11:50:15.680, 0, 12288, 11775, 341
2026/09/10 11:50:15.886, 0, 12288, 11775, 341
2026/09/10 11:50:16.092, 0, 12288, 11775, 341
2026/09/10 11:50:16.296, 0, 12288, 11775, 341
2026/09/10 11:50:16.504, 0, 12288, 11775, 341
2026/09/10 11:50:16.710, 0, 12288, 11775, 341
2026/09/10 11:50:16.915, 0, 12288, 11775, 341
2026/09/10 11:50:17.122, 0, 12288, 11775, 341
2026/09/10 11:50:17.328, 0, 12288, 11775, 341
2026/09/10 11:50:17.535, 0, 12288, 11775, 341
2026/09/10 11:50:17.742, 0, 12288, 11775, 341
2026/09/10 11:50:17.947, 0, 12288, 11775, 341
2026/09/10 11:50:18.154, 0, 12288, 11775, 341
2026/09/10 11:50:18.362, 0, 12288, 11775, 341
2026/09/10 11:50:18.565, 0, 12288, 11775, 341
2026/09/10 11:50:18.772, 0, 12288, 11775, 341
2026/09/10 11:50:18.980, 0, 12288, 11775, 341
2026/09/10 11:50:19.183, 0, 12288, 11775, 341
2026/09/10 11:50:19.387, 0, 12288, 11775, 341
2026/09/10 11:50:19.594, 0, 12288, 11775, 341
2026/09/10 11:50:19.798, 0, 12288, 11775, 341
2026/09/10 11:50:20.005, 0, 12288, 11775, 341
2026/09/10 11:50:20.213, 0, 12288, 11775, 341
2026/09/10 11:50:20.418, 0, 12288, 11775, 341
2026/09/10 11:50:20.626, 0, 12288, 11775, 341
2026/09/10 11:50:20.833, 0, 12288, 11775, 341
2026/09/10 11:50:21.038, 0, 12288, 11775, 341
2026/09/10 11:50:21.245, 0, 12288, 11775, 341
2026/09/10 11:50:21.453, 0, 12288, 11775, 341
2026/09/10 11:50:21.657, 0, 12288, 11775, 341
2026/09/10 11:50:21.865, 0, 12288, 11775, 341
2026/09/10 11:50:22.072, 0, 12288, 11775, 341
2026/09/10 11:50:22.273, 0, 12288, 11775, 341
2026/09/10 11:50:22.477, 0, 12288, 11775, 341
2026/09/10 11:50:22.685, 0, 12288, 11775, 341
2026/09/10 11:50:22.888, 0, 12288, 11775, 341
2026/09/10 11:50:23.096, 0, 12288, 11775, 341
2026/09/10 11:50:23.304, 0, 12288, 11775, 341
2026/09/10 11:50:23.510, 0, 12288, 11775, 341
2026/09/10 11:50:23.718, 0, 12288, 11775, 341
2026/09/10 11:50:23.924, 0, 12288, 11775, 341
2026/09/10 11:50:24.129, 0, 12288, 11775, 341
2026/09/10 11:50:24.337, 0, 12288, 11775, 341
2026/09/10 11:50:24.544, 0, 12288, 11775, 341
2026/09/10 11:50:24.748, 0, 12288, 11775, 341
2026/09/10 11:50:24.956, 0, 12288, 11775, 341
2026/09/10 11:50:25.163, 0, 12288, 11775, 341
2026/09/10 11:50:25.367, 0, 12288, 11775, 341
2026/09/10 11:50:25.572, 0, 12288, 11777, 339
2026/09/10 11:50:25.778, 0, 12288, 11777, 339
2026/09/10 11:50:25.983, 0, 12288, 11777, 339
2026/09/10 11:50:26.189, 0, 12288, 11777, 339
2026/09/10 11:50:26.397, 0, 12288, 11777, 339
2026/09/10 11:50:26.604, 0, 12288, 11777, 339
2026/09/10 11:50:26.812, 0, 12288, 11777, 339
2026/09/10 11:50:27.019, 0, 12288, 11777, 339
2026/09/10 11:50:27.227, 0, 12288, 11777, 339
2026/09/10 11:50:27.431, 0, 12288, 11777, 339
2026/09/10 11:50:27.639, 0, 12288, 11777, 339
2026/09/10 11:50:27.847, 0, 12288, 11777, 339
2026/09/10 11:50:28.054, 0, 12288, 11777, 339
2026/09/10 11:50:28.262, 0, 12288, 11777, 339
2026/09/10 11:50:28.470, 0, 12288, 11777, 339
2026/09/10 11:50:28.677, 0, 12288, 11777, 339
2026/09/10 11:50:28.884, 0, 12288, 11777, 339
2026/09/10 11:50:29.091, 0, 12288, 11777, 339
2026/09/10 11:50:29.297, 0, 12288, 11777, 339
2026/09/10 11:50:29.505, 0, 12288, 11777, 339
2026/09/10 11:50:29.713, 0, 12288, 11777, 339
2026/09/10 11:50:29.920, 0, 12288, 11777, 339
2026/09/10 11:50:30.128, 0, 12288, 11777, 339
2026/09/10 11:50:30.335, 0, 12288, 11777, 339
2026/09/10 11:50:30.542, 0, 12288, 11777, 339
2026/09/10 11:50:30.750, 0, 12288, 11777, 339
2026/09/10 11:50:30.957, 0, 12288, 11777, 339
2026/09/10 11:50:31.164, 0, 12288, 11777, 339
2026/09/10 11:50:31.371, 0, 12288, 11777, 339
2026/09/10 11:50:31.577, 0, 12288, 11777, 339
2026/09/10 11:50:31.784, 0, 12288, 11777, 339
2026/09/10 11:50:31.992, 0, 12288, 11777, 339
2026/09/10 11:50:32.198, 0, 12288, 11777, 339
2026/09/10 11:50:32.406, 0, 12288, 11777, 339
2026/09/10 11:50:32.612, 0, 12288, 11777, 339
2026/09/10 11:50:32.817, 0, 12288, 11777, 339
2026/09/10 11:50:33.024, 0, 12288, 11777, 339
2026/09/10 11:50:33.230, 0, 12288, 11777, 339
2026/09/10 11:50:33.438, 0, 12288, 11777, 339
2026/09/10 11:50:33.646, 0, 12288, 11777, 339
2026/09/10 11:50:33.853, 0, 12288, 11777, 339
2026/09/10 11:50:34.060, 0, 12288, 11777, 339
2026/09/10 11:50:34.268, 0, 12288, 11777, 339
2026/09/10 11:50:34.474, 0, 12288, 11777, 339
2026/09/10 11:50:34.681, 0, 12288, 11777, 339
2026/09/10 11:50:34.889, 0, 12288, 11777, 339
2026/09/10 11:50:35.097, 0, 12288, 11777, 339
2026/09/10 11:50:35.305, 0, 12288, 11777, 339
2026/09/10 11:50:35.513, 0, 12288, 11777, 339
2026/09/10 11:50:35.721, 0, 12288, 11777, 339
2026/09/10 11:50:35.928, 0, 12288, 11777, 339
2026/09/10 11:50:36.134, 0, 12288, 11777, 339
2026/09/10 11:50:36.341, 0, 12288, 11777, 339
2026/09/10 11:50:36.549, 0, 12288, 11777, 339
2026/09/10 11:50:36.757, 0, 12288, 11777, 339
2026/09/10 11:50:36.965, 0, 12288, 11777, 339
2026/09/10 11:50:37.172, 0, 12288, 11777, 339
2026/09/10 11:50:37.380, 0, 12288, 11777, 339
2026/09/10 11:50:37.587, 0, 12288, 11777, 339
2026/09/10 11:50:37.794, 0, 12288, 11777, 339
2026/09/10 11:50:38.001, 0, 12288, 11777, 339
2026/09/10 11:50:38.209, 0, 12288, 11777, 339
2026/09/10 11:50:38.416, 0, 12288, 11777, 339
2026/09/10 11:50:38.624, 0, 12288, 11777, 339
2026/09/10 11:50:38.832, 0, 12288, 11777, 339
2026/09/10 11:50:39.039, 0, 12288, 11777, 339
2026/09/10 11:50:39.245, 0, 12288, 11777, 339
2026/09/10 11:50:39.451, 0, 12288, 11777, 339
2026/09/10 11:50:39.657, 0, 12288, 11777, 339
2026/09/10 11:50:39.864, 0, 12288, 11777, 339
2026/09/10 11:50:40.071, 0, 12288, 11777, 339
2026/09/10 11:50:40.279, 0, 12288, 11777, 339
2026/09/10 11:50:40.487, 0, 12288, 11777, 339
2026/09/10 11:50:40.695, 0, 12288, 11777, 339
2026/09/10 11:50:40.903, 0, 12288, 11777, 339
2026/09/10 11:50:41.111, 0, 12288, 11777, 339
2026/09/10 11:50:41.318, 0, 12288, 11777, 339
2026/09/10 11:50:41.525, 0, 12288, 11777, 339
2026/09/10 11:50:41.733, 0, 12288, 11777, 339
2026/09/10 11:50:41.941, 0, 12288, 11777, 339
2026/09/10 11:50:42.149, 0, 12288, 11777, 339
2026/09/10 11:50:42.357, 0, 12288, 11777, 339
2026/09/10 11:50:42.564, 0, 12288, 11777, 339
2026/09/10 11:50:42.769, 0, 12288, 11777, 339
2026/09/10 11:50:42.977, 0, 12288, 11777, 339
2026/09/10 11:50:43.185, 0, 12288, 11777, 339
2026/09/10 11:50:43.393, 0, 12288, 11777, 339
2026/09/10 11:50:43.601, 0, 12288, 11777, 339
2026/09/10 11:50:43.809, 0, 12288, 11777, 339
2026/09/10 11:50:44.016, 0, 12288, 11777, 339
2026/09/10 11:50:44.223, 0, 12288, 11777, 339
2026/09/10 11:50:44.430, 0, 12288, 11777, 339
2026/09/10 11:50:44.636, 0, 12288, 11777, 339
2026/09/10 11:50:44.844, 0, 12288, 11777, 339
2026/09/10 11:50:45.051, 0, 12288, 11777, 339
2026/09/10 11:50:45.258, 0, 12288, 11777, 339
2026/09/10 11:50:45.465, 0, 12288, 11777, 339
2026/09/10 11:50:45.672, 0, 12288, 11777, 339
2026/09/10 11:50:45.880, 0, 12288, 11777, 339
2026/09/10 11:50:46.088, 0, 12288, 11777, 339
2026/09/10 11:50:46.296, 0, 12288, 11777, 339
2026/09/10 11:50:46.503, 0, 12288, 11777, 339
2026/09/10 11:50:46.710, 0, 12288, 11777, 339
2026/09/10 11:50:46.917, 0, 12288, 11777, 339
2026/09/10 11:50:47.125, 0, 12288, 11777, 339
2026/09/10 11:50:47.333, 0, 12288, 11777, 339
2026/09/10 11:50:47.541, 0, 12288, 11777, 339
2026/09/10 11:50:47.748, 0, 12288, 11777, 339
2026/09/10 11:50:47.955, 0, 12288, 11777, 339
2026/09/10 11:50:48.162, 0, 12288, 11777, 339
2026/09/10 11:50:48.366, 0, 12288, 11777, 339
2026/09/10 11:50:48.574, 0, 12288, 11777, 339
2026/09/10 11:50:48.782, 0, 12288, 11777, 339
2026/09/10 11:50:48.990, 0, 12288, 11777, 339
2026/09/10 11:50:49.197, 0, 12288, 11777, 339
2026/09/10 11:50:49.404, 0, 12288, 11777, 339
2026/09/10 11:50:49.611, 0, 12288, 11777, 339
2026/09/10 11:50:49.819, 0, 12288, 11777, 339
2026/09/10 11:50:50.027, 0, 12288, 11777, 339
2026/09/10 11:50:50.235, 0, 12288, 11777, 339
2026/09/10 11:50:50.443, 0, 12288, 11777, 339
2026/09/10 11:50:50.651, 0, 12288, 11777, 339
2026/09/10 11:50:50.858, 0, 12288, 11777, 339
2026/09/10 11:50:51.064, 0, 12288, 11777, 339
2026/09/10 11:50:51.272, 0, 12288, 11777, 339
2026/09/10 11:50:51.479, 0, 12288, 11777, 339
2026/09/10 11:50:51.687, 0, 12288, 11777, 339
2026/09/10 11:50:51.894, 0, 12288, 11777, 339
2026/09/10 11:50:52.102, 0, 12288, 11777, 339
2026/09/10 11:50:52.308, 0, 12288, 11777, 339
2026/09/10 11:50:52.516, 0, 12288, 11777, 339
2026/09/10 11:50:52.722, 0, 12288, 11777, 339
2026/09/10 11:50:52.930, 0, 12288, 11777, 339
2026/09/10 11:50:53.138, 0, 12288, 11777, 339
2026/09/10 11:50:53.346, 0, 12288, 11777, 339
2026/09/10 11:50:53.552, 0, 12288, 11777, 339
2026/09/10 11:50:53.759, 0, 12288, 11777, 339
2026/09/10 11:50:53.965, 0, 12288, 11777, 339
2026/09/10 11:50:54.173, 0, 12288, 11777, 339
2026/09/10 11:50:54.380, 0, 12288, 11777, 339
2026/09/10 11:50:54.587, 0, 12288, 11777, 339
2026/09/10 11:50:54.792, 0, 12288, 11777, 339
2026/09/10 11:50:55.000, 0, 12288, 11777, 339
2026/09/10 11:50:55.208, 0, 12288, 11777, 339
2026/09/10 11:50:55.416, 0, 12288, 11777, 339
2026/09/10 11:50:55.624, 0, 12288, 11777, 339
2026/09/10 11:50:55.832, 0, 12288, 11777, 339
2026/09/10 11:50:56.040, 0, 12288, 11777, 339
2026/09/10 11:50:56.246, 0, 12288, 11777, 339
2026/09/10 11:50:56.453, 0, 12288, 11777, 339
2026/09/10 11:50:56.661, 0, 12288, 11777, 339
2026/09/10 11:50:56.868, 0, 12288, 11777, 339
2026/09/10 11:50:57.075, 0, 12288, 11777, 339
2026/09/10 11:50:57.283, 0, 12288, 11777, 339
2026/09/10 11:50:57.490, 0, 12288, 11777, 339
2026/09/10 11:50:57.713, 0, 12288, 11777, 339
2026/09/10 11:50:57.920, 0, 12288, 11777, 339
2026/09/10 11:50:58.128, 0, 12288, 11777, 339
2026/09/10 11:50:58.336, 0, 12288, 11777, 339
2026/09/10 11:50:58.543, 0, 12288, 11777, 339
2026/09/10 11:50:58.750, 0, 12288, 11777, 339
2026/09/10 11:50:58.957, 0, 12288, 11777, 339
2026/09/10 11:50:59.164, 0, 12288, 11777, 339
2026/09/10 11:50:59.371, 0, 12288, 11777, 339
2026/09/10 11:50:59.576, 0, 12288, 11777, 339
2026/09/10 11:50:59.783, 0, 12288, 11777, 339
2026/09/10 11:50:59.991, 0, 12288, 11777, 339
2026/09/10 11:51:00.198, 0, 12288, 11777, 339
2026/09/10 11:51:00.406, 0, 12288, 11777, 339
2026/09/10 11:51:00.614, 0, 12288, 11777, 339
2026/09/10 11:51:00.821, 0, 12288, 11777, 339
2026/09/10 11:51:01.029, 0, 12288, 11777, 339
2026/09/10 11:51:01.237, 0, 12288, 11777, 339
2026/09/10 11:51:01.445, 0, 12288, 11777, 339
2026/09/10 11:51:01.652, 0, 12288, 11777, 339
2026/09/10 11:51:01.860, 0, 12288, 11777, 339
2026/09/10 11:51:02.067, 0, 12288, 11777, 339
2026/09/10 11:51:02.275, 0, 12288, 11777, 339
2026/09/10 11:51:02.482, 0, 12288, 11777, 339
2026/09/10 11:51:02.689, 0, 12288, 11777, 339
2026/09/10 11:51:02.897, 0, 12288, 11777, 339
2026/09/10 11:51:03.105, 0, 12288, 11777, 339
2026/09/10 11:51:03.312, 0, 12288, 11777, 339
2026/09/10 11:51:03.520, 0, 12288, 11777, 339
2026/09/10 11:51:03.728, 0, 12288, 11777, 339
2026/09/10 11:51:03.934, 0, 12288, 11777, 339
2026/09/10 11:51:04.142, 0, 12288, 11777, 339
2026/09/10 11:51:04.349, 0, 12288, 11777, 339
2026/09/10 11:51:04.557, 0, 12288, 11777, 339
2026/09/10 11:51:04.764, 0, 12288, 11777, 339
2026/09/10 11:51:04.972, 0, 12288, 11777, 339
2026/09/10 11:51:05.178, 0, 12288, 11777, 339
2026/09/10 11:51:05.385, 0, 12288, 11777, 339
2026/09/10 11:51:05.593, 0, 12288, 11777, 339
2026/09/10 11:51:05.800, 0, 12288, 11777, 339
2026/09/10 11:51:06.008, 0, 12288, 11777, 339
2026/09/10 11:51:06.216, 0, 12288, 11777, 339
2026/09/10 11:51:06.423, 0, 12288, 11777, 339
2026/09/10 11:51:06.630, 0, 12288, 11777, 339
2026/09/10 11:51:06.838, 0, 12288, 11777, 339
2026/09/10 11:51:07.045, 0, 12288, 11777, 339
2026/09/10 11:51:07.253, 0, 12288, 11777, 339
2026/09/10 11:51:07.460, 0, 12288, 11777, 339
2026/09/10 11:51:07.667, 0, 12288, 11777, 339
2026/09/10 11:51:07.874, 0, 12288, 11777, 339
2026/09/10 11:51:08.081, 0, 12288, 11777, 339
2026/09/10 11:51:08.289, 0, 12288, 11777, 339
2026/09/10 11:51:08.496, 0, 12288, 11777, 339
2026/09/10 11:51:08.703, 0, 12288, 11777, 339
2026/09/10 11:51:08.911, 0, 12288, 11777, 339
2026/09/10 11:51:09.119, 0, 12288, 11777, 339
2026/09/10 11:51:09.327, 0, 12288, 11777, 339
2026/09/10 11:51:09.534, 0, 12288, 11777, 339
2026/09/10 11:51:09.742, 0, 12288, 11777, 339
2026/09/10 11:51:09.949, 0, 12288, 11777, 339
2026/09/10 11:51:10.155, 0, 12288, 11777, 339
2026/09/10 11:51:10.362, 0, 12288, 11777, 339
2026/09/10 11:51:10.570, 0, 12288, 11777, 339
2026/09/10 11:51:10.773, 0, 12288, 11777, 339
2026/09/10 11:51:10.982, 0, 12288, 11777, 339
2026/09/10 11:51:11.189, 0, 12288, 11777, 339
2026/09/10 11:51:11.395, 0, 12288, 11777, 339
2026/09/10 11:51:11.600, 0, 12288, 11777, 339
2026/09/10 11:51:11.807, 0, 12288, 11777, 339
2026/09/10 11:51:12.015, 0, 12288, 11777, 339
2026/09/10 11:51:12.223, 0, 12288, 11777, 339
2026/09/10 11:51:12.431, 0, 12288, 11777, 339
2026/09/10 11:51:12.637, 0, 12288, 11777, 339
2026/09/10 11:51:12.845, 0, 12288, 11777, 339
2026/09/10 11:51:13.053, 0, 12288, 11777, 339
2026/09/10 11:51:13.261, 0, 12288, 11777, 339
2026/09/10 11:51:13.467, 0, 12288, 11777, 339
2026/09/10 11:51:13.671, 0, 12288, 11777, 339
2026/09/10 11:51:13.877, 0, 12288, 11777, 339
2026/09/10 11:51:14.084, 0, 12288, 11777, 339
2026/09/10 11:51:14.291, 0, 12288, 11777, 339
2026/09/10 11:51:14.498, 0, 12288, 11777, 339
2026/09/10 11:51:14.705, 0, 12288, 11777, 339
2026/09/10 11:51:14.913, 0, 12288, 11777, 339
2026/09/10 11:51:15.120, 0, 12288, 11777, 339
2026/09/10 11:51:15.327, 0, 12288, 11777, 339
2026/09/10 11:51:15.534, 0, 12288, 11777, 339
2026/09/10 11:51:15.742, 0, 12288, 11777, 339
2026/09/10 11:51:15.950, 0, 12288, 11777, 339
2026/09/10 11:51:16.158, 0, 12288, 11777, 339
2026/09/10 11:51:16.363, 0, 12288, 11777, 339
2026/09/10 11:51:16.570, 0, 12288, 11777, 339
2026/09/10 11:51:16.778, 0, 12288, 11777, 339
2026/09/10 11:51:16.986, 0, 12288, 11777, 339
2026/09/10 11:51:17.194, 0, 12288, 11777, 339
2026/09/10 11:51:17.401, 0, 12288, 11777, 339
2026/09/10 11:51:17.608, 0, 12288, 11777, 339
2026/09/10 11:51:17.815, 0, 12288, 11777, 339
2026/09/10 11:51:18.021, 0, 12288, 11777, 339
2026/09/10 11:51:18.228, 0, 12288, 11777, 339
2026/09/10 11:51:18.436, 0, 12288, 11777, 339
2026/09/10 11:51:18.642, 0, 12288, 11777, 339
2026/09/10 11:51:18.850, 0, 12288, 11777, 339
2026/09/10 11:51:19.058, 0, 12288, 11777, 339
2026/09/10 11:51:19.266, 0, 12288, 11777, 339
2026/09/10 11:51:19.474, 0, 12288, 11777, 339
2026/09/10 11:51:19.681, 0, 12288, 11777, 339
2026/09/10 11:51:19.889, 0, 12288, 11777, 339
2026/09/10 11:51:20.096, 0, 12288, 11777, 339
2026/09/10 11:51:20.304, 0, 12288, 11777, 339
2026/09/10 11:51:20.512, 0, 12288, 11777, 339
2026/09/10 11:51:20.718, 0, 12288, 11777, 339
2026/09/10 11:51:20.925, 0, 12288, 11777, 339
2026/09/10 11:51:21.131, 0, 12288, 11777, 339
2026/09/10 11:51:21.339, 0, 12288, 11777, 339
2026/09/10 11:51:21.547, 0, 12288, 11777, 339
2026/09/10 11:51:21.755, 0, 12288, 11777, 339
2026/09/10 11:51:21.960, 0, 12288, 11777, 339
2026/09/10 11:51:22.168, 0, 12288, 11777, 339
2026/09/10 11:51:22.376, 0, 12288, 11777, 339
2026/09/10 11:51:22.582, 0, 12288, 11777, 339
2026/09/10 11:51:22.790, 0, 12288, 11777, 339
2026/09/10 11:51:22.998, 0, 12288, 11777, 339
2026/09/10 11:51:23.205, 0, 12288, 11777, 339
2026/09/10 11:51:23.412, 0, 12288, 11777, 339
2026/09/10 11:51:23.620, 0, 12288, 11777, 339
2026/09/10 11:51:23.827, 0, 12288, 11777, 339
2026/09/10 11:51:24.032, 0, 12288, 11777, 339
2026/09/10 11:51:24.239, 0, 12288, 11777, 339
2026/09/10 11:51:24.446, 0, 12288, 11777, 339
2026/09/10 11:51:24.654, 0, 12288, 11777, 339
2026/09/10 11:51:24.862, 0, 12288, 11777, 339
2026/09/10 11:51:25.069, 0, 12288, 11777, 339
2026/09/10 11:51:25.277, 0, 12288, 11777, 339
2026/09/10 11:51:25.485, 0, 12288, 11777, 339
2026/09/10 11:51:25.693, 0, 12288, 11777, 339
2026/09/10 11:51:25.901, 0, 12288, 11777, 339
2026/09/10 11:51:26.109, 0, 12288, 11777, 339
2026/09/10 11:51:26.316, 0, 12288, 11777, 339
2026/09/10 11:51:26.522, 0, 12288, 11777, 339
2026/09/10 11:51:26.728, 0, 12288, 11777, 339
2026/09/10 11:51:26.936, 0, 12288, 11777, 339
2026/09/10 11:51:27.144, 0, 12288, 11777, 339
2026/09/10 11:51:27.352, 0, 12288, 11777, 339
2026/09/10 11:51:27.555, 0, 12288, 11777, 339
2026/09/10 11:51:27.761, 0, 12288, 11777, 339
2026/09/10 11:51:27.968, 0, 12288, 11777, 339
2026/09/10 11:51:28.175, 0, 12288, 11777, 339
2026/09/10 11:51:28.382, 0, 12288, 11777, 339
2026/09/10 11:51:28.589, 0, 12288, 11777, 339
2026/09/10 11:51:28.797, 0, 12288, 11777, 339
2026/09/10 11:51:29.004, 0, 12288, 11777, 339
2026/09/10 11:51:29.212, 0, 12288, 11777, 339
2026/09/10 11:51:29.420, 0, 12288, 11777, 339
2026/09/10 11:51:29.628, 0, 12288, 11777, 339
2026/09/10 11:51:29.836, 0, 12288, 11777, 339
2026/09/10 11:51:30.043, 0, 12288, 11777, 339
2026/09/10 11:51:30.250, 0, 12288, 11777, 339
2026/09/10 11:51:30.458, 0, 12288, 11777, 339
2026/09/10 11:51:30.666, 0, 12288, 11777, 339
2026/09/10 11:51:30.873, 0, 12288, 11777, 339
2026/09/10 11:51:31.081, 0, 12288, 11777, 339
2026/09/10 11:51:31.289, 0, 12288, 11777, 339
2026/09/10 11:51:31.497, 0, 12288, 11777, 339
2026/09/10 11:51:31.705, 0, 12288, 11777, 339
2026/09/10 11:51:31.913, 0, 12288, 11777, 339
2026/09/10 11:51:32.119, 0, 12288, 11777, 339
2026/09/10 11:51:32.326, 0, 12288, 11777, 339
2026/09/10 11:51:32.534, 0, 12288, 11777, 339
2026/09/10 11:51:32.741, 0, 12288, 11777, 339
2026/09/10 11:51:32.949, 0, 12288, 11777, 339
2026/09/10 11:51:33.154, 0, 12288, 11777, 339
2026/09/10 11:51:33.361, 0, 12288, 11777, 339
2026/09/10 11:51:33.569, 0, 12288, 11777, 339
2026/09/10 11:51:33.777, 0, 12288, 11777, 339
2026/09/10 11:51:33.984, 0, 12288, 11777, 339
2026/09/10 11:51:34.191, 0, 12288, 11777, 339
2026/09/10 11:51:34.398, 0, 12288, 11777, 339
2026/09/10 11:51:34.605, 0, 12288, 11777, 339
2026/09/10 11:51:34.813, 0, 12288, 11777, 339
2026/09/10 11:51:35.021, 0, 12288, 11777, 339
2026/09/10 11:51:35.228, 0, 12288, 11777, 339
2026/09/10 11:51:35.436, 0, 12288, 11777, 339
2026/09/10 11:51:35.643, 0, 12288, 11777, 339
2026/09/10 11:51:35.849, 0, 12288, 11777, 339
2026/09/10 11:51:36.055, 0, 12288, 11777, 339
2026/09/10 11:51:36.262, 0, 12288, 11777, 339
2026/09/10 11:51:36.470, 0, 12288, 11777, 339
2026/09/10 11:51:36.676, 0, 12288, 11777, 339
2026/09/10 11:51:36.884, 0, 12288, 11777, 339
2026/09/10 11:51:37.091, 0, 12288, 11777, 339
2026/09/10 11:51:37.299, 0, 12288, 11777, 339
2026/09/10 11:51:37.507, 0, 12288, 11777, 339
2026/09/10 11:51:37.714, 0, 12288, 11777, 339
2026/09/10 11:51:37.920, 0, 12288, 11777, 339
2026/09/10 11:51:38.127, 0, 12288, 11777, 339
2026/09/10 11:51:38.334, 0, 12288, 11777, 339
2026/09/10 11:51:38.541, 0, 12288, 11777, 339
2026/09/10 11:51:38.745, 0, 12288, 11777, 339
2026/09/10 11:51:38.951, 0, 12288, 11777, 339
2026/09/10 11:51:39.158, 0, 12288, 11777, 339
2026/09/10 11:51:39.366, 0, 12288, 11777, 339
2026/09/10 11:51:39.574, 0, 12288, 11777, 339
2026/09/10 11:51:39.779, 0, 12288, 11777, 339
2026/09/10 11:51:39.986, 0, 12288, 11777, 339
2026/09/10 11:51:40.194, 0, 12288, 11777, 339
2026/09/10 11:51:40.402, 0, 12288, 11777, 339
2026/09/10 11:51:40.609, 0, 12288, 11777, 339
2026/09/10 11:51:40.817, 0, 12288, 11777, 339
2026/09/10 11:51:41.024, 0, 12288, 11777, 339
2026/09/10 11:51:41.232, 0, 12288, 11777, 339
2026/09/10 11:51:41.438, 0, 12288, 11777, 339
2026/09/10 11:51:41.646, 0, 12288, 11777, 339
2026/09/10 11:51:41.854, 0, 12288, 11777, 339
2026/09/10 11:51:42.062, 0, 12288, 11777, 339
2026/09/10 11:51:42.270, 0, 12288, 11777, 339
2026/09/10 11:51:42.478, 0, 12288, 11777, 339
2026/09/10 11:51:42.685, 0, 12288, 11777, 339
2026/09/10 11:51:42.892, 0, 12288, 11777, 339
2026/09/10 11:51:43.100, 0, 12288, 11777, 339
2026/09/10 11:51:43.307, 0, 12288, 11777, 339
2026/09/10 11:51:43.515, 0, 12288, 11777, 339
2026/09/10 11:51:43.723, 0, 12288, 11777, 339
2026/09/10 11:51:43.929, 0, 12288, 11777, 339
2026/09/10 11:51:44.136, 0, 12288, 11777, 339
2026/09/10 11:51:44.342, 0, 12288, 11777, 339
2026/09/10 11:51:44.549, 0, 12288, 11777, 339
2026/09/10 11:51:44.757, 0, 12288, 11777, 339
2026/09/10 11:51:44.964, 0, 12288, 11777, 339
2026/09/10 11:51:45.171, 0, 12288, 11777, 339
2026/09/10 11:51:45.378, 0, 12288, 11777, 339
2026/09/10 11:51:45.585, 0, 12288, 11777, 339
2026/09/10 11:51:45.793, 0, 12288, 11777, 339
2026/09/10 11:51:46.001, 0, 12288, 11777, 339
2026/09/10 11:51:46.209, 0, 12288, 11777, 339
2026/09/10 11:51:46.417, 0, 12288, 11777, 339
2026/09/10 11:51:46.624, 0, 12288, 11777, 339
2026/09/10 11:51:46.832, 0, 12288, 11777, 339
2026/09/10 11:51:47.039, 0, 12288, 11777, 339
2026/09/10 11:51:47.246, 0, 12288, 11777, 339
2026/09/10 11:51:47.453, 0, 12288, 11777, 339
2026/09/10 11:51:47.661, 0, 12288, 11777, 339
2026/09/10 11:51:47.869, 0, 12288, 11777, 339
2026/09/10 11:51:48.077, 0, 12288, 11777, 339
2026/09/10 11:51:48.284, 0, 12288, 11777, 339
2026/09/10 11:51:48.492, 0, 12288, 11777, 339
2026/09/10 11:51:48.700, 0, 12288, 11777, 339
2026/09/10 11:51:48.908, 0, 12288, 11777, 339
2026/09/10 11:51:49.116, 0, 12288, 11777, 339
2026/09/10 11:51:49.323, 0, 12288, 11777, 339
2026/09/10 11:51:49.531, 0, 12288, 11777, 339
2026/09/10 11:51:49.736, 0, 12288, 11777, 339
2026/09/10 11:51:49.943, 0, 12288, 11777, 339
2026/09/10 11:51:50.151, 0, 12288, 11777, 339
2026/09/10 11:51:50.359, 0, 12288, 11777, 339
2026/09/10 11:51:50.567, 0, 12288, 11777, 339
2026/09/10 11:51:50.773, 0, 12288, 11777, 339
2026/09/10 11:51:50.980, 0, 12288, 11777, 339
2026/09/10 11:51:51.188, 0, 12288, 11777, 339
2026/09/10 11:51:51.395, 0, 12288, 11777, 339
2026/09/10 11:51:51.602, 0, 12288, 11777, 339
2026/09/10 11:51:51.808, 0, 12288, 11777, 339
2026/09/10 11:51:52.016, 0, 12288, 11777, 339
2026/09/10 11:51:52.239, 0, 12288, 11777, 339
2026/09/10 11:51:52.446, 0, 12288, 11777, 339
2026/09/10 11:51:52.653, 0, 12288, 11777, 339
2026/09/10 11:51:52.860, 0, 12288, 11777, 339
2026/09/10 11:51:53.068, 0, 12288, 11777, 339
2026/09/10 11:51:53.275, 0, 12288, 11777, 339
2026/09/10 11:51:53.482, 0, 12288, 11777, 339
2026/09/10 11:51:53.690, 0, 12288, 11777, 339
2026/09/10 11:51:53.897, 0, 12288, 11777, 339
2026/09/10 11:51:54.104, 0, 12288, 11777, 339
2026/09/10 11:51:54.312, 0, 12288, 11777, 339
2026/09/10 11:51:54.520, 0, 12288, 11777, 339
2026/09/10 11:51:54.728, 0, 12288, 11777, 339
2026/09/10 11:51:54.935, 0, 12288, 11777, 339
2026/09/10 11:51:55.143, 0, 12288, 11777, 339
2026/09/10 11:51:55.347, 0, 12288, 11777, 339
2026/09/10 11:51:55.555, 0, 12288, 11777, 339
2026/09/10 11:51:55.761, 0, 12288, 11777, 339
2026/09/10 11:51:55.968, 0, 12288, 11777, 339
2026/09/10 11:51:56.175, 0, 12288, 11777, 339
2026/09/10 11:51:56.381, 0, 12288, 11777, 339
2026/09/10 11:51:56.589, 0, 12288, 11777, 339
2026/09/10 11:51:56.797, 0, 12288, 11777, 339
2026/09/10 11:51:57.005, 0, 12288, 11777, 339
2026/09/10 11:51:57.212, 0, 12288, 11777, 339
2026/09/10 11:51:57.419, 0, 12288, 11777, 339
2026/09/10 11:51:57.626, 0, 12288, 11777, 339
2026/09/10 11:51:57.832, 0, 12288, 11777, 339
2026/09/10 11:51:58.039, 0, 12288, 11777, 339
2026/09/10 11:51:58.246, 0, 12288, 11777, 339
2026/09/10 11:51:58.454, 0, 12288, 11777, 339
2026/09/10 11:51:58.660, 0, 12288, 11777, 339
2026/09/10 11:51:58.866, 0, 12288, 11777, 339
2026/09/10 11:51:59.074, 0, 12288, 11777, 339
2026/09/10 11:51:59.282, 0, 12288, 11777, 339
2026/09/10 11:51:59.490, 0, 12288, 11777, 339
2026/09/10 11:51:59.697, 0, 12288, 11777, 339
2026/09/10 11:51:59.905, 0, 12288, 11777, 339
2026/09/10 11:52:00.113, 0, 12288, 11777, 339
2026/09/10 11:52:00.321, 0, 12288, 11777, 339
2026/09/10 11:52:00.528, 0, 12288, 11777, 339
2026/09/10 11:52:00.735, 0, 12288, 11777, 339
2026/09/10 11:52:00.941, 0, 12288, 11777, 339
2026/09/10 11:52:01.149, 0, 12288, 11777, 339
2026/09/10 11:52:01.355, 0, 12288, 11777, 339
2026/09/10 11:52:01.563, 0, 12288, 11777, 339
2026/09/10 11:52:01.770, 0, 12288, 11777, 339
2026/09/10 11:52:01.978, 0, 12288, 11777, 339
2026/09/10 11:52:02.186, 0, 12288, 11777, 339
2026/09/10 11:52:02.393, 0, 12288, 11777, 339
2026/09/10 11:52:02.601, 0, 12288, 11777, 339
2026/09/10 11:52:02.806, 0, 12288, 11777, 339
2026/09/10 11:52:03.013, 0, 12288, 11777, 339
2026/09/10 11:52:03.221, 0, 12288, 11777, 339
2026/09/10 11:52:03.429, 0, 12288, 11777, 339
2026/09/10 11:52:03.636, 0, 12288, 11777, 339
2026/09/10 11:52:03.841, 0, 12288, 11777, 339
2026/09/10 11:52:04.048, 0, 12288, 11777, 339
2026/09/10 11:52:04.256, 0, 12288, 11777, 339
2026/09/10 11:52:04.461, 0, 12288, 11777, 339
2026/09/10 11:52:04.668, 0, 12288, 11777, 339
2026/09/10 11:52:04.875, 0, 12288, 11777, 339
2026/09/10 11:52:05.083, 0, 12288, 11777, 339
2026/09/10 11:52:05.291, 0, 12288, 11777, 339
2026/09/10 11:52:05.498, 0, 12288, 11777, 339
2026/09/10 11:52:05.706, 0, 12288, 11777, 339
2026/09/10 11:52:05.913, 0, 12288, 11777, 339
2026/09/10 11:52:06.121, 0, 12288, 11777, 339
2026/09/10 11:52:06.328, 0, 12288, 11777, 339
2026/09/10 11:52:06.533, 0, 12288, 11777, 339
2026/09/10 11:52:06.741, 0, 12288, 11777, 339
2026/09/10 11:52:06.948, 0, 12288, 11777, 339
2026/09/10 11:52:07.155, 0, 12288, 11777, 339
2026/09/10 11:52:07.362, 0, 12288, 11777, 339
2026/09/10 11:52:07.570, 0, 12288, 11777, 339
2026/09/10 11:52:07.779, 0, 12288, 11777, 339
2026/09/10 11:52:07.986, 0, 12288, 11777, 339
2026/09/10 11:52:08.193, 0, 12288, 11777, 339
2026/09/10 11:52:08.400, 0, 12288, 11777, 339
2026/09/10 11:52:08.606, 0, 12288, 11777, 339
2026/09/10 11:52:08.813, 0, 12288, 11777, 339
2026/09/10 11:52:09.021, 0, 12288, 11777, 339
2026/09/10 11:52:09.228, 0, 12288, 11777, 339
2026/09/10 11:52:09.436, 0, 12288, 11777, 339
2026/09/10 11:52:09.644, 0, 12288, 11777, 339
2026/09/10 11:52:09.852, 0, 12288, 11777, 339
2026/09/10 11:52:10.059, 0, 12288, 11777, 339
2026/09/10 11:52:10.266, 0, 12288, 11777, 339
2026/09/10 11:52:10.474, 0, 12288, 11777, 339
2026/09/10 11:52:10.682, 0, 12288, 11777, 339
2026/09/10 11:52:10.889, 0, 12288, 11777, 339
2026/09/10 11:52:11.097, 0, 12288, 11777, 339
2026/09/10 11:52:11.319, 0, 12288, 11777, 339
2026/09/10 11:52:11.526, 0, 12288, 11777, 339
2026/09/10 11:52:11.733, 0, 12288, 11777, 339
2026/09/10 11:52:11.941, 0, 12288, 11777, 339
2026/09/10 11:52:12.147, 0, 12288, 11777, 339
2026/09/10 11:52:12.354, 0, 12288, 11777, 339
2026/09/10 11:52:12.562, 0, 12288, 11777, 339
2026/09/10 11:52:12.768, 0, 12288, 11777, 339
2026/09/10 11:52:12.976, 0, 12288, 11777, 339
2026/09/10 11:52:13.184, 0, 12288, 11777, 339
2026/09/10 11:52:13.391, 0, 12288, 11777, 339
2026/09/10 11:52:13.599, 0, 12288, 11777, 339
2026/09/10 11:52:13.806, 0, 12288, 11777, 339
2026/09/10 11:52:14.012, 0, 12288, 11777, 339
2026/09/10 11:52:14.218, 0, 12288, 11777, 339
2026/09/10 11:52:14.426, 0, 12288, 11777, 339
2026/09/10 11:52:14.630, 0, 12288, 11777, 339
2026/09/10 11:52:14.837, 0, 12288, 11777, 339
2026/09/10 11:52:15.042, 0, 12288, 11777, 339
2026/09/10 11:52:15.248, 0, 12288, 11777, 339
2026/09/10 11:52:15.453, 0, 12288, 11777, 339
2026/09/10 11:52:15.661, 0, 12288, 11777, 339
2026/09/10 11:52:15.868, 0, 12288, 11777, 339
2026/09/10 11:52:16.074, 0, 12288, 11777, 339
2026/09/10 11:52:16.282, 0, 12288, 11777, 339
2026/09/10 11:52:16.489, 0, 12288, 11777, 339
2026/09/10 11:52:16.696, 0, 12288, 11777, 339
2026/09/10 11:52:16.901, 0, 12288, 11777, 339
2026/09/10 11:52:17.109, 0, 12288, 11777, 339
2026/09/10 11:52:17.317, 0, 12288, 11777, 339
2026/09/10 11:52:17.523, 0, 12288, 11777, 339
2026/09/10 11:52:17.731, 0, 12288, 11777, 339
2026/09/10 11:52:17.937, 0, 12288, 11777, 339
2026/09/10 11:52:18.144, 0, 12288, 11777, 339
2026/09/10 11:52:18.351, 0, 12288, 11777, 339
2026/09/10 11:52:18.559, 0, 12288, 11777, 339
2026/09/10 11:52:18.767, 0, 12288, 11777, 339
2026/09/10 11:52:18.970, 0, 12288, 11777, 339
2026/09/10 11:52:19.178, 0, 12288, 11777, 339
2026/09/10 11:52:19.385, 0, 12288, 11777, 339
2026/09/10 11:52:19.590, 0, 12288, 11777, 339
2026/09/10 11:52:19.797, 0, 12288, 11777, 339
2026/09/10 11:52:20.005, 0, 12288, 11777, 339
2026/09/10 11:52:20.213, 0, 12288, 11777, 339
2026/09/10 11:52:20.421, 0, 12288, 11777, 339
2026/09/10 11:52:20.627, 0, 12288, 11777, 339
2026/09/10 11:52:20.833, 0, 12288, 11777, 339
2026/09/10 11:52:21.037, 0, 12288, 11777, 339
2026/09/10 11:52:21.244, 0, 12288, 11777, 339
2026/09/10 11:52:21.451, 0, 12288, 11777, 339
2026/09/10 11:52:21.657, 0, 12288, 11777, 339
2026/09/10 11:52:21.860, 0, 12288, 11777, 339
2026/09/10 11:52:22.065, 0, 12288, 11777, 339
2026/09/10 11:52:22.270, 0, 12288, 11777, 339
2026/09/10 11:52:22.477, 0, 12288, 11777, 339
2026/09/10 11:52:22.684, 0, 12288, 11777, 339
2026/09/10 11:52:22.891, 0, 12288, 11777, 339
2026/09/10 11:52:23.096, 0, 12288, 11777, 339
2026/09/10 11:52:23.303, 0, 12288, 11777, 339
2026/09/10 11:52:23.510, 0, 12288, 11777, 339
2026/09/10 11:52:23.715, 0, 12288, 11777, 339
2026/09/10 11:52:23.922, 0, 12288, 11777, 339
2026/09/10 11:52:24.127, 0, 12288, 11777, 339
2026/09/10 11:52:24.333, 0, 12288, 11777, 339
2026/09/10 11:52:24.539, 0, 12288, 11777, 339
2026/09/10 11:52:24.742, 0, 12288, 11777, 339
2026/09/10 11:52:24.950, 0, 12288, 11777, 339
2026/09/10 11:52:25.156, 0, 12288, 11777, 339
2026/09/10 11:52:25.362, 0, 12288, 11777, 339
2026/09/10 11:52:25.566, 0, 12288, 11777, 339
2026/09/10 11:52:25.771, 0, 12288, 11777, 339
2026/09/10 11:52:25.978, 0, 12288, 11777, 339
2026/09/10 11:52:26.184, 0, 12288, 11777, 339
2026/09/10 11:52:26.388, 0, 12288, 11777, 339
2026/09/10 11:52:26.596, 0, 12288, 11777, 339
2026/09/10 11:52:26.801, 0, 12288, 11777, 339
2026/09/10 11:52:27.006, 0, 12288, 11777, 339
2026/09/10 11:52:27.213, 0, 12288, 11777, 339
2026/09/10 11:52:27.417, 0, 12288, 11777, 339
2026/09/10 11:52:27.624, 0, 12288, 11777, 339
2026/09/10 11:52:27.830, 0, 12288, 11777, 339
2026/09/10 11:52:28.036, 0, 12288, 11777, 339
2026/09/10 11:52:28.244, 0, 12288, 11777, 339
2026/09/10 11:52:28.447, 0, 12288, 11777, 339
2026/09/10 11:52:28.654, 0, 12288, 11777, 339
2026/09/10 11:52:28.862, 0, 12288, 11777, 339
2026/09/10 11:52:29.065, 0, 12288, 11777, 339
2026/09/10 11:52:29.273, 0, 12288, 11777, 339
2026/09/10 11:52:29.477, 0, 12288, 11777, 339
2026/09/10 11:52:29.684, 0, 12288, 11777, 339
2026/09/10 11:52:29.891, 0, 12288, 11777, 339
2026/09/10 11:52:30.095, 0, 12288, 11777, 339
2026/09/10 11:52:30.302, 0, 12288, 11777, 339
2026/09/10 11:52:30.507, 0, 12288, 11777, 339
2026/09/10 11:52:30.710, 0, 12288, 11777, 339
2026/09/10 11:52:30.917, 0, 12288, 11777, 339
2026/09/10 11:52:31.124, 0, 12288, 11777, 339
2026/09/10 11:52:31.330, 0, 12288, 11777, 339
2026/09/10 11:52:31.538, 0, 12288, 11777, 339
2026/09/10 11:52:31.741, 0, 12288, 11777, 339
2026/09/10 11:52:31.948, 0, 12288, 11777, 339
2026/09/10 11:52:32.155, 0, 12288, 11777, 339
2026/09/10 11:52:32.359, 0, 12288, 11777, 339
2026/09/10 11:52:32.567, 0, 12288, 11777, 339
2026/09/10 11:52:32.772, 0, 12288, 11777, 339
2026/09/10 11:52:32.978, 0, 12288, 11777, 339
2026/09/10 11:52:33.185, 0, 12288, 11777, 339
2026/09/10 11:52:33.390, 0, 12288, 11777, 339
2026/09/10 11:52:33.597, 0, 12288, 11777, 339
2026/09/10 11:52:33.805, 0, 12288, 11777, 339
2026/09/10 11:52:34.009, 0, 12288, 11777, 339
2026/09/10 11:52:34.217, 0, 12288, 11777, 339
2026/09/10 11:52:34.422, 0, 12288, 11777, 339
2026/09/10 11:52:34.627, 0, 12288, 11777, 339
2026/09/10 11:52:34.834, 0, 12288, 11777, 339
2026/09/10 11:52:35.040, 0, 12288, 11777, 339
2026/09/10 11:52:35.248, 0, 12288, 11777, 339
2026/09/10 11:52:35.455, 0, 12288, 11777, 339
2026/09/10 11:52:35.660, 0, 12288, 11777, 339
2026/09/10 11:52:35.868, 0, 12288, 11777, 339
2026/09/10 11:52:36.073, 0, 12288, 11777, 339
2026/09/10 11:52:36.278, 0, 12288, 11777, 339
2026/09/10 11:52:36.486, 0, 12288, 11777, 339
2026/09/10 11:52:36.690, 0, 12288, 11777, 339
2026/09/10 11:52:36.896, 0, 12288, 11777, 339
2026/09/10 11:52:37.103, 0, 12288, 11777, 339
2026/09/10 11:52:37.306, 0, 12288, 11777, 339
2026/09/10 11:52:37.514, 0, 12288, 11777, 339
2026/09/10 11:52:37.722, 0, 12288, 11777, 339
2026/09/10 11:52:37.926, 0, 12288, 11777, 339
2026/09/10 11:52:38.133, 0, 12288, 11777, 339
2026/09/10 11:52:38.337, 0, 12288, 11777, 339
2026/09/10 11:52:38.542, 0, 12288, 11777, 339
2026/09/10 11:52:38.749, 0, 12288, 11777, 339
2026/09/10 11:52:38.950, 0, 12288, 11777, 339
2026/09/10 11:52:39.155, 0, 12288, 11777, 339
2026/09/10 11:52:39.363, 0, 12288, 11777, 339
2026/09/10 11:52:39.567, 0, 12288, 11777, 339
2026/09/10 11:52:39.773, 0, 12288, 11777, 339
2026/09/10 11:52:39.981, 0, 12288, 11777, 339
2026/09/10 11:52:40.185, 0, 12288, 11777, 339
2026/09/10 11:52:40.393, 0, 12288, 11777, 339
2026/09/10 11:52:40.600, 0, 12288, 11777, 339
2026/09/10 11:52:40.804, 0, 12288, 11777, 339
2026/09/10 11:52:41.012, 0, 12288, 11777, 339
2026/09/10 11:52:41.217, 0, 12288, 11777, 339
2026/09/10 11:52:41.423, 0, 12288, 11777, 339
2026/09/10 11:52:41.630, 0, 12288, 11777, 339
2026/09/10 11:52:41.833, 0, 12288, 11777, 339
2026/09/10 11:52:42.040, 0, 12288, 11777, 339
2026/09/10 11:52:42.248, 0, 12288, 11777, 339
2026/09/10 11:52:42.451, 0, 12288, 11777, 339
2026/09/10 11:52:42.674, 0, 12288, 11777, 339
2026/09/10 11:52:42.880, 0, 12288, 11777, 339
2026/09/10 11:52:43.087, 0, 12288, 11777, 339
2026/09/10 11:52:43.294, 0, 12288, 11777, 339
2026/09/10 11:52:43.499, 0, 12288, 11777, 339
2026/09/10 11:52:43.706, 0, 12288, 11777, 339
2026/09/10 11:52:43.912, 0, 12288, 11777, 339
2026/09/10 11:52:44.115, 0, 12288, 11777, 339
2026/09/10 11:52:44.322, 0, 12288, 11777, 339
2026/09/10 11:52:44.527, 0, 12288, 11777, 339
2026/09/10 11:52:44.731, 0, 12288, 11777, 339
2026/09/10 11:52:44.939, 0, 12288, 11777, 339
2026/09/10 11:52:45.147, 0, 12288, 11777, 339
2026/09/10 11:52:45.351, 0, 12288, 11777, 339
2026/09/10 11:52:45.558, 0, 12288, 11777, 339
2026/09/10 11:52:45.764, 0, 12288, 11777, 339
2026/09/10 11:52:45.968, 0, 12288, 11777, 339
2026/09/10 11:52:46.176, 0, 12288, 11777, 339
2026/09/10 11:52:46.383, 0, 12288, 11777, 339
2026/09/10 11:52:46.587, 0, 12288, 11777, 339
2026/09/10 11:52:46.791, 0, 12288, 11777, 339
2026/09/10 11:52:46.997, 0, 12288, 11777, 339
2026/09/10 11:52:47.203, 0, 12288, 11777, 339
2026/09/10 11:52:47.410, 0, 12288, 11777, 339
2026/09/10 11:52:47.615, 0, 12288, 11777, 339
2026/09/10 11:52:47.822, 0, 12288, 11777, 339
2026/09/10 11:52:48.029, 0, 12288, 11777, 339
2026/09/10 11:52:48.232, 0, 12288, 11777, 339
2026/09/10 11:52:48.439, 0, 12288, 11777, 339
2026/09/10 11:52:48.647, 0, 12288, 11777, 339
2026/09/10 11:52:48.850, 0, 12288, 11777, 339
2026/09/10 11:52:49.057, 0, 12288, 11777, 339
2026/09/10 11:52:49.264, 0, 12288, 11777, 339
2026/09/10 11:52:49.468, 0, 12288, 11777, 339
2026/09/10 11:52:49.675, 0, 12288, 11777, 339
2026/09/10 11:52:49.883, 0, 12288, 11777, 339
2026/09/10 11:52:50.088, 0, 12288, 11777, 339
2026/09/10 11:52:50.294, 0, 12288, 11777, 339
2026/09/10 11:52:50.501, 0, 12288, 11777, 339
2026/09/10 11:52:50.703, 0, 12288, 11777, 339
2026/09/10 11:52:50.912, 0, 12288, 11777, 339
2026/09/10 11:52:51.117, 0, 12288, 11777, 339
2026/09/10 11:52:51.321, 0, 12288, 11777, 339
2026/09/10 11:52:51.529, 0, 12288, 11777, 339
2026/09/10 11:52:51.734, 0, 12288, 11777, 339
2026/09/10 11:52:51.940, 0, 12288, 11777, 339
2026/09/10 11:52:52.147, 0, 12288, 11777, 339
2026/09/10 11:52:52.352, 0, 12288, 11777, 339
2026/09/10 11:52:52.555, 0, 12288, 11777, 339
2026/09/10 11:52:52.760, 0, 12288, 11777, 339
2026/09/10 11:52:52.966, 0, 12288, 11777, 339
2026/09/10 11:52:53.172, 0, 12288, 11777, 339
2026/09/10 11:52:53.379, 0, 12288, 11777, 339
2026/09/10 11:52:53.584, 0, 12288, 11777, 339
2026/09/10 11:52:53.788, 0, 12288, 11777, 339
2026/09/10 11:52:53.996, 0, 12288, 11777, 339
2026/09/10 11:52:54.198, 0, 12288, 11777, 339
2026/09/10 11:52:54.403, 0, 12288, 11777, 339
2026/09/10 11:52:54.610, 0, 12288, 11777, 339
2026/09/10 11:52:54.814, 0, 12288, 11777, 339
2026/09/10 11:52:55.022, 0, 12288, 11777, 339
2026/09/10 11:52:55.230, 0, 12288, 11777, 339
2026/09/10 11:52:55.434, 0, 12288, 11777, 339
2026/09/10 11:52:55.641, 0, 12288, 11777, 339
2026/09/10 11:52:55.849, 0, 12288, 11777, 339
2026/09/10 11:52:56.054, 0, 12288, 11777, 339
2026/09/10 11:52:56.261, 0, 12288, 11777, 339
2026/09/10 11:52:56.468, 0, 12288, 11777, 339
2026/09/10 11:52:56.673, 0, 12288, 11777, 339
2026/09/10 11:52:56.881, 0, 12288, 11777, 339
2026/09/10 11:52:57.089, 0, 12288, 11777, 339
2026/09/10 11:52:57.293, 0, 12288, 11777, 339
2026/09/10 11:52:57.500, 0, 12288, 11777, 339
2026/09/10 11:52:57.707, 0, 12288, 11777, 339
2026/09/10 11:52:57.912, 0, 12288, 11777, 339
2026/09/10 11:52:58.117, 0, 12288, 11777, 339
2026/09/10 11:52:58.324, 0, 12288, 11777, 339
2026/09/10 11:52:58.529, 0, 12288, 11777, 339
2026/09/10 11:52:58.736, 0, 12288, 11777, 339
2026/09/10 11:52:58.942, 0, 12288, 11777, 339
2026/09/10 11:52:59.147, 0, 12288, 11777, 339
2026/09/10 11:52:59.354, 0, 12288, 11777, 339
2026/09/10 11:52:59.561, 0, 12288, 11777, 339
2026/09/10 11:52:59.767, 0, 12288, 11777, 339
2026/09/10 11:52:59.975, 0, 12288, 11777, 339
2026/09/10 11:53:00.182, 0, 12288, 11777, 339
2026/09/10 11:53:00.385, 0, 12288, 11777, 339
2026/09/10 11:53:00.593, 0, 12288, 11777, 339
2026/09/10 11:53:00.798, 0, 12288, 11777, 339
2026/09/10 11:53:01.001, 0, 12288, 11777, 339
2026/09/10 11:53:01.209, 0, 12288, 11777, 339
2026/09/10 11:53:01.415, 0, 12288, 11777, 339
2026/09/10 11:53:01.621, 0, 12288, 11777, 339
2026/09/10 11:53:01.829, 0, 12288, 11777, 339
2026/09/10 11:53:02.035, 0, 12288, 11777, 339
2026/09/10 11:53:02.241, 0, 12288, 11777, 339
2026/09/10 11:53:02.449, 0, 12288, 11777, 339
2026/09/10 11:53:02.655, 0, 12288, 11777, 339
2026/09/10 11:53:02.861, 0, 12288, 11777, 339
2026/09/10 11:53:03.067, 0, 12288, 11777, 339
2026/09/10 11:53:03.274, 0, 12288, 11777, 339
2026/09/10 11:53:03.478, 0, 12288, 11777, 339
2026/09/10 11:53:03.682, 0, 12288, 11777, 339
2026/09/10 11:53:03.888, 0, 12288, 11777, 339
2026/09/10 11:53:04.094, 0, 12288, 11777, 339
2026/09/10 11:53:04.302, 0, 12288, 11777, 339
2026/09/10 11:53:04.508, 0, 12288, 11777, 339
2026/09/10 11:53:04.713, 0, 12288, 11777, 339
2026/09/10 11:53:04.921, 0, 12288, 11777, 339
2026/09/10 11:53:05.129, 0, 12288, 11777, 339
2026/09/10 11:53:05.334, 0, 12288, 11777, 339
2026/09/10 11:53:05.540, 0, 12288, 11777, 339
2026/09/10 11:53:05.746, 0, 12288, 11777, 339
2026/09/10 11:53:05.951, 0, 12288, 11777, 339
2026/09/10 11:53:06.159, 0, 12288, 11777, 339
2026/09/10 11:53:06.366, 0, 12288, 11777, 339
2026/09/10 11:53:06.570, 0, 12288, 11777, 339
2026/09/10 11:53:06.777, 0, 12288, 11777, 339
2026/09/10 11:53:06.982, 0, 12288, 11777, 339
2026/09/10 11:53:07.187, 0, 12288, 11777, 339
2026/09/10 11:53:07.392, 0, 12288, 11777, 339
2026/09/10 11:53:07.598, 0, 12288, 11777, 339
2026/09/10 11:53:07.804, 0, 12288, 11777, 339
2026/09/10 11:53:08.010, 0, 12288, 11777, 339
2026/09/10 11:53:08.217, 0, 12288, 11777, 339
2026/09/10 11:53:08.424, 0, 12288, 11777, 339
2026/09/10 11:53:08.628, 0, 12288, 11777, 339
2026/09/10 11:53:08.835, 0, 12288, 11777, 339
2026/09/10 11:53:09.042, 0, 12288, 11777, 339
2026/09/10 11:53:09.249, 0, 12288, 11777, 339
2026/09/10 11:53:09.457, 0, 12288, 11777, 339
2026/09/10 11:53:09.664, 0, 12288, 11777, 339
2026/09/10 11:53:09.871, 0, 12288, 11777, 339
2026/09/10 11:53:10.079, 0, 12288, 11777, 339
2026/09/10 11:53:10.286, 0, 12288, 11777, 339
2026/09/10 11:53:10.494, 0, 12288, 11777, 339
2026/09/10 11:53:10.702, 0, 12288, 11777, 339
2026/09/10 11:53:10.909, 0, 12288, 11777, 339
2026/09/10 11:53:11.114, 0, 12288, 11777, 339
2026/09/10 11:53:11.322, 0, 12288, 11777, 339
2026/09/10 11:53:11.530, 0, 12288, 11777, 339
2026/09/10 11:53:11.738, 0, 12288, 11777, 339
2026/09/10 11:53:11.946, 0, 12288, 11777, 339
2026/09/10 11:53:12.154, 0, 12288, 11777, 339
2026/09/10 11:53:12.362, 0, 12288, 11777, 339
2026/09/10 11:53:12.568, 0, 12288, 11777, 339
2026/09/10 11:53:12.774, 0, 12288, 11777, 339
2026/09/10 11:53:12.979, 0, 12288, 11777, 339
2026/09/10 11:53:13.186, 0, 12288, 11777, 339
2026/09/10 11:53:13.394, 0, 12288, 11777, 339
2026/09/10 11:53:13.602, 0, 12288, 11777, 339
2026/09/10 11:53:13.809, 0, 12288, 11777, 339
2026/09/10 11:53:14.031, 0, 12288, 11777, 339
2026/09/10 11:53:14.239, 0, 12288, 11777, 339
2026/09/10 11:53:14.446, 0, 12288, 11777, 339
2026/09/10 11:53:14.654, 0, 12288, 11777, 339
2026/09/10 11:53:14.860, 0, 12288, 11777, 339
2026/09/10 11:53:15.068, 0, 12288, 11777, 339
2026/09/10 11:53:15.275, 0, 12288, 11777, 339
2026/09/10 11:53:15.480, 0, 12288, 11777, 339
2026/09/10 11:53:15.686, 0, 12288, 11777, 339
2026/09/10 11:53:15.893, 0, 12288, 11777, 339
2026/09/10 11:53:16.100, 0, 12288, 11777, 339
2026/09/10 11:53:16.307, 0, 12288, 11777, 339
2026/09/10 11:53:16.513, 0, 12288, 11777, 339
2026/09/10 11:53:16.720, 0, 12288, 11777, 339
2026/09/10 11:53:16.928, 0, 12288, 11777, 339
2026/09/10 11:53:17.135, 0, 12288, 11777, 339
2026/09/10 11:53:17.342, 0, 12288, 11777, 339
2026/09/10 11:53:17.550, 0, 12288, 11777, 339
2026/09/10 11:53:17.756, 0, 12288, 11777, 339
2026/09/10 11:53:17.963, 0, 12288, 11777, 339
2026/09/10 11:53:18.171, 0, 12288, 11777, 339
2026/09/10 11:53:18.378, 0, 12288, 11777, 339
2026/09/10 11:53:18.586, 0, 12288, 11777, 339
2026/09/10 11:53:18.794, 0, 12288, 11777, 339
2026/09/10 11:53:19.001, 0, 12288, 11777, 339
2026/09/10 11:53:19.207, 0, 12288, 11777, 339
2026/09/10 11:53:19.413, 0, 12288, 11777, 339
2026/09/10 11:53:19.618, 0, 12288, 11777, 339
2026/09/10 11:53:19.825, 0, 12288, 11777, 339
2026/09/10 11:53:20.033, 0, 12288, 11777, 339
2026/09/10 11:53:20.240, 0, 12288, 11777, 339
2026/09/10 11:53:20.446, 0, 12288, 11777, 339
2026/09/10 11:53:20.653, 0, 12288, 11777, 339
2026/09/10 11:53:20.861, 0, 12288, 11777, 339
2026/09/10 11:53:21.069, 0, 12288, 11777, 339
2026/09/10 11:53:21.275, 0, 12288, 11777, 339
2026/09/10 11:53:21.483, 0, 12288, 11777, 339
2026/09/10 11:53:21.690, 0, 12288, 11777, 339
2026/09/10 11:53:21.897, 0, 12288, 11777, 339
2026/09/10 11:53:22.105, 0, 12288, 11777, 339
2026/09/10 11:53:22.312, 0, 12288, 11777, 339
2026/09/10 11:53:22.520, 0, 12288, 11777, 339
2026/09/10 11:53:22.725, 0, 12288, 11777, 339
2026/09/10 11:53:22.932, 0, 12288, 11777, 339
2026/09/10 11:53:23.140, 0, 12288, 11777, 339
2026/09/10 11:53:23.347, 0, 12288, 11777, 339
2026/09/10 11:53:23.553, 0, 12288, 11777, 339
2026/09/10 11:53:23.760, 0, 12288, 11777, 339
2026/09/10 11:53:23.967, 0, 12288, 11777, 339
2026/09/10 11:53:24.173, 0, 12288, 11777, 339
2026/09/10 11:53:24.381, 0, 12288, 11777, 339
2026/09/10 11:53:24.589, 0, 12288, 11777, 339
2026/09/10 11:53:24.795, 0, 12288, 11777, 339
2026/09/10 11:53:25.002, 0, 12288, 11777, 339
2026/09/10 11:53:25.210, 0, 12288, 11777, 339
2026/09/10 11:53:25.418, 0, 12288, 11777, 339
2026/09/10 11:53:25.625, 0, 12288, 11777, 339
2026/09/10 11:53:25.832, 0, 12288, 11777, 339
2026/09/10 11:53:26.038, 0, 12288, 11777, 339
2026/09/10 11:53:26.245, 0, 12288, 11777, 339
2026/09/10 11:53:26.453, 0, 12288, 11777, 339
2026/09/10 11:53:26.661, 0, 12288, 11777, 339
2026/09/10 11:53:26.867, 0, 12288, 11777, 339
2026/09/10 11:53:27.075, 0, 12288, 11777, 339
2026/09/10 11:53:27.283, 0, 12288, 11777, 339
2026/09/10 11:53:27.491, 0, 12288, 11777, 339
2026/09/10 11:53:27.695, 0, 12288, 11777, 339
2026/09/10 11:53:27.902, 0, 12288, 11777, 339
2026/09/10 11:53:28.110, 0, 12288, 11777, 339
2026/09/10 11:53:28.318, 0, 12288, 11777, 339
2026/09/10 11:53:28.525, 0, 12288, 11777, 339
2026/09/10 11:53:28.731, 0, 12288, 11777, 339
2026/09/10 11:53:28.937, 0, 12288, 11777, 339
2026/09/10 11:53:29.143, 0, 12288, 11777, 339
2026/09/10 11:53:29.350, 0, 12288, 11777, 339
2026/09/10 11:53:29.557, 0, 12288, 11777, 339
2026/09/10 11:53:29.765, 0, 12288, 11777, 339
2026/09/10 11:53:29.973, 0, 12288, 11777, 339
2026/09/10 11:53:30.180, 0, 12288, 11777, 339
2026/09/10 11:53:30.386, 0, 12288, 11777, 339
2026/09/10 11:53:30.593, 0, 12288, 11777, 339
2026/09/10 11:53:30.801, 0, 12288, 11777, 339
2026/09/10 11:53:31.007, 0, 12288, 11777, 339
2026/09/10 11:53:31.215, 0, 12288, 11777, 339
2026/09/10 11:53:31.423, 0, 12288, 11777, 339
2026/09/10 11:53:31.629, 0, 12288, 11777, 339
2026/09/10 11:53:31.837, 0, 12288, 11777, 339
2026/09/10 11:53:32.045, 0, 12288, 11777, 339
2026/09/10 11:53:32.251, 0, 12288, 11777, 339
2026/09/10 11:53:32.457, 0, 12288, 11777, 339
2026/09/10 11:53:32.665, 0, 12288, 11777, 339
2026/09/10 11:53:32.872, 0, 12288, 11777, 339
2026/09/10 11:53:33.078, 0, 12288, 11777, 339
2026/09/10 11:53:33.285, 0, 12288, 11777, 339
2026/09/10 11:53:33.492, 0, 12288, 11777, 339
2026/09/10 11:53:33.698, 0, 12288, 11777, 339
2026/09/10 11:53:33.903, 0, 12288, 11777, 339
2026/09/10 11:53:34.109, 0, 12288, 11777, 339
2026/09/10 11:53:34.316, 0, 12288, 11777, 339
2026/09/10 11:53:34.523, 0, 12288, 11777, 339
2026/09/10 11:53:34.729, 0, 12288, 11777, 339
2026/09/10 11:53:34.935, 0, 12288, 11777, 339
2026/09/10 11:53:35.143, 0, 12288, 11777, 339
2026/09/10 11:53:35.350, 0, 12288, 11777, 339
2026/09/10 11:53:35.557, 0, 12288, 11777, 339
2026/09/10 11:53:35.765, 0, 12288, 11777, 339
2026/09/10 11:53:35.972, 0, 12288, 11777, 339
2026/09/10 11:53:36.180, 0, 12288, 11777, 339
2026/09/10 11:53:36.387, 0, 12288, 11777, 339
2026/09/10 11:53:36.595, 0, 12288, 11777, 339
2026/09/10 11:53:36.803, 0, 12288, 11777, 339
2026/09/10 11:53:37.009, 0, 12288, 11777, 339
2026/09/10 11:53:37.214, 0, 12288, 11777, 339
2026/09/10 11:53:37.422, 0, 12288, 11777, 339
2026/09/10 11:53:37.629, 0, 12288, 11777, 339
2026/09/10 11:53:37.836, 0, 12288, 11777, 339
2026/09/10 11:53:38.044, 0, 12288, 11777, 339
2026/09/10 11:53:38.252, 0, 12288, 11777, 339
2026/09/10 11:53:38.459, 0, 12288, 11777, 339
2026/09/10 11:53:38.667, 0, 12288, 11777, 339
2026/09/10 11:53:38.875, 0, 12288, 11777, 339
2026/09/10 11:53:39.083, 0, 12288, 11777, 339
2026/09/10 11:53:39.291, 0, 12288, 11777, 339
2026/09/10 11:53:39.499, 0, 12288, 11777, 339
2026/09/10 11:53:39.707, 0, 12288, 11777, 339
2026/09/10 11:53:39.914, 0, 12288, 11777, 339
2026/09/10 11:53:40.123, 0, 12288, 11777, 339
2026/09/10 11:53:40.330, 0, 12288, 11777, 339
2026/09/10 11:53:40.538, 0, 12288, 11777, 339
2026/09/10 11:53:40.746, 0, 12288, 11777, 339
2026/09/10 11:53:40.954, 0, 12288, 11777, 339
2026/09/10 11:53:41.161, 0, 12288, 11777, 339
2026/09/10 11:53:41.368, 0, 12288, 11777, 339
2026/09/10 11:53:41.576, 0, 12288, 11777, 339
2026/09/10 11:53:41.783, 0, 12288, 11777, 339
2026/09/10 11:53:41.990, 0, 12288, 11777, 339
2026/09/10 11:53:42.198, 0, 12288, 11777, 339
2026/09/10 11:53:42.404, 0, 12288, 11777, 339
2026/09/10 11:53:42.611, 0, 12288, 11777, 339
2026/09/10 11:53:42.816, 0, 12288, 11777, 339
2026/09/10 11:53:43.024, 0, 12288, 11777, 339
2026/09/10 11:53:43.232, 0, 12288, 11777, 339
2026/09/10 11:53:43.439, 0, 12288, 11777, 339
2026/09/10 11:53:43.646, 0, 12288, 11777, 339
2026/09/10 11:53:43.852, 0, 12288, 11777, 339
2026/09/10 11:53:44.059, 0, 12288, 11777, 339
2026/09/10 11:53:44.267, 0, 12288, 11777, 339
2026/09/10 11:53:44.475, 0, 12288, 11777, 339
2026/09/10 11:53:44.682, 0, 12288, 11777, 339
2026/09/10 11:53:44.890, 0, 12288, 11777, 339
2026/09/10 11:53:45.098, 0, 12288, 11777, 339
2026/09/10 11:53:45.305, 0, 12288, 11777, 339
2026/09/10 11:53:45.510, 0, 12288, 11777, 339
2026/09/10 11:53:45.718, 0, 12288, 11777, 339
2026/09/10 11:53:45.926, 0, 12288, 11777, 339
2026/09/10 11:53:46.133, 0, 12288, 11777, 339
2026/09/10 11:53:46.341, 0, 12288, 11777, 339
2026/09/10 11:53:46.548, 0, 12288, 11777, 339
2026/09/10 11:53:46.755, 0, 12288, 11777, 339
2026/09/10 11:53:46.962, 0, 12288, 11777, 339
2026/09/10 11:53:47.170, 0, 12288, 11777, 339
2026/09/10 11:53:47.378, 0, 12288, 11777, 339
2026/09/10 11:53:47.585, 0, 12288, 11777, 339
2026/09/10 11:53:47.791, 0, 12288, 11777, 339
2026/09/10 11:53:47.998, 0, 12288, 11777, 339
2026/09/10 11:53:48.204, 0, 12288, 11777, 339
2026/09/10 11:53:48.409, 0, 12288, 11777, 339
2026/09/10 11:53:48.617, 0, 12288, 11777, 339
2026/09/10 11:53:48.823, 0, 12288, 11777, 339
2026/09/10 11:53:49.031, 0, 12288, 11777, 339
2026/09/10 11:53:49.239, 0, 12288, 11777, 339
2026/09/10 11:53:49.446, 0, 12288, 11777, 339
2026/09/10 11:53:49.654, 0, 12288, 11777, 339
2026/09/10 11:53:49.862, 0, 12288, 11777, 339
2026/09/10 11:53:50.070, 0, 12288, 11777, 339
2026/09/10 11:53:50.278, 0, 12288, 11777, 339
2026/09/10 11:53:50.486, 0, 12288, 11777, 339
2026/09/10 11:53:50.693, 0, 12288, 11777, 339
2026/09/10 11:53:50.898, 0, 12288, 11777, 339
2026/09/10 11:53:51.106, 0, 12288, 11777, 339
2026/09/10 11:53:51.312, 0, 12288, 11777, 339
2026/09/10 11:53:51.520, 0, 12288, 11777, 339
2026/09/10 11:53:51.727, 0, 12288, 11777, 339
2026/09/10 11:53:51.933, 0, 12288, 11777, 339
2026/09/10 11:53:52.140, 0, 12288, 11777, 339
2026/09/10 11:53:52.348, 0, 12288, 11777, 339
2026/09/10 11:53:52.554, 0, 12288, 11777, 339
2026/09/10 11:53:52.762, 0, 12288, 11777, 339
2026/09/10 11:53:52.970, 0, 12288, 11777, 339
2026/09/10 11:53:53.178, 0, 12288, 11777, 339
2026/09/10 11:53:53.385, 0, 12288, 11777, 339
2026/09/10 11:53:53.593, 0, 12288, 11777, 339
2026/09/10 11:53:53.800, 0, 12288, 11777, 339
2026/09/10 11:53:54.006, 0, 12288, 11777, 339
2026/09/10 11:53:54.213, 0, 12288, 11777, 339
2026/09/10 11:53:54.421, 0, 12288, 11777, 339
2026/09/10 11:53:54.629, 0, 12288, 11777, 339
2026/09/10 11:53:54.835, 0, 12288, 11777, 339
2026/09/10 11:53:55.042, 0, 12288, 11777, 339
2026/09/10 11:53:55.249, 0, 12288, 11777, 339
2026/09/10 11:53:55.457, 0, 12288, 11777, 339
2026/09/10 11:53:55.665, 0, 12288, 11777, 339
2026/09/10 11:53:55.873, 0, 12288, 11777, 339
2026/09/10 11:53:56.080, 0, 12288, 11777, 339
2026/09/10 11:53:56.286, 0, 12288, 11777, 339
2026/09/10 11:53:56.493, 0, 12288, 11777, 339
2026/09/10 11:53:56.700, 0, 12288, 11777, 339
2026/09/10 11:53:56.908, 0, 12288, 11777, 339
2026/09/10 11:53:57.115, 0, 12288, 11777, 339
2026/09/10 11:53:57.323, 0, 12288, 11777, 339
2026/09/10 11:53:57.530, 0, 12288, 11777, 339
2026/09/10 11:53:57.737, 0, 12288, 11777, 339
2026/09/10 11:53:57.945, 0, 12288, 11777, 339
2026/09/10 11:53:58.153, 0, 12288, 11777, 339
2026/09/10 11:53:58.360, 0, 12288, 11777, 339
2026/09/10 11:53:58.568, 0, 12288, 11777, 339
2026/09/10 11:53:58.775, 0, 12288, 11777, 339
2026/09/10 11:53:58.982, 0, 12288, 11777, 339
2026/09/10 11:53:59.189, 0, 12288, 11777, 339
2026/09/10 11:53:59.396, 0, 12288, 11777, 339
2026/09/10 11:53:59.602, 0, 12288, 11777, 339
2026/09/10 11:53:59.808, 0, 12288, 11777, 339
2026/09/10 11:54:00.014, 0, 12288, 11777, 339
2026/09/10 11:54:00.219, 0, 12288, 11777, 339
2026/09/10 11:54:00.421, 0, 12288, 11777, 339
2026/09/10 11:54:00.629, 0, 12288, 11777, 339
2026/09/10 11:54:00.837, 0, 12288, 11777, 339
2026/09/10 11:54:01.042, 0, 12288, 11777, 339
2026/09/10 11:54:01.250, 0, 12288, 11777, 339
2026/09/10 11:54:01.455, 0, 12288, 11777, 339
2026/09/10 11:54:01.660, 0, 12288, 11777, 339
2026/09/10 11:54:01.867, 0, 12288, 11777, 339
2026/09/10 11:54:02.073, 0, 12288, 11777, 339
2026/09/10 11:54:02.281, 0, 12288, 11777, 339
2026/09/10 11:54:02.486, 0, 12288, 11777, 339
2026/09/10 11:54:02.693, 0, 12288, 11777, 339
2026/09/10 11:54:02.901, 0, 12288, 11777, 339
2026/09/10 11:54:03.104, 0, 12288, 11777, 339
2026/09/10 11:54:03.310, 0, 12288, 11777, 339
2026/09/10 11:54:03.517, 0, 12288, 11777, 339
2026/09/10 11:54:03.721, 0, 12288, 11777, 339
2026/09/10 11:54:03.927, 0, 12288, 11777, 339
2026/09/10 11:54:04.129, 0, 12288, 11777, 339
2026/09/10 11:54:04.336, 0, 12288, 11777, 339
2026/09/10 11:54:04.542, 0, 12288, 11777, 339
2026/09/10 11:54:04.747, 0, 12288, 11777, 339
2026/09/10 11:54:04.955, 0, 12288, 11777, 339
2026/09/10 11:54:05.157, 0, 12288, 11777, 339
2026/09/10 11:54:05.365, 0, 12288, 11777, 339
2026/09/10 11:54:05.571, 0, 12288, 11777, 339
2026/09/10 11:54:05.776, 0, 12288, 11777, 339
2026/09/10 11:54:05.985, 0, 12288, 11777, 339
2026/09/10 11:54:06.190, 0, 12288, 11777, 339
2026/09/10 11:54:06.396, 0, 12288, 11777, 339
2026/09/10 11:54:06.604, 0, 12288, 11777, 339
2026/09/10 11:54:06.807, 0, 12288, 11777, 339
2026/09/10 11:54:07.014, 0, 12288, 11777, 339
2026/09/10 11:54:07.221, 0, 12288, 11777, 339
2026/09/10 11:54:07.427, 0, 12288, 11777, 339
2026/09/10 11:54:07.634, 0, 12288, 11777, 339
2026/09/10 11:54:07.839, 0, 12288, 11777, 339
2026/09/10 11:54:08.046, 0, 12288, 11777, 339
2026/09/10 11:54:08.253, 0, 12288, 11777, 339
2026/09/10 11:54:08.458, 0, 12288, 11777, 339
2026/09/10 11:54:08.665, 0, 12288, 11777, 339
2026/09/10 11:54:08.871, 0, 12288, 11777, 339
2026/09/10 11:54:09.075, 0, 12288, 11777, 339
2026/09/10 11:54:09.283, 0, 12288, 11777, 339
2026/09/10 11:54:09.487, 0, 12288, 11777, 339
2026/09/10 11:54:09.695, 0, 12288, 11777, 339
2026/09/10 11:54:09.901, 0, 12288, 11777, 339
2026/09/10 11:54:10.107, 0, 12288, 11777, 339
2026/09/10 11:54:10.314, 0, 12288, 11777, 339
2026/09/10 11:54:10.519, 0, 12288, 11777, 339
2026/09/10 11:54:10.722, 0, 12288, 11777, 339
2026/09/10 11:54:10.930, 0, 12288, 11777, 339
2026/09/10 11:54:11.135, 0, 12288, 11777, 339
2026/09/10 11:54:11.342, 0, 12288, 11777, 339
2026/09/10 11:54:11.549, 0, 12288, 11777, 339
2026/09/10 11:54:11.756, 0, 12288, 11777, 339
2026/09/10 11:54:11.963, 0, 12288, 11777, 339
2026/09/10 11:54:12.168, 0, 12288, 11777, 339
2026/09/10 11:54:12.375, 0, 12288, 11777, 339
2026/09/10 11:54:12.582, 0, 12288, 11777, 339
2026/09/10 11:54:12.785, 0, 12288, 11777, 339
2026/09/10 11:54:12.993, 0, 12288, 11777, 339
2026/09/10 11:54:13.201, 0, 12288, 11777, 339
2026/09/10 11:54:13.404, 0, 12288, 11777, 339
2026/09/10 11:54:13.612, 0, 12288, 11777, 339
2026/09/10 11:54:13.820, 0, 12288, 11777, 339
2026/09/10 11:54:14.023, 0, 12288, 11777, 339
2026/09/10 11:54:14.231, 0, 12288, 11777, 339
2026/09/10 11:54:14.437, 0, 12288, 11777, 339
2026/09/10 11:54:14.643, 0, 12288, 11777, 339
2026/09/10 11:54:14.851, 0, 12288, 11777, 339
2026/09/10 11:54:15.054, 0, 12288, 11777, 339
2026/09/10 11:54:15.260, 0, 12288, 11777, 339
2026/09/10 11:54:15.467, 0, 12288, 11777, 339
2026/09/10 11:54:15.672, 0, 12288, 11777, 339
2026/09/10 11:54:15.879, 0, 12288, 11777, 339
2026/09/10 11:54:16.084, 0, 12288, 11777, 339
2026/09/10 11:54:16.289, 0, 12288, 11777, 339
2026/09/10 11:54:16.495, 0, 12288, 11777, 339
2026/09/10 11:54:16.699, 0, 12288, 11777, 339
2026/09/10 11:54:16.904, 0, 12288, 11777, 339
2026/09/10 11:54:17.112, 0, 12288, 11777, 339
2026/09/10 11:54:17.316, 0, 12288, 11777, 339
2026/09/10 11:54:17.523, 0, 12288, 11777, 339
2026/09/10 11:54:17.730, 0, 12288, 11777, 339
2026/09/10 11:54:17.934, 0, 12288, 11777, 339
2026/09/10 11:54:18.141, 0, 12288, 11777, 339
2026/09/10 11:54:18.347, 0, 12288, 11777, 339
2026/09/10 11:54:18.551, 0, 12288, 11777, 339
2026/09/10 11:54:18.759, 0, 12288, 11777, 339
2026/09/10 11:54:18.963, 0, 12288, 11777, 339
2026/09/10 11:54:19.169, 0, 12288, 11777, 339
2026/09/10 11:54:19.376, 0, 12288, 11777, 339
2026/09/10 11:54:19.581, 0, 12288, 11777, 339
2026/09/10 11:54:19.788, 0, 12288, 11777, 339
2026/09/10 11:54:19.996, 0, 12288, 11777, 339
2026/09/10 11:54:20.199, 0, 12288, 11777, 339
2026/09/10 11:54:20.407, 0, 12288, 11777, 339
2026/09/10 11:54:20.614, 0, 12288, 11777, 339
2026/09/10 11:54:20.818, 0, 12288, 11777, 339
2026/09/10 11:54:21.026, 0, 12288, 11777, 339
2026/09/10 11:54:21.232, 0, 12288, 11777, 339
2026/09/10 11:54:21.438, 0, 12288, 11777, 339
2026/09/10 11:54:21.646, 0, 12288, 11777, 339
2026/09/10 11:54:21.851, 0, 12288, 11777, 339
2026/09/10 11:54:22.056, 0, 12288, 11777, 339
2026/09/10 11:54:22.264, 0, 12288, 11777, 339
2026/09/10 11:54:22.470, 0, 12288, 11777, 339
2026/09/10 11:54:22.677, 0, 12288, 11777, 339
2026/09/10 11:54:22.885, 0, 12288, 11777, 339
2026/09/10 11:54:23.089, 0, 12288, 11777, 339
2026/09/10 11:54:23.297, 0, 12288, 11777, 339
2026/09/10 11:54:23.502, 0, 12288, 11777, 339
2026/09/10 11:54:23.707, 0, 12288, 11777, 339
2026/09/10 11:54:23.914, 0, 12288, 11777, 339
2026/09/10 11:54:24.120, 0, 12288, 11777, 339
2026/09/10 11:54:24.326, 0, 12288, 11777, 339
2026/09/10 11:54:24.533, 0, 12288, 11777, 339
2026/09/10 11:54:24.738, 0, 12288, 11777, 339
2026/09/10 11:54:24.942, 0, 12288, 11777, 339
2026/09/10 11:54:25.150, 0, 12288, 11777, 339
2026/09/10 11:54:25.356, 0, 12288, 11777, 339
2026/09/10 11:54:25.563, 0, 12288, 11777, 339
2026/09/10 11:54:25.771, 0, 12288, 11777, 339
2026/09/10 11:54:25.973, 0, 12288, 11777, 339
2026/09/10 11:54:26.179, 0, 12288, 11777, 339
2026/09/10 11:54:26.387, 0, 12288, 11777, 339
2026/09/10 11:54:26.590, 0, 12288, 11777, 339
2026/09/10 11:54:26.798, 0, 12288, 11777, 339
2026/09/10 11:54:27.006, 0, 12288, 11777, 339
2026/09/10 11:54:27.210, 0, 12288, 11777, 339
2026/09/10 11:54:27.417, 0, 12288, 11777, 339
2026/09/10 11:54:27.622, 0, 12288, 11777, 339
2026/09/10 11:54:27.824, 0, 12288, 11777, 339
2026/09/10 11:54:28.032, 0, 12288, 11777, 339
2026/09/10 11:54:28.239, 0, 12288, 11777, 339
2026/09/10 11:54:28.446, 0, 12288, 11777, 339
2026/09/10 11:54:28.653, 0, 12288, 11777, 339
2026/09/10 11:54:28.858, 0, 12288, 11777, 339
2026/09/10 11:54:29.064, 0, 12288, 11777, 339
2026/09/10 11:54:29.272, 0, 12288, 11777, 339
2026/09/10 11:54:29.477, 0, 12288, 11777, 339
2026/09/10 11:54:29.683, 0, 12288, 11777, 339
2026/09/10 11:54:29.890, 0, 12288, 11777, 339
2026/09/10 11:54:30.094, 0, 12288, 11777, 339
2026/09/10 11:54:30.300, 0, 12288, 11777, 339
2026/09/10 11:54:30.507, 0, 12288, 11777, 339
2026/09/10 11:54:30.711, 0, 12288, 11777, 339
2026/09/10 11:54:30.919, 0, 12288, 11777, 339
2026/09/10 11:54:31.127, 0, 12288, 11777, 339
2026/09/10 11:54:31.332, 0, 12288, 11777, 339
2026/09/10 11:54:31.539, 0, 12288, 11777, 339
2026/09/10 11:54:31.747, 0, 12288, 11777, 339
2026/09/10 11:54:31.951, 0, 12288, 11777, 339
2026/09/10 11:54:32.158, 0, 12288, 11777, 339
2026/09/10 11:54:32.364, 0, 12288, 11777, 339
2026/09/10 11:54:32.568, 0, 12288, 11777, 339
2026/09/10 11:54:32.775, 0, 12288, 11777, 339
2026/09/10 11:54:32.983, 0, 12288, 11777, 339
2026/09/10 11:54:33.186, 0, 12288, 11777, 339
2026/09/10 11:54:33.392, 0, 12288, 11777, 339
2026/09/10 11:54:33.599, 0, 12288, 11777, 339
2026/09/10 11:54:33.805, 0, 12288, 11777, 339
2026/09/10 11:54:34.011, 0, 12288, 11777, 339
2026/09/10 11:54:34.218, 0, 12288, 11777, 339
2026/09/10 11:54:34.424, 0, 12288, 11777, 339
2026/09/10 11:54:34.630, 0, 12288, 11777, 339
2026/09/10 11:54:34.836, 0, 12288, 11777, 339
2026/09/10 11:54:35.041, 0, 12288, 11777, 339
2026/09/10 11:54:35.249, 0, 12288, 11777, 339
2026/09/10 11:54:35.456, 0, 12288, 11777, 339
2026/09/10 11:54:35.661, 0, 12288, 11777, 339
2026/09/10 11:54:35.868, 0, 12288, 11777, 339
2026/09/10 11:54:36.075, 0, 12288, 11777, 339
2026/09/10 11:54:36.283, 0, 12288, 11777, 339
2026/09/10 11:54:36.491, 0, 12288, 11777, 339
2026/09/10 11:54:36.698, 0, 12288, 11777, 339
2026/09/10 11:54:36.905, 0, 12288, 11777, 339
2026/09/10 11:54:37.112, 0, 12288, 11777, 339
2026/09/10 11:54:37.319, 0, 12288, 11777, 339
2026/09/10 11:54:37.524, 0, 12288, 11777, 339
2026/09/10 11:54:37.732, 0, 12288, 11777, 339
2026/09/10 11:54:37.937, 0, 12288, 11777, 339
2026/09/10 11:54:38.143, 0, 12288, 11777, 339
2026/09/10 11:54:38.350, 0, 12288, 11777, 339
2026/09/10 11:54:38.555, 0, 12288, 11777, 339
2026/09/10 11:54:38.760, 0, 12288, 11777, 339
2026/09/10 11:54:38.968, 0, 12288, 11777, 339
2026/09/10 11:54:39.172, 0, 12288, 11777, 339
2026/09/10 11:54:39.378, 0, 12288, 11777, 339
2026/09/10 11:54:39.586, 0, 12288, 11777, 339
2026/09/10 11:54:39.791, 0, 12288, 11777, 339
2026/09/10 11:54:39.997, 0, 12288, 11777, 339
2026/09/10 11:54:40.205, 0, 12288, 11777, 339
2026/09/10 11:54:40.409, 0, 12288, 11777, 339
2026/09/10 11:54:40.613, 0, 12288, 11777, 339
2026/09/10 11:54:40.821, 0, 12288, 11777, 339
2026/09/10 11:54:41.029, 0, 12288, 11777, 339
2026/09/10 11:54:41.236, 0, 12288, 11777, 339
2026/09/10 11:54:41.443, 0, 12288, 11777, 339
2026/09/10 11:54:41.648, 0, 12288, 11777, 339
2026/09/10 11:54:41.855, 0, 12288, 11777, 339
2026/09/10 11:54:42.063, 0, 12288, 11777, 339
2026/09/10 11:54:42.268, 0, 12288, 11777, 339
2026/09/10 11:54:42.473, 0, 12288, 11777, 339
2026/09/10 11:54:42.680, 0, 12288, 11777, 339
2026/09/10 11:54:42.885, 0, 12288, 11777, 339
2026/09/10 11:54:43.091, 0, 12288, 11777, 339
2026/09/10 11:54:43.299, 0, 12288, 11777, 339
2026/09/10 11:54:43.504, 0, 12288, 11777, 339
2026/09/10 11:54:43.709, 0, 12288, 11777, 339
2026/09/10 11:54:43.916, 0, 12288, 11777, 339
2026/09/10 11:54:44.122, 0, 12288, 11777, 339
2026/09/10 11:54:44.328, 0, 12288, 11777, 339
2026/09/10 11:54:44.535, 0, 12288, 11777, 339
2026/09/10 11:54:44.740, 0, 12288, 11777, 339
2026/09/10 11:54:44.946, 0, 12288, 11777, 339
2026/09/10 11:54:45.152, 0, 12288, 11777, 339
2026/09/10 11:54:45.358, 0, 12288, 11777, 339
2026/09/10 11:54:45.564, 0, 12288, 11777, 339
2026/09/10 11:54:45.768, 0, 12288, 11777, 339
2026/09/10 11:54:45.973, 0, 12288, 11777, 339
2026/09/10 11:54:46.181, 0, 12288, 11777, 339
2026/09/10 11:54:46.388, 0, 12288, 11777, 339
2026/09/10 11:54:46.595, 0, 12288, 11777, 339
2026/09/10 11:54:46.802, 0, 12288, 11777, 339
2026/09/10 11:54:47.010, 0, 12288, 11777, 339
2026/09/10 11:54:47.218, 0, 12288, 11777, 339
2026/09/10 11:54:47.426, 0, 12288, 11777, 339
2026/09/10 11:54:47.634, 0, 12288, 11777, 339
2026/09/10 11:54:47.842, 0, 12288, 11777, 339
2026/09/10 11:54:48.049, 0, 12288, 11777, 339
2026/09/10 11:54:48.257, 0, 12288, 11777, 339
2026/09/10 11:54:48.465, 0, 12288, 11777, 339
2026/09/10 11:54:48.672, 0, 12288, 11777, 339
2026/09/10 11:54:48.880, 0, 12288, 11777, 339
2026/09/10 11:54:49.087, 0, 12288, 11777, 339
2026/09/10 11:54:49.294, 0, 12288, 11777, 339
2026/09/10 11:54:49.502, 0, 12288, 11777, 339
2026/09/10 11:54:49.710, 0, 12288, 11777, 339
2026/09/10 11:54:49.915, 0, 12288, 11777, 339
2026/09/10 11:54:50.122, 0, 12288, 11777, 339
2026/09/10 11:54:50.330, 0, 12288, 11777, 339
2026/09/10 11:54:50.538, 0, 12288, 11777, 339
2026/09/10 11:54:50.744, 0, 12288, 11777, 339
2026/09/10 11:54:50.951, 0, 12288, 11777, 339
2026/09/10 11:54:51.159, 0, 12288, 11777, 339
2026/09/10 11:54:51.366, 0, 12288, 11777, 339
2026/09/10 11:54:51.574, 0, 12288, 11777, 339
2026/09/10 11:54:51.782, 0, 12288, 11777, 339
2026/09/10 11:54:51.989, 0, 12288, 11777, 339
2026/09/10 11:54:52.196, 0, 12288, 11777, 339
2026/09/10 11:54:52.403, 0, 12288, 11777, 339
2026/09/10 11:54:52.611, 0, 12288, 11777, 339
2026/09/10 11:54:52.819, 0, 12288, 11777, 339
2026/09/10 11:54:53.027, 0, 12288, 11777, 339
2026/09/10 11:54:53.234, 0, 12288, 11777, 339
2026/09/10 11:54:53.441, 0, 12288, 11777, 339
2026/09/10 11:54:53.649, 0, 12288, 11777, 339
2026/09/10 11:54:53.857, 0, 12288, 11777, 339
2026/09/10 11:54:54.064, 0, 12288, 11777, 339
2026/09/10 11:54:54.271, 0, 12288, 11777, 339
2026/09/10 11:54:54.478, 0, 12288, 11777, 339
2026/09/10 11:54:54.686, 0, 12288, 11777, 339
2026/09/10 11:54:54.909, 0, 12288, 11777, 339
2026/09/10 11:54:55.117, 0, 12288, 11777, 339
2026/09/10 11:54:55.325, 0, 12288, 11777, 339
2026/09/10 11:54:55.531, 0, 12288, 11777, 339
2026/09/10 11:54:55.739, 0, 12288, 11777, 339
2026/09/10 11:54:55.947, 0, 12288, 11777, 339
2026/09/10 11:54:56.154, 0, 12288, 11777, 339
2026/09/10 11:54:56.361, 0, 12288, 11777, 339
2026/09/10 11:54:56.569, 0, 12288, 11777, 339
2026/09/10 11:54:56.776, 0, 12288, 11777, 339
2026/09/10 11:54:56.984, 0, 12288, 11777, 339
2026/09/10 11:54:57.192, 0, 12288, 11777, 339
2026/09/10 11:54:57.400, 0, 12288, 11777, 339
2026/09/10 11:54:57.624, 0, 12288, 11777, 339
2026/09/10 11:54:57.831, 0, 12288, 11777, 339
2026/09/10 11:54:58.038, 0, 12288, 11777, 339
2026/09/10 11:54:58.246, 0, 12288, 11777, 339
2026/09/10 11:54:58.454, 0, 12288, 11777, 339
2026/09/10 11:54:58.662, 0, 12288, 11777, 339
2026/09/10 11:54:58.870, 0, 12288, 11777, 339
2026/09/10 11:54:59.077, 0, 12288, 11777, 339
2026/09/10 11:54:59.285, 0, 12288, 11777, 339
2026/09/10 11:54:59.492, 0, 12288, 11777, 339
2026/09/10 11:54:59.700, 0, 12288, 11777, 339
2026/09/10 11:54:59.907, 0, 12288, 11777, 339
2026/09/10 11:55:00.115, 0, 12288, 11777, 339
2026/09/10 11:55:00.323, 0, 12288, 11777, 339
2026/09/10 11:55:00.530, 0, 12288, 11777, 339
2026/09/10 11:55:00.738, 0, 12288, 11777, 339
2026/09/10 11:55:00.945, 0, 12288, 11777, 339
2026/09/10 11:55:01.150, 0, 12288, 11777, 339
2026/09/10 11:55:01.358, 0, 12288, 11777, 339
2026/09/10 11:55:01.565, 0, 12288, 11777, 339
2026/09/10 11:55:01.773, 0, 12288, 11777, 339
2026/09/10 11:55:01.981, 0, 12288, 11777, 339
2026/09/10 11:55:02.187, 0, 12288, 11777, 339
2026/09/10 11:55:02.395, 0, 12288, 11777, 339
2026/09/10 11:55:02.603, 0, 12288, 11777, 339
2026/09/10 11:55:02.810, 0, 12288, 11777, 339
2026/09/10 11:55:03.018, 0, 12288, 11777, 339
2026/09/10 11:55:03.225, 0, 12288, 11777, 339
2026/09/10 11:55:03.433, 0, 12288, 11777, 339
2026/09/10 11:55:03.641, 0, 12288, 11777, 339
2026/09/10 11:55:03.848, 0, 12288, 11777, 339
2026/09/10 11:55:04.054, 0, 12288, 11777, 339
2026/09/10 11:55:04.261, 0, 12288, 11777, 339
2026/09/10 11:55:04.469, 0, 12288, 11777, 339
2026/09/10 11:55:04.677, 0, 12288, 11777, 339
2026/09/10 11:55:04.885, 0, 12288, 11777, 339
2026/09/10 11:55:05.093, 0, 12288, 11777, 339
2026/09/10 11:55:05.300, 0, 12288, 11777, 339
2026/09/10 11:55:05.508, 0, 12288, 11777, 339
2026/09/10 11:55:05.716, 0, 12288, 11777, 339
2026/09/10 11:55:05.923, 0, 12288, 11777, 339
2026/09/10 11:55:06.129, 0, 12288, 11777, 339
2026/09/10 11:55:06.336, 0, 12288, 11777, 339
2026/09/10 11:55:06.542, 0, 12288, 11777, 339
2026/09/10 11:55:06.748, 0, 12288, 11777, 339
2026/09/10 11:55:06.955, 0, 12288, 11777, 339
2026/09/10 11:55:07.159, 0, 12288, 11777, 339
2026/09/10 11:55:07.366, 0, 12288, 11777, 339
2026/09/10 11:55:07.574, 0, 12288, 11777, 339
2026/09/10 11:55:07.780, 0, 12288, 11777, 339
2026/09/10 11:55:07.988, 0, 12288, 11777, 339
2026/09/10 11:55:08.195, 0, 12288, 11777, 339
2026/09/10 11:55:08.401, 0, 12288, 11777, 339
2026/09/10 11:55:08.609, 0, 12288, 11777, 339
2026/09/10 11:55:08.817, 0, 12288, 11777, 339
2026/09/10 11:55:09.024, 0, 12288, 11777, 339
2026/09/10 11:55:09.230, 0, 12288, 11777, 339
2026/09/10 11:55:09.438, 0, 12288, 11777, 339
2026/09/10 11:55:09.646, 0, 12288, 11777, 339
2026/09/10 11:55:09.853, 0, 12288, 11777, 339
2026/09/10 11:55:10.061, 0, 12288, 11777, 339
2026/09/10 11:55:10.269, 0, 12288, 11777, 339
2026/09/10 11:55:10.477, 0, 12288, 11777, 339
2026/09/10 11:55:10.685, 0, 12288, 11777, 339
2026/09/10 11:55:10.892, 0, 12288, 11777, 339
2026/09/10 11:55:11.099, 0, 12288, 11777, 339
2026/09/10 11:55:11.306, 0, 12288, 11777, 339
2026/09/10 11:55:11.513, 0, 12288, 11777, 339
2026/09/10 11:55:11.719, 0, 12288, 11777, 339
2026/09/10 11:55:11.927, 0, 12288, 11777, 339
2026/09/10 11:55:12.135, 0, 12288, 11777, 339
2026/09/10 11:55:12.340, 0, 12288, 11777, 339
2026/09/10 11:55:12.547, 0, 12288, 11777, 339
2026/09/10 11:55:12.755, 0, 12288, 11777, 339
2026/09/10 11:55:12.963, 0, 12288, 11777, 339
2026/09/10 11:55:13.171, 0, 12288, 11777, 339
2026/09/10 11:55:13.379, 0, 12288, 11777, 339
2026/09/10 11:55:13.586, 0, 12288, 11777, 339
2026/09/10 11:55:13.793, 0, 12288, 11777, 339
2026/09/10 11:55:14.001, 0, 12288, 11777, 339
2026/09/10 11:55:14.208, 0, 12288, 11777, 339
2026/09/10 11:55:14.414, 0, 12288, 11777, 339
2026/09/10 11:55:14.621, 0, 12288, 11777, 339
2026/09/10 11:55:14.829, 0, 12288, 11777, 339
2026/09/10 11:55:15.037, 0, 12288, 11777, 339
2026/09/10 11:55:15.244, 0, 12288, 11777, 339
2026/09/10 11:55:15.451, 0, 12288, 11777, 339
2026/09/10 11:55:15.659, 0, 12288, 11777, 339
2026/09/10 11:55:15.867, 0, 12288, 11777, 339
2026/09/10 11:55:16.074, 0, 12288, 11777, 339
2026/09/10 11:55:16.282, 0, 12288, 11777, 339
2026/09/10 11:55:16.490, 0, 12288, 11777, 339
2026/09/10 11:55:16.713, 0, 12288, 11777, 339
2026/09/10 11:55:16.920, 0, 12288, 11777, 339
2026/09/10 11:55:17.128, 0, 12288, 11777, 339
2026/09/10 11:55:17.336, 0, 12288, 11777, 339
2026/09/10 11:55:17.539, 0, 12288, 11777, 339
2026/09/10 11:55:17.743, 0, 12288, 11777, 339
2026/09/10 11:55:17.947, 0, 12288, 11777, 339
2026/09/10 11:55:18.153, 0, 12288, 11777, 339
2026/09/10 11:55:18.361, 0, 12288, 11777, 339
2026/09/10 11:55:18.569, 0, 12288, 11777, 339
2026/09/10 11:55:18.773, 0, 12288, 11777, 339
2026/09/10 11:55:18.980, 0, 12288, 11777, 339
2026/09/10 11:55:19.186, 0, 12288, 11777, 339
2026/09/10 11:55:19.394, 0, 12288, 11777, 339
2026/09/10 11:55:19.602, 0, 12288, 11777, 339
2026/09/10 11:55:19.810, 0, 12288, 11777, 339
2026/09/10 11:55:20.018, 0, 12288, 11777, 339
2026/09/10 11:55:20.225, 0, 12288, 11777, 339
2026/09/10 11:55:20.432, 0, 12288, 11777, 339
2026/09/10 11:55:20.640, 0, 12288, 11777, 339
2026/09/10 11:55:20.847, 0, 12288, 11777, 339
2026/09/10 11:55:21.055, 0, 12288, 11777, 339
2026/09/10 11:55:21.263, 0, 12288, 11777, 339
2026/09/10 11:55:21.470, 0, 12288, 11777, 339
2026/09/10 11:55:21.678, 0, 12288, 11777, 339
2026/09/10 11:55:21.886, 0, 12288, 11777, 339
2026/09/10 11:55:22.093, 0, 12288, 11777, 339
2026/09/10 11:55:22.300, 0, 12288, 11777, 339
2026/09/10 11:55:22.507, 0, 12288, 11777, 339
2026/09/10 11:55:22.714, 0, 12288, 11777, 339
2026/09/10 11:55:22.922, 0, 12288, 11777, 339
2026/09/10 11:55:23.130, 0, 12288, 11777, 339
2026/09/10 11:55:23.337, 0, 12288, 11777, 339
2026/09/10 11:55:23.543, 0, 12288, 11777, 339
2026/09/10 11:55:23.751, 0, 12288, 11777, 339
2026/09/10 11:55:23.957, 0, 12288, 11777, 339
2026/09/10 11:55:24.165, 0, 12288, 11777, 339
2026/09/10 11:55:24.373, 0, 12288, 11777, 339
2026/09/10 11:55:24.580, 0, 12288, 11777, 339
2026/09/10 11:55:24.787, 0, 12288, 11777, 339
2026/09/10 11:55:24.994, 0, 12288, 11777, 339
2026/09/10 11:55:25.202, 0, 12288, 11777, 339
2026/09/10 11:55:25.409, 0, 12288, 11777, 339
2026/09/10 11:55:25.617, 0, 12288, 11777, 339
2026/09/10 11:55:25.825, 0, 12288, 11777, 339
2026/09/10 11:55:26.033, 0, 12288, 11777, 339
2026/09/10 11:55:26.240, 0, 12288, 11777, 339
2026/09/10 11:55:26.448, 0, 12288, 11777, 339
2026/09/10 11:55:26.655, 0, 12288, 11777, 339
2026/09/10 11:55:26.862, 0, 12288, 11777, 339
2026/09/10 11:55:27.070, 0, 12288, 11777, 339
2026/09/10 11:55:27.278, 0, 12288, 11777, 339
2026/09/10 11:55:27.485, 0, 12288, 11777, 339
2026/09/10 11:55:27.692, 0, 12288, 11777, 339
2026/09/10 11:55:27.900, 0, 12288, 11777, 339
2026/09/10 11:55:28.107, 0, 12288, 11777, 339
2026/09/10 11:55:28.315, 0, 12288, 11777, 339
2026/09/10 11:55:28.523, 0, 12288, 11777, 339
2026/09/10 11:55:28.731, 0, 12288, 11777, 339
2026/09/10 11:55:28.938, 0, 12288, 11777, 339
2026/09/10 11:55:29.144, 0, 12288, 11777, 339
2026/09/10 11:55:29.352, 0, 12288, 11777, 339
2026/09/10 11:55:29.559, 0, 12288, 11777, 339
2026/09/10 11:55:29.766, 0, 12288, 11777, 339
2026/09/10 11:55:29.974, 0, 12288, 11777, 339
2026/09/10 11:55:30.182, 0, 12288, 11777, 339
2026/09/10 11:55:30.389, 0, 12288, 11777, 339
2026/09/10 11:55:30.596, 0, 12288, 11777, 339
2026/09/10 11:55:30.804, 0, 12288, 11777, 339
2026/09/10 11:55:31.012, 0, 12288, 11777, 339
2026/09/10 11:55:31.220, 0, 12288, 11777, 339
2026/09/10 11:55:31.428, 0, 12288, 11777, 339
2026/09/10 11:55:31.636, 0, 12288, 11777, 339
2026/09/10 11:55:31.843, 0, 12288, 11777, 339
2026/09/10 11:55:32.051, 0, 12288, 11777, 339
2026/09/10 11:55:32.258, 0, 12288, 11777, 339
2026/09/10 11:55:32.466, 0, 12288, 11777, 339
2026/09/10 11:55:32.674, 0, 12288, 11777, 339
2026/09/10 11:55:32.881, 0, 12288, 11777, 339
2026/09/10 11:55:33.089, 0, 12288, 11777, 339
2026/09/10 11:55:33.297, 0, 12288, 11777, 339
2026/09/10 11:55:33.504, 0, 12288, 11777, 339
2026/09/10 11:55:33.712, 0, 12288, 11777, 339
2026/09/10 11:55:33.920, 0, 12288, 11777, 339
2026/09/10 11:55:34.128, 0, 12288, 11777, 339
2026/09/10 11:55:34.334, 0, 12288, 11777, 339
2026/09/10 11:55:34.541, 0, 12288, 11777, 339
2026/09/10 11:55:34.746, 0, 12288, 11777, 339
2026/09/10 11:55:34.954, 0, 12288, 11777, 339
2026/09/10 11:55:35.162, 0, 12288, 11777, 339
2026/09/10 11:55:35.370, 0, 12288, 11777, 339
2026/09/10 11:55:35.576, 0, 12288, 11777, 339
2026/09/10 11:55:35.799, 0, 12288, 11777, 339
2026/09/10 11:55:36.006, 0, 12288, 11777, 339
2026/09/10 11:55:36.214, 0, 12288, 11777, 339
2026/09/10 11:55:36.422, 0, 12288, 11777, 339
2026/09/10 11:55:36.629, 0, 12288, 11777, 339
2026/09/10 11:55:36.836, 0, 12288, 11777, 339
2026/09/10 11:55:37.041, 0, 12288, 11777, 339
2026/09/10 11:55:37.249, 0, 12288, 11777, 339
2026/09/10 11:55:37.457, 0, 12288, 11777, 339
2026/09/10 11:55:37.665, 0, 12288, 11777, 339
2026/09/10 11:55:37.871, 0, 12288, 11777, 339
2026/09/10 11:55:38.079, 0, 12288, 11777, 339
2026/09/10 11:55:38.287, 0, 12288, 11777, 339
2026/09/10 11:55:38.494, 0, 12288, 11777, 339
2026/09/10 11:55:38.702, 0, 12288, 11777, 339
2026/09/10 11:55:38.909, 0, 12288, 11777, 339
2026/09/10 11:55:39.117, 0, 12288, 11777, 339
2026/09/10 11:55:39.321, 0, 12288, 11777, 339
2026/09/10 11:55:39.527, 0, 12288, 11777, 339
2026/09/10 11:55:39.734, 0, 12288, 11777, 339
2026/09/10 11:55:39.941, 0, 12288, 11777, 339
2026/09/10 11:55:40.149, 0, 12288, 11777, 339
2026/09/10 11:55:40.354, 0, 12288, 11777, 339
2026/09/10 11:55:40.562, 0, 12288, 11777, 339
2026/09/10 11:55:40.770, 0, 12288, 11777, 339
2026/09/10 11:55:40.978, 0, 12288, 11777, 339
2026/09/10 11:55:41.186, 0, 12288, 11777, 339
2026/09/10 11:55:41.392, 0, 12288, 11777, 339
2026/09/10 11:55:41.600, 0, 12288, 11777, 339
2026/09/10 11:55:41.808, 0, 12288, 11777, 339
2026/09/10 11:55:42.016, 0, 12288, 11777, 339
2026/09/10 11:55:42.223, 0, 12288, 11777, 339
2026/09/10 11:55:42.430, 0, 12288, 11777, 339
2026/09/10 11:55:42.638, 0, 12288, 11777, 339
2026/09/10 11:55:42.845, 0, 12288, 11777, 339
2026/09/10 11:55:43.052, 0, 12288, 11777, 339
2026/09/10 11:55:43.260, 0, 12288, 11777, 339
2026/09/10 11:55:43.468, 0, 12288, 11777, 339
2026/09/10 11:55:43.676, 0, 12288, 11777, 339
2026/09/10 11:55:43.882, 0, 12288, 11777, 339
2026/09/10 11:55:44.088, 0, 12288, 11777, 339
2026/09/10 11:55:44.296, 0, 12288, 11777, 339
2026/09/10 11:55:44.500, 0, 12288, 11777, 339
2026/09/10 11:55:44.707, 0, 12288, 11777, 339
2026/09/10 11:55:44.915, 0, 12288, 11777, 339
2026/09/10 11:55:45.123, 0, 12288, 11777, 339
2026/09/10 11:55:45.330, 0, 12288, 11777, 339
2026/09/10 11:55:45.537, 0, 12288, 11777, 339
2026/09/10 11:55:45.744, 0, 12288, 11777, 339
2026/09/10 11:55:45.951, 0, 12288, 11777, 339
2026/09/10 11:55:46.159, 0, 12288, 11777, 339
2026/09/10 11:55:46.367, 0, 12288, 11777, 339
2026/09/10 11:55:46.574, 0, 12288, 11777, 339
2026/09/10 11:55:46.781, 0, 12288, 11777, 339
2026/09/10 11:55:46.989, 0, 12288, 11777, 339
2026/09/10 11:55:47.197, 0, 12288, 11777, 339
2026/09/10 11:55:47.405, 0, 12288, 11777, 339
2026/09/10 11:55:47.613, 0, 12288, 11777, 339
2026/09/10 11:55:47.820, 0, 12288, 11777, 339
2026/09/10 11:55:48.027, 0, 12288, 11777, 339
2026/09/10 11:55:48.234, 0, 12288, 11777, 339
2026/09/10 11:55:48.442, 0, 12288, 11777, 339
2026/09/10 11:55:48.649, 0, 12288, 11777, 339
2026/09/10 11:55:48.857, 0, 12288, 11777, 339
2026/09/10 11:55:49.065, 0, 12288, 11777, 339
2026/09/10 11:55:49.272, 0, 12288, 11777, 339
2026/09/10 11:55:49.480, 0, 12288, 11777, 339
2026/09/10 11:55:49.687, 0, 12288, 11777, 339
2026/09/10 11:55:49.895, 0, 12288, 11777, 339
2026/09/10 11:55:50.103, 0, 12288, 11777, 339
2026/09/10 11:55:50.310, 0, 12288, 11777, 339
2026/09/10 11:55:50.518, 0, 12288, 11777, 339
2026/09/10 11:55:50.726, 0, 12288, 11777, 339
2026/09/10 11:55:50.933, 0, 12288, 11777, 339
2026/09/10 11:55:51.141, 0, 12288, 11777, 339
2026/09/10 11:55:51.348, 0, 12288, 11777, 339
2026/09/10 11:55:51.554, 0, 12288, 11777, 339
2026/09/10 11:55:51.761, 0, 12288, 11777, 339
2026/09/10 11:55:51.968, 0, 12288, 11777, 339
2026/09/10 11:55:52.175, 0, 12288, 11777, 339
2026/09/10 11:55:52.383, 0, 12288, 11777, 339
2026/09/10 11:55:52.590, 0, 12288, 11777, 339
2026/09/10 11:55:52.798, 0, 12288, 11777, 339
2026/09/10 11:55:53.006, 0, 12288, 11777, 339
2026/09/10 11:55:53.213, 0, 12288, 11777, 339
2026/09/10 11:55:53.421, 0, 12288, 11777, 339
2026/09/10 11:55:53.627, 0, 12288, 11777, 339
2026/09/10 11:55:53.834, 0, 12288, 11777, 339
2026/09/10 11:55:54.040, 0, 12288, 11777, 339
2026/09/10 11:55:54.248, 0, 12288, 11777, 339
2026/09/10 11:55:54.454, 0, 12288, 11777, 339
2026/09/10 11:55:54.660, 0, 12288, 11777, 339
2026/09/10 11:55:54.884, 0, 12288, 11777, 339
2026/09/10 11:55:55.090, 0, 12288, 11777, 339
2026/09/10 11:55:55.298, 0, 12288, 11777, 339
2026/09/10 11:55:55.506, 0, 12288, 11777, 339
2026/09/10 11:55:55.714, 0, 12288, 11777, 339
2026/09/10 11:55:55.922, 0, 12288, 11777, 339
2026/09/10 11:55:56.129, 0, 12288, 11777, 339
2026/09/10 11:55:56.337, 0, 12288, 11777, 339
2026/09/10 11:55:56.545, 0, 12288, 11777, 339
2026/09/10 11:55:56.753, 0, 12288, 11777, 339
2026/09/10 11:55:56.959, 0, 12288, 11777, 339
2026/09/10 11:55:57.167, 0, 12288, 11777, 339
2026/09/10 11:55:57.375, 0, 12288, 11777, 339
2026/09/10 11:55:57.582, 0, 12288, 11777, 339
2026/09/10 11:55:57.789, 0, 12288, 11777, 339
2026/09/10 11:55:57.996, 0, 12288, 11777, 339
2026/09/10 11:55:58.204, 0, 12288, 11777, 339
2026/09/10 11:55:58.412, 0, 12288, 11777, 339
2026/09/10 11:55:58.620, 0, 12288, 11777, 339
2026/09/10 11:55:58.827, 0, 12288, 11777, 339
2026/09/10 11:55:59.034, 0, 12288, 11777, 339
2026/09/10 11:55:59.242, 0, 12288, 11777, 339
2026/09/10 11:55:59.450, 0, 12288, 11777, 339
2026/09/10 11:55:59.658, 0, 12288, 11777, 339
2026/09/10 11:55:59.866, 0, 12288, 11777, 339
2026/09/10 11:56:00.074, 0, 12288, 11777, 339
2026/09/10 11:56:00.281, 0, 12288, 11777, 339
2026/09/10 11:56:00.489, 0, 12288, 11777, 339
2026/09/10 11:56:00.697, 0, 12288, 11777, 339
2026/09/10 11:56:00.905, 0, 12288, 11777, 339
2026/09/10 11:56:01.113, 0, 12288, 11777, 339
2026/09/10 11:56:01.321, 0, 12288, 11777, 339
2026/09/10 11:56:01.527, 0, 12288, 11777, 339
2026/09/10 11:56:01.734, 0, 12288, 11777, 339
2026/09/10 11:56:01.941, 0, 12288, 11777, 339
2026/09/10 11:56:02.149, 0, 12288, 11777, 339
2026/09/10 11:56:02.356, 0, 12288, 11777, 339
2026/09/10 11:56:02.560, 0, 12288, 11777, 339
2026/09/10 11:56:02.765, 0, 12288, 11777, 339
2026/09/10 11:56:02.972, 0, 12288, 11777, 339
2026/09/10 11:56:03.180, 0, 12288, 11777, 339
2026/09/10 11:56:03.383, 0, 12288, 11777, 339
2026/09/10 11:56:03.587, 0, 12288, 11777, 339
2026/09/10 11:56:03.794, 0, 12288, 11777, 339
2026/09/10 11:56:04.003, 0, 12288, 11777, 339
2026/09/10 11:56:04.208, 0, 12288, 11777, 339
2026/09/10 11:56:04.415, 0, 12288, 11777, 339
2026/09/10 11:56:04.622, 0, 12288, 11777, 339
2026/09/10 11:56:04.830, 0, 12288, 11777, 339
2026/09/10 11:56:05.038, 0, 12288, 11777, 339
2026/09/10 11:56:05.244, 0, 12288, 11777, 339
2026/09/10 11:56:05.452, 0, 12288, 11777, 339
2026/09/10 11:56:05.659, 0, 12288, 11777, 339
2026/09/10 11:56:05.867, 0, 12288, 11777, 339
2026/09/10 11:56:06.074, 0, 12288, 11777, 339
2026/09/10 11:56:06.281, 0, 12288, 11777, 339
2026/09/10 11:56:06.489, 0, 12288, 11777, 339
2026/09/10 11:56:06.697, 0, 12288, 11777, 339
2026/09/10 11:56:06.905, 0, 12288, 11777, 339
2026/09/10 11:56:07.112, 0, 12288, 11777, 339
2026/09/10 11:56:07.319, 0, 12288, 11777, 339
2026/09/10 11:56:07.525, 0, 12288, 11777, 339
2026/09/10 11:56:07.730, 0, 12288, 11777, 339
2026/09/10 11:56:07.937, 0, 12288, 11777, 339
2026/09/10 11:56:08.143, 0, 12288, 11777, 339
2026/09/10 11:56:08.351, 0, 12288, 11777, 339
2026/09/10 11:56:08.557, 0, 12288, 11777, 339
2026/09/10 11:56:08.765, 0, 12288, 11777, 339
2026/09/10 11:56:08.971, 0, 12288, 11777, 339
2026/09/10 11:56:09.179, 0, 12288, 11777, 339
2026/09/10 11:56:09.385, 0, 12288, 11777, 339
2026/09/10 11:56:09.591, 0, 12288, 11777, 339
2026/09/10 11:56:09.800, 0, 12288, 11777, 339
2026/09/10 11:56:10.007, 0, 12288, 11777, 339
2026/09/10 11:56:10.214, 0, 12288, 11777, 339
2026/09/10 11:56:10.422, 0, 12288, 11777, 339
2026/09/10 11:56:10.630, 0, 12288, 11777, 339
2026/09/10 11:56:10.838, 0, 12288, 11777, 339
2026/09/10 11:56:11.045, 0, 12288, 11777, 339
2026/09/10 11:56:11.252, 0, 12288, 11777, 339
2026/09/10 11:56:11.459, 0, 12288, 11777, 339
2026/09/10 11:56:11.667, 0, 12288, 11777, 339
2026/09/10 11:56:11.874, 0, 12288, 11777, 339
2026/09/10 11:56:12.082, 0, 12288, 11777, 339
2026/09/10 11:56:12.290, 0, 12288, 11777, 339
2026/09/10 11:56:12.497, 0, 12288, 11777, 339
2026/09/10 11:56:12.704, 0, 12288, 11777, 339
2026/09/10 11:56:12.913, 0, 12288, 11777, 339
2026/09/10 11:56:13.121, 0, 12288, 11777, 339
2026/09/10 11:56:13.328, 0, 12288, 11777, 339
2026/09/10 11:56:13.534, 0, 12288, 11777, 339
2026/09/10 11:56:13.740, 0, 12288, 11777, 339
2026/09/10 11:56:13.964, 0, 12288, 11777, 339
2026/09/10 11:56:14.172, 0, 12288, 11777, 339
2026/09/10 11:56:14.380, 0, 12288, 11777, 339
2026/09/10 11:56:14.587, 0, 12288, 11777, 339
2026/09/10 11:56:14.794, 0, 12288, 11777, 339
2026/09/10 11:56:15.001, 0, 12288, 11777, 339
2026/09/10 11:56:15.207, 0, 12288, 11777, 339
2026/09/10 11:56:15.414, 0, 12288, 11777, 339
2026/09/10 11:56:15.620, 0, 12288, 11777, 339
2026/09/10 11:56:15.828, 0, 12288, 11777, 339
2026/09/10 11:56:16.036, 0, 12288, 11777, 339
2026/09/10 11:56:16.243, 0, 12288, 11777, 339
2026/09/10 11:56:16.451, 0, 12288, 11777, 339
2026/09/10 11:56:16.658, 0, 12288, 11777, 339
2026/09/10 11:56:16.865, 0, 12288, 11777, 339
2026/09/10 11:56:17.073, 0, 12288, 11777, 339
2026/09/10 11:56:17.280, 0, 12288, 11777, 339
2026/09/10 11:56:17.487, 0, 12288, 11777, 339
2026/09/10 11:56:17.694, 0, 12288, 11777, 339
2026/09/10 11:56:17.902, 0, 12288, 11777, 339
2026/09/10 11:56:18.110, 0, 12288, 11777, 339
2026/09/10 11:56:18.318, 0, 12288, 11777, 339
2026/09/10 11:56:18.524, 0, 12288, 11777, 339
2026/09/10 11:56:18.729, 0, 12288, 11777, 339
2026/09/10 11:56:18.936, 0, 12288, 11777, 339
2026/09/10 11:56:19.143, 0, 12288, 11777, 339
2026/09/10 11:56:19.349, 0, 12288, 11777, 339
2026/09/10 11:56:19.555, 0, 12288, 11777, 339
2026/09/10 11:56:19.761, 0, 12288, 11777, 339
2026/09/10 11:56:19.967, 0, 12288, 11777, 339
2026/09/10 11:56:20.175, 0, 12288, 11777, 339
2026/09/10 11:56:20.381, 0, 12288, 11777, 339
2026/09/10 11:56:20.588, 0, 12288, 11777, 339
2026/09/10 11:56:20.795, 0, 12288, 11777, 339
2026/09/10 11:56:21.003, 0, 12288, 11777, 339
2026/09/10 11:56:21.210, 0, 12288, 11777, 339
2026/09/10 11:56:21.418, 0, 12288, 11777, 339
2026/09/10 11:56:21.626, 0, 12288, 11777, 339
2026/09/10 11:56:21.834, 0, 12288, 11777, 339
2026/09/10 11:56:22.040, 0, 12288, 11777, 339
2026/09/10 11:56:22.246, 0, 12288, 11777, 339
2026/09/10 11:56:22.452, 0, 12288, 11777, 339
2026/09/10 11:56:22.659, 0, 12288, 11777, 339
2026/09/10 11:56:22.865, 0, 12288, 11777, 339
2026/09/10 11:56:23.071, 0, 12288, 11777, 339
2026/09/10 11:56:23.278, 0, 12288, 11777, 339
2026/09/10 11:56:23.501, 0, 12288, 11777, 339
2026/09/10 11:56:23.709, 0, 12288, 11777, 339
2026/09/10 11:56:23.915, 0, 12288, 11777, 339
2026/09/10 11:56:24.123, 0, 12288, 11777, 339
2026/09/10 11:56:24.329, 0, 12288, 11777, 339
2026/09/10 11:56:24.537, 0, 12288, 11777, 339
2026/09/10 11:56:24.744, 0, 12288, 11777, 339
2026/09/10 11:56:24.948, 0, 12288, 11777, 339
2026/09/10 11:56:25.155, 0, 12288, 11777, 339
2026/09/10 11:56:25.362, 0, 12288, 11777, 339
2026/09/10 11:56:25.569, 0, 12288, 11777, 339
2026/09/10 11:56:25.777, 0, 12288, 11777, 339
2026/09/10 11:56:25.984, 0, 12288, 11777, 339
2026/09/10 11:56:26.192, 0, 12288, 11777, 339
2026/09/10 11:56:26.397, 0, 12288, 11777, 339
2026/09/10 11:56:26.604, 0, 12288, 11777, 339
2026/09/10 11:56:26.812, 0, 12288, 11777, 339
2026/09/10 11:56:27.018, 0, 12288, 11777, 339
2026/09/10 11:56:27.226, 0, 12288, 11777, 339
2026/09/10 11:56:27.434, 0, 12288, 11777, 339
2026/09/10 11:56:27.641, 0, 12288, 11777, 339
2026/09/10 11:56:27.849, 0, 12288, 11777, 339
2026/09/10 11:56:28.057, 0, 12288, 11777, 339
2026/09/10 11:56:28.264, 0, 12288, 11777, 339
2026/09/10 11:56:28.472, 0, 12288, 11777, 339
2026/09/10 11:56:28.680, 0, 12288, 11777, 339
2026/09/10 11:56:28.886, 0, 12288, 11777, 339
2026/09/10 11:56:29.094, 0, 12288, 11777, 339
2026/09/10 11:56:29.301, 0, 12288, 11777, 339
2026/09/10 11:56:29.508, 0, 12288, 11777, 339
2026/09/10 11:56:29.716, 0, 12288, 11777, 339
2026/09/10 11:56:29.924, 0, 12288, 11777, 339
2026/09/10 11:56:30.132, 0, 12288, 11777, 339
2026/09/10 11:56:30.338, 0, 12288, 11777, 339
2026/09/10 11:56:30.544, 0, 12288, 11777, 339
2026/09/10 11:56:30.751, 0, 12288, 11777, 339
2026/09/10 11:56:30.959, 0, 12288, 11777, 339
2026/09/10 11:56:31.167, 0, 12288, 11777, 339
2026/09/10 11:56:31.374, 0, 12288, 11777, 339
2026/09/10 11:56:31.582, 0, 12288, 11777, 339
2026/09/10 11:56:31.789, 0, 12288, 11777, 339
2026/09/10 11:56:31.997, 0, 12288, 11777, 339
2026/09/10 11:56:32.205, 0, 12288, 11777, 339
2026/09/10 11:56:32.413, 0, 12288, 11777, 339
2026/09/10 11:56:32.621, 0, 12288, 11777, 339
2026/09/10 11:56:32.829, 0, 12288, 11777, 339
2026/09/10 11:56:33.053, 0, 12288, 11777, 339
2026/09/10 11:56:33.259, 0, 12288, 11777, 339
2026/09/10 11:56:33.466, 0, 12288, 11777, 339
2026/09/10 11:56:33.673, 0, 12288, 11777, 339
2026/09/10 11:56:33.880, 0, 12288, 11777, 339
2026/09/10 11:56:34.087, 0, 12288, 11777, 339
2026/09/10 11:56:34.293, 0, 12288, 11777, 339
2026/09/10 11:56:34.501, 0, 12288, 11777, 339
2026/09/10 11:56:34.709, 0, 12288, 11777, 339
2026/09/10 11:56:34.916, 0, 12288, 11777, 339
2026/09/10 11:56:35.123, 0, 12288, 11777, 339
2026/09/10 11:56:35.331, 0, 12288, 11777, 339
2026/09/10 11:56:35.539, 0, 12288, 11777, 339
2026/09/10 11:56:35.746, 0, 12288, 11777, 339
2026/09/10 11:56:35.953, 0, 12288, 11777, 339
2026/09/10 11:56:36.159, 0, 12288, 11777, 339
2026/09/10 11:56:36.367, 0, 12288, 11777, 339
2026/09/10 11:56:36.574, 0, 12288, 11777, 339
2026/09/10 11:56:36.782, 0, 12288, 11777, 339
2026/09/10 11:56:36.989, 0, 12288, 11777, 339
2026/09/10 11:56:37.195, 0, 12288, 11777, 339
2026/09/10 11:56:37.402, 0, 12288, 11777, 339
2026/09/10 11:56:37.610, 0, 12288, 11777, 339
2026/09/10 11:56:37.818, 0, 12288, 11777, 339
2026/09/10 11:56:38.026, 0, 12288, 11777, 339
2026/09/10 11:56:38.234, 0, 12288, 11777, 339
2026/09/10 11:56:38.441, 0, 12288, 11777, 339
2026/09/10 11:56:38.648, 0, 12288, 11777, 339
2026/09/10 11:56:38.854, 0, 12288, 11777, 339
2026/09/10 11:56:39.062, 0, 12288, 11777, 339
2026/09/10 11:56:39.270, 0, 12288, 11777, 339
2026/09/10 11:56:39.477, 0, 12288, 11777, 339
2026/09/10 11:56:39.685, 0, 12288, 11777, 339
2026/09/10 11:56:39.892, 0, 12288, 11777, 339
2026/09/10 11:56:40.100, 0, 12288, 11777, 339
2026/09/10 11:56:40.308, 0, 12288, 11777, 339
2026/09/10 11:56:40.515, 0, 12288, 11777, 339
2026/09/10 11:56:40.722, 0, 12288, 11777, 339
2026/09/10 11:56:40.930, 0, 12288, 11777, 339
2026/09/10 11:56:41.137, 0, 12288, 11777, 339
2026/09/10 11:56:41.345, 0, 12288, 11777, 339
2026/09/10 11:56:41.553, 0, 12288, 11777, 339
2026/09/10 11:56:41.759, 0, 12288, 11777, 339
2026/09/10 11:56:41.967, 0, 12288, 11777, 339
2026/09/10 11:56:42.175, 0, 12288, 11777, 339
2026/09/10 11:56:42.382, 0, 12288, 11777, 339
2026/09/10 11:56:42.590, 0, 12288, 11777, 339
2026/09/10 11:56:42.798, 0, 12288, 11777, 339
2026/09/10 11:56:43.006, 0, 12288, 11777, 339
2026/09/10 11:56:43.213, 0, 12288, 11777, 339
2026/09/10 11:56:43.421, 0, 12288, 11777, 339
2026/09/10 11:56:43.629, 0, 12288, 11777, 339
2026/09/10 11:56:43.837, 0, 12288, 11777, 339
2026/09/10 11:56:44.043, 0, 12288, 11777, 339
2026/09/10 11:56:44.251, 0, 12288, 11777, 339
2026/09/10 11:56:44.459, 0, 12288, 11777, 339
2026/09/10 11:56:44.667, 0, 12288, 11777, 339
2026/09/10 11:56:44.875, 0, 12288, 11777, 339
2026/09/10 11:56:45.083, 0, 12288, 11777, 339
2026/09/10 11:56:45.290, 0, 12288, 11777, 339
2026/09/10 11:56:45.497, 0, 12288, 11777, 339
2026/09/10 11:56:45.705, 0, 12288, 11777, 339
2026/09/10 11:56:45.913, 0, 12288, 11777, 339
2026/09/10 11:56:46.121, 0, 12288, 11777, 339
2026/09/10 11:56:46.326, 0, 12288, 11777, 339
2026/09/10 11:56:46.534, 0, 12288, 11777, 339
2026/09/10 11:56:46.741, 0, 12288, 11777, 339
2026/09/10 11:56:46.949, 0, 12288, 11777, 339
2026/09/10 11:56:47.157, 0, 12288, 11777, 339
2026/09/10 11:56:47.362, 0, 12288, 11777, 339
2026/09/10 11:56:47.569, 0, 12288, 11777, 339
2026/09/10 11:56:47.777, 0, 12288, 11777, 339
2026/09/10 11:56:47.984, 0, 12288, 11777, 339
2026/09/10 11:56:48.192, 0, 12288, 11777, 339
2026/09/10 11:56:48.400, 0, 12288, 11777, 339
2026/09/10 11:56:48.608, 0, 12288, 11777, 339
2026/09/10 11:56:48.816, 0, 12288, 11777, 339
2026/09/10 11:56:49.024, 0, 12288, 11777, 339
2026/09/10 11:56:49.231, 0, 12288, 11777, 339
2026/09/10 11:56:49.439, 0, 12288, 11777, 339
2026/09/10 11:56:49.645, 0, 12288, 11777, 339
2026/09/10 11:56:49.854, 0, 12288, 11777, 339
2026/09/10 11:56:50.062, 0, 12288, 11777, 339
2026/09/10 11:56:50.270, 0, 12288, 11777, 339
2026/09/10 11:56:50.478, 0, 12288, 11777, 339
2026/09/10 11:56:50.685, 0, 12288, 11777, 339
2026/09/10 11:56:50.893, 0, 12288, 11777, 339
2026/09/10 11:56:51.100, 0, 12288, 11777, 339
2026/09/10 11:56:51.308, 0, 12288, 11777, 339
2026/09/10 11:56:51.516, 0, 12288, 11777, 339
2026/09/10 11:56:51.723, 0, 12288, 11777, 339
2026/09/10 11:56:51.929, 0, 12288, 11777, 339
2026/09/10 11:56:52.136, 0, 12288, 11777, 339
2026/09/10 11:56:52.343, 0, 12288, 11777, 339
2026/09/10 11:56:52.551, 0, 12288, 11777, 339
2026/09/10 11:56:52.759, 0, 12288, 11777, 339
2026/09/10 11:56:52.965, 0, 12288, 11777, 339
2026/09/10 11:56:53.173, 0, 12288, 11777, 339
2026/09/10 11:56:53.380, 0, 12288, 11777, 339
2026/09/10 11:56:53.588, 0, 12288, 11777, 339
2026/09/10 11:56:53.795, 0, 12288, 11777, 339
2026/09/10 11:56:54.001, 0, 12288, 11777, 339
2026/09/10 11:56:54.209, 0, 12288, 11777, 339
2026/09/10 11:56:54.417, 0, 12288, 11777, 339
2026/09/10 11:56:54.625, 0, 12288, 11777, 339
2026/09/10 11:56:54.833, 0, 12288, 11777, 339
2026/09/10 11:56:55.039, 0, 12288, 11777, 339
2026/09/10 11:56:55.245, 0, 12288, 11777, 339
2026/09/10 11:56:55.453, 0, 12288, 11777, 339
2026/09/10 11:56:55.660, 0, 12288, 11777, 339
2026/09/10 11:56:55.868, 0, 12288, 11777, 339
2026/09/10 11:56:56.075, 0, 12288, 11777, 339
2026/09/10 11:56:56.283, 0, 12288, 11777, 339
2026/09/10 11:56:56.491, 0, 12288, 11777, 339
2026/09/10 11:56:56.698, 0, 12288, 11777, 339
2026/09/10 11:56:56.904, 0, 12288, 11777, 339
2026/09/10 11:56:57.112, 0, 12288, 11777, 339
2026/09/10 11:56:57.319, 0, 12288, 11777, 339
2026/09/10 11:56:57.525, 0, 12288, 11777, 339
2026/09/10 11:56:57.734, 0, 12288, 11777, 339
2026/09/10 11:56:57.942, 0, 12288, 11777, 339
2026/09/10 11:56:58.149, 0, 12288, 11777, 339
2026/09/10 11:56:58.356, 0, 12288, 11777, 339
2026/09/10 11:56:58.561, 0, 12288, 11777, 339
2026/09/10 11:56:58.767, 0, 12288, 11777, 339
2026/09/10 11:56:58.975, 0, 12288, 11777, 339
2026/09/10 11:56:59.183, 0, 12288, 11777, 339
2026/09/10 11:56:59.389, 0, 12288, 11777, 339
2026/09/10 11:56:59.596, 0, 12288, 11777, 339
2026/09/10 11:56:59.803, 0, 12288, 11777, 339
2026/09/10 11:57:00.011, 0, 12288, 11777, 339
2026/09/10 11:57:00.217, 0, 12288, 11777, 339
2026/09/10 11:57:00.425, 0, 12288, 11777, 339
2026/09/10 11:57:00.633, 0, 12288, 11777, 339
2026/09/10 11:57:00.840, 0, 12288, 11777, 339
2026/09/10 11:57:01.048, 0, 12288, 11777, 339
2026/09/10 11:57:01.256, 0, 12288, 11777, 339
2026/09/10 11:57:01.463, 0, 12288, 11777, 339
2026/09/10 11:57:01.671, 0, 12288, 11777, 339
2026/09/10 11:57:01.879, 0, 12288, 11777, 339
2026/09/10 11:57:02.086, 0, 12288, 11777, 339
2026/09/10 11:57:02.293, 0, 12288, 11777, 339
2026/09/10 11:57:02.501, 0, 12288, 11777, 339
2026/09/10 11:57:02.709, 0, 12288, 11777, 339
2026/09/10 11:57:02.914, 0, 12288, 11777, 339
2026/09/10 11:57:03.122, 0, 12288, 11777, 339
2026/09/10 11:57:03.330, 0, 12288, 11777, 339
2026/09/10 11:57:03.537, 0, 12288, 11777, 339
2026/09/10 11:57:03.743, 0, 12288, 11777, 339
2026/09/10 11:57:03.949, 0, 12288, 11777, 339
2026/09/10 11:57:04.153, 0, 12288, 11777, 339
2026/09/10 11:57:04.360, 0, 12288, 11777, 339
2026/09/10 11:57:04.568, 0, 12288, 11777, 339
2026/09/10 11:57:04.774, 0, 12288, 11777, 339
2026/09/10 11:57:04.981, 0, 12288, 11777, 339
2026/09/10 11:57:05.186, 0, 12288, 11777, 339
2026/09/10 11:57:05.391, 0, 12288, 11777, 339
2026/09/10 11:57:05.598, 0, 12288, 11777, 339
2026/09/10 11:57:05.806, 0, 12288, 11777, 339
2026/09/10 11:57:06.014, 0, 12288, 11777, 339
2026/09/10 11:57:06.222, 0, 12288, 11777, 339
2026/09/10 11:57:06.429, 0, 12288, 11777, 339
2026/09/10 11:57:06.636, 0, 12288, 11777, 339
2026/09/10 11:57:06.844, 0, 12288, 11777, 339
2026/09/10 11:57:07.052, 0, 12288, 11777, 339
2026/09/10 11:57:07.260, 0, 12288, 11777, 339
2026/09/10 11:57:07.468, 0, 12288, 11777, 339
2026/09/10 11:57:07.675, 0, 12288, 11777, 339
2026/09/10 11:57:07.882, 0, 12288, 11777, 339
2026/09/10 11:57:08.090, 0, 12288, 11777, 339
2026/09/10 11:57:08.297, 0, 12288, 11777, 339
2026/09/10 11:57:08.505, 0, 12288, 11777, 339
2026/09/10 11:57:08.713, 0, 12288, 11777, 339
2026/09/10 11:57:08.920, 0, 12288, 11777, 339
2026/09/10 11:57:09.128, 0, 12288, 11777, 339
2026/09/10 11:57:09.334, 0, 12288, 11777, 339
2026/09/10 11:57:09.542, 0, 12288, 11777, 339
2026/09/10 11:57:09.747, 0, 12288, 11777, 339
2026/09/10 11:57:09.954, 0, 12288, 11777, 339
2026/09/10 11:57:10.162, 0, 12288, 11777, 339
2026/09/10 11:57:10.369, 0, 12288, 11777, 339
2026/09/10 11:57:10.577, 0, 12288, 11777, 339
2026/09/10 11:57:10.784, 0, 12288, 11777, 339
2026/09/10 11:57:10.991, 0, 12288, 11777, 339
2026/09/10 11:57:11.215, 0, 12288, 11777, 339
2026/09/10 11:57:11.423, 0, 12288, 11777, 339
2026/09/10 11:57:11.631, 0, 12288, 11777, 339
2026/09/10 11:57:11.837, 0, 12288, 11777, 339
2026/09/10 11:57:12.046, 0, 12288, 11777, 339
2026/09/10 11:57:12.253, 0, 12288, 11777, 339
2026/09/10 11:57:12.461, 0, 12288, 11777, 339
2026/09/10 11:57:12.667, 0, 12288, 11777, 339
2026/09/10 11:57:12.874, 0, 12288, 11777, 339
2026/09/10 11:57:13.082, 0, 12288, 11777, 339
2026/09/10 11:57:13.290, 0, 12288, 11777, 339
2026/09/10 11:57:13.498, 0, 12288, 11777, 339
2026/09/10 11:57:13.705, 0, 12288, 11777, 339
2026/09/10 11:57:13.911, 0, 12288, 11777, 339
2026/09/10 11:57:14.118, 0, 12288, 11777, 339
2026/09/10 11:57:14.325, 0, 12288, 11777, 339
2026/09/10 11:57:14.533, 0, 12288, 11777, 339
2026/09/10 11:57:14.740, 0, 12288, 11777, 339
2026/09/10 11:57:14.947, 0, 12288, 11777, 339
2026/09/10 11:57:15.155, 0, 12288, 11777, 339
2026/09/10 11:57:15.360, 0, 12288, 11777, 339
2026/09/10 11:57:15.568, 0, 12288, 11777, 339
2026/09/10 11:57:15.776, 0, 12288, 11777, 339
2026/09/10 11:57:15.983, 0, 12288, 11777, 339
2026/09/10 11:57:16.191, 0, 12288, 11777, 339
2026/09/10 11:57:16.399, 0, 12288, 11777, 339
2026/09/10 11:57:16.607, 0, 12288, 11777, 339
2026/09/10 11:57:16.814, 0, 12288, 11777, 339
2026/09/10 11:57:17.021, 0, 12288, 11777, 339
2026/09/10 11:57:17.229, 0, 12288, 11777, 339
2026/09/10 11:57:17.437, 0, 12288, 11777, 339
2026/09/10 11:57:17.645, 0, 12288, 11777, 339
2026/09/10 11:57:17.851, 0, 12288, 11777, 339
2026/09/10 11:57:18.057, 0, 12288, 11777, 339
2026/09/10 11:57:18.265, 0, 12288, 11777, 339
2026/09/10 11:57:18.473, 0, 12288, 11777, 339
2026/09/10 11:57:18.681, 0, 12288, 11777, 339
2026/09/10 11:57:18.889, 0, 12288, 11777, 339
2026/09/10 11:57:19.097, 0, 12288, 11777, 339
2026/09/10 11:57:19.305, 0, 12288, 11777, 339
2026/09/10 11:57:19.510, 0, 12288, 11777, 339
2026/09/10 11:57:19.717, 0, 12288, 11777, 339
2026/09/10 11:57:19.922, 0, 12288, 11777, 339
2026/09/10 11:57:20.129, 0, 12288, 11777, 339
2026/09/10 11:57:20.337, 0, 12288, 11777, 339
2026/09/10 11:57:20.544, 0, 12288, 11777, 339
2026/09/10 11:57:20.751, 0, 12288, 11777, 339
2026/09/10 11:57:20.957, 0, 12288, 11777, 339
2026/09/10 11:57:21.165, 0, 12288, 11777, 339
2026/09/10 11:57:21.372, 0, 12288, 11777, 339
2026/09/10 11:57:21.575, 0, 12288, 11777, 339
2026/09/10 11:57:21.781, 0, 12288, 11777, 339
2026/09/10 11:57:21.989, 0, 12288, 11777, 339
2026/09/10 11:57:22.196, 0, 12288, 11777, 339
2026/09/10 11:57:22.404, 0, 12288, 11777, 339
2026/09/10 11:57:22.612, 0, 12288, 11777, 339
2026/09/10 11:57:22.820, 0, 12288, 11777, 339
2026/09/10 11:57:23.028, 0, 12288, 11777, 339
2026/09/10 11:57:23.236, 0, 12288, 11777, 339
2026/09/10 11:57:23.444, 0, 12288, 11777, 339
2026/09/10 11:57:23.652, 0, 12288, 11777, 339
2026/09/10 11:57:23.858, 0, 12288, 11777, 339
2026/09/10 11:57:24.065, 0, 12288, 11777, 339
2026/09/10 11:57:24.272, 0, 12288, 11777, 339
2026/09/10 11:57:24.480, 0, 12288, 11777, 339
2026/09/10 11:57:24.687, 0, 12288, 11777, 339
2026/09/10 11:57:24.896, 0, 12288, 11777, 339
2026/09/10 11:57:25.103, 0, 12288, 11777, 339
2026/09/10 11:57:25.310, 0, 12288, 11777, 339
2026/09/10 11:57:25.517, 0, 12288, 11777, 339
2026/09/10 11:57:25.723, 0, 12288, 11777, 339
2026/09/10 11:57:25.931, 0, 12288, 11777, 339
2026/09/10 11:57:26.137, 0, 12288, 11777, 339
2026/09/10 11:57:26.345, 0, 12288, 11777, 339
2026/09/10 11:57:26.553, 0, 12288, 11777, 339
2026/09/10 11:57:26.761, 0, 12288, 11777, 339
2026/09/10 11:57:26.968, 0, 12288, 11777, 339
2026/09/10 11:57:27.176, 0, 12288, 11777, 339
2026/09/10 11:57:27.383, 0, 12288, 11777, 339
2026/09/10 11:57:27.586, 0, 12288, 11777, 339
2026/09/10 11:57:27.794, 0, 12288, 11777, 339
2026/09/10 11:57:28.001, 0, 12288, 11777, 339
2026/09/10 11:57:28.206, 0, 12288, 11777, 339
2026/09/10 11:57:28.414, 0, 12288, 11777, 339
2026/09/10 11:57:28.622, 0, 12288, 11777, 339
2026/09/10 11:57:28.830, 0, 12288, 11777, 339
2026/09/10 11:57:29.037, 0, 12288, 11777, 339
2026/09/10 11:57:29.245, 0, 12288, 11777, 339
2026/09/10 11:57:29.452, 0, 12288, 11777, 339
2026/09/10 11:57:29.659, 0, 12288, 11777, 339
2026/09/10 11:57:29.867, 0, 12288, 11777, 339
2026/09/10 11:57:30.073, 0, 12288, 11777, 339
2026/09/10 11:57:30.277, 0, 12288, 11777, 339
2026/09/10 11:57:30.485, 0, 12288, 11777, 339
2026/09/10 11:57:30.693, 0, 12288, 11777, 339
2026/09/10 11:57:30.901, 0, 12288, 11777, 339
2026/09/10 11:57:31.109, 0, 12288, 11777, 339
2026/09/10 11:57:31.317, 0, 12288, 11777, 339
2026/09/10 11:57:31.524, 0, 12288, 11777, 339
2026/09/10 11:57:31.732, 0, 12288, 11777, 339
2026/09/10 11:57:31.940, 0, 12288, 11777, 339
2026/09/10 11:57:32.147, 0, 12288, 11777, 339
2026/09/10 11:57:32.354, 0, 12288, 11777, 339
2026/09/10 11:57:32.562, 0, 12288, 11777, 339
2026/09/10 11:57:32.770, 0, 12288, 11777, 339
2026/09/10 11:57:32.978, 0, 12288, 11777, 339
2026/09/10 11:57:33.181, 0, 12288, 11777, 339
2026/09/10 11:57:33.389, 0, 12288, 11777, 339
2026/09/10 11:57:33.595, 0, 12288, 11777, 339
2026/09/10 11:57:33.802, 0, 12288, 11777, 339
2026/09/10 11:57:34.008, 0, 12288, 11777, 339
2026/09/10 11:57:34.216, 0, 12288, 11777, 339
2026/09/10 11:57:34.423, 0, 12288, 11777, 339
2026/09/10 11:57:34.630, 0, 12288, 11777, 339
2026/09/10 11:57:34.838, 0, 12288, 11777, 339
2026/09/10 11:57:35.045, 0, 12288, 11777, 339
2026/09/10 11:57:35.252, 0, 12288, 11777, 339
2026/09/10 11:57:35.460, 0, 12288, 11777, 339
2026/09/10 11:57:35.668, 0, 12288, 11777, 339
2026/09/10 11:57:35.876, 0, 12288, 11777, 339
2026/09/10 11:57:36.084, 0, 12288, 11777, 339
2026/09/10 11:57:36.292, 0, 12288, 11777, 339
2026/09/10 11:57:36.500, 0, 12288, 11777, 339
2026/09/10 11:57:36.708, 0, 12288, 11777, 339
2026/09/10 11:57:36.914, 0, 12288, 11777, 339
2026/09/10 11:57:37.122, 0, 12288, 11777, 339
2026/09/10 11:57:37.330, 0, 12288, 11777, 339
2026/09/10 11:57:37.538, 0, 12288, 11777, 339
2026/09/10 11:57:37.746, 0, 12288, 11777, 339
2026/09/10 11:57:37.953, 0, 12288, 11777, 339
2026/09/10 11:57:38.161, 0, 12288, 11777, 339
2026/09/10 11:57:38.368, 0, 12288, 11777, 339
2026/09/10 11:57:38.575, 0, 12288, 11777, 339
2026/09/10 11:57:38.780, 0, 12288, 11777, 339
2026/09/10 11:57:38.988, 0, 12288, 11777, 339
2026/09/10 11:57:39.196, 0, 12288, 11777, 339
2026/09/10 11:57:39.403, 0, 12288, 11777, 339
2026/09/10 11:57:39.611, 0, 12288, 11777, 339
2026/09/10 11:57:39.818, 0, 12288, 11777, 339
2026/09/10 11:57:40.025, 0, 12288, 11777, 339
2026/09/10 11:57:40.231, 0, 12288, 11777, 339
2026/09/10 11:57:40.439, 0, 12288, 11777, 339
2026/09/10 11:57:40.647, 0, 12288, 11777, 339
2026/09/10 11:57:40.854, 0, 12288, 11777, 339
2026/09/10 11:57:41.061, 0, 12288, 11777, 339
2026/09/10 11:57:41.268, 0, 12288, 11777, 339
2026/09/10 11:57:41.475, 0, 12288, 11777, 339
2026/09/10 11:57:41.681, 0, 12288, 11777, 339
2026/09/10 11:57:41.889, 0, 12288, 11777, 339
2026/09/10 11:57:42.097, 0, 12288, 11777, 339
2026/09/10 11:57:42.305, 0, 12288, 11777, 339
2026/09/10 11:57:42.512, 0, 12288, 11777, 339
2026/09/10 11:57:42.720, 0, 12288, 11777, 339
2026/09/10 11:57:42.928, 0, 12288, 11777, 339
2026/09/10 11:57:43.135, 0, 12288, 11777, 339
2026/09/10 11:57:43.343, 0, 12288, 11777, 339
2026/09/10 11:57:43.549, 0, 12288, 11777, 339
2026/09/10 11:57:43.756, 0, 12288, 11777, 339
2026/09/10 11:57:43.963, 0, 12288, 11777, 339
2026/09/10 11:57:44.170, 0, 12288, 11777, 339
2026/09/10 11:57:44.375, 0, 12288, 11777, 339
2026/09/10 11:57:44.581, 0, 12288, 11777, 339
2026/09/10 11:57:44.787, 0, 12288, 11777, 339
2026/09/10 11:57:44.994, 0, 12288, 11777, 339
2026/09/10 11:57:45.201, 0, 12288, 11777, 339
2026/09/10 11:57:45.409, 0, 12288, 11777, 339
2026/09/10 11:57:45.616, 0, 12288, 11777, 339
2026/09/10 11:57:45.822, 0, 12288, 11777, 339
2026/09/10 11:57:46.029, 0, 12288, 11777, 339
2026/09/10 11:57:46.237, 0, 12288, 11777, 339
2026/09/10 11:57:46.444, 0, 12288, 11777, 339
2026/09/10 11:57:46.649, 0, 12288, 11777, 339
2026/09/10 11:57:46.857, 0, 12288, 11777, 339
2026/09/10 11:57:47.065, 0, 12288, 11777, 339
2026/09/10 11:57:47.272, 0, 12288, 11777, 339
2026/09/10 11:57:47.480, 0, 12288, 11777, 339
2026/09/10 11:57:47.688, 0, 12288, 11777, 339
2026/09/10 11:57:47.895, 0, 12288, 11777, 339
2026/09/10 11:57:48.102, 0, 12288, 11777, 339
2026/09/10 11:57:48.309, 0, 12288, 11777, 339
2026/09/10 11:57:48.516, 0, 12288, 11777, 339
2026/09/10 11:57:48.724, 0, 12288, 11777, 339
2026/09/10 11:57:48.932, 0, 12288, 11777, 339
2026/09/10 11:57:49.140, 0, 12288, 11777, 339
2026/09/10 11:57:49.347, 0, 12288, 11777, 339
2026/09/10 11:57:49.554, 0, 12288, 11777, 339
2026/09/10 11:57:49.759, 0, 12288, 11777, 339
2026/09/10 11:57:49.964, 0, 12288, 11777, 339
2026/09/10 11:57:50.171, 0, 12288, 11777, 339
2026/09/10 11:57:50.379, 0, 12288, 11777, 339
2026/09/10 11:57:50.586, 0, 12288, 11777, 339
2026/09/10 11:57:50.794, 0, 12288, 11777, 339
2026/09/10 11:57:51.001, 0, 12288, 11777, 339
2026/09/10 11:57:51.209, 0, 12288, 11777, 339
2026/09/10 11:57:51.417, 0, 12288, 11777, 339
2026/09/10 11:57:51.625, 0, 12288, 11777, 339
2026/09/10 11:57:51.833, 0, 12288, 11777, 339
2026/09/10 11:57:52.040, 0, 12288, 11777, 339
2026/09/10 11:57:52.248, 0, 12288, 11777, 339
2026/09/10 11:57:52.454, 0, 12288, 11777, 339
2026/09/10 11:57:52.662, 0, 12288, 11777, 339
2026/09/10 11:57:52.870, 0, 12288, 11777, 339
2026/09/10 11:57:53.078, 0, 12288, 11777, 339
2026/09/10 11:57:53.285, 0, 12288, 11777, 339
2026/09/10 11:57:53.493, 0, 12288, 11777, 339
2026/09/10 11:57:53.701, 0, 12288, 11777, 339
2026/09/10 11:57:53.907, 0, 12288, 11777, 339
2026/09/10 11:57:54.115, 0, 12288, 11777, 339
2026/09/10 11:57:54.323, 0, 12288, 11777, 339
2026/09/10 11:57:54.531, 0, 12288, 11777, 339
2026/09/10 11:57:54.738, 0, 12288, 11777, 339
2026/09/10 11:57:54.946, 0, 12288, 11777, 339
2026/09/10 11:57:55.153, 0, 12288, 11777, 339
2026/09/10 11:57:55.359, 0, 12288, 11777, 339
2026/09/10 11:57:55.562, 0, 12288, 11777, 339
2026/09/10 11:57:55.769, 0, 12288, 11777, 339
2026/09/10 11:57:55.977, 0, 12288, 11777, 339
2026/09/10 11:57:56.198, 0, 12288, 11777, 339
2026/09/10 11:57:56.406, 0, 12288, 11777, 339
2026/09/10 11:57:56.613, 0, 12288, 11777, 339
2026/09/10 11:57:56.820, 0, 12288, 11777, 339
2026/09/10 11:57:57.027, 0, 12288, 11777, 339
2026/09/10 11:57:57.234, 0, 12288, 11777, 339
2026/09/10 11:57:57.441, 0, 12288, 11777, 339
2026/09/10 11:57:57.649, 0, 12288, 11777, 339
2026/09/10 11:57:57.857, 0, 12288, 11777, 339
2026/09/10 11:57:58.065, 0, 12288, 11777, 339
2026/09/10 11:57:58.273, 0, 12288, 11777, 339
2026/09/10 11:57:58.480, 0, 12288, 11777, 339
2026/09/10 11:57:58.688, 0, 12288, 11777, 339
2026/09/10 11:57:58.895, 0, 12288, 11777, 339
2026/09/10 11:57:59.103, 0, 12288, 11777, 339
2026/09/10 11:57:59.310, 0, 12288, 11777, 339
2026/09/10 11:57:59.518, 0, 12288, 11777, 339
2026/09/10 11:57:59.725, 0, 12288, 11777, 339
2026/09/10 11:57:59.932, 0, 12288, 11777, 339
2026/09/10 11:58:00.140, 0, 12288, 11777, 339
2026/09/10 11:58:00.348, 0, 12288, 11777, 339
2026/09/10 11:58:00.555, 0, 12288, 11777, 339
2026/09/10 11:58:00.762, 0, 12288, 11777, 339
2026/09/10 11:58:00.970, 0, 12288, 11777, 339
2026/09/10 11:58:01.175, 0, 12288, 11777, 339
2026/09/10 11:58:01.382, 0, 12288, 11777, 339
2026/09/10 11:58:01.588, 0, 12288, 11777, 339
2026/09/10 11:58:01.796, 0, 12288, 11777, 339
2026/09/10 11:58:02.003, 0, 12288, 11777, 339
2026/09/10 11:58:02.211, 0, 12288, 11777, 339
2026/09/10 11:58:02.419, 0, 12288, 11777, 339
2026/09/10 11:58:02.626, 0, 12288, 11777, 339
2026/09/10 11:58:02.833, 0, 12288, 11777, 339
2026/09/10 11:58:03.039, 0, 12288, 11777, 339
2026/09/10 11:58:03.245, 0, 12288, 11777, 339
2026/09/10 11:58:03.453, 0, 12288, 11777, 339
2026/09/10 11:58:03.661, 0, 12288, 11777, 339
2026/09/10 11:58:03.866, 0, 12288, 11777, 339
2026/09/10 11:58:04.073, 0, 12288, 11777, 339
2026/09/10 11:58:04.280, 0, 12288, 11777, 339
2026/09/10 11:58:04.488, 0, 12288, 11777, 339
2026/09/10 11:58:04.695, 0, 12288, 11777, 339
2026/09/10 11:58:04.903, 0, 12288, 11777, 339
2026/09/10 11:58:05.111, 0, 12288, 11777, 339
2026/09/10 11:58:05.319, 0, 12288, 11777, 339
2026/09/10 11:58:05.526, 0, 12288, 11777, 339
2026/09/10 11:58:05.748, 0, 12288, 11777, 339
2026/09/10 11:58:05.952, 0, 12288, 11777, 339
2026/09/10 11:58:06.160, 0, 12288, 11777, 339
2026/09/10 11:58:06.368, 0, 12288, 11777, 339
2026/09/10 11:58:06.575, 0, 12288, 11777, 339
2026/09/10 11:58:06.779, 0, 12288, 11777, 339
2026/09/10 11:58:06.986, 0, 12288, 11777, 339
2026/09/10 11:58:07.193, 0, 12288, 11777, 339
2026/09/10 11:58:07.401, 0, 12288, 11777, 339
2026/09/10 11:58:07.609, 0, 12288, 11777, 339
2026/09/10 11:58:07.817, 0, 12288, 11777, 339
2026/09/10 11:58:08.025, 0, 12288, 11777, 339
2026/09/10 11:58:08.232, 0, 12288, 11777, 339
2026/09/10 11:58:08.438, 0, 12288, 11777, 339
2026/09/10 11:58:08.645, 0, 12288, 11777, 339
2026/09/10 11:58:08.852, 0, 12288, 11777, 339
2026/09/10 11:58:09.060, 0, 12288, 11777, 339
2026/09/10 11:58:09.268, 0, 12288, 11777, 339
2026/09/10 11:58:09.476, 0, 12288, 11777, 339
2026/09/10 11:58:09.684, 0, 12288, 11777, 339
2026/09/10 11:58:09.890, 0, 12288, 11777, 339
2026/09/10 11:58:10.097, 0, 12288, 11777, 339
2026/09/10 11:58:10.304, 0, 12288, 11777, 339
2026/09/10 11:58:10.512, 0, 12288, 11777, 339
2026/09/10 11:58:10.720, 0, 12288, 11777, 339
2026/09/10 11:58:10.928, 0, 12288, 11777, 339
2026/09/10 11:58:11.135, 0, 12288, 11777, 339
2026/09/10 11:58:11.343, 0, 12288, 11777, 339
2026/09/10 11:58:11.551, 0, 12288, 11777, 339
2026/09/10 11:58:11.759, 0, 12288, 11777, 339
2026/09/10 11:58:11.967, 0, 12288, 11777, 339
2026/09/10 11:58:12.175, 0, 12288, 11777, 339
2026/09/10 11:58:12.379, 0, 12288, 11777, 339
2026/09/10 11:58:12.586, 0, 12288, 11777, 339
2026/09/10 11:58:12.794, 0, 12288, 11777, 339
2026/09/10 11:58:13.002, 0, 12288, 11777, 339
2026/09/10 11:58:13.210, 0, 12288, 11777, 339
2026/09/10 11:58:13.418, 0, 12288, 11777, 339
2026/09/10 11:58:13.626, 0, 12288, 11777, 339
2026/09/10 11:58:13.833, 0, 12288, 11777, 339
2026/09/10 11:58:14.040, 0, 12288, 11777, 339
2026/09/10 11:58:14.248, 0, 12288, 11777, 339
2026/09/10 11:58:14.456, 0, 12288, 11777, 339
2026/09/10 11:58:14.664, 0, 12288, 11777, 339
2026/09/10 11:58:14.872, 0, 12288, 11777, 339
2026/09/10 11:58:15.079, 0, 12288, 11777, 339
2026/09/10 11:58:15.287, 0, 12288, 11777, 339
2026/09/10 11:58:15.495, 0, 12288, 11777, 339
2026/09/10 11:58:15.703, 0, 12288, 11777, 339
2026/09/10 11:58:15.911, 0, 12288, 11777, 339
2026/09/10 11:58:16.119, 0, 12288, 11777, 339
2026/09/10 11:58:16.325, 0, 12288, 11777, 339
2026/09/10 11:58:16.532, 0, 12288, 11777, 339
2026/09/10 11:58:16.738, 0, 12288, 11777, 339
2026/09/10 11:58:16.946, 0, 12288, 11777, 339
2026/09/10 11:58:17.154, 0, 12288, 11777, 339
2026/09/10 11:58:17.362, 0, 12288, 11777, 339
2026/09/10 11:58:17.570, 0, 12288, 11777, 339
2026/09/10 11:58:17.778, 0, 12288, 11777, 339
2026/09/10 11:58:17.983, 0, 12288, 11777, 339
2026/09/10 11:58:18.190, 0, 12288, 11777, 339
2026/09/10 11:58:18.397, 0, 12288, 11777, 339
2026/09/10 11:58:18.604, 0, 12288, 11777, 339
2026/09/10 11:58:18.812, 0, 12288, 11777, 339
2026/09/10 11:58:19.019, 0, 12288, 11777, 339
2026/09/10 11:58:19.226, 0, 12288, 11777, 339
2026/09/10 11:58:19.434, 0, 12288, 11777, 339
2026/09/10 11:58:19.642, 0, 12288, 11777, 339
2026/09/10 11:58:19.849, 0, 12288, 11777, 339
2026/09/10 11:58:20.057, 0, 12288, 11777, 339
2026/09/10 11:58:20.264, 0, 12288, 11777, 339
2026/09/10 11:58:20.469, 0, 12288, 11777, 339
2026/09/10 11:58:20.674, 0, 12288, 11777, 339
2026/09/10 11:58:20.881, 0, 12288, 11777, 339
2026/09/10 11:58:21.088, 0, 12288, 11777, 339
2026/09/10 11:58:21.294, 0, 12288, 11777, 339
2026/09/10 11:58:21.502, 0, 12288, 11777, 339
2026/09/10 11:58:21.710, 0, 12288, 11777, 339
2026/09/10 11:58:21.916, 0, 12288, 11777, 339
2026/09/10 11:58:22.124, 0, 12288, 11777, 339
2026/09/10 11:58:22.332, 0, 12288, 11777, 339
2026/09/10 11:58:22.539, 0, 12288, 11777, 339
2026/09/10 11:58:22.747, 0, 12288, 11777, 339
2026/09/10 11:58:22.954, 0, 12288, 11777, 339
2026/09/10 11:58:23.162, 0, 12288, 11777, 339
2026/09/10 11:58:23.367, 0, 12288, 11777, 339
2026/09/10 11:58:23.572, 0, 12288, 11777, 339
2026/09/10 11:58:23.779, 0, 12288, 11777, 339
2026/09/10 11:58:23.985, 0, 12288, 11777, 339
2026/09/10 11:58:24.193, 0, 12288, 11777, 339
2026/09/10 11:58:24.398, 0, 12288, 11777, 339
2026/09/10 11:58:24.606, 0, 12288, 11777, 339
2026/09/10 11:58:24.830, 0, 12288, 11777, 339
2026/09/10 11:58:25.037, 0, 12288, 11777, 339
2026/09/10 11:58:25.244, 0, 12288, 11777, 339
2026/09/10 11:58:25.450, 0, 12288, 11777, 339
2026/09/10 11:58:25.657, 0, 12288, 11777, 339
2026/09/10 11:58:25.865, 0, 12288, 11777, 339
2026/09/10 11:58:26.072, 0, 12288, 11777, 339
2026/09/10 11:58:26.279, 0, 12288, 11777, 339
2026/09/10 11:58:26.487, 0, 12288, 11777, 339
2026/09/10 11:58:26.694, 0, 12288, 11777, 339
2026/09/10 11:58:26.902, 0, 12288, 11777, 339
2026/09/10 11:58:27.110, 0, 12288, 11777, 339
2026/09/10 11:58:27.317, 0, 12288, 11777, 339
2026/09/10 11:58:27.525, 0, 12288, 11777, 339
2026/09/10 11:58:27.733, 0, 12288, 11777, 339
2026/09/10 11:58:27.940, 0, 12288, 11777, 339
2026/09/10 11:58:28.148, 0, 12288, 11777, 339
2026/09/10 11:58:28.356, 0, 12288, 11777, 339
2026/09/10 11:58:28.564, 0, 12288, 11777, 339
2026/09/10 11:58:28.771, 0, 12288, 11777, 339
2026/09/10 11:58:28.979, 0, 12288, 11777, 339
2026/09/10 11:58:29.185, 0, 12288, 11777, 339
2026/09/10 11:58:29.393, 0, 12288, 11777, 339
2026/09/10 11:58:29.601, 0, 12288, 11777, 339
2026/09/10 11:58:29.809, 0, 12288, 11777, 339
2026/09/10 11:58:30.016, 0, 12288, 11777, 339
2026/09/10 11:58:30.223, 0, 12288, 11777, 339
2026/09/10 11:58:30.429, 0, 12288, 11777, 339
2026/09/10 11:58:30.636, 0, 12288, 11777, 339
2026/09/10 11:58:30.842, 0, 12288, 11777, 339
2026/09/10 11:58:31.050, 0, 12288, 11777, 339
2026/09/10 11:58:31.256, 0, 12288, 11777, 339
2026/09/10 11:58:31.462, 0, 12288, 11777, 339
2026/09/10 11:58:31.669, 0, 12288, 11777, 339
2026/09/10 11:58:31.877, 0, 12288, 11777, 339
2026/09/10 11:58:32.085, 0, 12288, 11777, 339
2026/09/10 11:58:32.293, 0, 12288, 11777, 339
2026/09/10 11:58:32.501, 0, 12288, 11777, 339
2026/09/10 11:58:32.709, 0, 12288, 11777, 339
2026/09/10 11:58:32.915, 0, 12288, 11777, 339
2026/09/10 11:58:33.122, 0, 12288, 11777, 339
2026/09/10 11:58:33.330, 0, 12288, 11777, 339
2026/09/10 11:58:33.538, 0, 12288, 11777, 339
2026/09/10 11:58:33.746, 0, 12288, 11777, 339
2026/09/10 11:58:33.954, 0, 12288, 11777, 339
2026/09/10 11:58:34.158, 0, 12288, 11777, 339
2026/09/10 11:58:34.366, 0, 12288, 11777, 339
2026/09/10 11:58:34.573, 0, 12288, 11777, 339
2026/09/10 11:58:34.780, 0, 12288, 11777, 339
2026/09/10 11:58:34.985, 0, 12288, 11777, 339
2026/09/10 11:58:35.192, 0, 12288, 11777, 339
2026/09/10 11:58:35.399, 0, 12288, 11777, 339
2026/09/10 11:58:35.602, 0, 12288, 11777, 339
2026/09/10 11:58:35.811, 0, 12288, 11777, 339
2026/09/10 11:58:36.019, 0, 12288, 11777, 339
2026/09/10 11:58:36.226, 0, 12288, 11777, 339
2026/09/10 11:58:36.435, 0, 12288, 11777, 339
2026/09/10 11:58:36.643, 0, 12288, 11777, 339
2026/09/10 11:58:36.851, 0, 12288, 11777, 339
2026/09/10 11:58:37.058, 0, 12288, 11777, 339
2026/09/10 11:58:37.266, 0, 12288, 11777, 339
2026/09/10 11:58:37.474, 0, 12288, 11777, 339
2026/09/10 11:58:37.682, 0, 12288, 11777, 339
2026/09/10 11:58:37.890, 0, 12288, 11777, 339
2026/09/10 11:58:38.097, 0, 12288, 11777, 339
2026/09/10 11:58:38.304, 0, 12288, 11777, 339
2026/09/10 11:58:38.512, 0, 12288, 11777, 339
2026/09/10 11:58:38.719, 0, 12288, 11777, 339
2026/09/10 11:58:38.927, 0, 12288, 11777, 339
2026/09/10 11:58:39.134, 0, 12288, 11777, 339
2026/09/10 11:58:39.342, 0, 12288, 11777, 339
2026/09/10 11:58:39.550, 0, 12288, 11777, 339
2026/09/10 11:58:39.757, 0, 12288, 11777, 339
2026/09/10 11:58:39.964, 0, 12288, 11777, 339
2026/09/10 11:58:40.172, 0, 12288, 11777, 339
2026/09/10 11:58:40.378, 0, 12288, 11777, 339
2026/09/10 11:58:40.586, 0, 12288, 11777, 339
2026/09/10 11:58:40.793, 0, 12288, 11777, 339
2026/09/10 11:58:41.000, 0, 12288, 11777, 339
2026/09/10 11:58:41.208, 0, 12288, 11777, 339
2026/09/10 11:58:41.415, 0, 12288, 11777, 339
2026/09/10 11:58:41.622, 0, 12288, 11777, 339
2026/09/10 11:58:41.831, 0, 12288, 11777, 339
2026/09/10 11:58:42.038, 0, 12288, 11777, 339
2026/09/10 11:58:42.246, 0, 12288, 11777, 339
2026/09/10 11:58:42.453, 0, 12288, 11777, 339
2026/09/10 11:58:42.661, 0, 12288, 11777, 339
2026/09/10 11:58:42.869, 0, 12288, 11777, 339
2026/09/10 11:58:43.077, 0, 12288, 11777, 339
2026/09/10 11:58:43.283, 0, 12288, 11777, 339
2026/09/10 11:58:43.491, 0, 12288, 11777, 339
2026/09/10 11:58:43.698, 0, 12288, 11777, 339
2026/09/10 11:58:43.904, 0, 12288, 11777, 339
2026/09/10 11:58:44.110, 0, 12288, 11777, 339
2026/09/10 11:58:44.317, 0, 12288, 11777, 339
2026/09/10 11:58:44.525, 0, 12288, 11777, 339
2026/09/10 11:58:44.733, 0, 12288, 11777, 339
2026/09/10 11:58:44.941, 0, 12288, 11777, 339
2026/09/10 11:58:45.148, 0, 12288, 11777, 339
2026/09/10 11:58:45.354, 0, 12288, 11777, 339
2026/09/10 11:58:45.560, 0, 12288, 11777, 339
2026/09/10 11:58:45.767, 0, 12288, 11777, 339
2026/09/10 11:58:45.973, 0, 12288, 11777, 339
2026/09/10 11:58:46.181, 0, 12288, 11777, 339
2026/09/10 11:58:46.387, 0, 12288, 11777, 339
2026/09/10 11:58:46.595, 0, 12288, 11777, 339
2026/09/10 11:58:46.802, 0, 12288, 11777, 339
2026/09/10 11:58:47.009, 0, 12288, 11777, 339
2026/09/10 11:58:47.217, 0, 12288, 11777, 339
2026/09/10 11:58:47.425, 0, 12288, 11777, 339
2026/09/10 11:58:47.633, 0, 12288, 11777, 339
2026/09/10 11:58:47.840, 0, 12288, 11777, 339
2026/09/10 11:58:48.047, 0, 12288, 11777, 339
2026/09/10 11:58:48.253, 0, 12288, 11777, 339
2026/09/10 11:58:48.461, 0, 12288, 11777, 339
2026/09/10 11:58:48.669, 0, 12288, 11777, 339
2026/09/10 11:58:48.877, 0, 12288, 11777, 339
2026/09/10 11:58:49.085, 0, 12288, 11777, 339
2026/09/10 11:58:49.293, 0, 12288, 11777, 339
2026/09/10 11:58:49.500, 0, 12288, 11777, 339
2026/09/10 11:58:49.708, 0, 12288, 11777, 339
2026/09/10 11:58:49.915, 0, 12288, 11777, 339
2026/09/10 11:58:50.122, 0, 12288, 11777, 339
2026/09/10 11:58:50.330, 0, 12288, 11777, 339
2026/09/10 11:58:50.536, 0, 12288, 11777, 339
2026/09/10 11:58:50.743, 0, 12288, 11777, 339
2026/09/10 11:58:50.951, 0, 12288, 11777, 339
2026/09/10 11:58:51.159, 0, 12288, 11777, 339
2026/09/10 11:58:51.367, 0, 12288, 11777, 339
2026/09/10 11:58:51.573, 0, 12288, 11777, 339
2026/09/10 11:58:51.781, 0, 12288, 11777, 339
2026/09/10 11:58:51.989, 0, 12288, 11777, 339
2026/09/10 11:58:52.196, 0, 12288, 11777, 339
2026/09/10 11:58:52.403, 0, 12288, 11777, 339
2026/09/10 11:58:52.610, 0, 12288, 11777, 339
2026/09/10 11:58:52.817, 0, 12288, 11777, 339
2026/09/10 11:58:53.024, 0, 12288, 11777, 339
2026/09/10 11:58:53.232, 0, 12288, 11777, 339
2026/09/10 11:58:53.455, 0, 12288, 11777, 339
2026/09/10 11:58:53.662, 0, 12288, 11777, 339
2026/09/10 11:58:53.869, 0, 12288, 11777, 339
2026/09/10 11:58:54.077, 0, 12288, 11777, 339
2026/09/10 11:58:54.285, 0, 12288, 11777, 339
2026/09/10 11:58:54.492, 0, 12288, 11777, 339
2026/09/10 11:58:54.700, 0, 12288, 11777, 339
2026/09/10 11:58:54.908, 0, 12288, 11777, 339
2026/09/10 11:58:55.116, 0, 12288, 11777, 339
2026/09/10 11:58:55.322, 0, 12288, 11777, 339
2026/09/10 11:58:55.529, 0, 12288, 11777, 339
2026/09/10 11:58:55.737, 0, 12288, 11777, 339
2026/09/10 11:58:55.945, 0, 12288, 11777, 339
2026/09/10 11:58:56.151, 0, 12288, 11777, 339
2026/09/10 11:58:56.359, 0, 12288, 11777, 339
2026/09/10 11:58:56.567, 0, 12288, 11777, 339
2026/09/10 11:58:56.774, 0, 12288, 11777, 339
2026/09/10 11:58:56.982, 0, 12288, 11777, 339
2026/09/10 11:58:57.188, 0, 12288, 11777, 339
2026/09/10 11:58:57.395, 0, 12288, 11777, 339
2026/09/10 11:58:57.602, 0, 12288, 11777, 339
2026/09/10 11:58:57.810, 0, 12288, 11777, 339
2026/09/10 11:58:58.017, 0, 12288, 11777, 339
2026/09/10 11:58:58.225, 0, 12288, 11777, 339
2026/09/10 11:58:58.432, 0, 12288, 11777, 339
2026/09/10 11:58:58.640, 0, 12288, 11777, 339
2026/09/10 11:58:58.846, 0, 12288, 11777, 339
2026/09/10 11:58:59.053, 0, 12288, 11777, 339
2026/09/10 11:58:59.261, 0, 12288, 11777, 339
2026/09/10 11:58:59.468, 0, 12288, 11777, 339
2026/09/10 11:58:59.676, 0, 12288, 11777, 339
2026/09/10 11:58:59.884, 0, 12288, 11777, 339
2026/09/10 11:59:00.090, 0, 12288, 11777, 339
2026/09/10 11:59:00.298, 0, 12288, 11777, 339
2026/09/10 11:59:00.505, 0, 12288, 11777, 339
2026/09/10 11:59:00.712, 0, 12288, 11777, 339
2026/09/10 11:59:00.920, 0, 12288, 11777, 339
2026/09/10 11:59:01.128, 0, 12288, 11777, 339
2026/09/10 11:59:01.335, 0, 12288, 11777, 339
2026/09/10 11:59:01.543, 0, 12288, 11777, 339
2026/09/10 11:59:01.750, 0, 12288, 11777, 339
2026/09/10 11:59:01.957, 0, 12288, 11777, 339
2026/09/10 11:59:02.165, 0, 12288, 11777, 339
2026/09/10 11:59:02.372, 0, 12288, 11777, 339
2026/09/10 11:59:02.580, 0, 12288, 11777, 339
2026/09/10 11:59:02.785, 0, 12288, 11777, 339
2026/09/10 11:59:02.993, 0, 12288, 11777, 339
2026/09/10 11:59:03.200, 0, 12288, 11777, 339
2026/09/10 11:59:03.407, 0, 12288, 11777, 339
2026/09/10 11:59:03.614, 0, 12288, 11777, 339
2026/09/10 11:59:03.822, 0, 12288, 11777, 339
2026/09/10 11:59:04.029, 0, 12288, 11777, 339
2026/09/10 11:59:04.235, 0, 12288, 11777, 339
2026/09/10 11:59:04.443, 0, 12288, 11777, 339
2026/09/10 11:59:04.650, 0, 12288, 11777, 339
2026/09/10 11:59:04.857, 0, 12288, 11777, 339
2026/09/10 11:59:05.065, 0, 12288, 11777, 339
2026/09/10 11:59:05.270, 0, 12288, 11777, 339
2026/09/10 11:59:05.478, 0, 12288, 11777, 339
2026/09/10 11:59:05.686, 0, 12288, 11777, 339
2026/09/10 11:59:05.893, 0, 12288, 11777, 339
2026/09/10 11:59:06.101, 0, 12288, 11777, 339
2026/09/10 11:59:06.308, 0, 12288, 11777, 339
2026/09/10 11:59:06.516, 0, 12288, 11777, 339
2026/09/10 11:59:06.723, 0, 12288, 11777, 339
2026/09/10 11:59:06.930, 0, 12288, 11777, 339
2026/09/10 11:59:07.136, 0, 12288, 11777, 339
2026/09/10 11:59:07.344, 0, 12288, 11777, 339
2026/09/10 11:59:07.552, 0, 12288, 11777, 339
2026/09/10 11:59:07.760, 0, 12288, 11777, 339
2026/09/10 11:59:07.968, 0, 12288, 11777, 339
2026/09/10 11:59:08.175, 0, 12288, 11777, 339
2026/09/10 11:59:08.380, 0, 12288, 11777, 339
2026/09/10 11:59:08.586, 0, 12288, 11777, 339
2026/09/10 11:59:08.794, 0, 12288, 11777, 339
2026/09/10 11:59:09.002, 0, 12288, 11777, 339
2026/09/10 11:59:09.210, 0, 12288, 11777, 339
2026/09/10 11:59:09.416, 0, 12288, 11777, 339
2026/09/10 11:59:09.624, 0, 12288, 11777, 339
2026/09/10 11:59:09.831, 0, 12288, 11777, 339
2026/09/10 11:59:10.039, 0, 12288, 11777, 339
2026/09/10 11:59:10.247, 0, 12288, 11777, 339
2026/09/10 11:59:10.455, 0, 12288, 11777, 339
2026/09/10 11:59:10.662, 0, 12288, 11777, 339
2026/09/10 11:59:10.869, 0, 12288, 11777, 339
2026/09/10 11:59:11.076, 0, 12288, 11777, 339
2026/09/10 11:59:11.282, 0, 12288, 11777, 339
2026/09/10 11:59:11.489, 0, 12288, 11777, 339
2026/09/10 11:59:11.696, 0, 12288, 11777, 339
2026/09/10 11:59:11.904, 0, 12288, 11777, 339
2026/09/10 11:59:12.112, 0, 12288, 11777, 339
2026/09/10 11:59:12.320, 0, 12288, 11777, 339
2026/09/10 11:59:12.542, 0, 12288, 11777, 339
2026/09/10 11:59:12.751, 0, 12288, 11777, 339
2026/09/10 11:59:12.958, 0, 12288, 11777, 339
2026/09/10 11:59:13.165, 0, 12288, 11777, 339
2026/09/10 11:59:13.373, 0, 12288, 11777, 339
2026/09/10 11:59:13.581, 0, 12288, 11777, 339
2026/09/10 11:59:13.788, 0, 12288, 11777, 339
2026/09/10 11:59:13.993, 0, 12288, 11777, 339
2026/09/10 11:59:14.201, 0, 12288, 11777, 339
2026/09/10 11:59:14.409, 0, 12288, 11777, 339
2026/09/10 11:59:14.617, 0, 12288, 11777, 339
2026/09/10 11:59:14.823, 0, 12288, 11777, 339
2026/09/10 11:59:15.030, 0, 12288, 11777, 339
2026/09/10 11:59:15.237, 0, 12288, 11777, 339
2026/09/10 11:59:15.445, 0, 12288, 11777, 339
2026/09/10 11:59:15.652, 0, 12288, 11777, 339
2026/09/10 11:59:15.860, 0, 12288, 11777, 339
2026/09/10 11:59:16.068, 0, 12288, 11777, 339
2026/09/10 11:59:16.276, 0, 12288, 11777, 339
2026/09/10 11:59:16.483, 0, 12288, 11777, 339
2026/09/10 11:59:16.691, 0, 12288, 11777, 339
2026/09/10 11:59:16.899, 0, 12288, 11777, 339
2026/09/10 11:59:17.104, 0, 12288, 11777, 339
2026/09/10 11:59:17.312, 0, 12288, 11777, 339
2026/09/10 11:59:17.519, 0, 12288, 11777, 339
2026/09/10 11:59:17.727, 0, 12288, 11777, 339
2026/09/10 11:59:17.933, 0, 12288, 11777, 339
2026/09/10 11:59:18.140, 0, 12288, 11777, 339
2026/09/10 11:59:18.348, 0, 12288, 11777, 339
2026/09/10 11:59:18.556, 0, 12288, 11777, 339
2026/09/10 11:59:18.764, 0, 12288, 11777, 339
2026/09/10 11:59:18.972, 0, 12288, 11777, 339
2026/09/10 11:59:19.178, 0, 12288, 11777, 339
2026/09/10 11:59:19.384, 0, 12288, 11777, 339
2026/09/10 11:59:19.586, 0, 12288, 11777, 339
2026/09/10 11:59:19.794, 0, 12288, 11777, 339
2026/09/10 11:59:20.001, 0, 12288, 11777, 339
2026/09/10 11:59:20.209, 0, 12288, 11777, 339
2026/09/10 11:59:20.416, 0, 12288, 11777, 339
2026/09/10 11:59:20.623, 0, 12288, 11777, 339
2026/09/10 11:59:20.831, 0, 12288, 11777, 339
2026/09/10 11:59:21.039, 0, 12288, 11777, 339
2026/09/10 11:59:21.247, 0, 12288, 11777, 339
2026/09/10 11:59:21.454, 0, 12288, 11777, 339
2026/09/10 11:59:21.659, 0, 12288, 11777, 339
2026/09/10 11:59:21.866, 0, 12288, 11777, 339
2026/09/10 11:59:22.072, 0, 12288, 11777, 339
2026/09/10 11:59:22.278, 0, 12288, 11777, 339
2026/09/10 11:59:22.486, 0, 12288, 11777, 339
2026/09/10 11:59:22.694, 0, 12288, 11777, 339
2026/09/10 11:59:22.902, 0, 12288, 11777, 339
2026/09/10 11:59:23.110, 0, 12288, 11777, 339
2026/09/10 11:59:23.317, 0, 12288, 11777, 339
2026/09/10 11:59:23.524, 0, 12288, 11777, 339
2026/09/10 11:59:23.732, 0, 12288, 11777, 339
2026/09/10 11:59:23.939, 0, 12288, 11777, 339
2026/09/10 11:59:24.147, 0, 12288, 11777, 339
2026/09/10 11:59:24.353, 0, 12288, 11777, 339
2026/09/10 11:59:24.561, 0, 12288, 11777, 339
2026/09/10 11:59:24.768, 0, 12288, 11777, 339
2026/09/10 11:59:24.974, 0, 12288, 11777, 339
2026/09/10 11:59:25.182, 0, 12288, 11777, 339
2026/09/10 11:59:25.390, 0, 12288, 11777, 339
2026/09/10 11:59:25.597, 0, 12288, 11777, 339
2026/09/10 11:59:25.803, 0, 12288, 11777, 339
2026/09/10 11:59:26.010, 0, 12288, 11777, 339
2026/09/10 11:59:26.217, 0, 12288, 11777, 339
2026/09/10 11:59:26.425, 0, 12288, 11777, 339
2026/09/10 11:59:26.633, 0, 12288, 11777, 339
2026/09/10 11:59:26.841, 0, 12288, 11777, 339
2026/09/10 11:59:27.049, 0, 12288, 11777, 339
2026/09/10 11:59:27.257, 0, 12288, 11777, 339
2026/09/10 11:59:27.464, 0, 12288, 11777, 339
2026/09/10 11:59:27.671, 0, 12288, 11777, 339
2026/09/10 11:59:27.878, 0, 12288, 11777, 339
2026/09/10 11:59:28.086, 0, 12288, 11777, 339
2026/09/10 11:59:28.294, 0, 12288, 11777, 339
2026/09/10 11:59:28.502, 0, 12288, 11777, 339
2026/09/10 11:59:28.709, 0, 12288, 11777, 339
2026/09/10 11:59:28.917, 0, 12288, 11777, 339
2026/09/10 11:59:29.124, 0, 12288, 11777, 339
2026/09/10 11:59:29.332, 0, 12288, 11777, 339
2026/09/10 11:59:29.538, 0, 12288, 11777, 339
2026/09/10 11:59:29.746, 0, 12288, 11777, 339
2026/09/10 11:59:29.954, 0, 12288, 11777, 339
2026/09/10 11:59:30.161, 0, 12288, 11777, 339
2026/09/10 11:59:30.369, 0, 12288, 11777, 339
2026/09/10 11:59:30.575, 0, 12288, 11777, 339
2026/09/10 11:59:30.783, 0, 12288, 11777, 339
2026/09/10 11:59:30.990, 0, 12288, 11777, 339
2026/09/10 11:59:31.197, 0, 12288, 11777, 339
2026/09/10 11:59:31.405, 0, 12288, 11777, 339
2026/09/10 11:59:31.629, 0, 12288, 11777, 339
2026/09/10 11:59:31.837, 0, 12288, 11777, 339
2026/09/10 11:59:32.044, 0, 12288, 11777, 339
2026/09/10 11:59:32.252, 0, 12288, 11777, 339
2026/09/10 11:59:32.459, 0, 12288, 11777, 339
2026/09/10 11:59:32.666, 0, 12288, 11777, 339
2026/09/10 11:59:32.872, 0, 12288, 11777, 339
2026/09/10 11:59:33.080, 0, 12288, 11777, 339
2026/09/10 11:59:33.288, 0, 12288, 11777, 339
2026/09/10 11:59:33.493, 0, 12288, 11777, 339
2026/09/10 11:59:33.701, 0, 12288, 11777, 339
2026/09/10 11:59:33.908, 0, 12288, 11777, 339
2026/09/10 11:59:34.116, 0, 12288, 11777, 339
2026/09/10 11:59:34.323, 0, 12288, 11777, 339
2026/09/10 11:59:34.531, 0, 12288, 11777, 339
2026/09/10 11:59:34.739, 0, 12288, 11777, 339
2026/09/10 11:59:34.947, 0, 12288, 11777, 339
2026/09/10 11:59:35.155, 0, 12288, 11777, 339
2026/09/10 11:59:35.363, 0, 12288, 11777, 339
2026/09/10 11:59:35.570, 0, 12288, 11777, 339
2026/09/10 11:59:35.778, 0, 12288, 11777, 339
2026/09/10 11:59:35.986, 0, 12288, 11777, 339
2026/09/10 11:59:36.191, 0, 12288, 11777, 339
2026/09/10 11:59:36.399, 0, 12288, 11777, 339
2026/09/10 11:59:36.605, 0, 12288, 11777, 339
2026/09/10 11:59:36.811, 0, 12288, 11777, 339
2026/09/10 11:59:37.019, 0, 12288, 11777, 339
2026/09/10 11:59:37.226, 0, 12288, 11777, 339
2026/09/10 11:59:37.434, 0, 12288, 11777, 339
2026/09/10 11:59:37.642, 0, 12288, 11777, 339
2026/09/10 11:59:37.850, 0, 12288, 11777, 339
2026/09/10 11:59:38.058, 0, 12288, 11777, 339
2026/09/10 11:59:38.265, 0, 12288, 11777, 339
2026/09/10 11:59:38.473, 0, 12288, 11777, 339
2026/09/10 11:59:38.681, 0, 12288, 11777, 339
2026/09/10 11:59:38.888, 0, 12288, 11777, 339
2026/09/10 11:59:39.096, 0, 12288, 11777, 339
2026/09/10 11:59:39.303, 0, 12288, 11777, 339
2026/09/10 11:59:39.511, 0, 12288, 11777, 339
2026/09/10 11:59:39.718, 0, 12288, 11777, 339
2026/09/10 11:59:39.924, 0, 12288, 11777, 339
2026/09/10 11:59:40.132, 0, 12288, 11777, 339
2026/09/10 11:59:40.338, 0, 12288, 11777, 339
2026/09/10 11:59:40.545, 0, 12288, 11777, 339
2026/09/10 11:59:40.753, 0, 12288, 11777, 339
2026/09/10 11:59:40.960, 0, 12288, 11777, 339
2026/09/10 11:59:41.168, 0, 12288, 11777, 339
2026/09/10 11:59:41.376, 0, 12288, 11777, 339
2026/09/10 11:59:41.584, 0, 12288, 11777, 339
2026/09/10 11:59:41.790, 0, 12288, 11777, 339
2026/09/10 11:59:41.998, 0, 12288, 11777, 339
2026/09/10 11:59:42.206, 0, 12288, 11777, 339
2026/09/10 11:59:42.413, 0, 12288, 11777, 339
2026/09/10 11:59:42.620, 0, 12288, 11777, 339
2026/09/10 11:59:42.828, 0, 12288, 11777, 339
2026/09/10 11:59:43.035, 0, 12288, 11777, 339
2026/09/10 11:59:43.242, 0, 12288, 11777, 339
2026/09/10 11:59:43.450, 0, 12288, 11777, 339
2026/09/10 11:59:43.658, 0, 12288, 11777, 339
2026/09/10 11:59:43.864, 0, 12288, 11777, 339
2026/09/10 11:59:44.070, 0, 12288, 11777, 339
2026/09/10 11:59:44.277, 0, 12288, 11777, 339
2026/09/10 11:59:44.485, 0, 12288, 11777, 339
2026/09/10 11:59:44.693, 0, 12288, 11777, 339
2026/09/10 11:59:44.901, 0, 12288, 11777, 339
2026/09/10 11:59:45.108, 0, 12288, 11777, 339
2026/09/10 11:59:45.314, 0, 12288, 11777, 339
2026/09/10 11:59:45.522, 0, 12288, 11777, 339
2026/09/10 11:59:45.729, 0, 12288, 11777, 339
2026/09/10 11:59:45.936, 0, 12288, 11777, 339
2026/09/10 11:59:46.144, 0, 12288, 11777, 339
2026/09/10 11:59:46.352, 0, 12288, 11777, 339
2026/09/10 11:59:46.559, 0, 12288, 11777, 339
2026/09/10 11:59:46.767, 0, 12288, 11777, 339
2026/09/10 11:59:46.975, 0, 12288, 11777, 339
2026/09/10 11:59:47.182, 0, 12288, 11777, 339
2026/09/10 11:59:47.387, 0, 12288, 11777, 339
2026/09/10 11:59:47.595, 0, 12288, 11777, 339
2026/09/10 11:59:47.802, 0, 12288, 11777, 339
2026/09/10 11:59:48.010, 0, 12288, 11777, 339
2026/09/10 11:59:48.218, 0, 12288, 11777, 339
2026/09/10 11:59:48.426, 0, 12288, 11777, 339
2026/09/10 11:59:48.634, 0, 12288, 11777, 339
2026/09/10 11:59:48.842, 0, 12288, 11777, 339
2026/09/10 11:59:49.050, 0, 12288, 11777, 339
2026/09/10 11:59:49.256, 0, 12288, 11777, 339
2026/09/10 11:59:49.464, 0, 12288, 11777, 339
2026/09/10 11:59:49.670, 0, 12288, 11777, 339
2026/09/10 11:59:49.878, 0, 12288, 11777, 339
2026/09/10 11:59:50.086, 0, 12288, 11777, 339
2026/09/10 11:59:50.294, 0, 12288, 11777, 339
2026/09/10 11:59:50.501, 0, 12288, 11777, 339
2026/09/10 11:59:50.708, 0, 12288, 11777, 339
2026/09/10 11:59:50.914, 0, 12288, 11777, 339
2026/09/10 11:59:51.121, 0, 12288, 11777, 339
2026/09/10 11:59:51.329, 0, 12288, 11777, 339
2026/09/10 11:59:51.537, 0, 12288, 11777, 339
2026/09/10 11:59:51.745, 0, 12288, 11777, 339
2026/09/10 11:59:51.952, 0, 12288, 11777, 339
2026/09/10 11:59:52.158, 0, 12288, 11777, 339
2026/09/10 11:59:52.365, 0, 12288, 11777, 339
2026/09/10 11:59:52.572, 0, 12288, 11777, 339
2026/09/10 11:59:52.780, 0, 12288, 11777, 339
2026/09/10 11:59:52.983, 0, 12288, 11777, 339
2026/09/10 11:59:53.189, 0, 12288, 11777, 339
2026/09/10 11:59:53.396, 0, 12288, 11777, 339
2026/09/10 11:59:53.602, 0, 12288, 11777, 339
2026/09/10 11:59:53.809, 0, 12288, 11777, 339
2026/09/10 11:59:54.016, 0, 12288, 11777, 339
2026/09/10 11:59:54.222, 0, 12288, 11777, 339
2026/09/10 11:59:54.430, 0, 12288, 11777, 339
2026/09/10 11:59:54.637, 0, 12288, 11777, 339
2026/09/10 11:59:54.845, 0, 12288, 11777, 339
2026/09/10 11:59:55.052, 0, 12288, 11777, 339
2026/09/10 11:59:55.260, 0, 12288, 11777, 339
2026/09/10 11:59:55.468, 0, 12288, 11777, 339
2026/09/10 11:59:55.675, 0, 12288, 11777, 339
2026/09/10 11:59:55.881, 0, 12288, 11777, 339
2026/09/10 11:59:56.089, 0, 12288, 11777, 339
2026/09/10 11:59:56.295, 0, 12288, 11777, 339
2026/09/10 11:59:56.503, 0, 12288, 11777, 339
2026/09/10 11:59:56.711, 0, 12288, 11777, 339
2026/09/10 11:59:56.919, 0, 12288, 11777, 339
2026/09/10 11:59:57.127, 0, 12288, 11777, 339
2026/09/10 11:59:57.334, 0, 12288, 11777, 339
2026/09/10 11:59:57.543, 0, 12288, 11777, 339
2026/09/10 11:59:57.749, 0, 12288, 11777, 339
2026/09/10 11:59:57.957, 0, 12288, 11777, 339
2026/09/10 11:59:58.165, 0, 12288, 11777, 339
2026/09/10 11:59:58.370, 0, 12288, 11777, 339
2026/09/10 11:59:58.574, 0, 12288, 11777, 339
2026/09/10 11:59:58.781, 0, 12288, 11777, 339
2026/09/10 11:59:58.987, 0, 12288, 11777, 339
2026/09/10 11:59:59.195, 0, 12288, 11777, 339
2026/09/10 11:59:59.403, 0, 12288, 11777, 339
2026/09/10 11:59:59.611, 0, 12288, 11777, 339
2026/09/10 11:59:59.819, 0, 12288, 11777, 339
2026/09/10 12:00:00.027, 0, 12288, 11777, 339
2026/09/10 12:00:00.251, 0, 12288, 11777, 339
2026/09/10 12:00:00.457, 0, 12288, 11777, 339
2026/09/10 12:00:00.665, 0, 12288, 11777, 339
2026/09/10 12:00:00.873, 0, 12288, 11777, 339
2026/09/10 12:00:01.080, 0, 12288, 11777, 339
2026/09/10 12:00:01.288, 0, 12288, 11777, 339
2026/09/10 12:00:01.494, 0, 12288, 11777, 339
2026/09/10 12:00:01.701, 0, 12288, 11777, 339
2026/09/10 12:00:01.908, 0, 12288, 11777, 339
2026/09/10 12:00:02.115, 0, 12288, 11777, 339
2026/09/10 12:00:02.323, 0, 12288, 11777, 339
2026/09/10 12:00:02.531, 0, 12288, 11777, 339
2026/09/10 12:00:02.739, 0, 12288, 11777, 339
2026/09/10 12:00:02.947, 0, 12288, 11777, 339
2026/09/10 12:00:03.155, 0, 12288, 11777, 339
2026/09/10 12:00:03.362, 0, 12288, 11777, 339
2026/09/10 12:00:03.570, 0, 12288, 11777, 339
2026/09/10 12:00:03.778, 0, 12288, 11777, 339
2026/09/10 12:00:03.984, 0, 12288, 11777, 339
2026/09/10 12:00:04.190, 0, 12288, 11777, 339
2026/09/10 12:00:04.397, 0, 12288, 11777, 339
2026/09/10 12:00:04.604, 0, 12288, 11777, 339
2026/09/10 12:00:04.811, 0, 12288, 11777, 339
2026/09/10 12:00:05.019, 0, 12288, 11777, 339
2026/09/10 12:00:05.226, 0, 12288, 11777, 339
2026/09/10 12:00:05.434, 0, 12288, 11777, 339
2026/09/10 12:00:05.642, 0, 12288, 11777, 339
2026/09/10 12:00:05.850, 0, 12288, 11777, 339
2026/09/10 12:00:06.055, 0, 12288, 11777, 339
2026/09/10 12:00:06.262, 0, 12288, 11777, 339
2026/09/10 12:00:06.470, 0, 12288, 11777, 339
2026/09/10 12:00:06.678, 0, 12288, 11777, 339
2026/09/10 12:00:06.885, 0, 12288, 11777, 339
2026/09/10 12:00:07.093, 0, 12288, 11777, 339
2026/09/10 12:00:07.301, 0, 12288, 11777, 339
2026/09/10 12:00:07.509, 0, 12288, 11777, 339
2026/09/10 12:00:07.717, 0, 12288, 11777, 339
2026/09/10 12:00:07.925, 0, 12288, 11777, 339
2026/09/10 12:00:08.133, 0, 12288, 11777, 339
2026/09/10 12:00:08.340, 0, 12288, 11777, 339
2026/09/10 12:00:08.547, 0, 12288, 11777, 339
2026/09/10 12:00:08.755, 0, 12288, 11777, 339
2026/09/10 12:00:08.963, 0, 12288, 11777, 339
2026/09/10 12:00:09.171, 0, 12288, 11777, 339
2026/09/10 12:00:09.379, 0, 12288, 11777, 339
2026/09/10 12:00:09.585, 0, 12288, 11777, 339
2026/09/10 12:00:09.791, 0, 12288, 11777, 339
2026/09/10 12:00:09.999, 0, 12288, 11777, 339
2026/09/10 12:00:10.207, 0, 12288, 11777, 339
2026/09/10 12:00:10.415, 0, 12288, 11777, 339
2026/09/10 12:00:10.623, 0, 12288, 11777, 339
2026/09/10 12:00:10.830, 0, 12288, 11777, 339
2026/09/10 12:00:11.038, 0, 12288, 11777, 339
2026/09/10 12:00:11.246, 0, 12288, 11777, 339
2026/09/10 12:00:11.454, 0, 12288, 11777, 339
2026/09/10 12:00:11.661, 0, 12288, 11777, 339
2026/09/10 12:00:11.869, 0, 12288, 11777, 339
2026/09/10 12:00:12.077, 0, 12288, 11777, 339
2026/09/10 12:00:12.285, 0, 12288, 11777, 339
2026/09/10 12:00:12.509, 0, 12288, 11777, 339
2026/09/10 12:00:12.716, 0, 12288, 11777, 339
2026/09/10 12:00:12.924, 0, 12288, 11777, 339
2026/09/10 12:00:13.132, 0, 12288, 11777, 339
2026/09/10 12:00:13.340, 0, 12288, 11777, 339
2026/09/10 12:00:13.548, 0, 12288, 11777, 339
2026/09/10 12:00:13.754, 0, 12288, 11777, 339
2026/09/10 12:00:13.960, 0, 12288, 11777, 339
2026/09/10 12:00:14.167, 0, 12288, 11777, 339
2026/09/10 12:00:14.373, 0, 12288, 11777, 339
2026/09/10 12:00:14.581, 0, 12288, 11777, 339
2026/09/10 12:00:14.787, 0, 12288, 11777, 339
2026/09/10 12:00:14.995, 0, 12288, 11777, 339
2026/09/10 12:00:15.202, 0, 12288, 11777, 339
2026/09/10 12:00:15.407, 0, 12288, 11777, 339
2026/09/10 12:00:15.614, 0, 12288, 11777, 339
2026/09/10 12:00:15.821, 0, 12288, 11777, 339
2026/09/10 12:00:16.029, 0, 12288, 11777, 339
2026/09/10 12:00:16.237, 0, 12288, 11777, 339
2026/09/10 12:00:16.444, 0, 12288, 11777, 339
2026/09/10 12:00:16.650, 0, 12288, 11777, 339
2026/09/10 12:00:16.857, 0, 12288, 11777, 339
2026/09/10 12:00:17.065, 0, 12288, 11777, 339
2026/09/10 12:00:17.273, 0, 12288, 11777, 339
2026/09/10 12:00:17.481, 0, 12288, 11777, 339
2026/09/10 12:00:17.689, 0, 12288, 11777, 339
2026/09/10 12:00:17.897, 0, 12288, 11777, 339
2026/09/10 12:00:18.104, 0, 12288, 11777, 339
2026/09/10 12:00:18.312, 0, 12288, 11777, 339
2026/09/10 12:00:18.520, 0, 12288, 11777, 339
2026/09/10 12:00:18.728, 0, 12288, 11777, 339
2026/09/10 12:00:18.936, 0, 12288, 11777, 339
2026/09/10 12:00:19.143, 0, 12288, 11777, 339
2026/09/10 12:00:19.349, 0, 12288, 11777, 339
2026/09/10 12:00:19.557, 0, 12288, 11777, 339
2026/09/10 12:00:19.765, 0, 12288, 11777, 339
2026/09/10 12:00:19.973, 0, 12288, 11777, 339
2026/09/10 12:00:20.181, 0, 12288, 11777, 339
2026/09/10 12:00:20.388, 0, 12288, 11777, 339
2026/09/10 12:00:20.595, 0, 12288, 11777, 339
2026/09/10 12:00:20.802, 0, 12288, 11777, 339
2026/09/10 12:00:21.006, 0, 12288, 11777, 339
2026/09/10 12:00:21.212, 0, 12288, 11777, 339
2026/09/10 12:00:21.418, 0, 12288, 11777, 339
2026/09/10 12:00:21.625, 0, 12288, 11777, 339
2026/09/10 12:00:21.832, 0, 12288, 11777, 339
2026/09/10 12:00:22.055, 0, 12288, 11777, 339
2026/09/10 12:00:22.262, 0, 12288, 11777, 339
2026/09/10 12:00:22.468, 0, 12288, 11777, 339
2026/09/10 12:00:22.673, 0, 12288, 11777, 339
2026/09/10 12:00:22.881, 0, 12288, 11777, 339
2026/09/10 12:00:23.086, 0, 12288, 11777, 339
2026/09/10 12:00:23.291, 0, 12288, 11777, 339
2026/09/10 12:00:23.498, 0, 12288, 11777, 339
2026/09/10 12:00:23.706, 0, 12288, 11777, 339
2026/09/10 12:00:23.913, 0, 12288, 11777, 339
2026/09/10 12:00:24.120, 0, 12288, 11777, 339
2026/09/10 12:00:24.328, 0, 12288, 11777, 339
2026/09/10 12:00:24.535, 0, 12288, 11777, 339
2026/09/10 12:00:24.742, 0, 12288, 11777, 339
2026/09/10 12:00:24.950, 0, 12288, 11777, 339
2026/09/10 12:00:25.158, 0, 12288, 11777, 339
2026/09/10 12:00:25.366, 0, 12288, 11777, 339
2026/09/10 12:00:25.574, 0, 12288, 11777, 339
2026/09/10 12:00:25.782, 0, 12288, 11777, 339
2026/09/10 12:00:25.990, 0, 12288, 11777, 339
2026/09/10 12:00:26.197, 0, 12288, 11777, 339
2026/09/10 12:00:26.404, 0, 12288, 11777, 339
2026/09/10 12:00:26.609, 0, 12288, 11777, 339
2026/09/10 12:00:26.816, 0, 12288, 11777, 339
2026/09/10 12:00:27.025, 0, 12288, 11777, 339
2026/09/10 12:00:27.232, 0, 12288, 11777, 339
2026/09/10 12:00:27.439, 0, 12288, 11777, 339
2026/09/10 12:00:27.647, 0, 12288, 11777, 339
2026/09/10 12:00:27.855, 0, 12288, 11777, 339
2026/09/10 12:00:28.063, 0, 12288, 11777, 339
2026/09/10 12:00:28.271, 0, 12288, 11777, 339
2026/09/10 12:00:28.478, 0, 12288, 11777, 339
2026/09/10 12:00:28.685, 0, 12288, 11777, 339
2026/09/10 12:00:28.893, 0, 12288, 11777, 339
2026/09/10 12:00:29.101, 0, 12288, 11777, 339
2026/09/10 12:00:29.309, 0, 12288, 11777, 339
2026/09/10 12:00:29.515, 0, 12288, 11777, 339
2026/09/10 12:00:29.722, 0, 12288, 11777, 339
2026/09/10 12:00:29.928, 0, 12288, 11777, 339
2026/09/10 12:00:30.133, 0, 12288, 11777, 339
2026/09/10 12:00:30.339, 0, 12288, 11777, 339
2026/09/10 12:00:30.546, 0, 12288, 11777, 339
2026/09/10 12:00:30.753, 0, 12288, 11777, 339
2026/09/10 12:00:30.959, 0, 12288, 11777, 339
2026/09/10 12:00:31.165, 0, 12288, 11777, 339
2026/09/10 12:00:31.372, 0, 12288, 11777, 339
2026/09/10 12:00:31.578, 0, 12288, 11777, 339
2026/09/10 12:00:31.786, 0, 12288, 11777, 339
2026/09/10 12:00:31.993, 0, 12288, 11777, 339
2026/09/10 12:00:32.199, 0, 12288, 11777, 339
2026/09/10 12:00:32.407, 0, 12288, 11777, 339
2026/09/10 12:00:32.615, 0, 12288, 11777, 339
2026/09/10 12:00:32.821, 0, 12288, 11777, 339
2026/09/10 12:00:33.028, 0, 12288, 11777, 339
2026/09/10 12:00:33.236, 0, 12288, 11777, 339
2026/09/10 12:00:33.443, 0, 12288, 11777, 339
2026/09/10 12:00:33.649, 0, 12288, 11777, 339
2026/09/10 12:00:33.856, 0, 12288, 11777, 339
2026/09/10 12:00:34.064, 0, 12288, 11777, 339
2026/09/10 12:00:34.271, 0, 12288, 11777, 339
2026/09/10 12:00:34.478, 0, 12288, 11777, 339
2026/09/10 12:00:34.685, 0, 12288, 11777, 339
2026/09/10 12:00:34.892, 0, 12288, 11777, 339
2026/09/10 12:00:35.100, 0, 12288, 11777, 339
2026/09/10 12:00:35.307, 0, 12288, 11777, 339
2026/09/10 12:00:35.514, 0, 12288, 11777, 339
2026/09/10 12:00:35.722, 0, 12288, 11777, 339
2026/09/10 12:00:35.929, 0, 12288, 11777, 339
2026/09/10 12:00:36.137, 0, 12288, 11777, 339
2026/09/10 12:00:36.343, 0, 12288, 11777, 339
2026/09/10 12:00:36.550, 0, 12288, 11777, 339
2026/09/10 12:00:36.757, 0, 12288, 11777, 339
2026/09/10 12:00:36.964, 0, 12288, 11777, 339
2026/09/10 12:00:37.171, 0, 12288, 11777, 339
2026/09/10 12:00:37.379, 0, 12288, 11777, 339
2026/09/10 12:00:37.586, 0, 12288, 11777, 339
2026/09/10 12:00:37.791, 0, 12288, 11777, 339
2026/09/10 12:00:37.999, 0, 12288, 11777, 339
2026/09/10 12:00:38.206, 0, 12288, 11777, 339
2026/09/10 12:00:38.414, 0, 12288, 11777, 339
2026/09/10 12:00:38.621, 0, 12288, 11777, 339
2026/09/10 12:00:38.828, 0, 12288, 11777, 339
2026/09/10 12:00:39.036, 0, 12288, 11777, 339
2026/09/10 12:00:39.243, 0, 12288, 11777, 339
2026/09/10 12:00:39.451, 0, 12288, 11777, 339
2026/09/10 12:00:39.657, 0, 12288, 11777, 339
2026/09/10 12:00:39.864, 0, 12288, 11777, 339
2026/09/10 12:00:40.071, 0, 12288, 11777, 339
2026/09/10 12:00:40.278, 0, 12288, 11777, 339
2026/09/10 12:00:40.486, 0, 12288, 11777, 339
2026/09/10 12:00:40.694, 0, 12288, 11777, 339
2026/09/10 12:00:40.902, 0, 12288, 11777, 339
2026/09/10 12:00:41.108, 0, 12288, 11777, 339
2026/09/10 12:00:41.314, 0, 12288, 11777, 339
2026/09/10 12:00:41.522, 0, 12288, 11777, 339
2026/09/10 12:00:41.729, 0, 12288, 11777, 339
2026/09/10 12:00:41.936, 0, 12288, 11777, 339
2026/09/10 12:00:42.145, 0, 12288, 11777, 339
2026/09/10 12:00:42.352, 0, 12288, 11777, 339
2026/09/10 12:00:42.559, 0, 12288, 11777, 339
2026/09/10 12:00:42.766, 0, 12288, 11777, 339
2026/09/10 12:00:42.972, 0, 12288, 11777, 339
2026/09/10 12:00:43.178, 0, 12288, 11777, 339
2026/09/10 12:00:43.384, 0, 12288, 11777, 339
2026/09/10 12:00:43.592, 0, 12288, 11777, 339
2026/09/10 12:00:43.798, 0, 12288, 11777, 339
2026/09/10 12:00:44.005, 0, 12288, 11777, 339
2026/09/10 12:00:44.213, 0, 12288, 11777, 339
2026/09/10 12:00:44.421, 0, 12288, 11777, 339
2026/09/10 12:00:44.629, 0, 12288, 11777, 339
2026/09/10 12:00:44.836, 0, 12288, 11777, 339
2026/09/10 12:00:45.043, 0, 12288, 11777, 339
2026/09/10 12:00:45.252, 0, 12288, 11777, 339
2026/09/10 12:00:45.458, 0, 12288, 11777, 339
2026/09/10 12:00:45.664, 0, 12288, 11777, 339
2026/09/10 12:00:45.870, 0, 12288, 11777, 339
2026/09/10 12:00:46.077, 0, 12288, 11777, 339
2026/09/10 12:00:46.281, 0, 12288, 11777, 339
2026/09/10 12:00:46.486, 0, 12288, 11777, 339
2026/09/10 12:00:46.690, 0, 12288, 11777, 339
2026/09/10 12:00:46.895, 0, 12288, 11777, 339
2026/09/10 12:00:47.102, 0, 12288, 11777, 339
2026/09/10 12:00:47.306, 0, 12288, 11777, 339
2026/09/10 12:00:47.513, 0, 12288, 11777, 339
2026/09/10 12:00:47.721, 0, 12288, 11777, 339
2026/09/10 12:00:47.927, 0, 12288, 11777, 339
2026/09/10 12:00:48.133, 0, 12288, 11777, 339
2026/09/10 12:00:48.339, 0, 12288, 11777, 339
2026/09/10 12:00:48.547, 0, 12288, 11777, 339
2026/09/10 12:00:48.755, 0, 12288, 11777, 339
2026/09/10 12:00:48.958, 0, 12288, 11777, 339
2026/09/10 12:00:49.166, 0, 12288, 11777, 339
2026/09/10 12:00:49.372, 0, 12288, 11777, 339
2026/09/10 12:00:49.578, 0, 12288, 11777, 339
2026/09/10 12:00:49.785, 0, 12288, 11777, 339
2026/09/10 12:00:49.990, 0, 12288, 11777, 339
2026/09/10 12:00:50.196, 0, 12288, 11777, 339
2026/09/10 12:00:50.403, 0, 12288, 11777, 339
2026/09/10 12:00:50.608, 0, 12288, 11777, 339
2026/09/10 12:00:50.816, 0, 12288, 11777, 339
2026/09/10 12:00:51.020, 0, 12288, 11777, 339
2026/09/10 12:00:51.226, 0, 12288, 11777, 339
2026/09/10 12:00:51.433, 0, 12288, 11777, 339
2026/09/10 12:00:51.638, 0, 12288, 11777, 339
2026/09/10 12:00:51.845, 0, 12288, 11777, 339
2026/09/10 12:00:52.051, 0, 12288, 11777, 339
2026/09/10 12:00:52.256, 0, 12288, 11777, 339
2026/09/10 12:00:52.464, 0, 12288, 11777, 339
2026/09/10 12:00:52.668, 0, 12288, 11777, 339
2026/09/10 12:00:52.875, 0, 12288, 11777, 339
2026/09/10 12:00:53.081, 0, 12288, 11777, 339
2026/09/10 12:00:53.284, 0, 12288, 11777, 339
2026/09/10 12:00:53.492, 0, 12288, 11777, 339
2026/09/10 12:00:53.699, 0, 12288, 11777, 339
2026/09/10 12:00:53.904, 0, 12288, 11777, 339
2026/09/10 12:00:54.112, 0, 12288, 11777, 339
2026/09/10 12:00:54.314, 0, 12288, 11777, 339
2026/09/10 12:00:54.519, 0, 12288, 11777, 339
2026/09/10 12:00:54.725, 0, 12288, 11777, 339
2026/09/10 12:00:54.930, 0, 12288, 11777, 339
2026/09/10 12:00:55.138, 0, 12288, 11777, 339
2026/09/10 12:00:55.343, 0, 12288, 11777, 339
2026/09/10 12:00:55.549, 0, 12288, 11777, 339
2026/09/10 12:00:55.757, 0, 12288, 11777, 339
2026/09/10 12:00:55.962, 0, 12288, 11777, 339
2026/09/10 12:00:56.168, 0, 12288, 11777, 339
2026/09/10 12:00:56.376, 0, 12288, 11777, 339
2026/09/10 12:00:56.580, 0, 12288, 11777, 339
2026/09/10 12:00:56.787, 0, 12288, 11777, 339
2026/09/10 12:00:56.993, 0, 12288, 11777, 339
2026/09/10 12:00:57.200, 0, 12288, 11777, 339
2026/09/10 12:00:57.407, 0, 12288, 11777, 339
2026/09/10 12:00:57.611, 0, 12288, 11777, 339
2026/09/10 12:00:57.817, 0, 12288, 11777, 339
2026/09/10 12:00:58.023, 0, 12288, 11777, 339
2026/09/10 12:00:58.228, 0, 12288, 11777, 339
2026/09/10 12:00:58.436, 0, 12288, 11777, 339
2026/09/10 12:00:58.642, 0, 12288, 11777, 339
2026/09/10 12:00:58.862, 0, 12288, 11777, 339
2026/09/10 12:00:59.069, 0, 12288, 11777, 339
2026/09/10 12:00:59.275, 0, 12288, 11777, 339
2026/09/10 12:00:59.481, 0, 12288, 11777, 339
2026/09/10 12:00:59.687, 0, 12288, 11777, 339
2026/09/10 12:00:59.889, 0, 12288, 11777, 339
2026/09/10 12:01:00.094, 0, 12288, 11777, 339
2026/09/10 12:01:00.301, 0, 12288, 11777, 339
2026/09/10 12:01:00.505, 0, 12288, 11777, 339
2026/09/10 12:01:00.712, 0, 12288, 11777, 339
2026/09/10 12:01:00.917, 0, 12288, 11777, 339
2026/09/10 12:01:01.124, 0, 12288, 11777, 339
2026/09/10 12:01:01.332, 0, 12288, 11777, 339
2026/09/10 12:01:01.536, 0, 12288, 11777, 339
2026/09/10 12:01:01.743, 0, 12288, 11777, 339
2026/09/10 12:01:01.950, 0, 12288, 11777, 339
2026/09/10 12:01:02.154, 0, 12288, 11777, 339
2026/09/10 12:01:02.362, 0, 12288, 11777, 339
2026/09/10 12:01:02.567, 0, 12288, 11777, 339
2026/09/10 12:01:02.770, 0, 12288, 11777, 339
2026/09/10 12:01:02.978, 0, 12288, 11777, 339
2026/09/10 12:01:03.182, 0, 12288, 11777, 339
2026/09/10 12:01:03.389, 0, 12288, 11777, 339
2026/09/10 12:01:03.597, 0, 12288, 11777, 339
2026/09/10 12:01:03.799, 0, 12288, 11777, 339
2026/09/10 12:01:04.006, 0, 12288, 11777, 339
2026/09/10 12:01:04.212, 0, 12288, 11777, 339
2026/09/10 12:01:04.414, 0, 12288, 11777, 339
2026/09/10 12:01:04.622, 0, 12288, 11777, 339
2026/09/10 12:01:04.828, 0, 12288, 11777, 339
2026/09/10 12:01:05.033, 0, 12288, 11777, 339
2026/09/10 12:01:05.241, 0, 12288, 11777, 339
2026/09/10 12:01:05.446, 0, 12288, 11777, 339
2026/09/10 12:01:05.650, 0, 12288, 11777, 339
2026/09/10 12:01:05.858, 0, 12288, 11777, 339
2026/09/10 12:01:06.060, 0, 12288, 11777, 339
2026/09/10 12:01:06.268, 0, 12288, 11777, 339
2026/09/10 12:01:06.475, 0, 12288, 11777, 339
2026/09/10 12:01:06.678, 0, 12288, 11777, 339
2026/09/10 12:01:06.886, 0, 12288, 11777, 339
2026/09/10 12:01:07.091, 0, 12288, 11777, 339
2026/09/10 12:01:07.294, 0, 12288, 11777, 339
2026/09/10 12:01:07.502, 0, 12288, 11777, 339
2026/09/10 12:01:07.707, 0, 12288, 11777, 339
2026/09/10 12:01:07.913, 0, 12288, 11777, 339
2026/09/10 12:01:08.122, 0, 12288, 11777, 339
2026/09/10 12:01:08.326, 0, 12288, 11777, 339
2026/09/10 12:01:08.532, 0, 12288, 11777, 339
2026/09/10 12:01:08.739, 0, 12288, 11777, 339
2026/09/10 12:01:08.942, 0, 12288, 11777, 339
2026/09/10 12:01:09.149, 0, 12288, 11777, 339
2026/09/10 12:01:09.357, 0, 12288, 11777, 339
2026/09/10 12:01:09.558, 0, 12288, 11777, 339
2026/09/10 12:01:09.766, 0, 12288, 11777, 339
2026/09/10 12:01:09.973, 0, 12288, 11777, 339
2026/09/10 12:01:10.179, 0, 12288, 11777, 339
2026/09/10 12:01:10.387, 0, 12288, 11777, 339
2026/09/10 12:01:10.594, 0, 12288, 11777, 339
2026/09/10 12:01:10.800, 0, 12288, 11777, 339
2026/09/10 12:01:11.008, 0, 12288, 11777, 339
2026/09/10 12:01:11.214, 0, 12288, 11777, 339
2026/09/10 12:01:11.419, 0, 12288, 11777, 339
2026/09/10 12:01:11.627, 0, 12288, 11777, 339
2026/09/10 12:01:11.833, 0, 12288, 11777, 339
2026/09/10 12:01:12.039, 0, 12288, 11777, 339
2026/09/10 12:01:12.246, 0, 12288, 11777, 339
2026/09/10 12:01:12.449, 0, 12288, 11777, 339
2026/09/10 12:01:12.654, 0, 12288, 11777, 339
2026/09/10 12:01:12.862, 0, 12288, 11777, 339
2026/09/10 12:01:13.065, 0, 12288, 11777, 339
2026/09/10 12:01:13.273, 0, 12288, 11777, 339
2026/09/10 12:01:13.479, 0, 12288, 11777, 339
2026/09/10 12:01:13.681, 0, 12288, 11777, 339
2026/09/10 12:01:13.888, 0, 12288, 11777, 339
2026/09/10 12:01:14.094, 0, 12288, 11777, 339
2026/09/10 12:01:14.296, 0, 12288, 11777, 339
2026/09/10 12:01:14.504, 0, 12288, 11777, 339
2026/09/10 12:01:14.712, 0, 12288, 11777, 339
2026/09/10 12:01:14.916, 0, 12288, 11777, 339
2026/09/10 12:01:15.123, 0, 12288, 11777, 339
2026/09/10 12:01:15.328, 0, 12288, 11777, 339
2026/09/10 12:01:15.532, 0, 12288, 11777, 339
2026/09/10 12:01:15.740, 0, 12288, 11777, 339
2026/09/10 12:01:15.946, 0, 12288, 11777, 339
2026/09/10 12:01:16.152, 0, 12288, 11777, 339
2026/09/10 12:01:16.359, 0, 12288, 11777, 339
2026/09/10 12:01:16.578, 0, 12288, 11777, 339
2026/09/10 12:01:16.786, 0, 12288, 11777, 339
2026/09/10 12:01:16.992, 0, 12288, 11777, 339
2026/09/10 12:01:17.197, 0, 12288, 11777, 339
2026/09/10 12:01:17.404, 0, 12288, 11777, 339
2026/09/10 12:01:17.611, 0, 12288, 11777, 339
2026/09/10 12:01:17.814, 0, 12288, 11777, 339
2026/09/10 12:01:18.021, 0, 12288, 11777, 339
2026/09/10 12:01:18.229, 0, 12288, 11777, 339
2026/09/10 12:01:18.433, 0, 12288, 11777, 339
2026/09/10 12:01:18.641, 0, 12288, 11777, 339
2026/09/10 12:01:18.849, 0, 12288, 11777, 339
2026/09/10 12:01:19.053, 0, 12288, 11777, 339
2026/09/10 12:01:19.260, 0, 12288, 11777, 339
2026/09/10 12:01:19.466, 0, 12288, 11777, 339
2026/09/10 12:01:19.667, 0, 12288, 11777, 339
2026/09/10 12:01:19.875, 0, 12288, 11777, 339
2026/09/10 12:01:20.082, 0, 12288, 11777, 339
2026/09/10 12:01:20.287, 0, 12288, 11777, 339
2026/09/10 12:01:20.493, 0, 12288, 11777, 339
2026/09/10 12:01:20.700, 0, 12288, 11777, 339
2026/09/10 12:01:20.905, 0, 12288, 11777, 339
2026/09/10 12:01:21.113, 0, 12288, 11777, 339
2026/09/10 12:01:21.320, 0, 12288, 11777, 339
2026/09/10 12:01:21.525, 0, 12288, 11777, 339
2026/09/10 12:01:21.730, 0, 12288, 11777, 339
2026/09/10 12:01:21.935, 0, 12288, 11777, 339
2026/09/10 12:01:22.140, 0, 12288, 11777, 339
2026/09/10 12:01:22.348, 0, 12288, 11777, 339
2026/09/10 12:01:22.552, 0, 12288, 11777, 339
2026/09/10 12:01:22.756, 0, 12288, 11777, 339
2026/09/10 12:01:22.964, 0, 12288, 11777, 339
2026/09/10 12:01:23.168, 0, 12288, 11777, 339
2026/09/10 12:01:23.374, 0, 12288, 11777, 339
2026/09/10 12:01:23.578, 0, 12288, 11777, 339
2026/09/10 12:01:23.783, 0, 12288, 11777, 339
2026/09/10 12:01:23.987, 0, 12288, 11777, 339
2026/09/10 12:01:24.193, 0, 12288, 11777, 339
2026/09/10 12:01:24.399, 0, 12288, 11777, 339
2026/09/10 12:01:24.605, 0, 12288, 11777, 339
2026/09/10 12:01:24.813, 0, 12288, 11777, 339
2026/09/10 12:01:25.019, 0, 12288, 11777, 339
2026/09/10 12:01:25.223, 0, 12288, 11777, 339
2026/09/10 12:01:25.429, 0, 12288, 11777, 339
2026/09/10 12:01:25.632, 0, 12288, 11777, 339
2026/09/10 12:01:25.836, 0, 12288, 11777, 339
2026/09/10 12:01:26.043, 0, 12288, 11777, 339
2026/09/10 12:01:26.250, 0, 12288, 11777, 339
2026/09/10 12:01:26.456, 0, 12288, 11777, 339
2026/09/10 12:01:26.662, 0, 12288, 11777, 339
2026/09/10 12:01:26.868, 0, 12288, 11777, 339
2026/09/10 12:01:27.074, 0, 12288, 11777, 339
2026/09/10 12:01:27.280, 0, 12288, 11777, 339
2026/09/10 12:01:27.486, 0, 12288, 11777, 339
2026/09/10 12:01:27.691, 0, 12288, 11777, 339
2026/09/10 12:01:27.895, 0, 12288, 11777, 339
2026/09/10 12:01:28.098, 0, 12288, 11777, 339
2026/09/10 12:01:28.305, 0, 12288, 11777, 339
2026/09/10 12:01:28.510, 0, 12288, 11777, 339
2026/09/10 12:01:28.718, 0, 12288, 11777, 339
2026/09/10 12:01:28.925, 0, 12288, 11777, 339
2026/09/10 12:01:29.132, 0, 12288, 11777, 339
2026/09/10 12:01:29.340, 0, 12288, 11777, 339
2026/09/10 12:01:29.548, 0, 12288, 11777, 339
2026/09/10 12:01:29.756, 0, 12288, 11777, 339
2026/09/10 12:01:29.963, 0, 12288, 11777, 339
2026/09/10 12:01:30.170, 0, 12288, 11777, 339
2026/09/10 12:01:30.378, 0, 12288, 11777, 339
2026/09/10 12:01:30.586, 0, 12288, 11777, 339
2026/09/10 12:01:30.793, 0, 12288, 11777, 339
2026/09/10 12:01:31.001, 0, 12288, 11777, 339
2026/09/10 12:01:31.208, 0, 12288, 11777, 339
2026/09/10 12:01:31.415, 0, 12288, 11777, 339
2026/09/10 12:01:31.623, 0, 12288, 11777, 339
2026/09/10 12:01:31.830, 0, 12288, 11777, 339
2026/09/10 12:01:32.037, 0, 12288, 11777, 339
2026/09/10 12:01:32.245, 0, 12288, 11777, 339
2026/09/10 12:01:32.453, 0, 12288, 11777, 339
2026/09/10 12:01:32.661, 0, 12288, 11777, 339
2026/09/10 12:01:32.869, 0, 12288, 11777, 339
2026/09/10 12:01:33.076, 0, 12288, 11777, 339
2026/09/10 12:01:33.284, 0, 12288, 11777, 339
2026/09/10 12:01:33.492, 0, 12288, 11777, 339
2026/09/10 12:01:33.697, 0, 12288, 11777, 339
2026/09/10 12:01:33.904, 0, 12288, 11777, 339
2026/09/10 12:01:34.110, 0, 12288, 11777, 339
2026/09/10 12:01:34.318, 0, 12288, 11777, 339
2026/09/10 12:01:34.526, 0, 12288, 11777, 339
2026/09/10 12:01:34.734, 0, 12288, 11777, 339
2026/09/10 12:01:34.942, 0, 12288, 11777, 339
2026/09/10 12:01:35.150, 0, 12288, 11777, 339
2026/09/10 12:01:35.358, 0, 12288, 11777, 339
2026/09/10 12:01:35.565, 0, 12288, 11777, 339
2026/09/10 12:01:35.773, 0, 12288, 11777, 339
2026/09/10 12:01:35.980, 0, 12288, 11777, 339
2026/09/10 12:01:36.187, 0, 12288, 11777, 339
2026/09/10 12:01:36.395, 0, 12288, 11777, 339
2026/09/10 12:01:36.601, 0, 12288, 11777, 339
2026/09/10 12:01:36.809, 0, 12288, 11777, 339
2026/09/10 12:01:37.017, 0, 12288, 11777, 339
2026/09/10 12:01:37.224, 0, 12288, 11777, 339
2026/09/10 12:01:37.432, 0, 12288, 11777, 339
2026/09/10 12:01:37.639, 0, 12288, 11777, 339
2026/09/10 12:01:37.847, 0, 12288, 11777, 339
2026/09/10 12:01:38.055, 0, 12288, 11777, 339
2026/09/10 12:01:38.261, 0, 12288, 11777, 339
2026/09/10 12:01:38.469, 0, 12288, 11777, 339
2026/09/10 12:01:38.677, 0, 12288, 11777, 339
2026/09/10 12:01:38.885, 0, 12288, 11777, 339
2026/09/10 12:01:39.093, 0, 12288, 11777, 339
2026/09/10 12:01:39.299, 0, 12288, 11777, 339
2026/09/10 12:01:39.506, 0, 12288, 11777, 339
2026/09/10 12:01:39.713, 0, 12288, 11777, 339
2026/09/10 12:01:39.921, 0, 12288, 11777, 339
2026/09/10 12:01:40.129, 0, 12288, 11777, 339
2026/09/10 12:01:40.337, 0, 12288, 11777, 339
2026/09/10 12:01:40.544, 0, 12288, 11777, 339
2026/09/10 12:01:40.752, 0, 12288, 11777, 339
2026/09/10 12:01:40.958, 0, 12288, 11777, 339
2026/09/10 12:01:41.166, 0, 12288, 11777, 339
2026/09/10 12:01:41.373, 0, 12288, 11777, 339
2026/09/10 12:01:41.580, 0, 12288, 11777, 339
2026/09/10 12:01:41.787, 0, 12288, 11777, 339
2026/09/10 12:01:41.995, 0, 12288, 11777, 339
2026/09/10 12:01:42.201, 0, 12288, 11777, 339
2026/09/10 12:01:42.407, 0, 12288, 11777, 339
2026/09/10 12:01:42.615, 0, 12288, 11777, 339
2026/09/10 12:01:42.823, 0, 12288, 11777, 339
2026/09/10 12:01:43.030, 0, 12288, 11777, 339
2026/09/10 12:01:43.237, 0, 12288, 11777, 339
2026/09/10 12:01:43.445, 0, 12288, 11777, 339
2026/09/10 12:01:43.652, 0, 12288, 11777, 339
2026/09/10 12:01:43.860, 0, 12288, 11777, 339
2026/09/10 12:01:44.067, 0, 12288, 11777, 339
2026/09/10 12:01:44.275, 0, 12288, 11777, 339
2026/09/10 12:01:44.483, 0, 12288, 11777, 339
2026/09/10 12:01:44.690, 0, 12288, 11777, 339
2026/09/10 12:01:44.895, 0, 12288, 11777, 339
2026/09/10 12:01:45.103, 0, 12288, 11777, 339
2026/09/10 12:01:45.310, 0, 12288, 11777, 339
2026/09/10 12:01:45.517, 0, 12288, 11777, 339
2026/09/10 12:01:45.725, 0, 12288, 11777, 339
2026/09/10 12:01:45.933, 0, 12288, 11777, 339
2026/09/10 12:01:46.141, 0, 12288, 11777, 339
2026/09/10 12:01:46.349, 0, 12288, 11777, 339
2026/09/10 12:01:46.556, 0, 12288, 11777, 339
2026/09/10 12:01:46.763, 0, 12288, 11777, 339
2026/09/10 12:01:46.970, 0, 12288, 11777, 339
2026/09/10 12:01:47.177, 0, 12288, 11777, 339
2026/09/10 12:01:47.385, 0, 12288, 11777, 339
2026/09/10 12:01:47.593, 0, 12288, 11777, 339
2026/09/10 12:01:47.801, 0, 12288, 11777, 339
2026/09/10 12:01:48.009, 0, 12288, 11777, 339
2026/09/10 12:01:48.217, 0, 12288, 11777, 339
2026/09/10 12:01:48.425, 0, 12288, 11777, 339
2026/09/10 12:01:48.632, 0, 12288, 11777, 339
2026/09/10 12:01:48.839, 0, 12288, 11777, 339
2026/09/10 12:01:49.047, 0, 12288, 11777, 339
2026/09/10 12:01:49.254, 0, 12288, 11777, 339
2026/09/10 12:01:49.461, 0, 12288, 11777, 339
2026/09/10 12:01:49.669, 0, 12288, 11777, 339
2026/09/10 12:01:49.877, 0, 12288, 11777, 339
2026/09/10 12:01:50.085, 0, 12288, 11777, 339
2026/09/10 12:01:50.293, 0, 12288, 11777, 339
2026/09/10 12:01:50.498, 0, 12288, 11777, 339
2026/09/10 12:01:50.706, 0, 12288, 11777, 339
2026/09/10 12:01:50.914, 0, 12288, 11777, 339
2026/09/10 12:01:51.121, 0, 12288, 11777, 339
2026/09/10 12:01:51.329, 0, 12288, 11777, 339
2026/09/10 12:01:51.537, 0, 12288, 11777, 339
2026/09/10 12:01:51.744, 0, 12288, 11777, 339
2026/09/10 12:01:51.951, 0, 12288, 11777, 339
2026/09/10 12:01:52.159, 0, 12288, 11777, 339
2026/09/10 12:01:52.367, 0, 12288, 11777, 339
2026/09/10 12:01:52.574, 0, 12288, 11777, 339
2026/09/10 12:01:52.781, 0, 12288, 11777, 339
2026/09/10 12:01:52.989, 0, 12288, 11777, 339
2026/09/10 12:01:53.196, 0, 12288, 11777, 339
2026/09/10 12:01:53.403, 0, 12288, 11777, 339
2026/09/10 12:01:53.610, 0, 12288, 11777, 339
2026/09/10 12:01:53.818, 0, 12288, 11777, 339
2026/09/10 12:01:54.025, 0, 12288, 11777, 339
2026/09/10 12:01:54.233, 0, 12288, 11777, 339
2026/09/10 12:01:54.441, 0, 12288, 11777, 339
2026/09/10 12:01:54.648, 0, 12288, 11777, 339
2026/09/10 12:01:54.855, 0, 12288, 11777, 339
2026/09/10 12:01:55.063, 0, 12288, 11777, 339
2026/09/10 12:01:55.271, 0, 12288, 11777, 339
2026/09/10 12:01:55.478, 0, 12288, 11777, 339
2026/09/10 12:01:55.686, 0, 12288, 11777, 339
2026/09/10 12:01:55.893, 0, 12288, 11777, 339
2026/09/10 12:01:56.099, 0, 12288, 11777, 339
2026/09/10 12:01:56.306, 0, 12288, 11777, 339
2026/09/10 12:01:56.514, 0, 12288, 11777, 339
2026/09/10 12:01:56.721, 0, 12288, 11777, 339
2026/09/10 12:01:56.929, 0, 12288, 11777, 339
2026/09/10 12:01:57.137, 0, 12288, 11777, 339
2026/09/10 12:01:57.343, 0, 12288, 11777, 339
2026/09/10 12:01:57.551, 0, 12288, 11777, 339
2026/09/10 12:01:57.759, 0, 12288, 11777, 339
2026/09/10 12:01:57.966, 0, 12288, 11777, 339
2026/09/10 12:01:58.174, 0, 12288, 11777, 339
2026/09/10 12:01:58.381, 0, 12288, 11777, 339
2026/09/10 12:01:58.589, 0, 12288, 11777, 339
2026/09/10 12:01:58.797, 0, 12288, 11777, 339
2026/09/10 12:01:59.004, 0, 12288, 11777, 339
2026/09/10 12:01:59.212, 0, 12288, 11777, 339
2026/09/10 12:01:59.419, 0, 12288, 11777, 339
2026/09/10 12:01:59.627, 0, 12288, 11777, 339
2026/09/10 12:01:59.834, 0, 12288, 11777, 339
2026/09/10 12:02:00.041, 0, 12288, 11777, 339
2026/09/10 12:02:00.248, 0, 12288, 11777, 339
2026/09/10 12:02:00.456, 0, 12288, 11777, 339
2026/09/10 12:02:00.664, 0, 12288, 11777, 339
2026/09/10 12:02:00.872, 0, 12288, 11777, 339
2026/09/10 12:02:01.079, 0, 12288, 11777, 339
2026/09/10 12:02:01.287, 0, 12288, 11777, 339
2026/09/10 12:02:01.494, 0, 12288, 11777, 339
2026/09/10 12:02:01.699, 0, 12288, 11777, 339
2026/09/10 12:02:01.907, 0, 12288, 11777, 339
2026/09/10 12:02:02.114, 0, 12288, 11777, 339
2026/09/10 12:02:02.321, 0, 12288, 11777, 339
2026/09/10 12:02:02.528, 0, 12288, 11777, 339
2026/09/10 12:02:02.735, 0, 12288, 11777, 339
2026/09/10 12:02:02.943, 0, 12288, 11777, 339
2026/09/10 12:02:03.151, 0, 12288, 11777, 339
2026/09/10 12:02:03.359, 0, 12288, 11777, 339
2026/09/10 12:02:03.567, 0, 12288, 11777, 339
2026/09/10 12:02:03.774, 0, 12288, 11777, 339
2026/09/10 12:02:03.981, 0, 12288, 11777, 339
2026/09/10 12:02:04.188, 0, 12288, 11777, 339
2026/09/10 12:02:04.396, 0, 12288, 11777, 339
2026/09/10 12:02:04.604, 0, 12288, 11777, 339
2026/09/10 12:02:04.811, 0, 12288, 11777, 339
2026/09/10 12:02:05.018, 0, 12288, 11777, 339
2026/09/10 12:02:05.226, 0, 12288, 11777, 339
2026/09/10 12:02:05.433, 0, 12288, 11777, 339
2026/09/10 12:02:05.655, 0, 12288, 11777, 339
2026/09/10 12:02:05.863, 0, 12288, 11777, 339
2026/09/10 12:02:06.070, 0, 12288, 11777, 339
2026/09/10 12:02:06.278, 0, 12288, 11777, 339
2026/09/10 12:02:06.486, 0, 12288, 11777, 339
2026/09/10 12:02:06.694, 0, 12288, 11777, 339
2026/09/10 12:02:06.901, 0, 12288, 11777, 339
2026/09/10 12:02:07.110, 0, 12288, 11777, 339
2026/09/10 12:02:07.315, 0, 12288, 11777, 339
2026/09/10 12:02:07.522, 0, 12288, 11777, 339
2026/09/10 12:02:07.729, 0, 12288, 11777, 339
2026/09/10 12:02:07.937, 0, 12288, 11777, 339
2026/09/10 12:02:08.145, 0, 12288, 11777, 339
2026/09/10 12:02:08.353, 0, 12288, 11777, 339
2026/09/10 12:02:08.561, 0, 12288, 11777, 339
2026/09/10 12:02:08.767, 0, 12288, 11777, 339
2026/09/10 12:02:08.975, 0, 12288, 11777, 339
2026/09/10 12:02:09.182, 0, 12288, 11777, 339
2026/09/10 12:02:09.390, 0, 12288, 11777, 339
2026/09/10 12:02:09.597, 0, 12288, 11777, 339
2026/09/10 12:02:09.804, 0, 12288, 11777, 339
2026/09/10 12:02:10.012, 0, 12288, 11777, 339
2026/09/10 12:02:10.220, 0, 12288, 11777, 339
2026/09/10 12:02:10.428, 0, 12288, 11777, 339
2026/09/10 12:02:10.636, 0, 12288, 11777, 339
2026/09/10 12:02:10.844, 0, 12288, 11777, 339
2026/09/10 12:02:11.051, 0, 12288, 11777, 339
2026/09/10 12:02:11.258, 0, 12288, 11777, 339
2026/09/10 12:02:11.466, 0, 12288, 11777, 339
2026/09/10 12:02:11.674, 0, 12288, 11777, 339
2026/09/10 12:02:11.881, 0, 12288, 11777, 339
2026/09/10 12:02:12.089, 0, 12288, 11777, 339
2026/09/10 12:02:12.296, 0, 12288, 11777, 339
2026/09/10 12:02:12.504, 0, 12288, 11777, 339
2026/09/10 12:02:12.712, 0, 12288, 11777, 339
2026/09/10 12:02:12.917, 0, 12288, 11777, 339
2026/09/10 12:02:13.125, 0, 12288, 11777, 339
2026/09/10 12:02:13.333, 0, 12288, 11777, 339
2026/09/10 12:02:13.540, 0, 12288, 11777, 339
2026/09/10 12:02:13.746, 0, 12288, 11777, 339
2026/09/10 12:02:13.953, 0, 12288, 11777, 339
2026/09/10 12:02:14.161, 0, 12288, 11777, 339
2026/09/10 12:02:14.369, 0, 12288, 11777, 339
2026/09/10 12:02:14.576, 0, 12288, 11777, 339
2026/09/10 12:02:14.784, 0, 12288, 11777, 339
2026/09/10 12:02:14.990, 0, 12288, 11777, 339
2026/09/10 12:02:15.198, 0, 12288, 11777, 339
2026/09/10 12:02:15.405, 0, 12288, 11777, 339
2026/09/10 12:02:15.612, 0, 12288, 11777, 339
2026/09/10 12:02:15.819, 0, 12288, 11777, 339
2026/09/10 12:02:16.027, 0, 12288, 11777, 339
2026/09/10 12:02:16.235, 0, 12288, 11777, 339
2026/09/10 12:02:16.441, 0, 12288, 11777, 339
2026/09/10 12:02:16.649, 0, 12288, 11777, 339
2026/09/10 12:02:16.856, 0, 12288, 11777, 339
2026/09/10 12:02:17.064, 0, 12288, 11777, 339
2026/09/10 12:02:17.272, 0, 12288, 11777, 339
2026/09/10 12:02:17.477, 0, 12288, 11777, 339
2026/09/10 12:02:17.684, 0, 12288, 11777, 339
2026/09/10 12:02:17.891, 0, 12288, 11777, 339
2026/09/10 12:02:18.099, 0, 12288, 11777, 339
2026/09/10 12:02:18.306, 0, 12288, 11777, 339
2026/09/10 12:02:18.512, 0, 12288, 11777, 339
2026/09/10 12:02:18.719, 0, 12288, 11777, 339
2026/09/10 12:02:18.926, 0, 12288, 11777, 339
2026/09/10 12:02:19.134, 0, 12288, 11777, 339
2026/09/10 12:02:19.341, 0, 12288, 11777, 339
2026/09/10 12:02:19.548, 0, 12288, 11777, 339
2026/09/10 12:02:19.755, 0, 12288, 11777, 339
2026/09/10 12:02:19.963, 0, 12288, 11777, 339
2026/09/10 12:02:20.171, 0, 12288, 11777, 339
2026/09/10 12:02:20.379, 0, 12288, 11777, 339
2026/09/10 12:02:20.587, 0, 12288, 11777, 339
2026/09/10 12:02:20.795, 0, 12288, 11777, 339
2026/09/10 12:02:21.003, 0, 12288, 11777, 339
2026/09/10 12:02:21.211, 0, 12288, 11777, 339
2026/09/10 12:02:21.419, 0, 12288, 11777, 339
2026/09/10 12:02:21.627, 0, 12288, 11777, 339
2026/09/10 12:02:21.834, 0, 12288, 11777, 339
2026/09/10 12:02:22.041, 0, 12288, 11777, 339
2026/09/10 12:02:22.248, 0, 12288, 11777, 339
2026/09/10 12:02:22.455, 0, 12288, 11777, 339
2026/09/10 12:02:22.663, 0, 12288, 11777, 339
2026/09/10 12:02:22.870, 0, 12288, 11777, 339
2026/09/10 12:02:23.078, 0, 12288, 11777, 339
2026/09/10 12:02:23.285, 0, 12288, 11777, 339
2026/09/10 12:02:23.492, 0, 12288, 11777, 339
2026/09/10 12:02:23.700, 0, 12288, 11777, 339
2026/09/10 12:02:23.905, 0, 12288, 11777, 339
2026/09/10 12:02:24.113, 0, 12288, 11777, 339
2026/09/10 12:02:24.321, 0, 12288, 11777, 339
2026/09/10 12:02:24.528, 0, 12288, 11777, 339
2026/09/10 12:02:24.735, 0, 12288, 11777, 339
2026/09/10 12:02:24.942, 0, 12288, 11777, 339
2026/09/10 12:02:25.149, 0, 12288, 11777, 339
2026/09/10 12:02:25.356, 0, 12288, 11777, 339
2026/09/10 12:02:25.560, 0, 12288, 11777, 339
2026/09/10 12:02:25.768, 0, 12288, 11777, 339
2026/09/10 12:02:25.975, 0, 12288, 11777, 339
2026/09/10 12:02:26.182, 0, 12288, 11777, 339
2026/09/10 12:02:26.388, 0, 12288, 11777, 339
2026/09/10 12:02:26.596, 0, 12288, 11777, 339
2026/09/10 12:02:26.804, 0, 12288, 11777, 339
2026/09/10 12:02:27.012, 0, 12288, 11777, 339
2026/09/10 12:02:27.219, 0, 12288, 11777, 339
2026/09/10 12:02:27.426, 0, 12288, 11777, 339
2026/09/10 12:02:27.634, 0, 12288, 11777, 339
2026/09/10 12:02:27.841, 0, 12288, 11777, 339
2026/09/10 12:02:28.048, 0, 12288, 11777, 339
2026/09/10 12:02:28.256, 0, 12288, 11777, 339
2026/09/10 12:02:28.464, 0, 12288, 11777, 339
2026/09/10 12:02:28.672, 0, 12288, 11777, 339
2026/09/10 12:02:28.877, 0, 12288, 11777, 339
2026/09/10 12:02:29.085, 0, 12288, 11777, 339
2026/09/10 12:02:29.293, 0, 12288, 11777, 339
2026/09/10 12:02:29.499, 0, 12288, 11777, 339
2026/09/10 12:02:29.705, 0, 12288, 11777, 339
2026/09/10 12:02:29.913, 0, 12288, 11777, 339
2026/09/10 12:02:30.120, 0, 12288, 11777, 339
2026/09/10 12:02:30.328, 0, 12288, 11777, 339
2026/09/10 12:02:30.534, 0, 12288, 11777, 339
2026/09/10 12:02:30.742, 0, 12288, 11777, 339
2026/09/10 12:02:30.949, 0, 12288, 11777, 339
2026/09/10 12:02:31.156, 0, 12288, 11777, 339
2026/09/10 12:02:31.363, 0, 12288, 11777, 339
2026/09/10 12:02:31.570, 0, 12288, 11777, 339
2026/09/10 12:02:31.777, 0, 12288, 11777, 339
2026/09/10 12:02:31.985, 0, 12288, 11777, 339
2026/09/10 12:02:32.193, 0, 12288, 11777, 339
2026/09/10 12:02:32.401, 0, 12288, 11777, 339
2026/09/10 12:02:32.609, 0, 12288, 11777, 339
2026/09/10 12:02:32.814, 0, 12288, 11777, 339
2026/09/10 12:02:33.022, 0, 12288, 11777, 339
2026/09/10 12:02:33.230, 0, 12288, 11777, 339
2026/09/10 12:02:33.438, 0, 12288, 11777, 339
2026/09/10 12:02:33.646, 0, 12288, 11777, 339
2026/09/10 12:02:33.854, 0, 12288, 11777, 339
2026/09/10 12:02:34.061, 0, 12288, 11777, 339
2026/09/10 12:02:34.267, 0, 12288, 11777, 339
2026/09/10 12:02:34.474, 0, 12288, 11777, 339
2026/09/10 12:02:34.681, 0, 12288, 11777, 339
2026/09/10 12:02:34.889, 0, 12288, 11777, 339
2026/09/10 12:02:35.097, 0, 12288, 11777, 339
2026/09/10 12:02:35.305, 0, 12288, 11777, 339
2026/09/10 12:02:35.511, 0, 12288, 11777, 339
2026/09/10 12:02:35.718, 0, 12288, 11777, 339
2026/09/10 12:02:35.926, 0, 12288, 11777, 339
2026/09/10 12:02:36.133, 0, 12288, 11777, 339
2026/09/10 12:02:36.337, 0, 12288, 11777, 339
2026/09/10 12:02:36.545, 0, 12288, 11777, 339
2026/09/10 12:02:36.753, 0, 12288, 11777, 339
2026/09/10 12:02:36.960, 0, 12288, 11777, 339
2026/09/10 12:02:37.168, 0, 12288, 11777, 339
2026/09/10 12:02:37.376, 0, 12288, 11777, 339
2026/09/10 12:02:37.584, 0, 12288, 11777, 339
2026/09/10 12:02:37.791, 0, 12288, 11777, 339
2026/09/10 12:02:37.999, 0, 12288, 11777, 339
2026/09/10 12:02:38.207, 0, 12288, 11777, 339
2026/09/10 12:02:38.414, 0, 12288, 11777, 339
2026/09/10 12:02:38.621, 0, 12288, 11777, 339
2026/09/10 12:02:38.829, 0, 12288, 11777, 339
2026/09/10 12:02:39.037, 0, 12288, 11777, 339
2026/09/10 12:02:39.245, 0, 12288, 11777, 339
2026/09/10 12:02:39.452, 0, 12288, 11777, 339
2026/09/10 12:02:39.659, 0, 12288, 11777, 339
2026/09/10 12:02:39.864, 0, 12288, 11777, 339
2026/09/10 12:02:40.072, 0, 12288, 11777, 339
2026/09/10 12:02:40.280, 0, 12288, 11777, 339
2026/09/10 12:02:40.488, 0, 12288, 11777, 339
2026/09/10 12:02:40.696, 0, 12288, 11777, 339
2026/09/10 12:02:40.904, 0, 12288, 11777, 339
2026/09/10 12:02:41.111, 0, 12288, 11777, 339
2026/09/10 12:02:41.317, 0, 12288, 11777, 339
2026/09/10 12:02:41.525, 0, 12288, 11777, 339
2026/09/10 12:02:41.732, 0, 12288, 11777, 339
2026/09/10 12:02:41.937, 0, 12288, 11777, 339
2026/09/10 12:02:42.143, 0, 12288, 11777, 339
2026/09/10 12:02:42.350, 0, 12288, 11777, 339
2026/09/10 12:02:42.557, 0, 12288, 11777, 339
2026/09/10 12:02:42.765, 0, 12288, 11777, 339
2026/09/10 12:02:42.973, 0, 12288, 11777, 339
2026/09/10 12:02:43.181, 0, 12288, 11777, 339
2026/09/10 12:02:43.387, 0, 12288, 11777, 339
2026/09/10 12:02:43.594, 0, 12288, 11777, 339
2026/09/10 12:02:43.800, 0, 12288, 11777, 339
2026/09/10 12:02:44.006, 0, 12288, 11777, 339
2026/09/10 12:02:44.213, 0, 12288, 11777, 339
2026/09/10 12:02:44.421, 0, 12288, 11777, 339
2026/09/10 12:02:44.629, 0, 12288, 11777, 339
2026/09/10 12:02:44.836, 0, 12288, 11777, 339
2026/09/10 12:02:45.042, 0, 12288, 11777, 339
2026/09/10 12:02:45.250, 0, 12288, 11777, 339
2026/09/10 12:02:45.458, 0, 12288, 11777, 339
2026/09/10 12:02:45.666, 0, 12288, 11777, 339
2026/09/10 12:02:45.874, 0, 12288, 11777, 339
2026/09/10 12:02:46.082, 0, 12288, 11777, 339
2026/09/10 12:02:46.290, 0, 12288, 11777, 339
2026/09/10 12:02:46.497, 0, 12288, 11777, 339
2026/09/10 12:02:46.704, 0, 12288, 11777, 339
2026/09/10 12:02:46.910, 0, 12288, 11777, 339
2026/09/10 12:02:47.117, 0, 12288, 11777, 339
2026/09/10 12:02:47.325, 0, 12288, 11777, 339
2026/09/10 12:02:47.531, 0, 12288, 11777, 339
2026/09/10 12:02:47.738, 0, 12288, 11777, 339
2026/09/10 12:02:47.945, 0, 12288, 11777, 339
2026/09/10 12:02:48.153, 0, 12288, 11777, 339
2026/09/10 12:02:48.361, 0, 12288, 11777, 339
2026/09/10 12:02:48.568, 0, 12288, 11777, 339
2026/09/10 12:02:48.776, 0, 12288, 11777, 339
2026/09/10 12:02:48.982, 0, 12288, 11777, 339
2026/09/10 12:02:49.188, 0, 12288, 11777, 339
2026/09/10 12:02:49.396, 0, 12288, 11777, 339
2026/09/10 12:02:49.602, 0, 12288, 11777, 339
2026/09/10 12:02:49.809, 0, 12288, 11777, 339
2026/09/10 12:02:50.017, 0, 12288, 11777, 339
2026/09/10 12:02:50.224, 0, 12288, 11777, 339
2026/09/10 12:02:50.432, 0, 12288, 11777, 339
2026/09/10 12:02:50.640, 0, 12288, 11777, 339
2026/09/10 12:02:50.847, 0, 12288, 11777, 339
2026/09/10 12:02:51.053, 0, 12288, 11777, 339
2026/09/10 12:02:51.261, 0, 12288, 11777, 339
2026/09/10 12:02:51.469, 0, 12288, 11777, 339
2026/09/10 12:02:51.677, 0, 12288, 11777, 339
2026/09/10 12:02:51.885, 0, 12288, 11777, 339
2026/09/10 12:02:52.092, 0, 12288, 11777, 339
2026/09/10 12:02:52.300, 0, 12288, 11777, 339
2026/09/10 12:02:52.508, 0, 12288, 11777, 339
2026/09/10 12:02:52.716, 0, 12288, 11777, 339
2026/09/10 12:02:52.924, 0, 12288, 11777, 339
2026/09/10 12:02:53.130, 0, 12288, 11777, 339
2026/09/10 12:02:53.337, 0, 12288, 11777, 339
2026/09/10 12:02:53.545, 0, 12288, 11777, 339
2026/09/10 12:02:53.752, 0, 12288, 11777, 339
2026/09/10 12:02:53.957, 0, 12288, 11777, 339
2026/09/10 12:02:54.165, 0, 12288, 11777, 339
2026/09/10 12:02:54.373, 0, 12288, 11777, 339
2026/09/10 12:02:54.578, 0, 12288, 11777, 339
2026/09/10 12:02:54.786, 0, 12288, 11777, 339
2026/09/10 12:02:54.994, 0, 12288, 11777, 339
2026/09/10 12:02:55.202, 0, 12288, 11777, 339
2026/09/10 12:02:55.409, 0, 12288, 11777, 339
2026/09/10 12:02:55.616, 0, 12288, 11777, 339
2026/09/10 12:02:55.823, 0, 12288, 11777, 339
2026/09/10 12:02:56.030, 0, 12288, 11777, 339
2026/09/10 12:02:56.238, 0, 12288, 11777, 339
2026/09/10 12:02:56.446, 0, 12288, 11777, 339
2026/09/10 12:02:56.654, 0, 12288, 11777, 339
2026/09/10 12:02:56.862, 0, 12288, 11777, 339
2026/09/10 12:02:57.070, 0, 12288, 11777, 339
2026/09/10 12:02:57.277, 0, 12288, 11777, 339
2026/09/10 12:02:57.485, 0, 12288, 11777, 339
2026/09/10 12:02:57.693, 0, 12288, 11777, 339
2026/09/10 12:02:57.900, 0, 12288, 11777, 339
2026/09/10 12:02:58.106, 0, 12288, 11777, 339
2026/09/10 12:02:58.314, 0, 12288, 11777, 339
2026/09/10 12:02:58.522, 0, 12288, 11777, 339
2026/09/10 12:02:58.728, 0, 12288, 11777, 339
2026/09/10 12:02:58.933, 0, 12288, 11777, 339
2026/09/10 12:02:59.141, 0, 12288, 11777, 339
2026/09/10 12:02:59.349, 0, 12288, 11777, 339
2026/09/10 12:02:59.557, 0, 12288, 11777, 339
2026/09/10 12:02:59.765, 0, 12288, 11777, 339
2026/09/10 12:02:59.971, 0, 12288, 11777, 339
2026/09/10 12:03:00.179, 0, 12288, 11777, 339
2026/09/10 12:03:00.386, 0, 12288, 11777, 339
2026/09/10 12:03:00.594, 0, 12288, 11777, 339
2026/09/10 12:03:00.802, 0, 12288, 11777, 339
2026/09/10 12:03:01.008, 0, 12288, 11777, 339
2026/09/10 12:03:01.211, 0, 12288, 11777, 339
2026/09/10 12:03:01.418, 0, 12288, 11777, 339
2026/09/10 12:03:01.625, 0, 12288, 11777, 339
2026/09/10 12:03:01.833, 0, 12288, 11777, 339
2026/09/10 12:03:02.039, 0, 12288, 11777, 339
2026/09/10 12:03:02.246, 0, 12288, 11777, 339
2026/09/10 12:03:02.453, 0, 12288, 11777, 339
2026/09/10 12:03:02.661, 0, 12288, 11777, 339
2026/09/10 12:03:02.868, 0, 12288, 11777, 339
2026/09/10 12:03:03.074, 0, 12288, 11777, 339
2026/09/10 12:03:03.282, 0, 12288, 11777, 339
2026/09/10 12:03:03.490, 0, 12288, 11777, 339
2026/09/10 12:03:03.698, 0, 12288, 11777, 339
2026/09/10 12:03:03.905, 0, 12288, 11777, 339
2026/09/10 12:03:04.112, 0, 12288, 11777, 339
2026/09/10 12:03:04.317, 0, 12288, 11777, 339
2026/09/10 12:03:04.525, 0, 12288, 11777, 339
2026/09/10 12:03:04.730, 0, 12288, 11777, 339
2026/09/10 12:03:04.936, 0, 12288, 11777, 339
2026/09/10 12:03:05.143, 0, 12288, 11777, 339
2026/09/10 12:03:05.350, 0, 12288, 11777, 339
2026/09/10 12:03:05.557, 0, 12288, 11777, 339
2026/09/10 12:03:05.764, 0, 12288, 11777, 339
2026/09/10 12:03:05.971, 0, 12288, 11777, 339
2026/09/10 12:03:06.179, 0, 12288, 11777, 339
2026/09/10 12:03:06.383, 0, 12288, 11777, 339
2026/09/10 12:03:06.591, 0, 12288, 11777, 339
2026/09/10 12:03:06.797, 0, 12288, 11777, 339
2026/09/10 12:03:07.005, 0, 12288, 11777, 339
2026/09/10 12:03:07.213, 0, 12288, 11777, 339
2026/09/10 12:03:07.421, 0, 12288, 11777, 339
2026/09/10 12:03:07.629, 0, 12288, 11777, 339
2026/09/10 12:03:07.836, 0, 12288, 11777, 339
2026/09/10 12:03:08.043, 0, 12288, 11777, 339
2026/09/10 12:03:08.250, 0, 12288, 11777, 339
2026/09/10 12:03:08.457, 0, 12288, 11777, 339
2026/09/10 12:03:08.665, 0, 12288, 11777, 339
2026/09/10 12:03:08.873, 0, 12288, 11777, 339
2026/09/10 12:03:09.080, 0, 12288, 11777, 339
2026/09/10 12:03:09.288, 0, 12288, 11777, 339
2026/09/10 12:03:09.496, 0, 12288, 11777, 339
2026/09/10 12:03:09.719, 0, 12288, 11777, 339
2026/09/10 12:03:09.922, 0, 12288, 11777, 339
2026/09/10 12:03:10.130, 0, 12288, 11777, 339
2026/09/10 12:03:10.336, 0, 12288, 11777, 339
2026/09/10 12:03:10.543, 0, 12288, 11777, 339
2026/09/10 12:03:10.751, 0, 12288, 11777, 339
2026/09/10 12:03:10.959, 0, 12288, 11777, 339
2026/09/10 12:03:11.166, 0, 12288, 11777, 339
2026/09/10 12:03:11.373, 0, 12288, 11777, 339
2026/09/10 12:03:11.581, 0, 12288, 11777, 339
2026/09/10 12:03:11.789, 0, 12288, 11777, 339
2026/09/10 12:03:11.996, 0, 12288, 11777, 339
2026/09/10 12:03:12.204, 0, 12288, 11777, 339
2026/09/10 12:03:12.410, 0, 12288, 11777, 339
2026/09/10 12:03:12.617, 0, 12288, 11777, 339
2026/09/10 12:03:12.824, 0, 12288, 11777, 339
2026/09/10 12:03:13.032, 0, 12288, 11777, 339
2026/09/10 12:03:13.240, 0, 12288, 11777, 339
2026/09/10 12:03:13.448, 0, 12288, 11777, 339
2026/09/10 12:03:13.656, 0, 12288, 11777, 339
2026/09/10 12:03:13.862, 0, 12288, 11777, 339
2026/09/10 12:03:14.069, 0, 12288, 11777, 339
2026/09/10 12:03:14.276, 0, 12288, 11777, 339
2026/09/10 12:03:14.483, 0, 12288, 11777, 339
2026/09/10 12:03:14.691, 0, 12288, 11777, 339
2026/09/10 12:03:14.899, 0, 12288, 11777, 339
2026/09/10 12:03:15.106, 0, 12288, 11777, 339
2026/09/10 12:03:15.313, 0, 12288, 11777, 339
2026/09/10 12:03:15.518, 0, 12288, 11777, 339
2026/09/10 12:03:15.726, 0, 12288, 11777, 339
2026/09/10 12:03:15.934, 0, 12288, 11777, 339
2026/09/10 12:03:16.142, 0, 12288, 11777, 339
2026/09/10 12:03:16.350, 0, 12288, 11777, 339
2026/09/10 12:03:16.557, 0, 12288, 11777, 339
2026/09/10 12:03:16.764, 0, 12288, 11777, 339
2026/09/10 12:03:16.970, 0, 12288, 11777, 339
2026/09/10 12:03:17.178, 0, 12288, 11777, 339
2026/09/10 12:03:17.386, 0, 12288, 11777, 339
2026/09/10 12:03:17.591, 0, 12288, 11777, 339
2026/09/10 12:03:17.799, 0, 12288, 11777, 339
2026/09/10 12:03:18.006, 0, 12288, 11777, 339
2026/09/10 12:03:18.214, 0, 12288, 11777, 339
2026/09/10 12:03:18.421, 0, 12288, 11777, 339
2026/09/10 12:03:18.629, 0, 12288, 11777, 339
2026/09/10 12:03:18.837, 0, 12288, 11777, 339
2026/09/10 12:03:19.045, 0, 12288, 11777, 339
2026/09/10 12:03:19.252, 0, 12288, 11777, 339
2026/09/10 12:03:19.460, 0, 12288, 11777, 339
2026/09/10 12:03:19.666, 0, 12288, 11777, 339
2026/09/10 12:03:19.874, 0, 12288, 11777, 339
2026/09/10 12:03:20.082, 0, 12288, 11777, 339
2026/09/10 12:03:20.289, 0, 12288, 11777, 339
2026/09/10 12:03:20.495, 0, 12288, 11777, 339
2026/09/10 12:03:20.703, 0, 12288, 11777, 339
2026/09/10 12:03:20.911, 0, 12288, 11777, 339
2026/09/10 12:03:21.117, 0, 12288, 11777, 339
2026/09/10 12:03:21.325, 0, 12288, 11777, 339
2026/09/10 12:03:21.532, 0, 12288, 11777, 339
2026/09/10 12:03:21.740, 0, 12288, 11777, 339
2026/09/10 12:03:21.948, 0, 12288, 11777, 339
2026/09/10 12:03:22.155, 0, 12288, 11777, 339
2026/09/10 12:03:22.362, 0, 12288, 11777, 339
2026/09/10 12:03:22.570, 0, 12288, 11777, 339
2026/09/10 12:03:22.777, 0, 12288, 11777, 339
2026/09/10 12:03:22.985, 0, 12288, 11777, 339
2026/09/10 12:03:23.192, 0, 12288, 11777, 339
2026/09/10 12:03:23.398, 0, 12288, 11777, 339
2026/09/10 12:03:23.606, 0, 12288, 11777, 339
2026/09/10 12:03:23.814, 0, 12288, 11777, 339
2026/09/10 12:03:24.021, 0, 12288, 11777, 339
2026/09/10 12:03:24.228, 0, 12288, 11777, 339
2026/09/10 12:03:24.434, 0, 12288, 11777, 339
2026/09/10 12:03:24.641, 0, 12288, 11777, 339
2026/09/10 12:03:24.849, 0, 12288, 11777, 339
2026/09/10 12:03:25.056, 0, 12288, 11777, 339
2026/09/10 12:03:25.264, 0, 12288, 11777, 339
2026/09/10 12:03:25.472, 0, 12288, 11777, 339
2026/09/10 12:03:25.680, 0, 12288, 11777, 339
2026/09/10 12:03:25.887, 0, 12288, 11777, 339
2026/09/10 12:03:26.094, 0, 12288, 11777, 339
2026/09/10 12:03:26.302, 0, 12288, 11777, 339
2026/09/10 12:03:26.507, 0, 12288, 11777, 339
2026/09/10 12:03:26.711, 0, 12288, 11777, 339
2026/09/10 12:03:26.917, 0, 12288, 11777, 339
2026/09/10 12:03:27.122, 0, 12288, 11777, 339
2026/09/10 12:03:27.327, 0, 12288, 11777, 339
2026/09/10 12:03:27.534, 0, 12288, 11777, 339
2026/09/10 12:03:27.742, 0, 12288, 11777, 339
2026/09/10 12:03:27.949, 0, 12288, 11777, 339
2026/09/10 12:03:28.156, 0, 12288, 11777, 339
2026/09/10 12:03:28.364, 0, 12288, 11777, 339
2026/09/10 12:03:28.571, 0, 12288, 11777, 339
2026/09/10 12:03:28.778, 0, 12288, 11777, 339
2026/09/10 12:03:28.985, 0, 12288, 11777, 339
2026/09/10 12:03:29.193, 0, 12288, 11777, 339
2026/09/10 12:03:29.401, 0, 12288, 11777, 339
2026/09/10 12:03:29.607, 0, 12288, 11777, 339
2026/09/10 12:03:29.815, 0, 12288, 11777, 339
2026/09/10 12:03:30.023, 0, 12288, 11777, 339
2026/09/10 12:03:30.231, 0, 12288, 11777, 339
2026/09/10 12:03:30.439, 0, 12288, 11777, 339
2026/09/10 12:03:30.647, 0, 12288, 11777, 339
2026/09/10 12:03:30.853, 0, 12288, 11777, 339
2026/09/10 12:03:31.061, 0, 12288, 11777, 339
2026/09/10 12:03:31.269, 0, 12288, 11777, 339
2026/09/10 12:03:31.476, 0, 12288, 11777, 339
2026/09/10 12:03:31.684, 0, 12288, 11777, 339
2026/09/10 12:03:31.891, 0, 12288, 11777, 339
2026/09/10 12:03:32.098, 0, 12288, 11777, 339
2026/09/10 12:03:32.304, 0, 12288, 11777, 339
2026/09/10 12:03:32.511, 0, 12288, 11777, 339
2026/09/10 12:03:32.719, 0, 12288, 11777, 339
2026/09/10 12:03:32.926, 0, 12288, 11777, 339
2026/09/10 12:03:33.134, 0, 12288, 11777, 339
2026/09/10 12:03:33.342, 0, 12288, 11777, 339
2026/09/10 12:03:33.550, 0, 12288, 11777, 339
2026/09/10 12:03:33.758, 0, 12288, 11777, 339
2026/09/10 12:03:33.964, 0, 12288, 11777, 339
2026/09/10 12:03:34.169, 0, 12288, 11777, 339
2026/09/10 12:03:34.375, 0, 12288, 11777, 339
2026/09/10 12:03:34.581, 0, 12288, 11777, 339
2026/09/10 12:03:34.789, 0, 12288, 11777, 339
2026/09/10 12:03:34.995, 0, 12288, 11777, 339
2026/09/10 12:03:35.202, 0, 12288, 11777, 339
2026/09/10 12:03:35.410, 0, 12288, 11777, 339
2026/09/10 12:03:35.632, 0, 12288, 11777, 339
2026/09/10 12:03:35.840, 0, 12288, 11777, 339
2026/09/10 12:03:36.048, 0, 12288, 11777, 339
2026/09/10 12:03:36.255, 0, 12288, 11777, 339
2026/09/10 12:03:36.462, 0, 12288, 11777, 339
2026/09/10 12:03:36.670, 0, 12288, 11777, 339
2026/09/10 12:03:36.877, 0, 12288, 11777, 339
2026/09/10 12:03:37.084, 0, 12288, 11777, 339
2026/09/10 12:03:37.291, 0, 12288, 11777, 339
2026/09/10 12:03:37.499, 0, 12288, 11777, 339
2026/09/10 12:03:37.707, 0, 12288, 11777, 339
2026/09/10 12:03:37.912, 0, 12288, 11777, 339
2026/09/10 12:03:38.119, 0, 12288, 11777, 339
2026/09/10 12:03:38.327, 0, 12288, 11777, 339
2026/09/10 12:03:38.532, 0, 12288, 11777, 339
2026/09/10 12:03:38.738, 0, 12288, 11777, 339
2026/09/10 12:03:38.946, 0, 12288, 11777, 339
2026/09/10 12:03:39.154, 0, 12288, 11777, 339
2026/09/10 12:03:39.361, 0, 12288, 11777, 339
2026/09/10 12:03:39.569, 0, 12288, 11777, 339
2026/09/10 12:03:39.774, 0, 12288, 11777, 339
2026/09/10 12:03:39.982, 0, 12288, 11777, 339
2026/09/10 12:03:40.190, 0, 12288, 11777, 339
2026/09/10 12:03:40.397, 0, 12288, 11777, 339
2026/09/10 12:03:40.605, 0, 12288, 11777, 339
2026/09/10 12:03:40.813, 0, 12288, 11777, 339
2026/09/10 12:03:41.019, 0, 12288, 11777, 339
2026/09/10 12:03:41.226, 0, 12288, 11777, 339
2026/09/10 12:03:41.434, 0, 12288, 11777, 339
2026/09/10 12:03:41.638, 0, 12288, 11777, 339
2026/09/10 12:03:41.847, 0, 12288, 11777, 339
2026/09/10 12:03:42.053, 0, 12288, 11777, 339
2026/09/10 12:03:42.260, 0, 12288, 11777, 339
2026/09/10 12:03:42.467, 0, 12288, 11777, 339
2026/09/10 12:03:42.673, 0, 12288, 11777, 339
2026/09/10 12:03:42.881, 0, 12288, 11777, 339
2026/09/10 12:03:43.089, 0, 12288, 11777, 339
2026/09/10 12:03:43.295, 0, 12288, 11777, 339
2026/09/10 12:03:43.498, 0, 12288, 11777, 339
2026/09/10 12:03:43.706, 0, 12288, 11777, 339
2026/09/10 12:03:43.911, 0, 12288, 11777, 339
2026/09/10 12:03:44.119, 0, 12288, 11777, 339
2026/09/10 12:03:44.326, 0, 12288, 11777, 339
2026/09/10 12:03:44.534, 0, 12288, 11777, 339
2026/09/10 12:03:44.742, 0, 12288, 11777, 339
2026/09/10 12:03:44.949, 0, 12288, 11777, 339
2026/09/10 12:03:45.173, 0, 12288, 11777, 339
2026/09/10 12:03:45.380, 0, 12288, 11777, 339
2026/09/10 12:03:45.587, 0, 12288, 11777, 339
2026/09/10 12:03:45.794, 0, 12288, 11777, 339
2026/09/10 12:03:46.002, 0, 12288, 11777, 339
2026/09/10 12:03:46.210, 0, 12288, 11777, 339
2026/09/10 12:03:46.416, 0, 12288, 11777, 339
2026/09/10 12:03:46.623, 0, 12288, 11777, 339
2026/09/10 12:03:46.831, 0, 12288, 11777, 339
2026/09/10 12:03:47.038, 0, 12288, 11777, 339
2026/09/10 12:03:47.246, 0, 12288, 11777, 339
2026/09/10 12:03:47.453, 0, 12288, 11777, 339
2026/09/10 12:03:47.661, 0, 12288, 11777, 339
2026/09/10 12:03:47.869, 0, 12288, 11777, 339
2026/09/10 12:03:48.075, 0, 12288, 11777, 339
2026/09/10 12:03:48.283, 0, 12288, 11777, 339
2026/09/10 12:03:48.491, 0, 12288, 11777, 339
2026/09/10 12:03:48.696, 0, 12288, 11777, 339
2026/09/10 12:03:48.904, 0, 12288, 11777, 339
2026/09/10 12:03:49.108, 0, 12288, 11777, 339
2026/09/10 12:03:49.315, 0, 12288, 11777, 339
2026/09/10 12:03:49.522, 0, 12288, 11777, 339
2026/09/10 12:03:49.729, 0, 12288, 11777, 339
2026/09/10 12:03:49.938, 0, 12288, 11777, 339
2026/09/10 12:03:50.144, 0, 12288, 11777, 339
2026/09/10 12:03:50.351, 0, 12288, 11777, 339
2026/09/10 12:03:50.559, 0, 12288, 11777, 339
2026/09/10 12:03:50.765, 0, 12288, 11777, 339
2026/09/10 12:03:50.973, 0, 12288, 11777, 339
2026/09/10 12:03:51.180, 0, 12288, 11777, 339
2026/09/10 12:03:51.388, 0, 12288, 11777, 339
2026/09/10 12:03:51.596, 0, 12288, 11777, 339
2026/09/10 12:03:51.803, 0, 12288, 11777, 339
2026/09/10 12:03:52.011, 0, 12288, 11777, 339
2026/09/10 12:03:52.218, 0, 12288, 11777, 339
2026/09/10 12:03:52.425, 0, 12288, 11777, 339
2026/09/10 12:03:52.632, 0, 12288, 11777, 339
2026/09/10 12:03:52.841, 0, 12288, 11777, 339
2026/09/10 12:03:53.049, 0, 12288, 11777, 339
2026/09/10 12:03:53.256, 0, 12288, 11777, 339
2026/09/10 12:03:53.462, 0, 12288, 11777, 339
2026/09/10 12:03:53.669, 0, 12288, 11777, 339
2026/09/10 12:03:53.876, 0, 12288, 11777, 339
2026/09/10 12:03:54.084, 0, 12288, 11777, 339
2026/09/10 12:03:54.290, 0, 12288, 11777, 339
2026/09/10 12:03:54.498, 0, 12288, 11777, 339
2026/09/10 12:03:54.704, 0, 12288, 11777, 339
2026/09/10 12:03:54.911, 0, 12288, 11777, 339
2026/09/10 12:03:55.118, 0, 12288, 11777, 339
2026/09/10 12:03:55.326, 0, 12288, 11777, 339
2026/09/10 12:03:55.533, 0, 12288, 11777, 339
2026/09/10 12:03:55.741, 0, 12288, 11777, 339
2026/09/10 12:03:55.947, 0, 12288, 11777, 339
2026/09/10 12:03:56.154, 0, 12288, 11777, 339
2026/09/10 12:03:56.362, 0, 12288, 11777, 339
2026/09/10 12:03:56.570, 0, 12288, 11777, 339
2026/09/10 12:03:56.776, 0, 12288, 11777, 339
2026/09/10 12:03:56.983, 0, 12288, 11777, 339
2026/09/10 12:03:57.191, 0, 12288, 11777, 339
2026/09/10 12:03:57.399, 0, 12288, 11777, 339
2026/09/10 12:03:57.605, 0, 12288, 11777, 339
2026/09/10 12:03:57.813, 0, 12288, 11777, 339
2026/09/10 12:03:58.021, 0, 12288, 11777, 339
2026/09/10 12:03:58.229, 0, 12288, 11777, 339
2026/09/10 12:03:58.437, 0, 12288, 11777, 339
2026/09/10 12:03:58.644, 0, 12288, 11777, 339
2026/09/10 12:03:58.851, 0, 12288, 11777, 339
2026/09/10 12:03:59.058, 0, 12288, 11777, 339
2026/09/10 12:03:59.266, 0, 12288, 11777, 339
2026/09/10 12:03:59.474, 0, 12288, 11777, 339
2026/09/10 12:03:59.681, 0, 12288, 11777, 339
2026/09/10 12:03:59.889, 0, 12288, 11777, 339
2026/09/10 12:04:00.096, 0, 12288, 11777, 339
2026/09/10 12:04:00.301, 0, 12288, 11777, 339
2026/09/10 12:04:00.509, 0, 12288, 11777, 339
2026/09/10 12:04:00.716, 0, 12288, 11777, 339
2026/09/10 12:04:00.924, 0, 12288, 11777, 339
2026/09/10 12:04:01.131, 0, 12288, 11777, 339
2026/09/10 12:04:01.338, 0, 12288, 11777, 339
2026/09/10 12:04:01.546, 0, 12288, 11777, 339
2026/09/10 12:04:01.752, 0, 12288, 11777, 339
2026/09/10 12:04:01.960, 0, 12288, 11777, 339
2026/09/10 12:04:02.167, 0, 12288, 11777, 339
2026/09/10 12:04:02.375, 0, 12288, 11777, 339
2026/09/10 12:04:02.582, 0, 12288, 11777, 339
2026/09/10 12:04:02.790, 0, 12288, 11777, 339
2026/09/10 12:04:02.995, 0, 12288, 11777, 339
2026/09/10 12:04:03.203, 0, 12288, 11777, 339
2026/09/10 12:04:03.410, 0, 12288, 11777, 339
2026/09/10 12:04:03.618, 0, 12288, 11777, 339
2026/09/10 12:04:03.826, 0, 12288, 11777, 339
2026/09/10 12:04:04.032, 0, 12288, 11777, 339
2026/09/10 12:04:04.240, 0, 12288, 11777, 339
2026/09/10 12:04:04.448, 0, 12288, 11777, 339
2026/09/10 12:04:04.654, 0, 12288, 11777, 339
2026/09/10 12:04:04.862, 0, 12288, 11777, 339
2026/09/10 12:04:05.069, 0, 12288, 11777, 339
2026/09/10 12:04:05.276, 0, 12288, 11777, 339
2026/09/10 12:04:05.484, 0, 12288, 11777, 339
2026/09/10 12:04:05.690, 0, 12288, 11777, 339
2026/09/10 12:04:05.895, 0, 12288, 11777, 339
2026/09/10 12:04:06.102, 0, 12288, 11777, 339
2026/09/10 12:04:06.310, 0, 12288, 11777, 339
2026/09/10 12:04:06.517, 0, 12288, 11777, 339
2026/09/10 12:04:06.725, 0, 12288, 11777, 339
2026/09/10 12:04:06.932, 0, 12288, 11777, 339
2026/09/10 12:04:07.140, 0, 12288, 11777, 339
2026/09/10 12:04:07.348, 0, 12288, 11777, 339
2026/09/10 12:04:07.555, 0, 12288, 11777, 339
2026/09/10 12:04:07.761, 0, 12288, 11777, 339
2026/09/10 12:04:07.969, 0, 12288, 11777, 339
2026/09/10 12:04:08.175, 0, 12288, 11777, 339
2026/09/10 12:04:08.383, 0, 12288, 11777, 339
2026/09/10 12:04:08.590, 0, 12288, 11777, 339
2026/09/10 12:04:08.796, 0, 12288, 11777, 339
2026/09/10 12:04:09.004, 0, 12288, 11777, 339
2026/09/10 12:04:09.210, 0, 12288, 11777, 339
2026/09/10 12:04:09.417, 0, 12288, 11777, 339
2026/09/10 12:04:09.624, 0, 12288, 11777, 339
2026/09/10 12:04:09.830, 0, 12288, 11777, 339
2026/09/10 12:04:10.038, 0, 12288, 11777, 339
2026/09/10 12:04:10.245, 0, 12288, 11777, 339
2026/09/10 12:04:10.453, 0, 12288, 11777, 339
2026/09/10 12:04:10.661, 0, 12288, 11777, 339
2026/09/10 12:04:10.868, 0, 12288, 11777, 339
2026/09/10 12:04:11.077, 0, 12288, 11777, 339
2026/09/10 12:04:11.283, 0, 12288, 11777, 339
2026/09/10 12:04:11.489, 0, 12288, 11777, 339
2026/09/10 12:04:11.697, 0, 12288, 11777, 339
2026/09/10 12:04:11.905, 0, 12288, 11777, 339
2026/09/10 12:04:12.113, 0, 12288, 11777, 339
2026/09/10 12:04:12.317, 0, 12288, 11777, 339
2026/09/10 12:04:12.524, 0, 12288, 11777, 339
2026/09/10 12:04:12.732, 0, 12288, 11777, 339
2026/09/10 12:04:12.940, 0, 12288, 11777, 339
2026/09/10 12:04:13.148, 0, 12288, 11777, 339
2026/09/10 12:04:13.355, 0, 12288, 11777, 339
2026/09/10 12:04:13.562, 0, 12288, 11777, 339
2026/09/10 12:04:13.770, 0, 12288, 11777, 339
2026/09/10 12:04:13.977, 0, 12288, 11777, 339
2026/09/10 12:04:14.184, 0, 12288, 11777, 339
2026/09/10 12:04:14.390, 0, 12288, 11777, 339
2026/09/10 12:04:14.598, 0, 12288, 11777, 339
2026/09/10 12:04:14.805, 0, 12288, 11777, 339
2026/09/10 12:04:15.011, 0, 12288, 11777, 339
2026/09/10 12:04:15.218, 0, 12288, 11777, 339
2026/09/10 12:04:15.425, 0, 12288, 11777, 339
2026/09/10 12:04:15.632, 0, 12288, 11777, 339
2026/09/10 12:04:15.840, 0, 12288, 11777, 339
2026/09/10 12:04:16.048, 0, 12288, 11777, 339
2026/09/10 12:04:16.256, 0, 12288, 11777, 339
2026/09/10 12:04:16.463, 0, 12288, 11777, 339
2026/09/10 12:04:16.671, 0, 12288, 11777, 339
2026/09/10 12:04:16.879, 0, 12288, 11777, 339
2026/09/10 12:04:17.085, 0, 12288, 11777, 339
2026/09/10 12:04:17.291, 0, 12288, 11777, 339
2026/09/10 12:04:17.499, 0, 12288, 11777, 339
2026/09/10 12:04:17.705, 0, 12288, 11777, 339
2026/09/10 12:04:17.913, 0, 12288, 11777, 339
2026/09/10 12:04:18.121, 0, 12288, 11777, 339
2026/09/10 12:04:18.329, 0, 12288, 11777, 339
2026/09/10 12:04:18.537, 0, 12288, 11777, 339
2026/09/10 12:04:18.745, 0, 12288, 11777, 339
2026/09/10 12:04:18.953, 0, 12288, 11777, 339
2026/09/10 12:04:19.160, 0, 12288, 11777, 339
2026/09/10 12:04:19.366, 0, 12288, 11777, 339
2026/09/10 12:04:19.574, 0, 12288, 11777, 339
2026/09/10 12:04:19.782, 0, 12288, 11777, 339
2026/09/10 12:04:19.990, 0, 12288, 11777, 339
2026/09/10 12:04:20.198, 0, 12288, 11777, 339
2026/09/10 12:04:20.406, 0, 12288, 11777, 339
2026/09/10 12:04:20.614, 0, 12288, 11777, 339
2026/09/10 12:04:20.821, 0, 12288, 11777, 339
2026/09/10 12:04:21.029, 0, 12288, 11777, 339
2026/09/10 12:04:21.237, 0, 12288, 11777, 339
2026/09/10 12:04:21.444, 0, 12288, 11777, 339
2026/09/10 12:04:21.652, 0, 12288, 11777, 339
2026/09/10 12:04:21.859, 0, 12288, 11777, 339
2026/09/10 12:04:22.066, 0, 12288, 11777, 339
2026/09/10 12:04:22.274, 0, 12288, 11777, 339
2026/09/10 12:04:22.482, 0, 12288, 11777, 339
2026/09/10 12:04:22.687, 0, 12288, 11777, 339
2026/09/10 12:04:22.895, 0, 12288, 11777, 339
2026/09/10 12:04:23.103, 0, 12288, 11777, 339
2026/09/10 12:04:23.309, 0, 12288, 11777, 339
2026/09/10 12:04:23.516, 0, 12288, 11777, 339
2026/09/10 12:04:23.723, 0, 12288, 11777, 339
2026/09/10 12:04:23.930, 0, 12288, 11777, 339
2026/09/10 12:04:24.138, 0, 12288, 11777, 339
2026/09/10 12:04:24.346, 0, 12288, 11777, 339
2026/09/10 12:04:24.553, 0, 12288, 11777, 339
2026/09/10 12:04:24.760, 0, 12288, 11777, 339
2026/09/10 12:04:24.968, 0, 12288, 11777, 339
2026/09/10 12:04:25.176, 0, 12288, 11777, 339
2026/09/10 12:04:25.383, 0, 12288, 11777, 339
2026/09/10 12:04:25.591, 0, 12288, 11777, 339
2026/09/10 12:04:25.799, 0, 12288, 11777, 339
2026/09/10 12:04:26.007, 0, 12288, 11777, 339
2026/09/10 12:04:26.214, 0, 12288, 11777, 339
2026/09/10 12:04:26.422, 0, 12288, 11777, 339
2026/09/10 12:04:26.630, 0, 12288, 11777, 339
2026/09/10 12:04:26.837, 0, 12288, 11777, 339
2026/09/10 12:04:27.042, 0, 12288, 11777, 339
2026/09/10 12:04:27.250, 0, 12288, 11777, 339
2026/09/10 12:04:27.456, 0, 12288, 11777, 339
2026/09/10 12:04:27.661, 0, 12288, 11777, 339
2026/09/10 12:04:27.865, 0, 12288, 11777, 339
2026/09/10 12:04:28.073, 0, 12288, 11777, 339
2026/09/10 12:04:28.278, 0, 12288, 11777, 339
2026/09/10 12:04:28.485, 0, 12288, 11777, 339
2026/09/10 12:04:28.691, 0, 12288, 11777, 339
2026/09/10 12:04:28.898, 0, 12288, 11777, 339
2026/09/10 12:04:29.106, 0, 12288, 11777, 339
2026/09/10 12:04:29.313, 0, 12288, 11777, 339
2026/09/10 12:04:29.521, 0, 12288, 11777, 339
2026/09/10 12:04:29.727, 0, 12288, 11777, 339
2026/09/10 12:04:29.935, 0, 12288, 11777, 339
2026/09/10 12:04:30.159, 0, 12288, 11777, 339
2026/09/10 12:04:30.366, 0, 12288, 11777, 339
2026/09/10 12:04:30.574, 0, 12288, 11777, 339
2026/09/10 12:04:30.782, 0, 12288, 11777, 339
2026/09/10 12:04:30.989, 0, 12288, 11777, 339
2026/09/10 12:04:31.197, 0, 12288, 11777, 339
2026/09/10 12:04:31.404, 0, 12288, 11777, 339
2026/09/10 12:04:31.612, 0, 12288, 11777, 339
2026/09/10 12:04:31.819, 0, 12288, 11777, 339
2026/09/10 12:04:32.026, 0, 12288, 11777, 339
2026/09/10 12:04:32.234, 0, 12288, 11777, 339
2026/09/10 12:04:32.441, 0, 12288, 11777, 339
2026/09/10 12:04:32.649, 0, 12288, 11777, 339
2026/09/10 12:04:32.856, 0, 12288, 11777, 339
2026/09/10 12:04:33.062, 0, 12288, 11777, 339
2026/09/10 12:04:33.270, 0, 12288, 11777, 339
2026/09/10 12:04:33.478, 0, 12288, 11777, 339
2026/09/10 12:04:33.685, 0, 12288, 11777, 339
2026/09/10 12:04:33.888, 0, 12288, 11777, 339
2026/09/10 12:04:34.095, 0, 12288, 11777, 339
2026/09/10 12:04:34.301, 0, 12288, 11777, 339
2026/09/10 12:04:34.508, 0, 12288, 11777, 339
2026/09/10 12:04:34.716, 0, 12288, 11777, 339
2026/09/10 12:04:34.921, 0, 12288, 11777, 339
2026/09/10 12:04:35.129, 0, 12288, 11777, 339
2026/09/10 12:04:35.337, 0, 12288, 11777, 339
2026/09/10 12:04:35.544, 0, 12288, 11777, 339
2026/09/10 12:04:35.751, 0, 12288, 11777, 339
2026/09/10 12:04:35.959, 0, 12288, 11777, 339
2026/09/10 12:04:36.167, 0, 12288, 11777, 339
2026/09/10 12:04:36.375, 0, 12288, 11777, 339
2026/09/10 12:04:36.583, 0, 12288, 11777, 339
2026/09/10 12:04:36.788, 0, 12288, 11777, 339
2026/09/10 12:04:36.995, 0, 12288, 11777, 339
2026/09/10 12:04:37.203, 0, 12288, 11777, 339
2026/09/10 12:04:37.411, 0, 12288, 11777, 339
2026/09/10 12:04:37.618, 0, 12288, 11777, 339
2026/09/10 12:04:37.825, 0, 12288, 11777, 339
2026/09/10 12:04:38.032, 0, 12288, 11777, 339
2026/09/10 12:04:38.238, 0, 12288, 11777, 339
2026/09/10 12:04:38.446, 0, 12288, 11777, 339
2026/09/10 12:04:38.653, 0, 12288, 11777, 339
2026/09/10 12:04:38.860, 0, 12288, 11777, 339
2026/09/10 12:04:39.068, 0, 12288, 11777, 339
2026/09/10 12:04:39.275, 0, 12288, 11777, 339
2026/09/10 12:04:39.478, 0, 12288, 11777, 339
2026/09/10 12:04:39.684, 0, 12288, 11777, 339
2026/09/10 12:04:39.891, 0, 12288, 11777, 339
2026/09/10 12:04:40.099, 0, 12288, 11777, 339
2026/09/10 12:04:40.307, 0, 12288, 11777, 339
2026/09/10 12:04:40.514, 0, 12288, 11777, 339
2026/09/10 12:04:40.722, 0, 12288, 11777, 339
2026/09/10 12:04:40.930, 0, 12288, 11777, 339
2026/09/10 12:04:41.137, 0, 12288, 11777, 339
2026/09/10 12:04:41.345, 0, 12288, 11777, 339
2026/09/10 12:04:41.553, 0, 12288, 11777, 339
2026/09/10 12:04:41.759, 0, 12288, 11777, 339
2026/09/10 12:04:41.967, 0, 12288, 11777, 339
2026/09/10 12:04:42.175, 0, 12288, 11777, 339
2026/09/10 12:04:42.381, 0, 12288, 11777, 339
2026/09/10 12:04:42.588, 0, 12288, 11777, 339
2026/09/10 12:04:42.796, 0, 12288, 11777, 339
2026/09/10 12:04:43.004, 0, 12288, 11777, 339
2026/09/10 12:04:43.211, 0, 12288, 11777, 339
2026/09/10 12:04:43.419, 0, 12288, 11777, 339
2026/09/10 12:04:43.627, 0, 12288, 11777, 339
2026/09/10 12:04:43.834, 0, 12288, 11777, 339
2026/09/10 12:04:44.041, 0, 12288, 11777, 339
2026/09/10 12:04:44.249, 0, 12288, 11777, 339
2026/09/10 12:04:44.457, 0, 12288, 11777, 339
2026/09/10 12:04:44.665, 0, 12288, 11777, 339
2026/09/10 12:04:44.873, 0, 12288, 11777, 339
2026/09/10 12:04:45.079, 0, 12288, 11777, 339
2026/09/10 12:04:45.285, 0, 12288, 11777, 339
2026/09/10 12:04:45.492, 0, 12288, 11777, 339
2026/09/10 12:04:45.700, 0, 12288, 11777, 339
2026/09/10 12:04:45.908, 0, 12288, 11777, 339
2026/09/10 12:04:46.116, 0, 12288, 11777, 339
2026/09/10 12:04:46.324, 0, 12288, 11777, 339
2026/09/10 12:04:46.531, 0, 12288, 11777, 339
2026/09/10 12:04:46.737, 0, 12288, 11777, 339
2026/09/10 12:04:46.945, 0, 12288, 11777, 339
2026/09/10 12:04:47.153, 0, 12288, 11777, 339
2026/09/10 12:04:47.360, 0, 12288, 11777, 339
2026/09/10 12:04:47.567, 0, 12288, 11777, 339
2026/09/10 12:04:47.774, 0, 12288, 11777, 339
2026/09/10 12:04:47.980, 0, 12288, 11777, 339
2026/09/10 12:04:48.187, 0, 12288, 11777, 339
2026/09/10 12:04:48.395, 0, 12288, 11777, 339
2026/09/10 12:04:48.602, 0, 12288, 11777, 339
2026/09/10 12:04:48.810, 0, 12288, 11777, 339
2026/09/10 12:04:49.018, 0, 12288, 11777, 339
2026/09/10 12:04:49.242, 0, 12288, 11777, 339
2026/09/10 12:04:49.449, 0, 12288, 11777, 339
2026/09/10 12:04:49.655, 0, 12288, 11777, 339
2026/09/10 12:04:49.863, 0, 12288, 11777, 339
2026/09/10 12:04:50.071, 0, 12288, 11777, 339
2026/09/10 12:04:50.277, 0, 12288, 11777, 339
2026/09/10 12:04:50.483, 0, 12288, 11777, 339
2026/09/10 12:04:50.689, 0, 12288, 11777, 339
2026/09/10 12:04:50.897, 0, 12288, 11777, 339
2026/09/10 12:04:51.104, 0, 12288, 11777, 339
2026/09/10 12:04:51.312, 0, 12288, 11777, 339
2026/09/10 12:04:51.518, 0, 12288, 11777, 339
2026/09/10 12:04:51.726, 0, 12288, 11777, 339
2026/09/10 12:04:51.933, 0, 12288, 11777, 339
2026/09/10 12:04:52.140, 0, 12288, 11777, 339
2026/09/10 12:04:52.348, 0, 12288, 11777, 339
2026/09/10 12:04:52.556, 0, 12288, 11777, 339
2026/09/10 12:04:52.764, 0, 12288, 11777, 339
2026/09/10 12:04:52.970, 0, 12288, 11777, 339
2026/09/10 12:04:53.178, 0, 12288, 11777, 339
2026/09/10 12:04:53.386, 0, 12288, 11777, 339
2026/09/10 12:04:53.594, 0, 12288, 11777, 339
2026/09/10 12:04:53.802, 0, 12288, 11777, 339
2026/09/10 12:04:54.008, 0, 12288, 11777, 339
2026/09/10 12:04:54.216, 0, 12288, 11777, 339
2026/09/10 12:04:54.423, 0, 12288, 11777, 339
2026/09/10 12:04:54.630, 0, 12288, 11777, 339
2026/09/10 12:04:54.837, 0, 12288, 11777, 339
2026/09/10 12:04:55.045, 0, 12288, 11777, 339
2026/09/10 12:04:55.253, 0, 12288, 11777, 339
2026/09/10 12:04:55.461, 0, 12288, 11777, 339
2026/09/10 12:04:55.668, 0, 12288, 11777, 339
2026/09/10 12:04:55.876, 0, 12288, 11777, 339
2026/09/10 12:04:56.083, 0, 12288, 11777, 339
2026/09/10 12:04:56.288, 0, 12288, 11777, 339
2026/09/10 12:04:56.495, 0, 12288, 11777, 339
2026/09/10 12:04:56.701, 0, 12288, 11777, 339
2026/09/10 12:04:56.909, 0, 12288, 11777, 339
2026/09/10 12:04:57.117, 0, 12288, 11777, 339
2026/09/10 12:04:57.321, 0, 12288, 11777, 339
2026/09/10 12:04:57.528, 0, 12288, 11777, 339
2026/09/10 12:04:57.735, 0, 12288, 11777, 339
2026/09/10 12:04:57.943, 0, 12288, 11777, 339
2026/09/10 12:04:58.150, 0, 12288, 11777, 339
2026/09/10 12:04:58.357, 0, 12288, 11777, 339
2026/09/10 12:04:58.565, 0, 12288, 11777, 339
2026/09/10 12:04:58.772, 0, 12288, 11777, 339
2026/09/10 12:04:58.979, 0, 12288, 11777, 339
2026/09/10 12:04:59.186, 0, 12288, 11777, 339
2026/09/10 12:04:59.394, 0, 12288, 11777, 339
2026/09/10 12:04:59.602, 0, 12288, 11777, 339
2026/09/10 12:04:59.810, 0, 12288, 11777, 339
2026/09/10 12:05:00.018, 0, 12288, 11777, 339
2026/09/10 12:05:00.225, 0, 12288, 11777, 339
2026/09/10 12:05:00.433, 0, 12288, 11777, 339
2026/09/10 12:05:00.639, 0, 12288, 11777, 339
2026/09/10 12:05:00.847, 0, 12288, 11777, 339
2026/09/10 12:05:01.055, 0, 12288, 11777, 339
2026/09/10 12:05:01.262, 0, 12288, 11777, 339
2026/09/10 12:05:01.469, 0, 12288, 11777, 339
2026/09/10 12:05:01.677, 0, 12288, 11777, 339
2026/09/10 12:05:01.883, 0, 12288, 11777, 339
2026/09/10 12:05:02.090, 0, 12288, 11777, 339
2026/09/10 12:05:02.298, 0, 12288, 11777, 339
2026/09/10 12:05:02.506, 0, 12288, 11777, 339
2026/09/10 12:05:02.713, 0, 12288, 11777, 339
2026/09/10 12:05:02.921, 0, 12288, 11777, 339
2026/09/10 12:05:03.127, 0, 12288, 11777, 339
2026/09/10 12:05:03.334, 0, 12288, 11777, 339
2026/09/10 12:05:03.542, 0, 12288, 11777, 339
2026/09/10 12:05:03.750, 0, 12288, 11777, 339
2026/09/10 12:05:03.956, 0, 12288, 11777, 339
2026/09/10 12:05:04.164, 0, 12288, 11777, 339
2026/09/10 12:05:04.371, 0, 12288, 11777, 339
2026/09/10 12:05:04.579, 0, 12288, 11777, 339
2026/09/10 12:05:04.787, 0, 12288, 11777, 339
2026/09/10 12:05:04.994, 0, 12288, 11777, 339
2026/09/10 12:05:05.201, 0, 12288, 11777, 339
2026/09/10 12:05:05.408, 0, 12288, 11777, 339
2026/09/10 12:05:05.615, 0, 12288, 11777, 339
2026/09/10 12:05:05.823, 0, 12288, 11777, 339
2026/09/10 12:05:06.031, 0, 12288, 11777, 339
2026/09/10 12:05:06.238, 0, 12288, 11777, 339
2026/09/10 12:05:06.446, 0, 12288, 11777, 339
2026/09/10 12:05:06.654, 0, 12288, 11777, 339
2026/09/10 12:05:06.861, 0, 12288, 11777, 339
2026/09/10 12:05:07.069, 0, 12288, 11777, 339
2026/09/10 12:05:07.275, 0, 12288, 11777, 339
2026/09/10 12:05:07.482, 0, 12288, 11777, 339
2026/09/10 12:05:07.689, 0, 12288, 11777, 339
2026/09/10 12:05:07.897, 0, 12288, 11777, 339
2026/09/10 12:05:08.104, 0, 12288, 11777, 339
2026/09/10 12:05:08.312, 0, 12288, 11777, 339
2026/09/10 12:05:08.519, 0, 12288, 11777, 339
2026/09/10 12:05:08.726, 0, 12288, 11777, 339
2026/09/10 12:05:08.933, 0, 12288, 11777, 339
2026/09/10 12:05:09.140, 0, 12288, 11777, 339
2026/09/10 12:05:09.348, 0, 12288, 11777, 339
2026/09/10 12:05:09.555, 0, 12288, 11777, 339
2026/09/10 12:05:09.761, 0, 12288, 11777, 339
2026/09/10 12:05:09.969, 0, 12288, 11777, 339
2026/09/10 12:05:10.176, 0, 12288, 11777, 339
2026/09/10 12:05:10.384, 0, 12288, 11777, 339
2026/09/10 12:05:10.591, 0, 12288, 11777, 339
2026/09/10 12:05:10.798, 0, 12288, 11777, 339
2026/09/10 12:05:11.005, 0, 12288, 11777, 339
2026/09/10 12:05:11.211, 0, 12288, 11777, 339
2026/09/10 12:05:11.419, 0, 12288, 11777, 339
2026/09/10 12:05:11.626, 0, 12288, 11777, 339
2026/09/10 12:05:11.834, 0, 12288, 11777, 339
2026/09/10 12:05:12.040, 0, 12288, 11777, 339
2026/09/10 12:05:12.247, 0, 12288, 11777, 339
2026/09/10 12:05:12.454, 0, 12288, 11777, 339
2026/09/10 12:05:12.662, 0, 12288, 11777, 339
2026/09/10 12:05:12.867, 0, 12288, 11777, 339
2026/09/10 12:05:13.074, 0, 12288, 11777, 339
2026/09/10 12:05:13.281, 0, 12288, 11777, 339
2026/09/10 12:05:13.489, 0, 12288, 11777, 339
2026/09/10 12:05:13.696, 0, 12288, 11777, 339
2026/09/10 12:05:13.901, 0, 12288, 11777, 339
2026/09/10 12:05:14.109, 0, 12288, 11777, 339
2026/09/10 12:05:14.317, 0, 12288, 11777, 339
2026/09/10 12:05:14.525, 0, 12288, 11777, 339
2026/09/10 12:05:14.733, 0, 12288, 11777, 339
2026/09/10 12:05:14.941, 0, 12288, 11777, 339
2026/09/10 12:05:15.149, 0, 12288, 11777, 339
2026/09/10 12:05:15.357, 0, 12288, 11777, 339
2026/09/10 12:05:15.565, 0, 12288, 11777, 339
2026/09/10 12:05:15.773, 0, 12288, 11777, 339
2026/09/10 12:05:15.980, 0, 12288, 11777, 339
2026/09/10 12:05:16.187, 0, 12288, 11777, 339
2026/09/10 12:05:16.394, 0, 12288, 11777, 339
2026/09/10 12:05:16.602, 0, 12288, 11777, 339
2026/09/10 12:05:16.810, 0, 12288, 11777, 339
2026/09/10 12:05:17.018, 0, 12288, 11777, 339
2026/09/10 12:05:17.226, 0, 12288, 11777, 339
2026/09/10 12:05:17.433, 0, 12288, 11777, 339
2026/09/10 12:05:17.639, 0, 12288, 11777, 339
2026/09/10 12:05:17.847, 0, 12288, 11777, 339
2026/09/10 12:05:18.054, 0, 12288, 11777, 339
2026/09/10 12:05:18.262, 0, 12288, 11777, 339
2026/09/10 12:05:18.468, 0, 12288, 11777, 339
2026/09/10 12:05:18.674, 0, 12288, 11777, 339
2026/09/10 12:05:18.882, 0, 12288, 11777, 339
2026/09/10 12:05:19.089, 0, 12288, 11777, 339
2026/09/10 12:05:19.297, 0, 12288, 11777, 339
2026/09/10 12:05:19.504, 0, 12288, 11777, 339
2026/09/10 12:05:19.711, 0, 12288, 11777, 339
2026/09/10 12:05:19.919, 0, 12288, 11777, 339
2026/09/10 12:05:20.127, 0, 12288, 11777, 339
2026/09/10 12:05:20.334, 0, 12288, 11777, 339
2026/09/10 12:05:20.541, 0, 12288, 11777, 339
2026/09/10 12:05:20.748, 0, 12288, 11777, 339
2026/09/10 12:05:20.956, 0, 12288, 11777, 339
2026/09/10 12:05:21.163, 0, 12288, 11777, 339
2026/09/10 12:05:21.370, 0, 12288, 11777, 339
2026/09/10 12:05:21.578, 0, 12288, 11777, 339
2026/09/10 12:05:21.785, 0, 12288, 11777, 339
2026/09/10 12:05:21.992, 0, 12288, 11777, 339
2026/09/10 12:05:22.198, 0, 12288, 11777, 339
2026/09/10 12:05:22.406, 0, 12288, 11777, 339
2026/09/10 12:05:22.612, 0, 12288, 11777, 339
2026/09/10 12:05:22.820, 0, 12288, 11777, 339
2026/09/10 12:05:23.027, 0, 12288, 11777, 339
2026/09/10 12:05:23.235, 0, 12288, 11777, 339
2026/09/10 12:05:23.441, 0, 12288, 11777, 339
2026/09/10 12:05:23.648, 0, 12288, 11777, 339
2026/09/10 12:05:23.854, 0, 12288, 11777, 339
2026/09/10 12:05:24.061, 0, 12288, 11777, 339
2026/09/10 12:05:24.268, 0, 12288, 11777, 339
2026/09/10 12:05:24.474, 0, 12288, 11777, 339
2026/09/10 12:05:24.682, 0, 12288, 11777, 339
2026/09/10 12:05:24.889, 0, 12288, 11777, 339
2026/09/10 12:05:25.097, 0, 12288, 11777, 339
2026/09/10 12:05:25.305, 0, 12288, 11777, 339
2026/09/10 12:05:25.513, 0, 12288, 11777, 339
2026/09/10 12:05:25.721, 0, 12288, 11777, 339
2026/09/10 12:05:25.929, 0, 12288, 11777, 339
2026/09/10 12:05:26.134, 0, 12288, 11777, 339
2026/09/10 12:05:26.341, 0, 12288, 11777, 339
2026/09/10 12:05:26.549, 0, 12288, 11777, 339
2026/09/10 12:05:26.756, 0, 12288, 11777, 339
2026/09/10 12:05:26.963, 0, 12288, 11777, 339
2026/09/10 12:05:27.171, 0, 12288, 11777, 339
2026/09/10 12:05:27.379, 0, 12288, 11777, 339
2026/09/10 12:05:27.587, 0, 12288, 11777, 339
2026/09/10 12:05:27.792, 0, 12288, 11777, 339
2026/09/10 12:05:28.001, 0, 12288, 11777, 339
2026/09/10 12:05:28.207, 0, 12288, 11777, 339
2026/09/10 12:05:28.414, 0, 12288, 11777, 339
2026/09/10 12:05:28.618, 0, 12288, 11777, 339
2026/09/10 12:05:28.826, 0, 12288, 11777, 339
2026/09/10 12:05:29.033, 0, 12288, 11777, 339
2026/09/10 12:05:29.240, 0, 12288, 11777, 339
2026/09/10 12:05:29.448, 0, 12288, 11777, 339
2026/09/10 12:05:29.652, 0, 12288, 11777, 339
2026/09/10 12:05:29.859, 0, 12288, 11777, 339
2026/09/10 12:05:30.066, 0, 12288, 11777, 339
2026/09/10 12:05:30.272, 0, 12288, 11777, 339
2026/09/10 12:05:30.479, 0, 12288, 11777, 339
2026/09/10 12:05:30.687, 0, 12288, 11777, 339
2026/09/10 12:05:30.894, 0, 12288, 11777, 339
2026/09/10 12:05:31.102, 0, 12288, 11777, 339
2026/09/10 12:05:31.309, 0, 12288, 11777, 339
2026/09/10 12:05:31.516, 0, 12288, 11777, 339
2026/09/10 12:05:31.723, 0, 12288, 11777, 339
2026/09/10 12:05:31.930, 0, 12288, 11777, 339
2026/09/10 12:05:32.136, 0, 12288, 11777, 339
2026/09/10 12:05:32.343, 0, 12288, 11777, 339
2026/09/10 12:05:32.551, 0, 12288, 11777, 339
2026/09/10 12:05:32.758, 0, 12288, 11777, 339
2026/09/10 12:05:32.966, 0, 12288, 11777, 339
2026/09/10 12:05:33.173, 0, 12288, 11777, 339
2026/09/10 12:05:33.381, 0, 12288, 11777, 339
2026/09/10 12:05:33.589, 0, 12288, 11777, 339
2026/09/10 12:05:33.797, 0, 12288, 11777, 339
2026/09/10 12:05:34.004, 0, 12288, 11777, 339
2026/09/10 12:05:34.211, 0, 12288, 11777, 339
2026/09/10 12:05:34.418, 0, 12288, 11777, 339
2026/09/10 12:05:34.626, 0, 12288, 11777, 339
2026/09/10 12:05:34.833, 0, 12288, 11777, 339
2026/09/10 12:05:35.040, 0, 12288, 11777, 339
2026/09/10 12:05:35.245, 0, 12288, 11777, 339
2026/09/10 12:05:35.452, 0, 12288, 11777, 339
2026/09/10 12:05:35.658, 0, 12288, 11777, 339
2026/09/10 12:05:35.866, 0, 12288, 11777, 339
2026/09/10 12:05:36.074, 0, 12288, 11777, 339
2026/09/10 12:05:36.281, 0, 12288, 11777, 339
2026/09/10 12:05:36.489, 0, 12288, 11777, 339
2026/09/10 12:05:36.697, 0, 12288, 11777, 339
2026/09/10 12:05:36.904, 0, 12288, 11777, 339
2026/09/10 12:05:37.112, 0, 12288, 11777, 339
2026/09/10 12:05:37.319, 0, 12288, 11777, 339
2026/09/10 12:05:37.526, 0, 12288, 11777, 339
2026/09/10 12:05:37.734, 0, 12288, 11777, 339
2026/09/10 12:05:37.942, 0, 12288, 11777, 339
2026/09/10 12:05:38.149, 0, 12288, 11777, 339
2026/09/10 12:05:38.357, 0, 12288, 11777, 339
2026/09/10 12:05:38.565, 0, 12288, 11777, 339
2026/09/10 12:05:38.772, 0, 12288, 11777, 339
2026/09/10 12:05:38.980, 0, 12288, 11777, 339
2026/09/10 12:05:39.187, 0, 12288, 11777, 339
2026/09/10 12:05:39.394, 0, 12288, 11777, 339
2026/09/10 12:05:39.602, 0, 12288, 11777, 339
2026/09/10 12:05:39.810, 0, 12288, 11777, 339
2026/09/10 12:05:40.017, 0, 12288, 11777, 339
2026/09/10 12:05:40.221, 0, 12288, 11777, 339
2026/09/10 12:05:40.429, 0, 12288, 11777, 339
2026/09/10 12:05:40.637, 0, 12288, 11777, 339
2026/09/10 12:05:40.843, 0, 12288, 11777, 339
2026/09/10 12:05:41.051, 0, 12288, 11777, 339
2026/09/10 12:05:41.259, 0, 12288, 11777, 339
2026/09/10 12:05:41.466, 0, 12288, 11777, 339
2026/09/10 12:05:41.674, 0, 12288, 11777, 339
2026/09/10 12:05:41.882, 0, 12288, 11777, 339
2026/09/10 12:05:42.089, 0, 12288, 11777, 339
2026/09/10 12:05:42.296, 0, 12288, 11777, 339
2026/09/10 12:05:42.503, 0, 12288, 11777, 339
2026/09/10 12:05:42.711, 0, 12288, 11777, 339
2026/09/10 12:05:42.919, 0, 12288, 11777, 339
2026/09/10 12:05:43.127, 0, 12288, 11777, 339
2026/09/10 12:05:43.334, 0, 12288, 11777, 339
2026/09/10 12:05:43.541, 0, 12288, 11777, 339
2026/09/10 12:05:43.748, 0, 12288, 11777, 339
2026/09/10 12:05:43.955, 0, 12288, 11777, 339
2026/09/10 12:05:44.162, 0, 12288, 11777, 339
2026/09/10 12:05:44.370, 0, 12288, 11777, 339
2026/09/10 12:05:44.578, 0, 12288, 11777, 339
2026/09/10 12:05:44.785, 0, 12288, 11777, 339
2026/09/10 12:05:44.992, 0, 12288, 11777, 339
2026/09/10 12:05:45.200, 0, 12288, 11777, 339
2026/09/10 12:05:45.407, 0, 12288, 11777, 339
2026/09/10 12:05:45.615, 0, 12288, 11777, 339
2026/09/10 12:05:45.822, 0, 12288, 11777, 339
2026/09/10 12:05:46.030, 0, 12288, 11777, 339
2026/09/10 12:05:46.238, 0, 12288, 11777, 339
2026/09/10 12:05:46.442, 0, 12288, 11777, 339
2026/09/10 12:05:46.649, 0, 12288, 11777, 339
2026/09/10 12:05:46.857, 0, 12288, 11777, 339
2026/09/10 12:05:47.065, 0, 12288, 11777, 339
2026/09/10 12:05:47.273, 0, 12288, 11777, 339
2026/09/10 12:05:47.481, 0, 12288, 11777, 339
2026/09/10 12:05:47.688, 0, 12288, 11777, 339
2026/09/10 12:05:47.895, 0, 12288, 11777, 339
2026/09/10 12:05:48.102, 0, 12288, 11777, 339
2026/09/10 12:05:48.309, 0, 12288, 11777, 339
2026/09/10 12:05:48.517, 0, 12288, 11777, 339
2026/09/10 12:05:48.725, 0, 12288, 11777, 339
2026/09/10 12:05:48.933, 0, 12288, 11777, 339
2026/09/10 12:05:49.139, 0, 12288, 11777, 339
2026/09/10 12:05:49.346, 0, 12288, 11777, 339
2026/09/10 12:05:49.554, 0, 12288, 11777, 339
2026/09/10 12:05:49.760, 0, 12288, 11777, 339
2026/09/10 12:05:49.968, 0, 12288, 11777, 339
2026/09/10 12:05:50.176, 0, 12288, 11777, 339
2026/09/10 12:05:50.384, 0, 12288, 11777, 339
2026/09/10 12:05:50.590, 0, 12288, 11777, 339
2026/09/10 12:05:50.798, 0, 12288, 11777, 339
2026/09/10 12:05:51.005, 0, 12288, 11777, 339
2026/09/10 12:05:51.212, 0, 12288, 11777, 339
2026/09/10 12:05:51.420, 0, 12288, 11777, 339
2026/09/10 12:05:51.627, 0, 12288, 11777, 339
2026/09/10 12:05:51.834, 0, 12288, 11777, 339
2026/09/10 12:05:52.038, 0, 12288, 11777, 339
2026/09/10 12:05:52.246, 0, 12288, 11777, 339
2026/09/10 12:05:52.454, 0, 12288, 11777, 339
2026/09/10 12:05:52.662, 0, 12288, 11777, 339
2026/09/10 12:05:52.869, 0, 12288, 11777, 339
2026/09/10 12:05:53.077, 0, 12288, 11777, 339
2026/09/10 12:05:53.300, 0, 12288, 11777, 339
2026/09/10 12:05:53.508, 0, 12288, 11777, 339
2026/09/10 12:05:53.715, 0, 12288, 11777, 339
2026/09/10 12:05:53.921, 0, 12288, 11777, 339
2026/09/10 12:05:54.128, 0, 12288, 11777, 339
2026/09/10 12:05:54.336, 0, 12288, 11777, 339
2026/09/10 12:05:54.543, 0, 12288, 11777, 339
2026/09/10 12:05:54.751, 0, 12288, 11777, 339
2026/09/10 12:05:54.959, 0, 12288, 11777, 339
2026/09/10 12:05:55.166, 0, 12288, 11777, 339
2026/09/10 12:05:55.374, 0, 12288, 11777, 339
2026/09/10 12:05:55.581, 0, 12288, 11777, 339
2026/09/10 12:05:55.789, 0, 12288, 11777, 339
2026/09/10 12:05:55.995, 0, 12288, 11777, 339
2026/09/10 12:05:56.203, 0, 12288, 11777, 339
2026/09/10 12:05:56.411, 0, 12288, 11777, 339
2026/09/10 12:05:56.618, 0, 12288, 11777, 339
2026/09/10 12:05:56.825, 0, 12288, 11777, 339
2026/09/10 12:05:57.032, 0, 12288, 11777, 339
2026/09/10 12:05:57.239, 0, 12288, 11777, 339
2026/09/10 12:05:57.447, 0, 12288, 11777, 339
2026/09/10 12:05:57.652, 0, 12288, 11777, 339
2026/09/10 12:05:57.860, 0, 12288, 11777, 339
2026/09/10 12:05:58.068, 0, 12288, 11777, 339
2026/09/10 12:05:58.274, 0, 12288, 11777, 339
2026/09/10 12:05:58.480, 0, 12288, 11777, 339
2026/09/10 12:05:58.688, 0, 12288, 11777, 339
2026/09/10 12:05:58.895, 0, 12288, 11777, 339
2026/09/10 12:05:59.102, 0, 12288, 11777, 339
2026/09/10 12:05:59.309, 0, 12288, 11777, 339
2026/09/10 12:05:59.517, 0, 12288, 11777, 339
2026/09/10 12:05:59.725, 0, 12288, 11777, 339
2026/09/10 12:05:59.932, 0, 12288, 11777, 339
2026/09/10 12:06:00.137, 0, 12288, 11777, 339
2026/09/10 12:06:00.345, 0, 12288, 11777, 339
2026/09/10 12:06:00.553, 0, 12288, 11777, 339
2026/09/10 12:06:00.760, 0, 12288, 11777, 339
2026/09/10 12:06:00.968, 0, 12288, 11777, 339
2026/09/10 12:06:01.174, 0, 12288, 11777, 339
2026/09/10 12:06:01.381, 0, 12288, 11777, 339
2026/09/10 12:06:01.587, 0, 12288, 11777, 339
2026/09/10 12:06:01.795, 0, 12288, 11777, 339
2026/09/10 12:06:02.003, 0, 12288, 11777, 339
2026/09/10 12:06:02.211, 0, 12288, 11777, 339
2026/09/10 12:06:02.419, 0, 12288, 11777, 339
2026/09/10 12:06:02.627, 0, 12288, 11777, 339
2026/09/10 12:06:02.851, 0, 12288, 11777, 339
2026/09/10 12:06:03.058, 0, 12288, 11777, 339
2026/09/10 12:06:03.263, 0, 12288, 11777, 339
2026/09/10 12:06:03.471, 0, 12288, 11777, 339
2026/09/10 12:06:03.679, 0, 12288, 11777, 339
2026/09/10 12:06:03.886, 0, 12288, 11777, 339
2026/09/10 12:06:04.094, 0, 12288, 11777, 339
2026/09/10 12:06:04.301, 0, 12288, 11777, 339
2026/09/10 12:06:04.509, 0, 12288, 11777, 339
2026/09/10 12:06:04.717, 0, 12288, 11777, 339
2026/09/10 12:06:04.925, 0, 12288, 11777, 339
2026/09/10 12:06:05.132, 0, 12288, 11777, 339
2026/09/10 12:06:05.340, 0, 12288, 11777, 339
2026/09/10 12:06:05.548, 0, 12288, 11777, 339
2026/09/10 12:06:05.753, 0, 12288, 11777, 339
2026/09/10 12:06:05.960, 0, 12288, 11777, 339
2026/09/10 12:06:06.167, 0, 12288, 11777, 339
2026/09/10 12:06:06.374, 0, 12288, 11777, 339
2026/09/10 12:06:06.582, 0, 12288, 11777, 339
2026/09/10 12:06:06.789, 0, 12288, 11777, 339
2026/09/10 12:06:06.997, 0, 12288, 11777, 339
2026/09/10 12:06:07.204, 0, 12288, 11777, 339
2026/09/10 12:06:07.412, 0, 12288, 11777, 339
2026/09/10 12:06:07.618, 0, 12288, 11777, 339
2026/09/10 12:06:07.826, 0, 12288, 11777, 339
2026/09/10 12:06:08.034, 0, 12288, 11777, 339
2026/09/10 12:06:08.241, 0, 12288, 11777, 339
2026/09/10 12:06:08.448, 0, 12288, 11777, 339
2026/09/10 12:06:08.655, 0, 12288, 11777, 339
2026/09/10 12:06:08.858, 0, 12288, 11777, 339
2026/09/10 12:06:09.065, 0, 12288, 11777, 339
2026/09/10 12:06:09.273, 0, 12288, 11777, 339
2026/09/10 12:06:09.481, 0, 12288, 11777, 339
2026/09/10 12:06:09.688, 0, 12288, 11777, 339
2026/09/10 12:06:09.896, 0, 12288, 11777, 339
2026/09/10 12:06:10.102, 0, 12288, 11777, 339
2026/09/10 12:06:10.310, 0, 12288, 11777, 339
2026/09/10 12:06:10.518, 0, 12288, 11777, 339
2026/09/10 12:06:10.726, 0, 12288, 11777, 339
2026/09/10 12:06:10.933, 0, 12288, 11777, 339
2026/09/10 12:06:11.140, 0, 12288, 11777, 339
2026/09/10 12:06:11.347, 0, 12288, 11777, 339
2026/09/10 12:06:11.554, 0, 12288, 11777, 339
2026/09/10 12:06:11.761, 0, 12288, 11777, 339
2026/09/10 12:06:11.969, 0, 12288, 11777, 339
2026/09/10 12:06:12.177, 0, 12288, 11777, 339
2026/09/10 12:06:12.384, 0, 12288, 11777, 339
2026/09/10 12:06:12.590, 0, 12288, 11777, 339
2026/09/10 12:06:12.798, 0, 12288, 11777, 339
2026/09/10 12:06:13.006, 0, 12288, 11777, 339
2026/09/10 12:06:13.214, 0, 12288, 11777, 339
2026/09/10 12:06:13.422, 0, 12288, 11777, 339
2026/09/10 12:06:13.628, 0, 12288, 11777, 339
2026/09/10 12:06:13.833, 0, 12288, 11777, 339
2026/09/10 12:06:14.038, 0, 12288, 11777, 339
2026/09/10 12:06:14.246, 0, 12288, 11777, 339
2026/09/10 12:06:14.449, 0, 12288, 11777, 339
2026/09/10 12:06:14.657, 0, 12288, 11777, 339
2026/09/10 12:06:14.865, 0, 12288, 11777, 339
2026/09/10 12:06:15.072, 0, 12288, 11777, 339
2026/09/10 12:06:15.280, 0, 12288, 11777, 339
2026/09/10 12:06:15.487, 0, 12288, 11777, 339
2026/09/10 12:06:15.694, 0, 12288, 11777, 339
2026/09/10 12:06:15.901, 0, 12288, 11777, 339
2026/09/10 12:06:16.109, 0, 12288, 11777, 339
2026/09/10 12:06:16.315, 0, 12288, 11777, 339
2026/09/10 12:06:16.519, 0, 12288, 11777, 339
2026/09/10 12:06:16.727, 0, 12288, 11777, 339
2026/09/10 12:06:16.930, 0, 12288, 11777, 339
2026/09/10 12:06:17.138, 0, 12288, 11777, 339
2026/09/10 12:06:17.346, 0, 12288, 11777, 339
2026/09/10 12:06:17.553, 0, 12288, 11777, 339
2026/09/10 12:06:17.761, 0, 12288, 11777, 339
2026/09/10 12:06:17.969, 0, 12288, 11777, 339
2026/09/10 12:06:18.177, 0, 12288, 11777, 339
2026/09/10 12:06:18.384, 0, 12288, 11777, 339
2026/09/10 12:06:18.591, 0, 12288, 11777, 339
2026/09/10 12:06:18.799, 0, 12288, 11777, 339
2026/09/10 12:06:19.006, 0, 12288, 11777, 339
2026/09/10 12:06:19.214, 0, 12288, 11777, 339
2026/09/10 12:06:19.422, 0, 12288, 11777, 339
2026/09/10 12:06:19.630, 0, 12288, 11777, 339
2026/09/10 12:06:19.838, 0, 12288, 11777, 339
2026/09/10 12:06:20.043, 0, 12288, 11777, 339
2026/09/10 12:06:20.250, 0, 12288, 11777, 339
2026/09/10 12:06:20.458, 0, 12288, 11777, 339
2026/09/10 12:06:20.665, 0, 12288, 11777, 339
2026/09/10 12:06:20.873, 0, 12288, 11777, 339
2026/09/10 12:06:21.081, 0, 12288, 11777, 339
2026/09/10 12:06:21.289, 0, 12288, 11777, 339
2026/09/10 12:06:21.497, 0, 12288, 11777, 339
2026/09/10 12:06:21.705, 0, 12288, 11777, 339
2026/09/10 12:06:21.928, 0, 12288, 11777, 339
2026/09/10 12:06:22.136, 0, 12288, 11777, 339
2026/09/10 12:06:22.344, 0, 12288, 11777, 339
2026/09/10 12:06:22.552, 0, 12288, 11777, 339
2026/09/10 12:06:22.760, 0, 12288, 11777, 339
2026/09/10 12:06:22.968, 0, 12288, 11777, 339
2026/09/10 12:06:23.176, 0, 12288, 11777, 339
2026/09/10 12:06:23.383, 0, 12288, 11777, 339
2026/09/10 12:06:23.590, 0, 12288, 11777, 339
2026/09/10 12:06:23.797, 0, 12288, 11777, 339
2026/09/10 12:06:24.004, 0, 12288, 11777, 339
2026/09/10 12:06:24.211, 0, 12288, 11777, 339
2026/09/10 12:06:24.418, 0, 12288, 11777, 339
2026/09/10 12:06:24.626, 0, 12288, 11777, 339
2026/09/10 12:06:24.833, 0, 12288, 11777, 339
2026/09/10 12:06:25.040, 0, 12288, 11777, 339
2026/09/10 12:06:25.248, 0, 12288, 11777, 339
2026/09/10 12:06:25.454, 0, 12288, 11777, 339
2026/09/10 12:06:25.660, 0, 12288, 11777, 339
2026/09/10 12:06:25.868, 0, 12288, 11777, 339
2026/09/10 12:06:26.075, 0, 12288, 11777, 339
2026/09/10 12:06:26.283, 0, 12288, 11777, 339
2026/09/10 12:06:26.491, 0, 12288, 11777, 339
2026/09/10 12:06:26.699, 0, 12288, 11777, 339
2026/09/10 12:06:26.906, 0, 12288, 11777, 339
2026/09/10 12:06:27.114, 0, 12288, 11777, 339
2026/09/10 12:06:27.321, 0, 12288, 11777, 339
2026/09/10 12:06:27.528, 0, 12288, 11777, 339
2026/09/10 12:06:27.736, 0, 12288, 11777, 339
2026/09/10 12:06:27.944, 0, 12288, 11777, 339
2026/09/10 12:06:28.152, 0, 12288, 11777, 339
2026/09/10 12:06:28.360, 0, 12288, 11777, 339
2026/09/10 12:06:28.568, 0, 12288, 11777, 339
2026/09/10 12:06:28.775, 0, 12288, 11777, 339
2026/09/10 12:06:28.982, 0, 12288, 11777, 339
2026/09/10 12:06:29.190, 0, 12288, 11777, 339
2026/09/10 12:06:29.398, 0, 12288, 11777, 339
2026/09/10 12:06:29.604, 0, 12288, 11777, 339
2026/09/10 12:06:29.811, 0, 12288, 11777, 339
2026/09/10 12:06:30.017, 0, 12288, 11777, 339
2026/09/10 12:06:30.223, 0, 12288, 11777, 339
2026/09/10 12:06:30.429, 0, 12288, 11777, 339
2026/09/10 12:06:30.634, 0, 12288, 11777, 339
2026/09/10 12:06:30.842, 0, 12288, 11777, 339
2026/09/10 12:06:31.048, 0, 12288, 11777, 339
2026/09/10 12:06:31.254, 0, 12288, 11777, 339
2026/09/10 12:06:31.477, 0, 12288, 11777, 339
2026/09/10 12:06:31.685, 0, 12288, 11777, 339
2026/09/10 12:06:31.891, 0, 12288, 11777, 339
2026/09/10 12:06:32.098, 0, 12288, 11777, 339
2026/09/10 12:06:32.305, 0, 12288, 11777, 339
2026/09/10 12:06:32.513, 0, 12288, 11777, 339
2026/09/10 12:06:32.721, 0, 12288, 11777, 339
2026/09/10 12:06:32.928, 0, 12288, 11777, 339
2026/09/10 12:06:33.136, 0, 12288, 11777, 339
2026/09/10 12:06:33.344, 0, 12288, 11777, 339
2026/09/10 12:06:33.552, 0, 12288, 11777, 339
2026/09/10 12:06:33.760, 0, 12288, 11777, 339
2026/09/10 12:06:33.967, 0, 12288, 11777, 339
2026/09/10 12:06:34.174, 0, 12288, 11777, 339
2026/09/10 12:06:34.381, 0, 12288, 11777, 339
2026/09/10 12:06:34.589, 0, 12288, 11777, 339
2026/09/10 12:06:34.796, 0, 12288, 11777, 339
2026/09/10 12:06:35.004, 0, 12288, 11777, 339
2026/09/10 12:06:35.212, 0, 12288, 11777, 339
2026/09/10 12:06:35.419, 0, 12288, 11777, 339
2026/09/10 12:06:35.625, 0, 12288, 11777, 339
2026/09/10 12:06:35.833, 0, 12288, 11777, 339
2026/09/10 12:06:36.041, 0, 12288, 11777, 339
2026/09/10 12:06:36.249, 0, 12288, 11777, 339
2026/09/10 12:06:36.457, 0, 12288, 11777, 339
2026/09/10 12:06:36.665, 0, 12288, 11777, 339
2026/09/10 12:06:36.871, 0, 12288, 11777, 339
2026/09/10 12:06:37.079, 0, 12288, 11777, 339
2026/09/10 12:06:37.287, 0, 12288, 11777, 339
2026/09/10 12:06:37.494, 0, 12288, 11777, 339
2026/09/10 12:06:37.700, 0, 12288, 11777, 339
2026/09/10 12:06:37.907, 0, 12288, 11777, 339
2026/09/10 12:06:38.115, 0, 12288, 11777, 339
2026/09/10 12:06:38.323, 0, 12288, 11777, 339
2026/09/10 12:06:38.531, 0, 12288, 11777, 339
2026/09/10 12:06:38.738, 0, 12288, 11777, 339
2026/09/10 12:06:38.945, 0, 12288, 11777, 339
2026/09/10 12:06:39.153, 0, 12288, 11777, 339
2026/09/10 12:06:39.361, 0, 12288, 11777, 339
2026/09/10 12:06:39.568, 0, 12288, 11777, 339
2026/09/10 12:06:39.775, 0, 12288, 11777, 339
2026/09/10 12:06:39.983, 0, 12288, 11777, 339
2026/09/10 12:06:40.191, 0, 12288, 11777, 339
2026/09/10 12:06:40.398, 0, 12288, 11777, 339
2026/09/10 12:06:40.606, 0, 12288, 11777, 339
2026/09/10 12:06:40.812, 0, 12288, 11777, 339
2026/09/10 12:06:41.020, 0, 12288, 11777, 339
2026/09/10 12:06:41.227, 0, 12288, 11777, 339
2026/09/10 12:06:41.435, 0, 12288, 11777, 339
2026/09/10 12:06:41.642, 0, 12288, 11777, 339
2026/09/10 12:06:41.849, 0, 12288, 11777, 339
2026/09/10 12:06:42.055, 0, 12288, 11777, 339
2026/09/10 12:06:42.263, 0, 12288, 11777, 339
2026/09/10 12:06:42.468, 0, 12288, 11777, 339
2026/09/10 12:06:42.676, 0, 12288, 11777, 339
2026/09/10 12:06:42.884, 0, 12288, 11777, 339
2026/09/10 12:06:43.091, 0, 12288, 11777, 339
2026/09/10 12:06:43.299, 0, 12288, 11777, 339
2026/09/10 12:06:43.507, 0, 12288, 11777, 339
2026/09/10 12:06:43.714, 0, 12288, 11777, 339
2026/09/10 12:06:43.921, 0, 12288, 11777, 339
2026/09/10 12:06:44.128, 0, 12288, 11777, 339
2026/09/10 12:06:44.336, 0, 12288, 11777, 339
2026/09/10 12:06:44.543, 0, 12288, 11777, 339
2026/09/10 12:06:44.751, 0, 12288, 11777, 339
2026/09/10 12:06:44.958, 0, 12288, 11777, 339
2026/09/10 12:06:45.165, 0, 12288, 11777, 339
2026/09/10 12:06:45.371, 0, 12288, 11777, 339
2026/09/10 12:06:45.579, 0, 12288, 11777, 339
2026/09/10 12:06:45.787, 0, 12288, 11777, 339
2026/09/10 12:06:45.995, 0, 12288, 11777, 339
2026/09/10 12:06:46.203, 0, 12288, 11777, 339
2026/09/10 12:06:46.410, 0, 12288, 11777, 339
2026/09/10 12:06:46.618, 0, 12288, 11777, 339
2026/09/10 12:06:46.826, 0, 12288, 11777, 339
2026/09/10 12:06:47.032, 0, 12288, 11777, 339
2026/09/10 12:06:47.239, 0, 12288, 11777, 339
2026/09/10 12:06:47.447, 0, 12288, 11777, 339
2026/09/10 12:06:47.654, 0, 12288, 11777, 339
2026/09/10 12:06:47.860, 0, 12288, 11777, 339
2026/09/10 12:06:48.066, 0, 12288, 11777, 339
2026/09/10 12:06:48.274, 0, 12288, 11777, 339
2026/09/10 12:06:48.482, 0, 12288, 11777, 339
2026/09/10 12:06:48.690, 0, 12288, 11777, 339
2026/09/10 12:06:48.898, 0, 12288, 11777, 339
2026/09/10 12:06:49.105, 0, 12288, 11777, 339
2026/09/10 12:06:49.312, 0, 12288, 11777, 339
2026/09/10 12:06:49.519, 0, 12288, 11777, 339
2026/09/10 12:06:49.726, 0, 12288, 11777, 339
2026/09/10 12:06:49.934, 0, 12288, 11777, 339
2026/09/10 12:06:50.142, 0, 12288, 11777, 339
2026/09/10 12:06:50.349, 0, 12288, 11777, 339
2026/09/10 12:06:50.557, 0, 12288, 11777, 339
2026/09/10 12:06:50.764, 0, 12288, 11777, 339
2026/09/10 12:06:50.972, 0, 12288, 11777, 339
2026/09/10 12:06:51.180, 0, 12288, 11777, 339
2026/09/10 12:06:51.386, 0, 12288, 11777, 339
2026/09/10 12:06:51.593, 0, 12288, 11777, 339
2026/09/10 12:06:51.801, 0, 12288, 11777, 339
2026/09/10 12:06:52.007, 0, 12288, 11777, 339
2026/09/10 12:06:52.214, 0, 12288, 11777, 339
2026/09/10 12:06:52.422, 0, 12288, 11777, 339
2026/09/10 12:06:52.630, 0, 12288, 11777, 339
2026/09/10 12:06:52.837, 0, 12288, 11777, 339
2026/09/10 12:06:53.045, 0, 12288, 11777, 339
2026/09/10 12:06:53.252, 0, 12288, 11777, 339
2026/09/10 12:06:53.459, 0, 12288, 11777, 339
2026/09/10 12:06:53.664, 0, 12288, 11777, 339
2026/09/10 12:06:53.870, 0, 12288, 11777, 339
2026/09/10 12:06:54.077, 0, 12288, 11777, 339
2026/09/10 12:06:54.284, 0, 12288, 11777, 339
2026/09/10 12:06:54.491, 0, 12288, 11777, 339
2026/09/10 12:06:54.698, 0, 12288, 11777, 339
2026/09/10 12:06:54.905, 0, 12288, 11777, 339
2026/09/10 12:06:55.113, 0, 12288, 11777, 339
2026/09/10 12:06:55.321, 0, 12288, 11777, 339
2026/09/10 12:06:55.529, 0, 12288, 11777, 339
2026/09/10 12:06:55.737, 0, 12288, 11777, 339
2026/09/10 12:06:55.944, 0, 12288, 11777, 339
2026/09/10 12:06:56.153, 0, 12288, 11777, 339
2026/09/10 12:06:56.361, 0, 12288, 11777, 339
2026/09/10 12:06:56.569, 0, 12288, 11777, 339
2026/09/10 12:06:56.777, 0, 12288, 11777, 339
2026/09/10 12:06:56.985, 0, 12288, 11777, 339
2026/09/10 12:06:57.192, 0, 12288, 11777, 339
2026/09/10 12:06:57.399, 0, 12288, 11777, 339
2026/09/10 12:06:57.606, 0, 12288, 11777, 339
2026/09/10 12:06:57.814, 0, 12288, 11777, 339
2026/09/10 12:06:58.022, 0, 12288, 11777, 339
2026/09/10 12:06:58.230, 0, 12288, 11777, 339
2026/09/10 12:06:58.435, 0, 12288, 11777, 339
2026/09/10 12:06:58.643, 0, 12288, 11777, 339
2026/09/10 12:06:58.849, 0, 12288, 11777, 339
2026/09/10 12:06:59.056, 0, 12288, 11777, 339
2026/09/10 12:06:59.262, 0, 12288, 11777, 339
2026/09/10 12:06:59.470, 0, 12288, 11777, 339
2026/09/10 12:06:59.677, 0, 12288, 11777, 339
2026/09/10 12:06:59.883, 0, 12288, 11777, 339
2026/09/10 12:07:00.091, 0, 12288, 11777, 339
2026/09/10 12:07:00.297, 0, 12288, 11777, 339
2026/09/10 12:07:00.505, 0, 12288, 11777, 339
2026/09/10 12:07:00.713, 0, 12288, 11777, 339
2026/09/10 12:07:00.920, 0, 12288, 11777, 339
2026/09/10 12:07:01.128, 0, 12288, 11777, 339
2026/09/10 12:07:01.334, 0, 12288, 11777, 339
2026/09/10 12:07:01.542, 0, 12288, 11777, 339
2026/09/10 12:07:01.750, 0, 12288, 11777, 339
2026/09/10 12:07:01.957, 0, 12288, 11777, 339
2026/09/10 12:07:02.165, 0, 12288, 11777, 339
2026/09/10 12:07:02.373, 0, 12288, 11777, 339
2026/09/10 12:07:02.581, 0, 12288, 11777, 339
2026/09/10 12:07:02.788, 0, 12288, 11777, 339
2026/09/10 12:07:02.996, 0, 12288, 11777, 339
2026/09/10 12:07:03.203, 0, 12288, 11777, 339
2026/09/10 12:07:03.411, 0, 12288, 11777, 339
2026/09/10 12:07:03.618, 0, 12288, 11777, 339
2026/09/10 12:07:03.826, 0, 12288, 11777, 339
2026/09/10 12:07:04.032, 0, 12288, 11777, 339
2026/09/10 12:07:04.240, 0, 12288, 11777, 339
2026/09/10 12:07:04.447, 0, 12288, 11777, 339
2026/09/10 12:07:04.655, 0, 12288, 11777, 339
2026/09/10 12:07:04.861, 0, 12288, 11777, 339
2026/09/10 12:07:05.069, 0, 12288, 11777, 339
2026/09/10 12:07:05.274, 0, 12288, 11777, 339
2026/09/10 12:07:05.480, 0, 12288, 11777, 339
2026/09/10 12:07:05.687, 0, 12288, 11777, 339
2026/09/10 12:07:05.893, 0, 12288, 11777, 339
2026/09/10 12:07:06.101, 0, 12288, 11777, 339
2026/09/10 12:07:06.309, 0, 12288, 11777, 339
2026/09/10 12:07:06.516, 0, 12288, 11777, 339
2026/09/10 12:07:06.722, 0, 12288, 11777, 339
2026/09/10 12:07:06.930, 0, 12288, 11777, 339
2026/09/10 12:07:07.138, 0, 12288, 11777, 339
2026/09/10 12:07:07.346, 0, 12288, 11777, 339
2026/09/10 12:07:07.554, 0, 12288, 11777, 339
2026/09/10 12:07:07.761, 0, 12288, 11777, 339
2026/09/10 12:07:07.968, 0, 12288, 11777, 339
2026/09/10 12:07:08.175, 0, 12288, 11777, 339
2026/09/10 12:07:08.382, 0, 12288, 11777, 339
2026/09/10 12:07:08.588, 0, 12288, 11777, 339
2026/09/10 12:07:08.796, 0, 12288, 11777, 339
2026/09/10 12:07:09.004, 0, 12288, 11777, 339
2026/09/10 12:07:09.212, 0, 12288, 11777, 339
2026/09/10 12:07:09.419, 0, 12288, 11777, 339
2026/09/10 12:07:09.642, 0, 12288, 11777, 339
2026/09/10 12:07:09.850, 0, 12288, 11777, 339
2026/09/10 12:07:10.058, 0, 12288, 11777, 339
2026/09/10 12:07:10.266, 0, 12288, 11777, 339
2026/09/10 12:07:10.472, 0, 12288, 11777, 339
2026/09/10 12:07:10.678, 0, 12288, 11777, 339
2026/09/10 12:07:10.885, 0, 12288, 11777, 339
2026/09/10 12:07:11.093, 0, 12288, 11777, 339
2026/09/10 12:07:11.300, 0, 12288, 11777, 339
2026/09/10 12:07:11.507, 0, 12288, 11777, 339
2026/09/10 12:07:11.714, 0, 12288, 11777, 339
2026/09/10 12:07:11.922, 0, 12288, 11777, 339
2026/09/10 12:07:12.130, 0, 12288, 11777, 339
2026/09/10 12:07:12.338, 0, 12288, 11777, 339
2026/09/10 12:07:12.545, 0, 12288, 11777, 339
2026/09/10 12:07:12.752, 0, 12288, 11777, 339
2026/09/10 12:07:12.960, 0, 12288, 11777, 339
2026/09/10 12:07:13.167, 0, 12288, 11777, 339
2026/09/10 12:07:13.374, 0, 12288, 11777, 339
2026/09/10 12:07:13.582, 0, 12288, 11777, 339
2026/09/10 12:07:13.790, 0, 12288, 11777, 339
2026/09/10 12:07:13.997, 0, 12288, 11777, 339
2026/09/10 12:07:14.205, 0, 12288, 11777, 339
2026/09/10 12:07:14.413, 0, 12288, 11777, 339
2026/09/10 12:07:14.621, 0, 12288, 11777, 339
2026/09/10 12:07:14.828, 0, 12288, 11777, 339
2026/09/10 12:07:15.036, 0, 12288, 11777, 339
2026/09/10 12:07:15.242, 0, 12288, 11777, 339
2026/09/10 12:07:15.449, 0, 12288, 11777, 339
2026/09/10 12:07:15.656, 0, 12288, 11777, 339
2026/09/10 12:07:15.863, 0, 12288, 11777, 339
2026/09/10 12:07:16.069, 0, 12288, 11777, 339
2026/09/10 12:07:16.277, 0, 12288, 11777, 339
2026/09/10 12:07:16.483, 0, 12288, 11777, 339
2026/09/10 12:07:16.690, 0, 12288, 11777, 339
2026/09/10 12:07:16.898, 0, 12288, 11777, 339
2026/09/10 12:07:17.105, 0, 12288, 11777, 339
2026/09/10 12:07:17.313, 0, 12288, 11777, 339
2026/09/10 12:07:17.521, 0, 12288, 11777, 339
2026/09/10 12:07:17.729, 0, 12288, 11777, 339
2026/09/10 12:07:17.937, 0, 12288, 11777, 339
2026/09/10 12:07:18.145, 0, 12288, 11777, 339
2026/09/10 12:07:18.352, 0, 12288, 11777, 339
2026/09/10 12:07:18.560, 0, 12288, 11777, 339
2026/09/10 12:07:18.768, 0, 12288, 11777, 339
2026/09/10 12:07:18.975, 0, 12288, 11777, 339
2026/09/10 12:07:19.183, 0, 12288, 11777, 339
2026/09/10 12:07:19.390, 0, 12288, 11777, 339
2026/09/10 12:07:19.598, 0, 12288, 11777, 339
2026/09/10 12:07:19.806, 0, 12288, 11777, 339
2026/09/10 12:07:20.013, 0, 12288, 11777, 339
2026/09/10 12:07:20.221, 0, 12288, 11777, 339
2026/09/10 12:07:20.427, 0, 12288, 11777, 339
2026/09/10 12:07:20.633, 0, 12288, 11777, 339
2026/09/10 12:07:20.840, 0, 12288, 11777, 339
2026/09/10 12:07:21.048, 0, 12288, 11777, 339
2026/09/10 12:07:21.256, 0, 12288, 11777, 339
2026/09/10 12:07:21.461, 0, 12288, 11777, 339
2026/09/10 12:07:21.669, 0, 12288, 11777, 339
2026/09/10 12:07:21.877, 0, 12288, 11777, 339
2026/09/10 12:07:22.085, 0, 12288, 11777, 339
2026/09/10 12:07:22.290, 0, 12288, 11777, 339
2026/09/10 12:07:22.498, 0, 12288, 11777, 339
2026/09/10 12:07:22.706, 0, 12288, 11777, 339
2026/09/10 12:07:22.913, 0, 12288, 11777, 339
2026/09/10 12:07:23.121, 0, 12288, 11777, 339
2026/09/10 12:07:23.327, 0, 12288, 11777, 339
2026/09/10 12:07:23.534, 0, 12288, 11777, 339
2026/09/10 12:07:23.741, 0, 12288, 11777, 339
2026/09/10 12:07:23.948, 0, 12288, 11777, 339
2026/09/10 12:07:24.156, 0, 12288, 11777, 339
2026/09/10 12:07:24.363, 0, 12288, 11777, 339
2026/09/10 12:07:24.571, 0, 12288, 11777, 339
2026/09/10 12:07:24.776, 0, 12288, 11777, 339
2026/09/10 12:07:24.983, 0, 12288, 11777, 339
2026/09/10 12:07:25.191, 0, 12288, 11777, 339
2026/09/10 12:07:25.399, 0, 12288, 11777, 339
2026/09/10 12:07:25.605, 0, 12288, 11777, 339
2026/09/10 12:07:25.813, 0, 12288, 11777, 339
2026/09/10 12:07:26.021, 0, 12288, 11777, 339
2026/09/10 12:07:26.227, 0, 12288, 11777, 339
2026/09/10 12:07:26.433, 0, 12288, 11777, 339
2026/09/10 12:07:26.640, 0, 12288, 11777, 339
2026/09/10 12:07:26.848, 0, 12288, 11777, 339
2026/09/10 12:07:27.053, 0, 12288, 11777, 339
2026/09/10 12:07:27.259, 0, 12288, 11777, 339
2026/09/10 12:07:27.466, 0, 12288, 11777, 339
2026/09/10 12:07:27.674, 0, 12288, 11777, 339
2026/09/10 12:07:27.882, 0, 12288, 11777, 339
2026/09/10 12:07:28.088, 0, 12288, 11777, 339
2026/09/10 12:07:28.293, 0, 12288, 11777, 339
2026/09/10 12:07:28.499, 0, 12288, 11777, 339
2026/09/10 12:07:28.706, 0, 12288, 11777, 339
2026/09/10 12:07:28.914, 0, 12288, 11777, 339
2026/09/10 12:07:29.120, 0, 12288, 11777, 339
2026/09/10 12:07:29.324, 0, 12288, 11777, 339
2026/09/10 12:07:29.530, 0, 12288, 11777, 339
2026/09/10 12:07:29.735, 0, 12288, 11777, 339
2026/09/10 12:07:29.943, 0, 12288, 11777, 339
2026/09/10 12:07:30.147, 0, 12288, 11777, 339
2026/09/10 12:07:30.353, 0, 12288, 11777, 339
2026/09/10 12:07:30.559, 0, 12288, 11777, 339
2026/09/10 12:07:30.764, 0, 12288, 11777, 339
2026/09/10 12:07:30.970, 0, 12288, 11777, 339
2026/09/10 12:07:31.174, 0, 12288, 11777, 339
2026/09/10 12:07:31.380, 0, 12288, 11777, 339
2026/09/10 12:07:31.587, 0, 12288, 11777, 339
2026/09/10 12:07:31.789, 0, 12288, 11777, 339
2026/09/10 12:07:31.997, 0, 12288, 11777, 339
2026/09/10 12:07:32.203, 0, 12288, 11777, 339
2026/09/10 12:07:32.408, 0, 12288, 11777, 339
2026/09/10 12:07:32.615, 0, 12288, 11777, 339
2026/09/10 12:07:32.816, 0, 12288, 11777, 339
2026/09/10 12:07:33.022, 0, 12288, 11777, 339
2026/09/10 12:07:33.228, 0, 12288, 11777, 339
2026/09/10 12:07:33.435, 0, 12288, 11777, 339
2026/09/10 12:07:33.643, 0, 12288, 11777, 339
2026/09/10 12:07:33.849, 0, 12288, 11777, 339
2026/09/10 12:07:34.054, 0, 12288, 11777, 339
2026/09/10 12:07:34.262, 0, 12288, 11777, 339
2026/09/10 12:07:34.466, 0, 12288, 11777, 339
2026/09/10 12:07:34.674, 0, 12288, 11777, 339
2026/09/10 12:07:34.879, 0, 12288, 11777, 339
2026/09/10 12:07:35.086, 0, 12288, 11777, 339
2026/09/10 12:07:35.293, 0, 12288, 11777, 339
2026/09/10 12:07:35.496, 0, 12288, 11777, 339
2026/09/10 12:07:35.703, 0, 12288, 11777, 339
2026/09/10 12:07:35.911, 0, 12288, 11777, 339
2026/09/10 12:07:36.117, 0, 12288, 11777, 339
2026/09/10 12:07:36.325, 0, 12288, 11777, 339
2026/09/10 12:07:36.529, 0, 12288, 11777, 339
2026/09/10 12:07:36.736, 0, 12288, 11777, 339
2026/09/10 12:07:36.943, 0, 12288, 11777, 339
2026/09/10 12:07:37.145, 0, 12288, 11777, 339
2026/09/10 12:07:37.352, 0, 12288, 11777, 339
2026/09/10 12:07:37.557, 0, 12288, 11777, 339
2026/09/10 12:07:37.764, 0, 12288, 11777, 339
2026/09/10 12:07:37.971, 0, 12288, 11777, 339
2026/09/10 12:07:38.174, 0, 12288, 11777, 339
2026/09/10 12:07:38.379, 0, 12288, 11777, 339
2026/09/10 12:07:38.583, 0, 12288, 11777, 339
2026/09/10 12:07:38.789, 0, 12288, 11777, 339
2026/09/10 12:07:38.996, 0, 12288, 11777, 339
2026/09/10 12:07:39.204, 0, 12288, 11777, 339
2026/09/10 12:07:39.412, 0, 12288, 11777, 339
2026/09/10 12:07:39.636, 0, 12288, 11777, 339
2026/09/10 12:07:39.843, 0, 12288, 11777, 339
2026/09/10 12:07:40.050, 0, 12288, 11777, 339
2026/09/10 12:07:40.258, 0, 12288, 11777, 339
2026/09/10 12:07:40.466, 0, 12288, 11777, 339
2026/09/10 12:07:40.674, 0, 12288, 11777, 339
2026/09/10 12:07:40.882, 0, 12288, 11777, 339
2026/09/10 12:07:41.090, 0, 12288, 11777, 339
2026/09/10 12:07:41.296, 0, 12288, 11777, 339
2026/09/10 12:07:41.503, 0, 12288, 11777, 339
2026/09/10 12:07:41.711, 0, 12288, 11777, 339
2026/09/10 12:07:41.916, 0, 12288, 11777, 339
2026/09/10 12:07:42.123, 0, 12288, 11777, 339
2026/09/10 12:07:42.331, 0, 12288, 11777, 339
2026/09/10 12:07:42.538, 0, 12288, 11777, 339
2026/09/10 12:07:42.745, 0, 12288, 11777, 339
2026/09/10 12:07:42.953, 0, 12288, 11777, 339
2026/09/10 12:07:43.161, 0, 12288, 11777, 339
2026/09/10 12:07:43.369, 0, 12288, 11777, 339
2026/09/10 12:07:43.576, 0, 12288, 11777, 339
2026/09/10 12:07:43.783, 0, 12288, 11777, 339
2026/09/10 12:07:43.991, 0, 12288, 11777, 339
2026/09/10 12:07:44.198, 0, 12288, 11777, 339
2026/09/10 12:07:44.406, 0, 12288, 11777, 339
2026/09/10 12:07:44.614, 0, 12288, 11777, 339
2026/09/10 12:07:44.822, 0, 12288, 11777, 339
2026/09/10 12:07:45.027, 0, 12288, 11777, 339
2026/09/10 12:07:45.235, 0, 12288, 11777, 339
2026/09/10 12:07:45.443, 0, 12288, 11777, 339
2026/09/10 12:07:45.650, 0, 12288, 11777, 339
2026/09/10 12:07:45.857, 0, 12288, 11777, 339
2026/09/10 12:07:46.065, 0, 12288, 11777, 339
2026/09/10 12:07:46.272, 0, 12288, 11777, 339
2026/09/10 12:07:46.479, 0, 12288, 11777, 339
2026/09/10 12:07:46.687, 0, 12288, 11777, 339
2026/09/10 12:07:46.895, 0, 12288, 11777, 339
2026/09/10 12:07:47.103, 0, 12288, 11777, 339
2026/09/10 12:07:47.310, 0, 12288, 11777, 339
2026/09/10 12:07:47.518, 0, 12288, 11777, 339
2026/09/10 12:07:47.725, 0, 12288, 11777, 339
2026/09/10 12:07:47.933, 0, 12288, 11777, 339
2026/09/10 12:07:48.141, 0, 12288, 11777, 339
2026/09/10 12:07:48.349, 0, 12288, 11777, 339
2026/09/10 12:07:48.556, 0, 12288, 11777, 339
2026/09/10 12:07:48.762, 0, 12288, 11777, 339
2026/09/10 12:07:48.968, 0, 12288, 11777, 339
2026/09/10 12:07:49.176, 0, 12288, 11777, 339
2026/09/10 12:07:49.384, 0, 12288, 11777, 339
2026/09/10 12:07:49.591, 0, 12288, 11777, 339
2026/09/10 12:07:49.798, 0, 12288, 11777, 339
2026/09/10 12:07:50.006, 0, 12288, 11777, 339
2026/09/10 12:07:50.215, 0, 12288, 11777, 339
2026/09/10 12:07:50.421, 0, 12288, 11777, 339
2026/09/10 12:07:50.626, 0, 12288, 11777, 339
2026/09/10 12:07:50.834, 0, 12288, 11777, 339
2026/09/10 12:07:51.039, 0, 12288, 11777, 339
2026/09/10 12:07:51.244, 0, 12288, 11777, 339
2026/09/10 12:07:51.451, 0, 12288, 11777, 339
2026/09/10 12:07:51.658, 0, 12288, 11777, 339
2026/09/10 12:07:51.866, 0, 12288, 11777, 339
2026/09/10 12:07:52.073, 0, 12288, 11777, 339
2026/09/10 12:07:52.281, 0, 12288, 11777, 339
2026/09/10 12:07:52.489, 0, 12288, 11777, 339
2026/09/10 12:07:52.696, 0, 12288, 11777, 339
2026/09/10 12:07:52.904, 0, 12288, 11777, 339
2026/09/10 12:07:53.112, 0, 12288, 11777, 339
2026/09/10 12:07:53.319, 0, 12288, 11777, 339
2026/09/10 12:07:53.526, 0, 12288, 11777, 339
2026/09/10 12:07:53.734, 0, 12288, 11777, 339
2026/09/10 12:07:53.940, 0, 12288, 11777, 339
2026/09/10 12:07:54.147, 0, 12288, 11777, 339
2026/09/10 12:07:54.354, 0, 12288, 11777, 339
2026/09/10 12:07:54.561, 0, 12288, 11777, 339
2026/09/10 12:07:54.769, 0, 12288, 11777, 339
2026/09/10 12:07:54.976, 0, 12288, 11777, 339
2026/09/10 12:07:55.183, 0, 12288, 11777, 339
2026/09/10 12:07:55.390, 0, 12288, 11777, 339
2026/09/10 12:07:55.598, 0, 12288, 11777, 339
2026/09/10 12:07:55.805, 0, 12288, 11777, 339
2026/09/10 12:07:56.012, 0, 12288, 11777, 339
2026/09/10 12:07:56.217, 0, 12288, 11777, 339
2026/09/10 12:07:56.425, 0, 12288, 11777, 339
2026/09/10 12:07:56.633, 0, 12288, 11777, 339
2026/09/10 12:07:56.838, 0, 12288, 11777, 339
2026/09/10 12:07:57.046, 0, 12288, 11777, 339
2026/09/10 12:07:57.254, 0, 12288, 11777, 339
2026/09/10 12:07:57.462, 0, 12288, 11777, 339
2026/09/10 12:07:57.670, 0, 12288, 11777, 339
2026/09/10 12:07:57.877, 0, 12288, 11777, 339
2026/09/10 12:07:58.085, 0, 12288, 11777, 339
2026/09/10 12:07:58.293, 0, 12288, 11777, 339
2026/09/10 12:07:58.500, 0, 12288, 11777, 339
2026/09/10 12:07:58.708, 0, 12288, 11777, 339
2026/09/10 12:07:58.916, 0, 12288, 11777, 339
2026/09/10 12:07:59.124, 0, 12288, 11777, 339
2026/09/10 12:07:59.332, 0, 12288, 11777, 339
2026/09/10 12:07:59.539, 0, 12288, 11777, 339
2026/09/10 12:07:59.745, 0, 12288, 11777, 339
2026/09/10 12:07:59.952, 0, 12288, 11777, 339
2026/09/10 12:08:00.158, 0, 12288, 11777, 339
2026/09/10 12:08:00.365, 0, 12288, 11777, 339
2026/09/10 12:08:00.572, 0, 12288, 11777, 339
2026/09/10 12:08:00.780, 0, 12288, 11777, 339
2026/09/10 12:08:00.986, 0, 12288, 11777, 339
2026/09/10 12:08:01.194, 0, 12288, 11777, 339
2026/09/10 12:08:01.401, 0, 12288, 11777, 339
2026/09/10 12:08:01.609, 0, 12288, 11777, 339
2026/09/10 12:08:01.814, 0, 12288, 11777, 339
2026/09/10 12:08:02.022, 0, 12288, 11777, 339
2026/09/10 12:08:02.230, 0, 12288, 11777, 339
2026/09/10 12:08:02.438, 0, 12288, 11777, 339
2026/09/10 12:08:02.645, 0, 12288, 11777, 339
2026/09/10 12:08:02.853, 0, 12288, 11777, 339
2026/09/10 12:08:03.061, 0, 12288, 11777, 339
2026/09/10 12:08:03.269, 0, 12288, 11777, 339
2026/09/10 12:08:03.476, 0, 12288, 11777, 339
2026/09/10 12:08:03.684, 0, 12288, 11777, 339
2026/09/10 12:08:03.890, 0, 12288, 11777, 339
2026/09/10 12:08:04.098, 0, 12288, 11777, 339
2026/09/10 12:08:04.306, 0, 12288, 11777, 339
2026/09/10 12:08:04.514, 0, 12288, 11777, 339
2026/09/10 12:08:04.722, 0, 12288, 11777, 339
2026/09/10 12:08:04.928, 0, 12288, 11777, 339
2026/09/10 12:08:05.136, 0, 12288, 11777, 339
2026/09/10 12:08:05.343, 0, 12288, 11777, 339
2026/09/10 12:08:05.551, 0, 12288, 11777, 339
2026/09/10 12:08:05.759, 0, 12288, 11777, 339
2026/09/10 12:08:05.967, 0, 12288, 11777, 339
2026/09/10 12:08:06.173, 0, 12288, 11777, 339
2026/09/10 12:08:06.380, 0, 12288, 11777, 339
2026/09/10 12:08:06.587, 0, 12288, 11777, 339
2026/09/10 12:08:06.794, 0, 12288, 11777, 339
2026/09/10 12:08:07.001, 0, 12288, 11777, 339
2026/09/10 12:08:07.208, 0, 12288, 11777, 339
2026/09/10 12:08:07.412, 0, 12288, 11777, 339
2026/09/10 12:08:07.620, 0, 12288, 11777, 339
2026/09/10 12:08:07.827, 0, 12288, 11777, 339
2026/09/10 12:08:08.034, 0, 12288, 11777, 339
2026/09/10 12:08:08.242, 0, 12288, 11777, 339
2026/09/10 12:08:08.450, 0, 12288, 11777, 339
2026/09/10 12:08:08.656, 0, 12288, 11777, 339
2026/09/10 12:08:08.863, 0, 12288, 11777, 339
2026/09/10 12:08:09.071, 0, 12288, 11777, 339
2026/09/10 12:08:09.279, 0, 12288, 11777, 339
2026/09/10 12:08:09.486, 0, 12288, 11777, 339
2026/09/10 12:08:09.694, 0, 12288, 11777, 339
2026/09/10 12:08:09.902, 0, 12288, 11777, 339
2026/09/10 12:08:10.110, 0, 12288, 11777, 339
2026/09/10 12:08:10.316, 0, 12288, 11777, 339
2026/09/10 12:08:10.523, 0, 12288, 11777, 339
2026/09/10 12:08:10.730, 0, 12288, 11777, 339
2026/09/10 12:08:10.937, 0, 12288, 11777, 339
2026/09/10 12:08:11.143, 0, 12288, 11777, 339
2026/09/10 12:08:11.349, 0, 12288, 11777, 339
2026/09/10 12:08:11.557, 0, 12288, 11777, 339
2026/09/10 12:08:11.764, 0, 12288, 11777, 339
2026/09/10 12:08:11.968, 0, 12288, 11777, 339
2026/09/10 12:08:12.174, 0, 12288, 11777, 339
2026/09/10 12:08:12.377, 0, 12288, 11777, 339
2026/09/10 12:08:12.585, 0, 12288, 11777, 339
2026/09/10 12:08:12.792, 0, 12288, 11777, 339
2026/09/10 12:08:12.997, 0, 12288, 11777, 339
2026/09/10 12:08:13.205, 0, 12288, 11777, 339
2026/09/10 12:08:13.411, 0, 12288, 11777, 339
2026/09/10 12:08:13.618, 0, 12288, 11777, 339
2026/09/10 12:08:13.824, 0, 12288, 11777, 339
2026/09/10 12:08:14.029, 0, 12288, 11777, 339
2026/09/10 12:08:14.237, 0, 12288, 11777, 339
2026/09/10 12:08:14.443, 0, 12288, 11777, 339
2026/09/10 12:08:14.649, 0, 12288, 11777, 339
2026/09/10 12:08:14.856, 0, 12288, 11777, 339
2026/09/10 12:08:15.059, 0, 12288, 11777, 339
2026/09/10 12:08:15.267, 0, 12288, 11777, 339
2026/09/10 12:08:15.472, 0, 12288, 11777, 339
2026/09/10 12:08:15.675, 0, 12288, 11777, 339
2026/09/10 12:08:15.883, 0, 12288, 11777, 339
2026/09/10 12:08:16.088, 0, 12288, 11777, 339
2026/09/10 12:08:16.295, 0, 12288, 11777, 339
2026/09/10 12:08:16.502, 0, 12288, 11777, 339
2026/09/10 12:08:16.706, 0, 12288, 11777, 339
2026/09/10 12:08:16.914, 0, 12288, 11777, 339
2026/09/10 12:08:17.119, 0, 12288, 11777, 339
2026/09/10 12:08:17.324, 0, 12288, 11777, 339
2026/09/10 12:08:17.530, 0, 12288, 11777, 339
2026/09/10 12:08:17.734, 0, 12288, 11777, 339
2026/09/10 12:08:17.941, 0, 12288, 11777, 339
2026/09/10 12:08:18.147, 0, 12288, 11777, 339
2026/09/10 12:08:18.354, 0, 12288, 11777, 339
2026/09/10 12:08:18.558, 0, 12288, 11777, 339
2026/09/10 12:08:18.766, 0, 12288, 11777, 339
2026/09/10 12:08:18.974, 0, 12288, 11777, 339
2026/09/10 12:08:19.180, 0, 12288, 11777, 339
2026/09/10 12:08:19.388, 0, 12288, 11777, 339
2026/09/10 12:08:19.595, 0, 12288, 11777, 339
2026/09/10 12:08:19.803, 0, 12288, 11777, 339
2026/09/10 12:08:20.011, 0, 12288, 11777, 339
2026/09/10 12:08:20.218, 0, 12288, 11777, 339
2026/09/10 12:08:20.424, 0, 12288, 11777, 339
2026/09/10 12:08:20.632, 0, 12288, 11777, 339
2026/09/10 12:08:20.840, 0, 12288, 11777, 339
2026/09/10 12:08:21.048, 0, 12288, 11777, 339
2026/09/10 12:08:21.255, 0, 12288, 11777, 339
2026/09/10 12:08:21.461, 0, 12288, 11777, 339
2026/09/10 12:08:21.668, 0, 12288, 11777, 339
2026/09/10 12:08:21.890, 0, 12288, 11777, 339
2026/09/10 12:08:22.098, 0, 12288, 11777, 339
2026/09/10 12:08:22.306, 0, 12288, 11777, 339
2026/09/10 12:08:22.514, 0, 12288, 11777, 339
2026/09/10 12:08:22.722, 0, 12288, 11777, 339
2026/09/10 12:08:22.930, 0, 12288, 11777, 339
2026/09/10 12:08:23.137, 0, 12288, 11777, 339
2026/09/10 12:08:23.343, 0, 12288, 11777, 339
2026/09/10 12:08:23.551, 0, 12288, 11777, 339
2026/09/10 12:08:23.759, 0, 12288, 11777, 339
2026/09/10 12:08:23.965, 0, 12288, 11777, 339
2026/09/10 12:08:24.170, 0, 12288, 11777, 339
2026/09/10 12:08:24.378, 0, 12288, 11777, 339
2026/09/10 12:08:24.585, 0, 12288, 11777, 339
2026/09/10 12:08:24.792, 0, 12288, 11777, 339
2026/09/10 12:08:24.998, 0, 12288, 11777, 339
2026/09/10 12:08:25.206, 0, 12288, 11777, 339
2026/09/10 12:08:25.414, 0, 12288, 11777, 339
2026/09/10 12:08:25.620, 0, 12288, 11777, 339
2026/09/10 12:08:25.827, 0, 12288, 11777, 339
2026/09/10 12:08:26.035, 0, 12288, 11777, 339
2026/09/10 12:08:26.243, 0, 12288, 11777, 339
2026/09/10 12:08:26.450, 0, 12288, 11777, 339
2026/09/10 12:08:26.658, 0, 12288, 11777, 339
2026/09/10 12:08:26.866, 0, 12288, 11777, 339
2026/09/10 12:08:27.074, 0, 12288, 11777, 339
2026/09/10 12:08:27.282, 0, 12288, 11777, 339
2026/09/10 12:08:27.489, 0, 12288, 11777, 339
2026/09/10 12:08:27.697, 0, 12288, 11777, 339
2026/09/10 12:08:27.904, 0, 12288, 11777, 339
2026/09/10 12:08:28.112, 0, 12288, 11777, 339
2026/09/10 12:08:28.318, 0, 12288, 11777, 339
2026/09/10 12:08:28.525, 0, 12288, 11777, 339
2026/09/10 12:08:28.733, 0, 12288, 11777, 339
2026/09/10 12:08:28.941, 0, 12288, 11777, 339
2026/09/10 12:08:29.147, 0, 12288, 11777, 339
2026/09/10 12:08:29.355, 0, 12288, 11777, 339
2026/09/10 12:08:29.562, 0, 12288, 11777, 339
2026/09/10 12:08:29.767, 0, 12288, 11777, 339
2026/09/10 12:08:29.974, 0, 12288, 11777, 339
2026/09/10 12:08:30.181, 0, 12288, 11777, 339
2026/09/10 12:08:30.388, 0, 12288, 11777, 339
2026/09/10 12:08:30.596, 0, 12288, 11777, 339
2026/09/10 12:08:30.804, 0, 12288, 11777, 339
2026/09/10 12:08:31.011, 0, 12288, 11777, 339
2026/09/10 12:08:31.218, 0, 12288, 11777, 339
2026/09/10 12:08:31.426, 0, 12288, 11777, 339
2026/09/10 12:08:31.631, 0, 12288, 11777, 339
2026/09/10 12:08:31.837, 0, 12288, 11777, 339
2026/09/10 12:08:32.043, 0, 12288, 11777, 339
2026/09/10 12:08:32.251, 0, 12288, 11777, 339
2026/09/10 12:08:32.457, 0, 12288, 11777, 339
2026/09/10 12:08:32.661, 0, 12288, 11777, 339
2026/09/10 12:08:32.869, 0, 12288, 11777, 339
2026/09/10 12:08:33.077, 0, 12288, 11777, 339
2026/09/10 12:08:33.285, 0, 12288, 11777, 339
2026/09/10 12:08:33.492, 0, 12288, 11777, 339
2026/09/10 12:08:33.700, 0, 12288, 11777, 339
2026/09/10 12:08:33.906, 0, 12288, 11777, 339
2026/09/10 12:08:34.112, 0, 12288, 11777, 339
2026/09/10 12:08:34.320, 0, 12288, 11777, 339
2026/09/10 12:08:34.528, 0, 12288, 11777, 339
2026/09/10 12:08:34.736, 0, 12288, 11777, 339
2026/09/10 12:08:34.943, 0, 12288, 11777, 339
2026/09/10 12:08:35.149, 0, 12288, 11777, 339
2026/09/10 12:08:35.355, 0, 12288, 11777, 339
2026/09/10 12:08:35.562, 0, 12288, 11777, 339
2026/09/10 12:08:35.769, 0, 12288, 11777, 339
2026/09/10 12:08:35.977, 0, 12288, 11777, 339
2026/09/10 12:08:36.184, 0, 12288, 11777, 339
2026/09/10 12:08:36.392, 0, 12288, 11777, 339
2026/09/10 12:08:36.600, 0, 12288, 11777, 339
2026/09/10 12:08:36.806, 0, 12288, 11777, 339
2026/09/10 12:08:37.012, 0, 12288, 11777, 339
2026/09/10 12:08:37.220, 0, 12288, 11777, 339
2026/09/10 12:08:37.428, 0, 12288, 11777, 339
2026/09/10 12:08:37.634, 0, 12288, 11777, 339
2026/09/10 12:08:37.842, 0, 12288, 11777, 339
2026/09/10 12:08:38.049, 0, 12288, 11777, 339
2026/09/10 12:08:38.256, 0, 12288, 11777, 339
2026/09/10 12:08:38.464, 0, 12288, 11777, 339
2026/09/10 12:08:38.671, 0, 12288, 11777, 339
2026/09/10 12:08:38.879, 0, 12288, 11777, 339
2026/09/10 12:08:39.086, 0, 12288, 11777, 339
2026/09/10 12:08:39.294, 0, 12288, 11777, 339
2026/09/10 12:08:39.501, 0, 12288, 11777, 339
2026/09/10 12:08:39.708, 0, 12288, 11777, 339
2026/09/10 12:08:39.916, 0, 12288, 11777, 339
2026/09/10 12:08:40.123, 0, 12288, 11777, 339
2026/09/10 12:08:40.329, 0, 12288, 11777, 339
2026/09/10 12:08:40.537, 0, 12288, 11777, 339
2026/09/10 12:08:40.745, 0, 12288, 11777, 339
2026/09/10 12:08:40.965, 0, 12288, 11777, 339
2026/09/10 12:08:41.172, 0, 12288, 11777, 339
2026/09/10 12:08:41.379, 0, 12288, 11777, 339
2026/09/10 12:08:41.587, 0, 12288, 11777, 339
2026/09/10 12:08:41.793, 0, 12288, 11777, 339
2026/09/10 12:08:42.001, 0, 12288, 11777, 339
2026/09/10 12:08:42.208, 0, 12288, 11777, 339
2026/09/10 12:08:42.415, 0, 12288, 11777, 339
2026/09/10 12:08:42.623, 0, 12288, 11777, 339
2026/09/10 12:08:42.831, 0, 12288, 11777, 339
2026/09/10 12:08:43.039, 0, 12288, 11777, 339
2026/09/10 12:08:43.247, 0, 12288, 11777, 339
2026/09/10 12:08:43.455, 0, 12288, 11777, 339
2026/09/10 12:08:43.662, 0, 12288, 11777, 339
2026/09/10 12:08:43.868, 0, 12288, 11777, 339
2026/09/10 12:08:44.075, 0, 12288, 11777, 339
2026/09/10 12:08:44.282, 0, 12288, 11777, 339
2026/09/10 12:08:44.490, 0, 12288, 11777, 339
2026/09/10 12:08:44.696, 0, 12288, 11777, 339
2026/09/10 12:08:44.903, 0, 12288, 11777, 339
2026/09/10 12:08:45.111, 0, 12288, 11777, 339
2026/09/10 12:08:45.319, 0, 12288, 11777, 339
2026/09/10 12:08:45.526, 0, 12288, 11777, 339
2026/09/10 12:08:45.734, 0, 12288, 11777, 339
2026/09/10 12:08:45.942, 0, 12288, 11777, 339
2026/09/10 12:08:46.149, 0, 12288, 11777, 339
2026/09/10 12:08:46.356, 0, 12288, 11777, 339
2026/09/10 12:08:46.561, 0, 12288, 11777, 339
2026/09/10 12:08:46.766, 0, 12288, 11777, 339
2026/09/10 12:08:46.973, 0, 12288, 11777, 339
2026/09/10 12:08:47.181, 0, 12288, 11777, 339
2026/09/10 12:08:47.389, 0, 12288, 11777, 339
2026/09/10 12:08:47.597, 0, 12288, 11777, 339
2026/09/10 12:08:47.804, 0, 12288, 11777, 339
2026/09/10 12:08:48.012, 0, 12288, 11777, 339
2026/09/10 12:08:48.220, 0, 12288, 11777, 339
2026/09/10 12:08:48.428, 0, 12288, 11777, 339
2026/09/10 12:08:48.635, 0, 12288, 11777, 339
2026/09/10 12:08:48.842, 0, 12288, 11777, 339
2026/09/10 12:08:49.049, 0, 12288, 11777, 339
2026/09/10 12:08:49.256, 0, 12288, 11777, 339
2026/09/10 12:08:49.463, 0, 12288, 11777, 339
2026/09/10 12:08:49.671, 0, 12288, 11777, 339
2026/09/10 12:08:49.879, 0, 12288, 11777, 339
2026/09/10 12:08:50.086, 0, 12288, 11777, 339
2026/09/10 12:08:50.294, 0, 12288, 11777, 339
2026/09/10 12:08:50.501, 0, 12288, 11777, 339
2026/09/10 12:08:50.707, 0, 12288, 11777, 339
2026/09/10 12:08:50.915, 0, 12288, 11777, 339
2026/09/10 12:08:51.122, 0, 12288, 11777, 339
2026/09/10 12:08:51.330, 0, 12288, 11777, 339
2026/09/10 12:08:51.538, 0, 12288, 11777, 339
2026/09/10 12:08:51.745, 0, 12288, 11777, 339
2026/09/10 12:08:51.952, 0, 12288, 11777, 339
2026/09/10 12:08:52.157, 0, 12288, 11777, 339
2026/09/10 12:08:52.364, 0, 12288, 11777, 339
2026/09/10 12:08:52.572, 0, 12288, 11777, 339
2026/09/10 12:08:52.779, 0, 12288, 11777, 339
2026/09/10 12:08:52.985, 0, 12288, 11777, 339
2026/09/10 12:08:53.192, 0, 12288, 11777, 339
2026/09/10 12:08:53.400, 0, 12288, 11777, 339
2026/09/10 12:08:53.607, 0, 12288, 11777, 339
2026/09/10 12:08:53.815, 0, 12288, 11777, 339
2026/09/10 12:08:54.022, 0, 12288, 11777, 339
2026/09/10 12:08:54.230, 0, 12288, 11777, 339
2026/09/10 12:08:54.437, 0, 12288, 11777, 339
2026/09/10 12:08:54.644, 0, 12288, 11777, 339
2026/09/10 12:08:54.849, 0, 12288, 11777, 339
2026/09/10 12:08:55.057, 0, 12288, 11777, 339
2026/09/10 12:08:55.263, 0, 12288, 11777, 339
2026/09/10 12:08:55.470, 0, 12288, 11777, 339
2026/09/10 12:08:55.677, 0, 12288, 11777, 339
2026/09/10 12:08:55.884, 0, 12288, 11777, 339
2026/09/10 12:08:56.090, 0, 12288, 11777, 339
2026/09/10 12:08:56.298, 0, 12288, 11777, 339
2026/09/10 12:08:56.505, 0, 12288, 11777, 339
2026/09/10 12:08:56.712, 0, 12288, 11777, 339
2026/09/10 12:08:56.920, 0, 12288, 11777, 339
2026/09/10 12:08:57.127, 0, 12288, 11777, 339
2026/09/10 12:08:57.334, 0, 12288, 11777, 339
2026/09/10 12:08:57.541, 0, 12288, 11777, 339
2026/09/10 12:08:57.746, 0, 12288, 11777, 339
2026/09/10 12:08:57.953, 0, 12288, 11777, 339
2026/09/10 12:08:58.161, 0, 12288, 11777, 339
2026/09/10 12:08:58.368, 0, 12288, 11777, 339
2026/09/10 12:08:58.575, 0, 12288, 11777, 339
2026/09/10 12:08:58.782, 0, 12288, 11777, 339
2026/09/10 12:08:58.990, 0, 12288, 11777, 339
2026/09/10 12:08:59.197, 0, 12288, 11777, 339
2026/09/10 12:08:59.404, 0, 12288, 11777, 339
2026/09/10 12:08:59.612, 0, 12288, 11777, 339
2026/09/10 12:08:59.820, 0, 12288, 11777, 339
2026/09/10 12:09:00.025, 0, 12288, 11777, 339
2026/09/10 12:09:00.231, 0, 12288, 11777, 339
2026/09/10 12:09:00.438, 0, 12288, 11777, 339
2026/09/10 12:09:00.645, 0, 12288, 11777, 339
2026/09/10 12:09:00.850, 0, 12288, 11777, 339
2026/09/10 12:09:01.058, 0, 12288, 11777, 339
2026/09/10 12:09:01.266, 0, 12288, 11777, 339
2026/09/10 12:09:01.473, 0, 12288, 11777, 339
2026/09/10 12:09:01.679, 0, 12288, 11777, 339
2026/09/10 12:09:01.887, 0, 12288, 11777, 339
2026/09/10 12:09:02.095, 0, 12288, 11777, 339
2026/09/10 12:09:02.303, 0, 12288, 11777, 339
2026/09/10 12:09:02.511, 0, 12288, 11777, 339
2026/09/10 12:09:02.717, 0, 12288, 11777, 339
2026/09/10 12:09:02.925, 0, 12288, 11777, 339
2026/09/10 12:09:03.133, 0, 12288, 11777, 339
2026/09/10 12:09:03.339, 0, 12288, 11777, 339
2026/09/10 12:09:03.547, 0, 12288, 11777, 339
2026/09/10 12:09:03.755, 0, 12288, 11777, 339
2026/09/10 12:09:03.961, 0, 12288, 11777, 339
2026/09/10 12:09:04.165, 0, 12288, 11777, 339
2026/09/10 12:09:04.372, 0, 12288, 11777, 339
2026/09/10 12:09:04.579, 0, 12288, 11777, 339
2026/09/10 12:09:04.787, 0, 12288, 11777, 339
2026/09/10 12:09:04.992, 0, 12288, 11777, 339
2026/09/10 12:09:05.199, 0, 12288, 11777, 339
2026/09/10 12:09:05.407, 0, 12288, 11777, 339
2026/09/10 12:09:05.614, 0, 12288, 11777, 339
2026/09/10 12:09:05.821, 0, 12288, 11777, 339
2026/09/10 12:09:06.028, 0, 12288, 11777, 339
2026/09/10 12:09:06.236, 0, 12288, 11777, 339
2026/09/10 12:09:06.444, 0, 12288, 11777, 339
2026/09/10 12:09:06.652, 0, 12288, 11777, 339
2026/09/10 12:09:06.876, 0, 12288, 11777, 339
2026/09/10 12:09:07.083, 0, 12288, 11777, 339
2026/09/10 12:09:07.291, 0, 12288, 11777, 339
2026/09/10 12:09:07.499, 0, 12288, 11777, 339
2026/09/10 12:09:07.707, 0, 12288, 11777, 339
2026/09/10 12:09:07.914, 0, 12288, 11777, 339
2026/09/10 12:09:08.122, 0, 12288, 11777, 339
2026/09/10 12:09:08.329, 0, 12288, 11777, 339
2026/09/10 12:09:08.537, 0, 12288, 11777, 339
2026/09/10 12:09:08.743, 0, 12288, 11777, 339
2026/09/10 12:09:08.947, 0, 12288, 11777, 339
2026/09/10 12:09:09.154, 0, 12288, 11777, 339
2026/09/10 12:09:09.362, 0, 12288, 11777, 339
2026/09/10 12:09:09.570, 0, 12288, 11777, 339
2026/09/10 12:09:09.777, 0, 12288, 11777, 339
2026/09/10 12:09:09.985, 0, 12288, 11777, 339
2026/09/10 12:09:10.193, 0, 12288, 11777, 339
2026/09/10 12:09:10.399, 0, 12288, 11777, 339
2026/09/10 12:09:10.607, 0, 12288, 11777, 339
2026/09/10 12:09:10.815, 0, 12288, 11777, 339
2026/09/10 12:09:11.021, 0, 12288, 11777, 339
2026/09/10 12:09:11.228, 0, 12288, 11777, 339
2026/09/10 12:09:11.436, 0, 12288, 11777, 339
2026/09/10 12:09:11.644, 0, 12288, 11777, 339
2026/09/10 12:09:11.852, 0, 12288, 11777, 339
2026/09/10 12:09:12.059, 0, 12288, 11777, 339
2026/09/10 12:09:12.265, 0, 12288, 11777, 339
2026/09/10 12:09:12.473, 0, 12288, 11777, 339
2026/09/10 12:09:12.681, 0, 12288, 11777, 339
2026/09/10 12:09:12.889, 0, 12288, 11777, 339
2026/09/10 12:09:13.097, 0, 12288, 11777, 339
2026/09/10 12:09:13.304, 0, 12288, 11777, 339
2026/09/10 12:09:13.510, 0, 12288, 11777, 339
2026/09/10 12:09:13.716, 0, 12288, 11777, 339
2026/09/10 12:09:13.923, 0, 12288, 11777, 339
2026/09/10 12:09:14.131, 0, 12288, 11777, 339
2026/09/10 12:09:14.337, 0, 12288, 11777, 339
2026/09/10 12:09:14.543, 0, 12288, 11777, 339
2026/09/10 12:09:14.750, 0, 12288, 11777, 339
2026/09/10 12:09:14.958, 0, 12288, 11777, 339
2026/09/10 12:09:15.165, 0, 12288, 11777, 339
2026/09/10 12:09:15.370, 0, 12288, 11777, 339
2026/09/10 12:09:15.578, 0, 12288, 11777, 339
2026/09/10 12:09:15.785, 0, 12288, 11777, 339
2026/09/10 12:09:15.993, 0, 12288, 11777, 339
2026/09/10 12:09:16.201, 0, 12288, 11777, 339
2026/09/10 12:09:16.408, 0, 12288, 11777, 339
2026/09/10 12:09:16.614, 0, 12288, 11777, 339
2026/09/10 12:09:16.822, 0, 12288, 11777, 339
2026/09/10 12:09:17.031, 0, 12288, 11777, 339
2026/09/10 12:09:17.239, 0, 12288, 11777, 339
2026/09/10 12:09:17.446, 0, 12288, 11777, 339
2026/09/10 12:09:17.653, 0, 12288, 11777, 339
2026/09/10 12:09:17.860, 0, 12288, 11777, 339
2026/09/10 12:09:18.068, 0, 12288, 11777, 339
2026/09/10 12:09:18.276, 0, 12288, 11777, 339
2026/09/10 12:09:18.484, 0, 12288, 11777, 339
2026/09/10 12:09:18.692, 0, 12288, 11777, 339
2026/09/10 12:09:18.899, 0, 12288, 11777, 339
2026/09/10 12:09:19.106, 0, 12288, 11777, 339
2026/09/10 12:09:19.314, 0, 12288, 11777, 339
2026/09/10 12:09:19.522, 0, 12288, 11777, 339
2026/09/10 12:09:19.730, 0, 12288, 11777, 339
2026/09/10 12:09:19.937, 0, 12288, 11777, 339
2026/09/10 12:09:20.142, 0, 12288, 11777, 339
2026/09/10 12:09:20.350, 0, 12288, 11777, 339
2026/09/10 12:09:20.557, 0, 12288, 11777, 339
2026/09/10 12:09:20.765, 0, 12288, 11777, 339
2026/09/10 12:09:20.973, 0, 12288, 11777, 339
2026/09/10 12:09:21.180, 0, 12288, 11777, 339
2026/09/10 12:09:21.386, 0, 12288, 11777, 339
2026/09/10 12:09:21.594, 0, 12288, 11777, 339
2026/09/10 12:09:21.802, 0, 12288, 11777, 339
2026/09/10 12:09:22.009, 0, 12288, 11777, 339
2026/09/10 12:09:22.217, 0, 12288, 11777, 339
2026/09/10 12:09:22.425, 0, 12288, 11777, 339
2026/09/10 12:09:22.633, 0, 12288, 11777, 339
2026/09/10 12:09:22.841, 0, 12288, 11777, 339
2026/09/10 12:09:23.048, 0, 12288, 11777, 339
2026/09/10 12:09:23.256, 0, 12288, 11777, 339
2026/09/10 12:09:23.463, 0, 12288, 11777, 339
2026/09/10 12:09:23.671, 0, 12288, 11777, 339
2026/09/10 12:09:23.877, 0, 12288, 11777, 339
2026/09/10 12:09:24.084, 0, 12288, 11777, 339
2026/09/10 12:09:24.291, 0, 12288, 11777, 339
2026/09/10 12:09:24.498, 0, 12288, 11777, 339
2026/09/10 12:09:24.705, 0, 12288, 11777, 339
2026/09/10 12:09:24.912, 0, 12288, 11777, 339
2026/09/10 12:09:25.119, 0, 12288, 11777, 339
2026/09/10 12:09:25.326, 0, 12288, 11777, 339
2026/09/10 12:09:25.534, 0, 12288, 11777, 339
2026/09/10 12:09:25.739, 0, 12288, 11777, 339
2026/09/10 12:09:25.962, 0, 12288, 11777, 339
2026/09/10 12:09:26.170, 0, 12288, 11777, 339
2026/09/10 12:09:26.377, 0, 12288, 11777, 339
2026/09/10 12:09:26.584, 0, 12288, 11777, 339
2026/09/10 12:09:26.792, 0, 12288, 11777, 339
2026/09/10 12:09:27.000, 0, 12288, 11777, 339
2026/09/10 12:09:27.208, 0, 12288, 11777, 339
2026/09/10 12:09:27.414, 0, 12288, 11777, 339
2026/09/10 12:09:27.621, 0, 12288, 11777, 339
2026/09/10 12:09:27.829, 0, 12288, 11777, 339
2026/09/10 12:09:28.036, 0, 12288, 11777, 339
2026/09/10 12:09:28.244, 0, 12288, 11777, 339
2026/09/10 12:09:28.452, 0, 12288, 11777, 339
2026/09/10 12:09:28.675, 0, 12288, 11777, 339
2026/09/10 12:09:28.882, 0, 12288, 11777, 339
2026/09/10 12:09:29.090, 0, 12288, 11777, 339
2026/09/10 12:09:29.297, 0, 12288, 11777, 339
2026/09/10 12:09:29.505, 0, 12288, 11777, 339
2026/09/10 12:09:29.711, 0, 12288, 11777, 339
2026/09/10 12:09:29.918, 0, 12288, 11777, 339
2026/09/10 12:09:30.126, 0, 12288, 11777, 339
2026/09/10 12:09:30.333, 0, 12288, 11777, 339
2026/09/10 12:09:30.540, 0, 12288, 11777, 339
2026/09/10 12:09:30.748, 0, 12288, 11777, 339
2026/09/10 12:09:30.955, 0, 12288, 11777, 339
2026/09/10 12:09:31.162, 0, 12288, 11777, 339
2026/09/10 12:09:31.367, 0, 12288, 11777, 339
2026/09/10 12:09:31.575, 0, 12288, 11777, 339
2026/09/10 12:09:31.783, 0, 12288, 11777, 339
2026/09/10 12:09:31.991, 0, 12288, 11777, 339
2026/09/10 12:09:32.199, 0, 12288, 11777, 339
2026/09/10 12:09:32.407, 0, 12288, 11777, 339
2026/09/10 12:09:32.611, 0, 12288, 11777, 339
2026/09/10 12:09:32.817, 0, 12288, 11777, 339
2026/09/10 12:09:33.025, 0, 12288, 11777, 339
2026/09/10 12:09:33.233, 0, 12288, 11777, 339
2026/09/10 12:09:33.441, 0, 12288, 11777, 339
2026/09/10 12:09:33.648, 0, 12288, 11777, 339
2026/09/10 12:09:33.856, 0, 12288, 11777, 339
2026/09/10 12:09:34.063, 0, 12288, 11777, 339
2026/09/10 12:09:34.270, 0, 12288, 11777, 339
2026/09/10 12:09:34.476, 0, 12288, 11777, 339
2026/09/10 12:09:34.684, 0, 12288, 11777, 339
2026/09/10 12:09:34.892, 0, 12288, 11777, 339
2026/09/10 12:09:35.099, 0, 12288, 11777, 339
2026/09/10 12:09:35.307, 0, 12288, 11777, 339
2026/09/10 12:09:35.515, 0, 12288, 11777, 339
2026/09/10 12:09:35.722, 0, 12288, 11777, 339
2026/09/10 12:09:35.930, 0, 12288, 11777, 339
2026/09/10 12:09:36.138, 0, 12288, 11777, 339
2026/09/10 12:09:36.346, 0, 12288, 11777, 339
2026/09/10 12:09:36.553, 0, 12288, 11777, 339
2026/09/10 12:09:36.760, 0, 12288, 11777, 339
2026/09/10 12:09:36.964, 0, 12288, 11777, 339
2026/09/10 12:09:37.172, 0, 12288, 11777, 339
2026/09/10 12:09:37.380, 0, 12288, 11777, 339
2026/09/10 12:09:37.588, 0, 12288, 11777, 339
2026/09/10 12:09:37.796, 0, 12288, 11777, 339
2026/09/10 12:09:38.004, 0, 12288, 11777, 339
2026/09/10 12:09:38.227, 0, 12288, 11777, 339
2026/09/10 12:09:38.434, 0, 12288, 11777, 339
2026/09/10 12:09:38.642, 0, 12288, 11777, 339
2026/09/10 12:09:38.849, 0, 12288, 11777, 339
2026/09/10 12:09:39.056, 0, 12288, 11777, 339
2026/09/10 12:09:39.264, 0, 12288, 11777, 339
2026/09/10 12:09:39.472, 0, 12288, 11777, 339
2026/09/10 12:09:39.679, 0, 12288, 11777, 339
2026/09/10 12:09:39.887, 0, 12288, 11777, 339
2026/09/10 12:09:40.095, 0, 12288, 11777, 339
2026/09/10 12:09:40.303, 0, 12288, 11777, 339
2026/09/10 12:09:40.510, 0, 12288, 11777, 339
2026/09/10 12:09:40.718, 0, 12288, 11777, 339
2026/09/10 12:09:40.925, 0, 12288, 11777, 339
2026/09/10 12:09:41.132, 0, 12288, 11777, 339
2026/09/10 12:09:41.339, 0, 12288, 11777, 339
2026/09/10 12:09:41.546, 0, 12288, 11777, 339
2026/09/10 12:09:41.754, 0, 12288, 11777, 339
2026/09/10 12:09:41.961, 0, 12288, 11777, 339
2026/09/10 12:09:42.168, 0, 12288, 11777, 339
2026/09/10 12:09:42.377, 0, 12288, 11777, 339
2026/09/10 12:09:42.581, 0, 12288, 11777, 339
2026/09/10 12:09:42.789, 0, 12288, 11777, 339
2026/09/10 12:09:42.997, 0, 12288, 11777, 339
2026/09/10 12:09:43.205, 0, 12288, 11777, 339
2026/09/10 12:09:43.413, 0, 12288, 11777, 339
2026/09/10 12:09:43.620, 0, 12288, 11777, 339
2026/09/10 12:09:43.828, 0, 12288, 11777, 339
2026/09/10 12:09:44.033, 0, 12288, 11777, 339
2026/09/10 12:09:44.241, 0, 12288, 11777, 339
2026/09/10 12:09:44.447, 0, 12288, 11777, 339
2026/09/10 12:09:44.655, 0, 12288, 11777, 339
2026/09/10 12:09:44.863, 0, 12288, 11777, 339
2026/09/10 12:09:45.070, 0, 12288, 11777, 339
2026/09/10 12:09:45.277, 0, 12288, 11777, 339
2026/09/10 12:09:45.484, 0, 12288, 11777, 339
2026/09/10 12:09:45.692, 0, 12288, 11777, 339
2026/09/10 12:09:45.900, 0, 12288, 11777, 339
2026/09/10 12:09:46.108, 0, 12288, 11777, 339
2026/09/10 12:09:46.316, 0, 12288, 11777, 339
2026/09/10 12:09:46.523, 0, 12288, 11777, 339
2026/09/10 12:09:46.730, 0, 12288, 11777, 339
2026/09/10 12:09:46.938, 0, 12288, 11777, 339
2026/09/10 12:09:47.146, 0, 12288, 11777, 339
2026/09/10 12:09:47.354, 0, 12288, 11777, 339
2026/09/10 12:09:47.562, 0, 12288, 11777, 339
2026/09/10 12:09:47.770, 0, 12288, 11777, 339
2026/09/10 12:09:47.976, 0, 12288, 11777, 339
2026/09/10 12:09:48.182, 0, 12288, 11777, 339
2026/09/10 12:09:48.390, 0, 12288, 11777, 339
2026/09/10 12:09:48.598, 0, 12288, 11777, 339
2026/09/10 12:09:48.805, 0, 12288, 11777, 339
2026/09/10 12:09:49.012, 0, 12288, 11777, 339
2026/09/10 12:09:49.219, 0, 12288, 11777, 339
2026/09/10 12:09:49.427, 0, 12288, 11777, 339
2026/09/10 12:09:49.634, 0, 12288, 11777, 339
2026/09/10 12:09:49.842, 0, 12288, 11777, 339
2026/09/10 12:09:50.050, 0, 12288, 11777, 339
2026/09/10 12:09:50.258, 0, 12288, 11777, 339
2026/09/10 12:09:50.464, 0, 12288, 11777, 339
2026/09/10 12:09:50.671, 0, 12288, 11777, 339
2026/09/10 12:09:50.879, 0, 12288, 11777, 339
2026/09/10 12:09:51.087, 0, 12288, 11777, 339
2026/09/10 12:09:51.295, 0, 12288, 11777, 339
2026/09/10 12:09:51.503, 0, 12288, 11777, 339
2026/09/10 12:09:51.710, 0, 12288, 11777, 339
2026/09/10 12:09:51.916, 0, 12288, 11777, 339
2026/09/10 12:09:52.124, 0, 12288, 11777, 339
2026/09/10 12:09:52.332, 0, 12288, 11777, 339
2026/09/10 12:09:52.540, 0, 12288, 11777, 339
2026/09/10 12:09:52.745, 0, 12288, 11777, 339
2026/09/10 12:09:52.953, 0, 12288, 11777, 339
2026/09/10 12:09:53.159, 0, 12288, 11777, 339
2026/09/10 12:09:53.365, 0, 12288, 11777, 339
2026/09/10 12:09:53.572, 0, 12288, 11777, 339
2026/09/10 12:09:53.778, 0, 12288, 11777, 339
2026/09/10 12:09:53.985, 0, 12288, 11777, 339
2026/09/10 12:09:54.193, 0, 12288, 11777, 339
2026/09/10 12:09:54.400, 0, 12288, 11777, 339
2026/09/10 12:09:54.608, 0, 12288, 11777, 339
2026/09/10 12:09:54.816, 0, 12288, 11777, 339
2026/09/10 12:09:55.024, 0, 12288, 11777, 339
2026/09/10 12:09:55.232, 0, 12288, 11777, 339
2026/09/10 12:09:55.440, 0, 12288, 11777, 339
2026/09/10 12:09:55.647, 0, 12288, 11777, 339
2026/09/10 12:09:55.853, 0, 12288, 11777, 339
2026/09/10 12:09:56.059, 0, 12288, 11777, 339
2026/09/10 12:09:56.267, 0, 12288, 11777, 339
2026/09/10 12:09:56.474, 0, 12288, 11777, 339
2026/09/10 12:09:56.682, 0, 12288, 11777, 339
2026/09/10 12:09:56.890, 0, 12288, 11777, 339
2026/09/10 12:09:57.097, 0, 12288, 11777, 339
2026/09/10 12:09:57.305, 0, 12288, 11777, 339
2026/09/10 12:09:57.512, 0, 12288, 11777, 339
2026/09/10 12:09:57.719, 0, 12288, 11777, 339
2026/09/10 12:09:57.927, 0, 12288, 11777, 339
2026/09/10 12:09:58.135, 0, 12288, 11777, 339
2026/09/10 12:09:58.343, 0, 12288, 11777, 339
2026/09/10 12:09:58.550, 0, 12288, 11777, 339
2026/09/10 12:09:58.758, 0, 12288, 11777, 339
2026/09/10 12:09:58.965, 0, 12288, 11777, 339
2026/09/10 12:09:59.172, 0, 12288, 11777, 339
2026/09/10 12:09:59.378, 0, 12288, 11777, 339
2026/09/10 12:09:59.585, 0, 12288, 11777, 339
2026/09/10 12:09:59.793, 0, 12288, 11777, 339
2026/09/10 12:10:00.000, 0, 12288, 11777, 339
2026/09/10 12:10:00.207, 0, 12288, 11777, 339
2026/09/10 12:10:00.414, 0, 12288, 11777, 339
2026/09/10 12:10:00.621, 0, 12288, 11777, 339
2026/09/10 12:10:00.829, 0, 12288, 11777, 339
2026/09/10 12:10:01.036, 0, 12288, 11777, 339
2026/09/10 12:10:01.243, 0, 12288, 11777, 339
2026/09/10 12:10:01.451, 0, 12288, 11777, 339
2026/09/10 12:10:01.659, 0, 12288, 11777, 339
2026/09/10 12:10:01.866, 0, 12288, 11777, 339
2026/09/10 12:10:02.074, 0, 12288, 11777, 339
2026/09/10 12:10:02.282, 0, 12288, 11777, 339
2026/09/10 12:10:02.490, 0, 12288, 11777, 339
2026/09/10 12:10:02.696, 0, 12288, 11777, 339
2026/09/10 12:10:02.904, 0, 12288, 11777, 339
2026/09/10 12:10:03.112, 0, 12288, 11777, 339
2026/09/10 12:10:03.318, 0, 12288, 11777, 339
2026/09/10 12:10:03.526, 0, 12288, 11777, 339
2026/09/10 12:10:03.734, 0, 12288, 11777, 339
2026/09/10 12:10:03.940, 0, 12288, 11777, 339
2026/09/10 12:10:04.147, 0, 12288, 11777, 339
2026/09/10 12:10:04.355, 0, 12288, 11777, 339
2026/09/10 12:10:04.563, 0, 12288, 11777, 339
2026/09/10 12:10:04.769, 0, 12288, 11777, 339
2026/09/10 12:10:04.975, 0, 12288, 11777, 339
2026/09/10 12:10:05.183, 0, 12288, 11777, 339
2026/09/10 12:10:05.390, 0, 12288, 11777, 339
2026/09/10 12:10:05.598, 0, 12288, 11777, 339
2026/09/10 12:10:05.806, 0, 12288, 11777, 339
2026/09/10 12:10:06.013, 0, 12288, 11777, 339
2026/09/10 12:10:06.221, 0, 12288, 11777, 339
2026/09/10 12:10:06.429, 0, 12288, 11777, 339
2026/09/10 12:10:06.636, 0, 12288, 11777, 339
2026/09/10 12:10:06.844, 0, 12288, 11777, 339
2026/09/10 12:10:07.051, 0, 12288, 11777, 339
2026/09/10 12:10:07.259, 0, 12288, 11777, 339
2026/09/10 12:10:07.467, 0, 12288, 11777, 339
2026/09/10 12:10:07.675, 0, 12288, 11777, 339
2026/09/10 12:10:07.883, 0, 12288, 11777, 339
2026/09/10 12:10:08.090, 0, 12288, 11777, 339
2026/09/10 12:10:08.298, 0, 12288, 11777, 339
2026/09/10 12:10:08.505, 0, 12288, 11777, 339
2026/09/10 12:10:08.712, 0, 12288, 11777, 339
2026/09/10 12:10:08.919, 0, 12288, 11777, 339
2026/09/10 12:10:09.126, 0, 12288, 11777, 339
2026/09/10 12:10:09.334, 0, 12288, 11777, 339
2026/09/10 12:10:09.541, 0, 12288, 11777, 339
2026/09/10 12:10:09.747, 0, 12288, 11777, 339
2026/09/10 12:10:09.955, 0, 12288, 11777, 339
2026/09/10 12:10:10.163, 0, 12288, 11777, 339
2026/09/10 12:10:10.368, 0, 12288, 11777, 339
2026/09/10 12:10:10.575, 0, 12288, 11777, 339
2026/09/10 12:10:10.783, 0, 12288, 11777, 339
2026/09/10 12:10:10.989, 0, 12288, 11777, 339
2026/09/10 12:10:11.197, 0, 12288, 11777, 339
2026/09/10 12:10:11.405, 0, 12288, 11777, 339
2026/09/10 12:10:11.613, 0, 12288, 11777, 339
2026/09/10 12:10:11.821, 0, 12288, 11777, 339
2026/09/10 12:10:12.028, 0, 12288, 11777, 339
2026/09/10 12:10:12.236, 0, 12288, 11777, 339
2026/09/10 12:10:12.443, 0, 12288, 11777, 339
2026/09/10 12:10:12.651, 0, 12288, 11777, 339
2026/09/10 12:10:12.859, 0, 12288, 11777, 339
2026/09/10 12:10:13.067, 0, 12288, 11777, 339
2026/09/10 12:10:13.274, 0, 12288, 11777, 339
2026/09/10 12:10:13.481, 0, 12288, 11777, 339
2026/09/10 12:10:13.687, 0, 12288, 11777, 339
2026/09/10 12:10:13.893, 0, 12288, 11777, 339
2026/09/10 12:10:14.101, 0, 12288, 11777, 339
2026/09/10 12:10:14.308, 0, 12288, 11777, 339
2026/09/10 12:10:14.516, 0, 12288, 11777, 339
2026/09/10 12:10:14.724, 0, 12288, 11777, 339
2026/09/10 12:10:14.932, 0, 12288, 11777, 339
2026/09/10 12:10:15.139, 0, 12288, 11777, 339
2026/09/10 12:10:15.346, 0, 12288, 11777, 339
2026/09/10 12:10:15.553, 0, 12288, 11777, 339
2026/09/10 12:10:15.759, 0, 12288, 11777, 339
2026/09/10 12:10:15.965, 0, 12288, 11777, 339
2026/09/10 12:10:16.171, 0, 12288, 11777, 339
2026/09/10 12:10:16.393, 0, 12288, 11777, 339
2026/09/10 12:10:16.600, 0, 12288, 11777, 339
2026/09/10 12:10:16.808, 0, 12288, 11777, 339
2026/09/10 12:10:17.016, 0, 12288, 11777, 339
2026/09/10 12:10:17.223, 0, 12288, 11777, 339
2026/09/10 12:10:17.431, 0, 12288, 11777, 339
2026/09/10 12:10:17.639, 0, 12288, 11777, 339
2026/09/10 12:10:17.847, 0, 12288, 11777, 339
2026/09/10 12:10:18.054, 0, 12288, 11777, 339
2026/09/10 12:10:18.259, 0, 12288, 11777, 339
2026/09/10 12:10:18.466, 0, 12288, 11777, 339
2026/09/10 12:10:18.674, 0, 12288, 11777, 339
2026/09/10 12:10:18.881, 0, 12288, 11777, 339
2026/09/10 12:10:19.089, 0, 12288, 11777, 339
2026/09/10 12:10:19.297, 0, 12288, 11777, 339
2026/09/10 12:10:19.504, 0, 12288, 11777, 339
2026/09/10 12:10:19.710, 0, 12288, 11777, 339
2026/09/10 12:10:19.917, 0, 12288, 11777, 339
2026/09/10 12:10:20.125, 0, 12288, 11777, 339
2026/09/10 12:10:20.331, 0, 12288, 11777, 339
2026/09/10 12:10:20.538, 0, 12288, 11777, 339
2026/09/10 12:10:20.746, 0, 12288, 11777, 339
2026/09/10 12:10:20.953, 0, 12288, 11777, 339
2026/09/10 12:10:21.161, 0, 12288, 11777, 339
2026/09/10 12:10:21.369, 0, 12288, 11777, 339
2026/09/10 12:10:21.573, 0, 12288, 11777, 339
2026/09/10 12:10:21.780, 0, 12288, 11777, 339
2026/09/10 12:10:21.986, 0, 12288, 11777, 339
2026/09/10 12:10:22.195, 0, 12288, 11777, 339
2026/09/10 12:10:22.401, 0, 12288, 11777, 339
2026/09/10 12:10:22.609, 0, 12288, 11777, 339
2026/09/10 12:10:22.817, 0, 12288, 11777, 339
2026/09/10 12:10:23.022, 0, 12288, 11777, 339
2026/09/10 12:10:23.228, 0, 12288, 11777, 339
2026/09/10 12:10:23.436, 0, 12288, 11777, 339
2026/09/10 12:10:23.643, 0, 12288, 11777, 339
2026/09/10 12:10:23.849, 0, 12288, 11777, 339
2026/09/10 12:10:24.056, 0, 12288, 11777, 339
2026/09/10 12:10:24.264, 0, 12288, 11777, 339
2026/09/10 12:10:24.471, 0, 12288, 11777, 339
2026/09/10 12:10:24.678, 0, 12288, 11777, 339
2026/09/10 12:10:24.886, 0, 12288, 11777, 339
2026/09/10 12:10:25.094, 0, 12288, 11777, 339
2026/09/10 12:10:25.302, 0, 12288, 11777, 339
2026/09/10 12:10:25.509, 0, 12288, 11777, 339
2026/09/10 12:10:25.715, 0, 12288, 11777, 339
2026/09/10 12:10:25.938, 0, 12288, 11777, 339
2026/09/10 12:10:26.145, 0, 12288, 11777, 339
2026/09/10 12:10:26.353, 0, 12288, 11777, 339
2026/09/10 12:10:26.561, 0, 12288, 11777, 339
2026/09/10 12:10:26.767, 0, 12288, 11777, 339
2026/09/10 12:10:26.975, 0, 12288, 11777, 339
2026/09/10 12:10:27.181, 0, 12288, 11777, 339
2026/09/10 12:10:27.388, 0, 12288, 11777, 339
2026/09/10 12:10:27.595, 0, 12288, 11777, 339
2026/09/10 12:10:27.803, 0, 12288, 11777, 339
2026/09/10 12:10:28.011, 0, 12288, 11777, 339
2026/09/10 12:10:28.219, 0, 12288, 11777, 339
2026/09/10 12:10:28.427, 0, 12288, 11777, 339
2026/09/10 12:10:28.633, 0, 12288, 11777, 339
2026/09/10 12:10:28.838, 0, 12288, 11777, 339
2026/09/10 12:10:29.045, 0, 12288, 11777, 339
2026/09/10 12:10:29.252, 0, 12288, 11777, 339
2026/09/10 12:10:29.459, 0, 12288, 11777, 339
2026/09/10 12:10:29.666, 0, 12288, 11777, 339
2026/09/10 12:10:29.873, 0, 12288, 11777, 339
2026/09/10 12:10:30.081, 0, 12288, 11777, 339
2026/09/10 12:10:30.289, 0, 12288, 11777, 339
2026/09/10 12:10:30.496, 0, 12288, 11777, 339
2026/09/10 12:10:30.703, 0, 12288, 11777, 339
2026/09/10 12:10:30.910, 0, 12288, 11777, 339
2026/09/10 12:10:31.118, 0, 12288, 11777, 339
2026/09/10 12:10:31.326, 0, 12288, 11777, 339
2026/09/10 12:10:31.533, 0, 12288, 11777, 339
2026/09/10 12:10:31.741, 0, 12288, 11777, 339
2026/09/10 12:10:31.949, 0, 12288, 11777, 339
2026/09/10 12:10:32.157, 0, 12288, 11777, 339
2026/09/10 12:10:32.365, 0, 12288, 11777, 339
2026/09/10 12:10:32.573, 0, 12288, 11777, 339
2026/09/10 12:10:32.778, 0, 12288, 11777, 339
2026/09/10 12:10:32.986, 0, 12288, 11777, 339
2026/09/10 12:10:33.193, 0, 12288, 11777, 339
2026/09/10 12:10:33.401, 0, 12288, 11777, 339
2026/09/10 12:10:33.606, 0, 12288, 11777, 339
2026/09/10 12:10:33.814, 0, 12288, 11777, 339
2026/09/10 12:10:34.020, 0, 12288, 11777, 339
2026/09/10 12:10:34.226, 0, 12288, 11777, 339
2026/09/10 12:10:34.431, 0, 12288, 11777, 339
2026/09/10 12:10:34.637, 0, 12288, 11777, 339
2026/09/10 12:10:34.845, 0, 12288, 11777, 339
2026/09/10 12:10:35.052, 0, 12288, 11777, 339
2026/09/10 12:10:35.259, 0, 12288, 11777, 339
2026/09/10 12:10:35.467, 0, 12288, 11777, 339
2026/09/10 12:10:35.675, 0, 12288, 11777, 339
2026/09/10 12:10:35.883, 0, 12288, 11777, 339
2026/09/10 12:10:36.091, 0, 12288, 11777, 339
2026/09/10 12:10:36.298, 0, 12288, 11777, 339
2026/09/10 12:10:36.506, 0, 12288, 11777, 339
2026/09/10 12:10:36.714, 0, 12288, 11777, 339
2026/09/10 12:10:36.922, 0, 12288, 11777, 339
2026/09/10 12:10:37.129, 0, 12288, 11777, 339
2026/09/10 12:10:37.337, 0, 12288, 11777, 339
2026/09/10 12:10:37.545, 0, 12288, 11777, 339
2026/09/10 12:10:37.753, 0, 12288, 11777, 339
2026/09/10 12:10:37.961, 0, 12288, 11777, 339
2026/09/10 12:10:38.169, 0, 12288, 11777, 339
2026/09/10 12:10:38.372, 0, 12288, 11777, 339
2026/09/10 12:10:38.580, 0, 12288, 11777, 339
2026/09/10 12:10:38.786, 0, 12288, 11777, 339
2026/09/10 12:10:38.994, 0, 12288, 11777, 339
2026/09/10 12:10:39.201, 0, 12288, 11777, 339
2026/09/10 12:10:39.409, 0, 12288, 11777, 339
2026/09/10 12:10:39.615, 0, 12288, 11777, 339
2026/09/10 12:10:39.822, 0, 12288, 11777, 339
2026/09/10 12:10:40.029, 0, 12288, 11777, 339
2026/09/10 12:10:40.237, 0, 12288, 11777, 339
2026/09/10 12:10:40.445, 0, 12288, 11777, 339
2026/09/10 12:10:40.651, 0, 12288, 11777, 339
2026/09/10 12:10:40.858, 0, 12288, 11777, 339
2026/09/10 12:10:41.065, 0, 12288, 11777, 339
2026/09/10 12:10:41.273, 0, 12288, 11777, 339
2026/09/10 12:10:41.480, 0, 12288, 11777, 339
2026/09/10 12:10:41.687, 0, 12288, 11777, 339
2026/09/10 12:10:41.895, 0, 12288, 11777, 339
2026/09/10 12:10:42.102, 0, 12288, 11777, 339
2026/09/10 12:10:42.310, 0, 12288, 11777, 339
2026/09/10 12:10:42.518, 0, 12288, 11777, 339
2026/09/10 12:10:42.726, 0, 12288, 11777, 339
2026/09/10 12:10:42.934, 0, 12288, 11777, 339
2026/09/10 12:10:43.142, 0, 12288, 11777, 339
2026/09/10 12:10:43.350, 0, 12288, 11777, 339
2026/09/10 12:10:43.556, 0, 12288, 11777, 339
2026/09/10 12:10:43.764, 0, 12288, 11777, 339
2026/09/10 12:10:43.968, 0, 12288, 11777, 339
2026/09/10 12:10:44.175, 0, 12288, 11777, 339
2026/09/10 12:10:44.383, 0, 12288, 11777, 339
2026/09/10 12:10:44.591, 0, 12288, 11777, 339
2026/09/10 12:10:44.799, 0, 12288, 11777, 339
2026/09/10 12:10:45.022, 0, 12288, 11777, 339
2026/09/10 12:10:45.229, 0, 12288, 11777, 339
2026/09/10 12:10:45.436, 0, 12288, 11777, 339
2026/09/10 12:10:45.642, 0, 12288, 11777, 339
2026/09/10 12:10:45.848, 0, 12288, 11777, 339
2026/09/10 12:10:46.056, 0, 12288, 11777, 339
2026/09/10 12:10:46.261, 0, 12288, 11777, 339
2026/09/10 12:10:46.469, 0, 12288, 11777, 339
2026/09/10 12:10:46.677, 0, 12288, 11777, 339
2026/09/10 12:10:46.885, 0, 12288, 11777, 339
2026/09/10 12:10:47.093, 0, 12288, 11777, 339
2026/09/10 12:10:47.301, 0, 12288, 11777, 339
2026/09/10 12:10:47.508, 0, 12288, 11777, 339
2026/09/10 12:10:47.713, 0, 12288, 11777, 339
2026/09/10 12:10:47.920, 0, 12288, 11777, 339
2026/09/10 12:10:48.127, 0, 12288, 11777, 339
2026/09/10 12:10:48.335, 0, 12288, 11777, 339
2026/09/10 12:10:48.542, 0, 12288, 11777, 339
2026/09/10 12:10:48.750, 0, 12288, 11777, 339
2026/09/10 12:10:48.958, 0, 12288, 11777, 339
2026/09/10 12:10:49.165, 0, 12288, 11777, 339
2026/09/10 12:10:49.373, 0, 12288, 11777, 339
2026/09/10 12:10:49.579, 0, 12288, 11777, 339
2026/09/10 12:10:49.787, 0, 12288, 11777, 339
2026/09/10 12:10:49.995, 0, 12288, 11777, 339
2026/09/10 12:10:50.203, 0, 12288, 11777, 339
2026/09/10 12:10:50.411, 0, 12288, 11777, 339
2026/09/10 12:10:50.618, 0, 12288, 11777, 339
2026/09/10 12:10:50.825, 0, 12288, 11777, 339
2026/09/10 12:10:51.031, 0, 12288, 11777, 339
2026/09/10 12:10:51.239, 0, 12288, 11777, 339
2026/09/10 12:10:51.446, 0, 12288, 11777, 339
2026/09/10 12:10:51.653, 0, 12288, 11777, 339
2026/09/10 12:10:51.861, 0, 12288, 11777, 339
2026/09/10 12:10:52.069, 0, 12288, 11777, 339
2026/09/10 12:10:52.277, 0, 12288, 11777, 339
2026/09/10 12:10:52.485, 0, 12288, 11777, 339
2026/09/10 12:10:52.693, 0, 12288, 11777, 339
2026/09/10 12:10:52.900, 0, 12288, 11777, 339
2026/09/10 12:10:53.107, 0, 12288, 11777, 339
2026/09/10 12:10:53.314, 0, 12288, 11777, 339
2026/09/10 12:10:53.521, 0, 12288, 11777, 339
2026/09/10 12:10:53.729, 0, 12288, 11777, 339
2026/09/10 12:10:53.937, 0, 12288, 11777, 339
2026/09/10 12:10:54.145, 0, 12288, 11777, 339
2026/09/10 12:10:54.352, 0, 12288, 11777, 339
2026/09/10 12:10:54.558, 0, 12288, 11777, 339
2026/09/10 12:10:54.764, 0, 12288, 11777, 339
2026/09/10 12:10:54.971, 0, 12288, 11777, 339
2026/09/10 12:10:55.176, 0, 12288, 11777, 339
2026/09/10 12:10:55.384, 0, 12288, 11777, 339
2026/09/10 12:10:55.588, 0, 12288, 11777, 339
2026/09/10 12:10:55.795, 0, 12288, 11777, 339
2026/09/10 12:10:56.002, 0, 12288, 11777, 339
2026/09/10 12:10:56.210, 0, 12288, 11777, 339
2026/09/10 12:10:56.418, 0, 12288, 11777, 339
2026/09/10 12:10:56.626, 0, 12288, 11777, 339
2026/09/10 12:10:56.834, 0, 12288, 11777, 339
2026/09/10 12:10:57.042, 0, 12288, 11777, 339
2026/09/10 12:10:57.249, 0, 12288, 11777, 339
2026/09/10 12:10:57.457, 0, 12288, 11777, 339
2026/09/10 12:10:57.663, 0, 12288, 11777, 339
2026/09/10 12:10:57.871, 0, 12288, 11777, 339
2026/09/10 12:10:58.079, 0, 12288, 11777, 339
2026/09/10 12:10:58.287, 0, 12288, 11777, 339
2026/09/10 12:10:58.494, 0, 12288, 11777, 339
2026/09/10 12:10:58.702, 0, 12288, 11777, 339
2026/09/10 12:10:58.909, 0, 12288, 11777, 339
2026/09/10 12:10:59.117, 0, 12288, 11777, 339
2026/09/10 12:10:59.325, 0, 12288, 11777, 339
2026/09/10 12:10:59.531, 0, 12288, 11777, 339
2026/09/10 12:10:59.739, 0, 12288, 11777, 339
2026/09/10 12:10:59.945, 0, 12288, 11777, 339
2026/09/10 12:11:00.152, 0, 12288, 11777, 339
2026/09/10 12:11:00.360, 0, 12288, 11777, 339
2026/09/10 12:11:00.568, 0, 12288, 11777, 339
2026/09/10 12:11:00.772, 0, 12288, 11777, 339
2026/09/10 12:11:00.979, 0, 12288, 11777, 339
2026/09/10 12:11:01.186, 0, 12288, 11777, 339
2026/09/10 12:11:01.394, 0, 12288, 11777, 339
2026/09/10 12:11:01.602, 0, 12288, 11777, 339
2026/09/10 12:11:01.810, 0, 12288, 11777, 339
2026/09/10 12:11:02.018, 0, 12288, 11777, 339
2026/09/10 12:11:02.226, 0, 12288, 11777, 339
2026/09/10 12:11:02.434, 0, 12288, 11777, 339
2026/09/10 12:11:02.641, 0, 12288, 11777, 339
2026/09/10 12:11:02.849, 0, 12288, 11777, 339
2026/09/10 12:11:03.057, 0, 12288, 11777, 339
2026/09/10 12:11:03.264, 0, 12288, 11777, 339
2026/09/10 12:11:03.472, 0, 12288, 11777, 339
2026/09/10 12:11:03.680, 0, 12288, 11777, 339
2026/09/10 12:11:03.886, 0, 12288, 11777, 339
2026/09/10 12:11:04.093, 0, 12288, 11777, 339
2026/09/10 12:11:04.301, 0, 12288, 11777, 339
2026/09/10 12:11:04.508, 0, 12288, 11777, 339
2026/09/10 12:11:04.716, 0, 12288, 11777, 339
2026/09/10 12:11:04.924, 0, 12288, 11777, 339
2026/09/10 12:11:05.132, 0, 12288, 11777, 339
2026/09/10 12:11:05.338, 0, 12288, 11777, 339
2026/09/10 12:11:05.546, 0, 12288, 11777, 339
2026/09/10 12:11:05.753, 0, 12288, 11777, 339
2026/09/10 12:11:05.961, 0, 12288, 11777, 339
2026/09/10 12:11:06.168, 0, 12288, 11777, 339
2026/09/10 12:11:06.375, 0, 12288, 11777, 339
2026/09/10 12:11:06.581, 0, 12288, 11777, 339
2026/09/10 12:11:06.789, 0, 12288, 11777, 339
2026/09/10 12:11:06.996, 0, 12288, 11777, 339
2026/09/10 12:11:07.204, 0, 12288, 11777, 339
2026/09/10 12:11:07.412, 0, 12288, 11777, 339
2026/09/10 12:11:07.620, 0, 12288, 11777, 339
2026/09/10 12:11:07.828, 0, 12288, 11777, 339
2026/09/10 12:11:08.036, 0, 12288, 11777, 339
2026/09/10 12:11:08.244, 0, 12288, 11777, 339
2026/09/10 12:11:08.451, 0, 12288, 11777, 339
2026/09/10 12:11:08.658, 0, 12288, 11777, 339
2026/09/10 12:11:08.863, 0, 12288, 11777, 339
2026/09/10 12:11:09.068, 0, 12288, 11777, 339
2026/09/10 12:11:09.274, 0, 12288, 11777, 339
2026/09/10 12:11:09.480, 0, 12288, 11777, 339
2026/09/10 12:11:09.687, 0, 12288, 11777, 339
2026/09/10 12:11:09.892, 0, 12288, 11777, 339
2026/09/10 12:11:10.098, 0, 12288, 11777, 339
2026/09/10 12:11:10.305, 0, 12288, 11777, 339
2026/09/10 12:11:10.509, 0, 12288, 11777, 339
2026/09/10 12:11:10.716, 0, 12288, 11777, 339
2026/09/10 12:11:10.923, 0, 12288, 11777, 339
2026/09/10 12:11:11.130, 0, 12288, 11777, 339
2026/09/10 12:11:11.337, 0, 12288, 11777, 339
2026/09/10 12:11:11.541, 0, 12288, 11777, 339
2026/09/10 12:11:11.749, 0, 12288, 11777, 339
2026/09/10 12:11:11.953, 0, 12288, 11777, 339
2026/09/10 12:11:12.158, 0, 12288, 11777, 339
2026/09/10 12:11:12.365, 0, 12288, 11777, 339
2026/09/10 12:11:12.570, 0, 12288, 11777, 339
2026/09/10 12:11:12.778, 0, 12288, 11777, 339
2026/09/10 12:11:12.985, 0, 12288, 11777, 339
2026/09/10 12:11:13.191, 0, 12288, 11777, 339
2026/09/10 12:11:13.399, 0, 12288, 11777, 339
2026/09/10 12:11:13.602, 0, 12288, 11777, 339
2026/09/10 12:11:13.807, 0, 12288, 11777, 339
2026/09/10 12:11:14.014, 0, 12288, 11777, 339
2026/09/10 12:11:14.217, 0, 12288, 11777, 339
2026/09/10 12:11:14.422, 0, 12288, 11777, 339
2026/09/10 12:11:14.626, 0, 12288, 11777, 339
2026/09/10 12:11:14.833, 0, 12288, 11777, 339
2026/09/10 12:11:15.039, 0, 12288, 11777, 339
2026/09/10 12:11:15.247, 0, 12288, 11777, 339
2026/09/10 12:11:15.455, 0, 12288, 11777, 339
2026/09/10 12:11:15.661, 0, 12288, 11777, 339
2026/09/10 12:11:15.869, 0, 12288, 11777, 339
2026/09/10 12:11:16.075, 0, 12288, 11777, 339
2026/09/10 12:11:16.283, 0, 12288, 11777, 339
2026/09/10 12:11:16.491, 0, 12288, 11777, 339
2026/09/10 12:11:16.697, 0, 12288, 11777, 339
2026/09/10 12:11:16.905, 0, 12288, 11777, 339
2026/09/10 12:11:17.113, 0, 12288, 11777, 339
2026/09/10 12:11:17.321, 0, 12288, 11777, 339
2026/09/10 12:11:17.525, 0, 12288, 11777, 339
2026/09/10 12:11:17.733, 0, 12288, 11777, 339
2026/09/10 12:11:17.940, 0, 12288, 11777, 339
2026/09/10 12:11:18.148, 0, 12288, 11777, 339
2026/09/10 12:11:18.355, 0, 12288, 11777, 339
2026/09/10 12:11:18.562, 0, 12288, 11777, 339
2026/09/10 12:11:18.769, 0, 12288, 11777, 339
2026/09/10 12:11:18.975, 0, 12288, 11777, 339
2026/09/10 12:11:19.183, 0, 12288, 11777, 339
2026/09/10 12:11:19.391, 0, 12288, 11777, 339
2026/09/10 12:11:19.599, 0, 12288, 11777, 339
2026/09/10 12:11:19.806, 0, 12288, 11777, 339
2026/09/10 12:11:20.013, 0, 12288, 11777, 339
2026/09/10 12:11:20.221, 0, 12288, 11777, 339
2026/09/10 12:11:20.428, 0, 12288, 11777, 339
2026/09/10 12:11:20.635, 0, 12288, 11777, 339
2026/09/10 12:11:20.842, 0, 12288, 11777, 339
2026/09/10 12:11:21.050, 0, 12288, 11777, 339
2026/09/10 12:11:21.258, 0, 12288, 11777, 339
2026/09/10 12:11:21.465, 0, 12288, 11777, 339
2026/09/10 12:11:21.672, 0, 12288, 11777, 339
2026/09/10 12:11:21.880, 0, 12288, 11777, 339
2026/09/10 12:11:22.088, 0, 12288, 11777, 339
2026/09/10 12:11:22.296, 0, 12288, 11777, 339
2026/09/10 12:11:22.504, 0, 12288, 11777, 339
2026/09/10 12:11:22.712, 0, 12288, 11777, 339
2026/09/10 12:11:22.920, 0, 12288, 11777, 339
2026/09/10 12:11:23.125, 0, 12288, 11777, 339
2026/09/10 12:11:23.332, 0, 12288, 11777, 339
2026/09/10 12:11:23.540, 0, 12288, 11777, 339
2026/09/10 12:11:23.748, 0, 12288, 11777, 339
2026/09/10 12:11:23.956, 0, 12288, 11777, 339
2026/09/10 12:11:24.164, 0, 12288, 11777, 339
2026/09/10 12:11:24.370, 0, 12288, 11777, 339
2026/09/10 12:11:24.577, 0, 12288, 11777, 339
2026/09/10 12:11:24.785, 0, 12288, 11777, 339
2026/09/10 12:11:24.992, 0, 12288, 11777, 339
2026/09/10 12:11:25.198, 0, 12288, 11777, 339
2026/09/10 12:11:25.406, 0, 12288, 11777, 339
2026/09/10 12:11:25.614, 0, 12288, 11777, 339
2026/09/10 12:11:25.822, 0, 12288, 11777, 339
2026/09/10 12:11:26.030, 0, 12288, 11777, 339
2026/09/10 12:11:26.238, 0, 12288, 11777, 339
2026/09/10 12:11:26.445, 0, 12288, 11777, 339
2026/09/10 12:11:26.653, 0, 12288, 11777, 339
2026/09/10 12:11:26.860, 0, 12288, 11777, 339
2026/09/10 12:11:27.067, 0, 12288, 11777, 339
2026/09/10 12:11:27.275, 0, 12288, 11777, 339
2026/09/10 12:11:27.482, 0, 12288, 11777, 339
2026/09/10 12:11:27.690, 0, 12288, 11777, 339
2026/09/10 12:11:27.898, 0, 12288, 11777, 339
2026/09/10 12:11:28.106, 0, 12288, 11777, 339
2026/09/10 12:11:28.313, 0, 12288, 11777, 339
2026/09/10 12:11:28.519, 0, 12288, 11777, 339
2026/09/10 12:11:28.723, 0, 12288, 11777, 339
2026/09/10 12:11:28.930, 0, 12288, 11777, 339
2026/09/10 12:11:29.138, 0, 12288, 11777, 339
2026/09/10 12:11:29.345, 0, 12288, 11777, 339
2026/09/10 12:11:29.553, 0, 12288, 11777, 339
2026/09/10 12:11:29.759, 0, 12288, 11777, 339
2026/09/10 12:11:29.966, 0, 12288, 11777, 339
2026/09/10 12:11:30.173, 0, 12288, 11777, 339
2026/09/10 12:11:30.381, 0, 12288, 11777, 339
2026/09/10 12:11:30.589, 0, 12288, 11777, 339
2026/09/10 12:11:30.795, 0, 12288, 11777, 339
2026/09/10 12:11:31.002, 0, 12288, 11777, 339
2026/09/10 12:11:31.206, 0, 12288, 11777, 339
2026/09/10 12:11:31.413, 0, 12288, 11777, 339
2026/09/10 12:11:31.621, 0, 12288, 11777, 339
2026/09/10 12:11:31.828, 0, 12288, 11777, 339
2026/09/10 12:11:32.036, 0, 12288, 11777, 339
2026/09/10 12:11:32.243, 0, 12288, 11777, 339
2026/09/10 12:11:32.451, 0, 12288, 11777, 339
2026/09/10 12:11:32.658, 0, 12288, 11777, 339
2026/09/10 12:11:32.866, 0, 12288, 11777, 339
2026/09/10 12:11:33.072, 0, 12288, 11777, 339
2026/09/10 12:11:33.276, 0, 12288, 11777, 339
2026/09/10 12:11:33.483, 0, 12288, 11777, 339
2026/09/10 12:11:33.691, 0, 12288, 11777, 339
2026/09/10 12:11:33.899, 0, 12288, 11777, 339
2026/09/10 12:11:34.106, 0, 12288, 11777, 339
2026/09/10 12:11:34.310, 0, 12288, 11777, 339
2026/09/10 12:11:34.515, 0, 12288, 11777, 339
2026/09/10 12:11:34.720, 0, 12288, 11777, 339
2026/09/10 12:11:34.926, 0, 12288, 11777, 339
2026/09/10 12:11:35.132, 0, 12288, 11777, 339
2026/09/10 12:11:35.339, 0, 12288, 11777, 339
2026/09/10 12:11:35.546, 0, 12288, 11777, 339
2026/09/10 12:11:35.754, 0, 12288, 11777, 339
2026/09/10 12:11:35.961, 0, 12288, 11777, 339
2026/09/10 12:11:36.169, 0, 12288, 11777, 339
2026/09/10 12:11:36.376, 0, 12288, 11777, 339
2026/09/10 12:11:36.583, 0, 12288, 11777, 339
2026/09/10 12:11:36.790, 0, 12288, 11777, 339
2026/09/10 12:11:36.997, 0, 12288, 11777, 339
2026/09/10 12:11:37.203, 0, 12288, 11777, 339
2026/09/10 12:11:37.411, 0, 12288, 11777, 339
2026/09/10 12:11:37.619, 0, 12288, 11777, 339
2026/09/10 12:11:37.827, 0, 12288, 11777, 339
2026/09/10 12:11:38.034, 0, 12288, 11777, 339
2026/09/10 12:11:38.242, 0, 12288, 11777, 339
2026/09/10 12:11:38.450, 0, 12288, 11777, 339
2026/09/10 12:11:38.657, 0, 12288, 11777, 339
2026/09/10 12:11:38.865, 0, 12288, 11777, 339
2026/09/10 12:11:39.073, 0, 12288, 11777, 339
2026/09/10 12:11:39.280, 0, 12288, 11777, 339
2026/09/10 12:11:39.487, 0, 12288, 11777, 339
2026/09/10 12:11:39.693, 0, 12288, 11777, 339
2026/09/10 12:11:39.898, 0, 12288, 11777, 339
2026/09/10 12:11:40.106, 0, 12288, 11777, 339
2026/09/10 12:11:40.312, 0, 12288, 11777, 339
2026/09/10 12:11:40.519, 0, 12288, 11777, 339
2026/09/10 12:11:40.727, 0, 12288, 11777, 339
2026/09/10 12:11:40.934, 0, 12288, 11777, 339
2026/09/10 12:11:41.142, 0, 12288, 11777, 339
2026/09/10 12:11:41.349, 0, 12288, 11777, 339
2026/09/10 12:11:41.556, 0, 12288, 11777, 339
2026/09/10 12:11:41.763, 0, 12288, 11777, 339
2026/09/10 12:11:41.971, 0, 12288, 11777, 339
2026/09/10 12:11:42.179, 0, 12288, 11777, 339
2026/09/10 12:11:42.386, 0, 12288, 11777, 339
2026/09/10 12:11:42.593, 0, 12288, 11777, 339
2026/09/10 12:11:42.801, 0, 12288, 11777, 339
2026/09/10 12:11:43.009, 0, 12288, 11777, 339
2026/09/10 12:11:43.216, 0, 12288, 11777, 339
2026/09/10 12:11:43.423, 0, 12288, 11777, 339
2026/09/10 12:11:43.631, 0, 12288, 11777, 339
2026/09/10 12:11:43.836, 0, 12288, 11777, 339
2026/09/10 12:11:44.043, 0, 12288, 11777, 339
2026/09/10 12:11:44.250, 0, 12288, 11777, 339
2026/09/10 12:11:44.458, 0, 12288, 11777, 339
2026/09/10 12:11:44.665, 0, 12288, 11777, 339
2026/09/10 12:11:44.871, 0, 12288, 11777, 339
2026/09/10 12:11:45.079, 0, 12288, 11777, 339
2026/09/10 12:11:45.287, 0, 12288, 11777, 339
2026/09/10 12:11:45.492, 0, 12288, 11777, 339
2026/09/10 12:11:45.699, 0, 12288, 11777, 339
2026/09/10 12:11:45.907, 0, 12288, 11777, 339
2026/09/10 12:11:46.115, 0, 12288, 11777, 339
2026/09/10 12:11:46.321, 0, 12288, 11777, 339
2026/09/10 12:11:46.528, 0, 12288, 11777, 339
2026/09/10 12:11:46.736, 0, 12288, 11777, 339
2026/09/10 12:11:46.944, 0, 12288, 11777, 339
2026/09/10 12:11:47.152, 0, 12288, 11777, 339
2026/09/10 12:11:47.360, 0, 12288, 11777, 339
2026/09/10 12:11:47.567, 0, 12288, 11777, 339
2026/09/10 12:11:47.775, 0, 12288, 11777, 339
2026/09/10 12:11:47.983, 0, 12288, 11777, 339
2026/09/10 12:11:48.191, 0, 12288, 11777, 339
2026/09/10 12:11:48.398, 0, 12288, 11777, 339
2026/09/10 12:11:48.605, 0, 12288, 11777, 339
2026/09/10 12:11:48.812, 0, 12288, 11777, 339
2026/09/10 12:11:49.018, 0, 12288, 11777, 339
2026/09/10 12:11:49.226, 0, 12288, 11777, 339
2026/09/10 12:11:49.433, 0, 12288, 11777, 339
2026/09/10 12:11:49.641, 0, 12288, 11777, 339
2026/09/10 12:11:49.849, 0, 12288, 11777, 339
2026/09/10 12:11:50.056, 0, 12288, 11777, 339
2026/09/10 12:11:50.263, 0, 12288, 11777, 339
2026/09/10 12:11:50.470, 0, 12288, 11777, 339
2026/09/10 12:11:50.677, 0, 12288, 11777, 339
2026/09/10 12:11:50.883, 0, 12288, 11777, 339
2026/09/10 12:11:51.089, 0, 12288, 11777, 339
2026/09/10 12:11:51.295, 0, 12288, 11777, 339
2026/09/10 12:11:51.503, 0, 12288, 11777, 339
2026/09/10 12:11:51.710, 0, 12288, 11777, 339
2026/09/10 12:11:51.917, 0, 12288, 11777, 339
2026/09/10 12:11:52.124, 0, 12288, 11777, 339
2026/09/10 12:11:52.331, 0, 12288, 11777, 339
2026/09/10 12:11:52.539, 0, 12288, 11777, 339
2026/09/10 12:11:52.746, 0, 12288, 11777, 339
2026/09/10 12:11:52.954, 0, 12288, 11777, 339
2026/09/10 12:11:53.158, 0, 12288, 11777, 339
2026/09/10 12:11:53.366, 0, 12288, 11777, 339
2026/09/10 12:11:53.573, 0, 12288, 11777, 339
2026/09/10 12:11:53.780, 0, 12288, 11777, 339
2026/09/10 12:11:53.988, 0, 12288, 11777, 339
2026/09/10 12:11:54.196, 0, 12288, 11777, 339
2026/09/10 12:11:54.402, 0, 12288, 11777, 339
2026/09/10 12:11:54.610, 0, 12288, 11777, 339
2026/09/10 12:11:54.818, 0, 12288, 11777, 339
2026/09/10 12:11:55.025, 0, 12288, 11777, 339
2026/09/10 12:11:55.233, 0, 12288, 11777, 339
2026/09/10 12:11:55.442, 0, 12288, 11777, 339
2026/09/10 12:11:55.650, 0, 12288, 11777, 339
2026/09/10 12:11:55.856, 0, 12288, 11777, 339
2026/09/10 12:11:56.063, 0, 12288, 11777, 339
2026/09/10 12:11:56.271, 0, 12288, 11777, 339
2026/09/10 12:11:56.476, 0, 12288, 11777, 339
2026/09/10 12:11:56.681, 0, 12288, 11777, 339
2026/09/10 12:11:56.889, 0, 12288, 11777, 339
2026/09/10 12:11:57.096, 0, 12288, 11777, 339
2026/09/10 12:11:57.302, 0, 12288, 11777, 339
2026/09/10 12:11:57.509, 0, 12288, 11777, 339
2026/09/10 12:11:57.717, 0, 12288, 11777, 339
2026/09/10 12:11:57.925, 0, 12288, 11777, 339
2026/09/10 12:11:58.132, 0, 12288, 11777, 339
2026/09/10 12:11:58.340, 0, 12288, 11777, 339
2026/09/10 12:11:58.547, 0, 12288, 11777, 339
2026/09/10 12:11:58.755, 0, 12288, 11777, 339
2026/09/10 12:11:58.963, 0, 12288, 11777, 339
2026/09/10 12:11:59.171, 0, 12288, 11777, 339
2026/09/10 12:11:59.378, 0, 12288, 11777, 339
2026/09/10 12:11:59.585, 0, 12288, 11777, 339
2026/09/10 12:11:59.792, 0, 12288, 11777, 339
2026/09/10 12:11:59.999, 0, 12288, 11777, 339
2026/09/10 12:12:00.205, 0, 12288, 11777, 339
2026/09/10 12:12:00.412, 0, 12288, 11777, 339
2026/09/10 12:12:00.620, 0, 12288, 11777, 339
2026/09/10 12:12:00.827, 0, 12288, 11777, 339
2026/09/10 12:12:01.034, 0, 12288, 11777, 339
2026/09/10 12:12:01.241, 0, 12288, 11777, 339
2026/09/10 12:12:01.447, 0, 12288, 11777, 339
2026/09/10 12:12:01.655, 0, 12288, 11777, 339
2026/09/10 12:12:01.863, 0, 12288, 11777, 339
2026/09/10 12:12:02.071, 0, 12288, 11777, 339
2026/09/10 12:12:02.276, 0, 12288, 11777, 339
2026/09/10 12:12:02.484, 0, 12288, 11777, 339
2026/09/10 12:12:02.691, 0, 12288, 11777, 339
2026/09/10 12:12:02.898, 0, 12288, 11777, 339
2026/09/10 12:12:03.106, 0, 12288, 11777, 339
2026/09/10 12:12:03.314, 0, 12288, 11777, 339
2026/09/10 12:12:03.522, 0, 12288, 11777, 339
2026/09/10 12:12:03.730, 0, 12288, 11777, 339
2026/09/10 12:12:03.938, 0, 12288, 11777, 339
2026/09/10 12:12:04.146, 0, 12288, 11777, 339
2026/09/10 12:12:04.354, 0, 12288, 11777, 339
2026/09/10 12:12:04.561, 0, 12288, 11777, 339
2026/09/10 12:12:04.767, 0, 12288, 11777, 339
2026/09/10 12:12:04.974, 0, 12288, 11777, 339
2026/09/10 12:12:05.182, 0, 12288, 11777, 339
2026/09/10 12:12:05.389, 0, 12288, 11777, 339
2026/09/10 12:12:05.596, 0, 12288, 11777, 339
2026/09/10 12:12:05.804, 0, 12288, 11777, 339
2026/09/10 12:12:06.012, 0, 12288, 11777, 339
2026/09/10 12:12:06.219, 0, 12288, 11777, 339
2026/09/10 12:12:06.426, 0, 12288, 11777, 339
2026/09/10 12:12:06.633, 0, 12288, 11777, 339
2026/09/10 12:12:06.840, 0, 12288, 11777, 339
2026/09/10 12:12:07.048, 0, 12288, 11777, 339
2026/09/10 12:12:07.256, 0, 12288, 11777, 339
2026/09/10 12:12:07.463, 0, 12288, 11777, 339
2026/09/10 12:12:07.670, 0, 12288, 11777, 339
2026/09/10 12:12:07.875, 0, 12288, 11777, 339
2026/09/10 12:12:08.082, 0, 12288, 11777, 339
2026/09/10 12:12:08.289, 0, 12288, 11777, 339
2026/09/10 12:12:08.497, 0, 12288, 11777, 339
2026/09/10 12:12:08.701, 0, 12288, 11777, 339
2026/09/10 12:12:08.908, 0, 12288, 11777, 339
2026/09/10 12:12:09.116, 0, 12288, 11777, 339
2026/09/10 12:12:09.323, 0, 12288, 11777, 339
2026/09/10 12:12:09.529, 0, 12288, 11777, 339
2026/09/10 12:12:09.736, 0, 12288, 11777, 339
2026/09/10 12:12:09.942, 0, 12288, 11777, 339
2026/09/10 12:12:10.149, 0, 12288, 11777, 339
2026/09/10 12:12:10.357, 0, 12288, 11777, 339
2026/09/10 12:12:10.564, 0, 12288, 11777, 339
2026/09/10 12:12:10.770, 0, 12288, 11777, 339
2026/09/10 12:12:10.977, 0, 12288, 11777, 339
2026/09/10 12:12:11.185, 0, 12288, 11777, 339
2026/09/10 12:12:11.393, 0, 12288, 11777, 339
2026/09/10 12:12:11.600, 0, 12288, 11777, 339
2026/09/10 12:12:11.808, 0, 12288, 11777, 339
2026/09/10 12:12:12.016, 0, 12288, 11777, 339
2026/09/10 12:12:12.223, 0, 12288, 11777, 339
2026/09/10 12:12:12.431, 0, 12288, 11777, 339
2026/09/10 12:12:12.637, 0, 12288, 11777, 339
2026/09/10 12:12:12.845, 0, 12288, 11777, 339
2026/09/10 12:12:13.053, 0, 12288, 11777, 339
2026/09/10 12:12:13.261, 0, 12288, 11777, 339
2026/09/10 12:12:13.467, 0, 12288, 11777, 339
2026/09/10 12:12:13.674, 0, 12288, 11777, 339
2026/09/10 12:12:13.880, 0, 12288, 11777, 339
2026/09/10 12:12:14.087, 0, 12288, 11777, 339
2026/09/10 12:12:14.294, 0, 12288, 11777, 339
2026/09/10 12:12:14.501, 0, 12288, 11777, 339
2026/09/10 12:12:14.709, 0, 12288, 11777, 339
2026/09/10 12:12:14.917, 0, 12288, 11777, 339
2026/09/10 12:12:15.124, 0, 12288, 11777, 339
2026/09/10 12:12:15.331, 0, 12288, 11777, 339
2026/09/10 12:12:15.536, 0, 12288, 11777, 339
2026/09/10 12:12:15.744, 0, 12288, 11777, 339
2026/09/10 12:12:15.952, 0, 12288, 11777, 339
2026/09/10 12:12:16.160, 0, 12288, 11777, 339
2026/09/10 12:12:16.367, 0, 12288, 11777, 339
2026/09/10 12:12:16.573, 0, 12288, 11777, 339
2026/09/10 12:12:16.781, 0, 12288, 11777, 339
2026/09/10 12:12:16.988, 0, 12288, 11777, 339
2026/09/10 12:12:17.196, 0, 12288, 11777, 339
2026/09/10 12:12:17.403, 0, 12288, 11777, 339
2026/09/10 12:12:17.609, 0, 12288, 11777, 339
2026/09/10 12:12:17.817, 0, 12288, 11777, 339
2026/09/10 12:12:18.025, 0, 12288, 11777, 339
2026/09/10 12:12:18.233, 0, 12288, 11777, 339
2026/09/10 12:12:18.440, 0, 12288, 11777, 339
2026/09/10 12:12:18.647, 0, 12288, 11777, 339
2026/09/10 12:12:18.854, 0, 12288, 11777, 339
2026/09/10 12:12:19.059, 0, 12288, 11777, 339
2026/09/10 12:12:19.267, 0, 12288, 11777, 339
2026/09/10 12:12:19.475, 0, 12288, 11777, 339
2026/09/10 12:12:19.682, 0, 12288, 11777, 339
2026/09/10 12:12:19.890, 0, 12288, 11777, 339
2026/09/10 12:12:20.098, 0, 12288, 11777, 339
2026/09/10 12:12:20.305, 0, 12288, 11777, 339
2026/09/10 12:12:20.514, 0, 12288, 11777, 339
2026/09/10 12:12:20.721, 0, 12288, 11777, 339
2026/09/10 12:12:20.929, 0, 12288, 11777, 339
2026/09/10 12:12:21.137, 0, 12288, 11777, 339
2026/09/10 12:12:21.345, 0, 12288, 11777, 339
2026/09/10 12:12:21.550, 0, 12288, 11777, 339
2026/09/10 12:12:21.759, 0, 12288, 11777, 339
2026/09/10 12:12:21.965, 0, 12288, 11777, 339
2026/09/10 12:12:22.172, 0, 12288, 11777, 339
2026/09/10 12:12:22.380, 0, 12288, 11777, 339
2026/09/10 12:12:22.587, 0, 12288, 11777, 339
2026/09/10 12:12:22.793, 0, 12288, 11777, 339
2026/09/10 12:12:23.000, 0, 12288, 11777, 339
2026/09/10 12:12:23.208, 0, 12288, 11777, 339
2026/09/10 12:12:23.416, 0, 12288, 11777, 339
2026/09/10 12:12:23.623, 0, 12288, 11777, 339
2026/09/10 12:12:23.831, 0, 12288, 11777, 339
2026/09/10 12:12:24.038, 0, 12288, 11777, 339
2026/09/10 12:12:24.245, 0, 12288, 11777, 339
2026/09/10 12:12:24.453, 0, 12288, 11777, 339
2026/09/10 12:12:24.658, 0, 12288, 11777, 339
2026/09/10 12:12:24.866, 0, 12288, 11777, 339
2026/09/10 12:12:25.074, 0, 12288, 11777, 339
2026/09/10 12:12:25.282, 0, 12288, 11777, 339
2026/09/10 12:12:25.490, 0, 12288, 11777, 339
2026/09/10 12:12:25.697, 0, 12288, 11777, 339
2026/09/10 12:12:25.905, 0, 12288, 11777, 339
2026/09/10 12:12:26.113, 0, 12288, 11777, 339
2026/09/10 12:12:26.321, 0, 12288, 11777, 339
2026/09/10 12:12:26.527, 0, 12288, 11777, 339
2026/09/10 12:12:26.735, 0, 12288, 11777, 339
2026/09/10 12:12:26.943, 0, 12288, 11777, 339
2026/09/10 12:12:27.150, 0, 12288, 11777, 339
2026/09/10 12:12:27.358, 0, 12288, 11777, 339
2026/09/10 12:12:27.566, 0, 12288, 11777, 339
2026/09/10 12:12:27.773, 0, 12288, 11777, 339
2026/09/10 12:12:27.981, 0, 12288, 11777, 339
2026/09/10 12:12:28.188, 0, 12288, 11777, 339
2026/09/10 12:12:28.396, 0, 12288, 11777, 339
2026/09/10 12:12:28.603, 0, 12288, 11777, 339
2026/09/10 12:12:28.811, 0, 12288, 11777, 339
2026/09/10 12:12:29.019, 0, 12288, 11777, 339
2026/09/10 12:12:29.227, 0, 12288, 11777, 339
2026/09/10 12:12:29.435, 0, 12288, 11777, 339
2026/09/10 12:12:29.643, 0, 12288, 11777, 339
2026/09/10 12:12:29.850, 0, 12288, 11777, 339
2026/09/10 12:12:30.057, 0, 12288, 11777, 339
2026/09/10 12:12:30.262, 0, 12288, 11777, 339
2026/09/10 12:12:30.470, 0, 12288, 11777, 339
2026/09/10 12:12:30.678, 0, 12288, 11777, 339
2026/09/10 12:12:30.885, 0, 12288, 11777, 339
2026/09/10 12:12:31.093, 0, 12288, 11777, 339
2026/09/10 12:12:31.301, 0, 12288, 11777, 339
2026/09/10 12:12:31.508, 0, 12288, 11777, 339
2026/09/10 12:12:31.715, 0, 12288, 11777, 339
2026/09/10 12:12:31.922, 0, 12288, 11777, 339
2026/09/10 12:12:32.130, 0, 12288, 11777, 339
2026/09/10 12:12:32.338, 0, 12288, 11777, 339
2026/09/10 12:12:32.546, 0, 12288, 11777, 339
2026/09/10 12:12:32.754, 0, 12288, 11777, 339
2026/09/10 12:12:32.962, 0, 12288, 11777, 339
2026/09/10 12:12:33.169, 0, 12288, 11777, 339
2026/09/10 12:12:33.377, 0, 12288, 11777, 339
2026/09/10 12:12:33.585, 0, 12288, 11777, 339
2026/09/10 12:12:33.793, 0, 12288, 11777, 339
2026/09/10 12:12:34.001, 0, 12288, 11777, 339
2026/09/10 12:12:34.207, 0, 12288, 11777, 339
2026/09/10 12:12:34.414, 0, 12288, 11777, 339
2026/09/10 12:12:34.622, 0, 12288, 11777, 339
2026/09/10 12:12:34.830, 0, 12288, 11777, 339
2026/09/10 12:12:35.038, 0, 12288, 11777, 339
2026/09/10 12:12:35.246, 0, 12288, 11777, 339
2026/09/10 12:12:35.453, 0, 12288, 11777, 339
2026/09/10 12:12:35.658, 0, 12288, 11777, 339
2026/09/10 12:12:35.863, 0, 12288, 11777, 339
2026/09/10 12:12:36.069, 0, 12288, 11777, 339
2026/09/10 12:12:36.276, 0, 12288, 11777, 339
2026/09/10 12:12:36.484, 0, 12288, 11777, 339
2026/09/10 12:12:36.689, 0, 12288, 11777, 339
2026/09/10 12:12:36.897, 0, 12288, 11777, 339
2026/09/10 12:12:37.105, 0, 12288, 11777, 339
2026/09/10 12:12:37.313, 0, 12288, 11777, 339
2026/09/10 12:12:37.521, 0, 12288, 11777, 339
2026/09/10 12:12:37.729, 0, 12288, 11777, 339
2026/09/10 12:12:37.937, 0, 12288, 11777, 339
2026/09/10 12:12:38.160, 0, 12288, 11777, 339
2026/09/10 12:12:38.367, 0, 12288, 11777, 339
2026/09/10 12:12:38.575, 0, 12288, 11777, 339
2026/09/10 12:12:38.783, 0, 12288, 11777, 339
2026/09/10 12:12:38.991, 0, 12288, 11777, 339
2026/09/10 12:12:39.199, 0, 12288, 11777, 339
2026/09/10 12:12:39.406, 0, 12288, 11777, 339
2026/09/10 12:12:39.612, 0, 12288, 11777, 339
2026/09/10 12:12:39.819, 0, 12288, 11777, 339
2026/09/10 12:12:40.027, 0, 12288, 11777, 339
2026/09/10 12:12:40.235, 0, 12288, 11777, 339
2026/09/10 12:12:40.443, 0, 12288, 11777, 339
2026/09/10 12:12:40.651, 0, 12288, 11777, 339
2026/09/10 12:12:40.858, 0, 12288, 11777, 339
2026/09/10 12:12:41.066, 0, 12288, 11777, 339
2026/09/10 12:12:41.274, 0, 12288, 11777, 339
2026/09/10 12:12:41.480, 0, 12288, 11777, 339
2026/09/10 12:12:41.687, 0, 12288, 11777, 339
2026/09/10 12:12:41.892, 0, 12288, 11777, 339
2026/09/10 12:12:42.100, 0, 12288, 11777, 339
2026/09/10 12:12:42.307, 0, 12288, 11777, 339
2026/09/10 12:12:42.515, 0, 12288, 11777, 339
2026/09/10 12:12:42.723, 0, 12288, 11777, 339
2026/09/10 12:12:42.930, 0, 12288, 11777, 339
2026/09/10 12:12:43.138, 0, 12288, 11777, 339
2026/09/10 12:12:43.346, 0, 12288, 11777, 339
2026/09/10 12:12:43.553, 0, 12288, 11777, 339
2026/09/10 12:12:43.760, 0, 12288, 11777, 339
2026/09/10 12:12:43.966, 0, 12288, 11777, 339
2026/09/10 12:12:44.174, 0, 12288, 11777, 339
2026/09/10 12:12:44.381, 0, 12288, 11777, 339
2026/09/10 12:12:44.589, 0, 12288, 11777, 339
2026/09/10 12:12:44.796, 0, 12288, 11777, 339
2026/09/10 12:12:45.003, 0, 12288, 11777, 339
2026/09/10 12:12:45.210, 0, 12288, 11777, 339
2026/09/10 12:12:45.418, 0, 12288, 11777, 339
2026/09/10 12:12:45.625, 0, 12288, 11777, 339
2026/09/10 12:12:45.832, 0, 12288, 11777, 339
2026/09/10 12:12:46.038, 0, 12288, 11777, 339
2026/09/10 12:12:46.246, 0, 12288, 11777, 339
2026/09/10 12:12:46.448, 0, 12288, 11777, 339
2026/09/10 12:12:46.652, 0, 12288, 11777, 339
2026/09/10 12:12:46.857, 0, 12288, 11777, 339
2026/09/10 12:12:47.062, 0, 12288, 11777, 339
2026/09/10 12:12:47.270, 0, 12288, 11777, 339
2026/09/10 12:12:47.473, 0, 12288, 11777, 339
2026/09/10 12:12:47.696, 0, 12288, 11777, 339
2026/09/10 12:12:47.901, 0, 12288, 11777, 339
2026/09/10 12:12:48.106, 0, 12288, 11777, 339
2026/09/10 12:12:48.314, 0, 12288, 11777, 339
2026/09/10 12:12:48.519, 0, 12288, 11777, 339
2026/09/10 12:12:48.727, 0, 12288, 11777, 339
2026/09/10 12:12:48.932, 0, 12288, 11777, 339
2026/09/10 12:12:49.137, 0, 12288, 11777, 339
2026/09/10 12:12:49.345, 0, 12288, 11777, 339
2026/09/10 12:12:49.549, 0, 12288, 11777, 339
2026/09/10 12:12:49.755, 0, 12288, 11777, 339
2026/09/10 12:12:49.962, 0, 12288, 11777, 339
2026/09/10 12:12:50.168, 0, 12288, 11777, 339
2026/09/10 12:12:50.374, 0, 12288, 11777, 339
2026/09/10 12:12:50.577, 0, 12288, 11777, 339
2026/09/10 12:12:50.785, 0, 12288, 11777, 339
2026/09/10 12:12:50.992, 0, 12288, 11777, 339
2026/09/10 12:12:51.195, 0, 12288, 11777, 339
2026/09/10 12:12:51.401, 0, 12288, 11777, 339
2026/09/10 12:12:51.605, 0, 12288, 11777, 339
2026/09/10 12:12:51.810, 0, 12288, 11777, 339
2026/09/10 12:12:52.018, 0, 12288, 11777, 339
2026/09/10 12:12:52.224, 0, 12288, 11777, 339
2026/09/10 12:12:52.432, 0, 12288, 11777, 339
2026/09/10 12:12:52.637, 0, 12288, 11777, 339
2026/09/10 12:12:52.841, 0, 12288, 11777, 339
2026/09/10 12:12:53.049, 0, 12288, 11777, 339
2026/09/10 12:12:53.253, 0, 12288, 11777, 339
2026/09/10 12:12:53.460, 0, 12288, 11777, 339
2026/09/10 12:12:53.668, 0, 12288, 11777, 339
2026/09/10 12:12:53.870, 0, 12288, 11777, 339
2026/09/10 12:12:54.078, 0, 12288, 11777, 339
2026/09/10 12:12:54.283, 0, 12288, 11777, 339
2026/09/10 12:12:54.490, 0, 12288, 11777, 339
2026/09/10 12:12:54.697, 0, 12288, 11777, 339
2026/09/10 12:12:54.901, 0, 12288, 11777, 339
2026/09/10 12:12:55.108, 0, 12288, 11777, 339
2026/09/10 12:12:55.315, 0, 12288, 11777, 339
2026/09/10 12:12:55.520, 0, 12288, 11777, 339
2026/09/10 12:12:55.725, 0, 12288, 11777, 339
2026/09/10 12:12:55.930, 0, 12288, 11777, 339
2026/09/10 12:12:56.135, 0, 12288, 11777, 339
2026/09/10 12:12:56.343, 0, 12288, 11777, 339
2026/09/10 12:12:56.550, 0, 12288, 11777, 339
2026/09/10 12:12:56.758, 0, 12288, 11777, 339
2026/09/10 12:12:56.966, 0, 12288, 11777, 339
2026/09/10 12:12:57.173, 0, 12288, 11777, 339
2026/09/10 12:12:57.380, 0, 12288, 11777, 339
2026/09/10 12:12:57.588, 0, 12288, 11777, 339
2026/09/10 12:12:57.795, 0, 12288, 11777, 339
2026/09/10 12:12:58.003, 0, 12288, 11777, 339
2026/09/10 12:12:58.210, 0, 12288, 11777, 339
2026/09/10 12:12:58.418, 0, 12288, 11777, 339
2026/09/10 12:12:58.624, 0, 12288, 11777, 339
2026/09/10 12:12:58.832, 0, 12288, 11777, 339
2026/09/10 12:12:59.038, 0, 12288, 11777, 339
2026/09/10 12:12:59.245, 0, 12288, 11777, 339
2026/09/10 12:12:59.450, 0, 12288, 11777, 339
2026/09/10 12:12:59.658, 0, 12288, 11777, 339
2026/09/10 12:12:59.865, 0, 12288, 11777, 339
2026/09/10 12:13:00.071, 0, 12288, 11777, 339
2026/09/10 12:13:00.280, 0, 12288, 11777, 339
2026/09/10 12:13:00.487, 0, 12288, 11777, 339
2026/09/10 12:13:00.695, 0, 12288, 11777, 339
2026/09/10 12:13:00.903, 0, 12288, 11777, 339
2026/09/10 12:13:01.110, 0, 12288, 11777, 339
2026/09/10 12:13:01.334, 0, 12288, 11777, 339
2026/09/10 12:13:01.540, 0, 12288, 11777, 339
2026/09/10 12:13:01.747, 0, 12288, 11777, 339
2026/09/10 12:13:01.954, 0, 12288, 11777, 339
2026/09/10 12:13:02.162, 0, 12288, 11777, 339
2026/09/10 12:13:02.370, 0, 12288, 11777, 339
2026/09/10 12:13:02.577, 0, 12288, 11777, 339
2026/09/10 12:13:02.785, 0, 12288, 11777, 339
2026/09/10 12:13:02.992, 0, 12288, 11777, 339
2026/09/10 12:13:03.200, 0, 12288, 11777, 339
2026/09/10 12:13:03.408, 0, 12288, 11777, 339
2026/09/10 12:13:03.615, 0, 12288, 11777, 339
2026/09/10 12:13:03.823, 0, 12288, 11777, 339
2026/09/10 12:13:04.030, 0, 12288, 11777, 339
2026/09/10 12:13:04.238, 0, 12288, 11777, 339
2026/09/10 12:13:04.445, 0, 12288, 11777, 339
2026/09/10 12:13:04.653, 0, 12288, 11777, 339
2026/09/10 12:13:04.860, 0, 12288, 11777, 339
2026/09/10 12:13:05.065, 0, 12288, 11777, 339
2026/09/10 12:13:05.273, 0, 12288, 11777, 339
2026/09/10 12:13:05.481, 0, 12288, 11777, 339
2026/09/10 12:13:05.688, 0, 12288, 11777, 339
2026/09/10 12:13:05.896, 0, 12288, 11777, 339
2026/09/10 12:13:06.102, 0, 12288, 11777, 339
2026/09/10 12:13:06.309, 0, 12288, 11777, 339
2026/09/10 12:13:06.515, 0, 12288, 11777, 339
2026/09/10 12:13:06.723, 0, 12288, 11777, 339
2026/09/10 12:13:06.931, 0, 12288, 11777, 339
2026/09/10 12:13:07.138, 0, 12288, 11777, 339
2026/09/10 12:13:07.343, 0, 12288, 11777, 339
2026/09/10 12:13:07.550, 0, 12288, 11777, 339
2026/09/10 12:13:07.758, 0, 12288, 11777, 339
2026/09/10 12:13:07.966, 0, 12288, 11777, 339
2026/09/10 12:13:08.173, 0, 12288, 11777, 339
2026/09/10 12:13:08.381, 0, 12288, 11777, 339
2026/09/10 12:13:08.589, 0, 12288, 11777, 339
2026/09/10 12:13:08.796, 0, 12288, 11777, 339
2026/09/10 12:13:09.004, 0, 12288, 11777, 339
2026/09/10 12:13:09.212, 0, 12288, 11777, 339
2026/09/10 12:13:09.419, 0, 12288, 11777, 339
2026/09/10 12:13:09.626, 0, 12288, 11777, 339
2026/09/10 12:13:09.834, 0, 12288, 11777, 339
2026/09/10 12:13:10.042, 0, 12288, 11777, 339
2026/09/10 12:13:10.250, 0, 12288, 11777, 339
2026/09/10 12:13:10.456, 0, 12288, 11777, 339
2026/09/10 12:13:10.663, 0, 12288, 11777, 339
2026/09/10 12:13:10.870, 0, 12288, 11777, 339
2026/09/10 12:13:11.077, 0, 12288, 11777, 339
2026/09/10 12:13:11.284, 0, 12288, 11777, 339
2026/09/10 12:13:11.492, 0, 12288, 11777, 339
2026/09/10 12:13:11.698, 0, 12288, 11777, 339
2026/09/10 12:13:11.906, 0, 12288, 11777, 339
2026/09/10 12:13:12.112, 0, 12288, 11777, 339
2026/09/10 12:13:12.320, 0, 12288, 11777, 339
2026/09/10 12:13:12.528, 0, 12288, 11777, 339
2026/09/10 12:13:12.735, 0, 12288, 11777, 339
2026/09/10 12:13:12.942, 0, 12288, 11777, 339
2026/09/10 12:13:13.150, 0, 12288, 11777, 339
2026/09/10 12:13:13.357, 0, 12288, 11777, 339
2026/09/10 12:13:13.564, 0, 12288, 11777, 339
2026/09/10 12:13:13.771, 0, 12288, 11777, 339
2026/09/10 12:13:13.978, 0, 12288, 11777, 339
2026/09/10 12:13:14.186, 0, 12288, 11777, 339
2026/09/10 12:13:14.393, 0, 12288, 11777, 339
2026/09/10 12:13:14.597, 0, 12288, 11777, 339
2026/09/10 12:13:14.805, 0, 12288, 11777, 339
2026/09/10 12:13:15.013, 0, 12288, 11777, 339
2026/09/10 12:13:15.219, 0, 12288, 11777, 339
2026/09/10 12:13:15.427, 0, 12288, 11777, 339
2026/09/10 12:13:15.635, 0, 12288, 11777, 339
2026/09/10 12:13:15.843, 0, 12288, 11777, 339
2026/09/10 12:13:16.049, 0, 12288, 11777, 339
2026/09/10 12:13:16.255, 0, 12288, 11777, 339
2026/09/10 12:13:16.462, 0, 12288, 11777, 339
2026/09/10 12:13:16.669, 0, 12288, 11777, 339
2026/09/10 12:13:16.877, 0, 12288, 11777, 339
2026/09/10 12:13:17.085, 0, 12288, 11777, 339
2026/09/10 12:13:17.293, 0, 12288, 11777, 339
2026/09/10 12:13:17.500, 0, 12288, 11777, 339
2026/09/10 12:13:17.708, 0, 12288, 11777, 339
2026/09/10 12:13:17.915, 0, 12288, 11777, 339
2026/09/10 12:13:18.122, 0, 12288, 11777, 339
2026/09/10 12:13:18.329, 0, 12288, 11777, 339
2026/09/10 12:13:18.537, 0, 12288, 11777, 339
2026/09/10 12:13:18.745, 0, 12288, 11777, 339
2026/09/10 12:13:18.952, 0, 12288, 11777, 339
2026/09/10 12:13:19.160, 0, 12288, 11777, 339
2026/09/10 12:13:19.367, 0, 12288, 11777, 339
2026/09/10 12:13:19.575, 0, 12288, 11777, 339
2026/09/10 12:13:19.783, 0, 12288, 11777, 339
2026/09/10 12:13:19.991, 0, 12288, 11777, 339
2026/09/10 12:13:20.198, 0, 12288, 11777, 339
2026/09/10 12:13:20.421, 0, 12288, 11777, 339
2026/09/10 12:13:20.627, 0, 12288, 11777, 339
2026/09/10 12:13:20.835, 0, 12288, 11777, 339
2026/09/10 12:13:21.039, 0, 12288, 11777, 339
2026/09/10 12:13:21.242, 0, 12288, 11777, 339
2026/09/10 12:13:21.448, 0, 12288, 11777, 339
2026/09/10 12:13:21.650, 0, 12288, 11777, 339
2026/09/10 12:13:21.857, 0, 12288, 11777, 339
2026/09/10 12:13:22.061, 0, 12288, 11777, 339
2026/09/10 12:13:22.269, 0, 12288, 11777, 339
2026/09/10 12:13:22.475, 0, 12288, 11777, 339
2026/09/10 12:13:22.681, 0, 12288, 11777, 339
2026/09/10 12:13:22.889, 0, 12288, 11777, 339
2026/09/10 12:13:23.091, 0, 12288, 11777, 339
2026/09/10 12:13:23.298, 0, 12288, 11777, 339
2026/09/10 12:13:23.506, 0, 12288, 11777, 339
2026/09/10 12:13:23.710, 0, 12288, 11777, 339
2026/09/10 12:13:23.915, 0, 12288, 11777, 339
2026/09/10 12:13:24.120, 0, 12288, 11777, 339
2026/09/10 12:13:24.325, 0, 12288, 11777, 339
2026/09/10 12:13:24.531, 0, 12288, 11777, 339
2026/09/10 12:13:24.739, 0, 12288, 11777, 339
2026/09/10 12:13:24.946, 0, 12288, 11777, 339
2026/09/10 12:13:25.154, 0, 12288, 11777, 339
2026/09/10 12:13:25.361, 0, 12288, 11777, 339
2026/09/10 12:13:25.569, 0, 12288, 11777, 339
2026/09/10 12:13:25.776, 0, 12288, 11777, 339
2026/09/10 12:13:25.984, 0, 12288, 11777, 339
2026/09/10 12:13:26.192, 0, 12288, 11777, 339
2026/09/10 12:13:26.400, 0, 12288, 11777, 339
2026/09/10 12:13:26.607, 0, 12288, 11777, 339
2026/09/10 12:13:26.814, 0, 12288, 11777, 339
2026/09/10 12:13:27.021, 0, 12288, 11777, 339
2026/09/10 12:13:27.227, 0, 12288, 11777, 339
2026/09/10 12:13:27.434, 0, 12288, 11777, 339
2026/09/10 12:13:27.642, 0, 12288, 11777, 339
2026/09/10 12:13:27.850, 0, 12288, 11777, 339
2026/09/10 12:13:28.058, 0, 12288, 11777, 339
2026/09/10 12:13:28.266, 0, 12288, 11777, 339
2026/09/10 12:13:28.471, 0, 12288, 11777, 339
2026/09/10 12:13:28.678, 0, 12288, 11777, 339
2026/09/10 12:13:28.886, 0, 12288, 11777, 339
2026/09/10 12:13:29.093, 0, 12288, 11777, 339
2026/09/10 12:13:29.300, 0, 12288, 11777, 339
2026/09/10 12:13:29.508, 0, 12288, 11777, 339
2026/09/10 12:13:29.716, 0, 12288, 11777, 339
2026/09/10 12:13:29.923, 0, 12288, 11777, 339
2026/09/10 12:13:30.130, 0, 12288, 11777, 339
2026/09/10 12:13:30.338, 0, 12288, 11777, 339
2026/09/10 12:13:30.546, 0, 12288, 11777, 339
2026/09/10 12:13:30.754, 0, 12288, 11777, 339
2026/09/10 12:13:30.962, 0, 12288, 11777, 339
2026/09/10 12:13:31.169, 0, 12288, 11777, 339
2026/09/10 12:13:31.377, 0, 12288, 11777, 339
2026/09/10 12:13:31.585, 0, 12288, 11777, 339
2026/09/10 12:13:31.793, 0, 12288, 11777, 339
2026/09/10 12:13:31.998, 0, 12288, 11777, 339
2026/09/10 12:13:32.205, 0, 12288, 11777, 339
2026/09/10 12:13:32.413, 0, 12288, 11777, 339
2026/09/10 12:13:32.619, 0, 12288, 11777, 339
2026/09/10 12:13:32.824, 0, 12288, 11777, 339
2026/09/10 12:13:33.032, 0, 12288, 11777, 339
2026/09/10 12:13:33.240, 0, 12288, 11777, 339
2026/09/10 12:13:33.448, 0, 12288, 11777, 339
2026/09/10 12:13:33.656, 0, 12288, 11777, 339
2026/09/10 12:13:33.863, 0, 12288, 11777, 339
2026/09/10 12:13:34.070, 0, 12288, 11777, 339
2026/09/10 12:13:34.278, 0, 12288, 11777, 339
2026/09/10 12:13:34.486, 0, 12288, 11777, 339
2026/09/10 12:13:34.694, 0, 12288, 11777, 339
2026/09/10 12:13:34.902, 0, 12288, 11777, 339
2026/09/10 12:13:35.108, 0, 12288, 11777, 339
2026/09/10 12:13:35.315, 0, 12288, 11777, 339
2026/09/10 12:13:35.523, 0, 12288, 11777, 339
2026/09/10 12:13:35.731, 0, 12288, 11777, 339
2026/09/10 12:13:35.939, 0, 12288, 11777, 339
2026/09/10 12:13:36.147, 0, 12288, 11777, 339
2026/09/10 12:13:36.355, 0, 12288, 11777, 339
2026/09/10 12:13:36.559, 0, 12288, 11777, 339
2026/09/10 12:13:36.764, 0, 12288, 11777, 339
2026/09/10 12:13:36.972, 0, 12288, 11777, 339
2026/09/10 12:13:37.178, 0, 12288, 11777, 339
2026/09/10 12:13:37.386, 0, 12288, 11777, 339
2026/09/10 12:13:37.593, 0, 12288, 11777, 339
2026/09/10 12:13:37.801, 0, 12288, 11777, 339
2026/09/10 12:13:38.009, 0, 12288, 11777, 339
2026/09/10 12:13:38.216, 0, 12288, 11777, 339
2026/09/10 12:13:38.421, 0, 12288, 11777, 339
2026/09/10 12:13:38.629, 0, 12288, 11777, 339
2026/09/10 12:13:38.836, 0, 12288, 11777, 339
2026/09/10 12:13:39.044, 0, 12288, 11777, 339
2026/09/10 12:13:39.251, 0, 12288, 11777, 339
2026/09/10 12:13:39.458, 0, 12288, 11777, 339
2026/09/10 12:13:39.665, 0, 12288, 11777, 339
2026/09/10 12:13:39.873, 0, 12288, 11777, 339
2026/09/10 12:13:40.081, 0, 12288, 11777, 339
2026/09/10 12:13:40.289, 0, 12288, 11777, 339
2026/09/10 12:13:40.497, 0, 12288, 11777, 339
2026/09/10 12:13:40.704, 0, 12288, 11777, 339
2026/09/10 12:13:40.912, 0, 12288, 11777, 339
2026/09/10 12:13:41.120, 0, 12288, 11777, 339
2026/09/10 12:13:41.327, 0, 12288, 11777, 339
2026/09/10 12:13:41.535, 0, 12288, 11777, 339
2026/09/10 12:13:41.743, 0, 12288, 11777, 339
2026/09/10 12:13:41.950, 0, 12288, 11777, 339
2026/09/10 12:13:42.157, 0, 12288, 11777, 339
2026/09/10 12:13:42.365, 0, 12288, 11777, 339
2026/09/10 12:13:42.572, 0, 12288, 11777, 339
2026/09/10 12:13:42.779, 0, 12288, 11777, 339
2026/09/10 12:13:42.987, 0, 12288, 11777, 339
2026/09/10 12:13:43.192, 0, 12288, 11777, 339
2026/09/10 12:13:43.399, 0, 12288, 11777, 339
2026/09/10 12:13:43.606, 0, 12288, 11777, 339
2026/09/10 12:13:43.814, 0, 12288, 11777, 339
2026/09/10 12:13:44.018, 0, 12288, 11777, 339
2026/09/10 12:13:44.226, 0, 12288, 11777, 339
2026/09/10 12:13:44.433, 0, 12288, 11777, 339
2026/09/10 12:13:44.640, 0, 12288, 11777, 339
2026/09/10 12:13:44.848, 0, 12288, 11777, 339
2026/09/10 12:13:45.054, 0, 12288, 11777, 339
2026/09/10 12:13:45.262, 0, 12288, 11777, 339
2026/09/10 12:13:45.470, 0, 12288, 11777, 339
2026/09/10 12:13:45.678, 0, 12288, 11777, 339
2026/09/10 12:13:45.886, 0, 12288, 11777, 339
2026/09/10 12:13:46.094, 0, 12288, 11777, 339
2026/09/10 12:13:46.317, 0, 12288, 11777, 339
2026/09/10 12:13:46.524, 0, 12288, 11777, 339
2026/09/10 12:13:46.730, 0, 12288, 11777, 339
2026/09/10 12:13:46.937, 0, 12288, 11777, 339
2026/09/10 12:13:47.145, 0, 12288, 11777, 339
2026/09/10 12:13:47.353, 0, 12288, 11777, 339
2026/09/10 12:13:47.560, 0, 12288, 11777, 339
2026/09/10 12:13:47.767, 0, 12288, 11777, 339
2026/09/10 12:13:47.975, 0, 12288, 11777, 339
2026/09/10 12:13:48.182, 0, 12288, 11777, 339
2026/09/10 12:13:48.390, 0, 12288, 11777, 339
2026/09/10 12:13:48.598, 0, 12288, 11777, 339
2026/09/10 12:13:48.805, 0, 12288, 11777, 339
2026/09/10 12:13:49.012, 0, 12288, 11777, 339
2026/09/10 12:13:49.219, 0, 12288, 11777, 339
2026/09/10 12:13:49.427, 0, 12288, 11777, 339
2026/09/10 12:13:49.632, 0, 12288, 11777, 339
2026/09/10 12:13:49.840, 0, 12288, 11777, 339
2026/09/10 12:13:50.047, 0, 12288, 11777, 339
2026/09/10 12:13:50.255, 0, 12288, 11777, 339
2026/09/10 12:13:50.463, 0, 12288, 11777, 339
2026/09/10 12:13:50.671, 0, 12288, 11777, 339
2026/09/10 12:13:50.879, 0, 12288, 11777, 339
2026/09/10 12:13:51.087, 0, 12288, 11777, 339
2026/09/10 12:13:51.295, 0, 12288, 11777, 339
2026/09/10 12:13:51.503, 0, 12288, 11777, 339
2026/09/10 12:13:51.710, 0, 12288, 11777, 339
2026/09/10 12:13:51.918, 0, 12288, 11777, 339
2026/09/10 12:13:52.126, 0, 12288, 11777, 339
2026/09/10 12:13:52.333, 0, 12288, 11777, 339
2026/09/10 12:13:52.541, 0, 12288, 11777, 339
2026/09/10 12:13:52.749, 0, 12288, 11777, 339
2026/09/10 12:13:52.957, 0, 12288, 11777, 339
2026/09/10 12:13:53.165, 0, 12288, 11777, 339
2026/09/10 12:13:53.373, 0, 12288, 11777, 339
2026/09/10 12:13:53.581, 0, 12288, 11777, 339
2026/09/10 12:13:53.789, 0, 12288, 11777, 339
2026/09/10 12:13:53.996, 0, 12288, 11777, 339
2026/09/10 12:13:54.204, 0, 12288, 11777, 339
2026/09/10 12:13:54.411, 0, 12288, 11777, 339
2026/09/10 12:13:54.618, 0, 12288, 11777, 339
2026/09/10 12:13:54.826, 0, 12288, 11777, 339
2026/09/10 12:13:55.033, 0, 12288, 11777, 339
2026/09/10 12:13:55.239, 0, 12288, 11777, 339
2026/09/10 12:13:55.447, 0, 12288, 11777, 339
2026/09/10 12:13:55.654, 0, 12288, 11777, 339
2026/09/10 12:13:55.861, 0, 12288, 11777, 339
2026/09/10 12:13:56.069, 0, 12288, 11777, 339
2026/09/10 12:13:56.277, 0, 12288, 11777, 339
2026/09/10 12:13:56.485, 0, 12288, 11777, 339
2026/09/10 12:13:56.693, 0, 12288, 11777, 339
2026/09/10 12:13:56.900, 0, 12288, 11777, 339
2026/09/10 12:13:57.107, 0, 12288, 11777, 339
2026/09/10 12:13:57.315, 0, 12288, 11777, 339
2026/09/10 12:13:57.523, 0, 12288, 11777, 339
2026/09/10 12:13:57.730, 0, 12288, 11777, 339
2026/09/10 12:13:57.937, 0, 12288, 11777, 339
2026/09/10 12:13:58.145, 0, 12288, 11777, 339
2026/09/10 12:13:58.352, 0, 12288, 11777, 339
2026/09/10 12:13:58.558, 0, 12288, 11777, 339
2026/09/10 12:13:58.766, 0, 12288, 11777, 339
2026/09/10 12:13:58.972, 0, 12288, 11777, 339
2026/09/10 12:13:59.180, 0, 12288, 11777, 339
2026/09/10 12:13:59.385, 0, 12288, 11777, 339
2026/09/10 12:13:59.592, 0, 12288, 11777, 339
2026/09/10 12:13:59.799, 0, 12288, 11777, 339
2026/09/10 12:14:00.007, 0, 12288, 11777, 339
2026/09/10 12:14:00.215, 0, 12288, 11777, 339
2026/09/10 12:14:00.423, 0, 12288, 11777, 339
2026/09/10 12:14:00.630, 0, 12288, 11777, 339
2026/09/10 12:14:00.836, 0, 12288, 11777, 339
2026/09/10 12:14:01.043, 0, 12288, 11777, 339
2026/09/10 12:14:01.251, 0, 12288, 11777, 339
2026/09/10 12:14:01.458, 0, 12288, 11777, 339
2026/09/10 12:14:01.665, 0, 12288, 11777, 339
2026/09/10 12:14:01.870, 0, 12288, 11777, 339
2026/09/10 12:14:02.078, 0, 12288, 11777, 339
2026/09/10 12:14:02.285, 0, 12288, 11777, 339
2026/09/10 12:14:02.493, 0, 12288, 11777, 339
2026/09/10 12:14:02.701, 0, 12288, 11777, 339
2026/09/10 12:14:02.907, 0, 12288, 11777, 339
2026/09/10 12:14:03.115, 0, 12288, 11777, 339
2026/09/10 12:14:03.323, 0, 12288, 11777, 339
2026/09/10 12:14:03.531, 0, 12288, 11777, 339
2026/09/10 12:14:03.739, 0, 12288, 11777, 339
2026/09/10 12:14:03.946, 0, 12288, 11777, 339
2026/09/10 12:14:04.154, 0, 12288, 11777, 339
2026/09/10 12:14:04.362, 0, 12288, 11777, 339
2026/09/10 12:14:04.569, 0, 12288, 11777, 339
2026/09/10 12:14:04.776, 0, 12288, 11777, 339
2026/09/10 12:14:04.984, 0, 12288, 11777, 339
2026/09/10 12:14:05.192, 0, 12288, 11777, 339
2026/09/10 12:14:05.399, 0, 12288, 11777, 339
2026/09/10 12:14:05.603, 0, 12288, 11777, 339
2026/09/10 12:14:05.811, 0, 12288, 11777, 339
2026/09/10 12:14:06.018, 0, 12288, 11777, 339
2026/09/10 12:14:06.226, 0, 12288, 11777, 339
2026/09/10 12:14:06.430, 0, 12288, 11777, 339
2026/09/10 12:14:06.635, 0, 12288, 11777, 339
2026/09/10 12:14:06.842, 0, 12288, 11777, 339
2026/09/10 12:14:07.050, 0, 12288, 11777, 339
2026/09/10 12:14:07.257, 0, 12288, 11777, 339
2026/09/10 12:14:07.464, 0, 12288, 11777, 339
2026/09/10 12:14:07.672, 0, 12288, 11777, 339
2026/09/10 12:14:07.880, 0, 12288, 11777, 339
2026/09/10 12:14:08.087, 0, 12288, 11777, 339
2026/09/10 12:14:08.294, 0, 12288, 11777, 339
2026/09/10 12:14:08.501, 0, 12288, 11777, 339
2026/09/10 12:14:08.707, 0, 12288, 11777, 339
2026/09/10 12:14:08.915, 0, 12288, 11777, 339
2026/09/10 12:14:09.122, 0, 12288, 11777, 339
2026/09/10 12:14:09.329, 0, 12288, 11777, 339
2026/09/10 12:14:09.536, 0, 12288, 11777, 339
2026/09/10 12:14:09.743, 0, 12288, 11777, 339
2026/09/10 12:14:09.950, 0, 12288, 11777, 339
2026/09/10 12:14:10.158, 0, 12288, 11777, 339
2026/09/10 12:14:10.364, 0, 12288, 11777, 339
2026/09/10 12:14:10.572, 0, 12288, 11777, 339
2026/09/10 12:14:10.780, 0, 12288, 11777, 339
2026/09/10 12:14:10.986, 0, 12288, 11777, 339
2026/09/10 12:14:11.192, 0, 12288, 11777, 339
2026/09/10 12:14:11.400, 0, 12288, 11777, 339
2026/09/10 12:14:11.606, 0, 12288, 11777, 339
2026/09/10 12:14:11.813, 0, 12288, 11777, 339
2026/09/10 12:14:12.018, 0, 12288, 11777, 339
2026/09/10 12:14:12.226, 0, 12288, 11777, 339
2026/09/10 12:14:12.432, 0, 12288, 11777, 339
2026/09/10 12:14:12.639, 0, 12288, 11777, 339
2026/09/10 12:14:12.847, 0, 12288, 11777, 339
2026/09/10 12:14:13.055, 0, 12288, 11777, 339
2026/09/10 12:14:13.262, 0, 12288, 11777, 339
2026/09/10 12:14:13.470, 0, 12288, 11777, 339
2026/09/10 12:14:13.677, 0, 12288, 11777, 339
2026/09/10 12:14:13.885, 0, 12288, 11777, 339
2026/09/10 12:14:14.093, 0, 12288, 11777, 339
2026/09/10 12:14:14.301, 0, 12288, 11777, 339
2026/09/10 12:14:14.507, 0, 12288, 11777, 339
2026/09/10 12:14:14.714, 0, 12288, 11777, 339
2026/09/10 12:14:14.919, 0, 12288, 11777, 339
2026/09/10 12:14:15.127, 0, 12288, 11777, 339
2026/09/10 12:14:15.335, 0, 12288, 11777, 339
2026/09/10 12:14:15.541, 0, 12288, 11777, 339
2026/09/10 12:14:15.749, 0, 12288, 11777, 339
2026/09/10 12:14:15.957, 0, 12288, 11777, 339
2026/09/10 12:14:16.165, 0, 12288, 11777, 339
2026/09/10 12:14:16.372, 0, 12288, 11777, 339
2026/09/10 12:14:16.580, 0, 12288, 11777, 339
2026/09/10 12:14:16.788, 0, 12288, 11777, 339
2026/09/10 12:14:16.996, 0, 12288, 11777, 339
2026/09/10 12:14:17.203, 0, 12288, 11777, 339
2026/09/10 12:14:17.411, 0, 12288, 11777, 339
2026/09/10 12:14:17.616, 0, 12288, 11777, 339
2026/09/10 12:14:17.822, 0, 12288, 11777, 339
2026/09/10 12:14:18.030, 0, 12288, 11777, 339
2026/09/10 12:14:18.239, 0, 12288, 11777, 339
2026/09/10 12:14:18.445, 0, 12288, 11777, 339
2026/09/10 12:14:18.652, 0, 12288, 11777, 339
2026/09/10 12:14:18.859, 0, 12288, 11777, 339
2026/09/10 12:14:19.067, 0, 12288, 11777, 339
2026/09/10 12:14:19.274, 0, 12288, 11777, 339
2026/09/10 12:14:19.482, 0, 12288, 11777, 339
2026/09/10 12:14:19.690, 0, 12288, 11777, 339
2026/09/10 12:14:19.898, 0, 12288, 11777, 339
2026/09/10 12:14:20.106, 0, 12288, 11777, 339
2026/09/10 12:14:20.313, 0, 12288, 11777, 339
2026/09/10 12:14:20.521, 0, 12288, 11777, 339
2026/09/10 12:14:20.728, 0, 12288, 11777, 339
2026/09/10 12:14:20.934, 0, 12288, 11777, 339
2026/09/10 12:14:21.142, 0, 12288, 11777, 339
2026/09/10 12:14:21.349, 0, 12288, 11777, 339
2026/09/10 12:14:21.556, 0, 12288, 11777, 339
2026/09/10 12:14:21.764, 0, 12288, 11777, 339
2026/09/10 12:14:21.970, 0, 12288, 11777, 339
2026/09/10 12:14:22.177, 0, 12288, 11777, 339
2026/09/10 12:14:22.385, 0, 12288, 11777, 339
2026/09/10 12:14:22.593, 0, 12288, 11777, 339
2026/09/10 12:14:22.800, 0, 12288, 11777, 339
2026/09/10 12:14:23.006, 0, 12288, 11777, 339
2026/09/10 12:14:23.211, 0, 12288, 11777, 339
2026/09/10 12:14:23.419, 0, 12288, 11777, 339
2026/09/10 12:14:23.627, 0, 12288, 11777, 339
2026/09/10 12:14:23.835, 0, 12288, 11777, 339
2026/09/10 12:14:24.042, 0, 12288, 11777, 339
2026/09/10 12:14:24.250, 0, 12288, 11777, 339
2026/09/10 12:14:24.458, 0, 12288, 11777, 339
2026/09/10 12:14:24.665, 0, 12288, 11777, 339
2026/09/10 12:14:24.873, 0, 12288, 11777, 339
2026/09/10 12:14:25.081, 0, 12288, 11777, 339
2026/09/10 12:14:25.289, 0, 12288, 11777, 339
2026/09/10 12:14:25.496, 0, 12288, 11777, 339
2026/09/10 12:14:25.702, 0, 12288, 11777, 339
2026/09/10 12:14:25.910, 0, 12288, 11777, 339
2026/09/10 12:14:26.118, 0, 12288, 11777, 339
2026/09/10 12:14:26.325, 0, 12288, 11777, 339
2026/09/10 12:14:26.532, 0, 12288, 11777, 339
2026/09/10 12:14:26.739, 0, 12288, 11777, 339
2026/09/10 12:14:26.946, 0, 12288, 11777, 339
2026/09/10 12:14:27.154, 0, 12288, 11777, 339
2026/09/10 12:14:27.362, 0, 12288, 11777, 339
2026/09/10 12:14:27.570, 0, 12288, 11777, 339
2026/09/10 12:14:27.778, 0, 12288, 11777, 339
2026/09/10 12:14:27.986, 0, 12288, 11777, 339
2026/09/10 12:14:28.194, 0, 12288, 11777, 339
2026/09/10 12:14:28.401, 0, 12288, 11777, 339
2026/09/10 12:14:28.609, 0, 12288, 11777, 339
2026/09/10 12:14:28.815, 0, 12288, 11777, 339
2026/09/10 12:14:29.023, 0, 12288, 11777, 339
2026/09/10 12:14:29.231, 0, 12288, 11777, 339
2026/09/10 12:14:29.439, 0, 12288, 11777, 339
2026/09/10 12:14:29.647, 0, 12288, 11777, 339
2026/09/10 12:14:29.853, 0, 12288, 11777, 339
2026/09/10 12:14:30.061, 0, 12288, 11777, 339
2026/09/10 12:14:30.269, 0, 12288, 11777, 339
2026/09/10 12:14:30.476, 0, 12288, 11777, 339
2026/09/10 12:14:30.684, 0, 12288, 11777, 339
2026/09/10 12:14:30.892, 0, 12288, 11777, 339
2026/09/10 12:14:31.100, 0, 12288, 11777, 339
2026/09/10 12:14:31.307, 0, 12288, 11777, 339
2026/09/10 12:14:31.514, 0, 12288, 11777, 339
2026/09/10 12:14:31.722, 0, 12288, 11777, 339
2026/09/10 12:14:31.929, 0, 12288, 11777, 339
2026/09/10 12:14:32.136, 0, 12288, 11777, 339
2026/09/10 12:14:32.344, 0, 12288, 11777, 339
2026/09/10 12:14:32.551, 0, 12288, 11777, 339
2026/09/10 12:14:32.758, 0, 12288, 11777, 339
2026/09/10 12:14:32.966, 0, 12288, 11777, 339
2026/09/10 12:14:33.174, 0, 12288, 11777, 339
2026/09/10 12:14:33.382, 0, 12288, 11777, 339
2026/09/10 12:14:33.590, 0, 12288, 11777, 339
2026/09/10 12:14:33.798, 0, 12288, 11777, 339
2026/09/10 12:14:34.004, 0, 12288, 11777, 339
2026/09/10 12:14:34.211, 0, 12288, 11777, 339
2026/09/10 12:14:34.414, 0, 12288, 11777, 339
2026/09/10 12:14:34.621, 0, 12288, 11777, 339
2026/09/10 12:14:34.829, 0, 12288, 11777, 339
2026/09/10 12:14:35.037, 0, 12288, 11777, 339
2026/09/10 12:14:35.244, 0, 12288, 11777, 339
2026/09/10 12:14:35.452, 0, 12288, 11777, 339
2026/09/10 12:14:35.660, 0, 12288, 11777, 339
2026/09/10 12:14:35.868, 0, 12288, 11777, 339
2026/09/10 12:14:36.076, 0, 12288, 11777, 339
2026/09/10 12:14:36.283, 0, 12288, 11777, 339
2026/09/10 12:14:36.491, 0, 12288, 11777, 339
2026/09/10 12:14:36.698, 0, 12288, 11777, 339
2026/09/10 12:14:36.904, 0, 12288, 11777, 339
2026/09/10 12:14:37.112, 0, 12288, 11777, 339
2026/09/10 12:14:37.319, 0, 12288, 11777, 339
2026/09/10 12:14:37.523, 0, 12288, 11777, 339
2026/09/10 12:14:37.728, 0, 12288, 11777, 339
2026/09/10 12:14:37.932, 0, 12288, 11777, 339
2026/09/10 12:14:38.139, 0, 12288, 11777, 339
2026/09/10 12:14:38.347, 0, 12288, 11777, 339
2026/09/10 12:14:38.554, 0, 12288, 11777, 339
2026/09/10 12:14:38.761, 0, 12288, 11777, 339
2026/09/10 12:14:38.968, 0, 12288, 11777, 339
2026/09/10 12:14:39.175, 0, 12288, 11777, 339
2026/09/10 12:14:39.381, 0, 12288, 11777, 339
2026/09/10 12:14:39.587, 0, 12288, 11777, 339
2026/09/10 12:14:39.794, 0, 12288, 11777, 339
2026/09/10 12:14:40.000, 0, 12288, 11777, 339
2026/09/10 12:14:40.206, 0, 12288, 11777, 339
2026/09/10 12:14:40.412, 0, 12288, 11777, 339
2026/09/10 12:14:40.620, 0, 12288, 11777, 339
2026/09/10 12:14:40.827, 0, 12288, 11777, 339
2026/09/10 12:14:41.034, 0, 12288, 11777, 339
2026/09/10 12:14:41.242, 0, 12288, 11777, 339
2026/09/10 12:14:41.450, 0, 12288, 11777, 339
2026/09/10 12:14:41.658, 0, 12288, 11777, 339
2026/09/10 12:14:41.866, 0, 12288, 11777, 339
2026/09/10 12:14:42.073, 0, 12288, 11777, 339
2026/09/10 12:14:42.281, 0, 12288, 11777, 339
2026/09/10 12:14:42.489, 0, 12288, 11777, 339
2026/09/10 12:14:42.696, 0, 12288, 11777, 339
2026/09/10 12:14:42.904, 0, 12288, 11777, 339
2026/09/10 12:14:43.112, 0, 12288, 11777, 339
2026/09/10 12:14:43.320, 0, 12288, 11777, 339
2026/09/10 12:14:43.527, 0, 12288, 11777, 339
2026/09/10 12:14:43.735, 0, 12288, 11777, 339
2026/09/10 12:14:43.942, 0, 12288, 11777, 339
2026/09/10 12:14:44.150, 0, 12288, 11777, 339
2026/09/10 12:14:44.357, 0, 12288, 11777, 339
2026/09/10 12:14:44.565, 0, 12288, 11777, 339
2026/09/10 12:14:44.772, 0, 12288, 11777, 339
2026/09/10 12:14:44.980, 0, 12288, 11777, 339
2026/09/10 12:14:45.188, 0, 12288, 11777, 339
2026/09/10 12:14:45.395, 0, 12288, 11777, 339
2026/09/10 12:14:45.600, 0, 12288, 11777, 339
2026/09/10 12:14:45.807, 0, 12288, 11777, 339
2026/09/10 12:14:46.015, 0, 12288, 11777, 339
2026/09/10 12:14:46.221, 0, 12288, 11777, 339
2026/09/10 12:14:46.429, 0, 12288, 11777, 339
2026/09/10 12:14:46.636, 0, 12288, 11777, 339
2026/09/10 12:14:46.844, 0, 12288, 11777, 339
2026/09/10 12:14:47.051, 0, 12288, 11777, 339
2026/09/10 12:14:47.259, 0, 12288, 11777, 339
2026/09/10 12:14:47.467, 0, 12288, 11777, 339
2026/09/10 12:14:47.672, 0, 12288, 11777, 339
2026/09/10 12:14:47.879, 0, 12288, 11777, 339
2026/09/10 12:14:48.087, 0, 12288, 11777, 339
2026/09/10 12:14:48.290, 0, 12288, 11777, 339
2026/09/10 12:14:48.498, 0, 12288, 11777, 339
2026/09/10 12:14:48.705, 0, 12288, 11777, 339
2026/09/10 12:14:48.912, 0, 12288, 11777, 339
2026/09/10 12:14:49.120, 0, 12288, 11777, 339
2026/09/10 12:14:49.328, 0, 12288, 11777, 339
2026/09/10 12:14:49.535, 0, 12288, 11777, 339
2026/09/10 12:14:49.742, 0, 12288, 11777, 339
2026/09/10 12:14:49.950, 0, 12288, 11777, 339
2026/09/10 12:14:50.157, 0, 12288, 11777, 339
2026/09/10 12:14:50.379, 0, 12288, 11777, 339
2026/09/10 12:14:50.587, 0, 12288, 11777, 339
2026/09/10 12:14:50.795, 0, 12288, 11777, 339
2026/09/10 12:14:51.003, 0, 12288, 11777, 339
2026/09/10 12:14:51.209, 0, 12288, 11777, 339
2026/09/10 12:14:51.416, 0, 12288, 11777, 339
2026/09/10 12:14:51.623, 0, 12288, 11777, 339
2026/09/10 12:14:51.830, 0, 12288, 11777, 339
2026/09/10 12:14:52.038, 0, 12288, 11777, 339
2026/09/10 12:14:52.246, 0, 12288, 11777, 339
2026/09/10 12:14:52.453, 0, 12288, 11777, 339
2026/09/10 12:14:52.659, 0, 12288, 11777, 339
2026/09/10 12:14:52.866, 0, 12288, 11777, 339
2026/09/10 12:14:53.074, 0, 12288, 11777, 339
2026/09/10 12:14:53.282, 0, 12288, 11777, 339
2026/09/10 12:14:53.490, 0, 12288, 11777, 339
2026/09/10 12:14:53.698, 0, 12288, 11777, 339
2026/09/10 12:14:53.905, 0, 12288, 11777, 339
2026/09/10 12:14:54.113, 0, 12288, 11777, 339
2026/09/10 12:14:54.320, 0, 12288, 11777, 339
2026/09/10 12:14:54.528, 0, 12288, 11777, 339
2026/09/10 12:14:54.736, 0, 12288, 11777, 339
2026/09/10 12:14:54.944, 0, 12288, 11777, 339
2026/09/10 12:14:55.151, 0, 12288, 11777, 339
2026/09/10 12:14:55.359, 0, 12288, 11777, 339
2026/09/10 12:14:55.567, 0, 12288, 11777, 339
2026/09/10 12:14:55.775, 0, 12288, 11777, 339
2026/09/10 12:14:55.982, 0, 12288, 11777, 339
2026/09/10 12:14:56.190, 0, 12288, 11777, 339
2026/09/10 12:14:56.397, 0, 12288, 11777, 339
2026/09/10 12:14:56.605, 0, 12288, 11777, 339
2026/09/10 12:14:56.810, 0, 12288, 11777, 339
2026/09/10 12:14:57.016, 0, 12288, 11777, 339
2026/09/10 12:14:57.223, 0, 12288, 11777, 339
2026/09/10 12:14:57.431, 0, 12288, 11777, 339
2026/09/10 12:14:57.635, 0, 12288, 11777, 339
2026/09/10 12:14:57.843, 0, 12288, 11777, 339
2026/09/10 12:14:58.051, 0, 12288, 11777, 339
2026/09/10 12:14:58.259, 0, 12288, 11777, 339
2026/09/10 12:14:58.465, 0, 12288, 11777, 339
2026/09/10 12:14:58.673, 0, 12288, 11777, 339
2026/09/10 12:14:58.881, 0, 12288, 11777, 339
2026/09/10 12:14:59.089, 0, 12288, 11777, 339
2026/09/10 12:14:59.297, 0, 12288, 11777, 339
2026/09/10 12:14:59.505, 0, 12288, 11777, 339
2026/09/10 12:14:59.712, 0, 12288, 11777, 339
2026/09/10 12:14:59.920, 0, 12288, 11777, 339
2026/09/10 12:15:00.128, 0, 12288, 11777, 339
2026/09/10 12:15:00.336, 0, 12288, 11777, 339
2026/09/10 12:15:00.544, 0, 12288, 11777, 339
2026/09/10 12:15:00.752, 0, 12288, 11777, 339
2026/09/10 12:15:00.960, 0, 12288, 11777, 339
2026/09/10 12:15:01.168, 0, 12288, 11777, 339
2026/09/10 12:15:01.375, 0, 12288, 11777, 339
2026/09/10 12:15:01.582, 0, 12288, 11777, 339
2026/09/10 12:15:01.790, 0, 12288, 11777, 339
2026/09/10 12:15:01.997, 0, 12288, 11777, 339
2026/09/10 12:15:02.205, 0, 12288, 11777, 339
2026/09/10 12:15:02.409, 0, 12288, 11777, 339
2026/09/10 12:15:02.616, 0, 12288, 11777, 339
2026/09/10 12:15:02.823, 0, 12288, 11777, 339
2026/09/10 12:15:03.029, 0, 12288, 11777, 339
2026/09/10 12:15:03.237, 0, 12288, 11777, 339
2026/09/10 12:15:03.445, 0, 12288, 11777, 339
2026/09/10 12:15:03.653, 0, 12288, 11777, 339
2026/09/10 12:15:03.859, 0, 12288, 11777, 339
2026/09/10 12:15:04.066, 0, 12288, 11777, 339
2026/09/10 12:15:04.274, 0, 12288, 11777, 339
2026/09/10 12:15:04.480, 0, 12288, 11777, 339
2026/09/10 12:15:04.688, 0, 12288, 11777, 339
2026/09/10 12:15:04.896, 0, 12288, 11777, 339
2026/09/10 12:15:05.104, 0, 12288, 11777, 339
2026/09/10 12:15:05.312, 0, 12288, 11777, 339
2026/09/10 12:15:05.518, 0, 12288, 11777, 339
2026/09/10 12:15:05.725, 0, 12288, 11777, 339
2026/09/10 12:15:05.933, 0, 12288, 11777, 339
2026/09/10 12:15:06.141, 0, 12288, 11777, 339
2026/09/10 12:15:06.349, 0, 12288, 11777, 339
2026/09/10 12:15:06.556, 0, 12288, 11777, 339
2026/09/10 12:15:06.763, 0, 12288, 11777, 339
2026/09/10 12:15:06.971, 0, 12288, 11777, 339
2026/09/10 12:15:07.178, 0, 12288, 11777, 339
2026/09/10 12:15:07.386, 0, 12288, 11777, 339
2026/09/10 12:15:07.594, 0, 12288, 11777, 339
2026/09/10 12:15:07.802, 0, 12288, 11777, 339
2026/09/10 12:15:08.006, 0, 12288, 11777, 339
2026/09/10 12:15:08.214, 0, 12288, 11777, 339
2026/09/10 12:15:08.422, 0, 12288, 11777, 339
2026/09/10 12:15:08.629, 0, 12288, 11777, 339
2026/09/10 12:15:08.837, 0, 12288, 11777, 339
2026/09/10 12:15:09.045, 0, 12288, 11777, 339
2026/09/10 12:15:09.253, 0, 12288, 11777, 339
2026/09/10 12:15:09.475, 0, 12288, 11777, 339
2026/09/10 12:15:09.681, 0, 12288, 11777, 339
2026/09/10 12:15:09.888, 0, 12288, 11777, 339
2026/09/10 12:15:10.095, 0, 12288, 11777, 339
2026/09/10 12:15:10.303, 0, 12288, 11777, 339
2026/09/10 12:15:10.510, 0, 12288, 11777, 339
2026/09/10 12:15:10.716, 0, 12288, 11777, 339
2026/09/10 12:15:10.924, 0, 12288, 11777, 339
2026/09/10 12:15:11.132, 0, 12288, 11777, 339
2026/09/10 12:15:11.339, 0, 12288, 11777, 339
2026/09/10 12:15:11.547, 0, 12288, 11777, 339
2026/09/10 12:15:11.755, 0, 12288, 11777, 339
2026/09/10 12:15:11.963, 0, 12288, 11777, 339
2026/09/10 12:15:12.170, 0, 12288, 11777, 339
2026/09/10 12:15:12.378, 0, 12288, 11777, 339
2026/09/10 12:15:12.586, 0, 12288, 11777, 339
2026/09/10 12:15:12.794, 0, 12288, 11777, 339
2026/09/10 12:15:13.002, 0, 12288, 11777, 339
2026/09/10 12:15:13.210, 0, 12288, 11777, 339
2026/09/10 12:15:13.418, 0, 12288, 11777, 339
2026/09/10 12:15:13.623, 0, 12288, 11777, 339
2026/09/10 12:15:13.831, 0, 12288, 11777, 339
2026/09/10 12:15:14.038, 0, 12288, 11777, 339
2026/09/10 12:15:14.245, 0, 12288, 11777, 339
2026/09/10 12:15:14.452, 0, 12288, 11777, 339
2026/09/10 12:15:14.660, 0, 12288, 11777, 339
2026/09/10 12:15:14.868, 0, 12288, 11777, 339
2026/09/10 12:15:15.074, 0, 12288, 11777, 339
2026/09/10 12:15:15.282, 0, 12288, 11777, 339
2026/09/10 12:15:15.490, 0, 12288, 11777, 339
2026/09/10 12:15:15.697, 0, 12288, 11777, 339
2026/09/10 12:15:15.905, 0, 12288, 11777, 339
2026/09/10 12:15:16.111, 0, 12288, 11777, 339
2026/09/10 12:15:16.319, 0, 12288, 11777, 339
2026/09/10 12:15:16.526, 0, 12288, 11777, 339
2026/09/10 12:15:16.734, 0, 12288, 11777, 339
2026/09/10 12:15:16.942, 0, 12288, 11777, 339
2026/09/10 12:15:17.148, 0, 12288, 11777, 339
2026/09/10 12:15:17.357, 0, 12288, 11777, 339
2026/09/10 12:15:17.564, 0, 12288, 11777, 339
2026/09/10 12:15:17.771, 0, 12288, 11777, 339
2026/09/10 12:15:17.978, 0, 12288, 11777, 339
2026/09/10 12:15:18.186, 0, 12288, 11777, 339
2026/09/10 12:15:18.394, 0, 12288, 11777, 339
2026/09/10 12:15:18.602, 0, 12288, 11777, 339
2026/09/10 12:15:18.810, 0, 12288, 11777, 339
2026/09/10 12:15:19.018, 0, 12288, 11777, 339
2026/09/10 12:15:19.222, 0, 12288, 11777, 339
2026/09/10 12:15:19.426, 0, 12288, 11777, 339
2026/09/10 12:15:19.632, 0, 12288, 11777, 339
2026/09/10 12:15:19.839, 0, 12288, 11777, 339
2026/09/10 12:15:20.046, 0, 12288, 11777, 339
2026/09/10 12:15:20.252, 0, 12288, 11777, 339
2026/09/10 12:15:20.460, 0, 12288, 11777, 339
2026/09/10 12:15:20.669, 0, 12288, 11777, 339
2026/09/10 12:15:20.874, 0, 12288, 11777, 339
2026/09/10 12:15:21.080, 0, 12288, 11777, 339
2026/09/10 12:15:21.287, 0, 12288, 11777, 339
2026/09/10 12:15:21.494, 0, 12288, 11777, 339
2026/09/10 12:15:21.701, 0, 12288, 11777, 339
2026/09/10 12:15:21.908, 0, 12288, 11777, 339
2026/09/10 12:15:22.116, 0, 12288, 11777, 339
2026/09/10 12:15:22.324, 0, 12288, 11777, 339
2026/09/10 12:15:22.532, 0, 12288, 11777, 339
2026/09/10 12:15:22.740, 0, 12288, 11777, 339
2026/09/10 12:15:22.947, 0, 12288, 11777, 339
2026/09/10 12:15:23.155, 0, 12288, 11777, 339
2026/09/10 12:15:23.363, 0, 12288, 11777, 339
2026/09/10 12:15:23.571, 0, 12288, 11777, 339
2026/09/10 12:15:23.778, 0, 12288, 11777, 339
2026/09/10 12:15:23.985, 0, 12288, 11777, 339
2026/09/10 12:15:24.193, 0, 12288, 11777, 339
2026/09/10 12:15:24.400, 0, 12288, 11777, 339
2026/09/10 12:15:24.607, 0, 12288, 11777, 339
2026/09/10 12:15:24.813, 0, 12288, 11777, 339
2026/09/10 12:15:25.021, 0, 12288, 11777, 339
2026/09/10 12:15:25.229, 0, 12288, 11777, 339
2026/09/10 12:15:25.437, 0, 12288, 11777, 339
2026/09/10 12:15:25.644, 0, 12288, 11777, 339
2026/09/10 12:15:25.852, 0, 12288, 11777, 339
2026/09/10 12:15:26.060, 0, 12288, 11777, 339
2026/09/10 12:15:26.267, 0, 12288, 11777, 339
2026/09/10 12:15:26.475, 0, 12288, 11777, 339
2026/09/10 12:15:26.681, 0, 12288, 11777, 339
2026/09/10 12:15:26.888, 0, 12288, 11777, 339
2026/09/10 12:15:27.095, 0, 12288, 11777, 339
2026/09/10 12:15:27.301, 0, 12288, 11777, 339
2026/09/10 12:15:27.509, 0, 12288, 11777, 339
2026/09/10 12:15:27.717, 0, 12288, 11777, 339
2026/09/10 12:15:27.925, 0, 12288, 11777, 339
2026/09/10 12:15:28.133, 0, 12288, 11777, 339
2026/09/10 12:15:28.340, 0, 12288, 11777, 339
2026/09/10 12:15:28.547, 0, 12288, 11777, 339
2026/09/10 12:15:28.753, 0, 12288, 11777, 339
2026/09/10 12:15:28.961, 0, 12288, 11777, 339
2026/09/10 12:15:29.169, 0, 12288, 11777, 339
2026/09/10 12:15:29.377, 0, 12288, 11777, 339
2026/09/10 12:15:29.585, 0, 12288, 11777, 339
2026/09/10 12:15:29.791, 0, 12288, 11777, 339
2026/09/10 12:15:29.998, 0, 12288, 11777, 339
2026/09/10 12:15:30.205, 0, 12288, 11777, 339
2026/09/10 12:15:30.410, 0, 12288, 11777, 339
2026/09/10 12:15:30.618, 0, 12288, 11777, 339
2026/09/10 12:15:30.826, 0, 12288, 11777, 339
2026/09/10 12:15:31.034, 0, 12288, 11777, 339
2026/09/10 12:15:31.241, 0, 12288, 11777, 339
2026/09/10 12:15:31.448, 0, 12288, 11777, 339
2026/09/10 12:15:31.656, 0, 12288, 11777, 339
2026/09/10 12:15:31.862, 0, 12288, 11777, 339
2026/09/10 12:15:32.068, 0, 12288, 11777, 339
2026/09/10 12:15:32.275, 0, 12288, 11777, 339
2026/09/10 12:15:32.481, 0, 12288, 11777, 339
2026/09/10 12:15:32.688, 0, 12288, 11777, 339
2026/09/10 12:15:32.895, 0, 12288, 11777, 339
2026/09/10 12:15:33.103, 0, 12288, 11777, 339
2026/09/10 12:15:33.310, 0, 12288, 11777, 339
2026/09/10 12:15:33.518, 0, 12288, 11777, 339
2026/09/10 12:15:33.725, 0, 12288, 11777, 339
2026/09/10 12:15:33.931, 0, 12288, 11777, 339
2026/09/10 12:15:34.138, 0, 12288, 11777, 339
2026/09/10 12:15:34.346, 0, 12288, 11777, 339
2026/09/10 12:15:34.554, 0, 12288, 11777, 339
2026/09/10 12:15:34.762, 0, 12288, 11777, 339
2026/09/10 12:15:34.969, 0, 12288, 11777, 339
2026/09/10 12:15:35.176, 0, 12288, 11777, 339
2026/09/10 12:15:35.385, 0, 12288, 11777, 339
2026/09/10 12:15:35.592, 0, 12288, 11777, 339
2026/09/10 12:15:35.800, 0, 12288, 11777, 339
2026/09/10 12:15:36.005, 0, 12288, 11777, 339
2026/09/10 12:15:36.213, 0, 12288, 11777, 339
2026/09/10 12:15:36.421, 0, 12288, 11777, 339
2026/09/10 12:15:36.628, 0, 12288, 11777, 339
2026/09/10 12:15:36.835, 0, 12288, 11777, 339
2026/09/10 12:15:37.042, 0, 12288, 11777, 339
2026/09/10 12:15:37.248, 0, 12288, 11777, 339
2026/09/10 12:15:37.455, 0, 12288, 11777, 339
2026/09/10 12:15:37.663, 0, 12288, 11777, 339
2026/09/10 12:15:37.871, 0, 12288, 11777, 339
2026/09/10 12:15:38.094, 0, 12288, 11777, 339
2026/09/10 12:15:38.302, 0, 12288, 11777, 339
2026/09/10 12:15:38.506, 0, 12288, 11777, 339
2026/09/10 12:15:38.713, 0, 12288, 11777, 339
2026/09/10 12:15:38.918, 0, 12288, 11777, 339
2026/09/10 12:15:39.124, 0, 12288, 11777, 339
2026/09/10 12:15:39.331, 0, 12288, 11777, 339
2026/09/10 12:15:39.539, 0, 12288, 11777, 339
2026/09/10 12:15:39.745, 0, 12288, 11777, 339
2026/09/10 12:15:39.952, 0, 12288, 11777, 339
2026/09/10 12:15:40.160, 0, 12288, 11777, 339
2026/09/10 12:15:40.367, 0, 12288, 11777, 339
2026/09/10 12:15:40.574, 0, 12288, 11777, 339
2026/09/10 12:15:40.781, 0, 12288, 11777, 339
2026/09/10 12:15:40.988, 0, 12288, 11777, 339
2026/09/10 12:15:41.195, 0, 12288, 11777, 339
2026/09/10 12:15:41.403, 0, 12288, 11777, 339
2026/09/10 12:15:41.609, 0, 12288, 11777, 339
2026/09/10 12:15:41.817, 0, 12288, 11777, 339
2026/09/10 12:15:42.022, 0, 12288, 11777, 339
2026/09/10 12:15:42.229, 0, 12288, 11777, 339
2026/09/10 12:15:42.437, 0, 12288, 11777, 339
2026/09/10 12:15:42.645, 0, 12288, 11777, 339
2026/09/10 12:15:42.853, 0, 12288, 11777, 339
2026/09/10 12:15:43.061, 0, 12288, 11777, 339
2026/09/10 12:15:43.269, 0, 12288, 11777, 339
2026/09/10 12:15:43.477, 0, 12288, 11777, 339
2026/09/10 12:15:43.685, 0, 12288, 11777, 339
2026/09/10 12:15:43.892, 0, 12288, 11777, 339
2026/09/10 12:15:44.100, 0, 12288, 11777, 339
2026/09/10 12:15:44.307, 0, 12288, 11777, 339
2026/09/10 12:15:44.514, 0, 12288, 11777, 339
2026/09/10 12:15:44.721, 0, 12288, 11777, 339
2026/09/10 12:15:44.927, 0, 12288, 11777, 339
2026/09/10 12:15:45.134, 0, 12288, 11777, 339
2026/09/10 12:15:45.343, 0, 12288, 11777, 339
2026/09/10 12:15:45.549, 0, 12288, 11777, 339
2026/09/10 12:15:45.757, 0, 12288, 11777, 339
2026/09/10 12:15:45.964, 0, 12288, 11777, 339
2026/09/10 12:15:46.170, 0, 12288, 11777, 339
2026/09/10 12:15:46.377, 0, 12288, 11777, 339
2026/09/10 12:15:46.585, 0, 12288, 11777, 339
2026/09/10 12:15:46.793, 0, 12288, 11777, 339
2026/09/10 12:15:47.001, 0, 12288, 11777, 339
2026/09/10 12:15:47.206, 0, 12288, 11777, 339
2026/09/10 12:15:47.413, 0, 12288, 11777, 339
2026/09/10 12:15:47.636, 0, 12288, 11777, 339
2026/09/10 12:15:47.844, 0, 12288, 11777, 339
2026/09/10 12:15:48.052, 0, 12288, 11777, 339
2026/09/10 12:15:48.260, 0, 12288, 11777, 339
2026/09/10 12:15:48.468, 0, 12288, 11777, 339
2026/09/10 12:15:48.675, 0, 12288, 11777, 339
2026/09/10 12:15:48.882, 0, 12288, 11777, 339
2026/09/10 12:15:49.090, 0, 12288, 11777, 339
2026/09/10 12:15:49.296, 0, 12288, 11777, 339
2026/09/10 12:15:49.502, 0, 12288, 11777, 339
2026/09/10 12:15:49.710, 0, 12288, 11777, 339
2026/09/10 12:15:49.918, 0, 12288, 11777, 339
2026/09/10 12:15:50.126, 0, 12288, 11777, 339
2026/09/10 12:15:50.333, 0, 12288, 11777, 339
2026/09/10 12:15:50.539, 0, 12288, 11777, 339
2026/09/10 12:15:50.746, 0, 12288, 11777, 339
2026/09/10 12:15:50.954, 0, 12288, 11777, 339
2026/09/10 12:15:51.161, 0, 12288, 11777, 339
2026/09/10 12:15:51.368, 0, 12288, 11777, 339
2026/09/10 12:15:51.574, 0, 12288, 11777, 339
2026/09/10 12:15:51.781, 0, 12288, 11777, 339
2026/09/10 12:15:51.989, 0, 12288, 11777, 339
2026/09/10 12:15:52.196, 0, 12288, 11777, 339
2026/09/10 12:15:52.402, 0, 12288, 11777, 339
2026/09/10 12:15:52.609, 0, 12288, 11777, 339
2026/09/10 12:15:52.816, 0, 12288, 11777, 339
2026/09/10 12:15:53.023, 0, 12288, 11777, 339
2026/09/10 12:15:53.230, 0, 12288, 11777, 339
2026/09/10 12:15:53.438, 0, 12288, 11777, 339
2026/09/10 12:15:53.645, 0, 12288, 11777, 339
2026/09/10 12:15:53.853, 0, 12288, 11777, 339
2026/09/10 12:15:54.058, 0, 12288, 11777, 339
2026/09/10 12:15:54.265, 0, 12288, 11777, 339
2026/09/10 12:15:54.472, 0, 12288, 11777, 339
2026/09/10 12:15:54.680, 0, 12288, 11777, 339
2026/09/10 12:15:54.888, 0, 12288, 11777, 339
2026/09/10 12:15:55.096, 0, 12288, 11777, 339
2026/09/10 12:15:55.304, 0, 12288, 11777, 339
2026/09/10 12:15:55.512, 0, 12288, 11777, 339
2026/09/10 12:15:55.719, 0, 12288, 11777, 339
2026/09/10 12:15:55.927, 0, 12288, 11777, 339
2026/09/10 12:15:56.135, 0, 12288, 11777, 339
2026/09/10 12:15:56.342, 0, 12288, 11777, 339
2026/09/10 12:15:56.550, 0, 12288, 11777, 339
2026/09/10 12:15:56.758, 0, 12288, 11777, 339
2026/09/10 12:15:56.966, 0, 12288, 11777, 339
2026/09/10 12:15:57.174, 0, 12288, 11777, 339
2026/09/10 12:15:57.381, 0, 12288, 11777, 339
2026/09/10 12:15:57.589, 0, 12288, 11777, 339
2026/09/10 12:15:57.797, 0, 12288, 11777, 339
2026/09/10 12:15:58.005, 0, 12288, 11777, 339
2026/09/10 12:15:58.211, 0, 12288, 11777, 339
2026/09/10 12:15:58.418, 0, 12288, 11777, 339
2026/09/10 12:15:58.625, 0, 12288, 11777, 339
2026/09/10 12:15:58.832, 0, 12288, 11777, 339
2026/09/10 12:15:59.040, 0, 12288, 11777, 339
2026/09/10 12:15:59.246, 0, 12288, 11777, 339
2026/09/10 12:15:59.453, 0, 12288, 11777, 339
2026/09/10 12:15:59.660, 0, 12288, 11777, 339
2026/09/10 12:15:59.868, 0, 12288, 11777, 339
2026/09/10 12:16:00.075, 0, 12288, 11777, 339
2026/09/10 12:16:00.282, 0, 12288, 11777, 339
2026/09/10 12:16:00.490, 0, 12288, 11777, 339
2026/09/10 12:16:00.697, 0, 12288, 11777, 339
2026/09/10 12:16:00.904, 0, 12288, 11777, 339
2026/09/10 12:16:01.111, 0, 12288, 11777, 339
2026/09/10 12:16:01.319, 0, 12288, 11777, 339
2026/09/10 12:16:01.526, 0, 12288, 11777, 339
2026/09/10 12:16:01.734, 0, 12288, 11777, 339
2026/09/10 12:16:01.942, 0, 12288, 11777, 339
2026/09/10 12:16:02.149, 0, 12288, 11777, 339
2026/09/10 12:16:02.357, 0, 12288, 11777, 339
2026/09/10 12:16:02.564, 0, 12288, 11777, 339
2026/09/10 12:16:02.770, 0, 12288, 11777, 339
2026/09/10 12:16:02.978, 0, 12288, 11777, 339
2026/09/10 12:16:03.186, 0, 12288, 11777, 339
2026/09/10 12:16:03.393, 0, 12288, 11777, 339
2026/09/10 12:16:03.601, 0, 12288, 11777, 339
2026/09/10 12:16:03.807, 0, 12288, 11777, 339
2026/09/10 12:16:04.013, 0, 12288, 11777, 339
2026/09/10 12:16:04.221, 0, 12288, 11777, 339
2026/09/10 12:16:04.428, 0, 12288, 11777, 339
2026/09/10 12:16:04.636, 0, 12288, 11777, 339
2026/09/10 12:16:04.844, 0, 12288, 11777, 339
2026/09/10 12:16:05.052, 0, 12288, 11777, 339
2026/09/10 12:16:05.259, 0, 12288, 11777, 339
2026/09/10 12:16:05.467, 0, 12288, 11777, 339
2026/09/10 12:16:05.673, 0, 12288, 11777, 339
2026/09/10 12:16:05.881, 0, 12288, 11777, 339
2026/09/10 12:16:06.089, 0, 12288, 11777, 339
2026/09/10 12:16:06.297, 0, 12288, 11777, 339
2026/09/10 12:16:06.505, 0, 12288, 11777, 339
2026/09/10 12:16:06.712, 0, 12288, 11777, 339
2026/09/10 12:16:06.920, 0, 12288, 11777, 339
2026/09/10 12:16:07.128, 0, 12288, 11777, 339
2026/09/10 12:16:07.333, 0, 12288, 11777, 339
2026/09/10 12:16:07.539, 0, 12288, 11777, 339
2026/09/10 12:16:07.747, 0, 12288, 11777, 339
2026/09/10 12:16:07.955, 0, 12288, 11777, 339
2026/09/10 12:16:08.162, 0, 12288, 11777, 339
2026/09/10 12:16:08.370, 0, 12288, 11777, 339
2026/09/10 12:16:08.577, 0, 12288, 11777, 339
2026/09/10 12:16:08.785, 0, 12288, 11777, 339
2026/09/10 12:16:08.993, 0, 12288, 11777, 339
2026/09/10 12:16:09.201, 0, 12288, 11777, 339
2026/09/10 12:16:09.407, 0, 12288, 11777, 339
2026/09/10 12:16:09.615, 0, 12288, 11777, 339
2026/09/10 12:16:09.822, 0, 12288, 11777, 339
2026/09/10 12:16:10.030, 0, 12288, 11777, 339
2026/09/10 12:16:10.235, 0, 12288, 11777, 339
2026/09/10 12:16:10.443, 0, 12288, 11777, 339
2026/09/10 12:16:10.649, 0, 12288, 11777, 339
2026/09/10 12:16:10.852, 0, 12288, 11777, 339
2026/09/10 12:16:11.060, 0, 12288, 11777, 339
2026/09/10 12:16:11.268, 0, 12288, 11777, 339
2026/09/10 12:16:11.476, 0, 12288, 11777, 339
2026/09/10 12:16:11.684, 0, 12288, 11777, 339
2026/09/10 12:16:11.890, 0, 12288, 11777, 339
2026/09/10 12:16:12.098, 0, 12288, 11777, 339
2026/09/10 12:16:12.305, 0, 12288, 11777, 339
2026/09/10 12:16:12.512, 0, 12288, 11777, 339
2026/09/10 12:16:12.720, 0, 12288, 11777, 339
2026/09/10 12:16:12.928, 0, 12288, 11777, 339
2026/09/10 12:16:13.136, 0, 12288, 11777, 339
2026/09/10 12:16:13.343, 0, 12288, 11777, 339
2026/09/10 12:16:13.550, 0, 12288, 11777, 339
2026/09/10 12:16:13.758, 0, 12288, 11777, 339
2026/09/10 12:16:13.965, 0, 12288, 11777, 339
2026/09/10 12:16:14.172, 0, 12288, 11777, 339
2026/09/10 12:16:14.380, 0, 12288, 11777, 339
2026/09/10 12:16:14.588, 0, 12288, 11777, 339
2026/09/10 12:16:14.796, 0, 12288, 11777, 339
2026/09/10 12:16:15.002, 0, 12288, 11777, 339
2026/09/10 12:16:15.209, 0, 12288, 11777, 339
2026/09/10 12:16:15.417, 0, 12288, 11777, 339
2026/09/10 12:16:15.624, 0, 12288, 11777, 339
2026/09/10 12:16:15.832, 0, 12288, 11777, 339
2026/09/10 12:16:16.039, 0, 12288, 11777, 339
2026/09/10 12:16:16.247, 0, 12288, 11777, 339
2026/09/10 12:16:16.454, 0, 12288, 11777, 339
2026/09/10 12:16:16.661, 0, 12288, 11777, 339
2026/09/10 12:16:16.868, 0, 12288, 11777, 339
2026/09/10 12:16:17.076, 0, 12288, 11777, 339
2026/09/10 12:16:17.282, 0, 12288, 11777, 339
2026/09/10 12:16:17.490, 0, 12288, 11777, 339
2026/09/10 12:16:17.698, 0, 12288, 11777, 339
2026/09/10 12:16:17.906, 0, 12288, 11777, 339
2026/09/10 12:16:18.114, 0, 12288, 11777, 339
2026/09/10 12:16:18.322, 0, 12288, 11777, 339
2026/09/10 12:16:18.530, 0, 12288, 11777, 339
2026/09/10 12:16:18.738, 0, 12288, 11777, 339
2026/09/10 12:16:18.945, 0, 12288, 11777, 339
2026/09/10 12:16:19.152, 0, 12288, 11777, 339
2026/09/10 12:16:19.360, 0, 12288, 11777, 339
2026/09/10 12:16:19.568, 0, 12288, 11777, 339
2026/09/10 12:16:19.776, 0, 12288, 11777, 339
2026/09/10 12:16:19.984, 0, 12288, 11777, 339
2026/09/10 12:16:20.190, 0, 12288, 11777, 339
2026/09/10 12:16:20.398, 0, 12288, 11777, 339
2026/09/10 12:16:20.602, 0, 12288, 11777, 339
2026/09/10 12:16:20.807, 0, 12288, 11777, 339
2026/09/10 12:16:21.014, 0, 12288, 11777, 339
2026/09/10 12:16:21.222, 0, 12288, 11777, 339
2026/09/10 12:16:21.430, 0, 12288, 11777, 339
2026/09/10 12:16:21.636, 0, 12288, 11777, 339
2026/09/10 12:16:21.843, 0, 12288, 11777, 339
2026/09/10 12:16:22.050, 0, 12288, 11777, 339
2026/09/10 12:16:22.258, 0, 12288, 11777, 339
2026/09/10 12:16:22.465, 0, 12288, 11777, 339
2026/09/10 12:16:22.674, 0, 12288, 11777, 339
2026/09/10 12:16:22.881, 0, 12288, 11777, 339
2026/09/10 12:16:23.088, 0, 12288, 11777, 339
2026/09/10 12:16:23.296, 0, 12288, 11777, 339
2026/09/10 12:16:23.502, 0, 12288, 11777, 339
2026/09/10 12:16:23.710, 0, 12288, 11777, 339
2026/09/10 12:16:23.917, 0, 12288, 11777, 339
2026/09/10 12:16:24.124, 0, 12288, 11777, 339
2026/09/10 12:16:24.331, 0, 12288, 11777, 339
2026/09/10 12:16:24.538, 0, 12288, 11777, 339
2026/09/10 12:16:24.746, 0, 12288, 11777, 339
2026/09/10 12:16:24.954, 0, 12288, 11777, 339
2026/09/10 12:16:25.162, 0, 12288, 11777, 339
2026/09/10 12:16:25.370, 0, 12288, 11777, 339
2026/09/10 12:16:25.577, 0, 12288, 11777, 339
2026/09/10 12:16:25.800, 0, 12288, 11777, 339
2026/09/10 12:16:26.007, 0, 12288, 11777, 339
2026/09/10 12:16:26.211, 0, 12288, 11777, 339
2026/09/10 12:16:26.419, 0, 12288, 11777, 339
2026/09/10 12:16:26.626, 0, 12288, 11777, 339
2026/09/10 12:16:26.834, 0, 12288, 11777, 339
2026/09/10 12:16:27.041, 0, 12288, 11777, 339
2026/09/10 12:16:27.249, 0, 12288, 11777, 339
2026/09/10 12:16:27.456, 0, 12288, 11777, 339
2026/09/10 12:16:27.665, 0, 12288, 11777, 339
2026/09/10 12:16:27.872, 0, 12288, 11777, 339
2026/09/10 12:16:28.080, 0, 12288, 11777, 339
2026/09/10 12:16:28.286, 0, 12288, 11777, 339
2026/09/10 12:16:28.493, 0, 12288, 11777, 339
2026/09/10 12:16:28.700, 0, 12288, 11777, 339
2026/09/10 12:16:28.908, 0, 12288, 11777, 339
2026/09/10 12:16:29.116, 0, 12288, 11777, 339
2026/09/10 12:16:29.324, 0, 12288, 11777, 339
2026/09/10 12:16:29.531, 0, 12288, 11777, 339
2026/09/10 12:16:29.739, 0, 12288, 11777, 339
2026/09/10 12:16:29.947, 0, 12288, 11777, 339
2026/09/10 12:16:30.155, 0, 12288, 11777, 339
2026/09/10 12:16:30.363, 0, 12288, 11777, 339
2026/09/10 12:16:30.571, 0, 12288, 11777, 339
2026/09/10 12:16:30.774, 0, 12288, 11777, 339
2026/09/10 12:16:30.979, 0, 12288, 11777, 339
2026/09/10 12:16:31.186, 0, 12288, 11777, 339
2026/09/10 12:16:31.393, 0, 12288, 11777, 339
2026/09/10 12:16:31.599, 0, 12288, 11777, 339
2026/09/10 12:16:31.802, 0, 12288, 11777, 339
2026/09/10 12:16:32.009, 0, 12288, 11777, 339
2026/09/10 12:16:32.217, 0, 12288, 11777, 339
2026/09/10 12:16:32.424, 0, 12288, 11777, 339
2026/09/10 12:16:32.630, 0, 12288, 11777, 339
2026/09/10 12:16:32.838, 0, 12288, 11777, 339
2026/09/10 12:16:33.046, 0, 12288, 11777, 339
2026/09/10 12:16:33.252, 0, 12288, 11777, 339
2026/09/10 12:16:33.460, 0, 12288, 11777, 339
2026/09/10 12:16:33.668, 0, 12288, 11777, 339
2026/09/10 12:16:33.873, 0, 12288, 11777, 339
2026/09/10 12:16:34.080, 0, 12288, 11777, 339
2026/09/10 12:16:34.288, 0, 12288, 11777, 339
2026/09/10 12:16:34.496, 0, 12288, 11777, 339
2026/09/10 12:16:34.704, 0, 12288, 11777, 339
2026/09/10 12:16:34.912, 0, 12288, 11777, 339
2026/09/10 12:16:35.119, 0, 12288, 11777, 339
2026/09/10 12:16:35.342, 0, 12288, 11777, 339
2026/09/10 12:16:35.550, 0, 12288, 11777, 339
2026/09/10 12:16:35.758, 0, 12288, 11777, 339
2026/09/10 12:16:35.964, 0, 12288, 11777, 339
2026/09/10 12:16:36.171, 0, 12288, 11777, 339
2026/09/10 12:16:36.379, 0, 12288, 11777, 339
2026/09/10 12:16:36.586, 0, 12288, 11777, 339
2026/09/10 12:16:36.793, 0, 12288, 11777, 339
2026/09/10 12:16:37.001, 0, 12288, 11777, 339
2026/09/10 12:16:37.209, 0, 12288, 11777, 339
2026/09/10 12:16:37.415, 0, 12288, 11777, 339
2026/09/10 12:16:37.622, 0, 12288, 11777, 339
2026/09/10 12:16:37.830, 0, 12288, 11777, 339
2026/09/10 12:16:38.037, 0, 12288, 11777, 339
2026/09/10 12:16:38.244, 0, 12288, 11777, 339
2026/09/10 12:16:38.452, 0, 12288, 11777, 339
2026/09/10 12:16:38.660, 0, 12288, 11777, 339
2026/09/10 12:16:38.867, 0, 12288, 11777, 339
2026/09/10 12:16:39.075, 0, 12288, 11777, 339
2026/09/10 12:16:39.282, 0, 12288, 11777, 339
2026/09/10 12:16:39.487, 0, 12288, 11777, 339
2026/09/10 12:16:39.693, 0, 12288, 11777, 339
2026/09/10 12:16:39.900, 0, 12288, 11777, 339
2026/09/10 12:16:40.106, 0, 12288, 11777, 339
2026/09/10 12:16:40.313, 0, 12288, 11777, 339
2026/09/10 12:16:40.521, 0, 12288, 11777, 339
2026/09/10 12:16:40.728, 0, 12288, 11777, 339
2026/09/10 12:16:40.936, 0, 12288, 11777, 339
2026/09/10 12:16:41.144, 0, 12288, 11777, 339
2026/09/10 12:16:41.352, 0, 12288, 11777, 339
2026/09/10 12:16:41.559, 0, 12288, 11777, 339
2026/09/10 12:16:41.765, 0, 12288, 11777, 339
2026/09/10 12:16:41.973, 0, 12288, 11777, 339
2026/09/10 12:16:42.181, 0, 12288, 11777, 339
2026/09/10 12:16:42.388, 0, 12288, 11777, 339
2026/09/10 12:16:42.596, 0, 12288, 11777, 339
2026/09/10 12:16:42.803, 0, 12288, 11777, 339
2026/09/10 12:16:43.007, 0, 12288, 11777, 339
2026/09/10 12:16:43.215, 0, 12288, 11777, 339
2026/09/10 12:16:43.422, 0, 12288, 11777, 339
2026/09/10 12:16:43.629, 0, 12288, 11777, 339
2026/09/10 12:16:43.837, 0, 12288, 11777, 339
2026/09/10 12:16:44.045, 0, 12288, 11777, 339
2026/09/10 12:16:44.251, 0, 12288, 11777, 339
2026/09/10 12:16:44.459, 0, 12288, 11777, 339
2026/09/10 12:16:44.667, 0, 12288, 11777, 339
2026/09/10 12:16:44.874, 0, 12288, 11777, 339
2026/09/10 12:16:45.082, 0, 12288, 11777, 339
2026/09/10 12:16:45.290, 0, 12288, 11777, 339
2026/09/10 12:16:45.498, 0, 12288, 11777, 339
2026/09/10 12:16:45.706, 0, 12288, 11777, 339
2026/09/10 12:16:45.914, 0, 12288, 11777, 339
2026/09/10 12:16:46.120, 0, 12288, 11777, 339
2026/09/10 12:16:46.326, 0, 12288, 11777, 339
2026/09/10 12:16:46.533, 0, 12288, 11777, 339
2026/09/10 12:16:46.741, 0, 12288, 11777, 339
2026/09/10 12:16:46.949, 0, 12288, 11777, 339
2026/09/10 12:16:47.157, 0, 12288, 11777, 339
2026/09/10 12:16:47.365, 0, 12288, 11777, 339
2026/09/10 12:16:47.572, 0, 12288, 11777, 339
2026/09/10 12:16:47.779, 0, 12288, 11777, 339
2026/09/10 12:16:47.987, 0, 12288, 11777, 339
2026/09/10 12:16:48.195, 0, 12288, 11777, 339
2026/09/10 12:16:48.403, 0, 12288, 11777, 339
2026/09/10 12:16:48.607, 0, 12288, 11777, 339
2026/09/10 12:16:48.815, 0, 12288, 11777, 339
2026/09/10 12:16:49.023, 0, 12288, 11777, 339
2026/09/10 12:16:49.231, 0, 12288, 11777, 339
2026/09/10 12:16:49.438, 0, 12288, 11777, 339
2026/09/10 12:16:49.645, 0, 12288, 11777, 339
2026/09/10 12:16:49.853, 0, 12288, 11777, 339
2026/09/10 12:16:50.061, 0, 12288, 11777, 339
2026/09/10 12:16:50.268, 0, 12288, 11777, 339
2026/09/10 12:16:50.476, 0, 12288, 11777, 339
2026/09/10 12:16:50.684, 0, 12288, 11777, 339
2026/09/10 12:16:50.892, 0, 12288, 11777, 339
2026/09/10 12:16:51.100, 0, 12288, 11777, 339
2026/09/10 12:16:51.308, 0, 12288, 11777, 339
2026/09/10 12:16:51.516, 0, 12288, 11777, 339
2026/09/10 12:16:51.723, 0, 12288, 11777, 339
2026/09/10 12:16:51.931, 0, 12288, 11777, 339
2026/09/10 12:16:52.139, 0, 12288, 11777, 339
2026/09/10 12:16:52.347, 0, 12288, 11777, 339
2026/09/10 12:16:52.555, 0, 12288, 11777, 339
2026/09/10 12:16:52.762, 0, 12288, 11777, 339
2026/09/10 12:16:52.969, 0, 12288, 11777, 339
2026/09/10 12:16:53.177, 0, 12288, 11777, 339
2026/09/10 12:16:53.385, 0, 12288, 11777, 339
2026/09/10 12:16:53.593, 0, 12288, 11777, 339
2026/09/10 12:16:53.800, 0, 12288, 11777, 339
2026/09/10 12:16:54.006, 0, 12288, 11777, 339
2026/09/10 12:16:54.211, 0, 12288, 11777, 339
2026/09/10 12:16:54.435, 0, 12288, 11777, 339
2026/09/10 12:16:54.643, 0, 12288, 11777, 339
2026/09/10 12:16:54.851, 0, 12288, 11777, 339
2026/09/10 12:16:55.058, 0, 12288, 11777, 339
2026/09/10 12:16:55.266, 0, 12288, 11777, 339
2026/09/10 12:16:55.474, 0, 12288, 11777, 339
2026/09/10 12:16:55.681, 0, 12288, 11777, 339
2026/09/10 12:16:55.889, 0, 12288, 11777, 339
2026/09/10 12:16:56.097, 0, 12288, 11777, 339
2026/09/10 12:16:56.305, 0, 12288, 11777, 339
2026/09/10 12:16:56.513, 0, 12288, 11777, 339
2026/09/10 12:16:56.720, 0, 12288, 11777, 339
2026/09/10 12:16:56.927, 0, 12288, 11777, 339
2026/09/10 12:16:57.150, 0, 12288, 11777, 339
2026/09/10 12:16:57.358, 0, 12288, 11777, 339
2026/09/10 12:16:57.565, 0, 12288, 11777, 339
2026/09/10 12:16:57.772, 0, 12288, 11777, 339
2026/09/10 12:16:57.980, 0, 12288, 11777, 339
2026/09/10 12:16:58.188, 0, 12288, 11777, 339
2026/09/10 12:16:58.395, 0, 12288, 11777, 339
2026/09/10 12:16:58.601, 0, 12288, 11777, 339
2026/09/10 12:16:58.809, 0, 12288, 11777, 339
2026/09/10 12:16:59.016, 0, 12288, 11777, 339
2026/09/10 12:16:59.222, 0, 12288, 11777, 339
2026/09/10 12:16:59.430, 0, 12288, 11777, 339
2026/09/10 12:16:59.638, 0, 12288, 11777, 339
2026/09/10 12:16:59.842, 0, 12288, 11777, 339
2026/09/10 12:17:00.050, 0, 12288, 11777, 339
2026/09/10 12:17:00.258, 0, 12288, 11777, 339
2026/09/10 12:17:00.466, 0, 12288, 11777, 339
2026/09/10 12:17:00.673, 0, 12288, 11777, 339
2026/09/10 12:17:00.881, 0, 12288, 11777, 339
2026/09/10 12:17:01.088, 0, 12288, 11777, 339
2026/09/10 12:17:01.295, 0, 12288, 11777, 339
2026/09/10 12:17:01.502, 0, 12288, 11777, 339
2026/09/10 12:17:01.710, 0, 12288, 11777, 339
2026/09/10 12:17:01.918, 0, 12288, 11777, 339
2026/09/10 12:17:02.125, 0, 12288, 11777, 339
2026/09/10 12:17:02.333, 0, 12288, 11777, 339
2026/09/10 12:17:02.539, 0, 12288, 11777, 339
2026/09/10 12:17:02.744, 0, 12288, 11777, 339
2026/09/10 12:17:02.952, 0, 12288, 11777, 339
2026/09/10 12:17:03.160, 0, 12288, 11777, 339
2026/09/10 12:17:03.367, 0, 12288, 11777, 339
2026/09/10 12:17:03.573, 0, 12288, 11777, 339
2026/09/10 12:17:03.781, 0, 12288, 11777, 339
2026/09/10 12:17:03.986, 0, 12288, 11777, 339
2026/09/10 12:17:04.193, 0, 12288, 11777, 339
2026/09/10 12:17:04.400, 0, 12288, 11777, 339
2026/09/10 12:17:04.608, 0, 12288, 11777, 339
2026/09/10 12:17:04.816, 0, 12288, 11777, 339
2026/09/10 12:17:05.024, 0, 12288, 11777, 339
2026/09/10 12:17:05.232, 0, 12288, 11777, 339
2026/09/10 12:17:05.438, 0, 12288, 11777, 339
2026/09/10 12:17:05.646, 0, 12288, 11777, 339
2026/09/10 12:17:05.854, 0, 12288, 11777, 339
2026/09/10 12:17:06.061, 0, 12288, 11777, 339
2026/09/10 12:17:06.267, 0, 12288, 11777, 339
2026/09/10 12:17:06.474, 0, 12288, 11777, 339
2026/09/10 12:17:06.697, 0, 12288, 11777, 339
2026/09/10 12:17:06.904, 0, 12288, 11777, 339
2026/09/10 12:17:07.112, 0, 12288, 11777, 339
2026/09/10 12:17:07.320, 0, 12288, 11777, 339
2026/09/10 12:17:07.526, 0, 12288, 11777, 339
2026/09/10 12:17:07.734, 0, 12288, 11777, 339
2026/09/10 12:17:07.942, 0, 12288, 11777, 339
2026/09/10 12:17:08.149, 0, 12288, 11777, 339
2026/09/10 12:17:08.357, 0, 12288, 11777, 339
2026/09/10 12:17:08.565, 0, 12288, 11777, 339
2026/09/10 12:17:08.773, 0, 12288, 11777, 339
2026/09/10 12:17:08.981, 0, 12288, 11777, 339
2026/09/10 12:17:09.188, 0, 12288, 11777, 339
2026/09/10 12:17:09.395, 0, 12288, 11777, 339
2026/09/10 12:17:09.603, 0, 12288, 11777, 339
2026/09/10 12:17:09.811, 0, 12288, 11777, 339
2026/09/10 12:17:10.019, 0, 12288, 11777, 339
2026/09/10 12:17:10.227, 0, 12288, 11777, 339
2026/09/10 12:17:10.435, 0, 12288, 11777, 339
2026/09/10 12:17:10.641, 0, 12288, 11777, 339
2026/09/10 12:17:10.849, 0, 12288, 11777, 339
2026/09/10 12:17:11.054, 0, 12288, 11777, 339
2026/09/10 12:17:11.260, 0, 12288, 11777, 339
2026/09/10 12:17:11.468, 0, 12288, 11777, 339
2026/09/10 12:17:11.675, 0, 12288, 11777, 339
2026/09/10 12:17:11.881, 0, 12288, 11777, 339
2026/09/10 12:17:12.088, 0, 12288, 11777, 339
2026/09/10 12:17:12.296, 0, 12288, 11777, 339
2026/09/10 12:17:12.502, 0, 12288, 11777, 339
2026/09/10 12:17:12.710, 0, 12288, 11777, 339
2026/09/10 12:17:12.918, 0, 12288, 11777, 339
2026/09/10 12:17:13.126, 0, 12288, 11777, 339
2026/09/10 12:17:13.332, 0, 12288, 11777, 339
2026/09/10 12:17:13.541, 0, 12288, 11777, 339
2026/09/10 12:17:13.749, 0, 12288, 11777, 339
2026/09/10 12:17:13.956, 0, 12288, 11777, 339
2026/09/10 12:17:14.164, 0, 12288, 11777, 339
2026/09/10 12:17:14.370, 0, 12288, 11777, 339
2026/09/10 12:17:14.577, 0, 12288, 11777, 339
2026/09/10 12:17:14.783, 0, 12288, 11777, 339
2026/09/10 12:17:14.991, 0, 12288, 11777, 339
2026/09/10 12:17:15.199, 0, 12288, 11777, 339
2026/09/10 12:17:15.407, 0, 12288, 11777, 339
2026/09/10 12:17:15.615, 0, 12288, 11777, 339
2026/09/10 12:17:15.823, 0, 12288, 11777, 339
2026/09/10 12:17:16.030, 0, 12288, 11777, 339
2026/09/10 12:17:16.238, 0, 12288, 11777, 339
2026/09/10 12:17:16.446, 0, 12288, 11777, 339
2026/09/10 12:17:16.651, 0, 12288, 11777, 339
2026/09/10 12:17:16.859, 0, 12288, 11777, 339
2026/09/10 12:17:17.066, 0, 12288, 11777, 339
2026/09/10 12:17:17.274, 0, 12288, 11777, 339
2026/09/10 12:17:17.482, 0, 12288, 11777, 339
2026/09/10 12:17:17.687, 0, 12288, 11777, 339
2026/09/10 12:17:17.894, 0, 12288, 11777, 339
2026/09/10 12:17:18.100, 0, 12288, 11777, 339
2026/09/10 12:17:18.308, 0, 12288, 11777, 339
2026/09/10 12:17:18.515, 0, 12288, 11777, 339
2026/09/10 12:17:18.722, 0, 12288, 11777, 339
2026/09/10 12:17:18.929, 0, 12288, 11777, 339
2026/09/10 12:17:19.136, 0, 12288, 11777, 339
2026/09/10 12:17:19.343, 0, 12288, 11777, 339
2026/09/10 12:17:19.551, 0, 12288, 11777, 339
2026/09/10 12:17:19.759, 0, 12288, 11777, 339
2026/09/10 12:17:19.967, 0, 12288, 11777, 339
2026/09/10 12:17:20.174, 0, 12288, 11777, 339
2026/09/10 12:17:20.380, 0, 12288, 11777, 339
2026/09/10 12:17:20.588, 0, 12288, 11777, 339
2026/09/10 12:17:20.796, 0, 12288, 11777, 339
2026/09/10 12:17:21.004, 0, 12288, 11777, 339
2026/09/10 12:17:21.212, 0, 12288, 11777, 339
2026/09/10 12:17:21.420, 0, 12288, 11777, 339
2026/09/10 12:17:21.628, 0, 12288, 11777, 339
2026/09/10 12:17:21.834, 0, 12288, 11777, 339
2026/09/10 12:17:22.041, 0, 12288, 11777, 339
2026/09/10 12:17:22.247, 0, 12288, 11777, 339
2026/09/10 12:17:22.455, 0, 12288, 11777, 339
2026/09/10 12:17:22.661, 0, 12288, 11777, 339
2026/09/10 12:17:22.868, 0, 12288, 11777, 339
2026/09/10 12:17:23.075, 0, 12288, 11777, 339
2026/09/10 12:17:23.283, 0, 12288, 11777, 339
2026/09/10 12:17:23.491, 0, 12288, 11777, 339
2026/09/10 12:17:23.699, 0, 12288, 11777, 339
2026/09/10 12:17:23.906, 0, 12288, 11777, 339
2026/09/10 12:17:24.114, 0, 12288, 11777, 339
2026/09/10 12:17:24.322, 0, 12288, 11777, 339
2026/09/10 12:17:24.529, 0, 12288, 11777, 339
2026/09/10 12:17:24.735, 0, 12288, 11777, 339
2026/09/10 12:17:24.941, 0, 12288, 11777, 339
2026/09/10 12:17:25.149, 0, 12288, 11777, 339
2026/09/10 12:17:25.357, 0, 12288, 11777, 339
2026/09/10 12:17:25.565, 0, 12288, 11777, 339
2026/09/10 12:17:25.787, 0, 12288, 11777, 339
2026/09/10 12:17:25.995, 0, 12288, 11777, 339
2026/09/10 12:17:26.203, 0, 12288, 11777, 339
2026/09/10 12:17:26.411, 0, 12288, 11777, 339
2026/09/10 12:17:26.618, 0, 12288, 11777, 339
2026/09/10 12:17:26.825, 0, 12288, 11777, 339
2026/09/10 12:17:27.032, 0, 12288, 11777, 339
2026/09/10 12:17:27.240, 0, 12288, 11777, 339
2026/09/10 12:17:27.448, 0, 12288, 11777, 339
2026/09/10 12:17:27.656, 0, 12288, 11777, 339
2026/09/10 12:17:27.862, 0, 12288, 11777, 339
2026/09/10 12:17:28.069, 0, 12288, 11777, 339
2026/09/10 12:17:28.277, 0, 12288, 11777, 339
2026/09/10 12:17:28.485, 0, 12288, 11777, 339
2026/09/10 12:17:28.691, 0, 12288, 11777, 339
2026/09/10 12:17:28.899, 0, 12288, 11777, 339
2026/09/10 12:17:29.107, 0, 12288, 11777, 339
2026/09/10 12:17:29.315, 0, 12288, 11777, 339
2026/09/10 12:17:29.523, 0, 12288, 11777, 339
2026/09/10 12:17:29.729, 0, 12288, 11777, 339
2026/09/10 12:17:29.935, 0, 12288, 11777, 339
2026/09/10 12:17:30.143, 0, 12288, 11777, 339
2026/09/10 12:17:30.351, 0, 12288, 11777, 339
2026/09/10 12:17:30.559, 0, 12288, 11777, 339
2026/09/10 12:17:30.767, 0, 12288, 11777, 339
2026/09/10 12:17:30.974, 0, 12288, 11777, 339
2026/09/10 12:17:31.180, 0, 12288, 11777, 339
2026/09/10 12:17:31.387, 0, 12288, 11777, 339
2026/09/10 12:17:31.595, 0, 12288, 11777, 339
2026/09/10 12:17:31.803, 0, 12288, 11777, 339
2026/09/10 12:17:32.011, 0, 12288, 11777, 339
2026/09/10 12:17:32.218, 0, 12288, 11777, 339
2026/09/10 12:17:32.426, 0, 12288, 11777, 339
2026/09/10 12:17:32.634, 0, 12288, 11777, 339
2026/09/10 12:17:32.842, 0, 12288, 11777, 339
2026/09/10 12:17:33.050, 0, 12288, 11777, 339
2026/09/10 12:17:33.258, 0, 12288, 11777, 339
2026/09/10 12:17:33.464, 0, 12288, 11777, 339
2026/09/10 12:17:33.671, 0, 12288, 11777, 339
2026/09/10 12:17:33.878, 0, 12288, 11777, 339
2026/09/10 12:17:34.085, 0, 12288, 11777, 339
2026/09/10 12:17:34.291, 0, 12288, 11777, 339
2026/09/10 12:17:34.499, 0, 12288, 11777, 339
2026/09/10 12:17:34.706, 0, 12288, 11777, 339
2026/09/10 12:17:34.912, 0, 12288, 11777, 339
2026/09/10 12:17:35.120, 0, 12288, 11777, 339
2026/09/10 12:17:35.328, 0, 12288, 11777, 339
2026/09/10 12:17:35.535, 0, 12288, 11777, 339
2026/09/10 12:17:35.743, 0, 12288, 11777, 339
2026/09/10 12:17:35.951, 0, 12288, 11777, 339
2026/09/10 12:17:36.159, 0, 12288, 11777, 339
2026/09/10 12:17:36.367, 0, 12288, 11777, 339
2026/09/10 12:17:36.574, 0, 12288, 11777, 339
2026/09/10 12:17:36.781, 0, 12288, 11777, 339
2026/09/10 12:17:36.989, 0, 12288, 11777, 339
2026/09/10 12:17:37.197, 0, 12288, 11777, 339
2026/09/10 12:17:37.405, 0, 12288, 11777, 339
2026/09/10 12:17:37.611, 0, 12288, 11777, 339
2026/09/10 12:17:37.818, 0, 12288, 11777, 339
2026/09/10 12:17:38.024, 0, 12288, 11777, 339
2026/09/10 12:17:38.230, 0, 12288, 11777, 339
2026/09/10 12:17:38.438, 0, 12288, 11777, 339
2026/09/10 12:17:38.644, 0, 12288, 11777, 339
2026/09/10 12:17:38.850, 0, 12288, 11777, 339
2026/09/10 12:17:39.054, 0, 12288, 11777, 339
2026/09/10 12:17:39.262, 0, 12288, 11777, 339
2026/09/10 12:17:39.468, 0, 12288, 11777, 339
2026/09/10 12:17:39.676, 0, 12288, 11777, 339
2026/09/10 12:17:39.884, 0, 12288, 11777, 339
2026/09/10 12:17:40.092, 0, 12288, 11777, 339
2026/09/10 12:17:40.300, 0, 12288, 11777, 339
2026/09/10 12:17:40.504, 0, 12288, 11777, 339
2026/09/10 12:17:40.709, 0, 12288, 11777, 339
2026/09/10 12:17:40.915, 0, 12288, 11777, 339
2026/09/10 12:17:41.120, 0, 12288, 11777, 339
2026/09/10 12:17:41.328, 0, 12288, 11777, 339
2026/09/10 12:17:41.534, 0, 12288, 11789, 327
2026/09/10 12:17:41.738, 0, 12288, 11777, 339
2026/09/10 12:17:41.954, 0, 12288, 11777, 339
2026/09/10 12:17:42.159, 0, 12288, 11777, 339
2026/09/10 12:17:42.365, 0, 12288, 11777, 339
2026/09/10 12:17:42.570, 0, 12288, 11777, 339
2026/09/10 12:17:42.774, 0, 12288, 11777, 339
2026/09/10 12:17:42.981, 0, 12288, 11789, 327
2026/09/10 12:17:43.183, 0, 12288, 11777, 339
2026/09/10 12:17:43.390, 0, 12288, 11777, 339
2026/09/10 12:17:43.596, 0, 12288, 11777, 339
2026/09/10 12:17:43.803, 0, 12288, 11777, 339
2026/09/10 12:17:44.009, 0, 12288, 11777, 339
2026/09/10 12:17:44.217, 0, 12288, 11777, 339
2026/09/10 12:17:44.425, 0, 12288, 11777, 339
2026/09/10 12:17:44.629, 0, 12288, 11777, 339
2026/09/10 12:17:44.836, 0, 12288, 11777, 339
2026/09/10 12:17:45.043, 0, 12288, 11777, 339
2026/09/10 12:17:45.251, 0, 12288, 11777, 339
2026/09/10 12:17:45.459, 0, 12288, 11777, 339
2026/09/10 12:17:45.666, 0, 12288, 11777, 339
2026/09/10 12:17:45.874, 0, 12288, 11777, 339
2026/09/10 12:17:46.081, 0, 12288, 11777, 339
2026/09/10 12:17:46.288, 0, 12288, 11777, 339
2026/09/10 12:17:46.496, 0, 12288, 11777, 339
2026/09/10 12:17:46.703, 0, 12288, 11777, 339
2026/09/10 12:17:46.910, 0, 12288, 11777, 339
2026/09/10 12:17:47.118, 0, 12288, 11777, 339
2026/09/10 12:17:47.326, 0, 12288, 11777, 339
2026/09/10 12:17:47.533, 0, 12288, 11777, 339
2026/09/10 12:17:47.739, 0, 12288, 11777, 339
2026/09/10 12:17:47.947, 0, 12288, 11777, 339
2026/09/10 12:17:48.154, 0, 12288, 11777, 339
2026/09/10 12:17:48.362, 0, 12288, 11777, 339
2026/09/10 12:17:48.570, 0, 12288, 11777, 339
2026/09/10 12:17:48.776, 0, 12288, 11777, 339
2026/09/10 12:17:48.984, 0, 12288, 11777, 339
2026/09/10 12:17:49.191, 0, 12288, 11777, 339
2026/09/10 12:17:49.397, 0, 12288, 11777, 339
2026/09/10 12:17:49.605, 0, 12288, 11777, 339
2026/09/10 12:17:49.813, 0, 12288, 11777, 339
2026/09/10 12:17:50.021, 0, 12288, 11777, 339
2026/09/10 12:17:50.227, 0, 12288, 11777, 339
2026/09/10 12:17:50.435, 0, 12288, 11777, 339
2026/09/10 12:17:50.642, 0, 12288, 11777, 339
2026/09/10 12:17:50.849, 0, 12288, 11777, 339
2026/09/10 12:17:51.056, 0, 12288, 11777, 339
2026/09/10 12:17:51.264, 0, 12288, 11777, 339
2026/09/10 12:17:51.470, 0, 12288, 11777, 339
2026/09/10 12:17:51.677, 0, 12288, 11777, 339
2026/09/10 12:17:51.883, 0, 12288, 11777, 339
2026/09/10 12:17:52.091, 0, 12288, 11777, 339
2026/09/10 12:17:52.299, 0, 12288, 11777, 339
2026/09/10 12:17:52.507, 0, 12288, 11777, 339
2026/09/10 12:17:52.715, 0, 12288, 11777, 339
2026/09/10 12:17:52.922, 0, 12288, 11777, 339
2026/09/10 12:17:53.128, 0, 12288, 11777, 339
2026/09/10 12:17:53.334, 0, 12288, 11777, 339
2026/09/10 12:17:53.541, 0, 12288, 11777, 339
2026/09/10 12:17:53.749, 0, 12288, 11777, 339
2026/09/10 12:17:53.954, 0, 12288, 11777, 339
2026/09/10 12:17:54.161, 0, 12288, 11777, 339
2026/09/10 12:17:54.369, 0, 12288, 11777, 339
2026/09/10 12:17:54.576, 0, 12288, 11777, 339
2026/09/10 12:17:54.784, 0, 12288, 11777, 339
2026/09/10 12:17:54.992, 0, 12288, 11777, 339
2026/09/10 12:17:55.200, 0, 12288, 11777, 339
2026/09/10 12:17:55.407, 0, 12288, 11777, 339
2026/09/10 12:17:55.612, 0, 12288, 11777, 339
2026/09/10 12:17:55.819, 0, 12288, 11777, 339
2026/09/10 12:17:56.027, 0, 12288, 11777, 339
2026/09/10 12:17:56.235, 0, 12288, 11777, 339
2026/09/10 12:17:56.443, 0, 12288, 11777, 339
2026/09/10 12:17:56.650, 0, 12288, 11777, 339
2026/09/10 12:17:56.856, 0, 12288, 11777, 339
2026/09/10 12:17:57.062, 0, 12288, 11777, 339
2026/09/10 12:17:57.270, 0, 12288, 11777, 339
2026/09/10 12:17:57.478, 0, 12288, 11777, 339
2026/09/10 12:17:57.685, 0, 12288, 11777, 339
2026/09/10 12:17:57.893, 0, 12288, 11777, 339
2026/09/10 12:17:58.101, 0, 12288, 11777, 339
2026/09/10 12:17:58.309, 0, 12288, 11777, 339
2026/09/10 12:17:58.515, 0, 12288, 11777, 339
2026/09/10 12:17:58.723, 0, 12288, 11777, 339
2026/09/10 12:17:58.930, 0, 12288, 11777, 339
2026/09/10 12:17:59.138, 0, 12288, 11777, 339
2026/09/10 12:17:59.346, 0, 12288, 11777, 339
2026/09/10 12:17:59.553, 0, 12288, 11777, 339
2026/09/10 12:17:59.761, 0, 12288, 11777, 339
2026/09/10 12:17:59.968, 0, 12288, 11777, 339
2026/09/10 12:18:00.176, 0, 12288, 11777, 339
2026/09/10 12:18:00.383, 0, 12288, 11777, 339
2026/09/10 12:18:00.591, 0, 12288, 11777, 339
2026/09/10 12:18:00.799, 0, 12288, 11777, 339
2026/09/10 12:18:01.007, 0, 12288, 11777, 339
2026/09/10 12:18:01.215, 0, 12288, 11777, 339
2026/09/10 12:18:01.423, 0, 12288, 11777, 339
2026/09/10 12:18:01.631, 0, 12288, 11777, 339
2026/09/10 12:18:01.839, 0, 12288, 11777, 339
2026/09/10 12:18:02.046, 0, 12288, 11777, 339
2026/09/10 12:18:02.254, 0, 12288, 11777, 339
2026/09/10 12:18:02.459, 0, 12288, 11777, 339
2026/09/10 12:18:02.664, 0, 12288, 11777, 339
2026/09/10 12:18:02.870, 0, 12288, 11777, 339
2026/09/10 12:18:03.078, 0, 12288, 11777, 339
2026/09/10 12:18:03.285, 0, 12288, 11777, 339
2026/09/10 12:18:03.493, 0, 12288, 11777, 339
2026/09/10 12:18:03.701, 0, 12288, 11777, 339
2026/09/10 12:18:03.908, 0, 12288, 11777, 339
2026/09/10 12:18:04.116, 0, 12288, 11777, 339
2026/09/10 12:18:04.324, 0, 12288, 11777, 339
2026/09/10 12:18:04.531, 0, 12288, 11777, 339
2026/09/10 12:18:04.738, 0, 12288, 11777, 339
2026/09/10 12:18:04.945, 0, 12288, 11777, 339
2026/09/10 12:18:05.151, 0, 12288, 11777, 339
2026/09/10 12:18:05.358, 0, 12288, 11777, 339
2026/09/10 12:18:05.565, 0, 12288, 11777, 339
2026/09/10 12:18:05.773, 0, 12288, 11777, 339
2026/09/10 12:18:05.981, 0, 12288, 11777, 339
2026/09/10 12:18:06.189, 0, 12288, 11777, 339
2026/09/10 12:18:06.397, 0, 12288, 11777, 339
2026/09/10 12:18:06.605, 0, 12288, 11777, 339
2026/09/10 12:18:06.812, 0, 12288, 11777, 339
2026/09/10 12:18:07.020, 0, 12288, 11777, 339
2026/09/10 12:18:07.228, 0, 12288, 11777, 339
2026/09/10 12:18:07.436, 0, 12288, 11777, 339
2026/09/10 12:18:07.643, 0, 12288, 11777, 339
2026/09/10 12:18:07.849, 0, 12288, 11777, 339
2026/09/10 12:18:08.052, 0, 12288, 11777, 339
2026/09/10 12:18:08.260, 0, 12288, 11777, 339
2026/09/10 12:18:08.466, 0, 12288, 11777, 339
2026/09/10 12:18:08.674, 0, 12288, 11777, 339
2026/09/10 12:18:08.879, 0, 12288, 11777, 339
2026/09/10 12:18:09.087, 0, 12288, 11777, 339
2026/09/10 12:18:09.295, 0, 12288, 11777, 339
2026/09/10 12:18:09.502, 0, 12288, 11777, 339
2026/09/10 12:18:09.709, 0, 12288, 11777, 339
2026/09/10 12:18:09.915, 0, 12288, 11777, 339
2026/09/10 12:18:10.123, 0, 12288, 11777, 339
2026/09/10 12:18:10.331, 0, 12288, 11777, 339
2026/09/10 12:18:10.539, 0, 12288, 11777, 339
2026/09/10 12:18:10.763, 0, 12288, 11777, 339
2026/09/10 12:18:10.971, 0, 12288, 11777, 339
2026/09/10 12:18:11.177, 0, 12288, 11777, 339
2026/09/10 12:18:11.385, 0, 12288, 11777, 339
2026/09/10 12:18:11.592, 0, 12288, 11777, 339
2026/09/10 12:18:11.799, 0, 12288, 11777, 339
2026/09/10 12:18:12.005, 0, 12288, 11777, 339
2026/09/10 12:18:12.211, 0, 12288, 11777, 339
2026/09/10 12:18:12.419, 0, 12288, 11777, 339
2026/09/10 12:18:12.627, 0, 12288, 11777, 339
2026/09/10 12:18:12.835, 0, 12288, 11777, 339
2026/09/10 12:18:13.043, 0, 12288, 11777, 339
2026/09/10 12:18:13.251, 0, 12288, 11777, 339
2026/09/10 12:18:13.458, 0, 12288, 11777, 339
2026/09/10 12:18:13.665, 0, 12288, 11777, 339
2026/09/10 12:18:13.870, 0, 12288, 11777, 339
2026/09/10 12:18:14.078, 0, 12288, 11777, 339
2026/09/10 12:18:14.286, 0, 12288, 11777, 339
2026/09/10 12:18:14.494, 0, 12288, 11777, 339
2026/09/10 12:18:14.701, 0, 12288, 11777, 339
2026/09/10 12:18:14.908, 0, 12288, 11777, 339
2026/09/10 12:18:15.116, 0, 12288, 11777, 339
2026/09/10 12:18:15.323, 0, 12288, 11777, 339
2026/09/10 12:18:15.531, 0, 12288, 11777, 339
2026/09/10 12:18:15.739, 0, 12288, 11777, 339
2026/09/10 12:18:15.947, 0, 12288, 11777, 339
2026/09/10 12:18:16.155, 0, 12288, 11777, 339
2026/09/10 12:18:16.363, 0, 12288, 11777, 339
2026/09/10 12:18:16.571, 0, 12288, 11777, 339
2026/09/10 12:18:16.777, 0, 12288, 11777, 339
2026/09/10 12:18:16.985, 0, 12288, 11777, 339
2026/09/10 12:18:17.193, 0, 12288, 11777, 339
2026/09/10 12:18:17.400, 0, 12288, 11777, 339
2026/09/10 12:18:17.607, 0, 12288, 11777, 339
2026/09/10 12:18:17.815, 0, 12288, 11777, 339
2026/09/10 12:18:18.021, 0, 12288, 11777, 339
2026/09/10 12:18:18.228, 0, 12288, 11777, 339
2026/09/10 12:18:18.436, 0, 12288, 11777, 339
2026/09/10 12:18:18.644, 0, 12288, 11777, 339
2026/09/10 12:18:18.852, 0, 12288, 11777, 339
2026/09/10 12:18:19.059, 0, 12288, 11777, 339
2026/09/10 12:18:19.265, 0, 12288, 11777, 339
2026/09/10 12:18:19.472, 0, 12288, 11777, 339
2026/09/10 12:18:19.678, 0, 12288, 11777, 339
2026/09/10 12:18:19.885, 0, 12288, 11777, 339
2026/09/10 12:18:20.091, 0, 12288, 11777, 339
2026/09/10 12:18:20.297, 0, 12288, 11777, 339
2026/09/10 12:18:20.505, 0, 12288, 11777, 339
2026/09/10 12:18:20.713, 0, 12288, 11777, 339
2026/09/10 12:18:20.921, 0, 12288, 11777, 339
2026/09/10 12:18:21.129, 0, 12288, 11777, 339
2026/09/10 12:18:21.337, 0, 12288, 11777, 339
2026/09/10 12:18:21.544, 0, 12288, 11777, 339
2026/09/10 12:18:21.751, 0, 12288, 11777, 339
2026/09/10 12:18:21.958, 0, 12288, 11777, 339
2026/09/10 12:18:22.165, 0, 12288, 11777, 339
2026/09/10 12:18:22.373, 0, 12288, 11777, 339
2026/09/10 12:18:22.580, 0, 12288, 11777, 339
2026/09/10 12:18:22.787, 0, 12288, 11777, 339
2026/09/10 12:18:22.995, 0, 12288, 11777, 339
2026/09/10 12:18:23.200, 0, 12288, 11777, 339
2026/09/10 12:18:23.406, 0, 12288, 11777, 339
2026/09/10 12:18:23.613, 0, 12288, 11777, 339
2026/09/10 12:18:23.821, 0, 12288, 11777, 339
2026/09/10 12:18:24.029, 0, 12288, 11777, 339
2026/09/10 12:18:24.235, 0, 12288, 11777, 339
2026/09/10 12:18:24.441, 0, 12288, 11777, 339
2026/09/10 12:18:24.649, 0, 12288, 11777, 339
2026/09/10 12:18:24.855, 0, 12288, 11777, 339
2026/09/10 12:18:25.063, 0, 12288, 11777, 339
2026/09/10 12:18:25.271, 0, 12288, 11777, 339
2026/09/10 12:18:25.478, 0, 12288, 11777, 339
2026/09/10 12:18:25.685, 0, 12288, 11777, 339
2026/09/10 12:18:25.893, 0, 12288, 11777, 339
2026/09/10 12:18:26.101, 0, 12288, 11777, 339
2026/09/10 12:18:26.309, 0, 12288, 11777, 339
2026/09/10 12:18:26.517, 0, 12288, 11777, 339
2026/09/10 12:18:26.724, 0, 12288, 11777, 339
2026/09/10 12:18:26.931, 0, 12288, 11777, 339
2026/09/10 12:18:27.139, 0, 12288, 11777, 339
2026/09/10 12:18:27.347, 0, 12288, 11777, 339
2026/09/10 12:18:27.555, 0, 12288, 11777, 339
2026/09/10 12:18:27.761, 0, 12288, 11777, 339
2026/09/10 12:18:27.969, 0, 12288, 11777, 339
2026/09/10 12:18:28.177, 0, 12288, 11777, 339
2026/09/10 12:18:28.384, 0, 12288, 11777, 339
2026/09/10 12:18:28.591, 0, 12288, 11777, 339
2026/09/10 12:18:28.798, 0, 12288, 11777, 339
2026/09/10 12:18:29.006, 0, 12288, 11777, 339
2026/09/10 12:18:29.213, 0, 12288, 11777, 339
2026/09/10 12:18:29.421, 0, 12288, 11777, 339
2026/09/10 12:18:29.629, 0, 12288, 11777, 339
2026/09/10 12:18:29.837, 0, 12288, 11777, 339
2026/09/10 12:18:30.044, 0, 12288, 11777, 339
2026/09/10 12:18:30.252, 0, 12288, 11777, 339
2026/09/10 12:18:30.457, 0, 12288, 11777, 339
2026/09/10 12:18:30.665, 0, 12288, 11777, 339
2026/09/10 12:18:30.873, 0, 12288, 11777, 339
2026/09/10 12:18:31.078, 0, 12288, 11777, 339
2026/09/10 12:18:31.284, 0, 12288, 11777, 339
2026/09/10 12:18:31.492, 0, 12288, 11777, 339
2026/09/10 12:18:31.697, 0, 12288, 11777, 339
2026/09/10 12:18:31.904, 0, 12288, 11777, 339
2026/09/10 12:18:32.112, 0, 12288, 11777, 339
2026/09/10 12:18:32.320, 0, 12288, 11777, 339
2026/09/10 12:18:32.525, 0, 12288, 11777, 339
2026/09/10 12:18:32.732, 0, 12288, 11777, 339
2026/09/10 12:18:32.940, 0, 12288, 11777, 339
2026/09/10 12:18:33.147, 0, 12288, 11777, 339
2026/09/10 12:18:33.354, 0, 12288, 11777, 339
2026/09/10 12:18:33.562, 0, 12288, 11777, 339
2026/09/10 12:18:33.770, 0, 12288, 11777, 339
2026/09/10 12:18:33.976, 0, 12288, 11777, 339
2026/09/10 12:18:34.184, 0, 12288, 11777, 339
2026/09/10 12:18:34.391, 0, 12288, 11777, 339
2026/09/10 12:18:34.598, 0, 12288, 11777, 339
2026/09/10 12:18:34.805, 0, 12288, 11777, 339
2026/09/10 12:18:35.013, 0, 12288, 11777, 339
2026/09/10 12:18:35.218, 0, 12288, 11777, 339
2026/09/10 12:18:35.427, 0, 12288, 11777, 339
2026/09/10 12:18:35.634, 0, 12288, 11777, 339
2026/09/10 12:18:35.842, 0, 12288, 11777, 339
2026/09/10 12:18:36.047, 0, 12288, 11777, 339
2026/09/10 12:18:36.254, 0, 12288, 11777, 339
2026/09/10 12:18:36.462, 0, 12288, 11777, 339
2026/09/10 12:18:36.669, 0, 12288, 11777, 339
2026/09/10 12:18:36.877, 0, 12288, 11777, 339
2026/09/10 12:18:37.085, 0, 12288, 11777, 339
2026/09/10 12:18:37.292, 0, 12288, 11777, 339
2026/09/10 12:18:37.500, 0, 12288, 11777, 339
2026/09/10 12:18:37.708, 0, 12288, 11777, 339
2026/09/10 12:18:37.916, 0, 12288, 11777, 339
2026/09/10 12:18:38.124, 0, 12288, 11777, 339
2026/09/10 12:18:38.332, 0, 12288, 11777, 339
2026/09/10 12:18:38.540, 0, 12288, 11777, 339
2026/09/10 12:18:38.747, 0, 12288, 11777, 339
2026/09/10 12:18:38.953, 0, 12288, 11777, 339
2026/09/10 12:18:39.161, 0, 12288, 11777, 339
2026/09/10 12:18:39.368, 0, 12288, 11777, 339
2026/09/10 12:18:39.574, 0, 12288, 11777, 339
2026/09/10 12:18:39.782, 0, 12288, 11777, 339
2026/09/10 12:18:39.989, 0, 12288, 11777, 339
2026/09/10 12:18:40.196, 0, 12288, 11777, 339
2026/09/10 12:18:40.403, 0, 12288, 11777, 339
2026/09/10 12:18:40.611, 0, 12288, 11777, 339
2026/09/10 12:18:40.819, 0, 12288, 11777, 339
2026/09/10 12:18:41.026, 0, 12288, 11777, 339
2026/09/10 12:18:41.233, 0, 12288, 11777, 339
2026/09/10 12:18:41.440, 0, 12288, 11777, 339
2026/09/10 12:18:41.643, 0, 12288, 11777, 339
2026/09/10 12:18:41.849, 0, 12288, 11777, 339
2026/09/10 12:18:42.055, 0, 12288, 11777, 339
2026/09/10 12:18:42.262, 0, 12288, 11777, 339
2026/09/10 12:18:42.470, 0, 12288, 11777, 339
2026/09/10 12:18:42.678, 0, 12288, 11777, 339
2026/09/10 12:18:42.885, 0, 12288, 11777, 339
2026/09/10 12:18:43.093, 0, 12288, 11777, 339
2026/09/10 12:18:43.301, 0, 12288, 11777, 339
2026/09/10 12:18:43.508, 0, 12288, 11777, 339
2026/09/10 12:18:43.716, 0, 12288, 11777, 339
2026/09/10 12:18:43.922, 0, 12288, 11777, 339
2026/09/10 12:18:44.130, 0, 12288, 11777, 339
2026/09/10 12:18:44.337, 0, 12288, 11777, 339
2026/09/10 12:18:44.545, 0, 12288, 11777, 339
2026/09/10 12:18:44.752, 0, 12288, 11777, 339
2026/09/10 12:18:44.959, 0, 12288, 11777, 339
2026/09/10 12:18:45.167, 0, 12288, 11777, 339
2026/09/10 12:18:45.375, 0, 12288, 11777, 339
2026/09/10 12:18:45.582, 0, 12288, 11777, 339
2026/09/10 12:18:45.788, 0, 12288, 11777, 339
2026/09/10 12:18:45.995, 0, 12288, 11777, 339
2026/09/10 12:18:46.203, 0, 12288, 11777, 339
2026/09/10 12:18:46.410, 0, 12288, 11777, 339
2026/09/10 12:18:46.617, 0, 12288, 11777, 339
2026/09/10 12:18:46.825, 0, 12288, 11777, 339
2026/09/10 12:18:47.033, 0, 12288, 11777, 339
2026/09/10 12:18:47.239, 0, 12288, 11777, 339
2026/09/10 12:18:47.446, 0, 12288, 11777, 339
2026/09/10 12:18:47.653, 0, 12288, 11777, 339
2026/09/10 12:18:47.860, 0, 12288, 11777, 339
2026/09/10 12:18:48.068, 0, 12288, 11777, 339
2026/09/10 12:18:48.275, 0, 12288, 11777, 339
2026/09/10 12:18:48.483, 0, 12288, 11777, 339
2026/09/10 12:18:48.691, 0, 12288, 11777, 339
2026/09/10 12:18:48.898, 0, 12288, 11777, 339
2026/09/10 12:18:49.106, 0, 12288, 11777, 339
2026/09/10 12:18:49.314, 0, 12288, 11777, 339
2026/09/10 12:18:49.522, 0, 12288, 11777, 339
2026/09/10 12:18:49.729, 0, 12288, 11777, 339
2026/09/10 12:18:49.936, 0, 12288, 11777, 339
2026/09/10 12:18:50.143, 0, 12288, 11777, 339
2026/09/10 12:18:50.351, 0, 12288, 11777, 339
2026/09/10 12:18:50.557, 0, 12288, 11777, 339
2026/09/10 12:18:50.765, 0, 12288, 11777, 339
2026/09/10 12:18:50.972, 0, 12288, 11777, 339
2026/09/10 12:18:51.180, 0, 12288, 11777, 339
2026/09/10 12:18:51.387, 0, 12288, 11777, 339
2026/09/10 12:18:51.594, 0, 12288, 11777, 339
2026/09/10 12:18:51.802, 0, 12288, 11777, 339
2026/09/10 12:18:52.010, 0, 12288, 11777, 339
2026/09/10 12:18:52.218, 0, 12288, 11777, 339
2026/09/10 12:18:52.425, 0, 12288, 11777, 339
2026/09/10 12:18:52.632, 0, 12288, 11777, 339
2026/09/10 12:18:52.837, 0, 12288, 11777, 339
2026/09/10 12:18:53.043, 0, 12288, 11777, 339
2026/09/10 12:18:53.250, 0, 12288, 11777, 339
2026/09/10 12:18:53.458, 0, 12288, 11777, 339
2026/09/10 12:18:53.665, 0, 12288, 11777, 339
2026/09/10 12:18:53.873, 0, 12288, 11777, 339
2026/09/10 12:18:54.079, 0, 12288, 11777, 339
2026/09/10 12:18:54.287, 0, 12288, 11777, 339
2026/09/10 12:18:54.493, 0, 12288, 11777, 339
2026/09/10 12:18:54.701, 0, 12288, 11777, 339
2026/09/10 12:18:54.908, 0, 12288, 11777, 339
2026/09/10 12:18:55.116, 0, 12288, 11777, 339
2026/09/10 12:18:55.323, 0, 12288, 11777, 339
2026/09/10 12:18:55.531, 0, 12288, 11777, 339
2026/09/10 12:18:55.754, 0, 12288, 11777, 339
2026/09/10 12:18:55.961, 0, 12288, 11777, 339
2026/09/10 12:18:56.169, 0, 12288, 11777, 339
2026/09/10 12:18:56.376, 0, 12288, 11777, 339
2026/09/10 12:18:56.584, 0, 12288, 11777, 339
2026/09/10 12:18:56.790, 0, 12288, 11777, 339
2026/09/10 12:18:56.997, 0, 12288, 11777, 339
2026/09/10 12:18:57.205, 0, 12288, 11777, 339
2026/09/10 12:18:57.413, 0, 12288, 11777, 339
2026/09/10 12:18:57.619, 0, 12288, 11777, 339
2026/09/10 12:18:57.827, 0, 12288, 11777, 339
2026/09/10 12:18:58.033, 0, 12288, 11777, 339
2026/09/10 12:18:58.241, 0, 12288, 11777, 339
2026/09/10 12:18:58.446, 0, 12288, 11777, 339
2026/09/10 12:18:58.653, 0, 12288, 11777, 339
2026/09/10 12:18:58.860, 0, 12288, 11777, 339
2026/09/10 12:18:59.068, 0, 12288, 11777, 339
2026/09/10 12:18:59.276, 0, 12288, 11777, 339
2026/09/10 12:18:59.484, 0, 12288, 11777, 339
2026/09/10 12:18:59.691, 0, 12288, 11777, 339
2026/09/10 12:18:59.899, 0, 12288, 11777, 339
2026/09/10 12:19:00.106, 0, 12288, 11777, 339
2026/09/10 12:19:00.313, 0, 12288, 11777, 339
2026/09/10 12:19:00.521, 0, 12288, 11777, 339
2026/09/10 12:19:00.727, 0, 12288, 11777, 339
2026/09/10 12:19:00.934, 0, 12288, 11777, 339
2026/09/10 12:19:01.141, 0, 12288, 11777, 339
2026/09/10 12:19:01.349, 0, 12288, 11777, 339
2026/09/10 12:19:01.557, 0, 12288, 11777, 339
2026/09/10 12:19:01.764, 0, 12288, 11777, 339
2026/09/10 12:19:01.972, 0, 12288, 11777, 339
2026/09/10 12:19:02.180, 0, 12288, 11777, 339
2026/09/10 12:19:02.387, 0, 12288, 11777, 339
2026/09/10 12:19:02.595, 0, 12288, 11777, 339
2026/09/10 12:19:02.803, 0, 12288, 11777, 339
2026/09/10 12:19:03.011, 0, 12288, 11777, 339
2026/09/10 12:19:03.217, 0, 12288, 11777, 339
2026/09/10 12:19:03.425, 0, 12288, 11777, 339
2026/09/10 12:19:03.633, 0, 12288, 11777, 339
2026/09/10 12:19:03.839, 0, 12288, 11777, 339
2026/09/10 12:19:04.044, 0, 12288, 11777, 339
2026/09/10 12:19:04.251, 0, 12288, 11777, 339
2026/09/10 12:19:04.459, 0, 12288, 11777, 339
2026/09/10 12:19:04.666, 0, 12288, 11777, 339
2026/09/10 12:19:04.874, 0, 12288, 11777, 339
2026/09/10 12:19:05.082, 0, 12288, 11777, 339
2026/09/10 12:19:05.289, 0, 12288, 11777, 339
2026/09/10 12:19:05.496, 0, 12288, 11777, 339
2026/09/10 12:19:05.704, 0, 12288, 11777, 339
2026/09/10 12:19:05.912, 0, 12288, 11777, 339
2026/09/10 12:19:06.120, 0, 12288, 11777, 339
2026/09/10 12:19:06.328, 0, 12288, 11777, 339
2026/09/10 12:19:06.534, 0, 12288, 11777, 339
2026/09/10 12:19:06.741, 0, 12288, 11777, 339
2026/09/10 12:19:06.949, 0, 12288, 11777, 339
2026/09/10 12:19:07.157, 0, 12288, 11777, 339
2026/09/10 12:19:07.365, 0, 12288, 11777, 339
2026/09/10 12:19:07.573, 0, 12288, 11777, 339
2026/09/10 12:19:07.781, 0, 12288, 11777, 339
2026/09/10 12:19:07.988, 0, 12288, 11777, 339
2026/09/10 12:19:08.196, 0, 12288, 11777, 339
2026/09/10 12:19:08.404, 0, 12288, 11777, 339
2026/09/10 12:19:08.612, 0, 12288, 11777, 339
2026/09/10 12:19:08.820, 0, 12288, 11777, 339
2026/09/10 12:19:09.028, 0, 12288, 11777, 339
2026/09/10 12:19:09.234, 0, 12288, 11777, 339
2026/09/10 12:19:09.442, 0, 12288, 11777, 339
2026/09/10 12:19:09.648, 0, 12288, 11777, 339
2026/09/10 12:19:09.856, 0, 12288, 11777, 339
2026/09/10 12:19:10.064, 0, 12288, 11777, 339
2026/09/10 12:19:10.272, 0, 12288, 11777, 339
2026/09/10 12:19:10.478, 0, 12288, 11777, 339
2026/09/10 12:19:10.686, 0, 12288, 11777, 339
2026/09/10 12:19:10.892, 0, 12288, 11777, 339
2026/09/10 12:19:11.099, 0, 12288, 11777, 339
2026/09/10 12:19:11.307, 0, 12288, 11777, 339
2026/09/10 12:19:11.514, 0, 12288, 11777, 339
2026/09/10 12:19:11.722, 0, 12288, 11777, 339
2026/09/10 12:19:11.929, 0, 12288, 11777, 339
2026/09/10 12:19:12.136, 0, 12288, 11777, 339
2026/09/10 12:19:12.344, 0, 12288, 11777, 339
2026/09/10 12:19:12.550, 0, 12288, 11777, 339
2026/09/10 12:19:12.757, 0, 12288, 11777, 339
2026/09/10 12:19:12.965, 0, 12288, 11777, 339
2026/09/10 12:19:13.172, 0, 12288, 11777, 339
2026/09/10 12:19:13.379, 0, 12288, 11777, 339
2026/09/10 12:19:13.587, 0, 12288, 11777, 339
2026/09/10 12:19:13.793, 0, 12288, 11777, 339
2026/09/10 12:19:14.000, 0, 12288, 11777, 339
2026/09/10 12:19:14.208, 0, 12288, 11777, 339
2026/09/10 12:19:14.416, 0, 12288, 11777, 339
2026/09/10 12:19:14.623, 0, 12288, 11777, 339
2026/09/10 12:19:14.831, 0, 12288, 11777, 339
2026/09/10 12:19:15.039, 0, 12288, 11777, 339
2026/09/10 12:19:15.244, 0, 12288, 11777, 339
2026/09/10 12:19:15.452, 0, 12288, 11777, 339
2026/09/10 12:19:15.660, 0, 12288, 11777, 339
2026/09/10 12:19:15.868, 0, 12288, 11777, 339
2026/09/10 12:19:16.074, 0, 12288, 11777, 339
2026/09/10 12:19:16.282, 0, 12288, 11777, 339
2026/09/10 12:19:16.489, 0, 12288, 11777, 339
2026/09/10 12:19:16.696, 0, 12288, 11777, 339
2026/09/10 12:19:16.904, 0, 12288, 11777, 339
2026/09/10 12:19:17.111, 0, 12288, 11777, 339
2026/09/10 12:19:17.319, 0, 12288, 11777, 339
2026/09/10 12:19:17.526, 0, 12288, 11777, 339
2026/09/10 12:19:17.733, 0, 12288, 11777, 339
2026/09/10 12:19:17.940, 0, 12288, 11777, 339
2026/09/10 12:19:18.147, 0, 12288, 11777, 339
2026/09/10 12:19:18.355, 0, 12288, 11777, 339
2026/09/10 12:19:18.563, 0, 12288, 11777, 339
2026/09/10 12:19:18.770, 0, 12288, 11777, 339
2026/09/10 12:19:18.978, 0, 12288, 11777, 339
2026/09/10 12:19:19.186, 0, 12288, 11777, 339
2026/09/10 12:19:19.394, 0, 12288, 11777, 339
2026/09/10 12:19:19.602, 0, 12288, 11777, 339
2026/09/10 12:19:19.808, 0, 12288, 11777, 339
2026/09/10 12:19:20.016, 0, 12288, 11777, 339
2026/09/10 12:19:20.223, 0, 12288, 11777, 339
2026/09/10 12:19:20.429, 0, 12288, 11777, 339
2026/09/10 12:19:20.636, 0, 12288, 11777, 339
2026/09/10 12:19:20.839, 0, 12288, 11777, 339
2026/09/10 12:19:21.047, 0, 12288, 11777, 339
2026/09/10 12:19:21.255, 0, 12288, 11777, 339
2026/09/10 12:19:21.461, 0, 12288, 11777, 339
2026/09/10 12:19:21.669, 0, 12288, 11777, 339
2026/09/10 12:19:21.877, 0, 12288, 11777, 339
2026/09/10 12:19:22.085, 0, 12288, 11777, 339
2026/09/10 12:19:22.292, 0, 12288, 11777, 339
2026/09/10 12:19:22.499, 0, 12288, 11777, 339
2026/09/10 12:19:22.707, 0, 12288, 11777, 339
2026/09/10 12:19:22.912, 0, 12288, 11777, 339
2026/09/10 12:19:23.117, 0, 12288, 11777, 339
2026/09/10 12:19:23.322, 0, 12288, 11777, 339
2026/09/10 12:19:23.526, 0, 12288, 11777, 339
2026/09/10 12:19:23.733, 0, 12288, 11777, 339
2026/09/10 12:19:23.939, 0, 12288, 11777, 339
2026/09/10 12:19:24.143, 0, 12288, 11777, 339
2026/09/10 12:19:24.350, 0, 12288, 11777, 339
2026/09/10 12:19:24.557, 0, 12288, 11777, 339
2026/09/10 12:19:24.764, 0, 12288, 11777, 339
2026/09/10 12:19:24.970, 0, 12288, 11777, 339
2026/09/10 12:19:25.174, 0, 12288, 11777, 339
2026/09/10 12:19:25.381, 0, 12288, 11777, 339
2026/09/10 12:19:25.587, 0, 12288, 11777, 339
2026/09/10 12:19:25.793, 0, 12288, 11777, 339
2026/09/10 12:19:26.000, 0, 12288, 11777, 339
2026/09/10 12:19:26.203, 0, 12288, 11777, 339
2026/09/10 12:19:26.409, 0, 12288, 11777, 339
2026/09/10 12:19:26.616, 0, 12288, 11777, 339
2026/09/10 12:19:26.821, 0, 12288, 11777, 339
2026/09/10 12:19:27.026, 0, 12288, 11777, 339
2026/09/10 12:19:27.230, 0, 12288, 11777, 339
2026/09/10 12:19:27.438, 0, 12288, 11777, 339
2026/09/10 12:19:27.644, 0, 12288, 11777, 339
2026/09/10 12:19:27.848, 0, 12288, 11777, 339
2026/09/10 12:19:28.056, 0, 12288, 11777, 339
2026/09/10 12:19:28.258, 0, 12288, 11777, 339
2026/09/10 12:19:28.466, 0, 12288, 11777, 339
2026/09/10 12:19:28.673, 0, 12288, 11777, 339
2026/09/10 12:19:28.877, 0, 12288, 11777, 339
2026/09/10 12:19:29.085, 0, 12288, 11777, 339
2026/09/10 12:19:29.289, 0, 12288, 11777, 339
2026/09/10 12:19:29.494, 0, 12288, 11777, 339
2026/09/10 12:19:29.700, 0, 12288, 11777, 339
2026/09/10 12:19:29.907, 0, 12288, 11777, 339
2026/09/10 12:19:30.113, 0, 12288, 11777, 339
2026/09/10 12:19:30.321, 0, 12288, 11777, 339
2026/09/10 12:19:30.529, 0, 12288, 11777, 339
2026/09/10 12:19:30.737, 0, 12288, 11777, 339
2026/09/10 12:19:30.945, 0, 12288, 11777, 339
2026/09/10 12:19:31.152, 0, 12288, 11777, 339
2026/09/10 12:19:31.360, 0, 12288, 11777, 339
2026/09/10 12:19:31.567, 0, 12288, 11777, 339
2026/09/10 12:19:31.775, 0, 12288, 11777, 339
2026/09/10 12:19:31.980, 0, 12288, 11777, 339
2026/09/10 12:19:32.188, 0, 12288, 11777, 339
2026/09/10 12:19:32.395, 0, 12288, 11777, 339
2026/09/10 12:19:32.603, 0, 12288, 11777, 339
2026/09/10 12:19:32.811, 0, 12288, 11777, 339
2026/09/10 12:19:33.018, 0, 12288, 11777, 339
2026/09/10 12:19:33.226, 0, 12288, 11777, 339
2026/09/10 12:19:33.434, 0, 12288, 11777, 339
2026/09/10 12:19:33.642, 0, 12288, 11777, 339
2026/09/10 12:19:33.850, 0, 12288, 11777, 339
2026/09/10 12:19:34.055, 0, 12288, 11777, 339
2026/09/10 12:19:34.262, 0, 12288, 11777, 339
2026/09/10 12:19:34.469, 0, 12288, 11777, 339
2026/09/10 12:19:34.677, 0, 12288, 11777, 339
2026/09/10 12:19:34.884, 0, 12288, 11777, 339
2026/09/10 12:19:35.091, 0, 12288, 11777, 339
2026/09/10 12:19:35.299, 0, 12288, 11777, 339
2026/09/10 12:19:35.507, 0, 12288, 11777, 339
2026/09/10 12:19:35.715, 0, 12288, 11777, 339
2026/09/10 12:19:35.923, 0, 12288, 11777, 339
2026/09/10 12:19:36.131, 0, 12288, 11777, 339
2026/09/10 12:19:36.339, 0, 12288, 11777, 339
2026/09/10 12:19:36.546, 0, 12288, 11777, 339
2026/09/10 12:19:36.754, 0, 12288, 11777, 339
2026/09/10 12:19:36.962, 0, 12288, 11777, 339
2026/09/10 12:19:37.170, 0, 12288, 11777, 339
2026/09/10 12:19:37.378, 0, 12288, 11777, 339
2026/09/10 12:19:37.585, 0, 12288, 11777, 339
2026/09/10 12:19:37.793, 0, 12288, 11777, 339
2026/09/10 12:19:38.000, 0, 12288, 11777, 339
2026/09/10 12:19:38.207, 0, 12288, 11777, 339
2026/09/10 12:19:38.414, 0, 12288, 11777, 339
2026/09/10 12:19:38.622, 0, 12288, 11777, 339
2026/09/10 12:19:38.830, 0, 12288, 11777, 339
2026/09/10 12:19:39.037, 0, 12288, 11777, 339
2026/09/10 12:19:39.243, 0, 12288, 11777, 339
2026/09/10 12:19:39.450, 0, 12288, 11777, 339
2026/09/10 12:19:39.658, 0, 12288, 11777, 339
2026/09/10 12:19:39.866, 0, 12288, 11777, 339
2026/09/10 12:19:40.073, 0, 12288, 11777, 339
2026/09/10 12:19:40.279, 0, 12288, 11777, 339
2026/09/10 12:19:40.486, 0, 12288, 11777, 339
2026/09/10 12:19:40.693, 0, 12288, 11777, 339
2026/09/10 12:19:40.900, 0, 12288, 11777, 339
2026/09/10 12:19:41.108, 0, 12288, 11777, 339
2026/09/10 12:19:41.316, 0, 12288, 11777, 339
2026/09/10 12:19:41.524, 0, 12288, 11777, 339
2026/09/10 12:19:41.732, 0, 12288, 11777, 339
2026/09/10 12:19:41.939, 0, 12288, 11777, 339
2026/09/10 12:19:42.146, 0, 12288, 11777, 339
2026/09/10 12:19:42.354, 0, 12288, 11777, 339
2026/09/10 12:19:42.558, 0, 12288, 11777, 339
2026/09/10 12:19:42.766, 0, 12288, 11777, 339
2026/09/10 12:19:42.971, 0, 12288, 11777, 339
2026/09/10 12:19:43.174, 0, 12288, 11777, 339
2026/09/10 12:19:43.381, 0, 12288, 11777, 339
2026/09/10 12:19:43.588, 0, 12288, 11777, 339
2026/09/10 12:19:43.796, 0, 12288, 11777, 339
2026/09/10 12:19:44.003, 0, 12288, 11777, 339
2026/09/10 12:19:44.210, 0, 12288, 11777, 339
2026/09/10 12:19:44.418, 0, 12288, 11777, 339
2026/09/10 12:19:44.626, 0, 12288, 11777, 339
2026/09/10 12:19:44.833, 0, 12288, 11777, 339
2026/09/10 12:19:45.039, 0, 12288, 11777, 339
2026/09/10 12:19:45.246, 0, 12288, 11777, 339
2026/09/10 12:19:45.454, 0, 12288, 11777, 339
2026/09/10 12:19:45.661, 0, 12288, 11777, 339
2026/09/10 12:19:45.869, 0, 12288, 11777, 339
2026/09/10 12:19:46.076, 0, 12288, 11777, 339
2026/09/10 12:19:46.284, 0, 12288, 11777, 339
2026/09/10 12:19:46.492, 0, 12288, 11777, 339
2026/09/10 12:19:46.699, 0, 12288, 11777, 339
2026/09/10 12:19:46.906, 0, 12288, 11777, 339
2026/09/10 12:19:47.114, 0, 12288, 11777, 339
2026/09/10 12:19:47.322, 0, 12288, 11777, 339
2026/09/10 12:19:47.545, 0, 12288, 11777, 339
2026/09/10 12:19:47.751, 0, 12288, 11777, 339
2026/09/10 12:19:47.958, 0, 12288, 11777, 339
2026/09/10 12:19:48.165, 0, 12288, 11777, 339
2026/09/10 12:19:48.373, 0, 12288, 11777, 339
2026/09/10 12:19:48.581, 0, 12288, 11777, 339
2026/09/10 12:19:48.787, 0, 12288, 11777, 339
2026/09/10 12:19:48.992, 0, 12288, 11777, 339
2026/09/10 12:19:49.200, 0, 12288, 11777, 339
2026/09/10 12:19:49.408, 0, 12288, 11777, 339
2026/09/10 12:19:49.616, 0, 12288, 11777, 339
2026/09/10 12:19:49.824, 0, 12288, 11777, 339
2026/09/10 12:19:50.032, 0, 12288, 11777, 339
2026/09/10 12:19:50.239, 0, 12288, 11777, 339
2026/09/10 12:19:50.444, 0, 12288, 11777, 339
2026/09/10 12:19:50.652, 0, 12288, 11777, 339
2026/09/10 12:19:50.859, 0, 12288, 11777, 339
2026/09/10 12:19:51.067, 0, 12288, 11777, 339
2026/09/10 12:19:51.274, 0, 12288, 11777, 339
2026/09/10 12:19:51.481, 0, 12288, 11777, 339
2026/09/10 12:19:51.689, 0, 12288, 11777, 339
2026/09/10 12:19:51.897, 0, 12288, 11777, 339
2026/09/10 12:19:52.102, 0, 12288, 11777, 339
2026/09/10 12:19:52.309, 0, 12288, 11777, 339
2026/09/10 12:19:52.516, 0, 12288, 11777, 339
2026/09/10 12:19:52.724, 0, 12288, 11777, 339
2026/09/10 12:19:52.932, 0, 12288, 11777, 339
2026/09/10 12:19:53.140, 0, 12288, 11777, 339
2026/09/10 12:19:53.347, 0, 12288, 11777, 339
2026/09/10 12:19:53.554, 0, 12288, 11777, 339
2026/09/10 12:19:53.761, 0, 12288, 11777, 339
2026/09/10 12:19:53.969, 0, 12288, 11777, 339
2026/09/10 12:19:54.176, 0, 12288, 11777, 339
2026/09/10 12:19:54.382, 0, 12288, 11777, 339
2026/09/10 12:19:54.590, 0, 12288, 11777, 339
2026/09/10 12:19:54.798, 0, 12288, 11777, 339
2026/09/10 12:19:55.006, 0, 12288, 11777, 339
2026/09/10 12:19:55.213, 0, 12288, 11777, 339
2026/09/10 12:19:55.421, 0, 12288, 11777, 339
2026/09/10 12:19:55.629, 0, 12288, 11777, 339
2026/09/10 12:19:55.836, 0, 12288, 11777, 339
2026/09/10 12:19:56.044, 0, 12288, 11777, 339
2026/09/10 12:19:56.250, 0, 12288, 11777, 339
2026/09/10 12:19:56.458, 0, 12288, 11777, 339
2026/09/10 12:19:56.665, 0, 12288, 11777, 339
2026/09/10 12:19:56.873, 0, 12288, 11777, 339
2026/09/10 12:19:57.096, 0, 12288, 11777, 339
2026/09/10 12:19:57.304, 0, 12288, 11777, 339
2026/09/10 12:19:57.512, 0, 12288, 11777, 339
2026/09/10 12:19:57.720, 0, 12288, 11777, 339
2026/09/10 12:19:57.928, 0, 12288, 11777, 339
2026/09/10 12:19:58.135, 0, 12288, 11777, 339
2026/09/10 12:19:58.341, 0, 12288, 11777, 339
2026/09/10 12:19:58.549, 0, 12288, 11777, 339
2026/09/10 12:19:58.757, 0, 12288, 11777, 339
2026/09/10 12:19:58.965, 0, 12288, 11777, 339
2026/09/10 12:19:59.173, 0, 12288, 11777, 339
2026/09/10 12:19:59.381, 0, 12288, 11777, 339
2026/09/10 12:19:59.589, 0, 12288, 11777, 339
2026/09/10 12:19:59.810, 0, 12288, 11777, 339
2026/09/10 12:20:00.014, 0, 12288, 11777, 339
2026/09/10 12:20:00.221, 0, 12288, 11777, 339
2026/09/10 12:20:00.428, 0, 12288, 11777, 339
2026/09/10 12:20:00.635, 0, 12288, 11777, 339
2026/09/10 12:20:00.843, 0, 12288, 11777, 339
2026/09/10 12:20:01.050, 0, 12288, 11777, 339
2026/09/10 12:20:01.256, 0, 12288, 11777, 339
2026/09/10 12:20:01.463, 0, 12288, 11777, 339
2026/09/10 12:20:01.671, 0, 12288, 11777, 339
2026/09/10 12:20:01.879, 0, 12288, 11777, 339
2026/09/10 12:20:02.087, 0, 12288, 11777, 339
2026/09/10 12:20:02.294, 0, 12288, 11777, 339
2026/09/10 12:20:02.502, 0, 12288, 11777, 339
2026/09/10 12:20:02.709, 0, 12288, 11777, 339
2026/09/10 12:20:02.917, 0, 12288, 11777, 339
2026/09/10 12:20:03.124, 0, 12288, 11777, 339
2026/09/10 12:20:03.332, 0, 12288, 11777, 339
2026/09/10 12:20:03.539, 0, 12288, 11777, 339
2026/09/10 12:20:03.745, 0, 12288, 11777, 339
2026/09/10 12:20:03.951, 0, 12288, 11777, 339
2026/09/10 12:20:04.159, 0, 12288, 11777, 339
2026/09/10 12:20:04.367, 0, 12288, 11777, 339
2026/09/10 12:20:04.575, 0, 12288, 11777, 339
2026/09/10 12:20:04.783, 0, 12288, 11777, 339
2026/09/10 12:20:04.991, 0, 12288, 11777, 339
2026/09/10 12:20:05.199, 0, 12288, 11777, 339
2026/09/10 12:20:05.405, 0, 12288, 11777, 339
2026/09/10 12:20:05.610, 0, 12288, 11777, 339
2026/09/10 12:20:05.818, 0, 12288, 11777, 339
2026/09/10 12:20:06.025, 0, 12288, 11777, 339
2026/09/10 12:20:06.233, 0, 12288, 11777, 339
2026/09/10 12:20:06.440, 0, 12288, 11777, 339
2026/09/10 12:20:06.647, 0, 12288, 11777, 339
2026/09/10 12:20:06.855, 0, 12288, 11777, 339
2026/09/10 12:20:07.063, 0, 12288, 11777, 339
2026/09/10 12:20:07.271, 0, 12288, 11777, 339
2026/09/10 12:20:07.478, 0, 12288, 11777, 339
2026/09/10 12:20:07.685, 0, 12288, 11777, 339
2026/09/10 12:20:07.892, 0, 12288, 11777, 339
2026/09/10 12:20:08.100, 0, 12288, 11777, 339
2026/09/10 12:20:08.306, 0, 12288, 11777, 339
2026/09/10 12:20:08.514, 0, 12288, 11777, 339
2026/09/10 12:20:08.722, 0, 12288, 11777, 339
2026/09/10 12:20:08.930, 0, 12288, 11777, 339
2026/09/10 12:20:09.138, 0, 12288, 11777, 339
2026/09/10 12:20:09.345, 0, 12288, 11777, 339
2026/09/10 12:20:09.553, 0, 12288, 11777, 339
2026/09/10 12:20:09.761, 0, 12288, 11777, 339
2026/09/10 12:20:09.968, 0, 12288, 11777, 339
2026/09/10 12:20:10.176, 0, 12288, 11777, 339
2026/09/10 12:20:10.384, 0, 12288, 11777, 339
2026/09/10 12:20:10.592, 0, 12288, 11777, 339
2026/09/10 12:20:10.799, 0, 12288, 11777, 339
2026/09/10 12:20:11.006, 0, 12288, 11777, 339
2026/09/10 12:20:11.212, 0, 12288, 11777, 339
2026/09/10 12:20:11.420, 0, 12288, 11777, 339
2026/09/10 12:20:11.628, 0, 12288, 11777, 339
2026/09/10 12:20:11.836, 0, 12288, 11777, 339
2026/09/10 12:20:12.043, 0, 12288, 11777, 339
2026/09/10 12:20:12.249, 0, 12288, 11777, 339
2026/09/10 12:20:12.457, 0, 12288, 11777, 339
2026/09/10 12:20:12.665, 0, 12288, 11777, 339
2026/09/10 12:20:12.872, 0, 12288, 11777, 339
2026/09/10 12:20:13.080, 0, 12288, 11777, 339
2026/09/10 12:20:13.287, 0, 12288, 11777, 339
2026/09/10 12:20:13.494, 0, 12288, 11777, 339
2026/09/10 12:20:13.700, 0, 12288, 11777, 339
2026/09/10 12:20:13.907, 0, 12288, 11777, 339
2026/09/10 12:20:14.115, 0, 12288, 11777, 339
2026/09/10 12:20:14.322, 0, 12288, 11777, 339
2026/09/10 12:20:14.530, 0, 12288, 11777, 339
2026/09/10 12:20:14.737, 0, 12288, 11777, 339
2026/09/10 12:20:14.945, 0, 12288, 11777, 339
2026/09/10 12:20:15.153, 0, 12288, 11777, 339
2026/09/10 12:20:15.361, 0, 12288, 11777, 339
2026/09/10 12:20:15.569, 0, 12288, 11777, 339
2026/09/10 12:20:15.776, 0, 12288, 11777, 339
2026/09/10 12:20:15.984, 0, 12288, 11777, 339
2026/09/10 12:20:16.190, 0, 12288, 11777, 339
2026/09/10 12:20:16.396, 0, 12288, 11777, 339
2026/09/10 12:20:16.602, 0, 12288, 11777, 339
2026/09/10 12:20:16.807, 0, 12288, 11777, 339
2026/09/10 12:20:17.015, 0, 12288, 11777, 339
2026/09/10 12:20:17.222, 0, 12288, 11777, 339
2026/09/10 12:20:17.426, 0, 12288, 11777, 339
2026/09/10 12:20:17.634, 0, 12288, 11777, 339
2026/09/10 12:20:17.842, 0, 12288, 11777, 339
2026/09/10 12:20:18.049, 0, 12288, 11777, 339
2026/09/10 12:20:18.257, 0, 12288, 11777, 339
2026/09/10 12:20:18.465, 0, 12288, 11777, 339
2026/09/10 12:20:18.673, 0, 12288, 11777, 339
2026/09/10 12:20:18.897, 0, 12288, 11777, 339
2026/09/10 12:20:19.104, 0, 12288, 11777, 339
2026/09/10 12:20:19.312, 0, 12288, 11777, 339
2026/09/10 12:20:19.519, 0, 12288, 11777, 339
2026/09/10 12:20:19.726, 0, 12288, 11777, 339
2026/09/10 12:20:19.934, 0, 12288, 11777, 339
2026/09/10 12:20:20.141, 0, 12288, 11777, 339
2026/09/10 12:20:20.349, 0, 12288, 11777, 339
2026/09/10 12:20:20.556, 0, 12288, 11777, 339
2026/09/10 12:20:20.764, 0, 12288, 11777, 339
2026/09/10 12:20:20.972, 0, 12288, 11777, 339
2026/09/10 12:20:21.180, 0, 12288, 11777, 339
2026/09/10 12:20:21.388, 0, 12288, 11777, 339
2026/09/10 12:20:21.595, 0, 12288, 11777, 339
2026/09/10 12:20:21.803, 0, 12288, 11777, 339
2026/09/10 12:20:22.009, 0, 12288, 11777, 339
2026/09/10 12:20:22.217, 0, 12288, 11777, 339
2026/09/10 12:20:22.423, 0, 12288, 11777, 339
2026/09/10 12:20:22.630, 0, 12288, 11777, 339
2026/09/10 12:20:22.838, 0, 12288, 11777, 339
2026/09/10 12:20:23.046, 0, 12288, 11777, 339
2026/09/10 12:20:23.252, 0, 12288, 11777, 339
2026/09/10 12:20:23.460, 0, 12288, 11777, 339
2026/09/10 12:20:23.668, 0, 12288, 11777, 339
2026/09/10 12:20:23.874, 0, 12288, 11777, 339
2026/09/10 12:20:24.081, 0, 12288, 11777, 339
2026/09/10 12:20:24.289, 0, 12288, 11777, 339
2026/09/10 12:20:24.497, 0, 12288, 11777, 339
2026/09/10 12:20:24.703, 0, 12288, 11777, 339
2026/09/10 12:20:24.911, 0, 12288, 11777, 339
2026/09/10 12:20:25.118, 0, 12288, 11777, 339
2026/09/10 12:20:25.325, 0, 12288, 11777, 339
2026/09/10 12:20:25.533, 0, 12288, 11777, 339
2026/09/10 12:20:25.740, 0, 12288, 11777, 339
2026/09/10 12:20:25.948, 0, 12288, 11777, 339
2026/09/10 12:20:26.156, 0, 12288, 11777, 339
2026/09/10 12:20:26.364, 0, 12288, 11777, 339
2026/09/10 12:20:26.572, 0, 12288, 11777, 339
2026/09/10 12:20:26.780, 0, 12288, 11777, 339
2026/09/10 12:20:26.988, 0, 12288, 11777, 339
2026/09/10 12:20:27.195, 0, 12288, 11777, 339
2026/09/10 12:20:27.403, 0, 12288, 11777, 339
2026/09/10 12:20:27.611, 0, 12288, 11777, 339
2026/09/10 12:20:27.818, 0, 12288, 11777, 339
2026/09/10 12:20:28.025, 0, 12288, 11777, 339
2026/09/10 12:20:28.232, 0, 12288, 11777, 339
2026/09/10 12:20:28.440, 0, 12288, 11777, 339
2026/09/10 12:20:28.648, 0, 12288, 11777, 339
2026/09/10 12:20:28.854, 0, 12288, 11777, 339
2026/09/10 12:20:29.061, 0, 12288, 11777, 339
2026/09/10 12:20:29.269, 0, 12288, 11777, 339
2026/09/10 12:20:29.477, 0, 12288, 11777, 339
2026/09/10 12:20:29.685, 0, 12288, 11777, 339
2026/09/10 12:20:29.893, 0, 12288, 11777, 339
2026/09/10 12:20:30.101, 0, 12288, 11777, 339
2026/09/10 12:20:30.309, 0, 12288, 11777, 339
2026/09/10 12:20:30.517, 0, 12288, 11777, 339
2026/09/10 12:20:30.724, 0, 12288, 11777, 339
2026/09/10 12:20:30.932, 0, 12288, 11777, 339
2026/09/10 12:20:31.139, 0, 12288, 11777, 339
2026/09/10 12:20:31.346, 0, 12288, 11777, 339
2026/09/10 12:20:31.553, 0, 12288, 11777, 339
2026/09/10 12:20:31.761, 0, 12288, 11777, 339
2026/09/10 12:20:31.969, 0, 12288, 11777, 339
2026/09/10 12:20:32.175, 0, 12288, 11777, 339
2026/09/10 12:20:32.381, 0, 12288, 11777, 339
2026/09/10 12:20:32.589, 0, 12288, 11777, 339
2026/09/10 12:20:32.797, 0, 12288, 11777, 339
2026/09/10 12:20:33.004, 0, 12288, 11777, 339
2026/09/10 12:20:33.212, 0, 12288, 11777, 339
2026/09/10 12:20:33.416, 0, 12288, 11777, 339
2026/09/10 12:20:33.623, 0, 12288, 11777, 339
2026/09/10 12:20:33.831, 0, 12288, 11777, 339
2026/09/10 12:20:34.037, 0, 12288, 11777, 339
2026/09/10 12:20:34.243, 0, 12288, 11777, 339
2026/09/10 12:20:34.451, 0, 12288, 11777, 339
2026/09/10 12:20:34.659, 0, 12288, 11777, 339
2026/09/10 12:20:34.867, 0, 12288, 11777, 339
2026/09/10 12:20:35.072, 0, 12288, 11777, 339
2026/09/10 12:20:35.279, 0, 12288, 11777, 339
2026/09/10 12:20:35.487, 0, 12288, 11777, 339
2026/09/10 12:20:35.694, 0, 12288, 11777, 339
2026/09/10 12:20:35.901, 0, 12288, 11777, 339
2026/09/10 12:20:36.109, 0, 12288, 11777, 339
2026/09/10 12:20:36.317, 0, 12288, 11777, 339
2026/09/10 12:20:36.523, 0, 12288, 11777, 339
2026/09/10 12:20:36.730, 0, 12288, 11777, 339
2026/09/10 12:20:36.938, 0, 12288, 11777, 339
2026/09/10 12:20:37.146, 0, 12288, 11777, 339
2026/09/10 12:20:37.354, 0, 12288, 11777, 339
2026/09/10 12:20:37.562, 0, 12288, 11777, 339
2026/09/10 12:20:37.770, 0, 12288, 11777, 339
2026/09/10 12:20:37.993, 0, 12288, 11777, 339
2026/09/10 12:20:38.199, 0, 12288, 11777, 339
2026/09/10 12:20:38.406, 0, 12288, 11777, 339
2026/09/10 12:20:38.614, 0, 12288, 11777, 339
2026/09/10 12:20:38.822, 0, 12288, 11777, 339
2026/09/10 12:20:39.026, 0, 12288, 11777, 339
2026/09/10 12:20:39.233, 0, 12288, 11777, 339
2026/09/10 12:20:39.440, 0, 12288, 11777, 339
2026/09/10 12:20:39.647, 0, 12288, 11777, 339
2026/09/10 12:20:39.855, 0, 12288, 11777, 339
2026/09/10 12:20:40.063, 0, 12288, 11777, 339
2026/09/10 12:20:40.271, 0, 12288, 11777, 339
2026/09/10 12:20:40.478, 0, 12288, 11777, 339
2026/09/10 12:20:40.685, 0, 12288, 11777, 339
2026/09/10 12:20:40.893, 0, 12288, 11777, 339
2026/09/10 12:20:41.101, 0, 12288, 11777, 339
2026/09/10 12:20:41.309, 0, 12288, 11777, 339
2026/09/10 12:20:41.517, 0, 12288, 11777, 339
2026/09/10 12:20:41.725, 0, 12288, 11777, 339
2026/09/10 12:20:41.932, 0, 12288, 11777, 339
2026/09/10 12:20:42.139, 0, 12288, 11777, 339
2026/09/10 12:20:42.347, 0, 12288, 11777, 339
2026/09/10 12:20:42.555, 0, 12288, 11777, 339
2026/09/10 12:20:42.762, 0, 12288, 11777, 339
2026/09/10 12:20:42.968, 0, 12288, 11777, 339
2026/09/10 12:20:43.175, 0, 12288, 11777, 339
2026/09/10 12:20:43.381, 0, 12288, 11777, 339
2026/09/10 12:20:43.587, 0, 12288, 11777, 339
2026/09/10 12:20:43.790, 0, 12288, 11777, 339
2026/09/10 12:20:43.997, 0, 12288, 11777, 339
2026/09/10 12:20:44.204, 0, 12288, 11777, 339
2026/09/10 12:20:44.412, 0, 12288, 11777, 339
2026/09/10 12:20:44.617, 0, 12288, 11777, 339
2026/09/10 12:20:44.822, 0, 12288, 11777, 339
2026/09/10 12:20:45.029, 0, 12288, 11777, 339
2026/09/10 12:20:45.236, 0, 12288, 11777, 339
2026/09/10 12:20:45.444, 0, 12288, 11777, 339
2026/09/10 12:20:45.648, 0, 12288, 11777, 339
2026/09/10 12:20:45.856, 0, 12288, 11777, 339
2026/09/10 12:20:46.063, 0, 12288, 11777, 339
2026/09/10 12:20:46.271, 0, 12288, 11777, 339
2026/09/10 12:20:46.478, 0, 12288, 11777, 339
2026/09/10 12:20:46.686, 0, 12288, 11777, 339
2026/09/10 12:20:46.894, 0, 12288, 11777, 339
2026/09/10 12:20:47.102, 0, 12288, 11777, 339
2026/09/10 12:20:47.310, 0, 12288, 11777, 339
2026/09/10 12:20:47.534, 0, 12288, 11777, 339
2026/09/10 12:20:47.741, 0, 12288, 11777, 339
2026/09/10 12:20:47.949, 0, 12288, 11777, 339
2026/09/10 12:20:48.156, 0, 12288, 11777, 339
2026/09/10 12:20:48.363, 0, 12288, 11777, 339
2026/09/10 12:20:48.571, 0, 12288, 11777, 339
2026/09/10 12:20:48.778, 0, 12288, 11777, 339
2026/09/10 12:20:48.985, 0, 12288, 11777, 339
2026/09/10 12:20:49.193, 0, 12288, 11777, 339
2026/09/10 12:20:49.401, 0, 12288, 11777, 339
2026/09/10 12:20:49.609, 0, 12288, 11777, 339
2026/09/10 12:20:49.815, 0, 12288, 11777, 339
2026/09/10 12:20:50.022, 0, 12288, 11777, 339
2026/09/10 12:20:50.227, 0, 12288, 11777, 339
2026/09/10 12:20:50.432, 0, 12288, 11777, 339
2026/09/10 12:20:50.640, 0, 12288, 11777, 339
2026/09/10 12:20:50.848, 0, 12288, 11777, 339
2026/09/10 12:20:51.056, 0, 12288, 11777, 339
2026/09/10 12:20:51.264, 0, 12288, 11777, 339
2026/09/10 12:20:51.472, 0, 12288, 11777, 339
2026/09/10 12:20:51.680, 0, 12288, 11777, 339
2026/09/10 12:20:51.886, 0, 12288, 11777, 339
2026/09/10 12:20:52.094, 0, 12288, 11777, 339
2026/09/10 12:20:52.302, 0, 12288, 11777, 339
2026/09/10 12:20:52.510, 0, 12288, 11777, 339
2026/09/10 12:20:52.718, 0, 12288, 11777, 339
2026/09/10 12:20:52.924, 0, 12288, 11777, 339
2026/09/10 12:20:53.131, 0, 12288, 11777, 339
2026/09/10 12:20:53.339, 0, 12288, 11777, 339
2026/09/10 12:20:53.546, 0, 12288, 11777, 339
2026/09/10 12:20:53.754, 0, 12288, 11777, 339
2026/09/10 12:20:53.961, 0, 12288, 11777, 339
2026/09/10 12:20:54.167, 0, 12288, 11777, 339
2026/09/10 12:20:54.374, 0, 12288, 11777, 339
2026/09/10 12:20:54.582, 0, 12288, 11777, 339
2026/09/10 12:20:54.790, 0, 12288, 11777, 339
2026/09/10 12:20:54.998, 0, 12288, 11777, 339
2026/09/10 12:20:55.206, 0, 12288, 11777, 339
2026/09/10 12:20:55.414, 0, 12288, 11777, 339
2026/09/10 12:20:55.621, 0, 12288, 11777, 339
2026/09/10 12:20:55.825, 0, 12288, 11777, 339
2026/09/10 12:20:56.032, 0, 12288, 11777, 339
2026/09/10 12:20:56.240, 0, 12288, 11777, 339
2026/09/10 12:20:56.448, 0, 12288, 11777, 339
2026/09/10 12:20:56.656, 0, 12288, 11777, 339
2026/09/10 12:20:56.864, 0, 12288, 11777, 339
2026/09/10 12:20:57.071, 0, 12288, 11777, 339
2026/09/10 12:20:57.279, 0, 12288, 11777, 339
2026/09/10 12:20:57.487, 0, 12288, 11777, 339
2026/09/10 12:20:57.695, 0, 12288, 11777, 339
2026/09/10 12:20:57.903, 0, 12288, 11777, 339
2026/09/10 12:20:58.111, 0, 12288, 11777, 339
2026/09/10 12:20:58.318, 0, 12288, 11777, 339
2026/09/10 12:20:58.526, 0, 12288, 11777, 339
2026/09/10 12:20:58.734, 0, 12288, 11777, 339
2026/09/10 12:20:58.942, 0, 12288, 11777, 339
2026/09/10 12:20:59.149, 0, 12288, 11777, 339
2026/09/10 12:20:59.356, 0, 12288, 11777, 339
2026/09/10 12:20:59.563, 0, 12288, 11777, 339
2026/09/10 12:20:59.771, 0, 12288, 11777, 339
2026/09/10 12:20:59.977, 0, 12288, 11777, 339
2026/09/10 12:21:00.184, 0, 12288, 11777, 339
2026/09/10 12:21:00.391, 0, 12288, 11777, 339
2026/09/10 12:21:00.599, 0, 12288, 11777, 339
2026/09/10 12:21:00.807, 0, 12288, 11777, 339
2026/09/10 12:21:01.014, 0, 12288, 11777, 339
2026/09/10 12:21:01.222, 0, 12288, 11777, 339
2026/09/10 12:21:01.426, 0, 12288, 11777, 339
2026/09/10 12:21:01.634, 0, 12288, 11777, 339
2026/09/10 12:21:01.842, 0, 12288, 11777, 339
2026/09/10 12:21:02.050, 0, 12288, 11777, 339
2026/09/10 12:21:02.258, 0, 12288, 11777, 339
2026/09/10 12:21:02.465, 0, 12288, 11777, 339
2026/09/10 12:21:02.673, 0, 12288, 11777, 339
2026/09/10 12:21:02.881, 0, 12288, 11777, 339
2026/09/10 12:21:03.089, 0, 12288, 11777, 339
2026/09/10 12:21:03.296, 0, 12288, 11777, 339
2026/09/10 12:21:03.503, 0, 12288, 11777, 339
2026/09/10 12:21:03.710, 0, 12288, 11777, 339
2026/09/10 12:21:03.918, 0, 12288, 11777, 339
2026/09/10 12:21:04.126, 0, 12288, 11777, 339
2026/09/10 12:21:04.334, 0, 12288, 11777, 339
2026/09/10 12:21:04.542, 0, 12288, 11777, 339
2026/09/10 12:21:04.750, 0, 12288, 11777, 339
2026/09/10 12:21:04.958, 0, 12288, 11777, 339
2026/09/10 12:21:05.164, 0, 12288, 11777, 339
2026/09/10 12:21:05.372, 0, 12288, 11777, 339
2026/09/10 12:21:05.580, 0, 12288, 11777, 339
2026/09/10 12:21:05.788, 0, 12288, 11777, 339
2026/09/10 12:21:05.995, 0, 12288, 11777, 339
2026/09/10 12:21:06.203, 0, 12288, 11777, 339
2026/09/10 12:21:06.410, 0, 12288, 11777, 339
2026/09/10 12:21:06.617, 0, 12288, 11777, 339
2026/09/10 12:21:06.825, 0, 12288, 11777, 339
2026/09/10 12:21:07.030, 0, 12288, 11777, 339
2026/09/10 12:21:07.238, 0, 12288, 11777, 339
2026/09/10 12:21:07.446, 0, 12288, 11777, 339
2026/09/10 12:21:07.653, 0, 12288, 11777, 339
2026/09/10 12:21:07.861, 0, 12288, 11777, 339
2026/09/10 12:21:08.068, 0, 12288, 11777, 339
2026/09/10 12:21:08.275, 0, 12288, 11777, 339
2026/09/10 12:21:08.482, 0, 12288, 11777, 339
2026/09/10 12:21:08.690, 0, 12288, 11777, 339
2026/09/10 12:21:08.897, 0, 12288, 11777, 339
2026/09/10 12:21:09.105, 0, 12288, 11777, 339
2026/09/10 12:21:09.312, 0, 12288, 11777, 339
2026/09/10 12:21:09.518, 0, 12288, 11777, 339
2026/09/10 12:21:09.726, 0, 12288, 11777, 339
2026/09/10 12:21:09.934, 0, 12288, 11777, 339
2026/09/10 12:21:10.142, 0, 12288, 11777, 339
2026/09/10 12:21:10.349, 0, 12288, 11777, 339
2026/09/10 12:21:10.556, 0, 12288, 11777, 339
2026/09/10 12:21:10.764, 0, 12288, 11777, 339
2026/09/10 12:21:10.972, 0, 12288, 11777, 339
2026/09/10 12:21:11.180, 0, 12288, 11777, 339
2026/09/10 12:21:11.388, 0, 12288, 11777, 339
2026/09/10 12:21:11.596, 0, 12288, 11777, 339
2026/09/10 12:21:11.804, 0, 12288, 11777, 339
2026/09/10 12:21:12.011, 0, 12288, 11777, 339
2026/09/10 12:21:12.219, 0, 12288, 11777, 339
2026/09/10 12:21:12.427, 0, 12288, 11777, 339
2026/09/10 12:21:12.632, 0, 12288, 11777, 339
2026/09/10 12:21:12.839, 0, 12288, 11777, 339
2026/09/10 12:21:13.047, 0, 12288, 11777, 339
2026/09/10 12:21:13.254, 0, 12288, 11777, 339
2026/09/10 12:21:13.461, 0, 12288, 11777, 339
2026/09/10 12:21:13.669, 0, 12288, 11777, 339
2026/09/10 12:21:13.875, 0, 12288, 11777, 339
2026/09/10 12:21:14.083, 0, 12288, 11777, 339
2026/09/10 12:21:14.291, 0, 12288, 11777, 339
2026/09/10 12:21:14.499, 0, 12288, 11777, 339
2026/09/10 12:21:14.705, 0, 12288, 11777, 339
2026/09/10 12:21:14.913, 0, 12288, 11777, 339
2026/09/10 12:21:15.121, 0, 12288, 11777, 339
2026/09/10 12:21:15.329, 0, 12288, 11777, 339
2026/09/10 12:21:15.537, 0, 12288, 11777, 339
2026/09/10 12:21:15.743, 0, 12288, 11777, 339
2026/09/10 12:21:15.950, 0, 12288, 11777, 339
2026/09/10 12:21:16.158, 0, 12288, 11777, 339
2026/09/10 12:21:16.366, 0, 12288, 11777, 339
2026/09/10 12:21:16.572, 0, 12288, 11777, 339
2026/09/10 12:21:16.780, 0, 12288, 11777, 339
2026/09/10 12:21:16.987, 0, 12288, 11777, 339
2026/09/10 12:21:17.194, 0, 12288, 11777, 339
2026/09/10 12:21:17.401, 0, 12288, 11777, 339
2026/09/10 12:21:17.609, 0, 12288, 11777, 339
2026/09/10 12:21:17.817, 0, 12288, 11777, 339
2026/09/10 12:21:18.025, 0, 12288, 11777, 339
2026/09/10 12:21:18.230, 0, 12288, 11777, 339
2026/09/10 12:21:18.437, 0, 12288, 11777, 339
2026/09/10 12:21:18.645, 0, 12288, 11777, 339
2026/09/10 12:21:18.852, 0, 12288, 11777, 339
2026/09/10 12:21:19.060, 0, 12288, 11777, 339
2026/09/10 12:21:19.268, 0, 12288, 11777, 339
2026/09/10 12:21:19.474, 0, 12288, 11777, 339
2026/09/10 12:21:19.682, 0, 12288, 11777, 339
2026/09/10 12:21:19.890, 0, 12288, 11777, 339
2026/09/10 12:21:20.098, 0, 12288, 11777, 339
2026/09/10 12:21:20.305, 0, 12288, 11777, 339
2026/09/10 12:21:20.513, 0, 12288, 11777, 339
2026/09/10 12:21:20.720, 0, 12288, 11777, 339
2026/09/10 12:21:20.927, 0, 12288, 11777, 339
2026/09/10 12:21:21.134, 0, 12288, 11777, 339
2026/09/10 12:21:21.342, 0, 12288, 11777, 339
2026/09/10 12:21:21.550, 0, 12288, 11777, 339
2026/09/10 12:21:21.757, 0, 12288, 11777, 339
2026/09/10 12:21:21.962, 0, 12288, 11777, 339
2026/09/10 12:21:22.170, 0, 12288, 11777, 339
2026/09/10 12:21:22.378, 0, 12288, 11777, 339
2026/09/10 12:21:22.585, 0, 12288, 11777, 339
2026/09/10 12:21:22.793, 0, 12288, 11777, 339
2026/09/10 12:21:23.000, 0, 12288, 11777, 339
2026/09/10 12:21:23.208, 0, 12288, 11777, 339
2026/09/10 12:21:23.416, 0, 12288, 11777, 339
2026/09/10 12:21:23.624, 0, 12288, 11777, 339
2026/09/10 12:21:23.830, 0, 12288, 11777, 339
2026/09/10 12:21:24.038, 0, 12288, 11777, 339
2026/09/10 12:21:24.244, 0, 12288, 11777, 339
2026/09/10 12:21:24.452, 0, 12288, 11777, 339
2026/09/10 12:21:24.660, 0, 12288, 11777, 339
2026/09/10 12:21:24.868, 0, 12288, 11777, 339
2026/09/10 12:21:25.076, 0, 12288, 11777, 339
2026/09/10 12:21:25.283, 0, 12288, 11777, 339
2026/09/10 12:21:25.490, 0, 12288, 11777, 339
2026/09/10 12:21:25.698, 0, 12288, 11777, 339
2026/09/10 12:21:25.905, 0, 12288, 11777, 339
2026/09/10 12:21:26.113, 0, 12288, 11777, 339
2026/09/10 12:21:26.321, 0, 12288, 11777, 339
2026/09/10 12:21:26.529, 0, 12288, 11777, 339
2026/09/10 12:21:26.737, 0, 12288, 11777, 339
2026/09/10 12:21:26.944, 0, 12288, 11777, 339
2026/09/10 12:21:27.152, 0, 12288, 11777, 339
2026/09/10 12:21:27.360, 0, 12288, 11777, 339
2026/09/10 12:21:27.568, 0, 12288, 11777, 339
2026/09/10 12:21:27.776, 0, 12288, 11777, 339
2026/09/10 12:21:27.984, 0, 12288, 11777, 339
2026/09/10 12:21:28.191, 0, 12288, 11777, 339
2026/09/10 12:21:28.399, 0, 12288, 11777, 339
2026/09/10 12:21:28.606, 0, 12288, 11777, 339
2026/09/10 12:21:28.813, 0, 12288, 11777, 339
2026/09/10 12:21:29.020, 0, 12288, 11777, 339
2026/09/10 12:21:29.227, 0, 12288, 11777, 339
2026/09/10 12:21:29.433, 0, 12288, 11777, 339
2026/09/10 12:21:29.640, 0, 12288, 11777, 339
2026/09/10 12:21:29.848, 0, 12288, 11777, 339
2026/09/10 12:21:30.056, 0, 12288, 11777, 339
2026/09/10 12:21:30.264, 0, 12288, 11777, 339
2026/09/10 12:21:30.471, 0, 12288, 11777, 339
2026/09/10 12:21:30.679, 0, 12288, 11777, 339
2026/09/10 12:21:30.887, 0, 12288, 11777, 339
2026/09/10 12:21:31.095, 0, 12288, 11777, 339
2026/09/10 12:21:31.303, 0, 12288, 11777, 339
2026/09/10 12:21:31.511, 0, 12288, 11777, 339
2026/09/10 12:21:31.718, 0, 12288, 11777, 339
2026/09/10 12:21:31.926, 0, 12288, 11777, 339
2026/09/10 12:21:32.134, 0, 12288, 11777, 339
2026/09/10 12:21:32.342, 0, 12288, 11777, 339
2026/09/10 12:21:32.548, 0, 12288, 11777, 339
2026/09/10 12:21:32.756, 0, 12288, 11777, 339
2026/09/10 12:21:32.963, 0, 12288, 11777, 339
2026/09/10 12:21:33.171, 0, 12288, 11777, 339
2026/09/10 12:21:33.379, 0, 12288, 11777, 339
2026/09/10 12:21:33.587, 0, 12288, 11777, 339
2026/09/10 12:21:33.794, 0, 12288, 11777, 339
2026/09/10 12:21:34.001, 0, 12288, 11777, 339
2026/09/10 12:21:34.208, 0, 12288, 11777, 339
2026/09/10 12:21:34.416, 0, 12288, 11777, 339
2026/09/10 12:21:34.624, 0, 12288, 11777, 339
2026/09/10 12:21:34.832, 0, 12288, 11777, 339
2026/09/10 12:21:35.037, 0, 12288, 11777, 339
2026/09/10 12:21:35.245, 0, 12288, 11777, 339
2026/09/10 12:21:35.451, 0, 12288, 11777, 339
2026/09/10 12:21:35.659, 0, 12288, 11777, 339
2026/09/10 12:21:35.867, 0, 12288, 11777, 339
2026/09/10 12:21:36.074, 0, 12288, 11777, 339
2026/09/10 12:21:36.282, 0, 12288, 11777, 339
2026/09/10 12:21:36.490, 0, 12288, 11777, 339
2026/09/10 12:21:36.697, 0, 12288, 11777, 339
2026/09/10 12:21:36.904, 0, 12288, 11777, 339
2026/09/10 12:21:37.112, 0, 12288, 11777, 339
2026/09/10 12:21:37.320, 0, 12288, 11777, 339
2026/09/10 12:21:37.528, 0, 12288, 11777, 339
2026/09/10 12:21:37.736, 0, 12288, 11777, 339
2026/09/10 12:21:37.960, 0, 12288, 11777, 339
2026/09/10 12:21:38.167, 0, 12288, 11777, 339
2026/09/10 12:21:38.375, 0, 12288, 11777, 339
2026/09/10 12:21:38.582, 0, 12288, 11777, 339
2026/09/10 12:21:38.790, 0, 12288, 11777, 339
2026/09/10 12:21:38.998, 0, 12288, 11777, 339
2026/09/10 12:21:39.205, 0, 12288, 11777, 339
2026/09/10 12:21:39.414, 0, 12288, 11777, 339
2026/09/10 12:21:39.621, 0, 12288, 11777, 339
2026/09/10 12:21:39.829, 0, 12288, 11777, 339
2026/09/10 12:21:40.037, 0, 12288, 11777, 339
2026/09/10 12:21:40.243, 0, 12288, 11777, 339
2026/09/10 12:21:40.448, 0, 12288, 11777, 339
2026/09/10 12:21:40.652, 0, 12288, 11777, 339
2026/09/10 12:21:40.859, 0, 12288, 11777, 339
2026/09/10 12:21:41.067, 0, 12288, 11777, 339
2026/09/10 12:21:41.275, 0, 12288, 11777, 339
2026/09/10 12:21:41.483, 0, 12288, 11777, 339
2026/09/10 12:21:41.690, 0, 12288, 11777, 339
2026/09/10 12:21:41.896, 0, 12288, 11777, 339
2026/09/10 12:21:42.103, 0, 12288, 11777, 339
2026/09/10 12:21:42.310, 0, 12288, 11777, 339
2026/09/10 12:21:42.518, 0, 12288, 11777, 339
2026/09/10 12:21:42.726, 0, 12288, 11777, 339
2026/09/10 12:21:42.934, 0, 12288, 11777, 339
2026/09/10 12:21:43.142, 0, 12288, 11777, 339
2026/09/10 12:21:43.348, 0, 12288, 11777, 339
2026/09/10 12:21:43.555, 0, 12288, 11777, 339
2026/09/10 12:21:43.762, 0, 12288, 11777, 339
2026/09/10 12:21:43.968, 0, 12288, 11777, 339
2026/09/10 12:21:44.176, 0, 12288, 11777, 339
2026/09/10 12:21:44.384, 0, 12288, 11777, 339
2026/09/10 12:21:44.589, 0, 12288, 11777, 339
2026/09/10 12:21:44.797, 0, 12288, 11777, 339
2026/09/10 12:21:45.004, 0, 12288, 11777, 339
2026/09/10 12:21:45.211, 0, 12288, 11777, 339
2026/09/10 12:21:45.419, 0, 12288, 11777, 339
2026/09/10 12:21:45.626, 0, 12288, 11777, 339
2026/09/10 12:21:45.834, 0, 12288, 11777, 339
2026/09/10 12:21:46.041, 0, 12288, 11777, 339
2026/09/10 12:21:46.246, 0, 12288, 11777, 339
2026/09/10 12:21:46.454, 0, 12288, 11777, 339
2026/09/10 12:21:46.663, 0, 12288, 11777, 339
2026/09/10 12:21:46.871, 0, 12288, 11777, 339
2026/09/10 12:21:47.079, 0, 12288, 11777, 339
2026/09/10 12:21:47.286, 0, 12288, 11777, 339
2026/09/10 12:21:47.495, 0, 12288, 11777, 339
2026/09/10 12:21:47.702, 0, 12288, 11777, 339
2026/09/10 12:21:47.910, 0, 12288, 11777, 339
2026/09/10 12:21:48.118, 0, 12288, 11777, 339
2026/09/10 12:21:48.323, 0, 12288, 11777, 339
2026/09/10 12:21:48.531, 0, 12288, 11777, 339
2026/09/10 12:21:48.738, 0, 12288, 11777, 339
2026/09/10 12:21:48.945, 0, 12288, 11777, 339
2026/09/10 12:21:49.152, 0, 12288, 11777, 339
2026/09/10 12:21:49.360, 0, 12288, 11777, 339
2026/09/10 12:21:49.568, 0, 12288, 11777, 339
2026/09/10 12:21:49.775, 0, 12288, 11777, 339
2026/09/10 12:21:49.983, 0, 12288, 11777, 339
2026/09/10 12:21:50.191, 0, 12288, 11777, 339
2026/09/10 12:21:50.397, 0, 12288, 11777, 339
2026/09/10 12:21:50.605, 0, 12288, 11777, 339
2026/09/10 12:21:50.813, 0, 12288, 11777, 339
2026/09/10 12:21:51.021, 0, 12288, 11777, 339
2026/09/10 12:21:51.229, 0, 12288, 11777, 339
2026/09/10 12:21:51.436, 0, 12288, 11777, 339
2026/09/10 12:21:51.642, 0, 12288, 11777, 339
2026/09/10 12:21:51.847, 0, 12288, 11777, 339
2026/09/10 12:21:52.055, 0, 12288, 11777, 339
2026/09/10 12:21:52.262, 0, 12288, 11777, 339
2026/09/10 12:21:52.470, 0, 12288, 11777, 339
2026/09/10 12:21:52.678, 0, 12288, 11777, 339
2026/09/10 12:21:52.885, 0, 12288, 11777, 339
2026/09/10 12:21:53.093, 0, 12288, 11777, 339
2026/09/10 12:21:53.301, 0, 12288, 11777, 339
2026/09/10 12:21:53.508, 0, 12288, 11777, 339
2026/09/10 12:21:53.715, 0, 12288, 11777, 339
2026/09/10 12:21:53.921, 0, 12288, 11777, 339
2026/09/10 12:21:54.128, 0, 12288, 11777, 339
2026/09/10 12:21:54.336, 0, 12288, 11777, 339
2026/09/10 12:21:54.542, 0, 12288, 11777, 339
2026/09/10 12:21:54.750, 0, 12288, 11777, 339
2026/09/10 12:21:54.955, 0, 12288, 11777, 339
2026/09/10 12:21:55.162, 0, 12288, 11777, 339
2026/09/10 12:21:55.369, 0, 12288, 11777, 339
2026/09/10 12:21:55.577, 0, 12288, 11777, 339
2026/09/10 12:21:55.784, 0, 12288, 11777, 339
2026/09/10 12:21:55.992, 0, 12288, 11777, 339
2026/09/10 12:21:56.198, 0, 12288, 11777, 339
2026/09/10 12:21:56.405, 0, 12288, 11777, 339
2026/09/10 12:21:56.611, 0, 12288, 11777, 339
2026/09/10 12:21:56.819, 0, 12288, 11777, 339
2026/09/10 12:21:57.026, 0, 12288, 11777, 339
2026/09/10 12:21:57.233, 0, 12288, 11777, 339
2026/09/10 12:21:57.438, 0, 12288, 11777, 339
2026/09/10 12:21:57.646, 0, 12288, 11777, 339
2026/09/10 12:21:57.853, 0, 12288, 11777, 339
2026/09/10 12:21:58.061, 0, 12288, 11777, 339
2026/09/10 12:21:58.268, 0, 12288, 11777, 339
2026/09/10 12:21:58.476, 0, 12288, 11777, 339
2026/09/10 12:21:58.681, 0, 12288, 11777, 339
2026/09/10 12:21:58.888, 0, 12288, 11777, 339
2026/09/10 12:21:59.094, 0, 12288, 11777, 339
2026/09/10 12:21:59.301, 0, 12288, 11777, 339
2026/09/10 12:21:59.509, 0, 12288, 11777, 339
2026/09/10 12:21:59.716, 0, 12288, 11777, 339
2026/09/10 12:21:59.923, 0, 12288, 11777, 339
2026/09/10 12:22:00.130, 0, 12288, 11777, 339
2026/09/10 12:22:00.336, 0, 12288, 11777, 339
2026/09/10 12:22:00.542, 0, 12288, 11777, 339
2026/09/10 12:22:00.750, 0, 12288, 11777, 339
2026/09/10 12:22:00.957, 0, 12288, 11777, 339
2026/09/10 12:22:01.165, 0, 12288, 11777, 339
2026/09/10 12:22:01.373, 0, 12288, 11777, 339
2026/09/10 12:22:01.580, 0, 12288, 11777, 339
2026/09/10 12:22:01.788, 0, 12288, 11777, 339
2026/09/10 12:22:01.996, 0, 12288, 11777, 339
2026/09/10 12:22:02.203, 0, 12288, 11777, 339
2026/09/10 12:22:02.411, 0, 12288, 11777, 339
2026/09/10 12:22:02.618, 0, 12288, 11777, 339
2026/09/10 12:22:02.826, 0, 12288, 11777, 339
2026/09/10 12:22:03.031, 0, 12288, 11777, 339
2026/09/10 12:22:03.239, 0, 12288, 11777, 339
2026/09/10 12:22:03.446, 0, 12288, 11777, 339
2026/09/10 12:22:03.654, 0, 12288, 11777, 339
2026/09/10 12:22:03.860, 0, 12288, 11777, 339
2026/09/10 12:22:04.067, 0, 12288, 11777, 339
2026/09/10 12:22:04.274, 0, 12288, 11777, 339
2026/09/10 12:22:04.481, 0, 12288, 11777, 339
2026/09/10 12:22:04.687, 0, 12288, 11777, 339
2026/09/10 12:22:04.895, 0, 12288, 11777, 339
2026/09/10 12:22:05.103, 0, 12288, 11777, 339
2026/09/10 12:22:05.310, 0, 12288, 11777, 339
2026/09/10 12:22:05.518, 0, 12288, 11777, 339
2026/09/10 12:22:05.726, 0, 12288, 11777, 339
2026/09/10 12:22:05.934, 0, 12288, 11777, 339
2026/09/10 12:22:06.142, 0, 12288, 11777, 339
2026/09/10 12:22:06.350, 0, 12288, 11777, 339
2026/09/10 12:22:06.556, 0, 12288, 11777, 339
2026/09/10 12:22:06.764, 0, 12288, 11777, 339
2026/09/10 12:22:06.971, 0, 12288, 11777, 339
2026/09/10 12:22:07.179, 0, 12288, 11777, 339
2026/09/10 12:22:07.386, 0, 12288, 11777, 339
2026/09/10 12:22:07.594, 0, 12288, 11777, 339
2026/09/10 12:22:07.802, 0, 12288, 11777, 339
2026/09/10 12:22:08.008, 0, 12288, 11777, 339
2026/09/10 12:22:08.216, 0, 12288, 11777, 339
2026/09/10 12:22:08.424, 0, 12288, 11777, 339
2026/09/10 12:22:08.628, 0, 12288, 11777, 339
2026/09/10 12:22:08.836, 0, 12288, 11777, 339
2026/09/10 12:22:09.043, 0, 12288, 11777, 339
2026/09/10 12:22:09.251, 0, 12288, 11777, 339
2026/09/10 12:22:09.459, 0, 12288, 11777, 339
2026/09/10 12:22:09.667, 0, 12288, 11777, 339
2026/09/10 12:22:09.875, 0, 12288, 11777, 339
2026/09/10 12:22:10.083, 0, 12288, 11777, 339
2026/09/10 12:22:10.290, 0, 12288, 11777, 339
2026/09/10 12:22:10.496, 0, 12288, 11777, 339
2026/09/10 12:22:10.703, 0, 12288, 11777, 339
2026/09/10 12:22:10.909, 0, 12288, 11777, 339
2026/09/10 12:22:11.117, 0, 12288, 11777, 339
2026/09/10 12:22:11.325, 0, 12288, 11777, 339
2026/09/10 12:22:11.533, 0, 12288, 11777, 339
2026/09/10 12:22:11.741, 0, 12288, 11777, 339
2026/09/10 12:22:11.946, 0, 12288, 11777, 339
2026/09/10 12:22:12.154, 0, 12288, 11777, 339
2026/09/10 12:22:12.362, 0, 12288, 11777, 339
2026/09/10 12:22:12.570, 0, 12288, 11777, 339
2026/09/10 12:22:12.776, 0, 12288, 11777, 339
2026/09/10 12:22:12.984, 0, 12288, 11777, 339
2026/09/10 12:22:13.190, 0, 12288, 11777, 339
2026/09/10 12:22:13.397, 0, 12288, 11777, 339
2026/09/10 12:22:13.603, 0, 12288, 11777, 339
2026/09/10 12:22:13.811, 0, 12288, 11777, 339
2026/09/10 12:22:14.016, 0, 12288, 11777, 339
2026/09/10 12:22:14.220, 0, 12288, 11777, 339
2026/09/10 12:22:14.428, 0, 12288, 11777, 339
2026/09/10 12:22:14.634, 0, 12288, 11777, 339
2026/09/10 12:22:14.841, 0, 12288, 11777, 339
2026/09/10 12:22:15.048, 0, 12288, 11777, 339
2026/09/10 12:22:15.254, 0, 12288, 11777, 339
2026/09/10 12:22:15.462, 0, 12288, 11777, 339
2026/09/10 12:22:15.670, 0, 12288, 11777, 339
2026/09/10 12:22:15.877, 0, 12288, 11777, 339
2026/09/10 12:22:16.085, 0, 12288, 11777, 339
2026/09/10 12:22:16.291, 0, 12288, 11777, 339
2026/09/10 12:22:16.498, 0, 12288, 11777, 339
2026/09/10 12:22:16.706, 0, 12288, 11777, 339
2026/09/10 12:22:16.914, 0, 12288, 11777, 339
2026/09/10 12:22:17.122, 0, 12288, 11777, 339
2026/09/10 12:22:17.328, 0, 12288, 11777, 339
2026/09/10 12:22:17.536, 0, 12288, 11777, 339
2026/09/10 12:22:17.744, 0, 12288, 11777, 339
2026/09/10 12:22:17.952, 0, 12288, 11777, 339
2026/09/10 12:22:18.160, 0, 12288, 11777, 339
2026/09/10 12:22:18.368, 0, 12288, 11777, 339
2026/09/10 12:22:18.575, 0, 12288, 11777, 339
2026/09/10 12:22:18.782, 0, 12288, 11777, 339
2026/09/10 12:22:18.989, 0, 12288, 11777, 339
2026/09/10 12:22:19.196, 0, 12288, 11777, 339
2026/09/10 12:22:19.404, 0, 12288, 11777, 339
2026/09/10 12:22:19.611, 0, 12288, 11777, 339
2026/09/10 12:22:19.817, 0, 12288, 11777, 339
2026/09/10 12:22:20.024, 0, 12288, 11777, 339
2026/09/10 12:22:20.232, 0, 12288, 11777, 339
2026/09/10 12:22:20.439, 0, 12288, 11777, 339
2026/09/10 12:22:20.646, 0, 12288, 11777, 339
2026/09/10 12:22:20.854, 0, 12288, 11777, 339
2026/09/10 12:22:21.062, 0, 12288, 11777, 339
2026/09/10 12:22:21.270, 0, 12288, 11777, 339
2026/09/10 12:22:21.477, 0, 12288, 11777, 339
2026/09/10 12:22:21.684, 0, 12288, 11777, 339
2026/09/10 12:22:21.892, 0, 12288, 11777, 339
2026/09/10 12:22:22.100, 0, 12288, 11777, 339
2026/09/10 12:22:22.306, 0, 12288, 11777, 339
2026/09/10 12:22:22.514, 0, 12288, 11777, 339
2026/09/10 12:22:22.722, 0, 12288, 11777, 339
2026/09/10 12:22:22.945, 0, 12288, 11777, 339
2026/09/10 12:22:23.153, 0, 12288, 11777, 339
2026/09/10 12:22:23.361, 0, 12288, 11777, 339
2026/09/10 12:22:23.569, 0, 12288, 11777, 339
2026/09/10 12:22:23.774, 0, 12288, 11777, 339
2026/09/10 12:22:23.979, 0, 12288, 11777, 339
2026/09/10 12:22:24.186, 0, 12288, 11777, 339
2026/09/10 12:22:24.394, 0, 12288, 11777, 339
2026/09/10 12:22:24.602, 0, 12288, 11777, 339
2026/09/10 12:22:24.810, 0, 12288, 11777, 339
2026/09/10 12:22:25.018, 0, 12288, 11777, 339
2026/09/10 12:22:25.226, 0, 12288, 11777, 339
2026/09/10 12:22:25.432, 0, 12288, 11777, 339
2026/09/10 12:22:25.638, 0, 12288, 11777, 339
2026/09/10 12:22:25.846, 0, 12288, 11777, 339
2026/09/10 12:22:26.054, 0, 12288, 11777, 339
2026/09/10 12:22:26.262, 0, 12288, 11777, 339
2026/09/10 12:22:26.470, 0, 12288, 11777, 339
2026/09/10 12:22:26.675, 0, 12288, 11777, 339
2026/09/10 12:22:26.882, 0, 12288, 11777, 339
2026/09/10 12:22:27.089, 0, 12288, 11777, 339
2026/09/10 12:22:27.297, 0, 12288, 11777, 339
2026/09/10 12:22:27.505, 0, 12288, 11777, 339
2026/09/10 12:22:27.711, 0, 12288, 11777, 339
2026/09/10 12:22:27.918, 0, 12288, 11777, 339
2026/09/10 12:22:28.126, 0, 12288, 11777, 339
2026/09/10 12:22:28.333, 0, 12288, 11777, 339
2026/09/10 12:22:28.540, 0, 12288, 11777, 339
2026/09/10 12:22:28.748, 0, 12288, 11777, 339
2026/09/10 12:22:28.955, 0, 12288, 11777, 339
2026/09/10 12:22:29.162, 0, 12288, 11777, 339
2026/09/10 12:22:29.370, 0, 12288, 11777, 339
2026/09/10 12:22:29.576, 0, 12288, 11777, 339
2026/09/10 12:22:29.784, 0, 12288, 11777, 339
2026/09/10 12:22:29.991, 0, 12288, 11777, 339
2026/09/10 12:22:30.198, 0, 12288, 11777, 339
2026/09/10 12:22:30.406, 0, 12288, 11777, 339
2026/09/10 12:22:30.613, 0, 12288, 11777, 339
2026/09/10 12:22:30.821, 0, 12288, 11777, 339
2026/09/10 12:22:31.025, 0, 12288, 11777, 339
2026/09/10 12:22:31.233, 0, 12288, 11777, 339
2026/09/10 12:22:31.440, 0, 12288, 11777, 339
2026/09/10 12:22:31.648, 0, 12288, 11777, 339
2026/09/10 12:22:31.854, 0, 12288, 11777, 339
2026/09/10 12:22:32.061, 0, 12288, 11777, 339
2026/09/10 12:22:32.269, 0, 12288, 11777, 339
2026/09/10 12:22:32.492, 0, 12288, 11777, 339
2026/09/10 12:22:32.696, 0, 12288, 11777, 339
2026/09/10 12:22:32.904, 0, 12288, 11777, 339
2026/09/10 12:22:33.112, 0, 12288, 11777, 339
2026/09/10 12:22:33.320, 0, 12288, 11777, 339
2026/09/10 12:22:33.528, 0, 12288, 11777, 339
2026/09/10 12:22:33.735, 0, 12288, 11777, 339
2026/09/10 12:22:33.942, 0, 12288, 11777, 339
2026/09/10 12:22:34.149, 0, 12288, 11777, 339
2026/09/10 12:22:34.356, 0, 12288, 11777, 339
2026/09/10 12:22:34.564, 0, 12288, 11777, 339
2026/09/10 12:22:34.771, 0, 12288, 11777, 339
2026/09/10 12:22:34.978, 0, 12288, 11777, 339
2026/09/10 12:22:35.186, 0, 12288, 11777, 339
2026/09/10 12:22:35.392, 0, 12288, 11777, 339
2026/09/10 12:22:35.600, 0, 12288, 11777, 339
2026/09/10 12:22:35.808, 0, 12288, 11777, 339
2026/09/10 12:22:36.016, 0, 12288, 11777, 339
2026/09/10 12:22:36.223, 0, 12288, 11777, 339
2026/09/10 12:22:36.431, 0, 12288, 11777, 339
2026/09/10 12:22:36.634, 0, 12288, 11777, 339
2026/09/10 12:22:36.842, 0, 12288, 11777, 339
2026/09/10 12:22:37.050, 0, 12288, 11777, 339
2026/09/10 12:22:37.258, 0, 12288, 11777, 339
2026/09/10 12:22:37.466, 0, 12288, 11777, 339
2026/09/10 12:22:37.674, 0, 12288, 11777, 339
2026/09/10 12:22:37.880, 0, 12288, 11777, 339
2026/09/10 12:22:38.086, 0, 12288, 11777, 339
2026/09/10 12:22:38.293, 0, 12288, 11777, 339
2026/09/10 12:22:38.501, 0, 12288, 11777, 339
2026/09/10 12:22:38.708, 0, 12288, 11777, 339
2026/09/10 12:22:38.914, 0, 12288, 11777, 339
2026/09/10 12:22:39.122, 0, 12288, 11777, 339
2026/09/10 12:22:39.330, 0, 12288, 11777, 339
2026/09/10 12:22:39.537, 0, 12288, 11777, 339
2026/09/10 12:22:39.745, 0, 12288, 11777, 339
2026/09/10 12:22:39.953, 0, 12288, 11777, 339
2026/09/10 12:22:40.161, 0, 12288, 11777, 339
2026/09/10 12:22:40.369, 0, 12288, 11777, 339
2026/09/10 12:22:40.576, 0, 12288, 11777, 339
2026/09/10 12:22:40.784, 0, 12288, 11777, 339
2026/09/10 12:22:40.991, 0, 12288, 11777, 339
2026/09/10 12:22:41.198, 0, 12288, 11777, 339
2026/09/10 12:22:41.405, 0, 12288, 11777, 339
2026/09/10 12:22:41.612, 0, 12288, 11777, 339
2026/09/10 12:22:41.819, 0, 12288, 11777, 339
2026/09/10 12:22:42.025, 0, 12288, 11777, 339
2026/09/10 12:22:42.231, 0, 12288, 11777, 339
2026/09/10 12:22:42.439, 0, 12288, 11777, 339
2026/09/10 12:22:42.647, 0, 12288, 11777, 339
2026/09/10 12:22:42.853, 0, 12288, 11777, 339
2026/09/10 12:22:43.061, 0, 12288, 11777, 339
2026/09/10 12:22:43.269, 0, 12288, 11777, 339
2026/09/10 12:22:43.476, 0, 12288, 11777, 339
2026/09/10 12:22:43.683, 0, 12288, 11777, 339
2026/09/10 12:22:43.890, 0, 12288, 11777, 339
2026/09/10 12:22:44.096, 0, 12288, 11777, 339
2026/09/10 12:22:44.303, 0, 12288, 11777, 339
2026/09/10 12:22:44.510, 0, 12288, 11777, 339
2026/09/10 12:22:44.717, 0, 12288, 11777, 339
2026/09/10 12:22:44.924, 0, 12288, 11777, 339
2026/09/10 12:22:45.132, 0, 12288, 11777, 339
2026/09/10 12:22:45.340, 0, 12288, 11777, 339
2026/09/10 12:22:45.545, 0, 12288, 11777, 339
2026/09/10 12:22:45.751, 0, 12288, 11777, 339
2026/09/10 12:22:45.957, 0, 12288, 11777, 339
2026/09/10 12:22:46.165, 0, 12288, 11777, 339
2026/09/10 12:22:46.373, 0, 12288, 11777, 339
2026/09/10 12:22:46.581, 0, 12288, 11777, 339
2026/09/10 12:22:46.787, 0, 12288, 11777, 339
2026/09/10 12:22:46.993, 0, 12288, 11777, 339
2026/09/10 12:22:47.201, 0, 12288, 11777, 339
2026/09/10 12:22:47.409, 0, 12288, 11777, 339
2026/09/10 12:22:47.616, 0, 12288, 11777, 339
2026/09/10 12:22:47.822, 0, 12288, 11777, 339
2026/09/10 12:22:48.030, 0, 12288, 11777, 339
2026/09/10 12:22:48.237, 0, 12288, 11777, 339
2026/09/10 12:22:48.444, 0, 12288, 11777, 339
2026/09/10 12:22:48.649, 0, 12288, 11777, 339
2026/09/10 12:22:48.856, 0, 12288, 11777, 339
2026/09/10 12:22:49.064, 0, 12288, 11777, 339
2026/09/10 12:22:49.271, 0, 12288, 11777, 339
2026/09/10 12:22:49.478, 0, 12288, 11777, 339
2026/09/10 12:22:49.686, 0, 12288, 11777, 339
2026/09/10 12:22:49.893, 0, 12288, 11777, 339
2026/09/10 12:22:50.101, 0, 12288, 11777, 339
2026/09/10 12:22:50.371, 0, 12288, 11777, 339
2026/09/10 12:22:50.577, 0, 12288, 11777, 339
2026/09/10 12:22:50.785, 0, 12288, 11777, 339
2026/09/10 12:22:50.992, 0, 12288, 11777, 339
2026/09/10 12:22:51.200, 0, 12288, 11777, 339
2026/09/10 12:22:51.408, 0, 12288, 11777, 339
2026/09/10 12:22:51.616, 0, 12288, 11777, 339
2026/09/10 12:22:51.823, 0, 12288, 11777, 339
2026/09/10 12:22:52.031, 0, 12288, 11777, 339
2026/09/10 12:22:52.238, 0, 12288, 11777, 339
2026/09/10 12:22:52.445, 0, 12288, 11777, 339
2026/09/10 12:22:52.653, 0, 12288, 11777, 339
2026/09/10 12:22:52.860, 0, 12288, 11777, 339
2026/09/10 12:22:53.068, 0, 12288, 11777, 339
2026/09/10 12:22:53.272, 0, 12288, 11777, 339
2026/09/10 12:22:53.481, 0, 12288, 11777, 339
2026/09/10 12:22:53.687, 0, 12288, 11777, 339
2026/09/10 12:22:53.894, 0, 12288, 11777, 339
2026/09/10 12:22:54.100, 0, 12288, 11777, 339
2026/09/10 12:22:54.308, 0, 12288, 11777, 339
2026/09/10 12:22:54.516, 0, 12288, 11777, 339
2026/09/10 12:22:54.723, 0, 12288, 11777, 339
2026/09/10 12:22:54.931, 0, 12288, 11777, 339
2026/09/10 12:22:55.139, 0, 12288, 11777, 339
2026/09/10 12:22:55.345, 0, 12288, 11777, 339
2026/09/10 12:22:55.552, 0, 12288, 11777, 339
2026/09/10 12:22:55.759, 0, 12288, 11777, 339
2026/09/10 12:22:55.966, 0, 12288, 11777, 339
2026/09/10 12:22:56.173, 0, 12288, 11777, 339
2026/09/10 12:22:56.380, 0, 12288, 11777, 339
2026/09/10 12:22:56.588, 0, 12288, 11777, 339
2026/09/10 12:22:56.795, 0, 12288, 11777, 339
2026/09/10 12:22:57.001, 0, 12288, 11777, 339
2026/09/10 12:22:57.207, 0, 12288, 11777, 339
2026/09/10 12:22:57.414, 0, 12288, 11777, 339
2026/09/10 12:22:57.621, 0, 12288, 11777, 339
2026/09/10 12:22:57.829, 0, 12288, 11777, 339
2026/09/10 12:22:58.037, 0, 12288, 11777, 339
2026/09/10 12:22:58.245, 0, 12288, 11777, 339
2026/09/10 12:22:58.452, 0, 12288, 11777, 339
2026/09/10 12:22:58.660, 0, 12288, 11777, 339
2026/09/10 12:22:58.865, 0, 12288, 11777, 339
2026/09/10 12:22:59.073, 0, 12288, 11777, 339
2026/09/10 12:22:59.281, 0, 12288, 11777, 339
2026/09/10 12:22:59.489, 0, 12288, 11777, 339
2026/09/10 12:22:59.696, 0, 12288, 11777, 339
2026/09/10 12:22:59.902, 0, 12288, 11777, 339
2026/09/10 12:23:00.108, 0, 12288, 11777, 339
2026/09/10 12:23:00.316, 0, 12288, 11777, 339
2026/09/10 12:23:00.524, 0, 12288, 11777, 339
2026/09/10 12:23:00.731, 0, 12288, 11777, 339
2026/09/10 12:23:00.937, 0, 12288, 11777, 339
2026/09/10 12:23:01.145, 0, 12288, 11777, 339
2026/09/10 12:23:01.353, 0, 12288, 11777, 339
2026/09/10 12:23:01.561, 0, 12288, 11777, 339
2026/09/10 12:23:01.769, 0, 12288, 11777, 339
2026/09/10 12:23:01.976, 0, 12288, 11777, 339
2026/09/10 12:23:02.183, 0, 12288, 11777, 339
2026/09/10 12:23:02.390, 0, 12288, 11777, 339
2026/09/10 12:23:02.598, 0, 12288, 11777, 339
2026/09/10 12:23:02.805, 0, 12288, 11777, 339
2026/09/10 12:23:03.012, 0, 12288, 11777, 339
2026/09/10 12:23:03.219, 0, 12288, 11777, 339
2026/09/10 12:23:03.425, 0, 12288, 11777, 339
2026/09/10 12:23:03.633, 0, 12288, 11777, 339
2026/09/10 12:23:03.841, 0, 12288, 11777, 339
2026/09/10 12:23:04.048, 0, 12288, 11777, 339
2026/09/10 12:23:04.254, 0, 12288, 11777, 339
2026/09/10 12:23:04.460, 0, 12288, 11777, 339
2026/09/10 12:23:04.667, 0, 12288, 11777, 339
2026/09/10 12:23:04.875, 0, 12288, 11777, 339
2026/09/10 12:23:05.082, 0, 12288, 11777, 339
2026/09/10 12:23:05.289, 0, 12288, 11777, 339
2026/09/10 12:23:05.496, 0, 12288, 11777, 339
2026/09/10 12:23:05.702, 0, 12288, 11777, 339
2026/09/10 12:23:05.909, 0, 12288, 11777, 339
2026/09/10 12:23:06.117, 0, 12288, 11777, 339
2026/09/10 12:23:06.325, 0, 12288, 11777, 339
2026/09/10 12:23:06.532, 0, 12288, 11777, 339
2026/09/10 12:23:06.739, 0, 12288, 11777, 339
2026/09/10 12:23:06.946, 0, 12288, 11777, 339
2026/09/10 12:23:07.153, 0, 12288, 11777, 339
2026/09/10 12:23:07.361, 0, 12288, 11777, 339
2026/09/10 12:23:07.569, 0, 12288, 11777, 339
2026/09/10 12:23:07.776, 0, 12288, 11777, 339
2026/09/10 12:23:07.984, 0, 12288, 11777, 339
2026/09/10 12:23:08.191, 0, 12288, 11777, 339
2026/09/10 12:23:08.399, 0, 12288, 11777, 339
2026/09/10 12:23:08.607, 0, 12288, 11777, 339
2026/09/10 12:23:08.814, 0, 12288, 11777, 339
2026/09/10 12:23:09.022, 0, 12288, 11777, 339
2026/09/10 12:23:09.230, 0, 12288, 11777, 339
2026/09/10 12:23:09.437, 0, 12288, 11777, 339
2026/09/10 12:23:09.645, 0, 12288, 11777, 339
2026/09/10 12:23:09.853, 0, 12288, 11777, 339
2026/09/10 12:23:10.061, 0, 12288, 11777, 339
2026/09/10 12:23:10.269, 0, 12288, 11777, 339
2026/09/10 12:23:10.475, 0, 12288, 11777, 339
2026/09/10 12:23:10.682, 0, 12288, 11777, 339
2026/09/10 12:23:10.889, 0, 12288, 11777, 339
2026/09/10 12:23:11.097, 0, 12288, 11777, 339
2026/09/10 12:23:11.301, 0, 12288, 11777, 339
2026/09/10 12:23:11.510, 0, 12288, 11777, 339
2026/09/10 12:23:11.717, 0, 12288, 11777, 339
2026/09/10 12:23:11.925, 0, 12288, 11777, 339
2026/09/10 12:23:12.131, 0, 12288, 11777, 339
2026/09/10 12:23:12.339, 0, 12288, 11777, 339
2026/09/10 12:23:12.547, 0, 12288, 11777, 339
2026/09/10 12:23:12.755, 0, 12288, 11777, 339
2026/09/10 12:23:12.963, 0, 12288, 11777, 339
2026/09/10 12:23:13.170, 0, 12288, 11777, 339
2026/09/10 12:23:13.377, 0, 12288, 11777, 339
2026/09/10 12:23:13.585, 0, 12288, 11777, 339
2026/09/10 12:23:13.793, 0, 12288, 11777, 339
2026/09/10 12:23:14.000, 0, 12288, 11777, 339
2026/09/10 12:23:14.208, 0, 12288, 11777, 339
2026/09/10 12:23:14.416, 0, 12288, 11777, 339
2026/09/10 12:23:14.623, 0, 12288, 11777, 339
2026/09/10 12:23:14.831, 0, 12288, 11777, 339
2026/09/10 12:23:15.039, 0, 12288, 11777, 339
2026/09/10 12:23:15.246, 0, 12288, 11777, 339
2026/09/10 12:23:15.454, 0, 12288, 11777, 339
2026/09/10 12:23:15.662, 0, 12288, 11777, 339
2026/09/10 12:23:15.869, 0, 12288, 11777, 339
2026/09/10 12:23:16.076, 0, 12288, 11777, 339
2026/09/10 12:23:16.284, 0, 12288, 11777, 339
2026/09/10 12:23:16.493, 0, 12288, 11777, 339
2026/09/10 12:23:16.700, 0, 12288, 11777, 339
2026/09/10 12:23:16.904, 0, 12288, 11777, 339
2026/09/10 12:23:17.112, 0, 12288, 11777, 339
2026/09/10 12:23:17.318, 0, 12288, 11777, 339
2026/09/10 12:23:17.524, 0, 12288, 11777, 339
2026/09/10 12:23:17.732, 0, 12288, 11777, 339
2026/09/10 12:23:17.940, 0, 12288, 11777, 339
2026/09/10 12:23:18.148, 0, 12288, 11777, 339
2026/09/10 12:23:18.356, 0, 12288, 11777, 339
2026/09/10 12:23:18.564, 0, 12288, 11777, 339
2026/09/10 12:23:18.772, 0, 12288, 11777, 339
2026/09/10 12:23:18.978, 0, 12288, 11777, 339
2026/09/10 12:23:19.186, 0, 12288, 11777, 339
2026/09/10 12:23:19.394, 0, 12288, 11777, 339
2026/09/10 12:23:19.601, 0, 12288, 11777, 339
2026/09/10 12:23:19.809, 0, 12288, 11777, 339
2026/09/10 12:23:20.017, 0, 12288, 11777, 339
2026/09/10 12:23:20.224, 0, 12288, 11777, 339
2026/09/10 12:23:20.432, 0, 12288, 11777, 339
2026/09/10 12:23:20.640, 0, 12288, 11777, 339
2026/09/10 12:23:20.848, 0, 12288, 11777, 339
2026/09/10 12:23:21.055, 0, 12288, 11777, 339
2026/09/10 12:23:21.261, 0, 12288, 11777, 339
2026/09/10 12:23:21.469, 0, 12288, 11777, 339
2026/09/10 12:23:21.677, 0, 12288, 11777, 339
2026/09/10 12:23:21.885, 0, 12288, 11777, 339
2026/09/10 12:23:22.093, 0, 12288, 11777, 339
2026/09/10 12:23:22.301, 0, 12288, 11777, 339
2026/09/10 12:23:22.507, 0, 12288, 11777, 339
2026/09/10 12:23:22.713, 0, 12288, 11777, 339
2026/09/10 12:23:22.921, 0, 12288, 11777, 339
2026/09/10 12:23:23.128, 0, 12288, 11777, 339
2026/09/10 12:23:23.336, 0, 12288, 11777, 339
2026/09/10 12:23:23.544, 0, 12288, 11777, 339
2026/09/10 12:23:23.752, 0, 12288, 11777, 339
2026/09/10 12:23:23.959, 0, 12288, 11777, 339
2026/09/10 12:23:24.166, 0, 12288, 11777, 339
2026/09/10 12:23:24.373, 0, 12288, 11777, 339
2026/09/10 12:23:24.580, 0, 12288, 11777, 339
2026/09/10 12:23:24.788, 0, 12288, 11777, 339
2026/09/10 12:23:24.996, 0, 12288, 11777, 339
2026/09/10 12:23:25.204, 0, 12288, 11777, 339
2026/09/10 12:23:25.412, 0, 12288, 11777, 339
2026/09/10 12:23:25.620, 0, 12288, 11777, 339
2026/09/10 12:23:25.827, 0, 12288, 11777, 339
2026/09/10 12:23:26.034, 0, 12288, 11777, 339
2026/09/10 12:23:26.242, 0, 12288, 11777, 339
2026/09/10 12:23:26.449, 0, 12288, 11777, 339
2026/09/10 12:23:26.657, 0, 12288, 11777, 339
2026/09/10 12:23:26.864, 0, 12288, 11777, 339
2026/09/10 12:23:27.073, 0, 12288, 11777, 339
2026/09/10 12:23:27.280, 0, 12288, 11777, 339
2026/09/10 12:23:27.487, 0, 12288, 11777, 339
2026/09/10 12:23:27.695, 0, 12288, 11777, 339
2026/09/10 12:23:27.903, 0, 12288, 11777, 339
2026/09/10 12:23:28.109, 0, 12288, 11777, 339
2026/09/10 12:23:28.316, 0, 12288, 11777, 339
2026/09/10 12:23:28.524, 0, 12288, 11777, 339
2026/09/10 12:23:28.732, 0, 12288, 11777, 339
2026/09/10 12:23:28.940, 0, 12288, 11777, 339
2026/09/10 12:23:29.148, 0, 12288, 11777, 339
2026/09/10 12:23:29.354, 0, 12288, 11777, 339
2026/09/10 12:23:29.561, 0, 12288, 11777, 339
2026/09/10 12:23:29.769, 0, 12288, 11777, 339
2026/09/10 12:23:29.977, 0, 12288, 11777, 339
2026/09/10 12:23:30.183, 0, 12288, 11777, 339
2026/09/10 12:23:30.391, 0, 12288, 11777, 339
2026/09/10 12:23:30.599, 0, 12288, 11777, 339
2026/09/10 12:23:30.805, 0, 12288, 11777, 339
2026/09/10 12:23:31.012, 0, 12288, 11777, 339
2026/09/10 12:23:31.220, 0, 12288, 11777, 339
2026/09/10 12:23:31.428, 0, 12288, 11777, 339
2026/09/10 12:23:31.635, 0, 12288, 11777, 339
2026/09/10 12:23:31.842, 0, 12288, 11777, 339
2026/09/10 12:23:32.051, 0, 12288, 11777, 339
2026/09/10 12:23:32.258, 0, 12288, 11777, 339
2026/09/10 12:23:32.466, 0, 12288, 11777, 339
2026/09/10 12:23:32.674, 0, 12288, 11777, 339
2026/09/10 12:23:32.882, 0, 12288, 11777, 339
2026/09/10 12:23:33.090, 0, 12288, 11777, 339
2026/09/10 12:23:33.298, 0, 12288, 11777, 339
2026/09/10 12:23:33.506, 0, 12288, 11777, 339
2026/09/10 12:23:33.710, 0, 12288, 11777, 339
2026/09/10 12:23:33.917, 0, 12288, 11777, 339
2026/09/10 12:23:34.125, 0, 12288, 11777, 339
2026/09/10 12:23:34.332, 0, 12288, 11777, 339
2026/09/10 12:23:34.540, 0, 12288, 11777, 339
2026/09/10 12:23:34.747, 0, 12288, 11777, 339
2026/09/10 12:23:34.955, 0, 12288, 11777, 339
2026/09/10 12:23:35.163, 0, 12288, 11777, 339
2026/09/10 12:23:35.371, 0, 12288, 11777, 339
2026/09/10 12:23:35.579, 0, 12288, 11777, 339
2026/09/10 12:23:35.786, 0, 12288, 11777, 339
2026/09/10 12:23:35.993, 0, 12288, 11777, 339
2026/09/10 12:23:36.201, 0, 12288, 11777, 339
2026/09/10 12:23:36.408, 0, 12288, 11777, 339
2026/09/10 12:23:36.615, 0, 12288, 11777, 339
2026/09/10 12:23:36.822, 0, 12288, 11777, 339
2026/09/10 12:23:37.030, 0, 12288, 11777, 339
2026/09/10 12:23:37.237, 0, 12288, 11777, 339
2026/09/10 12:23:37.444, 0, 12288, 11777, 339
2026/09/10 12:23:37.652, 0, 12288, 11777, 339
2026/09/10 12:23:37.859, 0, 12288, 11777, 339
2026/09/10 12:23:38.067, 0, 12288, 11777, 339
2026/09/10 12:23:38.275, 0, 12288, 11777, 339
2026/09/10 12:23:38.483, 0, 12288, 11777, 339
2026/09/10 12:23:38.690, 0, 12288, 11777, 339
2026/09/10 12:23:38.896, 0, 12288, 11777, 339
2026/09/10 12:23:39.103, 0, 12288, 11777, 339
2026/09/10 12:23:39.310, 0, 12288, 11777, 339
2026/09/10 12:23:39.515, 0, 12288, 11777, 339
2026/09/10 12:23:39.719, 0, 12288, 11777, 339
2026/09/10 12:23:39.925, 0, 12288, 11777, 339
2026/09/10 12:23:40.132, 0, 12288, 11777, 339
2026/09/10 12:23:40.339, 0, 12288, 11777, 339
2026/09/10 12:23:40.542, 0, 12288, 11777, 339
2026/09/10 12:23:40.748, 0, 12288, 11777, 339
2026/09/10 12:23:40.955, 0, 12288, 11777, 339
2026/09/10 12:23:41.161, 0, 12288, 11777, 339
2026/09/10 12:23:41.369, 0, 12288, 11777, 339
2026/09/10 12:23:41.574, 0, 12288, 11777, 339
2026/09/10 12:23:41.782, 0, 12288, 11777, 339
2026/09/10 12:23:42.005, 0, 12288, 11777, 339
2026/09/10 12:23:42.208, 0, 12288, 11777, 339
2026/09/10 12:23:42.416, 0, 12288, 11777, 339
2026/09/10 12:23:42.621, 0, 12288, 11777, 339
2026/09/10 12:23:42.828, 0, 12288, 11777, 339
2026/09/10 12:23:43.035, 0, 12288, 11777, 339
2026/09/10 12:23:43.241, 0, 12288, 11777, 339
2026/09/10 12:23:43.446, 0, 12288, 11777, 339
2026/09/10 12:23:43.649, 0, 12288, 11777, 339
2026/09/10 12:23:43.856, 0, 12288, 11777, 339
2026/09/10 12:23:44.063, 0, 12288, 11777, 339
2026/09/10 12:23:44.266, 0, 12288, 11777, 339
2026/09/10 12:23:44.474, 0, 12288, 11777, 339
2026/09/10 12:23:44.680, 0, 12288, 11777, 339
2026/09/10 12:23:44.886, 0, 12288, 11777, 339
2026/09/10 12:23:45.094, 0, 12288, 11777, 339
2026/09/10 12:23:45.298, 0, 12288, 11777, 339
2026/09/10 12:23:45.506, 0, 12288, 11777, 339
2026/09/10 12:23:45.713, 0, 12288, 11777, 339
2026/09/10 12:23:45.919, 0, 12288, 11777, 339
2026/09/10 12:23:46.122, 0, 12288, 11777, 339
2026/09/10 12:23:46.327, 0, 12288, 11777, 339
2026/09/10 12:23:46.532, 0, 12288, 11777, 339
2026/09/10 12:23:46.738, 0, 12288, 11777, 339
2026/09/10 12:23:46.945, 0, 12288, 11777, 339
2026/09/10 12:23:47.151, 0, 12288, 11777, 339
2026/09/10 12:23:47.359, 0, 12288, 11777, 339
2026/09/10 12:23:47.565, 0, 12288, 11777, 339
2026/09/10 12:23:47.773, 0, 12288, 11777, 339
2026/09/10 12:23:47.980, 0, 12288, 11777, 339
2026/09/10 12:23:48.188, 0, 12288, 11777, 339
2026/09/10 12:23:48.396, 0, 12288, 11777, 339
2026/09/10 12:23:48.603, 0, 12288, 11777, 339
2026/09/10 12:23:48.810, 0, 12288, 11777, 339
2026/09/10 12:23:49.016, 0, 12288, 11777, 339
2026/09/10 12:23:49.222, 0, 12288, 11777, 339
2026/09/10 12:23:49.429, 0, 12288, 11777, 339
2026/09/10 12:23:49.636, 0, 12288, 11777, 339
2026/09/10 12:23:49.843, 0, 12288, 11777, 339
2026/09/10 12:23:50.050, 0, 12288, 11777, 339
2026/09/10 12:23:50.257, 0, 12288, 11777, 339
2026/09/10 12:23:50.462, 0, 12288, 11777, 339
2026/09/10 12:23:50.670, 0, 12288, 11777, 339
2026/09/10 12:23:50.878, 0, 12288, 11777, 339
2026/09/10 12:23:51.084, 0, 12288, 11777, 339
2026/09/10 12:23:51.292, 0, 12288, 11777, 339
2026/09/10 12:23:51.499, 0, 12288, 11777, 339
2026/09/10 12:23:51.706, 0, 12288, 11777, 339
2026/09/10 12:23:51.913, 0, 12288, 11777, 339
2026/09/10 12:23:52.117, 0, 12288, 11777, 339
2026/09/10 12:23:52.325, 0, 12288, 11777, 339
2026/09/10 12:23:52.533, 0, 12288, 11777, 339
2026/09/10 12:23:52.740, 0, 12288, 11777, 339
2026/09/10 12:23:52.947, 0, 12288, 11777, 339
2026/09/10 12:23:53.153, 0, 12288, 11777, 339
2026/09/10 12:23:53.361, 0, 12288, 11777, 339
2026/09/10 12:23:53.567, 0, 12288, 11777, 339
2026/09/10 12:23:53.775, 0, 12288, 11777, 339
2026/09/10 12:23:53.981, 0, 12288, 11777, 339
2026/09/10 12:23:54.189, 0, 12288, 11777, 339
2026/09/10 12:23:54.397, 0, 12288, 11777, 339
2026/09/10 12:23:54.605, 0, 12288, 11777, 339
2026/09/10 12:23:54.813, 0, 12288, 11777, 339
2026/09/10 12:23:55.021, 0, 12288, 11777, 339
2026/09/10 12:23:55.229, 0, 12288, 11777, 339
2026/09/10 12:23:55.436, 0, 12288, 11777, 339
2026/09/10 12:23:55.644, 0, 12288, 11777, 339
2026/09/10 12:23:55.851, 0, 12288, 11777, 339
2026/09/10 12:23:56.056, 0, 12288, 11777, 339
2026/09/10 12:23:56.264, 0, 12288, 11777, 339
2026/09/10 12:23:56.472, 0, 12288, 11777, 339
2026/09/10 12:23:56.679, 0, 12288, 11777, 339
2026/09/10 12:23:56.887, 0, 12288, 11777, 339
2026/09/10 12:23:57.094, 0, 12288, 11777, 339
2026/09/10 12:23:57.302, 0, 12288, 11777, 339
2026/09/10 12:23:57.509, 0, 12288, 11777, 339
2026/09/10 12:23:57.716, 0, 12288, 11777, 339
2026/09/10 12:23:57.924, 0, 12288, 11777, 339
2026/09/10 12:23:58.132, 0, 12288, 11777, 339
2026/09/10 12:23:58.339, 0, 12288, 11777, 339
2026/09/10 12:23:58.545, 0, 12288, 11777, 339
2026/09/10 12:23:58.752, 0, 12288, 11777, 339
2026/09/10 12:23:58.959, 0, 12288, 11777, 339
2026/09/10 12:23:59.166, 0, 12288, 11777, 339
2026/09/10 12:23:59.374, 0, 12288, 11777, 339
2026/09/10 12:23:59.581, 0, 12288, 11777, 339
2026/09/10 12:23:59.789, 0, 12288, 11777, 339
2026/09/10 12:23:59.996, 0, 12288, 11777, 339
2026/09/10 12:24:00.204, 0, 12288, 11777, 339
2026/09/10 12:24:00.412, 0, 12288, 11777, 339
2026/09/10 12:24:00.617, 0, 12288, 11777, 339
2026/09/10 12:24:00.824, 0, 12288, 11777, 339
2026/09/10 12:24:01.030, 0, 12288, 11777, 339
2026/09/10 12:24:01.237, 0, 12288, 11777, 339
2026/09/10 12:24:01.445, 0, 12288, 11777, 339
2026/09/10 12:24:01.650, 0, 12288, 11777, 339
2026/09/10 12:24:01.858, 0, 12288, 11777, 339
2026/09/10 12:24:02.065, 0, 12288, 11777, 339
2026/09/10 12:24:02.272, 0, 12288, 11777, 339
2026/09/10 12:24:02.478, 0, 12288, 11777, 339
2026/09/10 12:24:02.686, 0, 12288, 11777, 339
2026/09/10 12:24:02.894, 0, 12288, 11777, 339
2026/09/10 12:24:03.101, 0, 12288, 11777, 339
2026/09/10 12:24:03.308, 0, 12288, 11777, 339
2026/09/10 12:24:03.516, 0, 12288, 11777, 339
2026/09/10 12:24:03.724, 0, 12288, 11777, 339
2026/09/10 12:24:03.930, 0, 12288, 11777, 339
2026/09/10 12:24:04.137, 0, 12288, 11777, 339
2026/09/10 12:24:04.345, 0, 12288, 11777, 339
2026/09/10 12:24:04.553, 0, 12288, 11777, 339
2026/09/10 12:24:04.761, 0, 12288, 11777, 339
2026/09/10 12:24:04.969, 0, 12288, 11777, 339
2026/09/10 12:24:05.192, 0, 12288, 11777, 339
2026/09/10 12:24:05.399, 0, 12288, 11777, 339
2026/09/10 12:24:05.606, 0, 12288, 11777, 339
2026/09/10 12:24:05.813, 0, 12288, 11777, 339
2026/09/10 12:24:06.021, 0, 12288, 11777, 339
2026/09/10 12:24:06.229, 0, 12288, 11777, 339
2026/09/10 12:24:06.436, 0, 12288, 11777, 339
2026/09/10 12:24:06.644, 0, 12288, 11777, 339
2026/09/10 12:24:06.852, 0, 12288, 11777, 339
2026/09/10 12:24:07.059, 0, 12288, 11777, 339
2026/09/10 12:24:07.264, 0, 12288, 11777, 339
2026/09/10 12:24:07.471, 0, 12288, 11777, 339
2026/09/10 12:24:07.679, 0, 12288, 11777, 339
2026/09/10 12:24:07.885, 0, 12288, 11777, 339
2026/09/10 12:24:08.092, 0, 12288, 11777, 339
2026/09/10 12:24:08.300, 0, 12288, 11777, 339
2026/09/10 12:24:08.508, 0, 12288, 11777, 339
2026/09/10 12:24:08.716, 0, 12288, 11777, 339
2026/09/10 12:24:08.924, 0, 12288, 11777, 339
2026/09/10 12:24:09.132, 0, 12288, 11777, 339
2026/09/10 12:24:09.338, 0, 12288, 11777, 339
2026/09/10 12:24:09.546, 0, 12288, 11777, 339
2026/09/10 12:24:09.754, 0, 12288, 11777, 339
2026/09/10 12:24:09.961, 0, 12288, 11777, 339
2026/09/10 12:24:10.169, 0, 12288, 11777, 339
2026/09/10 12:24:10.377, 0, 12288, 11777, 339
2026/09/10 12:24:10.584, 0, 12288, 11777, 339
2026/09/10 12:24:10.790, 0, 12288, 11777, 339
2026/09/10 12:24:10.997, 0, 12288, 11777, 339
2026/09/10 12:24:11.203, 0, 12288, 11777, 339
2026/09/10 12:24:11.411, 0, 12288, 11777, 339
2026/09/10 12:24:11.619, 0, 12288, 11777, 339
2026/09/10 12:24:11.826, 0, 12288, 11777, 339
2026/09/10 12:24:12.034, 0, 12288, 11777, 339
2026/09/10 12:24:12.242, 0, 12288, 11777, 339
2026/09/10 12:24:12.449, 0, 12288, 11777, 339
2026/09/10 12:24:12.656, 0, 12288, 11777, 339
2026/09/10 12:24:12.860, 0, 12288, 11777, 339
2026/09/10 12:24:13.068, 0, 12288, 11777, 339
2026/09/10 12:24:13.274, 0, 12288, 11777, 339
2026/09/10 12:24:13.480, 0, 12288, 11777, 339
2026/09/10 12:24:13.687, 0, 12288, 11777, 339
2026/09/10 12:24:13.894, 0, 12288, 11777, 339
2026/09/10 12:24:14.102, 0, 12288, 11777, 339
2026/09/10 12:24:14.309, 0, 12288, 11777, 339
2026/09/10 12:24:14.516, 0, 12288, 11777, 339
2026/09/10 12:24:14.724, 0, 12288, 11777, 339
2026/09/10 12:24:14.932, 0, 12288, 11777, 339
2026/09/10 12:24:15.140, 0, 12288, 11777, 339
2026/09/10 12:24:15.348, 0, 12288, 11777, 339
2026/09/10 12:24:15.555, 0, 12288, 11777, 339
2026/09/10 12:24:15.762, 0, 12288, 11777, 339
2026/09/10 12:24:15.968, 0, 12288, 11777, 339
2026/09/10 12:24:16.177, 0, 12288, 11777, 339
2026/09/10 12:24:16.385, 0, 12288, 11777, 339
2026/09/10 12:24:16.592, 0, 12288, 11777, 339
2026/09/10 12:24:16.800, 0, 12288, 11777, 339
2026/09/10 12:24:17.007, 0, 12288, 11777, 339
2026/09/10 12:24:17.215, 0, 12288, 11777, 339
2026/09/10 12:24:17.421, 0, 12288, 11777, 339
2026/09/10 12:24:17.628, 0, 12288, 11777, 339
2026/09/10 12:24:17.837, 0, 12288, 11777, 339
2026/09/10 12:24:18.043, 0, 12288, 11777, 339
2026/09/10 12:24:18.248, 0, 12288, 11777, 339
2026/09/10 12:24:18.454, 0, 12288, 11777, 339
2026/09/10 12:24:18.661, 0, 12288, 11777, 339
2026/09/10 12:24:18.867, 0, 12288, 11777, 339
2026/09/10 12:24:19.073, 0, 12288, 11777, 339
2026/09/10 12:24:19.278, 0, 12288, 11777, 339
2026/09/10 12:24:19.483, 0, 12288, 11777, 339
2026/09/10 12:24:19.690, 0, 12288, 11777, 339
2026/09/10 12:24:19.895, 0, 12288, 11777, 339
2026/09/10 12:24:20.102, 0, 12288, 11777, 339
2026/09/10 12:24:20.309, 0, 12288, 11777, 339
2026/09/10 12:24:20.513, 0, 12288, 11777, 339
2026/09/10 12:24:20.721, 0, 12288, 11777, 339
2026/09/10 12:24:20.927, 0, 12288, 11777, 339
2026/09/10 12:24:21.131, 0, 12288, 11777, 339
2026/09/10 12:24:21.337, 0, 12288, 11777, 339
2026/09/10 12:24:21.541, 0, 12288, 11777, 339
2026/09/10 12:24:21.745, 0, 12288, 11777, 339
2026/09/10 12:24:21.951, 0, 12288, 11777, 339
2026/09/10 12:24:22.157, 0, 12288, 11777, 339
2026/09/10 12:24:22.363, 0, 12288, 11777, 339
2026/09/10 12:24:22.570, 0, 12288, 11777, 339
2026/09/10 12:24:22.778, 0, 12288, 11777, 339
2026/09/10 12:24:22.985, 0, 12288, 11777, 339
2026/09/10 12:24:23.193, 0, 12288, 11777, 339
2026/09/10 12:24:23.401, 0, 12288, 11777, 339
2026/09/10 12:24:23.608, 0, 12288, 11777, 339
2026/09/10 12:24:23.815, 0, 12288, 11777, 339
2026/09/10 12:24:24.022, 0, 12288, 11777, 339
2026/09/10 12:24:24.229, 0, 12288, 11777, 339
2026/09/10 12:24:24.436, 0, 12288, 11777, 339
2026/09/10 12:24:24.644, 0, 12288, 11777, 339
2026/09/10 12:24:24.851, 0, 12288, 11777, 339
2026/09/10 12:24:25.059, 0, 12288, 11777, 339
2026/09/10 12:24:25.267, 0, 12288, 11777, 339
2026/09/10 12:24:25.474, 0, 12288, 11777, 339
2026/09/10 12:24:25.682, 0, 12288, 11777, 339
2026/09/10 12:24:25.890, 0, 12288, 11777, 339
2026/09/10 12:24:26.097, 0, 12288, 11777, 339
2026/09/10 12:24:26.305, 0, 12288, 11777, 339
2026/09/10 12:24:26.512, 0, 12288, 11777, 339
2026/09/10 12:24:26.719, 0, 12288, 11777, 339
2026/09/10 12:24:26.926, 0, 12288, 11777, 339
2026/09/10 12:24:27.133, 0, 12288, 11777, 339
2026/09/10 12:24:27.341, 0, 12288, 11777, 339
2026/09/10 12:24:27.549, 0, 12288, 11777, 339
2026/09/10 12:24:27.756, 0, 12288, 11777, 339
2026/09/10 12:24:27.964, 0, 12288, 11777, 339
2026/09/10 12:24:28.170, 0, 12288, 11777, 339
2026/09/10 12:24:28.378, 0, 12288, 11777, 339
2026/09/10 12:24:28.585, 0, 12288, 11777, 339
2026/09/10 12:24:28.792, 0, 12288, 11777, 339
2026/09/10 12:24:29.000, 0, 12288, 11777, 339
2026/09/10 12:24:29.207, 0, 12288, 11777, 339
2026/09/10 12:24:29.414, 0, 12288, 11777, 339
2026/09/10 12:24:29.618, 0, 12288, 11777, 339
2026/09/10 12:24:29.826, 0, 12288, 11777, 339
2026/09/10 12:24:30.033, 0, 12288, 11777, 339
2026/09/10 12:24:30.241, 0, 12288, 11777, 339
2026/09/10 12:24:30.448, 0, 12288, 11777, 339
2026/09/10 12:24:30.655, 0, 12288, 11777, 339
2026/09/10 12:24:30.862, 0, 12288, 11777, 339
2026/09/10 12:24:31.070, 0, 12288, 11777, 339
2026/09/10 12:24:31.278, 0, 12288, 11777, 339
2026/09/10 12:24:31.486, 0, 12288, 11777, 339
2026/09/10 12:24:31.694, 0, 12288, 11777, 339
2026/09/10 12:24:31.900, 0, 12288, 11777, 339
2026/09/10 12:24:32.108, 0, 12288, 11777, 339
2026/09/10 12:24:32.315, 0, 12288, 11777, 339
2026/09/10 12:24:32.522, 0, 12288, 11777, 339
2026/09/10 12:24:32.730, 0, 12288, 11777, 339
2026/09/10 12:24:32.938, 0, 12288, 11777, 339
2026/09/10 12:24:33.146, 0, 12288, 11777, 339
2026/09/10 12:24:33.354, 0, 12288, 11777, 339
2026/09/10 12:24:33.562, 0, 12288, 11777, 339
2026/09/10 12:24:33.769, 0, 12288, 11777, 339
2026/09/10 12:24:33.975, 0, 12288, 11777, 339
2026/09/10 12:24:34.183, 0, 12288, 11777, 339
2026/09/10 12:24:34.390, 0, 12288, 11777, 339
2026/09/10 12:24:34.598, 0, 12288, 11777, 339
2026/09/10 12:24:34.806, 0, 12288, 11777, 339
2026/09/10 12:24:35.014, 0, 12288, 11777, 339
2026/09/10 12:24:35.218, 0, 12288, 11777, 339
2026/09/10 12:24:35.426, 0, 12288, 11777, 339
2026/09/10 12:24:35.634, 0, 12288, 11777, 339
2026/09/10 12:24:35.842, 0, 12288, 11777, 339
2026/09/10 12:24:36.049, 0, 12288, 11777, 339
2026/09/10 12:24:36.257, 0, 12288, 11777, 339
2026/09/10 12:24:36.464, 0, 12288, 11777, 339
2026/09/10 12:24:36.671, 0, 12288, 11777, 339
2026/09/10 12:24:36.877, 0, 12288, 11777, 339
2026/09/10 12:24:37.085, 0, 12288, 11777, 339
2026/09/10 12:24:37.293, 0, 12288, 11777, 339
2026/09/10 12:24:37.500, 0, 12288, 11777, 339
2026/09/10 12:24:37.706, 0, 12288, 11777, 339
2026/09/10 12:24:37.914, 0, 12288, 11777, 339
2026/09/10 12:24:38.122, 0, 12288, 11777, 339
2026/09/10 12:24:38.330, 0, 12288, 11777, 339
2026/09/10 12:24:38.538, 0, 12288, 11777, 339
2026/09/10 12:24:38.746, 0, 12288, 11777, 339
2026/09/10 12:24:38.953, 0, 12288, 11777, 339
2026/09/10 12:24:39.161, 0, 12288, 11777, 339
2026/09/10 12:24:39.368, 0, 12288, 11777, 339
2026/09/10 12:24:39.576, 0, 12288, 11777, 339
2026/09/10 12:24:39.783, 0, 12288, 11777, 339
2026/09/10 12:24:39.991, 0, 12288, 11777, 339
2026/09/10 12:24:40.199, 0, 12288, 11777, 339
2026/09/10 12:24:40.407, 0, 12288, 11777, 339
2026/09/10 12:24:40.628, 0, 12288, 11777, 339
2026/09/10 12:24:40.834, 0, 12288, 11777, 339
2026/09/10 12:24:41.041, 0, 12288, 11777, 339
2026/09/10 12:24:41.246, 0, 12288, 11777, 339
2026/09/10 12:24:41.454, 0, 12288, 11777, 339
2026/09/10 12:24:41.662, 0, 12288, 11777, 339
2026/09/10 12:24:41.870, 0, 12288, 11777, 339
2026/09/10 12:24:42.077, 0, 12288, 11777, 339
2026/09/10 12:24:42.284, 0, 12288, 11777, 339
2026/09/10 12:24:42.490, 0, 12288, 11777, 339
2026/09/10 12:24:42.698, 0, 12288, 11777, 339
2026/09/10 12:24:42.905, 0, 12288, 11777, 339
2026/09/10 12:24:43.113, 0, 12288, 11777, 339
2026/09/10 12:24:43.321, 0, 12288, 11777, 339
2026/09/10 12:24:43.528, 0, 12288, 11777, 339
2026/09/10 12:24:43.735, 0, 12288, 11777, 339
2026/09/10 12:24:43.942, 0, 12288, 11777, 339
2026/09/10 12:24:44.150, 0, 12288, 11777, 339
2026/09/10 12:24:44.356, 0, 12288, 11777, 339
2026/09/10 12:24:44.563, 0, 12288, 11777, 339
2026/09/10 12:24:44.770, 0, 12288, 11777, 339
2026/09/10 12:24:44.979, 0, 12288, 11777, 339
2026/09/10 12:24:45.187, 0, 12288, 11777, 339
2026/09/10 12:24:45.394, 0, 12288, 11777, 339
2026/09/10 12:24:45.602, 0, 12288, 11777, 339
2026/09/10 12:24:45.809, 0, 12288, 11777, 339
2026/09/10 12:24:46.017, 0, 12288, 11777, 339
2026/09/10 12:24:46.223, 0, 12288, 11777, 339
2026/09/10 12:24:46.428, 0, 12288, 11777, 339
2026/09/10 12:24:46.636, 0, 12288, 11777, 339
2026/09/10 12:24:46.843, 0, 12288, 11777, 339
2026/09/10 12:24:47.050, 0, 12288, 11777, 339
2026/09/10 12:24:47.258, 0, 12288, 11777, 339
2026/09/10 12:24:47.464, 0, 12288, 11777, 339
2026/09/10 12:24:47.669, 0, 12288, 11777, 339
2026/09/10 12:24:47.876, 0, 12288, 11777, 339
2026/09/10 12:24:48.083, 0, 12288, 11777, 339
2026/09/10 12:24:48.291, 0, 12288, 11777, 339
2026/09/10 12:24:48.499, 0, 12288, 11777, 339
2026/09/10 12:24:48.706, 0, 12288, 11777, 339
2026/09/10 12:24:48.913, 0, 12288, 11777, 339
2026/09/10 12:24:49.120, 0, 12288, 11777, 339
2026/09/10 12:24:49.326, 0, 12288, 11777, 339
2026/09/10 12:24:49.534, 0, 12288, 11777, 339
2026/09/10 12:24:49.742, 0, 12288, 11777, 339
2026/09/10 12:24:49.950, 0, 12288, 11777, 339
2026/09/10 12:24:50.158, 0, 12288, 11777, 339
2026/09/10 12:24:50.365, 0, 12288, 11777, 339
2026/09/10 12:24:50.573, 0, 12288, 11777, 339
2026/09/10 12:24:50.780, 0, 12288, 11777, 339
2026/09/10 12:24:50.987, 0, 12288, 11777, 339
2026/09/10 12:24:51.195, 0, 12288, 11777, 339
2026/09/10 12:24:51.403, 0, 12288, 11777, 339
2026/09/10 12:24:51.610, 0, 12288, 11777, 339
2026/09/10 12:24:51.818, 0, 12288, 11777, 339
2026/09/10 12:24:52.023, 0, 12288, 11777, 339
2026/09/10 12:24:52.229, 0, 12288, 11777, 339
2026/09/10 12:24:52.436, 0, 12288, 11777, 339
2026/09/10 12:24:52.641, 0, 12288, 11777, 339
2026/09/10 12:24:52.849, 0, 12288, 11777, 339
2026/09/10 12:24:53.055, 0, 12288, 11777, 339
2026/09/10 12:24:53.262, 0, 12288, 11777, 339
2026/09/10 12:24:53.470, 0, 12288, 11777, 339
2026/09/10 12:24:53.678, 0, 12288, 11777, 339
2026/09/10 12:24:53.885, 0, 12288, 11777, 339
2026/09/10 12:24:54.092, 0, 12288, 11777, 339
2026/09/10 12:24:54.299, 0, 12288, 11777, 339
2026/09/10 12:24:54.507, 0, 12288, 11777, 339
2026/09/10 12:24:54.715, 0, 12288, 11777, 339
2026/09/10 12:24:54.923, 0, 12288, 11777, 339
2026/09/10 12:24:55.131, 0, 12288, 11777, 339
2026/09/10 12:24:55.339, 0, 12288, 11777, 339
2026/09/10 12:24:55.546, 0, 12288, 11777, 339
2026/09/10 12:24:55.753, 0, 12288, 11777, 339
2026/09/10 12:24:55.961, 0, 12288, 11777, 339
2026/09/10 12:24:56.168, 0, 12288, 11777, 339
2026/09/10 12:24:56.374, 0, 12288, 11777, 339
2026/09/10 12:24:56.582, 0, 12288, 11777, 339
2026/09/10 12:24:56.790, 0, 12288, 11777, 339
2026/09/10 12:24:56.998, 0, 12288, 11777, 339
2026/09/10 12:24:57.205, 0, 12288, 11777, 339
2026/09/10 12:24:57.412, 0, 12288, 11777, 339
2026/09/10 12:24:57.619, 0, 12288, 11777, 339
2026/09/10 12:24:57.827, 0, 12288, 11777, 339
2026/09/10 12:24:58.034, 0, 12288, 11777, 339
2026/09/10 12:24:58.241, 0, 12288, 11777, 339
2026/09/10 12:24:58.449, 0, 12288, 11777, 339
2026/09/10 12:24:58.656, 0, 12288, 11777, 339
2026/09/10 12:24:58.864, 0, 12288, 11777, 339
2026/09/10 12:24:59.072, 0, 12288, 11777, 339
2026/09/10 12:24:59.280, 0, 12288, 11777, 339
2026/09/10 12:24:59.488, 0, 12288, 11777, 339
2026/09/10 12:24:59.695, 0, 12288, 11777, 339
2026/09/10 12:24:59.902, 0, 12288, 11777, 339
2026/09/10 12:25:00.110, 0, 12288, 11777, 339
2026/09/10 12:25:00.318, 0, 12288, 11777, 339
2026/09/10 12:25:00.526, 0, 12288, 11777, 339
2026/09/10 12:25:00.734, 0, 12288, 11777, 339
2026/09/10 12:25:00.941, 0, 12288, 11777, 339
2026/09/10 12:25:01.149, 0, 12288, 11777, 339
2026/09/10 12:25:01.357, 0, 12288, 11777, 339
2026/09/10 12:25:01.565, 0, 12288, 11777, 339
2026/09/10 12:25:01.773, 0, 12288, 11777, 339
2026/09/10 12:25:01.981, 0, 12288, 11777, 339
2026/09/10 12:25:02.189, 0, 12288, 11777, 339
2026/09/10 12:25:02.396, 0, 12288, 11777, 339
2026/09/10 12:25:02.604, 0, 12288, 11777, 339
2026/09/10 12:25:02.812, 0, 12288, 11777, 339
2026/09/10 12:25:03.019, 0, 12288, 11777, 339
2026/09/10 12:25:03.224, 0, 12288, 11777, 339
2026/09/10 12:25:03.431, 0, 12288, 11777, 339
2026/09/10 12:25:03.637, 0, 12288, 11777, 339
2026/09/10 12:25:03.843, 0, 12288, 11777, 339
2026/09/10 12:25:04.048, 0, 12288, 11777, 339
2026/09/10 12:25:04.255, 0, 12288, 11777, 339
2026/09/10 12:25:04.462, 0, 12288, 11777, 339
2026/09/10 12:25:04.670, 0, 12288, 11777, 339
2026/09/10 12:25:04.878, 0, 12288, 11777, 339
2026/09/10 12:25:05.085, 0, 12288, 11777, 339
2026/09/10 12:25:05.292, 0, 12288, 11777, 339
2026/09/10 12:25:05.500, 0, 12288, 11777, 339
2026/09/10 12:25:05.708, 0, 12288, 11777, 339
2026/09/10 12:25:05.915, 0, 12288, 11777, 339
2026/09/10 12:25:06.119, 0, 12288, 11777, 339
2026/09/10 12:25:06.325, 0, 12288, 11777, 339
2026/09/10 12:25:06.533, 0, 12288, 11777, 339
2026/09/10 12:25:06.741, 0, 12288, 11777, 339
2026/09/10 12:25:06.949, 0, 12288, 11777, 339
2026/09/10 12:25:07.157, 0, 12288, 11777, 339
2026/09/10 12:25:07.365, 0, 12288, 11777, 339
2026/09/10 12:25:07.573, 0, 12288, 11777, 339
2026/09/10 12:25:07.779, 0, 12288, 11777, 339
2026/09/10 12:25:07.986, 0, 12288, 11777, 339
2026/09/10 12:25:08.194, 0, 12288, 11777, 339
2026/09/10 12:25:08.402, 0, 12288, 11777, 339
2026/09/10 12:25:08.607, 0, 12288, 11777, 339
2026/09/10 12:25:08.813, 0, 12288, 11777, 339
2026/09/10 12:25:09.021, 0, 12288, 11777, 339
2026/09/10 12:25:09.227, 0, 12288, 11777, 339
2026/09/10 12:25:09.435, 0, 12288, 11777, 339
2026/09/10 12:25:09.643, 0, 12288, 11777, 339
2026/09/10 12:25:09.850, 0, 12288, 11777, 339
2026/09/10 12:25:10.056, 0, 12288, 11777, 339
2026/09/10 12:25:10.264, 0, 12288, 11777, 339
2026/09/10 12:25:10.470, 0, 12288, 11777, 339
2026/09/10 12:25:10.678, 0, 12288, 11777, 339
2026/09/10 12:25:10.884, 0, 12288, 11777, 339
2026/09/10 12:25:11.091, 0, 12288, 11777, 339
2026/09/10 12:25:11.298, 0, 12288, 11777, 339
2026/09/10 12:25:11.505, 0, 12288, 11777, 339
2026/09/10 12:25:11.712, 0, 12288, 11777, 339
2026/09/10 12:25:11.920, 0, 12288, 11777, 339
2026/09/10 12:25:12.127, 0, 12288, 11777, 339
2026/09/10 12:25:12.333, 0, 12288, 11777, 339
2026/09/10 12:25:12.541, 0, 12288, 11777, 339
2026/09/10 12:25:12.749, 0, 12288, 11777, 339
2026/09/10 12:25:12.957, 0, 12288, 11777, 339
2026/09/10 12:25:13.164, 0, 12288, 11777, 339
2026/09/10 12:25:13.372, 0, 12288, 11777, 339
2026/09/10 12:25:13.580, 0, 12288, 11777, 339
2026/09/10 12:25:13.787, 0, 12288, 11777, 339
2026/09/10 12:25:13.994, 0, 12288, 11777, 339
2026/09/10 12:25:14.201, 0, 12288, 11777, 339
2026/09/10 12:25:14.407, 0, 12288, 11777, 339
2026/09/10 12:25:14.613, 0, 12288, 11777, 339
2026/09/10 12:25:14.821, 0, 12288, 11777, 339
2026/09/10 12:25:15.028, 0, 12288, 11777, 339
2026/09/10 12:25:15.236, 0, 12288, 11777, 339
2026/09/10 12:25:15.443, 0, 12288, 11777, 339
2026/09/10 12:25:15.651, 0, 12288, 11777, 339
2026/09/10 12:25:15.859, 0, 12288, 11777, 339
2026/09/10 12:25:16.067, 0, 12288, 11777, 339
2026/09/10 12:25:16.274, 0, 12288, 11777, 339
2026/09/10 12:25:16.482, 0, 12288, 11777, 339
2026/09/10 12:25:16.690, 0, 12288, 11777, 339
2026/09/10 12:25:16.898, 0, 12288, 11777, 339
2026/09/10 12:25:17.106, 0, 12288, 11777, 339
2026/09/10 12:25:17.312, 0, 12288, 11777, 339
2026/09/10 12:25:17.520, 0, 12288, 11777, 339
2026/09/10 12:25:17.728, 0, 12288, 11777, 339
2026/09/10 12:25:17.936, 0, 12288, 11777, 339
2026/09/10 12:25:18.144, 0, 12288, 11777, 339
2026/09/10 12:25:18.351, 0, 12288, 11777, 339
2026/09/10 12:25:18.558, 0, 12288, 11777, 339
2026/09/10 12:25:18.765, 0, 12288, 11777, 339
2026/09/10 12:25:18.971, 0, 12288, 11777, 339
2026/09/10 12:25:19.178, 0, 12288, 11777, 339
2026/09/10 12:25:19.386, 0, 12288, 11777, 339
2026/09/10 12:25:19.593, 0, 12288, 11777, 339
2026/09/10 12:25:19.799, 0, 12288, 11777, 339
2026/09/10 12:25:20.004, 0, 12288, 11777, 339
2026/09/10 12:25:20.211, 0, 12288, 11777, 339
2026/09/10 12:25:20.419, 0, 12288, 11777, 339
2026/09/10 12:25:20.626, 0, 12288, 11777, 339
2026/09/10 12:25:20.834, 0, 12288, 11777, 339
2026/09/10 12:25:21.040, 0, 12288, 11777, 339
2026/09/10 12:25:21.246, 0, 12288, 11777, 339
2026/09/10 12:25:21.453, 0, 12288, 11777, 339
2026/09/10 12:25:21.658, 0, 12288, 11777, 339
2026/09/10 12:25:21.866, 0, 12288, 11777, 339
2026/09/10 12:25:22.074, 0, 12288, 11777, 339
2026/09/10 12:25:22.277, 0, 12288, 11777, 339
2026/09/10 12:25:22.481, 0, 12288, 11777, 339
2026/09/10 12:25:22.687, 0, 12288, 11777, 339
2026/09/10 12:25:22.896, 0, 12288, 11777, 339
2026/09/10 12:25:23.103, 0, 12288, 11777, 339
2026/09/10 12:25:23.307, 0, 12288, 11777, 339
2026/09/10 12:25:23.515, 0, 12288, 11777, 339
2026/09/10 12:25:23.721, 0, 12288, 11777, 339
2026/09/10 12:25:23.928, 0, 12288, 11777, 339
2026/09/10 12:25:24.135, 0, 12288, 11777, 339
2026/09/10 12:25:24.337, 0, 12288, 11777, 339
2026/09/10 12:25:24.544, 0, 12288, 11777, 339
2026/09/10 12:25:24.751, 0, 12288, 11777, 339
2026/09/10 12:25:24.957, 0, 12288, 11777, 339
2026/09/10 12:25:25.165, 0, 12288, 11777, 339
2026/09/10 12:25:25.370, 0, 12288, 11777, 339
2026/09/10 12:25:25.576, 0, 12288, 11777, 339
2026/09/10 12:25:25.784, 0, 12288, 11777, 339
2026/09/10 12:25:25.991, 0, 12288, 11777, 339
2026/09/10 12:25:26.194, 0, 12288, 11777, 339
2026/09/10 12:25:26.397, 0, 12288, 11777, 339
2026/09/10 12:25:26.604, 0, 12288, 11777, 339
2026/09/10 12:25:26.810, 0, 12288, 11777, 339
2026/09/10 12:25:27.015, 0, 12288, 11777, 339
2026/09/10 12:25:27.223, 0, 12288, 11777, 339
2026/09/10 12:25:27.426, 0, 12288, 11777, 339
2026/09/10 12:25:27.632, 0, 12288, 11777, 339
2026/09/10 12:25:27.840, 0, 12288, 11777, 339
2026/09/10 12:25:28.046, 0, 12288, 11777, 339
2026/09/10 12:25:28.253, 0, 12288, 11777, 339
2026/09/10 12:25:28.459, 0, 12288, 11777, 339
2026/09/10 12:25:28.663, 0, 12288, 11777, 339
2026/09/10 12:25:28.871, 0, 12288, 11777, 339
2026/09/10 12:25:29.074, 0, 12288, 11777, 339
2026/09/10 12:25:29.280, 0, 12288, 11777, 339
2026/09/10 12:25:29.487, 0, 12288, 11777, 339
2026/09/10 12:25:29.690, 0, 12288, 11777, 339
2026/09/10 12:25:29.895, 0, 12288, 11777, 339
2026/09/10 12:25:30.100, 0, 12288, 11777, 339
2026/09/10 12:25:30.306, 0, 12288, 11777, 339
2026/09/10 12:25:30.511, 0, 12288, 11777, 339
2026/09/10 12:25:30.718, 0, 12288, 11777, 339
2026/09/10 12:25:30.925, 0, 12288, 11777, 339
2026/09/10 12:25:31.130, 0, 12288, 11777, 339
2026/09/10 12:25:31.337, 0, 12288, 11777, 339
2026/09/10 12:25:31.545, 0, 12288, 11777, 339
2026/09/10 12:25:31.751, 0, 12288, 11777, 339
2026/09/10 12:25:31.958, 0, 12288, 11777, 339
2026/09/10 12:25:32.166, 0, 12288, 11777, 339
2026/09/10 12:25:32.372, 0, 12288, 11777, 339
2026/09/10 12:25:32.578, 0, 12288, 11777, 339
2026/09/10 12:25:32.786, 0, 12288, 11777, 339
2026/09/10 12:25:32.994, 0, 12288, 11777, 339
2026/09/10 12:25:33.202, 0, 12288, 11777, 339
2026/09/10 12:25:33.409, 0, 12288, 11777, 339
2026/09/10 12:25:33.616, 0, 12288, 11777, 339
2026/09/10 12:25:33.824, 0, 12288, 11777, 339
2026/09/10 12:25:34.031, 0, 12288, 11777, 339
2026/09/10 12:25:34.239, 0, 12288, 11777, 339
2026/09/10 12:25:34.446, 0, 12288, 11777, 339
2026/09/10 12:25:34.654, 0, 12288, 11777, 339
2026/09/10 12:25:34.861, 0, 12288, 11777, 339
2026/09/10 12:25:35.068, 0, 12288, 11777, 339
2026/09/10 12:25:35.275, 0, 12288, 11777, 339
2026/09/10 12:25:35.482, 0, 12288, 11777, 339
2026/09/10 12:25:35.690, 0, 12288, 11777, 339
2026/09/10 12:25:35.897, 0, 12288, 11777, 339
2026/09/10 12:25:36.105, 0, 12288, 11777, 339
2026/09/10 12:25:36.312, 0, 12288, 11777, 339
2026/09/10 12:25:36.519, 0, 12288, 11777, 339
2026/09/10 12:25:36.723, 0, 12288, 11777, 339
2026/09/10 12:25:36.931, 0, 12288, 11777, 339
2026/09/10 12:25:37.139, 0, 12288, 11777, 339
2026/09/10 12:25:37.347, 0, 12288, 11777, 339
2026/09/10 12:25:37.555, 0, 12288, 11777, 339
2026/09/10 12:25:37.761, 0, 12288, 11777, 339
2026/09/10 12:25:37.969, 0, 12288, 11777, 339
2026/09/10 12:25:38.177, 0, 12288, 11777, 339
2026/09/10 12:25:38.385, 0, 12288, 11777, 339
2026/09/10 12:25:38.593, 0, 12288, 11777, 339
2026/09/10 12:25:38.800, 0, 12288, 11777, 339
2026/09/10 12:25:39.007, 0, 12288, 11777, 339
2026/09/10 12:25:39.214, 0, 12288, 11777, 339
2026/09/10 12:25:39.421, 0, 12288, 11777, 339
2026/09/10 12:25:39.629, 0, 12288, 11777, 339
2026/09/10 12:25:39.837, 0, 12288, 11777, 339
2026/09/10 12:25:40.045, 0, 12288, 11777, 339
2026/09/10 12:25:40.253, 0, 12288, 11777, 339
2026/09/10 12:25:40.460, 0, 12288, 11777, 339
2026/09/10 12:25:40.667, 0, 12288, 11777, 339
2026/09/10 12:25:40.875, 0, 12288, 11777, 339
2026/09/10 12:25:41.082, 0, 12288, 11777, 339
2026/09/10 12:25:41.289, 0, 12288, 11777, 339
2026/09/10 12:25:41.496, 0, 12288, 11777, 339
2026/09/10 12:25:41.703, 0, 12288, 11777, 339
2026/09/10 12:25:41.911, 0, 12288, 11777, 339
2026/09/10 12:25:42.118, 0, 12288, 11777, 339
2026/09/10 12:25:42.323, 0, 12288, 11777, 339
2026/09/10 12:25:42.529, 0, 12288, 11777, 339
2026/09/10 12:25:42.737, 0, 12288, 11777, 339
2026/09/10 12:25:42.945, 0, 12288, 11777, 339
2026/09/10 12:25:43.153, 0, 12288, 11777, 339
2026/09/10 12:25:43.360, 0, 12288, 11777, 339
2026/09/10 12:25:43.568, 0, 12288, 11777, 339
2026/09/10 12:25:43.775, 0, 12288, 11777, 339
2026/09/10 12:25:43.982, 0, 12288, 11777, 339
2026/09/10 12:25:44.190, 0, 12288, 11777, 339
2026/09/10 12:25:44.398, 0, 12288, 11777, 339
2026/09/10 12:25:44.604, 0, 12288, 11777, 339
2026/09/10 12:25:44.812, 0, 12288, 11777, 339
2026/09/10 12:25:45.019, 0, 12288, 11777, 339
2026/09/10 12:25:45.227, 0, 12288, 11777, 339
2026/09/10 12:25:45.435, 0, 12288, 11777, 339
2026/09/10 12:25:45.643, 0, 12288, 11777, 339
2026/09/10 12:25:45.850, 0, 12288, 11777, 339
2026/09/10 12:25:46.058, 0, 12288, 11777, 339
2026/09/10 12:25:46.265, 0, 12288, 11777, 339
2026/09/10 12:25:46.473, 0, 12288, 11777, 339
2026/09/10 12:25:46.680, 0, 12288, 11777, 339
2026/09/10 12:25:46.888, 0, 12288, 11777, 339
2026/09/10 12:25:47.096, 0, 12288, 11777, 339
2026/09/10 12:25:47.304, 0, 12288, 11777, 339
2026/09/10 12:25:47.510, 0, 12288, 11777, 339
2026/09/10 12:25:47.717, 0, 12288, 11777, 339
2026/09/10 12:25:47.922, 0, 12288, 11777, 339
2026/09/10 12:25:48.130, 0, 12288, 11777, 339
2026/09/10 12:25:48.337, 0, 12288, 11777, 339
2026/09/10 12:25:48.542, 0, 12288, 11777, 339
2026/09/10 12:25:48.748, 0, 12288, 11777, 339
2026/09/10 12:25:48.953, 0, 12288, 11777, 339
2026/09/10 12:25:49.160, 0, 12288, 11777, 339
2026/09/10 12:25:49.368, 0, 12288, 11777, 339
2026/09/10 12:25:49.576, 0, 12288, 11777, 339
2026/09/10 12:25:49.784, 0, 12288, 11777, 339
2026/09/10 12:25:49.991, 0, 12288, 11777, 339
2026/09/10 12:25:50.197, 0, 12288, 11777, 339
2026/09/10 12:25:50.406, 0, 12288, 11777, 339
2026/09/10 12:25:50.614, 0, 12288, 11777, 339
2026/09/10 12:25:50.822, 0, 12288, 11777, 339
2026/09/10 12:25:51.029, 0, 12288, 11777, 339
2026/09/10 12:25:51.236, 0, 12288, 11777, 339
2026/09/10 12:25:51.444, 0, 12288, 11777, 339
2026/09/10 12:25:51.650, 0, 12288, 11777, 339
2026/09/10 12:25:51.858, 0, 12288, 11777, 339
2026/09/10 12:25:52.066, 0, 12288, 11777, 339
2026/09/10 12:25:52.274, 0, 12288, 11777, 339
2026/09/10 12:25:52.482, 0, 12288, 11777, 339
2026/09/10 12:25:52.689, 0, 12288, 11777, 339
2026/09/10 12:25:52.897, 0, 12288, 11777, 339
2026/09/10 12:25:53.105, 0, 12288, 11777, 339
2026/09/10 12:25:53.313, 0, 12288, 11777, 339
2026/09/10 12:25:53.518, 0, 12288, 11777, 339
2026/09/10 12:25:53.725, 0, 12288, 11777, 339
2026/09/10 12:25:53.931, 0, 12288, 11777, 339
2026/09/10 12:25:54.138, 0, 12288, 11777, 339
2026/09/10 12:25:54.345, 0, 12288, 11777, 339
2026/09/10 12:25:54.553, 0, 12288, 11777, 339
2026/09/10 12:25:54.760, 0, 12288, 11777, 339
2026/09/10 12:25:54.968, 0, 12288, 11777, 339
2026/09/10 12:25:55.176, 0, 12288, 11777, 339
2026/09/10 12:25:55.384, 0, 12288, 11777, 339
2026/09/10 12:25:55.606, 0, 12288, 11777, 339
2026/09/10 12:25:55.813, 0, 12288, 11777, 339
2026/09/10 12:25:56.021, 0, 12288, 11777, 339
2026/09/10 12:25:56.228, 0, 12288, 11777, 339
2026/09/10 12:25:56.436, 0, 12288, 11777, 339
2026/09/10 12:25:56.643, 0, 12288, 11777, 339
2026/09/10 12:25:56.850, 0, 12288, 11777, 339
2026/09/10 12:25:57.058, 0, 12288, 11777, 339
2026/09/10 12:25:57.266, 0, 12288, 11777, 339
2026/09/10 12:25:57.471, 0, 12288, 11777, 339
2026/09/10 12:25:57.678, 0, 12288, 11777, 339
2026/09/10 12:25:57.886, 0, 12288, 11777, 339
2026/09/10 12:25:58.093, 0, 12288, 11777, 339
2026/09/10 12:25:58.301, 0, 12288, 11777, 339
2026/09/10 12:25:58.508, 0, 12288, 11777, 339
2026/09/10 12:25:58.716, 0, 12288, 11777, 339
2026/09/10 12:25:58.921, 0, 12288, 11777, 339
2026/09/10 12:25:59.126, 0, 12288, 11777, 339
2026/09/10 12:25:59.334, 0, 12288, 11777, 339
2026/09/10 12:25:59.541, 0, 12288, 11777, 339
2026/09/10 12:25:59.748, 0, 12288, 11777, 339
2026/09/10 12:25:59.955, 0, 12288, 11777, 339
2026/09/10 12:26:00.163, 0, 12288, 11777, 339
2026/09/10 12:26:00.371, 0, 12288, 11777, 339
2026/09/10 12:26:00.579, 0, 12288, 11777, 339
2026/09/10 12:26:00.786, 0, 12288, 11777, 339
2026/09/10 12:26:00.993, 0, 12288, 11777, 339
2026/09/10 12:26:01.200, 0, 12288, 11777, 339
2026/09/10 12:26:01.407, 0, 12288, 11777, 339
2026/09/10 12:26:01.614, 0, 12288, 11777, 339
2026/09/10 12:26:01.822, 0, 12288, 11777, 339
2026/09/10 12:26:02.029, 0, 12288, 11777, 339
2026/09/10 12:26:02.235, 0, 12288, 11777, 339
2026/09/10 12:26:02.442, 0, 12288, 11777, 339
2026/09/10 12:26:02.650, 0, 12288, 11777, 339
2026/09/10 12:26:02.858, 0, 12288, 11777, 339
2026/09/10 12:26:03.066, 0, 12288, 11777, 339
2026/09/10 12:26:03.273, 0, 12288, 11777, 339
2026/09/10 12:26:03.481, 0, 12288, 11777, 339
2026/09/10 12:26:03.688, 0, 12288, 11777, 339
2026/09/10 12:26:03.894, 0, 12288, 11777, 339
2026/09/10 12:26:04.102, 0, 12288, 11777, 339
2026/09/10 12:26:04.310, 0, 12288, 11777, 339
2026/09/10 12:26:04.516, 0, 12288, 11777, 339
2026/09/10 12:26:04.724, 0, 12288, 11777, 339
2026/09/10 12:26:04.932, 0, 12288, 11777, 339
2026/09/10 12:26:05.139, 0, 12288, 11777, 339
2026/09/10 12:26:05.346, 0, 12288, 11777, 339
2026/09/10 12:26:05.554, 0, 12288, 11777, 339
2026/09/10 12:26:05.762, 0, 12288, 11777, 339
2026/09/10 12:26:05.970, 0, 12288, 11777, 339
2026/09/10 12:26:06.178, 0, 12288, 11777, 339
2026/09/10 12:26:06.386, 0, 12288, 11777, 339
2026/09/10 12:26:06.594, 0, 12288, 11777, 339
2026/09/10 12:26:06.801, 0, 12288, 11777, 339
2026/09/10 12:26:07.008, 0, 12288, 11777, 339
2026/09/10 12:26:07.216, 0, 12288, 11777, 339
2026/09/10 12:26:07.424, 0, 12288, 11777, 339
2026/09/10 12:26:07.632, 0, 12288, 11777, 339
2026/09/10 12:26:07.838, 0, 12288, 11777, 339
2026/09/10 12:26:08.044, 0, 12288, 11777, 339
2026/09/10 12:26:08.252, 0, 12288, 11777, 339
2026/09/10 12:26:08.460, 0, 12288, 11777, 339
2026/09/10 12:26:08.667, 0, 12288, 11777, 339
2026/09/10 12:26:08.875, 0, 12288, 11777, 339
2026/09/10 12:26:09.082, 0, 12288, 11777, 339
2026/09/10 12:26:09.288, 0, 12288, 11777, 339
2026/09/10 12:26:09.496, 0, 12288, 11777, 339
2026/09/10 12:26:09.704, 0, 12288, 11777, 339
2026/09/10 12:26:09.912, 0, 12288, 11777, 339
2026/09/10 12:26:10.118, 0, 12288, 11777, 339
2026/09/10 12:26:10.325, 0, 12288, 11777, 339
2026/09/10 12:26:10.532, 0, 12288, 11777, 339
2026/09/10 12:26:10.739, 0, 12288, 11777, 339
2026/09/10 12:26:10.947, 0, 12288, 11777, 339
2026/09/10 12:26:11.155, 0, 12288, 11777, 339
2026/09/10 12:26:11.362, 0, 12288, 11777, 339
2026/09/10 12:26:11.570, 0, 12288, 11777, 339
2026/09/10 12:26:11.776, 0, 12288, 11777, 339
2026/09/10 12:26:11.983, 0, 12288, 11777, 339
2026/09/10 12:26:12.191, 0, 12288, 11777, 339
2026/09/10 12:26:12.397, 0, 12288, 11777, 339
2026/09/10 12:26:12.605, 0, 12288, 11777, 339
2026/09/10 12:26:12.813, 0, 12288, 11777, 339
2026/09/10 12:26:13.021, 0, 12288, 11777, 339
2026/09/10 12:26:13.228, 0, 12288, 11777, 339
2026/09/10 12:26:13.436, 0, 12288, 11777, 339
2026/09/10 12:26:13.643, 0, 12288, 11777, 339
2026/09/10 12:26:13.851, 0, 12288, 11777, 339
2026/09/10 12:26:14.057, 0, 12288, 11777, 339
2026/09/10 12:26:14.265, 0, 12288, 11777, 339
2026/09/10 12:26:14.472, 0, 12288, 11777, 339
2026/09/10 12:26:14.680, 0, 12288, 11777, 339
2026/09/10 12:26:14.886, 0, 12288, 11777, 339
2026/09/10 12:26:15.092, 0, 12288, 11777, 339
2026/09/10 12:26:15.300, 0, 12288, 11777, 339
2026/09/10 12:26:15.507, 0, 12288, 11777, 339
2026/09/10 12:26:15.713, 0, 12288, 11777, 339
2026/09/10 12:26:15.919, 0, 12288, 11777, 339
2026/09/10 12:26:16.127, 0, 12288, 11777, 339
2026/09/10 12:26:16.335, 0, 12288, 11777, 339
2026/09/10 12:26:16.543, 0, 12288, 11777, 339
2026/09/10 12:26:16.751, 0, 12288, 11777, 339
2026/09/10 12:26:16.958, 0, 12288, 11777, 339
2026/09/10 12:26:17.164, 0, 12288, 11777, 339
2026/09/10 12:26:17.370, 0, 12288, 11777, 339
2026/09/10 12:26:17.574, 0, 12288, 11777, 339
2026/09/10 12:26:17.778, 0, 12288, 11777, 339
2026/09/10 12:26:17.983, 0, 12288, 11777, 339
2026/09/10 12:26:18.189, 0, 12288, 11777, 339
2026/09/10 12:26:18.397, 0, 12288, 11777, 339
2026/09/10 12:26:18.600, 0, 12288, 11777, 339
2026/09/10 12:26:18.806, 0, 12288, 11777, 339
2026/09/10 12:26:19.013, 0, 12288, 11777, 339
2026/09/10 12:26:19.218, 0, 12288, 11777, 339
2026/09/10 12:26:19.425, 0, 12288, 11777, 339
2026/09/10 12:26:19.628, 0, 12288, 11777, 339
2026/09/10 12:26:19.836, 0, 12288, 11777, 339
2026/09/10 12:26:20.043, 0, 12288, 11777, 339
2026/09/10 12:26:20.247, 0, 12288, 11777, 339
2026/09/10 12:26:20.455, 0, 12288, 11777, 339
2026/09/10 12:26:20.660, 0, 12288, 11777, 339
2026/09/10 12:26:20.868, 0, 12288, 11777, 339
2026/09/10 12:26:21.075, 0, 12288, 11777, 339
2026/09/10 12:26:21.279, 0, 12288, 11777, 339
2026/09/10 12:26:21.484, 0, 12288, 11777, 339
2026/09/10 12:26:21.690, 0, 12288, 11777, 339
2026/09/10 12:26:21.896, 0, 12288, 11777, 339
2026/09/10 12:26:22.101, 0, 12288, 11777, 339
2026/09/10 12:26:22.307, 0, 12288, 11777, 339
2026/09/10 12:26:22.515, 0, 12288, 11777, 339
2026/09/10 12:26:22.722, 0, 12288, 11777, 339
2026/09/10 12:26:22.930, 0, 12288, 11777, 339
2026/09/10 12:26:23.138, 0, 12288, 11777, 339
2026/09/10 12:26:23.346, 0, 12288, 11777, 339
2026/09/10 12:26:23.553, 0, 12288, 11777, 339
2026/09/10 12:26:23.761, 0, 12288, 11777, 339
2026/09/10 12:26:23.969, 0, 12288, 11777, 339
2026/09/10 12:26:24.176, 0, 12288, 11777, 339
2026/09/10 12:26:24.384, 0, 12288, 11777, 339
2026/09/10 12:26:24.591, 0, 12288, 11777, 339
2026/09/10 12:26:24.799, 0, 12288, 11777, 339
2026/09/10 12:26:25.007, 0, 12288, 11777, 339
2026/09/10 12:26:25.215, 0, 12288, 11777, 339
2026/09/10 12:26:25.422, 0, 12288, 11777, 339
2026/09/10 12:26:25.629, 0, 12288, 11777, 339
2026/09/10 12:26:25.837, 0, 12288, 11777, 339
2026/09/10 12:26:26.044, 0, 12288, 11777, 339
2026/09/10 12:26:26.252, 0, 12288, 11777, 339
2026/09/10 12:26:26.459, 0, 12288, 11777, 339
2026/09/10 12:26:26.666, 0, 12288, 11777, 339
2026/09/10 12:26:26.874, 0, 12288, 11777, 339
2026/09/10 12:26:27.077, 0, 12288, 11777, 339
2026/09/10 12:26:27.285, 0, 12288, 11777, 339
2026/09/10 12:26:27.493, 0, 12288, 11777, 339
2026/09/10 12:26:27.700, 0, 12288, 11777, 339
2026/09/10 12:26:27.907, 0, 12288, 11777, 339
2026/09/10 12:26:28.114, 0, 12288, 11777, 339
2026/09/10 12:26:28.322, 0, 12288, 11777, 339
2026/09/10 12:26:28.530, 0, 12288, 11777, 339
2026/09/10 12:26:28.738, 0, 12288, 11777, 339
2026/09/10 12:26:28.946, 0, 12288, 11777, 339
2026/09/10 12:26:29.153, 0, 12288, 11777, 339
2026/09/10 12:26:29.361, 0, 12288, 11777, 339
2026/09/10 12:26:29.569, 0, 12288, 11777, 339
2026/09/10 12:26:29.777, 0, 12288, 11777, 339
2026/09/10 12:26:29.985, 0, 12288, 11777, 339
2026/09/10 12:26:30.193, 0, 12288, 11777, 339
2026/09/10 12:26:30.401, 0, 12288, 11777, 339
2026/09/10 12:26:30.609, 0, 12288, 11777, 339
2026/09/10 12:26:30.817, 0, 12288, 11777, 339
2026/09/10 12:26:31.040, 0, 12288, 11777, 339
2026/09/10 12:26:31.246, 0, 12288, 11777, 339
2026/09/10 12:26:31.453, 0, 12288, 11777, 339
2026/09/10 12:26:31.661, 0, 12288, 11777, 339
2026/09/10 12:26:31.869, 0, 12288, 11777, 339
2026/09/10 12:26:32.077, 0, 12288, 11777, 339
2026/09/10 12:26:32.283, 0, 12288, 11777, 339
2026/09/10 12:26:32.488, 0, 12288, 11777, 339
2026/09/10 12:26:32.696, 0, 12288, 11777, 339
2026/09/10 12:26:32.904, 0, 12288, 11777, 339
2026/09/10 12:26:33.111, 0, 12288, 11777, 339
2026/09/10 12:26:33.319, 0, 12288, 11777, 339
2026/09/10 12:26:33.526, 0, 12288, 11777, 339
2026/09/10 12:26:33.733, 0, 12288, 11777, 339
2026/09/10 12:26:33.940, 0, 12288, 11777, 339
2026/09/10 12:26:34.148, 0, 12288, 11777, 339
2026/09/10 12:26:34.356, 0, 12288, 11777, 339
2026/09/10 12:26:34.564, 0, 12288, 11777, 339
2026/09/10 12:26:34.772, 0, 12288, 11777, 339
2026/09/10 12:26:34.979, 0, 12288, 11777, 339
2026/09/10 12:26:35.186, 0, 12288, 11777, 339
2026/09/10 12:26:35.394, 0, 12288, 11777, 339
2026/09/10 12:26:35.602, 0, 12288, 11777, 339
2026/09/10 12:26:35.810, 0, 12288, 11777, 339
2026/09/10 12:26:36.018, 0, 12288, 11777, 339
2026/09/10 12:26:36.226, 0, 12288, 11777, 339
2026/09/10 12:26:36.433, 0, 12288, 11777, 339
2026/09/10 12:26:36.641, 0, 12288, 11777, 339
2026/09/10 12:26:36.848, 0, 12288, 11777, 339
2026/09/10 12:26:37.055, 0, 12288, 11777, 339
2026/09/10 12:26:37.262, 0, 12288, 11777, 339
2026/09/10 12:26:37.470, 0, 12288, 11777, 339
2026/09/10 12:26:37.677, 0, 12288, 11777, 339
2026/09/10 12:26:37.883, 0, 12288, 11777, 339
2026/09/10 12:26:38.089, 0, 12288, 11777, 339
2026/09/10 12:26:38.297, 0, 12288, 11777, 339
2026/09/10 12:26:38.505, 0, 12288, 11777, 339
2026/09/10 12:26:38.713, 0, 12288, 11777, 339
2026/09/10 12:26:38.921, 0, 12288, 11777, 339
2026/09/10 12:26:39.129, 0, 12288, 11777, 339
2026/09/10 12:26:39.336, 0, 12288, 11777, 339
2026/09/10 12:26:39.542, 0, 12288, 11777, 339
2026/09/10 12:26:39.749, 0, 12288, 11777, 339
2026/09/10 12:26:39.957, 0, 12288, 11777, 339
2026/09/10 12:26:40.165, 0, 12288, 11777, 339
2026/09/10 12:26:40.373, 0, 12288, 11777, 339
2026/09/10 12:26:40.580, 0, 12288, 11777, 339
2026/09/10 12:26:40.788, 0, 12288, 11777, 339
2026/09/10 12:26:40.996, 0, 12288, 11777, 339
2026/09/10 12:26:41.204, 0, 12288, 11777, 339
2026/09/10 12:26:41.411, 0, 12288, 11777, 339
2026/09/10 12:26:41.619, 0, 12288, 11777, 339
2026/09/10 12:26:41.826, 0, 12288, 11777, 339
2026/09/10 12:26:42.033, 0, 12288, 11777, 339
2026/09/10 12:26:42.238, 0, 12288, 11777, 339
2026/09/10 12:26:42.446, 0, 12288, 11777, 339
2026/09/10 12:26:42.654, 0, 12288, 11777, 339
2026/09/10 12:26:42.861, 0, 12288, 11777, 339
2026/09/10 12:26:43.069, 0, 12288, 11777, 339
2026/09/10 12:26:43.276, 0, 12288, 11777, 339
2026/09/10 12:26:43.483, 0, 12288, 11777, 339
2026/09/10 12:26:43.689, 0, 12288, 11777, 339
2026/09/10 12:26:43.896, 0, 12288, 11777, 339
2026/09/10 12:26:44.103, 0, 12288, 11777, 339
2026/09/10 12:26:44.306, 0, 12288, 11777, 339
2026/09/10 12:26:44.512, 0, 12288, 11777, 339
2026/09/10 12:26:44.720, 0, 12288, 11777, 339
2026/09/10 12:26:44.928, 0, 12288, 11777, 339
2026/09/10 12:26:45.135, 0, 12288, 11777, 339
2026/09/10 12:26:45.343, 0, 12288, 11777, 339
2026/09/10 12:26:45.551, 0, 12288, 11777, 339
2026/09/10 12:26:45.759, 0, 12288, 11777, 339
2026/09/10 12:26:45.965, 0, 12288, 11777, 339
2026/09/10 12:26:46.172, 0, 12288, 11777, 339
2026/09/10 12:26:46.378, 0, 12288, 11777, 339
2026/09/10 12:26:46.585, 0, 12288, 11777, 339
2026/09/10 12:26:46.793, 0, 12288, 11777, 339
2026/09/10 12:26:47.000, 0, 12288, 11777, 339
2026/09/10 12:26:47.208, 0, 12288, 11777, 339
2026/09/10 12:26:47.415, 0, 12288, 11777, 339
2026/09/10 12:26:47.623, 0, 12288, 11777, 339
2026/09/10 12:26:47.831, 0, 12288, 11777, 339
2026/09/10 12:26:48.038, 0, 12288, 11777, 339
2026/09/10 12:26:48.246, 0, 12288, 11777, 339
2026/09/10 12:26:48.454, 0, 12288, 11777, 339
2026/09/10 12:26:48.661, 0, 12288, 11777, 339
2026/09/10 12:26:48.869, 0, 12288, 11777, 339
2026/09/10 12:26:49.077, 0, 12288, 11777, 339
2026/09/10 12:26:49.283, 0, 12288, 11777, 339
2026/09/10 12:26:49.489, 0, 12288, 11777, 339
2026/09/10 12:26:49.695, 0, 12288, 11777, 339
2026/09/10 12:26:49.903, 0, 12288, 11777, 339
2026/09/10 12:26:50.110, 0, 12288, 11777, 339
2026/09/10 12:26:50.318, 0, 12288, 11777, 339
2026/09/10 12:26:50.525, 0, 12288, 11777, 339
2026/09/10 12:26:50.733, 0, 12288, 11777, 339
2026/09/10 12:26:50.941, 0, 12288, 11777, 339
2026/09/10 12:26:51.148, 0, 12288, 11777, 339
2026/09/10 12:26:51.355, 0, 12288, 11777, 339
2026/09/10 12:26:51.563, 0, 12288, 11777, 339
2026/09/10 12:26:51.770, 0, 12288, 11777, 339
2026/09/10 12:26:51.977, 0, 12288, 11777, 339
2026/09/10 12:26:52.185, 0, 12288, 11777, 339
2026/09/10 12:26:52.392, 0, 12288, 11777, 339
2026/09/10 12:26:52.600, 0, 12288, 11777, 339
2026/09/10 12:26:52.807, 0, 12288, 11777, 339
2026/09/10 12:26:53.014, 0, 12288, 11777, 339
2026/09/10 12:26:53.222, 0, 12288, 11777, 339
2026/09/10 12:26:53.430, 0, 12288, 11777, 339
2026/09/10 12:26:53.638, 0, 12288, 11777, 339
2026/09/10 12:26:53.846, 0, 12288, 11777, 339
2026/09/10 12:26:54.052, 0, 12288, 11777, 339
2026/09/10 12:26:54.260, 0, 12288, 11777, 339
2026/09/10 12:26:54.468, 0, 12288, 11777, 339
2026/09/10 12:26:54.676, 0, 12288, 11777, 339
2026/09/10 12:26:54.879, 0, 12288, 11777, 339
2026/09/10 12:26:55.086, 0, 12288, 11777, 339
2026/09/10 12:26:55.294, 0, 12288, 11777, 339
2026/09/10 12:26:55.501, 0, 12288, 11777, 339
2026/09/10 12:26:55.707, 0, 12288, 11777, 339
2026/09/10 12:26:55.913, 0, 12288, 11777, 339
2026/09/10 12:26:56.121, 0, 12288, 11777, 339
2026/09/10 12:26:56.328, 0, 12288, 11777, 339
2026/09/10 12:26:56.536, 0, 12288, 11777, 339
2026/09/10 12:26:56.743, 0, 12288, 11777, 339
2026/09/10 12:26:56.950, 0, 12288, 11777, 339
2026/09/10 12:26:57.158, 0, 12288, 11777, 339
2026/09/10 12:26:57.366, 0, 12288, 11777, 339
2026/09/10 12:26:57.574, 0, 12288, 11777, 339
2026/09/10 12:26:57.782, 0, 12288, 11777, 339
2026/09/10 12:26:57.990, 0, 12288, 11777, 339
2026/09/10 12:26:58.198, 0, 12288, 11777, 339
2026/09/10 12:26:58.406, 0, 12288, 11777, 339
2026/09/10 12:26:58.614, 0, 12288, 11777, 339
2026/09/10 12:26:58.821, 0, 12288, 11777, 339
2026/09/10 12:26:59.029, 0, 12288, 11777, 339
2026/09/10 12:26:59.236, 0, 12288, 11777, 339
2026/09/10 12:26:59.444, 0, 12288, 11777, 339
2026/09/10 12:26:59.668, 0, 12288, 11777, 339
2026/09/10 12:26:59.874, 0, 12288, 11777, 339
2026/09/10 12:27:00.082, 0, 12288, 11777, 339
2026/09/10 12:27:00.290, 0, 12288, 11777, 339
2026/09/10 12:27:00.496, 0, 12288, 11777, 339
2026/09/10 12:27:00.703, 0, 12288, 11777, 339
2026/09/10 12:27:00.910, 0, 12288, 11777, 339
2026/09/10 12:27:01.115, 0, 12288, 11777, 339
2026/09/10 12:27:01.322, 0, 12288, 11777, 339
2026/09/10 12:27:01.529, 0, 12288, 11777, 339
2026/09/10 12:27:01.738, 0, 12288, 11777, 339
2026/09/10 12:27:01.943, 0, 12288, 11777, 339
2026/09/10 12:27:02.150, 0, 12288, 11777, 339
2026/09/10 12:27:02.357, 0, 12288, 11777, 339
2026/09/10 12:27:02.565, 0, 12288, 11777, 339
2026/09/10 12:27:02.772, 0, 12288, 11777, 339
2026/09/10 12:27:02.979, 0, 12288, 11777, 339
2026/09/10 12:27:03.187, 0, 12288, 11777, 339
2026/09/10 12:27:03.395, 0, 12288, 11777, 339
2026/09/10 12:27:03.601, 0, 12288, 11777, 339
2026/09/10 12:27:03.809, 0, 12288, 11777, 339
2026/09/10 12:27:04.016, 0, 12288, 11777, 339
2026/09/10 12:27:04.224, 0, 12288, 11777, 339
2026/09/10 12:27:04.432, 0, 12288, 11777, 339
2026/09/10 12:27:04.638, 0, 12288, 11777, 339
2026/09/10 12:27:04.846, 0, 12288, 11777, 339
2026/09/10 12:27:05.050, 0, 12288, 11777, 339
2026/09/10 12:27:05.253, 0, 12288, 11777, 339
2026/09/10 12:27:05.458, 0, 12288, 11777, 339
2026/09/10 12:27:05.664, 0, 12288, 11777, 339
2026/09/10 12:27:05.871, 0, 12288, 11777, 339
2026/09/10 12:27:06.076, 0, 12288, 11777, 339
2026/09/10 12:27:06.282, 0, 12288, 11777, 339
2026/09/10 12:27:06.490, 0, 12288, 11777, 339
2026/09/10 12:27:06.694, 0, 12288, 11777, 339
2026/09/10 12:27:06.902, 0, 12288, 11777, 339
2026/09/10 12:27:07.106, 0, 12288, 11777, 339
2026/09/10 12:27:07.313, 0, 12288, 11777, 339
2026/09/10 12:27:07.521, 0, 12288, 11777, 339
2026/09/10 12:27:07.725, 0, 12288, 11777, 339
2026/09/10 12:27:07.933, 0, 12288, 11777, 339
2026/09/10 12:27:08.138, 0, 12288, 11777, 339
2026/09/10 12:27:08.345, 0, 12288, 11777, 339
2026/09/10 12:27:08.551, 0, 12288, 11777, 339
2026/09/10 12:27:08.753, 0, 12288, 11777, 339
2026/09/10 12:27:08.961, 0, 12288, 11777, 339
2026/09/10 12:27:09.167, 0, 12288, 11777, 339
2026/09/10 12:27:09.373, 0, 12288, 11777, 339
2026/09/10 12:27:09.578, 0, 12288, 11777, 339
2026/09/10 12:27:09.783, 0, 12288, 11777, 339
2026/09/10 12:27:09.991, 0, 12288, 11777, 339
2026/09/10 12:27:10.199, 0, 12288, 11777, 339
2026/09/10 12:27:10.406, 0, 12288, 11777, 339
2026/09/10 12:27:10.614, 0, 12288, 11777, 339
2026/09/10 12:27:10.820, 0, 12288, 11777, 339
2026/09/10 12:27:11.027, 0, 12288, 11777, 339
2026/09/10 12:27:11.235, 0, 12288, 11777, 339
2026/09/10 12:27:11.443, 0, 12288, 11777, 339
2026/09/10 12:27:11.649, 0, 12288, 11777, 339
2026/09/10 12:27:11.856, 0, 12288, 11777, 339
2026/09/10 12:27:12.062, 0, 12288, 11777, 339
2026/09/10 12:27:12.269, 0, 12288, 11777, 339
2026/09/10 12:27:12.476, 0, 12288, 11777, 339
2026/09/10 12:27:12.682, 0, 12288, 11777, 339
2026/09/10 12:27:12.890, 0, 12288, 11777, 339
2026/09/10 12:27:13.097, 0, 12288, 11777, 339
2026/09/10 12:27:13.305, 0, 12288, 11777, 339
2026/09/10 12:27:13.512, 0, 12288, 11777, 339
2026/09/10 12:27:13.719, 0, 12288, 11777, 339
2026/09/10 12:27:13.927, 0, 12288, 11777, 339
2026/09/10 12:27:14.135, 0, 12288, 11777, 339
2026/09/10 12:27:14.343, 0, 12288, 11777, 339
2026/09/10 12:27:14.550, 0, 12288, 11777, 339
2026/09/10 12:27:14.757, 0, 12288, 11777, 339
2026/09/10 12:27:14.964, 0, 12288, 11777, 339
2026/09/10 12:27:15.172, 0, 12288, 11777, 339
2026/09/10 12:27:15.380, 0, 12288, 11777, 339
2026/09/10 12:27:15.588, 0, 12288, 11777, 339
2026/09/10 12:27:15.796, 0, 12288, 11777, 339
2026/09/10 12:27:16.018, 0, 12288, 11777, 339
2026/09/10 12:27:16.225, 0, 12288, 11777, 339
2026/09/10 12:27:16.432, 0, 12288, 11777, 339
2026/09/10 12:27:16.639, 0, 12288, 11777, 339
2026/09/10 12:27:16.847, 0, 12288, 11777, 339
2026/09/10 12:27:17.055, 0, 12288, 11777, 339
2026/09/10 12:27:17.260, 0, 12288, 11777, 339
2026/09/10 12:27:17.467, 0, 12288, 11777, 339
2026/09/10 12:27:17.675, 0, 12288, 11777, 339
2026/09/10 12:27:17.883, 0, 12288, 11777, 339
2026/09/10 12:27:18.091, 0, 12288, 11777, 339
2026/09/10 12:27:18.299, 0, 12288, 11777, 339
2026/09/10 12:27:18.507, 0, 12288, 11777, 339
2026/09/10 12:27:18.714, 0, 12288, 11777, 339
2026/09/10 12:27:18.921, 0, 12288, 11777, 339
2026/09/10 12:27:19.129, 0, 12288, 11777, 339
2026/09/10 12:27:19.336, 0, 12288, 11777, 339
2026/09/10 12:27:19.544, 0, 12288, 11777, 339
2026/09/10 12:27:19.751, 0, 12288, 11777, 339
2026/09/10 12:27:19.957, 0, 12288, 11777, 339
2026/09/10 12:27:20.164, 0, 12288, 11777, 339
2026/09/10 12:27:20.372, 0, 12288, 11777, 339
2026/09/10 12:27:20.577, 0, 12288, 11777, 339
2026/09/10 12:27:20.785, 0, 12288, 11777, 339
2026/09/10 12:27:20.993, 0, 12288, 11777, 339
2026/09/10 12:27:21.200, 0, 12288, 11777, 339
2026/09/10 12:27:21.406, 0, 12288, 11777, 339
2026/09/10 12:27:21.614, 0, 12288, 11777, 339
2026/09/10 12:27:21.820, 0, 12288, 11777, 339
2026/09/10 12:27:22.026, 0, 12288, 11777, 339
2026/09/10 12:27:22.234, 0, 12288, 11777, 339
2026/09/10 12:27:22.442, 0, 12288, 11777, 339
2026/09/10 12:27:22.649, 0, 12288, 11777, 339
2026/09/10 12:27:22.854, 0, 12288, 11777, 339
2026/09/10 12:27:23.062, 0, 12288, 11777, 339
2026/09/10 12:27:23.270, 0, 12288, 11777, 339
2026/09/10 12:27:23.477, 0, 12288, 11777, 339
2026/09/10 12:27:23.684, 0, 12288, 11777, 339
2026/09/10 12:27:23.891, 0, 12288, 11777, 339
2026/09/10 12:27:24.098, 0, 12288, 11777, 339
2026/09/10 12:27:24.305, 0, 12288, 11777, 339
2026/09/10 12:27:24.513, 0, 12288, 11777, 339
2026/09/10 12:27:24.720, 0, 12288, 11777, 339
2026/09/10 12:27:24.928, 0, 12288, 11777, 339
2026/09/10 12:27:25.136, 0, 12288, 11777, 339
2026/09/10 12:27:25.344, 0, 12288, 11777, 339
2026/09/10 12:27:25.551, 0, 12288, 11777, 339
2026/09/10 12:27:25.759, 0, 12288, 11777, 339
2026/09/10 12:27:25.967, 0, 12288, 11777, 339
2026/09/10 12:27:26.175, 0, 12288, 11777, 339
2026/09/10 12:27:26.383, 0, 12288, 11777, 339
2026/09/10 12:27:26.588, 0, 12288, 11777, 339
2026/09/10 12:27:26.796, 0, 12288, 11777, 339
2026/09/10 12:27:27.003, 0, 12288, 11777, 339
2026/09/10 12:27:27.211, 0, 12288, 11777, 339
2026/09/10 12:27:27.419, 0, 12288, 11777, 339
2026/09/10 12:27:27.626, 0, 12288, 11777, 339
2026/09/10 12:27:27.834, 0, 12288, 11777, 339
2026/09/10 12:27:28.041, 0, 12288, 11777, 339
2026/09/10 12:27:28.249, 0, 12288, 11777, 339
2026/09/10 12:27:28.453, 0, 12288, 11777, 339
2026/09/10 12:27:28.660, 0, 12288, 11777, 339
2026/09/10 12:27:28.868, 0, 12288, 11777, 339
2026/09/10 12:27:29.075, 0, 12288, 11777, 339
2026/09/10 12:27:29.283, 0, 12288, 11777, 339
2026/09/10 12:27:29.491, 0, 12288, 11777, 339
2026/09/10 12:27:29.698, 0, 12288, 11777, 339
2026/09/10 12:27:29.906, 0, 12288, 11777, 339
2026/09/10 12:27:30.113, 0, 12288, 11777, 339
2026/09/10 12:27:30.321, 0, 12288, 11777, 339
2026/09/10 12:27:30.528, 0, 12288, 11777, 339
2026/09/10 12:27:30.735, 0, 12288, 11777, 339
2026/09/10 12:27:30.942, 0, 12288, 11777, 339
2026/09/10 12:27:31.150, 0, 12288, 11777, 339
2026/09/10 12:27:31.356, 0, 12288, 11777, 339
2026/09/10 12:27:31.563, 0, 12288, 11777, 339
2026/09/10 12:27:31.771, 0, 12288, 11777, 339
2026/09/10 12:27:31.979, 0, 12288, 11777, 339
2026/09/10 12:27:32.185, 0, 12288, 11777, 339
2026/09/10 12:27:32.394, 0, 12288, 11777, 339
2026/09/10 12:27:32.601, 0, 12288, 11777, 339
2026/09/10 12:27:32.808, 0, 12288, 11777, 339
2026/09/10 12:27:33.016, 0, 12288, 11777, 339
2026/09/10 12:27:33.223, 0, 12288, 11777, 339
2026/09/10 12:27:33.430, 0, 12288, 11777, 339
2026/09/10 12:27:33.638, 0, 12288, 11777, 339
2026/09/10 12:27:33.845, 0, 12288, 11777, 339
2026/09/10 12:27:34.050, 0, 12288, 11777, 339
2026/09/10 12:27:34.258, 0, 12288, 11777, 339
2026/09/10 12:27:34.466, 0, 12288, 11777, 339
2026/09/10 12:27:34.674, 0, 12288, 11777, 339
2026/09/10 12:27:34.882, 0, 12288, 11777, 339
2026/09/10 12:27:35.088, 0, 12288, 11777, 339
2026/09/10 12:27:35.295, 0, 12288, 11777, 339
2026/09/10 12:27:35.503, 0, 12288, 11777, 339
2026/09/10 12:27:35.711, 0, 12288, 11777, 339
2026/09/10 12:27:35.918, 0, 12288, 11777, 339
2026/09/10 12:27:36.125, 0, 12288, 11777, 339
2026/09/10 12:27:36.333, 0, 12288, 11777, 339
2026/09/10 12:27:36.540, 0, 12288, 11777, 339
2026/09/10 12:27:36.748, 0, 12288, 11777, 339
2026/09/10 12:27:36.955, 0, 12288, 11777, 339
2026/09/10 12:27:37.163, 0, 12288, 11777, 339
2026/09/10 12:27:37.371, 0, 12288, 11777, 339
2026/09/10 12:27:37.579, 0, 12288, 11777, 339
2026/09/10 12:27:37.786, 0, 12288, 11777, 339
2026/09/10 12:27:37.993, 0, 12288, 11777, 339
2026/09/10 12:27:38.201, 0, 12288, 11777, 339
2026/09/10 12:27:38.408, 0, 12288, 11777, 339
2026/09/10 12:27:38.616, 0, 12288, 11777, 339
2026/09/10 12:27:38.823, 0, 12288, 11777, 339
2026/09/10 12:27:39.030, 0, 12288, 11777, 339
2026/09/10 12:27:39.238, 0, 12288, 11777, 339
2026/09/10 12:27:39.445, 0, 12288, 11777, 339
2026/09/10 12:27:39.651, 0, 12288, 11777, 339
2026/09/10 12:27:39.858, 0, 12288, 11777, 339
2026/09/10 12:27:40.066, 0, 12288, 11777, 339
2026/09/10 12:27:40.274, 0, 12288, 11777, 339
2026/09/10 12:27:40.482, 0, 12288, 11777, 339
2026/09/10 12:27:40.689, 0, 12288, 11777, 339
2026/09/10 12:27:40.897, 0, 12288, 11777, 339
2026/09/10 12:27:41.105, 0, 12288, 11777, 339
2026/09/10 12:27:41.313, 0, 12288, 11777, 339
2026/09/10 12:27:41.520, 0, 12288, 11777, 339
2026/09/10 12:27:41.727, 0, 12288, 11777, 339
2026/09/10 12:27:41.934, 0, 12288, 11777, 339
2026/09/10 12:27:42.142, 0, 12288, 11777, 339
2026/09/10 12:27:42.350, 0, 12288, 11777, 339
2026/09/10 12:27:42.558, 0, 12288, 11777, 339
2026/09/10 12:27:42.766, 0, 12288, 11777, 339
2026/09/10 12:27:42.974, 0, 12288, 11777, 339
2026/09/10 12:27:43.182, 0, 12288, 11777, 339
2026/09/10 12:27:43.389, 0, 12288, 11777, 339
2026/09/10 12:27:43.597, 0, 12288, 11777, 339
2026/09/10 12:27:43.805, 0, 12288, 11777, 339
2026/09/10 12:27:44.012, 0, 12288, 11777, 339
2026/09/10 12:27:44.220, 0, 12288, 11777, 339
2026/09/10 12:27:44.428, 0, 12288, 11777, 339
2026/09/10 12:27:44.634, 0, 12288, 11777, 339
2026/09/10 12:27:44.842, 0, 12288, 11777, 339
2026/09/10 12:27:45.049, 0, 12288, 11777, 339
2026/09/10 12:27:45.255, 0, 12288, 11777, 339
2026/09/10 12:27:45.462, 0, 12288, 11777, 339
2026/09/10 12:27:45.670, 0, 12288, 11777, 339
2026/09/10 12:27:45.878, 0, 12288, 11777, 339
2026/09/10 12:27:46.086, 0, 12288, 11777, 339
2026/09/10 12:27:46.294, 0, 12288, 11777, 339
2026/09/10 12:27:46.502, 0, 12288, 11777, 339
2026/09/10 12:27:46.709, 0, 12288, 11777, 339
2026/09/10 12:27:46.917, 0, 12288, 11777, 339
2026/09/10 12:27:47.125, 0, 12288, 11777, 339
2026/09/10 12:27:47.333, 0, 12288, 11777, 339
2026/09/10 12:27:47.540, 0, 12288, 11777, 339
2026/09/10 12:27:47.748, 0, 12288, 11777, 339
2026/09/10 12:27:47.956, 0, 12288, 11777, 339
2026/09/10 12:27:48.164, 0, 12288, 11777, 339
2026/09/10 12:27:48.371, 0, 12288, 11777, 339
2026/09/10 12:27:48.579, 0, 12288, 11777, 339
2026/09/10 12:27:48.786, 0, 12288, 11777, 339
2026/09/10 12:27:48.994, 0, 12288, 11777, 339
2026/09/10 12:27:49.202, 0, 12288, 11777, 339
2026/09/10 12:27:49.410, 0, 12288, 11777, 339
2026/09/10 12:27:49.618, 0, 12288, 11777, 339
2026/09/10 12:27:49.826, 0, 12288, 11777, 339
2026/09/10 12:27:50.034, 0, 12288, 11777, 339
2026/09/10 12:27:50.241, 0, 12288, 11777, 339
2026/09/10 12:27:50.448, 0, 12288, 11777, 339
2026/09/10 12:27:50.654, 0, 12288, 11777, 339
2026/09/10 12:27:50.859, 0, 12288, 11777, 339
2026/09/10 12:27:51.067, 0, 12288, 11777, 339
2026/09/10 12:27:51.274, 0, 12288, 11777, 339
2026/09/10 12:27:51.482, 0, 12288, 11777, 339
2026/09/10 12:27:51.689, 0, 12288, 11777, 339
2026/09/10 12:27:51.897, 0, 12288, 11777, 339
2026/09/10 12:27:52.103, 0, 12288, 11777, 339
2026/09/10 12:27:52.311, 0, 12288, 11777, 339
2026/09/10 12:27:52.517, 0, 12288, 11777, 339
2026/09/10 12:27:52.724, 0, 12288, 11777, 339
2026/09/10 12:27:52.932, 0, 12288, 11777, 339
2026/09/10 12:27:53.140, 0, 12288, 11777, 339
2026/09/10 12:27:53.348, 0, 12288, 11777, 339
2026/09/10 12:27:53.556, 0, 12288, 11777, 339
2026/09/10 12:27:53.764, 0, 12288, 11777, 339
2026/09/10 12:27:53.971, 0, 12288, 11777, 339
2026/09/10 12:27:54.179, 0, 12288, 11777, 339
2026/09/10 12:27:54.387, 0, 12288, 11777, 339
2026/09/10 12:27:54.595, 0, 12288, 11777, 339
2026/09/10 12:27:54.802, 0, 12288, 11777, 339
2026/09/10 12:27:55.009, 0, 12288, 11777, 339
2026/09/10 12:27:55.216, 0, 12288, 11777, 339
2026/09/10 12:27:55.423, 0, 12288, 11777, 339
2026/09/10 12:27:55.629, 0, 12288, 11777, 339
2026/09/10 12:27:55.837, 0, 12288, 11777, 339
2026/09/10 12:27:56.044, 0, 12288, 11777, 339
2026/09/10 12:27:56.252, 0, 12288, 11777, 339
2026/09/10 12:27:56.458, 0, 12288, 11777, 339
2026/09/10 12:27:56.666, 0, 12288, 11777, 339
2026/09/10 12:27:56.874, 0, 12288, 11777, 339
2026/09/10 12:27:57.081, 0, 12288, 11777, 339
2026/09/10 12:27:57.289, 0, 12288, 11777, 339
2026/09/10 12:27:57.497, 0, 12288, 11777, 339
2026/09/10 12:27:57.705, 0, 12288, 11777, 339
2026/09/10 12:27:57.913, 0, 12288, 11777, 339
2026/09/10 12:27:58.120, 0, 12288, 11777, 339
2026/09/10 12:27:58.328, 0, 12288, 11777, 339
2026/09/10 12:27:58.535, 0, 12288, 11777, 339
2026/09/10 12:27:58.741, 0, 12288, 11777, 339
2026/09/10 12:27:58.949, 0, 12288, 11777, 339
2026/09/10 12:27:59.157, 0, 12288, 11777, 339
2026/09/10 12:27:59.365, 0, 12288, 11777, 339
2026/09/10 12:27:59.573, 0, 12288, 11777, 339
2026/09/10 12:27:59.780, 0, 12288, 11777, 339
2026/09/10 12:27:59.988, 0, 12288, 11777, 339
2026/09/10 12:28:00.196, 0, 12288, 11777, 339
2026/09/10 12:28:00.403, 0, 12288, 11777, 339
2026/09/10 12:28:00.611, 0, 12288, 11777, 339
2026/09/10 12:28:00.818, 0, 12288, 11777, 339
2026/09/10 12:28:01.025, 0, 12288, 11777, 339
2026/09/10 12:28:01.233, 0, 12288, 11777, 339
2026/09/10 12:28:01.441, 0, 12288, 11777, 339
2026/09/10 12:28:01.648, 0, 12288, 11777, 339
2026/09/10 12:28:01.856, 0, 12288, 11777, 339
2026/09/10 12:28:02.059, 0, 12288, 11777, 339
2026/09/10 12:28:02.266, 0, 12288, 11777, 339
2026/09/10 12:28:02.474, 0, 12288, 11777, 339
2026/09/10 12:28:02.682, 0, 12288, 11777, 339
2026/09/10 12:28:02.889, 0, 12288, 11777, 339
2026/09/10 12:28:03.097, 0, 12288, 11777, 339
2026/09/10 12:28:03.305, 0, 12288, 11777, 339
2026/09/10 12:28:03.512, 0, 12288, 11777, 339
2026/09/10 12:28:03.735, 0, 12288, 11777, 339
2026/09/10 12:28:03.942, 0, 12288, 11777, 339
2026/09/10 12:28:04.150, 0, 12288, 11777, 339
2026/09/10 12:28:04.358, 0, 12288, 11777, 339
2026/09/10 12:28:04.566, 0, 12288, 11777, 339
2026/09/10 12:28:04.773, 0, 12288, 11777, 339
2026/09/10 12:28:04.981, 0, 12288, 11777, 339
2026/09/10 12:28:05.189, 0, 12288, 11777, 339
2026/09/10 12:28:05.394, 0, 12288, 11777, 339
2026/09/10 12:28:05.602, 0, 12288, 11777, 339
2026/09/10 12:28:05.810, 0, 12288, 11777, 339
2026/09/10 12:28:06.018, 0, 12288, 11777, 339
2026/09/10 12:28:06.226, 0, 12288, 11777, 339
2026/09/10 12:28:06.434, 0, 12288, 11777, 339
2026/09/10 12:28:06.640, 0, 12288, 11777, 339
2026/09/10 12:28:06.848, 0, 12288, 11777, 339
2026/09/10 12:28:07.056, 0, 12288, 11777, 339
2026/09/10 12:28:07.263, 0, 12288, 11777, 339
2026/09/10 12:28:07.470, 0, 12288, 11777, 339
2026/09/10 12:28:07.674, 0, 12288, 11777, 339
2026/09/10 12:28:07.882, 0, 12288, 11777, 339
2026/09/10 12:28:08.089, 0, 12288, 11777, 339
2026/09/10 12:28:08.296, 0, 12288, 11777, 339
2026/09/10 12:28:08.504, 0, 12288, 11777, 339
2026/09/10 12:28:08.711, 0, 12288, 11777, 339
2026/09/10 12:28:08.918, 0, 12288, 11777, 339
2026/09/10 12:28:09.125, 0, 12288, 11777, 339
2026/09/10 12:28:09.333, 0, 12288, 11777, 339
2026/09/10 12:28:09.541, 0, 12288, 11777, 339
2026/09/10 12:28:09.748, 0, 12288, 11777, 339
2026/09/10 12:28:09.956, 0, 12288, 11777, 339
2026/09/10 12:28:10.164, 0, 12288, 11777, 339
2026/09/10 12:28:10.370, 0, 12288, 11777, 339
2026/09/10 12:28:10.577, 0, 12288, 11777, 339
2026/09/10 12:28:10.784, 0, 12288, 11777, 339
2026/09/10 12:28:10.992, 0, 12288, 11777, 339
2026/09/10 12:28:11.200, 0, 12288, 11777, 339
2026/09/10 12:28:11.408, 0, 12288, 11777, 339
2026/09/10 12:28:11.616, 0, 12288, 11777, 339
2026/09/10 12:28:11.823, 0, 12288, 11777, 339
2026/09/10 12:28:12.030, 0, 12288, 11777, 339
2026/09/10 12:28:12.237, 0, 12288, 11777, 339
2026/09/10 12:28:12.445, 0, 12288, 11777, 339
2026/09/10 12:28:12.652, 0, 12288, 11777, 339
2026/09/10 12:28:12.859, 0, 12288, 11777, 339
2026/09/10 12:28:13.066, 0, 12288, 11777, 339
2026/09/10 12:28:13.274, 0, 12288, 11777, 339
2026/09/10 12:28:13.482, 0, 12288, 11777, 339
2026/09/10 12:28:13.690, 0, 12288, 11777, 339
2026/09/10 12:28:13.896, 0, 12288, 11777, 339
2026/09/10 12:28:14.104, 0, 12288, 11777, 339
2026/09/10 12:28:14.310, 0, 12288, 11777, 339
2026/09/10 12:28:14.516, 0, 12288, 11777, 339
2026/09/10 12:28:14.723, 0, 12288, 11777, 339
2026/09/10 12:28:14.931, 0, 12288, 11777, 339
2026/09/10 12:28:15.138, 0, 12288, 11777, 339
2026/09/10 12:28:15.345, 0, 12288, 11777, 339
2026/09/10 12:28:15.553, 0, 12288, 11777, 339
2026/09/10 12:28:15.758, 0, 12288, 11777, 339
2026/09/10 12:28:15.966, 0, 12288, 11777, 339
2026/09/10 12:28:16.173, 0, 12288, 11777, 339
2026/09/10 12:28:16.381, 0, 12288, 11777, 339
2026/09/10 12:28:16.588, 0, 12288, 11777, 339
2026/09/10 12:28:16.794, 0, 12288, 11777, 339
2026/09/10 12:28:17.001, 0, 12288, 11777, 339
2026/09/10 12:28:17.209, 0, 12288, 11777, 339
2026/09/10 12:28:17.416, 0, 12288, 11777, 339
2026/09/10 12:28:17.624, 0, 12288, 11777, 339
2026/09/10 12:28:17.832, 0, 12288, 11777, 339
2026/09/10 12:28:18.040, 0, 12288, 11777, 339
2026/09/10 12:28:18.248, 0, 12288, 11777, 339
2026/09/10 12:28:18.454, 0, 12288, 11777, 339
2026/09/10 12:28:18.661, 0, 12288, 11777, 339
2026/09/10 12:28:18.868, 0, 12288, 11777, 339
2026/09/10 12:28:19.076, 0, 12288, 11777, 339
2026/09/10 12:28:19.284, 0, 12288, 11777, 339
2026/09/10 12:28:19.491, 0, 12288, 11777, 339
2026/09/10 12:28:19.698, 0, 12288, 11777, 339
2026/09/10 12:28:19.904, 0, 12288, 11777, 339
2026/09/10 12:28:20.112, 0, 12288, 11777, 339
2026/09/10 12:28:20.320, 0, 12288, 11777, 339
2026/09/10 12:28:20.528, 0, 12288, 11777, 339
2026/09/10 12:28:20.735, 0, 12288, 11777, 339
2026/09/10 12:28:20.942, 0, 12288, 11777, 339
2026/09/10 12:28:21.149, 0, 12288, 11777, 339
2026/09/10 12:28:21.356, 0, 12288, 11777, 339
2026/09/10 12:28:21.563, 0, 12288, 11777, 339
2026/09/10 12:28:21.771, 0, 12288, 11777, 339
2026/09/10 12:28:21.978, 0, 12288, 11777, 339
2026/09/10 12:28:22.186, 0, 12288, 11777, 339
2026/09/10 12:28:22.394, 0, 12288, 11777, 339
2026/09/10 12:28:22.602, 0, 12288, 11777, 339
2026/09/10 12:28:22.826, 0, 12288, 11777, 339
2026/09/10 12:28:23.033, 0, 12288, 11777, 339
2026/09/10 12:28:23.241, 0, 12288, 11777, 339
2026/09/10 12:28:23.448, 0, 12288, 11777, 339
2026/09/10 12:28:23.655, 0, 12288, 11777, 339
2026/09/10 12:28:23.863, 0, 12288, 11777, 339
2026/09/10 12:28:24.070, 0, 12288, 11777, 339
2026/09/10 12:28:24.277, 0, 12288, 11777, 339
2026/09/10 12:28:24.485, 0, 12288, 11777, 339
2026/09/10 12:28:24.693, 0, 12288, 11777, 339
2026/09/10 12:28:24.900, 0, 12288, 11777, 339
2026/09/10 12:28:25.108, 0, 12288, 11777, 339
2026/09/10 12:28:25.316, 0, 12288, 11777, 339
2026/09/10 12:28:25.536, 0, 12288, 11777, 339
2026/09/10 12:28:25.742, 0, 12288, 11777, 339
2026/09/10 12:28:25.950, 0, 12288, 11777, 339
2026/09/10 12:28:26.158, 0, 12288, 11777, 339
2026/09/10 12:28:26.365, 0, 12288, 11777, 339
2026/09/10 12:28:26.573, 0, 12288, 11777, 339
2026/09/10 12:28:26.781, 0, 12288, 11777, 339
2026/09/10 12:28:26.988, 0, 12288, 11777, 339
2026/09/10 12:28:27.195, 0, 12288, 11777, 339
2026/09/10 12:28:27.402, 0, 12288, 11777, 339
2026/09/10 12:28:27.610, 0, 12288, 11777, 339
2026/09/10 12:28:27.818, 0, 12288, 11777, 339
2026/09/10 12:28:28.025, 0, 12288, 11777, 339
2026/09/10 12:28:28.232, 0, 12288, 11777, 339
2026/09/10 12:28:28.438, 0, 12288, 11777, 339
2026/09/10 12:28:28.646, 0, 12288, 11777, 339
2026/09/10 12:28:28.852, 0, 12288, 11777, 339
2026/09/10 12:28:29.059, 0, 12288, 11777, 339
2026/09/10 12:28:29.267, 0, 12288, 11777, 339
2026/09/10 12:28:29.474, 0, 12288, 11777, 339
2026/09/10 12:28:29.681, 0, 12288, 11777, 339
2026/09/10 12:28:29.889, 0, 12288, 11777, 339
2026/09/10 12:28:30.095, 0, 12288, 11777, 339
2026/09/10 12:28:30.303, 0, 12288, 11777, 339
2026/09/10 12:28:30.511, 0, 12288, 11777, 339
2026/09/10 12:28:30.719, 0, 12288, 11777, 339
2026/09/10 12:28:30.925, 0, 12288, 11777, 339
2026/09/10 12:28:31.131, 0, 12288, 11777, 339
2026/09/10 12:28:31.337, 0, 12288, 11777, 339
2026/09/10 12:28:31.543, 0, 12288, 11777, 339
2026/09/10 12:28:31.751, 0, 12288, 11777, 339
2026/09/10 12:28:31.959, 0, 12288, 11777, 339
2026/09/10 12:28:32.166, 0, 12288, 11777, 339
2026/09/10 12:28:32.374, 0, 12288, 11777, 339
2026/09/10 12:28:32.582, 0, 12288, 11777, 339
2026/09/10 12:28:32.790, 0, 12288, 11777, 339
2026/09/10 12:28:32.997, 0, 12288, 11777, 339
2026/09/10 12:28:33.205, 0, 12288, 11777, 339
2026/09/10 12:28:33.413, 0, 12288, 11777, 339
2026/09/10 12:28:33.621, 0, 12288, 11777, 339
2026/09/10 12:28:33.828, 0, 12288, 11777, 339
2026/09/10 12:28:34.035, 0, 12288, 11777, 339
2026/09/10 12:28:34.243, 0, 12288, 11777, 339
2026/09/10 12:28:34.451, 0, 12288, 11777, 339
2026/09/10 12:28:34.659, 0, 12288, 11777, 339
2026/09/10 12:28:34.867, 0, 12288, 11777, 339
2026/09/10 12:28:35.089, 0, 12288, 11777, 339
2026/09/10 12:28:35.295, 0, 12288, 11777, 339
2026/09/10 12:28:35.502, 0, 12288, 11777, 339
2026/09/10 12:28:35.710, 0, 12288, 11777, 339
2026/09/10 12:28:35.918, 0, 12288, 11777, 339
2026/09/10 12:28:36.126, 0, 12288, 11777, 339
2026/09/10 12:28:36.334, 0, 12288, 11777, 339
2026/09/10 12:28:36.542, 0, 12288, 11777, 339
2026/09/10 12:28:36.747, 0, 12288, 11777, 339
2026/09/10 12:28:36.955, 0, 12288, 11777, 339
2026/09/10 12:28:37.163, 0, 12288, 11777, 339
2026/09/10 12:28:37.371, 0, 12288, 11777, 339
2026/09/10 12:28:37.579, 0, 12288, 11777, 339
2026/09/10 12:28:37.785, 0, 12288, 11777, 339
2026/09/10 12:28:37.991, 0, 12288, 11777, 339
2026/09/10 12:28:38.199, 0, 12288, 11777, 339
2026/09/10 12:28:38.406, 0, 12288, 11777, 339
2026/09/10 12:28:38.614, 0, 12288, 11777, 339
2026/09/10 12:28:38.822, 0, 12288, 11777, 339
2026/09/10 12:28:39.029, 0, 12288, 11777, 339
2026/09/10 12:28:39.234, 0, 12288, 11777, 339
2026/09/10 12:28:39.442, 0, 12288, 11777, 339
2026/09/10 12:28:39.650, 0, 12288, 11777, 339
2026/09/10 12:28:39.858, 0, 12288, 11777, 339
2026/09/10 12:28:40.066, 0, 12288, 11777, 339
2026/09/10 12:28:40.274, 0, 12288, 11777, 339
2026/09/10 12:28:40.481, 0, 12288, 11777, 339
2026/09/10 12:28:40.688, 0, 12288, 11777, 339
2026/09/10 12:28:40.896, 0, 12288, 11777, 339
2026/09/10 12:28:41.102, 0, 12288, 11777, 339
2026/09/10 12:28:41.310, 0, 12288, 11777, 339
2026/09/10 12:28:41.518, 0, 12288, 11777, 339
2026/09/10 12:28:41.725, 0, 12288, 11777, 339
2026/09/10 12:28:41.933, 0, 12288, 11777, 339
2026/09/10 12:28:42.142, 0, 12288, 11777, 339
2026/09/10 12:28:42.347, 0, 12288, 11777, 339
2026/09/10 12:28:42.555, 0, 12288, 11777, 339
2026/09/10 12:28:42.762, 0, 12288, 11777, 339
2026/09/10 12:28:42.970, 0, 12288, 11777, 339
2026/09/10 12:28:43.176, 0, 12288, 11777, 339
2026/09/10 12:28:43.383, 0, 12288, 11777, 339
2026/09/10 12:28:43.591, 0, 12288, 11777, 339
2026/09/10 12:28:43.796, 0, 12288, 11777, 339
2026/09/10 12:28:44.003, 0, 12288, 11777, 339
2026/09/10 12:28:44.211, 0, 12288, 11777, 339
2026/09/10 12:28:44.418, 0, 12288, 11777, 339
2026/09/10 12:28:44.625, 0, 12288, 11777, 339
2026/09/10 12:28:44.832, 0, 12288, 11777, 339
2026/09/10 12:28:45.039, 0, 12288, 11777, 339
2026/09/10 12:28:45.246, 0, 12288, 11777, 339
2026/09/10 12:28:45.454, 0, 12288, 11777, 339
2026/09/10 12:28:45.661, 0, 12288, 11777, 339
2026/09/10 12:28:45.868, 0, 12288, 11777, 339
2026/09/10 12:28:46.075, 0, 12288, 11777, 339
2026/09/10 12:28:46.283, 0, 12288, 11777, 339
2026/09/10 12:28:46.491, 0, 12288, 11777, 339
2026/09/10 12:28:46.698, 0, 12288, 11777, 339
2026/09/10 12:28:46.905, 0, 12288, 11777, 339
2026/09/10 12:28:47.113, 0, 12288, 11777, 339
2026/09/10 12:28:47.319, 0, 12288, 11777, 339
2026/09/10 12:28:47.527, 0, 12288, 11777, 339
2026/09/10 12:28:47.735, 0, 12288, 11777, 339
2026/09/10 12:28:47.940, 0, 12288, 11777, 339
2026/09/10 12:28:48.148, 0, 12288, 11777, 339
2026/09/10 12:28:48.354, 0, 12288, 11777, 339
2026/09/10 12:28:48.560, 0, 12288, 11777, 339
2026/09/10 12:28:48.767, 0, 12288, 11777, 339
2026/09/10 12:28:48.975, 0, 12288, 11777, 339
2026/09/10 12:28:49.183, 0, 12288, 11777, 339
2026/09/10 12:28:49.390, 0, 12288, 11777, 339
2026/09/10 12:28:49.598, 0, 12288, 11777, 339
2026/09/10 12:28:49.805, 0, 12288, 11777, 339
2026/09/10 12:28:50.011, 0, 12288, 11777, 339
2026/09/10 12:28:50.218, 0, 12288, 11777, 339
2026/09/10 12:28:50.426, 0, 12288, 11777, 339
2026/09/10 12:28:50.634, 0, 12288, 11777, 339
2026/09/10 12:28:50.840, 0, 12288, 11777, 339
2026/09/10 12:28:51.048, 0, 12288, 11777, 339
2026/09/10 12:28:51.254, 0, 12288, 11777, 339
2026/09/10 12:28:51.461, 0, 12288, 11777, 339
2026/09/10 12:28:51.668, 0, 12288, 11777, 339
2026/09/10 12:28:51.874, 0, 12288, 11777, 339
2026/09/10 12:28:52.082, 0, 12288, 11777, 339
2026/09/10 12:28:52.286, 0, 12288, 11777, 339
2026/09/10 12:28:52.489, 0, 12288, 11777, 339
2026/09/10 12:28:52.694, 0, 12288, 11777, 339
2026/09/10 12:28:52.901, 0, 12288, 11777, 339
2026/09/10 12:28:53.109, 0, 12288, 11777, 339
2026/09/10 12:28:53.315, 0, 12288, 11777, 339
2026/09/10 12:28:53.521, 0, 12288, 11777, 339
2026/09/10 12:28:53.727, 0, 12288, 11777, 339
2026/09/10 12:28:53.934, 0, 12288, 11777, 339
2026/09/10 12:28:54.141, 0, 12288, 11777, 339
2026/09/10 12:28:54.347, 0, 12288, 11777, 339
2026/09/10 12:28:54.555, 0, 12288, 11777, 339
2026/09/10 12:28:54.763, 0, 12288, 11777, 339
2026/09/10 12:28:54.970, 0, 12288, 11777, 339
2026/09/10 12:28:55.178, 0, 12288, 11777, 339
2026/09/10 12:28:55.385, 0, 12288, 11777, 339
2026/09/10 12:28:55.589, 0, 12288, 11777, 339
2026/09/10 12:28:55.797, 0, 12288, 11777, 339
2026/09/10 12:28:56.005, 0, 12288, 11777, 339
2026/09/10 12:28:56.211, 0, 12288, 11777, 339
2026/09/10 12:28:56.417, 0, 12288, 11777, 339
2026/09/10 12:28:56.623, 0, 12288, 11777, 339
2026/09/10 12:28:56.831, 0, 12288, 11777, 339
2026/09/10 12:28:57.039, 0, 12288, 11777, 339
2026/09/10 12:28:57.247, 0, 12288, 11777, 339
2026/09/10 12:28:57.455, 0, 12288, 11777, 339
2026/09/10 12:28:57.663, 0, 12288, 11777, 339
2026/09/10 12:28:57.870, 0, 12288, 11777, 339
2026/09/10 12:28:58.077, 0, 12288, 11777, 339
2026/09/10 12:28:58.284, 0, 12288, 11777, 339
2026/09/10 12:28:58.492, 0, 12288, 11777, 339
2026/09/10 12:28:58.700, 0, 12288, 11777, 339
2026/09/10 12:28:58.907, 0, 12288, 11777, 339
2026/09/10 12:28:59.113, 0, 12288, 11777, 339
2026/09/10 12:28:59.321, 0, 12288, 11777, 339
2026/09/10 12:28:59.528, 0, 12288, 11777, 339
2026/09/10 12:28:59.735, 0, 12288, 11777, 339
2026/09/10 12:28:59.943, 0, 12288, 11777, 339
2026/09/10 12:29:00.151, 0, 12288, 11777, 339
2026/09/10 12:29:00.359, 0, 12288, 11777, 339
2026/09/10 12:29:00.567, 0, 12288, 11777, 339
2026/09/10 12:29:00.774, 0, 12288, 11777, 339
2026/09/10 12:29:00.982, 0, 12288, 11777, 339
2026/09/10 12:29:01.190, 0, 12288, 11777, 339
2026/09/10 12:29:01.398, 0, 12288, 11777, 339
2026/09/10 12:29:01.605, 0, 12288, 11777, 339
2026/09/10 12:29:01.813, 0, 12288, 11777, 339
2026/09/10 12:29:02.021, 0, 12288, 11777, 339
2026/09/10 12:29:02.228, 0, 12288, 11777, 339
2026/09/10 12:29:02.435, 0, 12288, 11777, 339
2026/09/10 12:29:02.642, 0, 12288, 11777, 339
2026/09/10 12:29:02.850, 0, 12288, 11777, 339
2026/09/10 12:29:03.057, 0, 12288, 11777, 339
2026/09/10 12:29:03.265, 0, 12288, 11777, 339
2026/09/10 12:29:03.473, 0, 12288, 11777, 339
2026/09/10 12:29:03.681, 0, 12288, 11777, 339
2026/09/10 12:29:03.888, 0, 12288, 11777, 339
2026/09/10 12:29:04.096, 0, 12288, 11777, 339
2026/09/10 12:29:04.303, 0, 12288, 11777, 339
2026/09/10 12:29:04.511, 0, 12288, 11777, 339
2026/09/10 12:29:04.717, 0, 12288, 11777, 339
2026/09/10 12:29:04.923, 0, 12288, 11777, 339
2026/09/10 12:29:05.130, 0, 12288, 11777, 339
2026/09/10 12:29:05.337, 0, 12288, 11777, 339
2026/09/10 12:29:05.541, 0, 12288, 11777, 339
2026/09/10 12:29:05.748, 0, 12288, 11777, 339
2026/09/10 12:29:05.954, 0, 12288, 11777, 339
2026/09/10 12:29:06.161, 0, 12288, 11777, 339
2026/09/10 12:29:06.368, 0, 12288, 11777, 339
2026/09/10 12:29:06.575, 0, 12288, 11777, 339
2026/09/10 12:29:06.781, 0, 12288, 11777, 339
2026/09/10 12:29:06.989, 0, 12288, 11777, 339
2026/09/10 12:29:07.195, 0, 12288, 11777, 339
2026/09/10 12:29:07.401, 0, 12288, 11777, 339
2026/09/10 12:29:07.608, 0, 12288, 11777, 339
2026/09/10 12:29:07.815, 0, 12288, 11777, 339
2026/09/10 12:29:08.022, 0, 12288, 11777, 339
2026/09/10 12:29:08.230, 0, 12288, 11777, 339
2026/09/10 12:29:08.437, 0, 12288, 11777, 339
2026/09/10 12:29:08.645, 0, 12288, 11777, 339
2026/09/10 12:29:08.853, 0, 12288, 11777, 339
2026/09/10 12:29:09.061, 0, 12288, 11777, 339
2026/09/10 12:29:09.268, 0, 12288, 11777, 339
2026/09/10 12:29:09.476, 0, 12288, 11777, 339
2026/09/10 12:29:09.684, 0, 12288, 11777, 339
2026/09/10 12:29:09.891, 0, 12288, 11777, 339
2026/09/10 12:29:10.096, 0, 12288, 11777, 339
2026/09/10 12:29:10.300, 0, 12288, 11777, 339
2026/09/10 12:29:10.523, 0, 12288, 11777, 339
2026/09/10 12:29:10.729, 0, 12288, 11777, 339
2026/09/10 12:29:10.936, 0, 12288, 11777, 339
2026/09/10 12:29:11.143, 0, 12288, 11777, 339
2026/09/10 12:29:11.351, 0, 12288, 11777, 339
2026/09/10 12:29:11.557, 0, 12288, 11777, 339
2026/09/10 12:29:11.765, 0, 12288, 11777, 339
2026/09/10 12:29:11.973, 0, 12288, 11777, 339
2026/09/10 12:29:12.180, 0, 12288, 11777, 339
2026/09/10 12:29:12.388, 0, 12288, 11777, 339
2026/09/10 12:29:12.596, 0, 12288, 11777, 339
2026/09/10 12:29:12.803, 0, 12288, 11777, 339
2026/09/10 12:29:13.010, 0, 12288, 11777, 339
2026/09/10 12:29:13.216, 0, 12288, 11777, 339
2026/09/10 12:29:13.424, 0, 12288, 11777, 339
2026/09/10 12:29:13.632, 0, 12288, 11777, 339
2026/09/10 12:29:13.838, 0, 12288, 11777, 339
2026/09/10 12:29:14.046, 0, 12288, 11777, 339
2026/09/10 12:29:14.253, 0, 12288, 11777, 339
2026/09/10 12:29:14.458, 0, 12288, 11777, 339
2026/09/10 12:29:14.664, 0, 12288, 11777, 339
2026/09/10 12:29:14.872, 0, 12288, 11777, 339
2026/09/10 12:29:15.080, 0, 12288, 11777, 339
2026/09/10 12:29:15.288, 0, 12288, 11777, 339
2026/09/10 12:29:15.496, 0, 12288, 11777, 339
2026/09/10 12:29:15.703, 0, 12288, 11777, 339
2026/09/10 12:29:15.908, 0, 12288, 11777, 339
2026/09/10 12:29:16.114, 0, 12288, 11777, 339
2026/09/10 12:29:16.322, 0, 12288, 11777, 339
2026/09/10 12:29:16.530, 0, 12288, 11777, 339
2026/09/10 12:29:16.737, 0, 12288, 11777, 339
2026/09/10 12:29:16.945, 0, 12288, 11777, 339
2026/09/10 12:29:17.151, 0, 12288, 11777, 339
2026/09/10 12:29:17.358, 0, 12288, 11777, 339
2026/09/10 12:29:17.566, 0, 12288, 11777, 339
2026/09/10 12:29:17.774, 0, 12288, 11777, 339
2026/09/10 12:29:17.982, 0, 12288, 11777, 339
2026/09/10 12:29:18.190, 0, 12288, 11777, 339
2026/09/10 12:29:18.398, 0, 12288, 11777, 339
2026/09/10 12:29:18.605, 0, 12288, 11777, 339
2026/09/10 12:29:18.812, 0, 12288, 11777, 339
2026/09/10 12:29:19.020, 0, 12288, 11777, 339
2026/09/10 12:29:19.228, 0, 12288, 11777, 339
2026/09/10 12:29:19.436, 0, 12288, 11777, 339
2026/09/10 12:29:19.642, 0, 12288, 11777, 339
2026/09/10 12:29:19.850, 0, 12288, 11777, 339
2026/09/10 12:29:20.072, 0, 12288, 11777, 339
2026/09/10 12:29:20.280, 0, 12288, 11777, 339
2026/09/10 12:29:20.488, 0, 12288, 11777, 339
2026/09/10 12:29:20.696, 0, 12288, 11777, 339
2026/09/10 12:29:20.903, 0, 12288, 11777, 339
2026/09/10 12:29:21.111, 0, 12288, 11777, 339
2026/09/10 12:29:21.318, 0, 12288, 11777, 339
2026/09/10 12:29:21.524, 0, 12288, 11777, 339
2026/09/10 12:29:21.732, 0, 12288, 11777, 339
2026/09/10 12:29:21.938, 0, 12288, 11777, 339
2026/09/10 12:29:22.145, 0, 12288, 11777, 339
2026/09/10 12:29:22.353, 0, 12288, 11777, 339
2026/09/10 12:29:22.560, 0, 12288, 11777, 339
2026/09/10 12:29:22.768, 0, 12288, 11777, 339
2026/09/10 12:29:22.975, 0, 12288, 11777, 339
2026/09/10 12:29:23.182, 0, 12288, 11777, 339
2026/09/10 12:29:23.390, 0, 12288, 11777, 339
2026/09/10 12:29:23.597, 0, 12288, 11777, 339
2026/09/10 12:29:23.806, 0, 12288, 11777, 339
2026/09/10 12:29:24.012, 0, 12288, 11777, 339
2026/09/10 12:29:24.219, 0, 12288, 11777, 339
2026/09/10 12:29:24.426, 0, 12288, 11777, 339
2026/09/10 12:29:24.634, 0, 12288, 11777, 339
2026/09/10 12:29:24.842, 0, 12288, 11777, 339
2026/09/10 12:29:25.050, 0, 12288, 11777, 339
2026/09/10 12:29:25.258, 0, 12288, 11777, 339
2026/09/10 12:29:25.466, 0, 12288, 11777, 339
2026/09/10 12:29:25.673, 0, 12288, 11777, 339
2026/09/10 12:29:25.881, 0, 12288, 11777, 339
2026/09/10 12:29:26.089, 0, 12288, 11777, 339
2026/09/10 12:29:26.297, 0, 12288, 11777, 339
2026/09/10 12:29:26.505, 0, 12288, 11777, 339
2026/09/10 12:29:26.712, 0, 12288, 11777, 339
2026/09/10 12:29:26.920, 0, 12288, 11777, 339
2026/09/10 12:29:27.125, 0, 12288, 11777, 339
2026/09/10 12:29:27.332, 0, 12288, 11777, 339
2026/09/10 12:29:27.540, 0, 12288, 11777, 339
2026/09/10 12:29:27.748, 0, 12288, 11777, 339
2026/09/10 12:29:27.956, 0, 12288, 11777, 339
2026/09/10 12:29:28.163, 0, 12288, 11777, 339
2026/09/10 12:29:28.369, 0, 12288, 11777, 339
2026/09/10 12:29:28.577, 0, 12288, 11777, 339
2026/09/10 12:29:28.784, 0, 12288, 11777, 339
2026/09/10 12:29:28.991, 0, 12288, 11777, 339
2026/09/10 12:29:29.199, 0, 12288, 11777, 339
2026/09/10 12:29:29.406, 0, 12288, 11777, 339
2026/09/10 12:29:29.614, 0, 12288, 11777, 339
2026/09/10 12:29:29.822, 0, 12288, 11777, 339
2026/09/10 12:29:30.030, 0, 12288, 11777, 339
2026/09/10 12:29:30.238, 0, 12288, 11777, 339
2026/09/10 12:29:30.446, 0, 12288, 11777, 339
2026/09/10 12:29:30.653, 0, 12288, 11777, 339
2026/09/10 12:29:30.860, 0, 12288, 11777, 339
2026/09/10 12:29:31.068, 0, 12288, 11777, 339
2026/09/10 12:29:31.275, 0, 12288, 11777, 339
2026/09/10 12:29:31.483, 0, 12288, 11777, 339
2026/09/10 12:29:31.691, 0, 12288, 11777, 339
2026/09/10 12:29:31.898, 0, 12288, 11777, 339
2026/09/10 12:29:32.104, 0, 12288, 11777, 339
2026/09/10 12:29:32.311, 0, 12288, 11777, 339
2026/09/10 12:29:32.518, 0, 12288, 11777, 339
2026/09/10 12:29:32.723, 0, 12288, 11777, 339
2026/09/10 12:29:32.930, 0, 12288, 11777, 339
2026/09/10 12:29:33.138, 0, 12288, 11777, 339
2026/09/10 12:29:33.346, 0, 12288, 11777, 339
2026/09/10 12:29:33.553, 0, 12288, 11777, 339
2026/09/10 12:29:33.759, 0, 12288, 11777, 339
2026/09/10 12:29:33.965, 0, 12288, 11777, 339
2026/09/10 12:29:34.172, 0, 12288, 11777, 339
2026/09/10 12:29:34.379, 0, 12288, 11777, 339
2026/09/10 12:29:34.585, 0, 12288, 11777, 339
2026/09/10 12:29:34.792, 0, 12288, 11777, 339
2026/09/10 12:29:34.999, 0, 12288, 11777, 339
2026/09/10 12:29:35.206, 0, 12288, 11777, 339
2026/09/10 12:29:35.414, 0, 12288, 11777, 339
2026/09/10 12:29:35.622, 0, 12288, 11777, 339
2026/09/10 12:29:35.830, 0, 12288, 11777, 339
2026/09/10 12:29:36.038, 0, 12288, 11777, 339
2026/09/10 12:29:36.246, 0, 12288, 11777, 339
2026/09/10 12:29:36.453, 0, 12288, 11777, 339
2026/09/10 12:29:36.661, 0, 12288, 11777, 339
2026/09/10 12:29:36.868, 0, 12288, 11777, 339
2026/09/10 12:29:37.074, 0, 12288, 11777, 339
2026/09/10 12:29:37.282, 0, 12288, 11777, 339
2026/09/10 12:29:37.489, 0, 12288, 11777, 339
2026/09/10 12:29:37.696, 0, 12288, 11777, 339
2026/09/10 12:29:37.904, 0, 12288, 11777, 339
2026/09/10 12:29:38.112, 0, 12288, 11777, 339
2026/09/10 12:29:38.315, 0, 12288, 11777, 339
2026/09/10 12:29:38.523, 0, 12288, 11777, 339
2026/09/10 12:29:38.730, 0, 12288, 11777, 339
2026/09/10 12:29:38.937, 0, 12288, 11777, 339
2026/09/10 12:29:39.145, 0, 12288, 11777, 339
2026/09/10 12:29:39.352, 0, 12288, 11777, 339
2026/09/10 12:29:39.559, 0, 12288, 11777, 339
2026/09/10 12:29:39.766, 0, 12288, 11777, 339
2026/09/10 12:29:39.974, 0, 12288, 11777, 339
2026/09/10 12:29:40.181, 0, 12288, 11777, 339
2026/09/10 12:29:40.388, 0, 12288, 11777, 339
2026/09/10 12:29:40.595, 0, 12288, 11777, 339
2026/09/10 12:29:40.803, 0, 12288, 11777, 339
2026/09/10 12:29:41.009, 0, 12288, 11777, 339
2026/09/10 12:29:41.217, 0, 12288, 11777, 339
2026/09/10 12:29:41.425, 0, 12288, 11777, 339
2026/09/10 12:29:41.632, 0, 12288, 11777, 339
2026/09/10 12:29:41.839, 0, 12288, 11777, 339
2026/09/10 12:29:42.044, 0, 12288, 11777, 339
2026/09/10 12:29:42.252, 0, 12288, 11777, 339
2026/09/10 12:29:42.458, 0, 12288, 11777, 339
2026/09/10 12:29:42.666, 0, 12288, 11777, 339
2026/09/10 12:29:42.874, 0, 12288, 11777, 339
2026/09/10 12:29:43.080, 0, 12288, 11777, 339
2026/09/10 12:29:43.288, 0, 12288, 11777, 339
2026/09/10 12:29:43.496, 0, 12288, 11777, 339
2026/09/10 12:29:43.704, 0, 12288, 11777, 339
2026/09/10 12:29:43.909, 0, 12288, 11777, 339
2026/09/10 12:29:44.117, 0, 12288, 11777, 339
2026/09/10 12:29:44.325, 0, 12288, 11777, 339
2026/09/10 12:29:44.532, 0, 12288, 11777, 339
2026/09/10 12:29:44.739, 0, 12288, 11777, 339
2026/09/10 12:29:44.945, 0, 12288, 11777, 339
2026/09/10 12:29:45.153, 0, 12288, 11777, 339
2026/09/10 12:29:45.361, 0, 12288, 11777, 339
2026/09/10 12:29:45.568, 0, 12288, 11777, 339
2026/09/10 12:29:45.774, 0, 12288, 11777, 339
2026/09/10 12:29:45.982, 0, 12288, 11777, 339
2026/09/10 12:29:46.189, 0, 12288, 11777, 339
2026/09/10 12:29:46.397, 0, 12288, 11777, 339
2026/09/10 12:29:46.604, 0, 12288, 11777, 339
2026/09/10 12:29:46.811, 0, 12288, 11777, 339
2026/09/10 12:29:47.018, 0, 12288, 11777, 339
2026/09/10 12:29:47.226, 0, 12288, 11777, 339
2026/09/10 12:29:47.433, 0, 12288, 11777, 339
2026/09/10 12:29:47.640, 0, 12288, 11777, 339
2026/09/10 12:29:47.848, 0, 12288, 11777, 339
2026/09/10 12:29:48.054, 0, 12288, 11777, 339
2026/09/10 12:29:48.262, 0, 12288, 11777, 339
2026/09/10 12:29:48.469, 0, 12288, 11777, 339
2026/09/10 12:29:48.676, 0, 12288, 11777, 339
2026/09/10 12:29:48.884, 0, 12288, 11777, 339
2026/09/10 12:29:49.090, 0, 12288, 11777, 339
2026/09/10 12:29:49.297, 0, 12288, 11777, 339
2026/09/10 12:29:49.503, 0, 12288, 11777, 339
2026/09/10 12:29:49.711, 0, 12288, 11777, 339
2026/09/10 12:29:49.918, 0, 12288, 11777, 339
2026/09/10 12:29:50.125, 0, 12288, 11777, 339
2026/09/10 12:29:50.333, 0, 12288, 11777, 339
2026/09/10 12:29:50.540, 0, 12288, 11777, 339
2026/09/10 12:29:50.748, 0, 12288, 11777, 339
2026/09/10 12:29:50.956, 0, 12288, 11777, 339
2026/09/10 12:29:51.164, 0, 12288, 11777, 339
2026/09/10 12:29:51.372, 0, 12288, 11777, 339
2026/09/10 12:29:51.578, 0, 12288, 11777, 339
2026/09/10 12:29:51.786, 0, 12288, 11777, 339
2026/09/10 12:29:51.994, 0, 12288, 11777, 339
2026/09/10 12:29:52.201, 0, 12288, 11777, 339
2026/09/10 12:29:52.409, 0, 12288, 11777, 339
2026/09/10 12:29:52.616, 0, 12288, 11777, 339
2026/09/10 12:29:52.823, 0, 12288, 11777, 339
2026/09/10 12:29:53.031, 0, 12288, 11777, 339
2026/09/10 12:29:53.239, 0, 12288, 11777, 339
2026/09/10 12:29:53.446, 0, 12288, 11777, 339
2026/09/10 12:29:53.650, 0, 12288, 11777, 339
2026/09/10 12:29:53.857, 0, 12288, 11777, 339
2026/09/10 12:29:54.063, 0, 12288, 11777, 339
2026/09/10 12:29:54.270, 0, 12288, 11777, 339
2026/09/10 12:29:54.476, 0, 12288, 11777, 339
2026/09/10 12:29:54.684, 0, 12288, 11777, 339
2026/09/10 12:29:54.889, 0, 12288, 11777, 339
2026/09/10 12:29:55.094, 0, 12288, 11777, 339
2026/09/10 12:29:55.300, 0, 12288, 11777, 339
2026/09/10 12:29:55.508, 0, 12288, 11777, 339
2026/09/10 12:29:55.716, 0, 12288, 11777, 339
2026/09/10 12:29:55.923, 0, 12288, 11777, 339
2026/09/10 12:29:56.130, 0, 12288, 11777, 339
2026/09/10 12:29:56.338, 0, 12288, 11777, 339
2026/09/10 12:29:56.545, 0, 12288, 11777, 339
2026/09/10 12:29:56.752, 0, 12288, 11777, 339
2026/09/10 12:29:56.959, 0, 12288, 11777, 339
2026/09/10 12:29:57.165, 0, 12288, 11777, 339
2026/09/10 12:29:57.372, 0, 12288, 11777, 339
2026/09/10 12:29:57.578, 0, 12288, 11777, 339
2026/09/10 12:29:57.786, 0, 12288, 11777, 339
2026/09/10 12:29:57.993, 0, 12288, 11777, 339
2026/09/10 12:29:58.200, 0, 12288, 11777, 339
2026/09/10 12:29:58.408, 0, 12288, 11777, 339
2026/09/10 12:29:58.616, 0, 12288, 11777, 339
2026/09/10 12:29:58.823, 0, 12288, 11777, 339
2026/09/10 12:29:59.030, 0, 12288, 11777, 339
2026/09/10 12:29:59.238, 0, 12288, 11777, 339
2026/09/10 12:29:59.445, 0, 12288, 11777, 339
2026/09/10 12:29:59.653, 0, 12288, 11777, 339
2026/09/10 12:29:59.861, 0, 12288, 11777, 339
2026/09/10 12:30:00.069, 0, 12288, 11777, 339
2026/09/10 12:30:00.277, 0, 12288, 11777, 339
2026/09/10 12:30:00.485, 0, 12288, 11777, 339
2026/09/10 12:30:00.690, 0, 12288, 11777, 339
2026/09/10 12:30:00.897, 0, 12288, 11777, 339
2026/09/10 12:30:01.104, 0, 12288, 11777, 339
2026/09/10 12:30:01.310, 0, 12288, 11777, 339
2026/09/10 12:30:01.517, 0, 12288, 11777, 339
2026/09/10 12:30:01.724, 0, 12288, 11777, 339
2026/09/10 12:30:01.931, 0, 12288, 11777, 339
2026/09/10 12:30:02.139, 0, 12288, 11777, 339
2026/09/10 12:30:02.347, 0, 12288, 11777, 339
2026/09/10 12:30:02.555, 0, 12288, 11777, 339
2026/09/10 12:30:02.763, 0, 12288, 11777, 339
2026/09/10 12:30:02.971, 0, 12288, 11777, 339
2026/09/10 12:30:03.179, 0, 12288, 11777, 339
2026/09/10 12:30:03.387, 0, 12288, 11777, 339
2026/09/10 12:30:03.593, 0, 12288, 11777, 339
2026/09/10 12:30:03.801, 0, 12288, 11777, 339
2026/09/10 12:30:04.008, 0, 12288, 11777, 339
2026/09/10 12:30:04.216, 0, 12288, 11777, 339
2026/09/10 12:30:04.423, 0, 12288, 11777, 339
2026/09/10 12:30:04.631, 0, 12288, 11777, 339
2026/09/10 12:30:04.839, 0, 12288, 11777, 339
2026/09/10 12:30:05.046, 0, 12288, 11777, 339
2026/09/10 12:30:05.254, 0, 12288, 11777, 339
2026/09/10 12:30:05.461, 0, 12288, 11777, 339
2026/09/10 12:30:05.666, 0, 12288, 11777, 339
2026/09/10 12:30:05.874, 0, 12288, 11777, 339
2026/09/10 12:30:06.081, 0, 12288, 11777, 339
2026/09/10 12:30:06.285, 0, 12288, 11777, 339
2026/09/10 12:30:06.492, 0, 12288, 11777, 339
2026/09/10 12:30:06.700, 0, 12288, 11777, 339
2026/09/10 12:30:06.908, 0, 12288, 11777, 339
2026/09/10 12:30:07.113, 0, 12288, 11777, 339
2026/09/10 12:30:07.321, 0, 12288, 11777, 339
2026/09/10 12:30:07.529, 0, 12288, 11777, 339
2026/09/10 12:30:07.736, 0, 12288, 11777, 339
2026/09/10 12:30:07.943, 0, 12288, 11777, 339
2026/09/10 12:30:08.150, 0, 12288, 11777, 339
2026/09/10 12:30:08.356, 0, 12288, 11777, 339
2026/09/10 12:30:08.564, 0, 12288, 11777, 339
2026/09/10 12:30:08.772, 0, 12288, 11777, 339
2026/09/10 12:30:08.980, 0, 12288, 11777, 339
2026/09/10 12:30:09.187, 0, 12288, 11777, 339
2026/09/10 12:30:09.394, 0, 12288, 11777, 339
2026/09/10 12:30:09.602, 0, 12288, 11777, 339
2026/09/10 12:30:09.809, 0, 12288, 11777, 339
2026/09/10 12:30:10.016, 0, 12288, 11777, 339
2026/09/10 12:30:10.224, 0, 12288, 11777, 339
2026/09/10 12:30:10.432, 0, 12288, 11777, 339
2026/09/10 12:30:10.639, 0, 12288, 11777, 339
2026/09/10 12:30:10.847, 0, 12288, 11777, 339
2026/09/10 12:30:11.053, 0, 12288, 11777, 339
2026/09/10 12:30:11.258, 0, 12288, 11777, 339
2026/09/10 12:30:11.466, 0, 12288, 11777, 339
2026/09/10 12:30:11.674, 0, 12288, 11777, 339
2026/09/10 12:30:11.878, 0, 12288, 11777, 339
2026/09/10 12:30:12.086, 0, 12288, 11777, 339
2026/09/10 12:30:12.294, 0, 12288, 11777, 339
2026/09/10 12:30:12.502, 0, 12288, 11777, 339
2026/09/10 12:30:12.710, 0, 12288, 11777, 339
2026/09/10 12:30:12.916, 0, 12288, 11777, 339
2026/09/10 12:30:13.123, 0, 12288, 11777, 339
2026/09/10 12:30:13.330, 0, 12288, 11777, 339
2026/09/10 12:30:13.538, 0, 12288, 11777, 339
2026/09/10 12:30:13.746, 0, 12288, 11777, 339
2026/09/10 12:30:13.953, 0, 12288, 11777, 339
2026/09/10 12:30:14.161, 0, 12288, 11777, 339
2026/09/10 12:30:14.369, 0, 12288, 11777, 339
2026/09/10 12:30:14.591, 0, 12288, 11777, 339
2026/09/10 12:30:14.797, 0, 12288, 11777, 339
2026/09/10 12:30:15.005, 0, 12288, 11777, 339
2026/09/10 12:30:15.213, 0, 12288, 11777, 339
2026/09/10 12:30:15.421, 0, 12288, 11777, 339
2026/09/10 12:30:15.629, 0, 12288, 11777, 339
2026/09/10 12:30:15.835, 0, 12288, 11777, 339
2026/09/10 12:30:16.043, 0, 12288, 11777, 339
2026/09/10 12:30:16.251, 0, 12288, 11777, 339
2026/09/10 12:30:16.459, 0, 12288, 11777, 339
2026/09/10 12:30:16.666, 0, 12288, 11777, 339
2026/09/10 12:30:16.874, 0, 12288, 11777, 339
2026/09/10 12:30:17.080, 0, 12288, 11777, 339
2026/09/10 12:30:17.288, 0, 12288, 11777, 339
2026/09/10 12:30:17.493, 0, 12288, 11777, 339
2026/09/10 12:30:17.700, 0, 12288, 11777, 339
2026/09/10 12:30:17.908, 0, 12288, 11777, 339
2026/09/10 12:30:18.116, 0, 12288, 11777, 339
2026/09/10 12:30:18.324, 0, 12288, 11777, 339
2026/09/10 12:30:18.532, 0, 12288, 11777, 339
2026/09/10 12:30:18.738, 0, 12288, 11777, 339
2026/09/10 12:30:18.945, 0, 12288, 11777, 339
2026/09/10 12:30:19.152, 0, 12288, 11777, 339
2026/09/10 12:30:19.359, 0, 12288, 11777, 339
2026/09/10 12:30:19.566, 0, 12288, 11777, 339
2026/09/10 12:30:19.774, 0, 12288, 11777, 339
2026/09/10 12:30:19.980, 0, 12288, 11777, 339
2026/09/10 12:30:20.188, 0, 12288, 11777, 339
2026/09/10 12:30:20.395, 0, 12288, 11777, 339
2026/09/10 12:30:20.602, 0, 12288, 11777, 339
2026/09/10 12:30:20.809, 0, 12288, 11777, 339
2026/09/10 12:30:21.017, 0, 12288, 11777, 339
2026/09/10 12:30:21.224, 0, 12288, 11777, 339
2026/09/10 12:30:21.431, 0, 12288, 11777, 339
2026/09/10 12:30:21.638, 0, 12288, 11777, 339
2026/09/10 12:30:21.845, 0, 12288, 11777, 339
2026/09/10 12:30:22.052, 0, 12288, 11777, 339
2026/09/10 12:30:22.259, 0, 12288, 11777, 339
2026/09/10 12:30:22.466, 0, 12288, 11777, 339
2026/09/10 12:30:22.673, 0, 12288, 11777, 339
2026/09/10 12:30:22.881, 0, 12288, 11777, 339
2026/09/10 12:30:23.086, 0, 12288, 11777, 339
2026/09/10 12:30:23.292, 0, 12288, 11777, 339
2026/09/10 12:30:23.500, 0, 12288, 11777, 339
2026/09/10 12:30:23.708, 0, 12288, 11777, 339
2026/09/10 12:30:23.916, 0, 12288, 11777, 339
2026/09/10 12:30:24.122, 0, 12288, 11777, 339
2026/09/10 12:30:24.329, 0, 12288, 11777, 339
2026/09/10 12:30:24.537, 0, 12288, 11777, 339
2026/09/10 12:30:24.742, 0, 12288, 11777, 339
2026/09/10 12:30:24.950, 0, 12288, 11777, 339
2026/09/10 12:30:25.158, 0, 12288, 11777, 339
2026/09/10 12:30:25.365, 0, 12288, 11777, 339
2026/09/10 12:30:25.573, 0, 12288, 11777, 339
2026/09/10 12:30:25.780, 0, 12288, 11777, 339
2026/09/10 12:30:25.988, 0, 12288, 11777, 339
2026/09/10 12:30:26.196, 0, 12288, 11777, 339
2026/09/10 12:30:26.404, 0, 12288, 11777, 339
2026/09/10 12:30:26.612, 0, 12288, 11777, 339
2026/09/10 12:30:26.820, 0, 12288, 11777, 339
2026/09/10 12:30:27.027, 0, 12288, 11777, 339
2026/09/10 12:30:27.234, 0, 12288, 11777, 339
2026/09/10 12:30:27.442, 0, 12288, 11777, 339
2026/09/10 12:30:27.648, 0, 12288, 11777, 339
2026/09/10 12:30:27.855, 0, 12288, 11777, 339
2026/09/10 12:30:28.062, 0, 12288, 11777, 339
2026/09/10 12:30:28.270, 0, 12288, 11777, 339
2026/09/10 12:30:28.478, 0, 12288, 11777, 339
2026/09/10 12:30:28.684, 0, 12288, 11777, 339
2026/09/10 12:30:28.892, 0, 12288, 11777, 339
2026/09/10 12:30:29.100, 0, 12288, 11777, 339
2026/09/10 12:30:29.307, 0, 12288, 11777, 339
2026/09/10 12:30:29.515, 0, 12288, 11777, 339
2026/09/10 12:30:29.722, 0, 12288, 11777, 339
2026/09/10 12:30:29.930, 0, 12288, 11777, 339
2026/09/10 12:30:30.138, 0, 12288, 11777, 339
2026/09/10 12:30:30.346, 0, 12288, 11777, 339
2026/09/10 12:30:30.554, 0, 12288, 11777, 339
2026/09/10 12:30:30.761, 0, 12288, 11777, 339
2026/09/10 12:30:30.969, 0, 12288, 11777, 339
2026/09/10 12:30:31.177, 0, 12288, 11777, 339
2026/09/10 12:30:31.384, 0, 12288, 11777, 339
2026/09/10 12:30:31.591, 0, 12288, 11777, 339
2026/09/10 12:30:31.799, 0, 12288, 11777, 339
2026/09/10 12:30:32.007, 0, 12288, 11777, 339
2026/09/10 12:30:32.212, 0, 12288, 11777, 339
2026/09/10 12:30:32.419, 0, 12288, 11777, 339
2026/09/10 12:30:32.627, 0, 12288, 11777, 339
2026/09/10 12:30:32.834, 0, 12288, 11777, 339
2026/09/10 12:30:33.042, 0, 12288, 11777, 339
2026/09/10 12:30:33.249, 0, 12288, 11777, 339
2026/09/10 12:30:33.457, 0, 12288, 11777, 339
2026/09/10 12:30:33.678, 0, 12288, 11777, 339
2026/09/10 12:30:33.886, 0, 12288, 11777, 339
2026/09/10 12:30:34.094, 0, 12288, 11777, 339
2026/09/10 12:30:34.300, 0, 12288, 11777, 339
2026/09/10 12:30:34.507, 0, 12288, 11777, 339
2026/09/10 12:30:34.714, 0, 12288, 11777, 339
2026/09/10 12:30:34.920, 0, 12288, 11777, 339
2026/09/10 12:30:35.127, 0, 12288, 11777, 339
2026/09/10 12:30:35.335, 0, 12288, 11777, 339
2026/09/10 12:30:35.543, 0, 12288, 11777, 339
2026/09/10 12:30:35.751, 0, 12288, 11777, 339
2026/09/10 12:30:35.959, 0, 12288, 11777, 339
2026/09/10 12:30:36.166, 0, 12288, 11777, 339
2026/09/10 12:30:36.374, 0, 12288, 11777, 339
2026/09/10 12:30:36.582, 0, 12288, 11777, 339
2026/09/10 12:30:36.790, 0, 12288, 11777, 339
2026/09/10 12:30:36.998, 0, 12288, 11777, 339
2026/09/10 12:30:37.205, 0, 12288, 11777, 339
2026/09/10 12:30:37.413, 0, 12288, 11777, 339
2026/09/10 12:30:37.620, 0, 12288, 11777, 339
2026/09/10 12:30:37.827, 0, 12288, 11777, 339
2026/09/10 12:30:38.035, 0, 12288, 11777, 339
2026/09/10 12:30:38.243, 0, 12288, 11777, 339
2026/09/10 12:30:38.451, 0, 12288, 11777, 339
2026/09/10 12:30:38.658, 0, 12288, 11777, 339
2026/09/10 12:30:38.866, 0, 12288, 11777, 339
2026/09/10 12:30:39.071, 0, 12288, 11777, 339
2026/09/10 12:30:39.278, 0, 12288, 11777, 339
2026/09/10 12:30:39.485, 0, 12288, 11777, 339
2026/09/10 12:30:39.692, 0, 12288, 11777, 339
2026/09/10 12:30:39.899, 0, 12288, 11777, 339
2026/09/10 12:30:40.106, 0, 12288, 11777, 339
2026/09/10 12:30:40.312, 0, 12288, 11777, 339
2026/09/10 12:30:40.518, 0, 12288, 11777, 339
2026/09/10 12:30:40.724, 0, 12288, 11777, 339
2026/09/10 12:30:40.931, 0, 12288, 11777, 339
2026/09/10 12:30:41.137, 0, 12288, 11777, 339
2026/09/10 12:30:41.343, 0, 12288, 11777, 339
2026/09/10 12:30:41.551, 0, 12288, 11777, 339
2026/09/10 12:30:41.757, 0, 12288, 11777, 339
2026/09/10 12:30:41.964, 0, 12288, 11777, 339
2026/09/10 12:30:42.170, 0, 12288, 11777, 339
2026/09/10 12:30:42.378, 0, 12288, 11777, 339
2026/09/10 12:30:42.586, 0, 12288, 11777, 339
2026/09/10 12:30:42.793, 0, 12288, 11777, 339
2026/09/10 12:30:43.000, 0, 12288, 11777, 339
2026/09/10 12:30:43.208, 0, 12288, 11777, 339
2026/09/10 12:30:43.416, 0, 12288, 11777, 339
2026/09/10 12:30:43.624, 0, 12288, 11777, 339
2026/09/10 12:30:43.832, 0, 12288, 11777, 339
2026/09/10 12:30:44.039, 0, 12288, 11777, 339
2026/09/10 12:30:44.246, 0, 12288, 11777, 339
2026/09/10 12:30:44.453, 0, 12288, 11777, 339
2026/09/10 12:30:44.661, 0, 12288, 11777, 339
2026/09/10 12:30:44.869, 0, 12288, 11777, 339
2026/09/10 12:30:45.077, 0, 12288, 11777, 339
2026/09/10 12:30:45.284, 0, 12288, 11777, 339
2026/09/10 12:30:45.490, 0, 12288, 11777, 339
2026/09/10 12:30:45.697, 0, 12288, 11777, 339
2026/09/10 12:30:45.904, 0, 12288, 11777, 339
2026/09/10 12:30:46.112, 0, 12288, 11777, 339
2026/09/10 12:30:46.320, 0, 12288, 11777, 339
2026/09/10 12:30:46.528, 0, 12288, 11777, 339
2026/09/10 12:30:46.736, 0, 12288, 11777, 339
2026/09/10 12:30:46.944, 0, 12288, 11777, 339
2026/09/10 12:30:47.151, 0, 12288, 11777, 339
2026/09/10 12:30:47.359, 0, 12288, 11777, 339
2026/09/10 12:30:47.567, 0, 12288, 11777, 339
2026/09/10 12:30:47.775, 0, 12288, 11777, 339
2026/09/10 12:30:47.983, 0, 12288, 11777, 339
2026/09/10 12:30:48.191, 0, 12288, 11777, 339
2026/09/10 12:30:48.398, 0, 12288, 11777, 339
2026/09/10 12:30:48.605, 0, 12288, 11777, 339
2026/09/10 12:30:48.813, 0, 12288, 11777, 339
2026/09/10 12:30:49.021, 0, 12288, 11777, 339
2026/09/10 12:30:49.229, 0, 12288, 11777, 339
2026/09/10 12:30:49.437, 0, 12288, 11777, 339
2026/09/10 12:30:49.644, 0, 12288, 11777, 339
2026/09/10 12:30:49.851, 0, 12288, 11777, 339
2026/09/10 12:30:50.058, 0, 12288, 11777, 339
2026/09/10 12:30:50.266, 0, 12288, 11777, 339
2026/09/10 12:30:50.474, 0, 12288, 11777, 339
2026/09/10 12:30:50.681, 0, 12288, 11777, 339
2026/09/10 12:30:50.887, 0, 12288, 11777, 339
2026/09/10 12:30:51.095, 0, 12288, 11777, 339
2026/09/10 12:30:51.303, 0, 12288, 11777, 339
2026/09/10 12:30:51.510, 0, 12288, 11777, 339
2026/09/10 12:30:51.718, 0, 12288, 11777, 339
2026/09/10 12:30:51.924, 0, 12288, 11777, 339
2026/09/10 12:30:52.132, 0, 12288, 11777, 339
2026/09/10 12:30:52.338, 0, 12288, 11777, 339
2026/09/10 12:30:52.545, 0, 12288, 11777, 339
2026/09/10 12:30:52.769, 0, 12288, 11777, 339
2026/09/10 12:30:52.976, 0, 12288, 11777, 339
2026/09/10 12:30:53.183, 0, 12288, 11777, 339
2026/09/10 12:30:53.390, 0, 12288, 11777, 339
2026/09/10 12:30:53.598, 0, 12288, 11777, 339
2026/09/10 12:30:53.805, 0, 12288, 11777, 339
2026/09/10 12:30:54.012, 0, 12288, 11777, 339
2026/09/10 12:30:54.220, 0, 12288, 11777, 339
2026/09/10 12:30:54.428, 0, 12288, 11777, 339
2026/09/10 12:30:54.632, 0, 12288, 11777, 339
2026/09/10 12:30:54.839, 0, 12288, 11777, 339
2026/09/10 12:30:55.047, 0, 12288, 11777, 339
2026/09/10 12:30:55.254, 0, 12288, 11777, 339
2026/09/10 12:30:55.462, 0, 12288, 11777, 339
2026/09/10 12:30:55.667, 0, 12288, 11777, 339
2026/09/10 12:30:55.874, 0, 12288, 11777, 339
2026/09/10 12:30:56.082, 0, 12288, 11777, 339
2026/09/10 12:30:56.290, 0, 12288, 11777, 339
2026/09/10 12:30:56.495, 0, 12288, 11777, 339
2026/09/10 12:30:56.703, 0, 12288, 11777, 339
2026/09/10 12:30:56.910, 0, 12288, 11777, 339
2026/09/10 12:30:57.118, 0, 12288, 11777, 339
2026/09/10 12:30:57.325, 0, 12288, 11777, 339
2026/09/10 12:30:57.533, 0, 12288, 11777, 339
2026/09/10 12:30:57.741, 0, 12288, 11777, 339
2026/09/10 12:30:57.947, 0, 12288, 11777, 339
2026/09/10 12:30:58.155, 0, 12288, 11777, 339
2026/09/10 12:30:58.363, 0, 12288, 11777, 339
2026/09/10 12:30:58.570, 0, 12288, 11777, 339
2026/09/10 12:30:58.778, 0, 12288, 11777, 339
2026/09/10 12:30:58.985, 0, 12288, 11777, 339
2026/09/10 12:30:59.193, 0, 12288, 11777, 339
2026/09/10 12:30:59.401, 0, 12288, 11777, 339
2026/09/10 12:30:59.607, 0, 12288, 11777, 339
2026/09/10 12:30:59.815, 0, 12288, 11777, 339
2026/09/10 12:31:00.023, 0, 12288, 11777, 339
2026/09/10 12:31:00.230, 0, 12288, 11777, 339
2026/09/10 12:31:00.438, 0, 12288, 11777, 339
2026/09/10 12:31:00.646, 0, 12288, 11777, 339
2026/09/10 12:31:00.853, 0, 12288, 11777, 339
2026/09/10 12:31:01.061, 0, 12288, 11777, 339
2026/09/10 12:31:01.269, 0, 12288, 11777, 339
2026/09/10 12:31:01.476, 0, 12288, 11777, 339
2026/09/10 12:31:01.683, 0, 12288, 11777, 339
2026/09/10 12:31:01.891, 0, 12288, 11777, 339
2026/09/10 12:31:02.096, 0, 12288, 11777, 339
2026/09/10 12:31:02.304, 0, 12288, 11777, 339
2026/09/10 12:31:02.513, 0, 12288, 11777, 339
2026/09/10 12:31:02.720, 0, 12288, 11777, 339
2026/09/10 12:31:02.927, 0, 12288, 11777, 339
2026/09/10 12:31:03.134, 0, 12288, 11777, 339
2026/09/10 12:31:03.341, 0, 12288, 11777, 339
2026/09/10 12:31:03.548, 0, 12288, 11777, 339
2026/09/10 12:31:03.756, 0, 12288, 11777, 339
2026/09/10 12:31:03.964, 0, 12288, 11777, 339
2026/09/10 12:31:04.172, 0, 12288, 11777, 339
2026/09/10 12:31:04.380, 0, 12288, 11777, 339
2026/09/10 12:31:04.588, 0, 12288, 11777, 339
2026/09/10 12:31:04.796, 0, 12288, 11777, 339
2026/09/10 12:31:05.003, 0, 12288, 11777, 339
2026/09/10 12:31:05.211, 0, 12288, 11777, 339
2026/09/10 12:31:05.419, 0, 12288, 11777, 339
2026/09/10 12:31:05.626, 0, 12288, 11777, 339
2026/09/10 12:31:05.834, 0, 12288, 11777, 339
2026/09/10 12:31:06.041, 0, 12288, 11777, 339
2026/09/10 12:31:06.248, 0, 12288, 11777, 339
2026/09/10 12:31:06.456, 0, 12288, 11777, 339
2026/09/10 12:31:06.664, 0, 12288, 11777, 339
2026/09/10 12:31:06.872, 0, 12288, 11777, 339
2026/09/10 12:31:07.079, 0, 12288, 11777, 339
2026/09/10 12:31:07.286, 0, 12288, 11777, 339
2026/09/10 12:31:07.493, 0, 12288, 11777, 339
2026/09/10 12:31:07.699, 0, 12288, 11777, 339
2026/09/10 12:31:07.907, 0, 12288, 11777, 339
2026/09/10 12:31:08.114, 0, 12288, 11777, 339
2026/09/10 12:31:08.321, 0, 12288, 11777, 339
2026/09/10 12:31:08.529, 0, 12288, 11777, 339
2026/09/10 12:31:08.736, 0, 12288, 11777, 339
2026/09/10 12:31:08.943, 0, 12288, 11777, 339
2026/09/10 12:31:09.150, 0, 12288, 11777, 339
2026/09/10 12:31:09.358, 0, 12288, 11777, 339
2026/09/10 12:31:09.565, 0, 12288, 11777, 339
2026/09/10 12:31:09.772, 0, 12288, 11777, 339
2026/09/10 12:31:09.980, 0, 12288, 11777, 339
2026/09/10 12:31:10.186, 0, 12288, 11777, 339
2026/09/10 12:31:10.393, 0, 12288, 11777, 339
2026/09/10 12:31:10.601, 0, 12288, 11777, 339
2026/09/10 12:31:10.809, 0, 12288, 11777, 339
2026/09/10 12:31:11.016, 0, 12288, 11777, 339
2026/09/10 12:31:11.223, 0, 12288, 11777, 339
2026/09/10 12:31:11.430, 0, 12288, 11777, 339
2026/09/10 12:31:11.636, 0, 12288, 11777, 339
2026/09/10 12:31:11.843, 0, 12288, 11777, 339
2026/09/10 12:31:12.050, 0, 12288, 11777, 339
2026/09/10 12:31:12.258, 0, 12288, 11777, 339
2026/09/10 12:31:12.465, 0, 12288, 11777, 339
2026/09/10 12:31:12.672, 0, 12288, 11777, 339
2026/09/10 12:31:12.879, 0, 12288, 11777, 339
2026/09/10 12:31:13.086, 0, 12288, 11777, 339
2026/09/10 12:31:13.292, 0, 12288, 11777, 339
2026/09/10 12:31:13.500, 0, 12288, 11777, 339
2026/09/10 12:31:13.707, 0, 12288, 11777, 339
2026/09/10 12:31:13.914, 0, 12288, 11777, 339
2026/09/10 12:31:14.122, 0, 12288, 11777, 339
2026/09/10 12:31:14.329, 0, 12288, 11777, 339
2026/09/10 12:31:14.537, 0, 12288, 11777, 339
2026/09/10 12:31:14.745, 0, 12288, 11777, 339
2026/09/10 12:31:14.953, 0, 12288, 11777, 339
2026/09/10 12:31:15.161, 0, 12288, 11777, 339
2026/09/10 12:31:15.368, 0, 12288, 11777, 339
2026/09/10 12:31:15.575, 0, 12288, 11777, 339
2026/09/10 12:31:15.782, 0, 12288, 11777, 339
2026/09/10 12:31:15.990, 0, 12288, 11777, 339
2026/09/10 12:31:16.197, 0, 12288, 11777, 339
2026/09/10 12:31:16.404, 0, 12288, 11777, 339
2026/09/10 12:31:16.612, 0, 12288, 11777, 339
2026/09/10 12:31:16.820, 0, 12288, 11777, 339
2026/09/10 12:31:17.028, 0, 12288, 11777, 339
2026/09/10 12:31:17.236, 0, 12288, 11777, 339
2026/09/10 12:31:17.443, 0, 12288, 11777, 339
2026/09/10 12:31:17.650, 0, 12288, 11777, 339
2026/09/10 12:31:17.857, 0, 12288, 11777, 339
2026/09/10 12:31:18.065, 0, 12288, 11777, 339
2026/09/10 12:31:18.273, 0, 12288, 11777, 339
2026/09/10 12:31:18.480, 0, 12288, 11777, 339
2026/09/10 12:31:18.687, 0, 12288, 11777, 339
2026/09/10 12:31:18.892, 0, 12288, 11777, 339
2026/09/10 12:31:19.100, 0, 12288, 11777, 339
2026/09/10 12:31:19.308, 0, 12288, 11777, 339
2026/09/10 12:31:19.516, 0, 12288, 11777, 339
2026/09/10 12:31:19.724, 0, 12288, 11777, 339
2026/09/10 12:31:19.931, 0, 12288, 11777, 339
2026/09/10 12:31:20.139, 0, 12288, 11777, 339
2026/09/10 12:31:20.347, 0, 12288, 11777, 339
2026/09/10 12:31:20.555, 0, 12288, 11777, 339
2026/09/10 12:31:20.763, 0, 12288, 11777, 339
2026/09/10 12:31:20.971, 0, 12288, 11777, 339
2026/09/10 12:31:21.178, 0, 12288, 11777, 339
2026/09/10 12:31:21.386, 0, 12288, 11777, 339
2026/09/10 12:31:21.593, 0, 12288, 11777, 339
2026/09/10 12:31:21.801, 0, 12288, 11777, 339
2026/09/10 12:31:22.008, 0, 12288, 11777, 339
2026/09/10 12:31:22.214, 0, 12288, 11777, 339
2026/09/10 12:31:22.422, 0, 12288, 11777, 339
2026/09/10 12:31:22.629, 0, 12288, 11777, 339
2026/09/10 12:31:22.837, 0, 12288, 11777, 339
2026/09/10 12:31:23.045, 0, 12288, 11777, 339
2026/09/10 12:31:23.252, 0, 12288, 11777, 339
2026/09/10 12:31:23.459, 0, 12288, 11777, 339
2026/09/10 12:31:23.665, 0, 12288, 11777, 339
2026/09/10 12:31:23.873, 0, 12288, 11777, 339
2026/09/10 12:31:24.081, 0, 12288, 11777, 339
2026/09/10 12:31:24.288, 0, 12288, 11777, 339
2026/09/10 12:31:24.493, 0, 12288, 11777, 339
2026/09/10 12:31:24.701, 0, 12288, 11777, 339
2026/09/10 12:31:24.909, 0, 12288, 11777, 339
2026/09/10 12:31:25.117, 0, 12288, 11777, 339
2026/09/10 12:31:25.325, 0, 12288, 11777, 339
2026/09/10 12:31:25.532, 0, 12288, 11777, 339
2026/09/10 12:31:25.740, 0, 12288, 11777, 339
2026/09/10 12:31:25.948, 0, 12288, 11777, 339
2026/09/10 12:31:26.156, 0, 12288, 11777, 339
2026/09/10 12:31:26.364, 0, 12288, 11777, 339
2026/09/10 12:31:26.571, 0, 12288, 11777, 339
2026/09/10 12:31:26.777, 0, 12288, 11777, 339
2026/09/10 12:31:26.985, 0, 12288, 11777, 339
2026/09/10 12:31:27.193, 0, 12288, 11777, 339
2026/09/10 12:31:27.400, 0, 12288, 11777, 339
2026/09/10 12:31:27.607, 0, 12288, 11777, 339
2026/09/10 12:31:27.815, 0, 12288, 11777, 339
2026/09/10 12:31:28.022, 0, 12288, 11777, 339
2026/09/10 12:31:28.229, 0, 12288, 11777, 339
2026/09/10 12:31:28.436, 0, 12288, 11777, 339
2026/09/10 12:31:28.644, 0, 12288, 11777, 339
2026/09/10 12:31:28.852, 0, 12288, 11777, 339
2026/09/10 12:31:29.058, 0, 12288, 11777, 339
2026/09/10 12:31:29.266, 0, 12288, 11777, 339
2026/09/10 12:31:29.473, 0, 12288, 11777, 339
2026/09/10 12:31:29.681, 0, 12288, 11777, 339
2026/09/10 12:31:29.889, 0, 12288, 11777, 339
2026/09/10 12:31:30.094, 0, 12288, 11777, 339
2026/09/10 12:31:30.302, 0, 12288, 11777, 339
2026/09/10 12:31:30.510, 0, 12288, 11777, 339
2026/09/10 12:31:30.718, 0, 12288, 11777, 339
2026/09/10 12:31:30.926, 0, 12288, 11777, 339
2026/09/10 12:31:31.133, 0, 12288, 11777, 339
2026/09/10 12:31:31.341, 0, 12288, 11777, 339
2026/09/10 12:31:31.549, 0, 12288, 11777, 339
2026/09/10 12:31:31.757, 0, 12288, 11777, 339
2026/09/10 12:31:31.965, 0, 12288, 11777, 339
2026/09/10 12:31:32.172, 0, 12288, 11777, 339
2026/09/10 12:31:32.380, 0, 12288, 11777, 339
2026/09/10 12:31:32.587, 0, 12288, 11777, 339
2026/09/10 12:31:32.790, 0, 12288, 11777, 339
2026/09/10 12:31:32.998, 0, 12288, 11777, 339
2026/09/10 12:31:33.204, 0, 12288, 11777, 339
2026/09/10 12:31:33.409, 0, 12288, 11777, 339
2026/09/10 12:31:33.616, 0, 12288, 11777, 339
2026/09/10 12:31:33.823, 0, 12288, 11777, 339
2026/09/10 12:31:34.030, 0, 12288, 11777, 339
2026/09/10 12:31:34.237, 0, 12288, 11777, 339
2026/09/10 12:31:34.442, 0, 12288, 11777, 339
2026/09/10 12:31:34.648, 0, 12288, 11777, 339
2026/09/10 12:31:34.854, 0, 12288, 11777, 339
2026/09/10 12:31:35.060, 0, 12288, 11777, 339
2026/09/10 12:31:35.267, 0, 12288, 11777, 339
2026/09/10 12:31:35.475, 0, 12288, 11777, 339
2026/09/10 12:31:35.680, 0, 12288, 11777, 339
2026/09/10 12:31:35.888, 0, 12288, 11777, 339
2026/09/10 12:31:36.096, 0, 12288, 11777, 339
2026/09/10 12:31:36.303, 0, 12288, 11777, 339
2026/09/10 12:31:36.510, 0, 12288, 11777, 339
2026/09/10 12:31:36.718, 0, 12288, 11777, 339
2026/09/10 12:31:36.926, 0, 12288, 11777, 339
2026/09/10 12:31:37.134, 0, 12288, 11777, 339
2026/09/10 12:31:37.341, 0, 12288, 11777, 339
2026/09/10 12:31:37.548, 0, 12288, 11777, 339
2026/09/10 12:31:37.756, 0, 12288, 11777, 339
2026/09/10 12:31:37.963, 0, 12288, 11777, 339
2026/09/10 12:31:38.170, 0, 12288, 11777, 339
2026/09/10 12:31:38.377, 0, 12288, 11777, 339
2026/09/10 12:31:38.585, 0, 12288, 11777, 339
2026/09/10 12:31:38.790, 0, 12288, 11777, 339
2026/09/10 12:31:38.997, 0, 12288, 11777, 339
2026/09/10 12:31:39.204, 0, 12288, 11777, 339
2026/09/10 12:31:39.412, 0, 12288, 11777, 339
2026/09/10 12:31:39.619, 0, 12288, 11777, 339
2026/09/10 12:31:39.827, 0, 12288, 11777, 339
2026/09/10 12:31:40.035, 0, 12288, 11777, 339
2026/09/10 12:31:40.243, 0, 12288, 11777, 339
2026/09/10 12:31:40.451, 0, 12288, 11777, 339
2026/09/10 12:31:40.658, 0, 12288, 11777, 339
2026/09/10 12:31:40.866, 0, 12288, 11777, 339
2026/09/10 12:31:41.073, 0, 12288, 11777, 339
2026/09/10 12:31:41.279, 0, 12288, 11777, 339
2026/09/10 12:31:41.486, 0, 12288, 11777, 339
2026/09/10 12:31:41.693, 0, 12288, 11777, 339
2026/09/10 12:31:41.900, 0, 12288, 11777, 339
2026/09/10 12:31:42.108, 0, 12288, 11777, 339
2026/09/10 12:31:42.316, 0, 12288, 11777, 339
2026/09/10 12:31:42.524, 0, 12288, 11777, 339
2026/09/10 12:31:42.732, 0, 12288, 11777, 339
2026/09/10 12:31:42.940, 0, 12288, 11777, 339
2026/09/10 12:31:43.148, 0, 12288, 11777, 339
2026/09/10 12:31:43.356, 0, 12288, 11777, 339
2026/09/10 12:31:43.563, 0, 12288, 11777, 339
2026/09/10 12:31:43.771, 0, 12288, 11777, 339
2026/09/10 12:31:43.978, 0, 12288, 11777, 339
2026/09/10 12:31:44.185, 0, 12288, 11777, 339
2026/09/10 12:31:44.392, 0, 12288, 11777, 339
2026/09/10 12:31:44.600, 0, 12288, 11777, 339
2026/09/10 12:31:44.807, 0, 12288, 11777, 339
2026/09/10 12:31:45.015, 0, 12288, 11777, 339
2026/09/10 12:31:45.222, 0, 12288, 11777, 339
2026/09/10 12:31:45.431, 0, 12288, 11777, 339
2026/09/10 12:31:45.638, 0, 12288, 11777, 339
2026/09/10 12:31:45.843, 0, 12288, 11777, 339
2026/09/10 12:31:46.050, 0, 12288, 11777, 339
2026/09/10 12:31:46.258, 0, 12288, 11777, 339
2026/09/10 12:31:46.466, 0, 12288, 11777, 339
2026/09/10 12:31:46.674, 0, 12288, 11777, 339
2026/09/10 12:31:46.879, 0, 12288, 11777, 339
2026/09/10 12:31:47.086, 0, 12288, 11777, 339
2026/09/10 12:31:47.294, 0, 12288, 11777, 339
2026/09/10 12:31:47.502, 0, 12288, 11777, 339
2026/09/10 12:31:47.710, 0, 12288, 11777, 339
2026/09/10 12:31:47.916, 0, 12288, 11777, 339
2026/09/10 12:31:48.121, 0, 12288, 11777, 339
2026/09/10 12:31:48.328, 0, 12288, 11777, 339
2026/09/10 12:31:48.536, 0, 12288, 11777, 339
2026/09/10 12:31:48.742, 0, 12288, 11777, 339
2026/09/10 12:31:48.950, 0, 12288, 11777, 339
2026/09/10 12:31:49.157, 0, 12288, 11777, 339
2026/09/10 12:31:49.365, 0, 12288, 11777, 339
2026/09/10 12:31:49.573, 0, 12288, 11777, 339
2026/09/10 12:31:49.781, 0, 12288, 11777, 339
2026/09/10 12:31:49.988, 0, 12288, 11777, 339
2026/09/10 12:31:50.196, 0, 12288, 11777, 339
2026/09/10 12:31:50.400, 0, 12288, 11777, 339
2026/09/10 12:31:50.607, 0, 12288, 11777, 339
2026/09/10 12:31:50.814, 0, 12288, 11777, 339
2026/09/10 12:31:51.022, 0, 12288, 11777, 339
2026/09/10 12:31:51.228, 0, 12288, 11777, 339
2026/09/10 12:31:51.435, 0, 12288, 11777, 339
2026/09/10 12:31:51.642, 0, 12288, 11777, 339
2026/09/10 12:31:51.850, 0, 12288, 11777, 339
2026/09/10 12:31:52.057, 0, 12288, 11777, 339
2026/09/10 12:31:52.265, 0, 12288, 11777, 339
2026/09/10 12:31:52.471, 0, 12288, 11777, 339
2026/09/10 12:31:52.677, 0, 12288, 11777, 339
2026/09/10 12:31:52.884, 0, 12288, 11777, 339
2026/09/10 12:31:53.091, 0, 12288, 11777, 339
2026/09/10 12:31:53.298, 0, 12288, 11777, 339
2026/09/10 12:31:53.506, 0, 12288, 11777, 339
2026/09/10 12:31:53.713, 0, 12288, 11777, 339
2026/09/10 12:31:53.920, 0, 12288, 11777, 339
2026/09/10 12:31:54.127, 0, 12288, 11777, 339
2026/09/10 12:31:54.334, 0, 12288, 11777, 339
2026/09/10 12:31:54.542, 0, 12288, 11777, 339
2026/09/10 12:31:54.749, 0, 12288, 11777, 339
2026/09/10 12:31:54.956, 0, 12288, 11777, 339
2026/09/10 12:31:55.164, 0, 12288, 11777, 339
2026/09/10 12:31:55.371, 0, 12288, 11777, 339
2026/09/10 12:31:55.574, 0, 12288, 11777, 339
2026/09/10 12:31:55.782, 0, 12288, 11777, 339
2026/09/10 12:31:55.988, 0, 12288, 11777, 339
2026/09/10 12:31:56.195, 0, 12288, 11777, 339
2026/09/10 12:31:56.401, 0, 12288, 11777, 339
2026/09/10 12:31:56.609, 0, 12288, 11777, 339
2026/09/10 12:31:56.832, 0, 12288, 11777, 339
2026/09/10 12:31:57.039, 0, 12288, 11777, 339
2026/09/10 12:31:57.247, 0, 12288, 11777, 339
2026/09/10 12:31:57.455, 0, 12288, 11777, 339
2026/09/10 12:31:57.662, 0, 12288, 11777, 339
2026/09/10 12:31:57.870, 0, 12288, 11777, 339
2026/09/10 12:31:58.076, 0, 12288, 11777, 339
2026/09/10 12:31:58.284, 0, 12288, 11777, 339
2026/09/10 12:31:58.491, 0, 12288, 11777, 339
2026/09/10 12:31:58.699, 0, 12288, 11777, 339
2026/09/10 12:31:58.906, 0, 12288, 11777, 339
2026/09/10 12:31:59.114, 0, 12288, 11777, 339
2026/09/10 12:31:59.322, 0, 12288, 11777, 339
2026/09/10 12:31:59.529, 0, 12288, 11777, 339
2026/09/10 12:31:59.737, 0, 12288, 11777, 339
2026/09/10 12:31:59.945, 0, 12288, 11777, 339
2026/09/10 12:32:00.152, 0, 12288, 11777, 339
2026/09/10 12:32:00.359, 0, 12288, 11777, 339
2026/09/10 12:32:00.566, 0, 12288, 11777, 339
2026/09/10 12:32:00.773, 0, 12288, 11777, 339
2026/09/10 12:32:00.980, 0, 12288, 11777, 339
2026/09/10 12:32:01.187, 0, 12288, 11777, 339
2026/09/10 12:32:01.395, 0, 12288, 11777, 339
2026/09/10 12:32:01.603, 0, 12288, 11777, 339
2026/09/10 12:32:01.811, 0, 12288, 11777, 339
2026/09/10 12:32:02.019, 0, 12288, 11777, 339
2026/09/10 12:32:02.226, 0, 12288, 11777, 339
2026/09/10 12:32:02.434, 0, 12288, 11777, 339
2026/09/10 12:32:02.642, 0, 12288, 11777, 339
2026/09/10 12:32:02.850, 0, 12288, 11777, 339
2026/09/10 12:32:03.058, 0, 12288, 11777, 339
2026/09/10 12:32:03.265, 0, 12288, 11777, 339
2026/09/10 12:32:03.472, 0, 12288, 11777, 339
2026/09/10 12:32:03.678, 0, 12288, 11777, 339
2026/09/10 12:32:03.886, 0, 12288, 11777, 339
2026/09/10 12:32:04.094, 0, 12288, 11777, 339
2026/09/10 12:32:04.301, 0, 12288, 11777, 339
2026/09/10 12:32:04.508, 0, 12288, 11777, 339
2026/09/10 12:32:04.716, 0, 12288, 11777, 339
2026/09/10 12:32:04.923, 0, 12288, 11777, 339
2026/09/10 12:32:05.131, 0, 12288, 11777, 339
2026/09/10 12:32:05.338, 0, 12288, 11777, 339
2026/09/10 12:32:05.546, 0, 12288, 11777, 339
2026/09/10 12:32:05.754, 0, 12288, 11777, 339
2026/09/10 12:32:05.962, 0, 12288, 11777, 339
2026/09/10 12:32:06.169, 0, 12288, 11777, 339
2026/09/10 12:32:06.377, 0, 12288, 11777, 339
2026/09/10 12:32:06.584, 0, 12288, 11777, 339
2026/09/10 12:32:06.792, 0, 12288, 11777, 339
2026/09/10 12:32:07.000, 0, 12288, 11777, 339
2026/09/10 12:32:07.208, 0, 12288, 11777, 339
2026/09/10 12:32:07.416, 0, 12288, 11777, 339
2026/09/10 12:32:07.623, 0, 12288, 11777, 339
2026/09/10 12:32:07.830, 0, 12288, 11777, 339
2026/09/10 12:32:08.037, 0, 12288, 11777, 339
2026/09/10 12:32:08.245, 0, 12288, 11777, 339
2026/09/10 12:32:08.452, 0, 12288, 11777, 339
2026/09/10 12:32:08.660, 0, 12288, 11777, 339
2026/09/10 12:32:08.868, 0, 12288, 11777, 339
2026/09/10 12:32:09.075, 0, 12288, 11777, 339
2026/09/10 12:32:09.281, 0, 12288, 11777, 339
2026/09/10 12:32:09.489, 0, 12288, 11777, 339
2026/09/10 12:32:09.697, 0, 12288, 11777, 339
2026/09/10 12:32:09.904, 0, 12288, 11777, 339
2026/09/10 12:32:10.112, 0, 12288, 11777, 339
2026/09/10 12:32:10.319, 0, 12288, 11777, 339
2026/09/10 12:32:10.526, 0, 12288, 11777, 339
2026/09/10 12:32:10.733, 0, 12288, 11777, 339
2026/09/10 12:32:10.939, 0, 12288, 11777, 339
2026/09/10 12:32:11.147, 0, 12288, 11777, 339
2026/09/10 12:32:11.355, 0, 12288, 11777, 339
2026/09/10 12:32:11.563, 0, 12288, 11777, 339
2026/09/10 12:32:11.771, 0, 12288, 11777, 339
2026/09/10 12:32:11.977, 0, 12288, 11777, 339
2026/09/10 12:32:12.184, 0, 12288, 11777, 339
2026/09/10 12:32:12.391, 0, 12288, 11777, 339
2026/09/10 12:32:12.599, 0, 12288, 11777, 339
2026/09/10 12:32:12.806, 0, 12288, 11777, 339
2026/09/10 12:32:13.013, 0, 12288, 11777, 339
2026/09/10 12:32:13.221, 0, 12288, 11777, 339
2026/09/10 12:32:13.428, 0, 12288, 11777, 339
2026/09/10 12:32:13.635, 0, 12288, 11777, 339
2026/09/10 12:32:13.842, 0, 12288, 11777, 339
2026/09/10 12:32:14.049, 0, 12288, 11777, 339
2026/09/10 12:32:14.257, 0, 12288, 11777, 339
2026/09/10 12:32:14.465, 0, 12288, 11777, 339
2026/09/10 12:32:14.672, 0, 12288, 11777, 339
2026/09/10 12:32:14.878, 0, 12288, 11777, 339
2026/09/10 12:32:15.086, 0, 12288, 11777, 339
2026/09/10 12:32:15.294, 0, 12288, 11777, 339
2026/09/10 12:32:15.502, 0, 12288, 11777, 339
2026/09/10 12:32:15.710, 0, 12288, 11777, 339
2026/09/10 12:32:15.918, 0, 12288, 11777, 339
2026/09/10 12:32:16.125, 0, 12288, 11777, 339
2026/09/10 12:32:16.333, 0, 12288, 11777, 339
2026/09/10 12:32:16.540, 0, 12288, 11777, 339
2026/09/10 12:32:16.745, 0, 12288, 11777, 339
2026/09/10 12:32:16.953, 0, 12288, 11777, 339
2026/09/10 12:32:17.161, 0, 12288, 11777, 339
2026/09/10 12:32:17.369, 0, 12288, 11777, 339
2026/09/10 12:32:17.577, 0, 12288, 11777, 339
2026/09/10 12:32:17.785, 0, 12288, 11777, 339
2026/09/10 12:32:17.993, 0, 12288, 11777, 339
2026/09/10 12:32:18.198, 0, 12288, 11777, 339
2026/09/10 12:32:18.406, 0, 12288, 11777, 339
2026/09/10 12:32:18.613, 0, 12288, 11777, 339
2026/09/10 12:32:18.821, 0, 12288, 11777, 339
2026/09/10 12:32:19.029, 0, 12288, 11777, 339
2026/09/10 12:32:19.237, 0, 12288, 11777, 339
2026/09/10 12:32:19.445, 0, 12288, 11777, 339
2026/09/10 12:32:19.652, 0, 12288, 11777, 339
2026/09/10 12:32:19.859, 0, 12288, 11777, 339
2026/09/10 12:32:20.067, 0, 12288, 11777, 339
2026/09/10 12:32:20.275, 0, 12288, 11777, 339
2026/09/10 12:32:20.477, 0, 12288, 11777, 339
2026/09/10 12:32:20.684, 0, 12288, 11777, 339
2026/09/10 12:32:20.891, 0, 12288, 11777, 339
2026/09/10 12:32:21.098, 0, 12288, 11777, 339
2026/09/10 12:32:21.305, 0, 12288, 11777, 339
2026/09/10 12:32:21.512, 0, 12288, 11777, 339
2026/09/10 12:32:21.718, 0, 12288, 11777, 339
2026/09/10 12:32:21.925, 0, 12288, 11777, 339
2026/09/10 12:32:22.133, 0, 12288, 11777, 339
2026/09/10 12:32:22.341, 0, 12288, 11777, 339
2026/09/10 12:32:22.548, 0, 12288, 11777, 339
2026/09/10 12:32:22.755, 0, 12288, 11777, 339
2026/09/10 12:32:22.963, 0, 12288, 11777, 339
2026/09/10 12:32:23.170, 0, 12288, 11777, 339
2026/09/10 12:32:23.378, 0, 12288, 11777, 339
2026/09/10 12:32:23.585, 0, 12288, 11777, 339
2026/09/10 12:32:23.793, 0, 12288, 11777, 339
2026/09/10 12:32:23.999, 0, 12288, 11777, 339
2026/09/10 12:32:24.206, 0, 12288, 11777, 339
2026/09/10 12:32:24.412, 0, 12288, 11777, 339
2026/09/10 12:32:24.620, 0, 12288, 11777, 339
2026/09/10 12:32:24.827, 0, 12288, 11777, 339
2026/09/10 12:32:25.035, 0, 12288, 11777, 339
2026/09/10 12:32:25.243, 0, 12288, 11777, 339
2026/09/10 12:32:25.450, 0, 12288, 11777, 339
2026/09/10 12:32:25.658, 0, 12288, 11777, 339
2026/09/10 12:32:25.866, 0, 12288, 11777, 339
2026/09/10 12:32:26.071, 0, 12288, 11777, 339
2026/09/10 12:32:26.279, 0, 12288, 11777, 339
2026/09/10 12:32:26.487, 0, 12288, 11777, 339
2026/09/10 12:32:26.694, 0, 12288, 11777, 339
2026/09/10 12:32:26.901, 0, 12288, 11777, 339
2026/09/10 12:32:27.109, 0, 12288, 11777, 339
2026/09/10 12:32:27.317, 0, 12288, 11777, 339
2026/09/10 12:32:27.525, 0, 12288, 11777, 339
2026/09/10 12:32:27.733, 0, 12288, 11777, 339
2026/09/10 12:32:27.941, 0, 12288, 11777, 339
2026/09/10 12:32:28.148, 0, 12288, 11777, 339
2026/09/10 12:32:28.356, 0, 12288, 11777, 339
2026/09/10 12:32:28.563, 0, 12288, 11777, 339
2026/09/10 12:32:28.771, 0, 12288, 11777, 339
2026/09/10 12:32:28.979, 0, 12288, 11777, 339
2026/09/10 12:32:29.184, 0, 12288, 11777, 339
2026/09/10 12:32:29.392, 0, 12288, 11777, 339
2026/09/10 12:32:29.600, 0, 12288, 11777, 339
2026/09/10 12:32:29.807, 0, 12288, 11777, 339
2026/09/10 12:32:30.014, 0, 12288, 11777, 339
2026/09/10 12:32:30.222, 0, 12288, 11777, 339
2026/09/10 12:32:30.428, 0, 12288, 11777, 339
2026/09/10 12:32:30.635, 0, 12288, 11777, 339
2026/09/10 12:32:30.841, 0, 12288, 11777, 339
2026/09/10 12:32:31.048, 0, 12288, 11777, 339
2026/09/10 12:32:31.255, 0, 12288, 11777, 339
2026/09/10 12:32:31.463, 0, 12288, 11777, 339
2026/09/10 12:32:31.669, 0, 12288, 11777, 339
2026/09/10 12:32:31.877, 0, 12288, 11777, 339
2026/09/10 12:32:32.084, 0, 12288, 11777, 339
2026/09/10 12:32:32.289, 0, 12288, 11777, 339
2026/09/10 12:32:32.497, 0, 12288, 11777, 339
2026/09/10 12:32:32.705, 0, 12288, 11777, 339
2026/09/10 12:32:32.913, 0, 12288, 11777, 339
2026/09/10 12:32:33.121, 0, 12288, 11777, 339
2026/09/10 12:32:33.329, 0, 12288, 11777, 339
2026/09/10 12:32:33.536, 0, 12288, 11777, 339
2026/09/10 12:32:33.743, 0, 12288, 11777, 339
2026/09/10 12:32:33.950, 0, 12288, 11777, 339
2026/09/10 12:32:34.158, 0, 12288, 11777, 339
2026/09/10 12:32:34.366, 0, 12288, 11777, 339
2026/09/10 12:32:34.573, 0, 12288, 11777, 339
2026/09/10 12:32:34.781, 0, 12288, 11777, 339
2026/09/10 12:32:34.986, 0, 12288, 11777, 339
2026/09/10 12:32:35.193, 0, 12288, 11777, 339
2026/09/10 12:32:35.400, 0, 12288, 11777, 339
2026/09/10 12:32:35.607, 0, 12288, 11777, 339
2026/09/10 12:32:35.815, 0, 12288, 11777, 339
2026/09/10 12:32:36.023, 0, 12288, 11777, 339
2026/09/10 12:32:36.230, 0, 12288, 11777, 339
2026/09/10 12:32:36.437, 0, 12288, 11777, 339
2026/09/10 12:32:36.644, 0, 12288, 11777, 339
2026/09/10 12:32:36.852, 0, 12288, 11777, 339
2026/09/10 12:32:37.060, 0, 12288, 11777, 339
2026/09/10 12:32:37.265, 0, 12288, 11777, 339
2026/09/10 12:32:37.472, 0, 12288, 11777, 339
2026/09/10 12:32:37.680, 0, 12288, 11777, 339
2026/09/10 12:32:37.886, 0, 12288, 11777, 339
2026/09/10 12:32:38.094, 0, 12288, 11777, 339
2026/09/10 12:32:38.301, 0, 12288, 11777, 339
2026/09/10 12:32:38.508, 0, 12288, 11777, 339
2026/09/10 12:32:38.716, 0, 12288, 11777, 339
2026/09/10 12:32:38.923, 0, 12288, 11777, 339
2026/09/10 12:32:39.130, 0, 12288, 11777, 339
2026/09/10 12:32:39.338, 0, 12288, 11777, 339
2026/09/10 12:32:39.545, 0, 12288, 11777, 339
2026/09/10 12:32:39.752, 0, 12288, 11777, 339
2026/09/10 12:32:39.960, 0, 12288, 11777, 339
2026/09/10 12:32:40.167, 0, 12288, 11777, 339
2026/09/10 12:32:40.374, 0, 12288, 11777, 339
2026/09/10 12:32:40.581, 0, 12288, 11777, 339
2026/09/10 12:32:40.789, 0, 12288, 11777, 339
2026/09/10 12:32:40.995, 0, 12288, 11777, 339
2026/09/10 12:32:41.203, 0, 12288, 11777, 339
2026/09/10 12:32:41.411, 0, 12288, 11777, 339
2026/09/10 12:32:41.618, 0, 12288, 11777, 339
2026/09/10 12:32:41.826, 0, 12288, 11777, 339
2026/09/10 12:32:42.033, 0, 12288, 11777, 339
2026/09/10 12:32:42.241, 0, 12288, 11777, 339
2026/09/10 12:32:42.449, 0, 12288, 11777, 339
2026/09/10 12:32:42.656, 0, 12288, 11777, 339
2026/09/10 12:32:42.861, 0, 12288, 11777, 339
2026/09/10 12:32:43.067, 0, 12288, 11777, 339
2026/09/10 12:32:43.274, 0, 12288, 11777, 339
2026/09/10 12:32:43.482, 0, 12288, 11777, 339
2026/09/10 12:32:43.690, 0, 12288, 11777, 339
2026/09/10 12:32:43.896, 0, 12288, 11777, 339
2026/09/10 12:32:44.102, 0, 12288, 11777, 339
2026/09/10 12:32:44.310, 0, 12288, 11777, 339
2026/09/10 12:32:44.518, 0, 12288, 11777, 339
2026/09/10 12:32:44.725, 0, 12288, 11777, 339
2026/09/10 12:32:44.932, 0, 12288, 11777, 339
2026/09/10 12:32:45.138, 0, 12288, 11777, 339
2026/09/10 12:32:45.346, 0, 12288, 11777, 339
2026/09/10 12:32:45.554, 0, 12288, 11777, 339
2026/09/10 12:32:45.761, 0, 12288, 11777, 339
2026/09/10 12:32:45.968, 0, 12288, 11777, 339
2026/09/10 12:32:46.176, 0, 12288, 11777, 339
2026/09/10 12:32:46.384, 0, 12288, 11777, 339
2026/09/10 12:32:46.592, 0, 12288, 11777, 339
2026/09/10 12:32:46.800, 0, 12288, 11777, 339
2026/09/10 12:32:47.008, 0, 12288, 11777, 339
2026/09/10 12:32:47.215, 0, 12288, 11777, 339
2026/09/10 12:32:47.422, 0, 12288, 11777, 339
2026/09/10 12:32:47.630, 0, 12288, 11777, 339
2026/09/10 12:32:47.838, 0, 12288, 11777, 339
2026/09/10 12:32:48.045, 0, 12288, 11777, 339
2026/09/10 12:32:48.251, 0, 12288, 11777, 339
2026/09/10 12:32:48.454, 0, 12288, 11777, 339
2026/09/10 12:32:48.661, 0, 12288, 11777, 339
2026/09/10 12:32:48.868, 0, 12288, 11777, 339
2026/09/10 12:32:49.075, 0, 12288, 11777, 339
2026/09/10 12:32:49.282, 0, 12288, 11777, 339
2026/09/10 12:32:49.489, 0, 12288, 11777, 339
2026/09/10 12:32:49.696, 0, 12288, 11777, 339
2026/09/10 12:32:49.902, 0, 12288, 11777, 339
2026/09/10 12:32:50.109, 0, 12288, 11777, 339
2026/09/10 12:32:50.316, 0, 12288, 11777, 339
2026/09/10 12:32:50.524, 0, 12288, 11777, 339
2026/09/10 12:32:50.732, 0, 12288, 11777, 339
2026/09/10 12:32:50.940, 0, 12288, 11777, 339
2026/09/10 12:32:51.148, 0, 12288, 11777, 339
2026/09/10 12:32:51.354, 0, 12288, 11777, 339
2026/09/10 12:32:51.560, 0, 12288, 11777, 339
2026/09/10 12:32:51.767, 0, 12288, 11777, 339
2026/09/10 12:32:51.975, 0, 12288, 11777, 339
2026/09/10 12:32:52.183, 0, 12288, 11777, 339
2026/09/10 12:32:52.391, 0, 12288, 11777, 339
2026/09/10 12:32:52.598, 0, 12288, 11777, 339
2026/09/10 12:32:52.805, 0, 12288, 11777, 339
2026/09/10 12:32:53.013, 0, 12288, 11777, 339
2026/09/10 12:32:53.220, 0, 12288, 11777, 339
2026/09/10 12:32:53.428, 0, 12288, 11777, 339
2026/09/10 12:32:53.634, 0, 12288, 11777, 339
2026/09/10 12:32:53.842, 0, 12288, 11777, 339
2026/09/10 12:32:54.049, 0, 12288, 11777, 339
2026/09/10 12:32:54.256, 0, 12288, 11777, 339
2026/09/10 12:32:54.462, 0, 12288, 11777, 339
2026/09/10 12:32:54.670, 0, 12288, 11777, 339
2026/09/10 12:32:54.875, 0, 12288, 11777, 339
2026/09/10 12:32:55.082, 0, 12288, 11777, 339
2026/09/10 12:32:55.289, 0, 12288, 11777, 339
2026/09/10 12:32:55.497, 0, 12288, 11777, 339
2026/09/10 12:32:55.705, 0, 12288, 11777, 339
2026/09/10 12:32:55.912, 0, 12288, 11777, 339
2026/09/10 12:32:56.119, 0, 12288, 11777, 339
2026/09/10 12:32:56.327, 0, 12288, 11777, 339
2026/09/10 12:32:56.532, 0, 12288, 11777, 339
2026/09/10 12:32:56.738, 0, 12288, 11777, 339
2026/09/10 12:32:56.945, 0, 12288, 11777, 339
2026/09/10 12:32:57.153, 0, 12288, 11777, 339
2026/09/10 12:32:57.361, 0, 12288, 11777, 339
2026/09/10 12:32:57.568, 0, 12288, 11777, 339
2026/09/10 12:32:57.774, 0, 12288, 11777, 339
2026/09/10 12:32:57.981, 0, 12288, 11777, 339
2026/09/10 12:32:58.189, 0, 12288, 11777, 339
2026/09/10 12:32:58.396, 0, 12288, 11777, 339
2026/09/10 12:32:58.604, 0, 12288, 11777, 339
2026/09/10 12:32:58.812, 0, 12288, 11777, 339
2026/09/10 12:32:59.019, 0, 12288, 11777, 339
2026/09/10 12:32:59.227, 0, 12288, 11777, 339
2026/09/10 12:32:59.433, 0, 12288, 11777, 339
2026/09/10 12:32:59.639, 0, 12288, 11777, 339
2026/09/10 12:32:59.846, 0, 12288, 11777, 339
2026/09/10 12:33:00.054, 0, 12288, 11777, 339
2026/09/10 12:33:00.262, 0, 12288, 11777, 339
2026/09/10 12:33:00.470, 0, 12288, 11777, 339
2026/09/10 12:33:00.678, 0, 12288, 11777, 339
2026/09/10 12:33:00.885, 0, 12288, 11777, 339
2026/09/10 12:33:01.092, 0, 12288, 11777, 339
2026/09/10 12:33:01.300, 0, 12288, 11777, 339
2026/09/10 12:33:01.506, 0, 12288, 11777, 339
2026/09/10 12:33:01.714, 0, 12288, 11777, 339
2026/09/10 12:33:01.922, 0, 12288, 11777, 339
2026/09/10 12:33:02.130, 0, 12288, 11777, 339
2026/09/10 12:33:02.337, 0, 12288, 11777, 339
2026/09/10 12:33:02.544, 0, 12288, 11777, 339
2026/09/10 12:33:02.752, 0, 12288, 11777, 339
2026/09/10 12:33:02.959, 0, 12288, 11777, 339
2026/09/10 12:33:03.166, 0, 12288, 11777, 339
2026/09/10 12:33:03.374, 0, 12288, 11777, 339
2026/09/10 12:33:03.581, 0, 12288, 11777, 339
2026/09/10 12:33:03.787, 0, 12288, 11777, 339
2026/09/10 12:33:03.993, 0, 12288, 11777, 339
2026/09/10 12:33:04.201, 0, 12288, 11777, 339
2026/09/10 12:33:04.409, 0, 12288, 11777, 339
2026/09/10 12:33:04.617, 0, 12288, 11777, 339
2026/09/10 12:33:04.824, 0, 12288, 11777, 339
2026/09/10 12:33:05.030, 0, 12288, 11777, 339
2026/09/10 12:33:05.236, 0, 12288, 11777, 339
2026/09/10 12:33:05.444, 0, 12288, 11777, 339
2026/09/10 12:33:05.652, 0, 12288, 11777, 339
2026/09/10 12:33:05.860, 0, 12288, 11777, 339
2026/09/10 12:33:06.068, 0, 12288, 11777, 339
2026/09/10 12:33:06.275, 0, 12288, 11777, 339
2026/09/10 12:33:06.482, 0, 12288, 11777, 339
2026/09/10 12:33:06.687, 0, 12288, 11777, 339
2026/09/10 12:33:06.894, 0, 12288, 11777, 339
2026/09/10 12:33:07.102, 0, 12288, 11777, 339
2026/09/10 12:33:07.310, 0, 12288, 11777, 339
2026/09/10 12:33:07.517, 0, 12288, 11777, 339
2026/09/10 12:33:07.725, 0, 12288, 11777, 339
2026/09/10 12:33:07.933, 0, 12288, 11777, 339
2026/09/10 12:33:08.141, 0, 12288, 11777, 339
2026/09/10 12:33:08.347, 0, 12288, 11777, 339
2026/09/10 12:33:08.555, 0, 12288, 11777, 339
2026/09/10 12:33:08.763, 0, 12288, 11777, 339
2026/09/10 12:33:08.969, 0, 12288, 11777, 339
2026/09/10 12:33:09.177, 0, 12288, 11777, 339
2026/09/10 12:33:09.384, 0, 12288, 11777, 339
2026/09/10 12:33:09.591, 0, 12288, 11777, 339
2026/09/10 12:33:09.798, 0, 12288, 11777, 339
2026/09/10 12:33:10.006, 0, 12288, 11777, 339
2026/09/10 12:33:10.214, 0, 12288, 11777, 339
2026/09/10 12:33:10.438, 0, 12288, 11777, 339
2026/09/10 12:33:10.644, 0, 12288, 11777, 339
2026/09/10 12:33:10.850, 0, 12288, 11777, 339
2026/09/10 12:33:11.058, 0, 12288, 11777, 339
2026/09/10 12:33:11.266, 0, 12288, 11777, 339
2026/09/10 12:33:11.473, 0, 12288, 11777, 339
2026/09/10 12:33:11.680, 0, 12288, 11777, 339
2026/09/10 12:33:11.886, 0, 12288, 11777, 339
2026/09/10 12:33:12.093, 0, 12288, 11777, 339
2026/09/10 12:33:12.301, 0, 12288, 11777, 339
2026/09/10 12:33:12.509, 0, 12288, 11777, 339
2026/09/10 12:33:12.717, 0, 12288, 11777, 339
2026/09/10 12:33:12.925, 0, 12288, 11777, 339
2026/09/10 12:33:13.132, 0, 12288, 11777, 339
2026/09/10 12:33:13.337, 0, 12288, 11777, 339
2026/09/10 12:33:13.545, 0, 12288, 11777, 339
2026/09/10 12:33:13.753, 0, 12288, 11777, 339
2026/09/10 12:33:13.960, 0, 12288, 11777, 339
2026/09/10 12:33:14.168, 0, 12288, 11777, 339
2026/09/10 12:33:14.376, 0, 12288, 11777, 339
2026/09/10 12:33:14.584, 0, 12288, 11777, 339
2026/09/10 12:33:14.791, 0, 12288, 11777, 339
2026/09/10 12:33:14.998, 0, 12288, 11777, 339
2026/09/10 12:33:15.204, 0, 12288, 11777, 339
2026/09/10 12:33:15.412, 0, 12288, 11777, 339
2026/09/10 12:33:15.619, 0, 12288, 11777, 339
2026/09/10 12:33:15.825, 0, 12288, 11777, 339
2026/09/10 12:33:16.033, 0, 12288, 11777, 339
2026/09/10 12:33:16.240, 0, 12288, 11777, 339
2026/09/10 12:33:16.447, 0, 12288, 11777, 339
2026/09/10 12:33:16.655, 0, 12288, 11777, 339
2026/09/10 12:33:16.863, 0, 12288, 11777, 339
2026/09/10 12:33:17.069, 0, 12288, 11777, 339
2026/09/10 12:33:17.276, 0, 12288, 11777, 339
2026/09/10 12:33:17.484, 0, 12288, 11777, 339
2026/09/10 12:33:17.691, 0, 12288, 11777, 339
2026/09/10 12:33:17.898, 0, 12288, 11777, 339
2026/09/10 12:33:18.105, 0, 12288, 11777, 339
2026/09/10 12:33:18.311, 0, 12288, 11777, 339
2026/09/10 12:33:18.518, 0, 12288, 11777, 339
2026/09/10 12:33:18.725, 0, 12288, 11777, 339
2026/09/10 12:33:18.933, 0, 12288, 11777, 339
2026/09/10 12:33:19.141, 0, 12288, 11777, 339
2026/09/10 12:33:19.348, 0, 12288, 11777, 339
2026/09/10 12:33:19.556, 0, 12288, 11777, 339
2026/09/10 12:33:19.764, 0, 12288, 11777, 339
2026/09/10 12:33:19.972, 0, 12288, 11777, 339
2026/09/10 12:33:20.180, 0, 12288, 11777, 339
2026/09/10 12:33:20.388, 0, 12288, 11777, 339
2026/09/10 12:33:20.596, 0, 12288, 11777, 339
2026/09/10 12:33:20.804, 0, 12288, 11777, 339
2026/09/10 12:33:21.012, 0, 12288, 11777, 339
2026/09/10 12:33:21.219, 0, 12288, 11777, 339
2026/09/10 12:33:21.426, 0, 12288, 11777, 339
2026/09/10 12:33:21.633, 0, 12288, 11777, 339
2026/09/10 12:33:21.841, 0, 12288, 11777, 339
2026/09/10 12:33:22.048, 0, 12288, 11777, 339
2026/09/10 12:33:22.255, 0, 12288, 11777, 339
2026/09/10 12:33:22.463, 0, 12288, 11777, 339
2026/09/10 12:33:22.669, 0, 12288, 11777, 339
2026/09/10 12:33:22.876, 0, 12288, 11777, 339
2026/09/10 12:33:23.079, 0, 12288, 11777, 339
2026/09/10 12:33:23.287, 0, 12288, 11777, 339
2026/09/10 12:33:23.493, 0, 12288, 11777, 339
2026/09/10 12:33:23.699, 0, 12288, 11777, 339
2026/09/10 12:33:23.906, 0, 12288, 11777, 339
2026/09/10 12:33:24.113, 0, 12288, 11777, 339
2026/09/10 12:33:24.321, 0, 12288, 11777, 339
2026/09/10 12:33:24.527, 0, 12288, 11777, 339
2026/09/10 12:33:24.734, 0, 12288, 11777, 339
2026/09/10 12:33:24.942, 0, 12288, 11777, 339
2026/09/10 12:33:25.150, 0, 12288, 11777, 339
2026/09/10 12:33:25.357, 0, 12288, 11777, 339
2026/09/10 12:33:25.564, 0, 12288, 11777, 339
2026/09/10 12:33:25.772, 0, 12288, 11777, 339
2026/09/10 12:33:25.979, 0, 12288, 11777, 339
2026/09/10 12:33:26.186, 0, 12288, 11777, 339
2026/09/10 12:33:26.394, 0, 12288, 11777, 339
2026/09/10 12:33:26.600, 0, 12288, 11777, 339
2026/09/10 12:33:26.808, 0, 12288, 11777, 339
2026/09/10 12:33:27.015, 0, 12288, 11777, 339
2026/09/10 12:33:27.223, 0, 12288, 11777, 339
2026/09/10 12:33:27.430, 0, 12288, 11777, 339
2026/09/10 12:33:27.636, 0, 12288, 11777, 339
2026/09/10 12:33:27.844, 0, 12288, 11777, 339
2026/09/10 12:33:28.050, 0, 12288, 11777, 339
2026/09/10 12:33:28.257, 0, 12288, 11777, 339
2026/09/10 12:33:28.465, 0, 12288, 11777, 339
2026/09/10 12:33:28.668, 0, 12288, 11777, 339
2026/09/10 12:33:28.876, 0, 12288, 11777, 339
2026/09/10 12:33:29.083, 0, 12288, 11777, 339
2026/09/10 12:33:29.288, 0, 12288, 11777, 339
2026/09/10 12:33:29.495, 0, 12288, 11777, 339
2026/09/10 12:33:29.701, 0, 12288, 11777, 339
2026/09/10 12:33:29.909, 0, 12288, 11777, 339
2026/09/10 12:33:30.116, 0, 12288, 11777, 339
2026/09/10 12:33:30.324, 0, 12288, 11777, 339
2026/09/10 12:33:30.531, 0, 12288, 11777, 339
2026/09/10 12:33:30.737, 0, 12288, 11777, 339
2026/09/10 12:33:30.945, 0, 12288, 11777, 339
2026/09/10 12:33:31.151, 0, 12288, 11777, 339
2026/09/10 12:33:31.358, 0, 12288, 11777, 339
2026/09/10 12:33:31.566, 0, 12288, 11777, 339
2026/09/10 12:33:31.773, 0, 12288, 11777, 339
2026/09/10 12:33:31.981, 0, 12288, 11777, 339
2026/09/10 12:33:32.189, 0, 12288, 11777, 339
2026/09/10 12:33:32.397, 0, 12288, 11777, 339
2026/09/10 12:33:32.605, 0, 12288, 11777, 339
2026/09/10 12:33:32.813, 0, 12288, 11777, 339
2026/09/10 12:33:33.021, 0, 12288, 11777, 339
2026/09/10 12:33:33.228, 0, 12288, 11777, 339
2026/09/10 12:33:33.436, 0, 12288, 11777, 339
2026/09/10 12:33:33.642, 0, 12288, 11777, 339
2026/09/10 12:33:33.850, 0, 12288, 11777, 339
2026/09/10 12:33:34.056, 0, 12288, 11777, 339
2026/09/10 12:33:34.261, 0, 12288, 11777, 339
2026/09/10 12:33:34.469, 0, 12288, 11777, 339
2026/09/10 12:33:34.677, 0, 12288, 11777, 339
2026/09/10 12:33:34.885, 0, 12288, 11777, 339
2026/09/10 12:33:35.093, 0, 12288, 11777, 339
2026/09/10 12:33:35.299, 0, 12288, 11777, 339
2026/09/10 12:33:35.506, 0, 12288, 11777, 339
2026/09/10 12:33:35.711, 0, 12288, 11777, 339
2026/09/10 12:33:35.919, 0, 12288, 11777, 339
2026/09/10 12:33:36.127, 0, 12288, 11777, 339
2026/09/10 12:33:36.351, 0, 12288, 11777, 339
2026/09/10 12:33:36.557, 0, 12288, 11777, 339
2026/09/10 12:33:36.763, 0, 12288, 11777, 339
2026/09/10 12:33:36.971, 0, 12288, 11777, 339
2026/09/10 12:33:37.179, 0, 12288, 11777, 339
2026/09/10 12:33:37.387, 0, 12288, 11777, 339
2026/09/10 12:33:37.594, 0, 12288, 11777, 339
2026/09/10 12:33:37.802, 0, 12288, 11777, 339
2026/09/10 12:33:38.010, 0, 12288, 11777, 339
2026/09/10 12:33:38.218, 0, 12288, 11777, 339
2026/09/10 12:33:38.425, 0, 12288, 11777, 339
2026/09/10 12:33:38.632, 0, 12288, 11777, 339
2026/09/10 12:33:38.838, 0, 12288, 11777, 339
2026/09/10 12:33:39.046, 0, 12288, 11777, 339
2026/09/10 12:33:39.253, 0, 12288, 11777, 339
2026/09/10 12:33:39.461, 0, 12288, 11777, 339
2026/09/10 12:33:39.666, 0, 12288, 11777, 339
2026/09/10 12:33:39.868, 0, 12288, 11777, 339
2026/09/10 12:33:40.074, 0, 12288, 11777, 339
2026/09/10 12:33:40.281, 0, 12288, 11777, 339
2026/09/10 12:33:40.488, 0, 12288, 11777, 339
2026/09/10 12:33:40.696, 0, 12288, 11777, 339
2026/09/10 12:33:40.904, 0, 12288, 11777, 339
2026/09/10 12:33:41.112, 0, 12288, 11777, 339
2026/09/10 12:33:41.317, 0, 12288, 11777, 339
2026/09/10 12:33:41.525, 0, 12288, 11777, 339
2026/09/10 12:33:41.732, 0, 12288, 11777, 339
2026/09/10 12:33:41.939, 0, 12288, 11777, 339
2026/09/10 12:33:42.147, 0, 12288, 11777, 339
2026/09/10 12:33:42.354, 0, 12288, 11777, 339
2026/09/10 12:33:42.562, 0, 12288, 11777, 339
2026/09/10 12:33:42.770, 0, 12288, 11777, 339
2026/09/10 12:33:42.977, 0, 12288, 11777, 339
2026/09/10 12:33:43.185, 0, 12288, 11777, 339
2026/09/10 12:33:43.392, 0, 12288, 11777, 339
2026/09/10 12:33:43.600, 0, 12288, 11777, 339
2026/09/10 12:33:43.805, 0, 12288, 11777, 339
2026/09/10 12:33:44.012, 0, 12288, 11777, 339
2026/09/10 12:33:44.220, 0, 12288, 11777, 339
2026/09/10 12:33:44.428, 0, 12288, 11777, 339
2026/09/10 12:33:44.633, 0, 12288, 11777, 339
2026/09/10 12:33:44.841, 0, 12288, 11777, 339
2026/09/10 12:33:45.049, 0, 12288, 11777, 339
2026/09/10 12:33:45.255, 0, 12288, 11777, 339
2026/09/10 12:33:45.460, 0, 12288, 11777, 339
2026/09/10 12:33:45.666, 0, 12288, 11777, 339
2026/09/10 12:33:45.890, 0, 12288, 11777, 339
2026/09/10 12:33:46.096, 0, 12288, 11777, 339
2026/09/10 12:33:46.303, 0, 12288, 11777, 339
2026/09/10 12:33:46.510, 0, 12288, 11777, 339
2026/09/10 12:33:46.716, 0, 12288, 11777, 339
2026/09/10 12:33:46.922, 0, 12288, 11777, 339
2026/09/10 12:33:47.129, 0, 12288, 11777, 339
2026/09/10 12:33:47.336, 0, 12288, 11777, 339
2026/09/10 12:33:47.543, 0, 12288, 11777, 339
2026/09/10 12:33:47.751, 0, 12288, 11777, 339
2026/09/10 12:33:47.959, 0, 12288, 11777, 339
2026/09/10 12:33:48.167, 0, 12288, 11777, 339
2026/09/10 12:33:48.375, 0, 12288, 11777, 339
2026/09/10 12:33:48.582, 0, 12288, 11777, 339
2026/09/10 12:33:48.789, 0, 12288, 11777, 339
2026/09/10 12:33:48.997, 0, 12288, 11777, 339
2026/09/10 12:33:49.205, 0, 12288, 11777, 339
2026/09/10 12:33:49.413, 0, 12288, 11777, 339
2026/09/10 12:33:49.620, 0, 12288, 11777, 339
2026/09/10 12:33:49.826, 0, 12288, 11777, 339
2026/09/10 12:33:50.034, 0, 12288, 11777, 339
2026/09/10 12:33:50.242, 0, 12288, 11777, 339
2026/09/10 12:33:50.450, 0, 12288, 11777, 339
2026/09/10 12:33:50.657, 0, 12288, 11777, 339
2026/09/10 12:33:50.865, 0, 12288, 11777, 339
2026/09/10 12:33:51.070, 0, 12288, 11777, 339
2026/09/10 12:33:51.278, 0, 12288, 11777, 339
2026/09/10 12:33:51.486, 0, 12288, 11777, 339
2026/09/10 12:33:51.694, 0, 12288, 11777, 339
2026/09/10 12:33:51.902, 0, 12288, 11777, 339
2026/09/10 12:33:52.110, 0, 12288, 11777, 339
2026/09/10 12:33:52.318, 0, 12288, 11777, 339
2026/09/10 12:33:52.525, 0, 12288, 11777, 339
2026/09/10 12:33:52.733, 0, 12288, 11777, 339
2026/09/10 12:33:52.941, 0, 12288, 11777, 339
2026/09/10 12:33:53.149, 0, 12288, 11777, 339
2026/09/10 12:33:53.356, 0, 12288, 11777, 339
2026/09/10 12:33:53.564, 0, 12288, 11777, 339
2026/09/10 12:33:53.772, 0, 12288, 11777, 339
2026/09/10 12:33:53.978, 0, 12288, 11777, 339
2026/09/10 12:33:54.186, 0, 12288, 11777, 339
2026/09/10 12:33:54.394, 0, 12288, 11777, 339
2026/09/10 12:33:54.601, 0, 12288, 11777, 339
2026/09/10 12:33:54.809, 0, 12288, 11777, 339
2026/09/10 12:33:55.016, 0, 12288, 11777, 339
2026/09/10 12:33:55.223, 0, 12288, 11777, 339
2026/09/10 12:33:55.431, 0, 12288, 11777, 339
2026/09/10 12:33:55.638, 0, 12288, 11777, 339
2026/09/10 12:33:55.844, 0, 12288, 11777, 339
2026/09/10 12:33:56.052, 0, 12288, 11777, 339
2026/09/10 12:33:56.259, 0, 12288, 11777, 339
2026/09/10 12:33:56.467, 0, 12288, 11777, 339
2026/09/10 12:33:56.671, 0, 12288, 11777, 339
2026/09/10 12:33:56.879, 0, 12288, 11777, 339
2026/09/10 12:33:57.087, 0, 12288, 11777, 339
2026/09/10 12:33:57.295, 0, 12288, 11777, 339
2026/09/10 12:33:57.501, 0, 12288, 11777, 339
2026/09/10 12:33:57.707, 0, 12288, 11777, 339
2026/09/10 12:33:57.913, 0, 12288, 11777, 339
2026/09/10 12:33:58.120, 0, 12288, 11777, 339
2026/09/10 12:33:58.328, 0, 12288, 11777, 339
2026/09/10 12:33:58.536, 0, 12288, 11777, 339
2026/09/10 12:33:58.742, 0, 12288, 11777, 339
2026/09/10 12:33:58.950, 0, 12288, 11777, 339
2026/09/10 12:33:59.157, 0, 12288, 11777, 339
2026/09/10 12:33:59.364, 0, 12288, 11777, 339
2026/09/10 12:33:59.570, 0, 12288, 11777, 339
2026/09/10 12:33:59.777, 0, 12288, 11777, 339
2026/09/10 12:33:59.985, 0, 12288, 11777, 339
2026/09/10 12:34:00.193, 0, 12288, 11777, 339
2026/09/10 12:34:00.400, 0, 12288, 11777, 339
2026/09/10 12:34:00.607, 0, 12288, 11777, 339
2026/09/10 12:34:00.815, 0, 12288, 11777, 339
2026/09/10 12:34:01.021, 0, 12288, 11777, 339
2026/09/10 12:34:01.228, 0, 12288, 11777, 339
2026/09/10 12:34:01.433, 0, 12288, 11777, 339
2026/09/10 12:34:01.640, 0, 12288, 11777, 339
2026/09/10 12:34:01.846, 0, 12288, 11777, 339
2026/09/10 12:34:02.052, 0, 12288, 11777, 339
2026/09/10 12:34:02.257, 0, 12288, 11777, 339
2026/09/10 12:34:02.464, 0, 12288, 11777, 339
2026/09/10 12:34:02.671, 0, 12288, 11777, 339
2026/09/10 12:34:02.879, 0, 12288, 11777, 339
2026/09/10 12:34:03.085, 0, 12288, 11777, 339
2026/09/10 12:34:03.290, 0, 12288, 11777, 339
2026/09/10 12:34:03.496, 0, 12288, 11777, 339
2026/09/10 12:34:03.704, 0, 12288, 11777, 339
2026/09/10 12:34:03.911, 0, 12288, 11777, 339
2026/09/10 12:34:04.119, 0, 12288, 11777, 339
2026/09/10 12:34:04.326, 0, 12288, 11777, 339
2026/09/10 12:34:04.533, 0, 12288, 11777, 339
2026/09/10 12:34:04.739, 0, 12288, 11777, 339
2026/09/10 12:34:04.947, 0, 12288, 11777, 339
2026/09/10 12:34:05.154, 0, 12288, 11777, 339
2026/09/10 12:34:05.362, 0, 12288, 11777, 339
2026/09/10 12:34:05.569, 0, 12288, 11777, 339
2026/09/10 12:34:05.776, 0, 12288, 11777, 339
2026/09/10 12:34:05.982, 0, 12288, 11777, 339
2026/09/10 12:34:06.189, 0, 12288, 11777, 339
2026/09/10 12:34:06.396, 0, 12288, 11777, 339
2026/09/10 12:34:06.604, 0, 12288, 11777, 339
2026/09/10 12:34:06.810, 0, 12288, 11777, 339
2026/09/10 12:34:07.018, 0, 12288, 11777, 339
2026/09/10 12:34:07.226, 0, 12288, 11777, 339
2026/09/10 12:34:07.433, 0, 12288, 11777, 339
2026/09/10 12:34:07.640, 0, 12288, 11777, 339
2026/09/10 12:34:07.845, 0, 12288, 11777, 339
2026/09/10 12:34:08.052, 0, 12288, 11777, 339
2026/09/10 12:34:08.259, 0, 12288, 11777, 339
2026/09/10 12:34:08.467, 0, 12288, 11777, 339
2026/09/10 12:34:08.674, 0, 12288, 11777, 339
2026/09/10 12:34:08.881, 0, 12288, 11777, 339
2026/09/10 12:34:09.088, 0, 12288, 11777, 339
2026/09/10 12:34:09.296, 0, 12288, 11777, 339
2026/09/10 12:34:09.504, 0, 12288, 11777, 339
2026/09/10 12:34:09.712, 0, 12288, 11777, 339
2026/09/10 12:34:09.920, 0, 12288, 11777, 339
2026/09/10 12:34:10.128, 0, 12288, 11777, 339
2026/09/10 12:34:10.335, 0, 12288, 11777, 339
2026/09/10 12:34:10.541, 0, 12288, 11777, 339
2026/09/10 12:34:10.748, 0, 12288, 11777, 339
2026/09/10 12:34:10.955, 0, 12288, 11777, 339
2026/09/10 12:34:11.161, 0, 12288, 11777, 339
2026/09/10 12:34:11.369, 0, 12288, 11777, 339
2026/09/10 12:34:11.575, 0, 12288, 11777, 339
2026/09/10 12:34:11.783, 0, 12288, 11777, 339
2026/09/10 12:34:11.989, 0, 12288, 11777, 339
2026/09/10 12:34:12.196, 0, 12288, 11777, 339
2026/09/10 12:34:12.404, 0, 12288, 11777, 339
2026/09/10 12:34:12.612, 0, 12288, 11777, 339
2026/09/10 12:34:12.819, 0, 12288, 11777, 339
2026/09/10 12:34:13.026, 0, 12288, 11777, 339
2026/09/10 12:34:13.230, 0, 12288, 11777, 339
2026/09/10 12:34:13.435, 0, 12288, 11777, 339
2026/09/10 12:34:13.641, 0, 12288, 11777, 339
2026/09/10 12:34:13.849, 0, 12288, 11777, 339
2026/09/10 12:34:14.055, 0, 12288, 11777, 339
2026/09/10 12:34:14.260, 0, 12288, 11777, 339
2026/09/10 12:34:14.464, 0, 12288, 11777, 339
2026/09/10 12:34:14.670, 0, 12288, 11777, 339
2026/09/10 12:34:14.878, 0, 12288, 11777, 339
2026/09/10 12:34:15.085, 0, 12288, 11777, 339
2026/09/10 12:34:15.293, 0, 12288, 11777, 339
2026/09/10 12:34:15.500, 0, 12288, 11777, 339
2026/09/10 12:34:15.706, 0, 12288, 11777, 339
2026/09/10 12:34:15.914, 0, 12288, 11777, 339
2026/09/10 12:34:16.121, 0, 12288, 11777, 339
2026/09/10 12:34:16.329, 0, 12288, 11777, 339
2026/09/10 12:34:16.537, 0, 12288, 11777, 339
2026/09/10 12:34:16.745, 0, 12288, 11777, 339
2026/09/10 12:34:16.952, 0, 12288, 11777, 339
2026/09/10 12:34:17.159, 0, 12288, 11777, 339
2026/09/10 12:34:17.367, 0, 12288, 11777, 339
2026/09/10 12:34:17.575, 0, 12288, 11777, 339
2026/09/10 12:34:17.782, 0, 12288, 11777, 339
2026/09/10 12:34:17.990, 0, 12288, 11777, 339
2026/09/10 12:34:18.196, 0, 12288, 11777, 339
2026/09/10 12:34:18.404, 0, 12288, 11777, 339
2026/09/10 12:34:18.612, 0, 12288, 11777, 339
2026/09/10 12:34:18.818, 0, 12288, 11777, 339
2026/09/10 12:34:19.023, 0, 12288, 11777, 339
2026/09/10 12:34:19.230, 0, 12288, 11777, 339
2026/09/10 12:34:19.437, 0, 12288, 11777, 339
2026/09/10 12:34:19.645, 0, 12288, 11777, 339
2026/09/10 12:34:19.852, 0, 12288, 11777, 339
2026/09/10 12:34:20.059, 0, 12288, 11777, 339
2026/09/10 12:34:20.267, 0, 12288, 11777, 339
2026/09/10 12:34:20.475, 0, 12288, 11777, 339
2026/09/10 12:34:20.680, 0, 12288, 11777, 339
2026/09/10 12:34:20.884, 0, 12288, 11777, 339
2026/09/10 12:34:21.091, 0, 12288, 11777, 339
2026/09/10 12:34:21.297, 0, 12288, 11777, 339
2026/09/10 12:34:21.503, 0, 12288, 11777, 339
2026/09/10 12:34:21.711, 0, 12288, 11777, 339
2026/09/10 12:34:21.919, 0, 12288, 11777, 339
2026/09/10 12:34:22.127, 0, 12288, 11777, 339
2026/09/10 12:34:22.335, 0, 12288, 11777, 339
2026/09/10 12:34:22.541, 0, 12288, 11777, 339
2026/09/10 12:34:22.748, 0, 12288, 11777, 339
2026/09/10 12:34:22.956, 0, 12288, 11777, 339
2026/09/10 12:34:23.164, 0, 12288, 11777, 339
2026/09/10 12:34:23.372, 0, 12288, 11777, 339
2026/09/10 12:34:23.580, 0, 12288, 11777, 339
2026/09/10 12:34:23.784, 0, 12288, 11777, 339
2026/09/10 12:34:23.991, 0, 12288, 11777, 339
2026/09/10 12:34:24.198, 0, 12288, 11777, 339
2026/09/10 12:34:24.406, 0, 12288, 11777, 339
2026/09/10 12:34:24.611, 0, 12288, 11777, 339
2026/09/10 12:34:24.817, 0, 12288, 11777, 339
2026/09/10 12:34:25.025, 0, 12288, 11777, 339
2026/09/10 12:34:25.232, 0, 12288, 11777, 339
2026/09/10 12:34:25.440, 0, 12288, 11777, 339
2026/09/10 12:34:25.648, 0, 12288, 11777, 339
2026/09/10 12:34:25.855, 0, 12288, 11777, 339
2026/09/10 12:34:26.063, 0, 12288, 11777, 339
2026/09/10 12:34:26.271, 0, 12288, 11777, 339
2026/09/10 12:34:26.479, 0, 12288, 11777, 339
2026/09/10 12:34:26.686, 0, 12288, 11777, 339
2026/09/10 12:34:26.893, 0, 12288, 11777, 339
2026/09/10 12:34:27.100, 0, 12288, 11777, 339
2026/09/10 12:34:27.306, 0, 12288, 11777, 339
2026/09/10 12:34:27.514, 0, 12288, 11777, 339
2026/09/10 12:34:27.721, 0, 12288, 11777, 339
2026/09/10 12:34:27.929, 0, 12288, 11777, 339
2026/09/10 12:34:28.134, 0, 12288, 11777, 339
2026/09/10 12:34:28.341, 0, 12288, 11777, 339
2026/09/10 12:34:28.548, 0, 12288, 11777, 339
2026/09/10 12:34:28.755, 0, 12288, 11777, 339
2026/09/10 12:34:28.961, 0, 12288, 11777, 339
2026/09/10 12:34:29.168, 0, 12288, 11777, 339
2026/09/10 12:34:29.375, 0, 12288, 11777, 339
2026/09/10 12:34:29.583, 0, 12288, 11777, 339
2026/09/10 12:34:29.790, 0, 12288, 11777, 339
2026/09/10 12:34:29.998, 0, 12288, 11777, 339
2026/09/10 12:34:30.204, 0, 12288, 11777, 339
2026/09/10 12:34:30.411, 0, 12288, 11777, 339
2026/09/10 12:34:30.619, 0, 12288, 11777, 339
2026/09/10 12:34:30.826, 0, 12288, 11777, 339
2026/09/10 12:34:31.032, 0, 12288, 11777, 339
2026/09/10 12:34:31.238, 0, 12288, 11777, 339
2026/09/10 12:34:31.446, 0, 12288, 11777, 339
2026/09/10 12:34:31.652, 0, 12288, 11777, 339
2026/09/10 12:34:31.860, 0, 12288, 11777, 339
2026/09/10 12:34:32.065, 0, 12288, 11777, 339
2026/09/10 12:34:32.273, 0, 12288, 11777, 339
2026/09/10 12:34:32.481, 0, 12288, 11777, 339
2026/09/10 12:34:32.689, 0, 12288, 11777, 339
2026/09/10 12:34:32.897, 0, 12288, 11777, 339
2026/09/10 12:34:33.105, 0, 12288, 11777, 339
2026/09/10 12:34:33.313, 0, 12288, 11777, 339
2026/09/10 12:34:33.519, 0, 12288, 11777, 339
2026/09/10 12:34:33.726, 0, 12288, 11777, 339
2026/09/10 12:34:33.933, 0, 12288, 11777, 339
2026/09/10 12:34:34.141, 0, 12288, 11777, 339
2026/09/10 12:34:34.348, 0, 12288, 11777, 339
2026/09/10 12:34:34.555, 0, 12288, 11777, 339
2026/09/10 12:34:34.763, 0, 12288, 11777, 339
2026/09/10 12:34:34.969, 0, 12288, 11777, 339
2026/09/10 12:34:35.177, 0, 12288, 11777, 339
2026/09/10 12:34:35.385, 0, 12288, 11777, 339
2026/09/10 12:34:35.593, 0, 12288, 11777, 339
2026/09/10 12:34:35.798, 0, 12288, 11777, 339
2026/09/10 12:34:36.004, 0, 12288, 11777, 339
2026/09/10 12:34:36.212, 0, 12288, 11777, 339
2026/09/10 12:34:36.419, 0, 12288, 11777, 339
2026/09/10 12:34:36.627, 0, 12288, 11777, 339
2026/09/10 12:34:36.835, 0, 12288, 11777, 339
2026/09/10 12:34:37.043, 0, 12288, 11777, 339
2026/09/10 12:34:37.251, 0, 12288, 11777, 339
2026/09/10 12:34:37.459, 0, 12288, 11777, 339
2026/09/10 12:34:37.682, 0, 12288, 11777, 339
2026/09/10 12:34:37.889, 0, 12288, 11777, 339
2026/09/10 12:34:38.096, 0, 12288, 11777, 339
2026/09/10 12:34:38.304, 0, 12288, 11777, 339
2026/09/10 12:34:38.512, 0, 12288, 11777, 339
2026/09/10 12:34:38.719, 0, 12288, 11777, 339
2026/09/10 12:34:38.924, 0, 12288, 11777, 339
2026/09/10 12:34:39.129, 0, 12288, 11777, 339
2026/09/10 12:34:39.337, 0, 12288, 11777, 339
2026/09/10 12:34:39.544, 0, 12288, 11777, 339
2026/09/10 12:34:39.751, 0, 12288, 11777, 339
2026/09/10 12:34:39.958, 0, 12288, 11777, 339
2026/09/10 12:34:40.165, 0, 12288, 11777, 339
2026/09/10 12:34:40.373, 0, 12288, 11777, 339
2026/09/10 12:34:40.580, 0, 12288, 11777, 339
2026/09/10 12:34:40.788, 0, 12288, 11777, 339
2026/09/10 12:34:40.996, 0, 12288, 11777, 339
2026/09/10 12:34:41.204, 0, 12288, 11777, 339
2026/09/10 12:34:41.410, 0, 12288, 11777, 339
2026/09/10 12:34:41.618, 0, 12288, 11777, 339
2026/09/10 12:34:41.824, 0, 12288, 11777, 339
2026/09/10 12:34:42.032, 0, 12288, 11777, 339
2026/09/10 12:34:42.240, 0, 12288, 11777, 339
2026/09/10 12:34:42.447, 0, 12288, 11777, 339
2026/09/10 12:34:42.654, 0, 12288, 11777, 339
2026/09/10 12:34:42.862, 0, 12288, 11777, 339
2026/09/10 12:34:43.070, 0, 12288, 11777, 339
2026/09/10 12:34:43.277, 0, 12288, 11777, 339
2026/09/10 12:34:43.485, 0, 12288, 11777, 339
2026/09/10 12:34:43.691, 0, 12288, 11777, 339
2026/09/10 12:34:43.897, 0, 12288, 11777, 339
2026/09/10 12:34:44.104, 0, 12288, 11777, 339
2026/09/10 12:34:44.312, 0, 12288, 11777, 339
2026/09/10 12:34:44.520, 0, 12288, 11777, 339
2026/09/10 12:34:44.728, 0, 12288, 11777, 339
2026/09/10 12:34:44.936, 0, 12288, 11777, 339
2026/09/10 12:34:45.144, 0, 12288, 11777, 339
2026/09/10 12:34:45.352, 0, 12288, 11777, 339
2026/09/10 12:34:45.559, 0, 12288, 11777, 339
2026/09/10 12:34:45.765, 0, 12288, 11777, 339
2026/09/10 12:34:45.972, 0, 12288, 11777, 339
2026/09/10 12:34:46.179, 0, 12288, 11777, 339
2026/09/10 12:34:46.387, 0, 12288, 11777, 339
2026/09/10 12:34:46.595, 0, 12288, 11777, 339
2026/09/10 12:34:46.802, 0, 12288, 11777, 339
2026/09/10 12:34:47.008, 0, 12288, 11777, 339
2026/09/10 12:34:47.230, 0, 12288, 11777, 339
2026/09/10 12:34:47.437, 0, 12288, 11777, 339
2026/09/10 12:34:47.645, 0, 12288, 11777, 339
2026/09/10 12:34:47.852, 0, 12288, 11777, 339
2026/09/10 12:34:48.058, 0, 12288, 11777, 339
2026/09/10 12:34:48.265, 0, 12288, 11777, 339
2026/09/10 12:34:48.472, 0, 12288, 11777, 339
2026/09/10 12:34:48.680, 0, 12288, 11777, 339
2026/09/10 12:34:48.887, 0, 12288, 11777, 339
2026/09/10 12:34:49.094, 0, 12288, 11777, 339
2026/09/10 12:34:49.301, 0, 12288, 11777, 339
2026/09/10 12:34:49.509, 0, 12288, 11777, 339
2026/09/10 12:34:49.717, 0, 12288, 11777, 339
2026/09/10 12:34:49.924, 0, 12288, 11777, 339
2026/09/10 12:34:50.132, 0, 12288, 11777, 339
2026/09/10 12:34:50.340, 0, 12288, 11777, 339
2026/09/10 12:34:50.548, 0, 12288, 11777, 339
2026/09/10 12:34:50.755, 0, 12288, 11777, 339
2026/09/10 12:34:50.963, 0, 12288, 11777, 339
2026/09/10 12:34:51.170, 0, 12288, 11777, 339
2026/09/10 12:34:51.378, 0, 12288, 11777, 339
2026/09/10 12:34:51.585, 0, 12288, 11777, 339
2026/09/10 12:34:51.790, 0, 12288, 11777, 339
2026/09/10 12:34:51.998, 0, 12288, 11777, 339
2026/09/10 12:34:52.206, 0, 12288, 11777, 339
2026/09/10 12:34:52.413, 0, 12288, 11777, 339
2026/09/10 12:34:52.618, 0, 12288, 11777, 339
2026/09/10 12:34:52.825, 0, 12288, 11777, 339
2026/09/10 12:34:53.033, 0, 12288, 11777, 339
2026/09/10 12:34:53.241, 0, 12288, 11777, 339
2026/09/10 12:34:53.448, 0, 12288, 11777, 339
2026/09/10 12:34:53.655, 0, 12288, 11777, 339
2026/09/10 12:34:53.861, 0, 12288, 11777, 339
2026/09/10 12:34:54.067, 0, 12288, 11777, 339
2026/09/10 12:34:54.275, 0, 12288, 11777, 339
2026/09/10 12:34:54.483, 0, 12288, 11777, 339
2026/09/10 12:34:54.690, 0, 12288, 11777, 339
2026/09/10 12:34:54.897, 0, 12288, 11777, 339
2026/09/10 12:34:55.106, 0, 12288, 11777, 339
2026/09/10 12:34:55.313, 0, 12288, 11777, 339
2026/09/10 12:34:55.519, 0, 12288, 11777, 339
2026/09/10 12:34:55.727, 0, 12288, 11777, 339
2026/09/10 12:34:55.935, 0, 12288, 11777, 339
2026/09/10 12:34:56.142, 0, 12288, 11777, 339
2026/09/10 12:34:56.350, 0, 12288, 11777, 339
2026/09/10 12:34:56.557, 0, 12288, 11777, 339
2026/09/10 12:34:56.764, 0, 12288, 11777, 339
2026/09/10 12:34:56.970, 0, 12288, 11777, 339
2026/09/10 12:34:57.178, 0, 12288, 11777, 339
2026/09/10 12:34:57.386, 0, 12288, 11777, 339
2026/09/10 12:34:57.594, 0, 12288, 11777, 339
2026/09/10 12:34:57.802, 0, 12288, 11777, 339
2026/09/10 12:34:58.008, 0, 12288, 11777, 339
2026/09/10 12:34:58.212, 0, 12288, 11777, 339
2026/09/10 12:34:58.420, 0, 12288, 11777, 339
2026/09/10 12:34:58.625, 0, 12288, 11777, 339
2026/09/10 12:34:58.831, 0, 12288, 11777, 339
2026/09/10 12:34:59.039, 0, 12288, 11777, 339
2026/09/10 12:34:59.246, 0, 12288, 11777, 339
2026/09/10 12:34:59.453, 0, 12288, 11777, 339
2026/09/10 12:34:59.660, 0, 12288, 11777, 339
2026/09/10 12:34:59.867, 0, 12288, 11777, 339
2026/09/10 12:35:00.074, 0, 12288, 11777, 339
2026/09/10 12:35:00.281, 0, 12288, 11777, 339
2026/09/10 12:35:00.489, 0, 12288, 11777, 339
2026/09/10 12:35:00.695, 0, 12288, 11777, 339
2026/09/10 12:35:00.903, 0, 12288, 11777, 339
2026/09/10 12:35:01.110, 0, 12288, 11777, 339
2026/09/10 12:35:01.318, 0, 12288, 11777, 339
2026/09/10 12:35:01.526, 0, 12288, 11777, 339
2026/09/10 12:35:01.734, 0, 12288, 11777, 339
2026/09/10 12:35:01.942, 0, 12288, 11777, 339
2026/09/10 12:35:02.149, 0, 12288, 11777, 339
2026/09/10 12:35:02.355, 0, 12288, 11777, 339
2026/09/10 12:35:02.563, 0, 12288, 11777, 339
2026/09/10 12:35:02.771, 0, 12288, 11777, 339
2026/09/10 12:35:02.979, 0, 12288, 11777, 339
2026/09/10 12:35:03.187, 0, 12288, 11777, 339
2026/09/10 12:35:03.395, 0, 12288, 11777, 339
2026/09/10 12:35:03.602, 0, 12288, 11777, 339
2026/09/10 12:35:03.807, 0, 12288, 11777, 339
2026/09/10 12:35:04.012, 0, 12288, 11777, 339
2026/09/10 12:35:04.220, 0, 12288, 11777, 339
2026/09/10 12:35:04.428, 0, 12288, 11777, 339
2026/09/10 12:35:04.636, 0, 12288, 11777, 339
2026/09/10 12:35:04.843, 0, 12288, 11777, 339
2026/09/10 12:35:05.050, 0, 12288, 11777, 339
2026/09/10 12:35:05.258, 0, 12288, 11777, 339
2026/09/10 12:35:05.466, 0, 12288, 11777, 339
2026/09/10 12:35:05.674, 0, 12288, 11777, 339
2026/09/10 12:35:05.882, 0, 12288, 11777, 339
2026/09/10 12:35:06.090, 0, 12288, 11777, 339
2026/09/10 12:35:06.297, 0, 12288, 11777, 339
2026/09/10 12:35:06.504, 0, 12288, 11777, 339
2026/09/10 12:35:06.712, 0, 12288, 11777, 339
2026/09/10 12:35:06.920, 0, 12288, 11777, 339
2026/09/10 12:35:07.128, 0, 12288, 11777, 339
2026/09/10 12:35:07.336, 0, 12288, 11777, 339
2026/09/10 12:35:07.543, 0, 12288, 11777, 339
2026/09/10 12:35:07.750, 0, 12288, 11777, 339
2026/09/10 12:35:07.958, 0, 12288, 11777, 339
2026/09/10 12:35:08.166, 0, 12288, 11777, 339
2026/09/10 12:35:08.374, 0, 12288, 11777, 339
2026/09/10 12:35:08.581, 0, 12288, 11777, 339
2026/09/10 12:35:08.789, 0, 12288, 11777, 339
2026/09/10 12:35:08.996, 0, 12288, 11777, 339
2026/09/10 12:35:09.202, 0, 12288, 11777, 339
2026/09/10 12:35:09.407, 0, 12288, 11777, 339
2026/09/10 12:35:09.615, 0, 12288, 11777, 339
2026/09/10 12:35:09.823, 0, 12288, 11777, 339
2026/09/10 12:35:10.031, 0, 12288, 11777, 339
2026/09/10 12:35:10.238, 0, 12288, 11777, 339
2026/09/10 12:35:10.446, 0, 12288, 11777, 339
2026/09/10 12:35:10.654, 0, 12288, 11777, 339
2026/09/10 12:35:10.862, 0, 12288, 11777, 339
2026/09/10 12:35:11.070, 0, 12288, 11777, 339
2026/09/10 12:35:11.277, 0, 12288, 11777, 339
2026/09/10 12:35:11.485, 0, 12288, 11777, 339
2026/09/10 12:35:11.692, 0, 12288, 11777, 339
2026/09/10 12:35:11.899, 0, 12288, 11777, 339
2026/09/10 12:35:12.107, 0, 12288, 11777, 339
2026/09/10 12:35:12.315, 0, 12288, 11777, 339
2026/09/10 12:35:12.523, 0, 12288, 11777, 339
2026/09/10 12:35:12.731, 0, 12288, 11777, 339
2026/09/10 12:35:12.939, 0, 12288, 11777, 339
2026/09/10 12:35:13.146, 0, 12288, 11777, 339
2026/09/10 12:35:13.354, 0, 12288, 11777, 339
2026/09/10 12:35:13.562, 0, 12288, 11777, 339
2026/09/10 12:35:13.770, 0, 12288, 11777, 339
2026/09/10 12:35:13.977, 0, 12288, 11777, 339
2026/09/10 12:35:14.185, 0, 12288, 11777, 339
2026/09/10 12:35:14.392, 0, 12288, 11777, 339
2026/09/10 12:35:14.600, 0, 12288, 11777, 339
2026/09/10 12:35:14.806, 0, 12288, 11777, 339
2026/09/10 12:35:15.012, 0, 12288, 11777, 339
2026/09/10 12:35:15.220, 0, 12288, 11777, 339
2026/09/10 12:35:15.428, 0, 12288, 11777, 339
2026/09/10 12:35:15.636, 0, 12288, 11777, 339
2026/09/10 12:35:15.859, 0, 12288, 11777, 339
2026/09/10 12:35:16.066, 0, 12288, 11777, 339
2026/09/10 12:35:16.274, 0, 12288, 11777, 339
2026/09/10 12:35:16.481, 0, 12288, 11777, 339
2026/09/10 12:35:16.689, 0, 12288, 11777, 339
2026/09/10 12:35:16.897, 0, 12288, 11777, 339
2026/09/10 12:35:17.104, 0, 12288, 11777, 339
2026/09/10 12:35:17.311, 0, 12288, 11777, 339
2026/09/10 12:35:17.518, 0, 12288, 11777, 339
2026/09/10 12:35:17.726, 0, 12288, 11777, 339
2026/09/10 12:35:17.934, 0, 12288, 11777, 339
2026/09/10 12:35:18.142, 0, 12288, 11777, 339
2026/09/10 12:35:18.349, 0, 12288, 11777, 339
2026/09/10 12:35:18.557, 0, 12288, 11777, 339
2026/09/10 12:35:18.764, 0, 12288, 11777, 339
2026/09/10 12:35:18.972, 0, 12288, 11777, 339
2026/09/10 12:35:19.180, 0, 12288, 11777, 339
2026/09/10 12:35:19.387, 0, 12288, 11777, 339
2026/09/10 12:35:19.594, 0, 12288, 11777, 339
2026/09/10 12:35:19.801, 0, 12288, 11777, 339
2026/09/10 12:35:20.008, 0, 12288, 11777, 339
2026/09/10 12:35:20.214, 0, 12288, 11777, 339
2026/09/10 12:35:20.420, 0, 12288, 11777, 339
2026/09/10 12:35:20.627, 0, 12288, 11777, 339
2026/09/10 12:35:20.835, 0, 12288, 11777, 339
2026/09/10 12:35:21.043, 0, 12288, 11777, 339
2026/09/10 12:35:21.250, 0, 12288, 11777, 339
2026/09/10 12:35:21.458, 0, 12288, 11777, 339
2026/09/10 12:35:21.666, 0, 12288, 11777, 339
2026/09/10 12:35:21.873, 0, 12288, 11777, 339
2026/09/10 12:35:22.081, 0, 12288, 11777, 339
2026/09/10 12:35:22.289, 0, 12288, 11777, 339
2026/09/10 12:35:22.494, 0, 12288, 11777, 339
2026/09/10 12:35:22.701, 0, 12288, 11777, 339
2026/09/10 12:35:22.909, 0, 12288, 11777, 339
2026/09/10 12:35:23.117, 0, 12288, 11777, 339
2026/09/10 12:35:23.324, 0, 12288, 11777, 339
2026/09/10 12:35:23.532, 0, 12288, 11777, 339
2026/09/10 12:35:23.740, 0, 12288, 11777, 339
2026/09/10 12:35:23.948, 0, 12288, 11777, 339
2026/09/10 12:35:24.155, 0, 12288, 11777, 339
2026/09/10 12:35:24.363, 0, 12288, 11777, 339
2026/09/10 12:35:24.571, 0, 12288, 11777, 339
2026/09/10 12:35:24.778, 0, 12288, 11777, 339
2026/09/10 12:35:24.985, 0, 12288, 11777, 339
2026/09/10 12:35:25.193, 0, 12288, 11777, 339
2026/09/10 12:35:25.401, 0, 12288, 11777, 339
2026/09/10 12:35:25.608, 0, 12288, 11777, 339
2026/09/10 12:35:25.815, 0, 12288, 11777, 339
2026/09/10 12:35:26.022, 0, 12288, 11777, 339
2026/09/10 12:35:26.228, 0, 12288, 11777, 339
2026/09/10 12:35:26.435, 0, 12288, 11777, 339
2026/09/10 12:35:26.642, 0, 12288, 11777, 339
2026/09/10 12:35:26.849, 0, 12288, 11777, 339
2026/09/10 12:35:27.056, 0, 12288, 11777, 339
2026/09/10 12:35:27.263, 0, 12288, 11777, 339
2026/09/10 12:35:27.471, 0, 12288, 11777, 339
2026/09/10 12:35:27.679, 0, 12288, 11777, 339
2026/09/10 12:35:27.887, 0, 12288, 11777, 339
2026/09/10 12:35:28.094, 0, 12288, 11777, 339
2026/09/10 12:35:28.302, 0, 12288, 11777, 339
2026/09/10 12:35:28.510, 0, 12288, 11777, 339
2026/09/10 12:35:28.718, 0, 12288, 11777, 339
2026/09/10 12:35:28.926, 0, 12288, 11777, 339
2026/09/10 12:35:29.133, 0, 12288, 11777, 339
2026/09/10 12:35:29.339, 0, 12288, 11777, 339
2026/09/10 12:35:29.547, 0, 12288, 11777, 339
2026/09/10 12:35:29.755, 0, 12288, 11777, 339
2026/09/10 12:35:29.963, 0, 12288, 11777, 339
2026/09/10 12:35:30.171, 0, 12288, 11777, 339
2026/09/10 12:35:30.379, 0, 12288, 11777, 339
2026/09/10 12:35:30.586, 0, 12288, 11777, 339
2026/09/10 12:35:30.793, 0, 12288, 11777, 339
2026/09/10 12:35:31.001, 0, 12288, 11777, 339
2026/09/10 12:35:31.208, 0, 12288, 11777, 339
2026/09/10 12:35:31.414, 0, 12288, 11777, 339
2026/09/10 12:35:31.621, 0, 12288, 11777, 339
2026/09/10 12:35:31.827, 0, 12288, 11777, 339
2026/09/10 12:35:32.034, 0, 12288, 11777, 339
2026/09/10 12:35:32.242, 0, 12288, 11777, 339
2026/09/10 12:35:32.449, 0, 12288, 11777, 339
2026/09/10 12:35:32.657, 0, 12288, 11777, 339
2026/09/10 12:35:32.865, 0, 12288, 11777, 339
2026/09/10 12:35:33.071, 0, 12288, 11777, 339
2026/09/10 12:35:33.278, 0, 12288, 11777, 339
2026/09/10 12:35:33.486, 0, 12288, 11777, 339
2026/09/10 12:35:33.693, 0, 12288, 11777, 339
2026/09/10 12:35:33.900, 0, 12288, 11777, 339
2026/09/10 12:35:34.107, 0, 12288, 11777, 339
2026/09/10 12:35:34.314, 0, 12288, 11777, 339
2026/09/10 12:35:34.521, 0, 12288, 11777, 339
2026/09/10 12:35:34.728, 0, 12288, 11777, 339
2026/09/10 12:35:34.936, 0, 12288, 11777, 339
2026/09/10 12:35:35.143, 0, 12288, 11777, 339
2026/09/10 12:35:35.351, 0, 12288, 11777, 339
2026/09/10 12:35:35.558, 0, 12288, 11777, 339
2026/09/10 12:35:35.766, 0, 12288, 11777, 339
2026/09/10 12:35:35.974, 0, 12288, 11777, 339
2026/09/10 12:35:36.181, 0, 12288, 11777, 339
2026/09/10 12:35:36.389, 0, 12288, 11777, 339
2026/09/10 12:35:36.596, 0, 12288, 11777, 339
2026/09/10 12:35:36.802, 0, 12288, 11777, 339
2026/09/10 12:35:37.009, 0, 12288, 11777, 339
2026/09/10 12:35:37.215, 0, 12288, 11777, 339
2026/09/10 12:35:37.422, 0, 12288, 11777, 339
2026/09/10 12:35:37.630, 0, 12288, 11777, 339
2026/09/10 12:35:37.838, 0, 12288, 11777, 339
2026/09/10 12:35:38.046, 0, 12288, 11777, 339
2026/09/10 12:35:38.254, 0, 12288, 11777, 339
2026/09/10 12:35:38.462, 0, 12288, 11777, 339
2026/09/10 12:35:38.669, 0, 12288, 11777, 339
2026/09/10 12:35:38.877, 0, 12288, 11777, 339
2026/09/10 12:35:39.084, 0, 12288, 11777, 339
2026/09/10 12:35:39.291, 0, 12288, 11777, 339
2026/09/10 12:35:39.499, 0, 12288, 11777, 339
2026/09/10 12:35:39.707, 0, 12288, 11777, 339
2026/09/10 12:35:39.915, 0, 12288, 11777, 339
2026/09/10 12:35:40.123, 0, 12288, 11777, 339
2026/09/10 12:35:40.331, 0, 12288, 11777, 339
2026/09/10 12:35:40.538, 0, 12288, 11777, 339
2026/09/10 12:35:40.745, 0, 12288, 11777, 339
2026/09/10 12:35:40.953, 0, 12288, 11777, 339
2026/09/10 12:35:41.159, 0, 12288, 11777, 339
2026/09/10 12:35:41.366, 0, 12288, 11777, 339
2026/09/10 12:35:41.572, 0, 12288, 11777, 339
2026/09/10 12:35:41.777, 0, 12288, 11777, 339
2026/09/10 12:35:41.985, 0, 12288, 11777, 339
2026/09/10 12:35:42.192, 0, 12288, 11777, 339
2026/09/10 12:35:42.399, 0, 12288, 11777, 339
2026/09/10 12:35:42.606, 0, 12288, 11777, 339
2026/09/10 12:35:42.813, 0, 12288, 11777, 339
2026/09/10 12:35:43.020, 0, 12288, 11777, 339
2026/09/10 12:35:43.227, 0, 12288, 11777, 339
2026/09/10 12:35:43.435, 0, 12288, 11777, 339
2026/09/10 12:35:43.643, 0, 12288, 11777, 339
2026/09/10 12:35:43.849, 0, 12288, 11777, 339
2026/09/10 12:35:44.055, 0, 12288, 11777, 339
2026/09/10 12:35:44.262, 0, 12288, 11777, 339
2026/09/10 12:35:44.485, 0, 12288, 11777, 339
2026/09/10 12:35:44.693, 0, 12288, 11777, 339
2026/09/10 12:35:44.900, 0, 12288, 11777, 339
2026/09/10 12:35:45.108, 0, 12288, 11777, 339
2026/09/10 12:35:45.316, 0, 12288, 11777, 339
2026/09/10 12:35:45.524, 0, 12288, 11777, 339
2026/09/10 12:35:45.731, 0, 12288, 11777, 339
2026/09/10 12:35:45.939, 0, 12288, 11777, 339
2026/09/10 12:35:46.147, 0, 12288, 11777, 339
2026/09/10 12:35:46.354, 0, 12288, 11777, 339
2026/09/10 12:35:46.561, 0, 12288, 11777, 339
2026/09/10 12:35:46.768, 0, 12288, 11777, 339
2026/09/10 12:35:46.976, 0, 12288, 11777, 339
2026/09/10 12:35:47.184, 0, 12288, 11777, 339
2026/09/10 12:35:47.391, 0, 12288, 11777, 339
2026/09/10 12:35:47.599, 0, 12288, 11777, 339
2026/09/10 12:35:47.807, 0, 12288, 11777, 339
2026/09/10 12:35:48.015, 0, 12288, 11777, 339
2026/09/10 12:35:48.223, 0, 12288, 11777, 339
2026/09/10 12:35:48.427, 0, 12288, 11777, 339
2026/09/10 12:35:48.635, 0, 12288, 11777, 339
2026/09/10 12:35:48.843, 0, 12288, 11777, 339
2026/09/10 12:35:49.050, 0, 12288, 11777, 339
2026/09/10 12:35:49.257, 0, 12288, 11777, 339
2026/09/10 12:35:49.465, 0, 12288, 11777, 339
2026/09/10 12:35:49.672, 0, 12288, 11777, 339
2026/09/10 12:35:49.879, 0, 12288, 11777, 339
2026/09/10 12:35:50.087, 0, 12288, 11777, 339
2026/09/10 12:35:50.292, 0, 12288, 11777, 339
2026/09/10 12:35:50.500, 0, 12288, 11777, 339
2026/09/10 12:35:50.708, 0, 12288, 11777, 339
2026/09/10 12:35:50.916, 0, 12288, 11777, 339
2026/09/10 12:35:51.123, 0, 12288, 11777, 339
2026/09/10 12:35:51.329, 0, 12288, 11777, 339
2026/09/10 12:35:51.537, 0, 12288, 11777, 339
2026/09/10 12:35:51.744, 0, 12288, 11777, 339
2026/09/10 12:35:51.951, 0, 12288, 11777, 339
2026/09/10 12:35:52.158, 0, 12288, 11777, 339
2026/09/10 12:35:52.366, 0, 12288, 11777, 339
2026/09/10 12:35:52.573, 0, 12288, 11777, 339
2026/09/10 12:35:52.781, 0, 12288, 11777, 339
2026/09/10 12:35:52.988, 0, 12288, 11777, 339
2026/09/10 12:35:53.195, 0, 12288, 11777, 339
2026/09/10 12:35:53.401, 0, 12288, 11777, 339
2026/09/10 12:35:53.609, 0, 12288, 11777, 339
2026/09/10 12:35:53.816, 0, 12288, 11777, 339
2026/09/10 12:35:54.018, 0, 12288, 11777, 339
2026/09/10 12:35:54.225, 0, 12288, 11777, 339
2026/09/10 12:35:54.432, 0, 12288, 11777, 339
2026/09/10 12:35:54.639, 0, 12288, 11777, 339
2026/09/10 12:35:54.847, 0, 12288, 11777, 339
2026/09/10 12:35:55.055, 0, 12288, 11777, 339
2026/09/10 12:35:55.262, 0, 12288, 11777, 339
2026/09/10 12:35:55.469, 0, 12288, 11777, 339
2026/09/10 12:35:55.677, 0, 12288, 11777, 339
2026/09/10 12:35:55.885, 0, 12288, 11777, 339
2026/09/10 12:35:56.092, 0, 12288, 11777, 339
2026/09/10 12:35:56.300, 0, 12288, 11777, 339
2026/09/10 12:35:56.508, 0, 12288, 11777, 339
2026/09/10 12:35:56.714, 0, 12288, 11777, 339
2026/09/10 12:35:56.922, 0, 12288, 11777, 339
2026/09/10 12:35:57.130, 0, 12288, 11777, 339
2026/09/10 12:35:57.337, 0, 12288, 11777, 339
2026/09/10 12:35:57.545, 0, 12288, 11777, 339
2026/09/10 12:35:57.753, 0, 12288, 11777, 339
2026/09/10 12:35:57.960, 0, 12288, 11777, 339
2026/09/10 12:35:58.165, 0, 12288, 11777, 339
2026/09/10 12:35:58.373, 0, 12288, 11777, 339
2026/09/10 12:35:58.580, 0, 12288, 11777, 339
2026/09/10 12:35:58.786, 0, 12288, 11777, 339
2026/09/10 12:35:58.993, 0, 12288, 11777, 339
2026/09/10 12:35:59.201, 0, 12288, 11777, 339
2026/09/10 12:35:59.409, 0, 12288, 11777, 339
2026/09/10 12:35:59.611, 0, 12288, 11777, 339
2026/09/10 12:35:59.816, 0, 12288, 11777, 339
2026/09/10 12:36:00.022, 0, 12288, 11777, 339
2026/09/10 12:36:00.229, 0, 12288, 11777, 339
2026/09/10 12:36:00.437, 0, 12288, 11777, 339
2026/09/10 12:36:00.645, 0, 12288, 11777, 339
2026/09/10 12:36:00.853, 0, 12288, 11777, 339
2026/09/10 12:36:01.061, 0, 12288, 11777, 339
2026/09/10 12:36:01.269, 0, 12288, 11777, 339
2026/09/10 12:36:01.477, 0, 12288, 11777, 339
2026/09/10 12:36:01.685, 0, 12288, 11777, 339
2026/09/10 12:36:01.892, 0, 12288, 11777, 339
2026/09/10 12:36:02.100, 0, 12288, 11777, 339
2026/09/10 12:36:02.306, 0, 12288, 11777, 339
2026/09/10 12:36:02.514, 0, 12288, 11777, 339
2026/09/10 12:36:02.722, 0, 12288, 11777, 339
2026/09/10 12:36:02.930, 0, 12288, 11777, 339
2026/09/10 12:36:03.137, 0, 12288, 11777, 339
2026/09/10 12:36:03.346, 0, 12288, 11777, 339
2026/09/10 12:36:03.553, 0, 12288, 11777, 339
2026/09/10 12:36:03.759, 0, 12288, 11777, 339
2026/09/10 12:36:03.964, 0, 12288, 11777, 339
2026/09/10 12:36:04.171, 0, 12288, 11777, 339
2026/09/10 12:36:04.379, 0, 12288, 11777, 339
2026/09/10 12:36:04.585, 0, 12288, 11777, 339
2026/09/10 12:36:04.792, 0, 12288, 11777, 339
2026/09/10 12:36:04.999, 0, 12288, 11777, 339
2026/09/10 12:36:05.205, 0, 12288, 11777, 339
2026/09/10 12:36:05.413, 0, 12288, 11777, 339
2026/09/10 12:36:05.618, 0, 12288, 11777, 339
2026/09/10 12:36:05.822, 0, 12288, 11777, 339
2026/09/10 12:36:06.030, 0, 12288, 11777, 339
2026/09/10 12:36:06.237, 0, 12288, 11777, 339
2026/09/10 12:36:06.445, 0, 12288, 11777, 339
2026/09/10 12:36:06.650, 0, 12288, 11777, 339
2026/09/10 12:36:06.857, 0, 12288, 11777, 339
2026/09/10 12:36:07.064, 0, 12288, 11777, 339
2026/09/10 12:36:07.271, 0, 12288, 11777, 339
2026/09/10 12:36:07.479, 0, 12288, 11777, 339
2026/09/10 12:36:07.686, 0, 12288, 11777, 339
2026/09/10 12:36:07.894, 0, 12288, 11777, 339
2026/09/10 12:36:08.101, 0, 12288, 11777, 339
2026/09/10 12:36:08.309, 0, 12288, 11777, 339
2026/09/10 12:36:08.516, 0, 12288, 11777, 339
2026/09/10 12:36:08.724, 0, 12288, 11777, 339
2026/09/10 12:36:08.932, 0, 12288, 11777, 339
2026/09/10 12:36:09.139, 0, 12288, 11777, 339
2026/09/10 12:36:09.347, 0, 12288, 11777, 339
2026/09/10 12:36:09.555, 0, 12288, 11777, 339
2026/09/10 12:36:09.762, 0, 12288, 11777, 339
2026/09/10 12:36:09.969, 0, 12288, 11777, 339
2026/09/10 12:36:10.176, 0, 12288, 11777, 339
2026/09/10 12:36:10.383, 0, 12288, 11777, 339
2026/09/10 12:36:10.588, 0, 12288, 11777, 339
2026/09/10 12:36:10.793, 0, 12288, 11777, 339
2026/09/10 12:36:11.001, 0, 12288, 11777, 339
2026/09/10 12:36:11.208, 0, 12288, 11777, 339
2026/09/10 12:36:11.414, 0, 12288, 11777, 339
2026/09/10 12:36:11.620, 0, 12288, 11777, 339
2026/09/10 12:36:11.827, 0, 12288, 11777, 339
2026/09/10 12:36:12.035, 0, 12288, 11777, 339
2026/09/10 12:36:12.242, 0, 12288, 11777, 339
2026/09/10 12:36:12.449, 0, 12288, 11777, 339
2026/09/10 12:36:12.656, 0, 12288, 11777, 339
2026/09/10 12:36:12.864, 0, 12288, 11777, 339
2026/09/10 12:36:13.072, 0, 12288, 11777, 339
2026/09/10 12:36:13.278, 0, 12288, 11777, 339
2026/09/10 12:36:13.486, 0, 12288, 11777, 339
2026/09/10 12:36:13.694, 0, 12288, 11777, 339
2026/09/10 12:36:13.902, 0, 12288, 11777, 339
2026/09/10 12:36:14.110, 0, 12288, 11777, 339
2026/09/10 12:36:14.317, 0, 12288, 11777, 339
2026/09/10 12:36:14.525, 0, 12288, 11777, 339
2026/09/10 12:36:14.733, 0, 12288, 11777, 339
2026/09/10 12:36:14.940, 0, 12288, 11777, 339
2026/09/10 12:36:15.148, 0, 12288, 11777, 339
2026/09/10 12:36:15.356, 0, 12288, 11777, 339
2026/09/10 12:36:15.563, 0, 12288, 11777, 339
2026/09/10 12:36:15.770, 0, 12288, 11777, 339
2026/09/10 12:36:15.978, 0, 12288, 11777, 339
2026/09/10 12:36:16.186, 0, 12288, 11777, 339
2026/09/10 12:36:16.392, 0, 12288, 11777, 339
2026/09/10 12:36:16.600, 0, 12288, 11777, 339
2026/09/10 12:36:16.808, 0, 12288, 11777, 339
2026/09/10 12:36:17.015, 0, 12288, 11777, 339
2026/09/10 12:36:17.223, 0, 12288, 11777, 339
2026/09/10 12:36:17.430, 0, 12288, 11777, 339
2026/09/10 12:36:17.637, 0, 12288, 11777, 339
2026/09/10 12:36:17.845, 0, 12288, 11777, 339
2026/09/10 12:36:18.052, 0, 12288, 11777, 339
2026/09/10 12:36:18.259, 0, 12288, 11777, 339
2026/09/10 12:36:18.466, 0, 12288, 11777, 339
2026/09/10 12:36:18.674, 0, 12288, 11777, 339
2026/09/10 12:36:18.881, 0, 12288, 11777, 339
2026/09/10 12:36:19.086, 0, 12288, 11777, 339
2026/09/10 12:36:19.293, 0, 12288, 11777, 339
2026/09/10 12:36:19.500, 0, 12288, 11777, 339
2026/09/10 12:36:19.707, 0, 12288, 11777, 339
2026/09/10 12:36:19.928, 0, 12288, 11777, 339
2026/09/10 12:36:20.135, 0, 12288, 11777, 339
2026/09/10 12:36:20.342, 0, 12288, 11777, 339
2026/09/10 12:36:20.550, 0, 12288, 11777, 339
2026/09/10 12:36:20.757, 0, 12288, 11777, 339
2026/09/10 12:36:20.965, 0, 12288, 11777, 339
2026/09/10 12:36:21.172, 0, 12288, 11777, 339
2026/09/10 12:36:21.379, 0, 12288, 11777, 339
2026/09/10 12:36:21.586, 0, 12288, 11777, 339
2026/09/10 12:36:21.793, 0, 12288, 11777, 339
2026/09/10 12:36:21.998, 0, 12288, 11777, 339
2026/09/10 12:36:22.204, 0, 12288, 11777, 339
2026/09/10 12:36:22.408, 0, 12288, 11777, 339
2026/09/10 12:36:22.614, 0, 12288, 11777, 339
2026/09/10 12:36:22.822, 0, 12288, 11777, 339
2026/09/10 12:36:23.027, 0, 12288, 11777, 339
2026/09/10 12:36:23.234, 0, 12288, 11777, 339
2026/09/10 12:36:23.440, 0, 12288, 11777, 339
2026/09/10 12:36:23.645, 0, 12288, 11777, 339
2026/09/10 12:36:23.852, 0, 12288, 11777, 339
2026/09/10 12:36:24.058, 0, 12288, 11777, 339
2026/09/10 12:36:24.266, 0, 12288, 11777, 339
2026/09/10 12:36:24.473, 0, 12288, 11777, 339
2026/09/10 12:36:24.674, 0, 12288, 11777, 339
2026/09/10 12:36:24.881, 0, 12288, 11777, 339
2026/09/10 12:36:25.088, 0, 12288, 11777, 339
2026/09/10 12:36:25.295, 0, 12288, 11777, 339
2026/09/10 12:36:25.501, 0, 12288, 11777, 339
2026/09/10 12:36:25.705, 0, 12288, 11777, 339
2026/09/10 12:36:25.909, 0, 12288, 11777, 339
2026/09/10 12:36:26.115, 0, 12288, 11777, 339
2026/09/10 12:36:26.320, 0, 12288, 11777, 339
2026/09/10 12:36:26.528, 0, 12288, 11777, 339
2026/09/10 12:36:26.732, 0, 12288, 11777, 339
2026/09/10 12:36:26.940, 0, 12288, 11777, 339
2026/09/10 12:36:27.147, 0, 12288, 11777, 339
2026/09/10 12:36:27.352, 0, 12288, 11777, 339
2026/09/10 12:36:27.556, 0, 12288, 11777, 339
2026/09/10 12:36:27.761, 0, 12288, 11777, 339
2026/09/10 12:36:27.968, 0, 12288, 11777, 339
2026/09/10 12:36:28.175, 0, 12288, 11777, 339
2026/09/10 12:36:28.380, 0, 12288, 11777, 339
2026/09/10 12:36:28.588, 0, 12288, 11777, 339
2026/09/10 12:36:28.795, 0, 12288, 11777, 339
2026/09/10 12:36:29.000, 0, 12288, 11777, 339
2026/09/10 12:36:29.208, 0, 12288, 11777, 339
2026/09/10 12:36:29.413, 0, 12288, 11777, 339
2026/09/10 12:36:29.618, 0, 12288, 11777, 339
2026/09/10 12:36:29.823, 0, 12288, 11777, 339
2026/09/10 12:36:30.028, 0, 12288, 11777, 339
2026/09/10 12:36:30.232, 0, 12288, 11777, 339
2026/09/10 12:36:30.439, 0, 12288, 11777, 339
2026/09/10 12:36:30.646, 0, 12288, 11777, 339
2026/09/10 12:36:30.853, 0, 12288, 11777, 339
2026/09/10 12:36:31.060, 0, 12288, 11777, 339
2026/09/10 12:36:31.268, 0, 12288, 11777, 339
2026/09/10 12:36:31.476, 0, 12288, 11777, 339
2026/09/10 12:36:31.682, 0, 12288, 11777, 339
2026/09/10 12:36:31.890, 0, 12288, 11777, 339
2026/09/10 12:36:32.097, 0, 12288, 11777, 339
2026/09/10 12:36:32.304, 0, 12288, 11777, 339
2026/09/10 12:36:32.512, 0, 12288, 11777, 339
2026/09/10 12:36:32.719, 0, 12288, 11777, 339
2026/09/10 12:36:32.927, 0, 12288, 11777, 339
2026/09/10 12:36:33.134, 0, 12288, 11777, 339
2026/09/10 12:36:33.340, 0, 12288, 11777, 339
2026/09/10 12:36:33.548, 0, 12288, 11777, 339
2026/09/10 12:36:33.756, 0, 12288, 11777, 339
2026/09/10 12:36:33.964, 0, 12288, 11777, 339
2026/09/10 12:36:34.172, 0, 12288, 11777, 339
2026/09/10 12:36:34.379, 0, 12288, 11777, 339
2026/09/10 12:36:34.586, 0, 12288, 11777, 339
2026/09/10 12:36:34.794, 0, 12288, 11777, 339
2026/09/10 12:36:35.002, 0, 12288, 11777, 339
2026/09/10 12:36:35.210, 0, 12288, 11777, 339
2026/09/10 12:36:35.418, 0, 12288, 11777, 339
2026/09/10 12:36:35.626, 0, 12288, 11777, 339
2026/09/10 12:36:35.833, 0, 12288, 11777, 339
2026/09/10 12:36:36.041, 0, 12288, 11777, 339
2026/09/10 12:36:36.248, 0, 12288, 11777, 339
2026/09/10 12:36:36.455, 0, 12288, 11777, 339
2026/09/10 12:36:36.663, 0, 12288, 11777, 339
2026/09/10 12:36:36.871, 0, 12288, 11777, 339
2026/09/10 12:36:37.079, 0, 12288, 11777, 339
2026/09/10 12:36:37.287, 0, 12288, 11777, 339
2026/09/10 12:36:37.494, 0, 12288, 11777, 339
2026/09/10 12:36:37.702, 0, 12288, 11777, 339
2026/09/10 12:36:37.910, 0, 12288, 11777, 339
2026/09/10 12:36:38.117, 0, 12288, 11777, 339
2026/09/10 12:36:38.325, 0, 12288, 11777, 339
2026/09/10 12:36:38.532, 0, 12288, 11777, 339
2026/09/10 12:36:38.737, 0, 12288, 11777, 339
2026/09/10 12:36:38.943, 0, 12288, 11777, 339
2026/09/10 12:36:39.150, 0, 12288, 11777, 339
2026/09/10 12:36:39.358, 0, 12288, 11777, 339
2026/09/10 12:36:39.566, 0, 12288, 11777, 339
2026/09/10 12:36:39.773, 0, 12288, 11777, 339
2026/09/10 12:36:39.981, 0, 12288, 11777, 339
2026/09/10 12:36:40.188, 0, 12288, 11777, 339
2026/09/10 12:36:40.395, 0, 12288, 11777, 339
2026/09/10 12:36:40.603, 0, 12288, 11777, 339
2026/09/10 12:36:40.811, 0, 12288, 11777, 339
2026/09/10 12:36:41.019, 0, 12288, 11777, 339
2026/09/10 12:36:41.227, 0, 12288, 11777, 339
2026/09/10 12:36:41.435, 0, 12288, 11777, 339
2026/09/10 12:36:41.642, 0, 12288, 11777, 339
2026/09/10 12:36:41.849, 0, 12288, 11777, 339
2026/09/10 12:36:42.057, 0, 12288, 11777, 339
2026/09/10 12:36:42.265, 0, 12288, 11777, 339
2026/09/10 12:36:42.472, 0, 12288, 11777, 339
2026/09/10 12:36:42.679, 0, 12288, 11777, 339
2026/09/10 12:36:42.887, 0, 12288, 11777, 339
2026/09/10 12:36:43.095, 0, 12288, 11777, 339
2026/09/10 12:36:43.302, 0, 12288, 11777, 339
2026/09/10 12:36:43.509, 0, 12288, 11777, 339
2026/09/10 12:36:43.717, 0, 12288, 11777, 339
2026/09/10 12:36:43.924, 0, 12288, 11777, 339
2026/09/10 12:36:44.132, 0, 12288, 11777, 339
2026/09/10 12:36:44.337, 0, 12288, 11777, 339
2026/09/10 12:36:44.545, 0, 12288, 11777, 339
2026/09/10 12:36:44.751, 0, 12288, 11777, 339
2026/09/10 12:36:44.959, 0, 12288, 11777, 339
2026/09/10 12:36:45.167, 0, 12288, 11777, 339
2026/09/10 12:36:45.373, 0, 12288, 11777, 339
2026/09/10 12:36:45.581, 0, 12288, 11777, 339
2026/09/10 12:36:45.788, 0, 12288, 11777, 339
2026/09/10 12:36:45.995, 0, 12288, 11777, 339
2026/09/10 12:36:46.203, 0, 12288, 11777, 339
2026/09/10 12:36:46.410, 0, 12288, 11777, 339
2026/09/10 12:36:46.618, 0, 12288, 11777, 339
2026/09/10 12:36:46.825, 0, 12288, 11777, 339
2026/09/10 12:36:47.032, 0, 12288, 11777, 339
2026/09/10 12:36:47.240, 0, 12288, 11777, 339
2026/09/10 12:36:47.448, 0, 12288, 11777, 339
2026/09/10 12:36:47.655, 0, 12288, 11777, 339
2026/09/10 12:36:47.863, 0, 12288, 11777, 339
2026/09/10 12:36:48.070, 0, 12288, 11777, 339
2026/09/10 12:36:48.278, 0, 12288, 11777, 339
2026/09/10 12:36:48.486, 0, 12288, 11777, 339
2026/09/10 12:36:48.693, 0, 12288, 11777, 339
2026/09/10 12:36:48.900, 0, 12288, 11777, 339
2026/09/10 12:36:49.108, 0, 12288, 11777, 339
2026/09/10 12:36:49.316, 0, 12288, 11777, 339
2026/09/10 12:36:49.524, 0, 12288, 11777, 339
2026/09/10 12:36:49.732, 0, 12288, 11777, 339
2026/09/10 12:36:49.938, 0, 12288, 11777, 339
2026/09/10 12:36:50.146, 0, 12288, 11777, 339
2026/09/10 12:36:50.354, 0, 12288, 11777, 339
2026/09/10 12:36:50.562, 0, 12288, 11777, 339
2026/09/10 12:36:50.769, 0, 12288, 11777, 339
2026/09/10 12:36:50.977, 0, 12288, 11777, 339
2026/09/10 12:36:51.184, 0, 12288, 11777, 339
2026/09/10 12:36:51.392, 0, 12288, 11777, 339
2026/09/10 12:36:51.600, 0, 12288, 11777, 339
2026/09/10 12:36:51.808, 0, 12288, 11777, 339
2026/09/10 12:36:52.015, 0, 12288, 11777, 339
2026/09/10 12:36:52.223, 0, 12288, 11777, 339
2026/09/10 12:36:52.431, 0, 12288, 11777, 339
2026/09/10 12:36:52.639, 0, 12288, 11777, 339
2026/09/10 12:36:52.846, 0, 12288, 11777, 339
2026/09/10 12:36:53.054, 0, 12288, 11777, 339
2026/09/10 12:36:53.261, 0, 12288, 11777, 339
2026/09/10 12:36:53.469, 0, 12288, 11777, 339
2026/09/10 12:36:53.675, 0, 12288, 11777, 339
2026/09/10 12:36:53.882, 0, 12288, 11777, 339
2026/09/10 12:36:54.090, 0, 12288, 11777, 339
2026/09/10 12:36:54.297, 0, 12288, 11777, 339
2026/09/10 12:36:54.505, 0, 12288, 11777, 339
2026/09/10 12:36:54.713, 0, 12288, 11777, 339
2026/09/10 12:36:54.920, 0, 12288, 11777, 339
2026/09/10 12:36:55.128, 0, 12288, 11777, 339
2026/09/10 12:36:55.334, 0, 12288, 11777, 339
2026/09/10 12:36:55.538, 0, 12288, 11777, 339
2026/09/10 12:36:55.746, 0, 12288, 11777, 339
2026/09/10 12:36:55.954, 0, 12288, 11777, 339
2026/09/10 12:36:56.161, 0, 12288, 11777, 339
2026/09/10 12:36:56.368, 0, 12288, 11777, 339
2026/09/10 12:36:56.575, 0, 12288, 11777, 339
2026/09/10 12:36:56.781, 0, 12288, 11777, 339
2026/09/10 12:36:56.989, 0, 12288, 11777, 339
2026/09/10 12:36:57.197, 0, 12288, 11777, 339
2026/09/10 12:36:57.404, 0, 12288, 11777, 339
2026/09/10 12:36:57.612, 0, 12288, 11777, 339
2026/09/10 12:36:57.820, 0, 12288, 11777, 339
2026/09/10 12:36:58.028, 0, 12288, 11777, 339
2026/09/10 12:36:58.235, 0, 12288, 11777, 339
2026/09/10 12:36:58.443, 0, 12288, 11777, 339
2026/09/10 12:36:58.651, 0, 12288, 11777, 339
2026/09/10 12:36:58.859, 0, 12288, 11777, 339
2026/09/10 12:36:59.066, 0, 12288, 11777, 339
2026/09/10 12:36:59.273, 0, 12288, 11777, 339
2026/09/10 12:36:59.479, 0, 12288, 11777, 339
2026/09/10 12:36:59.687, 0, 12288, 11777, 339
2026/09/10 12:36:59.895, 0, 12288, 11777, 339
2026/09/10 12:37:00.103, 0, 12288, 11777, 339
2026/09/10 12:37:00.311, 0, 12288, 11777, 339
2026/09/10 12:37:00.515, 0, 12288, 11777, 339
2026/09/10 12:37:00.721, 0, 12288, 11777, 339
2026/09/10 12:37:00.929, 0, 12288, 11777, 339
2026/09/10 12:37:01.134, 0, 12288, 11777, 339
2026/09/10 12:37:01.342, 0, 12288, 11777, 339
2026/09/10 12:37:01.548, 0, 12288, 11777, 339
2026/09/10 12:37:01.755, 0, 12288, 11777, 339
2026/09/10 12:37:01.962, 0, 12288, 11777, 339
2026/09/10 12:37:02.185, 0, 12288, 11777, 339
2026/09/10 12:37:02.393, 0, 12288, 11777, 339
2026/09/10 12:37:02.601, 0, 12288, 11777, 339
2026/09/10 12:37:02.808, 0, 12288, 11777, 339
2026/09/10 12:37:03.016, 0, 12288, 11777, 339
2026/09/10 12:37:03.224, 0, 12288, 11777, 339
2026/09/10 12:37:03.432, 0, 12288, 11777, 339
2026/09/10 12:37:03.638, 0, 12288, 11777, 339
2026/09/10 12:37:03.846, 0, 12288, 11777, 339
2026/09/10 12:37:04.053, 0, 12288, 11777, 339
2026/09/10 12:37:04.261, 0, 12288, 11777, 339
2026/09/10 12:37:04.468, 0, 12288, 11777, 339
2026/09/10 12:37:04.676, 0, 12288, 11777, 339
2026/09/10 12:37:04.883, 0, 12288, 11777, 339
2026/09/10 12:37:05.091, 0, 12288, 11777, 339
2026/09/10 12:37:05.299, 0, 12288, 11777, 339
2026/09/10 12:37:05.507, 0, 12288, 11777, 339
2026/09/10 12:37:05.715, 0, 12288, 11777, 339
2026/09/10 12:37:05.923, 0, 12288, 11777, 339
2026/09/10 12:37:06.129, 0, 12288, 11777, 339
2026/09/10 12:37:06.336, 0, 12288, 11777, 339
2026/09/10 12:37:06.542, 0, 12288, 11777, 339
2026/09/10 12:37:06.748, 0, 12288, 11777, 339
2026/09/10 12:37:06.956, 0, 12288, 11777, 339
2026/09/10 12:37:07.164, 0, 12288, 11777, 339
2026/09/10 12:37:07.372, 0, 12288, 11777, 339
2026/09/10 12:37:07.578, 0, 12288, 11777, 339
2026/09/10 12:37:07.784, 0, 12288, 11777, 339
2026/09/10 12:37:07.992, 0, 12288, 11777, 339
2026/09/10 12:37:08.198, 0, 12288, 11777, 339
2026/09/10 12:37:08.405, 0, 12288, 11777, 339
2026/09/10 12:37:08.613, 0, 12288, 11777, 339
2026/09/10 12:37:08.820, 0, 12288, 11777, 339
2026/09/10 12:37:09.028, 0, 12288, 11777, 339
2026/09/10 12:37:09.235, 0, 12288, 11777, 339
2026/09/10 12:37:09.442, 0, 12288, 11777, 339
2026/09/10 12:37:09.650, 0, 12288, 11777, 339
2026/09/10 12:37:09.858, 0, 12288, 11777, 339
2026/09/10 12:37:10.064, 0, 12288, 11777, 339
2026/09/10 12:37:10.271, 0, 12288, 11777, 339
2026/09/10 12:37:10.478, 0, 12288, 11777, 339
2026/09/10 12:37:10.686, 0, 12288, 11777, 339
2026/09/10 12:37:10.894, 0, 12288, 11777, 339
2026/09/10 12:37:11.102, 0, 12288, 11777, 339
2026/09/10 12:37:11.309, 0, 12288, 11777, 339
2026/09/10 12:37:11.516, 0, 12288, 11777, 339
2026/09/10 12:37:11.723, 0, 12288, 11777, 339
2026/09/10 12:37:11.930, 0, 12288, 11777, 339
2026/09/10 12:37:12.138, 0, 12288, 11777, 339
2026/09/10 12:37:12.343, 0, 12288, 11777, 339
2026/09/10 12:37:12.551, 0, 12288, 11777, 339
2026/09/10 12:37:12.759, 0, 12288, 11777, 339
2026/09/10 12:37:12.966, 0, 12288, 11777, 339
2026/09/10 12:37:13.173, 0, 12288, 11777, 339
2026/09/10 12:37:13.381, 0, 12288, 11777, 339
2026/09/10 12:37:13.589, 0, 12288, 11777, 339
2026/09/10 12:37:13.797, 0, 12288, 11777, 339
2026/09/10 12:37:14.004, 0, 12288, 11777, 339
2026/09/10 12:37:14.212, 0, 12288, 11777, 339
2026/09/10 12:37:14.420, 0, 12288, 11777, 339
2026/09/10 12:37:14.628, 0, 12288, 11777, 339
2026/09/10 12:37:14.836, 0, 12288, 11777, 339
2026/09/10 12:37:15.042, 0, 12288, 11777, 339
2026/09/10 12:37:15.250, 0, 12288, 11777, 339
2026/09/10 12:37:15.458, 0, 12288, 11777, 339
2026/09/10 12:37:15.665, 0, 12288, 11777, 339
2026/09/10 12:37:15.873, 0, 12288, 11777, 339
2026/09/10 12:37:16.081, 0, 12288, 11777, 339
2026/09/10 12:37:16.289, 0, 12288, 11777, 339
2026/09/10 12:37:16.497, 0, 12288, 11777, 339
2026/09/10 12:37:16.705, 0, 12288, 11777, 339
2026/09/10 12:37:16.912, 0, 12288, 11777, 339
2026/09/10 12:37:17.120, 0, 12288, 343, 11773
2026/09/10 12:37:17.327, 0, 12288, 343, 11773
2026/09/10 12:37:17.535, 0, 12288, 343, 11773
2026/09/10 12:37:17.743, 0, 12288, 343, 11773
2026/09/10 12:37:17.948, 0, 12288, 343, 11773
2026/09/10 12:37:18.155, 0, 12288, 343, 11773
2026/09/10 12:37:18.363, 0, 12288, 343, 11773
2026/09/10 12:37:18.570, 0, 12288, 343, 11773
