2026/09/10 19:15:19.477, 0, 12288, 343, 11773
2026/09/10 19:15:19.684, 0, 12288, 435, 11681
2026/09/10 19:15:19.891, 0, 12288, 435, 11681
2026/09/10 19:15:20.099, 0, 12288, 435, 11681
2026/09/10 19:15:20.306, 0, 12288, 435, 11681
2026/09/10 19:15:20.514, 0, 12288, 435, 11681
2026/09/10 19:15:20.721, 0, 12288, 435, 11681
2026/09/10 19:15:20.927, 0, 12288, 6643, 5473
2026/09/10 19:15:21.135, 0, 12288, 10121, 1995
2026/09/10 19:15:21.343, 0, 12288, 10121, 1995
2026/09/10 19:15:21.548, 0, 12288, 10121, 1995
2026/09/10 19:15:21.756, 0, 12288, 10121, 1995
2026/09/10 19:15:21.963, 0, 12288, 10121, 1995
2026/09/10 19:15:22.170, 0, 12288, 10121, 1995
2026/09/10 19:15:22.377, 0, 12288, 10121, 1995
2026/09/10 19:15:22.584, 0, 12288, 10121, 1995
2026/09/10 19:15:22.808, 0, 12288, 10121, 1995
2026/09/10 19:15:23.016, 0, 12288, 10121, 1995
2026/09/10 19:15:23.223, 0, 12288, 10121, 1995
2026/09/10 19:15:23.431, 0, 12288, 10121, 1995
2026/09/10 19:15:23.637, 0, 12288, 10121, 1995
2026/09/10 19:15:23.844, 0, 12288, 10121, 1995
2026/09/10 19:15:24.052, 0, 12288, 11267, 849
2026/09/10 19:15:24.258, 0, 12288, 11553, 563
2026/09/10 19:15:24.460, 0, 12288, 11553, 563
2026/09/10 19:15:24.662, 0, 12288, 11553, 563
2026/09/10 19:15:24.866, 0, 12288, 11553, 563
2026/09/10 19:15:25.068, 0, 12288, 11553, 563
2026/09/10 19:15:25.273, 0, 12288, 11553, 563
2026/09/10 19:15:25.478, 0, 12288, 11553, 563
2026/09/10 19:15:25.684, 0, 12288, 11743, 373
2026/09/10 19:15:25.889, 0, 12288, 11743, 373
2026/09/10 19:15:26.094, 0, 12288, 11743, 373
2026/09/10 19:15:26.298, 0, 12288, 11743, 373
2026/09/10 19:15:26.506, 0, 12288, 11775, 341
2026/09/10 19:15:26.712, 0, 12288, 11775, 341
2026/09/10 19:15:26.919, 0, 12288, 11775, 341
2026/09/10 19:15:27.126, 0, 12288, 11775, 341
2026/09/10 19:15:27.329, 0, 12288, 11775, 341
2026/09/10 19:15:27.536, 0, 12288, 11775, 341
2026/09/10 19:15:27.741, 0, 12288, 11775, 341
2026/09/10 19:15:27.947, 0, 12288, 11775, 341
2026/09/10 19:15:28.154, 0, 12288, 11775, 341
2026/09/10 19:15:28.357, 0, 12288, 11775, 341
2026/09/10 19:15:28.564, 0, 12288, 11775, 341
2026/09/10 19:15:28.769, 0, 12288, 11775, 341
2026/09/10 19:15:28.975, 0, 12288, 11775, 341
2026/09/10 19:15:29.183, 0, 12288, 11775, 341
2026/09/10 19:15:29.385, 0, 12288, 11775, 341
2026/09/10 19:15:29.593, 0, 12288, 11775, 341
2026/09/10 19:15:29.799, 0, 12288, 11775, 341
2026/09/10 19:15:30.005, 0, 12288, 11775, 341
2026/09/10 19:15:30.210, 0, 12288, 11775, 341
2026/09/10 19:15:30.415, 0, 12288, 11775, 341
2026/09/10 19:15:30.623, 0, 12288, 11775, 341
2026/09/10 19:15:30.830, 0, 12288, 11775, 341
2026/09/10 19:15:31.038, 0, 12288, 11775, 341
2026/09/10 19:15:31.245, 0, 12288, 11775, 341
2026/09/10 19:15:31.452, 0, 12288, 11775, 341
2026/09/10 19:15:31.675, 0, 12288, 11777, 339
2026/09/10 19:15:31.880, 0, 12288, 11777, 339
2026/09/10 19:15:32.087, 0, 12288, 11777, 339
2026/09/10 19:15:32.294, 0, 12288, 11777, 339
2026/09/10 19:15:32.501, 0, 12288, 11777, 339
2026/09/10 19:15:32.709, 0, 12288, 11777, 339
2026/09/10 19:15:32.914, 0, 12288, 11777, 339
2026/09/10 19:15:33.122, 0, 12288, 11777, 339
2026/09/10 19:15:33.330, 0, 12288, 11777, 339
2026/09/10 19:15:33.537, 0, 12288, 11777, 339
2026/09/10 19:15:33.744, 0, 12288, 11777, 339
2026/09/10 19:15:33.951, 0, 12288, 11777, 339
2026/09/10 19:15:34.159, 0, 12288, 11777, 339
2026/09/10 19:15:34.366, 0, 12288, 11777, 339
2026/09/10 19:15:34.573, 0, 12288, 11777, 339
2026/09/10 19:15:34.780, 0, 12288, 11777, 339
2026/09/10 19:15:34.987, 0, 12288, 11777, 339
2026/09/10 19:15:35.194, 0, 12288, 11777, 339
2026/09/10 19:15:35.402, 0, 12288, 11777, 339
2026/09/10 19:15:35.608, 0, 12288, 11777, 339
2026/09/10 19:15:35.816, 0, 12288, 11777, 339
2026/09/10 19:15:36.024, 0, 12288, 11777, 339
2026/09/10 19:15:36.232, 0, 12288, 11777, 339
2026/09/10 19:15:36.439, 0, 12288, 11777, 339
2026/09/10 19:15:36.647, 0, 12288, 11777, 339
2026/09/10 19:15:36.855, 0, 12288, 11777, 339
2026/09/10 19:15:37.062, 0, 12288, 11777, 339
2026/09/10 19:15:37.268, 0, 12288, 11777, 339
2026/09/10 19:15:37.475, 0, 12288, 11777, 339
2026/09/10 19:15:37.683, 0, 12288, 11777, 339
2026/09/10 19:15:37.891, 0, 12288, 11777, 339
2026/09/10 19:15:38.099, 0, 12288, 11777, 339
2026/09/10 19:15:38.306, 0, 12288, 11777, 339
2026/09/10 19:15:38.511, 0, 12288, 11777, 339
2026/09/10 19:15:38.719, 0, 12288, 11777, 339
2026/09/10 19:15:38.925, 0, 12288, 11777, 339
2026/09/10 19:15:39.133, 0, 12288, 11777, 339
2026/09/10 19:15:39.341, 0, 12288, 11777, 339
2026/09/10 19:15:39.548, 0, 12288, 11777, 339
2026/09/10 19:15:39.750, 0, 12288, 11777, 339
2026/09/10 19:15:39.956, 0, 12288, 11777, 339
2026/09/10 19:15:40.162, 0, 12288, 11777, 339
2026/09/10 19:15:40.368, 0, 12288, 11777, 339
2026/09/10 19:15:40.576, 0, 12288, 11777, 339
2026/09/10 19:15:40.784, 0, 12288, 11777, 339
2026/09/10 19:15:40.992, 0, 12288, 11777, 339
2026/09/10 19:15:41.199, 0, 12288, 11777, 339
2026/09/10 19:15:41.406, 0, 12288, 11777, 339
2026/09/10 19:15:41.614, 0, 12288, 11777, 339
2026/09/10 19:15:41.820, 0, 12288, 11777, 339
2026/09/10 19:15:42.027, 0, 12288, 11777, 339
2026/09/10 19:15:42.232, 0, 12288, 11777, 339
2026/09/10 19:15:42.437, 0, 12288, 11777, 339
2026/09/10 19:15:42.642, 0, 12288, 11777, 339
2026/09/10 19:15:42.847, 0, 12288, 11777, 339
2026/09/10 19:15:43.050, 0, 12288, 11777, 339
2026/09/10 19:15:43.257, 0, 12288, 11777, 339
2026/09/10 19:15:43.464, 0, 12288, 11777, 339
2026/09/10 19:15:43.669, 0, 12288, 11777, 339
2026/09/10 19:15:43.876, 0, 12288, 11777, 339
2026/09/10 19:15:44.078, 0, 12288, 11777, 339
2026/09/10 19:15:44.284, 0, 12288, 11777, 339
2026/09/10 19:15:44.491, 0, 12288, 11777, 339
2026/09/10 19:15:44.696, 0, 12288, 11777, 339
2026/09/10 19:15:44.904, 0, 12288, 11777, 339
2026/09/10 19:15:45.108, 0, 12288, 11777, 339
2026/09/10 19:15:45.314, 0, 12288, 11777, 339
2026/09/10 19:15:45.522, 0, 12288, 11777, 339
2026/09/10 19:15:45.726, 0, 12288, 11777, 339
2026/09/10 19:15:45.934, 0, 12288, 11777, 339
2026/09/10 19:15:46.141, 0, 12288, 11777, 339
2026/09/10 19:15:46.348, 0, 12288, 11777, 339
2026/09/10 19:15:46.555, 0, 12288, 11777, 339
2026/09/10 19:15:46.762, 0, 12288, 11777, 339
2026/09/10 19:15:46.967, 0, 12288, 11777, 339
2026/09/10 19:15:47.170, 0, 12288, 11777, 339
2026/09/10 19:15:47.377, 0, 12288, 11777, 339
2026/09/10 19:15:47.584, 0, 12288, 11777, 339
2026/09/10 19:15:47.790, 0, 12288, 11777, 339
2026/09/10 19:15:47.996, 0, 12288, 11777, 339
2026/09/10 19:15:48.201, 0, 12288, 11777, 339
2026/09/10 19:15:48.407, 0, 12288, 11777, 339
2026/09/10 19:15:48.615, 0, 12288, 11777, 339
2026/09/10 19:15:48.819, 0, 12288, 11777, 339
2026/09/10 19:15:49.026, 0, 12288, 11777, 339
2026/09/10 19:15:49.232, 0, 12288, 11779, 337
2026/09/10 19:15:49.438, 0, 12288, 11779, 337
2026/09/10 19:15:49.643, 0, 12288, 11779, 337
2026/09/10 19:15:49.849, 0, 12288, 11779, 337
2026/09/10 19:15:50.057, 0, 12288, 11779, 337
2026/09/10 19:15:50.265, 0, 12288, 11779, 337
2026/09/10 19:15:50.473, 0, 12288, 11779, 337
2026/09/10 19:15:50.679, 0, 12288, 11779, 337
2026/09/10 19:15:50.887, 0, 12288, 11779, 337
2026/09/10 19:15:51.094, 0, 12288, 11779, 337
2026/09/10 19:15:51.302, 0, 12288, 11779, 337
2026/09/10 19:15:51.509, 0, 12288, 11779, 337
2026/09/10 19:15:51.714, 0, 12288, 11779, 337
2026/09/10 19:15:51.922, 0, 12288, 11779, 337
2026/09/10 19:15:52.130, 0, 12288, 11779, 337
2026/09/10 19:15:52.338, 0, 12288, 11779, 337
2026/09/10 19:15:52.546, 0, 12288, 11779, 337
2026/09/10 19:15:52.754, 0, 12288, 11779, 337
2026/09/10 19:15:52.962, 0, 12288, 11779, 337
2026/09/10 19:15:53.170, 0, 12288, 11779, 337
2026/09/10 19:15:53.377, 0, 12288, 11779, 337
2026/09/10 19:15:53.584, 0, 12288, 11779, 337
2026/09/10 19:15:53.791, 0, 12288, 11779, 337
2026/09/10 19:15:53.999, 0, 12288, 11779, 337
2026/09/10 19:15:54.206, 0, 12288, 11779, 337
2026/09/10 19:15:54.414, 0, 12288, 11779, 337
2026/09/10 19:15:54.622, 0, 12288, 11779, 337
2026/09/10 19:15:54.828, 0, 12288, 11779, 337
2026/09/10 19:15:55.036, 0, 12288, 11779, 337
2026/09/10 19:15:55.242, 0, 12288, 11779, 337
2026/09/10 19:15:55.448, 0, 12288, 11779, 337
2026/09/10 19:15:55.655, 0, 12288, 11779, 337
2026/09/10 19:15:55.863, 0, 12288, 11779, 337
2026/09/10 19:15:56.071, 0, 12288, 11779, 337
2026/09/10 19:15:56.278, 0, 12288, 11779, 337
2026/09/10 19:15:56.486, 0, 12288, 11779, 337
2026/09/10 19:15:56.694, 0, 12288, 11779, 337
2026/09/10 19:15:56.902, 0, 12288, 11779, 337
2026/09/10 19:15:57.109, 0, 12288, 11779, 337
2026/09/10 19:15:57.316, 0, 12288, 11779, 337
2026/09/10 19:15:57.524, 0, 12288, 11779, 337
2026/09/10 19:15:57.731, 0, 12288, 11779, 337
2026/09/10 19:15:57.938, 0, 12288, 11779, 337
2026/09/10 19:15:58.146, 0, 12288, 11779, 337
2026/09/10 19:15:58.354, 0, 12288, 11779, 337
2026/09/10 19:15:58.562, 0, 12288, 11779, 337
2026/09/10 19:15:58.768, 0, 12288, 11779, 337
2026/09/10 19:15:58.975, 0, 12288, 11779, 337
2026/09/10 19:15:59.183, 0, 12288, 11779, 337
2026/09/10 19:15:59.391, 0, 12288, 11779, 337
2026/09/10 19:15:59.599, 0, 12288, 11779, 337
2026/09/10 19:15:59.807, 0, 12288, 11779, 337
2026/09/10 19:16:00.014, 0, 12288, 11779, 337
2026/09/10 19:16:00.219, 0, 12288, 11779, 337
2026/09/10 19:16:00.426, 0, 12288, 11779, 337
2026/09/10 19:16:00.634, 0, 12288, 11779, 337
2026/09/10 19:16:00.840, 0, 12288, 11779, 337
2026/09/10 19:16:01.048, 0, 12288, 11779, 337
2026/09/10 19:16:01.256, 0, 12288, 11779, 337
2026/09/10 19:16:01.463, 0, 12288, 11779, 337
2026/09/10 19:16:01.671, 0, 12288, 11779, 337
2026/09/10 19:16:01.879, 0, 12288, 11779, 337
2026/09/10 19:16:02.086, 0, 12288, 11779, 337
2026/09/10 19:16:02.294, 0, 12288, 11779, 337
2026/09/10 19:16:02.502, 0, 12288, 11779, 337
2026/09/10 19:16:02.710, 0, 12288, 11779, 337
2026/09/10 19:16:02.916, 0, 12288, 11779, 337
2026/09/10 19:16:03.122, 0, 12288, 11779, 337
2026/09/10 19:16:03.327, 0, 12288, 11779, 337
2026/09/10 19:16:03.534, 0, 12288, 11779, 337
2026/09/10 19:16:03.741, 0, 12288, 11779, 337
2026/09/10 19:16:03.949, 0, 12288, 11779, 337
2026/09/10 19:16:04.156, 0, 12288, 11779, 337
2026/09/10 19:16:04.363, 0, 12288, 11779, 337
2026/09/10 19:16:04.569, 0, 12288, 11779, 337
2026/09/10 19:16:04.775, 0, 12288, 11779, 337
2026/09/10 19:16:04.979, 0, 12288, 11779, 337
2026/09/10 19:16:05.180, 0, 12288, 11779, 337
2026/09/10 19:16:05.385, 0, 12288, 11779, 337
2026/09/10 19:16:05.591, 0, 12288, 11779, 337
2026/09/10 19:16:05.799, 0, 12288, 11779, 337
2026/09/10 19:16:06.003, 0, 12288, 11779, 337
2026/09/10 19:16:06.210, 0, 12288, 11779, 337
2026/09/10 19:16:06.415, 0, 12288, 11779, 337
2026/09/10 19:16:06.623, 0, 12288, 11779, 337
2026/09/10 19:16:06.831, 0, 12288, 11779, 337
2026/09/10 19:16:07.039, 0, 12288, 11779, 337
2026/09/10 19:16:07.246, 0, 12288, 11779, 337
2026/09/10 19:16:07.453, 0, 12288, 11779, 337
2026/09/10 19:16:07.659, 0, 12288, 11779, 337
2026/09/10 19:16:07.866, 0, 12288, 11779, 337
2026/09/10 19:16:08.068, 0, 12288, 11779, 337
2026/09/10 19:16:08.276, 0, 12288, 11779, 337
2026/09/10 19:16:08.482, 0, 12288, 11779, 337
2026/09/10 19:16:08.688, 0, 12288, 11779, 337
2026/09/10 19:16:08.896, 0, 12288, 11779, 337
2026/09/10 19:16:09.102, 0, 12288, 11779, 337
2026/09/10 19:16:09.307, 0, 12288, 11779, 337
2026/09/10 19:16:09.512, 0, 12288, 11779, 337
2026/09/10 19:16:09.719, 0, 12288, 11779, 337
2026/09/10 19:16:09.927, 0, 12288, 11779, 337
2026/09/10 19:16:10.131, 0, 12288, 11779, 337
2026/09/10 19:16:10.339, 0, 12288, 11779, 337
2026/09/10 19:16:10.544, 0, 12288, 11779, 337
2026/09/10 19:16:10.751, 0, 12288, 11779, 337
2026/09/10 19:16:10.958, 0, 12288, 11779, 337
2026/09/10 19:16:11.160, 0, 12288, 11779, 337
2026/09/10 19:16:11.367, 0, 12288, 11779, 337
2026/09/10 19:16:11.572, 0, 12288, 11779, 337
2026/09/10 19:16:11.778, 0, 12288, 11779, 337
2026/09/10 19:16:11.982, 0, 12288, 11779, 337
2026/09/10 19:16:12.188, 0, 12288, 11779, 337
2026/09/10 19:16:12.394, 0, 12288, 11779, 337
2026/09/10 19:16:12.601, 0, 12288, 11779, 337
2026/09/10 19:16:12.807, 0, 12288, 11779, 337
2026/09/10 19:16:13.012, 0, 12288, 11779, 337
2026/09/10 19:16:13.217, 0, 12288, 11779, 337
2026/09/10 19:16:13.426, 0, 12288, 11779, 337
2026/09/10 19:16:13.633, 0, 12288, 11779, 337
2026/09/10 19:16:13.839, 0, 12288, 11779, 337
2026/09/10 19:16:14.046, 0, 12288, 11779, 337
2026/09/10 19:16:14.248, 0, 12288, 11779, 337
2026/09/10 19:16:14.455, 0, 12288, 11779, 337
2026/09/10 19:16:14.663, 0, 12288, 11779, 337
2026/09/10 19:16:14.871, 0, 12288, 11779, 337
2026/09/10 19:16:15.078, 0, 12288, 11779, 337
2026/09/10 19:16:15.281, 0, 12288, 11779, 337
2026/09/10 19:16:15.487, 0, 12288, 11779, 337
2026/09/10 19:16:15.695, 0, 12288, 11779, 337
2026/09/10 19:16:15.903, 0, 12288, 11779, 337
2026/09/10 19:16:16.110, 0, 12288, 11779, 337
2026/09/10 19:16:16.318, 0, 12288, 11779, 337
2026/09/10 19:16:16.525, 0, 12288, 11779, 337
2026/09/10 19:16:16.731, 0, 12288, 11779, 337
2026/09/10 19:16:16.939, 0, 12288, 11779, 337
2026/09/10 19:16:17.147, 0, 12288, 11779, 337
2026/09/10 19:16:17.354, 0, 12288, 11779, 337
2026/09/10 19:16:17.558, 0, 12288, 11779, 337
2026/09/10 19:16:17.764, 0, 12288, 11779, 337
2026/09/10 19:16:17.971, 0, 12288, 11779, 337
2026/09/10 19:16:18.178, 0, 12288, 11779, 337
2026/09/10 19:16:18.385, 0, 12288, 11779, 337
2026/09/10 19:16:18.593, 0, 12288, 11779, 337
2026/09/10 19:16:18.802, 0, 12288, 11779, 337
2026/09/10 19:16:19.009, 0, 12288, 11779, 337
2026/09/10 19:16:19.217, 0, 12288, 11779, 337
2026/09/10 19:16:19.424, 0, 12288, 11779, 337
2026/09/10 19:16:19.632, 0, 12288, 11779, 337
2026/09/10 19:16:19.840, 0, 12288, 11779, 337
2026/09/10 19:16:20.048, 0, 12288, 11779, 337
2026/09/10 19:16:20.256, 0, 12288, 11779, 337
2026/09/10 19:16:20.463, 0, 12288, 11779, 337
2026/09/10 19:16:20.668, 0, 12288, 11779, 337
2026/09/10 19:16:20.876, 0, 12288, 11779, 337
2026/09/10 19:16:21.083, 0, 12288, 11779, 337
2026/09/10 19:16:21.291, 0, 12288, 11779, 337
2026/09/10 19:16:21.498, 0, 12288, 11779, 337
2026/09/10 19:16:21.704, 0, 12288, 11779, 337
2026/09/10 19:16:21.911, 0, 12288, 11779, 337
2026/09/10 19:16:22.116, 0, 12288, 11779, 337
2026/09/10 19:16:22.324, 0, 12288, 11779, 337
2026/09/10 19:16:22.532, 0, 12288, 11779, 337
2026/09/10 19:16:22.740, 0, 12288, 11779, 337
2026/09/10 19:16:22.947, 0, 12288, 11779, 337
2026/09/10 19:16:23.151, 0, 12288, 11779, 337
2026/09/10 19:16:23.359, 0, 12288, 11779, 337
2026/09/10 19:16:23.566, 0, 12288, 11779, 337
2026/09/10 19:16:23.774, 0, 12288, 11779, 337
2026/09/10 19:16:23.982, 0, 12288, 11779, 337
2026/09/10 19:16:24.190, 0, 12288, 11779, 337
2026/09/10 19:16:24.398, 0, 12288, 11779, 337
2026/09/10 19:16:24.606, 0, 12288, 11779, 337
2026/09/10 19:16:24.813, 0, 12288, 11779, 337
2026/09/10 19:16:25.022, 0, 12288, 11779, 337
2026/09/10 19:16:25.228, 0, 12288, 11779, 337
2026/09/10 19:16:25.435, 0, 12288, 11779, 337
2026/09/10 19:16:25.643, 0, 12288, 11779, 337
2026/09/10 19:16:25.851, 0, 12288, 11779, 337
2026/09/10 19:16:26.059, 0, 12288, 11779, 337
2026/09/10 19:16:26.266, 0, 12288, 11779, 337
2026/09/10 19:16:26.471, 0, 12288, 11779, 337
2026/09/10 19:16:26.677, 0, 12288, 11779, 337
2026/09/10 19:16:26.883, 0, 12288, 11779, 337
2026/09/10 19:16:27.087, 0, 12288, 11779, 337
2026/09/10 19:16:27.293, 0, 12288, 11779, 337
2026/09/10 19:16:27.497, 0, 12288, 11779, 337
2026/09/10 19:16:27.705, 0, 12288, 11779, 337
2026/09/10 19:16:27.911, 0, 12288, 11779, 337
2026/09/10 19:16:28.117, 0, 12288, 11779, 337
2026/09/10 19:16:28.325, 0, 12288, 11779, 337
2026/09/10 19:16:28.530, 0, 12288, 11779, 337
2026/09/10 19:16:28.735, 0, 12288, 11779, 337
2026/09/10 19:16:28.941, 0, 12288, 11779, 337
2026/09/10 19:16:29.147, 0, 12288, 11779, 337
2026/09/10 19:16:29.354, 0, 12288, 11779, 337
2026/09/10 19:16:29.558, 0, 12288, 11779, 337
2026/09/10 19:16:29.766, 0, 12288, 11779, 337
2026/09/10 19:16:29.973, 0, 12288, 11779, 337
2026/09/10 19:16:30.178, 0, 12288, 11779, 337
2026/09/10 19:16:30.385, 0, 12288, 11779, 337
2026/09/10 19:16:30.590, 0, 12288, 11779, 337
2026/09/10 19:16:30.796, 0, 12288, 11779, 337
2026/09/10 19:16:31.002, 0, 12288, 11779, 337
2026/09/10 19:16:31.208, 0, 12288, 11779, 337
2026/09/10 19:16:31.414, 0, 12288, 11779, 337
2026/09/10 19:16:31.619, 0, 12288, 11779, 337
2026/09/10 19:16:31.826, 0, 12288, 11779, 337
2026/09/10 19:16:32.034, 0, 12288, 11779, 337
2026/09/10 19:16:32.240, 0, 12288, 11779, 337
2026/09/10 19:16:32.447, 0, 12288, 11779, 337
2026/09/10 19:16:32.652, 0, 12288, 11779, 337
2026/09/10 19:16:32.859, 0, 12288, 11779, 337
2026/09/10 19:16:33.067, 0, 12288, 11779, 337
2026/09/10 19:16:33.271, 0, 12288, 11779, 337
2026/09/10 19:16:33.478, 0, 12288, 11779, 337
2026/09/10 19:16:33.684, 0, 12288, 11779, 337
2026/09/10 19:16:33.889, 0, 12288, 11779, 337
2026/09/10 19:16:34.097, 0, 12288, 11779, 337
2026/09/10 19:16:34.301, 0, 12288, 11779, 337
2026/09/10 19:16:34.508, 0, 12288, 11779, 337
2026/09/10 19:16:34.714, 0, 12288, 11779, 337
2026/09/10 19:16:34.918, 0, 12288, 11779, 337
2026/09/10 19:16:35.126, 0, 12288, 11779, 337
2026/09/10 19:16:35.332, 0, 12288, 11779, 337
2026/09/10 19:16:35.538, 0, 12288, 11779, 337
2026/09/10 19:16:35.743, 0, 12288, 11779, 337
2026/09/10 19:16:35.948, 0, 12288, 11779, 337
2026/09/10 19:16:36.155, 0, 12288, 11779, 337
2026/09/10 19:16:36.362, 0, 12288, 11779, 337
2026/09/10 19:16:36.566, 0, 12288, 11779, 337
2026/09/10 19:16:36.774, 0, 12288, 11779, 337
2026/09/10 19:16:36.977, 0, 12288, 11779, 337
2026/09/10 19:16:37.184, 0, 12288, 11779, 337
2026/09/10 19:16:37.389, 0, 12288, 11779, 337
2026/09/10 19:16:37.594, 0, 12288, 11779, 337
2026/09/10 19:16:37.802, 0, 12288, 11779, 337
2026/09/10 19:16:38.009, 0, 12288, 11779, 337
2026/09/10 19:16:38.217, 0, 12288, 11779, 337
2026/09/10 19:16:38.424, 0, 12288, 11779, 337
2026/09/10 19:16:38.632, 0, 12288, 11779, 337
2026/09/10 19:16:38.840, 0, 12288, 11779, 337
2026/09/10 19:16:39.048, 0, 12288, 11779, 337
2026/09/10 19:16:39.255, 0, 12288, 11779, 337
2026/09/10 19:16:39.463, 0, 12288, 11779, 337
2026/09/10 19:16:39.670, 0, 12288, 11779, 337
2026/09/10 19:16:39.876, 0, 12288, 11779, 337
2026/09/10 19:16:40.082, 0, 12288, 11779, 337
2026/09/10 19:16:40.291, 0, 12288, 11779, 337
2026/09/10 19:16:40.498, 0, 12288, 11779, 337
2026/09/10 19:16:40.704, 0, 12288, 11779, 337
2026/09/10 19:16:40.911, 0, 12288, 11779, 337
2026/09/10 19:16:41.116, 0, 12288, 11779, 337
2026/09/10 19:16:41.324, 0, 12288, 11779, 337
2026/09/10 19:16:41.531, 0, 12288, 11779, 337
2026/09/10 19:16:41.739, 0, 12288, 11779, 337
2026/09/10 19:16:41.947, 0, 12288, 11779, 337
2026/09/10 19:16:42.154, 0, 12288, 11779, 337
2026/09/10 19:16:42.360, 0, 12288, 11779, 337
2026/09/10 19:16:42.568, 0, 12288, 11779, 337
2026/09/10 19:16:42.775, 0, 12288, 11779, 337
2026/09/10 19:16:42.983, 0, 12288, 11779, 337
2026/09/10 19:16:43.191, 0, 12288, 11779, 337
2026/09/10 19:16:43.399, 0, 12288, 11779, 337
2026/09/10 19:16:43.606, 0, 12288, 11779, 337
2026/09/10 19:16:43.813, 0, 12288, 11779, 337
2026/09/10 19:16:44.019, 0, 12288, 11779, 337
2026/09/10 19:16:44.226, 0, 12288, 11779, 337
2026/09/10 19:16:44.434, 0, 12288, 11779, 337
2026/09/10 19:16:44.642, 0, 12288, 11779, 337
2026/09/10 19:16:44.848, 0, 12288, 11779, 337
2026/09/10 19:16:45.056, 0, 12288, 11779, 337
2026/09/10 19:16:45.278, 0, 12288, 11779, 337
2026/09/10 19:16:45.483, 0, 12288, 11779, 337
2026/09/10 19:16:45.691, 0, 12288, 11779, 337
2026/09/10 19:16:45.899, 0, 12288, 11779, 337
2026/09/10 19:16:46.106, 0, 12288, 11779, 337
2026/09/10 19:16:46.313, 0, 12288, 11779, 337
2026/09/10 19:16:46.520, 0, 12288, 11779, 337
2026/09/10 19:16:46.728, 0, 12288, 11779, 337
2026/09/10 19:16:46.936, 0, 12288, 11779, 337
2026/09/10 19:16:47.143, 0, 12288, 11779, 337
2026/09/10 19:16:47.351, 0, 12288, 11779, 337
2026/09/10 19:16:47.559, 0, 12288, 11779, 337
2026/09/10 19:16:47.767, 0, 12288, 11779, 337
2026/09/10 19:16:47.974, 0, 12288, 11779, 337
2026/09/10 19:16:48.182, 0, 12288, 11779, 337
2026/09/10 19:16:48.389, 0, 12288, 11779, 337
2026/09/10 19:16:48.596, 0, 12288, 11779, 337
2026/09/10 19:16:48.804, 0, 12288, 11779, 337
2026/09/10 19:16:49.011, 0, 12288, 11779, 337
2026/09/10 19:16:49.218, 0, 12288, 11779, 337
2026/09/10 19:16:49.425, 0, 12288, 11779, 337
2026/09/10 19:16:49.633, 0, 12288, 11779, 337
2026/09/10 19:16:49.841, 0, 12288, 11779, 337
2026/09/10 19:16:50.050, 0, 12288, 11779, 337
2026/09/10 19:16:50.257, 0, 12288, 11779, 337
2026/09/10 19:16:50.464, 0, 12288, 11779, 337
2026/09/10 19:16:50.671, 0, 12288, 11779, 337
2026/09/10 19:16:50.877, 0, 12288, 11779, 337
2026/09/10 19:16:51.083, 0, 12288, 11779, 337
2026/09/10 19:16:51.290, 0, 12288, 11779, 337
2026/09/10 19:16:51.498, 0, 12288, 11779, 337
2026/09/10 19:16:51.705, 0, 12288, 11779, 337
2026/09/10 19:16:51.912, 0, 12288, 11779, 337
2026/09/10 19:16:52.119, 0, 12288, 11779, 337
2026/09/10 19:16:52.327, 0, 12288, 11779, 337
2026/09/10 19:16:52.535, 0, 12288, 11779, 337
2026/09/10 19:16:52.742, 0, 12288, 11779, 337
2026/09/10 19:16:52.948, 0, 12288, 11779, 337
2026/09/10 19:16:53.155, 0, 12288, 11779, 337
2026/09/10 19:16:53.363, 0, 12288, 11779, 337
2026/09/10 19:16:53.570, 0, 12288, 11779, 337
2026/09/10 19:16:53.778, 0, 12288, 11779, 337
2026/09/10 19:16:53.986, 0, 12288, 11779, 337
2026/09/10 19:16:54.193, 0, 12288, 11779, 337
2026/09/10 19:16:54.400, 0, 12288, 11779, 337
2026/09/10 19:16:54.608, 0, 12288, 11779, 337
2026/09/10 19:16:54.814, 0, 12288, 11779, 337
2026/09/10 19:16:55.022, 0, 12288, 11779, 337
2026/09/10 19:16:55.229, 0, 12288, 11779, 337
2026/09/10 19:16:55.437, 0, 12288, 11779, 337
2026/09/10 19:16:55.642, 0, 12288, 11779, 337
2026/09/10 19:16:55.849, 0, 12288, 11779, 337
2026/09/10 19:16:56.056, 0, 12288, 11779, 337
2026/09/10 19:16:56.264, 0, 12288, 11779, 337
2026/09/10 19:16:56.472, 0, 12288, 11779, 337
2026/09/10 19:16:56.677, 0, 12288, 11779, 337
2026/09/10 19:16:56.885, 0, 12288, 11779, 337
2026/09/10 19:16:57.093, 0, 12288, 11779, 337
2026/09/10 19:16:57.301, 0, 12288, 11779, 337
2026/09/10 19:16:57.508, 0, 12288, 11779, 337
2026/09/10 19:16:57.715, 0, 12288, 11779, 337
2026/09/10 19:16:57.922, 0, 12288, 11779, 337
2026/09/10 19:16:58.129, 0, 12288, 11779, 337
2026/09/10 19:16:58.337, 0, 12288, 11779, 337
2026/09/10 19:16:58.545, 0, 12288, 11779, 337
2026/09/10 19:16:58.750, 0, 12288, 11779, 337
2026/09/10 19:16:58.957, 0, 12288, 11779, 337
2026/09/10 19:16:59.163, 0, 12288, 11779, 337
2026/09/10 19:16:59.371, 0, 12288, 11779, 337
2026/09/10 19:16:59.578, 0, 12288, 11779, 337
2026/09/10 19:16:59.784, 0, 12288, 11779, 337
2026/09/10 19:16:59.990, 0, 12288, 11779, 337
2026/09/10 19:17:00.195, 0, 12288, 11779, 337
2026/09/10 19:17:00.396, 0, 12288, 11779, 337
2026/09/10 19:17:00.603, 0, 12288, 11779, 337
2026/09/10 19:17:00.809, 0, 12288, 11779, 337
2026/09/10 19:17:01.013, 0, 12288, 11779, 337
2026/09/10 19:17:01.221, 0, 12288, 11779, 337
2026/09/10 19:17:01.424, 0, 12288, 11779, 337
2026/09/10 19:17:01.647, 0, 12288, 11779, 337
2026/09/10 19:17:01.854, 0, 12288, 11779, 337
2026/09/10 19:17:02.059, 0, 12288, 11779, 337
2026/09/10 19:17:02.265, 0, 12288, 11779, 337
2026/09/10 19:17:02.469, 0, 12288, 11779, 337
2026/09/10 19:17:02.675, 0, 12288, 11779, 337
2026/09/10 19:17:02.881, 0, 12288, 11779, 337
2026/09/10 19:17:03.085, 0, 12288, 11779, 337
2026/09/10 19:17:03.293, 0, 12288, 11779, 337
2026/09/10 19:17:03.497, 0, 12288, 11779, 337
2026/09/10 19:17:03.702, 0, 12288, 11779, 337
2026/09/10 19:17:03.910, 0, 12288, 11779, 337
2026/09/10 19:17:04.114, 0, 12288, 11779, 337
2026/09/10 19:17:04.319, 0, 12288, 11779, 337
2026/09/10 19:17:04.524, 0, 12288, 11779, 337
2026/09/10 19:17:04.731, 0, 12288, 11779, 337
2026/09/10 19:17:04.939, 0, 12288, 11779, 337
2026/09/10 19:17:05.142, 0, 12288, 11779, 337
2026/09/10 19:17:05.350, 0, 12288, 11779, 337
2026/09/10 19:17:05.555, 0, 12288, 11779, 337
2026/09/10 19:17:05.758, 0, 12288, 11779, 337
2026/09/10 19:17:05.966, 0, 12288, 11779, 337
2026/09/10 19:17:06.172, 0, 12288, 11779, 337
2026/09/10 19:17:06.380, 0, 12288, 11779, 337
2026/09/10 19:17:06.586, 0, 12288, 11779, 337
2026/09/10 19:17:06.792, 0, 12288, 11779, 337
2026/09/10 19:17:06.999, 0, 12288, 11779, 337
2026/09/10 19:17:07.205, 0, 12288, 11779, 337
2026/09/10 19:17:07.413, 0, 12288, 11779, 337
2026/09/10 19:17:07.621, 0, 12288, 11779, 337
2026/09/10 19:17:07.825, 0, 12288, 11779, 337
2026/09/10 19:17:08.032, 0, 12288, 11779, 337
2026/09/10 19:17:08.238, 0, 12288, 11779, 337
2026/09/10 19:17:08.460, 0, 12288, 11779, 337
2026/09/10 19:17:08.666, 0, 12288, 11779, 337
2026/09/10 19:17:08.871, 0, 12288, 11779, 337
2026/09/10 19:17:09.077, 0, 12288, 11779, 337
2026/09/10 19:17:09.284, 0, 12288, 11779, 337
2026/09/10 19:17:09.488, 0, 12288, 11779, 337
2026/09/10 19:17:09.695, 0, 12288, 11779, 337
2026/09/10 19:17:09.901, 0, 12288, 11779, 337
2026/09/10 19:17:10.106, 0, 12288, 11779, 337
2026/09/10 19:17:10.313, 0, 12288, 11779, 337
2026/09/10 19:17:10.517, 0, 12288, 11779, 337
2026/09/10 19:17:10.724, 0, 12288, 11779, 337
2026/09/10 19:17:10.931, 0, 12288, 11779, 337
2026/09/10 19:17:11.134, 0, 12288, 11779, 337
2026/09/10 19:17:11.338, 0, 12288, 11779, 337
2026/09/10 19:17:11.544, 0, 12288, 11779, 337
2026/09/10 19:17:11.750, 0, 12288, 11779, 337
2026/09/10 19:17:11.958, 0, 12288, 11779, 337
2026/09/10 19:17:12.162, 0, 12288, 11779, 337
2026/09/10 19:17:12.369, 0, 12288, 11779, 337
2026/09/10 19:17:12.576, 0, 12288, 11779, 337
2026/09/10 19:17:12.780, 0, 12288, 11779, 337
2026/09/10 19:17:12.983, 0, 12288, 11779, 337
2026/09/10 19:17:13.191, 0, 12288, 11779, 337
2026/09/10 19:17:13.394, 0, 12288, 11779, 337
2026/09/10 19:17:13.600, 0, 12288, 11779, 337
2026/09/10 19:17:13.808, 0, 12288, 11779, 337
2026/09/10 19:17:14.014, 0, 12288, 11779, 337
2026/09/10 19:17:14.222, 0, 12288, 11779, 337
2026/09/10 19:17:14.429, 0, 12288, 11779, 337
2026/09/10 19:17:14.637, 0, 12288, 11779, 337
2026/09/10 19:17:14.845, 0, 12288, 11779, 337
2026/09/10 19:17:15.053, 0, 12288, 11779, 337
2026/09/10 19:17:15.275, 0, 12288, 11779, 337
2026/09/10 19:17:15.483, 0, 12288, 11779, 337
2026/09/10 19:17:15.689, 0, 12288, 11779, 337
2026/09/10 19:17:15.896, 0, 12288, 11779, 337
2026/09/10 19:17:16.104, 0, 12288, 11779, 337
2026/09/10 19:17:16.312, 0, 12288, 11779, 337
2026/09/10 19:17:16.519, 0, 12288, 11779, 337
2026/09/10 19:17:16.726, 0, 12288, 11779, 337
2026/09/10 19:17:16.934, 0, 12288, 11779, 337
2026/09/10 19:17:17.141, 0, 12288, 11779, 337
2026/09/10 19:17:17.349, 0, 12288, 11779, 337
2026/09/10 19:17:17.556, 0, 12288, 11779, 337
2026/09/10 19:17:17.764, 0, 12288, 11779, 337
2026/09/10 19:17:17.970, 0, 12288, 11779, 337
2026/09/10 19:17:18.178, 0, 12288, 11779, 337
2026/09/10 19:17:18.385, 0, 12288, 11779, 337
2026/09/10 19:17:18.591, 0, 12288, 11779, 337
2026/09/10 19:17:18.799, 0, 12288, 11779, 337
2026/09/10 19:17:19.005, 0, 12288, 11779, 337
2026/09/10 19:17:19.212, 0, 12288, 11779, 337
2026/09/10 19:17:19.419, 0, 12288, 11779, 337
2026/09/10 19:17:19.627, 0, 12288, 11779, 337
2026/09/10 19:17:19.835, 0, 12288, 11779, 337
2026/09/10 19:17:20.043, 0, 12288, 11779, 337
2026/09/10 19:17:20.250, 0, 12288, 11779, 337
2026/09/10 19:17:20.458, 0, 12288, 11779, 337
2026/09/10 19:17:20.665, 0, 12288, 11779, 337
2026/09/10 19:17:20.874, 0, 12288, 11779, 337
2026/09/10 19:17:21.081, 0, 12288, 11779, 337
2026/09/10 19:17:21.289, 0, 12288, 11779, 337
2026/09/10 19:17:21.495, 0, 12288, 11779, 337
2026/09/10 19:17:21.703, 0, 12288, 11779, 337
2026/09/10 19:17:21.909, 0, 12288, 11779, 337
2026/09/10 19:17:22.115, 0, 12288, 11779, 337
2026/09/10 19:17:22.323, 0, 12288, 11779, 337
2026/09/10 19:17:22.531, 0, 12288, 11779, 337
2026/09/10 19:17:22.738, 0, 12288, 11779, 337
2026/09/10 19:17:22.945, 0, 12288, 11779, 337
2026/09/10 19:17:23.152, 0, 12288, 11779, 337
2026/09/10 19:17:23.358, 0, 12288, 11779, 337
2026/09/10 19:17:23.565, 0, 12288, 11779, 337
2026/09/10 19:17:23.773, 0, 12288, 11779, 337
2026/09/10 19:17:23.981, 0, 12288, 11779, 337
2026/09/10 19:17:24.188, 0, 12288, 11779, 337
2026/09/10 19:17:24.395, 0, 12288, 11779, 337
2026/09/10 19:17:24.600, 0, 12288, 11779, 337
2026/09/10 19:17:24.807, 0, 12288, 11779, 337
2026/09/10 19:17:25.015, 0, 12288, 11779, 337
2026/09/10 19:17:25.222, 0, 12288, 11779, 337
2026/09/10 19:17:25.428, 0, 12288, 11779, 337
2026/09/10 19:17:25.635, 0, 12288, 11779, 337
2026/09/10 19:17:25.843, 0, 12288, 11779, 337
2026/09/10 19:17:26.051, 0, 12288, 11779, 337
2026/09/10 19:17:26.258, 0, 12288, 11779, 337
2026/09/10 19:17:26.466, 0, 12288, 11779, 337
2026/09/10 19:17:26.673, 0, 12288, 11779, 337
2026/09/10 19:17:26.881, 0, 12288, 11779, 337
2026/09/10 19:17:27.089, 0, 12288, 11779, 337
2026/09/10 19:17:27.297, 0, 12288, 11779, 337
2026/09/10 19:17:27.503, 0, 12288, 11779, 337
2026/09/10 19:17:27.711, 0, 12288, 11779, 337
2026/09/10 19:17:27.919, 0, 12288, 11779, 337
2026/09/10 19:17:28.127, 0, 12288, 11779, 337
2026/09/10 19:17:28.334, 0, 12288, 11779, 337
2026/09/10 19:17:28.542, 0, 12288, 11779, 337
2026/09/10 19:17:28.749, 0, 12288, 11779, 337
2026/09/10 19:17:28.955, 0, 12288, 11779, 337
2026/09/10 19:17:29.163, 0, 12288, 11779, 337
2026/09/10 19:17:29.371, 0, 12288, 11779, 337
2026/09/10 19:17:29.579, 0, 12288, 11779, 337
2026/09/10 19:17:29.787, 0, 12288, 11779, 337
2026/09/10 19:17:29.994, 0, 12288, 11779, 337
2026/09/10 19:17:30.199, 0, 12288, 11779, 337
2026/09/10 19:17:30.406, 0, 12288, 11779, 337
2026/09/10 19:17:30.614, 0, 12288, 11779, 337
2026/09/10 19:17:30.822, 0, 12288, 11779, 337
2026/09/10 19:17:31.026, 0, 12288, 11779, 337
2026/09/10 19:17:31.234, 0, 12288, 11779, 337
2026/09/10 19:17:31.442, 0, 12288, 11779, 337
2026/09/10 19:17:31.650, 0, 12288, 11779, 337
2026/09/10 19:17:31.858, 0, 12288, 11779, 337
2026/09/10 19:17:32.063, 0, 12288, 11779, 337
2026/09/10 19:17:32.271, 0, 12288, 11779, 337
2026/09/10 19:17:32.479, 0, 12288, 11779, 337
2026/09/10 19:17:32.687, 0, 12288, 11779, 337
2026/09/10 19:17:32.894, 0, 12288, 11779, 337
2026/09/10 19:17:33.102, 0, 12288, 11779, 337
2026/09/10 19:17:33.310, 0, 12288, 11779, 337
2026/09/10 19:17:33.517, 0, 12288, 11779, 337
2026/09/10 19:17:33.724, 0, 12288, 11779, 337
2026/09/10 19:17:33.931, 0, 12288, 11779, 337
2026/09/10 19:17:34.138, 0, 12288, 11779, 337
2026/09/10 19:17:34.360, 0, 12288, 11779, 337
2026/09/10 19:17:34.568, 0, 12288, 11779, 337
2026/09/10 19:17:34.774, 0, 12288, 11779, 337
2026/09/10 19:17:34.982, 0, 12288, 11779, 337
2026/09/10 19:17:35.188, 0, 12288, 11779, 337
2026/09/10 19:17:35.396, 0, 12288, 11779, 337
2026/09/10 19:17:35.604, 0, 12288, 11779, 337
2026/09/10 19:17:35.809, 0, 12288, 11779, 337
2026/09/10 19:17:36.015, 0, 12288, 11779, 337
2026/09/10 19:17:36.223, 0, 12288, 11779, 337
2026/09/10 19:17:36.428, 0, 12288, 11779, 337
2026/09/10 19:17:36.635, 0, 12288, 11779, 337
2026/09/10 19:17:36.843, 0, 12288, 11779, 337
2026/09/10 19:17:37.050, 0, 12288, 11779, 337
2026/09/10 19:17:37.257, 0, 12288, 11779, 337
2026/09/10 19:17:37.465, 0, 12288, 11779, 337
2026/09/10 19:17:37.672, 0, 12288, 11779, 337
2026/09/10 19:17:37.879, 0, 12288, 11779, 337
2026/09/10 19:17:38.084, 0, 12288, 11779, 337
2026/09/10 19:17:38.292, 0, 12288, 11779, 337
2026/09/10 19:17:38.499, 0, 12288, 11779, 337
2026/09/10 19:17:38.707, 0, 12288, 11779, 337
2026/09/10 19:17:38.910, 0, 12288, 11779, 337
2026/09/10 19:17:39.117, 0, 12288, 11779, 337
2026/09/10 19:17:39.325, 0, 12288, 11779, 337
2026/09/10 19:17:39.533, 0, 12288, 11779, 337
2026/09/10 19:17:39.740, 0, 12288, 11779, 337
2026/09/10 19:17:39.948, 0, 12288, 11779, 337
2026/09/10 19:17:40.156, 0, 12288, 11779, 337
2026/09/10 19:17:40.363, 0, 12288, 11779, 337
2026/09/10 19:17:40.571, 0, 12288, 11779, 337
2026/09/10 19:17:40.779, 0, 12288, 11779, 337
2026/09/10 19:17:40.986, 0, 12288, 11779, 337
2026/09/10 19:17:41.194, 0, 12288, 11779, 337
2026/09/10 19:17:41.398, 0, 12288, 11779, 337
2026/09/10 19:17:41.604, 0, 12288, 11779, 337
2026/09/10 19:17:41.808, 0, 12288, 11779, 337
2026/09/10 19:17:42.013, 0, 12288, 11779, 337
2026/09/10 19:17:42.218, 0, 12288, 11779, 337
2026/09/10 19:17:42.421, 0, 12288, 11779, 337
2026/09/10 19:17:42.628, 0, 12288, 11779, 337
2026/09/10 19:17:42.832, 0, 12288, 11779, 337
2026/09/10 19:17:43.039, 0, 12288, 11779, 337
2026/09/10 19:17:43.247, 0, 12288, 11779, 337
2026/09/10 19:17:43.453, 0, 12288, 11779, 337
2026/09/10 19:17:43.657, 0, 12288, 11779, 337
2026/09/10 19:17:43.861, 0, 12288, 11779, 337
2026/09/10 19:17:44.068, 0, 12288, 11779, 337
2026/09/10 19:17:44.276, 0, 12288, 11779, 337
2026/09/10 19:17:44.482, 0, 12288, 11779, 337
2026/09/10 19:17:44.689, 0, 12288, 11779, 337
2026/09/10 19:17:44.897, 0, 12288, 11779, 337
2026/09/10 19:17:45.102, 0, 12288, 11779, 337
2026/09/10 19:17:45.309, 0, 12288, 11779, 337
2026/09/10 19:17:45.514, 0, 12288, 11779, 337
2026/09/10 19:17:45.722, 0, 12288, 11779, 337
2026/09/10 19:17:45.928, 0, 12288, 11779, 337
2026/09/10 19:17:46.131, 0, 12288, 11779, 337
2026/09/10 19:17:46.335, 0, 12288, 11779, 337
2026/09/10 19:17:46.542, 0, 12288, 11779, 337
2026/09/10 19:17:46.748, 0, 12288, 11779, 337
2026/09/10 19:17:46.956, 0, 12288, 11779, 337
2026/09/10 19:17:47.160, 0, 12288, 11779, 337
2026/09/10 19:17:47.368, 0, 12288, 11779, 337
2026/09/10 19:17:47.574, 0, 12288, 11779, 337
2026/09/10 19:17:47.780, 0, 12288, 11779, 337
2026/09/10 19:17:47.984, 0, 12288, 11779, 337
2026/09/10 19:17:48.189, 0, 12288, 11779, 337
2026/09/10 19:17:48.396, 0, 12288, 11779, 337
2026/09/10 19:17:48.603, 0, 12288, 11779, 337
2026/09/10 19:17:48.810, 0, 12288, 11779, 337
2026/09/10 19:17:49.018, 0, 12288, 11779, 337
2026/09/10 19:17:49.223, 0, 12288, 11779, 337
2026/09/10 19:17:49.430, 0, 12288, 11779, 337
2026/09/10 19:17:49.637, 0, 12288, 11779, 337
2026/09/10 19:17:49.841, 0, 12288, 11779, 337
2026/09/10 19:17:50.046, 0, 12288, 11779, 337
2026/09/10 19:17:50.252, 0, 12288, 11779, 337
2026/09/10 19:17:50.456, 0, 12288, 11779, 337
2026/09/10 19:17:50.663, 0, 12288, 11779, 337
2026/09/10 19:17:50.868, 0, 12288, 11779, 337
2026/09/10 19:17:51.075, 0, 12288, 11779, 337
2026/09/10 19:17:51.282, 0, 12288, 11779, 337
2026/09/10 19:17:51.487, 0, 12288, 11779, 337
2026/09/10 19:17:51.695, 0, 12288, 11779, 337
2026/09/10 19:17:51.899, 0, 12288, 11779, 337
2026/09/10 19:17:52.103, 0, 12288, 11779, 337
2026/09/10 19:17:52.311, 0, 12288, 11779, 337
2026/09/10 19:17:52.515, 0, 12288, 11779, 337
2026/09/10 19:17:52.722, 0, 12288, 11779, 337
2026/09/10 19:17:52.929, 0, 12288, 11779, 337
2026/09/10 19:17:53.136, 0, 12288, 11779, 337
2026/09/10 19:17:53.343, 0, 12288, 11779, 337
2026/09/10 19:17:53.547, 0, 12288, 11779, 337
2026/09/10 19:17:53.753, 0, 12288, 11779, 337
2026/09/10 19:17:53.960, 0, 12288, 11779, 337
2026/09/10 19:17:54.163, 0, 12288, 11779, 337
2026/09/10 19:17:54.370, 0, 12288, 11779, 337
2026/09/10 19:17:54.577, 0, 12288, 11779, 337
2026/09/10 19:17:54.781, 0, 12288, 11779, 337
2026/09/10 19:17:54.988, 0, 12288, 11779, 337
2026/09/10 19:17:55.194, 0, 12288, 11779, 337
2026/09/10 19:17:55.399, 0, 12288, 11779, 337
2026/09/10 19:17:55.607, 0, 12288, 11779, 337
2026/09/10 19:17:55.812, 0, 12288, 11779, 337
2026/09/10 19:17:56.016, 0, 12288, 11779, 337
2026/09/10 19:17:56.224, 0, 12288, 11779, 337
2026/09/10 19:17:56.429, 0, 12288, 11779, 337
2026/09/10 19:17:56.636, 0, 12288, 11779, 337
2026/09/10 19:17:56.840, 0, 12288, 11779, 337
2026/09/10 19:17:57.043, 0, 12288, 11779, 337
2026/09/10 19:17:57.250, 0, 12288, 11779, 337
2026/09/10 19:17:57.455, 0, 12288, 11779, 337
2026/09/10 19:17:57.661, 0, 12288, 11779, 337
2026/09/10 19:17:57.868, 0, 12288, 11779, 337
2026/09/10 19:17:58.073, 0, 12288, 11779, 337
2026/09/10 19:17:58.279, 0, 12288, 11779, 337
2026/09/10 19:17:58.487, 0, 12288, 11779, 337
2026/09/10 19:17:58.689, 0, 12288, 11779, 337
2026/09/10 19:17:58.897, 0, 12288, 11779, 337
2026/09/10 19:17:59.103, 0, 12288, 11779, 337
2026/09/10 19:17:59.309, 0, 12288, 11779, 337
2026/09/10 19:17:59.516, 0, 12288, 11779, 337
2026/09/10 19:17:59.722, 0, 12288, 11779, 337
2026/09/10 19:17:59.928, 0, 12288, 11779, 337
2026/09/10 19:18:00.135, 0, 12288, 11779, 337
2026/09/10 19:18:00.340, 0, 12288, 11779, 337
2026/09/10 19:18:00.547, 0, 12288, 11779, 337
2026/09/10 19:18:00.753, 0, 12288, 11779, 337
2026/09/10 19:18:00.958, 0, 12288, 11779, 337
2026/09/10 19:18:01.166, 0, 12288, 11779, 337
2026/09/10 19:18:01.372, 0, 12288, 11779, 337
2026/09/10 19:18:01.577, 0, 12288, 11779, 337
2026/09/10 19:18:01.783, 0, 12288, 11779, 337
2026/09/10 19:18:01.988, 0, 12288, 11779, 337
2026/09/10 19:18:02.192, 0, 12288, 11779, 337
2026/09/10 19:18:02.400, 0, 12288, 11779, 337
2026/09/10 19:18:02.605, 0, 12288, 11779, 337
2026/09/10 19:18:02.810, 0, 12288, 11779, 337
2026/09/10 19:18:03.018, 0, 12288, 11779, 337
2026/09/10 19:18:03.221, 0, 12288, 11779, 337
2026/09/10 19:18:03.427, 0, 12288, 11779, 337
2026/09/10 19:18:03.634, 0, 12288, 11779, 337
2026/09/10 19:18:03.838, 0, 12288, 11779, 337
2026/09/10 19:18:04.046, 0, 12288, 11779, 337
2026/09/10 19:18:04.252, 0, 12288, 11779, 337
2026/09/10 19:18:04.457, 0, 12288, 11779, 337
2026/09/10 19:18:04.664, 0, 12288, 11779, 337
2026/09/10 19:18:04.871, 0, 12288, 11779, 337
2026/09/10 19:18:05.076, 0, 12288, 11779, 337
2026/09/10 19:18:05.282, 0, 12288, 11779, 337
2026/09/10 19:18:05.488, 0, 12288, 11779, 337
2026/09/10 19:18:05.710, 0, 12288, 11779, 337
2026/09/10 19:18:05.918, 0, 12288, 11779, 337
2026/09/10 19:18:06.122, 0, 12288, 11779, 337
2026/09/10 19:18:06.329, 0, 12288, 11779, 337
2026/09/10 19:18:06.534, 0, 12288, 11779, 337
2026/09/10 19:18:06.736, 0, 12288, 11779, 337
2026/09/10 19:18:06.941, 0, 12288, 11779, 337
2026/09/10 19:18:07.145, 0, 12288, 11779, 337
2026/09/10 19:18:07.353, 0, 12288, 11779, 337
2026/09/10 19:18:07.560, 0, 12288, 11779, 337
2026/09/10 19:18:07.767, 0, 12288, 11779, 337
2026/09/10 19:18:07.975, 0, 12288, 11779, 337
2026/09/10 19:18:08.182, 0, 12288, 11779, 337
2026/09/10 19:18:08.390, 0, 12288, 11779, 337
2026/09/10 19:18:08.598, 0, 12288, 11779, 337
2026/09/10 19:18:08.806, 0, 12288, 11779, 337
2026/09/10 19:18:09.012, 0, 12288, 11779, 337
2026/09/10 19:18:09.219, 0, 12288, 11779, 337
2026/09/10 19:18:09.422, 0, 12288, 11779, 337
2026/09/10 19:18:09.629, 0, 12288, 11779, 337
2026/09/10 19:18:09.837, 0, 12288, 11779, 337
2026/09/10 19:18:10.045, 0, 12288, 11779, 337
2026/09/10 19:18:10.252, 0, 12288, 11779, 337
2026/09/10 19:18:10.460, 0, 12288, 11779, 337
2026/09/10 19:18:10.668, 0, 12288, 11779, 337
2026/09/10 19:18:10.875, 0, 12288, 11779, 337
2026/09/10 19:18:11.083, 0, 12288, 11779, 337
2026/09/10 19:18:11.291, 0, 12288, 11779, 337
2026/09/10 19:18:11.499, 0, 12288, 11779, 337
2026/09/10 19:18:11.707, 0, 12288, 11779, 337
2026/09/10 19:18:11.915, 0, 12288, 11779, 337
2026/09/10 19:18:12.123, 0, 12288, 11779, 337
2026/09/10 19:18:12.329, 0, 12288, 11779, 337
2026/09/10 19:18:12.535, 0, 12288, 11779, 337
2026/09/10 19:18:12.742, 0, 12288, 11779, 337
2026/09/10 19:18:12.950, 0, 12288, 11779, 337
2026/09/10 19:18:13.158, 0, 12288, 11779, 337
2026/09/10 19:18:13.365, 0, 12288, 11779, 337
2026/09/10 19:18:13.573, 0, 12288, 11779, 337
2026/09/10 19:18:13.780, 0, 12288, 11779, 337
2026/09/10 19:18:13.986, 0, 12288, 11779, 337
2026/09/10 19:18:14.193, 0, 12288, 11779, 337
2026/09/10 19:18:14.400, 0, 12288, 11779, 337
2026/09/10 19:18:14.608, 0, 12288, 11779, 337
2026/09/10 19:18:14.815, 0, 12288, 11779, 337
2026/09/10 19:18:15.021, 0, 12288, 11779, 337
2026/09/10 19:18:15.228, 0, 12288, 11779, 337
2026/09/10 19:18:15.436, 0, 12288, 11779, 337
2026/09/10 19:18:15.644, 0, 12288, 11779, 337
2026/09/10 19:18:15.852, 0, 12288, 11779, 337
2026/09/10 19:18:16.058, 0, 12288, 11779, 337
2026/09/10 19:18:16.265, 0, 12288, 11779, 337
2026/09/10 19:18:16.473, 0, 12288, 11779, 337
2026/09/10 19:18:16.680, 0, 12288, 11779, 337
2026/09/10 19:18:16.887, 0, 12288, 11779, 337
2026/09/10 19:18:17.094, 0, 12288, 11779, 337
2026/09/10 19:18:17.300, 0, 12288, 11779, 337
2026/09/10 19:18:17.508, 0, 12288, 11779, 337
2026/09/10 19:18:17.716, 0, 12288, 11779, 337
2026/09/10 19:18:17.922, 0, 12288, 11779, 337
2026/09/10 19:18:18.130, 0, 12288, 11779, 337
2026/09/10 19:18:18.338, 0, 12288, 11779, 337
2026/09/10 19:18:18.546, 0, 12288, 11779, 337
2026/09/10 19:18:18.754, 0, 12288, 11779, 337
2026/09/10 19:18:18.961, 0, 12288, 11779, 337
2026/09/10 19:18:19.167, 0, 12288, 11779, 337
2026/09/10 19:18:19.375, 0, 12288, 11779, 337
2026/09/10 19:18:19.582, 0, 12288, 11779, 337
2026/09/10 19:18:19.788, 0, 12288, 11779, 337
2026/09/10 19:18:19.996, 0, 12288, 11779, 337
2026/09/10 19:18:20.202, 0, 12288, 11779, 337
2026/09/10 19:18:20.410, 0, 12288, 11779, 337
2026/09/10 19:18:20.618, 0, 12288, 11779, 337
2026/09/10 19:18:20.825, 0, 12288, 11779, 337
2026/09/10 19:18:21.030, 0, 12288, 11779, 337
2026/09/10 19:18:21.236, 0, 12288, 11779, 337
2026/09/10 19:18:21.444, 0, 12288, 11779, 337
2026/09/10 19:18:21.649, 0, 12288, 11779, 337
2026/09/10 19:18:21.857, 0, 12288, 11779, 337
2026/09/10 19:18:22.065, 0, 12288, 11779, 337
2026/09/10 19:18:22.272, 0, 12288, 11779, 337
2026/09/10 19:18:22.480, 0, 12288, 11779, 337
2026/09/10 19:18:22.687, 0, 12288, 11779, 337
2026/09/10 19:18:22.894, 0, 12288, 11779, 337
2026/09/10 19:18:23.102, 0, 12288, 11779, 337
2026/09/10 19:18:23.308, 0, 12288, 11779, 337
2026/09/10 19:18:23.516, 0, 12288, 11779, 337
2026/09/10 19:18:23.724, 0, 12288, 11779, 337
2026/09/10 19:18:23.932, 0, 12288, 11779, 337
2026/09/10 19:18:24.139, 0, 12288, 11779, 337
2026/09/10 19:18:24.347, 0, 12288, 11779, 337
2026/09/10 19:18:24.555, 0, 12288, 11779, 337
2026/09/10 19:18:24.762, 0, 12288, 11779, 337
2026/09/10 19:18:24.969, 0, 12288, 11779, 337
2026/09/10 19:18:25.175, 0, 12288, 11779, 337
2026/09/10 19:18:25.382, 0, 12288, 11779, 337
2026/09/10 19:18:25.590, 0, 12288, 11779, 337
2026/09/10 19:18:25.798, 0, 12288, 11779, 337
2026/09/10 19:18:26.006, 0, 12288, 11779, 337
2026/09/10 19:18:26.212, 0, 12288, 11779, 337
2026/09/10 19:18:26.420, 0, 12288, 11779, 337
2026/09/10 19:18:26.626, 0, 12288, 11779, 337
2026/09/10 19:18:26.834, 0, 12288, 11779, 337
2026/09/10 19:18:27.042, 0, 12288, 11779, 337
2026/09/10 19:18:27.248, 0, 12288, 11779, 337
2026/09/10 19:18:27.455, 0, 12288, 11779, 337
2026/09/10 19:18:27.662, 0, 12288, 11779, 337
2026/09/10 19:18:27.868, 0, 12288, 11779, 337
2026/09/10 19:18:28.076, 0, 12288, 11779, 337
2026/09/10 19:18:28.284, 0, 12288, 11779, 337
2026/09/10 19:18:28.492, 0, 12288, 11779, 337
2026/09/10 19:18:28.700, 0, 12288, 11779, 337
2026/09/10 19:18:28.906, 0, 12288, 11779, 337
2026/09/10 19:18:29.114, 0, 12288, 11779, 337
2026/09/10 19:18:29.322, 0, 12288, 11779, 337
2026/09/10 19:18:29.530, 0, 12288, 11779, 337
2026/09/10 19:18:29.737, 0, 12288, 11779, 337
2026/09/10 19:18:29.944, 0, 12288, 11779, 337
2026/09/10 19:18:30.151, 0, 12288, 11779, 337
2026/09/10 19:18:30.359, 0, 12288, 11779, 337
2026/09/10 19:18:30.566, 0, 12288, 11779, 337
2026/09/10 19:18:30.773, 0, 12288, 11779, 337
2026/09/10 19:18:30.980, 0, 12288, 11779, 337
2026/09/10 19:18:31.188, 0, 12288, 11779, 337
2026/09/10 19:18:31.395, 0, 12288, 11779, 337
2026/09/10 19:18:31.603, 0, 12288, 11779, 337
2026/09/10 19:18:31.811, 0, 12288, 11779, 337
2026/09/10 19:18:32.019, 0, 12288, 11779, 337
2026/09/10 19:18:32.227, 0, 12288, 11779, 337
2026/09/10 19:18:32.435, 0, 12288, 11779, 337
2026/09/10 19:18:32.643, 0, 12288, 11779, 337
2026/09/10 19:18:32.848, 0, 12288, 11779, 337
2026/09/10 19:18:33.055, 0, 12288, 11779, 337
2026/09/10 19:18:33.262, 0, 12288, 11779, 337
2026/09/10 19:18:33.469, 0, 12288, 11779, 337
2026/09/10 19:18:33.676, 0, 12288, 11779, 337
2026/09/10 19:18:33.884, 0, 12288, 11779, 337
2026/09/10 19:18:34.092, 0, 12288, 11779, 337
2026/09/10 19:18:34.298, 0, 12288, 11779, 337
2026/09/10 19:18:34.506, 0, 12288, 11779, 337
2026/09/10 19:18:34.714, 0, 12288, 11779, 337
2026/09/10 19:18:34.922, 0, 12288, 11779, 337
2026/09/10 19:18:35.129, 0, 12288, 11779, 337
2026/09/10 19:18:35.337, 0, 12288, 11779, 337
2026/09/10 19:18:35.543, 0, 12288, 11779, 337
2026/09/10 19:18:35.750, 0, 12288, 11779, 337
2026/09/10 19:18:35.957, 0, 12288, 11779, 337
2026/09/10 19:18:36.163, 0, 12288, 11779, 337
2026/09/10 19:18:36.371, 0, 12288, 11779, 337
2026/09/10 19:18:36.579, 0, 12288, 11779, 337
2026/09/10 19:18:36.787, 0, 12288, 11779, 337
2026/09/10 19:18:36.994, 0, 12288, 11779, 337
2026/09/10 19:18:37.201, 0, 12288, 11779, 337
2026/09/10 19:18:37.409, 0, 12288, 11779, 337
2026/09/10 19:18:37.617, 0, 12288, 11779, 337
2026/09/10 19:18:37.824, 0, 12288, 11779, 337
2026/09/10 19:18:38.032, 0, 12288, 11779, 337
2026/09/10 19:18:38.238, 0, 12288, 11779, 337
2026/09/10 19:18:38.444, 0, 12288, 11779, 337
2026/09/10 19:18:38.652, 0, 12288, 11779, 337
2026/09/10 19:18:38.860, 0, 12288, 11779, 337
2026/09/10 19:18:39.068, 0, 12288, 11779, 337
2026/09/10 19:18:39.276, 0, 12288, 11779, 337
2026/09/10 19:18:39.483, 0, 12288, 11779, 337
2026/09/10 19:18:39.690, 0, 12288, 11779, 337
2026/09/10 19:18:39.897, 0, 12288, 11779, 337
2026/09/10 19:18:40.105, 0, 12288, 11779, 337
2026/09/10 19:18:40.312, 0, 12288, 11779, 337
2026/09/10 19:18:40.520, 0, 12288, 11779, 337
2026/09/10 19:18:40.727, 0, 12288, 11779, 337
2026/09/10 19:18:40.934, 0, 12288, 11779, 337
2026/09/10 19:18:41.141, 0, 12288, 11779, 337
2026/09/10 19:18:41.349, 0, 12288, 11779, 337
2026/09/10 19:18:41.556, 0, 12288, 11779, 337
2026/09/10 19:18:41.764, 0, 12288, 11779, 337
2026/09/10 19:18:41.971, 0, 12288, 11779, 337
2026/09/10 19:18:42.179, 0, 12288, 11779, 337
2026/09/10 19:18:42.386, 0, 12288, 11779, 337
2026/09/10 19:18:42.594, 0, 12288, 11779, 337
2026/09/10 19:18:42.800, 0, 12288, 11779, 337
2026/09/10 19:18:43.006, 0, 12288, 11779, 337
2026/09/10 19:18:43.213, 0, 12288, 11779, 337
2026/09/10 19:18:43.420, 0, 12288, 11779, 337
2026/09/10 19:18:43.628, 0, 12288, 11779, 337
2026/09/10 19:18:43.836, 0, 12288, 11779, 337
2026/09/10 19:18:44.040, 0, 12288, 11779, 337
2026/09/10 19:18:44.248, 0, 12288, 11779, 337
2026/09/10 19:18:44.456, 0, 12288, 11779, 337
2026/09/10 19:18:44.664, 0, 12288, 11779, 337
2026/09/10 19:18:44.872, 0, 12288, 11779, 337
2026/09/10 19:18:45.079, 0, 12288, 11779, 337
2026/09/10 19:18:45.286, 0, 12288, 11779, 337
2026/09/10 19:18:45.494, 0, 12288, 11779, 337
2026/09/10 19:18:45.702, 0, 12288, 11779, 337
2026/09/10 19:18:45.910, 0, 12288, 11779, 337
2026/09/10 19:18:46.115, 0, 12288, 11779, 337
2026/09/10 19:18:46.323, 0, 12288, 11779, 337
2026/09/10 19:18:46.531, 0, 12288, 11779, 337
2026/09/10 19:18:46.738, 0, 12288, 11779, 337
2026/09/10 19:18:46.945, 0, 12288, 11779, 337
2026/09/10 19:18:47.153, 0, 12288, 11779, 337
2026/09/10 19:18:47.361, 0, 12288, 11779, 337
2026/09/10 19:18:47.568, 0, 12288, 11779, 337
2026/09/10 19:18:47.775, 0, 12288, 11779, 337
2026/09/10 19:18:47.981, 0, 12288, 11779, 337
2026/09/10 19:18:48.188, 0, 12288, 11779, 337
2026/09/10 19:18:48.396, 0, 12288, 11779, 337
2026/09/10 19:18:48.604, 0, 12288, 11779, 337
2026/09/10 19:18:48.812, 0, 12288, 11779, 337
2026/09/10 19:18:49.020, 0, 12288, 11779, 337
2026/09/10 19:18:49.227, 0, 12288, 11779, 337
2026/09/10 19:18:49.434, 0, 12288, 11779, 337
2026/09/10 19:18:49.640, 0, 12288, 11779, 337
2026/09/10 19:18:49.847, 0, 12288, 11779, 337
2026/09/10 19:18:50.055, 0, 12288, 11779, 337
2026/09/10 19:18:50.263, 0, 12288, 11779, 337
2026/09/10 19:18:50.471, 0, 12288, 11779, 337
2026/09/10 19:18:50.694, 0, 12288, 11779, 337
2026/09/10 19:18:50.901, 0, 12288, 11779, 337
2026/09/10 19:18:51.108, 0, 12288, 11779, 337
2026/09/10 19:18:51.316, 0, 12288, 11779, 337
2026/09/10 19:18:51.524, 0, 12288, 11779, 337
2026/09/10 19:18:51.732, 0, 12288, 11779, 337
2026/09/10 19:18:51.940, 0, 12288, 11779, 337
2026/09/10 19:18:52.147, 0, 12288, 11779, 337
2026/09/10 19:18:52.355, 0, 12288, 11779, 337
2026/09/10 19:18:52.562, 0, 12288, 11779, 337
2026/09/10 19:18:52.770, 0, 12288, 11779, 337
2026/09/10 19:18:52.976, 0, 12288, 11779, 337
2026/09/10 19:18:53.183, 0, 12288, 11779, 337
2026/09/10 19:18:53.390, 0, 12288, 11779, 337
2026/09/10 19:18:53.598, 0, 12288, 11779, 337
2026/09/10 19:18:53.806, 0, 12288, 11779, 337
2026/09/10 19:18:54.012, 0, 12288, 11779, 337
2026/09/10 19:18:54.219, 0, 12288, 11779, 337
2026/09/10 19:18:54.427, 0, 12288, 11779, 337
2026/09/10 19:18:54.634, 0, 12288, 11779, 337
2026/09/10 19:18:54.843, 0, 12288, 11779, 337
2026/09/10 19:18:55.051, 0, 12288, 11779, 337
2026/09/10 19:18:55.256, 0, 12288, 11779, 337
2026/09/10 19:18:55.464, 0, 12288, 11779, 337
2026/09/10 19:18:55.671, 0, 12288, 11779, 337
2026/09/10 19:18:55.879, 0, 12288, 11779, 337
2026/09/10 19:18:56.087, 0, 12288, 11779, 337
2026/09/10 19:18:56.294, 0, 12288, 11779, 337
2026/09/10 19:18:56.502, 0, 12288, 11779, 337
2026/09/10 19:18:56.710, 0, 12288, 11779, 337
2026/09/10 19:18:56.917, 0, 12288, 11779, 337
2026/09/10 19:18:57.125, 0, 12288, 11779, 337
2026/09/10 19:18:57.332, 0, 12288, 11779, 337
2026/09/10 19:18:57.540, 0, 12288, 11779, 337
2026/09/10 19:18:57.748, 0, 12288, 11779, 337
2026/09/10 19:18:57.955, 0, 12288, 11779, 337
2026/09/10 19:18:58.161, 0, 12288, 11779, 337
2026/09/10 19:18:58.369, 0, 12288, 11779, 337
2026/09/10 19:18:58.577, 0, 12288, 11779, 337
2026/09/10 19:18:58.783, 0, 12288, 11779, 337
2026/09/10 19:18:58.990, 0, 12288, 11779, 337
2026/09/10 19:18:59.198, 0, 12288, 11779, 337
2026/09/10 19:18:59.406, 0, 12288, 11779, 337
2026/09/10 19:18:59.612, 0, 12288, 11779, 337
2026/09/10 19:18:59.820, 0, 12288, 11779, 337
2026/09/10 19:19:00.026, 0, 12288, 11779, 337
2026/09/10 19:19:00.233, 0, 12288, 11779, 337
2026/09/10 19:19:00.442, 0, 12288, 11779, 337
2026/09/10 19:19:00.650, 0, 12288, 11779, 337
2026/09/10 19:19:00.855, 0, 12288, 11779, 337
2026/09/10 19:19:01.062, 0, 12288, 11779, 337
2026/09/10 19:19:01.267, 0, 12288, 11779, 337
2026/09/10 19:19:01.474, 0, 12288, 11779, 337
2026/09/10 19:19:01.683, 0, 12288, 11779, 337
2026/09/10 19:19:01.891, 0, 12288, 11779, 337
2026/09/10 19:19:02.099, 0, 12288, 11779, 337
2026/09/10 19:19:02.307, 0, 12288, 11779, 337
2026/09/10 19:19:02.514, 0, 12288, 11779, 337
2026/09/10 19:19:02.722, 0, 12288, 11779, 337
2026/09/10 19:19:02.930, 0, 12288, 11779, 337
2026/09/10 19:19:03.138, 0, 12288, 11779, 337
2026/09/10 19:19:03.345, 0, 12288, 11779, 337
2026/09/10 19:19:03.552, 0, 12288, 11779, 337
2026/09/10 19:19:03.760, 0, 12288, 11779, 337
2026/09/10 19:19:03.967, 0, 12288, 11779, 337
2026/09/10 19:19:04.174, 0, 12288, 11779, 337
2026/09/10 19:19:04.379, 0, 12288, 11779, 337
2026/09/10 19:19:04.587, 0, 12288, 11779, 337
2026/09/10 19:19:04.795, 0, 12288, 11779, 337
2026/09/10 19:19:05.003, 0, 12288, 11779, 337
2026/09/10 19:19:05.210, 0, 12288, 11779, 337
2026/09/10 19:19:05.417, 0, 12288, 11779, 337
2026/09/10 19:19:05.624, 0, 12288, 11779, 337
2026/09/10 19:19:05.832, 0, 12288, 11779, 337
2026/09/10 19:19:06.040, 0, 12288, 11779, 337
2026/09/10 19:19:06.247, 0, 12288, 11779, 337
2026/09/10 19:19:06.453, 0, 12288, 11779, 337
2026/09/10 19:19:06.661, 0, 12288, 11779, 337
2026/09/10 19:19:06.868, 0, 12288, 11779, 337
2026/09/10 19:19:07.076, 0, 12288, 11779, 337
2026/09/10 19:19:07.284, 0, 12288, 11779, 337
2026/09/10 19:19:07.492, 0, 12288, 11779, 337
2026/09/10 19:19:07.700, 0, 12288, 11779, 337
2026/09/10 19:19:07.907, 0, 12288, 11779, 337
2026/09/10 19:19:08.115, 0, 12288, 11779, 337
2026/09/10 19:19:08.322, 0, 12288, 11779, 337
2026/09/10 19:19:08.530, 0, 12288, 11779, 337
2026/09/10 19:19:08.738, 0, 12288, 11779, 337
2026/09/10 19:19:08.944, 0, 12288, 11779, 337
2026/09/10 19:19:09.151, 0, 12288, 11779, 337
2026/09/10 19:19:09.359, 0, 12288, 11779, 337
2026/09/10 19:19:09.566, 0, 12288, 11779, 337
2026/09/10 19:19:09.774, 0, 12288, 11779, 337
2026/09/10 19:19:09.982, 0, 12288, 11779, 337
2026/09/10 19:19:10.190, 0, 12288, 11779, 337
2026/09/10 19:19:10.398, 0, 12288, 11779, 337
2026/09/10 19:19:10.605, 0, 12288, 11779, 337
2026/09/10 19:19:10.812, 0, 12288, 11779, 337
2026/09/10 19:19:11.020, 0, 12288, 11779, 337
2026/09/10 19:19:11.227, 0, 12288, 11779, 337
2026/09/10 19:19:11.435, 0, 12288, 11779, 337
2026/09/10 19:19:11.642, 0, 12288, 11779, 337
2026/09/10 19:19:11.850, 0, 12288, 11779, 337
2026/09/10 19:19:12.053, 0, 12288, 11779, 337
2026/09/10 19:19:12.261, 0, 12288, 11779, 337
2026/09/10 19:19:12.468, 0, 12288, 11779, 337
2026/09/10 19:19:12.675, 0, 12288, 11779, 337
2026/09/10 19:19:12.883, 0, 12288, 11779, 337
2026/09/10 19:19:13.091, 0, 12288, 11779, 337
2026/09/10 19:19:13.299, 0, 12288, 11779, 337
2026/09/10 19:19:13.506, 0, 12288, 11779, 337
2026/09/10 19:19:13.713, 0, 12288, 11779, 337
2026/09/10 19:19:13.919, 0, 12288, 11779, 337
2026/09/10 19:19:14.126, 0, 12288, 11779, 337
2026/09/10 19:19:14.331, 0, 12288, 11779, 337
2026/09/10 19:19:14.538, 0, 12288, 11779, 337
2026/09/10 19:19:14.746, 0, 12288, 11779, 337
2026/09/10 19:19:14.954, 0, 12288, 11779, 337
2026/09/10 19:19:15.160, 0, 12288, 11779, 337
2026/09/10 19:19:15.367, 0, 12288, 11779, 337
2026/09/10 19:19:15.575, 0, 12288, 11779, 337
2026/09/10 19:19:15.781, 0, 12288, 11779, 337
2026/09/10 19:19:15.988, 0, 12288, 11779, 337
2026/09/10 19:19:16.195, 0, 12288, 11779, 337
2026/09/10 19:19:16.400, 0, 12288, 11779, 337
2026/09/10 19:19:16.606, 0, 12288, 11779, 337
2026/09/10 19:19:16.813, 0, 12288, 11779, 337
2026/09/10 19:19:17.021, 0, 12288, 11779, 337
2026/09/10 19:19:17.229, 0, 12288, 11779, 337
2026/09/10 19:19:17.436, 0, 12288, 11779, 337
2026/09/10 19:19:17.642, 0, 12288, 11779, 337
2026/09/10 19:19:17.848, 0, 12288, 11779, 337
2026/09/10 19:19:18.056, 0, 12288, 11779, 337
2026/09/10 19:19:18.264, 0, 12288, 11779, 337
2026/09/10 19:19:18.471, 0, 12288, 11779, 337
2026/09/10 19:19:18.679, 0, 12288, 11779, 337
2026/09/10 19:19:18.887, 0, 12288, 11779, 337
2026/09/10 19:19:19.095, 0, 12288, 11779, 337
2026/09/10 19:19:19.302, 0, 12288, 11779, 337
2026/09/10 19:19:19.509, 0, 12288, 11779, 337
2026/09/10 19:19:19.717, 0, 12288, 11779, 337
2026/09/10 19:19:19.925, 0, 12288, 11779, 337
2026/09/10 19:19:20.132, 0, 12288, 11779, 337
2026/09/10 19:19:20.340, 0, 12288, 11779, 337
2026/09/10 19:19:20.548, 0, 12288, 11779, 337
2026/09/10 19:19:20.755, 0, 12288, 11779, 337
2026/09/10 19:19:20.963, 0, 12288, 11779, 337
2026/09/10 19:19:21.171, 0, 12288, 11779, 337
2026/09/10 19:19:21.379, 0, 12288, 11779, 337
2026/09/10 19:19:21.587, 0, 12288, 11779, 337
2026/09/10 19:19:21.795, 0, 12288, 11779, 337
2026/09/10 19:19:22.002, 0, 12288, 11779, 337
2026/09/10 19:19:22.210, 0, 12288, 11779, 337
2026/09/10 19:19:22.418, 0, 12288, 11779, 337
2026/09/10 19:19:22.625, 0, 12288, 11779, 337
2026/09/10 19:19:22.832, 0, 12288, 11779, 337
2026/09/10 19:19:23.038, 0, 12288, 11779, 337
2026/09/10 19:19:23.244, 0, 12288, 11779, 337
2026/09/10 19:19:23.451, 0, 12288, 11779, 337
2026/09/10 19:19:23.659, 0, 12288, 11779, 337
2026/09/10 19:19:23.863, 0, 12288, 11779, 337
2026/09/10 19:19:24.070, 0, 12288, 11779, 337
2026/09/10 19:19:24.278, 0, 12288, 11779, 337
2026/09/10 19:19:24.486, 0, 12288, 11779, 337
2026/09/10 19:19:24.693, 0, 12288, 11779, 337
2026/09/10 19:19:24.901, 0, 12288, 11779, 337
2026/09/10 19:19:25.110, 0, 12288, 11779, 337
2026/09/10 19:19:25.317, 0, 12288, 11779, 337
2026/09/10 19:19:25.525, 0, 12288, 11779, 337
2026/09/10 19:19:25.733, 0, 12288, 11779, 337
2026/09/10 19:19:25.938, 0, 12288, 11779, 337
2026/09/10 19:19:26.144, 0, 12288, 11779, 337
2026/09/10 19:19:26.351, 0, 12288, 11779, 337
2026/09/10 19:19:26.558, 0, 12288, 11779, 337
2026/09/10 19:19:26.766, 0, 12288, 11779, 337
2026/09/10 19:19:26.974, 0, 12288, 11779, 337
2026/09/10 19:19:27.183, 0, 12288, 11779, 337
2026/09/10 19:19:27.390, 0, 12288, 11779, 337
2026/09/10 19:19:27.597, 0, 12288, 11779, 337
2026/09/10 19:19:27.805, 0, 12288, 11779, 337
2026/09/10 19:19:28.012, 0, 12288, 11779, 337
2026/09/10 19:19:28.220, 0, 12288, 11779, 337
2026/09/10 19:19:28.428, 0, 12288, 11779, 337
2026/09/10 19:19:28.635, 0, 12288, 11779, 337
2026/09/10 19:19:28.854, 0, 12288, 11779, 337
2026/09/10 19:19:29.061, 0, 12288, 11779, 337
2026/09/10 19:19:29.268, 0, 12288, 11779, 337
2026/09/10 19:19:29.475, 0, 12288, 11779, 337
2026/09/10 19:19:29.682, 0, 12288, 11779, 337
2026/09/10 19:19:29.890, 0, 12288, 11779, 337
2026/09/10 19:19:30.098, 0, 12288, 11779, 337
2026/09/10 19:19:30.306, 0, 12288, 11779, 337
2026/09/10 19:19:30.512, 0, 12288, 11779, 337
2026/09/10 19:19:30.718, 0, 12288, 11779, 337
2026/09/10 19:19:30.926, 0, 12288, 11779, 337
2026/09/10 19:19:31.134, 0, 12288, 11779, 337
2026/09/10 19:19:31.341, 0, 12288, 11779, 337
2026/09/10 19:19:31.549, 0, 12288, 11779, 337
2026/09/10 19:19:31.756, 0, 12288, 11779, 337
2026/09/10 19:19:31.964, 0, 12288, 11779, 337
2026/09/10 19:19:32.171, 0, 12288, 11779, 337
2026/09/10 19:19:32.377, 0, 12288, 11779, 337
2026/09/10 19:19:32.584, 0, 12288, 11779, 337
2026/09/10 19:19:32.791, 0, 12288, 11779, 337
2026/09/10 19:19:32.997, 0, 12288, 11779, 337
2026/09/10 19:19:33.204, 0, 12288, 11779, 337
2026/09/10 19:19:33.412, 0, 12288, 11779, 337
2026/09/10 19:19:33.620, 0, 12288, 11779, 337
2026/09/10 19:19:33.828, 0, 12288, 11779, 337
2026/09/10 19:19:34.036, 0, 12288, 11779, 337
2026/09/10 19:19:34.243, 0, 12288, 11779, 337
2026/09/10 19:19:34.448, 0, 12288, 11779, 337
2026/09/10 19:19:34.655, 0, 12288, 11779, 337
2026/09/10 19:19:34.863, 0, 12288, 11779, 337
2026/09/10 19:19:35.071, 0, 12288, 11779, 337
2026/09/10 19:19:35.276, 0, 12288, 11779, 337
2026/09/10 19:19:35.483, 0, 12288, 11779, 337
2026/09/10 19:19:35.690, 0, 12288, 11779, 337
2026/09/10 19:19:35.896, 0, 12288, 11779, 337
2026/09/10 19:19:36.104, 0, 12288, 11779, 337
2026/09/10 19:19:36.310, 0, 12288, 11779, 337
2026/09/10 19:19:36.517, 0, 12288, 11779, 337
2026/09/10 19:19:36.725, 0, 12288, 11779, 337
2026/09/10 19:19:36.932, 0, 12288, 11779, 337
2026/09/10 19:19:37.140, 0, 12288, 11779, 337
2026/09/10 19:19:37.348, 0, 12288, 11779, 337
2026/09/10 19:19:37.556, 0, 12288, 11779, 337
2026/09/10 19:19:37.764, 0, 12288, 11779, 337
2026/09/10 19:19:37.972, 0, 12288, 11779, 337
2026/09/10 19:19:38.178, 0, 12288, 11779, 337
2026/09/10 19:19:38.386, 0, 12288, 11779, 337
2026/09/10 19:19:38.593, 0, 12288, 11779, 337
2026/09/10 19:19:38.799, 0, 12288, 11779, 337
2026/09/10 19:19:39.006, 0, 12288, 11779, 337
2026/09/10 19:19:39.213, 0, 12288, 11779, 337
2026/09/10 19:19:39.420, 0, 12288, 11779, 337
2026/09/10 19:19:39.626, 0, 12288, 11779, 337
2026/09/10 19:19:39.834, 0, 12288, 11779, 337
2026/09/10 19:19:40.038, 0, 12288, 11779, 337
2026/09/10 19:19:40.243, 0, 12288, 11779, 337
2026/09/10 19:19:40.448, 0, 12288, 11779, 337
2026/09/10 19:19:40.652, 0, 12288, 11779, 337
2026/09/10 19:19:40.859, 0, 12288, 11779, 337
2026/09/10 19:19:41.063, 0, 12288, 11779, 337
2026/09/10 19:19:41.267, 0, 12288, 11779, 337
2026/09/10 19:19:41.474, 0, 12288, 11779, 337
2026/09/10 19:19:41.679, 0, 12288, 11779, 337
2026/09/10 19:19:41.886, 0, 12288, 11779, 337
2026/09/10 19:19:42.093, 0, 12288, 11779, 337
2026/09/10 19:19:42.298, 0, 12288, 11779, 337
2026/09/10 19:19:42.505, 0, 12288, 11779, 337
2026/09/10 19:19:42.710, 0, 12288, 11779, 337
2026/09/10 19:19:42.916, 0, 12288, 11779, 337
2026/09/10 19:19:43.124, 0, 12288, 11779, 337
2026/09/10 19:19:43.326, 0, 12288, 11779, 337
2026/09/10 19:19:43.534, 0, 12288, 11779, 337
2026/09/10 19:19:43.739, 0, 12288, 11779, 337
2026/09/10 19:19:43.942, 0, 12288, 11779, 337
2026/09/10 19:19:44.149, 0, 12288, 11779, 337
2026/09/10 19:19:44.351, 0, 12288, 11779, 337
2026/09/10 19:19:44.555, 0, 12288, 11779, 337
2026/09/10 19:19:44.761, 0, 12288, 11779, 337
2026/09/10 19:19:44.966, 0, 12288, 11779, 337
2026/09/10 19:19:45.173, 0, 12288, 11779, 337
2026/09/10 19:19:45.377, 0, 12288, 11779, 337
2026/09/10 19:19:45.580, 0, 12288, 11779, 337
2026/09/10 19:19:45.788, 0, 12288, 11779, 337
2026/09/10 19:19:45.993, 0, 12288, 11779, 337
2026/09/10 19:19:46.200, 0, 12288, 11779, 337
2026/09/10 19:19:46.405, 0, 12288, 11779, 337
2026/09/10 19:19:46.611, 0, 12288, 11779, 337
2026/09/10 19:19:46.819, 0, 12288, 11779, 337
2026/09/10 19:19:47.023, 0, 12288, 11779, 337
2026/09/10 19:19:47.231, 0, 12288, 11779, 337
2026/09/10 19:19:47.437, 0, 12288, 11779, 337
2026/09/10 19:19:47.640, 0, 12288, 11779, 337
2026/09/10 19:19:47.848, 0, 12288, 11779, 337
2026/09/10 19:19:48.054, 0, 12288, 11779, 337
2026/09/10 19:19:48.260, 0, 12288, 11779, 337
2026/09/10 19:19:48.468, 0, 12288, 11779, 337
2026/09/10 19:19:48.671, 0, 12288, 11779, 337
2026/09/10 19:19:48.879, 0, 12288, 11779, 337
2026/09/10 19:19:49.087, 0, 12288, 11779, 337
2026/09/10 19:19:49.308, 0, 12288, 11779, 337
2026/09/10 19:19:49.516, 0, 12288, 11779, 337
2026/09/10 19:19:49.720, 0, 12288, 11779, 337
2026/09/10 19:19:49.928, 0, 12288, 11779, 337
2026/09/10 19:19:50.136, 0, 12288, 11779, 337
2026/09/10 19:19:50.340, 0, 12288, 11779, 337
2026/09/10 19:19:50.547, 0, 12288, 11779, 337
2026/09/10 19:19:50.753, 0, 12288, 11779, 337
2026/09/10 19:19:50.958, 0, 12288, 11779, 337
2026/09/10 19:19:51.162, 0, 12288, 11779, 337
2026/09/10 19:19:51.367, 0, 12288, 11779, 337
2026/09/10 19:19:51.574, 0, 12288, 11779, 337
2026/09/10 19:19:51.780, 0, 12288, 11779, 337
2026/09/10 19:19:51.985, 0, 12288, 11779, 337
2026/09/10 19:19:52.191, 0, 12288, 11779, 337
2026/09/10 19:19:52.398, 0, 12288, 11779, 337
2026/09/10 19:19:52.603, 0, 12288, 11779, 337
2026/09/10 19:19:52.811, 0, 12288, 11779, 337
2026/09/10 19:19:53.017, 0, 12288, 11779, 337
2026/09/10 19:19:53.222, 0, 12288, 11779, 337
2026/09/10 19:19:53.430, 0, 12288, 11779, 337
2026/09/10 19:19:53.634, 0, 12288, 11779, 337
2026/09/10 19:19:53.840, 0, 12288, 11779, 337
2026/09/10 19:19:54.047, 0, 12288, 11779, 337
2026/09/10 19:19:54.251, 0, 12288, 11779, 337
2026/09/10 19:19:54.459, 0, 12288, 11779, 337
2026/09/10 19:19:54.665, 0, 12288, 11779, 337
2026/09/10 19:19:54.870, 0, 12288, 11779, 337
2026/09/10 19:19:55.078, 0, 12288, 11779, 337
2026/09/10 19:19:55.281, 0, 12288, 11779, 337
2026/09/10 19:19:55.487, 0, 12288, 11779, 337
2026/09/10 19:19:55.695, 0, 12288, 11779, 337
2026/09/10 19:19:55.900, 0, 12288, 11779, 337
2026/09/10 19:19:56.123, 0, 12288, 11779, 337
2026/09/10 19:19:56.328, 0, 12288, 11779, 337
2026/09/10 19:19:56.532, 0, 12288, 11779, 337
2026/09/10 19:19:56.738, 0, 12288, 11779, 337
2026/09/10 19:19:56.944, 0, 12288, 11779, 337
2026/09/10 19:19:57.150, 0, 12288, 11779, 337
2026/09/10 19:19:57.357, 0, 12288, 11779, 337
2026/09/10 19:19:57.561, 0, 12288, 11779, 337
2026/09/10 19:19:57.768, 0, 12288, 11779, 337
2026/09/10 19:19:57.975, 0, 12288, 11779, 337
2026/09/10 19:19:58.179, 0, 12288, 11779, 337
2026/09/10 19:19:58.387, 0, 12288, 11779, 337
2026/09/10 19:19:58.592, 0, 12288, 11779, 337
2026/09/10 19:19:58.797, 0, 12288, 11779, 337
2026/09/10 19:19:59.005, 0, 12288, 11779, 337
2026/09/10 19:19:59.212, 0, 12288, 11779, 337
2026/09/10 19:19:59.418, 0, 12288, 11779, 337
2026/09/10 19:19:59.625, 0, 12288, 11779, 337
2026/09/10 19:19:59.830, 0, 12288, 11779, 337
2026/09/10 19:20:00.036, 0, 12288, 11779, 337
2026/09/10 19:20:00.243, 0, 12288, 11779, 337
2026/09/10 19:20:00.446, 0, 12288, 11779, 337
2026/09/10 19:20:00.654, 0, 12288, 11779, 337
2026/09/10 19:20:00.861, 0, 12288, 11779, 337
2026/09/10 19:20:01.066, 0, 12288, 11779, 337
2026/09/10 19:20:01.274, 0, 12288, 11779, 337
2026/09/10 19:20:01.481, 0, 12288, 11779, 337
2026/09/10 19:20:01.685, 0, 12288, 11779, 337
2026/09/10 19:20:01.892, 0, 12288, 11779, 337
2026/09/10 19:20:02.096, 0, 12288, 11779, 337
2026/09/10 19:20:02.301, 0, 12288, 11779, 337
2026/09/10 19:20:02.508, 0, 12288, 11779, 337
2026/09/10 19:20:02.713, 0, 12288, 11779, 337
2026/09/10 19:20:02.936, 0, 12288, 11779, 337
2026/09/10 19:20:03.144, 0, 12288, 11779, 337
2026/09/10 19:20:03.348, 0, 12288, 11779, 337
2026/09/10 19:20:03.556, 0, 12288, 11779, 337
2026/09/10 19:20:03.763, 0, 12288, 11779, 337
2026/09/10 19:20:03.966, 0, 12288, 11779, 337
2026/09/10 19:20:04.173, 0, 12288, 11779, 337
2026/09/10 19:20:04.380, 0, 12288, 11779, 337
2026/09/10 19:20:04.586, 0, 12288, 11779, 337
2026/09/10 19:20:04.792, 0, 12288, 11779, 337
2026/09/10 19:20:04.998, 0, 12288, 11779, 337
2026/09/10 19:20:05.203, 0, 12288, 11779, 337
2026/09/10 19:20:05.410, 0, 12288, 11779, 337
2026/09/10 19:20:05.613, 0, 12288, 11779, 337
2026/09/10 19:20:05.820, 0, 12288, 11779, 337
2026/09/10 19:20:06.028, 0, 12288, 11779, 337
2026/09/10 19:20:06.232, 0, 12288, 11779, 337
2026/09/10 19:20:06.439, 0, 12288, 11779, 337
2026/09/10 19:20:06.647, 0, 12288, 11779, 337
2026/09/10 19:20:06.852, 0, 12288, 11779, 337
2026/09/10 19:20:07.059, 0, 12288, 11779, 337
2026/09/10 19:20:07.267, 0, 12288, 11779, 337
2026/09/10 19:20:07.472, 0, 12288, 11779, 337
2026/09/10 19:20:07.680, 0, 12288, 11779, 337
2026/09/10 19:20:07.885, 0, 12288, 11779, 337
2026/09/10 19:20:08.090, 0, 12288, 11779, 337
2026/09/10 19:20:08.297, 0, 12288, 11779, 337
2026/09/10 19:20:08.503, 0, 12288, 11779, 337
2026/09/10 19:20:08.708, 0, 12288, 11779, 337
2026/09/10 19:20:08.915, 0, 12288, 11779, 337
2026/09/10 19:20:09.122, 0, 12288, 11779, 337
2026/09/10 19:20:09.326, 0, 12288, 11779, 337
2026/09/10 19:20:09.531, 0, 12288, 11779, 337
2026/09/10 19:20:09.736, 0, 12288, 11779, 337
2026/09/10 19:20:09.942, 0, 12288, 11779, 337
2026/09/10 19:20:10.150, 0, 12288, 11779, 337
2026/09/10 19:20:10.358, 0, 12288, 11779, 337
2026/09/10 19:20:10.565, 0, 12288, 11779, 337
2026/09/10 19:20:10.773, 0, 12288, 11779, 337
2026/09/10 19:20:10.978, 0, 12288, 11779, 337
2026/09/10 19:20:11.184, 0, 12288, 11779, 337
2026/09/10 19:20:11.392, 0, 12288, 11779, 337
2026/09/10 19:20:11.599, 0, 12288, 11779, 337
2026/09/10 19:20:11.807, 0, 12288, 11779, 337
2026/09/10 19:20:12.015, 0, 12288, 11779, 337
2026/09/10 19:20:12.222, 0, 12288, 11779, 337
2026/09/10 19:20:12.430, 0, 12288, 11779, 337
2026/09/10 19:20:12.638, 0, 12288, 11779, 337
2026/09/10 19:20:12.846, 0, 12288, 11779, 337
2026/09/10 19:20:13.054, 0, 12288, 11779, 337
2026/09/10 19:20:13.262, 0, 12288, 11779, 337
2026/09/10 19:20:13.468, 0, 12288, 11779, 337
2026/09/10 19:20:13.675, 0, 12288, 11779, 337
2026/09/10 19:20:13.883, 0, 12288, 11779, 337
2026/09/10 19:20:14.091, 0, 12288, 11779, 337
2026/09/10 19:20:14.298, 0, 12288, 11779, 337
2026/09/10 19:20:14.506, 0, 12288, 11779, 337
2026/09/10 19:20:14.714, 0, 12288, 11779, 337
2026/09/10 19:20:14.922, 0, 12288, 11779, 337
2026/09/10 19:20:15.128, 0, 12288, 11779, 337
2026/09/10 19:20:15.336, 0, 12288, 11779, 337
2026/09/10 19:20:15.544, 0, 12288, 11779, 337
2026/09/10 19:20:15.751, 0, 12288, 11779, 337
2026/09/10 19:20:15.959, 0, 12288, 11779, 337
2026/09/10 19:20:16.166, 0, 12288, 11779, 337
2026/09/10 19:20:16.374, 0, 12288, 11779, 337
2026/09/10 19:20:16.582, 0, 12288, 11779, 337
2026/09/10 19:20:16.788, 0, 12288, 11779, 337
2026/09/10 19:20:16.995, 0, 12288, 11779, 337
2026/09/10 19:20:17.203, 0, 12288, 11779, 337
2026/09/10 19:20:17.409, 0, 12288, 11779, 337
2026/09/10 19:20:17.616, 0, 12288, 11779, 337
2026/09/10 19:20:17.823, 0, 12288, 11779, 337
2026/09/10 19:20:18.031, 0, 12288, 11779, 337
2026/09/10 19:20:18.239, 0, 12288, 11779, 337
2026/09/10 19:20:18.447, 0, 12288, 11779, 337
2026/09/10 19:20:18.654, 0, 12288, 11779, 337
2026/09/10 19:20:18.862, 0, 12288, 11779, 337
2026/09/10 19:20:19.069, 0, 12288, 11779, 337
2026/09/10 19:20:19.276, 0, 12288, 11779, 337
2026/09/10 19:20:19.484, 0, 12288, 11779, 337
2026/09/10 19:20:19.692, 0, 12288, 11779, 337
2026/09/10 19:20:19.899, 0, 12288, 11779, 337
2026/09/10 19:20:20.107, 0, 12288, 11779, 337
2026/09/10 19:20:20.315, 0, 12288, 11779, 337
2026/09/10 19:20:20.522, 0, 12288, 11779, 337
2026/09/10 19:20:20.729, 0, 12288, 11779, 337
2026/09/10 19:20:20.936, 0, 12288, 11779, 337
2026/09/10 19:20:21.144, 0, 12288, 11779, 337
2026/09/10 19:20:21.352, 0, 12288, 11779, 337
2026/09/10 19:20:21.559, 0, 12288, 11779, 337
2026/09/10 19:20:21.767, 0, 12288, 11779, 337
2026/09/10 19:20:21.974, 0, 12288, 11779, 337
2026/09/10 19:20:22.182, 0, 12288, 11779, 337
2026/09/10 19:20:22.390, 0, 12288, 11779, 337
2026/09/10 19:20:22.597, 0, 12288, 11779, 337
2026/09/10 19:20:22.805, 0, 12288, 11779, 337
2026/09/10 19:20:23.012, 0, 12288, 11779, 337
2026/09/10 19:20:23.220, 0, 12288, 11779, 337
2026/09/10 19:20:23.427, 0, 12288, 11779, 337
2026/09/10 19:20:23.635, 0, 12288, 11779, 337
2026/09/10 19:20:23.843, 0, 12288, 11779, 337
2026/09/10 19:20:24.049, 0, 12288, 11779, 337
2026/09/10 19:20:24.257, 0, 12288, 11779, 337
2026/09/10 19:20:24.465, 0, 12288, 11779, 337
2026/09/10 19:20:24.670, 0, 12288, 11779, 337
2026/09/10 19:20:24.877, 0, 12288, 11779, 337
2026/09/10 19:20:25.084, 0, 12288, 11779, 337
2026/09/10 19:20:25.291, 0, 12288, 11779, 337
2026/09/10 19:20:25.498, 0, 12288, 11779, 337
2026/09/10 19:20:25.706, 0, 12288, 11779, 337
2026/09/10 19:20:25.911, 0, 12288, 11779, 337
2026/09/10 19:20:26.119, 0, 12288, 11779, 337
2026/09/10 19:20:26.327, 0, 12288, 11779, 337
2026/09/10 19:20:26.532, 0, 12288, 11779, 337
2026/09/10 19:20:26.738, 0, 12288, 11779, 337
2026/09/10 19:20:26.946, 0, 12288, 11779, 337
2026/09/10 19:20:27.153, 0, 12288, 11779, 337
2026/09/10 19:20:27.359, 0, 12288, 11779, 337
2026/09/10 19:20:27.566, 0, 12288, 11779, 337
2026/09/10 19:20:27.774, 0, 12288, 11779, 337
2026/09/10 19:20:27.981, 0, 12288, 11779, 337
2026/09/10 19:20:28.189, 0, 12288, 11779, 337
2026/09/10 19:20:28.396, 0, 12288, 11779, 337
2026/09/10 19:20:28.603, 0, 12288, 11779, 337
2026/09/10 19:20:28.811, 0, 12288, 11779, 337
2026/09/10 19:20:29.017, 0, 12288, 11779, 337
2026/09/10 19:20:29.224, 0, 12288, 11779, 337
2026/09/10 19:20:29.431, 0, 12288, 11779, 337
2026/09/10 19:20:29.639, 0, 12288, 11779, 337
2026/09/10 19:20:29.847, 0, 12288, 11779, 337
2026/09/10 19:20:30.053, 0, 12288, 11779, 337
2026/09/10 19:20:30.258, 0, 12288, 11779, 337
2026/09/10 19:20:30.466, 0, 12288, 11779, 337
2026/09/10 19:20:30.674, 0, 12288, 11779, 337
2026/09/10 19:20:30.882, 0, 12288, 11779, 337
2026/09/10 19:20:31.090, 0, 12288, 11779, 337
2026/09/10 19:20:31.297, 0, 12288, 11779, 337
2026/09/10 19:20:31.504, 0, 12288, 11779, 337
2026/09/10 19:20:31.711, 0, 12288, 11779, 337
2026/09/10 19:20:31.919, 0, 12288, 11779, 337
2026/09/10 19:20:32.127, 0, 12288, 11779, 337
2026/09/10 19:20:32.335, 0, 12288, 11779, 337
2026/09/10 19:20:32.543, 0, 12288, 11779, 337
2026/09/10 19:20:32.750, 0, 12288, 11779, 337
2026/09/10 19:20:32.954, 0, 12288, 11779, 337
2026/09/10 19:20:33.162, 0, 12288, 11779, 337
2026/09/10 19:20:33.369, 0, 12288, 11779, 337
2026/09/10 19:20:33.577, 0, 12288, 11779, 337
2026/09/10 19:20:33.784, 0, 12288, 11779, 337
2026/09/10 19:20:33.992, 0, 12288, 11779, 337
2026/09/10 19:20:34.200, 0, 12288, 11779, 337
2026/09/10 19:20:34.407, 0, 12288, 11779, 337
2026/09/10 19:20:34.615, 0, 12288, 11779, 337
2026/09/10 19:20:34.823, 0, 12288, 11779, 337
2026/09/10 19:20:35.031, 0, 12288, 11779, 337
2026/09/10 19:20:35.238, 0, 12288, 11779, 337
2026/09/10 19:20:35.446, 0, 12288, 11779, 337
2026/09/10 19:20:35.654, 0, 12288, 11779, 337
2026/09/10 19:20:35.859, 0, 12288, 11779, 337
2026/09/10 19:20:36.067, 0, 12288, 11779, 337
2026/09/10 19:20:36.275, 0, 12288, 11779, 337
2026/09/10 19:20:36.483, 0, 12288, 11779, 337
2026/09/10 19:20:36.691, 0, 12288, 11779, 337
2026/09/10 19:20:36.897, 0, 12288, 11779, 337
2026/09/10 19:20:37.105, 0, 12288, 11779, 337
2026/09/10 19:20:37.313, 0, 12288, 11779, 337
2026/09/10 19:20:37.520, 0, 12288, 11779, 337
2026/09/10 19:20:37.727, 0, 12288, 11779, 337
2026/09/10 19:20:37.935, 0, 12288, 11779, 337
2026/09/10 19:20:38.143, 0, 12288, 11779, 337
2026/09/10 19:20:38.351, 0, 12288, 11779, 337
2026/09/10 19:20:38.558, 0, 12288, 11779, 337
2026/09/10 19:20:38.766, 0, 12288, 11779, 337
2026/09/10 19:20:38.974, 0, 12288, 11779, 337
2026/09/10 19:20:39.181, 0, 12288, 11779, 337
2026/09/10 19:20:39.389, 0, 12288, 11779, 337
2026/09/10 19:20:39.594, 0, 12288, 11779, 337
2026/09/10 19:20:39.801, 0, 12288, 11779, 337
2026/09/10 19:20:40.009, 0, 12288, 11779, 337
2026/09/10 19:20:40.217, 0, 12288, 11779, 337
2026/09/10 19:20:40.424, 0, 12288, 11779, 337
2026/09/10 19:20:40.632, 0, 12288, 11779, 337
2026/09/10 19:20:40.840, 0, 12288, 11779, 337
2026/09/10 19:20:41.047, 0, 12288, 11779, 337
2026/09/10 19:20:41.253, 0, 12288, 11779, 337
2026/09/10 19:20:41.458, 0, 12288, 11779, 337
2026/09/10 19:20:41.665, 0, 12288, 11779, 337
2026/09/10 19:20:41.873, 0, 12288, 11779, 337
2026/09/10 19:20:42.081, 0, 12288, 11779, 337
2026/09/10 19:20:42.288, 0, 12288, 11779, 337
2026/09/10 19:20:42.495, 0, 12288, 11779, 337
2026/09/10 19:20:42.703, 0, 12288, 11779, 337
2026/09/10 19:20:42.911, 0, 12288, 11779, 337
2026/09/10 19:20:43.119, 0, 12288, 11779, 337
2026/09/10 19:20:43.327, 0, 12288, 11779, 337
2026/09/10 19:20:43.535, 0, 12288, 11779, 337
2026/09/10 19:20:43.742, 0, 12288, 11779, 337
2026/09/10 19:20:43.950, 0, 12288, 11779, 337
2026/09/10 19:20:44.158, 0, 12288, 11779, 337
2026/09/10 19:20:44.366, 0, 12288, 11779, 337
2026/09/10 19:20:44.573, 0, 12288, 11779, 337
2026/09/10 19:20:44.778, 0, 12288, 11779, 337
2026/09/10 19:20:44.986, 0, 12288, 11779, 337
2026/09/10 19:20:45.192, 0, 12288, 11779, 337
2026/09/10 19:20:45.400, 0, 12288, 11779, 337
2026/09/10 19:20:45.607, 0, 12288, 11779, 337
2026/09/10 19:20:45.815, 0, 12288, 11779, 337
2026/09/10 19:20:46.022, 0, 12288, 11779, 337
2026/09/10 19:20:46.229, 0, 12288, 11779, 337
2026/09/10 19:20:46.437, 0, 12288, 11779, 337
2026/09/10 19:20:46.643, 0, 12288, 11779, 337
2026/09/10 19:20:46.849, 0, 12288, 11779, 337
2026/09/10 19:20:47.053, 0, 12288, 11779, 337
2026/09/10 19:20:47.260, 0, 12288, 11779, 337
2026/09/10 19:20:47.468, 0, 12288, 11779, 337
2026/09/10 19:20:47.676, 0, 12288, 11779, 337
2026/09/10 19:20:47.883, 0, 12288, 11779, 337
2026/09/10 19:20:48.090, 0, 12288, 11779, 337
2026/09/10 19:20:48.298, 0, 12288, 11779, 337
2026/09/10 19:20:48.506, 0, 12288, 11779, 337
2026/09/10 19:20:48.714, 0, 12288, 11779, 337
2026/09/10 19:20:48.922, 0, 12288, 11779, 337
2026/09/10 19:20:49.129, 0, 12288, 11779, 337
2026/09/10 19:20:49.337, 0, 12288, 11779, 337
2026/09/10 19:20:49.544, 0, 12288, 11779, 337
2026/09/10 19:20:49.750, 0, 12288, 11779, 337
2026/09/10 19:20:49.958, 0, 12288, 11779, 337
2026/09/10 19:20:50.165, 0, 12288, 11779, 337
2026/09/10 19:20:50.373, 0, 12288, 11779, 337
2026/09/10 19:20:50.581, 0, 12288, 11779, 337
2026/09/10 19:20:50.789, 0, 12288, 11779, 337
2026/09/10 19:20:50.997, 0, 12288, 11779, 337
2026/09/10 19:20:51.204, 0, 12288, 11779, 337
2026/09/10 19:20:51.411, 0, 12288, 11779, 337
2026/09/10 19:20:51.619, 0, 12288, 11779, 337
2026/09/10 19:20:51.826, 0, 12288, 11779, 337
2026/09/10 19:20:52.033, 0, 12288, 11779, 337
2026/09/10 19:20:52.241, 0, 12288, 11779, 337
2026/09/10 19:20:52.448, 0, 12288, 11779, 337
2026/09/10 19:20:52.652, 0, 12288, 11779, 337
2026/09/10 19:20:52.859, 0, 12288, 11779, 337
2026/09/10 19:20:53.067, 0, 12288, 11779, 337
2026/09/10 19:20:53.273, 0, 12288, 11779, 337
2026/09/10 19:20:53.479, 0, 12288, 11779, 337
2026/09/10 19:20:53.686, 0, 12288, 11779, 337
2026/09/10 19:20:53.894, 0, 12288, 11779, 337
2026/09/10 19:20:54.102, 0, 12288, 11779, 337
2026/09/10 19:20:54.310, 0, 12288, 11779, 337
2026/09/10 19:20:54.518, 0, 12288, 11779, 337
2026/09/10 19:20:54.726, 0, 12288, 11779, 337
2026/09/10 19:20:54.934, 0, 12288, 11779, 337
2026/09/10 19:20:55.141, 0, 12288, 11779, 337
2026/09/10 19:20:55.348, 0, 12288, 11779, 337
2026/09/10 19:20:55.555, 0, 12288, 11779, 337
2026/09/10 19:20:55.761, 0, 12288, 11779, 337
2026/09/10 19:20:55.969, 0, 12288, 11779, 337
2026/09/10 19:20:56.176, 0, 12288, 11779, 337
2026/09/10 19:20:56.383, 0, 12288, 11779, 337
2026/09/10 19:20:56.591, 0, 12288, 11779, 337
2026/09/10 19:20:56.798, 0, 12288, 11779, 337
2026/09/10 19:20:57.006, 0, 12288, 11779, 337
2026/09/10 19:20:57.214, 0, 12288, 11779, 337
2026/09/10 19:20:57.421, 0, 12288, 11779, 337
2026/09/10 19:20:57.627, 0, 12288, 11779, 337
2026/09/10 19:20:57.833, 0, 12288, 11779, 337
2026/09/10 19:20:58.041, 0, 12288, 11779, 337
2026/09/10 19:20:58.246, 0, 12288, 11779, 337
2026/09/10 19:20:58.454, 0, 12288, 11779, 337
2026/09/10 19:20:58.661, 0, 12288, 11779, 337
2026/09/10 19:20:58.868, 0, 12288, 11779, 337
2026/09/10 19:20:59.076, 0, 12288, 11779, 337
2026/09/10 19:20:59.284, 0, 12288, 11779, 337
2026/09/10 19:20:59.492, 0, 12288, 11779, 337
2026/09/10 19:20:59.699, 0, 12288, 11779, 337
2026/09/10 19:20:59.906, 0, 12288, 11779, 337
2026/09/10 19:21:00.113, 0, 12288, 11779, 337
2026/09/10 19:21:00.319, 0, 12288, 11779, 337
2026/09/10 19:21:00.527, 0, 12288, 11779, 337
2026/09/10 19:21:00.734, 0, 12288, 11779, 337
2026/09/10 19:21:00.942, 0, 12288, 11779, 337
2026/09/10 19:21:01.148, 0, 12288, 11779, 337
2026/09/10 19:21:01.356, 0, 12288, 11779, 337
2026/09/10 19:21:01.564, 0, 12288, 11779, 337
2026/09/10 19:21:01.772, 0, 12288, 11779, 337
2026/09/10 19:21:01.980, 0, 12288, 11779, 337
2026/09/10 19:21:02.187, 0, 12288, 11779, 337
2026/09/10 19:21:02.395, 0, 12288, 11779, 337
2026/09/10 19:21:02.603, 0, 12288, 11779, 337
2026/09/10 19:21:02.809, 0, 12288, 11779, 337
2026/09/10 19:21:03.016, 0, 12288, 11779, 337
2026/09/10 19:21:03.224, 0, 12288, 11779, 337
2026/09/10 19:21:03.432, 0, 12288, 11779, 337
2026/09/10 19:21:03.640, 0, 12288, 11779, 337
2026/09/10 19:21:03.845, 0, 12288, 11779, 337
2026/09/10 19:21:04.053, 0, 12288, 11779, 337
2026/09/10 19:21:04.259, 0, 12288, 11779, 337
2026/09/10 19:21:04.466, 0, 12288, 11779, 337
2026/09/10 19:21:04.674, 0, 12288, 11779, 337
2026/09/10 19:21:04.882, 0, 12288, 11779, 337
2026/09/10 19:21:05.089, 0, 12288, 11779, 337
2026/09/10 19:21:05.297, 0, 12288, 11779, 337
2026/09/10 19:21:05.503, 0, 12288, 11779, 337
2026/09/10 19:21:05.711, 0, 12288, 11779, 337
2026/09/10 19:21:05.919, 0, 12288, 11779, 337
2026/09/10 19:21:06.127, 0, 12288, 11779, 337
2026/09/10 19:21:06.335, 0, 12288, 11779, 337
2026/09/10 19:21:06.542, 0, 12288, 11779, 337
2026/09/10 19:21:06.750, 0, 12288, 11779, 337
2026/09/10 19:21:06.957, 0, 12288, 11779, 337
2026/09/10 19:21:07.164, 0, 12288, 11779, 337
2026/09/10 19:21:07.372, 0, 12288, 11779, 337
2026/09/10 19:21:07.580, 0, 12288, 11779, 337
2026/09/10 19:21:07.788, 0, 12288, 11779, 337
2026/09/10 19:21:07.996, 0, 12288, 11779, 337
2026/09/10 19:21:08.204, 0, 12288, 11779, 337
2026/09/10 19:21:08.411, 0, 12288, 11779, 337
2026/09/10 19:21:08.619, 0, 12288, 11779, 337
2026/09/10 19:21:08.827, 0, 12288, 11779, 337
2026/09/10 19:21:09.034, 0, 12288, 11779, 337
2026/09/10 19:21:09.242, 0, 12288, 11779, 337
2026/09/10 19:21:09.448, 0, 12288, 11779, 337
2026/09/10 19:21:09.654, 0, 12288, 11779, 337
2026/09/10 19:21:09.862, 0, 12288, 11779, 337
2026/09/10 19:21:10.069, 0, 12288, 11779, 337
2026/09/10 19:21:10.276, 0, 12288, 11779, 337
2026/09/10 19:21:10.484, 0, 12288, 11779, 337
2026/09/10 19:21:10.691, 0, 12288, 11779, 337
2026/09/10 19:21:10.897, 0, 12288, 11779, 337
2026/09/10 19:21:11.105, 0, 12288, 11779, 337
2026/09/10 19:21:11.313, 0, 12288, 11779, 337
2026/09/10 19:21:11.520, 0, 12288, 11779, 337
2026/09/10 19:21:11.727, 0, 12288, 11779, 337
2026/09/10 19:21:11.935, 0, 12288, 11779, 337
2026/09/10 19:21:12.143, 0, 12288, 11779, 337
2026/09/10 19:21:12.350, 0, 12288, 11779, 337
2026/09/10 19:21:12.558, 0, 12288, 11779, 337
2026/09/10 19:21:12.766, 0, 12288, 11779, 337
2026/09/10 19:21:12.974, 0, 12288, 11779, 337
2026/09/10 19:21:13.182, 0, 12288, 11779, 337
2026/09/10 19:21:13.390, 0, 12288, 11779, 337
2026/09/10 19:21:13.597, 0, 12288, 11779, 337
2026/09/10 19:21:13.820, 0, 12288, 11779, 337
2026/09/10 19:21:14.026, 0, 12288, 11779, 337
2026/09/10 19:21:14.234, 0, 12288, 11779, 337
2026/09/10 19:21:14.442, 0, 12288, 11779, 337
2026/09/10 19:21:14.647, 0, 12288, 11779, 337
2026/09/10 19:21:14.855, 0, 12288, 11779, 337
2026/09/10 19:21:15.060, 0, 12288, 11779, 337
2026/09/10 19:21:15.266, 0, 12288, 11779, 337
2026/09/10 19:21:15.474, 0, 12288, 11779, 337
2026/09/10 19:21:15.682, 0, 12288, 11779, 337
2026/09/10 19:21:15.890, 0, 12288, 11779, 337
2026/09/10 19:21:16.098, 0, 12288, 11779, 337
2026/09/10 19:21:16.306, 0, 12288, 11779, 337
2026/09/10 19:21:16.513, 0, 12288, 11779, 337
2026/09/10 19:21:16.721, 0, 12288, 11779, 337
2026/09/10 19:21:16.928, 0, 12288, 11779, 337
2026/09/10 19:21:17.136, 0, 12288, 11779, 337
2026/09/10 19:21:17.344, 0, 12288, 11779, 337
2026/09/10 19:21:17.552, 0, 12288, 11779, 337
2026/09/10 19:21:17.759, 0, 12288, 11779, 337
2026/09/10 19:21:17.967, 0, 12288, 11779, 337
2026/09/10 19:21:18.175, 0, 12288, 11779, 337
2026/09/10 19:21:18.382, 0, 12288, 11779, 337
2026/09/10 19:21:18.590, 0, 12288, 11779, 337
2026/09/10 19:21:18.798, 0, 12288, 11779, 337
2026/09/10 19:21:19.005, 0, 12288, 11779, 337
2026/09/10 19:21:19.212, 0, 12288, 11779, 337
2026/09/10 19:21:19.419, 0, 12288, 11779, 337
2026/09/10 19:21:19.627, 0, 12288, 11779, 337
2026/09/10 19:21:19.835, 0, 12288, 11779, 337
2026/09/10 19:21:20.043, 0, 12288, 11779, 337
2026/09/10 19:21:20.251, 0, 12288, 11779, 337
2026/09/10 19:21:20.457, 0, 12288, 11779, 337
2026/09/10 19:21:20.663, 0, 12288, 11779, 337
2026/09/10 19:21:20.871, 0, 12288, 11779, 337
2026/09/10 19:21:21.077, 0, 12288, 11779, 337
2026/09/10 19:21:21.284, 0, 12288, 11779, 337
2026/09/10 19:21:21.492, 0, 12288, 11779, 337
2026/09/10 19:21:21.700, 0, 12288, 11779, 337
2026/09/10 19:21:21.906, 0, 12288, 11779, 337
2026/09/10 19:21:22.114, 0, 12288, 11779, 337
2026/09/10 19:21:22.322, 0, 12288, 11779, 337
2026/09/10 19:21:22.530, 0, 12288, 11779, 337
2026/09/10 19:21:22.735, 0, 12288, 11779, 337
2026/09/10 19:21:22.943, 0, 12288, 11779, 337
2026/09/10 19:21:23.150, 0, 12288, 11779, 337
2026/09/10 19:21:23.356, 0, 12288, 11779, 337
2026/09/10 19:21:23.562, 0, 12288, 11779, 337
2026/09/10 19:21:23.770, 0, 12288, 11779, 337
2026/09/10 19:21:23.978, 0, 12288, 11779, 337
2026/09/10 19:21:24.186, 0, 12288, 11779, 337
2026/09/10 19:21:24.394, 0, 12288, 11779, 337
2026/09/10 19:21:24.601, 0, 12288, 11779, 337
2026/09/10 19:21:24.808, 0, 12288, 11779, 337
2026/09/10 19:21:25.015, 0, 12288, 11779, 337
2026/09/10 19:21:25.222, 0, 12288, 11779, 337
2026/09/10 19:21:25.430, 0, 12288, 11779, 337
2026/09/10 19:21:25.637, 0, 12288, 11779, 337
2026/09/10 19:21:25.844, 0, 12288, 11779, 337
2026/09/10 19:21:26.051, 0, 12288, 11779, 337
2026/09/10 19:21:26.256, 0, 12288, 11779, 337
2026/09/10 19:21:26.464, 0, 12288, 11779, 337
2026/09/10 19:21:26.672, 0, 12288, 11779, 337
2026/09/10 19:21:26.879, 0, 12288, 11779, 337
2026/09/10 19:21:27.086, 0, 12288, 11779, 337
2026/09/10 19:21:27.294, 0, 12288, 11779, 337
2026/09/10 19:21:27.502, 0, 12288, 11779, 337
2026/09/10 19:21:27.710, 0, 12288, 11779, 337
2026/09/10 19:21:27.918, 0, 12288, 11779, 337
2026/09/10 19:21:28.125, 0, 12288, 11779, 337
2026/09/10 19:21:28.333, 0, 12288, 11779, 337
2026/09/10 19:21:28.541, 0, 12288, 11779, 337
2026/09/10 19:21:28.748, 0, 12288, 11779, 337
2026/09/10 19:21:28.956, 0, 12288, 11779, 337
2026/09/10 19:21:29.163, 0, 12288, 11779, 337
2026/09/10 19:21:29.371, 0, 12288, 11779, 337
2026/09/10 19:21:29.579, 0, 12288, 11779, 337
2026/09/10 19:21:29.787, 0, 12288, 11779, 337
2026/09/10 19:21:29.994, 0, 12288, 11779, 337
2026/09/10 19:21:30.201, 0, 12288, 11779, 337
2026/09/10 19:21:30.409, 0, 12288, 11779, 337
2026/09/10 19:21:30.616, 0, 12288, 11779, 337
2026/09/10 19:21:30.824, 0, 12288, 11779, 337
2026/09/10 19:21:31.031, 0, 12288, 11779, 337
2026/09/10 19:21:31.238, 0, 12288, 11779, 337
2026/09/10 19:21:31.446, 0, 12288, 11779, 337
2026/09/10 19:21:31.653, 0, 12288, 11779, 337
2026/09/10 19:21:31.859, 0, 12288, 11779, 337
2026/09/10 19:21:32.067, 0, 12288, 11779, 337
2026/09/10 19:21:32.275, 0, 12288, 11779, 337
2026/09/10 19:21:32.483, 0, 12288, 11779, 337
2026/09/10 19:21:32.691, 0, 12288, 11779, 337
2026/09/10 19:21:32.915, 0, 12288, 11779, 337
2026/09/10 19:21:33.123, 0, 12288, 11779, 337
2026/09/10 19:21:33.331, 0, 12288, 11779, 337
2026/09/10 19:21:33.539, 0, 12288, 11779, 337
2026/09/10 19:21:33.747, 0, 12288, 11779, 337
2026/09/10 19:21:33.954, 0, 12288, 11779, 337
2026/09/10 19:21:34.161, 0, 12288, 11779, 337
2026/09/10 19:21:34.368, 0, 12288, 11779, 337
2026/09/10 19:21:34.576, 0, 12288, 11779, 337
2026/09/10 19:21:34.783, 0, 12288, 11779, 337
2026/09/10 19:21:34.991, 0, 12288, 11779, 337
2026/09/10 19:21:35.198, 0, 12288, 11779, 337
2026/09/10 19:21:35.405, 0, 12288, 11779, 337
2026/09/10 19:21:35.628, 0, 12288, 11779, 337
2026/09/10 19:21:35.835, 0, 12288, 11779, 337
2026/09/10 19:21:36.043, 0, 12288, 11779, 337
2026/09/10 19:21:36.251, 0, 12288, 11779, 337
2026/09/10 19:21:36.459, 0, 12288, 11779, 337
2026/09/10 19:21:36.667, 0, 12288, 11779, 337
2026/09/10 19:21:36.873, 0, 12288, 11779, 337
2026/09/10 19:21:37.079, 0, 12288, 11779, 337
2026/09/10 19:21:37.285, 0, 12288, 11779, 337
2026/09/10 19:21:37.493, 0, 12288, 11779, 337
2026/09/10 19:21:37.701, 0, 12288, 11779, 337
2026/09/10 19:21:37.908, 0, 12288, 11779, 337
2026/09/10 19:21:38.116, 0, 12288, 11779, 337
2026/09/10 19:21:38.323, 0, 12288, 11779, 337
2026/09/10 19:21:38.530, 0, 12288, 11779, 337
2026/09/10 19:21:38.738, 0, 12288, 11779, 337
2026/09/10 19:21:38.945, 0, 12288, 11779, 337
2026/09/10 19:21:39.153, 0, 12288, 11779, 337
2026/09/10 19:21:39.359, 0, 12288, 11779, 337
2026/09/10 19:21:39.567, 0, 12288, 11779, 337
2026/09/10 19:21:39.774, 0, 12288, 11779, 337
2026/09/10 19:21:39.982, 0, 12288, 11779, 337
2026/09/10 19:21:40.188, 0, 12288, 11779, 337
2026/09/10 19:21:40.395, 0, 12288, 11779, 337
2026/09/10 19:21:40.603, 0, 12288, 11779, 337
2026/09/10 19:21:40.811, 0, 12288, 11779, 337
2026/09/10 19:21:41.018, 0, 12288, 11779, 337
2026/09/10 19:21:41.224, 0, 12288, 11779, 337
2026/09/10 19:21:41.432, 0, 12288, 11779, 337
2026/09/10 19:21:41.638, 0, 12288, 11779, 337
2026/09/10 19:21:41.846, 0, 12288, 11779, 337
2026/09/10 19:21:42.053, 0, 12288, 11779, 337
2026/09/10 19:21:42.261, 0, 12288, 11779, 337
2026/09/10 19:21:42.468, 0, 12288, 11779, 337
2026/09/10 19:21:42.676, 0, 12288, 11779, 337
2026/09/10 19:21:42.882, 0, 12288, 11779, 337
2026/09/10 19:21:43.089, 0, 12288, 11779, 337
2026/09/10 19:21:43.297, 0, 12288, 11779, 337
2026/09/10 19:21:43.505, 0, 12288, 11779, 337
2026/09/10 19:21:43.712, 0, 12288, 11779, 337
2026/09/10 19:21:43.920, 0, 12288, 11779, 337
2026/09/10 19:21:44.128, 0, 12288, 11779, 337
2026/09/10 19:21:44.336, 0, 12288, 11779, 337
2026/09/10 19:21:44.543, 0, 12288, 11779, 337
2026/09/10 19:21:44.751, 0, 12288, 11779, 337
2026/09/10 19:21:44.959, 0, 12288, 11779, 337
2026/09/10 19:21:45.181, 0, 12288, 11779, 337
2026/09/10 19:21:45.387, 0, 12288, 11779, 337
2026/09/10 19:21:45.595, 0, 12288, 11779, 337
2026/09/10 19:21:45.803, 0, 12288, 11779, 337
2026/09/10 19:21:46.010, 0, 12288, 11779, 337
2026/09/10 19:21:46.218, 0, 12288, 11779, 337
2026/09/10 19:21:46.426, 0, 12288, 11779, 337
2026/09/10 19:21:46.632, 0, 12288, 11779, 337
2026/09/10 19:21:46.838, 0, 12288, 11779, 337
2026/09/10 19:21:47.045, 0, 12288, 11779, 337
2026/09/10 19:21:47.251, 0, 12288, 11779, 337
2026/09/10 19:21:47.456, 0, 12288, 11779, 337
2026/09/10 19:21:47.663, 0, 12288, 11779, 337
2026/09/10 19:21:47.871, 0, 12288, 11779, 337
2026/09/10 19:21:48.077, 0, 12288, 11779, 337
2026/09/10 19:21:48.285, 0, 12288, 11779, 337
2026/09/10 19:21:48.490, 0, 12288, 11779, 337
2026/09/10 19:21:48.698, 0, 12288, 11779, 337
2026/09/10 19:21:48.906, 0, 12288, 11779, 337
2026/09/10 19:21:49.113, 0, 12288, 11779, 337
2026/09/10 19:21:49.321, 0, 12288, 11779, 337
2026/09/10 19:21:49.529, 0, 12288, 11779, 337
2026/09/10 19:21:49.736, 0, 12288, 11779, 337
2026/09/10 19:21:49.944, 0, 12288, 11779, 337
2026/09/10 19:21:50.152, 0, 12288, 11779, 337
2026/09/10 19:21:50.360, 0, 12288, 11779, 337
2026/09/10 19:21:50.566, 0, 12288, 11779, 337
2026/09/10 19:21:50.774, 0, 12288, 11779, 337
2026/09/10 19:21:50.982, 0, 12288, 11779, 337
2026/09/10 19:21:51.190, 0, 12288, 11779, 337
2026/09/10 19:21:51.398, 0, 12288, 11779, 337
2026/09/10 19:21:51.605, 0, 12288, 11779, 337
2026/09/10 19:21:51.813, 0, 12288, 11779, 337
2026/09/10 19:21:52.019, 0, 12288, 11779, 337
2026/09/10 19:21:52.227, 0, 12288, 11779, 337
2026/09/10 19:21:52.432, 0, 12288, 11779, 337
2026/09/10 19:21:52.637, 0, 12288, 11779, 337
2026/09/10 19:21:52.844, 0, 12288, 11779, 337
2026/09/10 19:21:53.051, 0, 12288, 11779, 337
2026/09/10 19:21:53.258, 0, 12288, 11779, 337
2026/09/10 19:21:53.466, 0, 12288, 11779, 337
2026/09/10 19:21:53.673, 0, 12288, 11779, 337
2026/09/10 19:21:53.881, 0, 12288, 11779, 337
2026/09/10 19:21:54.086, 0, 12288, 11779, 337
2026/09/10 19:21:54.294, 0, 12288, 11779, 337
2026/09/10 19:21:54.502, 0, 12288, 11779, 337
2026/09/10 19:21:54.725, 0, 12288, 11779, 337
2026/09/10 19:21:54.932, 0, 12288, 11779, 337
2026/09/10 19:21:55.139, 0, 12288, 11779, 337
2026/09/10 19:21:55.347, 0, 12288, 11779, 337
2026/09/10 19:21:55.555, 0, 12288, 11779, 337
2026/09/10 19:21:55.763, 0, 12288, 11779, 337
2026/09/10 19:21:55.970, 0, 12288, 11779, 337
2026/09/10 19:21:56.178, 0, 12288, 11779, 337
2026/09/10 19:21:56.384, 0, 12288, 11779, 337
2026/09/10 19:21:56.591, 0, 12288, 11779, 337
2026/09/10 19:21:56.799, 0, 12288, 11779, 337
2026/09/10 19:21:57.005, 0, 12288, 11779, 337
2026/09/10 19:21:57.213, 0, 12288, 11779, 337
2026/09/10 19:21:57.420, 0, 12288, 11779, 337
2026/09/10 19:21:57.627, 0, 12288, 11779, 337
2026/09/10 19:21:57.835, 0, 12288, 11779, 337
2026/09/10 19:21:58.043, 0, 12288, 11779, 337
2026/09/10 19:21:58.251, 0, 12288, 11779, 337
2026/09/10 19:21:58.458, 0, 12288, 11779, 337
2026/09/10 19:21:58.666, 0, 12288, 11779, 337
2026/09/10 19:21:58.873, 0, 12288, 11779, 337
2026/09/10 19:21:59.080, 0, 12288, 11779, 337
2026/09/10 19:21:59.288, 0, 12288, 11779, 337
2026/09/10 19:21:59.496, 0, 12288, 11779, 337
2026/09/10 19:21:59.700, 0, 12288, 11779, 337
2026/09/10 19:21:59.908, 0, 12288, 11779, 337
2026/09/10 19:22:00.115, 0, 12288, 11779, 337
2026/09/10 19:22:00.322, 0, 12288, 11779, 337
2026/09/10 19:22:00.530, 0, 12288, 11779, 337
2026/09/10 19:22:00.738, 0, 12288, 11779, 337
2026/09/10 19:22:00.945, 0, 12288, 11779, 337
2026/09/10 19:22:01.153, 0, 12288, 11779, 337
2026/09/10 19:22:01.360, 0, 12288, 11779, 337
2026/09/10 19:22:01.566, 0, 12288, 11779, 337
2026/09/10 19:22:01.773, 0, 12288, 11779, 337
2026/09/10 19:22:01.981, 0, 12288, 11779, 337
2026/09/10 19:22:02.187, 0, 12288, 11779, 337
2026/09/10 19:22:02.395, 0, 12288, 11779, 337
2026/09/10 19:22:02.603, 0, 12288, 11779, 337
2026/09/10 19:22:02.810, 0, 12288, 11779, 337
2026/09/10 19:22:03.017, 0, 12288, 11779, 337
2026/09/10 19:22:03.225, 0, 12288, 11779, 337
2026/09/10 19:22:03.433, 0, 12288, 11779, 337
2026/09/10 19:22:03.640, 0, 12288, 11779, 337
2026/09/10 19:22:03.848, 0, 12288, 11779, 337
2026/09/10 19:22:04.055, 0, 12288, 11779, 337
2026/09/10 19:22:04.263, 0, 12288, 11779, 337
2026/09/10 19:22:04.470, 0, 12288, 11779, 337
2026/09/10 19:22:04.678, 0, 12288, 11779, 337
2026/09/10 19:22:04.884, 0, 12288, 11779, 337
2026/09/10 19:22:05.092, 0, 12288, 11779, 337
2026/09/10 19:22:05.297, 0, 12288, 11779, 337
2026/09/10 19:22:05.505, 0, 12288, 11779, 337
2026/09/10 19:22:05.713, 0, 12288, 11779, 337
2026/09/10 19:22:05.920, 0, 12288, 11779, 337
2026/09/10 19:22:06.128, 0, 12288, 11779, 337
2026/09/10 19:22:06.335, 0, 12288, 11779, 337
2026/09/10 19:22:06.543, 0, 12288, 11779, 337
2026/09/10 19:22:06.750, 0, 12288, 11779, 337
2026/09/10 19:22:06.955, 0, 12288, 11779, 337
2026/09/10 19:22:07.163, 0, 12288, 11779, 337
2026/09/10 19:22:07.368, 0, 12288, 11779, 337
2026/09/10 19:22:07.575, 0, 12288, 11779, 337
2026/09/10 19:22:07.781, 0, 12288, 11779, 337
2026/09/10 19:22:07.989, 0, 12288, 11779, 337
2026/09/10 19:22:08.195, 0, 12288, 11779, 337
2026/09/10 19:22:08.402, 0, 12288, 11779, 337
2026/09/10 19:22:08.609, 0, 12288, 11779, 337
2026/09/10 19:22:08.815, 0, 12288, 11779, 337
2026/09/10 19:22:09.023, 0, 12288, 11779, 337
2026/09/10 19:22:09.231, 0, 12288, 11779, 337
2026/09/10 19:22:09.439, 0, 12288, 11779, 337
2026/09/10 19:22:09.645, 0, 12288, 11779, 337
2026/09/10 19:22:09.853, 0, 12288, 11779, 337
2026/09/10 19:22:10.060, 0, 12288, 11779, 337
2026/09/10 19:22:10.266, 0, 12288, 11779, 337
2026/09/10 19:22:10.474, 0, 12288, 11779, 337
2026/09/10 19:22:10.679, 0, 12288, 11779, 337
2026/09/10 19:22:10.884, 0, 12288, 11779, 337
2026/09/10 19:22:11.089, 0, 12288, 11779, 337
2026/09/10 19:22:11.297, 0, 12288, 11779, 337
2026/09/10 19:22:11.505, 0, 12288, 11779, 337
2026/09/10 19:22:11.712, 0, 12288, 11779, 337
2026/09/10 19:22:11.920, 0, 12288, 11779, 337
2026/09/10 19:22:12.128, 0, 12288, 11779, 337
2026/09/10 19:22:12.335, 0, 12288, 11779, 337
2026/09/10 19:22:12.542, 0, 12288, 11779, 337
2026/09/10 19:22:12.749, 0, 12288, 11779, 337
2026/09/10 19:22:12.957, 0, 12288, 11779, 337
2026/09/10 19:22:13.163, 0, 12288, 11779, 337
2026/09/10 19:22:13.371, 0, 12288, 11779, 337
2026/09/10 19:22:13.577, 0, 12288, 11779, 337
2026/09/10 19:22:13.799, 0, 12288, 11779, 337
2026/09/10 19:22:14.007, 0, 12288, 11779, 337
2026/09/10 19:22:14.215, 0, 12288, 11779, 337
2026/09/10 19:22:14.422, 0, 12288, 11779, 337
2026/09/10 19:22:14.629, 0, 12288, 11779, 337
2026/09/10 19:22:14.837, 0, 12288, 11779, 337
2026/09/10 19:22:15.044, 0, 12288, 11779, 337
2026/09/10 19:22:15.248, 0, 12288, 11779, 337
2026/09/10 19:22:15.456, 0, 12288, 11779, 337
2026/09/10 19:22:15.664, 0, 12288, 11779, 337
2026/09/10 19:22:15.872, 0, 12288, 11779, 337
2026/09/10 19:22:16.079, 0, 12288, 11779, 337
2026/09/10 19:22:16.283, 0, 12288, 11779, 337
2026/09/10 19:22:16.486, 0, 12288, 11779, 337
2026/09/10 19:22:16.691, 0, 12288, 11779, 337
2026/09/10 19:22:16.897, 0, 12288, 11779, 337
2026/09/10 19:22:17.105, 0, 12288, 11779, 337
2026/09/10 19:22:17.309, 0, 12288, 11779, 337
2026/09/10 19:22:17.516, 0, 12288, 11779, 337
2026/09/10 19:22:17.722, 0, 12288, 11779, 337
2026/09/10 19:22:17.927, 0, 12288, 11779, 337
2026/09/10 19:22:18.131, 0, 12288, 11779, 337
2026/09/10 19:22:18.337, 0, 12288, 11779, 337
2026/09/10 19:22:18.545, 0, 12288, 11779, 337
2026/09/10 19:22:18.751, 0, 12288, 11779, 337
2026/09/10 19:22:18.958, 0, 12288, 11779, 337
2026/09/10 19:22:19.162, 0, 12288, 11779, 337
2026/09/10 19:22:19.367, 0, 12288, 11779, 337
2026/09/10 19:22:19.574, 0, 12288, 11779, 337
2026/09/10 19:22:19.781, 0, 12288, 11779, 337
2026/09/10 19:22:19.987, 0, 12288, 11779, 337
2026/09/10 19:22:20.194, 0, 12288, 11779, 337
2026/09/10 19:22:20.400, 0, 12288, 11779, 337
2026/09/10 19:22:20.623, 0, 12288, 11779, 337
2026/09/10 19:22:20.830, 0, 12288, 11779, 337
2026/09/10 19:22:21.036, 0, 12288, 11779, 337
2026/09/10 19:22:21.244, 0, 12288, 11779, 337
2026/09/10 19:22:21.451, 0, 12288, 11779, 337
2026/09/10 19:22:21.657, 0, 12288, 11779, 337
2026/09/10 19:22:21.864, 0, 12288, 11779, 337
2026/09/10 19:22:22.067, 0, 12288, 11779, 337
2026/09/10 19:22:22.275, 0, 12288, 11779, 337
2026/09/10 19:22:22.483, 0, 12288, 11779, 337
2026/09/10 19:22:22.687, 0, 12288, 11779, 337
2026/09/10 19:22:22.895, 0, 12288, 11779, 337
2026/09/10 19:22:23.101, 0, 12288, 11779, 337
2026/09/10 19:22:23.308, 0, 12288, 11779, 337
2026/09/10 19:22:23.515, 0, 12288, 11779, 337
2026/09/10 19:22:23.720, 0, 12288, 11779, 337
2026/09/10 19:22:23.928, 0, 12288, 11779, 337
2026/09/10 19:22:24.135, 0, 12288, 11779, 337
2026/09/10 19:22:24.340, 0, 12288, 11779, 337
2026/09/10 19:22:24.548, 0, 12288, 11779, 337
2026/09/10 19:22:24.754, 0, 12288, 11779, 337
2026/09/10 19:22:24.962, 0, 12288, 11779, 337
2026/09/10 19:22:25.169, 0, 12288, 11779, 337
2026/09/10 19:22:25.374, 0, 12288, 11779, 337
2026/09/10 19:22:25.581, 0, 12288, 11779, 337
2026/09/10 19:22:25.788, 0, 12288, 11779, 337
2026/09/10 19:22:25.993, 0, 12288, 11779, 337
2026/09/10 19:22:26.200, 0, 12288, 11779, 337
2026/09/10 19:22:26.406, 0, 12288, 11779, 337
2026/09/10 19:22:26.610, 0, 12288, 11779, 337
2026/09/10 19:22:26.817, 0, 12288, 11779, 337
2026/09/10 19:22:27.022, 0, 12288, 11779, 337
2026/09/10 19:22:27.228, 0, 12288, 11779, 337
2026/09/10 19:22:27.436, 0, 12288, 11779, 337
2026/09/10 19:22:27.638, 0, 12288, 11779, 337
2026/09/10 19:22:27.846, 0, 12288, 11779, 337
2026/09/10 19:22:28.054, 0, 12288, 11779, 337
2026/09/10 19:22:28.260, 0, 12288, 11779, 337
2026/09/10 19:22:28.467, 0, 12288, 11779, 337
2026/09/10 19:22:28.671, 0, 12288, 11779, 337
2026/09/10 19:22:28.876, 0, 12288, 11779, 337
2026/09/10 19:22:29.082, 0, 12288, 11779, 337
2026/09/10 19:22:29.287, 0, 12288, 11779, 337
2026/09/10 19:22:29.495, 0, 12288, 11779, 337
2026/09/10 19:22:29.701, 0, 12288, 11779, 337
2026/09/10 19:22:29.906, 0, 12288, 11779, 337
2026/09/10 19:22:30.113, 0, 12288, 11779, 337
2026/09/10 19:22:30.317, 0, 12288, 11779, 337
2026/09/10 19:22:30.522, 0, 12288, 11779, 337
2026/09/10 19:22:30.729, 0, 12288, 11779, 337
2026/09/10 19:22:30.935, 0, 12288, 11779, 337
2026/09/10 19:22:31.141, 0, 12288, 11779, 337
2026/09/10 19:22:31.347, 0, 12288, 11779, 337
2026/09/10 19:22:31.555, 0, 12288, 11779, 337
2026/09/10 19:22:31.763, 0, 12288, 11779, 337
2026/09/10 19:22:31.970, 0, 12288, 11779, 337
2026/09/10 19:22:32.178, 0, 12288, 11779, 337
2026/09/10 19:22:32.386, 0, 12288, 11779, 337
2026/09/10 19:22:32.594, 0, 12288, 11779, 337
2026/09/10 19:22:32.800, 0, 12288, 11779, 337
2026/09/10 19:22:33.008, 0, 12288, 11779, 337
2026/09/10 19:22:33.213, 0, 12288, 11779, 337
2026/09/10 19:22:33.419, 0, 12288, 11779, 337
2026/09/10 19:22:33.627, 0, 12288, 11779, 337
2026/09/10 19:22:33.831, 0, 12288, 11779, 337
2026/09/10 19:22:34.037, 0, 12288, 11779, 337
2026/09/10 19:22:34.243, 0, 12288, 11779, 337
2026/09/10 19:22:34.449, 0, 12288, 11779, 337
2026/09/10 19:22:34.656, 0, 12288, 11779, 337
2026/09/10 19:22:34.863, 0, 12288, 11779, 337
2026/09/10 19:22:35.069, 0, 12288, 11779, 337
2026/09/10 19:22:35.276, 0, 12288, 11779, 337
2026/09/10 19:22:35.481, 0, 12288, 11779, 337
2026/09/10 19:22:35.685, 0, 12288, 11779, 337
2026/09/10 19:22:35.891, 0, 12288, 11779, 337
2026/09/10 19:22:36.097, 0, 12288, 11779, 337
2026/09/10 19:22:36.302, 0, 12288, 11779, 337
2026/09/10 19:22:36.510, 0, 12288, 11779, 337
2026/09/10 19:22:36.715, 0, 12288, 11779, 337
2026/09/10 19:22:36.922, 0, 12288, 11779, 337
2026/09/10 19:22:37.129, 0, 12288, 11779, 337
2026/09/10 19:22:37.335, 0, 12288, 11779, 337
2026/09/10 19:22:37.543, 0, 12288, 11779, 337
2026/09/10 19:22:37.751, 0, 12288, 11779, 337
2026/09/10 19:22:37.955, 0, 12288, 11779, 337
2026/09/10 19:22:38.162, 0, 12288, 11779, 337
2026/09/10 19:22:38.368, 0, 12288, 11779, 337
2026/09/10 19:22:38.573, 0, 12288, 11779, 337
2026/09/10 19:22:38.778, 0, 12288, 11779, 337
2026/09/10 19:22:38.984, 0, 12288, 11779, 337
2026/09/10 19:22:39.189, 0, 12288, 11779, 337
2026/09/10 19:22:39.397, 0, 12288, 11779, 337
2026/09/10 19:22:39.603, 0, 12288, 11779, 337
2026/09/10 19:22:39.808, 0, 12288, 11779, 337
2026/09/10 19:22:40.015, 0, 12288, 11779, 337
2026/09/10 19:22:40.219, 0, 12288, 11779, 337
2026/09/10 19:22:40.424, 0, 12288, 11779, 337
2026/09/10 19:22:40.632, 0, 12288, 11779, 337
2026/09/10 19:22:40.835, 0, 12288, 11779, 337
2026/09/10 19:22:41.059, 0, 12288, 11779, 337
2026/09/10 19:22:41.266, 0, 12288, 11779, 337
2026/09/10 19:22:41.468, 0, 12288, 11779, 337
2026/09/10 19:22:41.676, 0, 12288, 11779, 337
2026/09/10 19:22:41.881, 0, 12288, 11779, 337
2026/09/10 19:22:42.086, 0, 12288, 11779, 337
2026/09/10 19:22:42.293, 0, 12288, 11779, 337
2026/09/10 19:22:42.498, 0, 12288, 11779, 337
2026/09/10 19:22:42.702, 0, 12288, 11779, 337
2026/09/10 19:22:42.908, 0, 12288, 11779, 337
2026/09/10 19:22:43.114, 0, 12288, 11779, 337
2026/09/10 19:22:43.317, 0, 12288, 11779, 337
2026/09/10 19:22:43.524, 0, 12288, 11779, 337
2026/09/10 19:22:43.730, 0, 12288, 11781, 335
2026/09/10 19:22:43.934, 0, 12288, 11781, 335
2026/09/10 19:22:44.137, 0, 12288, 11781, 335
2026/09/10 19:22:44.342, 0, 12288, 11781, 335
2026/09/10 19:22:44.548, 0, 12288, 11781, 335
2026/09/10 19:22:44.756, 0, 12288, 11781, 335
2026/09/10 19:22:44.963, 0, 12288, 11781, 335
2026/09/10 19:22:45.169, 0, 12288, 11781, 335
2026/09/10 19:22:45.376, 0, 12288, 11781, 335
2026/09/10 19:22:45.584, 0, 12288, 11781, 335
2026/09/10 19:22:45.792, 0, 12288, 11781, 335
2026/09/10 19:22:46.001, 0, 12288, 11781, 335
2026/09/10 19:22:46.206, 0, 12288, 11781, 335
2026/09/10 19:22:46.412, 0, 12288, 11781, 335
2026/09/10 19:22:46.618, 0, 12288, 11781, 335
2026/09/10 19:22:46.825, 0, 12288, 11781, 335
2026/09/10 19:22:47.032, 0, 12288, 11781, 335
2026/09/10 19:22:47.240, 0, 12288, 11781, 335
2026/09/10 19:22:47.448, 0, 12288, 11781, 335
2026/09/10 19:22:47.655, 0, 12288, 11781, 335
2026/09/10 19:22:47.859, 0, 12288, 11781, 335
2026/09/10 19:22:48.067, 0, 12288, 11781, 335
2026/09/10 19:22:48.272, 0, 12288, 11781, 335
2026/09/10 19:22:48.480, 0, 12288, 11781, 335
2026/09/10 19:22:48.688, 0, 12288, 11781, 335
2026/09/10 19:22:48.895, 0, 12288, 11781, 335
2026/09/10 19:22:49.103, 0, 12288, 11781, 335
2026/09/10 19:22:49.310, 0, 12288, 11781, 335
2026/09/10 19:22:49.517, 0, 12288, 11781, 335
2026/09/10 19:22:49.724, 0, 12288, 11781, 335
2026/09/10 19:22:49.930, 0, 12288, 11781, 335
2026/09/10 19:22:50.138, 0, 12288, 11781, 335
2026/09/10 19:22:50.345, 0, 12288, 11781, 335
2026/09/10 19:22:50.551, 0, 12288, 11781, 335
2026/09/10 19:22:50.759, 0, 12288, 11781, 335
2026/09/10 19:22:50.967, 0, 12288, 11781, 335
2026/09/10 19:22:51.174, 0, 12288, 11781, 335
2026/09/10 19:22:51.382, 0, 12288, 11781, 335
2026/09/10 19:22:51.590, 0, 12288, 11781, 335
2026/09/10 19:22:51.797, 0, 12288, 11781, 335
2026/09/10 19:22:52.003, 0, 12288, 11781, 335
2026/09/10 19:22:52.211, 0, 12288, 11781, 335
2026/09/10 19:22:52.419, 0, 12288, 11781, 335
2026/09/10 19:22:52.627, 0, 12288, 11781, 335
2026/09/10 19:22:52.835, 0, 12288, 11781, 335
2026/09/10 19:22:53.042, 0, 12288, 11781, 335
2026/09/10 19:22:53.250, 0, 12288, 11781, 335
2026/09/10 19:22:53.458, 0, 12288, 11781, 335
2026/09/10 19:22:53.666, 0, 12288, 11781, 335
2026/09/10 19:22:53.874, 0, 12288, 11781, 335
2026/09/10 19:22:54.081, 0, 12288, 11781, 335
2026/09/10 19:22:54.288, 0, 12288, 11781, 335
2026/09/10 19:22:54.495, 0, 12288, 11781, 335
2026/09/10 19:22:54.703, 0, 12288, 11781, 335
2026/09/10 19:22:54.911, 0, 12288, 11781, 335
2026/09/10 19:22:55.118, 0, 12288, 11781, 335
2026/09/10 19:22:55.324, 0, 12288, 11781, 335
2026/09/10 19:22:55.529, 0, 12288, 11781, 335
2026/09/10 19:22:55.735, 0, 12288, 11781, 335
2026/09/10 19:22:55.939, 0, 12288, 11781, 335
2026/09/10 19:22:56.147, 0, 12288, 11781, 335
2026/09/10 19:22:56.355, 0, 12288, 11781, 335
2026/09/10 19:22:56.563, 0, 12288, 11781, 335
2026/09/10 19:22:56.770, 0, 12288, 11781, 335
2026/09/10 19:22:56.977, 0, 12288, 11781, 335
2026/09/10 19:22:57.184, 0, 12288, 11781, 335
2026/09/10 19:22:57.390, 0, 12288, 11781, 335
2026/09/10 19:22:57.595, 0, 12288, 11781, 335
2026/09/10 19:22:57.803, 0, 12288, 11781, 335
2026/09/10 19:22:58.011, 0, 12288, 11781, 335
2026/09/10 19:22:58.219, 0, 12288, 11781, 335
2026/09/10 19:22:58.426, 0, 12288, 11781, 335
2026/09/10 19:22:58.634, 0, 12288, 11781, 335
2026/09/10 19:22:58.839, 0, 12288, 11781, 335
2026/09/10 19:22:59.047, 0, 12288, 11781, 335
2026/09/10 19:22:59.254, 0, 12288, 11781, 335
2026/09/10 19:22:59.461, 0, 12288, 11781, 335
2026/09/10 19:22:59.669, 0, 12288, 11781, 335
2026/09/10 19:22:59.876, 0, 12288, 11781, 335
2026/09/10 19:23:00.083, 0, 12288, 11781, 335
2026/09/10 19:23:00.289, 0, 12288, 11781, 335
2026/09/10 19:23:00.497, 0, 12288, 11781, 335
2026/09/10 19:23:00.703, 0, 12288, 11781, 335
2026/09/10 19:23:00.909, 0, 12288, 11781, 335
2026/09/10 19:23:01.115, 0, 12288, 11781, 335
2026/09/10 19:23:01.322, 0, 12288, 11781, 335
2026/09/10 19:23:01.531, 0, 12288, 11781, 335
2026/09/10 19:23:01.737, 0, 12288, 11781, 335
2026/09/10 19:23:01.944, 0, 12288, 11781, 335
2026/09/10 19:23:02.151, 0, 12288, 11781, 335
2026/09/10 19:23:02.358, 0, 12288, 11781, 335
2026/09/10 19:23:02.566, 0, 12288, 11781, 335
2026/09/10 19:23:02.772, 0, 12288, 11781, 335
2026/09/10 19:23:02.979, 0, 12288, 11781, 335
2026/09/10 19:23:03.186, 0, 12288, 11781, 335
2026/09/10 19:23:03.392, 0, 12288, 11781, 335
2026/09/10 19:23:03.600, 0, 12288, 11781, 335
2026/09/10 19:23:03.808, 0, 12288, 11781, 335
2026/09/10 19:23:04.016, 0, 12288, 11781, 335
2026/09/10 19:23:04.240, 0, 12288, 11781, 335
2026/09/10 19:23:04.447, 0, 12288, 11781, 335
2026/09/10 19:23:04.655, 0, 12288, 11781, 335
2026/09/10 19:23:04.863, 0, 12288, 11781, 335
2026/09/10 19:23:05.071, 0, 12288, 11781, 335
2026/09/10 19:23:05.278, 0, 12288, 11781, 335
2026/09/10 19:23:05.485, 0, 12288, 11781, 335
2026/09/10 19:23:05.693, 0, 12288, 11781, 335
2026/09/10 19:23:05.900, 0, 12288, 11781, 335
2026/09/10 19:23:06.107, 0, 12288, 11781, 335
2026/09/10 19:23:06.315, 0, 12288, 11781, 335
2026/09/10 19:23:06.523, 0, 12288, 11781, 335
2026/09/10 19:23:06.730, 0, 12288, 11781, 335
2026/09/10 19:23:06.937, 0, 12288, 11781, 335
2026/09/10 19:23:07.145, 0, 12288, 11781, 335
2026/09/10 19:23:07.353, 0, 12288, 11781, 335
2026/09/10 19:23:07.561, 0, 12288, 11781, 335
2026/09/10 19:23:07.767, 0, 12288, 11781, 335
2026/09/10 19:23:07.975, 0, 12288, 11781, 335
2026/09/10 19:23:08.182, 0, 12288, 11781, 335
2026/09/10 19:23:08.390, 0, 12288, 11781, 335
2026/09/10 19:23:08.598, 0, 12288, 11781, 335
2026/09/10 19:23:08.806, 0, 12288, 11781, 335
2026/09/10 19:23:09.014, 0, 12288, 11781, 335
2026/09/10 19:23:09.222, 0, 12288, 11781, 335
2026/09/10 19:23:09.429, 0, 12288, 11781, 335
2026/09/10 19:23:09.636, 0, 12288, 11781, 335
2026/09/10 19:23:09.844, 0, 12288, 11781, 335
2026/09/10 19:23:10.052, 0, 12288, 11781, 335
2026/09/10 19:23:10.260, 0, 12288, 11781, 335
2026/09/10 19:23:10.468, 0, 12288, 11781, 335
2026/09/10 19:23:10.675, 0, 12288, 11781, 335
2026/09/10 19:23:10.883, 0, 12288, 11781, 335
2026/09/10 19:23:11.090, 0, 12288, 11781, 335
2026/09/10 19:23:11.297, 0, 12288, 11781, 335
2026/09/10 19:23:11.505, 0, 12288, 11781, 335
2026/09/10 19:23:11.713, 0, 12288, 11781, 335
2026/09/10 19:23:11.921, 0, 12288, 11781, 335
2026/09/10 19:23:12.129, 0, 12288, 11781, 335
2026/09/10 19:23:12.333, 0, 12288, 11781, 335
2026/09/10 19:23:12.540, 0, 12288, 11781, 335
2026/09/10 19:23:12.747, 0, 12288, 11781, 335
2026/09/10 19:23:12.955, 0, 12288, 11781, 335
2026/09/10 19:23:13.163, 0, 12288, 11781, 335
2026/09/10 19:23:13.371, 0, 12288, 11781, 335
2026/09/10 19:23:13.579, 0, 12288, 11781, 335
2026/09/10 19:23:13.787, 0, 12288, 11781, 335
2026/09/10 19:23:13.994, 0, 12288, 11781, 335
2026/09/10 19:23:14.202, 0, 12288, 11781, 335
2026/09/10 19:23:14.409, 0, 12288, 11781, 335
2026/09/10 19:23:14.617, 0, 12288, 11781, 335
2026/09/10 19:23:14.824, 0, 12288, 11781, 335
2026/09/10 19:23:15.031, 0, 12288, 11781, 335
2026/09/10 19:23:15.237, 0, 12288, 11781, 335
2026/09/10 19:23:15.445, 0, 12288, 11781, 335
2026/09/10 19:23:15.653, 0, 12288, 11781, 335
2026/09/10 19:23:15.861, 0, 12288, 11781, 335
2026/09/10 19:23:16.069, 0, 12288, 11781, 335
2026/09/10 19:23:16.277, 0, 12288, 11781, 335
2026/09/10 19:23:16.500, 0, 12288, 11781, 335
2026/09/10 19:23:16.707, 0, 12288, 11781, 335
2026/09/10 19:23:16.915, 0, 12288, 11781, 335
2026/09/10 19:23:17.122, 0, 12288, 11781, 335
2026/09/10 19:23:17.330, 0, 12288, 11781, 335
2026/09/10 19:23:17.536, 0, 12288, 11781, 335
2026/09/10 19:23:17.743, 0, 12288, 11781, 335
2026/09/10 19:23:17.949, 0, 12288, 11781, 335
2026/09/10 19:23:18.156, 0, 12288, 11781, 335
2026/09/10 19:23:18.362, 0, 12288, 11781, 335
2026/09/10 19:23:18.570, 0, 12288, 11781, 335
2026/09/10 19:23:18.777, 0, 12288, 11781, 335
2026/09/10 19:23:18.984, 0, 12288, 11781, 335
2026/09/10 19:23:19.192, 0, 12288, 11781, 335
2026/09/10 19:23:19.400, 0, 12288, 11781, 335
2026/09/10 19:23:19.608, 0, 12288, 11781, 335
2026/09/10 19:23:19.815, 0, 12288, 11781, 335
2026/09/10 19:23:20.022, 0, 12288, 11781, 335
2026/09/10 19:23:20.229, 0, 12288, 11781, 335
2026/09/10 19:23:20.437, 0, 12288, 11781, 335
2026/09/10 19:23:20.645, 0, 12288, 11781, 335
2026/09/10 19:23:20.853, 0, 12288, 11781, 335
2026/09/10 19:23:21.061, 0, 12288, 11781, 335
2026/09/10 19:23:21.269, 0, 12288, 11781, 335
2026/09/10 19:23:21.477, 0, 12288, 11781, 335
2026/09/10 19:23:21.684, 0, 12288, 11781, 335
2026/09/10 19:23:21.890, 0, 12288, 11781, 335
2026/09/10 19:23:22.098, 0, 12288, 11781, 335
2026/09/10 19:23:22.306, 0, 12288, 11781, 335
2026/09/10 19:23:22.514, 0, 12288, 11781, 335
2026/09/10 19:23:22.722, 0, 12288, 11781, 335
2026/09/10 19:23:22.930, 0, 12288, 11781, 335
2026/09/10 19:23:23.137, 0, 12288, 11781, 335
2026/09/10 19:23:23.345, 0, 12288, 11781, 335
2026/09/10 19:23:23.550, 0, 12288, 11781, 335
2026/09/10 19:23:23.758, 0, 12288, 11781, 335
2026/09/10 19:23:23.966, 0, 12288, 11781, 335
2026/09/10 19:23:24.173, 0, 12288, 11781, 335
2026/09/10 19:23:24.380, 0, 12288, 11781, 335
2026/09/10 19:23:24.587, 0, 12288, 11781, 335
2026/09/10 19:23:24.795, 0, 12288, 11781, 335
2026/09/10 19:23:25.002, 0, 12288, 11781, 335
2026/09/10 19:23:25.208, 0, 12288, 11781, 335
2026/09/10 19:23:25.416, 0, 12288, 11781, 335
2026/09/10 19:23:25.624, 0, 12288, 11781, 335
2026/09/10 19:23:25.831, 0, 12288, 11781, 335
2026/09/10 19:23:26.038, 0, 12288, 11781, 335
2026/09/10 19:23:26.245, 0, 12288, 11781, 335
2026/09/10 19:23:26.452, 0, 12288, 11781, 335
2026/09/10 19:23:26.659, 0, 12288, 11781, 335
2026/09/10 19:23:26.867, 0, 12288, 11781, 335
2026/09/10 19:23:27.075, 0, 12288, 11781, 335
2026/09/10 19:23:27.282, 0, 12288, 11781, 335
2026/09/10 19:23:27.490, 0, 12288, 11781, 335
2026/09/10 19:23:27.698, 0, 12288, 11781, 335
2026/09/10 19:23:27.906, 0, 12288, 11781, 335
2026/09/10 19:23:28.114, 0, 12288, 11781, 335
2026/09/10 19:23:28.322, 0, 12288, 11781, 335
2026/09/10 19:23:28.530, 0, 12288, 11781, 335
2026/09/10 19:23:28.736, 0, 12288, 11781, 335
2026/09/10 19:23:28.944, 0, 12288, 11781, 335
2026/09/10 19:23:29.152, 0, 12288, 11781, 335
2026/09/10 19:23:29.360, 0, 12288, 11781, 335
2026/09/10 19:23:29.568, 0, 12288, 11781, 335
2026/09/10 19:23:29.776, 0, 12288, 11781, 335
2026/09/10 19:23:29.983, 0, 12288, 11781, 335
2026/09/10 19:23:30.188, 0, 12288, 11781, 335
2026/09/10 19:23:30.395, 0, 12288, 11781, 335
2026/09/10 19:23:30.603, 0, 12288, 11781, 335
2026/09/10 19:23:30.811, 0, 12288, 11781, 335
2026/09/10 19:23:31.019, 0, 12288, 11781, 335
2026/09/10 19:23:31.227, 0, 12288, 11781, 335
2026/09/10 19:23:31.433, 0, 12288, 11781, 335
2026/09/10 19:23:31.640, 0, 12288, 11781, 335
2026/09/10 19:23:31.847, 0, 12288, 11781, 335
2026/09/10 19:23:32.054, 0, 12288, 11781, 335
2026/09/10 19:23:32.262, 0, 12288, 11781, 335
2026/09/10 19:23:32.468, 0, 12288, 11781, 335
2026/09/10 19:23:32.674, 0, 12288, 11781, 335
2026/09/10 19:23:32.882, 0, 12288, 11781, 335
2026/09/10 19:23:33.089, 0, 12288, 11781, 335
2026/09/10 19:23:33.296, 0, 12288, 11781, 335
2026/09/10 19:23:33.504, 0, 12288, 11781, 335
2026/09/10 19:23:33.712, 0, 12288, 11781, 335
2026/09/10 19:23:33.916, 0, 12288, 11781, 335
2026/09/10 19:23:34.124, 0, 12288, 11781, 335
2026/09/10 19:23:34.331, 0, 12288, 11781, 335
2026/09/10 19:23:34.539, 0, 12288, 11781, 335
2026/09/10 19:23:34.747, 0, 12288, 11781, 335
2026/09/10 19:23:34.955, 0, 12288, 11781, 335
2026/09/10 19:23:35.162, 0, 12288, 11781, 335
2026/09/10 19:23:35.369, 0, 12288, 11781, 335
2026/09/10 19:23:35.592, 0, 12288, 11781, 335
2026/09/10 19:23:35.798, 0, 12288, 11781, 335
2026/09/10 19:23:36.006, 0, 12288, 11781, 335
2026/09/10 19:23:36.214, 0, 12288, 11781, 335
2026/09/10 19:23:36.422, 0, 12288, 11781, 335
2026/09/10 19:23:36.630, 0, 12288, 11781, 335
2026/09/10 19:23:36.837, 0, 12288, 11781, 335
2026/09/10 19:23:37.043, 0, 12288, 11781, 335
2026/09/10 19:23:37.251, 0, 12288, 11781, 335
2026/09/10 19:23:37.458, 0, 12288, 11781, 335
2026/09/10 19:23:37.666, 0, 12288, 11781, 335
2026/09/10 19:23:37.874, 0, 12288, 11781, 335
2026/09/10 19:23:38.082, 0, 12288, 11781, 335
2026/09/10 19:23:38.289, 0, 12288, 11781, 335
2026/09/10 19:23:38.495, 0, 12288, 11781, 335
2026/09/10 19:23:38.703, 0, 12288, 11781, 335
2026/09/10 19:23:38.910, 0, 12288, 11781, 335
2026/09/10 19:23:39.117, 0, 12288, 11781, 335
2026/09/10 19:23:39.325, 0, 12288, 11781, 335
2026/09/10 19:23:39.532, 0, 12288, 11781, 335
2026/09/10 19:23:39.738, 0, 12288, 11781, 335
2026/09/10 19:23:39.945, 0, 12288, 11781, 335
2026/09/10 19:23:40.152, 0, 12288, 11781, 335
2026/09/10 19:23:40.360, 0, 12288, 11781, 335
2026/09/10 19:23:40.568, 0, 12288, 11781, 335
2026/09/10 19:23:40.776, 0, 12288, 11781, 335
2026/09/10 19:23:40.984, 0, 12288, 11781, 335
2026/09/10 19:23:41.191, 0, 12288, 11781, 335
2026/09/10 19:23:41.396, 0, 12288, 11781, 335
2026/09/10 19:23:41.603, 0, 12288, 11781, 335
2026/09/10 19:23:41.811, 0, 12288, 11781, 335
2026/09/10 19:23:42.019, 0, 12288, 11781, 335
2026/09/10 19:23:42.227, 0, 12288, 11781, 335
2026/09/10 19:23:42.434, 0, 12288, 11781, 335
2026/09/10 19:23:42.641, 0, 12288, 11781, 335
2026/09/10 19:23:42.848, 0, 12288, 11781, 335
2026/09/10 19:23:43.056, 0, 12288, 11781, 335
2026/09/10 19:23:43.264, 0, 12288, 11781, 335
2026/09/10 19:23:43.471, 0, 12288, 11781, 335
2026/09/10 19:23:43.679, 0, 12288, 11781, 335
2026/09/10 19:23:43.884, 0, 12288, 11781, 335
2026/09/10 19:23:44.091, 0, 12288, 11781, 335
2026/09/10 19:23:44.299, 0, 12288, 11781, 335
2026/09/10 19:23:44.506, 0, 12288, 11781, 335
2026/09/10 19:23:44.713, 0, 12288, 11781, 335
2026/09/10 19:23:44.919, 0, 12288, 11781, 335
2026/09/10 19:23:45.125, 0, 12288, 11781, 335
2026/09/10 19:23:45.332, 0, 12288, 11781, 335
2026/09/10 19:23:45.539, 0, 12288, 11781, 335
2026/09/10 19:23:45.747, 0, 12288, 11781, 335
2026/09/10 19:23:45.954, 0, 12288, 11781, 335
2026/09/10 19:23:46.162, 0, 12288, 11781, 335
2026/09/10 19:23:46.369, 0, 12288, 11781, 335
2026/09/10 19:23:46.575, 0, 12288, 11781, 335
2026/09/10 19:23:46.783, 0, 12288, 11781, 335
2026/09/10 19:23:46.989, 0, 12288, 11781, 335
2026/09/10 19:23:47.197, 0, 12288, 11781, 335
2026/09/10 19:23:47.404, 0, 12288, 11781, 335
2026/09/10 19:23:47.612, 0, 12288, 11781, 335
2026/09/10 19:23:47.820, 0, 12288, 11781, 335
2026/09/10 19:23:48.027, 0, 12288, 11781, 335
2026/09/10 19:23:48.235, 0, 12288, 11781, 335
2026/09/10 19:23:48.442, 0, 12288, 11781, 335
2026/09/10 19:23:48.648, 0, 12288, 11781, 335
2026/09/10 19:23:48.854, 0, 12288, 11781, 335
2026/09/10 19:23:49.061, 0, 12288, 11781, 335
2026/09/10 19:23:49.265, 0, 12288, 11781, 335
2026/09/10 19:23:49.473, 0, 12288, 11781, 335
2026/09/10 19:23:49.680, 0, 12288, 11781, 335
2026/09/10 19:23:49.888, 0, 12288, 11781, 335
2026/09/10 19:23:50.095, 0, 12288, 11781, 335
2026/09/10 19:23:50.303, 0, 12288, 11781, 335
2026/09/10 19:23:50.510, 0, 12288, 11781, 335
2026/09/10 19:23:50.718, 0, 12288, 11781, 335
2026/09/10 19:23:50.926, 0, 12288, 11781, 335
2026/09/10 19:23:51.134, 0, 12288, 11781, 335
2026/09/10 19:23:51.342, 0, 12288, 11781, 335
2026/09/10 19:23:51.549, 0, 12288, 11781, 335
2026/09/10 19:23:51.756, 0, 12288, 11781, 335
2026/09/10 19:23:51.964, 0, 12288, 11781, 335
2026/09/10 19:23:52.172, 0, 12288, 11781, 335
2026/09/10 19:23:52.379, 0, 12288, 11781, 335
2026/09/10 19:23:52.586, 0, 12288, 11781, 335
2026/09/10 19:23:52.794, 0, 12288, 11781, 335
2026/09/10 19:23:53.002, 0, 12288, 11781, 335
2026/09/10 19:23:53.208, 0, 12288, 11781, 335
2026/09/10 19:23:53.416, 0, 12288, 11781, 335
2026/09/10 19:23:53.623, 0, 12288, 11781, 335
2026/09/10 19:23:53.830, 0, 12288, 11781, 335
2026/09/10 19:23:54.037, 0, 12288, 11781, 335
2026/09/10 19:23:54.243, 0, 12288, 11781, 335
2026/09/10 19:23:54.450, 0, 12288, 11781, 335
2026/09/10 19:23:54.672, 0, 12288, 11781, 335
2026/09/10 19:23:54.879, 0, 12288, 11781, 335
2026/09/10 19:23:55.086, 0, 12288, 11781, 335
2026/09/10 19:23:55.293, 0, 12288, 11781, 335
2026/09/10 19:23:55.501, 0, 12288, 11781, 335
2026/09/10 19:23:55.709, 0, 12288, 11781, 335
2026/09/10 19:23:55.916, 0, 12288, 11781, 335
2026/09/10 19:23:56.124, 0, 12288, 11781, 335
2026/09/10 19:23:56.331, 0, 12288, 11781, 335
2026/09/10 19:23:56.538, 0, 12288, 11781, 335
2026/09/10 19:23:56.745, 0, 12288, 11781, 335
2026/09/10 19:23:56.953, 0, 12288, 11781, 335
2026/09/10 19:23:57.159, 0, 12288, 11781, 335
2026/09/10 19:23:57.367, 0, 12288, 11781, 335
2026/09/10 19:23:57.574, 0, 12288, 11781, 335
2026/09/10 19:23:57.782, 0, 12288, 11781, 335
2026/09/10 19:23:57.990, 0, 12288, 11781, 335
2026/09/10 19:23:58.196, 0, 12288, 11781, 335
2026/09/10 19:23:58.403, 0, 12288, 11781, 335
2026/09/10 19:23:58.611, 0, 12288, 11781, 335
2026/09/10 19:23:58.817, 0, 12288, 11781, 335
2026/09/10 19:23:59.025, 0, 12288, 11781, 335
2026/09/10 19:23:59.232, 0, 12288, 11781, 335
2026/09/10 19:23:59.440, 0, 12288, 11781, 335
2026/09/10 19:23:59.647, 0, 12288, 11781, 335
2026/09/10 19:23:59.855, 0, 12288, 11781, 335
2026/09/10 19:24:00.062, 0, 12288, 11781, 335
2026/09/10 19:24:00.270, 0, 12288, 11781, 335
2026/09/10 19:24:00.478, 0, 12288, 11781, 335
2026/09/10 19:24:00.686, 0, 12288, 11781, 335
2026/09/10 19:24:00.894, 0, 12288, 11781, 335
2026/09/10 19:24:01.102, 0, 12288, 11781, 335
2026/09/10 19:24:01.310, 0, 12288, 11781, 335
2026/09/10 19:24:01.516, 0, 12288, 11781, 335
2026/09/10 19:24:01.724, 0, 12288, 11781, 335
2026/09/10 19:24:01.932, 0, 12288, 11781, 335
2026/09/10 19:24:02.139, 0, 12288, 11781, 335
2026/09/10 19:24:02.345, 0, 12288, 11781, 335
2026/09/10 19:24:02.553, 0, 12288, 11781, 335
2026/09/10 19:24:02.760, 0, 12288, 11781, 335
2026/09/10 19:24:02.968, 0, 12288, 11781, 335
2026/09/10 19:24:03.176, 0, 12288, 11781, 335
2026/09/10 19:24:03.384, 0, 12288, 11781, 335
2026/09/10 19:24:03.591, 0, 12288, 11781, 335
2026/09/10 19:24:03.798, 0, 12288, 11781, 335
2026/09/10 19:24:04.005, 0, 12288, 11781, 335
2026/09/10 19:24:04.212, 0, 12288, 11781, 335
2026/09/10 19:24:04.420, 0, 12288, 11781, 335
2026/09/10 19:24:04.627, 0, 12288, 11781, 335
2026/09/10 19:24:04.833, 0, 12288, 11781, 335
2026/09/10 19:24:05.041, 0, 12288, 11781, 335
2026/09/10 19:24:05.248, 0, 12288, 11781, 335
2026/09/10 19:24:05.455, 0, 12288, 11781, 335
2026/09/10 19:24:05.663, 0, 12288, 11781, 335
2026/09/10 19:24:05.870, 0, 12288, 11781, 335
2026/09/10 19:24:06.078, 0, 12288, 11781, 335
2026/09/10 19:24:06.286, 0, 12288, 11781, 335
2026/09/10 19:24:06.493, 0, 12288, 11781, 335
2026/09/10 19:24:06.701, 0, 12288, 11781, 335
2026/09/10 19:24:06.908, 0, 12288, 11781, 335
2026/09/10 19:24:07.115, 0, 12288, 11781, 335
2026/09/10 19:24:07.322, 0, 12288, 11781, 335
2026/09/10 19:24:07.530, 0, 12288, 11781, 335
2026/09/10 19:24:07.737, 0, 12288, 11781, 335
2026/09/10 19:24:07.944, 0, 12288, 11781, 335
2026/09/10 19:24:08.151, 0, 12288, 11781, 335
2026/09/10 19:24:08.359, 0, 12288, 11781, 335
2026/09/10 19:24:08.565, 0, 12288, 11781, 335
2026/09/10 19:24:08.773, 0, 12288, 11781, 335
2026/09/10 19:24:08.980, 0, 12288, 11781, 335
2026/09/10 19:24:09.187, 0, 12288, 11781, 335
2026/09/10 19:24:09.393, 0, 12288, 11781, 335
2026/09/10 19:24:09.601, 0, 12288, 11781, 335
2026/09/10 19:24:09.808, 0, 12288, 11781, 335
2026/09/10 19:24:10.016, 0, 12288, 11781, 335
2026/09/10 19:24:10.224, 0, 12288, 11781, 335
2026/09/10 19:24:10.430, 0, 12288, 11781, 335
2026/09/10 19:24:10.638, 0, 12288, 11781, 335
2026/09/10 19:24:10.844, 0, 12288, 11781, 335
2026/09/10 19:24:11.052, 0, 12288, 11781, 335
2026/09/10 19:24:11.259, 0, 12288, 11781, 335
2026/09/10 19:24:11.467, 0, 12288, 11781, 335
2026/09/10 19:24:11.674, 0, 12288, 11781, 335
2026/09/10 19:24:11.882, 0, 12288, 11781, 335
2026/09/10 19:24:12.090, 0, 12288, 11781, 335
2026/09/10 19:24:12.297, 0, 12288, 11781, 335
2026/09/10 19:24:12.504, 0, 12288, 11781, 335
2026/09/10 19:24:12.711, 0, 12288, 11781, 335
2026/09/10 19:24:12.919, 0, 12288, 11781, 335
2026/09/10 19:24:13.127, 0, 12288, 11781, 335
2026/09/10 19:24:13.335, 0, 12288, 11781, 335
2026/09/10 19:24:13.543, 0, 12288, 11781, 335
2026/09/10 19:24:13.764, 0, 12288, 11781, 335
2026/09/10 19:24:13.971, 0, 12288, 11781, 335
2026/09/10 19:24:14.179, 0, 12288, 11781, 335
2026/09/10 19:24:14.387, 0, 12288, 11781, 335
2026/09/10 19:24:14.595, 0, 12288, 11781, 335
2026/09/10 19:24:14.803, 0, 12288, 11781, 335
2026/09/10 19:24:15.006, 0, 12288, 11781, 335
2026/09/10 19:24:15.213, 0, 12288, 11781, 335
2026/09/10 19:24:15.421, 0, 12288, 11781, 335
2026/09/10 19:24:15.628, 0, 12288, 11781, 335
2026/09/10 19:24:15.835, 0, 12288, 11781, 335
2026/09/10 19:24:16.043, 0, 12288, 11781, 335
2026/09/10 19:24:16.251, 0, 12288, 11781, 335
2026/09/10 19:24:16.459, 0, 12288, 11781, 335
2026/09/10 19:24:16.666, 0, 12288, 11781, 335
2026/09/10 19:24:16.875, 0, 12288, 11781, 335
2026/09/10 19:24:17.083, 0, 12288, 11781, 335
2026/09/10 19:24:17.291, 0, 12288, 11781, 335
2026/09/10 19:24:17.497, 0, 12288, 11781, 335
2026/09/10 19:24:17.705, 0, 12288, 11781, 335
2026/09/10 19:24:17.912, 0, 12288, 11781, 335
2026/09/10 19:24:18.120, 0, 12288, 11781, 335
2026/09/10 19:24:18.328, 0, 12288, 11781, 335
2026/09/10 19:24:18.536, 0, 12288, 11781, 335
2026/09/10 19:24:18.744, 0, 12288, 11781, 335
2026/09/10 19:24:18.952, 0, 12288, 11781, 335
2026/09/10 19:24:19.158, 0, 12288, 11781, 335
2026/09/10 19:24:19.366, 0, 12288, 11781, 335
2026/09/10 19:24:19.573, 0, 12288, 11781, 335
2026/09/10 19:24:19.780, 0, 12288, 11781, 335
2026/09/10 19:24:19.987, 0, 12288, 11781, 335
2026/09/10 19:24:20.195, 0, 12288, 11781, 335
2026/09/10 19:24:20.402, 0, 12288, 11781, 335
2026/09/10 19:24:20.609, 0, 12288, 11781, 335
2026/09/10 19:24:20.815, 0, 12288, 11781, 335
2026/09/10 19:24:21.023, 0, 12288, 11781, 335
2026/09/10 19:24:21.231, 0, 12288, 11781, 335
2026/09/10 19:24:21.438, 0, 12288, 11781, 335
2026/09/10 19:24:21.646, 0, 12288, 11781, 335
2026/09/10 19:24:21.853, 0, 12288, 11781, 335
2026/09/10 19:24:22.060, 0, 12288, 11781, 335
2026/09/10 19:24:22.267, 0, 12288, 11781, 335
2026/09/10 19:24:22.473, 0, 12288, 11781, 335
2026/09/10 19:24:22.678, 0, 12288, 11781, 335
2026/09/10 19:24:22.884, 0, 12288, 11781, 335
2026/09/10 19:24:23.090, 0, 12288, 11781, 335
2026/09/10 19:24:23.297, 0, 12288, 11781, 335
2026/09/10 19:24:23.504, 0, 12288, 11781, 335
2026/09/10 19:24:23.712, 0, 12288, 11781, 335
2026/09/10 19:24:23.919, 0, 12288, 11781, 335
2026/09/10 19:24:24.127, 0, 12288, 11781, 335
2026/09/10 19:24:24.334, 0, 12288, 11781, 335
2026/09/10 19:24:24.541, 0, 12288, 11781, 335
2026/09/10 19:24:24.749, 0, 12288, 11781, 335
2026/09/10 19:24:24.955, 0, 12288, 11781, 335
2026/09/10 19:24:25.162, 0, 12288, 11781, 335
2026/09/10 19:24:25.370, 0, 12288, 11781, 335
2026/09/10 19:24:25.578, 0, 12288, 11781, 335
2026/09/10 19:24:25.786, 0, 12288, 11781, 335
2026/09/10 19:24:25.993, 0, 12288, 11781, 335
2026/09/10 19:24:26.199, 0, 12288, 11781, 335
2026/09/10 19:24:26.406, 0, 12288, 11781, 335
2026/09/10 19:24:26.614, 0, 12288, 11781, 335
2026/09/10 19:24:26.822, 0, 12288, 11781, 335
2026/09/10 19:24:27.030, 0, 12288, 11781, 335
2026/09/10 19:24:27.237, 0, 12288, 11781, 335
2026/09/10 19:24:27.445, 0, 12288, 11781, 335
2026/09/10 19:24:27.650, 0, 12288, 11781, 335
2026/09/10 19:24:27.858, 0, 12288, 11781, 335
2026/09/10 19:24:28.064, 0, 12288, 11781, 335
2026/09/10 19:24:28.272, 0, 12288, 11781, 335
2026/09/10 19:24:28.480, 0, 12288, 11781, 335
2026/09/10 19:24:28.686, 0, 12288, 11781, 335
2026/09/10 19:24:28.894, 0, 12288, 11781, 335
2026/09/10 19:24:29.102, 0, 12288, 11781, 335
2026/09/10 19:24:29.310, 0, 12288, 11781, 335
2026/09/10 19:24:29.518, 0, 12288, 11781, 335
2026/09/10 19:24:29.726, 0, 12288, 11781, 335
2026/09/10 19:24:29.933, 0, 12288, 11781, 335
2026/09/10 19:24:30.138, 0, 12288, 11781, 335
2026/09/10 19:24:30.346, 0, 12288, 11781, 335
2026/09/10 19:24:30.553, 0, 12288, 11781, 335
2026/09/10 19:24:30.761, 0, 12288, 11781, 335
2026/09/10 19:24:30.969, 0, 12288, 11781, 335
2026/09/10 19:24:31.177, 0, 12288, 11781, 335
2026/09/10 19:24:31.384, 0, 12288, 11781, 335
2026/09/10 19:24:31.591, 0, 12288, 11781, 335
2026/09/10 19:24:31.797, 0, 12288, 11781, 335
2026/09/10 19:24:32.003, 0, 12288, 11781, 335
2026/09/10 19:24:32.211, 0, 12288, 11781, 335
2026/09/10 19:24:32.418, 0, 12288, 11781, 335
2026/09/10 19:24:32.626, 0, 12288, 11781, 335
2026/09/10 19:24:32.834, 0, 12288, 11781, 335
2026/09/10 19:24:33.042, 0, 12288, 11781, 335
2026/09/10 19:24:33.250, 0, 12288, 11781, 335
2026/09/10 19:24:33.457, 0, 12288, 11781, 335
2026/09/10 19:24:33.665, 0, 12288, 11781, 335
2026/09/10 19:24:33.872, 0, 12288, 11781, 335
2026/09/10 19:24:34.080, 0, 12288, 11781, 335
2026/09/10 19:24:34.287, 0, 12288, 11781, 335
2026/09/10 19:24:34.495, 0, 12288, 11781, 335
2026/09/10 19:24:34.703, 0, 12288, 11781, 335
2026/09/10 19:24:34.911, 0, 12288, 11781, 335
2026/09/10 19:24:35.119, 0, 12288, 11781, 335
2026/09/10 19:24:35.327, 0, 12288, 11781, 335
2026/09/10 19:24:35.534, 0, 12288, 11781, 335
2026/09/10 19:24:35.742, 0, 12288, 11781, 335
2026/09/10 19:24:35.950, 0, 12288, 11781, 335
2026/09/10 19:24:36.158, 0, 12288, 11781, 335
2026/09/10 19:24:36.365, 0, 12288, 11781, 335
2026/09/10 19:24:36.573, 0, 12288, 11781, 335
2026/09/10 19:24:36.781, 0, 12288, 11781, 335
2026/09/10 19:24:36.988, 0, 12288, 11781, 335
2026/09/10 19:24:37.196, 0, 12288, 11781, 335
2026/09/10 19:24:37.402, 0, 12288, 11781, 335
2026/09/10 19:24:37.609, 0, 12288, 11781, 335
2026/09/10 19:24:37.816, 0, 12288, 11781, 335
2026/09/10 19:24:38.024, 0, 12288, 11781, 335
2026/09/10 19:24:38.231, 0, 12288, 11781, 335
2026/09/10 19:24:38.438, 0, 12288, 11781, 335
2026/09/10 19:24:38.646, 0, 12288, 11781, 335
2026/09/10 19:24:38.854, 0, 12288, 11781, 335
2026/09/10 19:24:39.062, 0, 12288, 11781, 335
2026/09/10 19:24:39.270, 0, 12288, 11781, 335
2026/09/10 19:24:39.475, 0, 12288, 11781, 335
2026/09/10 19:24:39.683, 0, 12288, 11781, 335
2026/09/10 19:24:39.890, 0, 12288, 11781, 335
2026/09/10 19:24:40.097, 0, 12288, 11781, 335
2026/09/10 19:24:40.305, 0, 12288, 11781, 335
2026/09/10 19:24:40.512, 0, 12288, 11781, 335
2026/09/10 19:24:40.719, 0, 12288, 11781, 335
2026/09/10 19:24:40.925, 0, 12288, 11781, 335
2026/09/10 19:24:41.132, 0, 12288, 11781, 335
2026/09/10 19:24:41.340, 0, 12288, 11781, 335
2026/09/10 19:24:41.547, 0, 12288, 11781, 335
2026/09/10 19:24:41.755, 0, 12288, 11781, 335
2026/09/10 19:24:41.963, 0, 12288, 11781, 335
2026/09/10 19:24:42.171, 0, 12288, 11781, 335
2026/09/10 19:24:42.378, 0, 12288, 11781, 335
2026/09/10 19:24:42.585, 0, 12288, 11781, 335
2026/09/10 19:24:42.792, 0, 12288, 11781, 335
2026/09/10 19:24:42.997, 0, 12288, 11781, 335
2026/09/10 19:24:43.204, 0, 12288, 11781, 335
2026/09/10 19:24:43.412, 0, 12288, 11781, 335
2026/09/10 19:24:43.620, 0, 12288, 11781, 335
2026/09/10 19:24:43.827, 0, 12288, 11781, 335
2026/09/10 19:24:44.035, 0, 12288, 11781, 335
2026/09/10 19:24:44.242, 0, 12288, 11781, 335
2026/09/10 19:24:44.450, 0, 12288, 11781, 335
2026/09/10 19:24:44.657, 0, 12288, 11781, 335
2026/09/10 19:24:44.865, 0, 12288, 11781, 335
2026/09/10 19:24:45.073, 0, 12288, 11781, 335
2026/09/10 19:24:45.279, 0, 12288, 11781, 335
2026/09/10 19:24:45.486, 0, 12288, 11781, 335
2026/09/10 19:24:45.694, 0, 12288, 11781, 335
2026/09/10 19:24:45.901, 0, 12288, 11781, 335
2026/09/10 19:24:46.108, 0, 12288, 11781, 335
2026/09/10 19:24:46.315, 0, 12288, 11781, 335
2026/09/10 19:24:46.523, 0, 12288, 11781, 335
2026/09/10 19:24:46.731, 0, 12288, 11781, 335
2026/09/10 19:24:46.938, 0, 12288, 11781, 335
2026/09/10 19:24:47.146, 0, 12288, 11781, 335
2026/09/10 19:24:47.353, 0, 12288, 11781, 335
2026/09/10 19:24:47.560, 0, 12288, 11781, 335
2026/09/10 19:24:47.767, 0, 12288, 11781, 335
2026/09/10 19:24:47.974, 0, 12288, 11781, 335
2026/09/10 19:24:48.182, 0, 12288, 11781, 335
2026/09/10 19:24:48.390, 0, 12288, 11781, 335
2026/09/10 19:24:48.595, 0, 12288, 11781, 335
2026/09/10 19:24:48.803, 0, 12288, 11781, 335
2026/09/10 19:24:49.010, 0, 12288, 11781, 335
2026/09/10 19:24:49.216, 0, 12288, 11781, 335
2026/09/10 19:24:49.424, 0, 12288, 11781, 335
2026/09/10 19:24:49.632, 0, 12288, 11781, 335
2026/09/10 19:24:49.837, 0, 12288, 11781, 335
2026/09/10 19:24:50.043, 0, 12288, 11781, 335
2026/09/10 19:24:50.251, 0, 12288, 11781, 335
2026/09/10 19:24:50.458, 0, 12288, 11781, 335
2026/09/10 19:24:50.665, 0, 12288, 11781, 335
2026/09/10 19:24:50.872, 0, 12288, 11781, 335
2026/09/10 19:24:51.080, 0, 12288, 11781, 335
2026/09/10 19:24:51.288, 0, 12288, 11781, 335
2026/09/10 19:24:51.496, 0, 12288, 11781, 335
2026/09/10 19:24:51.704, 0, 12288, 11781, 335
2026/09/10 19:24:51.927, 0, 12288, 11781, 335
2026/09/10 19:24:52.135, 0, 12288, 11781, 335
2026/09/10 19:24:52.343, 0, 12288, 11781, 335
2026/09/10 19:24:52.549, 0, 12288, 11781, 335
2026/09/10 19:24:52.757, 0, 12288, 11781, 335
2026/09/10 19:24:52.963, 0, 12288, 11781, 335
2026/09/10 19:24:53.171, 0, 12288, 11781, 335
2026/09/10 19:24:53.378, 0, 12288, 11781, 335
2026/09/10 19:24:53.585, 0, 12288, 11781, 335
2026/09/10 19:24:53.792, 0, 12288, 11781, 335
2026/09/10 19:24:53.999, 0, 12288, 11781, 335
2026/09/10 19:24:54.204, 0, 12288, 11781, 335
2026/09/10 19:24:54.412, 0, 12288, 11781, 335
2026/09/10 19:24:54.619, 0, 12288, 11781, 335
2026/09/10 19:24:54.827, 0, 12288, 11781, 335
2026/09/10 19:24:55.034, 0, 12288, 11781, 335
2026/09/10 19:24:55.240, 0, 12288, 11781, 335
2026/09/10 19:24:55.448, 0, 12288, 11781, 335
2026/09/10 19:24:55.655, 0, 12288, 11781, 335
2026/09/10 19:24:55.862, 0, 12288, 11781, 335
2026/09/10 19:24:56.069, 0, 12288, 11781, 335
2026/09/10 19:24:56.277, 0, 12288, 11781, 335
2026/09/10 19:24:56.482, 0, 12288, 11781, 335
2026/09/10 19:24:56.690, 0, 12288, 11781, 335
2026/09/10 19:24:56.895, 0, 12288, 11781, 335
2026/09/10 19:24:57.103, 0, 12288, 11781, 335
2026/09/10 19:24:57.310, 0, 12288, 11781, 335
2026/09/10 19:24:57.517, 0, 12288, 11781, 335
2026/09/10 19:24:57.724, 0, 12288, 11781, 335
2026/09/10 19:24:57.932, 0, 12288, 11781, 335
2026/09/10 19:24:58.139, 0, 12288, 11781, 335
2026/09/10 19:24:58.347, 0, 12288, 11781, 335
2026/09/10 19:24:58.554, 0, 12288, 11781, 335
2026/09/10 19:24:58.760, 0, 12288, 11781, 335
2026/09/10 19:24:58.967, 0, 12288, 11781, 335
2026/09/10 19:24:59.175, 0, 12288, 11781, 335
2026/09/10 19:24:59.383, 0, 12288, 11781, 335
2026/09/10 19:24:59.590, 0, 12288, 11781, 335
2026/09/10 19:24:59.793, 0, 12288, 11781, 335
2026/09/10 19:24:59.998, 0, 12288, 11781, 335
2026/09/10 19:25:00.205, 0, 12288, 11781, 335
2026/09/10 19:25:00.412, 0, 12288, 11781, 335
2026/09/10 19:25:00.619, 0, 12288, 11781, 335
2026/09/10 19:25:00.827, 0, 12288, 11781, 335
2026/09/10 19:25:01.034, 0, 12288, 11781, 335
2026/09/10 19:25:01.241, 0, 12288, 11781, 335
2026/09/10 19:25:01.464, 0, 12288, 11781, 335
2026/09/10 19:25:01.671, 0, 12288, 11781, 335
2026/09/10 19:25:01.879, 0, 12288, 11781, 335
2026/09/10 19:25:02.087, 0, 12288, 11781, 335
2026/09/10 19:25:02.294, 0, 12288, 11781, 335
2026/09/10 19:25:02.502, 0, 12288, 11781, 335
2026/09/10 19:25:02.709, 0, 12288, 11781, 335
2026/09/10 19:25:02.915, 0, 12288, 11781, 335
2026/09/10 19:25:03.123, 0, 12288, 11781, 335
2026/09/10 19:25:03.330, 0, 12288, 11781, 335
2026/09/10 19:25:03.536, 0, 12288, 11781, 335
2026/09/10 19:25:03.745, 0, 12288, 11781, 335
2026/09/10 19:25:03.953, 0, 12288, 11781, 335
2026/09/10 19:25:04.159, 0, 12288, 11781, 335
2026/09/10 19:25:04.366, 0, 12288, 11781, 335
2026/09/10 19:25:04.574, 0, 12288, 11781, 335
2026/09/10 19:25:04.782, 0, 12288, 11781, 335
2026/09/10 19:25:04.989, 0, 12288, 11781, 335
2026/09/10 19:25:05.195, 0, 12288, 11781, 335
2026/09/10 19:25:05.400, 0, 12288, 11781, 335
2026/09/10 19:25:05.607, 0, 12288, 11781, 335
2026/09/10 19:25:05.814, 0, 12288, 11781, 335
2026/09/10 19:25:06.022, 0, 12288, 11781, 335
2026/09/10 19:25:06.228, 0, 12288, 11781, 335
2026/09/10 19:25:06.435, 0, 12288, 11781, 335
2026/09/10 19:25:06.643, 0, 12288, 11781, 335
2026/09/10 19:25:06.849, 0, 12288, 11781, 335
2026/09/10 19:25:07.056, 0, 12288, 11781, 335
2026/09/10 19:25:07.264, 0, 12288, 11781, 335
2026/09/10 19:25:07.472, 0, 12288, 11781, 335
2026/09/10 19:25:07.680, 0, 12288, 11781, 335
2026/09/10 19:25:07.886, 0, 12288, 11781, 335
2026/09/10 19:25:08.093, 0, 12288, 11781, 335
2026/09/10 19:25:08.301, 0, 12288, 11781, 335
2026/09/10 19:25:08.509, 0, 12288, 11781, 335
2026/09/10 19:25:08.717, 0, 12288, 11781, 335
2026/09/10 19:25:08.922, 0, 12288, 11781, 335
2026/09/10 19:25:09.130, 0, 12288, 11781, 335
2026/09/10 19:25:09.338, 0, 12288, 11781, 335
2026/09/10 19:25:09.545, 0, 12288, 11781, 335
2026/09/10 19:25:09.753, 0, 12288, 11781, 335
2026/09/10 19:25:09.959, 0, 12288, 11781, 335
2026/09/10 19:25:10.166, 0, 12288, 11781, 335
2026/09/10 19:25:10.373, 0, 12288, 11781, 335
2026/09/10 19:25:10.579, 0, 12288, 11781, 335
2026/09/10 19:25:10.787, 0, 12288, 11781, 335
2026/09/10 19:25:10.993, 0, 12288, 11781, 335
2026/09/10 19:25:11.200, 0, 12288, 11781, 335
2026/09/10 19:25:11.408, 0, 12288, 11781, 335
2026/09/10 19:25:11.615, 0, 12288, 11781, 335
2026/09/10 19:25:11.823, 0, 12288, 11781, 335
2026/09/10 19:25:12.031, 0, 12288, 11781, 335
2026/09/10 19:25:12.238, 0, 12288, 11781, 335
2026/09/10 19:25:12.446, 0, 12288, 11781, 335
2026/09/10 19:25:12.653, 0, 12288, 11781, 335
2026/09/10 19:25:12.859, 0, 12288, 11781, 335
2026/09/10 19:25:13.067, 0, 12288, 11781, 335
2026/09/10 19:25:13.274, 0, 12288, 11781, 335
2026/09/10 19:25:13.482, 0, 12288, 11781, 335
2026/09/10 19:25:13.689, 0, 12288, 11781, 335
2026/09/10 19:25:13.896, 0, 12288, 11781, 335
2026/09/10 19:25:14.104, 0, 12288, 11781, 335
2026/09/10 19:25:14.312, 0, 12288, 11781, 335
2026/09/10 19:25:14.519, 0, 12288, 11781, 335
2026/09/10 19:25:14.727, 0, 12288, 11781, 335
2026/09/10 19:25:14.934, 0, 12288, 11781, 335
2026/09/10 19:25:15.141, 0, 12288, 11781, 335
2026/09/10 19:25:15.349, 0, 12288, 11781, 335
2026/09/10 19:25:15.557, 0, 12288, 11781, 335
2026/09/10 19:25:15.764, 0, 12288, 11781, 335
2026/09/10 19:25:15.971, 0, 12288, 11781, 335
2026/09/10 19:25:16.178, 0, 12288, 11781, 335
2026/09/10 19:25:16.384, 0, 12288, 11781, 335
2026/09/10 19:25:16.589, 0, 12288, 11781, 335
2026/09/10 19:25:16.795, 0, 12288, 11781, 335
2026/09/10 19:25:17.003, 0, 12288, 11781, 335
2026/09/10 19:25:17.211, 0, 12288, 11781, 335
2026/09/10 19:25:17.418, 0, 12288, 11781, 335
2026/09/10 19:25:17.625, 0, 12288, 11781, 335
2026/09/10 19:25:17.833, 0, 12288, 11781, 335
2026/09/10 19:25:18.041, 0, 12288, 11781, 335
2026/09/10 19:25:18.248, 0, 12288, 11781, 335
2026/09/10 19:25:18.456, 0, 12288, 11781, 335
2026/09/10 19:25:18.664, 0, 12288, 11781, 335
2026/09/10 19:25:18.872, 0, 12288, 11781, 335
2026/09/10 19:25:19.080, 0, 12288, 11781, 335
2026/09/10 19:25:19.288, 0, 12288, 11781, 335
2026/09/10 19:25:19.496, 0, 12288, 11781, 335
2026/09/10 19:25:19.704, 0, 12288, 11781, 335
2026/09/10 19:25:19.912, 0, 12288, 11781, 335
2026/09/10 19:25:20.120, 0, 12288, 11781, 335
2026/09/10 19:25:20.328, 0, 12288, 11781, 335
2026/09/10 19:25:20.550, 0, 12288, 11781, 335
2026/09/10 19:25:20.756, 0, 12288, 11781, 335
2026/09/10 19:25:20.964, 0, 12288, 11781, 335
2026/09/10 19:25:21.172, 0, 12288, 11781, 335
2026/09/10 19:25:21.379, 0, 12288, 11781, 335
2026/09/10 19:25:21.587, 0, 12288, 11781, 335
2026/09/10 19:25:21.793, 0, 12288, 11781, 335
2026/09/10 19:25:22.000, 0, 12288, 11781, 335
2026/09/10 19:25:22.205, 0, 12288, 11781, 335
2026/09/10 19:25:22.412, 0, 12288, 11781, 335
2026/09/10 19:25:22.618, 0, 12288, 11781, 335
2026/09/10 19:25:22.825, 0, 12288, 11781, 335
2026/09/10 19:25:23.032, 0, 12288, 11781, 335
2026/09/10 19:25:23.240, 0, 12288, 11781, 335
2026/09/10 19:25:23.448, 0, 12288, 11781, 335
2026/09/10 19:25:23.655, 0, 12288, 11781, 335
2026/09/10 19:25:23.863, 0, 12288, 11781, 335
2026/09/10 19:25:24.070, 0, 12288, 11781, 335
2026/09/10 19:25:24.277, 0, 12288, 11781, 335
2026/09/10 19:25:24.485, 0, 12288, 11781, 335
2026/09/10 19:25:24.692, 0, 12288, 11781, 335
2026/09/10 19:25:24.899, 0, 12288, 11781, 335
2026/09/10 19:25:25.106, 0, 12288, 11781, 335
2026/09/10 19:25:25.315, 0, 12288, 11781, 335
2026/09/10 19:25:25.523, 0, 12288, 11781, 335
2026/09/10 19:25:25.731, 0, 12288, 11781, 335
2026/09/10 19:25:25.937, 0, 12288, 11781, 335
2026/09/10 19:25:26.144, 0, 12288, 11781, 335
2026/09/10 19:25:26.352, 0, 12288, 11781, 335
2026/09/10 19:25:26.560, 0, 12288, 11781, 335
2026/09/10 19:25:26.766, 0, 12288, 11781, 335
2026/09/10 19:25:26.972, 0, 12288, 11781, 335
2026/09/10 19:25:27.178, 0, 12288, 11781, 335
2026/09/10 19:25:27.385, 0, 12288, 11781, 335
2026/09/10 19:25:27.592, 0, 12288, 11781, 335
2026/09/10 19:25:27.799, 0, 12288, 11781, 335
2026/09/10 19:25:28.006, 0, 12288, 11781, 335
2026/09/10 19:25:28.214, 0, 12288, 11781, 335
2026/09/10 19:25:28.421, 0, 12288, 11781, 335
2026/09/10 19:25:28.628, 0, 12288, 11781, 335
2026/09/10 19:25:28.836, 0, 12288, 11781, 335
2026/09/10 19:25:29.044, 0, 12288, 11781, 335
2026/09/10 19:25:29.251, 0, 12288, 11781, 335
2026/09/10 19:25:29.459, 0, 12288, 11781, 335
2026/09/10 19:25:29.666, 0, 12288, 11781, 335
2026/09/10 19:25:29.873, 0, 12288, 11781, 335
2026/09/10 19:25:30.094, 0, 12288, 11781, 335
2026/09/10 19:25:30.302, 0, 12288, 11781, 335
2026/09/10 19:25:30.509, 0, 12288, 11781, 335
2026/09/10 19:25:30.717, 0, 12288, 11781, 335
2026/09/10 19:25:30.924, 0, 12288, 11781, 335
2026/09/10 19:25:31.131, 0, 12288, 11781, 335
2026/09/10 19:25:31.338, 0, 12288, 11781, 335
2026/09/10 19:25:31.546, 0, 12288, 11781, 335
2026/09/10 19:25:31.753, 0, 12288, 11781, 335
2026/09/10 19:25:31.959, 0, 12288, 11781, 335
2026/09/10 19:25:32.166, 0, 12288, 11781, 335
2026/09/10 19:25:32.374, 0, 12288, 11781, 335
2026/09/10 19:25:32.582, 0, 12288, 11781, 335
2026/09/10 19:25:32.789, 0, 12288, 11781, 335
2026/09/10 19:25:32.996, 0, 12288, 11781, 335
2026/09/10 19:25:33.204, 0, 12288, 11781, 335
2026/09/10 19:25:33.409, 0, 12288, 11781, 335
2026/09/10 19:25:33.616, 0, 12288, 11781, 335
2026/09/10 19:25:33.824, 0, 12288, 11781, 335
2026/09/10 19:25:34.031, 0, 12288, 11781, 335
2026/09/10 19:25:34.237, 0, 12288, 11781, 335
2026/09/10 19:25:34.445, 0, 12288, 11781, 335
2026/09/10 19:25:34.653, 0, 12288, 11781, 335
2026/09/10 19:25:34.861, 0, 12288, 11781, 335
2026/09/10 19:25:35.069, 0, 12288, 11781, 335
2026/09/10 19:25:35.276, 0, 12288, 11781, 335
2026/09/10 19:25:35.483, 0, 12288, 11781, 335
2026/09/10 19:25:35.690, 0, 12288, 11781, 335
2026/09/10 19:25:35.897, 0, 12288, 11781, 335
2026/09/10 19:25:36.104, 0, 12288, 11781, 335
2026/09/10 19:25:36.312, 0, 12288, 11781, 335
2026/09/10 19:25:36.520, 0, 12288, 11781, 335
2026/09/10 19:25:36.728, 0, 12288, 11781, 335
2026/09/10 19:25:36.933, 0, 12288, 11781, 335
2026/09/10 19:25:37.141, 0, 12288, 11781, 335
2026/09/10 19:25:37.348, 0, 12288, 11781, 335
2026/09/10 19:25:37.555, 0, 12288, 11781, 335
2026/09/10 19:25:37.763, 0, 12288, 11781, 335
2026/09/10 19:25:37.972, 0, 12288, 11781, 335
2026/09/10 19:25:38.179, 0, 12288, 11781, 335
2026/09/10 19:25:38.387, 0, 12288, 11781, 335
2026/09/10 19:25:38.595, 0, 12288, 11781, 335
2026/09/10 19:25:38.803, 0, 12288, 11781, 335
2026/09/10 19:25:39.009, 0, 12288, 11781, 335
2026/09/10 19:25:39.216, 0, 12288, 11781, 335
2026/09/10 19:25:39.422, 0, 12288, 11781, 335
2026/09/10 19:25:39.630, 0, 12288, 11781, 335
2026/09/10 19:25:39.837, 0, 12288, 11781, 335
2026/09/10 19:25:40.045, 0, 12288, 11781, 335
2026/09/10 19:25:40.253, 0, 12288, 11781, 335
2026/09/10 19:25:40.461, 0, 12288, 11781, 335
2026/09/10 19:25:40.669, 0, 12288, 11781, 335
2026/09/10 19:25:40.875, 0, 12288, 11781, 335
2026/09/10 19:25:41.082, 0, 12288, 11781, 335
2026/09/10 19:25:41.289, 0, 12288, 11781, 335
2026/09/10 19:25:41.497, 0, 12288, 11781, 335
2026/09/10 19:25:41.704, 0, 12288, 11781, 335
2026/09/10 19:25:41.912, 0, 12288, 11781, 335
2026/09/10 19:25:42.120, 0, 12288, 11781, 335
2026/09/10 19:25:42.325, 0, 12288, 11781, 335
2026/09/10 19:25:42.533, 0, 12288, 11781, 335
2026/09/10 19:25:42.741, 0, 12288, 11781, 335
2026/09/10 19:25:42.948, 0, 12288, 11781, 335
2026/09/10 19:25:43.155, 0, 12288, 11781, 335
2026/09/10 19:25:43.363, 0, 12288, 11781, 335
2026/09/10 19:25:43.570, 0, 12288, 11781, 335
2026/09/10 19:25:43.775, 0, 12288, 11781, 335
2026/09/10 19:25:43.980, 0, 12288, 11781, 335
2026/09/10 19:25:44.187, 0, 12288, 11781, 335
2026/09/10 19:25:44.395, 0, 12288, 11781, 335
2026/09/10 19:25:44.601, 0, 12288, 11781, 335
2026/09/10 19:25:44.807, 0, 12288, 11781, 335
2026/09/10 19:25:45.014, 0, 12288, 11781, 335
2026/09/10 19:25:45.220, 0, 12288, 11781, 335
2026/09/10 19:25:45.428, 0, 12288, 11781, 335
2026/09/10 19:25:45.635, 0, 12288, 11781, 335
2026/09/10 19:25:45.843, 0, 12288, 11781, 335
2026/09/10 19:25:46.050, 0, 12288, 11781, 335
2026/09/10 19:25:46.258, 0, 12288, 11781, 335
2026/09/10 19:25:46.464, 0, 12288, 11781, 335
2026/09/10 19:25:46.672, 0, 12288, 11781, 335
2026/09/10 19:25:46.879, 0, 12288, 11781, 335
2026/09/10 19:25:47.086, 0, 12288, 11781, 335
2026/09/10 19:25:47.294, 0, 12288, 11781, 335
2026/09/10 19:25:47.502, 0, 12288, 11781, 335
2026/09/10 19:25:47.710, 0, 12288, 11781, 335
2026/09/10 19:25:47.918, 0, 12288, 11781, 335
2026/09/10 19:25:48.126, 0, 12288, 11781, 335
2026/09/10 19:25:48.331, 0, 12288, 11781, 335
2026/09/10 19:25:48.539, 0, 12288, 11781, 335
2026/09/10 19:25:48.747, 0, 12288, 11781, 335
2026/09/10 19:25:48.954, 0, 12288, 11781, 335
2026/09/10 19:25:49.161, 0, 12288, 11781, 335
2026/09/10 19:25:49.369, 0, 12288, 11781, 335
2026/09/10 19:25:49.577, 0, 12288, 11781, 335
2026/09/10 19:25:49.785, 0, 12288, 11781, 335
2026/09/10 19:25:49.992, 0, 12288, 11781, 335
2026/09/10 19:25:50.198, 0, 12288, 11781, 335
2026/09/10 19:25:50.406, 0, 12288, 11781, 335
2026/09/10 19:25:50.613, 0, 12288, 11781, 335
2026/09/10 19:25:50.818, 0, 12288, 11781, 335
2026/09/10 19:25:51.023, 0, 12288, 11781, 335
2026/09/10 19:25:51.231, 0, 12288, 11781, 335
2026/09/10 19:25:51.436, 0, 12288, 11781, 335
2026/09/10 19:25:51.644, 0, 12288, 11781, 335
2026/09/10 19:25:51.849, 0, 12288, 11781, 335
2026/09/10 19:25:52.055, 0, 12288, 11781, 335
2026/09/10 19:25:52.261, 0, 12288, 11781, 335
2026/09/10 19:25:52.468, 0, 12288, 11781, 335
2026/09/10 19:25:52.676, 0, 12288, 11781, 335
2026/09/10 19:25:52.881, 0, 12288, 11781, 335
2026/09/10 19:25:53.089, 0, 12288, 11781, 335
2026/09/10 19:25:53.296, 0, 12288, 11781, 335
2026/09/10 19:25:53.504, 0, 12288, 11781, 335
2026/09/10 19:25:53.711, 0, 12288, 11781, 335
2026/09/10 19:25:53.919, 0, 12288, 11781, 335
2026/09/10 19:25:54.127, 0, 12288, 11781, 335
2026/09/10 19:25:54.335, 0, 12288, 11781, 335
2026/09/10 19:25:54.542, 0, 12288, 11781, 335
2026/09/10 19:25:54.747, 0, 12288, 11781, 335
2026/09/10 19:25:54.955, 0, 12288, 11781, 335
2026/09/10 19:25:55.162, 0, 12288, 11781, 335
2026/09/10 19:25:55.370, 0, 12288, 11781, 335
2026/09/10 19:25:55.577, 0, 12288, 11781, 335
2026/09/10 19:25:55.781, 0, 12288, 11781, 335
2026/09/10 19:25:55.989, 0, 12288, 11781, 335
2026/09/10 19:25:56.197, 0, 12288, 11781, 335
2026/09/10 19:25:56.405, 0, 12288, 11781, 335
2026/09/10 19:25:56.613, 0, 12288, 11781, 335
2026/09/10 19:25:56.821, 0, 12288, 11781, 335
2026/09/10 19:25:57.029, 0, 12288, 11781, 335
2026/09/10 19:25:57.236, 0, 12288, 11781, 335
2026/09/10 19:25:57.444, 0, 12288, 11781, 335
2026/09/10 19:25:57.651, 0, 12288, 11781, 335
2026/09/10 19:25:57.858, 0, 12288, 11781, 335
2026/09/10 19:25:58.066, 0, 12288, 11781, 335
2026/09/10 19:25:58.273, 0, 12288, 11781, 335
2026/09/10 19:25:58.480, 0, 12288, 11781, 335
2026/09/10 19:25:58.686, 0, 12288, 11781, 335
2026/09/10 19:25:58.892, 0, 12288, 11781, 335
2026/09/10 19:25:59.100, 0, 12288, 11781, 335
2026/09/10 19:25:59.308, 0, 12288, 11781, 335
2026/09/10 19:25:59.516, 0, 12288, 11781, 335
2026/09/10 19:25:59.724, 0, 12288, 11781, 335
2026/09/10 19:25:59.931, 0, 12288, 11781, 335
2026/09/10 19:26:00.138, 0, 12288, 11781, 335
2026/09/10 19:26:00.346, 0, 12288, 11781, 335
2026/09/10 19:26:00.554, 0, 12288, 11781, 335
2026/09/10 19:26:00.762, 0, 12288, 11781, 335
2026/09/10 19:26:00.969, 0, 12288, 11781, 335
2026/09/10 19:26:01.176, 0, 12288, 11781, 335
2026/09/10 19:26:01.382, 0, 12288, 11781, 335
2026/09/10 19:26:01.589, 0, 12288, 11781, 335
2026/09/10 19:26:01.796, 0, 12288, 11781, 335
2026/09/10 19:26:02.004, 0, 12288, 11781, 335
2026/09/10 19:26:02.210, 0, 12288, 11781, 335
2026/09/10 19:26:02.418, 0, 12288, 11781, 335
2026/09/10 19:26:02.626, 0, 12288, 11781, 335
2026/09/10 19:26:02.834, 0, 12288, 11781, 335
2026/09/10 19:26:03.042, 0, 12288, 11781, 335
2026/09/10 19:26:03.249, 0, 12288, 11781, 335
2026/09/10 19:26:03.456, 0, 12288, 11781, 335
2026/09/10 19:26:03.663, 0, 12288, 11781, 335
2026/09/10 19:26:03.871, 0, 12288, 11781, 335
2026/09/10 19:26:04.079, 0, 12288, 11781, 335
2026/09/10 19:26:04.286, 0, 12288, 11781, 335
2026/09/10 19:26:04.494, 0, 12288, 11781, 335
2026/09/10 19:26:04.702, 0, 12288, 11781, 335
2026/09/10 19:26:04.910, 0, 12288, 11781, 335
2026/09/10 19:26:05.118, 0, 12288, 11781, 335
2026/09/10 19:26:05.325, 0, 12288, 11781, 335
2026/09/10 19:26:05.532, 0, 12288, 11781, 335
2026/09/10 19:26:05.740, 0, 12288, 11781, 335
2026/09/10 19:26:05.947, 0, 12288, 11781, 335
2026/09/10 19:26:06.155, 0, 12288, 11781, 335
2026/09/10 19:26:06.363, 0, 12288, 11781, 335
2026/09/10 19:26:06.571, 0, 12288, 11781, 335
2026/09/10 19:26:06.777, 0, 12288, 11781, 335
2026/09/10 19:26:06.983, 0, 12288, 11781, 335
2026/09/10 19:26:07.189, 0, 12288, 11781, 335
2026/09/10 19:26:07.397, 0, 12288, 11781, 335
2026/09/10 19:26:07.605, 0, 12288, 11781, 335
2026/09/10 19:26:07.813, 0, 12288, 11781, 335
2026/09/10 19:26:08.020, 0, 12288, 11781, 335
2026/09/10 19:26:08.227, 0, 12288, 11781, 335
2026/09/10 19:26:08.435, 0, 12288, 11781, 335
2026/09/10 19:26:08.643, 0, 12288, 11781, 335
2026/09/10 19:26:08.851, 0, 12288, 11781, 335
2026/09/10 19:26:09.058, 0, 12288, 11781, 335
2026/09/10 19:26:09.266, 0, 12288, 11781, 335
2026/09/10 19:26:09.473, 0, 12288, 11781, 335
2026/09/10 19:26:09.680, 0, 12288, 11781, 335
2026/09/10 19:26:09.888, 0, 12288, 11781, 335
2026/09/10 19:26:10.096, 0, 12288, 11781, 335
2026/09/10 19:26:10.304, 0, 12288, 11781, 335
2026/09/10 19:26:10.511, 0, 12288, 11781, 335
2026/09/10 19:26:10.719, 0, 12288, 11781, 335
2026/09/10 19:26:10.926, 0, 12288, 11781, 335
2026/09/10 19:26:11.134, 0, 12288, 11781, 335
2026/09/10 19:26:11.342, 0, 12288, 11781, 335
2026/09/10 19:26:11.548, 0, 12288, 11781, 335
2026/09/10 19:26:11.756, 0, 12288, 11781, 335
2026/09/10 19:26:11.964, 0, 12288, 11781, 335
2026/09/10 19:26:12.171, 0, 12288, 11781, 335
2026/09/10 19:26:12.377, 0, 12288, 11781, 335
2026/09/10 19:26:12.585, 0, 12288, 11781, 335
2026/09/10 19:26:12.793, 0, 12288, 11781, 335
2026/09/10 19:26:12.999, 0, 12288, 11781, 335
2026/09/10 19:26:13.207, 0, 12288, 11781, 335
2026/09/10 19:26:13.415, 0, 12288, 11781, 335
2026/09/10 19:26:13.622, 0, 12288, 11781, 335
2026/09/10 19:26:13.829, 0, 12288, 11781, 335
2026/09/10 19:26:14.036, 0, 12288, 11781, 335
2026/09/10 19:26:14.244, 0, 12288, 11781, 335
2026/09/10 19:26:14.452, 0, 12288, 11781, 335
2026/09/10 19:26:14.658, 0, 12288, 11781, 335
2026/09/10 19:26:14.865, 0, 12288, 11781, 335
2026/09/10 19:26:15.072, 0, 12288, 11781, 335
2026/09/10 19:26:15.280, 0, 12288, 11781, 335
2026/09/10 19:26:15.488, 0, 12288, 11781, 335
2026/09/10 19:26:15.694, 0, 12288, 11781, 335
2026/09/10 19:26:15.902, 0, 12288, 11781, 335
2026/09/10 19:26:16.110, 0, 12288, 11781, 335
2026/09/10 19:26:16.316, 0, 12288, 11781, 335
2026/09/10 19:26:16.524, 0, 12288, 11781, 335
2026/09/10 19:26:16.732, 0, 12288, 11781, 335
2026/09/10 19:26:16.938, 0, 12288, 11781, 335
2026/09/10 19:26:17.146, 0, 12288, 11781, 335
2026/09/10 19:26:17.352, 0, 12288, 11781, 335
2026/09/10 19:26:17.559, 0, 12288, 11781, 335
2026/09/10 19:26:17.766, 0, 12288, 11781, 335
2026/09/10 19:26:17.972, 0, 12288, 11781, 335
2026/09/10 19:26:18.179, 0, 12288, 11781, 335
2026/09/10 19:26:18.387, 0, 12288, 11781, 335
2026/09/10 19:26:18.595, 0, 12288, 11781, 335
2026/09/10 19:26:18.802, 0, 12288, 11781, 335
2026/09/10 19:26:19.008, 0, 12288, 11781, 335
2026/09/10 19:26:19.216, 0, 12288, 11781, 335
2026/09/10 19:26:19.424, 0, 12288, 11781, 335
2026/09/10 19:26:19.632, 0, 12288, 11781, 335
2026/09/10 19:26:19.839, 0, 12288, 11781, 335
2026/09/10 19:26:20.047, 0, 12288, 11781, 335
2026/09/10 19:26:20.255, 0, 12288, 11781, 335
2026/09/10 19:26:20.463, 0, 12288, 11781, 335
2026/09/10 19:26:20.670, 0, 12288, 11781, 335
2026/09/10 19:26:20.878, 0, 12288, 11781, 335
2026/09/10 19:26:21.085, 0, 12288, 11781, 335
2026/09/10 19:26:21.292, 0, 12288, 11781, 335
2026/09/10 19:26:21.500, 0, 12288, 11781, 335
2026/09/10 19:26:21.707, 0, 12288, 11781, 335
2026/09/10 19:26:21.914, 0, 12288, 11781, 335
2026/09/10 19:26:22.120, 0, 12288, 11781, 335
2026/09/10 19:26:22.328, 0, 12288, 11781, 335
2026/09/10 19:26:22.535, 0, 12288, 11781, 335
2026/09/10 19:26:22.743, 0, 12288, 11781, 335
2026/09/10 19:26:22.950, 0, 12288, 11781, 335
2026/09/10 19:26:23.157, 0, 12288, 11781, 335
2026/09/10 19:26:23.365, 0, 12288, 11781, 335
2026/09/10 19:26:23.571, 0, 12288, 11781, 335
2026/09/10 19:26:23.778, 0, 12288, 11781, 335
2026/09/10 19:26:23.985, 0, 12288, 11781, 335
2026/09/10 19:26:24.193, 0, 12288, 11781, 335
2026/09/10 19:26:24.401, 0, 12288, 11781, 335
2026/09/10 19:26:24.625, 0, 12288, 11781, 335
2026/09/10 19:26:24.832, 0, 12288, 11781, 335
2026/09/10 19:26:25.040, 0, 12288, 11781, 335
2026/09/10 19:26:25.246, 0, 12288, 11781, 335
2026/09/10 19:26:25.454, 0, 12288, 11781, 335
2026/09/10 19:26:25.662, 0, 12288, 11781, 335
2026/09/10 19:26:25.870, 0, 12288, 11781, 335
2026/09/10 19:26:26.077, 0, 12288, 11781, 335
2026/09/10 19:26:26.284, 0, 12288, 11781, 335
2026/09/10 19:26:26.491, 0, 12288, 11781, 335
2026/09/10 19:26:26.699, 0, 12288, 11781, 335
2026/09/10 19:26:26.907, 0, 12288, 11781, 335
2026/09/10 19:26:27.114, 0, 12288, 11781, 335
2026/09/10 19:26:27.320, 0, 12288, 11781, 335
2026/09/10 19:26:27.527, 0, 12288, 11781, 335
2026/09/10 19:26:27.734, 0, 12288, 11781, 335
2026/09/10 19:26:27.941, 0, 12288, 11781, 335
2026/09/10 19:26:28.148, 0, 12288, 11781, 335
2026/09/10 19:26:28.355, 0, 12288, 11781, 335
2026/09/10 19:26:28.562, 0, 12288, 11781, 335
2026/09/10 19:26:28.770, 0, 12288, 11781, 335
2026/09/10 19:26:28.977, 0, 12288, 11781, 335
2026/09/10 19:26:29.183, 0, 12288, 11781, 335
2026/09/10 19:26:29.391, 0, 12288, 11781, 335
2026/09/10 19:26:29.598, 0, 12288, 11781, 335
2026/09/10 19:26:29.806, 0, 12288, 11781, 335
2026/09/10 19:26:30.013, 0, 12288, 11781, 335
2026/09/10 19:26:30.219, 0, 12288, 11781, 335
2026/09/10 19:26:30.427, 0, 12288, 11781, 335
2026/09/10 19:26:30.635, 0, 12288, 11781, 335
2026/09/10 19:26:30.843, 0, 12288, 11781, 335
2026/09/10 19:26:31.050, 0, 12288, 11781, 335
2026/09/10 19:26:31.257, 0, 12288, 11781, 335
2026/09/10 19:26:31.464, 0, 12288, 11781, 335
2026/09/10 19:26:31.672, 0, 12288, 11781, 335
2026/09/10 19:26:31.880, 0, 12288, 11781, 335
2026/09/10 19:26:32.088, 0, 12288, 11781, 335
2026/09/10 19:26:32.296, 0, 12288, 11781, 335
2026/09/10 19:26:32.503, 0, 12288, 11781, 335
2026/09/10 19:26:32.709, 0, 12288, 11781, 335
2026/09/10 19:26:32.916, 0, 12288, 11781, 335
2026/09/10 19:26:33.123, 0, 12288, 11781, 335
2026/09/10 19:26:33.330, 0, 12288, 11781, 335
2026/09/10 19:26:33.538, 0, 12288, 11781, 335
2026/09/10 19:26:33.746, 0, 12288, 11781, 335
2026/09/10 19:26:33.953, 0, 12288, 11781, 335
2026/09/10 19:26:34.160, 0, 12288, 11781, 335
2026/09/10 19:26:34.368, 0, 12288, 11781, 335
2026/09/10 19:26:34.575, 0, 12288, 11781, 335
2026/09/10 19:26:34.780, 0, 12288, 11781, 335
2026/09/10 19:26:34.987, 0, 12288, 11781, 335
2026/09/10 19:26:35.194, 0, 12288, 11781, 335
2026/09/10 19:26:35.402, 0, 12288, 11781, 335
2026/09/10 19:26:35.609, 0, 12288, 11781, 335
2026/09/10 19:26:35.816, 0, 12288, 11781, 335
2026/09/10 19:26:36.023, 0, 12288, 11781, 335
2026/09/10 19:26:36.230, 0, 12288, 11781, 335
2026/09/10 19:26:36.438, 0, 12288, 11781, 335
2026/09/10 19:26:36.646, 0, 12288, 11781, 335
2026/09/10 19:26:36.852, 0, 12288, 11781, 335
2026/09/10 19:26:37.060, 0, 12288, 11781, 335
2026/09/10 19:26:37.268, 0, 12288, 11781, 335
2026/09/10 19:26:37.476, 0, 12288, 11781, 335
2026/09/10 19:26:37.684, 0, 12288, 11781, 335
2026/09/10 19:26:37.891, 0, 12288, 11781, 335
2026/09/10 19:26:38.099, 0, 12288, 11781, 335
2026/09/10 19:26:38.307, 0, 12288, 11781, 335
2026/09/10 19:26:38.515, 0, 12288, 11781, 335
2026/09/10 19:26:38.723, 0, 12288, 11781, 335
2026/09/10 19:26:38.931, 0, 12288, 11781, 335
2026/09/10 19:26:39.139, 0, 12288, 11781, 335
2026/09/10 19:26:39.347, 0, 12288, 11781, 335
2026/09/10 19:26:39.554, 0, 12288, 11781, 335
2026/09/10 19:26:39.762, 0, 12288, 11781, 335
2026/09/10 19:26:39.970, 0, 12288, 11781, 335
2026/09/10 19:26:40.178, 0, 12288, 11781, 335
2026/09/10 19:26:40.384, 0, 12288, 11781, 335
2026/09/10 19:26:40.592, 0, 12288, 11781, 335
2026/09/10 19:26:40.799, 0, 12288, 11781, 335
2026/09/10 19:26:41.006, 0, 12288, 11781, 335
2026/09/10 19:26:41.214, 0, 12288, 11781, 335
2026/09/10 19:26:41.422, 0, 12288, 11781, 335
2026/09/10 19:26:41.629, 0, 12288, 11781, 335
2026/09/10 19:26:41.837, 0, 12288, 11781, 335
2026/09/10 19:26:42.045, 0, 12288, 11781, 335
2026/09/10 19:26:42.252, 0, 12288, 11781, 335
2026/09/10 19:26:42.460, 0, 12288, 11781, 335
2026/09/10 19:26:42.668, 0, 12288, 11781, 335
2026/09/10 19:26:42.876, 0, 12288, 11781, 335
2026/09/10 19:26:43.084, 0, 12288, 11781, 335
2026/09/10 19:26:43.291, 0, 12288, 11781, 335
2026/09/10 19:26:43.497, 0, 12288, 11781, 335
2026/09/10 19:26:43.705, 0, 12288, 11781, 335
2026/09/10 19:26:43.913, 0, 12288, 11781, 335
2026/09/10 19:26:44.121, 0, 12288, 11781, 335
2026/09/10 19:26:44.329, 0, 12288, 11781, 335
2026/09/10 19:26:44.536, 0, 12288, 11781, 335
2026/09/10 19:26:44.743, 0, 12288, 11781, 335
2026/09/10 19:26:44.950, 0, 12288, 11781, 335
2026/09/10 19:26:45.156, 0, 12288, 11781, 335
2026/09/10 19:26:45.364, 0, 12288, 11781, 335
2026/09/10 19:26:45.572, 0, 12288, 11781, 335
2026/09/10 19:26:45.779, 0, 12288, 11781, 335
2026/09/10 19:26:45.984, 0, 12288, 11781, 335
2026/09/10 19:26:46.192, 0, 12288, 11781, 335
2026/09/10 19:26:46.400, 0, 12288, 11781, 335
2026/09/10 19:26:46.607, 0, 12288, 11781, 335
2026/09/10 19:26:46.814, 0, 12288, 11781, 335
2026/09/10 19:26:47.022, 0, 12288, 11781, 335
2026/09/10 19:26:47.229, 0, 12288, 11781, 335
2026/09/10 19:26:47.435, 0, 12288, 11781, 335
2026/09/10 19:26:47.642, 0, 12288, 11781, 335
2026/09/10 19:26:47.850, 0, 12288, 11781, 335
2026/09/10 19:26:48.058, 0, 12288, 11781, 335
2026/09/10 19:26:48.265, 0, 12288, 11781, 335
2026/09/10 19:26:48.472, 0, 12288, 11781, 335
2026/09/10 19:26:48.679, 0, 12288, 11781, 335
2026/09/10 19:26:48.886, 0, 12288, 11781, 335
2026/09/10 19:26:49.092, 0, 12288, 11781, 335
2026/09/10 19:26:49.299, 0, 12288, 11781, 335
2026/09/10 19:26:49.507, 0, 12288, 11781, 335
2026/09/10 19:26:49.715, 0, 12288, 11781, 335
2026/09/10 19:26:49.923, 0, 12288, 11781, 335
2026/09/10 19:26:50.131, 0, 12288, 11781, 335
2026/09/10 19:26:50.337, 0, 12288, 11781, 335
2026/09/10 19:26:50.543, 0, 12288, 11781, 335
2026/09/10 19:26:50.749, 0, 12288, 11781, 335
2026/09/10 19:26:50.955, 0, 12288, 11781, 335
2026/09/10 19:26:51.162, 0, 12288, 11781, 335
2026/09/10 19:26:51.370, 0, 12288, 11781, 335
2026/09/10 19:26:51.575, 0, 12288, 11781, 335
2026/09/10 19:26:51.781, 0, 12288, 11781, 335
2026/09/10 19:26:51.987, 0, 12288, 11781, 335
2026/09/10 19:26:52.192, 0, 12288, 11781, 335
2026/09/10 19:26:52.400, 0, 12288, 11781, 335
2026/09/10 19:26:52.606, 0, 12288, 11781, 335
2026/09/10 19:26:52.813, 0, 12288, 11781, 335
2026/09/10 19:26:53.020, 0, 12288, 11781, 335
2026/09/10 19:26:53.227, 0, 12288, 11781, 335
2026/09/10 19:26:53.435, 0, 12288, 11781, 335
2026/09/10 19:26:53.643, 0, 12288, 11781, 335
2026/09/10 19:26:53.849, 0, 12288, 11781, 335
2026/09/10 19:26:54.057, 0, 12288, 11781, 335
2026/09/10 19:26:54.264, 0, 12288, 11781, 335
2026/09/10 19:26:54.471, 0, 12288, 11781, 335
2026/09/10 19:26:54.677, 0, 12288, 11781, 335
2026/09/10 19:26:54.884, 0, 12288, 11781, 335
2026/09/10 19:26:55.092, 0, 12288, 11781, 335
2026/09/10 19:26:55.298, 0, 12288, 11781, 335
2026/09/10 19:26:55.506, 0, 12288, 11781, 335
2026/09/10 19:26:55.713, 0, 12288, 11781, 335
2026/09/10 19:26:55.921, 0, 12288, 11781, 335
2026/09/10 19:26:56.128, 0, 12288, 11781, 335
2026/09/10 19:26:56.335, 0, 12288, 11781, 335
2026/09/10 19:26:56.542, 0, 12288, 11781, 335
2026/09/10 19:26:56.750, 0, 12288, 11781, 335
2026/09/10 19:26:56.958, 0, 12288, 11781, 335
2026/09/10 19:26:57.163, 0, 12288, 11781, 335
2026/09/10 19:26:57.370, 0, 12288, 11781, 335
2026/09/10 19:26:57.578, 0, 12288, 11781, 335
2026/09/10 19:26:57.786, 0, 12288, 11781, 335
2026/09/10 19:26:57.994, 0, 12288, 11781, 335
2026/09/10 19:26:58.201, 0, 12288, 11781, 335
2026/09/10 19:26:58.408, 0, 12288, 11781, 335
2026/09/10 19:26:58.616, 0, 12288, 11781, 335
2026/09/10 19:26:58.824, 0, 12288, 11781, 335
2026/09/10 19:26:59.032, 0, 12288, 11781, 335
2026/09/10 19:26:59.240, 0, 12288, 11781, 335
2026/09/10 19:26:59.447, 0, 12288, 11781, 335
2026/09/10 19:26:59.654, 0, 12288, 11781, 335
2026/09/10 19:26:59.862, 0, 12288, 11781, 335
2026/09/10 19:27:00.070, 0, 12288, 11781, 335
2026/09/10 19:27:00.276, 0, 12288, 11781, 335
2026/09/10 19:27:00.484, 0, 12288, 11781, 335
2026/09/10 19:27:00.690, 0, 12288, 11781, 335
2026/09/10 19:27:00.898, 0, 12288, 11781, 335
2026/09/10 19:27:01.106, 0, 12288, 11781, 335
2026/09/10 19:27:01.313, 0, 12288, 11781, 335
2026/09/10 19:27:01.521, 0, 12288, 11781, 335
2026/09/10 19:27:01.728, 0, 12288, 11781, 335
2026/09/10 19:27:01.936, 0, 12288, 11781, 335
2026/09/10 19:27:02.143, 0, 12288, 11781, 335
2026/09/10 19:27:02.350, 0, 12288, 11781, 335
2026/09/10 19:27:02.558, 0, 12288, 11781, 335
2026/09/10 19:27:02.779, 0, 12288, 11781, 335
2026/09/10 19:27:02.985, 0, 12288, 11781, 335
2026/09/10 19:27:03.193, 0, 12288, 11781, 335
2026/09/10 19:27:03.401, 0, 12288, 11781, 335
2026/09/10 19:27:03.609, 0, 12288, 11781, 335
2026/09/10 19:27:03.817, 0, 12288, 11781, 335
2026/09/10 19:27:04.024, 0, 12288, 11781, 335
2026/09/10 19:27:04.232, 0, 12288, 11781, 335
2026/09/10 19:27:04.439, 0, 12288, 11781, 335
2026/09/10 19:27:04.645, 0, 12288, 11781, 335
2026/09/10 19:27:04.853, 0, 12288, 11781, 335
2026/09/10 19:27:05.061, 0, 12288, 11781, 335
2026/09/10 19:27:05.267, 0, 12288, 11781, 335
2026/09/10 19:27:05.474, 0, 12288, 11781, 335
2026/09/10 19:27:05.681, 0, 12288, 11781, 335
2026/09/10 19:27:05.889, 0, 12288, 11781, 335
2026/09/10 19:27:06.095, 0, 12288, 11781, 335
2026/09/10 19:27:06.303, 0, 12288, 11781, 335
2026/09/10 19:27:06.511, 0, 12288, 11781, 335
2026/09/10 19:27:06.719, 0, 12288, 11781, 335
2026/09/10 19:27:06.927, 0, 12288, 11781, 335
2026/09/10 19:27:07.135, 0, 12288, 11781, 335
2026/09/10 19:27:07.343, 0, 12288, 11781, 335
2026/09/10 19:27:07.550, 0, 12288, 11781, 335
2026/09/10 19:27:07.756, 0, 12288, 11781, 335
2026/09/10 19:27:07.964, 0, 12288, 11781, 335
2026/09/10 19:27:08.170, 0, 12288, 11781, 335
2026/09/10 19:27:08.376, 0, 12288, 11781, 335
2026/09/10 19:27:08.584, 0, 12288, 11781, 335
2026/09/10 19:27:08.792, 0, 12288, 11781, 335
2026/09/10 19:27:08.999, 0, 12288, 11781, 335
2026/09/10 19:27:09.207, 0, 12288, 11781, 335
2026/09/10 19:27:09.414, 0, 12288, 11781, 335
2026/09/10 19:27:09.622, 0, 12288, 11781, 335
2026/09/10 19:27:09.829, 0, 12288, 11781, 335
2026/09/10 19:27:10.037, 0, 12288, 11781, 335
2026/09/10 19:27:10.243, 0, 12288, 11781, 335
2026/09/10 19:27:10.451, 0, 12288, 11781, 335
2026/09/10 19:27:10.659, 0, 12288, 11781, 335
2026/09/10 19:27:10.865, 0, 12288, 11781, 335
2026/09/10 19:27:11.072, 0, 12288, 11781, 335
2026/09/10 19:27:11.279, 0, 12288, 11781, 335
2026/09/10 19:27:11.486, 0, 12288, 11781, 335
2026/09/10 19:27:11.694, 0, 12288, 11781, 335
2026/09/10 19:27:11.902, 0, 12288, 11781, 335
2026/09/10 19:27:12.110, 0, 12288, 11781, 335
2026/09/10 19:27:12.332, 0, 12288, 11781, 335
2026/09/10 19:27:12.539, 0, 12288, 11781, 335
2026/09/10 19:27:12.747, 0, 12288, 11781, 335
2026/09/10 19:27:12.955, 0, 12288, 11781, 335
2026/09/10 19:27:13.163, 0, 12288, 11781, 335
2026/09/10 19:27:13.370, 0, 12288, 11781, 335
2026/09/10 19:27:13.576, 0, 12288, 11781, 335
2026/09/10 19:27:13.783, 0, 12288, 11781, 335
2026/09/10 19:27:13.988, 0, 12288, 11781, 335
2026/09/10 19:27:14.196, 0, 12288, 11781, 335
2026/09/10 19:27:14.404, 0, 12288, 11781, 335
2026/09/10 19:27:14.611, 0, 12288, 11781, 335
2026/09/10 19:27:14.819, 0, 12288, 11781, 335
2026/09/10 19:27:15.026, 0, 12288, 11781, 335
2026/09/10 19:27:15.233, 0, 12288, 11781, 335
2026/09/10 19:27:15.440, 0, 12288, 11781, 335
2026/09/10 19:27:15.648, 0, 12288, 11781, 335
2026/09/10 19:27:15.855, 0, 12288, 11781, 335
2026/09/10 19:27:16.062, 0, 12288, 11781, 335
2026/09/10 19:27:16.268, 0, 12288, 11781, 335
2026/09/10 19:27:16.476, 0, 12288, 11781, 335
2026/09/10 19:27:16.684, 0, 12288, 11781, 335
2026/09/10 19:27:16.890, 0, 12288, 11781, 335
2026/09/10 19:27:17.097, 0, 12288, 11781, 335
2026/09/10 19:27:17.305, 0, 12288, 11781, 335
2026/09/10 19:27:17.513, 0, 12288, 11781, 335
2026/09/10 19:27:17.721, 0, 12288, 11781, 335
2026/09/10 19:27:17.928, 0, 12288, 11781, 335
2026/09/10 19:27:18.136, 0, 12288, 11781, 335
2026/09/10 19:27:18.343, 0, 12288, 11781, 335
2026/09/10 19:27:18.550, 0, 12288, 11781, 335
2026/09/10 19:27:18.757, 0, 12288, 11781, 335
2026/09/10 19:27:18.964, 0, 12288, 11781, 335
2026/09/10 19:27:19.171, 0, 12288, 11781, 335
2026/09/10 19:27:19.378, 0, 12288, 11781, 335
2026/09/10 19:27:19.583, 0, 12288, 11781, 335
2026/09/10 19:27:19.790, 0, 12288, 11781, 335
2026/09/10 19:27:19.998, 0, 12288, 11781, 335
2026/09/10 19:27:20.206, 0, 12288, 11781, 335
2026/09/10 19:27:20.413, 0, 12288, 11781, 335
2026/09/10 19:27:20.620, 0, 12288, 11781, 335
2026/09/10 19:27:20.827, 0, 12288, 11781, 335
2026/09/10 19:27:21.035, 0, 12288, 11781, 335
2026/09/10 19:27:21.242, 0, 12288, 11781, 335
2026/09/10 19:27:21.450, 0, 12288, 11781, 335
2026/09/10 19:27:21.656, 0, 12288, 11781, 335
2026/09/10 19:27:21.863, 0, 12288, 11781, 335
2026/09/10 19:27:22.071, 0, 12288, 11781, 335
2026/09/10 19:27:22.279, 0, 12288, 11781, 335
2026/09/10 19:27:22.487, 0, 12288, 11781, 335
2026/09/10 19:27:22.694, 0, 12288, 11781, 335
2026/09/10 19:27:22.901, 0, 12288, 11781, 335
2026/09/10 19:27:23.107, 0, 12288, 11781, 335
2026/09/10 19:27:23.315, 0, 12288, 11781, 335
2026/09/10 19:27:23.522, 0, 12288, 11781, 335
2026/09/10 19:27:23.730, 0, 12288, 11781, 335
2026/09/10 19:27:23.937, 0, 12288, 11781, 335
2026/09/10 19:27:24.144, 0, 12288, 11781, 335
2026/09/10 19:27:24.352, 0, 12288, 11781, 335
2026/09/10 19:27:24.559, 0, 12288, 11781, 335
2026/09/10 19:27:24.766, 0, 12288, 11781, 335
2026/09/10 19:27:24.973, 0, 12288, 11781, 335
2026/09/10 19:27:25.177, 0, 12288, 11781, 335
2026/09/10 19:27:25.384, 0, 12288, 11781, 335
2026/09/10 19:27:25.591, 0, 12288, 11781, 335
2026/09/10 19:27:25.798, 0, 12288, 11781, 335
2026/09/10 19:27:26.004, 0, 12288, 11781, 335
2026/09/10 19:27:26.212, 0, 12288, 11781, 335
2026/09/10 19:27:26.420, 0, 12288, 11781, 335
2026/09/10 19:27:26.628, 0, 12288, 11781, 335
2026/09/10 19:27:26.835, 0, 12288, 11781, 335
2026/09/10 19:27:27.043, 0, 12288, 11781, 335
2026/09/10 19:27:27.250, 0, 12288, 11781, 335
2026/09/10 19:27:27.457, 0, 12288, 11781, 335
2026/09/10 19:27:27.664, 0, 12288, 11781, 335
2026/09/10 19:27:27.872, 0, 12288, 11781, 335
2026/09/10 19:27:28.080, 0, 12288, 11781, 335
2026/09/10 19:27:28.288, 0, 12288, 11781, 335
2026/09/10 19:27:28.495, 0, 12288, 11781, 335
2026/09/10 19:27:28.703, 0, 12288, 11781, 335
2026/09/10 19:27:28.911, 0, 12288, 11781, 335
2026/09/10 19:27:29.119, 0, 12288, 11781, 335
2026/09/10 19:27:29.327, 0, 12288, 11781, 335
2026/09/10 19:27:29.535, 0, 12288, 11781, 335
2026/09/10 19:27:29.743, 0, 12288, 11781, 335
2026/09/10 19:27:29.950, 0, 12288, 11781, 335
2026/09/10 19:27:30.157, 0, 12288, 11781, 335
2026/09/10 19:27:30.364, 0, 12288, 11781, 335
2026/09/10 19:27:30.570, 0, 12288, 11781, 335
2026/09/10 19:27:30.776, 0, 12288, 11781, 335
2026/09/10 19:27:30.984, 0, 12288, 11781, 335
2026/09/10 19:27:31.191, 0, 12288, 11781, 335
2026/09/10 19:27:31.399, 0, 12288, 11781, 335
2026/09/10 19:27:31.606, 0, 12288, 11781, 335
2026/09/10 19:27:31.814, 0, 12288, 11781, 335
2026/09/10 19:27:32.021, 0, 12288, 11781, 335
2026/09/10 19:27:32.229, 0, 12288, 11781, 335
2026/09/10 19:27:32.437, 0, 12288, 11781, 335
2026/09/10 19:27:32.643, 0, 12288, 11781, 335
2026/09/10 19:27:32.852, 0, 12288, 11781, 335
2026/09/10 19:27:33.060, 0, 12288, 11781, 335
2026/09/10 19:27:33.268, 0, 12288, 11781, 335
2026/09/10 19:27:33.476, 0, 12288, 11781, 335
2026/09/10 19:27:33.683, 0, 12288, 11781, 335
2026/09/10 19:27:33.890, 0, 12288, 11781, 335
2026/09/10 19:27:34.096, 0, 12288, 11781, 335
2026/09/10 19:27:34.303, 0, 12288, 11781, 335
2026/09/10 19:27:34.509, 0, 12288, 11781, 335
2026/09/10 19:27:34.716, 0, 12288, 11781, 335
2026/09/10 19:27:34.924, 0, 12288, 11781, 335
2026/09/10 19:27:35.131, 0, 12288, 11781, 335
2026/09/10 19:27:35.338, 0, 12288, 11781, 335
2026/09/10 19:27:35.546, 0, 12288, 11781, 335
2026/09/10 19:27:35.754, 0, 12288, 11781, 335
2026/09/10 19:27:35.962, 0, 12288, 11781, 335
2026/09/10 19:27:36.168, 0, 12288, 11781, 335
2026/09/10 19:27:36.374, 0, 12288, 11781, 335
2026/09/10 19:27:36.581, 0, 12288, 11781, 335
2026/09/10 19:27:36.788, 0, 12288, 11781, 335
2026/09/10 19:27:36.996, 0, 12288, 11781, 335
2026/09/10 19:27:37.204, 0, 12288, 11781, 335
2026/09/10 19:27:37.412, 0, 12288, 11781, 335
2026/09/10 19:27:37.620, 0, 12288, 11781, 335
2026/09/10 19:27:37.828, 0, 12288, 11781, 335
2026/09/10 19:27:38.034, 0, 12288, 11781, 335
2026/09/10 19:27:38.241, 0, 12288, 11781, 335
2026/09/10 19:27:38.449, 0, 12288, 11781, 335
2026/09/10 19:27:38.656, 0, 12288, 11781, 335
2026/09/10 19:27:38.863, 0, 12288, 11781, 335
2026/09/10 19:27:39.070, 0, 12288, 11781, 335
2026/09/10 19:27:39.278, 0, 12288, 11781, 335
2026/09/10 19:27:39.484, 0, 12288, 11781, 335
2026/09/10 19:27:39.692, 0, 12288, 11781, 335
2026/09/10 19:27:39.900, 0, 12288, 11781, 335
2026/09/10 19:27:40.107, 0, 12288, 11781, 335
2026/09/10 19:27:40.315, 0, 12288, 11781, 335
2026/09/10 19:27:40.523, 0, 12288, 11781, 335
2026/09/10 19:27:40.731, 0, 12288, 11781, 335
2026/09/10 19:27:40.954, 0, 12288, 11781, 335
2026/09/10 19:27:41.161, 0, 12288, 11781, 335
2026/09/10 19:27:41.368, 0, 12288, 11781, 335
2026/09/10 19:27:41.576, 0, 12288, 11781, 335
2026/09/10 19:27:41.784, 0, 12288, 11781, 335
2026/09/10 19:27:41.990, 0, 12288, 11781, 335
2026/09/10 19:27:42.197, 0, 12288, 11781, 335
2026/09/10 19:27:42.405, 0, 12288, 11781, 335
2026/09/10 19:27:42.612, 0, 12288, 11781, 335
2026/09/10 19:27:42.820, 0, 12288, 11781, 335
2026/09/10 19:27:43.026, 0, 12288, 11781, 335
2026/09/10 19:27:43.232, 0, 12288, 11781, 335
2026/09/10 19:27:43.439, 0, 12288, 11781, 335
2026/09/10 19:27:43.647, 0, 12288, 11781, 335
2026/09/10 19:27:43.855, 0, 12288, 11781, 335
2026/09/10 19:27:44.063, 0, 12288, 11781, 335
2026/09/10 19:27:44.271, 0, 12288, 11781, 335
2026/09/10 19:27:44.479, 0, 12288, 11781, 335
2026/09/10 19:27:44.686, 0, 12288, 11781, 335
2026/09/10 19:27:44.893, 0, 12288, 11781, 335
2026/09/10 19:27:45.099, 0, 12288, 11781, 335
2026/09/10 19:27:45.307, 0, 12288, 11781, 335
2026/09/10 19:27:45.515, 0, 12288, 11781, 335
2026/09/10 19:27:45.722, 0, 12288, 11781, 335
2026/09/10 19:27:45.930, 0, 12288, 11781, 335
2026/09/10 19:27:46.137, 0, 12288, 11781, 335
2026/09/10 19:27:46.344, 0, 12288, 11781, 335
2026/09/10 19:27:46.552, 0, 12288, 11781, 335
2026/09/10 19:27:46.760, 0, 12288, 11781, 335
2026/09/10 19:27:46.968, 0, 12288, 11781, 335
2026/09/10 19:27:47.176, 0, 12288, 11781, 335
2026/09/10 19:27:47.384, 0, 12288, 11781, 335
2026/09/10 19:27:47.588, 0, 12288, 11781, 335
2026/09/10 19:27:47.796, 0, 12288, 11781, 335
2026/09/10 19:27:48.004, 0, 12288, 11781, 335
2026/09/10 19:27:48.211, 0, 12288, 11781, 335
2026/09/10 19:27:48.419, 0, 12288, 11781, 335
2026/09/10 19:27:48.626, 0, 12288, 11781, 335
2026/09/10 19:27:48.834, 0, 12288, 11781, 335
2026/09/10 19:27:49.042, 0, 12288, 11781, 335
2026/09/10 19:27:49.249, 0, 12288, 11781, 335
2026/09/10 19:27:49.456, 0, 12288, 11781, 335
2026/09/10 19:27:49.664, 0, 12288, 11781, 335
2026/09/10 19:27:49.871, 0, 12288, 11781, 335
2026/09/10 19:27:50.079, 0, 12288, 11781, 335
2026/09/10 19:27:50.287, 0, 12288, 11781, 335
2026/09/10 19:27:50.495, 0, 12288, 11781, 335
2026/09/10 19:27:50.702, 0, 12288, 11781, 335
2026/09/10 19:27:50.909, 0, 12288, 11781, 335
2026/09/10 19:27:51.116, 0, 12288, 11781, 335
2026/09/10 19:27:51.324, 0, 12288, 11781, 335
2026/09/10 19:27:51.532, 0, 12288, 11781, 335
2026/09/10 19:27:51.740, 0, 12288, 11781, 335
2026/09/10 19:27:51.947, 0, 12288, 11781, 335
2026/09/10 19:27:52.155, 0, 12288, 11781, 335
2026/09/10 19:27:52.363, 0, 12288, 11781, 335
2026/09/10 19:27:52.570, 0, 12288, 11781, 335
2026/09/10 19:27:52.775, 0, 12288, 11781, 335
2026/09/10 19:27:52.982, 0, 12288, 11781, 335
2026/09/10 19:27:53.188, 0, 12288, 11781, 335
2026/09/10 19:27:53.395, 0, 12288, 11781, 335
2026/09/10 19:27:53.603, 0, 12288, 11781, 335
2026/09/10 19:27:53.811, 0, 12288, 11781, 335
2026/09/10 19:27:54.018, 0, 12288, 11781, 335
2026/09/10 19:27:54.226, 0, 12288, 11781, 335
2026/09/10 19:27:54.433, 0, 12288, 11781, 335
2026/09/10 19:27:54.641, 0, 12288, 11781, 335
2026/09/10 19:27:54.848, 0, 12288, 11781, 335
2026/09/10 19:27:55.056, 0, 12288, 11781, 335
2026/09/10 19:27:55.264, 0, 12288, 11781, 335
2026/09/10 19:27:55.472, 0, 12288, 11781, 335
2026/09/10 19:27:55.678, 0, 12288, 11781, 335
2026/09/10 19:27:55.886, 0, 12288, 11781, 335
2026/09/10 19:27:56.094, 0, 12288, 11781, 335
2026/09/10 19:27:56.300, 0, 12288, 11781, 335
2026/09/10 19:27:56.507, 0, 12288, 11781, 335
2026/09/10 19:27:56.713, 0, 12288, 11781, 335
2026/09/10 19:27:56.920, 0, 12288, 11781, 335
2026/09/10 19:27:57.127, 0, 12288, 11781, 335
2026/09/10 19:27:57.334, 0, 12288, 11781, 335
2026/09/10 19:27:57.542, 0, 12288, 11781, 335
2026/09/10 19:27:57.749, 0, 12288, 11781, 335
2026/09/10 19:27:57.956, 0, 12288, 11781, 335
2026/09/10 19:27:58.164, 0, 12288, 11781, 335
2026/09/10 19:27:58.372, 0, 12288, 11781, 335
2026/09/10 19:27:58.578, 0, 12288, 11781, 335
2026/09/10 19:27:58.783, 0, 12288, 11781, 335
2026/09/10 19:27:58.990, 0, 12288, 11781, 335
2026/09/10 19:27:59.198, 0, 12288, 11781, 335
2026/09/10 19:27:59.406, 0, 12288, 11781, 335
2026/09/10 19:27:59.614, 0, 12288, 11781, 335
2026/09/10 19:27:59.822, 0, 12288, 11781, 335
2026/09/10 19:28:00.044, 0, 12288, 11781, 335
2026/09/10 19:28:00.250, 0, 12288, 11781, 335
2026/09/10 19:28:00.458, 0, 12288, 11781, 335
2026/09/10 19:28:00.666, 0, 12288, 11781, 335
2026/09/10 19:28:00.874, 0, 12288, 11781, 335
2026/09/10 19:28:01.082, 0, 12288, 11781, 335
2026/09/10 19:28:01.289, 0, 12288, 11781, 335
2026/09/10 19:28:01.496, 0, 12288, 11781, 335
2026/09/10 19:28:01.704, 0, 12288, 11781, 335
2026/09/10 19:28:01.912, 0, 12288, 11781, 335
2026/09/10 19:28:02.119, 0, 12288, 11781, 335
2026/09/10 19:28:02.327, 0, 12288, 11781, 335
2026/09/10 19:28:02.533, 0, 12288, 11781, 335
2026/09/10 19:28:02.739, 0, 12288, 11781, 335
2026/09/10 19:28:02.947, 0, 12288, 11781, 335
2026/09/10 19:28:03.154, 0, 12288, 11781, 335
2026/09/10 19:28:03.361, 0, 12288, 11781, 335
2026/09/10 19:28:03.568, 0, 12288, 11781, 335
2026/09/10 19:28:03.776, 0, 12288, 11781, 335
2026/09/10 19:28:03.983, 0, 12288, 11781, 335
2026/09/10 19:28:04.189, 0, 12288, 11781, 335
2026/09/10 19:28:04.395, 0, 12288, 11781, 335
2026/09/10 19:28:04.603, 0, 12288, 11781, 335
2026/09/10 19:28:04.810, 0, 12288, 11781, 335
2026/09/10 19:28:05.016, 0, 12288, 11781, 335
2026/09/10 19:28:05.223, 0, 12288, 11781, 335
2026/09/10 19:28:05.430, 0, 12288, 11781, 335
2026/09/10 19:28:05.638, 0, 12288, 11781, 335
2026/09/10 19:28:05.845, 0, 12288, 11781, 335
2026/09/10 19:28:06.053, 0, 12288, 11781, 335
2026/09/10 19:28:06.258, 0, 12288, 11781, 335
2026/09/10 19:28:06.466, 0, 12288, 11781, 335
2026/09/10 19:28:06.673, 0, 12288, 11781, 335
2026/09/10 19:28:06.881, 0, 12288, 11781, 335
2026/09/10 19:28:07.089, 0, 12288, 11781, 335
2026/09/10 19:28:07.295, 0, 12288, 11781, 335
2026/09/10 19:28:07.503, 0, 12288, 11781, 335
2026/09/10 19:28:07.711, 0, 12288, 11781, 335
2026/09/10 19:28:07.918, 0, 12288, 11781, 335
2026/09/10 19:28:08.125, 0, 12288, 11781, 335
2026/09/10 19:28:08.332, 0, 12288, 11781, 335
2026/09/10 19:28:08.540, 0, 12288, 11781, 335
2026/09/10 19:28:08.748, 0, 12288, 11781, 335
2026/09/10 19:28:08.955, 0, 12288, 11781, 335
2026/09/10 19:28:09.162, 0, 12288, 11781, 335
2026/09/10 19:28:09.370, 0, 12288, 11781, 335
2026/09/10 19:28:09.578, 0, 12288, 11781, 335
2026/09/10 19:28:09.783, 0, 12288, 11781, 335
2026/09/10 19:28:09.991, 0, 12288, 11781, 335
2026/09/10 19:28:10.199, 0, 12288, 11781, 335
2026/09/10 19:28:10.407, 0, 12288, 11781, 335
2026/09/10 19:28:10.614, 0, 12288, 11781, 335
2026/09/10 19:28:10.821, 0, 12288, 11781, 335
2026/09/10 19:28:11.028, 0, 12288, 11781, 335
2026/09/10 19:28:11.236, 0, 12288, 11781, 335
2026/09/10 19:28:11.444, 0, 12288, 11781, 335
2026/09/10 19:28:11.652, 0, 12288, 11781, 335
2026/09/10 19:28:11.859, 0, 12288, 11781, 335
2026/09/10 19:28:12.067, 0, 12288, 11781, 335
2026/09/10 19:28:12.274, 0, 12288, 11781, 335
2026/09/10 19:28:12.482, 0, 12288, 11781, 335
2026/09/10 19:28:12.690, 0, 12288, 11781, 335
2026/09/10 19:28:12.898, 0, 12288, 11781, 335
2026/09/10 19:28:13.104, 0, 12288, 11781, 335
2026/09/10 19:28:13.312, 0, 12288, 11781, 335
2026/09/10 19:28:13.520, 0, 12288, 11781, 335
2026/09/10 19:28:13.727, 0, 12288, 11781, 335
2026/09/10 19:28:13.934, 0, 12288, 11781, 335
2026/09/10 19:28:14.142, 0, 12288, 11781, 335
2026/09/10 19:28:14.350, 0, 12288, 11781, 335
2026/09/10 19:28:14.558, 0, 12288, 11781, 335
2026/09/10 19:28:14.766, 0, 12288, 11781, 335
2026/09/10 19:28:14.974, 0, 12288, 11781, 335
2026/09/10 19:28:15.181, 0, 12288, 11781, 335
2026/09/10 19:28:15.387, 0, 12288, 11781, 335
2026/09/10 19:28:15.595, 0, 12288, 11781, 335
2026/09/10 19:28:15.803, 0, 12288, 11781, 335
2026/09/10 19:28:16.011, 0, 12288, 11781, 335
2026/09/10 19:28:16.218, 0, 12288, 11781, 335
2026/09/10 19:28:16.425, 0, 12288, 11781, 335
2026/09/10 19:28:16.631, 0, 12288, 11781, 335
2026/09/10 19:28:16.838, 0, 12288, 11781, 335
2026/09/10 19:28:17.046, 0, 12288, 11781, 335
2026/09/10 19:28:17.252, 0, 12288, 11781, 335
2026/09/10 19:28:17.460, 0, 12288, 11781, 335
2026/09/10 19:28:17.667, 0, 12288, 11781, 335
2026/09/10 19:28:17.875, 0, 12288, 11781, 335
2026/09/10 19:28:18.083, 0, 12288, 11781, 335
2026/09/10 19:28:18.290, 0, 12288, 11781, 335
2026/09/10 19:28:18.498, 0, 12288, 11781, 335
2026/09/10 19:28:18.704, 0, 12288, 11781, 335
2026/09/10 19:28:18.911, 0, 12288, 11781, 335
2026/09/10 19:28:19.118, 0, 12288, 11781, 335
2026/09/10 19:28:19.325, 0, 12288, 11781, 335
2026/09/10 19:28:19.533, 0, 12288, 11781, 335
2026/09/10 19:28:19.740, 0, 12288, 11781, 335
2026/09/10 19:28:19.948, 0, 12288, 11781, 335
2026/09/10 19:28:20.156, 0, 12288, 11781, 335
2026/09/10 19:28:20.363, 0, 12288, 11781, 335
2026/09/10 19:28:20.570, 0, 12288, 11781, 335
2026/09/10 19:28:20.778, 0, 12288, 11781, 335
2026/09/10 19:28:20.984, 0, 12288, 11781, 335
2026/09/10 19:28:21.192, 0, 12288, 11781, 335
2026/09/10 19:28:21.400, 0, 12288, 11781, 335
2026/09/10 19:28:21.608, 0, 12288, 11781, 335
2026/09/10 19:28:21.815, 0, 12288, 11781, 335
2026/09/10 19:28:22.023, 0, 12288, 11781, 335
2026/09/10 19:28:22.231, 0, 12288, 11781, 335
2026/09/10 19:28:22.438, 0, 12288, 11781, 335
2026/09/10 19:28:22.645, 0, 12288, 11781, 335
2026/09/10 19:28:22.853, 0, 12288, 11781, 335
2026/09/10 19:28:23.060, 0, 12288, 11781, 335
2026/09/10 19:28:23.268, 0, 12288, 11781, 335
2026/09/10 19:28:23.475, 0, 12288, 11781, 335
2026/09/10 19:28:23.681, 0, 12288, 11781, 335
2026/09/10 19:28:23.888, 0, 12288, 11781, 335
2026/09/10 19:28:24.095, 0, 12288, 11781, 335
2026/09/10 19:28:24.300, 0, 12288, 11781, 335
2026/09/10 19:28:24.506, 0, 12288, 11781, 335
2026/09/10 19:28:24.711, 0, 12288, 11781, 335
2026/09/10 19:28:24.919, 0, 12288, 11781, 335
2026/09/10 19:28:25.127, 0, 12288, 11781, 335
2026/09/10 19:28:25.335, 0, 12288, 11781, 335
2026/09/10 19:28:25.542, 0, 12288, 11781, 335
2026/09/10 19:28:25.750, 0, 12288, 11781, 335
2026/09/10 19:28:25.956, 0, 12288, 11781, 335
2026/09/10 19:28:26.165, 0, 12288, 11781, 335
2026/09/10 19:28:26.372, 0, 12288, 11781, 335
2026/09/10 19:28:26.577, 0, 12288, 11781, 335
2026/09/10 19:28:26.784, 0, 12288, 11781, 335
2026/09/10 19:28:26.991, 0, 12288, 11781, 335
2026/09/10 19:28:27.199, 0, 12288, 11781, 335
2026/09/10 19:28:27.407, 0, 12288, 11781, 335
2026/09/10 19:28:27.615, 0, 12288, 11781, 335
2026/09/10 19:28:27.821, 0, 12288, 11781, 335
2026/09/10 19:28:28.028, 0, 12288, 11781, 335
2026/09/10 19:28:28.236, 0, 12288, 11781, 335
2026/09/10 19:28:28.444, 0, 12288, 11781, 335
2026/09/10 19:28:28.668, 0, 12288, 11781, 335
2026/09/10 19:28:28.874, 0, 12288, 11781, 335
2026/09/10 19:28:29.081, 0, 12288, 11781, 335
2026/09/10 19:28:29.289, 0, 12288, 11781, 335
2026/09/10 19:28:29.496, 0, 12288, 11781, 335
2026/09/10 19:28:29.703, 0, 12288, 11781, 335
2026/09/10 19:28:29.911, 0, 12288, 11781, 335
2026/09/10 19:28:30.116, 0, 12288, 11781, 335
2026/09/10 19:28:30.324, 0, 12288, 11781, 335
2026/09/10 19:28:30.531, 0, 12288, 11781, 335
2026/09/10 19:28:30.738, 0, 12288, 11781, 335
2026/09/10 19:28:30.945, 0, 12288, 11781, 335
2026/09/10 19:28:31.153, 0, 12288, 11781, 335
2026/09/10 19:28:31.360, 0, 12288, 11781, 335
2026/09/10 19:28:31.568, 0, 12288, 11781, 335
2026/09/10 19:28:31.776, 0, 12288, 11781, 335
2026/09/10 19:28:31.983, 0, 12288, 11781, 335
2026/09/10 19:28:32.191, 0, 12288, 11781, 335
2026/09/10 19:28:32.399, 0, 12288, 11781, 335
2026/09/10 19:28:32.606, 0, 12288, 11781, 335
2026/09/10 19:28:32.814, 0, 12288, 11781, 335
2026/09/10 19:28:33.021, 0, 12288, 11781, 335
2026/09/10 19:28:33.227, 0, 12288, 11781, 335
2026/09/10 19:28:33.432, 0, 12288, 11781, 335
2026/09/10 19:28:33.640, 0, 12288, 11781, 335
2026/09/10 19:28:33.848, 0, 12288, 11781, 335
2026/09/10 19:28:34.055, 0, 12288, 11781, 335
2026/09/10 19:28:34.262, 0, 12288, 11781, 335
2026/09/10 19:28:34.470, 0, 12288, 11781, 335
2026/09/10 19:28:34.678, 0, 12288, 11781, 335
2026/09/10 19:28:34.884, 0, 12288, 11781, 335
2026/09/10 19:28:35.092, 0, 12288, 11781, 335
2026/09/10 19:28:35.299, 0, 12288, 11781, 335
2026/09/10 19:28:35.507, 0, 12288, 11781, 335
2026/09/10 19:28:35.715, 0, 12288, 11781, 335
2026/09/10 19:28:35.923, 0, 12288, 11781, 335
2026/09/10 19:28:36.131, 0, 12288, 11781, 335
2026/09/10 19:28:36.339, 0, 12288, 11781, 335
2026/09/10 19:28:36.547, 0, 12288, 11781, 335
2026/09/10 19:28:36.754, 0, 12288, 11781, 335
2026/09/10 19:28:36.962, 0, 12288, 11781, 335
2026/09/10 19:28:37.170, 0, 12288, 11781, 335
2026/09/10 19:28:37.376, 0, 12288, 11781, 335
2026/09/10 19:28:37.584, 0, 12288, 11781, 335
2026/09/10 19:28:37.792, 0, 12288, 11781, 335
2026/09/10 19:28:37.999, 0, 12288, 11781, 335
2026/09/10 19:28:38.204, 0, 12288, 11781, 335
2026/09/10 19:28:38.412, 0, 12288, 11781, 335
2026/09/10 19:28:38.619, 0, 12288, 11781, 335
2026/09/10 19:28:38.826, 0, 12288, 11781, 335
2026/09/10 19:28:39.032, 0, 12288, 11781, 335
2026/09/10 19:28:39.240, 0, 12288, 11781, 335
2026/09/10 19:28:39.447, 0, 12288, 11781, 335
2026/09/10 19:28:39.655, 0, 12288, 11781, 335
2026/09/10 19:28:39.863, 0, 12288, 11781, 335
2026/09/10 19:28:40.068, 0, 12288, 11781, 335
2026/09/10 19:28:40.276, 0, 12288, 11781, 335
2026/09/10 19:28:40.484, 0, 12288, 11781, 335
2026/09/10 19:28:40.691, 0, 12288, 11781, 335
2026/09/10 19:28:40.899, 0, 12288, 11781, 335
2026/09/10 19:28:41.106, 0, 12288, 11781, 335
2026/09/10 19:28:41.314, 0, 12288, 11781, 335
2026/09/10 19:28:41.522, 0, 12288, 11781, 335
2026/09/10 19:28:41.730, 0, 12288, 11781, 335
2026/09/10 19:28:41.938, 0, 12288, 11781, 335
2026/09/10 19:28:42.145, 0, 12288, 11781, 335
2026/09/10 19:28:42.353, 0, 12288, 11781, 335
2026/09/10 19:28:42.560, 0, 12288, 11781, 335
2026/09/10 19:28:42.768, 0, 12288, 11781, 335
2026/09/10 19:28:42.975, 0, 12288, 11781, 335
2026/09/10 19:28:43.182, 0, 12288, 11781, 335
2026/09/10 19:28:43.390, 0, 12288, 11781, 335
2026/09/10 19:28:43.596, 0, 12288, 11781, 335
2026/09/10 19:28:43.801, 0, 12288, 11781, 335
2026/09/10 19:28:44.008, 0, 12288, 11781, 335
2026/09/10 19:28:44.215, 0, 12288, 11781, 335
2026/09/10 19:28:44.423, 0, 12288, 11781, 335
2026/09/10 19:28:44.627, 0, 12288, 11781, 335
2026/09/10 19:28:44.833, 0, 12288, 11781, 335
2026/09/10 19:28:45.039, 0, 12288, 11781, 335
2026/09/10 19:28:45.246, 0, 12288, 11781, 335
2026/09/10 19:28:45.453, 0, 12288, 11781, 335
2026/09/10 19:28:45.661, 0, 12288, 11781, 335
2026/09/10 19:28:45.869, 0, 12288, 11781, 335
2026/09/10 19:28:46.077, 0, 12288, 11781, 335
2026/09/10 19:28:46.284, 0, 12288, 11781, 335
2026/09/10 19:28:46.490, 0, 12288, 11781, 335
2026/09/10 19:28:46.698, 0, 12288, 11781, 335
2026/09/10 19:28:46.906, 0, 12288, 11781, 335
2026/09/10 19:28:47.114, 0, 12288, 11781, 335
2026/09/10 19:28:47.322, 0, 12288, 11781, 335
2026/09/10 19:28:47.530, 0, 12288, 11781, 335
2026/09/10 19:28:47.754, 0, 12288, 11781, 335
2026/09/10 19:28:47.960, 0, 12288, 11781, 335
2026/09/10 19:28:48.168, 0, 12288, 11781, 335
2026/09/10 19:28:48.375, 0, 12288, 11781, 335
2026/09/10 19:28:48.581, 0, 12288, 11781, 335
2026/09/10 19:28:48.789, 0, 12288, 11781, 335
2026/09/10 19:28:48.996, 0, 12288, 11781, 335
2026/09/10 19:28:49.204, 0, 12288, 11781, 335
2026/09/10 19:28:49.412, 0, 12288, 11781, 335
2026/09/10 19:28:49.620, 0, 12288, 11781, 335
2026/09/10 19:28:49.827, 0, 12288, 11781, 335
2026/09/10 19:28:50.034, 0, 12288, 11781, 335
2026/09/10 19:28:50.241, 0, 12288, 11781, 335
2026/09/10 19:28:50.448, 0, 12288, 11781, 335
2026/09/10 19:28:50.654, 0, 12288, 11781, 335
2026/09/10 19:28:50.859, 0, 12288, 11781, 335
2026/09/10 19:28:51.065, 0, 12288, 11781, 335
2026/09/10 19:28:51.273, 0, 12288, 11781, 335
2026/09/10 19:28:51.477, 0, 12288, 11781, 335
2026/09/10 19:28:51.682, 0, 12288, 11781, 335
2026/09/10 19:28:51.887, 0, 12288, 11781, 335
2026/09/10 19:28:52.091, 0, 12288, 11781, 335
2026/09/10 19:28:52.299, 0, 12288, 11781, 335
2026/09/10 19:28:52.504, 0, 12288, 11781, 335
2026/09/10 19:28:52.712, 0, 12288, 11781, 335
2026/09/10 19:28:52.919, 0, 12288, 11781, 335
2026/09/10 19:28:53.122, 0, 12288, 11781, 335
2026/09/10 19:28:53.329, 0, 12288, 11781, 335
2026/09/10 19:28:53.534, 0, 12288, 11781, 335
2026/09/10 19:28:53.737, 0, 12288, 11781, 335
2026/09/10 19:28:53.944, 0, 12288, 11781, 335
2026/09/10 19:28:54.149, 0, 12288, 11781, 335
2026/09/10 19:28:54.356, 0, 12288, 11781, 335
2026/09/10 19:28:54.562, 0, 12288, 11781, 335
2026/09/10 19:28:54.767, 0, 12288, 11781, 335
2026/09/10 19:28:54.975, 0, 12288, 11781, 335
2026/09/10 19:28:55.180, 0, 12288, 11781, 335
2026/09/10 19:28:55.387, 0, 12288, 11781, 335
2026/09/10 19:28:55.594, 0, 12288, 11781, 335
2026/09/10 19:28:55.798, 0, 12288, 11781, 335
2026/09/10 19:28:56.002, 0, 12288, 11781, 335
2026/09/10 19:28:56.206, 0, 12288, 11781, 335
2026/09/10 19:28:56.414, 0, 12288, 11781, 335
2026/09/10 19:28:56.620, 0, 12288, 11781, 335
2026/09/10 19:28:56.827, 0, 12288, 11781, 335
2026/09/10 19:28:57.034, 0, 12288, 11781, 335
2026/09/10 19:28:57.239, 0, 12288, 11781, 335
2026/09/10 19:28:57.445, 0, 12288, 11781, 335
2026/09/10 19:28:57.653, 0, 12288, 11781, 335
2026/09/10 19:28:57.859, 0, 12288, 11781, 335
2026/09/10 19:28:58.067, 0, 12288, 11781, 335
2026/09/10 19:28:58.273, 0, 12288, 11781, 335
2026/09/10 19:28:58.478, 0, 12288, 11781, 335
2026/09/10 19:28:58.684, 0, 12288, 11781, 335
2026/09/10 19:28:58.888, 0, 12288, 11781, 335
2026/09/10 19:28:59.095, 0, 12288, 11781, 335
2026/09/10 19:28:59.301, 0, 12288, 11781, 335
2026/09/10 19:28:59.508, 0, 12288, 11781, 335
2026/09/10 19:28:59.716, 0, 12288, 11781, 335
2026/09/10 19:28:59.919, 0, 12288, 11781, 335
2026/09/10 19:29:00.125, 0, 12288, 11781, 335
2026/09/10 19:29:00.333, 0, 12288, 11781, 335
2026/09/10 19:29:00.534, 0, 12288, 11781, 335
2026/09/10 19:29:00.742, 0, 12288, 11781, 335
2026/09/10 19:29:00.949, 0, 12288, 11781, 335
2026/09/10 19:29:01.155, 0, 12288, 11781, 335
2026/09/10 19:29:01.359, 0, 12288, 11781, 335
2026/09/10 19:29:01.565, 0, 12288, 11781, 335
2026/09/10 19:29:01.772, 0, 12288, 11781, 335
2026/09/10 19:29:01.979, 0, 12288, 11781, 335
2026/09/10 19:29:02.184, 0, 12288, 11781, 335
2026/09/10 19:29:02.392, 0, 12288, 11781, 335
2026/09/10 19:29:02.598, 0, 12288, 11781, 335
2026/09/10 19:29:02.802, 0, 12288, 11781, 335
2026/09/10 19:29:03.010, 0, 12288, 11781, 335
2026/09/10 19:29:03.217, 0, 12288, 11781, 335
2026/09/10 19:29:03.423, 0, 12288, 11781, 335
2026/09/10 19:29:03.629, 0, 12288, 11781, 335
2026/09/10 19:29:03.835, 0, 12288, 11781, 335
2026/09/10 19:29:04.042, 0, 12288, 11781, 335
2026/09/10 19:29:04.249, 0, 12288, 11781, 335
2026/09/10 19:29:04.455, 0, 12288, 11781, 335
2026/09/10 19:29:04.663, 0, 12288, 11781, 335
2026/09/10 19:29:04.870, 0, 12288, 11781, 335
2026/09/10 19:29:05.078, 0, 12288, 11781, 335
2026/09/10 19:29:05.284, 0, 12288, 11781, 335
2026/09/10 19:29:05.489, 0, 12288, 11781, 335
2026/09/10 19:29:05.696, 0, 12288, 11781, 335
2026/09/10 19:29:05.904, 0, 12288, 11781, 335
2026/09/10 19:29:06.108, 0, 12288, 11781, 335
2026/09/10 19:29:06.316, 0, 12288, 11781, 335
2026/09/10 19:29:06.523, 0, 12288, 11781, 335
2026/09/10 19:29:06.728, 0, 12288, 11781, 335
2026/09/10 19:29:06.930, 0, 12288, 11781, 335
2026/09/10 19:29:07.136, 0, 12288, 11781, 335
2026/09/10 19:29:07.341, 0, 12288, 11781, 335
2026/09/10 19:29:07.549, 0, 12288, 11781, 335
2026/09/10 19:29:07.752, 0, 12288, 11781, 335
2026/09/10 19:29:07.960, 0, 12288, 11781, 335
2026/09/10 19:29:08.167, 0, 12288, 11781, 335
2026/09/10 19:29:08.369, 0, 12288, 11781, 335
2026/09/10 19:29:08.577, 0, 12288, 11781, 335
2026/09/10 19:29:08.783, 0, 12288, 11781, 335
2026/09/10 19:29:08.988, 0, 12288, 11781, 335
2026/09/10 19:29:09.195, 0, 12288, 11781, 335
2026/09/10 19:29:09.398, 0, 12288, 11781, 335
2026/09/10 19:29:09.604, 0, 12288, 11781, 335
2026/09/10 19:29:09.812, 0, 12288, 11781, 335
2026/09/10 19:29:10.014, 0, 12288, 11781, 335
2026/09/10 19:29:10.221, 0, 12288, 11781, 335
2026/09/10 19:29:10.428, 0, 12288, 11781, 335
2026/09/10 19:29:10.633, 0, 12288, 11781, 335
2026/09/10 19:29:10.840, 0, 12288, 11781, 335
2026/09/10 19:29:11.046, 0, 12288, 11781, 335
2026/09/10 19:29:11.251, 0, 12288, 11781, 335
2026/09/10 19:29:11.459, 0, 12288, 11781, 335
2026/09/10 19:29:11.664, 0, 12288, 11781, 335
2026/09/10 19:29:11.869, 0, 12288, 11781, 335
2026/09/10 19:29:12.077, 0, 12288, 11781, 335
2026/09/10 19:29:12.282, 0, 12288, 11781, 335
2026/09/10 19:29:12.486, 0, 12288, 11781, 335
2026/09/10 19:29:12.691, 0, 12288, 11781, 335
2026/09/10 19:29:12.894, 0, 12288, 11781, 335
2026/09/10 19:29:13.100, 0, 12288, 11781, 335
2026/09/10 19:29:13.306, 0, 12288, 11781, 335
2026/09/10 19:29:13.510, 0, 12288, 11781, 335
2026/09/10 19:29:13.717, 0, 12288, 11781, 335
2026/09/10 19:29:13.923, 0, 12288, 11781, 335
2026/09/10 19:29:14.127, 0, 12288, 11781, 335
2026/09/10 19:29:14.333, 0, 12288, 11781, 335
2026/09/10 19:29:14.540, 0, 12288, 11781, 335
2026/09/10 19:29:14.744, 0, 12288, 11781, 335
2026/09/10 19:29:14.952, 0, 12288, 11781, 335
2026/09/10 19:29:15.157, 0, 12288, 11781, 335
2026/09/10 19:29:15.363, 0, 12288, 11781, 335
2026/09/10 19:29:15.571, 0, 12288, 11781, 335
2026/09/10 19:29:15.773, 0, 12288, 11781, 335
2026/09/10 19:29:15.981, 0, 12288, 11781, 335
2026/09/10 19:29:16.187, 0, 12288, 11781, 335
2026/09/10 19:29:16.391, 0, 12288, 11781, 335
2026/09/10 19:29:16.599, 0, 12288, 11781, 335
2026/09/10 19:29:16.807, 0, 12288, 11781, 335
2026/09/10 19:29:17.011, 0, 12288, 11781, 335
2026/09/10 19:29:17.219, 0, 12288, 11781, 335
2026/09/10 19:29:17.425, 0, 12288, 11781, 335
2026/09/10 19:29:17.629, 0, 12288, 11781, 335
2026/09/10 19:29:17.837, 0, 12288, 11781, 335
2026/09/10 19:29:18.042, 0, 12288, 11781, 335
2026/09/10 19:29:18.248, 0, 12288, 11781, 335
2026/09/10 19:29:18.455, 0, 12288, 11781, 335
2026/09/10 19:29:18.659, 0, 12288, 11781, 335
2026/09/10 19:29:18.865, 0, 12288, 11781, 335
2026/09/10 19:29:19.073, 0, 12288, 11781, 335
2026/09/10 19:29:19.278, 0, 12288, 11781, 335
2026/09/10 19:29:19.485, 0, 12288, 11781, 335
2026/09/10 19:29:19.693, 0, 12288, 11781, 335
2026/09/10 19:29:19.897, 0, 12288, 11781, 335
2026/09/10 19:29:20.103, 0, 12288, 11781, 335
2026/09/10 19:29:20.310, 0, 12288, 11781, 335
2026/09/10 19:29:20.514, 0, 12288, 11781, 335
2026/09/10 19:29:20.720, 0, 12288, 11781, 335
2026/09/10 19:29:20.928, 0, 12288, 11781, 335
2026/09/10 19:29:21.133, 0, 12288, 11781, 335
2026/09/10 19:29:21.340, 0, 12288, 11781, 335
2026/09/10 19:29:21.548, 0, 12288, 11781, 335
2026/09/10 19:29:21.751, 0, 12288, 11781, 335
2026/09/10 19:29:21.958, 0, 12288, 11781, 335
2026/09/10 19:29:22.166, 0, 12288, 11781, 335
2026/09/10 19:29:22.370, 0, 12288, 11781, 335
2026/09/10 19:29:22.578, 0, 12288, 11781, 335
2026/09/10 19:29:22.785, 0, 12288, 11781, 335
2026/09/10 19:29:22.990, 0, 12288, 11781, 335
2026/09/10 19:29:23.198, 0, 12288, 11781, 335
2026/09/10 19:29:23.405, 0, 12288, 11781, 335
2026/09/10 19:29:23.608, 0, 12288, 11781, 335
2026/09/10 19:29:23.814, 0, 12288, 11781, 335
2026/09/10 19:29:24.016, 0, 12288, 11781, 335
2026/09/10 19:29:24.223, 0, 12288, 11781, 335
2026/09/10 19:29:24.429, 0, 12288, 11781, 335
2026/09/10 19:29:24.636, 0, 12288, 11781, 335
2026/09/10 19:29:24.843, 0, 12288, 11781, 335
2026/09/10 19:29:25.049, 0, 12288, 11781, 335
2026/09/10 19:29:25.255, 0, 12288, 11781, 335
2026/09/10 19:29:25.463, 0, 12288, 11781, 335
2026/09/10 19:29:25.671, 0, 12288, 11781, 335
2026/09/10 19:29:25.878, 0, 12288, 11781, 335
2026/09/10 19:29:26.085, 0, 12288, 11781, 335
2026/09/10 19:29:26.293, 0, 12288, 11781, 335
2026/09/10 19:29:26.501, 0, 12288, 11781, 335
2026/09/10 19:29:26.708, 0, 12288, 11781, 335
2026/09/10 19:29:26.915, 0, 12288, 11781, 335
2026/09/10 19:29:27.122, 0, 12288, 11781, 335
2026/09/10 19:29:27.330, 0, 12288, 11781, 335
2026/09/10 19:29:27.538, 0, 12288, 11781, 335
2026/09/10 19:29:27.745, 0, 12288, 11781, 335
2026/09/10 19:29:27.951, 0, 12288, 11781, 335
2026/09/10 19:29:28.159, 0, 12288, 11781, 335
2026/09/10 19:29:28.366, 0, 12288, 11781, 335
2026/09/10 19:29:28.574, 0, 12288, 11781, 335
2026/09/10 19:29:28.780, 0, 12288, 11781, 335
2026/09/10 19:29:28.988, 0, 12288, 11781, 335
2026/09/10 19:29:29.194, 0, 12288, 11781, 335
2026/09/10 19:29:29.402, 0, 12288, 11781, 335
2026/09/10 19:29:29.610, 0, 12288, 11781, 335
2026/09/10 19:29:29.818, 0, 12288, 11781, 335
2026/09/10 19:29:30.025, 0, 12288, 11781, 335
2026/09/10 19:29:30.232, 0, 12288, 11781, 335
2026/09/10 19:29:30.440, 0, 12288, 11781, 335
2026/09/10 19:29:30.648, 0, 12288, 11781, 335
2026/09/10 19:29:30.855, 0, 12288, 11781, 335
2026/09/10 19:29:31.062, 0, 12288, 11781, 335
2026/09/10 19:29:31.268, 0, 12288, 11781, 335
2026/09/10 19:29:31.476, 0, 12288, 11781, 335
2026/09/10 19:29:31.684, 0, 12288, 11781, 335
2026/09/10 19:29:31.891, 0, 12288, 11781, 335
2026/09/10 19:29:32.099, 0, 12288, 11781, 335
2026/09/10 19:29:32.306, 0, 12288, 11781, 335
2026/09/10 19:29:32.514, 0, 12288, 11781, 335
2026/09/10 19:29:32.720, 0, 12288, 11781, 335
2026/09/10 19:29:32.927, 0, 12288, 11781, 335
2026/09/10 19:29:33.134, 0, 12288, 11781, 335
2026/09/10 19:29:33.342, 0, 12288, 11781, 335
2026/09/10 19:29:33.550, 0, 12288, 11781, 335
2026/09/10 19:29:33.758, 0, 12288, 11781, 335
2026/09/10 19:29:33.966, 0, 12288, 11781, 335
2026/09/10 19:29:34.174, 0, 12288, 11781, 335
2026/09/10 19:29:34.382, 0, 12288, 11781, 335
2026/09/10 19:29:34.590, 0, 12288, 11781, 335
2026/09/10 19:29:34.796, 0, 12288, 11781, 335
2026/09/10 19:29:35.003, 0, 12288, 11781, 335
2026/09/10 19:29:35.208, 0, 12288, 11781, 335
2026/09/10 19:29:35.415, 0, 12288, 11781, 335
2026/09/10 19:29:35.623, 0, 12288, 11781, 335
2026/09/10 19:29:35.830, 0, 12288, 11781, 335
2026/09/10 19:29:36.038, 0, 12288, 11781, 335
2026/09/10 19:29:36.246, 0, 12288, 11781, 335
2026/09/10 19:29:36.454, 0, 12288, 11781, 335
2026/09/10 19:29:36.661, 0, 12288, 11781, 335
2026/09/10 19:29:36.868, 0, 12288, 11781, 335
2026/09/10 19:29:37.075, 0, 12288, 11781, 335
2026/09/10 19:29:37.283, 0, 12288, 11781, 335
2026/09/10 19:29:37.491, 0, 12288, 11781, 335
2026/09/10 19:29:37.699, 0, 12288, 11781, 335
2026/09/10 19:29:37.906, 0, 12288, 11781, 335
2026/09/10 19:29:38.113, 0, 12288, 11781, 335
2026/09/10 19:29:38.321, 0, 12288, 11781, 335
2026/09/10 19:29:38.527, 0, 12288, 11781, 335
2026/09/10 19:29:38.735, 0, 12288, 11781, 335
2026/09/10 19:29:38.942, 0, 12288, 11781, 335
2026/09/10 19:29:39.149, 0, 12288, 11781, 335
2026/09/10 19:29:39.355, 0, 12288, 11781, 335
2026/09/10 19:29:39.562, 0, 12288, 11781, 335
2026/09/10 19:29:39.770, 0, 12288, 11781, 335
2026/09/10 19:29:39.977, 0, 12288, 11781, 335
2026/09/10 19:29:40.185, 0, 12288, 11781, 335
2026/09/10 19:29:40.391, 0, 12288, 11781, 335
2026/09/10 19:29:40.598, 0, 12288, 11781, 335
2026/09/10 19:29:40.805, 0, 12288, 11781, 335
2026/09/10 19:29:41.011, 0, 12288, 11781, 335
2026/09/10 19:29:41.219, 0, 12288, 11781, 335
2026/09/10 19:29:41.426, 0, 12288, 11781, 335
2026/09/10 19:29:41.633, 0, 12288, 11781, 335
2026/09/10 19:29:41.840, 0, 12288, 11781, 335
2026/09/10 19:29:42.048, 0, 12288, 11781, 335
2026/09/10 19:29:42.255, 0, 12288, 11781, 335
2026/09/10 19:29:42.463, 0, 12288, 11781, 335
2026/09/10 19:29:42.670, 0, 12288, 11781, 335
2026/09/10 19:29:42.878, 0, 12288, 11781, 335
2026/09/10 19:29:43.086, 0, 12288, 11781, 335
2026/09/10 19:29:43.294, 0, 12288, 11781, 335
2026/09/10 19:29:43.501, 0, 12288, 11781, 335
2026/09/10 19:29:43.708, 0, 12288, 11781, 335
2026/09/10 19:29:43.916, 0, 12288, 11781, 335
2026/09/10 19:29:44.124, 0, 12288, 11781, 335
2026/09/10 19:29:44.331, 0, 12288, 11781, 335
2026/09/10 19:29:44.538, 0, 12288, 11781, 335
2026/09/10 19:29:44.746, 0, 12288, 11781, 335
2026/09/10 19:29:44.953, 0, 12288, 11781, 335
2026/09/10 19:29:45.160, 0, 12288, 11781, 335
2026/09/10 19:29:45.368, 0, 12288, 11781, 335
2026/09/10 19:29:45.575, 0, 12288, 11781, 335
2026/09/10 19:29:45.783, 0, 12288, 11781, 335
2026/09/10 19:29:45.989, 0, 12288, 11781, 335
2026/09/10 19:29:46.195, 0, 12288, 11781, 335
2026/09/10 19:29:46.402, 0, 12288, 11781, 335
2026/09/10 19:29:46.610, 0, 12288, 11781, 335
2026/09/10 19:29:46.818, 0, 12288, 11781, 335
2026/09/10 19:29:47.024, 0, 12288, 11781, 335
2026/09/10 19:29:47.232, 0, 12288, 11781, 335
2026/09/10 19:29:47.440, 0, 12288, 11781, 335
2026/09/10 19:29:47.647, 0, 12288, 11781, 335
2026/09/10 19:29:47.853, 0, 12288, 11781, 335
2026/09/10 19:29:48.060, 0, 12288, 11781, 335
2026/09/10 19:29:48.267, 0, 12288, 11781, 335
2026/09/10 19:29:48.475, 0, 12288, 11781, 335
2026/09/10 19:29:48.683, 0, 12288, 11781, 335
2026/09/10 19:29:48.890, 0, 12288, 11781, 335
2026/09/10 19:29:49.098, 0, 12288, 11781, 335
2026/09/10 19:29:49.303, 0, 12288, 11781, 335
2026/09/10 19:29:49.511, 0, 12288, 11781, 335
2026/09/10 19:29:49.718, 0, 12288, 11781, 335
2026/09/10 19:29:49.925, 0, 12288, 11781, 335
2026/09/10 19:29:50.132, 0, 12288, 11781, 335
2026/09/10 19:29:50.340, 0, 12288, 11781, 335
2026/09/10 19:29:50.546, 0, 12288, 11781, 335
2026/09/10 19:29:50.754, 0, 12288, 11781, 335
2026/09/10 19:29:50.962, 0, 12288, 11781, 335
2026/09/10 19:29:51.170, 0, 12288, 11781, 335
2026/09/10 19:29:51.378, 0, 12288, 11781, 335
2026/09/10 19:29:51.585, 0, 12288, 11781, 335
2026/09/10 19:29:51.791, 0, 12288, 11781, 335
2026/09/10 19:29:51.998, 0, 12288, 11781, 335
2026/09/10 19:29:52.206, 0, 12288, 11781, 335
2026/09/10 19:29:52.413, 0, 12288, 11781, 335
2026/09/10 19:29:52.621, 0, 12288, 11781, 335
2026/09/10 19:29:52.828, 0, 12288, 11781, 335
2026/09/10 19:29:53.036, 0, 12288, 11781, 335
2026/09/10 19:29:53.243, 0, 12288, 11781, 335
2026/09/10 19:29:53.450, 0, 12288, 11781, 335
2026/09/10 19:29:53.658, 0, 12288, 11781, 335
2026/09/10 19:29:53.866, 0, 12288, 11781, 335
2026/09/10 19:29:54.074, 0, 12288, 11781, 335
2026/09/10 19:29:54.281, 0, 12288, 11781, 335
2026/09/10 19:29:54.489, 0, 12288, 11781, 335
2026/09/10 19:29:54.696, 0, 12288, 11781, 335
2026/09/10 19:29:54.903, 0, 12288, 11781, 335
2026/09/10 19:29:55.110, 0, 12288, 11781, 335
2026/09/10 19:29:55.318, 0, 12288, 11781, 335
2026/09/10 19:29:55.526, 0, 12288, 11781, 335
2026/09/10 19:29:55.732, 0, 12288, 11781, 335
2026/09/10 19:29:55.938, 0, 12288, 11781, 335
2026/09/10 19:29:56.143, 0, 12288, 11781, 335
2026/09/10 19:29:56.351, 0, 12288, 11781, 335
2026/09/10 19:29:56.558, 0, 12288, 11781, 335
2026/09/10 19:29:56.765, 0, 12288, 11781, 335
2026/09/10 19:29:56.973, 0, 12288, 11781, 335
2026/09/10 19:29:57.178, 0, 12288, 11781, 335
2026/09/10 19:29:57.384, 0, 12288, 11781, 335
2026/09/10 19:29:57.591, 0, 12288, 11781, 335
2026/09/10 19:29:57.799, 0, 12288, 11781, 335
2026/09/10 19:29:58.005, 0, 12288, 11781, 335
2026/09/10 19:29:58.212, 0, 12288, 11781, 335
2026/09/10 19:29:58.419, 0, 12288, 11781, 335
2026/09/10 19:29:58.643, 0, 12288, 11781, 335
2026/09/10 19:29:58.849, 0, 12288, 11781, 335
2026/09/10 19:29:59.057, 0, 12288, 11781, 335
2026/09/10 19:29:59.265, 0, 12288, 11781, 335
2026/09/10 19:29:59.472, 0, 12288, 11781, 335
2026/09/10 19:29:59.680, 0, 12288, 11781, 335
2026/09/10 19:29:59.887, 0, 12288, 11781, 335
2026/09/10 19:30:00.095, 0, 12288, 11781, 335
2026/09/10 19:30:00.301, 0, 12288, 11781, 335
2026/09/10 19:30:00.509, 0, 12288, 11781, 335
2026/09/10 19:30:00.717, 0, 12288, 11781, 335
2026/09/10 19:30:00.924, 0, 12288, 11781, 335
2026/09/10 19:30:01.131, 0, 12288, 11781, 335
2026/09/10 19:30:01.338, 0, 12288, 11781, 335
2026/09/10 19:30:01.545, 0, 12288, 11781, 335
2026/09/10 19:30:01.753, 0, 12288, 11781, 335
2026/09/10 19:30:01.959, 0, 12288, 11781, 335
2026/09/10 19:30:02.167, 0, 12288, 11781, 335
2026/09/10 19:30:02.374, 0, 12288, 11781, 335
2026/09/10 19:30:02.580, 0, 12288, 11781, 335
2026/09/10 19:30:02.786, 0, 12288, 11781, 335
2026/09/10 19:30:02.994, 0, 12288, 11781, 335
2026/09/10 19:30:03.201, 0, 12288, 11781, 335
2026/09/10 19:30:03.408, 0, 12288, 11781, 335
2026/09/10 19:30:03.615, 0, 12288, 11781, 335
2026/09/10 19:30:03.821, 0, 12288, 11781, 335
2026/09/10 19:30:04.028, 0, 12288, 11781, 335
2026/09/10 19:30:04.235, 0, 12288, 11781, 335
2026/09/10 19:30:04.443, 0, 12288, 11781, 335
2026/09/10 19:30:04.649, 0, 12288, 11781, 335
2026/09/10 19:30:04.857, 0, 12288, 11781, 335
2026/09/10 19:30:05.063, 0, 12288, 11781, 335
2026/09/10 19:30:05.270, 0, 12288, 11781, 335
2026/09/10 19:30:05.478, 0, 12288, 11781, 335
2026/09/10 19:30:05.685, 0, 12288, 11781, 335
2026/09/10 19:30:05.893, 0, 12288, 11781, 335
2026/09/10 19:30:06.101, 0, 12288, 11781, 335
2026/09/10 19:30:06.309, 0, 12288, 11781, 335
2026/09/10 19:30:06.517, 0, 12288, 11781, 335
2026/09/10 19:30:06.724, 0, 12288, 11781, 335
2026/09/10 19:30:06.931, 0, 12288, 11781, 335
2026/09/10 19:30:07.138, 0, 12288, 11781, 335
2026/09/10 19:30:07.346, 0, 12288, 11781, 335
2026/09/10 19:30:07.554, 0, 12288, 11781, 335
2026/09/10 19:30:07.762, 0, 12288, 11781, 335
2026/09/10 19:30:07.969, 0, 12288, 11781, 335
2026/09/10 19:30:08.176, 0, 12288, 11781, 335
2026/09/10 19:30:08.382, 0, 12288, 11781, 335
2026/09/10 19:30:08.590, 0, 12288, 11781, 335
2026/09/10 19:30:08.797, 0, 12288, 11781, 335
2026/09/10 19:30:09.004, 0, 12288, 11781, 335
2026/09/10 19:30:09.211, 0, 12288, 11781, 335
2026/09/10 19:30:09.418, 0, 12288, 11781, 335
2026/09/10 19:30:09.626, 0, 12288, 11781, 335
2026/09/10 19:30:09.834, 0, 12288, 11781, 335
2026/09/10 19:30:10.041, 0, 12288, 11781, 335
2026/09/10 19:30:10.248, 0, 12288, 11781, 335
2026/09/10 19:30:10.456, 0, 12288, 11781, 335
2026/09/10 19:30:10.664, 0, 12288, 11781, 335
2026/09/10 19:30:10.871, 0, 12288, 11781, 335
2026/09/10 19:30:11.077, 0, 12288, 11781, 335
2026/09/10 19:30:11.285, 0, 12288, 11781, 335
2026/09/10 19:30:11.493, 0, 12288, 11781, 335
2026/09/10 19:30:11.700, 0, 12288, 11781, 335
2026/09/10 19:30:11.907, 0, 12288, 11781, 335
2026/09/10 19:30:12.115, 0, 12288, 11781, 335
2026/09/10 19:30:12.323, 0, 12288, 11781, 335
2026/09/10 19:30:12.531, 0, 12288, 11781, 335
2026/09/10 19:30:12.739, 0, 12288, 11781, 335
2026/09/10 19:30:12.947, 0, 12288, 11781, 335
2026/09/10 19:30:13.155, 0, 12288, 11781, 335
2026/09/10 19:30:13.363, 0, 12288, 11781, 335
2026/09/10 19:30:13.570, 0, 12288, 11781, 335
2026/09/10 19:30:13.778, 0, 12288, 11781, 335
2026/09/10 19:30:13.984, 0, 12288, 11781, 335
2026/09/10 19:30:14.190, 0, 12288, 11781, 335
2026/09/10 19:30:14.398, 0, 12288, 11781, 335
2026/09/10 19:30:14.605, 0, 12288, 11781, 335
2026/09/10 19:30:14.811, 0, 12288, 11781, 335
2026/09/10 19:30:15.018, 0, 12288, 11781, 335
2026/09/10 19:30:15.224, 0, 12288, 11781, 335
2026/09/10 19:30:15.432, 0, 12288, 11781, 335
2026/09/10 19:30:15.639, 0, 12288, 11781, 335
2026/09/10 19:30:15.845, 0, 12288, 11781, 335
2026/09/10 19:30:16.053, 0, 12288, 11781, 335
2026/09/10 19:30:16.260, 0, 12288, 11781, 335
2026/09/10 19:30:16.468, 0, 12288, 11781, 335
2026/09/10 19:30:16.674, 0, 12288, 11781, 335
2026/09/10 19:30:16.882, 0, 12288, 11781, 335
2026/09/10 19:30:17.089, 0, 12288, 11781, 335
2026/09/10 19:30:17.296, 0, 12288, 11781, 335
2026/09/10 19:30:17.504, 0, 12288, 11781, 335
2026/09/10 19:30:17.727, 0, 12288, 11781, 335
2026/09/10 19:30:17.935, 0, 12288, 11781, 335
2026/09/10 19:30:18.143, 0, 12288, 11781, 335
2026/09/10 19:30:18.351, 0, 12288, 11781, 335
2026/09/10 19:30:18.559, 0, 12288, 11781, 335
2026/09/10 19:30:18.767, 0, 12288, 11781, 335
2026/09/10 19:30:18.973, 0, 12288, 11781, 335
2026/09/10 19:30:19.181, 0, 12288, 11781, 335
2026/09/10 19:30:19.388, 0, 12288, 11781, 335
2026/09/10 19:30:19.593, 0, 12288, 11781, 335
2026/09/10 19:30:19.800, 0, 12288, 11781, 335
2026/09/10 19:30:20.008, 0, 12288, 11781, 335
2026/09/10 19:30:20.215, 0, 12288, 11781, 335
2026/09/10 19:30:20.438, 0, 12288, 11781, 335
2026/09/10 19:30:20.646, 0, 12288, 11781, 335
2026/09/10 19:30:20.854, 0, 12288, 11781, 335
2026/09/10 19:30:21.062, 0, 12288, 11781, 335
2026/09/10 19:30:21.269, 0, 12288, 11781, 335
2026/09/10 19:30:21.477, 0, 12288, 11781, 335
2026/09/10 19:30:21.683, 0, 12288, 11781, 335
2026/09/10 19:30:21.890, 0, 12288, 11781, 335
2026/09/10 19:30:22.098, 0, 12288, 11781, 335
2026/09/10 19:30:22.305, 0, 12288, 11781, 335
2026/09/10 19:30:22.513, 0, 12288, 11781, 335
2026/09/10 19:30:22.720, 0, 12288, 11781, 335
2026/09/10 19:30:22.928, 0, 12288, 11781, 335
2026/09/10 19:30:23.135, 0, 12288, 11781, 335
2026/09/10 19:30:23.342, 0, 12288, 11781, 335
2026/09/10 19:30:23.550, 0, 12288, 11781, 335
2026/09/10 19:30:23.758, 0, 12288, 11781, 335
2026/09/10 19:30:23.965, 0, 12288, 11781, 335
2026/09/10 19:30:24.173, 0, 12288, 11781, 335
2026/09/10 19:30:24.381, 0, 12288, 11781, 335
2026/09/10 19:30:24.588, 0, 12288, 11781, 335
2026/09/10 19:30:24.796, 0, 12288, 11781, 335
2026/09/10 19:30:25.003, 0, 12288, 11781, 335
2026/09/10 19:30:25.209, 0, 12288, 11781, 335
2026/09/10 19:30:25.417, 0, 12288, 11781, 335
2026/09/10 19:30:25.624, 0, 12288, 11781, 335
2026/09/10 19:30:25.831, 0, 12288, 11781, 335
2026/09/10 19:30:26.037, 0, 12288, 11781, 335
2026/09/10 19:30:26.245, 0, 12288, 11781, 335
2026/09/10 19:30:26.453, 0, 12288, 11781, 335
2026/09/10 19:30:26.661, 0, 12288, 11781, 335
2026/09/10 19:30:26.869, 0, 12288, 11781, 335
2026/09/10 19:30:27.076, 0, 12288, 11781, 335
2026/09/10 19:30:27.283, 0, 12288, 11781, 335
2026/09/10 19:30:27.491, 0, 12288, 11781, 335
2026/09/10 19:30:27.699, 0, 12288, 11781, 335
2026/09/10 19:30:27.907, 0, 12288, 11781, 335
2026/09/10 19:30:28.115, 0, 12288, 11781, 335
2026/09/10 19:30:28.322, 0, 12288, 11781, 335
2026/09/10 19:30:28.529, 0, 12288, 11781, 335
2026/09/10 19:30:28.736, 0, 12288, 11781, 335
2026/09/10 19:30:28.944, 0, 12288, 11781, 335
2026/09/10 19:30:29.152, 0, 12288, 11781, 335
2026/09/10 19:30:29.360, 0, 12288, 11781, 335
2026/09/10 19:30:29.567, 0, 12288, 11781, 335
2026/09/10 19:30:29.774, 0, 12288, 11781, 335
2026/09/10 19:30:29.982, 0, 12288, 11781, 335
2026/09/10 19:30:30.190, 0, 12288, 11781, 335
2026/09/10 19:30:30.398, 0, 12288, 11781, 335
2026/09/10 19:30:30.606, 0, 12288, 11781, 335
2026/09/10 19:30:30.812, 0, 12288, 11781, 335
2026/09/10 19:30:31.020, 0, 12288, 11781, 335
2026/09/10 19:30:31.227, 0, 12288, 11781, 335
2026/09/10 19:30:31.434, 0, 12288, 11781, 335
2026/09/10 19:30:31.641, 0, 12288, 11781, 335
2026/09/10 19:30:31.847, 0, 12288, 11781, 335
2026/09/10 19:30:32.054, 0, 12288, 11781, 335
2026/09/10 19:30:32.262, 0, 12288, 11781, 335
2026/09/10 19:30:32.468, 0, 12288, 11781, 335
2026/09/10 19:30:32.674, 0, 12288, 11781, 335
2026/09/10 19:30:32.882, 0, 12288, 11781, 335
2026/09/10 19:30:33.089, 0, 12288, 11781, 335
2026/09/10 19:30:33.297, 0, 12288, 11781, 335
2026/09/10 19:30:33.504, 0, 12288, 11781, 335
2026/09/10 19:30:33.712, 0, 12288, 11781, 335
2026/09/10 19:30:33.919, 0, 12288, 11781, 335
2026/09/10 19:30:34.126, 0, 12288, 11781, 335
2026/09/10 19:30:34.332, 0, 12288, 11781, 335
2026/09/10 19:30:34.540, 0, 12288, 11781, 335
2026/09/10 19:30:34.748, 0, 12288, 11781, 335
2026/09/10 19:30:34.956, 0, 12288, 11781, 335
2026/09/10 19:30:35.163, 0, 12288, 11781, 335
2026/09/10 19:30:35.371, 0, 12288, 11781, 335
2026/09/10 19:30:35.579, 0, 12288, 11781, 335
2026/09/10 19:30:35.786, 0, 12288, 11781, 335
2026/09/10 19:30:35.994, 0, 12288, 11781, 335
2026/09/10 19:30:36.202, 0, 12288, 11781, 335
2026/09/10 19:30:36.407, 0, 12288, 11781, 335
2026/09/10 19:30:36.615, 0, 12288, 11781, 335
2026/09/10 19:30:36.822, 0, 12288, 11781, 335
2026/09/10 19:30:37.029, 0, 12288, 11781, 335
2026/09/10 19:30:37.236, 0, 12288, 11781, 335
2026/09/10 19:30:37.444, 0, 12288, 11781, 335
2026/09/10 19:30:37.651, 0, 12288, 11781, 335
2026/09/10 19:30:37.856, 0, 12288, 11781, 335
2026/09/10 19:30:38.063, 0, 12288, 11781, 335
2026/09/10 19:30:38.268, 0, 12288, 11781, 335
2026/09/10 19:30:38.475, 0, 12288, 11781, 335
2026/09/10 19:30:38.682, 0, 12288, 11781, 335
2026/09/10 19:30:38.890, 0, 12288, 11781, 335
2026/09/10 19:30:39.098, 0, 12288, 11781, 335
2026/09/10 19:30:39.306, 0, 12288, 11781, 335
2026/09/10 19:30:39.513, 0, 12288, 11781, 335
2026/09/10 19:30:39.720, 0, 12288, 11781, 335
2026/09/10 19:30:39.928, 0, 12288, 11781, 335
2026/09/10 19:30:40.136, 0, 12288, 11781, 335
2026/09/10 19:30:40.342, 0, 12288, 11781, 335
2026/09/10 19:30:40.550, 0, 12288, 11781, 335
2026/09/10 19:30:40.757, 0, 12288, 11781, 335
2026/09/10 19:30:40.965, 0, 12288, 11781, 335
2026/09/10 19:30:41.173, 0, 12288, 11781, 335
2026/09/10 19:30:41.380, 0, 12288, 11781, 335
2026/09/10 19:30:41.586, 0, 12288, 11781, 335
2026/09/10 19:30:41.793, 0, 12288, 11781, 335
2026/09/10 19:30:42.000, 0, 12288, 11781, 335
2026/09/10 19:30:42.207, 0, 12288, 11781, 335
2026/09/10 19:30:42.415, 0, 12288, 11781, 335
2026/09/10 19:30:42.623, 0, 12288, 11781, 335
2026/09/10 19:30:42.831, 0, 12288, 11781, 335
2026/09/10 19:30:43.039, 0, 12288, 11781, 335
2026/09/10 19:30:43.247, 0, 12288, 11781, 335
2026/09/10 19:30:43.455, 0, 12288, 11781, 335
2026/09/10 19:30:43.662, 0, 12288, 11781, 335
2026/09/10 19:30:43.870, 0, 12288, 11781, 335
2026/09/10 19:30:44.078, 0, 12288, 11781, 335
2026/09/10 19:30:44.286, 0, 12288, 11781, 335
2026/09/10 19:30:44.493, 0, 12288, 11781, 335
2026/09/10 19:30:44.700, 0, 12288, 11781, 335
2026/09/10 19:30:44.908, 0, 12288, 11781, 335
2026/09/10 19:30:45.114, 0, 12288, 11781, 335
2026/09/10 19:30:45.322, 0, 12288, 11781, 335
2026/09/10 19:30:45.530, 0, 12288, 11781, 335
2026/09/10 19:30:45.738, 0, 12288, 11781, 335
2026/09/10 19:30:45.946, 0, 12288, 11781, 335
2026/09/10 19:30:46.154, 0, 12288, 11781, 335
2026/09/10 19:30:46.361, 0, 12288, 11781, 335
2026/09/10 19:30:46.568, 0, 12288, 11781, 335
2026/09/10 19:30:46.776, 0, 12288, 11781, 335
2026/09/10 19:30:46.984, 0, 12288, 11781, 335
2026/09/10 19:30:47.192, 0, 12288, 11781, 335
2026/09/10 19:30:47.400, 0, 12288, 11781, 335
2026/09/10 19:30:47.604, 0, 12288, 11781, 335
2026/09/10 19:30:47.812, 0, 12288, 11781, 335
2026/09/10 19:30:48.018, 0, 12288, 11781, 335
2026/09/10 19:30:48.226, 0, 12288, 11781, 335
2026/09/10 19:30:48.434, 0, 12288, 11781, 335
2026/09/10 19:30:48.642, 0, 12288, 11781, 335
2026/09/10 19:30:48.850, 0, 12288, 11781, 335
2026/09/10 19:30:49.073, 0, 12288, 11781, 335
2026/09/10 19:30:49.280, 0, 12288, 11781, 335
2026/09/10 19:30:49.488, 0, 12288, 11781, 335
2026/09/10 19:30:49.696, 0, 12288, 11781, 335
2026/09/10 19:30:49.904, 0, 12288, 11781, 335
2026/09/10 19:30:50.112, 0, 12288, 11781, 335
2026/09/10 19:30:50.319, 0, 12288, 11781, 335
2026/09/10 19:30:50.525, 0, 12288, 11781, 335
2026/09/10 19:30:50.731, 0, 12288, 11781, 335
2026/09/10 19:30:50.939, 0, 12288, 11781, 335
2026/09/10 19:30:51.147, 0, 12288, 11781, 335
2026/09/10 19:30:51.355, 0, 12288, 11781, 335
2026/09/10 19:30:51.562, 0, 12288, 11781, 335
2026/09/10 19:30:51.770, 0, 12288, 11781, 335
2026/09/10 19:30:51.977, 0, 12288, 11781, 335
2026/09/10 19:30:52.184, 0, 12288, 11781, 335
2026/09/10 19:30:52.392, 0, 12288, 11781, 335
2026/09/10 19:30:52.600, 0, 12288, 11781, 335
2026/09/10 19:30:52.808, 0, 12288, 11781, 335
2026/09/10 19:30:53.016, 0, 12288, 11781, 335
2026/09/10 19:30:53.222, 0, 12288, 11781, 335
2026/09/10 19:30:53.430, 0, 12288, 11781, 335
2026/09/10 19:30:53.636, 0, 12288, 11781, 335
2026/09/10 19:30:53.844, 0, 12288, 11781, 335
2026/09/10 19:30:54.051, 0, 12288, 11781, 335
2026/09/10 19:30:54.259, 0, 12288, 11781, 335
2026/09/10 19:30:54.466, 0, 12288, 11781, 335
2026/09/10 19:30:54.673, 0, 12288, 11781, 335
2026/09/10 19:30:54.880, 0, 12288, 11781, 335
2026/09/10 19:30:55.088, 0, 12288, 11781, 335
2026/09/10 19:30:55.294, 0, 12288, 11781, 335
2026/09/10 19:30:55.502, 0, 12288, 11781, 335
2026/09/10 19:30:55.710, 0, 12288, 11781, 335
2026/09/10 19:30:55.917, 0, 12288, 11781, 335
2026/09/10 19:30:56.125, 0, 12288, 11781, 335
2026/09/10 19:30:56.331, 0, 12288, 11781, 335
2026/09/10 19:30:56.539, 0, 12288, 11781, 335
2026/09/10 19:30:56.744, 0, 12288, 11781, 335
2026/09/10 19:30:56.951, 0, 12288, 11781, 335
2026/09/10 19:30:57.157, 0, 12288, 11781, 335
2026/09/10 19:30:57.364, 0, 12288, 11781, 335
2026/09/10 19:30:57.572, 0, 12288, 11781, 335
2026/09/10 19:30:57.780, 0, 12288, 11781, 335
2026/09/10 19:30:57.988, 0, 12288, 11781, 335
2026/09/10 19:30:58.196, 0, 12288, 11781, 335
2026/09/10 19:30:58.402, 0, 12288, 11781, 335
2026/09/10 19:30:58.610, 0, 12288, 11781, 335
2026/09/10 19:30:58.814, 0, 12288, 11781, 335
2026/09/10 19:30:59.021, 0, 12288, 11781, 335
2026/09/10 19:30:59.228, 0, 12288, 11781, 335
2026/09/10 19:30:59.435, 0, 12288, 11781, 335
2026/09/10 19:30:59.642, 0, 12288, 11781, 335
2026/09/10 19:30:59.849, 0, 12288, 11781, 335
2026/09/10 19:31:00.056, 0, 12288, 11781, 335
2026/09/10 19:31:00.264, 0, 12288, 11781, 335
2026/09/10 19:31:00.472, 0, 12288, 11781, 335
2026/09/10 19:31:00.680, 0, 12288, 11781, 335
2026/09/10 19:31:00.887, 0, 12288, 11781, 335
2026/09/10 19:31:01.094, 0, 12288, 11781, 335
2026/09/10 19:31:01.302, 0, 12288, 11781, 335
2026/09/10 19:31:01.509, 0, 12288, 11781, 335
2026/09/10 19:31:01.717, 0, 12288, 11781, 335
2026/09/10 19:31:01.924, 0, 12288, 11781, 335
2026/09/10 19:31:02.131, 0, 12288, 11781, 335
2026/09/10 19:31:02.339, 0, 12288, 11781, 335
2026/09/10 19:31:02.545, 0, 12288, 11781, 335
2026/09/10 19:31:02.753, 0, 12288, 11781, 335
2026/09/10 19:31:02.961, 0, 12288, 11781, 335
2026/09/10 19:31:03.168, 0, 12288, 11781, 335
2026/09/10 19:31:03.375, 0, 12288, 11781, 335
2026/09/10 19:31:03.583, 0, 12288, 11781, 335
2026/09/10 19:31:03.790, 0, 12288, 11781, 335
2026/09/10 19:31:03.996, 0, 12288, 11781, 335
2026/09/10 19:31:04.204, 0, 12288, 11781, 335
2026/09/10 19:31:04.410, 0, 12288, 11781, 335
2026/09/10 19:31:04.617, 0, 12288, 11781, 335
2026/09/10 19:31:04.824, 0, 12288, 11781, 335
2026/09/10 19:31:05.032, 0, 12288, 11781, 335
2026/09/10 19:31:05.239, 0, 12288, 11781, 335
2026/09/10 19:31:05.447, 0, 12288, 11781, 335
2026/09/10 19:31:05.655, 0, 12288, 11781, 335
2026/09/10 19:31:05.863, 0, 12288, 11781, 335
2026/09/10 19:31:06.071, 0, 12288, 11781, 335
2026/09/10 19:31:06.278, 0, 12288, 11781, 335
2026/09/10 19:31:06.484, 0, 12288, 11781, 335
2026/09/10 19:31:06.692, 0, 12288, 11781, 335
2026/09/10 19:31:06.897, 0, 12288, 11781, 335
2026/09/10 19:31:07.104, 0, 12288, 11781, 335
2026/09/10 19:31:07.312, 0, 12288, 11781, 335
2026/09/10 19:31:07.520, 0, 12288, 11781, 335
2026/09/10 19:31:07.728, 0, 12288, 11781, 335
2026/09/10 19:31:07.936, 0, 12288, 11781, 335
2026/09/10 19:31:08.144, 0, 12288, 11781, 335
2026/09/10 19:31:08.351, 0, 12288, 11781, 335
2026/09/10 19:31:08.559, 0, 12288, 11781, 335
2026/09/10 19:31:08.767, 0, 12288, 11781, 335
2026/09/10 19:31:08.975, 0, 12288, 11781, 335
2026/09/10 19:31:09.183, 0, 12288, 11781, 335
2026/09/10 19:31:09.391, 0, 12288, 11781, 335
2026/09/10 19:31:09.599, 0, 12288, 11781, 335
2026/09/10 19:31:09.805, 0, 12288, 11781, 335
2026/09/10 19:31:10.009, 0, 12288, 11781, 335
2026/09/10 19:31:10.216, 0, 12288, 11781, 335
2026/09/10 19:31:10.424, 0, 12288, 11781, 335
2026/09/10 19:31:10.632, 0, 12288, 11781, 335
2026/09/10 19:31:10.839, 0, 12288, 11781, 335
2026/09/10 19:31:11.047, 0, 12288, 11781, 335
2026/09/10 19:31:11.255, 0, 12288, 11781, 335
2026/09/10 19:31:11.463, 0, 12288, 11781, 335
2026/09/10 19:31:11.671, 0, 12288, 11781, 335
2026/09/10 19:31:11.879, 0, 12288, 11781, 335
2026/09/10 19:31:12.085, 0, 12288, 11781, 335
2026/09/10 19:31:12.292, 0, 12288, 11781, 335
2026/09/10 19:31:12.500, 0, 12288, 11781, 335
2026/09/10 19:31:12.707, 0, 12288, 11781, 335
2026/09/10 19:31:12.915, 0, 12288, 11781, 335
2026/09/10 19:31:13.122, 0, 12288, 11781, 335
2026/09/10 19:31:13.328, 0, 12288, 11781, 335
2026/09/10 19:31:13.535, 0, 12288, 11781, 335
2026/09/10 19:31:13.741, 0, 12288, 11781, 335
2026/09/10 19:31:13.948, 0, 12288, 11781, 335
2026/09/10 19:31:14.156, 0, 12288, 11781, 335
2026/09/10 19:31:14.363, 0, 12288, 11781, 335
2026/09/10 19:31:14.570, 0, 12288, 11781, 335
2026/09/10 19:31:14.778, 0, 12288, 11781, 335
2026/09/10 19:31:14.984, 0, 12288, 11781, 335
2026/09/10 19:31:15.191, 0, 12288, 11781, 335
2026/09/10 19:31:15.399, 0, 12288, 11781, 335
2026/09/10 19:31:15.604, 0, 12288, 11781, 335
2026/09/10 19:31:15.812, 0, 12288, 11781, 335
2026/09/10 19:31:16.019, 0, 12288, 11781, 335
2026/09/10 19:31:16.227, 0, 12288, 11781, 335
2026/09/10 19:31:16.433, 0, 12288, 11781, 335
2026/09/10 19:31:16.640, 0, 12288, 11781, 335
2026/09/10 19:31:16.848, 0, 12288, 11781, 335
2026/09/10 19:31:17.056, 0, 12288, 11781, 335
2026/09/10 19:31:17.264, 0, 12288, 11781, 335
2026/09/10 19:31:17.472, 0, 12288, 11781, 335
2026/09/10 19:31:17.680, 0, 12288, 11781, 335
2026/09/10 19:31:17.887, 0, 12288, 11781, 335
2026/09/10 19:31:18.094, 0, 12288, 11781, 335
2026/09/10 19:31:18.302, 0, 12288, 11781, 335
2026/09/10 19:31:18.509, 0, 12288, 11781, 335
2026/09/10 19:31:18.717, 0, 12288, 11781, 335
2026/09/10 19:31:18.924, 0, 12288, 11781, 335
2026/09/10 19:31:19.132, 0, 12288, 11781, 335
2026/09/10 19:31:19.340, 0, 12288, 11781, 335
2026/09/10 19:31:19.547, 0, 12288, 11781, 335
2026/09/10 19:31:19.754, 0, 12288, 11781, 335
2026/09/10 19:31:19.961, 0, 12288, 11781, 335
2026/09/10 19:31:20.169, 0, 12288, 11781, 335
2026/09/10 19:31:20.376, 0, 12288, 11781, 335
2026/09/10 19:31:20.584, 0, 12288, 11781, 335
2026/09/10 19:31:20.792, 0, 12288, 11781, 335
2026/09/10 19:31:20.999, 0, 12288, 11781, 335
2026/09/10 19:31:21.204, 0, 12288, 11781, 335
2026/09/10 19:31:21.410, 0, 12288, 11781, 335
2026/09/10 19:31:21.618, 0, 12288, 11781, 335
2026/09/10 19:31:21.825, 0, 12288, 11781, 335
2026/09/10 19:31:22.032, 0, 12288, 11781, 335
2026/09/10 19:31:22.240, 0, 12288, 11781, 335
2026/09/10 19:31:22.448, 0, 12288, 11781, 335
2026/09/10 19:31:22.654, 0, 12288, 11781, 335
2026/09/10 19:31:22.861, 0, 12288, 11781, 335
2026/09/10 19:31:23.068, 0, 12288, 11781, 335
2026/09/10 19:31:23.276, 0, 12288, 11781, 335
2026/09/10 19:31:23.484, 0, 12288, 11781, 335
2026/09/10 19:31:23.690, 0, 12288, 11781, 335
2026/09/10 19:31:23.897, 0, 12288, 11781, 335
2026/09/10 19:31:24.105, 0, 12288, 11781, 335
2026/09/10 19:31:24.312, 0, 12288, 11781, 335
2026/09/10 19:31:24.520, 0, 12288, 11781, 335
2026/09/10 19:31:24.728, 0, 12288, 11781, 335
2026/09/10 19:31:24.935, 0, 12288, 11781, 335
2026/09/10 19:31:25.142, 0, 12288, 11781, 335
2026/09/10 19:31:25.348, 0, 12288, 11781, 335
2026/09/10 19:31:25.556, 0, 12288, 11781, 335
2026/09/10 19:31:25.763, 0, 12288, 11781, 335
2026/09/10 19:31:25.970, 0, 12288, 11781, 335
2026/09/10 19:31:26.178, 0, 12288, 11781, 335
2026/09/10 19:31:26.386, 0, 12288, 11781, 335
2026/09/10 19:31:26.594, 0, 12288, 11781, 335
2026/09/10 19:31:26.799, 0, 12288, 11781, 335
2026/09/10 19:31:27.007, 0, 12288, 11781, 335
2026/09/10 19:31:27.214, 0, 12288, 11781, 335
2026/09/10 19:31:27.422, 0, 12288, 11781, 335
2026/09/10 19:31:27.630, 0, 12288, 11781, 335
2026/09/10 19:31:27.838, 0, 12288, 11781, 335
2026/09/10 19:31:28.046, 0, 12288, 11781, 335
2026/09/10 19:31:28.254, 0, 12288, 11781, 335
2026/09/10 19:31:28.461, 0, 12288, 11781, 335
2026/09/10 19:31:28.668, 0, 12288, 11781, 335
2026/09/10 19:31:28.876, 0, 12288, 11781, 335
2026/09/10 19:31:29.083, 0, 12288, 11781, 335
2026/09/10 19:31:29.291, 0, 12288, 11781, 335
2026/09/10 19:31:29.499, 0, 12288, 11781, 335
2026/09/10 19:31:29.705, 0, 12288, 11781, 335
2026/09/10 19:31:29.914, 0, 12288, 11781, 335
2026/09/10 19:31:30.122, 0, 12288, 11781, 335
2026/09/10 19:31:30.330, 0, 12288, 11781, 335
2026/09/10 19:31:30.537, 0, 12288, 11781, 335
2026/09/10 19:31:30.745, 0, 12288, 11781, 335
2026/09/10 19:31:30.953, 0, 12288, 11781, 335
2026/09/10 19:31:31.159, 0, 12288, 11781, 335
2026/09/10 19:31:31.365, 0, 12288, 11781, 335
2026/09/10 19:31:31.573, 0, 12288, 11781, 335
2026/09/10 19:31:31.780, 0, 12288, 11781, 335
2026/09/10 19:31:31.987, 0, 12288, 11781, 335
2026/09/10 19:31:32.195, 0, 12288, 11781, 335
2026/09/10 19:31:32.400, 0, 12288, 11781, 335
2026/09/10 19:31:32.607, 0, 12288, 11781, 335
2026/09/10 19:31:32.814, 0, 12288, 11781, 335
2026/09/10 19:31:33.022, 0, 12288, 11781, 335
2026/09/10 19:31:33.230, 0, 12288, 11781, 335
2026/09/10 19:31:33.438, 0, 12288, 11781, 335
2026/09/10 19:31:33.645, 0, 12288, 11781, 335
2026/09/10 19:31:33.852, 0, 12288, 11781, 335
2026/09/10 19:31:34.060, 0, 12288, 11781, 335
2026/09/10 19:31:34.267, 0, 12288, 11781, 335
2026/09/10 19:31:34.475, 0, 12288, 11781, 335
2026/09/10 19:31:34.682, 0, 12288, 11781, 335
2026/09/10 19:31:34.890, 0, 12288, 11781, 335
2026/09/10 19:31:35.097, 0, 12288, 11781, 335
2026/09/10 19:31:35.304, 0, 12288, 11781, 335
2026/09/10 19:31:35.512, 0, 12288, 11781, 335
2026/09/10 19:31:35.719, 0, 12288, 11781, 335
2026/09/10 19:31:35.927, 0, 12288, 11781, 335
2026/09/10 19:31:36.135, 0, 12288, 11781, 335
2026/09/10 19:31:36.344, 0, 12288, 11781, 335
2026/09/10 19:31:36.552, 0, 12288, 11781, 335
2026/09/10 19:31:36.775, 0, 12288, 11781, 335
2026/09/10 19:31:36.982, 0, 12288, 11781, 335
2026/09/10 19:31:37.190, 0, 12288, 11781, 335
2026/09/10 19:31:37.398, 0, 12288, 11781, 335
2026/09/10 19:31:37.606, 0, 12288, 11781, 335
2026/09/10 19:31:37.814, 0, 12288, 11781, 335
2026/09/10 19:31:38.019, 0, 12288, 11781, 335
2026/09/10 19:31:38.226, 0, 12288, 11781, 335
2026/09/10 19:31:38.434, 0, 12288, 11781, 335
2026/09/10 19:31:38.641, 0, 12288, 11781, 335
2026/09/10 19:31:38.849, 0, 12288, 11781, 335
2026/09/10 19:31:39.057, 0, 12288, 11781, 335
2026/09/10 19:31:39.265, 0, 12288, 11781, 335
2026/09/10 19:31:39.472, 0, 12288, 11781, 335
2026/09/10 19:31:39.679, 0, 12288, 11781, 335
2026/09/10 19:31:39.884, 0, 12288, 11781, 335
2026/09/10 19:31:40.092, 0, 12288, 11781, 335
2026/09/10 19:31:40.299, 0, 12288, 11781, 335
2026/09/10 19:31:40.507, 0, 12288, 11781, 335
2026/09/10 19:31:40.714, 0, 12288, 11781, 335
2026/09/10 19:31:40.921, 0, 12288, 11781, 335
2026/09/10 19:31:41.128, 0, 12288, 11781, 335
2026/09/10 19:31:41.336, 0, 12288, 11781, 335
2026/09/10 19:31:41.543, 0, 12288, 11781, 335
2026/09/10 19:31:41.751, 0, 12288, 11781, 335
2026/09/10 19:31:41.957, 0, 12288, 11781, 335
2026/09/10 19:31:42.163, 0, 12288, 11781, 335
2026/09/10 19:31:42.369, 0, 12288, 11781, 335
2026/09/10 19:31:42.577, 0, 12288, 11781, 335
2026/09/10 19:31:42.784, 0, 12288, 11781, 335
2026/09/10 19:31:42.992, 0, 12288, 11781, 335
2026/09/10 19:31:43.199, 0, 12288, 11781, 335
2026/09/10 19:31:43.406, 0, 12288, 11781, 335
2026/09/10 19:31:43.610, 0, 12288, 11781, 335
2026/09/10 19:31:43.818, 0, 12288, 11781, 335
2026/09/10 19:31:44.026, 0, 12288, 11781, 335
2026/09/10 19:31:44.233, 0, 12288, 11781, 335
2026/09/10 19:31:44.440, 0, 12288, 11781, 335
2026/09/10 19:31:44.647, 0, 12288, 11781, 335
2026/09/10 19:31:44.855, 0, 12288, 11781, 335
2026/09/10 19:31:45.061, 0, 12288, 11781, 335
2026/09/10 19:31:45.269, 0, 12288, 11781, 335
2026/09/10 19:31:45.477, 0, 12288, 11781, 335
2026/09/10 19:31:45.685, 0, 12288, 11781, 335
2026/09/10 19:31:45.893, 0, 12288, 11781, 335
2026/09/10 19:31:46.100, 0, 12288, 11781, 335
2026/09/10 19:31:46.308, 0, 12288, 11781, 335
2026/09/10 19:31:46.515, 0, 12288, 11781, 335
2026/09/10 19:31:46.722, 0, 12288, 11781, 335
2026/09/10 19:31:46.930, 0, 12288, 11781, 335
2026/09/10 19:31:47.138, 0, 12288, 11781, 335
2026/09/10 19:31:47.346, 0, 12288, 11781, 335
2026/09/10 19:31:47.554, 0, 12288, 11781, 335
2026/09/10 19:31:47.760, 0, 12288, 11781, 335
2026/09/10 19:31:47.968, 0, 12288, 11781, 335
2026/09/10 19:31:48.175, 0, 12288, 11781, 335
2026/09/10 19:31:48.381, 0, 12288, 11781, 335
2026/09/10 19:31:48.589, 0, 12288, 11781, 335
2026/09/10 19:31:48.796, 0, 12288, 11781, 335
2026/09/10 19:31:49.003, 0, 12288, 11781, 335
2026/09/10 19:31:49.208, 0, 12288, 11781, 335
2026/09/10 19:31:49.416, 0, 12288, 11781, 335
2026/09/10 19:31:49.622, 0, 12288, 11781, 335
2026/09/10 19:31:49.828, 0, 12288, 11781, 335
2026/09/10 19:31:50.031, 0, 12288, 11781, 335
2026/09/10 19:31:50.238, 0, 12288, 11781, 335
2026/09/10 19:31:50.446, 0, 12288, 11781, 335
2026/09/10 19:31:50.654, 0, 12288, 11781, 335
2026/09/10 19:31:50.861, 0, 12288, 11781, 335
2026/09/10 19:31:51.070, 0, 12288, 11781, 335
2026/09/10 19:31:51.278, 0, 12288, 11781, 335
2026/09/10 19:31:51.486, 0, 12288, 11781, 335
2026/09/10 19:31:51.691, 0, 12288, 11781, 335
2026/09/10 19:31:51.899, 0, 12288, 11781, 335
2026/09/10 19:31:52.107, 0, 12288, 11781, 335
2026/09/10 19:31:52.315, 0, 12288, 11781, 335
2026/09/10 19:31:52.523, 0, 12288, 11781, 335
2026/09/10 19:31:52.731, 0, 12288, 11781, 335
2026/09/10 19:31:52.938, 0, 12288, 11781, 335
2026/09/10 19:31:53.146, 0, 12288, 11781, 335
2026/09/10 19:31:53.353, 0, 12288, 11781, 335
2026/09/10 19:31:53.561, 0, 12288, 11781, 335
2026/09/10 19:31:53.769, 0, 12288, 11781, 335
2026/09/10 19:31:53.977, 0, 12288, 11781, 335
2026/09/10 19:31:54.184, 0, 12288, 11781, 335
2026/09/10 19:31:54.391, 0, 12288, 11781, 335
2026/09/10 19:31:54.598, 0, 12288, 11781, 335
2026/09/10 19:31:54.804, 0, 12288, 11781, 335
2026/09/10 19:31:55.011, 0, 12288, 11781, 335
2026/09/10 19:31:55.218, 0, 12288, 11781, 335
2026/09/10 19:31:55.426, 0, 12288, 11781, 335
2026/09/10 19:31:55.634, 0, 12288, 11781, 335
2026/09/10 19:31:55.840, 0, 12288, 11781, 335
2026/09/10 19:31:56.048, 0, 12288, 11781, 335
2026/09/10 19:31:56.254, 0, 12288, 11781, 335
2026/09/10 19:31:56.462, 0, 12288, 11781, 335
2026/09/10 19:31:56.670, 0, 12288, 11781, 335
2026/09/10 19:31:56.878, 0, 12288, 11781, 335
2026/09/10 19:31:57.084, 0, 12288, 11781, 335
2026/09/10 19:31:57.292, 0, 12288, 11781, 335
2026/09/10 19:31:57.500, 0, 12288, 11781, 335
2026/09/10 19:31:57.706, 0, 12288, 11781, 335
2026/09/10 19:31:57.912, 0, 12288, 11781, 335
2026/09/10 19:31:58.119, 0, 12288, 11781, 335
2026/09/10 19:31:58.326, 0, 12288, 11781, 335
2026/09/10 19:31:58.534, 0, 12288, 11781, 335
2026/09/10 19:31:58.737, 0, 12288, 11781, 335
2026/09/10 19:31:58.944, 0, 12288, 11781, 335
2026/09/10 19:31:59.151, 0, 12288, 11781, 335
2026/09/10 19:31:59.357, 0, 12288, 11781, 335
2026/09/10 19:31:59.564, 0, 12288, 11781, 335
2026/09/10 19:31:59.772, 0, 12288, 11781, 335
2026/09/10 19:31:59.980, 0, 12288, 11781, 335
2026/09/10 19:32:00.187, 0, 12288, 11781, 335
2026/09/10 19:32:00.392, 0, 12288, 11781, 335
2026/09/10 19:32:00.597, 0, 12288, 11781, 335
2026/09/10 19:32:00.805, 0, 12288, 11781, 335
2026/09/10 19:32:01.013, 0, 12288, 11781, 335
2026/09/10 19:32:01.221, 0, 12288, 11781, 335
2026/09/10 19:32:01.428, 0, 12288, 11781, 335
2026/09/10 19:32:01.635, 0, 12288, 11781, 335
2026/09/10 19:32:01.842, 0, 12288, 11781, 335
2026/09/10 19:32:02.049, 0, 12288, 11781, 335
2026/09/10 19:32:02.257, 0, 12288, 11781, 335
2026/09/10 19:32:02.465, 0, 12288, 11781, 335
2026/09/10 19:32:02.687, 0, 12288, 11781, 335
2026/09/10 19:32:02.894, 0, 12288, 11781, 335
2026/09/10 19:32:03.102, 0, 12288, 11781, 335
2026/09/10 19:32:03.309, 0, 12288, 11781, 335
2026/09/10 19:32:03.516, 0, 12288, 11781, 335
2026/09/10 19:32:03.724, 0, 12288, 11781, 335
2026/09/10 19:32:03.931, 0, 12288, 11781, 335
2026/09/10 19:32:04.138, 0, 12288, 11781, 335
2026/09/10 19:32:04.344, 0, 12288, 11781, 335
2026/09/10 19:32:04.552, 0, 12288, 11781, 335
2026/09/10 19:32:04.758, 0, 12288, 11781, 335
2026/09/10 19:32:04.963, 0, 12288, 11781, 335
2026/09/10 19:32:05.169, 0, 12288, 11781, 335
2026/09/10 19:32:05.377, 0, 12288, 11781, 335
2026/09/10 19:32:05.584, 0, 12288, 11781, 335
2026/09/10 19:32:05.792, 0, 12288, 11781, 335
2026/09/10 19:32:05.996, 0, 12288, 11781, 335
2026/09/10 19:32:06.204, 0, 12288, 11781, 335
2026/09/10 19:32:06.412, 0, 12288, 11781, 335
2026/09/10 19:32:06.619, 0, 12288, 11781, 335
2026/09/10 19:32:06.827, 0, 12288, 11781, 335
2026/09/10 19:32:07.035, 0, 12288, 11781, 335
2026/09/10 19:32:07.242, 0, 12288, 11781, 335
2026/09/10 19:32:07.449, 0, 12288, 11781, 335
2026/09/10 19:32:07.655, 0, 12288, 11781, 335
2026/09/10 19:32:07.863, 0, 12288, 11781, 335
2026/09/10 19:32:08.070, 0, 12288, 11781, 335
2026/09/10 19:32:08.277, 0, 12288, 11781, 335
2026/09/10 19:32:08.484, 0, 12288, 11781, 335
2026/09/10 19:32:08.692, 0, 12288, 11781, 335
2026/09/10 19:32:08.900, 0, 12288, 11781, 335
2026/09/10 19:32:09.108, 0, 12288, 11781, 335
2026/09/10 19:32:09.315, 0, 12288, 11781, 335
2026/09/10 19:32:09.522, 0, 12288, 11781, 335
2026/09/10 19:32:09.728, 0, 12288, 11781, 335
2026/09/10 19:32:09.936, 0, 12288, 11781, 335
2026/09/10 19:32:10.143, 0, 12288, 11781, 335
2026/09/10 19:32:10.351, 0, 12288, 11781, 335
2026/09/10 19:32:10.558, 0, 12288, 11781, 335
2026/09/10 19:32:10.765, 0, 12288, 11781, 335
2026/09/10 19:32:10.968, 0, 12288, 11781, 335
2026/09/10 19:32:11.176, 0, 12288, 11781, 335
2026/09/10 19:32:11.384, 0, 12288, 11781, 335
2026/09/10 19:32:11.589, 0, 12288, 11781, 335
2026/09/10 19:32:11.796, 0, 12288, 11781, 335
2026/09/10 19:32:12.004, 0, 12288, 11781, 335
2026/09/10 19:32:12.211, 0, 12288, 11781, 335
2026/09/10 19:32:12.419, 0, 12288, 11781, 335
2026/09/10 19:32:12.626, 0, 12288, 11781, 335
2026/09/10 19:32:12.833, 0, 12288, 11781, 335
2026/09/10 19:32:13.041, 0, 12288, 11781, 335
2026/09/10 19:32:13.249, 0, 12288, 11781, 335
2026/09/10 19:32:13.455, 0, 12288, 11781, 335
2026/09/10 19:32:13.663, 0, 12288, 11781, 335
2026/09/10 19:32:13.870, 0, 12288, 11781, 335
2026/09/10 19:32:14.078, 0, 12288, 11781, 335
2026/09/10 19:32:14.286, 0, 12288, 11781, 335
2026/09/10 19:32:14.494, 0, 12288, 11781, 335
2026/09/10 19:32:14.701, 0, 12288, 11781, 335
2026/09/10 19:32:14.908, 0, 12288, 11781, 335
2026/09/10 19:32:15.114, 0, 12288, 11781, 335
2026/09/10 19:32:15.321, 0, 12288, 11781, 335
2026/09/10 19:32:15.528, 0, 12288, 11781, 335
2026/09/10 19:32:15.734, 0, 12288, 11781, 335
2026/09/10 19:32:15.941, 0, 12288, 11781, 335
2026/09/10 19:32:16.147, 0, 12288, 11781, 335
2026/09/10 19:32:16.354, 0, 12288, 11781, 335
2026/09/10 19:32:16.562, 0, 12288, 11781, 335
2026/09/10 19:32:16.767, 0, 12288, 11781, 335
2026/09/10 19:32:16.975, 0, 12288, 11781, 335
2026/09/10 19:32:17.180, 0, 12288, 11781, 335
2026/09/10 19:32:17.387, 0, 12288, 11781, 335
2026/09/10 19:32:17.595, 0, 12288, 11781, 335
2026/09/10 19:32:17.802, 0, 12288, 11781, 335
2026/09/10 19:32:18.009, 0, 12288, 11781, 335
2026/09/10 19:32:18.217, 0, 12288, 11781, 335
2026/09/10 19:32:18.424, 0, 12288, 11781, 335
2026/09/10 19:32:18.632, 0, 12288, 11781, 335
2026/09/10 19:32:18.839, 0, 12288, 11781, 335
2026/09/10 19:32:19.047, 0, 12288, 11781, 335
2026/09/10 19:32:19.255, 0, 12288, 11781, 335
2026/09/10 19:32:19.463, 0, 12288, 11781, 335
2026/09/10 19:32:19.671, 0, 12288, 11781, 335
2026/09/10 19:32:19.879, 0, 12288, 11781, 335
2026/09/10 19:32:20.087, 0, 12288, 11781, 335
2026/09/10 19:32:20.294, 0, 12288, 11781, 335
2026/09/10 19:32:20.502, 0, 12288, 11781, 335
2026/09/10 19:32:20.709, 0, 12288, 11781, 335
2026/09/10 19:32:20.916, 0, 12288, 11781, 335
2026/09/10 19:32:21.124, 0, 12288, 11781, 335
2026/09/10 19:32:21.332, 0, 12288, 11781, 335
2026/09/10 19:32:21.539, 0, 12288, 11781, 335
2026/09/10 19:32:21.762, 0, 12288, 11781, 335
2026/09/10 19:32:21.970, 0, 12288, 11781, 335
2026/09/10 19:32:22.177, 0, 12288, 11781, 335
2026/09/10 19:32:22.385, 0, 12288, 11781, 335
2026/09/10 19:32:22.593, 0, 12288, 11781, 335
2026/09/10 19:32:22.799, 0, 12288, 11781, 335
2026/09/10 19:32:23.007, 0, 12288, 11781, 335
2026/09/10 19:32:23.215, 0, 12288, 11781, 335
2026/09/10 19:32:23.423, 0, 12288, 11781, 335
2026/09/10 19:32:23.631, 0, 12288, 11781, 335
2026/09/10 19:32:23.839, 0, 12288, 11781, 335
2026/09/10 19:32:24.046, 0, 12288, 11781, 335
2026/09/10 19:32:24.254, 0, 12288, 11781, 335
2026/09/10 19:32:24.461, 0, 12288, 11781, 335
2026/09/10 19:32:24.668, 0, 12288, 11781, 335
2026/09/10 19:32:24.876, 0, 12288, 11781, 335
2026/09/10 19:32:25.082, 0, 12288, 11781, 335
2026/09/10 19:32:25.289, 0, 12288, 11781, 335
2026/09/10 19:32:25.496, 0, 12288, 11781, 335
2026/09/10 19:32:25.703, 0, 12288, 11781, 335
2026/09/10 19:32:25.910, 0, 12288, 11781, 335
2026/09/10 19:32:26.117, 0, 12288, 11781, 335
2026/09/10 19:32:26.325, 0, 12288, 11781, 335
2026/09/10 19:32:26.531, 0, 12288, 11781, 335
2026/09/10 19:32:26.739, 0, 12288, 11781, 335
2026/09/10 19:32:26.947, 0, 12288, 11781, 335
2026/09/10 19:32:27.154, 0, 12288, 11781, 335
2026/09/10 19:32:27.362, 0, 12288, 11781, 335
2026/09/10 19:32:27.569, 0, 12288, 11781, 335
2026/09/10 19:32:27.777, 0, 12288, 11781, 335
2026/09/10 19:32:27.984, 0, 12288, 11781, 335
2026/09/10 19:32:28.192, 0, 12288, 11781, 335
2026/09/10 19:32:28.395, 0, 12288, 11781, 335
2026/09/10 19:32:28.603, 0, 12288, 11781, 335
2026/09/10 19:32:28.811, 0, 12288, 11781, 335
2026/09/10 19:32:29.019, 0, 12288, 11781, 335
2026/09/10 19:32:29.227, 0, 12288, 11781, 335
2026/09/10 19:32:29.434, 0, 12288, 11781, 335
2026/09/10 19:32:29.642, 0, 12288, 11781, 335
2026/09/10 19:32:29.850, 0, 12288, 11781, 335
2026/09/10 19:32:30.057, 0, 12288, 11781, 335
2026/09/10 19:32:30.264, 0, 12288, 11781, 335
2026/09/10 19:32:30.470, 0, 12288, 11781, 335
2026/09/10 19:32:30.678, 0, 12288, 11781, 335
2026/09/10 19:32:30.886, 0, 12288, 11781, 335
2026/09/10 19:32:31.093, 0, 12288, 11781, 335
2026/09/10 19:32:31.299, 0, 12288, 11781, 335
2026/09/10 19:32:31.507, 0, 12288, 11781, 335
2026/09/10 19:32:31.714, 0, 12288, 11781, 335
2026/09/10 19:32:31.922, 0, 12288, 11781, 335
2026/09/10 19:32:32.130, 0, 12288, 11781, 335
2026/09/10 19:32:32.337, 0, 12288, 11781, 335
2026/09/10 19:32:32.543, 0, 12288, 11781, 335
2026/09/10 19:32:32.751, 0, 12288, 11781, 335
2026/09/10 19:32:32.959, 0, 12288, 11781, 335
2026/09/10 19:32:33.167, 0, 12288, 11781, 335
2026/09/10 19:32:33.375, 0, 12288, 11781, 335
2026/09/10 19:32:33.583, 0, 12288, 11781, 335
2026/09/10 19:32:33.790, 0, 12288, 11781, 335
2026/09/10 19:32:33.996, 0, 12288, 11781, 335
2026/09/10 19:32:34.203, 0, 12288, 11781, 335
2026/09/10 19:32:34.411, 0, 12288, 11781, 335
2026/09/10 19:32:34.618, 0, 12288, 11781, 335
2026/09/10 19:32:34.826, 0, 12288, 11781, 335
2026/09/10 19:32:35.031, 0, 12288, 11781, 335
2026/09/10 19:32:35.238, 0, 12288, 11781, 335
2026/09/10 19:32:35.442, 0, 12288, 11781, 335
2026/09/10 19:32:35.650, 0, 12288, 11781, 335
2026/09/10 19:32:35.855, 0, 12288, 11781, 335
2026/09/10 19:32:36.063, 0, 12288, 11781, 335
2026/09/10 19:32:36.269, 0, 12288, 11781, 335
2026/09/10 19:32:36.477, 0, 12288, 11781, 335
2026/09/10 19:32:36.685, 0, 12288, 11781, 335
2026/09/10 19:32:36.892, 0, 12288, 11781, 335
2026/09/10 19:32:37.098, 0, 12288, 11781, 335
2026/09/10 19:32:37.306, 0, 12288, 11781, 335
2026/09/10 19:32:37.514, 0, 12288, 11781, 335
2026/09/10 19:32:37.722, 0, 12288, 11781, 335
2026/09/10 19:32:37.928, 0, 12288, 11781, 335
2026/09/10 19:32:38.134, 0, 12288, 11781, 335
2026/09/10 19:32:38.342, 0, 12288, 11781, 335
2026/09/10 19:32:38.550, 0, 12288, 11781, 335
2026/09/10 19:32:38.758, 0, 12288, 11781, 335
2026/09/10 19:32:38.965, 0, 12288, 11781, 335
2026/09/10 19:32:39.173, 0, 12288, 11781, 335
2026/09/10 19:32:39.379, 0, 12288, 11781, 335
2026/09/10 19:32:39.585, 0, 12288, 11781, 335
2026/09/10 19:32:39.791, 0, 12288, 11781, 335
2026/09/10 19:32:39.999, 0, 12288, 11781, 335
2026/09/10 19:32:40.205, 0, 12288, 11781, 335
2026/09/10 19:32:40.413, 0, 12288, 11781, 335
2026/09/10 19:32:40.621, 0, 12288, 11781, 335
2026/09/10 19:32:40.844, 0, 12288, 11781, 335
2026/09/10 19:32:41.051, 0, 12288, 11781, 335
2026/09/10 19:32:41.259, 0, 12288, 11781, 335
2026/09/10 19:32:41.466, 0, 12288, 11781, 335
2026/09/10 19:32:41.673, 0, 12288, 11781, 335
2026/09/10 19:32:41.880, 0, 12288, 11781, 335
2026/09/10 19:32:42.088, 0, 12288, 11781, 335
2026/09/10 19:32:42.295, 0, 12288, 11781, 335
2026/09/10 19:32:42.503, 0, 12288, 11781, 335
2026/09/10 19:32:42.711, 0, 12288, 11781, 335
2026/09/10 19:32:42.919, 0, 12288, 11781, 335
2026/09/10 19:32:43.126, 0, 12288, 11781, 335
2026/09/10 19:32:43.334, 0, 12288, 11781, 335
2026/09/10 19:32:43.542, 0, 12288, 11781, 335
2026/09/10 19:32:43.750, 0, 12288, 11781, 335
2026/09/10 19:32:43.957, 0, 12288, 11781, 335
2026/09/10 19:32:44.164, 0, 12288, 11781, 335
2026/09/10 19:32:44.372, 0, 12288, 11781, 335
2026/09/10 19:32:44.580, 0, 12288, 11781, 335
2026/09/10 19:32:44.787, 0, 12288, 11781, 335
2026/09/10 19:32:44.995, 0, 12288, 11781, 335
2026/09/10 19:32:45.201, 0, 12288, 11781, 335
2026/09/10 19:32:45.409, 0, 12288, 11781, 335
2026/09/10 19:32:45.616, 0, 12288, 11781, 335
2026/09/10 19:32:45.824, 0, 12288, 11781, 335
2026/09/10 19:32:46.031, 0, 12288, 11781, 335
2026/09/10 19:32:46.239, 0, 12288, 11781, 335
2026/09/10 19:32:46.446, 0, 12288, 11781, 335
2026/09/10 19:32:46.654, 0, 12288, 11781, 335
2026/09/10 19:32:46.859, 0, 12288, 11781, 335
2026/09/10 19:32:47.067, 0, 12288, 11781, 335
2026/09/10 19:32:47.275, 0, 12288, 11781, 335
2026/09/10 19:32:47.481, 0, 12288, 11781, 335
2026/09/10 19:32:47.687, 0, 12288, 11781, 335
2026/09/10 19:32:47.894, 0, 12288, 11781, 335
2026/09/10 19:32:48.101, 0, 12288, 11781, 335
2026/09/10 19:32:48.309, 0, 12288, 11781, 335
2026/09/10 19:32:48.517, 0, 12288, 11781, 335
2026/09/10 19:32:48.725, 0, 12288, 11781, 335
2026/09/10 19:32:48.931, 0, 12288, 11781, 335
2026/09/10 19:32:49.138, 0, 12288, 11781, 335
2026/09/10 19:32:49.346, 0, 12288, 11781, 335
2026/09/10 19:32:49.554, 0, 12288, 11781, 335
2026/09/10 19:32:49.762, 0, 12288, 11781, 335
2026/09/10 19:32:49.968, 0, 12288, 11781, 335
2026/09/10 19:32:50.175, 0, 12288, 11781, 335
2026/09/10 19:32:50.383, 0, 12288, 11781, 335
2026/09/10 19:32:50.590, 0, 12288, 11781, 335
2026/09/10 19:32:50.794, 0, 12288, 11781, 335
2026/09/10 19:32:51.002, 0, 12288, 11781, 335
2026/09/10 19:32:51.210, 0, 12288, 11781, 335
2026/09/10 19:32:51.418, 0, 12288, 11781, 335
2026/09/10 19:32:51.624, 0, 12288, 11781, 335
2026/09/10 19:32:51.832, 0, 12288, 11781, 335
2026/09/10 19:32:52.040, 0, 12288, 11781, 335
2026/09/10 19:32:52.248, 0, 12288, 11781, 335
2026/09/10 19:32:52.456, 0, 12288, 11781, 335
2026/09/10 19:32:52.664, 0, 12288, 11781, 335
2026/09/10 19:32:52.872, 0, 12288, 11781, 335
2026/09/10 19:32:53.079, 0, 12288, 11781, 335
2026/09/10 19:32:53.287, 0, 12288, 11781, 335
2026/09/10 19:32:53.495, 0, 12288, 11781, 335
2026/09/10 19:32:53.703, 0, 12288, 11781, 335
2026/09/10 19:32:53.911, 0, 12288, 11781, 335
2026/09/10 19:32:54.119, 0, 12288, 11781, 335
2026/09/10 19:32:54.325, 0, 12288, 11781, 335
2026/09/10 19:32:54.531, 0, 12288, 11781, 335
2026/09/10 19:32:54.739, 0, 12288, 11781, 335
2026/09/10 19:32:54.946, 0, 12288, 11781, 335
2026/09/10 19:32:55.152, 0, 12288, 11781, 335
2026/09/10 19:32:55.360, 0, 12288, 11781, 335
2026/09/10 19:32:55.568, 0, 12288, 11781, 335
2026/09/10 19:32:55.775, 0, 12288, 11781, 335
2026/09/10 19:32:55.983, 0, 12288, 11781, 335
2026/09/10 19:32:56.189, 0, 12288, 11781, 335
2026/09/10 19:32:56.395, 0, 12288, 11781, 335
2026/09/10 19:32:56.603, 0, 12288, 11781, 335
2026/09/10 19:32:56.810, 0, 12288, 11781, 335
2026/09/10 19:32:57.017, 0, 12288, 11781, 335
2026/09/10 19:32:57.224, 0, 12288, 11781, 335
2026/09/10 19:32:57.432, 0, 12288, 11781, 335
2026/09/10 19:32:57.640, 0, 12288, 11781, 335
2026/09/10 19:32:57.848, 0, 12288, 11781, 335
2026/09/10 19:32:58.056, 0, 12288, 11781, 335
2026/09/10 19:32:58.264, 0, 12288, 11781, 335
2026/09/10 19:32:58.472, 0, 12288, 11781, 335
2026/09/10 19:32:58.677, 0, 12288, 11781, 335
2026/09/10 19:32:58.883, 0, 12288, 11781, 335
2026/09/10 19:32:59.089, 0, 12288, 11781, 335
2026/09/10 19:32:59.296, 0, 12288, 11781, 335
2026/09/10 19:32:59.502, 0, 12288, 11781, 335
2026/09/10 19:32:59.711, 0, 12288, 11781, 335
2026/09/10 19:32:59.934, 0, 12288, 11781, 335
2026/09/10 19:33:00.141, 0, 12288, 11781, 335
2026/09/10 19:33:00.348, 0, 12288, 11781, 335
2026/09/10 19:33:00.556, 0, 12288, 11781, 335
2026/09/10 19:33:00.764, 0, 12288, 11781, 335
2026/09/10 19:33:00.969, 0, 12288, 11781, 335
2026/09/10 19:33:01.176, 0, 12288, 11781, 335
2026/09/10 19:33:01.382, 0, 12288, 11781, 335
2026/09/10 19:33:01.590, 0, 12288, 11781, 335
2026/09/10 19:33:01.795, 0, 12288, 11781, 335
2026/09/10 19:33:02.002, 0, 12288, 11781, 335
2026/09/10 19:33:02.210, 0, 12288, 11781, 335
2026/09/10 19:33:02.418, 0, 12288, 11781, 335
2026/09/10 19:33:02.625, 0, 12288, 11781, 335
2026/09/10 19:33:02.832, 0, 12288, 11781, 335
2026/09/10 19:33:03.039, 0, 12288, 11781, 335
2026/09/10 19:33:03.247, 0, 12288, 11781, 335
2026/09/10 19:33:03.453, 0, 12288, 11781, 335
2026/09/10 19:33:03.661, 0, 12288, 11781, 335
2026/09/10 19:33:03.869, 0, 12288, 11781, 335
2026/09/10 19:33:04.076, 0, 12288, 11781, 335
2026/09/10 19:33:04.283, 0, 12288, 11781, 335
2026/09/10 19:33:04.491, 0, 12288, 11781, 335
2026/09/10 19:33:04.697, 0, 12288, 11781, 335
2026/09/10 19:33:04.905, 0, 12288, 11781, 335
2026/09/10 19:33:05.112, 0, 12288, 11781, 335
2026/09/10 19:33:05.319, 0, 12288, 11781, 335
2026/09/10 19:33:05.527, 0, 12288, 11781, 335
2026/09/10 19:33:05.735, 0, 12288, 11781, 335
2026/09/10 19:33:05.942, 0, 12288, 11781, 335
2026/09/10 19:33:06.150, 0, 12288, 11781, 335
2026/09/10 19:33:06.358, 0, 12288, 11781, 335
2026/09/10 19:33:06.564, 0, 12288, 11781, 335
2026/09/10 19:33:06.771, 0, 12288, 11781, 335
2026/09/10 19:33:06.979, 0, 12288, 11781, 335
2026/09/10 19:33:07.187, 0, 12288, 11781, 335
2026/09/10 19:33:07.392, 0, 12288, 11781, 335
2026/09/10 19:33:07.599, 0, 12288, 11781, 335
2026/09/10 19:33:07.807, 0, 12288, 11781, 335
2026/09/10 19:33:08.012, 0, 12288, 11781, 335
2026/09/10 19:33:08.219, 0, 12288, 11781, 335
2026/09/10 19:33:08.427, 0, 12288, 11781, 335
2026/09/10 19:33:08.635, 0, 12288, 11781, 335
2026/09/10 19:33:08.843, 0, 12288, 11781, 335
2026/09/10 19:33:09.051, 0, 12288, 11781, 335
2026/09/10 19:33:09.259, 0, 12288, 11781, 335
2026/09/10 19:33:09.466, 0, 12288, 11781, 335
2026/09/10 19:33:09.675, 0, 12288, 11781, 335
2026/09/10 19:33:09.882, 0, 12288, 11781, 335
2026/09/10 19:33:10.089, 0, 12288, 11781, 335
2026/09/10 19:33:10.297, 0, 12288, 11781, 335
2026/09/10 19:33:10.505, 0, 12288, 11781, 335
2026/09/10 19:33:10.712, 0, 12288, 11781, 335
2026/09/10 19:33:10.919, 0, 12288, 11781, 335
2026/09/10 19:33:11.126, 0, 12288, 11781, 335
2026/09/10 19:33:11.333, 0, 12288, 11781, 335
2026/09/10 19:33:11.541, 0, 12288, 11781, 335
2026/09/10 19:33:11.748, 0, 12288, 11781, 335
2026/09/10 19:33:11.956, 0, 12288, 11781, 335
2026/09/10 19:33:12.163, 0, 12288, 11781, 335
2026/09/10 19:33:12.369, 0, 12288, 11781, 335
2026/09/10 19:33:12.576, 0, 12288, 11781, 335
2026/09/10 19:33:12.783, 0, 12288, 11781, 335
2026/09/10 19:33:12.987, 0, 12288, 11781, 335
2026/09/10 19:33:13.195, 0, 12288, 11781, 335
2026/09/10 19:33:13.401, 0, 12288, 11781, 335
2026/09/10 19:33:13.608, 0, 12288, 11781, 335
2026/09/10 19:33:13.813, 0, 12288, 11781, 335
2026/09/10 19:33:14.021, 0, 12288, 11781, 335
2026/09/10 19:33:14.228, 0, 12288, 11781, 335
2026/09/10 19:33:14.435, 0, 12288, 11781, 335
2026/09/10 19:33:14.643, 0, 12288, 11781, 335
2026/09/10 19:33:14.850, 0, 12288, 11781, 335
2026/09/10 19:33:15.059, 0, 12288, 11781, 335
2026/09/10 19:33:15.266, 0, 12288, 11781, 335
2026/09/10 19:33:15.472, 0, 12288, 11781, 335
2026/09/10 19:33:15.680, 0, 12288, 11781, 335
2026/09/10 19:33:15.888, 0, 12288, 11781, 335
2026/09/10 19:33:16.093, 0, 12288, 11781, 335
2026/09/10 19:33:16.300, 0, 12288, 11781, 335
2026/09/10 19:33:16.507, 0, 12288, 11781, 335
2026/09/10 19:33:16.715, 0, 12288, 11781, 335
2026/09/10 19:33:16.923, 0, 12288, 11781, 335
2026/09/10 19:33:17.128, 0, 12288, 11781, 335
2026/09/10 19:33:17.336, 0, 12288, 11781, 335
2026/09/10 19:33:17.544, 0, 12288, 11781, 335
2026/09/10 19:33:17.751, 0, 12288, 11781, 335
2026/09/10 19:33:17.959, 0, 12288, 11781, 335
2026/09/10 19:33:18.167, 0, 12288, 11781, 335
2026/09/10 19:33:18.375, 0, 12288, 11781, 335
2026/09/10 19:33:18.581, 0, 12288, 11781, 335
2026/09/10 19:33:18.788, 0, 12288, 11781, 335
2026/09/10 19:33:19.012, 0, 12288, 11781, 335
2026/09/10 19:33:19.219, 0, 12288, 11781, 335
2026/09/10 19:33:19.426, 0, 12288, 11781, 335
2026/09/10 19:33:19.634, 0, 12288, 11781, 335
2026/09/10 19:33:19.841, 0, 12288, 11781, 335
2026/09/10 19:33:20.048, 0, 12288, 11781, 335
2026/09/10 19:33:20.256, 0, 12288, 11781, 335
2026/09/10 19:33:20.464, 0, 12288, 11781, 335
2026/09/10 19:33:20.672, 0, 12288, 11781, 335
2026/09/10 19:33:20.880, 0, 12288, 11781, 335
2026/09/10 19:33:21.088, 0, 12288, 11781, 335
2026/09/10 19:33:21.296, 0, 12288, 11781, 335
2026/09/10 19:33:21.502, 0, 12288, 11781, 335
2026/09/10 19:33:21.709, 0, 12288, 11781, 335
2026/09/10 19:33:21.917, 0, 12288, 11781, 335
2026/09/10 19:33:22.125, 0, 12288, 11781, 335
2026/09/10 19:33:22.333, 0, 12288, 11781, 335
2026/09/10 19:33:22.540, 0, 12288, 11781, 335
2026/09/10 19:33:22.748, 0, 12288, 11781, 335
2026/09/10 19:33:22.954, 0, 12288, 11781, 335
2026/09/10 19:33:23.161, 0, 12288, 11781, 335
2026/09/10 19:33:23.368, 0, 12288, 11781, 335
2026/09/10 19:33:23.575, 0, 12288, 11781, 335
2026/09/10 19:33:23.782, 0, 12288, 11781, 335
2026/09/10 19:33:23.990, 0, 12288, 11781, 335
2026/09/10 19:33:24.195, 0, 12288, 11781, 335
2026/09/10 19:33:24.399, 0, 12288, 11781, 335
2026/09/10 19:33:24.606, 0, 12288, 11781, 335
2026/09/10 19:33:24.813, 0, 12288, 11781, 335
2026/09/10 19:33:25.021, 0, 12288, 11781, 335
2026/09/10 19:33:25.227, 0, 12288, 11781, 335
2026/09/10 19:33:25.435, 0, 12288, 11781, 335
2026/09/10 19:33:25.640, 0, 12288, 11781, 335
2026/09/10 19:33:25.847, 0, 12288, 11781, 335
2026/09/10 19:33:26.055, 0, 12288, 11781, 335
2026/09/10 19:33:26.263, 0, 12288, 11781, 335
2026/09/10 19:33:26.470, 0, 12288, 11781, 335
2026/09/10 19:33:26.678, 0, 12288, 11781, 335
2026/09/10 19:33:26.884, 0, 12288, 11781, 335
2026/09/10 19:33:27.090, 0, 12288, 11781, 335
2026/09/10 19:33:27.296, 0, 12288, 11781, 335
2026/09/10 19:33:27.503, 0, 12288, 11781, 335
2026/09/10 19:33:27.711, 0, 12288, 11781, 335
2026/09/10 19:33:27.916, 0, 12288, 11781, 335
2026/09/10 19:33:28.121, 0, 12288, 11781, 335
2026/09/10 19:33:28.325, 0, 12288, 11781, 335
2026/09/10 19:33:28.531, 0, 12288, 11781, 335
2026/09/10 19:33:28.739, 0, 12288, 11781, 335
2026/09/10 19:33:28.944, 0, 12288, 11781, 335
2026/09/10 19:33:29.152, 0, 12288, 11781, 335
2026/09/10 19:33:29.357, 0, 12288, 11781, 335
2026/09/10 19:33:29.562, 0, 12288, 11781, 335
2026/09/10 19:33:29.768, 0, 12288, 11781, 335
2026/09/10 19:33:29.973, 0, 12288, 11781, 335
2026/09/10 19:33:30.181, 0, 12288, 11781, 335
2026/09/10 19:33:30.389, 0, 12288, 11781, 335
2026/09/10 19:33:30.593, 0, 12288, 11781, 335
2026/09/10 19:33:30.799, 0, 12288, 11781, 335
2026/09/10 19:33:31.005, 0, 12288, 11781, 335
2026/09/10 19:33:31.211, 0, 12288, 11781, 335
2026/09/10 19:33:31.419, 0, 12288, 11781, 335
2026/09/10 19:33:31.623, 0, 12288, 11781, 335
2026/09/10 19:33:31.830, 0, 12288, 11781, 335
2026/09/10 19:33:32.036, 0, 12288, 11781, 335
2026/09/10 19:33:32.241, 0, 12288, 11781, 335
2026/09/10 19:33:32.445, 0, 12288, 11781, 335
2026/09/10 19:33:32.650, 0, 12288, 11781, 335
2026/09/10 19:33:32.857, 0, 12288, 11781, 335
2026/09/10 19:33:33.061, 0, 12288, 11781, 335
2026/09/10 19:33:33.267, 0, 12288, 11781, 335
2026/09/10 19:33:33.474, 0, 12288, 11781, 335
2026/09/10 19:33:33.679, 0, 12288, 11781, 335
2026/09/10 19:33:33.886, 0, 12288, 11781, 335
2026/09/10 19:33:34.093, 0, 12288, 11781, 335
2026/09/10 19:33:34.297, 0, 12288, 11781, 335
2026/09/10 19:33:34.505, 0, 12288, 11781, 335
2026/09/10 19:33:34.710, 0, 12288, 11781, 335
2026/09/10 19:33:34.918, 0, 12288, 11781, 335
2026/09/10 19:33:35.124, 0, 12288, 11781, 335
2026/09/10 19:33:35.327, 0, 12288, 11781, 335
2026/09/10 19:33:35.532, 0, 12288, 11781, 335
2026/09/10 19:33:35.739, 0, 12288, 11781, 335
2026/09/10 19:33:35.945, 0, 12288, 11781, 335
2026/09/10 19:33:36.153, 0, 12288, 11781, 335
2026/09/10 19:33:36.359, 0, 12288, 11781, 335
2026/09/10 19:33:36.564, 0, 12288, 11781, 335
2026/09/10 19:33:36.771, 0, 12288, 11781, 335
2026/09/10 19:33:36.975, 0, 12288, 11781, 335
2026/09/10 19:33:37.183, 0, 12288, 11781, 335
2026/09/10 19:33:37.390, 0, 12288, 11781, 335
2026/09/10 19:33:37.593, 0, 12288, 11781, 335
2026/09/10 19:33:37.801, 0, 12288, 11781, 335
2026/09/10 19:33:38.006, 0, 12288, 11781, 335
2026/09/10 19:33:38.212, 0, 12288, 11781, 335
2026/09/10 19:33:38.420, 0, 12288, 11781, 335
2026/09/10 19:33:38.625, 0, 12288, 11781, 335
2026/09/10 19:33:38.833, 0, 12288, 11781, 335
2026/09/10 19:33:39.040, 0, 12288, 11781, 335
2026/09/10 19:33:39.245, 0, 12288, 11781, 335
2026/09/10 19:33:39.468, 0, 12288, 11781, 335
2026/09/10 19:33:39.672, 0, 12288, 11781, 335
2026/09/10 19:33:39.879, 0, 12288, 11781, 335
2026/09/10 19:33:40.087, 0, 12288, 11781, 335
2026/09/10 19:33:40.291, 0, 12288, 11781, 335
2026/09/10 19:33:40.498, 0, 12288, 11781, 335
2026/09/10 19:33:40.703, 0, 12288, 11781, 335
2026/09/10 19:33:40.907, 0, 12288, 11781, 335
2026/09/10 19:33:41.114, 0, 12288, 11781, 335
2026/09/10 19:33:41.319, 0, 12288, 11781, 335
2026/09/10 19:33:41.524, 0, 12288, 11781, 335
2026/09/10 19:33:41.732, 0, 12288, 11781, 335
2026/09/10 19:33:41.935, 0, 12288, 11781, 335
2026/09/10 19:33:42.138, 0, 12288, 11781, 335
2026/09/10 19:33:42.346, 0, 12288, 11781, 335
2026/09/10 19:33:42.550, 0, 12288, 11781, 335
2026/09/10 19:33:42.757, 0, 12288, 11781, 335
2026/09/10 19:33:42.963, 0, 12288, 11781, 335
2026/09/10 19:33:43.168, 0, 12288, 11781, 335
2026/09/10 19:33:43.376, 0, 12288, 11781, 335
2026/09/10 19:33:43.581, 0, 12288, 11781, 335
2026/09/10 19:33:43.788, 0, 12288, 11781, 335
2026/09/10 19:33:43.996, 0, 12288, 11781, 335
2026/09/10 19:33:44.197, 0, 12288, 11781, 335
2026/09/10 19:33:44.405, 0, 12288, 11781, 335
2026/09/10 19:33:44.612, 0, 12288, 11781, 335
2026/09/10 19:33:44.816, 0, 12288, 11781, 335
2026/09/10 19:33:45.024, 0, 12288, 11781, 335
2026/09/10 19:33:45.228, 0, 12288, 11781, 335
2026/09/10 19:33:45.434, 0, 12288, 11781, 335
2026/09/10 19:33:45.641, 0, 12288, 11781, 335
2026/09/10 19:33:45.848, 0, 12288, 11781, 335
2026/09/10 19:33:46.056, 0, 12288, 11781, 335
2026/09/10 19:33:46.279, 0, 12288, 11781, 335
2026/09/10 19:33:46.482, 0, 12288, 11781, 335
2026/09/10 19:33:46.688, 0, 12288, 11781, 335
2026/09/10 19:33:46.894, 0, 12288, 11781, 335
2026/09/10 19:33:47.098, 0, 12288, 11781, 335
2026/09/10 19:33:47.306, 0, 12288, 11781, 335
2026/09/10 19:33:47.511, 0, 12288, 11781, 335
2026/09/10 19:33:47.714, 0, 12288, 11781, 335
2026/09/10 19:33:47.921, 0, 12288, 11781, 335
2026/09/10 19:33:48.123, 0, 12288, 11781, 335
2026/09/10 19:33:48.330, 0, 12288, 11781, 335
2026/09/10 19:33:48.538, 0, 12288, 11781, 335
2026/09/10 19:33:48.742, 0, 12288, 11781, 335
2026/09/10 19:33:48.948, 0, 12288, 11781, 335
2026/09/10 19:33:49.155, 0, 12288, 11781, 335
2026/09/10 19:33:49.358, 0, 12288, 11781, 335
2026/09/10 19:33:49.565, 0, 12288, 11781, 335
2026/09/10 19:33:49.773, 0, 12288, 11781, 335
2026/09/10 19:33:49.976, 0, 12288, 11781, 335
2026/09/10 19:33:50.184, 0, 12288, 11781, 335
2026/09/10 19:33:50.389, 0, 12288, 11781, 335
2026/09/10 19:33:50.595, 0, 12288, 11781, 335
2026/09/10 19:33:50.803, 0, 12288, 11781, 335
2026/09/10 19:33:51.006, 0, 12288, 11781, 335
2026/09/10 19:33:51.212, 0, 12288, 11781, 335
2026/09/10 19:33:51.420, 0, 12288, 11781, 335
2026/09/10 19:33:51.625, 0, 12288, 11781, 335
2026/09/10 19:33:51.831, 0, 12288, 11781, 335
2026/09/10 19:33:52.039, 0, 12288, 11781, 335
2026/09/10 19:33:52.242, 0, 12288, 11781, 335
2026/09/10 19:33:52.450, 0, 12288, 11781, 335
2026/09/10 19:33:52.655, 0, 12288, 11781, 335
2026/09/10 19:33:52.861, 0, 12288, 11781, 335
2026/09/10 19:33:53.068, 0, 12288, 11781, 335
2026/09/10 19:33:53.274, 0, 12288, 11781, 335
2026/09/10 19:33:53.479, 0, 12288, 11781, 335
2026/09/10 19:33:53.687, 0, 12288, 11781, 335
2026/09/10 19:33:53.890, 0, 12288, 11781, 335
2026/09/10 19:33:54.094, 0, 12288, 11781, 335
2026/09/10 19:33:54.300, 0, 12288, 11781, 335
2026/09/10 19:33:54.507, 0, 12288, 11781, 335
2026/09/10 19:33:54.713, 0, 12288, 11781, 335
2026/09/10 19:33:54.921, 0, 12288, 11781, 335
2026/09/10 19:33:55.125, 0, 12288, 11781, 335
2026/09/10 19:33:55.331, 0, 12288, 11781, 335
2026/09/10 19:33:55.539, 0, 12288, 11781, 335
2026/09/10 19:33:55.742, 0, 12288, 11781, 335
2026/09/10 19:33:55.950, 0, 12288, 11781, 335
2026/09/10 19:33:56.157, 0, 12288, 11781, 335
2026/09/10 19:33:56.361, 0, 12288, 11781, 335
2026/09/10 19:33:56.568, 0, 12288, 11781, 335
2026/09/10 19:33:56.776, 0, 12288, 11781, 335
2026/09/10 19:33:56.979, 0, 12288, 11781, 335
2026/09/10 19:33:57.186, 0, 12288, 11781, 335
2026/09/10 19:33:57.394, 0, 12288, 11781, 335
2026/09/10 19:33:57.599, 0, 12288, 11781, 335
2026/09/10 19:33:57.807, 0, 12288, 11781, 335
2026/09/10 19:33:58.015, 0, 12288, 11781, 335
2026/09/10 19:33:58.221, 0, 12288, 11781, 335
2026/09/10 19:33:58.428, 0, 12288, 11781, 335
2026/09/10 19:33:58.634, 0, 12288, 11781, 335
2026/09/10 19:33:58.838, 0, 12288, 11781, 335
2026/09/10 19:33:59.044, 0, 12288, 11781, 335
2026/09/10 19:33:59.249, 0, 12288, 11781, 335
2026/09/10 19:33:59.454, 0, 12288, 11781, 335
2026/09/10 19:33:59.661, 0, 12288, 11781, 335
2026/09/10 19:33:59.865, 0, 12288, 11781, 335
2026/09/10 19:34:00.070, 0, 12288, 11781, 335
2026/09/10 19:34:00.276, 0, 12288, 11781, 335
2026/09/10 19:34:00.482, 0, 12288, 11781, 335
2026/09/10 19:34:00.687, 0, 12288, 11781, 335
2026/09/10 19:34:00.894, 0, 12288, 11781, 335
2026/09/10 19:34:01.099, 0, 12288, 11781, 335
2026/09/10 19:34:01.305, 0, 12288, 11781, 335
2026/09/10 19:34:01.512, 0, 12288, 11781, 335
2026/09/10 19:34:01.713, 0, 12288, 11781, 335
2026/09/10 19:34:01.919, 0, 12288, 11781, 335
2026/09/10 19:34:02.125, 0, 12288, 11781, 335
2026/09/10 19:34:02.327, 0, 12288, 11781, 335
2026/09/10 19:34:02.534, 0, 12288, 11781, 335
2026/09/10 19:34:02.741, 0, 12288, 11781, 335
2026/09/10 19:34:02.948, 0, 12288, 11781, 335
2026/09/10 19:34:03.156, 0, 12288, 11781, 335
2026/09/10 19:34:03.364, 0, 12288, 11781, 335
2026/09/10 19:34:03.572, 0, 12288, 11781, 335
2026/09/10 19:34:03.779, 0, 12288, 11781, 335
2026/09/10 19:34:04.002, 0, 12288, 11781, 335
2026/09/10 19:34:04.209, 0, 12288, 11781, 335
2026/09/10 19:34:04.417, 0, 12288, 11781, 335
2026/09/10 19:34:04.623, 0, 12288, 11781, 335
2026/09/10 19:34:04.831, 0, 12288, 11781, 335
2026/09/10 19:34:05.038, 0, 12288, 11781, 335
2026/09/10 19:34:05.245, 0, 12288, 11781, 335
2026/09/10 19:34:05.452, 0, 12288, 11781, 335
2026/09/10 19:34:05.660, 0, 12288, 11781, 335
2026/09/10 19:34:05.868, 0, 12288, 11781, 335
2026/09/10 19:34:06.076, 0, 12288, 11781, 335
2026/09/10 19:34:06.283, 0, 12288, 11781, 335
2026/09/10 19:34:06.491, 0, 12288, 11781, 335
2026/09/10 19:34:06.698, 0, 12288, 11781, 335
2026/09/10 19:34:06.905, 0, 12288, 11781, 335
2026/09/10 19:34:07.111, 0, 12288, 11781, 335
2026/09/10 19:34:07.319, 0, 12288, 11781, 335
2026/09/10 19:34:07.527, 0, 12288, 11781, 335
2026/09/10 19:34:07.735, 0, 12288, 11781, 335
2026/09/10 19:34:07.943, 0, 12288, 11781, 335
2026/09/10 19:34:08.150, 0, 12288, 11781, 335
2026/09/10 19:34:08.358, 0, 12288, 11781, 335
2026/09/10 19:34:08.565, 0, 12288, 11781, 335
2026/09/10 19:34:08.772, 0, 12288, 11781, 335
2026/09/10 19:34:08.979, 0, 12288, 11781, 335
2026/09/10 19:34:09.187, 0, 12288, 11781, 335
2026/09/10 19:34:09.393, 0, 12288, 11781, 335
2026/09/10 19:34:09.600, 0, 12288, 11781, 335
2026/09/10 19:34:09.808, 0, 12288, 11781, 335
2026/09/10 19:34:10.015, 0, 12288, 11781, 335
2026/09/10 19:34:10.222, 0, 12288, 11781, 335
2026/09/10 19:34:10.429, 0, 12288, 11781, 335
2026/09/10 19:34:10.636, 0, 12288, 11781, 335
2026/09/10 19:34:10.843, 0, 12288, 11781, 335
2026/09/10 19:34:11.049, 0, 12288, 11781, 335
2026/09/10 19:34:11.256, 0, 12288, 11781, 335
2026/09/10 19:34:11.465, 0, 12288, 11781, 335
2026/09/10 19:34:11.673, 0, 12288, 11781, 335
2026/09/10 19:34:11.880, 0, 12288, 11781, 335
2026/09/10 19:34:12.086, 0, 12288, 11781, 335
2026/09/10 19:34:12.293, 0, 12288, 11781, 335
2026/09/10 19:34:12.500, 0, 12288, 11781, 335
2026/09/10 19:34:12.708, 0, 12288, 11781, 335
2026/09/10 19:34:12.912, 0, 12288, 11781, 335
2026/09/10 19:34:13.120, 0, 12288, 11781, 335
2026/09/10 19:34:13.327, 0, 12288, 11781, 335
2026/09/10 19:34:13.532, 0, 12288, 11781, 335
2026/09/10 19:34:13.740, 0, 12288, 11781, 335
2026/09/10 19:34:13.947, 0, 12288, 11781, 335
2026/09/10 19:34:14.154, 0, 12288, 11781, 335
2026/09/10 19:34:14.360, 0, 12288, 11781, 335
2026/09/10 19:34:14.568, 0, 12288, 11781, 335
2026/09/10 19:34:14.775, 0, 12288, 11781, 335
2026/09/10 19:34:14.980, 0, 12288, 11781, 335
2026/09/10 19:34:15.187, 0, 12288, 11781, 335
2026/09/10 19:34:15.393, 0, 12288, 11781, 335
2026/09/10 19:34:15.599, 0, 12288, 11781, 335
2026/09/10 19:34:15.804, 0, 12288, 11781, 335
2026/09/10 19:34:16.012, 0, 12288, 11781, 335
2026/09/10 19:34:16.218, 0, 12288, 11781, 335
2026/09/10 19:34:16.424, 0, 12288, 11781, 335
2026/09/10 19:34:16.631, 0, 12288, 11781, 335
2026/09/10 19:34:16.839, 0, 12288, 11781, 335
2026/09/10 19:34:17.047, 0, 12288, 11781, 335
2026/09/10 19:34:17.252, 0, 12288, 11781, 335
2026/09/10 19:34:17.458, 0, 12288, 11781, 335
2026/09/10 19:34:17.663, 0, 12288, 11781, 335
2026/09/10 19:34:17.871, 0, 12288, 11781, 335
2026/09/10 19:34:18.079, 0, 12288, 11781, 335
2026/09/10 19:34:18.287, 0, 12288, 11781, 335
2026/09/10 19:34:18.495, 0, 12288, 11781, 335
2026/09/10 19:34:18.703, 0, 12288, 11781, 335
2026/09/10 19:34:18.910, 0, 12288, 11781, 335
2026/09/10 19:34:19.118, 0, 12288, 11781, 335
2026/09/10 19:34:19.322, 0, 12288, 11781, 335
2026/09/10 19:34:19.529, 0, 12288, 11781, 335
2026/09/10 19:34:19.736, 0, 12288, 11781, 335
2026/09/10 19:34:19.944, 0, 12288, 11781, 335
2026/09/10 19:34:20.151, 0, 12288, 11781, 335
2026/09/10 19:34:20.358, 0, 12288, 11781, 335
2026/09/10 19:34:20.566, 0, 12288, 11781, 335
2026/09/10 19:34:20.774, 0, 12288, 11781, 335
2026/09/10 19:34:20.982, 0, 12288, 11781, 335
2026/09/10 19:34:21.190, 0, 12288, 11781, 335
2026/09/10 19:34:21.396, 0, 12288, 11781, 335
2026/09/10 19:34:21.603, 0, 12288, 11781, 335
2026/09/10 19:34:21.810, 0, 12288, 11781, 335
2026/09/10 19:34:22.018, 0, 12288, 11781, 335
2026/09/10 19:34:22.226, 0, 12288, 11781, 335
2026/09/10 19:34:22.433, 0, 12288, 11781, 335
2026/09/10 19:34:22.639, 0, 12288, 11781, 335
2026/09/10 19:34:22.847, 0, 12288, 11781, 335
2026/09/10 19:34:23.054, 0, 12288, 11781, 335
2026/09/10 19:34:23.261, 0, 12288, 11781, 335
2026/09/10 19:34:23.468, 0, 12288, 11781, 335
2026/09/10 19:34:23.676, 0, 12288, 11781, 335
2026/09/10 19:34:23.884, 0, 12288, 11781, 335
2026/09/10 19:34:24.092, 0, 12288, 11781, 335
2026/09/10 19:34:24.300, 0, 12288, 11781, 335
2026/09/10 19:34:24.507, 0, 12288, 11781, 335
2026/09/10 19:34:24.715, 0, 12288, 11781, 335
2026/09/10 19:34:24.923, 0, 12288, 11781, 335
2026/09/10 19:34:25.130, 0, 12288, 11781, 335
2026/09/10 19:34:25.338, 0, 12288, 11781, 335
2026/09/10 19:34:25.546, 0, 12288, 11781, 335
2026/09/10 19:34:25.753, 0, 12288, 11781, 335
2026/09/10 19:34:25.960, 0, 12288, 11781, 335
2026/09/10 19:34:26.168, 0, 12288, 11781, 335
2026/09/10 19:34:26.376, 0, 12288, 11781, 335
2026/09/10 19:34:26.584, 0, 12288, 11781, 335
2026/09/10 19:34:26.790, 0, 12288, 11781, 335
2026/09/10 19:34:26.996, 0, 12288, 11781, 335
2026/09/10 19:34:27.203, 0, 12288, 11781, 335
2026/09/10 19:34:27.410, 0, 12288, 11781, 335
2026/09/10 19:34:27.617, 0, 12288, 11781, 335
2026/09/10 19:34:27.825, 0, 12288, 11781, 335
2026/09/10 19:34:28.032, 0, 12288, 11781, 335
2026/09/10 19:34:28.240, 0, 12288, 11781, 335
2026/09/10 19:34:28.446, 0, 12288, 11781, 335
2026/09/10 19:34:28.653, 0, 12288, 11781, 335
2026/09/10 19:34:28.860, 0, 12288, 11781, 335
2026/09/10 19:34:29.068, 0, 12288, 11781, 335
2026/09/10 19:34:29.276, 0, 12288, 11781, 335
2026/09/10 19:34:29.483, 0, 12288, 11781, 335
2026/09/10 19:34:29.691, 0, 12288, 11781, 335
2026/09/10 19:34:29.899, 0, 12288, 11781, 335
2026/09/10 19:34:30.105, 0, 12288, 11781, 335
2026/09/10 19:34:30.312, 0, 12288, 11781, 335
2026/09/10 19:34:30.519, 0, 12288, 11781, 335
2026/09/10 19:34:30.727, 0, 12288, 11781, 335
2026/09/10 19:34:30.935, 0, 12288, 11781, 335
2026/09/10 19:34:31.143, 0, 12288, 11781, 335
2026/09/10 19:34:31.350, 0, 12288, 11781, 335
2026/09/10 19:34:31.558, 0, 12288, 11781, 335
2026/09/10 19:34:31.765, 0, 12288, 11781, 335
2026/09/10 19:34:31.972, 0, 12288, 11781, 335
2026/09/10 19:34:32.180, 0, 12288, 11781, 335
2026/09/10 19:34:32.386, 0, 12288, 11781, 335
2026/09/10 19:34:32.592, 0, 12288, 11781, 335
2026/09/10 19:34:32.800, 0, 12288, 11781, 335
2026/09/10 19:34:33.007, 0, 12288, 11781, 335
2026/09/10 19:34:33.215, 0, 12288, 11781, 335
2026/09/10 19:34:33.423, 0, 12288, 11781, 335
2026/09/10 19:34:33.631, 0, 12288, 11781, 335
2026/09/10 19:34:33.837, 0, 12288, 11781, 335
2026/09/10 19:34:34.045, 0, 12288, 11781, 335
2026/09/10 19:34:34.252, 0, 12288, 11781, 335
2026/09/10 19:34:34.458, 0, 12288, 11781, 335
2026/09/10 19:34:34.665, 0, 12288, 11781, 335
2026/09/10 19:34:34.872, 0, 12288, 11781, 335
2026/09/10 19:34:35.080, 0, 12288, 11781, 335
2026/09/10 19:34:35.287, 0, 12288, 11781, 335
2026/09/10 19:34:35.495, 0, 12288, 11781, 335
2026/09/10 19:34:35.700, 0, 12288, 11781, 335
2026/09/10 19:34:35.908, 0, 12288, 11781, 335
2026/09/10 19:34:36.116, 0, 12288, 11781, 335
2026/09/10 19:34:36.322, 0, 12288, 11781, 335
2026/09/10 19:34:36.530, 0, 12288, 11781, 335
2026/09/10 19:34:36.737, 0, 12288, 11781, 335
2026/09/10 19:34:36.943, 0, 12288, 11781, 335
2026/09/10 19:34:37.150, 0, 12288, 11781, 335
2026/09/10 19:34:37.358, 0, 12288, 11781, 335
2026/09/10 19:34:37.565, 0, 12288, 11781, 335
2026/09/10 19:34:37.773, 0, 12288, 11781, 335
2026/09/10 19:34:37.979, 0, 12288, 11781, 335
2026/09/10 19:34:38.184, 0, 12288, 11781, 335
2026/09/10 19:34:38.392, 0, 12288, 11781, 335
2026/09/10 19:34:38.600, 0, 12288, 11781, 335
2026/09/10 19:34:38.808, 0, 12288, 11781, 335
2026/09/10 19:34:39.016, 0, 12288, 11781, 335
2026/09/10 19:34:39.224, 0, 12288, 11781, 335
2026/09/10 19:34:39.431, 0, 12288, 11781, 335
2026/09/10 19:34:39.639, 0, 12288, 11781, 335
2026/09/10 19:34:39.846, 0, 12288, 11781, 335
2026/09/10 19:34:40.054, 0, 12288, 11781, 335
2026/09/10 19:34:40.262, 0, 12288, 11781, 335
2026/09/10 19:34:40.470, 0, 12288, 11781, 335
2026/09/10 19:34:40.676, 0, 12288, 11781, 335
2026/09/10 19:34:40.884, 0, 12288, 11781, 335
2026/09/10 19:34:41.092, 0, 12288, 11781, 335
2026/09/10 19:34:41.300, 0, 12288, 11781, 335
2026/09/10 19:34:41.507, 0, 12288, 11781, 335
2026/09/10 19:34:41.715, 0, 12288, 11781, 335
2026/09/10 19:34:41.922, 0, 12288, 11781, 335
2026/09/10 19:34:42.130, 0, 12288, 11781, 335
2026/09/10 19:34:42.337, 0, 12288, 11781, 335
2026/09/10 19:34:42.543, 0, 12288, 11781, 335
2026/09/10 19:34:42.750, 0, 12288, 11781, 335
2026/09/10 19:34:42.958, 0, 12288, 11781, 335
2026/09/10 19:34:43.165, 0, 12288, 11781, 335
2026/09/10 19:34:43.372, 0, 12288, 11781, 335
2026/09/10 19:34:43.577, 0, 12288, 11781, 335
2026/09/10 19:34:43.783, 0, 12288, 11781, 335
2026/09/10 19:34:43.991, 0, 12288, 11781, 335
2026/09/10 19:34:44.198, 0, 12288, 11781, 335
2026/09/10 19:34:44.406, 0, 12288, 11781, 335
2026/09/10 19:34:44.614, 0, 12288, 11781, 335
2026/09/10 19:34:44.821, 0, 12288, 11781, 335
2026/09/10 19:34:45.028, 0, 12288, 11781, 335
2026/09/10 19:34:45.235, 0, 12288, 11781, 335
2026/09/10 19:34:45.443, 0, 12288, 11781, 335
2026/09/10 19:34:45.651, 0, 12288, 11781, 335
2026/09/10 19:34:45.859, 0, 12288, 11781, 335
2026/09/10 19:34:46.065, 0, 12288, 11781, 335
2026/09/10 19:34:46.273, 0, 12288, 11781, 335
2026/09/10 19:34:46.479, 0, 12288, 11781, 335
2026/09/10 19:34:46.687, 0, 12288, 11781, 335
2026/09/10 19:34:46.895, 0, 12288, 11781, 335
2026/09/10 19:34:47.103, 0, 12288, 11781, 335
2026/09/10 19:34:47.311, 0, 12288, 11781, 335
2026/09/10 19:34:47.518, 0, 12288, 11781, 335
2026/09/10 19:34:47.725, 0, 12288, 11781, 335
2026/09/10 19:34:47.933, 0, 12288, 11781, 335
2026/09/10 19:34:48.141, 0, 12288, 11781, 335
2026/09/10 19:34:48.349, 0, 12288, 11781, 335
2026/09/10 19:34:48.557, 0, 12288, 11781, 335
2026/09/10 19:34:48.765, 0, 12288, 11781, 335
2026/09/10 19:34:48.989, 0, 12288, 11781, 335
2026/09/10 19:34:49.194, 0, 12288, 11781, 335
2026/09/10 19:34:49.402, 0, 12288, 11781, 335
2026/09/10 19:34:49.610, 0, 12288, 11781, 335
2026/09/10 19:34:49.818, 0, 12288, 11781, 335
2026/09/10 19:34:50.026, 0, 12288, 11781, 335
2026/09/10 19:34:50.233, 0, 12288, 11781, 335
2026/09/10 19:34:50.438, 0, 12288, 11781, 335
2026/09/10 19:34:50.645, 0, 12288, 11781, 335
2026/09/10 19:34:50.853, 0, 12288, 11781, 335
2026/09/10 19:34:51.060, 0, 12288, 11781, 335
2026/09/10 19:34:51.266, 0, 12288, 11781, 335
2026/09/10 19:34:51.474, 0, 12288, 11781, 335
2026/09/10 19:34:51.680, 0, 12288, 11781, 335
2026/09/10 19:34:51.888, 0, 12288, 11781, 335
2026/09/10 19:34:52.096, 0, 12288, 11781, 335
2026/09/10 19:34:52.304, 0, 12288, 11781, 335
2026/09/10 19:34:52.510, 0, 12288, 11781, 335
2026/09/10 19:34:52.718, 0, 12288, 11781, 335
2026/09/10 19:34:52.925, 0, 12288, 11781, 335
2026/09/10 19:34:53.133, 0, 12288, 11781, 335
2026/09/10 19:34:53.341, 0, 12288, 11781, 335
2026/09/10 19:34:53.548, 0, 12288, 11781, 335
2026/09/10 19:34:53.754, 0, 12288, 11781, 335
2026/09/10 19:34:53.961, 0, 12288, 11781, 335
2026/09/10 19:34:54.169, 0, 12288, 11781, 335
2026/09/10 19:34:54.376, 0, 12288, 11781, 335
2026/09/10 19:34:54.583, 0, 12288, 11781, 335
2026/09/10 19:34:54.788, 0, 12288, 11781, 335
2026/09/10 19:34:54.995, 0, 12288, 11781, 335
2026/09/10 19:34:55.202, 0, 12288, 11781, 335
2026/09/10 19:34:55.408, 0, 12288, 11781, 335
2026/09/10 19:34:55.615, 0, 12288, 11781, 335
2026/09/10 19:34:55.819, 0, 12288, 11781, 335
2026/09/10 19:34:56.019, 0, 12288, 11781, 335
2026/09/10 19:34:56.222, 0, 12288, 11781, 335
2026/09/10 19:34:56.430, 0, 12288, 11781, 335
2026/09/10 19:34:56.637, 0, 12288, 11781, 335
2026/09/10 19:34:56.842, 0, 12288, 11781, 335
2026/09/10 19:34:57.050, 0, 12288, 11781, 335
2026/09/10 19:34:57.256, 0, 12288, 11781, 335
2026/09/10 19:34:57.464, 0, 12288, 11781, 335
2026/09/10 19:34:57.671, 0, 12288, 11781, 335
2026/09/10 19:34:57.877, 0, 12288, 11781, 335
2026/09/10 19:34:58.085, 0, 12288, 11781, 335
2026/09/10 19:34:58.291, 0, 12288, 11781, 335
2026/09/10 19:34:58.497, 0, 12288, 11781, 335
2026/09/10 19:34:58.703, 0, 12288, 11781, 335
2026/09/10 19:34:58.906, 0, 12288, 11781, 335
2026/09/10 19:34:59.114, 0, 12288, 11781, 335
2026/09/10 19:34:59.320, 0, 12288, 11781, 335
2026/09/10 19:34:59.527, 0, 12288, 11781, 335
2026/09/10 19:34:59.733, 0, 12288, 11781, 335
2026/09/10 19:34:59.937, 0, 12288, 11781, 335
2026/09/10 19:35:00.141, 0, 12288, 11781, 335
2026/09/10 19:35:00.346, 0, 12288, 11781, 335
2026/09/10 19:35:00.551, 0, 12288, 11781, 335
2026/09/10 19:35:00.758, 0, 12288, 11781, 335
2026/09/10 19:35:00.960, 0, 12288, 11781, 335
2026/09/10 19:35:01.167, 0, 12288, 11781, 335
2026/09/10 19:35:01.372, 0, 12288, 11781, 335
2026/09/10 19:35:01.578, 0, 12288, 11781, 335
2026/09/10 19:35:01.783, 0, 12288, 11781, 335
2026/09/10 19:35:01.987, 0, 12288, 11781, 335
2026/09/10 19:35:02.193, 0, 12288, 11781, 335
2026/09/10 19:35:02.399, 0, 12288, 11781, 335
2026/09/10 19:35:02.606, 0, 12288, 11781, 335
2026/09/10 19:35:02.813, 0, 12288, 11781, 335
2026/09/10 19:35:03.021, 0, 12288, 11781, 335
2026/09/10 19:35:03.227, 0, 12288, 11781, 335
2026/09/10 19:35:03.434, 0, 12288, 11781, 335
2026/09/10 19:35:03.642, 0, 12288, 11781, 335
2026/09/10 19:35:03.850, 0, 12288, 11781, 335
2026/09/10 19:35:04.057, 0, 12288, 11781, 335
2026/09/10 19:35:04.265, 0, 12288, 11781, 335
2026/09/10 19:35:04.472, 0, 12288, 11781, 335
2026/09/10 19:35:04.680, 0, 12288, 11781, 335
2026/09/10 19:35:04.887, 0, 12288, 11781, 335
2026/09/10 19:35:05.094, 0, 12288, 11781, 335
2026/09/10 19:35:05.300, 0, 12288, 11781, 335
2026/09/10 19:35:05.508, 0, 12288, 11781, 335
2026/09/10 19:35:05.716, 0, 12288, 11781, 335
2026/09/10 19:35:05.923, 0, 12288, 11781, 335
2026/09/10 19:35:06.127, 0, 12288, 11781, 335
2026/09/10 19:35:06.334, 0, 12288, 11781, 335
2026/09/10 19:35:06.541, 0, 12288, 11781, 335
2026/09/10 19:35:06.749, 0, 12288, 11781, 335
2026/09/10 19:35:06.956, 0, 12288, 11781, 335
2026/09/10 19:35:07.163, 0, 12288, 11781, 335
2026/09/10 19:35:07.370, 0, 12288, 11781, 335
2026/09/10 19:35:07.578, 0, 12288, 11781, 335
2026/09/10 19:35:07.786, 0, 12288, 11781, 335
2026/09/10 19:35:07.994, 0, 12288, 11781, 335
2026/09/10 19:35:08.202, 0, 12288, 11781, 335
2026/09/10 19:35:08.409, 0, 12288, 11781, 335
2026/09/10 19:35:08.616, 0, 12288, 11781, 335
2026/09/10 19:35:08.824, 0, 12288, 11781, 335
2026/09/10 19:35:09.031, 0, 12288, 11781, 335
2026/09/10 19:35:09.237, 0, 12288, 11781, 335
2026/09/10 19:35:09.444, 0, 12288, 11781, 335
2026/09/10 19:35:09.652, 0, 12288, 11781, 335
2026/09/10 19:35:09.860, 0, 12288, 11781, 335
2026/09/10 19:35:10.067, 0, 12288, 11781, 335
2026/09/10 19:35:10.274, 0, 12288, 11781, 335
2026/09/10 19:35:10.483, 0, 12288, 11781, 335
2026/09/10 19:35:10.690, 0, 12288, 11781, 335
2026/09/10 19:35:10.896, 0, 12288, 11781, 335
2026/09/10 19:35:11.104, 0, 12288, 11781, 335
2026/09/10 19:35:11.312, 0, 12288, 11781, 335
2026/09/10 19:35:11.519, 0, 12288, 11781, 335
2026/09/10 19:35:11.725, 0, 12288, 11781, 335
2026/09/10 19:35:11.933, 0, 12288, 11781, 335
2026/09/10 19:35:12.156, 0, 12288, 11781, 335
2026/09/10 19:35:12.362, 0, 12288, 11781, 335
2026/09/10 19:35:12.569, 0, 12288, 11781, 335
2026/09/10 19:35:12.775, 0, 12288, 11781, 335
2026/09/10 19:35:12.981, 0, 12288, 11781, 335
2026/09/10 19:35:13.189, 0, 12288, 11781, 335
2026/09/10 19:35:13.396, 0, 12288, 11781, 335
2026/09/10 19:35:13.603, 0, 12288, 11781, 335
2026/09/10 19:35:13.810, 0, 12288, 11781, 335
2026/09/10 19:35:14.018, 0, 12288, 11781, 335
2026/09/10 19:35:14.226, 0, 12288, 11781, 335
2026/09/10 19:35:14.434, 0, 12288, 11781, 335
2026/09/10 19:35:14.640, 0, 12288, 11781, 335
2026/09/10 19:35:14.847, 0, 12288, 11781, 335
2026/09/10 19:35:15.055, 0, 12288, 11781, 335
2026/09/10 19:35:15.261, 0, 12288, 11781, 335
2026/09/10 19:35:15.469, 0, 12288, 11781, 335
2026/09/10 19:35:15.677, 0, 12288, 11781, 335
2026/09/10 19:35:15.885, 0, 12288, 11781, 335
2026/09/10 19:35:16.092, 0, 12288, 11781, 335
2026/09/10 19:35:16.299, 0, 12288, 11781, 335
2026/09/10 19:35:16.507, 0, 12288, 11781, 335
2026/09/10 19:35:16.715, 0, 12288, 11781, 335
2026/09/10 19:35:16.923, 0, 12288, 11781, 335
2026/09/10 19:35:17.129, 0, 12288, 11781, 335
2026/09/10 19:35:17.335, 0, 12288, 11781, 335
2026/09/10 19:35:17.542, 0, 12288, 11781, 335
2026/09/10 19:35:17.749, 0, 12288, 11781, 335
2026/09/10 19:35:17.955, 0, 12288, 11781, 335
2026/09/10 19:35:18.163, 0, 12288, 11781, 335
2026/09/10 19:35:18.371, 0, 12288, 11781, 335
2026/09/10 19:35:18.577, 0, 12288, 11781, 335
2026/09/10 19:35:18.784, 0, 12288, 11781, 335
2026/09/10 19:35:18.992, 0, 12288, 11781, 335
2026/09/10 19:35:19.200, 0, 12288, 11781, 335
2026/09/10 19:35:19.408, 0, 12288, 11781, 335
2026/09/10 19:35:19.615, 0, 12288, 11781, 335
2026/09/10 19:35:19.822, 0, 12288, 11781, 335
2026/09/10 19:35:20.029, 0, 12288, 11781, 335
2026/09/10 19:35:20.237, 0, 12288, 11781, 335
2026/09/10 19:35:20.445, 0, 12288, 11781, 335
2026/09/10 19:35:20.652, 0, 12288, 11781, 335
2026/09/10 19:35:20.860, 0, 12288, 11781, 335
2026/09/10 19:35:21.068, 0, 12288, 11781, 335
2026/09/10 19:35:21.276, 0, 12288, 11781, 335
2026/09/10 19:35:21.484, 0, 12288, 11781, 335
2026/09/10 19:35:21.691, 0, 12288, 11781, 335
2026/09/10 19:35:21.899, 0, 12288, 11781, 335
2026/09/10 19:35:22.107, 0, 12288, 11781, 335
2026/09/10 19:35:22.315, 0, 12288, 11781, 335
2026/09/10 19:35:22.523, 0, 12288, 11781, 335
2026/09/10 19:35:22.728, 0, 12288, 11781, 335
2026/09/10 19:35:22.934, 0, 12288, 11781, 335
2026/09/10 19:35:23.142, 0, 12288, 11781, 335
2026/09/10 19:35:23.350, 0, 12288, 11781, 335
2026/09/10 19:35:23.558, 0, 12288, 11781, 335
2026/09/10 19:35:23.765, 0, 12288, 11781, 335
2026/09/10 19:35:23.971, 0, 12288, 11781, 335
2026/09/10 19:35:24.179, 0, 12288, 11781, 335
2026/09/10 19:35:24.386, 0, 12288, 11781, 335
2026/09/10 19:35:24.594, 0, 12288, 11781, 335
2026/09/10 19:35:24.802, 0, 12288, 11781, 335
2026/09/10 19:35:25.009, 0, 12288, 11781, 335
2026/09/10 19:35:25.215, 0, 12288, 11781, 335
2026/09/10 19:35:25.421, 0, 12288, 11781, 335
2026/09/10 19:35:25.627, 0, 12288, 11781, 335
2026/09/10 19:35:25.834, 0, 12288, 11781, 335
2026/09/10 19:35:26.042, 0, 12288, 11781, 335
2026/09/10 19:35:26.248, 0, 12288, 11781, 335
2026/09/10 19:35:26.454, 0, 12288, 11781, 335
2026/09/10 19:35:26.660, 0, 12288, 11781, 335
2026/09/10 19:35:26.865, 0, 12288, 11781, 335
2026/09/10 19:35:27.068, 0, 12288, 11781, 335
2026/09/10 19:35:27.272, 0, 12288, 11781, 335
2026/09/10 19:35:27.478, 0, 12288, 11781, 335
2026/09/10 19:35:27.686, 0, 12288, 11781, 335
2026/09/10 19:35:27.889, 0, 12288, 11781, 335
2026/09/10 19:35:28.097, 0, 12288, 11781, 335
2026/09/10 19:35:28.303, 0, 12288, 11781, 335
2026/09/10 19:35:28.510, 0, 12288, 11781, 335
2026/09/10 19:35:28.717, 0, 12288, 11781, 335
2026/09/10 19:35:28.920, 0, 12288, 11781, 335
2026/09/10 19:35:29.128, 0, 12288, 11781, 335
2026/09/10 19:35:29.335, 0, 12288, 11781, 335
2026/09/10 19:35:29.543, 0, 12288, 11781, 335
2026/09/10 19:35:29.751, 0, 12288, 11781, 335
2026/09/10 19:35:29.958, 0, 12288, 11781, 335
2026/09/10 19:35:30.166, 0, 12288, 11781, 335
2026/09/10 19:35:30.374, 0, 12288, 11781, 335
2026/09/10 19:35:30.580, 0, 12288, 11781, 335
2026/09/10 19:35:30.788, 0, 12288, 11781, 335
2026/09/10 19:35:30.994, 0, 12288, 11781, 335
2026/09/10 19:35:31.199, 0, 12288, 11781, 335
2026/09/10 19:35:31.404, 0, 12288, 11781, 335
2026/09/10 19:35:31.609, 0, 12288, 11781, 335
2026/09/10 19:35:31.815, 0, 12288, 11781, 335
2026/09/10 19:35:32.018, 0, 12288, 11781, 335
2026/09/10 19:35:32.225, 0, 12288, 11781, 335
2026/09/10 19:35:32.431, 0, 12288, 11781, 335
2026/09/10 19:35:32.636, 0, 12288, 11781, 335
2026/09/10 19:35:32.843, 0, 12288, 11781, 335
2026/09/10 19:35:33.049, 0, 12288, 11781, 335
2026/09/10 19:35:33.256, 0, 12288, 11781, 335
2026/09/10 19:35:33.464, 0, 12288, 11781, 335
2026/09/10 19:35:33.668, 0, 12288, 11781, 335
2026/09/10 19:35:33.874, 0, 12288, 11781, 335
2026/09/10 19:35:34.080, 0, 12288, 11781, 335
2026/09/10 19:35:34.287, 0, 12288, 11781, 335
2026/09/10 19:35:34.494, 0, 12288, 11781, 335
2026/09/10 19:35:34.702, 0, 12288, 11781, 335
2026/09/10 19:35:34.909, 0, 12288, 11781, 335
2026/09/10 19:35:35.117, 0, 12288, 11781, 335
2026/09/10 19:35:35.339, 0, 12288, 11781, 335
2026/09/10 19:35:35.546, 0, 12288, 11781, 335
2026/09/10 19:35:35.753, 0, 12288, 11781, 335
2026/09/10 19:35:35.960, 0, 12288, 11781, 335
2026/09/10 19:35:36.168, 0, 12288, 11781, 335
2026/09/10 19:35:36.376, 0, 12288, 11781, 335
2026/09/10 19:35:36.583, 0, 12288, 11781, 335
2026/09/10 19:35:36.790, 0, 12288, 11781, 335
2026/09/10 19:35:36.998, 0, 12288, 11781, 335
2026/09/10 19:35:37.206, 0, 12288, 11781, 335
2026/09/10 19:35:37.414, 0, 12288, 11781, 335
2026/09/10 19:35:37.621, 0, 12288, 11781, 335
2026/09/10 19:35:37.829, 0, 12288, 11781, 335
2026/09/10 19:35:38.035, 0, 12288, 11781, 335
2026/09/10 19:35:38.243, 0, 12288, 11781, 335
2026/09/10 19:35:38.449, 0, 12288, 11781, 335
2026/09/10 19:35:38.657, 0, 12288, 11781, 335
2026/09/10 19:35:38.865, 0, 12288, 11781, 335
2026/09/10 19:35:39.073, 0, 12288, 11781, 335
2026/09/10 19:35:39.281, 0, 12288, 11781, 335
2026/09/10 19:35:39.487, 0, 12288, 11781, 335
2026/09/10 19:35:39.692, 0, 12288, 11781, 335
2026/09/10 19:35:39.900, 0, 12288, 11781, 335
2026/09/10 19:35:40.108, 0, 12288, 11781, 335
2026/09/10 19:35:40.314, 0, 12288, 11781, 335
2026/09/10 19:35:40.522, 0, 12288, 11781, 335
2026/09/10 19:35:40.729, 0, 12288, 11781, 335
2026/09/10 19:35:40.937, 0, 12288, 11781, 335
2026/09/10 19:35:41.144, 0, 12288, 11781, 335
2026/09/10 19:35:41.352, 0, 12288, 11781, 335
2026/09/10 19:35:41.558, 0, 12288, 11781, 335
2026/09/10 19:35:41.766, 0, 12288, 11781, 335
2026/09/10 19:35:41.972, 0, 12288, 11781, 335
2026/09/10 19:35:42.179, 0, 12288, 11781, 335
2026/09/10 19:35:42.387, 0, 12288, 11781, 335
2026/09/10 19:35:42.595, 0, 12288, 11781, 335
2026/09/10 19:35:42.803, 0, 12288, 11781, 335
2026/09/10 19:35:43.010, 0, 12288, 11781, 335
2026/09/10 19:35:43.218, 0, 12288, 11781, 335
2026/09/10 19:35:43.426, 0, 12288, 11781, 335
2026/09/10 19:35:43.632, 0, 12288, 11781, 335
2026/09/10 19:35:43.840, 0, 12288, 11781, 335
2026/09/10 19:35:44.048, 0, 12288, 11781, 335
2026/09/10 19:35:44.255, 0, 12288, 11781, 335
2026/09/10 19:35:44.463, 0, 12288, 11781, 335
2026/09/10 19:35:44.670, 0, 12288, 11781, 335
2026/09/10 19:35:44.878, 0, 12288, 11781, 335
2026/09/10 19:35:45.085, 0, 12288, 11781, 335
2026/09/10 19:35:45.293, 0, 12288, 11781, 335
2026/09/10 19:35:45.501, 0, 12288, 11781, 335
2026/09/10 19:35:45.709, 0, 12288, 11781, 335
2026/09/10 19:35:45.916, 0, 12288, 11781, 335
2026/09/10 19:35:46.123, 0, 12288, 11781, 335
2026/09/10 19:35:46.331, 0, 12288, 11781, 335
2026/09/10 19:35:46.539, 0, 12288, 11781, 335
2026/09/10 19:35:46.747, 0, 12288, 11781, 335
2026/09/10 19:35:46.955, 0, 12288, 11781, 335
2026/09/10 19:35:47.162, 0, 12288, 11781, 335
2026/09/10 19:35:47.370, 0, 12288, 11781, 335
2026/09/10 19:35:47.578, 0, 12288, 11781, 335
2026/09/10 19:35:47.785, 0, 12288, 11781, 335
2026/09/10 19:35:47.993, 0, 12288, 11781, 335
2026/09/10 19:35:48.201, 0, 12288, 11781, 335
2026/09/10 19:35:48.408, 0, 12288, 11781, 335
2026/09/10 19:35:48.616, 0, 12288, 11781, 335
2026/09/10 19:35:48.822, 0, 12288, 11781, 335
2026/09/10 19:35:49.030, 0, 12288, 11781, 335
2026/09/10 19:35:49.238, 0, 12288, 11781, 335
2026/09/10 19:35:49.446, 0, 12288, 11781, 335
2026/09/10 19:35:49.654, 0, 12288, 11781, 335
2026/09/10 19:35:49.862, 0, 12288, 11781, 335
2026/09/10 19:35:50.070, 0, 12288, 11781, 335
2026/09/10 19:35:50.277, 0, 12288, 11781, 335
2026/09/10 19:35:50.483, 0, 12288, 11781, 335
2026/09/10 19:35:50.688, 0, 12288, 11781, 335
2026/09/10 19:35:50.895, 0, 12288, 11781, 335
2026/09/10 19:35:51.103, 0, 12288, 11781, 335
2026/09/10 19:35:51.310, 0, 12288, 11781, 335
2026/09/10 19:35:51.517, 0, 12288, 11781, 335
2026/09/10 19:35:51.725, 0, 12288, 11781, 335
2026/09/10 19:35:51.933, 0, 12288, 11781, 335
2026/09/10 19:35:52.141, 0, 12288, 11781, 335
2026/09/10 19:35:52.349, 0, 12288, 11781, 335
2026/09/10 19:35:52.557, 0, 12288, 11781, 335
2026/09/10 19:35:52.765, 0, 12288, 11781, 335
2026/09/10 19:35:52.971, 0, 12288, 11781, 335
2026/09/10 19:35:53.179, 0, 12288, 11781, 335
2026/09/10 19:35:53.387, 0, 12288, 11781, 335
2026/09/10 19:35:53.594, 0, 12288, 11781, 335
2026/09/10 19:35:53.802, 0, 12288, 11781, 335
2026/09/10 19:35:54.009, 0, 12288, 11781, 335
2026/09/10 19:35:54.216, 0, 12288, 11781, 335
2026/09/10 19:35:54.424, 0, 12288, 11781, 335
2026/09/10 19:35:54.631, 0, 12288, 11781, 335
2026/09/10 19:35:54.839, 0, 12288, 11781, 335
2026/09/10 19:35:55.047, 0, 12288, 11781, 335
2026/09/10 19:35:55.253, 0, 12288, 11781, 335
2026/09/10 19:35:55.461, 0, 12288, 11781, 335
2026/09/10 19:35:55.669, 0, 12288, 11781, 335
2026/09/10 19:35:55.876, 0, 12288, 11781, 335
2026/09/10 19:35:56.084, 0, 12288, 11781, 335
2026/09/10 19:35:56.290, 0, 12288, 11781, 335
2026/09/10 19:35:56.498, 0, 12288, 11781, 335
2026/09/10 19:35:56.705, 0, 12288, 11781, 335
2026/09/10 19:35:56.913, 0, 12288, 11781, 335
2026/09/10 19:35:57.120, 0, 12288, 11781, 335
2026/09/10 19:35:57.326, 0, 12288, 11781, 335
2026/09/10 19:35:57.533, 0, 12288, 11781, 335
2026/09/10 19:35:57.741, 0, 12288, 11781, 335
2026/09/10 19:35:57.949, 0, 12288, 11781, 335
2026/09/10 19:35:58.157, 0, 12288, 11781, 335
2026/09/10 19:35:58.364, 0, 12288, 11781, 335
2026/09/10 19:35:58.571, 0, 12288, 11781, 335
2026/09/10 19:35:58.779, 0, 12288, 11781, 335
2026/09/10 19:35:58.987, 0, 12288, 11781, 335
2026/09/10 19:35:59.195, 0, 12288, 11781, 335
2026/09/10 19:35:59.403, 0, 12288, 11781, 335
2026/09/10 19:35:59.611, 0, 12288, 11781, 335
2026/09/10 19:35:59.817, 0, 12288, 11781, 335
2026/09/10 19:36:00.025, 0, 12288, 11781, 335
2026/09/10 19:36:00.233, 0, 12288, 11781, 335
2026/09/10 19:36:00.440, 0, 12288, 11781, 335
2026/09/10 19:36:00.647, 0, 12288, 11781, 335
2026/09/10 19:36:00.855, 0, 12288, 11781, 335
2026/09/10 19:36:01.062, 0, 12288, 11781, 335
2026/09/10 19:36:01.270, 0, 12288, 11781, 335
2026/09/10 19:36:01.478, 0, 12288, 11781, 335
2026/09/10 19:36:01.685, 0, 12288, 11781, 335
2026/09/10 19:36:01.888, 0, 12288, 11781, 335
2026/09/10 19:36:02.094, 0, 12288, 11781, 335
2026/09/10 19:36:02.299, 0, 12288, 11781, 335
2026/09/10 19:36:02.507, 0, 12288, 11781, 335
2026/09/10 19:36:02.715, 0, 12288, 11781, 335
2026/09/10 19:36:02.921, 0, 12288, 11781, 335
2026/09/10 19:36:03.127, 0, 12288, 11781, 335
2026/09/10 19:36:03.334, 0, 12288, 11781, 335
2026/09/10 19:36:03.541, 0, 12288, 11781, 335
2026/09/10 19:36:03.748, 0, 12288, 11781, 335
2026/09/10 19:36:03.956, 0, 12288, 11781, 335
2026/09/10 19:36:04.163, 0, 12288, 11781, 335
2026/09/10 19:36:04.370, 0, 12288, 11781, 335
2026/09/10 19:36:04.578, 0, 12288, 11781, 335
2026/09/10 19:36:04.785, 0, 12288, 11781, 335
2026/09/10 19:36:04.993, 0, 12288, 11781, 335
2026/09/10 19:36:05.200, 0, 12288, 11781, 335
2026/09/10 19:36:05.406, 0, 12288, 11781, 335
2026/09/10 19:36:05.613, 0, 12288, 11781, 335
2026/09/10 19:36:05.821, 0, 12288, 11781, 335
2026/09/10 19:36:06.028, 0, 12288, 11781, 335
2026/09/10 19:36:06.236, 0, 12288, 11781, 335
2026/09/10 19:36:06.444, 0, 12288, 11781, 335
2026/09/10 19:36:06.650, 0, 12288, 11781, 335
2026/09/10 19:36:06.858, 0, 12288, 11781, 335
2026/09/10 19:36:07.064, 0, 12288, 11781, 335
2026/09/10 19:36:07.272, 0, 12288, 11781, 335
2026/09/10 19:36:07.477, 0, 12288, 11781, 335
2026/09/10 19:36:07.685, 0, 12288, 11781, 335
2026/09/10 19:36:07.891, 0, 12288, 11781, 335
2026/09/10 19:36:08.099, 0, 12288, 11781, 335
2026/09/10 19:36:08.307, 0, 12288, 11781, 335
2026/09/10 19:36:08.514, 0, 12288, 11781, 335
2026/09/10 19:36:08.719, 0, 12288, 11781, 335
2026/09/10 19:36:08.927, 0, 12288, 11781, 335
2026/09/10 19:36:09.135, 0, 12288, 11781, 335
2026/09/10 19:36:09.343, 0, 12288, 11781, 335
2026/09/10 19:36:09.549, 0, 12288, 11781, 335
2026/09/10 19:36:09.757, 0, 12288, 11781, 335
2026/09/10 19:36:09.965, 0, 12288, 11781, 335
2026/09/10 19:36:10.172, 0, 12288, 11781, 335
2026/09/10 19:36:10.377, 0, 12288, 11781, 335
2026/09/10 19:36:10.584, 0, 12288, 11781, 335
2026/09/10 19:36:10.792, 0, 12288, 11781, 335
2026/09/10 19:36:11.000, 0, 12288, 11781, 335
2026/09/10 19:36:11.208, 0, 12288, 11781, 335
2026/09/10 19:36:11.416, 0, 12288, 11781, 335
2026/09/10 19:36:11.624, 0, 12288, 11781, 335
2026/09/10 19:36:11.832, 0, 12288, 11781, 335
2026/09/10 19:36:12.039, 0, 12288, 11781, 335
2026/09/10 19:36:12.247, 0, 12288, 11781, 335
2026/09/10 19:36:12.455, 0, 12288, 11781, 335
2026/09/10 19:36:12.662, 0, 12288, 11781, 335
2026/09/10 19:36:12.868, 0, 12288, 11781, 335
2026/09/10 19:36:13.072, 0, 12288, 11781, 335
2026/09/10 19:36:13.278, 0, 12288, 11781, 335
2026/09/10 19:36:13.497, 0, 12288, 11781, 335
2026/09/10 19:36:13.700, 0, 12288, 11781, 335
2026/09/10 19:36:13.904, 0, 12288, 11781, 335
2026/09/10 19:36:14.111, 0, 12288, 11781, 335
2026/09/10 19:36:14.315, 0, 12288, 11781, 335
2026/09/10 19:36:14.520, 0, 12288, 11781, 335
2026/09/10 19:36:14.728, 0, 12288, 11781, 335
2026/09/10 19:36:14.933, 0, 12288, 11781, 335
2026/09/10 19:36:15.139, 0, 12288, 11781, 335
2026/09/10 19:36:15.346, 0, 12288, 11781, 335
2026/09/10 19:36:15.551, 0, 12288, 11781, 335
2026/09/10 19:36:15.759, 0, 12288, 11781, 335
2026/09/10 19:36:15.964, 0, 12288, 11781, 335
2026/09/10 19:36:16.170, 0, 12288, 11781, 335
2026/09/10 19:36:16.378, 0, 12288, 11781, 335
2026/09/10 19:36:16.581, 0, 12288, 11781, 335
2026/09/10 19:36:16.789, 0, 12288, 11781, 335
2026/09/10 19:36:16.996, 0, 12288, 11781, 335
2026/09/10 19:36:17.201, 0, 12288, 11781, 335
2026/09/10 19:36:17.408, 0, 12288, 11781, 335
2026/09/10 19:36:17.613, 0, 12288, 11781, 335
2026/09/10 19:36:17.818, 0, 12288, 11781, 335
2026/09/10 19:36:18.024, 0, 12288, 11781, 335
2026/09/10 19:36:18.228, 0, 12288, 11781, 335
2026/09/10 19:36:18.436, 0, 12288, 11781, 335
2026/09/10 19:36:18.641, 0, 12288, 11781, 335
2026/09/10 19:36:18.847, 0, 12288, 11781, 335
2026/09/10 19:36:19.052, 0, 12288, 11781, 335
2026/09/10 19:36:19.256, 0, 12288, 11781, 335
2026/09/10 19:36:19.464, 0, 12288, 11781, 335
2026/09/10 19:36:19.668, 0, 12288, 11781, 335
2026/09/10 19:36:19.875, 0, 12288, 11781, 335
2026/09/10 19:36:20.083, 0, 12288, 11781, 335
2026/09/10 19:36:20.286, 0, 12288, 11781, 335
2026/09/10 19:36:20.494, 0, 12288, 11781, 335
2026/09/10 19:36:20.700, 0, 12288, 11781, 335
2026/09/10 19:36:20.905, 0, 12288, 11781, 335
2026/09/10 19:36:21.109, 0, 12288, 11781, 335
2026/09/10 19:36:21.314, 0, 12288, 11781, 335
2026/09/10 19:36:21.521, 0, 12288, 11781, 335
2026/09/10 19:36:21.726, 0, 12288, 11781, 335
2026/09/10 19:36:21.932, 0, 12288, 11781, 335
2026/09/10 19:36:22.140, 0, 12288, 11781, 335
2026/09/10 19:36:22.347, 0, 12288, 11781, 335
2026/09/10 19:36:22.554, 0, 12288, 11781, 335
2026/09/10 19:36:22.759, 0, 12288, 11781, 335
2026/09/10 19:36:22.966, 0, 12288, 11781, 335
2026/09/10 19:36:23.173, 0, 12288, 11781, 335
2026/09/10 19:36:23.380, 0, 12288, 11781, 335
2026/09/10 19:36:23.588, 0, 12288, 11781, 335
2026/09/10 19:36:23.796, 0, 12288, 11781, 335
2026/09/10 19:36:24.004, 0, 12288, 11781, 335
2026/09/10 19:36:24.211, 0, 12288, 11781, 335
2026/09/10 19:36:24.416, 0, 12288, 11781, 335
2026/09/10 19:36:24.624, 0, 12288, 11781, 335
2026/09/10 19:36:24.831, 0, 12288, 11781, 335
2026/09/10 19:36:25.039, 0, 12288, 11781, 335
2026/09/10 19:36:25.246, 0, 12288, 11781, 335
2026/09/10 19:36:25.453, 0, 12288, 11781, 335
2026/09/10 19:36:25.659, 0, 12288, 11781, 335
2026/09/10 19:36:25.867, 0, 12288, 11781, 335
2026/09/10 19:36:26.075, 0, 12288, 11781, 335
2026/09/10 19:36:26.282, 0, 12288, 11781, 335
2026/09/10 19:36:26.490, 0, 12288, 11781, 335
2026/09/10 19:36:26.697, 0, 12288, 11781, 335
2026/09/10 19:36:26.905, 0, 12288, 11781, 335
2026/09/10 19:36:27.112, 0, 12288, 11781, 335
2026/09/10 19:36:27.319, 0, 12288, 11781, 335
2026/09/10 19:36:27.527, 0, 12288, 11781, 335
2026/09/10 19:36:27.735, 0, 12288, 11781, 335
2026/09/10 19:36:27.943, 0, 12288, 11781, 335
2026/09/10 19:36:28.151, 0, 12288, 11781, 335
2026/09/10 19:36:28.358, 0, 12288, 11781, 335
2026/09/10 19:36:28.566, 0, 12288, 11781, 335
2026/09/10 19:36:28.773, 0, 12288, 11781, 335
2026/09/10 19:36:28.980, 0, 12288, 11781, 335
2026/09/10 19:36:29.188, 0, 12288, 11781, 335
2026/09/10 19:36:29.396, 0, 12288, 11781, 335
2026/09/10 19:36:29.604, 0, 12288, 11781, 335
2026/09/10 19:36:29.811, 0, 12288, 11781, 335
2026/09/10 19:36:30.016, 0, 12288, 11781, 335
2026/09/10 19:36:30.224, 0, 12288, 11781, 335
2026/09/10 19:36:30.431, 0, 12288, 11781, 335
2026/09/10 19:36:30.639, 0, 12288, 11781, 335
2026/09/10 19:36:30.845, 0, 12288, 11781, 335
2026/09/10 19:36:31.052, 0, 12288, 11781, 335
2026/09/10 19:36:31.259, 0, 12288, 11781, 335
2026/09/10 19:36:31.466, 0, 12288, 11781, 335
2026/09/10 19:36:31.672, 0, 12288, 11781, 335
2026/09/10 19:36:31.876, 0, 12288, 11781, 335
2026/09/10 19:36:32.083, 0, 12288, 11781, 335
2026/09/10 19:36:32.291, 0, 12288, 11781, 335
2026/09/10 19:36:32.499, 0, 12288, 11781, 335
2026/09/10 19:36:32.707, 0, 12288, 11781, 335
2026/09/10 19:36:32.913, 0, 12288, 11781, 335
2026/09/10 19:36:33.120, 0, 12288, 11781, 335
2026/09/10 19:36:33.328, 0, 12288, 11781, 335
2026/09/10 19:36:33.535, 0, 12288, 11781, 335
2026/09/10 19:36:33.742, 0, 12288, 11781, 335
2026/09/10 19:36:33.949, 0, 12288, 11781, 335
2026/09/10 19:36:34.156, 0, 12288, 11781, 335
2026/09/10 19:36:34.363, 0, 12288, 11781, 335
2026/09/10 19:36:34.571, 0, 12288, 11781, 335
2026/09/10 19:36:34.778, 0, 12288, 11781, 335
2026/09/10 19:36:34.986, 0, 12288, 11781, 335
2026/09/10 19:36:35.193, 0, 12288, 11781, 335
2026/09/10 19:36:35.400, 0, 12288, 11781, 335
2026/09/10 19:36:35.606, 0, 12288, 11781, 335
2026/09/10 19:36:35.813, 0, 12288, 11781, 335
2026/09/10 19:36:36.021, 0, 12288, 11781, 335
2026/09/10 19:36:36.228, 0, 12288, 11781, 335
2026/09/10 19:36:36.436, 0, 12288, 11781, 335
2026/09/10 19:36:36.643, 0, 12288, 11781, 335
2026/09/10 19:36:36.850, 0, 12288, 11781, 335
2026/09/10 19:36:37.057, 0, 12288, 11781, 335
2026/09/10 19:36:37.265, 0, 12288, 11781, 335
2026/09/10 19:36:37.473, 0, 12288, 11781, 335
2026/09/10 19:36:37.681, 0, 12288, 11781, 335
2026/09/10 19:36:37.887, 0, 12288, 11781, 335
2026/09/10 19:36:38.095, 0, 12288, 11781, 335
2026/09/10 19:36:38.303, 0, 12288, 11781, 335
2026/09/10 19:36:38.510, 0, 12288, 11781, 335
2026/09/10 19:36:38.718, 0, 12288, 11781, 335
2026/09/10 19:36:38.925, 0, 12288, 11781, 335
2026/09/10 19:36:39.131, 0, 12288, 11781, 335
2026/09/10 19:36:39.334, 0, 12288, 11781, 335
2026/09/10 19:36:39.538, 0, 12288, 11781, 335
2026/09/10 19:36:39.745, 0, 12288, 11781, 335
2026/09/10 19:36:39.951, 0, 12288, 11781, 335
2026/09/10 19:36:40.159, 0, 12288, 11781, 335
2026/09/10 19:36:40.364, 0, 12288, 11781, 335
2026/09/10 19:36:40.572, 0, 12288, 11781, 335
2026/09/10 19:36:40.779, 0, 12288, 11781, 335
2026/09/10 19:36:40.984, 0, 12288, 11781, 335
2026/09/10 19:36:41.190, 0, 12288, 11781, 335
2026/09/10 19:36:41.395, 0, 12288, 11781, 335
2026/09/10 19:36:41.602, 0, 12288, 11781, 335
2026/09/10 19:36:41.809, 0, 12288, 11781, 335
2026/09/10 19:36:42.015, 0, 12288, 11781, 335
2026/09/10 19:36:42.222, 0, 12288, 11781, 335
2026/09/10 19:36:42.428, 0, 12288, 11781, 335
2026/09/10 19:36:42.634, 0, 12288, 11781, 335
2026/09/10 19:36:42.842, 0, 12288, 11781, 335
2026/09/10 19:36:43.045, 0, 12288, 11781, 335
2026/09/10 19:36:43.253, 0, 12288, 11781, 335
2026/09/10 19:36:43.459, 0, 12288, 11781, 335
2026/09/10 19:36:43.663, 0, 12288, 11781, 335
2026/09/10 19:36:43.871, 0, 12288, 11781, 335
2026/09/10 19:36:44.078, 0, 12288, 11781, 335
2026/09/10 19:36:44.286, 0, 12288, 11781, 335
2026/09/10 19:36:44.493, 0, 12288, 11781, 335
2026/09/10 19:36:44.700, 0, 12288, 11781, 335
2026/09/10 19:36:44.907, 0, 12288, 11781, 335
2026/09/10 19:36:45.112, 0, 12288, 11781, 335
2026/09/10 19:36:45.320, 0, 12288, 11781, 335
2026/09/10 19:36:45.527, 0, 12288, 11781, 335
2026/09/10 19:36:45.732, 0, 12288, 11781, 335
2026/09/10 19:36:45.938, 0, 12288, 11781, 335
2026/09/10 19:36:46.143, 0, 12288, 11781, 335
2026/09/10 19:36:46.350, 0, 12288, 11781, 335
2026/09/10 19:36:46.558, 0, 12288, 11781, 335
2026/09/10 19:36:46.761, 0, 12288, 11781, 335
2026/09/10 19:36:46.969, 0, 12288, 11781, 335
2026/09/10 19:36:47.174, 0, 12288, 11781, 335
2026/09/10 19:36:47.379, 0, 12288, 11781, 335
2026/09/10 19:36:47.587, 0, 12288, 11781, 335
2026/09/10 19:36:47.792, 0, 12288, 11781, 335
2026/09/10 19:36:47.998, 0, 12288, 11781, 335
2026/09/10 19:36:48.202, 0, 12288, 11781, 335
2026/09/10 19:36:48.406, 0, 12288, 11781, 335
2026/09/10 19:36:48.611, 0, 12288, 11781, 335
2026/09/10 19:36:48.817, 0, 12288, 11781, 335
2026/09/10 19:36:49.024, 0, 12288, 11781, 335
2026/09/10 19:36:49.232, 0, 12288, 11781, 335
2026/09/10 19:36:49.440, 0, 12288, 11781, 335
2026/09/10 19:36:49.648, 0, 12288, 11781, 335
2026/09/10 19:36:49.855, 0, 12288, 11781, 335
2026/09/10 19:36:50.063, 0, 12288, 11781, 335
2026/09/10 19:36:50.271, 0, 12288, 11781, 335
2026/09/10 19:36:50.477, 0, 12288, 11781, 335
2026/09/10 19:36:50.685, 0, 12288, 11781, 335
2026/09/10 19:36:50.891, 0, 12288, 11781, 335
2026/09/10 19:36:51.099, 0, 12288, 11781, 335
2026/09/10 19:36:51.307, 0, 12288, 11781, 335
2026/09/10 19:36:51.514, 0, 12288, 11781, 335
2026/09/10 19:36:51.722, 0, 12288, 11781, 335
2026/09/10 19:36:51.930, 0, 12288, 11781, 335
2026/09/10 19:36:52.138, 0, 12288, 11781, 335
2026/09/10 19:36:52.344, 0, 12288, 11781, 335
2026/09/10 19:36:52.552, 0, 12288, 11781, 335
2026/09/10 19:36:52.760, 0, 12288, 11781, 335
2026/09/10 19:36:52.967, 0, 12288, 11781, 335
2026/09/10 19:36:53.175, 0, 12288, 11781, 335
2026/09/10 19:36:53.383, 0, 12288, 11781, 335
2026/09/10 19:36:53.591, 0, 12288, 11781, 335
2026/09/10 19:36:53.798, 0, 12288, 11781, 335
2026/09/10 19:36:54.006, 0, 12288, 11781, 335
2026/09/10 19:36:54.214, 0, 12288, 11781, 335
2026/09/10 19:36:54.421, 0, 12288, 11781, 335
2026/09/10 19:36:54.629, 0, 12288, 11781, 335
2026/09/10 19:36:54.837, 0, 12288, 11781, 335
2026/09/10 19:36:55.044, 0, 12288, 11781, 335
2026/09/10 19:36:55.250, 0, 12288, 11781, 335
2026/09/10 19:36:55.456, 0, 12288, 11781, 335
2026/09/10 19:36:55.664, 0, 12288, 11781, 335
2026/09/10 19:36:55.872, 0, 12288, 11781, 335
2026/09/10 19:36:56.080, 0, 12288, 11781, 335
2026/09/10 19:36:56.288, 0, 12288, 11781, 335
2026/09/10 19:36:56.496, 0, 12288, 11781, 335
2026/09/10 19:36:56.703, 0, 12288, 11781, 335
2026/09/10 19:36:56.910, 0, 12288, 11781, 335
2026/09/10 19:36:57.118, 0, 12288, 11781, 335
2026/09/10 19:36:57.325, 0, 12288, 11781, 335
2026/09/10 19:36:57.532, 0, 12288, 11781, 335
2026/09/10 19:36:57.740, 0, 12288, 11781, 335
2026/09/10 19:36:57.945, 0, 12288, 11781, 335
2026/09/10 19:36:58.153, 0, 12288, 11781, 335
2026/09/10 19:36:58.360, 0, 12288, 11781, 335
2026/09/10 19:36:58.567, 0, 12288, 11781, 335
2026/09/10 19:36:58.775, 0, 12288, 11781, 335
2026/09/10 19:36:58.983, 0, 12288, 11781, 335
2026/09/10 19:36:59.191, 0, 12288, 11781, 335
2026/09/10 19:36:59.398, 0, 12288, 11781, 335
2026/09/10 19:36:59.606, 0, 12288, 11781, 335
2026/09/10 19:36:59.812, 0, 12288, 11781, 335
2026/09/10 19:37:00.019, 0, 12288, 11781, 335
2026/09/10 19:37:00.227, 0, 12288, 11781, 335
2026/09/10 19:37:00.435, 0, 12288, 11781, 335
2026/09/10 19:37:00.642, 0, 12288, 11781, 335
2026/09/10 19:37:00.848, 0, 12288, 11781, 335
2026/09/10 19:37:01.054, 0, 12288, 11781, 335
2026/09/10 19:37:01.261, 0, 12288, 11781, 335
2026/09/10 19:37:01.466, 0, 12288, 11781, 335
2026/09/10 19:37:01.670, 0, 12288, 11781, 335
2026/09/10 19:37:01.875, 0, 12288, 11781, 335
2026/09/10 19:37:02.079, 0, 12288, 11781, 335
2026/09/10 19:37:02.287, 0, 12288, 11781, 335
2026/09/10 19:37:02.493, 0, 12288, 11781, 335
2026/09/10 19:37:02.696, 0, 12288, 11781, 335
2026/09/10 19:37:02.904, 0, 12288, 11781, 335
2026/09/10 19:37:03.106, 0, 12288, 11781, 335
2026/09/10 19:37:03.312, 0, 12288, 11781, 335
2026/09/10 19:37:03.514, 0, 12288, 11781, 335
2026/09/10 19:37:03.719, 0, 12288, 11781, 335
2026/09/10 19:37:03.943, 0, 12288, 11781, 335
2026/09/10 19:37:04.147, 0, 12288, 11781, 335
2026/09/10 19:37:04.355, 0, 12288, 11781, 335
2026/09/10 19:37:04.562, 0, 12288, 11781, 335
2026/09/10 19:37:04.767, 0, 12288, 11781, 335
2026/09/10 19:37:04.975, 0, 12288, 11781, 335
2026/09/10 19:37:05.180, 0, 12288, 11781, 335
2026/09/10 19:37:05.386, 0, 12288, 11781, 335
2026/09/10 19:37:05.594, 0, 12288, 11781, 335
2026/09/10 19:37:05.800, 0, 12288, 11781, 335
2026/09/10 19:37:06.005, 0, 12288, 11781, 335
2026/09/10 19:37:06.210, 0, 12288, 11781, 335
2026/09/10 19:37:06.416, 0, 12288, 11781, 335
2026/09/10 19:37:06.623, 0, 12288, 11781, 335
2026/09/10 19:37:06.827, 0, 12288, 11781, 335
2026/09/10 19:37:07.034, 0, 12288, 11781, 335
2026/09/10 19:37:07.239, 0, 12288, 11781, 335
2026/09/10 19:37:07.446, 0, 12288, 11781, 335
2026/09/10 19:37:07.654, 0, 12288, 11781, 335
2026/09/10 19:37:07.858, 0, 12288, 11781, 335
2026/09/10 19:37:08.064, 0, 12288, 11781, 335
2026/09/10 19:37:08.272, 0, 12288, 11781, 335
2026/09/10 19:37:08.478, 0, 12288, 11781, 335
2026/09/10 19:37:08.685, 0, 12288, 11781, 335
2026/09/10 19:37:08.889, 0, 12288, 11781, 335
2026/09/10 19:37:09.093, 0, 12288, 11781, 335
2026/09/10 19:37:09.301, 0, 12288, 11781, 335
2026/09/10 19:37:09.507, 0, 12288, 11781, 335
2026/09/10 19:37:09.715, 0, 12288, 11781, 335
2026/09/10 19:37:09.922, 0, 12288, 11781, 335
2026/09/10 19:37:10.128, 0, 12288, 11781, 335
2026/09/10 19:37:10.336, 0, 12288, 11781, 335
2026/09/10 19:37:10.542, 0, 12288, 11781, 335
2026/09/10 19:37:10.748, 0, 12288, 11781, 335
2026/09/10 19:37:10.955, 0, 12288, 11781, 335
2026/09/10 19:37:11.158, 0, 12288, 11781, 335
2026/09/10 19:37:11.366, 0, 12288, 11781, 335
2026/09/10 19:37:11.572, 0, 12288, 11781, 335
2026/09/10 19:37:11.777, 0, 12288, 11781, 335
2026/09/10 19:37:11.983, 0, 12288, 11781, 335
2026/09/10 19:37:12.188, 0, 12288, 11781, 335
2026/09/10 19:37:12.394, 0, 12288, 11781, 335
2026/09/10 19:37:12.599, 0, 12288, 11781, 335
2026/09/10 19:37:12.801, 0, 12288, 11781, 335
2026/09/10 19:37:13.005, 0, 12288, 11781, 335
2026/09/10 19:37:13.213, 0, 12288, 11781, 335
2026/09/10 19:37:13.419, 0, 12288, 11781, 335
2026/09/10 19:37:13.628, 0, 12288, 11781, 335
2026/09/10 19:37:13.836, 0, 12288, 11781, 335
2026/09/10 19:37:14.044, 0, 12288, 11781, 335
2026/09/10 19:37:14.250, 0, 12288, 11781, 335
2026/09/10 19:37:14.458, 0, 12288, 11781, 335
2026/09/10 19:37:14.663, 0, 12288, 11781, 335
2026/09/10 19:37:14.870, 0, 12288, 11781, 335
2026/09/10 19:37:15.078, 0, 12288, 11781, 335
2026/09/10 19:37:15.286, 0, 12288, 11781, 335
2026/09/10 19:37:15.494, 0, 12288, 11781, 335
2026/09/10 19:37:15.702, 0, 12288, 11781, 335
2026/09/10 19:37:15.909, 0, 12288, 11781, 335
2026/09/10 19:37:16.117, 0, 12288, 11781, 335
2026/09/10 19:37:16.325, 0, 12288, 11781, 335
2026/09/10 19:37:16.532, 0, 12288, 11781, 335
2026/09/10 19:37:16.740, 0, 12288, 11781, 335
2026/09/10 19:37:16.948, 0, 12288, 11781, 335
2026/09/10 19:37:17.156, 0, 12288, 11781, 335
2026/09/10 19:37:17.363, 0, 12288, 11781, 335
2026/09/10 19:37:17.570, 0, 12288, 11781, 335
2026/09/10 19:37:17.778, 0, 12288, 11781, 335
2026/09/10 19:37:17.986, 0, 12288, 11781, 335
2026/09/10 19:37:18.194, 0, 12288, 11781, 335
2026/09/10 19:37:18.402, 0, 12288, 11781, 335
2026/09/10 19:37:18.610, 0, 12288, 11781, 335
2026/09/10 19:37:18.815, 0, 12288, 11781, 335
2026/09/10 19:37:19.022, 0, 12288, 11781, 335
2026/09/10 19:37:19.229, 0, 12288, 11781, 335
2026/09/10 19:37:19.436, 0, 12288, 11781, 335
2026/09/10 19:37:19.644, 0, 12288, 11781, 335
2026/09/10 19:37:19.852, 0, 12288, 11781, 335
2026/09/10 19:37:20.060, 0, 12288, 11781, 335
2026/09/10 19:37:20.266, 0, 12288, 11781, 335
2026/09/10 19:37:20.474, 0, 12288, 11781, 335
2026/09/10 19:37:20.681, 0, 12288, 11781, 335
2026/09/10 19:37:20.888, 0, 12288, 11781, 335
2026/09/10 19:37:21.095, 0, 12288, 11781, 335
2026/09/10 19:37:21.303, 0, 12288, 11781, 335
2026/09/10 19:37:21.509, 0, 12288, 11781, 335
2026/09/10 19:37:21.716, 0, 12288, 11781, 335
2026/09/10 19:37:21.924, 0, 12288, 11781, 335
2026/09/10 19:37:22.132, 0, 12288, 11781, 335
2026/09/10 19:37:22.340, 0, 12288, 11781, 335
2026/09/10 19:37:22.548, 0, 12288, 11781, 335
2026/09/10 19:37:22.756, 0, 12288, 11781, 335
2026/09/10 19:37:22.963, 0, 12288, 11781, 335
2026/09/10 19:37:23.172, 0, 12288, 11781, 335
2026/09/10 19:37:23.380, 0, 12288, 11781, 335
2026/09/10 19:37:23.588, 0, 12288, 11781, 335
2026/09/10 19:37:23.795, 0, 12288, 11781, 335
2026/09/10 19:37:24.002, 0, 12288, 11781, 335
2026/09/10 19:37:24.210, 0, 12288, 11781, 335
2026/09/10 19:37:24.417, 0, 12288, 11781, 335
2026/09/10 19:37:24.625, 0, 12288, 11781, 335
2026/09/10 19:37:24.832, 0, 12288, 11781, 335
2026/09/10 19:37:25.040, 0, 12288, 11781, 335
2026/09/10 19:37:25.247, 0, 12288, 11781, 335
2026/09/10 19:37:25.455, 0, 12288, 11781, 335
2026/09/10 19:37:25.661, 0, 12288, 11781, 335
2026/09/10 19:37:25.867, 0, 12288, 11781, 335
2026/09/10 19:37:26.074, 0, 12288, 11781, 335
2026/09/10 19:37:26.281, 0, 12288, 11781, 335
2026/09/10 19:37:26.489, 0, 12288, 11781, 335
2026/09/10 19:37:26.697, 0, 12288, 11781, 335
2026/09/10 19:37:26.905, 0, 12288, 11781, 335
2026/09/10 19:37:27.113, 0, 12288, 11781, 335
2026/09/10 19:37:27.319, 0, 12288, 11781, 335
2026/09/10 19:37:27.528, 0, 12288, 11781, 335
2026/09/10 19:37:27.735, 0, 12288, 11781, 335
2026/09/10 19:37:27.944, 0, 12288, 11781, 335
2026/09/10 19:37:28.151, 0, 12288, 11781, 335
2026/09/10 19:37:28.359, 0, 12288, 11781, 335
2026/09/10 19:37:28.567, 0, 12288, 11781, 335
2026/09/10 19:37:28.775, 0, 12288, 11781, 335
2026/09/10 19:37:28.983, 0, 12288, 11781, 335
2026/09/10 19:37:29.190, 0, 12288, 11781, 335
2026/09/10 19:37:29.398, 0, 12288, 11781, 335
2026/09/10 19:37:29.606, 0, 12288, 11781, 335
2026/09/10 19:37:29.812, 0, 12288, 11781, 335
2026/09/10 19:37:30.020, 0, 12288, 11781, 335
2026/09/10 19:37:30.228, 0, 12288, 11781, 335
2026/09/10 19:37:30.436, 0, 12288, 11781, 335
2026/09/10 19:37:30.644, 0, 12288, 11781, 335
2026/09/10 19:37:30.852, 0, 12288, 11781, 335
2026/09/10 19:37:31.058, 0, 12288, 11781, 335
2026/09/10 19:37:31.265, 0, 12288, 11781, 335
2026/09/10 19:37:31.468, 0, 12288, 11781, 335
2026/09/10 19:37:31.674, 0, 12288, 11781, 335
2026/09/10 19:37:31.881, 0, 12288, 11781, 335
2026/09/10 19:37:32.089, 0, 12288, 11781, 335
2026/09/10 19:37:32.296, 0, 12288, 11781, 335
2026/09/10 19:37:32.503, 0, 12288, 11781, 335
2026/09/10 19:37:32.709, 0, 12288, 11781, 335
2026/09/10 19:37:32.917, 0, 12288, 11781, 335
2026/09/10 19:37:33.125, 0, 12288, 11781, 335
2026/09/10 19:37:33.333, 0, 12288, 11781, 335
2026/09/10 19:37:33.539, 0, 12288, 11781, 335
2026/09/10 19:37:33.745, 0, 12288, 11781, 335
2026/09/10 19:37:33.953, 0, 12288, 11781, 335
2026/09/10 19:37:34.161, 0, 12288, 11781, 335
2026/09/10 19:37:34.369, 0, 12288, 11781, 335
2026/09/10 19:37:34.577, 0, 12288, 11781, 335
2026/09/10 19:37:34.785, 0, 12288, 11781, 335
2026/09/10 19:37:34.993, 0, 12288, 11781, 335
2026/09/10 19:37:35.200, 0, 12288, 11781, 335
2026/09/10 19:37:35.407, 0, 12288, 11781, 335
2026/09/10 19:37:35.615, 0, 12288, 11781, 335
2026/09/10 19:37:35.821, 0, 12288, 11781, 335
2026/09/10 19:37:36.028, 0, 12288, 11781, 335
2026/09/10 19:37:36.235, 0, 12288, 11781, 335
2026/09/10 19:37:36.442, 0, 12288, 11781, 335
2026/09/10 19:37:36.650, 0, 12288, 11781, 335
2026/09/10 19:37:36.855, 0, 12288, 11781, 335
2026/09/10 19:37:37.060, 0, 12288, 11781, 335
2026/09/10 19:37:37.268, 0, 12288, 11781, 335
2026/09/10 19:37:37.476, 0, 12288, 11781, 335
2026/09/10 19:37:37.684, 0, 12288, 11781, 335
2026/09/10 19:37:37.892, 0, 12288, 11781, 335
2026/09/10 19:37:38.099, 0, 12288, 11781, 335
2026/09/10 19:37:38.307, 0, 12288, 11781, 335
2026/09/10 19:37:38.515, 0, 12288, 11781, 335
2026/09/10 19:37:38.722, 0, 12288, 11781, 335
2026/09/10 19:37:38.929, 0, 12288, 11781, 335
2026/09/10 19:37:39.137, 0, 12288, 11781, 335
2026/09/10 19:37:39.344, 0, 12288, 11781, 335
2026/09/10 19:37:39.552, 0, 12288, 11781, 335
2026/09/10 19:37:39.760, 0, 12288, 11781, 335
2026/09/10 19:37:39.968, 0, 12288, 11781, 335
2026/09/10 19:37:40.175, 0, 12288, 11781, 335
2026/09/10 19:37:40.382, 0, 12288, 11781, 335
2026/09/10 19:37:40.590, 0, 12288, 11781, 335
2026/09/10 19:37:40.798, 0, 12288, 11781, 335
2026/09/10 19:37:41.006, 0, 12288, 11781, 335
2026/09/10 19:37:41.214, 0, 12288, 11781, 335
2026/09/10 19:37:41.422, 0, 12288, 11781, 335
2026/09/10 19:37:41.630, 0, 12288, 11781, 335
2026/09/10 19:37:41.837, 0, 12288, 11781, 335
2026/09/10 19:37:42.044, 0, 12288, 11781, 335
2026/09/10 19:37:42.250, 0, 12288, 11781, 335
2026/09/10 19:37:42.458, 0, 12288, 11781, 335
2026/09/10 19:37:42.663, 0, 12288, 11781, 335
2026/09/10 19:37:42.871, 0, 12288, 11781, 335
2026/09/10 19:37:43.078, 0, 12288, 11781, 335
2026/09/10 19:37:43.284, 0, 12288, 11781, 335
2026/09/10 19:37:43.492, 0, 12288, 11781, 335
2026/09/10 19:37:43.699, 0, 12288, 11781, 335
2026/09/10 19:37:43.906, 0, 12288, 11781, 335
2026/09/10 19:37:44.114, 0, 12288, 11781, 335
2026/09/10 19:37:44.319, 0, 12288, 11781, 335
2026/09/10 19:37:44.526, 0, 12288, 11781, 335
2026/09/10 19:37:44.734, 0, 12288, 11781, 335
2026/09/10 19:37:44.941, 0, 12288, 11781, 335
2026/09/10 19:37:45.149, 0, 12288, 11781, 335
2026/09/10 19:37:45.356, 0, 12288, 11781, 335
2026/09/10 19:37:45.565, 0, 12288, 11781, 335
2026/09/10 19:37:45.771, 0, 12288, 11781, 335
2026/09/10 19:37:45.978, 0, 12288, 11781, 335
2026/09/10 19:37:46.201, 0, 12288, 11781, 335
2026/09/10 19:37:46.408, 0, 12288, 11781, 335
2026/09/10 19:37:46.614, 0, 12288, 11781, 335
2026/09/10 19:37:46.820, 0, 12288, 11781, 335
2026/09/10 19:37:47.026, 0, 12288, 11781, 335
2026/09/10 19:37:47.233, 0, 12288, 11781, 335
2026/09/10 19:37:47.437, 0, 12288, 11781, 335
2026/09/10 19:37:47.638, 0, 12288, 11781, 335
2026/09/10 19:37:47.842, 0, 12288, 11781, 335
2026/09/10 19:37:48.050, 0, 12288, 11781, 335
2026/09/10 19:37:48.255, 0, 12288, 11781, 335
2026/09/10 19:37:48.458, 0, 12288, 11781, 335
2026/09/10 19:37:48.666, 0, 12288, 11781, 335
2026/09/10 19:37:48.870, 0, 12288, 11781, 335
2026/09/10 19:37:49.075, 0, 12288, 11781, 335
2026/09/10 19:37:49.284, 0, 12288, 11781, 335
2026/09/10 19:37:49.487, 0, 12288, 11781, 335
2026/09/10 19:37:49.695, 0, 12288, 11781, 335
2026/09/10 19:37:49.901, 0, 12288, 11781, 335
2026/09/10 19:37:50.106, 0, 12288, 11781, 335
2026/09/10 19:37:50.314, 0, 12288, 11781, 335
2026/09/10 19:37:50.518, 0, 12288, 11781, 335
2026/09/10 19:37:50.726, 0, 12288, 11781, 335
2026/09/10 19:37:50.933, 0, 12288, 11781, 335
2026/09/10 19:37:51.138, 0, 12288, 11781, 335
2026/09/10 19:37:51.345, 0, 12288, 11781, 335
2026/09/10 19:37:51.551, 0, 12288, 11781, 335
2026/09/10 19:37:51.754, 0, 12288, 11781, 335
2026/09/10 19:37:51.960, 0, 12288, 11781, 335
2026/09/10 19:37:52.164, 0, 12288, 11781, 335
2026/09/10 19:37:52.372, 0, 12288, 11781, 335
2026/09/10 19:37:52.580, 0, 12288, 11781, 335
2026/09/10 19:37:52.787, 0, 12288, 11781, 335
2026/09/10 19:37:52.993, 0, 12288, 11781, 335
2026/09/10 19:37:53.198, 0, 12288, 11781, 335
2026/09/10 19:37:53.406, 0, 12288, 11781, 335
2026/09/10 19:37:53.612, 0, 12288, 11781, 335
2026/09/10 19:37:53.817, 0, 12288, 11781, 335
2026/09/10 19:37:54.025, 0, 12288, 11781, 335
2026/09/10 19:37:54.228, 0, 12288, 11781, 335
2026/09/10 19:37:54.434, 0, 12288, 11781, 335
2026/09/10 19:37:54.641, 0, 12288, 11781, 335
2026/09/10 19:37:54.846, 0, 12288, 11781, 335
2026/09/10 19:37:55.052, 0, 12288, 11781, 335
2026/09/10 19:37:55.257, 0, 12288, 11781, 335
2026/09/10 19:37:55.463, 0, 12288, 11781, 335
2026/09/10 19:37:55.671, 0, 12288, 11781, 335
2026/09/10 19:37:55.873, 0, 12288, 11781, 335
2026/09/10 19:37:56.080, 0, 12288, 11781, 335
2026/09/10 19:37:56.286, 0, 12288, 11781, 335
2026/09/10 19:37:56.491, 0, 12288, 11781, 335
2026/09/10 19:37:56.698, 0, 12288, 11781, 335
2026/09/10 19:37:56.904, 0, 12288, 11781, 335
2026/09/10 19:37:57.110, 0, 12288, 11781, 335
2026/09/10 19:37:57.318, 0, 12288, 11781, 335
2026/09/10 19:37:57.523, 0, 12288, 11781, 335
2026/09/10 19:37:57.731, 0, 12288, 11781, 335
2026/09/10 19:37:57.938, 0, 12288, 11781, 335
2026/09/10 19:37:58.142, 0, 12288, 11781, 335
2026/09/10 19:37:58.350, 0, 12288, 11781, 335
2026/09/10 19:37:58.554, 0, 12288, 11781, 335
2026/09/10 19:37:58.760, 0, 12288, 11781, 335
2026/09/10 19:37:58.968, 0, 12288, 11781, 335
2026/09/10 19:37:59.171, 0, 12288, 11781, 335
2026/09/10 19:37:59.376, 0, 12288, 11781, 335
2026/09/10 19:37:59.584, 0, 12288, 11781, 335
2026/09/10 19:37:59.787, 0, 12288, 11781, 335
2026/09/10 19:37:59.994, 0, 12288, 11781, 335
2026/09/10 19:38:00.199, 0, 12288, 11781, 335
2026/09/10 19:38:00.405, 0, 12288, 11781, 335
2026/09/10 19:38:00.609, 0, 12288, 11781, 335
2026/09/10 19:38:00.812, 0, 12288, 11781, 335
2026/09/10 19:38:01.018, 0, 12288, 11781, 335
2026/09/10 19:38:01.224, 0, 12288, 11781, 335
2026/09/10 19:38:01.431, 0, 12288, 11781, 335
2026/09/10 19:38:01.638, 0, 12288, 11781, 335
2026/09/10 19:38:01.845, 0, 12288, 11781, 335
2026/09/10 19:38:02.053, 0, 12288, 11781, 335
2026/09/10 19:38:02.260, 0, 12288, 11781, 335
2026/09/10 19:38:02.467, 0, 12288, 11781, 335
2026/09/10 19:38:02.674, 0, 12288, 11781, 335
2026/09/10 19:38:02.882, 0, 12288, 11781, 335
2026/09/10 19:38:03.090, 0, 12288, 11781, 335
2026/09/10 19:38:03.297, 0, 12288, 11781, 335
2026/09/10 19:38:03.503, 0, 12288, 11781, 335
2026/09/10 19:38:03.709, 0, 12288, 11781, 335
2026/09/10 19:38:03.917, 0, 12288, 11781, 335
2026/09/10 19:38:04.121, 0, 12288, 11781, 335
2026/09/10 19:38:04.328, 0, 12288, 11781, 335
2026/09/10 19:38:04.534, 0, 12288, 11781, 335
2026/09/10 19:38:04.742, 0, 12288, 11781, 335
2026/09/10 19:38:04.947, 0, 12288, 11781, 335
2026/09/10 19:38:05.154, 0, 12288, 11781, 335
2026/09/10 19:38:05.361, 0, 12288, 11781, 335
2026/09/10 19:38:05.567, 0, 12288, 11781, 335
2026/09/10 19:38:05.773, 0, 12288, 11781, 335
2026/09/10 19:38:05.980, 0, 12288, 11781, 335
2026/09/10 19:38:06.188, 0, 12288, 11781, 335
2026/09/10 19:38:06.395, 0, 12288, 11781, 335
2026/09/10 19:38:06.603, 0, 12288, 11781, 335
2026/09/10 19:38:06.810, 0, 12288, 11781, 335
2026/09/10 19:38:07.018, 0, 12288, 11781, 335
2026/09/10 19:38:07.226, 0, 12288, 11781, 335
2026/09/10 19:38:07.434, 0, 12288, 11781, 335
2026/09/10 19:38:07.642, 0, 12288, 11781, 335
2026/09/10 19:38:07.849, 0, 12288, 11781, 335
2026/09/10 19:38:08.056, 0, 12288, 11781, 335
2026/09/10 19:38:08.264, 0, 12288, 11781, 335
2026/09/10 19:38:08.472, 0, 12288, 11781, 335
2026/09/10 19:38:08.680, 0, 12288, 11781, 335
2026/09/10 19:38:08.888, 0, 12288, 11781, 335
2026/09/10 19:38:09.096, 0, 12288, 11781, 335
2026/09/10 19:38:09.304, 0, 12288, 11781, 335
2026/09/10 19:38:09.511, 0, 12288, 11781, 335
2026/09/10 19:38:09.718, 0, 12288, 11781, 335
2026/09/10 19:38:09.926, 0, 12288, 11781, 335
2026/09/10 19:38:10.134, 0, 12288, 11781, 335
2026/09/10 19:38:10.342, 0, 12288, 11781, 335
2026/09/10 19:38:10.549, 0, 12288, 11781, 335
2026/09/10 19:38:10.756, 0, 12288, 11781, 335
2026/09/10 19:38:10.963, 0, 12288, 11781, 335
2026/09/10 19:38:11.171, 0, 12288, 11781, 335
2026/09/10 19:38:11.379, 0, 12288, 11781, 335
2026/09/10 19:38:11.586, 0, 12288, 11781, 335
2026/09/10 19:38:11.792, 0, 12288, 11781, 335
2026/09/10 19:38:12.000, 0, 12288, 11781, 335
2026/09/10 19:38:12.207, 0, 12288, 11781, 335
2026/09/10 19:38:12.415, 0, 12288, 11781, 335
2026/09/10 19:38:12.623, 0, 12288, 11781, 335
2026/09/10 19:38:12.830, 0, 12288, 11781, 335
2026/09/10 19:38:13.038, 0, 12288, 11781, 335
2026/09/10 19:38:13.245, 0, 12288, 11781, 335
2026/09/10 19:38:13.453, 0, 12288, 11781, 335
2026/09/10 19:38:13.662, 0, 12288, 11781, 335
2026/09/10 19:38:13.868, 0, 12288, 11781, 335
2026/09/10 19:38:14.076, 0, 12288, 11781, 335
2026/09/10 19:38:14.283, 0, 12288, 11781, 335
2026/09/10 19:38:14.490, 0, 12288, 11781, 335
2026/09/10 19:38:14.697, 0, 12288, 11781, 335
2026/09/10 19:38:14.904, 0, 12288, 11781, 335
2026/09/10 19:38:15.111, 0, 12288, 11781, 335
2026/09/10 19:38:15.318, 0, 12288, 11781, 335
2026/09/10 19:38:15.526, 0, 12288, 11781, 335
2026/09/10 19:38:15.734, 0, 12288, 11781, 335
2026/09/10 19:38:15.942, 0, 12288, 11781, 335
2026/09/10 19:38:16.146, 0, 12288, 11781, 335
2026/09/10 19:38:16.353, 0, 12288, 11781, 335
2026/09/10 19:38:16.560, 0, 12288, 11781, 335
2026/09/10 19:38:16.769, 0, 12288, 11781, 335
2026/09/10 19:38:16.976, 0, 12288, 11781, 335
2026/09/10 19:38:17.184, 0, 12288, 11781, 335
2026/09/10 19:38:17.391, 0, 12288, 11781, 335
2026/09/10 19:38:17.598, 0, 12288, 11781, 335
2026/09/10 19:38:17.806, 0, 12288, 11781, 335
2026/09/10 19:38:18.014, 0, 12288, 11781, 335
2026/09/10 19:38:18.222, 0, 12288, 11781, 335
2026/09/10 19:38:18.430, 0, 12288, 11781, 335
2026/09/10 19:38:18.637, 0, 12288, 11781, 335
2026/09/10 19:38:18.843, 0, 12288, 11781, 335
2026/09/10 19:38:19.050, 0, 12288, 11781, 335
2026/09/10 19:38:19.258, 0, 12288, 11781, 335
2026/09/10 19:38:19.466, 0, 12288, 11781, 335
2026/09/10 19:38:19.674, 0, 12288, 11781, 335
2026/09/10 19:38:19.882, 0, 12288, 11781, 335
2026/09/10 19:38:20.088, 0, 12288, 11781, 335
2026/09/10 19:38:20.295, 0, 12288, 11781, 335
2026/09/10 19:38:20.500, 0, 12288, 11781, 335
2026/09/10 19:38:20.708, 0, 12288, 11781, 335
2026/09/10 19:38:20.916, 0, 12288, 11781, 335
2026/09/10 19:38:21.119, 0, 12288, 11781, 335
2026/09/10 19:38:21.323, 0, 12288, 11781, 335
2026/09/10 19:38:21.528, 0, 12288, 11781, 335
2026/09/10 19:38:21.733, 0, 12288, 11781, 335
2026/09/10 19:38:21.939, 0, 12288, 11781, 335
2026/09/10 19:38:22.147, 0, 12288, 11781, 335
2026/09/10 19:38:22.355, 0, 12288, 11781, 335
2026/09/10 19:38:22.560, 0, 12288, 11781, 335
2026/09/10 19:38:22.766, 0, 12288, 11781, 335
2026/09/10 19:38:22.974, 0, 12288, 11781, 335
2026/09/10 19:38:23.178, 0, 12288, 11781, 335
2026/09/10 19:38:23.385, 0, 12288, 11781, 335
2026/09/10 19:38:23.593, 0, 12288, 11781, 335
2026/09/10 19:38:23.798, 0, 12288, 11781, 335
2026/09/10 19:38:24.005, 0, 12288, 11781, 335
2026/09/10 19:38:24.209, 0, 12288, 11781, 335
2026/09/10 19:38:24.416, 0, 12288, 11781, 335
2026/09/10 19:38:24.622, 0, 12288, 11781, 335
2026/09/10 19:38:24.827, 0, 12288, 11781, 335
2026/09/10 19:38:25.035, 0, 12288, 11781, 335
2026/09/10 19:38:25.239, 0, 12288, 11781, 335
2026/09/10 19:38:25.443, 0, 12288, 11781, 335
2026/09/10 19:38:25.648, 0, 12288, 11781, 335
2026/09/10 19:38:25.854, 0, 12288, 11781, 335
2026/09/10 19:38:26.062, 0, 12288, 11781, 335
2026/09/10 19:38:26.267, 0, 12288, 11781, 335
2026/09/10 19:38:26.475, 0, 12288, 11781, 335
2026/09/10 19:38:26.681, 0, 12288, 11781, 335
2026/09/10 19:38:26.883, 0, 12288, 11781, 335
2026/09/10 19:38:27.091, 0, 12288, 11781, 335
2026/09/10 19:38:27.296, 0, 12288, 11781, 335
2026/09/10 19:38:27.502, 0, 12288, 11781, 335
2026/09/10 19:38:27.710, 0, 12288, 11781, 335
2026/09/10 19:38:27.915, 0, 12288, 11781, 335
2026/09/10 19:38:28.121, 0, 12288, 11781, 335
2026/09/10 19:38:28.328, 0, 12288, 11781, 335
2026/09/10 19:38:28.533, 0, 12288, 11781, 335
2026/09/10 19:38:28.741, 0, 12288, 11781, 335
2026/09/10 19:38:28.948, 0, 12288, 11781, 335
2026/09/10 19:38:29.154, 0, 12288, 11781, 335
2026/09/10 19:38:29.362, 0, 12288, 11781, 335
2026/09/10 19:38:29.566, 0, 12288, 11781, 335
2026/09/10 19:38:29.774, 0, 12288, 11781, 335
2026/09/10 19:38:29.980, 0, 12288, 11781, 335
2026/09/10 19:38:30.184, 0, 12288, 11781, 335
2026/09/10 19:38:30.392, 0, 12288, 11781, 335
2026/09/10 19:38:30.598, 0, 12288, 11781, 335
2026/09/10 19:38:30.805, 0, 12288, 11781, 335
2026/09/10 19:38:31.011, 0, 12288, 11781, 335
2026/09/10 19:38:31.214, 0, 12288, 11781, 335
2026/09/10 19:38:31.421, 0, 12288, 11781, 335
2026/09/10 19:38:31.628, 0, 12288, 11781, 335
2026/09/10 19:38:31.832, 0, 12288, 11781, 335
2026/09/10 19:38:32.040, 0, 12288, 11781, 335
2026/09/10 19:38:32.244, 0, 12288, 11781, 335
2026/09/10 19:38:32.451, 0, 12288, 11781, 335
2026/09/10 19:38:32.658, 0, 12288, 11781, 335
2026/09/10 19:38:32.862, 0, 12288, 11781, 335
2026/09/10 19:38:33.069, 0, 12288, 11781, 335
2026/09/10 19:38:33.277, 0, 12288, 11781, 335
2026/09/10 19:38:33.480, 0, 12288, 11781, 335
2026/09/10 19:38:33.687, 0, 12288, 11781, 335
2026/09/10 19:38:33.909, 0, 12288, 11781, 335
2026/09/10 19:38:34.115, 0, 12288, 11781, 335
2026/09/10 19:38:34.323, 0, 12288, 11781, 335
2026/09/10 19:38:34.526, 0, 12288, 11781, 335
2026/09/10 19:38:34.733, 0, 12288, 11781, 335
2026/09/10 19:38:34.940, 0, 12288, 11781, 335
2026/09/10 19:38:35.143, 0, 12288, 11781, 335
2026/09/10 19:38:35.350, 0, 12288, 11781, 335
2026/09/10 19:38:35.557, 0, 12288, 11781, 335
2026/09/10 19:38:35.763, 0, 12288, 11781, 335
2026/09/10 19:38:35.971, 0, 12288, 11781, 335
2026/09/10 19:38:36.177, 0, 12288, 11781, 335
2026/09/10 19:38:36.384, 0, 12288, 11781, 335
2026/09/10 19:38:36.591, 0, 12288, 11781, 335
2026/09/10 19:38:36.795, 0, 12288, 11781, 335
2026/09/10 19:38:36.999, 0, 12288, 11781, 335
2026/09/10 19:38:37.202, 0, 12288, 11781, 335
2026/09/10 19:38:37.407, 0, 12288, 11781, 335
2026/09/10 19:38:37.614, 0, 12288, 11781, 335
2026/09/10 19:38:37.821, 0, 12288, 11781, 335
2026/09/10 19:38:38.028, 0, 12288, 11781, 335
2026/09/10 19:38:38.236, 0, 12288, 11781, 335
2026/09/10 19:38:38.443, 0, 12288, 11781, 335
2026/09/10 19:38:38.647, 0, 12288, 11781, 335
2026/09/10 19:38:38.854, 0, 12288, 11781, 335
2026/09/10 19:38:39.061, 0, 12288, 11781, 335
2026/09/10 19:38:39.268, 0, 12288, 11781, 335
2026/09/10 19:38:39.476, 0, 12288, 11781, 335
2026/09/10 19:38:39.684, 0, 12288, 11781, 335
2026/09/10 19:38:39.892, 0, 12288, 11781, 335
2026/09/10 19:38:40.100, 0, 12288, 11781, 335
2026/09/10 19:38:40.308, 0, 12288, 11781, 335
2026/09/10 19:38:40.515, 0, 12288, 11781, 335
2026/09/10 19:38:40.723, 0, 12288, 11781, 335
2026/09/10 19:38:40.929, 0, 12288, 11781, 335
2026/09/10 19:38:41.137, 0, 12288, 11781, 335
2026/09/10 19:38:41.344, 0, 12288, 11781, 335
2026/09/10 19:38:41.552, 0, 12288, 11781, 335
2026/09/10 19:38:41.757, 0, 12288, 11781, 335
2026/09/10 19:38:41.964, 0, 12288, 11781, 335
2026/09/10 19:38:42.171, 0, 12288, 11781, 335
2026/09/10 19:38:42.379, 0, 12288, 11781, 335
2026/09/10 19:38:42.587, 0, 12288, 11781, 335
2026/09/10 19:38:42.795, 0, 12288, 11781, 335
2026/09/10 19:38:43.003, 0, 12288, 11781, 335
2026/09/10 19:38:43.210, 0, 12288, 11781, 335
2026/09/10 19:38:43.418, 0, 12288, 11781, 335
2026/09/10 19:38:43.625, 0, 12288, 11781, 335
2026/09/10 19:38:43.832, 0, 12288, 11781, 335
2026/09/10 19:38:44.039, 0, 12288, 11781, 335
2026/09/10 19:38:44.245, 0, 12288, 11781, 335
2026/09/10 19:38:44.453, 0, 12288, 11781, 335
2026/09/10 19:38:44.659, 0, 12288, 11781, 335
2026/09/10 19:38:44.866, 0, 12288, 11781, 335
2026/09/10 19:38:45.073, 0, 12288, 11781, 335
2026/09/10 19:38:45.280, 0, 12288, 11781, 335
2026/09/10 19:38:45.487, 0, 12288, 11781, 335
2026/09/10 19:38:45.695, 0, 12288, 11781, 335
2026/09/10 19:38:45.903, 0, 12288, 11781, 335
2026/09/10 19:38:46.110, 0, 12288, 11781, 335
2026/09/10 19:38:46.317, 0, 12288, 11781, 335
2026/09/10 19:38:46.525, 0, 12288, 11781, 335
2026/09/10 19:38:46.732, 0, 12288, 11781, 335
2026/09/10 19:38:46.938, 0, 12288, 11781, 335
2026/09/10 19:38:47.146, 0, 12288, 11781, 335
2026/09/10 19:38:47.353, 0, 12288, 11781, 335
2026/09/10 19:38:47.559, 0, 12288, 11781, 335
2026/09/10 19:38:47.767, 0, 12288, 11781, 335
2026/09/10 19:38:47.975, 0, 12288, 11781, 335
2026/09/10 19:38:48.183, 0, 12288, 11781, 335
2026/09/10 19:38:48.391, 0, 12288, 11781, 335
2026/09/10 19:38:48.598, 0, 12288, 11781, 335
2026/09/10 19:38:48.806, 0, 12288, 11781, 335
2026/09/10 19:38:49.014, 0, 12288, 11781, 335
2026/09/10 19:38:49.222, 0, 12288, 11781, 335
2026/09/10 19:38:49.428, 0, 12288, 11781, 335
2026/09/10 19:38:49.636, 0, 12288, 11781, 335
2026/09/10 19:38:49.843, 0, 12288, 11781, 335
2026/09/10 19:38:50.050, 0, 12288, 11781, 335
2026/09/10 19:38:50.258, 0, 12288, 11781, 335
2026/09/10 19:38:50.466, 0, 12288, 11781, 335
2026/09/10 19:38:50.673, 0, 12288, 11781, 335
2026/09/10 19:38:50.881, 0, 12288, 11781, 335
2026/09/10 19:38:51.089, 0, 12288, 11781, 335
2026/09/10 19:38:51.297, 0, 12288, 11781, 335
2026/09/10 19:38:51.503, 0, 12288, 11781, 335
2026/09/10 19:38:51.710, 0, 12288, 11781, 335
2026/09/10 19:38:51.917, 0, 12288, 11781, 335
2026/09/10 19:38:52.124, 0, 12288, 11781, 335
2026/09/10 19:38:52.332, 0, 12288, 11781, 335
2026/09/10 19:38:52.540, 0, 12288, 11781, 335
2026/09/10 19:38:52.747, 0, 12288, 11781, 335
2026/09/10 19:38:52.954, 0, 12288, 11781, 335
2026/09/10 19:38:53.161, 0, 12288, 11781, 335
2026/09/10 19:38:53.368, 0, 12288, 11781, 335
2026/09/10 19:38:53.575, 0, 12288, 11781, 335
2026/09/10 19:38:53.782, 0, 12288, 11781, 335
2026/09/10 19:38:53.990, 0, 12288, 11781, 335
2026/09/10 19:38:54.196, 0, 12288, 11781, 335
2026/09/10 19:38:54.403, 0, 12288, 11781, 335
2026/09/10 19:38:54.610, 0, 12288, 11781, 335
2026/09/10 19:38:54.815, 0, 12288, 11781, 335
2026/09/10 19:38:55.022, 0, 12288, 11781, 335
2026/09/10 19:38:55.229, 0, 12288, 11781, 335
2026/09/10 19:38:55.436, 0, 12288, 11781, 335
2026/09/10 19:38:55.643, 0, 12288, 11781, 335
2026/09/10 19:38:55.851, 0, 12288, 11781, 335
2026/09/10 19:38:56.058, 0, 12288, 11781, 335
2026/09/10 19:38:56.266, 0, 12288, 11781, 335
2026/09/10 19:38:56.471, 0, 12288, 11781, 335
2026/09/10 19:38:56.679, 0, 12288, 11781, 335
2026/09/10 19:38:56.887, 0, 12288, 11781, 335
2026/09/10 19:38:57.093, 0, 12288, 11781, 335
2026/09/10 19:38:57.301, 0, 12288, 11781, 335
2026/09/10 19:38:57.509, 0, 12288, 11781, 335
2026/09/10 19:38:57.717, 0, 12288, 11781, 335
2026/09/10 19:38:57.924, 0, 12288, 11781, 335
2026/09/10 19:38:58.132, 0, 12288, 11781, 335
2026/09/10 19:38:58.339, 0, 12288, 11781, 335
2026/09/10 19:38:58.547, 0, 12288, 11781, 335
2026/09/10 19:38:58.755, 0, 12288, 11781, 335
2026/09/10 19:38:58.963, 0, 12288, 11781, 335
2026/09/10 19:38:59.171, 0, 12288, 11781, 335
2026/09/10 19:38:59.378, 0, 12288, 11781, 335
2026/09/10 19:38:59.586, 0, 12288, 11781, 335
2026/09/10 19:38:59.808, 0, 12288, 11781, 335
2026/09/10 19:39:00.015, 0, 12288, 11781, 335
2026/09/10 19:39:00.222, 0, 12288, 11781, 335
2026/09/10 19:39:00.430, 0, 12288, 11781, 335
2026/09/10 19:39:00.638, 0, 12288, 11781, 335
2026/09/10 19:39:00.845, 0, 12288, 11781, 335
2026/09/10 19:39:01.052, 0, 12288, 11781, 335
2026/09/10 19:39:01.259, 0, 12288, 11781, 335
2026/09/10 19:39:01.467, 0, 12288, 11781, 335
2026/09/10 19:39:01.674, 0, 12288, 11781, 335
2026/09/10 19:39:01.881, 0, 12288, 11781, 335
2026/09/10 19:39:02.086, 0, 12288, 11781, 335
2026/09/10 19:39:02.293, 0, 12288, 11781, 335
2026/09/10 19:39:02.501, 0, 12288, 11781, 335
2026/09/10 19:39:02.709, 0, 12288, 11781, 335
2026/09/10 19:39:02.917, 0, 12288, 11781, 335
2026/09/10 19:39:03.125, 0, 12288, 11781, 335
2026/09/10 19:39:03.333, 0, 12288, 11781, 335
2026/09/10 19:39:03.540, 0, 12288, 11781, 335
2026/09/10 19:39:03.747, 0, 12288, 11781, 335
2026/09/10 19:39:03.955, 0, 12288, 11781, 335
2026/09/10 19:39:04.163, 0, 12288, 11781, 335
2026/09/10 19:39:04.371, 0, 12288, 11781, 335
2026/09/10 19:39:04.579, 0, 12288, 11781, 335
2026/09/10 19:39:04.784, 0, 12288, 11781, 335
2026/09/10 19:39:04.990, 0, 12288, 11781, 335
2026/09/10 19:39:05.194, 0, 12288, 11781, 335
2026/09/10 19:39:05.401, 0, 12288, 11781, 335
2026/09/10 19:39:05.608, 0, 12288, 11781, 335
2026/09/10 19:39:05.814, 0, 12288, 11781, 335
2026/09/10 19:39:06.022, 0, 12288, 11789, 327
2026/09/10 19:39:06.229, 0, 12288, 11800, 316
2026/09/10 19:39:06.436, 0, 12288, 11781, 335
2026/09/10 19:39:06.642, 0, 12288, 11781, 335
2026/09/10 19:39:06.857, 0, 12288, 11781, 335
2026/09/10 19:39:07.061, 0, 12288, 11781, 335
2026/09/10 19:39:07.275, 0, 12288, 11781, 335
2026/09/10 19:39:07.479, 0, 12288, 11781, 335
2026/09/10 19:39:07.683, 0, 12288, 11781, 335
2026/09/10 19:39:07.889, 0, 12288, 11781, 335
2026/09/10 19:39:08.094, 0, 12288, 11781, 335
2026/09/10 19:39:08.298, 0, 12288, 11781, 335
2026/09/10 19:39:08.506, 0, 12288, 11781, 335
2026/09/10 19:39:08.713, 0, 12288, 11781, 335
2026/09/10 19:39:08.919, 0, 12288, 11781, 335
2026/09/10 19:39:09.125, 0, 12288, 11781, 335
2026/09/10 19:39:09.329, 0, 12288, 11781, 335
2026/09/10 19:39:09.537, 0, 12288, 11781, 335
2026/09/10 19:39:09.743, 0, 12288, 11781, 335
2026/09/10 19:39:09.948, 0, 12288, 11781, 335
2026/09/10 19:39:10.156, 0, 12288, 11781, 335
2026/09/10 19:39:10.360, 0, 12288, 11781, 335
2026/09/10 19:39:10.567, 0, 12288, 11781, 335
2026/09/10 19:39:10.774, 0, 12288, 11781, 335
2026/09/10 19:39:10.978, 0, 12288, 11781, 335
2026/09/10 19:39:11.186, 0, 12288, 11781, 335
2026/09/10 19:39:11.390, 0, 12288, 11781, 335
2026/09/10 19:39:11.595, 0, 12288, 11781, 335
2026/09/10 19:39:11.800, 0, 12288, 11781, 335
2026/09/10 19:39:12.005, 0, 12288, 11781, 335
2026/09/10 19:39:12.213, 0, 12288, 11781, 335
2026/09/10 19:39:12.419, 0, 12288, 11781, 335
2026/09/10 19:39:12.625, 0, 12288, 11781, 335
2026/09/10 19:39:12.833, 0, 12288, 11781, 335
2026/09/10 19:39:13.037, 0, 12288, 11781, 335
2026/09/10 19:39:13.242, 0, 12288, 11781, 335
2026/09/10 19:39:13.447, 0, 12288, 11781, 335
2026/09/10 19:39:13.652, 0, 12288, 11781, 335
2026/09/10 19:39:13.860, 0, 12288, 11781, 335
2026/09/10 19:39:14.064, 0, 12288, 11781, 335
2026/09/10 19:39:14.269, 0, 12288, 11781, 335
2026/09/10 19:39:14.477, 0, 12288, 11781, 335
2026/09/10 19:39:14.681, 0, 12288, 11781, 335
2026/09/10 19:39:14.889, 0, 12288, 11781, 335
2026/09/10 19:39:15.095, 0, 12288, 11781, 335
2026/09/10 19:39:15.302, 0, 12288, 11781, 335
2026/09/10 19:39:15.510, 0, 12288, 11781, 335
2026/09/10 19:39:15.715, 0, 12288, 11781, 335
2026/09/10 19:39:15.920, 0, 12288, 11781, 335
2026/09/10 19:39:16.126, 0, 12288, 11781, 335
2026/09/10 19:39:16.331, 0, 12288, 11781, 335
2026/09/10 19:39:16.539, 0, 12288, 11781, 335
2026/09/10 19:39:16.744, 0, 12288, 11781, 335
2026/09/10 19:39:16.950, 0, 12288, 11781, 335
2026/09/10 19:39:17.157, 0, 12288, 11781, 335
2026/09/10 19:39:17.361, 0, 12288, 11781, 335
2026/09/10 19:39:17.568, 0, 12288, 11781, 335
2026/09/10 19:39:17.776, 0, 12288, 11781, 335
2026/09/10 19:39:17.979, 0, 12288, 11781, 335
2026/09/10 19:39:18.185, 0, 12288, 11781, 335
2026/09/10 19:39:18.390, 0, 12288, 11781, 335
2026/09/10 19:39:18.597, 0, 12288, 11781, 335
2026/09/10 19:39:18.802, 0, 12288, 11781, 335
2026/09/10 19:39:19.005, 0, 12288, 11781, 335
2026/09/10 19:39:19.212, 0, 12288, 11781, 335
2026/09/10 19:39:19.419, 0, 12288, 11781, 335
2026/09/10 19:39:19.622, 0, 12288, 11781, 335
2026/09/10 19:39:19.830, 0, 12288, 11781, 335
2026/09/10 19:39:20.036, 0, 12288, 11781, 335
2026/09/10 19:39:20.242, 0, 12288, 11781, 335
2026/09/10 19:39:20.448, 0, 12288, 11781, 335
2026/09/10 19:39:20.653, 0, 12288, 11781, 335
2026/09/10 19:39:20.858, 0, 12288, 11781, 335
2026/09/10 19:39:21.064, 0, 12288, 11781, 335
2026/09/10 19:39:21.269, 0, 12288, 11781, 335
2026/09/10 19:39:21.476, 0, 12288, 11781, 335
2026/09/10 19:39:21.683, 0, 12288, 11781, 335
2026/09/10 19:39:21.887, 0, 12288, 11781, 335
2026/09/10 19:39:22.094, 0, 12288, 11781, 335
2026/09/10 19:39:22.300, 0, 12288, 11781, 335
2026/09/10 19:39:22.504, 0, 12288, 11781, 335
2026/09/10 19:39:22.712, 0, 12288, 11781, 335
2026/09/10 19:39:22.915, 0, 12288, 11781, 335
2026/09/10 19:39:23.121, 0, 12288, 11781, 335
2026/09/10 19:39:23.329, 0, 12288, 11781, 335
2026/09/10 19:39:23.531, 0, 12288, 11781, 335
2026/09/10 19:39:23.739, 0, 12288, 11781, 335
2026/09/10 19:39:23.946, 0, 12288, 11781, 335
2026/09/10 19:39:24.151, 0, 12288, 11781, 335
2026/09/10 19:39:24.356, 0, 12288, 11781, 335
2026/09/10 19:39:24.562, 0, 12288, 11781, 335
2026/09/10 19:39:24.767, 0, 12288, 11781, 335
2026/09/10 19:39:24.973, 0, 12288, 11781, 335
2026/09/10 19:39:25.178, 0, 12288, 11781, 335
2026/09/10 19:39:25.386, 0, 12288, 11781, 335
2026/09/10 19:39:25.593, 0, 12288, 11781, 335
2026/09/10 19:39:25.798, 0, 12288, 11781, 335
2026/09/10 19:39:26.006, 0, 12288, 11781, 335
2026/09/10 19:39:26.214, 0, 12288, 11781, 335
2026/09/10 19:39:26.422, 0, 12288, 11781, 335
2026/09/10 19:39:26.630, 0, 12288, 11781, 335
2026/09/10 19:39:26.838, 0, 12288, 11781, 335
2026/09/10 19:39:27.045, 0, 12288, 11781, 335
2026/09/10 19:39:27.252, 0, 12288, 11781, 335
2026/09/10 19:39:27.460, 0, 12288, 11781, 335
2026/09/10 19:39:27.668, 0, 12288, 11781, 335
2026/09/10 19:39:27.876, 0, 12288, 11781, 335
2026/09/10 19:39:28.084, 0, 12288, 11781, 335
2026/09/10 19:39:28.291, 0, 12288, 11781, 335
2026/09/10 19:39:28.499, 0, 12288, 11781, 335
2026/09/10 19:39:28.706, 0, 12288, 11781, 335
2026/09/10 19:39:28.913, 0, 12288, 11781, 335
2026/09/10 19:39:29.121, 0, 12288, 11781, 335
2026/09/10 19:39:29.328, 0, 12288, 11781, 335
2026/09/10 19:39:29.534, 0, 12288, 11781, 335
2026/09/10 19:39:29.741, 0, 12288, 11781, 335
2026/09/10 19:39:29.945, 0, 12288, 11781, 335
2026/09/10 19:39:30.152, 0, 12288, 11781, 335
2026/09/10 19:39:30.359, 0, 12288, 11781, 335
2026/09/10 19:39:30.566, 0, 12288, 11781, 335
2026/09/10 19:39:30.774, 0, 12288, 11781, 335
2026/09/10 19:39:30.981, 0, 12288, 11781, 335
2026/09/10 19:39:31.189, 0, 12288, 11781, 335
2026/09/10 19:39:31.396, 0, 12288, 11781, 335
2026/09/10 19:39:31.604, 0, 12288, 11781, 335
2026/09/10 19:39:31.811, 0, 12288, 11781, 335
2026/09/10 19:39:32.019, 0, 12288, 11781, 335
2026/09/10 19:39:32.226, 0, 12288, 11781, 335
2026/09/10 19:39:32.433, 0, 12288, 11781, 335
2026/09/10 19:39:32.640, 0, 12288, 11781, 335
2026/09/10 19:39:32.848, 0, 12288, 11781, 335
2026/09/10 19:39:33.056, 0, 12288, 11781, 335
2026/09/10 19:39:33.264, 0, 12288, 11781, 335
2026/09/10 19:39:33.471, 0, 12288, 11781, 335
2026/09/10 19:39:33.678, 0, 12288, 11781, 335
2026/09/10 19:39:33.886, 0, 12288, 11781, 335
2026/09/10 19:39:34.092, 0, 12288, 11781, 335
2026/09/10 19:39:34.300, 0, 12288, 11781, 335
2026/09/10 19:39:34.507, 0, 12288, 11781, 335
2026/09/10 19:39:34.715, 0, 12288, 11781, 335
2026/09/10 19:39:34.923, 0, 12288, 11781, 335
2026/09/10 19:39:35.130, 0, 12288, 11781, 335
2026/09/10 19:39:35.336, 0, 12288, 11781, 335
2026/09/10 19:39:35.541, 0, 12288, 11781, 335
2026/09/10 19:39:35.749, 0, 12288, 11781, 335
2026/09/10 19:39:35.956, 0, 12288, 11781, 335
2026/09/10 19:39:36.163, 0, 12288, 11781, 335
2026/09/10 19:39:36.370, 0, 12288, 11781, 335
2026/09/10 19:39:36.578, 0, 12288, 11781, 335
2026/09/10 19:39:36.784, 0, 12288, 11781, 335
2026/09/10 19:39:36.991, 0, 12288, 11781, 335
2026/09/10 19:39:37.198, 0, 12288, 11781, 335
2026/09/10 19:39:37.406, 0, 12288, 11781, 335
2026/09/10 19:39:37.613, 0, 12288, 11781, 335
2026/09/10 19:39:37.820, 0, 12288, 11781, 335
2026/09/10 19:39:38.027, 0, 12288, 11781, 335
2026/09/10 19:39:38.234, 0, 12288, 11781, 335
2026/09/10 19:39:38.440, 0, 12288, 11781, 335
2026/09/10 19:39:38.648, 0, 12288, 11781, 335
2026/09/10 19:39:38.855, 0, 12288, 11781, 335
2026/09/10 19:39:39.063, 0, 12288, 11781, 335
2026/09/10 19:39:39.269, 0, 12288, 11781, 335
2026/09/10 19:39:39.476, 0, 12288, 11781, 335
2026/09/10 19:39:39.684, 0, 12288, 11781, 335
2026/09/10 19:39:39.892, 0, 12288, 11781, 335
2026/09/10 19:39:40.100, 0, 12288, 11781, 335
2026/09/10 19:39:40.307, 0, 12288, 11781, 335
2026/09/10 19:39:40.514, 0, 12288, 11781, 335
2026/09/10 19:39:40.722, 0, 12288, 11781, 335
2026/09/10 19:39:40.929, 0, 12288, 11781, 335
2026/09/10 19:39:41.133, 0, 12288, 11781, 335
2026/09/10 19:39:41.341, 0, 12288, 11781, 335
2026/09/10 19:39:41.548, 0, 12288, 11781, 335
2026/09/10 19:39:41.756, 0, 12288, 11781, 335
2026/09/10 19:39:41.964, 0, 12288, 11781, 335
2026/09/10 19:39:42.172, 0, 12288, 11781, 335
2026/09/10 19:39:42.380, 0, 12288, 11781, 335
2026/09/10 19:39:42.588, 0, 12288, 11781, 335
2026/09/10 19:39:42.796, 0, 12288, 11781, 335
2026/09/10 19:39:43.003, 0, 12288, 11781, 335
2026/09/10 19:39:43.210, 0, 12288, 11781, 335
2026/09/10 19:39:43.416, 0, 12288, 11781, 335
2026/09/10 19:39:43.623, 0, 12288, 11781, 335
2026/09/10 19:39:43.831, 0, 12288, 11781, 335
2026/09/10 19:39:44.039, 0, 12288, 11781, 335
2026/09/10 19:39:44.247, 0, 12288, 11781, 335
2026/09/10 19:39:44.454, 0, 12288, 11781, 335
2026/09/10 19:39:44.662, 0, 12288, 11781, 335
2026/09/10 19:39:44.868, 0, 12288, 11781, 335
2026/09/10 19:39:45.076, 0, 12288, 11781, 335
2026/09/10 19:39:45.282, 0, 12288, 11781, 335
2026/09/10 19:39:45.490, 0, 12288, 11781, 335
2026/09/10 19:39:45.698, 0, 12288, 11781, 335
2026/09/10 19:39:45.906, 0, 12288, 11781, 335
2026/09/10 19:39:46.113, 0, 12288, 11781, 335
2026/09/10 19:39:46.320, 0, 12288, 11781, 335
2026/09/10 19:39:46.528, 0, 12288, 11781, 335
2026/09/10 19:39:46.733, 0, 12288, 11781, 335
2026/09/10 19:39:46.939, 0, 12288, 11781, 335
2026/09/10 19:39:47.146, 0, 12288, 11781, 335
2026/09/10 19:39:47.352, 0, 12288, 11781, 335
2026/09/10 19:39:47.559, 0, 12288, 11781, 335
2026/09/10 19:39:47.766, 0, 12288, 11781, 335
2026/09/10 19:39:47.973, 0, 12288, 11781, 335
2026/09/10 19:39:48.181, 0, 12288, 11781, 335
2026/09/10 19:39:48.389, 0, 12288, 11781, 335
2026/09/10 19:39:48.597, 0, 12288, 11781, 335
2026/09/10 19:39:48.804, 0, 12288, 11781, 335
2026/09/10 19:39:49.012, 0, 12288, 11781, 335
2026/09/10 19:39:49.220, 0, 12288, 11781, 335
2026/09/10 19:39:49.427, 0, 12288, 11781, 335
2026/09/10 19:39:49.632, 0, 12288, 11781, 335
2026/09/10 19:39:49.840, 0, 12288, 11781, 335
2026/09/10 19:39:50.046, 0, 12288, 11781, 335
2026/09/10 19:39:50.253, 0, 12288, 11781, 335
2026/09/10 19:39:50.460, 0, 12288, 11781, 335
2026/09/10 19:39:50.667, 0, 12288, 11781, 335
2026/09/10 19:39:50.875, 0, 12288, 11781, 335
2026/09/10 19:39:51.083, 0, 12288, 11781, 335
2026/09/10 19:39:51.291, 0, 12288, 11781, 335
2026/09/10 19:39:51.499, 0, 12288, 11781, 335
2026/09/10 19:39:51.706, 0, 12288, 11781, 335
2026/09/10 19:39:51.913, 0, 12288, 11781, 335
2026/09/10 19:39:52.121, 0, 12288, 11781, 335
2026/09/10 19:39:52.325, 0, 12288, 11781, 335
2026/09/10 19:39:52.532, 0, 12288, 11781, 335
2026/09/10 19:39:52.739, 0, 12288, 11781, 335
2026/09/10 19:39:52.962, 0, 12288, 11781, 335
2026/09/10 19:39:53.168, 0, 12288, 11781, 335
2026/09/10 19:39:53.375, 0, 12288, 11781, 335
2026/09/10 19:39:53.583, 0, 12288, 11781, 335
2026/09/10 19:39:53.791, 0, 12288, 11781, 335
2026/09/10 19:39:53.999, 0, 12288, 11781, 335
2026/09/10 19:39:54.207, 0, 12288, 11781, 335
2026/09/10 19:39:54.414, 0, 12288, 11781, 335
2026/09/10 19:39:54.622, 0, 12288, 11781, 335
2026/09/10 19:39:54.830, 0, 12288, 11781, 335
2026/09/10 19:39:55.037, 0, 12288, 11781, 335
2026/09/10 19:39:55.245, 0, 12288, 11781, 335
2026/09/10 19:39:55.452, 0, 12288, 11781, 335
2026/09/10 19:39:55.660, 0, 12288, 11781, 335
2026/09/10 19:39:55.866, 0, 12288, 11781, 335
2026/09/10 19:39:56.074, 0, 12288, 11781, 335
2026/09/10 19:39:56.281, 0, 12288, 11781, 335
2026/09/10 19:39:56.489, 0, 12288, 11781, 335
2026/09/10 19:39:56.696, 0, 12288, 11781, 335
2026/09/10 19:39:56.904, 0, 12288, 11781, 335
2026/09/10 19:39:57.110, 0, 12288, 11781, 335
2026/09/10 19:39:57.318, 0, 12288, 11781, 335
2026/09/10 19:39:57.524, 0, 12288, 11781, 335
2026/09/10 19:39:57.732, 0, 12288, 11781, 335
2026/09/10 19:39:57.937, 0, 12288, 11781, 335
2026/09/10 19:39:58.143, 0, 12288, 11781, 335
2026/09/10 19:39:58.350, 0, 12288, 11781, 335
2026/09/10 19:39:58.558, 0, 12288, 11781, 335
2026/09/10 19:39:58.766, 0, 12288, 11781, 335
2026/09/10 19:39:58.974, 0, 12288, 11781, 335
2026/09/10 19:39:59.182, 0, 12288, 11781, 335
2026/09/10 19:39:59.390, 0, 12288, 11781, 335
2026/09/10 19:39:59.597, 0, 12288, 11781, 335
2026/09/10 19:39:59.805, 0, 12288, 11781, 335
2026/09/10 19:40:00.013, 0, 12288, 11781, 335
2026/09/10 19:40:00.221, 0, 12288, 11781, 335
2026/09/10 19:40:00.428, 0, 12288, 11781, 335
2026/09/10 19:40:00.636, 0, 12288, 11781, 335
2026/09/10 19:40:00.843, 0, 12288, 11781, 335
2026/09/10 19:40:01.051, 0, 12288, 11781, 335
2026/09/10 19:40:01.258, 0, 12288, 11781, 335
2026/09/10 19:40:01.464, 0, 12288, 11781, 335
2026/09/10 19:40:01.672, 0, 12288, 11781, 335
2026/09/10 19:40:01.880, 0, 12288, 11781, 335
2026/09/10 19:40:02.087, 0, 12288, 11781, 335
2026/09/10 19:40:02.295, 0, 12288, 11781, 335
2026/09/10 19:40:02.502, 0, 12288, 11781, 335
2026/09/10 19:40:02.709, 0, 12288, 11781, 335
2026/09/10 19:40:02.916, 0, 12288, 11781, 335
2026/09/10 19:40:03.124, 0, 12288, 11781, 335
2026/09/10 19:40:03.332, 0, 12288, 11781, 335
2026/09/10 19:40:03.538, 0, 12288, 11781, 335
2026/09/10 19:40:03.745, 0, 12288, 11781, 335
2026/09/10 19:40:03.952, 0, 12288, 11781, 335
2026/09/10 19:40:04.160, 0, 12288, 11781, 335
2026/09/10 19:40:04.368, 0, 12288, 11781, 335
2026/09/10 19:40:04.576, 0, 12288, 11781, 335
2026/09/10 19:40:04.784, 0, 12288, 11781, 335
2026/09/10 19:40:04.991, 0, 12288, 11781, 335
2026/09/10 19:40:05.198, 0, 12288, 11781, 335
2026/09/10 19:40:05.405, 0, 12288, 11781, 335
2026/09/10 19:40:05.612, 0, 12288, 11781, 335
2026/09/10 19:40:05.820, 0, 12288, 11781, 335
2026/09/10 19:40:06.028, 0, 12288, 11781, 335
2026/09/10 19:40:06.237, 0, 12288, 11781, 335
2026/09/10 19:40:06.444, 0, 12288, 11781, 335
2026/09/10 19:40:06.651, 0, 12288, 11781, 335
2026/09/10 19:40:06.856, 0, 12288, 11781, 335
2026/09/10 19:40:07.064, 0, 12288, 11781, 335
2026/09/10 19:40:07.272, 0, 12288, 11781, 335
2026/09/10 19:40:07.478, 0, 12288, 11781, 335
2026/09/10 19:40:07.684, 0, 12288, 11781, 335
2026/09/10 19:40:07.892, 0, 12288, 11781, 335
2026/09/10 19:40:08.100, 0, 12288, 11781, 335
2026/09/10 19:40:08.307, 0, 12288, 11781, 335
2026/09/10 19:40:08.514, 0, 12288, 11781, 335
2026/09/10 19:40:08.721, 0, 12288, 11781, 335
2026/09/10 19:40:08.928, 0, 12288, 11781, 335
2026/09/10 19:40:09.133, 0, 12288, 11781, 335
2026/09/10 19:40:09.339, 0, 12288, 11781, 335
2026/09/10 19:40:09.547, 0, 12288, 11781, 335
2026/09/10 19:40:09.755, 0, 12288, 11781, 335
2026/09/10 19:40:09.962, 0, 12288, 11781, 335
2026/09/10 19:40:10.170, 0, 12288, 11781, 335
2026/09/10 19:40:10.376, 0, 12288, 11781, 335
2026/09/10 19:40:10.583, 0, 12288, 11781, 335
2026/09/10 19:40:10.791, 0, 12288, 11781, 335
2026/09/10 19:40:10.999, 0, 12288, 11781, 335
2026/09/10 19:40:11.207, 0, 12288, 11781, 335
2026/09/10 19:40:11.415, 0, 12288, 11781, 335
2026/09/10 19:40:11.623, 0, 12288, 11781, 335
2026/09/10 19:40:11.828, 0, 12288, 11781, 335
2026/09/10 19:40:12.033, 0, 12288, 11781, 335
2026/09/10 19:40:12.241, 0, 12288, 11781, 335
2026/09/10 19:40:12.448, 0, 12288, 11781, 335
2026/09/10 19:40:12.656, 0, 12288, 11781, 335
2026/09/10 19:40:12.864, 0, 12288, 11781, 335
2026/09/10 19:40:13.071, 0, 12288, 11781, 335
2026/09/10 19:40:13.278, 0, 12288, 11781, 335
2026/09/10 19:40:13.484, 0, 12288, 11781, 335
2026/09/10 19:40:13.692, 0, 12288, 11781, 335
2026/09/10 19:40:13.900, 0, 12288, 11781, 335
2026/09/10 19:40:14.108, 0, 12288, 11781, 335
2026/09/10 19:40:14.316, 0, 12288, 11781, 335
2026/09/10 19:40:14.524, 0, 12288, 11781, 335
2026/09/10 19:40:14.728, 0, 12288, 11781, 335
2026/09/10 19:40:14.936, 0, 12288, 11781, 335
2026/09/10 19:40:15.143, 0, 12288, 11781, 335
2026/09/10 19:40:15.351, 0, 12288, 11781, 335
2026/09/10 19:40:15.559, 0, 12288, 11781, 335
2026/09/10 19:40:15.766, 0, 12288, 11781, 335
2026/09/10 19:40:15.973, 0, 12288, 11781, 335
2026/09/10 19:40:16.179, 0, 12288, 11781, 335
2026/09/10 19:40:16.387, 0, 12288, 11781, 335
2026/09/10 19:40:16.595, 0, 12288, 11781, 335
2026/09/10 19:40:16.803, 0, 12288, 11781, 335
2026/09/10 19:40:17.009, 0, 12288, 11781, 335
2026/09/10 19:40:17.216, 0, 12288, 11781, 335
2026/09/10 19:40:17.424, 0, 12288, 11781, 335
2026/09/10 19:40:17.630, 0, 12288, 11781, 335
2026/09/10 19:40:17.837, 0, 12288, 11781, 335
2026/09/10 19:40:18.045, 0, 12288, 11781, 335
2026/09/10 19:40:18.252, 0, 12288, 11781, 335
2026/09/10 19:40:18.460, 0, 12288, 11781, 335
2026/09/10 19:40:18.668, 0, 12288, 11781, 335
2026/09/10 19:40:18.876, 0, 12288, 11781, 335
2026/09/10 19:40:19.084, 0, 12288, 11781, 335
2026/09/10 19:40:19.292, 0, 12288, 11781, 335
2026/09/10 19:40:19.500, 0, 12288, 11781, 335
2026/09/10 19:40:19.708, 0, 12288, 11781, 335
2026/09/10 19:40:19.916, 0, 12288, 11781, 335
2026/09/10 19:40:20.123, 0, 12288, 11781, 335
2026/09/10 19:40:20.329, 0, 12288, 11781, 335
2026/09/10 19:40:20.537, 0, 12288, 11781, 335
2026/09/10 19:40:20.745, 0, 12288, 11781, 335
2026/09/10 19:40:20.953, 0, 12288, 11781, 335
2026/09/10 19:40:21.160, 0, 12288, 11781, 335
2026/09/10 19:40:21.368, 0, 12288, 11781, 335
2026/09/10 19:40:21.574, 0, 12288, 11781, 335
2026/09/10 19:40:21.781, 0, 12288, 11781, 335
2026/09/10 19:40:21.989, 0, 12288, 11781, 335
2026/09/10 19:40:22.197, 0, 12288, 11781, 335
2026/09/10 19:40:22.404, 0, 12288, 11781, 335
2026/09/10 19:40:22.610, 0, 12288, 11781, 335
2026/09/10 19:40:22.818, 0, 12288, 11781, 335
2026/09/10 19:40:23.025, 0, 12288, 11781, 335
2026/09/10 19:40:23.232, 0, 12288, 11781, 335
2026/09/10 19:40:23.438, 0, 12288, 11781, 335
2026/09/10 19:40:23.646, 0, 12288, 11781, 335
2026/09/10 19:40:23.854, 0, 12288, 11781, 335
2026/09/10 19:40:24.062, 0, 12288, 11781, 335
2026/09/10 19:40:24.270, 0, 12288, 11781, 335
2026/09/10 19:40:24.477, 0, 12288, 11781, 335
2026/09/10 19:40:24.685, 0, 12288, 11781, 335
2026/09/10 19:40:24.893, 0, 12288, 11781, 335
2026/09/10 19:40:25.100, 0, 12288, 11781, 335
2026/09/10 19:40:25.308, 0, 12288, 11781, 335
2026/09/10 19:40:25.515, 0, 12288, 11781, 335
2026/09/10 19:40:25.723, 0, 12288, 11781, 335
2026/09/10 19:40:25.927, 0, 12288, 11781, 335
2026/09/10 19:40:26.135, 0, 12288, 11781, 335
2026/09/10 19:40:26.343, 0, 12288, 11781, 335
2026/09/10 19:40:26.551, 0, 12288, 11781, 335
2026/09/10 19:40:26.758, 0, 12288, 11781, 335
2026/09/10 19:40:26.966, 0, 12288, 11781, 335
2026/09/10 19:40:27.174, 0, 12288, 11781, 335
2026/09/10 19:40:27.382, 0, 12288, 11781, 335
2026/09/10 19:40:27.590, 0, 12288, 11781, 335
2026/09/10 19:40:27.798, 0, 12288, 11781, 335
2026/09/10 19:40:28.004, 0, 12288, 11781, 335
2026/09/10 19:40:28.212, 0, 12288, 11781, 335
2026/09/10 19:40:28.419, 0, 12288, 11781, 335
2026/09/10 19:40:28.627, 0, 12288, 11781, 335
2026/09/10 19:40:28.835, 0, 12288, 11781, 335
2026/09/10 19:40:29.042, 0, 12288, 11781, 335
2026/09/10 19:40:29.250, 0, 12288, 11781, 335
2026/09/10 19:40:29.457, 0, 12288, 11781, 335
2026/09/10 19:40:29.665, 0, 12288, 11781, 335
2026/09/10 19:40:29.872, 0, 12288, 11781, 335
2026/09/10 19:40:30.080, 0, 12288, 11781, 335
2026/09/10 19:40:30.288, 0, 12288, 11781, 335
2026/09/10 19:40:30.496, 0, 12288, 11781, 335
2026/09/10 19:40:30.704, 0, 12288, 11781, 335
2026/09/10 19:40:30.911, 0, 12288, 11781, 335
2026/09/10 19:40:31.118, 0, 12288, 11781, 335
2026/09/10 19:40:31.327, 0, 12288, 11781, 335
2026/09/10 19:40:31.532, 0, 12288, 11781, 335
2026/09/10 19:40:31.740, 0, 12288, 11781, 335
2026/09/10 19:40:31.948, 0, 12288, 11781, 335
2026/09/10 19:40:32.156, 0, 12288, 11781, 335
2026/09/10 19:40:32.363, 0, 12288, 11781, 335
2026/09/10 19:40:32.571, 0, 12288, 11781, 335
2026/09/10 19:40:32.778, 0, 12288, 11781, 335
2026/09/10 19:40:32.985, 0, 12288, 11781, 335
2026/09/10 19:40:33.193, 0, 12288, 11781, 335
2026/09/10 19:40:33.401, 0, 12288, 11781, 335
2026/09/10 19:40:33.609, 0, 12288, 11781, 335
2026/09/10 19:40:33.815, 0, 12288, 11781, 335
2026/09/10 19:40:34.022, 0, 12288, 11781, 335
2026/09/10 19:40:34.229, 0, 12288, 11781, 335
2026/09/10 19:40:34.437, 0, 12288, 11781, 335
2026/09/10 19:40:34.645, 0, 12288, 11781, 335
2026/09/10 19:40:34.853, 0, 12288, 11781, 335
2026/09/10 19:40:35.061, 0, 12288, 11781, 335
2026/09/10 19:40:35.268, 0, 12288, 11781, 335
2026/09/10 19:40:35.476, 0, 12288, 11781, 335
2026/09/10 19:40:35.684, 0, 12288, 11781, 335
2026/09/10 19:40:35.892, 0, 12288, 11781, 335
2026/09/10 19:40:36.100, 0, 12288, 11781, 335
2026/09/10 19:40:36.308, 0, 12288, 11781, 335
2026/09/10 19:40:36.516, 0, 12288, 11781, 335
2026/09/10 19:40:36.723, 0, 12288, 11781, 335
2026/09/10 19:40:36.930, 0, 12288, 11781, 335
2026/09/10 19:40:37.136, 0, 12288, 11781, 335
2026/09/10 19:40:37.343, 0, 12288, 11781, 335
2026/09/10 19:40:37.548, 0, 12288, 11781, 335
2026/09/10 19:40:37.754, 0, 12288, 11781, 335
2026/09/10 19:40:37.959, 0, 12288, 11781, 335
2026/09/10 19:40:38.167, 0, 12288, 11781, 335
2026/09/10 19:40:38.375, 0, 12288, 11781, 335
2026/09/10 19:40:38.582, 0, 12288, 11781, 335
2026/09/10 19:40:38.790, 0, 12288, 11781, 335
2026/09/10 19:40:38.998, 0, 12288, 11781, 335
2026/09/10 19:40:39.205, 0, 12288, 11781, 335
2026/09/10 19:40:39.412, 0, 12288, 11781, 335
2026/09/10 19:40:39.620, 0, 12288, 11781, 335
2026/09/10 19:40:39.828, 0, 12288, 11781, 335
2026/09/10 19:40:40.036, 0, 12288, 11781, 335
2026/09/10 19:40:40.243, 0, 12288, 11781, 335
2026/09/10 19:40:40.450, 0, 12288, 11781, 335
2026/09/10 19:40:40.674, 0, 12288, 11781, 335
2026/09/10 19:40:40.880, 0, 12288, 11781, 335
2026/09/10 19:40:41.088, 0, 12288, 11781, 335
2026/09/10 19:40:41.295, 0, 12288, 11781, 335
2026/09/10 19:40:41.503, 0, 12288, 11781, 335
2026/09/10 19:40:41.710, 0, 12288, 11781, 335
2026/09/10 19:40:41.918, 0, 12288, 11781, 335
2026/09/10 19:40:42.125, 0, 12288, 11781, 335
2026/09/10 19:40:42.332, 0, 12288, 11781, 335
2026/09/10 19:40:42.539, 0, 12288, 11781, 335
2026/09/10 19:40:42.744, 0, 12288, 11781, 335
2026/09/10 19:40:42.952, 0, 12288, 11781, 335
2026/09/10 19:40:43.159, 0, 12288, 11781, 335
2026/09/10 19:40:43.367, 0, 12288, 11781, 335
2026/09/10 19:40:43.573, 0, 12288, 11781, 335
2026/09/10 19:40:43.780, 0, 12288, 11781, 335
2026/09/10 19:40:43.988, 0, 12288, 11781, 335
2026/09/10 19:40:44.196, 0, 12288, 11781, 335
2026/09/10 19:40:44.404, 0, 12288, 11781, 335
2026/09/10 19:40:44.610, 0, 12288, 11781, 335
2026/09/10 19:40:44.817, 0, 12288, 11781, 335
2026/09/10 19:40:45.024, 0, 12288, 11781, 335
2026/09/10 19:40:45.232, 0, 12288, 11781, 335
2026/09/10 19:40:45.440, 0, 12288, 11781, 335
2026/09/10 19:40:45.648, 0, 12288, 11781, 335
2026/09/10 19:40:45.856, 0, 12288, 11781, 335
2026/09/10 19:40:46.063, 0, 12288, 11781, 335
2026/09/10 19:40:46.268, 0, 12288, 11781, 335
2026/09/10 19:40:46.476, 0, 12288, 11781, 335
2026/09/10 19:40:46.684, 0, 12288, 11781, 335
2026/09/10 19:40:46.890, 0, 12288, 11781, 335
2026/09/10 19:40:47.095, 0, 12288, 11781, 335
2026/09/10 19:40:47.302, 0, 12288, 11781, 335
2026/09/10 19:40:47.508, 0, 12288, 11781, 335
2026/09/10 19:40:47.713, 0, 12288, 11781, 335
2026/09/10 19:40:47.916, 0, 12288, 11781, 335
2026/09/10 19:40:48.124, 0, 12288, 11781, 335
2026/09/10 19:40:48.329, 0, 12288, 11781, 335
2026/09/10 19:40:48.534, 0, 12288, 11781, 335
2026/09/10 19:40:48.738, 0, 12288, 11781, 335
2026/09/10 19:40:48.946, 0, 12288, 11781, 335
2026/09/10 19:40:49.154, 0, 12288, 11781, 335
2026/09/10 19:40:49.360, 0, 12288, 11781, 335
2026/09/10 19:40:49.567, 0, 12288, 11781, 335
2026/09/10 19:40:49.775, 0, 12288, 11781, 335
2026/09/10 19:40:49.983, 0, 12288, 11781, 335
2026/09/10 19:40:50.190, 0, 12288, 11781, 335
2026/09/10 19:40:50.398, 0, 12288, 11781, 335
2026/09/10 19:40:50.604, 0, 12288, 11781, 335
2026/09/10 19:40:50.808, 0, 12288, 11781, 335
2026/09/10 19:40:51.015, 0, 12288, 11781, 335
2026/09/10 19:40:51.218, 0, 12288, 11781, 335
2026/09/10 19:40:51.426, 0, 12288, 11781, 335
2026/09/10 19:40:51.634, 0, 12288, 11781, 335
2026/09/10 19:40:51.839, 0, 12288, 11781, 335
2026/09/10 19:40:52.047, 0, 12288, 11781, 335
2026/09/10 19:40:52.253, 0, 12288, 11781, 335
2026/09/10 19:40:52.460, 0, 12288, 11781, 335
2026/09/10 19:40:52.668, 0, 12288, 11781, 335
2026/09/10 19:40:52.873, 0, 12288, 11781, 335
2026/09/10 19:40:53.077, 0, 12288, 11781, 335
2026/09/10 19:40:53.281, 0, 12288, 11781, 335
2026/09/10 19:40:53.486, 0, 12288, 11781, 335
2026/09/10 19:40:53.693, 0, 12288, 11781, 335
2026/09/10 19:40:53.898, 0, 12288, 11781, 335
2026/09/10 19:40:54.105, 0, 12288, 11781, 335
2026/09/10 19:40:54.309, 0, 12288, 11781, 335
2026/09/10 19:40:54.515, 0, 12288, 11781, 335
2026/09/10 19:40:54.723, 0, 12288, 11781, 335
2026/09/10 19:40:54.928, 0, 12288, 11781, 335
2026/09/10 19:40:55.134, 0, 12288, 11781, 335
2026/09/10 19:40:55.341, 0, 12288, 11781, 335
2026/09/10 19:40:55.546, 0, 12288, 11781, 335
2026/09/10 19:40:55.752, 0, 12288, 11781, 335
2026/09/10 19:40:55.958, 0, 12288, 11781, 335
2026/09/10 19:40:56.164, 0, 12288, 11781, 335
2026/09/10 19:40:56.371, 0, 12288, 11781, 335
2026/09/10 19:40:56.574, 0, 12288, 11781, 335
2026/09/10 19:40:56.782, 0, 12288, 11781, 335
2026/09/10 19:40:56.987, 0, 12288, 11781, 335
2026/09/10 19:40:57.193, 0, 12288, 11781, 335
2026/09/10 19:40:57.401, 0, 12288, 11781, 335
2026/09/10 19:40:57.609, 0, 12288, 11781, 335
2026/09/10 19:40:57.815, 0, 12288, 11781, 335
2026/09/10 19:40:58.022, 0, 12288, 11781, 335
2026/09/10 19:40:58.227, 0, 12288, 11781, 335
2026/09/10 19:40:58.435, 0, 12288, 11781, 335
2026/09/10 19:40:58.640, 0, 12288, 11781, 335
2026/09/10 19:40:58.844, 0, 12288, 11781, 335
2026/09/10 19:40:59.052, 0, 12288, 11781, 335
2026/09/10 19:40:59.257, 0, 12288, 11781, 335
2026/09/10 19:40:59.463, 0, 12288, 11781, 335
2026/09/10 19:40:59.669, 0, 12288, 11781, 335
2026/09/10 19:40:59.873, 0, 12288, 11781, 335
2026/09/10 19:41:00.080, 0, 12288, 11781, 335
2026/09/10 19:41:00.286, 0, 12288, 11781, 335
2026/09/10 19:41:00.491, 0, 12288, 11781, 335
2026/09/10 19:41:00.699, 0, 12288, 11781, 335
2026/09/10 19:41:00.903, 0, 12288, 11781, 335
2026/09/10 19:41:01.126, 0, 12288, 11781, 335
2026/09/10 19:41:01.332, 0, 12288, 11781, 335
2026/09/10 19:41:01.536, 0, 12288, 11781, 335
2026/09/10 19:41:01.744, 0, 12288, 11781, 335
2026/09/10 19:41:01.949, 0, 12288, 11781, 335
2026/09/10 19:41:02.156, 0, 12288, 11781, 335
2026/09/10 19:41:02.363, 0, 12288, 11781, 335
2026/09/10 19:41:02.568, 0, 12288, 11781, 335
2026/09/10 19:41:02.774, 0, 12288, 11781, 335
2026/09/10 19:41:02.981, 0, 12288, 11781, 335
2026/09/10 19:41:03.187, 0, 12288, 11781, 335
2026/09/10 19:41:03.394, 0, 12288, 11781, 335
2026/09/10 19:41:03.601, 0, 12288, 11781, 335
2026/09/10 19:41:03.805, 0, 12288, 11781, 335
2026/09/10 19:41:04.013, 0, 12288, 11781, 335
2026/09/10 19:41:04.220, 0, 12288, 11781, 335
2026/09/10 19:41:04.423, 0, 12288, 11781, 335
2026/09/10 19:41:04.631, 0, 12288, 11781, 335
2026/09/10 19:41:04.837, 0, 12288, 11781, 335
2026/09/10 19:41:05.042, 0, 12288, 11781, 335
2026/09/10 19:41:05.248, 0, 12288, 11781, 335
2026/09/10 19:41:05.451, 0, 12288, 11781, 335
2026/09/10 19:41:05.657, 0, 12288, 11781, 335
2026/09/10 19:41:05.865, 0, 12288, 11781, 335
2026/09/10 19:41:06.067, 0, 12288, 11781, 335
2026/09/10 19:41:06.275, 0, 12288, 11781, 335
2026/09/10 19:41:06.483, 0, 12288, 11781, 335
2026/09/10 19:41:06.688, 0, 12288, 11781, 335
2026/09/10 19:41:06.896, 0, 12288, 11781, 335
2026/09/10 19:41:07.103, 0, 12288, 11781, 335
2026/09/10 19:41:07.308, 0, 12288, 11781, 335
2026/09/10 19:41:07.516, 0, 12288, 11781, 335
2026/09/10 19:41:07.719, 0, 12288, 11781, 335
2026/09/10 19:41:07.927, 0, 12288, 11781, 335
2026/09/10 19:41:08.134, 0, 12288, 11781, 335
2026/09/10 19:41:08.337, 0, 12288, 11781, 335
2026/09/10 19:41:08.543, 0, 12288, 11781, 335
2026/09/10 19:41:08.749, 0, 12288, 11781, 335
2026/09/10 19:41:08.953, 0, 12288, 11781, 335
2026/09/10 19:41:09.160, 0, 12288, 11781, 335
2026/09/10 19:41:09.366, 0, 12288, 11781, 335
2026/09/10 19:41:09.570, 0, 12288, 11781, 335
2026/09/10 19:41:09.778, 0, 12288, 11781, 335
2026/09/10 19:41:09.984, 0, 12288, 11781, 335
2026/09/10 19:41:10.190, 0, 12288, 11781, 335
2026/09/10 19:41:10.397, 0, 12288, 11781, 335
2026/09/10 19:41:10.601, 0, 12288, 11781, 335
2026/09/10 19:41:10.805, 0, 12288, 11781, 335
2026/09/10 19:41:11.012, 0, 12288, 11781, 335
2026/09/10 19:41:11.219, 0, 12288, 11781, 335
2026/09/10 19:41:11.427, 0, 12288, 11781, 335
2026/09/10 19:41:11.635, 0, 12288, 11781, 335
2026/09/10 19:41:11.843, 0, 12288, 11781, 335
2026/09/10 19:41:12.050, 0, 12288, 11781, 335
2026/09/10 19:41:12.257, 0, 12288, 11781, 335
2026/09/10 19:41:12.465, 0, 12288, 11781, 335
2026/09/10 19:41:12.671, 0, 12288, 11781, 335
2026/09/10 19:41:12.878, 0, 12288, 11781, 335
2026/09/10 19:41:13.086, 0, 12288, 11781, 335
2026/09/10 19:41:13.293, 0, 12288, 11781, 335
2026/09/10 19:41:13.501, 0, 12288, 11781, 335
2026/09/10 19:41:13.709, 0, 12288, 11781, 335
2026/09/10 19:41:13.916, 0, 12288, 11781, 335
2026/09/10 19:41:14.124, 0, 12288, 11781, 335
2026/09/10 19:41:14.331, 0, 12288, 11781, 335
2026/09/10 19:41:14.537, 0, 12288, 11781, 335
2026/09/10 19:41:14.744, 0, 12288, 11781, 335
2026/09/10 19:41:14.951, 0, 12288, 11781, 335
2026/09/10 19:41:15.157, 0, 12288, 11781, 335
2026/09/10 19:41:15.364, 0, 12288, 11781, 335
2026/09/10 19:41:15.572, 0, 12288, 11781, 335
2026/09/10 19:41:15.780, 0, 12288, 11781, 335
2026/09/10 19:41:15.987, 0, 12288, 11781, 335
2026/09/10 19:41:16.193, 0, 12288, 11781, 335
2026/09/10 19:41:16.400, 0, 12288, 11781, 335
2026/09/10 19:41:16.607, 0, 12288, 11781, 335
2026/09/10 19:41:16.814, 0, 12288, 11781, 335
2026/09/10 19:41:17.022, 0, 12288, 11781, 335
2026/09/10 19:41:17.229, 0, 12288, 11781, 335
2026/09/10 19:41:17.435, 0, 12288, 11781, 335
2026/09/10 19:41:17.643, 0, 12288, 11781, 335
2026/09/10 19:41:17.852, 0, 12288, 11781, 335
2026/09/10 19:41:18.060, 0, 12288, 11781, 335
2026/09/10 19:41:18.266, 0, 12288, 11781, 335
2026/09/10 19:41:18.474, 0, 12288, 11781, 335
2026/09/10 19:41:18.682, 0, 12288, 11781, 335
2026/09/10 19:41:18.890, 0, 12288, 11781, 335
2026/09/10 19:41:19.096, 0, 12288, 11781, 335
2026/09/10 19:41:19.303, 0, 12288, 11781, 335
2026/09/10 19:41:19.508, 0, 12288, 11781, 335
2026/09/10 19:41:19.716, 0, 12288, 11781, 335
2026/09/10 19:41:19.923, 0, 12288, 11781, 335
2026/09/10 19:41:20.131, 0, 12288, 11781, 335
2026/09/10 19:41:20.338, 0, 12288, 11781, 335
2026/09/10 19:41:20.546, 0, 12288, 11781, 335
2026/09/10 19:41:20.752, 0, 12288, 11781, 335
2026/09/10 19:41:20.960, 0, 12288, 11781, 335
2026/09/10 19:41:21.167, 0, 12288, 11781, 335
2026/09/10 19:41:21.374, 0, 12288, 11781, 335
2026/09/10 19:41:21.582, 0, 12288, 11781, 335
2026/09/10 19:41:21.788, 0, 12288, 11781, 335
2026/09/10 19:41:21.996, 0, 12288, 11781, 335
2026/09/10 19:41:22.204, 0, 12288, 11781, 335
2026/09/10 19:41:22.412, 0, 12288, 11781, 335
2026/09/10 19:41:22.620, 0, 12288, 11781, 335
2026/09/10 19:41:22.827, 0, 12288, 11781, 335
2026/09/10 19:41:23.035, 0, 12288, 11781, 335
2026/09/10 19:41:23.243, 0, 12288, 11781, 335
2026/09/10 19:41:23.451, 0, 12288, 11781, 335
2026/09/10 19:41:23.658, 0, 12288, 11781, 335
2026/09/10 19:41:23.866, 0, 12288, 11781, 335
2026/09/10 19:41:24.074, 0, 12288, 11781, 335
2026/09/10 19:41:24.282, 0, 12288, 11781, 335
2026/09/10 19:41:24.490, 0, 12288, 11781, 335
2026/09/10 19:41:24.698, 0, 12288, 11781, 335
2026/09/10 19:41:24.906, 0, 12288, 11781, 335
2026/09/10 19:41:25.113, 0, 12288, 11781, 335
2026/09/10 19:41:25.321, 0, 12288, 11781, 335
2026/09/10 19:41:25.528, 0, 12288, 11781, 335
2026/09/10 19:41:25.735, 0, 12288, 11781, 335
2026/09/10 19:41:25.943, 0, 12288, 11781, 335
2026/09/10 19:41:26.151, 0, 12288, 11781, 335
2026/09/10 19:41:26.359, 0, 12288, 11781, 335
2026/09/10 19:41:26.567, 0, 12288, 11781, 335
2026/09/10 19:41:26.775, 0, 12288, 11781, 335
2026/09/10 19:41:26.982, 0, 12288, 11781, 335
2026/09/10 19:41:27.190, 0, 12288, 11781, 335
2026/09/10 19:41:27.396, 0, 12288, 11781, 335
2026/09/10 19:41:27.603, 0, 12288, 11781, 335
2026/09/10 19:41:27.811, 0, 12288, 11781, 335
2026/09/10 19:41:28.018, 0, 12288, 11781, 335
2026/09/10 19:41:28.225, 0, 12288, 11781, 335
2026/09/10 19:41:28.432, 0, 12288, 11781, 335
2026/09/10 19:41:28.640, 0, 12288, 11781, 335
2026/09/10 19:41:28.848, 0, 12288, 11781, 335
2026/09/10 19:41:29.056, 0, 12288, 11781, 335
2026/09/10 19:41:29.264, 0, 12288, 11781, 335
2026/09/10 19:41:29.472, 0, 12288, 11781, 335
2026/09/10 19:41:29.679, 0, 12288, 11781, 335
2026/09/10 19:41:29.887, 0, 12288, 11781, 335
2026/09/10 19:41:30.094, 0, 12288, 11781, 335
2026/09/10 19:41:30.302, 0, 12288, 11781, 335
2026/09/10 19:41:30.510, 0, 12288, 11781, 335
2026/09/10 19:41:30.717, 0, 12288, 11781, 335
2026/09/10 19:41:30.923, 0, 12288, 11781, 335
2026/09/10 19:41:31.131, 0, 12288, 11781, 335
2026/09/10 19:41:31.339, 0, 12288, 11781, 335
2026/09/10 19:41:31.547, 0, 12288, 11781, 335
2026/09/10 19:41:31.754, 0, 12288, 11781, 335
2026/09/10 19:41:31.962, 0, 12288, 11781, 335
2026/09/10 19:41:32.168, 0, 12288, 11781, 335
2026/09/10 19:41:32.376, 0, 12288, 11781, 335
2026/09/10 19:41:32.583, 0, 12288, 11781, 335
2026/09/10 19:41:32.791, 0, 12288, 11781, 335
2026/09/10 19:41:32.997, 0, 12288, 11781, 335
2026/09/10 19:41:33.204, 0, 12288, 11781, 335
2026/09/10 19:41:33.412, 0, 12288, 11781, 335
2026/09/10 19:41:33.620, 0, 12288, 11781, 335
2026/09/10 19:41:33.843, 0, 12288, 11781, 335
2026/09/10 19:41:34.051, 0, 12288, 11781, 335
2026/09/10 19:41:34.258, 0, 12288, 11781, 335
2026/09/10 19:41:34.466, 0, 12288, 11781, 335
2026/09/10 19:41:34.674, 0, 12288, 11781, 335
2026/09/10 19:41:34.881, 0, 12288, 11781, 335
2026/09/10 19:41:35.088, 0, 12288, 11781, 335
2026/09/10 19:41:35.295, 0, 12288, 11781, 335
2026/09/10 19:41:35.502, 0, 12288, 11781, 335
2026/09/10 19:41:35.710, 0, 12288, 11781, 335
2026/09/10 19:41:35.916, 0, 12288, 11781, 335
2026/09/10 19:41:36.124, 0, 12288, 11781, 335
2026/09/10 19:41:36.331, 0, 12288, 11781, 335
2026/09/10 19:41:36.539, 0, 12288, 11781, 335
2026/09/10 19:41:36.747, 0, 12288, 11781, 335
2026/09/10 19:41:36.955, 0, 12288, 11781, 335
2026/09/10 19:41:37.163, 0, 12288, 11781, 335
2026/09/10 19:41:37.371, 0, 12288, 11781, 335
2026/09/10 19:41:37.579, 0, 12288, 11781, 335
2026/09/10 19:41:37.786, 0, 12288, 11781, 335
2026/09/10 19:41:37.994, 0, 12288, 11781, 335
2026/09/10 19:41:38.202, 0, 12288, 11781, 335
2026/09/10 19:41:38.410, 0, 12288, 11781, 335
2026/09/10 19:41:38.615, 0, 12288, 11781, 335
2026/09/10 19:41:38.823, 0, 12288, 11781, 335
2026/09/10 19:41:39.030, 0, 12288, 11781, 335
2026/09/10 19:41:39.238, 0, 12288, 11781, 335
2026/09/10 19:41:39.446, 0, 12288, 11781, 335
2026/09/10 19:41:39.654, 0, 12288, 11781, 335
2026/09/10 19:41:39.862, 0, 12288, 11781, 335
2026/09/10 19:41:40.070, 0, 12288, 11781, 335
2026/09/10 19:41:40.277, 0, 12288, 11781, 335
2026/09/10 19:41:40.484, 0, 12288, 11781, 335
2026/09/10 19:41:40.691, 0, 12288, 11781, 335
2026/09/10 19:41:40.899, 0, 12288, 11781, 335
2026/09/10 19:41:41.107, 0, 12288, 11781, 335
2026/09/10 19:41:41.315, 0, 12288, 11781, 335
2026/09/10 19:41:41.523, 0, 12288, 11781, 335
2026/09/10 19:41:41.731, 0, 12288, 11781, 335
2026/09/10 19:41:41.937, 0, 12288, 11781, 335
2026/09/10 19:41:42.144, 0, 12288, 11781, 335
2026/09/10 19:41:42.351, 0, 12288, 11781, 335
2026/09/10 19:41:42.559, 0, 12288, 11781, 335
2026/09/10 19:41:42.767, 0, 12288, 11781, 335
2026/09/10 19:41:42.973, 0, 12288, 11781, 335
2026/09/10 19:41:43.180, 0, 12288, 11781, 335
2026/09/10 19:41:43.388, 0, 12288, 11781, 335
2026/09/10 19:41:43.596, 0, 12288, 11781, 335
2026/09/10 19:41:43.804, 0, 12288, 11781, 335
2026/09/10 19:41:44.012, 0, 12288, 11781, 335
2026/09/10 19:41:44.216, 0, 12288, 11781, 335
2026/09/10 19:41:44.423, 0, 12288, 11781, 335
2026/09/10 19:41:44.630, 0, 12288, 11781, 335
2026/09/10 19:41:44.837, 0, 12288, 11781, 335
2026/09/10 19:41:45.045, 0, 12288, 11781, 335
2026/09/10 19:41:45.251, 0, 12288, 11781, 335
2026/09/10 19:41:45.458, 0, 12288, 11781, 335
2026/09/10 19:41:45.667, 0, 12288, 11781, 335
2026/09/10 19:41:45.875, 0, 12288, 11781, 335
2026/09/10 19:41:46.082, 0, 12288, 11781, 335
2026/09/10 19:41:46.289, 0, 12288, 11781, 335
2026/09/10 19:41:46.497, 0, 12288, 11781, 335
2026/09/10 19:41:46.704, 0, 12288, 11781, 335
2026/09/10 19:41:46.912, 0, 12288, 11781, 335
2026/09/10 19:41:47.120, 0, 12288, 11781, 335
2026/09/10 19:41:47.327, 0, 12288, 11781, 335
2026/09/10 19:41:47.534, 0, 12288, 11781, 335
2026/09/10 19:41:47.742, 0, 12288, 11781, 335
2026/09/10 19:41:47.949, 0, 12288, 11781, 335
2026/09/10 19:41:48.157, 0, 12288, 11781, 335
2026/09/10 19:41:48.365, 0, 12288, 11781, 335
2026/09/10 19:41:48.573, 0, 12288, 11781, 335
2026/09/10 19:41:48.780, 0, 12288, 11781, 335
2026/09/10 19:41:48.987, 0, 12288, 11781, 335
2026/09/10 19:41:49.195, 0, 12288, 11781, 335
2026/09/10 19:41:49.401, 0, 12288, 11781, 335
2026/09/10 19:41:49.609, 0, 12288, 11781, 335
2026/09/10 19:41:49.813, 0, 12288, 11781, 335
2026/09/10 19:41:50.019, 0, 12288, 11781, 335
2026/09/10 19:41:50.226, 0, 12288, 11781, 335
2026/09/10 19:41:50.434, 0, 12288, 11781, 335
2026/09/10 19:41:50.641, 0, 12288, 11781, 335
2026/09/10 19:41:50.848, 0, 12288, 11781, 335
2026/09/10 19:41:51.056, 0, 12288, 11781, 335
2026/09/10 19:41:51.264, 0, 12288, 11781, 335
2026/09/10 19:41:51.472, 0, 12288, 11781, 335
2026/09/10 19:41:51.679, 0, 12288, 11781, 335
2026/09/10 19:41:51.887, 0, 12288, 11781, 335
2026/09/10 19:41:52.094, 0, 12288, 11781, 335
2026/09/10 19:41:52.300, 0, 12288, 11781, 335
2026/09/10 19:41:52.507, 0, 12288, 11781, 335
2026/09/10 19:41:52.714, 0, 12288, 11781, 335
2026/09/10 19:41:52.921, 0, 12288, 11781, 335
2026/09/10 19:41:53.128, 0, 12288, 11781, 335
2026/09/10 19:41:53.336, 0, 12288, 11781, 335
2026/09/10 19:41:53.544, 0, 12288, 11781, 335
2026/09/10 19:41:53.750, 0, 12288, 11781, 335
2026/09/10 19:41:53.958, 0, 12288, 11781, 335
2026/09/10 19:41:54.165, 0, 12288, 11781, 335
2026/09/10 19:41:54.373, 0, 12288, 11781, 335
2026/09/10 19:41:54.581, 0, 12288, 11781, 335
2026/09/10 19:41:54.789, 0, 12288, 11781, 335
2026/09/10 19:41:54.996, 0, 12288, 11781, 335
2026/09/10 19:41:55.203, 0, 12288, 11781, 335
2026/09/10 19:41:55.409, 0, 12288, 11781, 335
2026/09/10 19:41:55.616, 0, 12288, 11781, 335
2026/09/10 19:41:55.824, 0, 12288, 11781, 335
2026/09/10 19:41:56.032, 0, 12288, 11781, 335
2026/09/10 19:41:56.239, 0, 12288, 11781, 335
2026/09/10 19:41:56.447, 0, 12288, 11781, 335
2026/09/10 19:41:56.655, 0, 12288, 11781, 335
2026/09/10 19:41:56.862, 0, 12288, 11781, 335
2026/09/10 19:41:57.070, 0, 12288, 11781, 335
2026/09/10 19:41:57.277, 0, 12288, 11781, 335
2026/09/10 19:41:57.484, 0, 12288, 11781, 335
2026/09/10 19:41:57.692, 0, 12288, 11781, 335
2026/09/10 19:41:57.900, 0, 12288, 11781, 335
2026/09/10 19:41:58.108, 0, 12288, 11781, 335
2026/09/10 19:41:58.315, 0, 12288, 11781, 335
2026/09/10 19:41:58.523, 0, 12288, 11781, 335
2026/09/10 19:41:58.731, 0, 12288, 11781, 335
2026/09/10 19:41:58.938, 0, 12288, 11781, 335
2026/09/10 19:41:59.143, 0, 12288, 11781, 335
2026/09/10 19:41:59.348, 0, 12288, 11781, 335
2026/09/10 19:41:59.556, 0, 12288, 11781, 335
2026/09/10 19:41:59.763, 0, 12288, 11781, 335
2026/09/10 19:41:59.969, 0, 12288, 11781, 335
2026/09/10 19:42:00.177, 0, 12288, 11781, 335
2026/09/10 19:42:00.385, 0, 12288, 11781, 335
2026/09/10 19:42:00.592, 0, 12288, 11781, 335
2026/09/10 19:42:00.800, 0, 12288, 11781, 335
2026/09/10 19:42:01.004, 0, 12288, 11781, 335
2026/09/10 19:42:01.211, 0, 12288, 11781, 335
2026/09/10 19:42:01.418, 0, 12288, 11781, 335
2026/09/10 19:42:01.625, 0, 12288, 11781, 335
2026/09/10 19:42:01.832, 0, 12288, 11781, 335
2026/09/10 19:42:02.040, 0, 12288, 11781, 335
2026/09/10 19:42:02.247, 0, 12288, 11781, 335
2026/09/10 19:42:02.452, 0, 12288, 11781, 335
2026/09/10 19:42:02.660, 0, 12288, 11781, 335
2026/09/10 19:42:02.868, 0, 12288, 11781, 335
2026/09/10 19:42:03.075, 0, 12288, 11781, 335
2026/09/10 19:42:03.282, 0, 12288, 11781, 335
2026/09/10 19:42:03.490, 0, 12288, 11781, 335
2026/09/10 19:42:03.697, 0, 12288, 11781, 335
2026/09/10 19:42:03.903, 0, 12288, 11781, 335
2026/09/10 19:42:04.111, 0, 12288, 11781, 335
2026/09/10 19:42:04.319, 0, 12288, 11781, 335
2026/09/10 19:42:04.526, 0, 12288, 11781, 335
2026/09/10 19:42:04.733, 0, 12288, 11781, 335
2026/09/10 19:42:04.941, 0, 12288, 11781, 335
2026/09/10 19:42:05.148, 0, 12288, 11781, 335
2026/09/10 19:42:05.356, 0, 12288, 11781, 335
2026/09/10 19:42:05.564, 0, 12288, 11781, 335
2026/09/10 19:42:05.772, 0, 12288, 11781, 335
2026/09/10 19:42:05.980, 0, 12288, 11781, 335
2026/09/10 19:42:06.188, 0, 12288, 11781, 335
2026/09/10 19:42:06.394, 0, 12288, 11781, 335
2026/09/10 19:42:06.601, 0, 12288, 11781, 335
2026/09/10 19:42:06.808, 0, 12288, 11781, 335
2026/09/10 19:42:07.016, 0, 12288, 11781, 335
2026/09/10 19:42:07.223, 0, 12288, 11781, 335
2026/09/10 19:42:07.429, 0, 12288, 11781, 335
2026/09/10 19:42:07.637, 0, 12288, 11781, 335
2026/09/10 19:42:07.843, 0, 12288, 11781, 335
2026/09/10 19:42:08.050, 0, 12288, 11781, 335
2026/09/10 19:42:08.258, 0, 12288, 11781, 335
2026/09/10 19:42:08.466, 0, 12288, 11781, 335
2026/09/10 19:42:08.674, 0, 12288, 11781, 335
2026/09/10 19:42:08.882, 0, 12288, 11781, 335
2026/09/10 19:42:09.089, 0, 12288, 11781, 335
2026/09/10 19:42:09.297, 0, 12288, 11781, 335
2026/09/10 19:42:09.504, 0, 12288, 11781, 335
2026/09/10 19:42:09.710, 0, 12288, 11781, 335
2026/09/10 19:42:09.916, 0, 12288, 11781, 335
2026/09/10 19:42:10.123, 0, 12288, 11781, 335
2026/09/10 19:42:10.330, 0, 12288, 11781, 335
2026/09/10 19:42:10.537, 0, 12288, 11781, 335
2026/09/10 19:42:10.744, 0, 12288, 11781, 335
2026/09/10 19:42:10.951, 0, 12288, 11781, 335
2026/09/10 19:42:11.159, 0, 12288, 11781, 335
2026/09/10 19:42:11.366, 0, 12288, 11781, 335
2026/09/10 19:42:11.574, 0, 12288, 11781, 335
2026/09/10 19:42:11.782, 0, 12288, 11781, 335
2026/09/10 19:42:12.005, 0, 12288, 11781, 335
2026/09/10 19:42:12.210, 0, 12288, 11781, 335
2026/09/10 19:42:12.418, 0, 12288, 11781, 335
2026/09/10 19:42:12.625, 0, 12288, 11781, 335
2026/09/10 19:42:12.833, 0, 12288, 11781, 335
2026/09/10 19:42:13.040, 0, 12288, 11781, 335
2026/09/10 19:42:13.248, 0, 12288, 11781, 335
2026/09/10 19:42:13.454, 0, 12288, 11781, 335
2026/09/10 19:42:13.662, 0, 12288, 11781, 335
2026/09/10 19:42:13.868, 0, 12288, 11781, 335
2026/09/10 19:42:14.076, 0, 12288, 11781, 335
2026/09/10 19:42:14.284, 0, 12288, 11781, 335
2026/09/10 19:42:14.492, 0, 12288, 11781, 335
2026/09/10 19:42:14.699, 0, 12288, 11781, 335
2026/09/10 19:42:14.907, 0, 12288, 11781, 335
2026/09/10 19:42:15.114, 0, 12288, 11781, 335
2026/09/10 19:42:15.322, 0, 12288, 11781, 335
2026/09/10 19:42:15.530, 0, 12288, 11781, 335
2026/09/10 19:42:15.737, 0, 12288, 11781, 335
2026/09/10 19:42:15.944, 0, 12288, 11781, 335
2026/09/10 19:42:16.150, 0, 12288, 11781, 335
2026/09/10 19:42:16.358, 0, 12288, 11781, 335
2026/09/10 19:42:16.566, 0, 12288, 11781, 335
2026/09/10 19:42:16.774, 0, 12288, 11781, 335
2026/09/10 19:42:16.982, 0, 12288, 11781, 335
2026/09/10 19:42:17.190, 0, 12288, 11781, 335
2026/09/10 19:42:17.397, 0, 12288, 11781, 335
2026/09/10 19:42:17.605, 0, 12288, 11781, 335
2026/09/10 19:42:17.810, 0, 12288, 11781, 335
2026/09/10 19:42:18.017, 0, 12288, 11781, 335
2026/09/10 19:42:18.225, 0, 12288, 11781, 335
2026/09/10 19:42:18.433, 0, 12288, 11781, 335
2026/09/10 19:42:18.639, 0, 12288, 11781, 335
2026/09/10 19:42:18.847, 0, 12288, 11781, 335
2026/09/10 19:42:19.054, 0, 12288, 11781, 335
2026/09/10 19:42:19.261, 0, 12288, 11781, 335
2026/09/10 19:42:19.469, 0, 12288, 11781, 335
2026/09/10 19:42:19.677, 0, 12288, 11781, 335
2026/09/10 19:42:19.885, 0, 12288, 11781, 335
2026/09/10 19:42:20.092, 0, 12288, 11781, 335
2026/09/10 19:42:20.299, 0, 12288, 11781, 335
2026/09/10 19:42:20.507, 0, 12288, 11781, 335
2026/09/10 19:42:20.715, 0, 12288, 11781, 335
2026/09/10 19:42:20.922, 0, 12288, 11781, 335
2026/09/10 19:42:21.130, 0, 12288, 11781, 335
2026/09/10 19:42:21.337, 0, 12288, 11781, 335
2026/09/10 19:42:21.545, 0, 12288, 11781, 335
2026/09/10 19:42:21.751, 0, 12288, 11781, 335
2026/09/10 19:42:21.958, 0, 12288, 11781, 335
2026/09/10 19:42:22.166, 0, 12288, 11781, 335
2026/09/10 19:42:22.374, 0, 12288, 11781, 335
2026/09/10 19:42:22.581, 0, 12288, 11781, 335
2026/09/10 19:42:22.788, 0, 12288, 11781, 335
2026/09/10 19:42:22.994, 0, 12288, 11781, 335
2026/09/10 19:42:23.202, 0, 12288, 11781, 335
2026/09/10 19:42:23.407, 0, 12288, 11781, 335
2026/09/10 19:42:23.614, 0, 12288, 11781, 335
2026/09/10 19:42:23.821, 0, 12288, 11781, 335
2026/09/10 19:42:24.028, 0, 12288, 11781, 335
2026/09/10 19:42:24.234, 0, 12288, 11781, 335
2026/09/10 19:42:24.442, 0, 12288, 11781, 335
2026/09/10 19:42:24.650, 0, 12288, 11781, 335
2026/09/10 19:42:24.857, 0, 12288, 11781, 335
2026/09/10 19:42:25.064, 0, 12288, 11781, 335
2026/09/10 19:42:25.271, 0, 12288, 11781, 335
2026/09/10 19:42:25.478, 0, 12288, 11781, 335
2026/09/10 19:42:25.685, 0, 12288, 11781, 335
2026/09/10 19:42:25.892, 0, 12288, 11781, 335
2026/09/10 19:42:26.100, 0, 12288, 11781, 335
2026/09/10 19:42:26.308, 0, 12288, 11781, 335
2026/09/10 19:42:26.511, 0, 12288, 11781, 335
2026/09/10 19:42:26.718, 0, 12288, 11781, 335
2026/09/10 19:42:26.926, 0, 12288, 11781, 335
2026/09/10 19:42:27.132, 0, 12288, 11781, 335
2026/09/10 19:42:27.340, 0, 12288, 11781, 335
2026/09/10 19:42:27.548, 0, 12288, 11781, 335
2026/09/10 19:42:27.755, 0, 12288, 11781, 335
2026/09/10 19:42:27.962, 0, 12288, 11781, 335
2026/09/10 19:42:28.169, 0, 12288, 11781, 335
2026/09/10 19:42:28.376, 0, 12288, 11781, 335
2026/09/10 19:42:28.583, 0, 12288, 11781, 335
2026/09/10 19:42:28.791, 0, 12288, 11781, 335
2026/09/10 19:42:28.998, 0, 12288, 11781, 335
2026/09/10 19:42:29.206, 0, 12288, 11781, 335
2026/09/10 19:42:29.414, 0, 12288, 11781, 335
2026/09/10 19:42:29.620, 0, 12288, 11781, 335
2026/09/10 19:42:29.828, 0, 12288, 11781, 335
2026/09/10 19:42:30.036, 0, 12288, 11781, 335
2026/09/10 19:42:30.243, 0, 12288, 11781, 335
2026/09/10 19:42:30.451, 0, 12288, 11781, 335
2026/09/10 19:42:30.659, 0, 12288, 11781, 335
2026/09/10 19:42:30.867, 0, 12288, 11781, 335
2026/09/10 19:42:31.090, 0, 12288, 11781, 335
2026/09/10 19:42:31.296, 0, 12288, 11781, 335
2026/09/10 19:42:31.504, 0, 12288, 11781, 335
2026/09/10 19:42:31.712, 0, 12288, 11781, 335
2026/09/10 19:42:31.920, 0, 12288, 11781, 335
2026/09/10 19:42:32.128, 0, 12288, 11781, 335
2026/09/10 19:42:32.335, 0, 12288, 11781, 335
2026/09/10 19:42:32.543, 0, 12288, 11781, 335
2026/09/10 19:42:32.751, 0, 12288, 11781, 335
2026/09/10 19:42:32.959, 0, 12288, 11781, 335
2026/09/10 19:42:33.166, 0, 12288, 11781, 335
2026/09/10 19:42:33.374, 0, 12288, 11781, 335
2026/09/10 19:42:33.580, 0, 12288, 11781, 335
2026/09/10 19:42:33.785, 0, 12288, 11781, 335
2026/09/10 19:42:33.993, 0, 12288, 11781, 335
2026/09/10 19:42:34.200, 0, 12288, 11781, 335
2026/09/10 19:42:34.407, 0, 12288, 11781, 335
2026/09/10 19:42:34.609, 0, 12288, 11781, 335
2026/09/10 19:42:34.816, 0, 12288, 11781, 335
2026/09/10 19:42:35.023, 0, 12288, 11781, 335
2026/09/10 19:42:35.230, 0, 12288, 11781, 335
2026/09/10 19:42:35.437, 0, 12288, 11781, 335
2026/09/10 19:42:35.644, 0, 12288, 11781, 335
2026/09/10 19:42:35.850, 0, 12288, 11781, 335
2026/09/10 19:42:36.057, 0, 12288, 11781, 335
2026/09/10 19:42:36.265, 0, 12288, 11781, 335
2026/09/10 19:42:36.472, 0, 12288, 11781, 335
2026/09/10 19:42:36.680, 0, 12288, 11781, 335
2026/09/10 19:42:36.888, 0, 12288, 11781, 335
2026/09/10 19:42:37.096, 0, 12288, 11781, 335
2026/09/10 19:42:37.303, 0, 12288, 11781, 335
2026/09/10 19:42:37.510, 0, 12288, 11781, 335
2026/09/10 19:42:37.717, 0, 12288, 11781, 335
2026/09/10 19:42:37.924, 0, 12288, 11781, 335
2026/09/10 19:42:38.132, 0, 12288, 11781, 335
2026/09/10 19:42:38.339, 0, 12288, 11781, 335
2026/09/10 19:42:38.547, 0, 12288, 11781, 335
2026/09/10 19:42:38.755, 0, 12288, 11781, 335
2026/09/10 19:42:38.963, 0, 12288, 11781, 335
2026/09/10 19:42:39.170, 0, 12288, 11781, 335
2026/09/10 19:42:39.378, 0, 12288, 11781, 335
2026/09/10 19:42:39.585, 0, 12288, 11781, 335
2026/09/10 19:42:39.793, 0, 12288, 11781, 335
2026/09/10 19:42:40.000, 0, 12288, 11781, 335
2026/09/10 19:42:40.203, 0, 12288, 11781, 335
2026/09/10 19:42:40.409, 0, 12288, 11781, 335
2026/09/10 19:42:40.617, 0, 12288, 11781, 335
2026/09/10 19:42:40.824, 0, 12288, 11781, 335
2026/09/10 19:42:41.031, 0, 12288, 11781, 335
2026/09/10 19:42:41.239, 0, 12288, 11781, 335
2026/09/10 19:42:41.447, 0, 12288, 11781, 335
2026/09/10 19:42:41.655, 0, 12288, 11781, 335
2026/09/10 19:42:41.863, 0, 12288, 11781, 335
2026/09/10 19:42:42.071, 0, 12288, 11781, 335
2026/09/10 19:42:42.279, 0, 12288, 11781, 335
2026/09/10 19:42:42.486, 0, 12288, 11781, 335
2026/09/10 19:42:42.694, 0, 12288, 11781, 335
2026/09/10 19:42:42.902, 0, 12288, 11781, 335
2026/09/10 19:42:43.109, 0, 12288, 11781, 335
2026/09/10 19:42:43.316, 0, 12288, 11781, 335
2026/09/10 19:42:43.524, 0, 12288, 11781, 335
2026/09/10 19:42:43.732, 0, 12288, 11781, 335
2026/09/10 19:42:43.940, 0, 12288, 11781, 335
2026/09/10 19:42:44.148, 0, 12288, 11781, 335
2026/09/10 19:42:44.356, 0, 12288, 11781, 335
2026/09/10 19:42:44.563, 0, 12288, 11781, 335
2026/09/10 19:42:44.770, 0, 12288, 11781, 335
2026/09/10 19:42:44.978, 0, 12288, 11781, 335
2026/09/10 19:42:45.184, 0, 12288, 11781, 335
2026/09/10 19:42:45.391, 0, 12288, 11781, 335
2026/09/10 19:42:45.598, 0, 12288, 11781, 335
2026/09/10 19:42:45.802, 0, 12288, 11781, 335
2026/09/10 19:42:46.008, 0, 12288, 11781, 335
2026/09/10 19:42:46.216, 0, 12288, 11781, 335
2026/09/10 19:42:46.424, 0, 12288, 11781, 335
2026/09/10 19:42:46.632, 0, 12288, 11781, 335
2026/09/10 19:42:46.840, 0, 12288, 11781, 335
2026/09/10 19:42:47.047, 0, 12288, 11781, 335
2026/09/10 19:42:47.255, 0, 12288, 11781, 335
2026/09/10 19:42:47.461, 0, 12288, 11781, 335
2026/09/10 19:42:47.669, 0, 12288, 11781, 335
2026/09/10 19:42:47.876, 0, 12288, 11781, 335
2026/09/10 19:42:48.083, 0, 12288, 11781, 335
2026/09/10 19:42:48.290, 0, 12288, 11781, 335
2026/09/10 19:42:48.498, 0, 12288, 11781, 335
2026/09/10 19:42:48.704, 0, 12288, 11781, 335
2026/09/10 19:42:48.912, 0, 12288, 11781, 335
2026/09/10 19:42:49.120, 0, 12288, 11781, 335
2026/09/10 19:42:49.327, 0, 12288, 11781, 335
2026/09/10 19:42:49.535, 0, 12288, 11781, 335
2026/09/10 19:42:49.742, 0, 12288, 11781, 335
2026/09/10 19:42:49.950, 0, 12288, 11781, 335
2026/09/10 19:42:50.157, 0, 12288, 11781, 335
2026/09/10 19:42:50.363, 0, 12288, 11781, 335
2026/09/10 19:42:50.571, 0, 12288, 11781, 335
2026/09/10 19:42:50.779, 0, 12288, 11781, 335
2026/09/10 19:42:50.987, 0, 12288, 11781, 335
2026/09/10 19:42:51.194, 0, 12288, 11781, 335
2026/09/10 19:42:51.398, 0, 12288, 11781, 335
2026/09/10 19:42:51.607, 0, 12288, 11781, 335
2026/09/10 19:42:51.815, 0, 12288, 11781, 335
2026/09/10 19:42:52.023, 0, 12288, 11781, 335
2026/09/10 19:42:52.230, 0, 12288, 11781, 335
2026/09/10 19:42:52.438, 0, 12288, 11781, 335
2026/09/10 19:42:52.646, 0, 12288, 11781, 335
2026/09/10 19:42:52.853, 0, 12288, 11781, 335
2026/09/10 19:42:53.060, 0, 12288, 11781, 335
2026/09/10 19:42:53.268, 0, 12288, 11781, 335
2026/09/10 19:42:53.476, 0, 12288, 11781, 335
2026/09/10 19:42:53.684, 0, 12288, 11781, 335
2026/09/10 19:42:53.891, 0, 12288, 11781, 335
2026/09/10 19:42:54.098, 0, 12288, 11781, 335
2026/09/10 19:42:54.306, 0, 12288, 11781, 335
2026/09/10 19:42:54.512, 0, 12288, 11781, 335
2026/09/10 19:42:54.717, 0, 12288, 11781, 335
2026/09/10 19:42:54.924, 0, 12288, 11781, 335
2026/09/10 19:42:55.129, 0, 12288, 11781, 335
2026/09/10 19:42:55.332, 0, 12288, 11781, 335
2026/09/10 19:42:55.537, 0, 12288, 11781, 335
2026/09/10 19:42:55.742, 0, 12288, 11781, 335
2026/09/10 19:42:55.947, 0, 12288, 11781, 335
2026/09/10 19:42:56.155, 0, 12288, 11781, 335
2026/09/10 19:42:56.361, 0, 12288, 11781, 335
2026/09/10 19:42:56.568, 0, 12288, 11781, 335
2026/09/10 19:42:56.776, 0, 12288, 11781, 335
2026/09/10 19:42:56.980, 0, 12288, 11781, 335
2026/09/10 19:42:57.188, 0, 12288, 11781, 335
2026/09/10 19:42:57.389, 0, 12288, 11781, 335
2026/09/10 19:42:57.595, 0, 12288, 11781, 335
2026/09/10 19:42:57.804, 0, 12288, 11781, 335
2026/09/10 19:42:58.007, 0, 12288, 11781, 335
2026/09/10 19:42:58.215, 0, 12288, 11781, 335
2026/09/10 19:42:58.419, 0, 12288, 11781, 335
2026/09/10 19:42:58.625, 0, 12288, 11781, 335
2026/09/10 19:42:58.831, 0, 12288, 11781, 335
2026/09/10 19:42:59.036, 0, 12288, 11781, 335
2026/09/10 19:42:59.244, 0, 12288, 11781, 335
2026/09/10 19:42:59.449, 0, 12288, 11781, 335
2026/09/10 19:42:59.655, 0, 12288, 11781, 335
2026/09/10 19:42:59.860, 0, 12288, 11781, 335
2026/09/10 19:43:00.063, 0, 12288, 11781, 335
2026/09/10 19:43:00.271, 0, 12288, 11781, 335
2026/09/10 19:43:00.477, 0, 12288, 11781, 335
2026/09/10 19:43:00.683, 0, 12288, 11781, 335
2026/09/10 19:43:00.890, 0, 12288, 11781, 335
2026/09/10 19:43:01.093, 0, 12288, 11781, 335
2026/09/10 19:43:01.297, 0, 12288, 11781, 335
2026/09/10 19:43:01.504, 0, 12288, 11781, 335
2026/09/10 19:43:01.708, 0, 12288, 11781, 335
2026/09/10 19:43:01.916, 0, 12288, 11781, 335
2026/09/10 19:43:02.123, 0, 12288, 11781, 335
2026/09/10 19:43:02.326, 0, 12288, 11781, 335
2026/09/10 19:43:02.531, 0, 12288, 11781, 335
2026/09/10 19:43:02.735, 0, 12288, 11781, 335
2026/09/10 19:43:02.943, 0, 12288, 11781, 335
2026/09/10 19:43:03.151, 0, 12288, 11781, 335
2026/09/10 19:43:03.357, 0, 12288, 11781, 335
2026/09/10 19:43:03.565, 0, 12288, 11781, 335
2026/09/10 19:43:03.769, 0, 12288, 11781, 335
2026/09/10 19:43:03.975, 0, 12288, 11781, 335
2026/09/10 19:43:04.183, 0, 12288, 11781, 335
2026/09/10 19:43:04.389, 0, 12288, 11781, 335
2026/09/10 19:43:04.596, 0, 12288, 11781, 335
2026/09/10 19:43:04.802, 0, 12288, 11781, 335
2026/09/10 19:43:05.006, 0, 12288, 11781, 335
2026/09/10 19:43:05.213, 0, 12288, 11781, 335
2026/09/10 19:43:05.417, 0, 12288, 11781, 335
2026/09/10 19:43:05.623, 0, 12288, 11781, 335
2026/09/10 19:43:05.830, 0, 12288, 11781, 335
2026/09/10 19:43:06.036, 0, 12288, 11781, 335
2026/09/10 19:43:06.244, 0, 12288, 11781, 335
2026/09/10 19:43:06.451, 0, 12288, 11781, 335
2026/09/10 19:43:06.656, 0, 12288, 11781, 335
2026/09/10 19:43:06.863, 0, 12288, 11781, 335
2026/09/10 19:43:07.068, 0, 12288, 11781, 335
2026/09/10 19:43:07.275, 0, 12288, 11781, 335
2026/09/10 19:43:07.482, 0, 12288, 11781, 335
2026/09/10 19:43:07.686, 0, 12288, 11781, 335
2026/09/10 19:43:07.893, 0, 12288, 11781, 335
2026/09/10 19:43:08.099, 0, 12288, 11781, 335
2026/09/10 19:43:08.304, 0, 12288, 11781, 335
2026/09/10 19:43:08.512, 0, 12288, 11781, 335
2026/09/10 19:43:08.717, 0, 12288, 11781, 335
2026/09/10 19:43:08.922, 0, 12288, 11781, 335
2026/09/10 19:43:09.129, 0, 12288, 11781, 335
2026/09/10 19:43:09.334, 0, 12288, 11781, 335
2026/09/10 19:43:09.541, 0, 12288, 11781, 335
2026/09/10 19:43:09.748, 0, 12288, 11781, 335
2026/09/10 19:43:09.954, 0, 12288, 11781, 335
2026/09/10 19:43:10.161, 0, 12288, 11781, 335
2026/09/10 19:43:10.367, 0, 12288, 11781, 335
2026/09/10 19:43:10.572, 0, 12288, 11781, 335
2026/09/10 19:43:10.775, 0, 12288, 11781, 335
2026/09/10 19:43:10.980, 0, 12288, 11781, 335
2026/09/10 19:43:11.186, 0, 12288, 11781, 335
2026/09/10 19:43:11.394, 0, 12288, 11781, 335
2026/09/10 19:43:11.599, 0, 12288, 11781, 335
2026/09/10 19:43:11.806, 0, 12288, 11781, 335
2026/09/10 19:43:12.014, 0, 12288, 11781, 335
2026/09/10 19:43:12.217, 0, 12288, 11781, 335
2026/09/10 19:43:12.424, 0, 12288, 11781, 335
2026/09/10 19:43:12.632, 0, 12288, 11781, 335
2026/09/10 19:43:12.837, 0, 12288, 11781, 335
2026/09/10 19:43:13.045, 0, 12288, 11781, 335
2026/09/10 19:43:13.248, 0, 12288, 11781, 335
2026/09/10 19:43:13.454, 0, 12288, 11781, 335
2026/09/10 19:43:13.659, 0, 12288, 11781, 335
2026/09/10 19:43:13.862, 0, 12288, 11781, 335
2026/09/10 19:43:14.068, 0, 12288, 11781, 335
2026/09/10 19:43:14.275, 0, 12288, 11781, 335
2026/09/10 19:43:14.478, 0, 12288, 11781, 335
2026/09/10 19:43:14.686, 0, 12288, 11781, 335
2026/09/10 19:43:14.892, 0, 12288, 11781, 335
2026/09/10 19:43:15.095, 0, 12288, 11781, 335
2026/09/10 19:43:15.303, 0, 12288, 11781, 335
2026/09/10 19:43:15.511, 0, 12288, 11781, 335
2026/09/10 19:43:15.714, 0, 12288, 11781, 335
2026/09/10 19:43:15.922, 0, 12288, 11781, 335
2026/09/10 19:43:16.128, 0, 12288, 11781, 335
2026/09/10 19:43:16.332, 0, 12288, 11781, 335
2026/09/10 19:43:16.540, 0, 12288, 11781, 335
2026/09/10 19:43:16.745, 0, 12288, 11781, 335
2026/09/10 19:43:16.951, 0, 12288, 11781, 335
2026/09/10 19:43:17.158, 0, 12288, 11781, 335
2026/09/10 19:43:17.362, 0, 12288, 11781, 335
2026/09/10 19:43:17.570, 0, 12288, 11781, 335
2026/09/10 19:43:17.777, 0, 12288, 11781, 335
2026/09/10 19:43:17.981, 0, 12288, 11781, 335
2026/09/10 19:43:18.188, 0, 12288, 11781, 335
2026/09/10 19:43:18.395, 0, 12288, 11781, 335
2026/09/10 19:43:18.599, 0, 12288, 11781, 335
2026/09/10 19:43:18.808, 0, 12288, 11781, 335
2026/09/10 19:43:19.013, 0, 12288, 11781, 335
2026/09/10 19:43:19.217, 0, 12288, 11781, 335
2026/09/10 19:43:19.425, 0, 12288, 11781, 335
2026/09/10 19:43:19.629, 0, 12288, 11781, 335
2026/09/10 19:43:19.834, 0, 12288, 11781, 335
2026/09/10 19:43:20.040, 0, 12288, 11781, 335
2026/09/10 19:43:20.246, 0, 12288, 11781, 335
2026/09/10 19:43:20.452, 0, 12288, 11781, 335
2026/09/10 19:43:20.660, 0, 12288, 11781, 335
2026/09/10 19:43:20.863, 0, 12288, 11783, 333
2026/09/10 19:43:21.066, 0, 12288, 11783, 333
2026/09/10 19:43:21.271, 0, 12288, 11783, 333
2026/09/10 19:43:21.479, 0, 12288, 11783, 333
2026/09/10 19:43:21.686, 0, 12288, 11783, 333
2026/09/10 19:43:21.894, 0, 12288, 11783, 333
2026/09/10 19:43:22.102, 0, 12288, 11783, 333
2026/09/10 19:43:22.309, 0, 12288, 11783, 333
2026/09/10 19:43:22.517, 0, 12288, 11783, 333
2026/09/10 19:43:22.724, 0, 12288, 11783, 333
2026/09/10 19:43:22.932, 0, 12288, 11783, 333
2026/09/10 19:43:23.140, 0, 12288, 11783, 333
2026/09/10 19:43:23.347, 0, 12288, 11783, 333
2026/09/10 19:43:23.555, 0, 12288, 11783, 333
2026/09/10 19:43:23.762, 0, 12288, 11783, 333
2026/09/10 19:43:23.969, 0, 12288, 11783, 333
2026/09/10 19:43:24.176, 0, 12288, 11783, 333
2026/09/10 19:43:24.383, 0, 12288, 11783, 333
2026/09/10 19:43:24.591, 0, 12288, 11783, 333
2026/09/10 19:43:24.796, 0, 12288, 11783, 333
2026/09/10 19:43:25.003, 0, 12288, 11783, 333
2026/09/10 19:43:25.209, 0, 12288, 11783, 333
2026/09/10 19:43:25.417, 0, 12288, 11783, 333
2026/09/10 19:43:25.624, 0, 12288, 11783, 333
2026/09/10 19:43:25.832, 0, 12288, 11783, 333
2026/09/10 19:43:26.040, 0, 12288, 11783, 333
2026/09/10 19:43:26.248, 0, 12288, 11783, 333
2026/09/10 19:43:26.455, 0, 12288, 11783, 333
2026/09/10 19:43:26.663, 0, 12288, 11783, 333
2026/09/10 19:43:26.870, 0, 12288, 11783, 333
2026/09/10 19:43:27.078, 0, 12288, 11783, 333
2026/09/10 19:43:27.284, 0, 12288, 11783, 333
2026/09/10 19:43:27.492, 0, 12288, 11783, 333
2026/09/10 19:43:27.700, 0, 12288, 11783, 333
2026/09/10 19:43:27.908, 0, 12288, 11783, 333
2026/09/10 19:43:28.116, 0, 12288, 11783, 333
2026/09/10 19:43:28.323, 0, 12288, 11783, 333
2026/09/10 19:43:28.531, 0, 12288, 11783, 333
2026/09/10 19:43:28.739, 0, 12288, 11783, 333
2026/09/10 19:43:28.947, 0, 12288, 11783, 333
2026/09/10 19:43:29.155, 0, 12288, 11783, 333
2026/09/10 19:43:29.363, 0, 12288, 11783, 333
2026/09/10 19:43:29.571, 0, 12288, 11783, 333
2026/09/10 19:43:29.778, 0, 12288, 11783, 333
2026/09/10 19:43:29.986, 0, 12288, 11783, 333
2026/09/10 19:43:30.194, 0, 12288, 11783, 333
2026/09/10 19:43:30.398, 0, 12288, 11783, 333
2026/09/10 19:43:30.604, 0, 12288, 11783, 333
2026/09/10 19:43:30.812, 0, 12288, 11783, 333
2026/09/10 19:43:31.020, 0, 12288, 11783, 333
2026/09/10 19:43:31.227, 0, 12288, 11783, 333
2026/09/10 19:43:31.434, 0, 12288, 11783, 333
2026/09/10 19:43:31.642, 0, 12288, 11783, 333
2026/09/10 19:43:31.850, 0, 12288, 11783, 333
2026/09/10 19:43:32.058, 0, 12288, 11783, 333
2026/09/10 19:43:32.265, 0, 12288, 11783, 333
2026/09/10 19:43:32.473, 0, 12288, 11783, 333
2026/09/10 19:43:32.680, 0, 12288, 11783, 333
2026/09/10 19:43:32.888, 0, 12288, 11783, 333
2026/09/10 19:43:33.096, 0, 12288, 11783, 333
2026/09/10 19:43:33.304, 0, 12288, 11783, 333
2026/09/10 19:43:33.512, 0, 12288, 11783, 333
2026/09/10 19:43:33.719, 0, 12288, 11783, 333
2026/09/10 19:43:33.927, 0, 12288, 11783, 333
2026/09/10 19:43:34.134, 0, 12288, 11783, 333
2026/09/10 19:43:34.342, 0, 12288, 11783, 333
2026/09/10 19:43:34.550, 0, 12288, 11783, 333
2026/09/10 19:43:34.757, 0, 12288, 11783, 333
2026/09/10 19:43:34.963, 0, 12288, 11783, 333
2026/09/10 19:43:35.169, 0, 12288, 11783, 333
2026/09/10 19:43:35.376, 0, 12288, 11783, 333
2026/09/10 19:43:35.584, 0, 12288, 11783, 333
2026/09/10 19:43:35.792, 0, 12288, 11783, 333
2026/09/10 19:43:35.998, 0, 12288, 11783, 333
2026/09/10 19:43:36.206, 0, 12288, 11783, 333
2026/09/10 19:43:36.412, 0, 12288, 11783, 333
2026/09/10 19:43:36.620, 0, 12288, 11783, 333
2026/09/10 19:43:36.828, 0, 12288, 11783, 333
2026/09/10 19:43:37.036, 0, 12288, 11783, 333
2026/09/10 19:43:37.243, 0, 12288, 11783, 333
2026/09/10 19:43:37.450, 0, 12288, 11783, 333
2026/09/10 19:43:37.658, 0, 12288, 11783, 333
2026/09/10 19:43:37.864, 0, 12288, 11783, 333
2026/09/10 19:43:38.072, 0, 12288, 11783, 333
2026/09/10 19:43:38.279, 0, 12288, 11783, 333
2026/09/10 19:43:38.486, 0, 12288, 11783, 333
2026/09/10 19:43:38.693, 0, 12288, 11783, 333
2026/09/10 19:43:38.901, 0, 12288, 11783, 333
2026/09/10 19:43:39.108, 0, 12288, 11783, 333
2026/09/10 19:43:39.316, 0, 12288, 11783, 333
2026/09/10 19:43:39.522, 0, 12288, 11783, 333
2026/09/10 19:43:39.727, 0, 12288, 11783, 333
2026/09/10 19:43:39.935, 0, 12288, 11783, 333
2026/09/10 19:43:40.142, 0, 12288, 11783, 333
2026/09/10 19:43:40.350, 0, 12288, 11783, 333
2026/09/10 19:43:40.558, 0, 12288, 11783, 333
2026/09/10 19:43:40.764, 0, 12288, 11783, 333
2026/09/10 19:43:40.972, 0, 12288, 11783, 333
2026/09/10 19:43:41.180, 0, 12288, 11783, 333
2026/09/10 19:43:41.388, 0, 12288, 11783, 333
2026/09/10 19:43:41.593, 0, 12288, 11783, 333
2026/09/10 19:43:41.800, 0, 12288, 11783, 333
2026/09/10 19:43:42.008, 0, 12288, 11783, 333
2026/09/10 19:43:42.215, 0, 12288, 11783, 333
2026/09/10 19:43:42.423, 0, 12288, 11783, 333
2026/09/10 19:43:42.631, 0, 12288, 11783, 333
2026/09/10 19:43:42.839, 0, 12288, 11783, 333
2026/09/10 19:43:43.047, 0, 12288, 11783, 333
2026/09/10 19:43:43.254, 0, 12288, 11783, 333
2026/09/10 19:43:43.460, 0, 12288, 11783, 333
2026/09/10 19:43:43.667, 0, 12288, 11783, 333
2026/09/10 19:43:43.875, 0, 12288, 11783, 333
2026/09/10 19:43:44.082, 0, 12288, 11783, 333
2026/09/10 19:43:44.289, 0, 12288, 11783, 333
2026/09/10 19:43:44.495, 0, 12288, 11783, 333
2026/09/10 19:43:44.701, 0, 12288, 11783, 333
2026/09/10 19:43:44.909, 0, 12288, 11783, 333
2026/09/10 19:43:45.116, 0, 12288, 11783, 333
2026/09/10 19:43:45.325, 0, 12288, 11783, 333
2026/09/10 19:43:45.531, 0, 12288, 11783, 333
2026/09/10 19:43:45.739, 0, 12288, 11783, 333
2026/09/10 19:43:45.946, 0, 12288, 11783, 333
2026/09/10 19:43:46.154, 0, 12288, 11783, 333
2026/09/10 19:43:46.361, 0, 12288, 11783, 333
2026/09/10 19:43:46.568, 0, 12288, 11783, 333
2026/09/10 19:43:46.776, 0, 12288, 11783, 333
2026/09/10 19:43:46.984, 0, 12288, 11783, 333
2026/09/10 19:43:47.189, 0, 12288, 11783, 333
2026/09/10 19:43:47.396, 0, 12288, 11783, 333
2026/09/10 19:43:47.604, 0, 12288, 11783, 333
2026/09/10 19:43:47.811, 0, 12288, 11783, 333
2026/09/10 19:43:48.018, 0, 12288, 11783, 333
2026/09/10 19:43:48.225, 0, 12288, 11783, 333
2026/09/10 19:43:48.432, 0, 12288, 11783, 333
2026/09/10 19:43:48.639, 0, 12288, 11783, 333
2026/09/10 19:43:48.845, 0, 12288, 11783, 333
2026/09/10 19:43:49.053, 0, 12288, 11783, 333
2026/09/10 19:43:49.260, 0, 12288, 11783, 333
2026/09/10 19:43:49.468, 0, 12288, 11783, 333
2026/09/10 19:43:49.675, 0, 12288, 11783, 333
2026/09/10 19:43:49.881, 0, 12288, 11783, 333
2026/09/10 19:43:50.088, 0, 12288, 11783, 333
2026/09/10 19:43:50.294, 0, 12288, 11783, 333
2026/09/10 19:43:50.501, 0, 12288, 11783, 333
2026/09/10 19:43:50.708, 0, 12288, 11783, 333
2026/09/10 19:43:50.916, 0, 12288, 11783, 333
2026/09/10 19:43:51.124, 0, 12288, 11783, 333
2026/09/10 19:43:51.331, 0, 12288, 11783, 333
2026/09/10 19:43:51.539, 0, 12288, 11783, 333
2026/09/10 19:43:51.747, 0, 12288, 11783, 333
2026/09/10 19:43:51.954, 0, 12288, 11783, 333
2026/09/10 19:43:52.162, 0, 12288, 11783, 333
2026/09/10 19:43:52.370, 0, 12288, 11783, 333
2026/09/10 19:43:52.578, 0, 12288, 11783, 333
2026/09/10 19:43:52.783, 0, 12288, 11783, 333
2026/09/10 19:43:52.990, 0, 12288, 11783, 333
2026/09/10 19:43:53.197, 0, 12288, 11783, 333
2026/09/10 19:43:53.404, 0, 12288, 11783, 333
2026/09/10 19:43:53.611, 0, 12288, 11783, 333
2026/09/10 19:43:53.819, 0, 12288, 11783, 333
2026/09/10 19:43:54.027, 0, 12288, 11783, 333
2026/09/10 19:43:54.234, 0, 12288, 11783, 333
2026/09/10 19:43:54.443, 0, 12288, 11783, 333
2026/09/10 19:43:54.650, 0, 12288, 11783, 333
2026/09/10 19:43:54.856, 0, 12288, 11783, 333
2026/09/10 19:43:55.064, 0, 12288, 11783, 333
2026/09/10 19:43:55.271, 0, 12288, 11783, 333
2026/09/10 19:43:55.479, 0, 12288, 11783, 333
2026/09/10 19:43:55.686, 0, 12288, 11783, 333
2026/09/10 19:43:55.894, 0, 12288, 11783, 333
2026/09/10 19:43:56.102, 0, 12288, 11783, 333
2026/09/10 19:43:56.310, 0, 12288, 11783, 333
2026/09/10 19:43:56.518, 0, 12288, 11783, 333
2026/09/10 19:43:56.726, 0, 12288, 11783, 333
2026/09/10 19:43:56.932, 0, 12288, 11783, 333
2026/09/10 19:43:57.139, 0, 12288, 11783, 333
2026/09/10 19:43:57.347, 0, 12288, 11783, 333
2026/09/10 19:43:57.555, 0, 12288, 11783, 333
2026/09/10 19:43:57.763, 0, 12288, 11783, 333
2026/09/10 19:43:57.970, 0, 12288, 11783, 333
2026/09/10 19:43:58.177, 0, 12288, 11783, 333
2026/09/10 19:43:58.385, 0, 12288, 11783, 333
2026/09/10 19:43:58.593, 0, 12288, 11783, 333
2026/09/10 19:43:58.797, 0, 12288, 11783, 333
2026/09/10 19:43:59.005, 0, 12288, 11783, 333
2026/09/10 19:43:59.212, 0, 12288, 11783, 333
2026/09/10 19:43:59.420, 0, 12288, 11783, 333
2026/09/10 19:43:59.626, 0, 12288, 11783, 333
2026/09/10 19:43:59.834, 0, 12288, 11783, 333
2026/09/10 19:44:00.042, 0, 12288, 11783, 333
2026/09/10 19:44:00.250, 0, 12288, 11783, 333
2026/09/10 19:44:00.457, 0, 12288, 11783, 333
2026/09/10 19:44:00.665, 0, 12288, 11783, 333
2026/09/10 19:44:00.873, 0, 12288, 11783, 333
2026/09/10 19:44:01.080, 0, 12288, 11783, 333
2026/09/10 19:44:01.288, 0, 12288, 11783, 333
2026/09/10 19:44:01.496, 0, 12288, 11783, 333
2026/09/10 19:44:01.703, 0, 12288, 11783, 333
2026/09/10 19:44:01.911, 0, 12288, 11783, 333
2026/09/10 19:44:02.119, 0, 12288, 11783, 333
2026/09/10 19:44:02.326, 0, 12288, 11783, 333
2026/09/10 19:44:02.532, 0, 12288, 11783, 333
2026/09/10 19:44:02.739, 0, 12288, 11783, 333
2026/09/10 19:44:02.947, 0, 12288, 11783, 333
2026/09/10 19:44:03.154, 0, 12288, 11783, 333
2026/09/10 19:44:03.362, 0, 12288, 11783, 333
2026/09/10 19:44:03.570, 0, 12288, 11783, 333
2026/09/10 19:44:03.793, 0, 12288, 11783, 333
2026/09/10 19:44:04.002, 0, 12288, 11783, 333
2026/09/10 19:44:04.210, 0, 12288, 11783, 333
2026/09/10 19:44:04.418, 0, 12288, 11783, 333
2026/09/10 19:44:04.625, 0, 12288, 11783, 333
2026/09/10 19:44:04.832, 0, 12288, 11783, 333
2026/09/10 19:44:05.040, 0, 12288, 11783, 333
2026/09/10 19:44:05.246, 0, 12288, 11783, 333
2026/09/10 19:44:05.453, 0, 12288, 11783, 333
2026/09/10 19:44:05.660, 0, 12288, 11783, 333
2026/09/10 19:44:05.868, 0, 12288, 11783, 333
2026/09/10 19:44:06.076, 0, 12288, 11783, 333
2026/09/10 19:44:06.284, 0, 12288, 11783, 333
2026/09/10 19:44:06.508, 0, 12288, 11783, 333
2026/09/10 19:44:06.716, 0, 12288, 11783, 333
2026/09/10 19:44:06.924, 0, 12288, 11783, 333
2026/09/10 19:44:07.131, 0, 12288, 11783, 333
2026/09/10 19:44:07.337, 0, 12288, 11783, 333
2026/09/10 19:44:07.545, 0, 12288, 11783, 333
2026/09/10 19:44:07.752, 0, 12288, 11783, 333
2026/09/10 19:44:07.960, 0, 12288, 11783, 333
2026/09/10 19:44:08.168, 0, 12288, 11783, 333
2026/09/10 19:44:08.376, 0, 12288, 11783, 333
2026/09/10 19:44:08.581, 0, 12288, 11783, 333
2026/09/10 19:44:08.788, 0, 12288, 11783, 333
2026/09/10 19:44:08.995, 0, 12288, 11783, 333
2026/09/10 19:44:09.202, 0, 12288, 11783, 333
2026/09/10 19:44:09.409, 0, 12288, 11783, 333
2026/09/10 19:44:09.616, 0, 12288, 11783, 333
2026/09/10 19:44:09.823, 0, 12288, 11783, 333
2026/09/10 19:44:10.031, 0, 12288, 11783, 333
2026/09/10 19:44:10.239, 0, 12288, 11783, 333
2026/09/10 19:44:10.447, 0, 12288, 11783, 333
2026/09/10 19:44:10.654, 0, 12288, 11783, 333
2026/09/10 19:44:10.859, 0, 12288, 11783, 333
2026/09/10 19:44:11.067, 0, 12288, 11783, 333
2026/09/10 19:44:11.275, 0, 12288, 11783, 333
2026/09/10 19:44:11.483, 0, 12288, 11783, 333
2026/09/10 19:44:11.688, 0, 12288, 11783, 333
2026/09/10 19:44:11.893, 0, 12288, 11783, 333
2026/09/10 19:44:12.098, 0, 12288, 11783, 333
2026/09/10 19:44:12.304, 0, 12288, 11783, 333
2026/09/10 19:44:12.511, 0, 12288, 11783, 333
2026/09/10 19:44:12.719, 0, 12288, 11783, 333
2026/09/10 19:44:12.927, 0, 12288, 11783, 333
2026/09/10 19:44:13.134, 0, 12288, 11783, 333
2026/09/10 19:44:13.341, 0, 12288, 11783, 333
2026/09/10 19:44:13.548, 0, 12288, 11783, 333
2026/09/10 19:44:13.756, 0, 12288, 11783, 333
2026/09/10 19:44:13.962, 0, 12288, 11783, 333
2026/09/10 19:44:14.170, 0, 12288, 11783, 333
2026/09/10 19:44:14.378, 0, 12288, 11783, 333
2026/09/10 19:44:14.585, 0, 12288, 11783, 333
2026/09/10 19:44:14.792, 0, 12288, 11783, 333
2026/09/10 19:44:14.999, 0, 12288, 11783, 333
2026/09/10 19:44:15.206, 0, 12288, 11783, 333
2026/09/10 19:44:15.414, 0, 12288, 11783, 333
2026/09/10 19:44:15.622, 0, 12288, 11783, 333
2026/09/10 19:44:15.829, 0, 12288, 11783, 333
2026/09/10 19:44:16.052, 0, 12288, 11783, 333
2026/09/10 19:44:16.260, 0, 12288, 11783, 333
2026/09/10 19:44:16.466, 0, 12288, 11783, 333
2026/09/10 19:44:16.674, 0, 12288, 11783, 333
2026/09/10 19:44:16.882, 0, 12288, 11783, 333
2026/09/10 19:44:17.089, 0, 12288, 11783, 333
2026/09/10 19:44:17.296, 0, 12288, 11783, 333
2026/09/10 19:44:17.504, 0, 12288, 11783, 333
2026/09/10 19:44:17.712, 0, 12288, 11783, 333
2026/09/10 19:44:17.919, 0, 12288, 11783, 333
2026/09/10 19:44:18.126, 0, 12288, 11783, 333
2026/09/10 19:44:18.333, 0, 12288, 11783, 333
2026/09/10 19:44:18.541, 0, 12288, 11783, 333
2026/09/10 19:44:18.748, 0, 12288, 11783, 333
2026/09/10 19:44:18.956, 0, 12288, 11783, 333
2026/09/10 19:44:19.161, 0, 12288, 11783, 333
2026/09/10 19:44:19.368, 0, 12288, 11783, 333
2026/09/10 19:44:19.574, 0, 12288, 11783, 333
2026/09/10 19:44:19.780, 0, 12288, 11783, 333
2026/09/10 19:44:19.987, 0, 12288, 11783, 333
2026/09/10 19:44:20.193, 0, 12288, 11783, 333
2026/09/10 19:44:20.401, 0, 12288, 11783, 333
2026/09/10 19:44:20.609, 0, 12288, 11783, 333
2026/09/10 19:44:20.816, 0, 12288, 11783, 333
2026/09/10 19:44:21.024, 0, 12288, 11783, 333
2026/09/10 19:44:21.232, 0, 12288, 11783, 333
2026/09/10 19:44:21.438, 0, 12288, 11783, 333
2026/09/10 19:44:21.646, 0, 12288, 11783, 333
2026/09/10 19:44:21.854, 0, 12288, 11783, 333
2026/09/10 19:44:22.060, 0, 12288, 11783, 333
2026/09/10 19:44:22.267, 0, 12288, 11783, 333
2026/09/10 19:44:22.474, 0, 12288, 11783, 333
2026/09/10 19:44:22.682, 0, 12288, 11783, 333
2026/09/10 19:44:22.889, 0, 12288, 11783, 333
2026/09/10 19:44:23.096, 0, 12288, 11783, 333
2026/09/10 19:44:23.303, 0, 12288, 11783, 333
2026/09/10 19:44:23.510, 0, 12288, 11783, 333
2026/09/10 19:44:23.718, 0, 12288, 11783, 333
2026/09/10 19:44:23.926, 0, 12288, 11783, 333
2026/09/10 19:44:24.132, 0, 12288, 11783, 333
2026/09/10 19:44:24.338, 0, 12288, 11783, 333
2026/09/10 19:44:24.545, 0, 12288, 11783, 333
2026/09/10 19:44:24.752, 0, 12288, 11783, 333
2026/09/10 19:44:24.959, 0, 12288, 11783, 333
2026/09/10 19:44:25.166, 0, 12288, 11783, 333
2026/09/10 19:44:25.374, 0, 12288, 11783, 333
2026/09/10 19:44:25.580, 0, 12288, 11783, 333
2026/09/10 19:44:25.787, 0, 12288, 11783, 333
2026/09/10 19:44:25.995, 0, 12288, 11783, 333
2026/09/10 19:44:26.203, 0, 12288, 11783, 333
2026/09/10 19:44:26.411, 0, 12288, 11783, 333
2026/09/10 19:44:26.619, 0, 12288, 11783, 333
2026/09/10 19:44:26.827, 0, 12288, 11783, 333
2026/09/10 19:44:27.034, 0, 12288, 11783, 333
2026/09/10 19:44:27.242, 0, 12288, 11783, 333
2026/09/10 19:44:27.450, 0, 12288, 11783, 333
2026/09/10 19:44:27.656, 0, 12288, 11783, 333
2026/09/10 19:44:27.864, 0, 12288, 11783, 333
2026/09/10 19:44:28.072, 0, 12288, 11783, 333
2026/09/10 19:44:28.279, 0, 12288, 11783, 333
2026/09/10 19:44:28.484, 0, 12288, 11783, 333
2026/09/10 19:44:28.691, 0, 12288, 11783, 333
2026/09/10 19:44:28.896, 0, 12288, 11783, 333
2026/09/10 19:44:29.102, 0, 12288, 11783, 333
2026/09/10 19:44:29.310, 0, 12288, 11783, 333
2026/09/10 19:44:29.518, 0, 12288, 11783, 333
2026/09/10 19:44:29.726, 0, 12288, 11783, 333
2026/09/10 19:44:29.933, 0, 12288, 11783, 333
2026/09/10 19:44:30.140, 0, 12288, 11783, 333
2026/09/10 19:44:30.347, 0, 12288, 11783, 333
2026/09/10 19:44:30.555, 0, 12288, 11783, 333
2026/09/10 19:44:30.763, 0, 12288, 11783, 333
2026/09/10 19:44:30.970, 0, 12288, 11783, 333
2026/09/10 19:44:31.178, 0, 12288, 11783, 333
2026/09/10 19:44:31.386, 0, 12288, 11783, 333
2026/09/10 19:44:31.593, 0, 12288, 11783, 333
2026/09/10 19:44:31.800, 0, 12288, 11783, 333
2026/09/10 19:44:32.008, 0, 12288, 11783, 333
2026/09/10 19:44:32.215, 0, 12288, 11783, 333
2026/09/10 19:44:32.422, 0, 12288, 11783, 333
2026/09/10 19:44:32.630, 0, 12288, 11783, 333
2026/09/10 19:44:32.838, 0, 12288, 11783, 333
2026/09/10 19:44:33.046, 0, 12288, 11783, 333
2026/09/10 19:44:33.251, 0, 12288, 11783, 333
2026/09/10 19:44:33.459, 0, 12288, 11783, 333
2026/09/10 19:44:33.665, 0, 12288, 11783, 333
2026/09/10 19:44:33.871, 0, 12288, 11783, 333
2026/09/10 19:44:34.078, 0, 12288, 11783, 333
2026/09/10 19:44:34.286, 0, 12288, 11783, 333
2026/09/10 19:44:34.494, 0, 12288, 11783, 333
2026/09/10 19:44:34.702, 0, 12288, 11783, 333
2026/09/10 19:44:34.909, 0, 12288, 11783, 333
2026/09/10 19:44:35.132, 0, 12288, 11783, 333
2026/09/10 19:44:35.338, 0, 12288, 11783, 333
2026/09/10 19:44:35.546, 0, 12288, 11783, 333
2026/09/10 19:44:35.754, 0, 12288, 11783, 333
2026/09/10 19:44:35.962, 0, 12288, 11783, 333
2026/09/10 19:44:36.168, 0, 12288, 11783, 333
2026/09/10 19:44:36.376, 0, 12288, 11783, 333
2026/09/10 19:44:36.583, 0, 12288, 11783, 333
2026/09/10 19:44:36.791, 0, 12288, 11783, 333
2026/09/10 19:44:36.999, 0, 12288, 11783, 333
2026/09/10 19:44:37.207, 0, 12288, 11783, 333
2026/09/10 19:44:37.415, 0, 12288, 11783, 333
2026/09/10 19:44:37.623, 0, 12288, 11783, 333
2026/09/10 19:44:37.830, 0, 12288, 11783, 333
2026/09/10 19:44:38.036, 0, 12288, 11783, 333
2026/09/10 19:44:38.244, 0, 12288, 11783, 333
2026/09/10 19:44:38.452, 0, 12288, 11783, 333
2026/09/10 19:44:38.659, 0, 12288, 11783, 333
2026/09/10 19:44:38.865, 0, 12288, 11783, 333
2026/09/10 19:44:39.072, 0, 12288, 11783, 333
2026/09/10 19:44:39.279, 0, 12288, 11783, 333
2026/09/10 19:44:39.485, 0, 12288, 11783, 333
2026/09/10 19:44:39.692, 0, 12288, 11783, 333
2026/09/10 19:44:39.899, 0, 12288, 11783, 333
2026/09/10 19:44:40.107, 0, 12288, 11783, 333
2026/09/10 19:44:40.313, 0, 12288, 11783, 333
2026/09/10 19:44:40.520, 0, 12288, 11783, 333
2026/09/10 19:44:40.727, 0, 12288, 11783, 333
2026/09/10 19:44:40.935, 0, 12288, 11783, 333
2026/09/10 19:44:41.142, 0, 12288, 11783, 333
2026/09/10 19:44:41.349, 0, 12288, 11783, 333
2026/09/10 19:44:41.557, 0, 12288, 11783, 333
2026/09/10 19:44:41.764, 0, 12288, 11783, 333
2026/09/10 19:44:41.971, 0, 12288, 11783, 333
2026/09/10 19:44:42.179, 0, 12288, 11783, 333
2026/09/10 19:44:42.386, 0, 12288, 11783, 333
2026/09/10 19:44:42.594, 0, 12288, 11783, 333
2026/09/10 19:44:42.800, 0, 12288, 11783, 333
2026/09/10 19:44:43.008, 0, 12288, 11783, 333
2026/09/10 19:44:43.216, 0, 12288, 11783, 333
2026/09/10 19:44:43.422, 0, 12288, 11783, 333
2026/09/10 19:44:43.630, 0, 12288, 11783, 333
2026/09/10 19:44:43.838, 0, 12288, 11783, 333
2026/09/10 19:44:44.046, 0, 12288, 11783, 333
2026/09/10 19:44:44.253, 0, 12288, 11783, 333
2026/09/10 19:44:44.459, 0, 12288, 11783, 333
2026/09/10 19:44:44.682, 0, 12288, 11783, 333
2026/09/10 19:44:44.890, 0, 12288, 11783, 333
2026/09/10 19:44:45.097, 0, 12288, 11783, 333
2026/09/10 19:44:45.305, 0, 12288, 11783, 333
2026/09/10 19:44:45.513, 0, 12288, 11783, 333
2026/09/10 19:44:45.721, 0, 12288, 11783, 333
2026/09/10 19:44:45.928, 0, 12288, 11783, 333
2026/09/10 19:44:46.136, 0, 12288, 11783, 333
2026/09/10 19:44:46.344, 0, 12288, 11783, 333
2026/09/10 19:44:46.552, 0, 12288, 11783, 333
2026/09/10 19:44:46.760, 0, 12288, 11783, 333
2026/09/10 19:44:46.968, 0, 12288, 11783, 333
2026/09/10 19:44:47.175, 0, 12288, 11783, 333
2026/09/10 19:44:47.381, 0, 12288, 11783, 333
2026/09/10 19:44:47.588, 0, 12288, 11783, 333
2026/09/10 19:44:47.796, 0, 12288, 11783, 333
2026/09/10 19:44:48.003, 0, 12288, 11783, 333
2026/09/10 19:44:48.211, 0, 12288, 11783, 333
2026/09/10 19:44:48.419, 0, 12288, 11783, 333
2026/09/10 19:44:48.627, 0, 12288, 11783, 333
2026/09/10 19:44:48.833, 0, 12288, 11783, 333
2026/09/10 19:44:49.041, 0, 12288, 11783, 333
2026/09/10 19:44:49.248, 0, 12288, 11783, 333
2026/09/10 19:44:49.455, 0, 12288, 11783, 333
2026/09/10 19:44:49.663, 0, 12288, 11783, 333
2026/09/10 19:44:49.868, 0, 12288, 11783, 333
2026/09/10 19:44:50.075, 0, 12288, 11783, 333
2026/09/10 19:44:50.282, 0, 12288, 11783, 333
2026/09/10 19:44:50.490, 0, 12288, 11783, 333
2026/09/10 19:44:50.698, 0, 12288, 11783, 333
2026/09/10 19:44:50.906, 0, 12288, 11783, 333
2026/09/10 19:44:51.114, 0, 12288, 11783, 333
2026/09/10 19:44:51.321, 0, 12288, 11783, 333
2026/09/10 19:44:51.528, 0, 12288, 11783, 333
2026/09/10 19:44:51.736, 0, 12288, 11783, 333
2026/09/10 19:44:51.944, 0, 12288, 11783, 333
2026/09/10 19:44:52.152, 0, 12288, 11783, 333
2026/09/10 19:44:52.360, 0, 12288, 11783, 333
2026/09/10 19:44:52.568, 0, 12288, 11783, 333
2026/09/10 19:44:52.776, 0, 12288, 11783, 333
2026/09/10 19:44:52.984, 0, 12288, 11783, 333
2026/09/10 19:44:53.191, 0, 12288, 11783, 333
2026/09/10 19:44:53.398, 0, 12288, 11783, 333
2026/09/10 19:44:53.606, 0, 12288, 11783, 333
2026/09/10 19:44:53.813, 0, 12288, 11783, 333
2026/09/10 19:44:54.019, 0, 12288, 11783, 333
2026/09/10 19:44:54.227, 0, 12288, 11783, 333
2026/09/10 19:44:54.434, 0, 12288, 11783, 333
2026/09/10 19:44:54.640, 0, 12288, 11783, 333
2026/09/10 19:44:54.847, 0, 12288, 11783, 333
2026/09/10 19:44:55.055, 0, 12288, 11783, 333
2026/09/10 19:44:55.262, 0, 12288, 11783, 333
2026/09/10 19:44:55.467, 0, 12288, 11783, 333
2026/09/10 19:44:55.674, 0, 12288, 11783, 333
2026/09/10 19:44:55.881, 0, 12288, 11783, 333
2026/09/10 19:44:56.089, 0, 12288, 11783, 333
2026/09/10 19:44:56.296, 0, 12288, 11783, 333
2026/09/10 19:44:56.504, 0, 12288, 11783, 333
2026/09/10 19:44:56.712, 0, 12288, 11783, 333
2026/09/10 19:44:56.919, 0, 12288, 11783, 333
2026/09/10 19:44:57.126, 0, 12288, 11783, 333
2026/09/10 19:44:57.334, 0, 12288, 11783, 333
2026/09/10 19:44:57.542, 0, 12288, 11783, 333
2026/09/10 19:44:57.750, 0, 12288, 11783, 333
2026/09/10 19:44:57.958, 0, 12288, 11783, 333
2026/09/10 19:44:58.165, 0, 12288, 11783, 333
2026/09/10 19:44:58.373, 0, 12288, 11783, 333
2026/09/10 19:44:58.580, 0, 12288, 11783, 333
2026/09/10 19:44:58.788, 0, 12288, 11783, 333
2026/09/10 19:44:58.996, 0, 12288, 11783, 333
2026/09/10 19:44:59.204, 0, 12288, 11783, 333
2026/09/10 19:44:59.412, 0, 12288, 11783, 333
2026/09/10 19:44:59.618, 0, 12288, 11783, 333
2026/09/10 19:44:59.825, 0, 12288, 11783, 333
2026/09/10 19:45:00.032, 0, 12288, 11783, 333
2026/09/10 19:45:00.240, 0, 12288, 11783, 333
2026/09/10 19:45:00.448, 0, 12288, 11783, 333
2026/09/10 19:45:00.655, 0, 12288, 11783, 333
2026/09/10 19:45:00.863, 0, 12288, 11783, 333
2026/09/10 19:45:01.069, 0, 12288, 11783, 333
2026/09/10 19:45:01.276, 0, 12288, 11783, 333
2026/09/10 19:45:01.484, 0, 12288, 11783, 333
2026/09/10 19:45:01.692, 0, 12288, 11783, 333
2026/09/10 19:45:01.900, 0, 12288, 11783, 333
2026/09/10 19:45:02.108, 0, 12288, 11783, 333
2026/09/10 19:45:02.315, 0, 12288, 11783, 333
2026/09/10 19:45:02.522, 0, 12288, 11783, 333
2026/09/10 19:45:02.728, 0, 12288, 11783, 333
2026/09/10 19:45:02.935, 0, 12288, 11783, 333
2026/09/10 19:45:03.143, 0, 12288, 11783, 333
2026/09/10 19:45:03.351, 0, 12288, 11783, 333
2026/09/10 19:45:03.558, 0, 12288, 11783, 333
2026/09/10 19:45:03.764, 0, 12288, 11783, 333
2026/09/10 19:45:03.972, 0, 12288, 11783, 333
2026/09/10 19:45:04.178, 0, 12288, 11783, 333
2026/09/10 19:45:04.386, 0, 12288, 11783, 333
2026/09/10 19:45:04.593, 0, 12288, 11783, 333
2026/09/10 19:45:04.800, 0, 12288, 11783, 333
2026/09/10 19:45:05.008, 0, 12288, 11783, 333
2026/09/10 19:45:05.215, 0, 12288, 11783, 333
2026/09/10 19:45:05.423, 0, 12288, 11783, 333
2026/09/10 19:45:05.631, 0, 12288, 11783, 333
2026/09/10 19:45:05.839, 0, 12288, 11783, 333
2026/09/10 19:45:06.047, 0, 12288, 11783, 333
2026/09/10 19:45:06.255, 0, 12288, 11783, 333
2026/09/10 19:45:06.463, 0, 12288, 11783, 333
2026/09/10 19:45:06.669, 0, 12288, 11783, 333
2026/09/10 19:45:06.876, 0, 12288, 11783, 333
2026/09/10 19:45:07.084, 0, 12288, 11783, 333
2026/09/10 19:45:07.291, 0, 12288, 11783, 333
2026/09/10 19:45:07.499, 0, 12288, 11783, 333
2026/09/10 19:45:07.706, 0, 12288, 11783, 333
2026/09/10 19:45:07.914, 0, 12288, 11783, 333
2026/09/10 19:45:08.121, 0, 12288, 11783, 333
2026/09/10 19:45:08.328, 0, 12288, 11783, 333
2026/09/10 19:45:08.536, 0, 12288, 11783, 333
2026/09/10 19:45:08.744, 0, 12288, 11783, 333
2026/09/10 19:45:08.951, 0, 12288, 11783, 333
2026/09/10 19:45:09.160, 0, 12288, 11783, 333
2026/09/10 19:45:09.367, 0, 12288, 11783, 333
2026/09/10 19:45:09.575, 0, 12288, 11783, 333
2026/09/10 19:45:09.782, 0, 12288, 11783, 333
2026/09/10 19:45:09.990, 0, 12288, 11783, 333
2026/09/10 19:45:10.197, 0, 12288, 11783, 333
2026/09/10 19:45:10.404, 0, 12288, 11783, 333
2026/09/10 19:45:10.611, 0, 12288, 11783, 333
2026/09/10 19:45:10.819, 0, 12288, 11783, 333
2026/09/10 19:45:11.027, 0, 12288, 11783, 333
2026/09/10 19:45:11.235, 0, 12288, 11783, 333
2026/09/10 19:45:11.442, 0, 12288, 11783, 333
2026/09/10 19:45:11.650, 0, 12288, 11783, 333
2026/09/10 19:45:11.858, 0, 12288, 11783, 333
2026/09/10 19:45:12.064, 0, 12288, 11783, 333
2026/09/10 19:45:12.270, 0, 12288, 11783, 333
2026/09/10 19:45:12.478, 0, 12288, 11783, 333
2026/09/10 19:45:12.685, 0, 12288, 11783, 333
2026/09/10 19:45:12.890, 0, 12288, 11783, 333
2026/09/10 19:45:13.095, 0, 12288, 11783, 333
2026/09/10 19:45:13.303, 0, 12288, 11783, 333
2026/09/10 19:45:13.510, 0, 12288, 11783, 333
2026/09/10 19:45:13.718, 0, 12288, 11783, 333
2026/09/10 19:45:13.926, 0, 12288, 11783, 333
2026/09/10 19:45:14.133, 0, 12288, 11783, 333
2026/09/10 19:45:14.341, 0, 12288, 11783, 333
2026/09/10 19:45:14.548, 0, 12288, 11783, 333
2026/09/10 19:45:14.754, 0, 12288, 11783, 333
2026/09/10 19:45:14.962, 0, 12288, 11783, 333
2026/09/10 19:45:15.170, 0, 12288, 11783, 333
2026/09/10 19:45:15.378, 0, 12288, 11783, 333
2026/09/10 19:45:15.586, 0, 12288, 11783, 333
2026/09/10 19:45:15.794, 0, 12288, 11783, 333
2026/09/10 19:45:16.001, 0, 12288, 11783, 333
2026/09/10 19:45:16.207, 0, 12288, 11783, 333
2026/09/10 19:45:16.415, 0, 12288, 11783, 333
2026/09/10 19:45:16.621, 0, 12288, 11783, 333
2026/09/10 19:45:16.829, 0, 12288, 11783, 333
2026/09/10 19:45:17.036, 0, 12288, 11783, 333
2026/09/10 19:45:17.243, 0, 12288, 11783, 333
2026/09/10 19:45:17.451, 0, 12288, 11783, 333
2026/09/10 19:45:17.659, 0, 12288, 11783, 333
2026/09/10 19:45:17.865, 0, 12288, 11783, 333
2026/09/10 19:45:18.073, 0, 12288, 11783, 333
2026/09/10 19:45:18.280, 0, 12288, 11783, 333
2026/09/10 19:45:18.487, 0, 12288, 11783, 333
2026/09/10 19:45:18.693, 0, 12288, 11783, 333
2026/09/10 19:45:18.899, 0, 12288, 11783, 333
2026/09/10 19:45:19.107, 0, 12288, 11783, 333
2026/09/10 19:45:19.315, 0, 12288, 11783, 333
2026/09/10 19:45:19.523, 0, 12288, 11783, 333
2026/09/10 19:45:19.731, 0, 12288, 11783, 333
2026/09/10 19:45:19.938, 0, 12288, 11783, 333
2026/09/10 19:45:20.146, 0, 12288, 11783, 333
2026/09/10 19:45:20.354, 0, 12288, 11783, 333
2026/09/10 19:45:20.561, 0, 12288, 11783, 333
2026/09/10 19:45:20.769, 0, 12288, 11783, 333
2026/09/10 19:45:20.977, 0, 12288, 11783, 333
2026/09/10 19:45:21.185, 0, 12288, 11783, 333
2026/09/10 19:45:21.392, 0, 12288, 11783, 333
2026/09/10 19:45:21.598, 0, 12288, 11783, 333
2026/09/10 19:45:21.806, 0, 12288, 11783, 333
2026/09/10 19:45:22.011, 0, 12288, 11783, 333
2026/09/10 19:45:22.219, 0, 12288, 11783, 333
2026/09/10 19:45:22.426, 0, 12288, 11783, 333
2026/09/10 19:45:22.634, 0, 12288, 11783, 333
2026/09/10 19:45:22.857, 0, 12288, 11783, 333
2026/09/10 19:45:23.063, 0, 12288, 11783, 333
2026/09/10 19:45:23.271, 0, 12288, 11783, 333
2026/09/10 19:45:23.476, 0, 12288, 11783, 333
2026/09/10 19:45:23.684, 0, 12288, 11783, 333
2026/09/10 19:45:23.892, 0, 12288, 11783, 333
2026/09/10 19:45:24.096, 0, 12288, 11783, 333
2026/09/10 19:45:24.304, 0, 12288, 11783, 333
2026/09/10 19:45:24.511, 0, 12288, 11783, 333
2026/09/10 19:45:24.719, 0, 12288, 11783, 333
2026/09/10 19:45:24.926, 0, 12288, 11783, 333
2026/09/10 19:45:25.133, 0, 12288, 11783, 333
2026/09/10 19:45:25.341, 0, 12288, 11783, 333
2026/09/10 19:45:25.549, 0, 12288, 11783, 333
2026/09/10 19:45:25.756, 0, 12288, 11783, 333
2026/09/10 19:45:25.964, 0, 12288, 11783, 333
2026/09/10 19:45:26.172, 0, 12288, 11783, 333
2026/09/10 19:45:26.380, 0, 12288, 11783, 333
2026/09/10 19:45:26.587, 0, 12288, 11783, 333
2026/09/10 19:45:26.795, 0, 12288, 11783, 333
2026/09/10 19:45:27.002, 0, 12288, 11783, 333
2026/09/10 19:45:27.210, 0, 12288, 11783, 333
2026/09/10 19:45:27.417, 0, 12288, 11783, 333
2026/09/10 19:45:27.625, 0, 12288, 11783, 333
2026/09/10 19:45:27.833, 0, 12288, 11783, 333
2026/09/10 19:45:28.041, 0, 12288, 11783, 333
2026/09/10 19:45:28.248, 0, 12288, 11783, 333
2026/09/10 19:45:28.455, 0, 12288, 11783, 333
2026/09/10 19:45:28.663, 0, 12288, 11783, 333
2026/09/10 19:45:28.871, 0, 12288, 11783, 333
2026/09/10 19:45:29.077, 0, 12288, 11783, 333
2026/09/10 19:45:29.285, 0, 12288, 11783, 333
2026/09/10 19:45:29.492, 0, 12288, 11783, 333
2026/09/10 19:45:29.698, 0, 12288, 11783, 333
2026/09/10 19:45:29.906, 0, 12288, 11783, 333
2026/09/10 19:45:30.113, 0, 12288, 11783, 333
2026/09/10 19:45:30.321, 0, 12288, 11783, 333
2026/09/10 19:45:30.529, 0, 12288, 11783, 333
2026/09/10 19:45:30.735, 0, 12288, 11783, 333
2026/09/10 19:45:30.942, 0, 12288, 11783, 333
2026/09/10 19:45:31.148, 0, 12288, 11783, 333
2026/09/10 19:45:31.356, 0, 12288, 11783, 333
2026/09/10 19:45:31.564, 0, 12288, 11783, 333
2026/09/10 19:45:31.772, 0, 12288, 11783, 333
2026/09/10 19:45:31.978, 0, 12288, 11783, 333
2026/09/10 19:45:32.185, 0, 12288, 11783, 333
2026/09/10 19:45:32.393, 0, 12288, 11783, 333
2026/09/10 19:45:32.600, 0, 12288, 11783, 333
2026/09/10 19:45:32.808, 0, 12288, 11783, 333
2026/09/10 19:45:33.016, 0, 12288, 11783, 333
2026/09/10 19:45:33.224, 0, 12288, 11783, 333
2026/09/10 19:45:33.432, 0, 12288, 11783, 333
2026/09/10 19:45:33.639, 0, 12288, 11783, 333
2026/09/10 19:45:33.846, 0, 12288, 11783, 333
2026/09/10 19:45:34.054, 0, 12288, 11783, 333
2026/09/10 19:45:34.262, 0, 12288, 11783, 333
2026/09/10 19:45:34.470, 0, 12288, 11783, 333
2026/09/10 19:45:34.676, 0, 12288, 11783, 333
2026/09/10 19:45:34.883, 0, 12288, 11783, 333
2026/09/10 19:45:35.090, 0, 12288, 11783, 333
2026/09/10 19:45:35.296, 0, 12288, 11783, 333
2026/09/10 19:45:35.503, 0, 12288, 11783, 333
2026/09/10 19:45:35.710, 0, 12288, 11783, 333
2026/09/10 19:45:35.918, 0, 12288, 11783, 333
2026/09/10 19:45:36.126, 0, 12288, 11783, 333
2026/09/10 19:45:36.333, 0, 12288, 11783, 333
2026/09/10 19:45:36.541, 0, 12288, 11783, 333
2026/09/10 19:45:36.748, 0, 12288, 11783, 333
2026/09/10 19:45:36.956, 0, 12288, 11783, 333
2026/09/10 19:45:37.163, 0, 12288, 11783, 333
2026/09/10 19:45:37.371, 0, 12288, 11783, 333
2026/09/10 19:45:37.579, 0, 12288, 11783, 333
2026/09/10 19:45:37.786, 0, 12288, 11783, 333
2026/09/10 19:45:37.991, 0, 12288, 11783, 333
2026/09/10 19:45:38.200, 0, 12288, 11783, 333
2026/09/10 19:45:38.408, 0, 12288, 11783, 333
2026/09/10 19:45:38.616, 0, 12288, 11783, 333
2026/09/10 19:45:38.824, 0, 12288, 11783, 333
2026/09/10 19:45:39.031, 0, 12288, 11783, 333
2026/09/10 19:45:39.238, 0, 12288, 11783, 333
2026/09/10 19:45:39.446, 0, 12288, 11783, 333
2026/09/10 19:45:39.654, 0, 12288, 11783, 333
2026/09/10 19:45:39.861, 0, 12288, 11783, 333
2026/09/10 19:45:40.068, 0, 12288, 11783, 333
2026/09/10 19:45:40.274, 0, 12288, 11783, 333
2026/09/10 19:45:40.481, 0, 12288, 11783, 333
2026/09/10 19:45:40.687, 0, 12288, 11783, 333
2026/09/10 19:45:40.895, 0, 12288, 11783, 333
2026/09/10 19:45:41.102, 0, 12288, 11783, 333
2026/09/10 19:45:41.310, 0, 12288, 11783, 333
2026/09/10 19:45:41.518, 0, 12288, 11783, 333
2026/09/10 19:45:41.725, 0, 12288, 11783, 333
2026/09/10 19:45:41.933, 0, 12288, 11783, 333
2026/09/10 19:45:42.140, 0, 12288, 11783, 333
2026/09/10 19:45:42.347, 0, 12288, 11783, 333
2026/09/10 19:45:42.555, 0, 12288, 11783, 333
2026/09/10 19:45:42.762, 0, 12288, 11783, 333
2026/09/10 19:45:42.970, 0, 12288, 11783, 333
2026/09/10 19:45:43.177, 0, 12288, 11783, 333
2026/09/10 19:45:43.383, 0, 12288, 11783, 333
2026/09/10 19:45:43.590, 0, 12288, 11783, 333
2026/09/10 19:45:43.798, 0, 12288, 11783, 333
2026/09/10 19:45:44.005, 0, 12288, 11783, 333
2026/09/10 19:45:44.212, 0, 12288, 11783, 333
2026/09/10 19:45:44.420, 0, 12288, 11783, 333
2026/09/10 19:45:44.626, 0, 12288, 11783, 333
2026/09/10 19:45:44.832, 0, 12288, 11783, 333
2026/09/10 19:45:45.040, 0, 12288, 11783, 333
2026/09/10 19:45:45.247, 0, 12288, 11783, 333
2026/09/10 19:45:45.455, 0, 12288, 11783, 333
2026/09/10 19:45:45.663, 0, 12288, 11783, 333
2026/09/10 19:45:45.866, 0, 12288, 11783, 333
2026/09/10 19:45:46.073, 0, 12288, 11783, 333
2026/09/10 19:45:46.281, 0, 12288, 11783, 333
2026/09/10 19:45:46.489, 0, 12288, 11783, 333
2026/09/10 19:45:46.697, 0, 12288, 11783, 333
2026/09/10 19:45:46.905, 0, 12288, 11783, 333
2026/09/10 19:45:47.113, 0, 12288, 11783, 333
2026/09/10 19:45:47.320, 0, 12288, 11783, 333
2026/09/10 19:45:47.527, 0, 12288, 11783, 333
2026/09/10 19:45:47.735, 0, 12288, 11783, 333
2026/09/10 19:45:47.943, 0, 12288, 11783, 333
2026/09/10 19:45:48.151, 0, 12288, 11783, 333
2026/09/10 19:45:48.359, 0, 12288, 11783, 333
2026/09/10 19:45:48.566, 0, 12288, 11783, 333
2026/09/10 19:45:48.773, 0, 12288, 11783, 333
2026/09/10 19:45:48.980, 0, 12288, 11783, 333
2026/09/10 19:45:49.188, 0, 12288, 11783, 333
2026/09/10 19:45:49.396, 0, 12288, 11783, 333
2026/09/10 19:45:49.603, 0, 12288, 11783, 333
2026/09/10 19:45:49.811, 0, 12288, 11783, 333
2026/09/10 19:45:50.018, 0, 12288, 11783, 333
2026/09/10 19:45:50.226, 0, 12288, 11783, 333
2026/09/10 19:45:50.434, 0, 12288, 11783, 333
2026/09/10 19:45:50.639, 0, 12288, 11783, 333
2026/09/10 19:45:50.847, 0, 12288, 11783, 333
2026/09/10 19:45:51.055, 0, 12288, 11783, 333
2026/09/10 19:45:51.262, 0, 12288, 11783, 333
2026/09/10 19:45:51.467, 0, 12288, 11783, 333
2026/09/10 19:45:51.675, 0, 12288, 11783, 333
2026/09/10 19:45:51.883, 0, 12288, 11783, 333
2026/09/10 19:45:52.091, 0, 12288, 11783, 333
2026/09/10 19:45:52.298, 0, 12288, 11783, 333
2026/09/10 19:45:52.504, 0, 12288, 11783, 333
2026/09/10 19:45:52.712, 0, 12288, 11783, 333
2026/09/10 19:45:52.919, 0, 12288, 11783, 333
2026/09/10 19:45:53.127, 0, 12288, 11783, 333
2026/09/10 19:45:53.335, 0, 12288, 11783, 333
2026/09/10 19:45:53.543, 0, 12288, 11783, 333
2026/09/10 19:45:53.750, 0, 12288, 11783, 333
2026/09/10 19:45:53.958, 0, 12288, 11783, 333
2026/09/10 19:45:54.165, 0, 12288, 11783, 333
2026/09/10 19:45:54.374, 0, 12288, 11783, 333
2026/09/10 19:45:54.580, 0, 12288, 11783, 333
2026/09/10 19:45:54.787, 0, 12288, 11783, 333
2026/09/10 19:45:54.994, 0, 12288, 11783, 333
2026/09/10 19:45:55.200, 0, 12288, 11783, 333
2026/09/10 19:45:55.406, 0, 12288, 11783, 333
2026/09/10 19:45:55.614, 0, 12288, 11783, 333
2026/09/10 19:45:55.822, 0, 12288, 11783, 333
2026/09/10 19:45:56.030, 0, 12288, 11783, 333
2026/09/10 19:45:56.238, 0, 12288, 11783, 333
2026/09/10 19:45:56.443, 0, 12288, 11783, 333
2026/09/10 19:45:56.651, 0, 12288, 11783, 333
2026/09/10 19:45:56.858, 0, 12288, 11783, 333
2026/09/10 19:45:57.064, 0, 12288, 11783, 333
2026/09/10 19:45:57.271, 0, 12288, 11783, 333
2026/09/10 19:45:57.478, 0, 12288, 11783, 333
2026/09/10 19:45:57.686, 0, 12288, 11783, 333
2026/09/10 19:45:57.893, 0, 12288, 11783, 333
2026/09/10 19:45:58.100, 0, 12288, 11783, 333
2026/09/10 19:45:58.307, 0, 12288, 11783, 333
2026/09/10 19:45:58.515, 0, 12288, 11783, 333
2026/09/10 19:45:58.722, 0, 12288, 11783, 333
2026/09/10 19:45:58.930, 0, 12288, 11783, 333
2026/09/10 19:45:59.138, 0, 12288, 11783, 333
2026/09/10 19:45:59.344, 0, 12288, 11783, 333
2026/09/10 19:45:59.551, 0, 12288, 11783, 333
2026/09/10 19:45:59.759, 0, 12288, 11783, 333
2026/09/10 19:45:59.967, 0, 12288, 11783, 333
2026/09/10 19:46:00.175, 0, 12288, 11783, 333
2026/09/10 19:46:00.383, 0, 12288, 11783, 333
2026/09/10 19:46:00.591, 0, 12288, 11783, 333
2026/09/10 19:46:00.799, 0, 12288, 11783, 333
2026/09/10 19:46:01.005, 0, 12288, 11783, 333
2026/09/10 19:46:01.212, 0, 12288, 11783, 333
2026/09/10 19:46:01.420, 0, 12288, 11783, 333
2026/09/10 19:46:01.627, 0, 12288, 11783, 333
2026/09/10 19:46:01.835, 0, 12288, 11783, 333
2026/09/10 19:46:02.043, 0, 12288, 11783, 333
2026/09/10 19:46:02.250, 0, 12288, 11783, 333
2026/09/10 19:46:02.455, 0, 12288, 11783, 333
2026/09/10 19:46:02.661, 0, 12288, 11783, 333
2026/09/10 19:46:02.867, 0, 12288, 11783, 333
2026/09/10 19:46:03.075, 0, 12288, 11783, 333
2026/09/10 19:46:03.282, 0, 12288, 11783, 333
2026/09/10 19:46:03.490, 0, 12288, 11783, 333
2026/09/10 19:46:03.696, 0, 12288, 11783, 333
2026/09/10 19:46:03.905, 0, 12288, 11783, 333
2026/09/10 19:46:04.112, 0, 12288, 11783, 333
2026/09/10 19:46:04.320, 0, 12288, 11783, 333
2026/09/10 19:46:04.528, 0, 12288, 11783, 333
2026/09/10 19:46:04.734, 0, 12288, 11783, 333
2026/09/10 19:46:04.941, 0, 12288, 11783, 333
2026/09/10 19:46:05.147, 0, 12288, 11783, 333
2026/09/10 19:46:05.355, 0, 12288, 11783, 333
2026/09/10 19:46:05.563, 0, 12288, 11783, 333
2026/09/10 19:46:05.771, 0, 12288, 11783, 333
2026/09/10 19:46:05.979, 0, 12288, 11783, 333
2026/09/10 19:46:06.187, 0, 12288, 11783, 333
2026/09/10 19:46:06.395, 0, 12288, 11783, 333
2026/09/10 19:46:06.603, 0, 12288, 11783, 333
2026/09/10 19:46:06.811, 0, 12288, 11783, 333
2026/09/10 19:46:07.018, 0, 12288, 11783, 333
2026/09/10 19:46:07.225, 0, 12288, 11783, 333
2026/09/10 19:46:07.432, 0, 12288, 11783, 333
2026/09/10 19:46:07.640, 0, 12288, 11783, 333
2026/09/10 19:46:07.847, 0, 12288, 11783, 333
2026/09/10 19:46:08.055, 0, 12288, 11783, 333
2026/09/10 19:46:08.261, 0, 12288, 11783, 333
2026/09/10 19:46:08.468, 0, 12288, 11783, 333
2026/09/10 19:46:08.676, 0, 12288, 11783, 333
2026/09/10 19:46:08.884, 0, 12288, 11783, 333
2026/09/10 19:46:09.091, 0, 12288, 11783, 333
2026/09/10 19:46:09.298, 0, 12288, 11783, 333
2026/09/10 19:46:09.506, 0, 12288, 11783, 333
2026/09/10 19:46:09.714, 0, 12288, 11783, 333
2026/09/10 19:46:09.922, 0, 12288, 11783, 333
2026/09/10 19:46:10.129, 0, 12288, 11783, 333
2026/09/10 19:46:10.336, 0, 12288, 11783, 333
2026/09/10 19:46:10.542, 0, 12288, 11783, 333
2026/09/10 19:46:10.750, 0, 12288, 11783, 333
2026/09/10 19:46:10.958, 0, 12288, 11783, 333
2026/09/10 19:46:11.166, 0, 12288, 11783, 333
2026/09/10 19:46:11.374, 0, 12288, 11783, 333
2026/09/10 19:46:11.581, 0, 12288, 11783, 333
2026/09/10 19:46:11.788, 0, 12288, 11783, 333
2026/09/10 19:46:11.996, 0, 12288, 11783, 333
2026/09/10 19:46:12.204, 0, 12288, 11783, 333
2026/09/10 19:46:12.412, 0, 12288, 11783, 333
2026/09/10 19:46:12.620, 0, 12288, 11783, 333
2026/09/10 19:46:12.828, 0, 12288, 11783, 333
2026/09/10 19:46:13.035, 0, 12288, 11783, 333
2026/09/10 19:46:13.242, 0, 12288, 11783, 333
2026/09/10 19:46:13.450, 0, 12288, 11783, 333
2026/09/10 19:46:13.655, 0, 12288, 11783, 333
2026/09/10 19:46:13.859, 0, 12288, 11783, 333
2026/09/10 19:46:14.064, 0, 12288, 11783, 333
2026/09/10 19:46:14.271, 0, 12288, 11783, 333
2026/09/10 19:46:14.478, 0, 12288, 11783, 333
2026/09/10 19:46:14.686, 0, 12288, 11783, 333
2026/09/10 19:46:14.894, 0, 12288, 11783, 333
2026/09/10 19:46:15.100, 0, 12288, 11783, 333
2026/09/10 19:46:15.308, 0, 12288, 11783, 333
2026/09/10 19:46:15.514, 0, 12288, 11783, 333
2026/09/10 19:46:15.721, 0, 12288, 11783, 333
2026/09/10 19:46:15.928, 0, 12288, 11783, 333
2026/09/10 19:46:16.133, 0, 12288, 11783, 333
2026/09/10 19:46:16.341, 0, 12288, 11783, 333
2026/09/10 19:46:16.547, 0, 12288, 11783, 333
2026/09/10 19:46:16.756, 0, 12288, 11783, 333
2026/09/10 19:46:16.964, 0, 12288, 11783, 333
2026/09/10 19:46:17.168, 0, 12288, 11783, 333
2026/09/10 19:46:17.376, 0, 12288, 11783, 333
2026/09/10 19:46:17.583, 0, 12288, 11783, 333
2026/09/10 19:46:17.789, 0, 12288, 11783, 333
2026/09/10 19:46:17.996, 0, 12288, 11783, 333
2026/09/10 19:46:18.203, 0, 12288, 11783, 333
2026/09/10 19:46:18.409, 0, 12288, 11783, 333
2026/09/10 19:46:18.615, 0, 12288, 11783, 333
2026/09/10 19:46:18.823, 0, 12288, 11783, 333
2026/09/10 19:46:19.031, 0, 12288, 11783, 333
2026/09/10 19:46:19.236, 0, 12288, 11783, 333
2026/09/10 19:46:19.442, 0, 12288, 11783, 333
2026/09/10 19:46:19.650, 0, 12288, 11783, 333
2026/09/10 19:46:19.858, 0, 12288, 11783, 333
2026/09/10 19:46:20.064, 0, 12288, 11783, 333
2026/09/10 19:46:20.272, 0, 12288, 11783, 333
2026/09/10 19:46:20.479, 0, 12288, 11783, 333
2026/09/10 19:46:20.684, 0, 12288, 11783, 333
2026/09/10 19:46:20.892, 0, 12288, 11783, 333
2026/09/10 19:46:21.100, 0, 12288, 11783, 333
2026/09/10 19:46:21.308, 0, 12288, 11783, 333
2026/09/10 19:46:21.515, 0, 12288, 11783, 333
2026/09/10 19:46:21.723, 0, 12288, 11783, 333
2026/09/10 19:46:21.931, 0, 12288, 11783, 333
2026/09/10 19:46:22.139, 0, 12288, 11783, 333
2026/09/10 19:46:22.347, 0, 12288, 11783, 333
2026/09/10 19:46:22.555, 0, 12288, 11783, 333
2026/09/10 19:46:22.763, 0, 12288, 11783, 333
2026/09/10 19:46:22.970, 0, 12288, 11783, 333
2026/09/10 19:46:23.178, 0, 12288, 11783, 333
2026/09/10 19:46:23.385, 0, 12288, 11783, 333
2026/09/10 19:46:23.592, 0, 12288, 11783, 333
2026/09/10 19:46:23.799, 0, 12288, 11783, 333
2026/09/10 19:46:24.006, 0, 12288, 11783, 333
2026/09/10 19:46:24.214, 0, 12288, 11783, 333
2026/09/10 19:46:24.422, 0, 12288, 11783, 333
2026/09/10 19:46:24.630, 0, 12288, 11783, 333
2026/09/10 19:46:24.838, 0, 12288, 11783, 333
2026/09/10 19:46:25.044, 0, 12288, 11783, 333
2026/09/10 19:46:25.249, 0, 12288, 11783, 333
2026/09/10 19:46:25.456, 0, 12288, 11783, 333
2026/09/10 19:46:25.663, 0, 12288, 11783, 333
2026/09/10 19:46:25.869, 0, 12288, 11783, 333
2026/09/10 19:46:26.076, 0, 12288, 11783, 333
2026/09/10 19:46:26.284, 0, 12288, 11783, 333
2026/09/10 19:46:26.492, 0, 12288, 11783, 333
2026/09/10 19:46:26.700, 0, 12288, 11783, 333
2026/09/10 19:46:26.908, 0, 12288, 11783, 333
2026/09/10 19:46:27.116, 0, 12288, 11783, 333
2026/09/10 19:46:27.324, 0, 12288, 11783, 333
2026/09/10 19:46:27.532, 0, 12288, 11783, 333
2026/09/10 19:46:27.740, 0, 12288, 11783, 333
2026/09/10 19:46:27.948, 0, 12288, 11783, 333
2026/09/10 19:46:28.155, 0, 12288, 11783, 333
2026/09/10 19:46:28.363, 0, 12288, 11783, 333
2026/09/10 19:46:28.571, 0, 12288, 11783, 333
2026/09/10 19:46:28.779, 0, 12288, 11783, 333
2026/09/10 19:46:28.987, 0, 12288, 11783, 333
2026/09/10 19:46:29.194, 0, 12288, 11783, 333
2026/09/10 19:46:29.402, 0, 12288, 11783, 333
2026/09/10 19:46:29.609, 0, 12288, 11783, 333
2026/09/10 19:46:29.817, 0, 12288, 11783, 333
2026/09/10 19:46:30.025, 0, 12288, 11783, 333
2026/09/10 19:46:30.232, 0, 12288, 11783, 333
2026/09/10 19:46:30.439, 0, 12288, 11783, 333
2026/09/10 19:46:30.644, 0, 12288, 11783, 333
2026/09/10 19:46:30.851, 0, 12288, 11783, 333
2026/09/10 19:46:31.058, 0, 12288, 11783, 333
2026/09/10 19:46:31.266, 0, 12288, 11783, 333
2026/09/10 19:46:31.474, 0, 12288, 11783, 333
2026/09/10 19:46:31.682, 0, 12288, 11783, 333
2026/09/10 19:46:31.890, 0, 12288, 11783, 333
2026/09/10 19:46:32.098, 0, 12288, 11783, 333
2026/09/10 19:46:32.305, 0, 12288, 11783, 333
2026/09/10 19:46:32.511, 0, 12288, 11783, 333
2026/09/10 19:46:32.718, 0, 12288, 11783, 333
2026/09/10 19:46:32.925, 0, 12288, 11783, 333
2026/09/10 19:46:33.133, 0, 12288, 11783, 333
2026/09/10 19:46:33.340, 0, 12288, 11783, 333
2026/09/10 19:46:33.547, 0, 12288, 11783, 333
2026/09/10 19:46:33.754, 0, 12288, 11783, 333
2026/09/10 19:46:33.961, 0, 12288, 11783, 333
2026/09/10 19:46:34.167, 0, 12288, 11783, 333
2026/09/10 19:46:34.375, 0, 12288, 11783, 333
2026/09/10 19:46:34.581, 0, 12288, 11783, 333
2026/09/10 19:46:34.786, 0, 12288, 11783, 333
2026/09/10 19:46:34.994, 0, 12288, 11783, 333
2026/09/10 19:46:35.200, 0, 12288, 11783, 333
2026/09/10 19:46:35.408, 0, 12288, 11783, 333
2026/09/10 19:46:35.615, 0, 12288, 11783, 333
2026/09/10 19:46:35.823, 0, 12288, 11783, 333
2026/09/10 19:46:36.030, 0, 12288, 11783, 333
2026/09/10 19:46:36.235, 0, 12288, 11783, 333
2026/09/10 19:46:36.457, 0, 12288, 11783, 333
2026/09/10 19:46:36.664, 0, 12288, 11783, 333
2026/09/10 19:46:36.872, 0, 12288, 11783, 333
2026/09/10 19:46:37.080, 0, 12288, 11783, 333
2026/09/10 19:46:37.288, 0, 12288, 11783, 333
2026/09/10 19:46:37.495, 0, 12288, 11783, 333
2026/09/10 19:46:37.703, 0, 12288, 11783, 333
2026/09/10 19:46:37.910, 0, 12288, 11783, 333
2026/09/10 19:46:38.118, 0, 12288, 11783, 333
2026/09/10 19:46:38.325, 0, 12288, 11783, 333
2026/09/10 19:46:38.532, 0, 12288, 11783, 333
2026/09/10 19:46:38.740, 0, 12288, 11783, 333
2026/09/10 19:46:38.948, 0, 12288, 11783, 333
2026/09/10 19:46:39.156, 0, 12288, 11783, 333
2026/09/10 19:46:39.362, 0, 12288, 11783, 333
2026/09/10 19:46:39.570, 0, 12288, 11783, 333
2026/09/10 19:46:39.778, 0, 12288, 11783, 333
2026/09/10 19:46:39.985, 0, 12288, 11783, 333
2026/09/10 19:46:40.192, 0, 12288, 11783, 333
2026/09/10 19:46:40.400, 0, 12288, 11783, 333
2026/09/10 19:46:40.607, 0, 12288, 11783, 333
2026/09/10 19:46:40.814, 0, 12288, 11783, 333
2026/09/10 19:46:41.022, 0, 12288, 11783, 333
2026/09/10 19:46:41.229, 0, 12288, 11783, 333
2026/09/10 19:46:41.437, 0, 12288, 11783, 333
2026/09/10 19:46:41.644, 0, 12288, 11783, 333
2026/09/10 19:46:41.849, 0, 12288, 11783, 333
2026/09/10 19:46:42.057, 0, 12288, 11783, 333
2026/09/10 19:46:42.265, 0, 12288, 11783, 333
2026/09/10 19:46:42.472, 0, 12288, 11783, 333
2026/09/10 19:46:42.680, 0, 12288, 11783, 333
2026/09/10 19:46:42.888, 0, 12288, 11783, 333
2026/09/10 19:46:43.094, 0, 12288, 11783, 333
2026/09/10 19:46:43.301, 0, 12288, 11783, 333
2026/09/10 19:46:43.509, 0, 12288, 11783, 333
2026/09/10 19:46:43.716, 0, 12288, 11783, 333
2026/09/10 19:46:43.922, 0, 12288, 11783, 333
2026/09/10 19:46:44.129, 0, 12288, 11783, 333
2026/09/10 19:46:44.337, 0, 12288, 11783, 333
2026/09/10 19:46:44.543, 0, 12288, 11783, 333
2026/09/10 19:46:44.751, 0, 12288, 11783, 333
2026/09/10 19:46:44.959, 0, 12288, 11783, 333
2026/09/10 19:46:45.166, 0, 12288, 11783, 333
2026/09/10 19:46:45.374, 0, 12288, 11783, 333
2026/09/10 19:46:45.579, 0, 12288, 11783, 333
2026/09/10 19:46:45.787, 0, 12288, 11783, 333
2026/09/10 19:46:46.009, 0, 12288, 11783, 333
2026/09/10 19:46:46.215, 0, 12288, 11783, 333
2026/09/10 19:46:46.422, 0, 12288, 11783, 333
2026/09/10 19:46:46.630, 0, 12288, 11783, 333
2026/09/10 19:46:46.839, 0, 12288, 11783, 333
2026/09/10 19:46:47.046, 0, 12288, 11783, 333
2026/09/10 19:46:47.253, 0, 12288, 11783, 333
2026/09/10 19:46:47.460, 0, 12288, 11783, 333
2026/09/10 19:46:47.667, 0, 12288, 11783, 333
2026/09/10 19:46:47.874, 0, 12288, 11783, 333
2026/09/10 19:46:48.080, 0, 12288, 11783, 333
2026/09/10 19:46:48.287, 0, 12288, 11783, 333
2026/09/10 19:46:48.495, 0, 12288, 11783, 333
2026/09/10 19:46:48.703, 0, 12288, 11783, 333
2026/09/10 19:46:48.910, 0, 12288, 11783, 333
2026/09/10 19:46:49.118, 0, 12288, 11783, 333
2026/09/10 19:46:49.326, 0, 12288, 11783, 333
2026/09/10 19:46:49.534, 0, 12288, 11783, 333
2026/09/10 19:46:49.742, 0, 12288, 11783, 333
2026/09/10 19:46:49.948, 0, 12288, 11783, 333
2026/09/10 19:46:50.156, 0, 12288, 11783, 333
2026/09/10 19:46:50.364, 0, 12288, 11783, 333
2026/09/10 19:46:50.572, 0, 12288, 11783, 333
2026/09/10 19:46:50.780, 0, 12288, 11783, 333
2026/09/10 19:46:50.987, 0, 12288, 11783, 333
2026/09/10 19:46:51.194, 0, 12288, 11783, 333
2026/09/10 19:46:51.402, 0, 12288, 11783, 333
2026/09/10 19:46:51.609, 0, 12288, 11783, 333
2026/09/10 19:46:51.817, 0, 12288, 11783, 333
2026/09/10 19:46:52.025, 0, 12288, 11783, 333
2026/09/10 19:46:52.233, 0, 12288, 11783, 333
2026/09/10 19:46:52.441, 0, 12288, 11783, 333
2026/09/10 19:46:52.649, 0, 12288, 11783, 333
2026/09/10 19:46:52.855, 0, 12288, 11783, 333
2026/09/10 19:46:53.060, 0, 12288, 11783, 333
2026/09/10 19:46:53.268, 0, 12288, 11783, 333
2026/09/10 19:46:53.476, 0, 12288, 11783, 333
2026/09/10 19:46:53.684, 0, 12288, 11783, 333
2026/09/10 19:46:53.892, 0, 12288, 11783, 333
2026/09/10 19:46:54.099, 0, 12288, 11783, 333
2026/09/10 19:46:54.306, 0, 12288, 11783, 333
2026/09/10 19:46:54.514, 0, 12288, 11783, 333
2026/09/10 19:46:54.722, 0, 12288, 11783, 333
2026/09/10 19:46:54.929, 0, 12288, 11783, 333
2026/09/10 19:46:55.136, 0, 12288, 11783, 333
2026/09/10 19:46:55.344, 0, 12288, 11783, 333
2026/09/10 19:46:55.552, 0, 12288, 11783, 333
2026/09/10 19:46:55.760, 0, 12288, 11783, 333
2026/09/10 19:46:55.968, 0, 12288, 11783, 333
2026/09/10 19:46:56.176, 0, 12288, 11783, 333
2026/09/10 19:46:56.384, 0, 12288, 11783, 333
2026/09/10 19:46:56.591, 0, 12288, 11783, 333
2026/09/10 19:46:56.797, 0, 12288, 11783, 333
2026/09/10 19:46:57.004, 0, 12288, 11783, 333
2026/09/10 19:46:57.212, 0, 12288, 11783, 333
2026/09/10 19:46:57.420, 0, 12288, 11783, 333
2026/09/10 19:46:57.628, 0, 12288, 11783, 333
2026/09/10 19:46:57.836, 0, 12288, 11783, 333
2026/09/10 19:46:58.044, 0, 12288, 11783, 333
2026/09/10 19:46:58.266, 0, 12288, 11783, 333
2026/09/10 19:46:58.471, 0, 12288, 11783, 333
2026/09/10 19:46:58.679, 0, 12288, 11783, 333
2026/09/10 19:46:58.887, 0, 12288, 11783, 333
2026/09/10 19:46:59.095, 0, 12288, 11783, 333
2026/09/10 19:46:59.303, 0, 12288, 11783, 333
2026/09/10 19:46:59.510, 0, 12288, 11783, 333
2026/09/10 19:46:59.718, 0, 12288, 11783, 333
2026/09/10 19:46:59.925, 0, 12288, 11783, 333
2026/09/10 19:47:00.132, 0, 12288, 11783, 333
2026/09/10 19:47:00.340, 0, 12288, 11783, 333
2026/09/10 19:47:00.546, 0, 12288, 11783, 333
2026/09/10 19:47:00.753, 0, 12288, 11783, 333
2026/09/10 19:47:00.959, 0, 12288, 11783, 333
2026/09/10 19:47:01.167, 0, 12288, 11783, 333
2026/09/10 19:47:01.374, 0, 12288, 11783, 333
2026/09/10 19:47:01.579, 0, 12288, 11783, 333
2026/09/10 19:47:01.786, 0, 12288, 11783, 333
2026/09/10 19:47:01.994, 0, 12288, 11783, 333
2026/09/10 19:47:02.202, 0, 12288, 11783, 333
2026/09/10 19:47:02.407, 0, 12288, 11783, 333
2026/09/10 19:47:02.615, 0, 12288, 11783, 333
2026/09/10 19:47:02.822, 0, 12288, 11783, 333
2026/09/10 19:47:03.029, 0, 12288, 11783, 333
2026/09/10 19:47:03.237, 0, 12288, 11783, 333
2026/09/10 19:47:03.443, 0, 12288, 11783, 333
2026/09/10 19:47:03.650, 0, 12288, 11783, 333
2026/09/10 19:47:03.858, 0, 12288, 11783, 333
2026/09/10 19:47:04.064, 0, 12288, 11783, 333
2026/09/10 19:47:04.268, 0, 12288, 11783, 333
2026/09/10 19:47:04.476, 0, 12288, 11783, 333
2026/09/10 19:47:04.683, 0, 12288, 11783, 333
2026/09/10 19:47:04.889, 0, 12288, 11783, 333
2026/09/10 19:47:05.095, 0, 12288, 11783, 333
2026/09/10 19:47:05.303, 0, 12288, 11783, 333
2026/09/10 19:47:05.510, 0, 12288, 11783, 333
2026/09/10 19:47:05.717, 0, 12288, 11783, 333
2026/09/10 19:47:05.924, 0, 12288, 11783, 333
2026/09/10 19:47:06.132, 0, 12288, 11783, 333
2026/09/10 19:47:06.339, 0, 12288, 11783, 333
2026/09/10 19:47:06.546, 0, 12288, 11783, 333
2026/09/10 19:47:06.753, 0, 12288, 11783, 333
2026/09/10 19:47:06.961, 0, 12288, 11783, 333
2026/09/10 19:47:07.167, 0, 12288, 11783, 333
2026/09/10 19:47:07.375, 0, 12288, 11783, 333
2026/09/10 19:47:07.583, 0, 12288, 11783, 333
2026/09/10 19:47:07.807, 0, 12288, 11783, 333
2026/09/10 19:47:08.014, 0, 12288, 11783, 333
2026/09/10 19:47:08.219, 0, 12288, 11783, 333
2026/09/10 19:47:08.425, 0, 12288, 11783, 333
2026/09/10 19:47:08.632, 0, 12288, 11783, 333
2026/09/10 19:47:08.839, 0, 12288, 11783, 333
2026/09/10 19:47:09.046, 0, 12288, 11783, 333
2026/09/10 19:47:09.254, 0, 12288, 11783, 333
2026/09/10 19:47:09.462, 0, 12288, 11783, 333
2026/09/10 19:47:09.666, 0, 12288, 11783, 333
2026/09/10 19:47:09.872, 0, 12288, 11783, 333
2026/09/10 19:47:10.080, 0, 12288, 11783, 333
2026/09/10 19:47:10.285, 0, 12288, 11783, 333
2026/09/10 19:47:10.491, 0, 12288, 11783, 333
2026/09/10 19:47:10.696, 0, 12288, 11783, 333
2026/09/10 19:47:10.903, 0, 12288, 11783, 333
2026/09/10 19:47:11.110, 0, 12288, 11783, 333
2026/09/10 19:47:11.318, 0, 12288, 11783, 333
2026/09/10 19:47:11.526, 0, 12288, 11783, 333
2026/09/10 19:47:11.732, 0, 12288, 11783, 333
2026/09/10 19:47:11.938, 0, 12288, 11783, 333
2026/09/10 19:47:12.146, 0, 12288, 11783, 333
2026/09/10 19:47:12.354, 0, 12288, 11783, 333
2026/09/10 19:47:12.562, 0, 12288, 11783, 333
2026/09/10 19:47:12.768, 0, 12288, 11783, 333
2026/09/10 19:47:12.976, 0, 12288, 11783, 333
2026/09/10 19:47:13.183, 0, 12288, 11783, 333
2026/09/10 19:47:13.390, 0, 12288, 11783, 333
2026/09/10 19:47:13.598, 0, 12288, 11783, 333
2026/09/10 19:47:13.806, 0, 12288, 11783, 333
2026/09/10 19:47:14.014, 0, 12288, 11783, 333
2026/09/10 19:47:14.221, 0, 12288, 11783, 333
2026/09/10 19:47:14.427, 0, 12288, 11783, 333
2026/09/10 19:47:14.635, 0, 12288, 11783, 333
2026/09/10 19:47:14.839, 0, 12288, 11783, 333
2026/09/10 19:47:15.047, 0, 12288, 11783, 333
2026/09/10 19:47:15.252, 0, 12288, 11783, 333
2026/09/10 19:47:15.456, 0, 12288, 11783, 333
2026/09/10 19:47:15.664, 0, 12288, 11783, 333
2026/09/10 19:47:15.871, 0, 12288, 11783, 333
2026/09/10 19:47:16.078, 0, 12288, 11783, 333
2026/09/10 19:47:16.286, 0, 12288, 11783, 333
2026/09/10 19:47:16.494, 0, 12288, 11783, 333
2026/09/10 19:47:16.702, 0, 12288, 11783, 333
2026/09/10 19:47:16.909, 0, 12288, 11783, 333
2026/09/10 19:47:17.117, 0, 12288, 11783, 333
2026/09/10 19:47:17.324, 0, 12288, 11783, 333
2026/09/10 19:47:17.532, 0, 12288, 11783, 333
2026/09/10 19:47:17.740, 0, 12288, 11783, 333
2026/09/10 19:47:17.948, 0, 12288, 11783, 333
2026/09/10 19:47:18.156, 0, 12288, 11783, 333
2026/09/10 19:47:18.364, 0, 12288, 11783, 333
2026/09/10 19:47:18.571, 0, 12288, 11783, 333
2026/09/10 19:47:18.778, 0, 12288, 11783, 333
2026/09/10 19:47:18.984, 0, 12288, 11783, 333
2026/09/10 19:47:19.190, 0, 12288, 11783, 333
2026/09/10 19:47:19.398, 0, 12288, 11783, 333
2026/09/10 19:47:19.606, 0, 12288, 11783, 333
2026/09/10 19:47:19.812, 0, 12288, 11783, 333
2026/09/10 19:47:20.019, 0, 12288, 11783, 333
2026/09/10 19:47:20.226, 0, 12288, 11783, 333
2026/09/10 19:47:20.432, 0, 12288, 11783, 333
2026/09/10 19:47:20.638, 0, 12288, 11783, 333
2026/09/10 19:47:20.846, 0, 12288, 11783, 333
2026/09/10 19:47:21.051, 0, 12288, 11783, 333
2026/09/10 19:47:21.258, 0, 12288, 11783, 333
2026/09/10 19:47:21.466, 0, 12288, 11783, 333
2026/09/10 19:47:21.673, 0, 12288, 11783, 333
2026/09/10 19:47:21.881, 0, 12288, 11783, 333
2026/09/10 19:47:22.089, 0, 12288, 11783, 333
2026/09/10 19:47:22.297, 0, 12288, 11783, 333
2026/09/10 19:47:22.505, 0, 12288, 11783, 333
2026/09/10 19:47:22.711, 0, 12288, 11783, 333
2026/09/10 19:47:22.918, 0, 12288, 11783, 333
2026/09/10 19:47:23.126, 0, 12288, 11783, 333
2026/09/10 19:47:23.334, 0, 12288, 11783, 333
2026/09/10 19:47:23.542, 0, 12288, 11783, 333
2026/09/10 19:47:23.750, 0, 12288, 11783, 333
2026/09/10 19:47:23.957, 0, 12288, 11783, 333
2026/09/10 19:47:24.164, 0, 12288, 11783, 333
2026/09/10 19:47:24.371, 0, 12288, 11783, 333
2026/09/10 19:47:24.578, 0, 12288, 11783, 333
2026/09/10 19:47:24.786, 0, 12288, 11783, 333
2026/09/10 19:47:24.994, 0, 12288, 11783, 333
2026/09/10 19:47:25.201, 0, 12288, 11783, 333
2026/09/10 19:47:25.409, 0, 12288, 11783, 333
2026/09/10 19:47:25.615, 0, 12288, 11783, 333
2026/09/10 19:47:25.823, 0, 12288, 11783, 333
2026/09/10 19:47:26.031, 0, 12288, 11783, 333
2026/09/10 19:47:26.239, 0, 12288, 11783, 333
2026/09/10 19:47:26.445, 0, 12288, 11783, 333
2026/09/10 19:47:26.652, 0, 12288, 11783, 333
2026/09/10 19:47:26.859, 0, 12288, 11783, 333
2026/09/10 19:47:27.067, 0, 12288, 11783, 333
2026/09/10 19:47:27.275, 0, 12288, 11783, 333
2026/09/10 19:47:27.482, 0, 12288, 11783, 333
2026/09/10 19:47:27.689, 0, 12288, 11783, 333
2026/09/10 19:47:27.896, 0, 12288, 11783, 333
2026/09/10 19:47:28.104, 0, 12288, 11783, 333
2026/09/10 19:47:28.312, 0, 12288, 11783, 333
2026/09/10 19:47:28.519, 0, 12288, 11783, 333
2026/09/10 19:47:28.727, 0, 12288, 11783, 333
2026/09/10 19:47:28.935, 0, 12288, 11783, 333
2026/09/10 19:47:29.143, 0, 12288, 11783, 333
2026/09/10 19:47:29.351, 0, 12288, 11783, 333
2026/09/10 19:47:29.558, 0, 12288, 11783, 333
2026/09/10 19:47:29.766, 0, 12288, 11783, 333
2026/09/10 19:47:29.974, 0, 12288, 11783, 333
2026/09/10 19:47:30.182, 0, 12288, 11783, 333
2026/09/10 19:47:30.389, 0, 12288, 11783, 333
2026/09/10 19:47:30.596, 0, 12288, 11783, 333
2026/09/10 19:47:30.803, 0, 12288, 11783, 333
2026/09/10 19:47:31.010, 0, 12288, 11783, 333
2026/09/10 19:47:31.216, 0, 12288, 11783, 333
2026/09/10 19:47:31.424, 0, 12288, 11783, 333
2026/09/10 19:47:31.632, 0, 12288, 11783, 333
2026/09/10 19:47:31.839, 0, 12288, 11783, 333
2026/09/10 19:47:32.045, 0, 12288, 11783, 333
2026/09/10 19:47:32.253, 0, 12288, 11783, 333
2026/09/10 19:47:32.461, 0, 12288, 11783, 333
2026/09/10 19:47:32.669, 0, 12288, 11783, 333
2026/09/10 19:47:32.875, 0, 12288, 11783, 333
2026/09/10 19:47:33.083, 0, 12288, 11783, 333
2026/09/10 19:47:33.290, 0, 12288, 11783, 333
2026/09/10 19:47:33.497, 0, 12288, 11783, 333
2026/09/10 19:47:33.704, 0, 12288, 11783, 333
2026/09/10 19:47:33.912, 0, 12288, 11783, 333
2026/09/10 19:47:34.120, 0, 12288, 11783, 333
2026/09/10 19:47:34.328, 0, 12288, 11783, 333
2026/09/10 19:47:34.536, 0, 12288, 11783, 333
2026/09/10 19:47:34.744, 0, 12288, 11783, 333
2026/09/10 19:47:34.950, 0, 12288, 11783, 333
2026/09/10 19:47:35.158, 0, 12288, 11783, 333
2026/09/10 19:47:35.366, 0, 12288, 11783, 333
2026/09/10 19:47:35.574, 0, 12288, 11783, 333
2026/09/10 19:47:35.780, 0, 12288, 11783, 333
2026/09/10 19:47:35.987, 0, 12288, 11783, 333
2026/09/10 19:47:36.195, 0, 12288, 11783, 333
2026/09/10 19:47:36.403, 0, 12288, 11783, 333
2026/09/10 19:47:36.610, 0, 12288, 11783, 333
2026/09/10 19:47:36.818, 0, 12288, 11783, 333
2026/09/10 19:47:37.026, 0, 12288, 11783, 333
2026/09/10 19:47:37.232, 0, 12288, 11783, 333
2026/09/10 19:47:37.440, 0, 12288, 11783, 333
2026/09/10 19:47:37.645, 0, 12288, 11783, 333
2026/09/10 19:47:37.851, 0, 12288, 11783, 333
2026/09/10 19:47:38.059, 0, 12288, 11783, 333
2026/09/10 19:47:38.267, 0, 12288, 11783, 333
2026/09/10 19:47:38.475, 0, 12288, 11783, 333
2026/09/10 19:47:38.683, 0, 12288, 11783, 333
2026/09/10 19:47:38.891, 0, 12288, 11783, 333
2026/09/10 19:47:39.097, 0, 12288, 11783, 333
2026/09/10 19:47:39.304, 0, 12288, 11783, 333
2026/09/10 19:47:39.512, 0, 12288, 11783, 333
2026/09/10 19:47:39.718, 0, 12288, 11783, 333
2026/09/10 19:47:39.924, 0, 12288, 11783, 333
2026/09/10 19:47:40.132, 0, 12288, 11783, 333
2026/09/10 19:47:40.339, 0, 12288, 11783, 333
2026/09/10 19:47:40.546, 0, 12288, 11783, 333
2026/09/10 19:47:40.754, 0, 12288, 11783, 333
2026/09/10 19:47:40.962, 0, 12288, 11783, 333
2026/09/10 19:47:41.170, 0, 12288, 11783, 333
2026/09/10 19:47:41.378, 0, 12288, 11783, 333
2026/09/10 19:47:41.586, 0, 12288, 11783, 333
2026/09/10 19:47:41.792, 0, 12288, 11783, 333
2026/09/10 19:47:42.000, 0, 12288, 11783, 333
2026/09/10 19:47:42.208, 0, 12288, 11783, 333
2026/09/10 19:47:42.416, 0, 12288, 11783, 333
2026/09/10 19:47:42.623, 0, 12288, 11783, 333
2026/09/10 19:47:42.829, 0, 12288, 11783, 333
2026/09/10 19:47:43.037, 0, 12288, 11783, 333
2026/09/10 19:47:43.242, 0, 12288, 11783, 333
2026/09/10 19:47:43.450, 0, 12288, 11783, 333
2026/09/10 19:47:43.657, 0, 12288, 11783, 333
2026/09/10 19:47:43.865, 0, 12288, 11783, 333
2026/09/10 19:47:44.073, 0, 12288, 11783, 333
2026/09/10 19:47:44.280, 0, 12288, 11783, 333
2026/09/10 19:47:44.487, 0, 12288, 11783, 333
2026/09/10 19:47:44.695, 0, 12288, 11783, 333
2026/09/10 19:47:44.903, 0, 12288, 11783, 333
2026/09/10 19:47:45.110, 0, 12288, 11783, 333
2026/09/10 19:47:45.316, 0, 12288, 11783, 333
2026/09/10 19:47:45.524, 0, 12288, 11783, 333
2026/09/10 19:47:45.731, 0, 12288, 11783, 333
2026/09/10 19:47:45.938, 0, 12288, 11783, 333
2026/09/10 19:47:46.145, 0, 12288, 11783, 333
2026/09/10 19:47:46.353, 0, 12288, 11783, 333
2026/09/10 19:47:46.561, 0, 12288, 11783, 333
2026/09/10 19:47:46.769, 0, 12288, 11783, 333
2026/09/10 19:47:46.977, 0, 12288, 11783, 333
2026/09/10 19:47:47.184, 0, 12288, 11783, 333
2026/09/10 19:47:47.393, 0, 12288, 11783, 333
2026/09/10 19:47:47.601, 0, 12288, 11783, 333
2026/09/10 19:47:47.809, 0, 12288, 11783, 333
2026/09/10 19:47:48.017, 0, 12288, 11783, 333
2026/09/10 19:47:48.225, 0, 12288, 11783, 333
2026/09/10 19:47:48.433, 0, 12288, 11783, 333
2026/09/10 19:47:48.640, 0, 12288, 11783, 333
2026/09/10 19:47:48.844, 0, 12288, 11783, 333
2026/09/10 19:47:49.052, 0, 12288, 11783, 333
2026/09/10 19:47:49.260, 0, 12288, 11783, 333
2026/09/10 19:47:49.468, 0, 12288, 11783, 333
2026/09/10 19:47:49.676, 0, 12288, 11783, 333
2026/09/10 19:47:49.883, 0, 12288, 11783, 333
2026/09/10 19:47:50.091, 0, 12288, 11783, 333
2026/09/10 19:47:50.299, 0, 12288, 11783, 333
2026/09/10 19:47:50.507, 0, 12288, 11783, 333
2026/09/10 19:47:50.714, 0, 12288, 11783, 333
2026/09/10 19:47:50.922, 0, 12288, 11783, 333
2026/09/10 19:47:51.129, 0, 12288, 11783, 333
2026/09/10 19:47:51.336, 0, 12288, 11783, 333
2026/09/10 19:47:51.542, 0, 12288, 11783, 333
2026/09/10 19:47:51.748, 0, 12288, 11783, 333
2026/09/10 19:47:51.956, 0, 12288, 11783, 333
2026/09/10 19:47:52.164, 0, 12288, 11783, 333
2026/09/10 19:47:52.372, 0, 12288, 11783, 333
2026/09/10 19:47:52.578, 0, 12288, 11783, 333
2026/09/10 19:47:52.802, 0, 12288, 11783, 333
2026/09/10 19:47:53.009, 0, 12288, 11783, 333
2026/09/10 19:47:53.216, 0, 12288, 11783, 333
2026/09/10 19:47:53.423, 0, 12288, 11783, 333
2026/09/10 19:47:53.631, 0, 12288, 11783, 333
2026/09/10 19:47:53.838, 0, 12288, 11783, 333
2026/09/10 19:47:54.045, 0, 12288, 11783, 333
2026/09/10 19:47:54.252, 0, 12288, 11783, 333
2026/09/10 19:47:54.458, 0, 12288, 11783, 333
2026/09/10 19:47:54.664, 0, 12288, 11783, 333
2026/09/10 19:47:54.871, 0, 12288, 11783, 333
2026/09/10 19:47:55.079, 0, 12288, 11783, 333
2026/09/10 19:47:55.287, 0, 12288, 11783, 333
2026/09/10 19:47:55.493, 0, 12288, 11783, 333
2026/09/10 19:47:55.700, 0, 12288, 11783, 333
2026/09/10 19:47:55.908, 0, 12288, 11783, 333
2026/09/10 19:47:56.116, 0, 12288, 11783, 333
2026/09/10 19:47:56.324, 0, 12288, 11783, 333
2026/09/10 19:47:56.532, 0, 12288, 11783, 333
2026/09/10 19:47:56.738, 0, 12288, 11783, 333
2026/09/10 19:47:56.945, 0, 12288, 11783, 333
2026/09/10 19:47:57.154, 0, 12288, 11783, 333
2026/09/10 19:47:57.362, 0, 12288, 11783, 333
2026/09/10 19:47:57.570, 0, 12288, 11783, 333
2026/09/10 19:47:57.778, 0, 12288, 11783, 333
2026/09/10 19:47:57.986, 0, 12288, 11783, 333
2026/09/10 19:47:58.192, 0, 12288, 11783, 333
2026/09/10 19:47:58.399, 0, 12288, 11783, 333
2026/09/10 19:47:58.607, 0, 12288, 11783, 333
2026/09/10 19:47:58.815, 0, 12288, 11783, 333
2026/09/10 19:47:59.023, 0, 12288, 11783, 333
2026/09/10 19:47:59.231, 0, 12288, 11783, 333
2026/09/10 19:47:59.439, 0, 12288, 11783, 333
2026/09/10 19:47:59.645, 0, 12288, 11783, 333
2026/09/10 19:47:59.853, 0, 12288, 11783, 333
2026/09/10 19:48:00.058, 0, 12288, 11783, 333
2026/09/10 19:48:00.266, 0, 12288, 11783, 333
2026/09/10 19:48:00.473, 0, 12288, 11783, 333
2026/09/10 19:48:00.681, 0, 12288, 11783, 333
2026/09/10 19:48:00.888, 0, 12288, 11783, 333
2026/09/10 19:48:01.096, 0, 12288, 11783, 333
2026/09/10 19:48:01.304, 0, 12288, 11783, 333
2026/09/10 19:48:01.512, 0, 12288, 11783, 333
2026/09/10 19:48:01.719, 0, 12288, 11783, 333
2026/09/10 19:48:01.927, 0, 12288, 11783, 333
2026/09/10 19:48:02.134, 0, 12288, 11783, 333
2026/09/10 19:48:02.342, 0, 12288, 11783, 333
2026/09/10 19:48:02.548, 0, 12288, 11783, 333
2026/09/10 19:48:02.756, 0, 12288, 11783, 333
2026/09/10 19:48:02.964, 0, 12288, 11783, 333
2026/09/10 19:48:03.171, 0, 12288, 11783, 333
2026/09/10 19:48:03.379, 0, 12288, 11783, 333
2026/09/10 19:48:03.587, 0, 12288, 11783, 333
2026/09/10 19:48:03.794, 0, 12288, 11783, 333
2026/09/10 19:48:04.000, 0, 12288, 11783, 333
2026/09/10 19:48:04.208, 0, 12288, 11783, 333
2026/09/10 19:48:04.416, 0, 12288, 11783, 333
2026/09/10 19:48:04.623, 0, 12288, 11783, 333
2026/09/10 19:48:04.830, 0, 12288, 11783, 333
2026/09/10 19:48:05.037, 0, 12288, 11783, 333
2026/09/10 19:48:05.242, 0, 12288, 11783, 333
2026/09/10 19:48:05.450, 0, 12288, 11783, 333
2026/09/10 19:48:05.655, 0, 12288, 11783, 333
2026/09/10 19:48:05.861, 0, 12288, 11783, 333
2026/09/10 19:48:06.068, 0, 12288, 11783, 333
2026/09/10 19:48:06.274, 0, 12288, 11783, 333
2026/09/10 19:48:06.481, 0, 12288, 11783, 333
2026/09/10 19:48:06.687, 0, 12288, 11783, 333
2026/09/10 19:48:06.895, 0, 12288, 11783, 333
2026/09/10 19:48:07.103, 0, 12288, 11783, 333
2026/09/10 19:48:07.311, 0, 12288, 11783, 333
2026/09/10 19:48:07.519, 0, 12288, 11783, 333
2026/09/10 19:48:07.727, 0, 12288, 11783, 333
2026/09/10 19:48:07.934, 0, 12288, 11783, 333
2026/09/10 19:48:08.142, 0, 12288, 11783, 333
2026/09/10 19:48:08.349, 0, 12288, 11783, 333
2026/09/10 19:48:08.557, 0, 12288, 11783, 333
2026/09/10 19:48:08.764, 0, 12288, 11783, 333
2026/09/10 19:48:08.970, 0, 12288, 11783, 333
2026/09/10 19:48:09.178, 0, 12288, 11783, 333
2026/09/10 19:48:09.386, 0, 12288, 11783, 333
2026/09/10 19:48:09.594, 0, 12288, 11783, 333
2026/09/10 19:48:09.802, 0, 12288, 11783, 333
2026/09/10 19:48:10.009, 0, 12288, 11783, 333
2026/09/10 19:48:10.217, 0, 12288, 11783, 333
2026/09/10 19:48:10.425, 0, 12288, 11783, 333
2026/09/10 19:48:10.632, 0, 12288, 11783, 333
2026/09/10 19:48:10.840, 0, 12288, 11783, 333
2026/09/10 19:48:11.047, 0, 12288, 11783, 333
2026/09/10 19:48:11.252, 0, 12288, 11783, 333
2026/09/10 19:48:11.460, 0, 12288, 11783, 333
2026/09/10 19:48:11.667, 0, 12288, 11783, 333
2026/09/10 19:48:11.875, 0, 12288, 11783, 333
2026/09/10 19:48:12.083, 0, 12288, 11783, 333
2026/09/10 19:48:12.290, 0, 12288, 11783, 333
2026/09/10 19:48:12.498, 0, 12288, 11783, 333
2026/09/10 19:48:12.706, 0, 12288, 11783, 333
2026/09/10 19:48:12.914, 0, 12288, 11783, 333
2026/09/10 19:48:13.120, 0, 12288, 11783, 333
2026/09/10 19:48:13.328, 0, 12288, 11783, 333
2026/09/10 19:48:13.536, 0, 12288, 11783, 333
2026/09/10 19:48:13.744, 0, 12288, 11783, 333
2026/09/10 19:48:13.951, 0, 12288, 11783, 333
2026/09/10 19:48:14.158, 0, 12288, 11783, 333
2026/09/10 19:48:14.366, 0, 12288, 11783, 333
2026/09/10 19:48:14.573, 0, 12288, 11783, 333
2026/09/10 19:48:14.781, 0, 12288, 11783, 333
2026/09/10 19:48:14.988, 0, 12288, 11783, 333
2026/09/10 19:48:15.195, 0, 12288, 11783, 333
2026/09/10 19:48:15.402, 0, 12288, 11783, 333
2026/09/10 19:48:15.608, 0, 12288, 11783, 333
2026/09/10 19:48:15.812, 0, 12288, 11783, 333
2026/09/10 19:48:16.018, 0, 12288, 11783, 333
2026/09/10 19:48:16.225, 0, 12288, 11783, 333
2026/09/10 19:48:16.433, 0, 12288, 11783, 333
2026/09/10 19:48:16.641, 0, 12288, 11783, 333
2026/09/10 19:48:16.846, 0, 12288, 11783, 333
2026/09/10 19:48:17.053, 0, 12288, 11783, 333
2026/09/10 19:48:17.260, 0, 12288, 11783, 333
2026/09/10 19:48:17.467, 0, 12288, 11783, 333
2026/09/10 19:48:17.675, 0, 12288, 11783, 333
2026/09/10 19:48:17.881, 0, 12288, 11783, 333
2026/09/10 19:48:18.087, 0, 12288, 11783, 333
2026/09/10 19:48:18.294, 0, 12288, 11783, 333
2026/09/10 19:48:18.502, 0, 12288, 11783, 333
2026/09/10 19:48:18.709, 0, 12288, 11783, 333
2026/09/10 19:48:18.916, 0, 12288, 11783, 333
2026/09/10 19:48:19.124, 0, 12288, 11783, 333
2026/09/10 19:48:19.328, 0, 12288, 11783, 333
2026/09/10 19:48:19.536, 0, 12288, 11783, 333
2026/09/10 19:48:19.743, 0, 12288, 11783, 333
2026/09/10 19:48:19.950, 0, 12288, 11783, 333
2026/09/10 19:48:20.158, 0, 12288, 11783, 333
2026/09/10 19:48:20.366, 0, 12288, 11783, 333
2026/09/10 19:48:20.574, 0, 12288, 11783, 333
2026/09/10 19:48:20.782, 0, 12288, 11783, 333
2026/09/10 19:48:20.990, 0, 12288, 11783, 333
2026/09/10 19:48:21.198, 0, 12288, 11783, 333
2026/09/10 19:48:21.405, 0, 12288, 11783, 333
2026/09/10 19:48:21.613, 0, 12288, 11783, 333
2026/09/10 19:48:21.818, 0, 12288, 11783, 333
2026/09/10 19:48:22.026, 0, 12288, 11783, 333
2026/09/10 19:48:22.234, 0, 12288, 11783, 333
2026/09/10 19:48:22.440, 0, 12288, 11783, 333
2026/09/10 19:48:22.646, 0, 12288, 11783, 333
2026/09/10 19:48:22.853, 0, 12288, 11783, 333
2026/09/10 19:48:23.061, 0, 12288, 11783, 333
2026/09/10 19:48:23.268, 0, 12288, 11783, 333
2026/09/10 19:48:23.476, 0, 12288, 11783, 333
2026/09/10 19:48:23.684, 0, 12288, 11783, 333
2026/09/10 19:48:23.892, 0, 12288, 11783, 333
2026/09/10 19:48:24.100, 0, 12288, 11783, 333
2026/09/10 19:48:24.307, 0, 12288, 11783, 333
2026/09/10 19:48:24.515, 0, 12288, 11783, 333
2026/09/10 19:48:24.722, 0, 12288, 11783, 333
2026/09/10 19:48:24.930, 0, 12288, 11783, 333
2026/09/10 19:48:25.138, 0, 12288, 11783, 333
2026/09/10 19:48:25.345, 0, 12288, 11783, 333
2026/09/10 19:48:25.551, 0, 12288, 11783, 333
2026/09/10 19:48:25.759, 0, 12288, 11783, 333
2026/09/10 19:48:25.967, 0, 12288, 11783, 333
2026/09/10 19:48:26.174, 0, 12288, 11783, 333
2026/09/10 19:48:26.382, 0, 12288, 11783, 333
2026/09/10 19:48:26.590, 0, 12288, 11783, 333
2026/09/10 19:48:26.798, 0, 12288, 11783, 333
2026/09/10 19:48:27.005, 0, 12288, 11783, 333
2026/09/10 19:48:27.213, 0, 12288, 11783, 333
2026/09/10 19:48:27.420, 0, 12288, 11783, 333
2026/09/10 19:48:27.628, 0, 12288, 11783, 333
2026/09/10 19:48:27.836, 0, 12288, 11783, 333
2026/09/10 19:48:28.041, 0, 12288, 11783, 333
2026/09/10 19:48:28.249, 0, 12288, 11783, 333
2026/09/10 19:48:28.456, 0, 12288, 11783, 333
2026/09/10 19:48:28.664, 0, 12288, 11783, 333
2026/09/10 19:48:28.872, 0, 12288, 11783, 333
2026/09/10 19:48:29.080, 0, 12288, 11783, 333
2026/09/10 19:48:29.287, 0, 12288, 11783, 333
2026/09/10 19:48:29.494, 0, 12288, 11783, 333
2026/09/10 19:48:29.700, 0, 12288, 11783, 333
2026/09/10 19:48:29.905, 0, 12288, 11783, 333
2026/09/10 19:48:30.112, 0, 12288, 11783, 333
2026/09/10 19:48:30.317, 0, 12288, 11783, 333
2026/09/10 19:48:30.525, 0, 12288, 11783, 333
2026/09/10 19:48:30.732, 0, 12288, 11783, 333
2026/09/10 19:48:30.939, 0, 12288, 11783, 333
2026/09/10 19:48:31.146, 0, 12288, 11783, 333
2026/09/10 19:48:31.354, 0, 12288, 11783, 333
2026/09/10 19:48:31.561, 0, 12288, 11783, 333
2026/09/10 19:48:31.768, 0, 12288, 11783, 333
2026/09/10 19:48:31.976, 0, 12288, 11783, 333
2026/09/10 19:48:32.183, 0, 12288, 11783, 333
2026/09/10 19:48:32.391, 0, 12288, 11783, 333
2026/09/10 19:48:32.598, 0, 12288, 11783, 333
2026/09/10 19:48:32.805, 0, 12288, 11783, 333
2026/09/10 19:48:33.012, 0, 12288, 11783, 333
2026/09/10 19:48:33.218, 0, 12288, 11783, 333
2026/09/10 19:48:33.426, 0, 12288, 11783, 333
2026/09/10 19:48:33.632, 0, 12288, 11783, 333
2026/09/10 19:48:33.839, 0, 12288, 11783, 333
2026/09/10 19:48:34.044, 0, 12288, 11783, 333
2026/09/10 19:48:34.250, 0, 12288, 11783, 333
2026/09/10 19:48:34.456, 0, 12288, 11783, 333
2026/09/10 19:48:34.664, 0, 12288, 11783, 333
2026/09/10 19:48:34.870, 0, 12288, 11783, 333
2026/09/10 19:48:35.078, 0, 12288, 11783, 333
2026/09/10 19:48:35.285, 0, 12288, 11783, 333
2026/09/10 19:48:35.493, 0, 12288, 11783, 333
2026/09/10 19:48:35.700, 0, 12288, 11783, 333
2026/09/10 19:48:35.908, 0, 12288, 11783, 333
2026/09/10 19:48:36.116, 0, 12288, 11783, 333
2026/09/10 19:48:36.323, 0, 12288, 11783, 333
2026/09/10 19:48:36.531, 0, 12288, 11783, 333
2026/09/10 19:48:36.739, 0, 12288, 11783, 333
2026/09/10 19:48:36.947, 0, 12288, 11783, 333
2026/09/10 19:48:37.155, 0, 12288, 11783, 333
2026/09/10 19:48:37.359, 0, 12288, 11783, 333
2026/09/10 19:48:37.567, 0, 12288, 11783, 333
2026/09/10 19:48:37.775, 0, 12288, 11783, 333
2026/09/10 19:48:37.983, 0, 12288, 11783, 333
2026/09/10 19:48:38.191, 0, 12288, 11783, 333
2026/09/10 19:48:38.399, 0, 12288, 11783, 333
2026/09/10 19:48:38.607, 0, 12288, 11783, 333
2026/09/10 19:48:38.815, 0, 12288, 11783, 333
2026/09/10 19:48:39.022, 0, 12288, 11783, 333
2026/09/10 19:48:39.229, 0, 12288, 11783, 333
2026/09/10 19:48:39.437, 0, 12288, 11783, 333
2026/09/10 19:48:39.645, 0, 12288, 11783, 333
2026/09/10 19:48:39.853, 0, 12288, 11783, 333
2026/09/10 19:48:40.060, 0, 12288, 11783, 333
2026/09/10 19:48:40.268, 0, 12288, 11783, 333
2026/09/10 19:48:40.474, 0, 12288, 11783, 333
2026/09/10 19:48:40.681, 0, 12288, 11783, 333
2026/09/10 19:48:40.888, 0, 12288, 11783, 333
2026/09/10 19:48:41.096, 0, 12288, 11783, 333
2026/09/10 19:48:41.304, 0, 12288, 11783, 333
2026/09/10 19:48:41.512, 0, 12288, 11783, 333
2026/09/10 19:48:41.719, 0, 12288, 11783, 333
2026/09/10 19:48:41.927, 0, 12288, 11783, 333
2026/09/10 19:48:42.135, 0, 12288, 11783, 333
2026/09/10 19:48:42.343, 0, 12288, 11783, 333
2026/09/10 19:48:42.551, 0, 12288, 11783, 333
2026/09/10 19:48:42.759, 0, 12288, 11783, 333
2026/09/10 19:48:42.966, 0, 12288, 11783, 333
2026/09/10 19:48:43.171, 0, 12288, 11783, 333
2026/09/10 19:48:43.378, 0, 12288, 11783, 333
2026/09/10 19:48:43.586, 0, 12288, 11783, 333
2026/09/10 19:48:43.794, 0, 12288, 11783, 333
2026/09/10 19:48:44.002, 0, 12288, 11783, 333
2026/09/10 19:48:44.210, 0, 12288, 11783, 333
2026/09/10 19:48:44.416, 0, 12288, 11783, 333
2026/09/10 19:48:44.624, 0, 12288, 11783, 333
2026/09/10 19:48:44.828, 0, 12288, 11783, 333
2026/09/10 19:48:45.036, 0, 12288, 11783, 333
2026/09/10 19:48:45.241, 0, 12288, 11783, 333
2026/09/10 19:48:45.449, 0, 12288, 11783, 333
2026/09/10 19:48:45.657, 0, 12288, 11783, 333
2026/09/10 19:48:45.865, 0, 12288, 11783, 333
2026/09/10 19:48:46.070, 0, 12288, 11783, 333
2026/09/10 19:48:46.278, 0, 12288, 11783, 333
2026/09/10 19:48:46.484, 0, 12288, 11783, 333
2026/09/10 19:48:46.692, 0, 12288, 11783, 333
2026/09/10 19:48:46.899, 0, 12288, 11783, 333
2026/09/10 19:48:47.106, 0, 12288, 11783, 333
2026/09/10 19:48:47.330, 0, 12288, 11783, 333
2026/09/10 19:48:47.537, 0, 12288, 11783, 333
2026/09/10 19:48:47.744, 0, 12288, 11783, 333
2026/09/10 19:48:47.952, 0, 12288, 11783, 333
2026/09/10 19:48:48.159, 0, 12288, 11783, 333
2026/09/10 19:48:48.367, 0, 12288, 11783, 333
2026/09/10 19:48:48.573, 0, 12288, 11783, 333
2026/09/10 19:48:48.781, 0, 12288, 11783, 333
2026/09/10 19:48:48.989, 0, 12288, 11783, 333
2026/09/10 19:48:49.197, 0, 12288, 11783, 333
2026/09/10 19:48:49.405, 0, 12288, 11783, 333
2026/09/10 19:48:49.612, 0, 12288, 11783, 333
2026/09/10 19:48:49.819, 0, 12288, 11783, 333
2026/09/10 19:48:50.042, 0, 12288, 11783, 333
2026/09/10 19:48:50.248, 0, 12288, 11783, 333
2026/09/10 19:48:50.451, 0, 12288, 11783, 333
2026/09/10 19:48:50.658, 0, 12288, 11783, 333
2026/09/10 19:48:50.865, 0, 12288, 11783, 333
2026/09/10 19:48:51.073, 0, 12288, 11783, 333
2026/09/10 19:48:51.280, 0, 12288, 11783, 333
2026/09/10 19:48:51.488, 0, 12288, 11783, 333
2026/09/10 19:48:51.696, 0, 12288, 11783, 333
2026/09/10 19:48:51.902, 0, 12288, 11783, 333
2026/09/10 19:48:52.109, 0, 12288, 11783, 333
2026/09/10 19:48:52.317, 0, 12288, 11783, 333
2026/09/10 19:48:52.525, 0, 12288, 11783, 333
2026/09/10 19:48:52.732, 0, 12288, 11783, 333
2026/09/10 19:48:52.938, 0, 12288, 11783, 333
2026/09/10 19:48:53.146, 0, 12288, 11783, 333
2026/09/10 19:48:53.353, 0, 12288, 11783, 333
2026/09/10 19:48:53.561, 0, 12288, 11783, 333
2026/09/10 19:48:53.767, 0, 12288, 11783, 333
2026/09/10 19:48:53.974, 0, 12288, 11783, 333
2026/09/10 19:48:54.182, 0, 12288, 11783, 333
2026/09/10 19:48:54.388, 0, 12288, 11783, 333
2026/09/10 19:48:54.596, 0, 12288, 11783, 333
2026/09/10 19:48:54.803, 0, 12288, 11783, 333
2026/09/10 19:48:55.011, 0, 12288, 11783, 333
2026/09/10 19:48:55.217, 0, 12288, 11783, 333
2026/09/10 19:48:55.424, 0, 12288, 11783, 333
2026/09/10 19:48:55.631, 0, 12288, 11783, 333
2026/09/10 19:48:55.838, 0, 12288, 11783, 333
2026/09/10 19:48:56.044, 0, 12288, 11783, 333
2026/09/10 19:48:56.252, 0, 12288, 11783, 333
2026/09/10 19:48:56.460, 0, 12288, 11783, 333
2026/09/10 19:48:56.667, 0, 12288, 11783, 333
2026/09/10 19:48:56.874, 0, 12288, 11783, 333
2026/09/10 19:48:57.082, 0, 12288, 11783, 333
2026/09/10 19:48:57.290, 0, 12288, 11783, 333
2026/09/10 19:48:57.498, 0, 12288, 11783, 333
2026/09/10 19:48:57.706, 0, 12288, 11783, 333
2026/09/10 19:48:57.913, 0, 12288, 11783, 333
2026/09/10 19:48:58.121, 0, 12288, 11783, 333
2026/09/10 19:48:58.328, 0, 12288, 11783, 333
2026/09/10 19:48:58.536, 0, 12288, 11783, 333
2026/09/10 19:48:58.743, 0, 12288, 11783, 333
2026/09/10 19:48:58.951, 0, 12288, 11783, 333
2026/09/10 19:48:59.159, 0, 12288, 11783, 333
2026/09/10 19:48:59.367, 0, 12288, 11783, 333
2026/09/10 19:48:59.590, 0, 12288, 11783, 333
2026/09/10 19:48:59.797, 0, 12288, 11783, 333
2026/09/10 19:49:00.005, 0, 12288, 11783, 333
2026/09/10 19:49:00.215, 0, 12288, 11783, 333
2026/09/10 19:49:00.425, 0, 12288, 11783, 333
2026/09/10 19:49:00.627, 0, 12288, 11783, 333
2026/09/10 19:49:00.835, 0, 12288, 11783, 333
2026/09/10 19:49:01.042, 0, 12288, 11783, 333
2026/09/10 19:49:01.250, 0, 12288, 11783, 333
2026/09/10 19:49:01.458, 0, 12288, 11783, 333
2026/09/10 19:49:01.663, 0, 12288, 11783, 333
2026/09/10 19:49:01.871, 0, 12288, 11783, 333
2026/09/10 19:49:02.079, 0, 12288, 11783, 333
2026/09/10 19:49:02.286, 0, 12288, 11783, 333
2026/09/10 19:49:02.493, 0, 12288, 11783, 333
2026/09/10 19:49:02.700, 0, 12288, 11783, 333
2026/09/10 19:49:02.908, 0, 12288, 11783, 333
2026/09/10 19:49:03.116, 0, 12288, 11783, 333
2026/09/10 19:49:03.324, 0, 12288, 11783, 333
2026/09/10 19:49:03.531, 0, 12288, 11783, 333
2026/09/10 19:49:03.739, 0, 12288, 11783, 333
2026/09/10 19:49:03.947, 0, 12288, 11783, 333
2026/09/10 19:49:04.155, 0, 12288, 11783, 333
2026/09/10 19:49:04.363, 0, 12288, 11783, 333
2026/09/10 19:49:04.570, 0, 12288, 11783, 333
2026/09/10 19:49:04.778, 0, 12288, 11783, 333
2026/09/10 19:49:04.986, 0, 12288, 11783, 333
2026/09/10 19:49:05.192, 0, 12288, 11783, 333
2026/09/10 19:49:05.400, 0, 12288, 11783, 333
2026/09/10 19:49:05.608, 0, 12288, 11783, 333
2026/09/10 19:49:05.816, 0, 12288, 11783, 333
2026/09/10 19:49:06.022, 0, 12288, 11783, 333
2026/09/10 19:49:06.228, 0, 12288, 11783, 333
2026/09/10 19:49:06.435, 0, 12288, 11783, 333
2026/09/10 19:49:06.643, 0, 12288, 11783, 333
2026/09/10 19:49:06.850, 0, 12288, 11783, 333
2026/09/10 19:49:07.058, 0, 12288, 11783, 333
2026/09/10 19:49:07.266, 0, 12288, 11783, 333
2026/09/10 19:49:07.474, 0, 12288, 11783, 333
2026/09/10 19:49:07.681, 0, 12288, 11783, 333
2026/09/10 19:49:07.888, 0, 12288, 11783, 333
2026/09/10 19:49:08.096, 0, 12288, 11783, 333
2026/09/10 19:49:08.301, 0, 12288, 11783, 333
2026/09/10 19:49:08.508, 0, 12288, 11783, 333
2026/09/10 19:49:08.716, 0, 12288, 11783, 333
2026/09/10 19:49:08.922, 0, 12288, 11783, 333
2026/09/10 19:49:09.130, 0, 12288, 11783, 333
2026/09/10 19:49:09.337, 0, 12288, 11783, 333
2026/09/10 19:49:09.542, 0, 12288, 11783, 333
2026/09/10 19:49:09.750, 0, 12288, 11783, 333
2026/09/10 19:49:09.958, 0, 12288, 11783, 333
2026/09/10 19:49:10.166, 0, 12288, 11783, 333
2026/09/10 19:49:10.374, 0, 12288, 11783, 333
2026/09/10 19:49:10.581, 0, 12288, 11783, 333
2026/09/10 19:49:10.788, 0, 12288, 11783, 333
2026/09/10 19:49:10.994, 0, 12288, 11783, 333
2026/09/10 19:49:11.202, 0, 12288, 11783, 333
2026/09/10 19:49:11.410, 0, 12288, 11783, 333
2026/09/10 19:49:11.618, 0, 12288, 11783, 333
2026/09/10 19:49:11.825, 0, 12288, 11783, 333
2026/09/10 19:49:12.033, 0, 12288, 11783, 333
2026/09/10 19:49:12.241, 0, 12288, 11783, 333
2026/09/10 19:49:12.444, 0, 12288, 11783, 333
2026/09/10 19:49:12.652, 0, 12288, 11783, 333
2026/09/10 19:49:12.859, 0, 12288, 11783, 333
2026/09/10 19:49:13.066, 0, 12288, 11783, 333
2026/09/10 19:49:13.274, 0, 12288, 11783, 333
2026/09/10 19:49:13.482, 0, 12288, 11783, 333
2026/09/10 19:49:13.688, 0, 12288, 11783, 333
2026/09/10 19:49:13.893, 0, 12288, 11783, 333
2026/09/10 19:49:14.100, 0, 12288, 11783, 333
2026/09/10 19:49:14.308, 0, 12288, 11783, 333
2026/09/10 19:49:14.515, 0, 12288, 11783, 333
2026/09/10 19:49:14.723, 0, 12288, 11783, 333
2026/09/10 19:49:14.931, 0, 12288, 11783, 333
2026/09/10 19:49:15.138, 0, 12288, 11783, 333
2026/09/10 19:49:15.346, 0, 12288, 11783, 333
2026/09/10 19:49:15.554, 0, 12288, 11783, 333
2026/09/10 19:49:15.761, 0, 12288, 11783, 333
2026/09/10 19:49:15.968, 0, 12288, 11783, 333
2026/09/10 19:49:16.176, 0, 12288, 11783, 333
2026/09/10 19:49:16.384, 0, 12288, 11783, 333
2026/09/10 19:49:16.592, 0, 12288, 11783, 333
2026/09/10 19:49:16.796, 0, 12288, 11783, 333
2026/09/10 19:49:17.004, 0, 12288, 11783, 333
2026/09/10 19:49:17.211, 0, 12288, 11783, 333
2026/09/10 19:49:17.415, 0, 12288, 11783, 333
2026/09/10 19:49:17.622, 0, 12288, 11783, 333
2026/09/10 19:49:17.830, 0, 12288, 11783, 333
2026/09/10 19:49:18.038, 0, 12288, 11783, 333
2026/09/10 19:49:18.244, 0, 12288, 11783, 333
2026/09/10 19:49:18.452, 0, 12288, 11783, 333
2026/09/10 19:49:18.676, 0, 12288, 11783, 333
2026/09/10 19:49:18.880, 0, 12288, 11783, 333
2026/09/10 19:49:19.088, 0, 12288, 11783, 333
2026/09/10 19:49:19.296, 0, 12288, 11783, 333
2026/09/10 19:49:19.502, 0, 12288, 11783, 333
2026/09/10 19:49:19.710, 0, 12288, 11783, 333
2026/09/10 19:49:19.915, 0, 12288, 11783, 333
2026/09/10 19:49:20.122, 0, 12288, 11783, 333
2026/09/10 19:49:20.329, 0, 12288, 11783, 333
2026/09/10 19:49:20.536, 0, 12288, 11783, 333
2026/09/10 19:49:20.743, 0, 12288, 11783, 333
2026/09/10 19:49:20.950, 0, 12288, 11783, 333
2026/09/10 19:49:21.158, 0, 12288, 11783, 333
2026/09/10 19:49:21.366, 0, 12288, 11783, 333
2026/09/10 19:49:21.573, 0, 12288, 11783, 333
2026/09/10 19:49:21.781, 0, 12288, 11783, 333
2026/09/10 19:49:21.989, 0, 12288, 11783, 333
2026/09/10 19:49:22.197, 0, 12288, 11783, 333
2026/09/10 19:49:22.405, 0, 12288, 11783, 333
2026/09/10 19:49:22.612, 0, 12288, 11783, 333
2026/09/10 19:49:22.820, 0, 12288, 11783, 333
2026/09/10 19:49:23.028, 0, 12288, 11783, 333
2026/09/10 19:49:23.236, 0, 12288, 11783, 333
2026/09/10 19:49:23.443, 0, 12288, 11783, 333
2026/09/10 19:49:23.651, 0, 12288, 11783, 333
2026/09/10 19:49:23.859, 0, 12288, 11783, 333
2026/09/10 19:49:24.066, 0, 12288, 11783, 333
2026/09/10 19:49:24.274, 0, 12288, 11783, 333
2026/09/10 19:49:24.482, 0, 12288, 11783, 333
2026/09/10 19:49:24.690, 0, 12288, 11783, 333
2026/09/10 19:49:24.898, 0, 12288, 11783, 333
2026/09/10 19:49:25.102, 0, 12288, 11783, 333
2026/09/10 19:49:25.309, 0, 12288, 11783, 333
2026/09/10 19:49:25.516, 0, 12288, 11783, 333
2026/09/10 19:49:25.724, 0, 12288, 11783, 333
2026/09/10 19:49:25.932, 0, 12288, 11783, 333
2026/09/10 19:49:26.139, 0, 12288, 11783, 333
2026/09/10 19:49:26.346, 0, 12288, 11783, 333
2026/09/10 19:49:26.554, 0, 12288, 11783, 333
2026/09/10 19:49:26.760, 0, 12288, 11783, 333
2026/09/10 19:49:26.968, 0, 12288, 11783, 333
2026/09/10 19:49:27.175, 0, 12288, 11783, 333
2026/09/10 19:49:27.383, 0, 12288, 11783, 333
2026/09/10 19:49:27.591, 0, 12288, 11783, 333
2026/09/10 19:49:27.799, 0, 12288, 11783, 333
2026/09/10 19:49:28.007, 0, 12288, 11783, 333
2026/09/10 19:49:28.214, 0, 12288, 11783, 333
2026/09/10 19:49:28.422, 0, 12288, 11783, 333
2026/09/10 19:49:28.630, 0, 12288, 11783, 333
2026/09/10 19:49:28.837, 0, 12288, 11783, 333
2026/09/10 19:49:29.045, 0, 12288, 11783, 333
2026/09/10 19:49:29.253, 0, 12288, 11783, 333
2026/09/10 19:49:29.461, 0, 12288, 11783, 333
2026/09/10 19:49:29.668, 0, 12288, 11783, 333
2026/09/10 19:49:29.876, 0, 12288, 11783, 333
2026/09/10 19:49:30.084, 0, 12288, 11783, 333
2026/09/10 19:49:30.292, 0, 12288, 11783, 333
2026/09/10 19:49:30.499, 0, 12288, 11783, 333
2026/09/10 19:49:30.704, 0, 12288, 11783, 333
2026/09/10 19:49:30.911, 0, 12288, 11783, 333
2026/09/10 19:49:31.117, 0, 12288, 11783, 333
2026/09/10 19:49:31.324, 0, 12288, 11783, 333
2026/09/10 19:49:31.532, 0, 12288, 11783, 333
2026/09/10 19:49:31.739, 0, 12288, 11783, 333
2026/09/10 19:49:31.946, 0, 12288, 11783, 333
2026/09/10 19:49:32.154, 0, 12288, 11783, 333
2026/09/10 19:49:32.361, 0, 12288, 11783, 333
2026/09/10 19:49:32.568, 0, 12288, 11783, 333
2026/09/10 19:49:32.776, 0, 12288, 11783, 333
2026/09/10 19:49:32.984, 0, 12288, 11783, 333
2026/09/10 19:49:33.192, 0, 12288, 11783, 333
2026/09/10 19:49:33.400, 0, 12288, 11783, 333
2026/09/10 19:49:33.608, 0, 12288, 11783, 333
2026/09/10 19:49:33.815, 0, 12288, 11783, 333
2026/09/10 19:49:34.023, 0, 12288, 11783, 333
2026/09/10 19:49:34.231, 0, 12288, 11783, 333
2026/09/10 19:49:34.439, 0, 12288, 11783, 333
2026/09/10 19:49:34.647, 0, 12288, 11783, 333
2026/09/10 19:49:34.854, 0, 12288, 11783, 333
2026/09/10 19:49:35.062, 0, 12288, 11783, 333
2026/09/10 19:49:35.268, 0, 12288, 11783, 333
2026/09/10 19:49:35.476, 0, 12288, 11783, 333
2026/09/10 19:49:35.684, 0, 12288, 11783, 333
2026/09/10 19:49:35.892, 0, 12288, 11783, 333
2026/09/10 19:49:36.099, 0, 12288, 11783, 333
2026/09/10 19:49:36.303, 0, 12288, 11783, 333
2026/09/10 19:49:36.511, 0, 12288, 11783, 333
2026/09/10 19:49:36.719, 0, 12288, 11783, 333
2026/09/10 19:49:36.926, 0, 12288, 11783, 333
2026/09/10 19:49:37.134, 0, 12288, 11783, 333
2026/09/10 19:49:37.341, 0, 12288, 11783, 333
2026/09/10 19:49:37.548, 0, 12288, 11783, 333
2026/09/10 19:49:37.755, 0, 12288, 11783, 333
2026/09/10 19:49:37.962, 0, 12288, 11783, 333
2026/09/10 19:49:38.170, 0, 12288, 11783, 333
2026/09/10 19:49:38.378, 0, 12288, 11783, 333
2026/09/10 19:49:38.586, 0, 12288, 11783, 333
2026/09/10 19:49:38.794, 0, 12288, 11783, 333
2026/09/10 19:49:39.001, 0, 12288, 11783, 333
2026/09/10 19:49:39.209, 0, 12288, 11783, 333
2026/09/10 19:49:39.417, 0, 12288, 11783, 333
2026/09/10 19:49:39.625, 0, 12288, 11783, 333
2026/09/10 19:49:39.831, 0, 12288, 11783, 333
2026/09/10 19:49:40.038, 0, 12288, 11783, 333
2026/09/10 19:49:40.245, 0, 12288, 11783, 333
2026/09/10 19:49:40.453, 0, 12288, 11783, 333
2026/09/10 19:49:40.659, 0, 12288, 11783, 333
2026/09/10 19:49:40.866, 0, 12288, 11783, 333
2026/09/10 19:49:41.072, 0, 12288, 11783, 333
2026/09/10 19:49:41.280, 0, 12288, 11783, 333
2026/09/10 19:49:41.488, 0, 12288, 11783, 333
2026/09/10 19:49:41.696, 0, 12288, 11783, 333
2026/09/10 19:49:41.901, 0, 12288, 11783, 333
2026/09/10 19:49:42.109, 0, 12288, 11783, 333
2026/09/10 19:49:42.316, 0, 12288, 11783, 333
2026/09/10 19:49:42.524, 0, 12288, 11783, 333
2026/09/10 19:49:42.731, 0, 12288, 11783, 333
2026/09/10 19:49:42.938, 0, 12288, 11783, 333
2026/09/10 19:49:43.146, 0, 12288, 11783, 333
2026/09/10 19:49:43.354, 0, 12288, 11783, 333
2026/09/10 19:49:43.560, 0, 12288, 11783, 333
2026/09/10 19:49:43.766, 0, 12288, 11783, 333
2026/09/10 19:49:43.971, 0, 12288, 11783, 333
2026/09/10 19:49:44.175, 0, 12288, 11783, 333
2026/09/10 19:49:44.377, 0, 12288, 11783, 333
2026/09/10 19:49:44.583, 0, 12288, 11783, 333
2026/09/10 19:49:44.789, 0, 12288, 11783, 333
2026/09/10 19:49:44.995, 0, 12288, 11783, 333
2026/09/10 19:49:45.202, 0, 12288, 11783, 333
2026/09/10 19:49:45.408, 0, 12288, 11783, 333
2026/09/10 19:49:45.615, 0, 12288, 11783, 333
2026/09/10 19:49:45.821, 0, 12288, 11783, 333
2026/09/10 19:49:46.024, 0, 12288, 11783, 333
2026/09/10 19:49:46.232, 0, 12288, 11783, 333
2026/09/10 19:49:46.438, 0, 12288, 11783, 333
2026/09/10 19:49:46.645, 0, 12288, 11783, 333
2026/09/10 19:49:46.853, 0, 12288, 11783, 333
2026/09/10 19:49:47.058, 0, 12288, 11783, 333
2026/09/10 19:49:47.266, 0, 12288, 11783, 333
2026/09/10 19:49:47.471, 0, 12288, 11783, 333
2026/09/10 19:49:47.676, 0, 12288, 11783, 333
2026/09/10 19:49:47.884, 0, 12288, 11783, 333
2026/09/10 19:49:48.090, 0, 12288, 11783, 333
2026/09/10 19:49:48.293, 0, 12288, 11783, 333
2026/09/10 19:49:48.497, 0, 12288, 11783, 333
2026/09/10 19:49:48.702, 0, 12288, 11783, 333
2026/09/10 19:49:48.910, 0, 12288, 11783, 333
2026/09/10 19:49:49.115, 0, 12288, 11783, 333
2026/09/10 19:49:49.323, 0, 12288, 11783, 333
2026/09/10 19:49:49.530, 0, 12288, 11783, 333
2026/09/10 19:49:49.735, 0, 12288, 11783, 333
2026/09/10 19:49:49.943, 0, 12288, 11783, 333
2026/09/10 19:49:50.148, 0, 12288, 11783, 333
2026/09/10 19:49:50.355, 0, 12288, 11783, 333
2026/09/10 19:49:50.562, 0, 12288, 11783, 333
2026/09/10 19:49:50.765, 0, 12288, 11783, 333
2026/09/10 19:49:50.973, 0, 12288, 11783, 333
2026/09/10 19:49:51.177, 0, 12288, 11783, 333
2026/09/10 19:49:51.382, 0, 12288, 11783, 333
2026/09/10 19:49:51.590, 0, 12288, 11783, 333
2026/09/10 19:49:51.795, 0, 12288, 11783, 333
2026/09/10 19:49:52.003, 0, 12288, 11783, 333
2026/09/10 19:49:52.210, 0, 12288, 11783, 333
2026/09/10 19:49:52.413, 0, 12288, 11783, 333
2026/09/10 19:49:52.620, 0, 12288, 11783, 333
2026/09/10 19:49:52.827, 0, 12288, 11783, 333
2026/09/10 19:49:53.030, 0, 12288, 11783, 333
2026/09/10 19:49:53.238, 0, 12288, 11783, 333
2026/09/10 19:49:53.441, 0, 12288, 11783, 333
2026/09/10 19:49:53.647, 0, 12288, 11783, 333
2026/09/10 19:49:53.855, 0, 12288, 11783, 333
2026/09/10 19:49:54.058, 0, 12288, 11783, 333
2026/09/10 19:49:54.265, 0, 12288, 11783, 333
2026/09/10 19:49:54.472, 0, 12288, 11783, 333
2026/09/10 19:49:54.677, 0, 12288, 11783, 333
2026/09/10 19:49:54.884, 0, 12288, 11783, 333
2026/09/10 19:49:55.090, 0, 12288, 11783, 333
2026/09/10 19:49:55.296, 0, 12288, 11783, 333
2026/09/10 19:49:55.502, 0, 12288, 11783, 333
2026/09/10 19:49:55.707, 0, 12288, 11783, 333
2026/09/10 19:49:55.915, 0, 12288, 11783, 333
2026/09/10 19:49:56.121, 0, 12288, 11783, 333
2026/09/10 19:49:56.325, 0, 12288, 11783, 333
2026/09/10 19:49:56.532, 0, 12288, 11783, 333
2026/09/10 19:49:56.737, 0, 12288, 11783, 333
2026/09/10 19:49:56.943, 0, 12288, 11783, 333
2026/09/10 19:49:57.151, 0, 12288, 11783, 333
2026/09/10 19:49:57.353, 0, 12288, 11783, 333
2026/09/10 19:49:57.559, 0, 12288, 11783, 333
2026/09/10 19:49:57.767, 0, 12288, 11783, 333
2026/09/10 19:49:57.974, 0, 12288, 11783, 333
2026/09/10 19:49:58.181, 0, 12288, 11783, 333
2026/09/10 19:49:58.388, 0, 12288, 11783, 333
2026/09/10 19:49:58.593, 0, 12288, 11783, 333
2026/09/10 19:49:58.799, 0, 12288, 11783, 333
2026/09/10 19:49:59.004, 0, 12288, 11783, 333
2026/09/10 19:49:59.211, 0, 12288, 11783, 333
2026/09/10 19:49:59.419, 0, 12288, 11783, 333
2026/09/10 19:49:59.623, 0, 12288, 11783, 333
2026/09/10 19:49:59.830, 0, 12288, 11783, 333
2026/09/10 19:50:00.037, 0, 12288, 11783, 333
2026/09/10 19:50:00.243, 0, 12288, 11783, 333
2026/09/10 19:50:00.450, 0, 12288, 11783, 333
2026/09/10 19:50:00.655, 0, 12288, 11783, 333
2026/09/10 19:50:00.861, 0, 12288, 11783, 333
2026/09/10 19:50:01.069, 0, 12288, 11783, 333
2026/09/10 19:50:01.273, 0, 12288, 11783, 333
2026/09/10 19:50:01.480, 0, 12288, 11783, 333
2026/09/10 19:50:01.687, 0, 12288, 11783, 333
2026/09/10 19:50:01.890, 0, 12288, 11783, 333
2026/09/10 19:50:02.098, 0, 12288, 11783, 333
2026/09/10 19:50:02.305, 0, 12288, 11783, 333
2026/09/10 19:50:02.509, 0, 12288, 11783, 333
2026/09/10 19:50:02.716, 0, 12288, 11783, 333
2026/09/10 19:50:02.921, 0, 12288, 11783, 333
2026/09/10 19:50:03.128, 0, 12288, 11783, 333
2026/09/10 19:50:03.336, 0, 12288, 11783, 333
2026/09/10 19:50:03.540, 0, 12288, 11783, 333
2026/09/10 19:50:03.747, 0, 12288, 11783, 333
2026/09/10 19:50:03.954, 0, 12288, 11783, 333
2026/09/10 19:50:04.157, 0, 12288, 11783, 333
2026/09/10 19:50:04.363, 0, 12288, 11783, 333
2026/09/10 19:50:04.570, 0, 12288, 11783, 333
2026/09/10 19:50:04.774, 0, 12288, 11783, 333
2026/09/10 19:50:04.982, 0, 12288, 11783, 333
2026/09/10 19:50:05.188, 0, 12288, 11783, 333
2026/09/10 19:50:05.391, 0, 12288, 11783, 333
2026/09/10 19:50:05.599, 0, 12288, 11783, 333
2026/09/10 19:50:05.803, 0, 12288, 11783, 333
2026/09/10 19:50:06.009, 0, 12288, 11783, 333
2026/09/10 19:50:06.216, 0, 12288, 11783, 333
2026/09/10 19:50:06.421, 0, 12288, 11783, 333
2026/09/10 19:50:06.627, 0, 12288, 11783, 333
2026/09/10 19:50:06.835, 0, 12288, 11783, 333
2026/09/10 19:50:07.040, 0, 12288, 11783, 333
2026/09/10 19:50:07.248, 0, 12288, 11783, 333
2026/09/10 19:50:07.455, 0, 12288, 11783, 333
2026/09/10 19:50:07.659, 0, 12288, 11783, 333
2026/09/10 19:50:07.865, 0, 12288, 11783, 333
2026/09/10 19:50:08.073, 0, 12288, 11783, 333
2026/09/10 19:50:08.275, 0, 12288, 11783, 333
2026/09/10 19:50:08.483, 0, 12288, 11783, 333
2026/09/10 19:50:08.689, 0, 12288, 11783, 333
2026/09/10 19:50:08.895, 0, 12288, 11783, 333
2026/09/10 19:50:09.102, 0, 12288, 11783, 333
2026/09/10 19:50:09.307, 0, 12288, 11783, 333
2026/09/10 19:50:09.513, 0, 12288, 11783, 333
2026/09/10 19:50:09.719, 0, 12288, 11783, 333
2026/09/10 19:50:09.921, 0, 12288, 11783, 333
2026/09/10 19:50:10.127, 0, 12288, 11783, 333
2026/09/10 19:50:10.333, 0, 12288, 11783, 333
2026/09/10 19:50:10.540, 0, 12288, 11783, 333
2026/09/10 19:50:10.747, 0, 12288, 11783, 333
2026/09/10 19:50:10.954, 0, 12288, 11783, 333
2026/09/10 19:50:11.158, 0, 12288, 11783, 333
2026/09/10 19:50:11.366, 0, 12288, 11783, 333
2026/09/10 19:50:11.574, 0, 12288, 11783, 333
2026/09/10 19:50:11.778, 0, 12288, 11783, 333
2026/09/10 19:50:11.984, 0, 12288, 11783, 333
2026/09/10 19:50:12.191, 0, 12288, 11783, 333
2026/09/10 19:50:12.394, 0, 12288, 11783, 333
2026/09/10 19:50:12.602, 0, 12288, 11783, 333
2026/09/10 19:50:12.810, 0, 12288, 11783, 333
2026/09/10 19:50:13.013, 0, 12288, 11783, 333
2026/09/10 19:50:13.220, 0, 12288, 11783, 333
2026/09/10 19:50:13.426, 0, 12288, 11783, 333
2026/09/10 19:50:13.632, 0, 12288, 11783, 333
2026/09/10 19:50:13.839, 0, 12288, 11783, 333
2026/09/10 19:50:14.044, 0, 12288, 11783, 333
2026/09/10 19:50:14.250, 0, 12288, 11783, 333
2026/09/10 19:50:14.458, 0, 12288, 11783, 333
2026/09/10 19:50:14.663, 0, 12288, 11783, 333
2026/09/10 19:50:14.867, 0, 12288, 11783, 333
2026/09/10 19:50:15.075, 0, 12288, 11783, 333
2026/09/10 19:50:15.280, 0, 12288, 11783, 333
2026/09/10 19:50:15.484, 0, 12288, 11783, 333
2026/09/10 19:50:15.692, 0, 12288, 11783, 333
2026/09/10 19:50:15.897, 0, 12288, 11783, 333
2026/09/10 19:50:16.104, 0, 12288, 11783, 333
2026/09/10 19:50:16.312, 0, 12288, 11783, 333
2026/09/10 19:50:16.517, 0, 12288, 11783, 333
2026/09/10 19:50:16.723, 0, 12288, 11783, 333
2026/09/10 19:50:16.930, 0, 12288, 11783, 333
2026/09/10 19:50:17.135, 0, 12288, 11783, 333
2026/09/10 19:50:17.341, 0, 12288, 11783, 333
2026/09/10 19:50:17.548, 0, 12288, 11783, 333
2026/09/10 19:50:17.750, 0, 12288, 11783, 333
2026/09/10 19:50:17.956, 0, 12288, 11783, 333
2026/09/10 19:50:18.164, 0, 12288, 11783, 333
2026/09/10 19:50:18.366, 0, 12288, 11783, 333
2026/09/10 19:50:18.574, 0, 12288, 11783, 333
2026/09/10 19:50:18.781, 0, 12288, 11783, 333
2026/09/10 19:50:18.986, 0, 12288, 11783, 333
2026/09/10 19:50:19.194, 0, 12288, 11783, 333
2026/09/10 19:50:19.402, 0, 12288, 11783, 333
2026/09/10 19:50:19.605, 0, 12288, 11783, 333
2026/09/10 19:50:19.812, 0, 12288, 11783, 333
2026/09/10 19:50:20.017, 0, 12288, 11783, 333
2026/09/10 19:50:20.222, 0, 12288, 11783, 333
2026/09/10 19:50:20.429, 0, 12288, 11783, 333
2026/09/10 19:50:20.636, 0, 12288, 11783, 333
2026/09/10 19:50:20.838, 0, 12288, 11783, 333
2026/09/10 19:50:21.043, 0, 12288, 11783, 333
2026/09/10 19:50:21.249, 0, 12288, 11783, 333
2026/09/10 19:50:21.452, 0, 12288, 11783, 333
2026/09/10 19:50:21.656, 0, 12288, 11783, 333
2026/09/10 19:50:21.859, 0, 12288, 11783, 333
2026/09/10 19:50:22.065, 0, 12288, 11783, 333
2026/09/10 19:50:22.272, 0, 12288, 11783, 333
2026/09/10 19:50:22.478, 0, 12288, 11783, 333
2026/09/10 19:50:22.684, 0, 12288, 11783, 333
2026/09/10 19:50:22.890, 0, 12288, 11783, 333
2026/09/10 19:50:23.098, 0, 12288, 11783, 333
2026/09/10 19:50:23.306, 0, 12288, 11783, 333
2026/09/10 19:50:23.514, 0, 12288, 11783, 333
2026/09/10 19:50:23.722, 0, 12288, 11783, 333
2026/09/10 19:50:23.929, 0, 12288, 11783, 333
2026/09/10 19:50:24.136, 0, 12288, 11783, 333
2026/09/10 19:50:24.344, 0, 12288, 11783, 333
2026/09/10 19:50:24.552, 0, 12288, 11783, 333
2026/09/10 19:50:24.760, 0, 12288, 11783, 333
2026/09/10 19:50:24.967, 0, 12288, 11783, 333
2026/09/10 19:50:25.173, 0, 12288, 11783, 333
2026/09/10 19:50:25.380, 0, 12288, 11783, 333
2026/09/10 19:50:25.588, 0, 12288, 11783, 333
2026/09/10 19:50:25.795, 0, 12288, 11783, 333
2026/09/10 19:50:26.002, 0, 12288, 11783, 333
2026/09/10 19:50:26.209, 0, 12288, 11783, 333
2026/09/10 19:50:26.417, 0, 12288, 11783, 333
2026/09/10 19:50:26.622, 0, 12288, 11783, 333
2026/09/10 19:50:26.829, 0, 12288, 11783, 333
2026/09/10 19:50:27.037, 0, 12288, 11783, 333
2026/09/10 19:50:27.244, 0, 12288, 11783, 333
2026/09/10 19:50:27.452, 0, 12288, 11783, 333
2026/09/10 19:50:27.657, 0, 12288, 11783, 333
2026/09/10 19:50:27.864, 0, 12288, 11783, 333
2026/09/10 19:50:28.072, 0, 12288, 11783, 333
2026/09/10 19:50:28.279, 0, 12288, 11783, 333
2026/09/10 19:50:28.486, 0, 12288, 11783, 333
2026/09/10 19:50:28.694, 0, 12288, 11783, 333
2026/09/10 19:50:28.901, 0, 12288, 11783, 333
2026/09/10 19:50:29.108, 0, 12288, 11783, 333
2026/09/10 19:50:29.315, 0, 12288, 11783, 333
2026/09/10 19:50:29.522, 0, 12288, 11783, 333
2026/09/10 19:50:29.730, 0, 12288, 11783, 333
2026/09/10 19:50:29.937, 0, 12288, 11783, 333
2026/09/10 19:50:30.144, 0, 12288, 11783, 333
2026/09/10 19:50:30.351, 0, 12288, 11783, 333
2026/09/10 19:50:30.559, 0, 12288, 11783, 333
2026/09/10 19:50:30.765, 0, 12288, 11783, 333
2026/09/10 19:50:30.973, 0, 12288, 11783, 333
2026/09/10 19:50:31.180, 0, 12288, 11783, 333
2026/09/10 19:50:31.388, 0, 12288, 11783, 333
2026/09/10 19:50:31.596, 0, 12288, 11783, 333
2026/09/10 19:50:31.804, 0, 12288, 11783, 333
2026/09/10 19:50:32.012, 0, 12288, 11783, 333
2026/09/10 19:50:32.217, 0, 12288, 11783, 333
2026/09/10 19:50:32.424, 0, 12288, 11783, 333
2026/09/10 19:50:32.631, 0, 12288, 11783, 333
2026/09/10 19:50:32.839, 0, 12288, 11783, 333
2026/09/10 19:50:33.047, 0, 12288, 11783, 333
2026/09/10 19:50:33.255, 0, 12288, 11783, 333
2026/09/10 19:50:33.461, 0, 12288, 11783, 333
2026/09/10 19:50:33.668, 0, 12288, 11783, 333
2026/09/10 19:50:33.876, 0, 12288, 11783, 333
2026/09/10 19:50:34.084, 0, 12288, 11783, 333
2026/09/10 19:50:34.292, 0, 12288, 11783, 333
2026/09/10 19:50:34.500, 0, 12288, 11783, 333
2026/09/10 19:50:34.708, 0, 12288, 11783, 333
2026/09/10 19:50:34.915, 0, 12288, 11783, 333
2026/09/10 19:50:35.121, 0, 12288, 11783, 333
2026/09/10 19:50:35.327, 0, 12288, 11783, 333
2026/09/10 19:50:35.535, 0, 12288, 11783, 333
2026/09/10 19:50:35.743, 0, 12288, 11783, 333
2026/09/10 19:50:35.951, 0, 12288, 11783, 333
2026/09/10 19:50:36.158, 0, 12288, 11783, 333
2026/09/10 19:50:36.366, 0, 12288, 11783, 333
2026/09/10 19:50:36.574, 0, 12288, 11783, 333
2026/09/10 19:50:36.782, 0, 12288, 11783, 333
2026/09/10 19:50:36.990, 0, 12288, 11783, 333
2026/09/10 19:50:37.198, 0, 12288, 11783, 333
2026/09/10 19:50:37.405, 0, 12288, 11783, 333
2026/09/10 19:50:37.612, 0, 12288, 11783, 333
2026/09/10 19:50:37.817, 0, 12288, 11783, 333
2026/09/10 19:50:38.025, 0, 12288, 11783, 333
2026/09/10 19:50:38.232, 0, 12288, 11783, 333
2026/09/10 19:50:38.439, 0, 12288, 11783, 333
2026/09/10 19:50:38.645, 0, 12288, 11783, 333
2026/09/10 19:50:38.853, 0, 12288, 11783, 333
2026/09/10 19:50:39.059, 0, 12288, 11783, 333
2026/09/10 19:50:39.267, 0, 12288, 11783, 333
2026/09/10 19:50:39.475, 0, 12288, 11783, 333
2026/09/10 19:50:39.682, 0, 12288, 11783, 333
2026/09/10 19:50:39.890, 0, 12288, 11783, 333
2026/09/10 19:50:40.095, 0, 12288, 11783, 333
2026/09/10 19:50:40.302, 0, 12288, 11783, 333
2026/09/10 19:50:40.509, 0, 12288, 11783, 333
2026/09/10 19:50:40.716, 0, 12288, 11783, 333
2026/09/10 19:50:40.923, 0, 12288, 11783, 333
2026/09/10 19:50:41.131, 0, 12288, 11783, 333
2026/09/10 19:50:41.338, 0, 12288, 11783, 333
2026/09/10 19:50:41.545, 0, 12288, 11783, 333
2026/09/10 19:50:41.753, 0, 12288, 11783, 333
2026/09/10 19:50:41.960, 0, 12288, 11783, 333
2026/09/10 19:50:42.168, 0, 12288, 11783, 333
2026/09/10 19:50:42.375, 0, 12288, 11783, 333
2026/09/10 19:50:42.582, 0, 12288, 11783, 333
2026/09/10 19:50:42.790, 0, 12288, 11783, 333
2026/09/10 19:50:42.997, 0, 12288, 11783, 333
2026/09/10 19:50:43.205, 0, 12288, 11783, 333
2026/09/10 19:50:43.410, 0, 12288, 11783, 333
2026/09/10 19:50:43.614, 0, 12288, 11783, 333
2026/09/10 19:50:43.822, 0, 12288, 11783, 333
2026/09/10 19:50:44.030, 0, 12288, 11783, 333
2026/09/10 19:50:44.237, 0, 12288, 11783, 333
2026/09/10 19:50:44.444, 0, 12288, 11783, 333
2026/09/10 19:50:44.652, 0, 12288, 11783, 333
2026/09/10 19:50:44.860, 0, 12288, 11783, 333
2026/09/10 19:50:45.068, 0, 12288, 11783, 333
2026/09/10 19:50:45.274, 0, 12288, 11783, 333
2026/09/10 19:50:45.482, 0, 12288, 11783, 333
2026/09/10 19:50:45.689, 0, 12288, 11783, 333
2026/09/10 19:50:45.911, 0, 12288, 11783, 333
2026/09/10 19:50:46.118, 0, 12288, 11783, 333
2026/09/10 19:50:46.326, 0, 12288, 11783, 333
2026/09/10 19:50:46.534, 0, 12288, 11783, 333
2026/09/10 19:50:46.741, 0, 12288, 11783, 333
2026/09/10 19:50:46.949, 0, 12288, 11783, 333
2026/09/10 19:50:47.156, 0, 12288, 11783, 333
2026/09/10 19:50:47.364, 0, 12288, 11783, 333
2026/09/10 19:50:47.572, 0, 12288, 11783, 333
2026/09/10 19:50:47.780, 0, 12288, 11783, 333
2026/09/10 19:50:47.988, 0, 12288, 11783, 333
2026/09/10 19:50:48.194, 0, 12288, 11783, 333
2026/09/10 19:50:48.402, 0, 12288, 11783, 333
2026/09/10 19:50:48.609, 0, 12288, 11783, 333
2026/09/10 19:50:48.816, 0, 12288, 11783, 333
2026/09/10 19:50:49.019, 0, 12288, 11783, 333
2026/09/10 19:50:49.227, 0, 12288, 11783, 333
2026/09/10 19:50:49.434, 0, 12288, 11783, 333
2026/09/10 19:50:49.642, 0, 12288, 11783, 333
2026/09/10 19:50:49.848, 0, 12288, 11783, 333
2026/09/10 19:50:50.056, 0, 12288, 11783, 333
2026/09/10 19:50:50.264, 0, 12288, 11783, 333
2026/09/10 19:50:50.472, 0, 12288, 11783, 333
2026/09/10 19:50:50.679, 0, 12288, 11783, 333
2026/09/10 19:50:50.886, 0, 12288, 11783, 333
2026/09/10 19:50:51.094, 0, 12288, 11783, 333
2026/09/10 19:50:51.301, 0, 12288, 11783, 333
2026/09/10 19:50:51.509, 0, 12288, 11783, 333
2026/09/10 19:50:51.716, 0, 12288, 11783, 333
2026/09/10 19:50:51.922, 0, 12288, 11783, 333
2026/09/10 19:50:52.129, 0, 12288, 11783, 333
2026/09/10 19:50:52.337, 0, 12288, 11783, 333
2026/09/10 19:50:52.543, 0, 12288, 11783, 333
2026/09/10 19:50:52.750, 0, 12288, 11783, 333
2026/09/10 19:50:52.958, 0, 12288, 11783, 333
2026/09/10 19:50:53.166, 0, 12288, 11783, 333
2026/09/10 19:50:53.374, 0, 12288, 11783, 333
2026/09/10 19:50:53.581, 0, 12288, 11783, 333
2026/09/10 19:50:53.788, 0, 12288, 11783, 333
2026/09/10 19:50:53.996, 0, 12288, 11783, 333
2026/09/10 19:50:54.203, 0, 12288, 11783, 333
2026/09/10 19:50:54.411, 0, 12288, 11783, 333
2026/09/10 19:50:54.617, 0, 12288, 11783, 333
2026/09/10 19:50:54.825, 0, 12288, 11783, 333
2026/09/10 19:50:55.032, 0, 12288, 11783, 333
2026/09/10 19:50:55.239, 0, 12288, 11783, 333
2026/09/10 19:50:55.447, 0, 12288, 11783, 333
2026/09/10 19:50:55.654, 0, 12288, 11783, 333
2026/09/10 19:50:55.862, 0, 12288, 11783, 333
2026/09/10 19:50:56.068, 0, 12288, 11783, 333
2026/09/10 19:50:56.276, 0, 12288, 11783, 333
2026/09/10 19:50:56.484, 0, 12288, 11783, 333
2026/09/10 19:50:56.692, 0, 12288, 11783, 333
2026/09/10 19:50:56.899, 0, 12288, 11783, 333
2026/09/10 19:50:57.107, 0, 12288, 11783, 333
2026/09/10 19:50:57.314, 0, 12288, 11783, 333
2026/09/10 19:50:57.521, 0, 12288, 11783, 333
2026/09/10 19:50:57.728, 0, 12288, 11783, 333
2026/09/10 19:50:57.936, 0, 12288, 11783, 333
2026/09/10 19:50:58.143, 0, 12288, 11783, 333
2026/09/10 19:50:58.351, 0, 12288, 11783, 333
2026/09/10 19:50:58.559, 0, 12288, 11783, 333
2026/09/10 19:50:58.767, 0, 12288, 11783, 333
2026/09/10 19:50:58.975, 0, 12288, 11783, 333
2026/09/10 19:50:59.182, 0, 12288, 11783, 333
2026/09/10 19:50:59.389, 0, 12288, 11783, 333
2026/09/10 19:50:59.596, 0, 12288, 11783, 333
2026/09/10 19:50:59.804, 0, 12288, 11783, 333
2026/09/10 19:51:00.011, 0, 12288, 11783, 333
2026/09/10 19:51:00.216, 0, 12288, 11783, 333
2026/09/10 19:51:00.423, 0, 12288, 11783, 333
2026/09/10 19:51:00.625, 0, 12288, 11783, 333
2026/09/10 19:51:00.832, 0, 12288, 11783, 333
2026/09/10 19:51:01.040, 0, 12288, 11783, 333
2026/09/10 19:51:01.247, 0, 12288, 11783, 333
2026/09/10 19:51:01.455, 0, 12288, 11783, 333
2026/09/10 19:51:01.662, 0, 12288, 11783, 333
2026/09/10 19:51:01.868, 0, 12288, 11783, 333
2026/09/10 19:51:02.076, 0, 12288, 11783, 333
2026/09/10 19:51:02.283, 0, 12288, 11783, 333
2026/09/10 19:51:02.491, 0, 12288, 11783, 333
2026/09/10 19:51:02.699, 0, 12288, 11783, 333
2026/09/10 19:51:02.906, 0, 12288, 11783, 333
2026/09/10 19:51:03.111, 0, 12288, 11783, 333
2026/09/10 19:51:03.319, 0, 12288, 11783, 333
2026/09/10 19:51:03.527, 0, 12288, 11783, 333
2026/09/10 19:51:03.734, 0, 12288, 11783, 333
2026/09/10 19:51:03.942, 0, 12288, 11783, 333
2026/09/10 19:51:04.149, 0, 12288, 11783, 333
2026/09/10 19:51:04.356, 0, 12288, 11783, 333
2026/09/10 19:51:04.563, 0, 12288, 11783, 333
2026/09/10 19:51:04.771, 0, 12288, 11783, 333
2026/09/10 19:51:04.978, 0, 12288, 11783, 333
2026/09/10 19:51:05.184, 0, 12288, 11783, 333
2026/09/10 19:51:05.392, 0, 12288, 11783, 333
2026/09/10 19:51:05.600, 0, 12288, 11783, 333
2026/09/10 19:51:05.806, 0, 12288, 11783, 333
2026/09/10 19:51:06.013, 0, 12288, 11783, 333
2026/09/10 19:51:06.220, 0, 12288, 11783, 333
2026/09/10 19:51:06.428, 0, 12288, 11783, 333
2026/09/10 19:51:06.636, 0, 12288, 11783, 333
2026/09/10 19:51:06.844, 0, 12288, 11783, 333
2026/09/10 19:51:07.051, 0, 12288, 11783, 333
2026/09/10 19:51:07.259, 0, 12288, 11783, 333
2026/09/10 19:51:07.466, 0, 12288, 11783, 333
2026/09/10 19:51:07.673, 0, 12288, 11783, 333
2026/09/10 19:51:07.881, 0, 12288, 11783, 333
2026/09/10 19:51:08.089, 0, 12288, 11783, 333
2026/09/10 19:51:08.297, 0, 12288, 11783, 333
2026/09/10 19:51:08.505, 0, 12288, 11783, 333
2026/09/10 19:51:08.711, 0, 12288, 11783, 333
2026/09/10 19:51:08.919, 0, 12288, 11783, 333
2026/09/10 19:51:09.239, 0, 12288, 11783, 333
2026/09/10 19:51:09.447, 0, 12288, 11783, 333
2026/09/10 19:51:09.655, 0, 12288, 11783, 333
2026/09/10 19:51:09.863, 0, 12288, 11783, 333
2026/09/10 19:51:10.070, 0, 12288, 11783, 333
2026/09/10 19:51:10.277, 0, 12288, 11783, 333
2026/09/10 19:51:10.484, 0, 12288, 11783, 333
2026/09/10 19:51:10.692, 0, 12288, 11783, 333
2026/09/10 19:51:10.899, 0, 12288, 11783, 333
2026/09/10 19:51:11.107, 0, 12288, 11783, 333
2026/09/10 19:51:11.313, 0, 12288, 11783, 333
2026/09/10 19:51:11.517, 0, 12288, 11783, 333
2026/09/10 19:51:11.724, 0, 12288, 11783, 333
2026/09/10 19:51:11.932, 0, 12288, 11783, 333
2026/09/10 19:51:12.140, 0, 12288, 11783, 333
2026/09/10 19:51:12.348, 0, 12288, 11783, 333
2026/09/10 19:51:12.556, 0, 12288, 11783, 333
2026/09/10 19:51:12.764, 0, 12288, 11783, 333
2026/09/10 19:51:12.972, 0, 12288, 11783, 333
2026/09/10 19:51:13.180, 0, 12288, 11783, 333
2026/09/10 19:51:13.387, 0, 12288, 11783, 333
2026/09/10 19:51:13.594, 0, 12288, 11783, 333
2026/09/10 19:51:13.802, 0, 12288, 11783, 333
2026/09/10 19:51:14.010, 0, 12288, 11783, 333
2026/09/10 19:51:14.216, 0, 12288, 11783, 333
2026/09/10 19:51:14.424, 0, 12288, 11783, 333
2026/09/10 19:51:14.632, 0, 12288, 11783, 333
2026/09/10 19:51:14.840, 0, 12288, 11783, 333
2026/09/10 19:51:15.047, 0, 12288, 11783, 333
2026/09/10 19:51:15.255, 0, 12288, 11783, 333
2026/09/10 19:51:15.463, 0, 12288, 11783, 333
2026/09/10 19:51:15.671, 0, 12288, 11783, 333
2026/09/10 19:51:15.878, 0, 12288, 11783, 333
2026/09/10 19:51:16.086, 0, 12288, 11783, 333
2026/09/10 19:51:16.294, 0, 12288, 11783, 333
2026/09/10 19:51:16.501, 0, 12288, 11783, 333
2026/09/10 19:51:16.709, 0, 12288, 11783, 333
2026/09/10 19:51:16.916, 0, 12288, 11783, 333
2026/09/10 19:51:17.123, 0, 12288, 11783, 333
2026/09/10 19:51:17.331, 0, 12288, 11783, 333
2026/09/10 19:51:17.539, 0, 12288, 11783, 333
2026/09/10 19:51:17.747, 0, 12288, 11783, 333
2026/09/10 19:51:17.954, 0, 12288, 11783, 333
2026/09/10 19:51:18.162, 0, 12288, 11783, 333
2026/09/10 19:51:18.370, 0, 12288, 11783, 333
2026/09/10 19:51:18.577, 0, 12288, 11783, 333
2026/09/10 19:51:18.781, 0, 12288, 11783, 333
2026/09/10 19:51:18.988, 0, 12288, 11783, 333
2026/09/10 19:51:19.195, 0, 12288, 11783, 333
2026/09/10 19:51:19.403, 0, 12288, 11783, 333
2026/09/10 19:51:19.610, 0, 12288, 11783, 333
2026/09/10 19:51:19.817, 0, 12288, 11783, 333
2026/09/10 19:51:20.023, 0, 12288, 11783, 333
2026/09/10 19:51:20.231, 0, 12288, 11783, 333
2026/09/10 19:51:20.438, 0, 12288, 11783, 333
2026/09/10 19:51:20.647, 0, 12288, 11783, 333
2026/09/10 19:51:20.855, 0, 12288, 11783, 333
2026/09/10 19:51:21.062, 0, 12288, 11783, 333
2026/09/10 19:51:21.268, 0, 12288, 11783, 333
2026/09/10 19:51:21.476, 0, 12288, 11783, 333
2026/09/10 19:51:21.683, 0, 12288, 11783, 333
2026/09/10 19:51:21.891, 0, 12288, 11783, 333
2026/09/10 19:51:22.099, 0, 12288, 11783, 333
2026/09/10 19:51:22.307, 0, 12288, 11783, 333
2026/09/10 19:51:22.514, 0, 12288, 11783, 333
2026/09/10 19:51:22.721, 0, 12288, 11783, 333
2026/09/10 19:51:22.928, 0, 12288, 11783, 333
2026/09/10 19:51:23.136, 0, 12288, 11783, 333
2026/09/10 19:51:23.344, 0, 12288, 11783, 333
2026/09/10 19:51:23.551, 0, 12288, 11783, 333
2026/09/10 19:51:23.759, 0, 12288, 11783, 333
2026/09/10 19:51:23.967, 0, 12288, 11783, 333
2026/09/10 19:51:24.175, 0, 12288, 11783, 333
2026/09/10 19:51:24.382, 0, 12288, 11783, 333
2026/09/10 19:51:24.590, 0, 12288, 11783, 333
2026/09/10 19:51:24.797, 0, 12288, 11783, 333
2026/09/10 19:51:25.004, 0, 12288, 11783, 333
2026/09/10 19:51:25.212, 0, 12288, 11783, 333
2026/09/10 19:51:25.418, 0, 12288, 11783, 333
2026/09/10 19:51:25.625, 0, 12288, 11783, 333
2026/09/10 19:51:25.832, 0, 12288, 11783, 333
2026/09/10 19:51:26.040, 0, 12288, 11783, 333
2026/09/10 19:51:26.247, 0, 12288, 11783, 333
2026/09/10 19:51:26.453, 0, 12288, 11783, 333
2026/09/10 19:51:26.660, 0, 12288, 11783, 333
2026/09/10 19:51:26.916, 0, 12288, 11783, 333
2026/09/10 19:51:27.124, 0, 12288, 11783, 333
2026/09/10 19:51:27.331, 0, 12288, 11783, 333
2026/09/10 19:51:27.539, 0, 12288, 11783, 333
2026/09/10 19:51:27.746, 0, 12288, 11783, 333
2026/09/10 19:51:27.953, 0, 12288, 11783, 333
2026/09/10 19:51:28.158, 0, 12288, 11783, 333
2026/09/10 19:51:28.366, 0, 12288, 11783, 333
2026/09/10 19:51:28.574, 0, 12288, 11783, 333
2026/09/10 19:51:28.780, 0, 12288, 11783, 333
2026/09/10 19:51:28.987, 0, 12288, 11783, 333
2026/09/10 19:51:29.195, 0, 12288, 11783, 333
2026/09/10 19:51:29.403, 0, 12288, 11783, 333
2026/09/10 19:51:29.609, 0, 12288, 11783, 333
2026/09/10 19:51:29.817, 0, 12288, 11783, 333
2026/09/10 19:51:30.025, 0, 12288, 11783, 333
2026/09/10 19:51:30.232, 0, 12288, 11783, 333
2026/09/10 19:51:30.439, 0, 12288, 11783, 333
2026/09/10 19:51:30.647, 0, 12288, 11783, 333
2026/09/10 19:51:30.854, 0, 12288, 11783, 333
2026/09/10 19:51:31.061, 0, 12288, 11783, 333
2026/09/10 19:51:31.269, 0, 12288, 11783, 333
2026/09/10 19:51:31.476, 0, 12288, 11783, 333
2026/09/10 19:51:31.683, 0, 12288, 11783, 333
2026/09/10 19:51:31.891, 0, 12288, 11783, 333
2026/09/10 19:51:32.099, 0, 12288, 11783, 333
2026/09/10 19:51:32.306, 0, 12288, 11783, 333
2026/09/10 19:51:32.513, 0, 12288, 11783, 333
2026/09/10 19:51:32.720, 0, 12288, 11783, 333
2026/09/10 19:51:32.928, 0, 12288, 11783, 333
2026/09/10 19:51:33.134, 0, 12288, 11783, 333
2026/09/10 19:51:33.342, 0, 12288, 11783, 333
2026/09/10 19:51:33.550, 0, 12288, 11783, 333
2026/09/10 19:51:33.754, 0, 12288, 11783, 333
2026/09/10 19:51:33.962, 0, 12288, 11783, 333
2026/09/10 19:51:34.168, 0, 12288, 11783, 333
2026/09/10 19:51:34.375, 0, 12288, 11783, 333
2026/09/10 19:51:34.583, 0, 12288, 11783, 333
2026/09/10 19:51:34.790, 0, 12288, 11783, 333
2026/09/10 19:51:34.997, 0, 12288, 11783, 333
2026/09/10 19:51:35.204, 0, 12288, 11783, 333
2026/09/10 19:51:35.412, 0, 12288, 11783, 333
2026/09/10 19:51:35.620, 0, 12288, 11783, 333
2026/09/10 19:51:35.828, 0, 12288, 11783, 333
2026/09/10 19:51:36.033, 0, 12288, 11783, 333
2026/09/10 19:51:36.240, 0, 12288, 11783, 333
2026/09/10 19:51:36.480, 0, 12288, 11783, 333
2026/09/10 19:51:36.688, 0, 12288, 11783, 333
2026/09/10 19:51:36.896, 0, 12288, 11783, 333
2026/09/10 19:51:37.104, 0, 12288, 11783, 333
2026/09/10 19:51:37.311, 0, 12288, 11783, 333
2026/09/10 19:51:37.518, 0, 12288, 11783, 333
2026/09/10 19:51:37.726, 0, 12288, 11783, 333
2026/09/10 19:51:37.934, 0, 12288, 11783, 333
2026/09/10 19:51:38.142, 0, 12288, 11783, 333
2026/09/10 19:51:38.350, 0, 12288, 11783, 333
2026/09/10 19:51:38.557, 0, 12288, 11783, 333
2026/09/10 19:51:38.765, 0, 12288, 11783, 333
2026/09/10 19:51:38.971, 0, 12288, 11783, 333
2026/09/10 19:51:39.179, 0, 12288, 11783, 333
2026/09/10 19:51:39.385, 0, 12288, 11783, 333
2026/09/10 19:51:39.593, 0, 12288, 11783, 333
2026/09/10 19:51:39.801, 0, 12288, 11783, 333
2026/09/10 19:51:40.008, 0, 12288, 11783, 333
2026/09/10 19:51:40.216, 0, 12288, 11783, 333
2026/09/10 19:51:40.439, 0, 12288, 11783, 333
2026/09/10 19:51:40.646, 0, 12288, 11783, 333
2026/09/10 19:51:40.853, 0, 12288, 11783, 333
2026/09/10 19:51:41.061, 0, 12288, 11783, 333
2026/09/10 19:51:41.269, 0, 12288, 11783, 333
2026/09/10 19:51:41.477, 0, 12288, 11783, 333
2026/09/10 19:51:41.685, 0, 12288, 11783, 333
2026/09/10 19:51:41.893, 0, 12288, 11783, 333
2026/09/10 19:51:42.100, 0, 12288, 11783, 333
2026/09/10 19:51:42.308, 0, 12288, 11783, 333
2026/09/10 19:51:42.516, 0, 12288, 11783, 333
2026/09/10 19:51:42.724, 0, 12288, 11783, 333
2026/09/10 19:51:42.931, 0, 12288, 11783, 333
2026/09/10 19:51:43.138, 0, 12288, 11783, 333
2026/09/10 19:51:43.346, 0, 12288, 11783, 333
2026/09/10 19:51:43.553, 0, 12288, 11783, 333
2026/09/10 19:51:43.760, 0, 12288, 11783, 333
2026/09/10 19:51:43.968, 0, 12288, 11783, 333
2026/09/10 19:51:44.176, 0, 12288, 11783, 333
2026/09/10 19:51:44.382, 0, 12288, 11783, 333
2026/09/10 19:51:44.591, 0, 12288, 11783, 333
2026/09/10 19:51:44.799, 0, 12288, 11783, 333
2026/09/10 19:51:45.005, 0, 12288, 11783, 333
2026/09/10 19:51:45.211, 0, 12288, 11783, 333
2026/09/10 19:51:45.419, 0, 12288, 11783, 333
2026/09/10 19:51:45.627, 0, 12288, 11783, 333
2026/09/10 19:51:45.833, 0, 12288, 11783, 333
2026/09/10 19:51:46.041, 0, 12288, 11783, 333
2026/09/10 19:51:46.249, 0, 12288, 11783, 333
2026/09/10 19:51:46.455, 0, 12288, 11783, 333
2026/09/10 19:51:46.663, 0, 12288, 11783, 333
2026/09/10 19:51:46.869, 0, 12288, 11783, 333
2026/09/10 19:51:47.076, 0, 12288, 11783, 333
2026/09/10 19:51:47.283, 0, 12288, 11783, 333
2026/09/10 19:51:47.491, 0, 12288, 11783, 333
2026/09/10 19:51:47.699, 0, 12288, 11783, 333
2026/09/10 19:51:47.907, 0, 12288, 11783, 333
2026/09/10 19:51:48.114, 0, 12288, 11783, 333
2026/09/10 19:51:48.322, 0, 12288, 11783, 333
2026/09/10 19:51:48.527, 0, 12288, 11783, 333
2026/09/10 19:51:48.735, 0, 12288, 11783, 333
2026/09/10 19:51:48.943, 0, 12288, 11783, 333
2026/09/10 19:51:49.151, 0, 12288, 11783, 333
2026/09/10 19:51:49.359, 0, 12288, 11783, 333
2026/09/10 19:51:49.567, 0, 12288, 11783, 333
2026/09/10 19:51:49.774, 0, 12288, 11783, 333
2026/09/10 19:51:49.982, 0, 12288, 11783, 333
2026/09/10 19:51:50.189, 0, 12288, 11783, 333
2026/09/10 19:51:50.397, 0, 12288, 11783, 333
2026/09/10 19:51:50.602, 0, 12288, 11783, 333
2026/09/10 19:51:50.810, 0, 12288, 11783, 333
2026/09/10 19:51:51.016, 0, 12288, 11783, 333
2026/09/10 19:51:51.224, 0, 12288, 11783, 333
2026/09/10 19:51:51.431, 0, 12288, 11783, 333
2026/09/10 19:51:51.639, 0, 12288, 11783, 333
2026/09/10 19:51:51.846, 0, 12288, 11783, 333
2026/09/10 19:51:52.052, 0, 12288, 11783, 333
2026/09/10 19:51:52.260, 0, 12288, 11783, 333
2026/09/10 19:51:52.468, 0, 12288, 11783, 333
2026/09/10 19:51:52.675, 0, 12288, 11783, 333
2026/09/10 19:51:52.883, 0, 12288, 11783, 333
2026/09/10 19:51:53.091, 0, 12288, 11783, 333
2026/09/10 19:51:53.299, 0, 12288, 11783, 333
2026/09/10 19:51:53.507, 0, 12288, 11783, 333
2026/09/10 19:51:53.714, 0, 12288, 11783, 333
2026/09/10 19:51:53.922, 0, 12288, 11783, 333
2026/09/10 19:51:54.129, 0, 12288, 11783, 333
2026/09/10 19:51:54.337, 0, 12288, 11783, 333
2026/09/10 19:51:54.545, 0, 12288, 11783, 333
2026/09/10 19:51:54.753, 0, 12288, 11783, 333
2026/09/10 19:51:54.961, 0, 12288, 11783, 333
2026/09/10 19:51:55.169, 0, 12288, 11783, 333
2026/09/10 19:51:55.377, 0, 12288, 11783, 333
2026/09/10 19:51:55.583, 0, 12288, 11783, 333
2026/09/10 19:51:55.791, 0, 12288, 11783, 333
2026/09/10 19:51:55.999, 0, 12288, 11783, 333
2026/09/10 19:51:56.203, 0, 12288, 11783, 333
2026/09/10 19:51:56.411, 0, 12288, 11783, 333
2026/09/10 19:51:56.618, 0, 12288, 11783, 333
2026/09/10 19:51:56.825, 0, 12288, 11783, 333
2026/09/10 19:51:57.033, 0, 12288, 11783, 333
2026/09/10 19:51:57.240, 0, 12288, 11783, 333
2026/09/10 19:51:57.448, 0, 12288, 11783, 333
2026/09/10 19:51:57.655, 0, 12288, 11783, 333
2026/09/10 19:51:57.862, 0, 12288, 11783, 333
2026/09/10 19:51:58.070, 0, 12288, 11783, 333
2026/09/10 19:51:58.277, 0, 12288, 11783, 333
2026/09/10 19:51:58.484, 0, 12288, 11783, 333
2026/09/10 19:51:58.692, 0, 12288, 11783, 333
2026/09/10 19:51:58.900, 0, 12288, 11783, 333
2026/09/10 19:51:59.108, 0, 12288, 11783, 333
2026/09/10 19:51:59.315, 0, 12288, 11783, 333
2026/09/10 19:51:59.522, 0, 12288, 11783, 333
2026/09/10 19:51:59.729, 0, 12288, 11783, 333
2026/09/10 19:51:59.937, 0, 12288, 11783, 333
2026/09/10 19:52:00.141, 0, 12288, 11783, 333
2026/09/10 19:52:00.348, 0, 12288, 11783, 333
2026/09/10 19:52:00.556, 0, 12288, 11783, 333
2026/09/10 19:52:00.764, 0, 12288, 11783, 333
2026/09/10 19:52:00.971, 0, 12288, 11783, 333
2026/09/10 19:52:01.179, 0, 12288, 11783, 333
2026/09/10 19:52:01.387, 0, 12288, 11783, 333
2026/09/10 19:52:01.594, 0, 12288, 11783, 333
2026/09/10 19:52:01.799, 0, 12288, 11783, 333
2026/09/10 19:52:02.008, 0, 12288, 11783, 333
2026/09/10 19:52:02.214, 0, 12288, 11783, 333
2026/09/10 19:52:02.421, 0, 12288, 11783, 333
2026/09/10 19:52:02.628, 0, 12288, 11783, 333
2026/09/10 19:52:02.836, 0, 12288, 11783, 333
2026/09/10 19:52:03.044, 0, 12288, 11783, 333
2026/09/10 19:52:03.250, 0, 12288, 11783, 333
2026/09/10 19:52:03.458, 0, 12288, 11783, 333
2026/09/10 19:52:03.665, 0, 12288, 11783, 333
2026/09/10 19:52:03.872, 0, 12288, 11783, 333
2026/09/10 19:52:04.080, 0, 12288, 11783, 333
2026/09/10 19:52:04.288, 0, 12288, 11783, 333
2026/09/10 19:52:04.495, 0, 12288, 11783, 333
2026/09/10 19:52:04.703, 0, 12288, 11783, 333
2026/09/10 19:52:04.909, 0, 12288, 11783, 333
2026/09/10 19:52:05.116, 0, 12288, 11783, 333
2026/09/10 19:52:05.324, 0, 12288, 11783, 333
2026/09/10 19:52:05.531, 0, 12288, 11783, 333
2026/09/10 19:52:05.739, 0, 12288, 11783, 333
2026/09/10 19:52:05.946, 0, 12288, 11783, 333
2026/09/10 19:52:06.154, 0, 12288, 11783, 333
2026/09/10 19:52:06.361, 0, 12288, 11783, 333
2026/09/10 19:52:06.568, 0, 12288, 11783, 333
2026/09/10 19:52:06.775, 0, 12288, 11783, 333
2026/09/10 19:52:06.982, 0, 12288, 11783, 333
2026/09/10 19:52:07.190, 0, 12288, 11783, 333
2026/09/10 19:52:07.395, 0, 12288, 11783, 333
2026/09/10 19:52:07.602, 0, 12288, 11783, 333
2026/09/10 19:52:07.810, 0, 12288, 11783, 333
2026/09/10 19:52:08.016, 0, 12288, 11783, 333
2026/09/10 19:52:08.223, 0, 12288, 11783, 333
2026/09/10 19:52:08.431, 0, 12288, 11783, 333
2026/09/10 19:52:08.639, 0, 12288, 11783, 333
2026/09/10 19:52:08.847, 0, 12288, 11783, 333
2026/09/10 19:52:09.070, 0, 12288, 11783, 333
2026/09/10 19:52:09.278, 0, 12288, 11783, 333
2026/09/10 19:52:09.486, 0, 12288, 11783, 333
2026/09/10 19:52:09.694, 0, 12288, 11783, 333
2026/09/10 19:52:09.900, 0, 12288, 11783, 333
2026/09/10 19:52:10.108, 0, 12288, 11783, 333
2026/09/10 19:52:10.316, 0, 12288, 11783, 333
2026/09/10 19:52:10.619, 0, 12288, 11783, 333
2026/09/10 19:52:10.826, 0, 12288, 11783, 333
2026/09/10 19:52:11.034, 0, 12288, 11783, 333
2026/09/10 19:52:11.242, 0, 12288, 11783, 333
2026/09/10 19:52:11.450, 0, 12288, 11783, 333
2026/09/10 19:52:11.655, 0, 12288, 11783, 333
2026/09/10 19:52:11.861, 0, 12288, 11783, 333
2026/09/10 19:52:12.068, 0, 12288, 11783, 333
2026/09/10 19:52:12.276, 0, 12288, 11783, 333
2026/09/10 19:52:12.484, 0, 12288, 11783, 333
2026/09/10 19:52:12.688, 0, 12288, 11783, 333
2026/09/10 19:52:12.893, 0, 12288, 11783, 333
2026/09/10 19:52:13.101, 0, 12288, 11783, 333
2026/09/10 19:52:13.308, 0, 12288, 11783, 333
2026/09/10 19:52:13.516, 0, 12288, 11783, 333
2026/09/10 19:52:13.724, 0, 12288, 11783, 333
2026/09/10 19:52:13.932, 0, 12288, 11783, 333
2026/09/10 19:52:14.140, 0, 12288, 11783, 333
2026/09/10 19:52:14.348, 0, 12288, 11783, 333
2026/09/10 19:52:14.555, 0, 12288, 11783, 333
2026/09/10 19:52:14.760, 0, 12288, 11783, 333
2026/09/10 19:52:14.968, 0, 12288, 11783, 333
2026/09/10 19:52:15.175, 0, 12288, 11783, 333
2026/09/10 19:52:15.381, 0, 12288, 11783, 333
2026/09/10 19:52:15.589, 0, 12288, 11783, 333
2026/09/10 19:52:15.796, 0, 12288, 11783, 333
2026/09/10 19:52:16.627, 0, 12288, 11783, 333
2026/09/10 19:52:16.835, 0, 12288, 11783, 333
2026/09/10 19:52:17.042, 0, 12288, 11783, 333
2026/09/10 19:52:17.249, 0, 12288, 11783, 333
2026/09/10 19:52:17.457, 0, 12288, 11783, 333
2026/09/10 19:52:17.665, 0, 12288, 11783, 333
2026/09/10 19:52:17.873, 0, 12288, 11783, 333
2026/09/10 19:52:18.081, 0, 12288, 11783, 333
2026/09/10 19:52:18.288, 0, 12288, 11783, 333
2026/09/10 19:52:18.492, 0, 12288, 11783, 333
2026/09/10 19:52:18.700, 0, 12288, 11783, 333
2026/09/10 19:52:18.907, 0, 12288, 11783, 333
2026/09/10 19:52:19.114, 0, 12288, 11783, 333
2026/09/10 19:52:19.321, 0, 12288, 11783, 333
2026/09/10 19:52:19.528, 0, 12288, 11783, 333
2026/09/10 19:52:19.732, 0, 12288, 11783, 333
2026/09/10 19:52:19.938, 0, 12288, 11783, 333
2026/09/10 19:52:20.146, 0, 12288, 11783, 333
2026/09/10 19:52:20.353, 0, 12288, 11783, 333
2026/09/10 19:52:20.560, 0, 12288, 11783, 333
2026/09/10 19:52:20.767, 0, 12288, 11783, 333
2026/09/10 19:52:20.975, 0, 12288, 11783, 333
2026/09/10 19:52:21.182, 0, 12288, 11783, 333
2026/09/10 19:52:21.390, 0, 12288, 11783, 333
2026/09/10 19:52:21.597, 0, 12288, 11783, 333
2026/09/10 19:52:21.805, 0, 12288, 11783, 333
2026/09/10 19:52:22.013, 0, 12288, 11783, 333
2026/09/10 19:52:22.221, 0, 12288, 11783, 333
2026/09/10 19:52:22.428, 0, 12288, 11783, 333
2026/09/10 19:52:22.635, 0, 12288, 11783, 333
2026/09/10 19:52:22.842, 0, 12288, 11783, 333
2026/09/10 19:52:23.050, 0, 12288, 11783, 333
2026/09/10 19:52:23.257, 0, 12288, 11783, 333
2026/09/10 19:52:23.465, 0, 12288, 11783, 333
2026/09/10 19:52:23.673, 0, 12288, 11783, 333
2026/09/10 19:52:23.880, 0, 12288, 11783, 333
2026/09/10 19:52:24.085, 0, 12288, 11783, 333
2026/09/10 19:52:24.293, 0, 12288, 11783, 333
2026/09/10 19:52:24.500, 0, 12288, 11783, 333
2026/09/10 19:52:24.708, 0, 12288, 11783, 333
2026/09/10 19:52:24.916, 0, 12288, 11783, 333
2026/09/10 19:52:25.123, 0, 12288, 11783, 333
2026/09/10 19:52:25.330, 0, 12288, 11783, 333
2026/09/10 19:52:25.536, 0, 12288, 11783, 333
2026/09/10 19:52:25.743, 0, 12288, 11783, 333
2026/09/10 19:52:25.951, 0, 12288, 11783, 333
2026/09/10 19:52:26.159, 0, 12288, 11783, 333
2026/09/10 19:52:26.367, 0, 12288, 11783, 333
2026/09/10 19:52:26.573, 0, 12288, 11783, 333
2026/09/10 19:52:26.780, 0, 12288, 11783, 333
2026/09/10 19:52:26.988, 0, 12288, 11783, 333
2026/09/10 19:52:27.196, 0, 12288, 11783, 333
2026/09/10 19:52:27.404, 0, 12288, 11783, 333
2026/09/10 19:52:27.612, 0, 12288, 11783, 333
2026/09/10 19:52:27.820, 0, 12288, 11783, 333
2026/09/10 19:52:28.027, 0, 12288, 11783, 333
2026/09/10 19:52:28.235, 0, 12288, 11783, 333
2026/09/10 19:52:28.443, 0, 12288, 11783, 333
2026/09/10 19:52:28.650, 0, 12288, 11783, 333
2026/09/10 19:52:28.858, 0, 12288, 11783, 333
2026/09/10 19:52:29.063, 0, 12288, 11783, 333
2026/09/10 19:52:29.270, 0, 12288, 11783, 333
2026/09/10 19:52:29.477, 0, 12288, 11783, 333
2026/09/10 19:52:29.681, 0, 12288, 11783, 333
2026/09/10 19:52:29.887, 0, 12288, 11783, 333
2026/09/10 19:52:30.094, 0, 12288, 11783, 333
2026/09/10 19:52:30.302, 0, 12288, 11783, 333
2026/09/10 19:52:30.509, 0, 12288, 11783, 333
2026/09/10 19:52:30.715, 0, 12288, 11783, 333
2026/09/10 19:52:30.922, 0, 12288, 11783, 333
2026/09/10 19:52:31.129, 0, 12288, 11783, 333
2026/09/10 19:52:31.337, 0, 12288, 11783, 333
2026/09/10 19:52:31.544, 0, 12288, 11783, 333
2026/09/10 19:52:31.752, 0, 12288, 11783, 333
2026/09/10 19:52:31.959, 0, 12288, 11783, 333
2026/09/10 19:52:32.167, 0, 12288, 11783, 333
2026/09/10 19:52:32.374, 0, 12288, 11783, 333
2026/09/10 19:52:32.580, 0, 12288, 11783, 333
2026/09/10 19:52:32.788, 0, 12288, 11783, 333
2026/09/10 19:52:32.996, 0, 12288, 11783, 333
2026/09/10 19:52:33.204, 0, 12288, 11783, 333
2026/09/10 19:52:33.411, 0, 12288, 11783, 333
2026/09/10 19:52:33.619, 0, 12288, 11783, 333
2026/09/10 19:52:33.827, 0, 12288, 11783, 333
2026/09/10 19:52:34.035, 0, 12288, 11783, 333
2026/09/10 19:52:34.243, 0, 12288, 11783, 333
2026/09/10 19:52:34.450, 0, 12288, 11783, 333
2026/09/10 19:52:34.657, 0, 12288, 11783, 333
2026/09/10 19:52:34.865, 0, 12288, 11783, 333
2026/09/10 19:52:35.073, 0, 12288, 11783, 333
2026/09/10 19:52:35.278, 0, 12288, 11783, 333
2026/09/10 19:52:35.484, 0, 12288, 11783, 333
2026/09/10 19:52:35.691, 0, 12288, 11783, 333
2026/09/10 19:52:35.899, 0, 12288, 11783, 333
2026/09/10 19:52:36.107, 0, 12288, 11783, 333
2026/09/10 19:52:36.314, 0, 12288, 11783, 333
2026/09/10 19:52:36.522, 0, 12288, 11783, 333
2026/09/10 19:52:36.730, 0, 12288, 11783, 333
2026/09/10 19:52:36.938, 0, 12288, 11783, 333
2026/09/10 19:52:37.146, 0, 12288, 11783, 333
2026/09/10 19:52:37.353, 0, 12288, 11783, 333
2026/09/10 19:52:37.559, 0, 12288, 11783, 333
2026/09/10 19:52:37.767, 0, 12288, 11783, 333
2026/09/10 19:52:37.975, 0, 12288, 11783, 333
2026/09/10 19:52:38.183, 0, 12288, 11783, 333
2026/09/10 19:52:38.390, 0, 12288, 11783, 333
2026/09/10 19:52:38.598, 0, 12288, 11783, 333
2026/09/10 19:52:38.806, 0, 12288, 11783, 333
2026/09/10 19:52:39.014, 0, 12288, 11783, 333
2026/09/10 19:52:39.222, 0, 12288, 11783, 333
2026/09/10 19:52:39.429, 0, 12288, 11783, 333
2026/09/10 19:52:39.637, 0, 12288, 11783, 333
2026/09/10 19:52:39.845, 0, 12288, 11783, 333
2026/09/10 19:52:40.052, 0, 12288, 11783, 333
2026/09/10 19:52:40.259, 0, 12288, 11783, 333
2026/09/10 19:52:40.467, 0, 12288, 11783, 333
2026/09/10 19:52:40.675, 0, 12288, 11783, 333
2026/09/10 19:52:40.878, 0, 12288, 11783, 333
2026/09/10 19:52:41.085, 0, 12288, 11783, 333
2026/09/10 19:52:41.293, 0, 12288, 11783, 333
2026/09/10 19:52:41.501, 0, 12288, 11783, 333
2026/09/10 19:52:41.708, 0, 12288, 11783, 333
2026/09/10 19:52:41.916, 0, 12288, 11783, 333
2026/09/10 19:52:42.124, 0, 12288, 11783, 333
2026/09/10 19:52:42.330, 0, 12288, 11783, 333
2026/09/10 19:52:42.538, 0, 12288, 11783, 333
2026/09/10 19:52:42.746, 0, 12288, 11783, 333
2026/09/10 19:52:42.953, 0, 12288, 11783, 333
2026/09/10 19:52:43.160, 0, 12288, 11783, 333
2026/09/10 19:52:43.367, 0, 12288, 11783, 333
2026/09/10 19:52:43.575, 0, 12288, 11783, 333
2026/09/10 19:52:43.783, 0, 12288, 11783, 333
2026/09/10 19:52:43.991, 0, 12288, 11783, 333
2026/09/10 19:52:44.199, 0, 12288, 11783, 333
2026/09/10 19:52:44.406, 0, 12288, 11783, 333
2026/09/10 19:52:44.614, 0, 12288, 11783, 333
2026/09/10 19:52:44.822, 0, 12288, 11783, 333
2026/09/10 19:52:45.030, 0, 12288, 11783, 333
2026/09/10 19:52:45.238, 0, 12288, 11783, 333
2026/09/10 19:52:45.446, 0, 12288, 11783, 333
2026/09/10 19:52:45.654, 0, 12288, 11783, 333
2026/09/10 19:52:45.861, 0, 12288, 11783, 333
2026/09/10 19:52:46.068, 0, 12288, 11783, 333
2026/09/10 19:52:46.276, 0, 12288, 11783, 333
2026/09/10 19:52:46.481, 0, 12288, 11783, 333
2026/09/10 19:52:46.688, 0, 12288, 11783, 333
2026/09/10 19:52:46.895, 0, 12288, 11783, 333
2026/09/10 19:52:47.102, 0, 12288, 11783, 333
2026/09/10 19:52:47.309, 0, 12288, 11783, 333
2026/09/10 19:52:47.516, 0, 12288, 11783, 333
2026/09/10 19:52:47.723, 0, 12288, 11783, 333
2026/09/10 19:52:47.931, 0, 12288, 11783, 333
2026/09/10 19:52:48.139, 0, 12288, 11783, 333
2026/09/10 19:52:48.347, 0, 12288, 11783, 333
2026/09/10 19:52:48.554, 0, 12288, 11783, 333
2026/09/10 19:52:48.761, 0, 12288, 11783, 333
2026/09/10 19:52:48.968, 0, 12288, 11783, 333
2026/09/10 19:52:49.175, 0, 12288, 11783, 333
2026/09/10 19:52:49.383, 0, 12288, 11783, 333
2026/09/10 19:52:49.590, 0, 12288, 11783, 333
2026/09/10 19:52:49.798, 0, 12288, 11783, 333
2026/09/10 19:52:50.005, 0, 12288, 11783, 333
2026/09/10 19:52:50.212, 0, 12288, 11783, 333
2026/09/10 19:52:50.420, 0, 12288, 11783, 333
2026/09/10 19:52:50.628, 0, 12288, 11783, 333
2026/09/10 19:52:50.836, 0, 12288, 11783, 333
2026/09/10 19:52:51.044, 0, 12288, 11783, 333
2026/09/10 19:52:51.251, 0, 12288, 11783, 333
2026/09/10 19:52:51.458, 0, 12288, 11783, 333
2026/09/10 19:52:51.666, 0, 12288, 11783, 333
2026/09/10 19:52:51.874, 0, 12288, 11783, 333
2026/09/10 19:52:52.079, 0, 12288, 11783, 333
2026/09/10 19:52:52.287, 0, 12288, 11783, 333
2026/09/10 19:52:52.494, 0, 12288, 11783, 333
2026/09/10 19:52:52.702, 0, 12288, 11783, 333
2026/09/10 19:52:52.910, 0, 12288, 11783, 333
2026/09/10 19:52:53.118, 0, 12288, 11783, 333
2026/09/10 19:52:53.326, 0, 12288, 11783, 333
2026/09/10 19:52:53.534, 0, 12288, 11783, 333
2026/09/10 19:52:53.742, 0, 12288, 11783, 333
2026/09/10 19:52:53.948, 0, 12288, 11783, 333
2026/09/10 19:52:54.155, 0, 12288, 11783, 333
2026/09/10 19:52:54.363, 0, 12288, 11783, 333
2026/09/10 19:52:54.571, 0, 12288, 11783, 333
2026/09/10 19:52:54.779, 0, 12288, 11783, 333
2026/09/10 19:52:54.987, 0, 12288, 11783, 333
2026/09/10 19:52:55.194, 0, 12288, 11783, 333
2026/09/10 19:52:55.402, 0, 12288, 11783, 333
2026/09/10 19:52:55.609, 0, 12288, 11783, 333
2026/09/10 19:52:55.816, 0, 12288, 11783, 333
2026/09/10 19:52:56.024, 0, 12288, 11783, 333
2026/09/10 19:52:56.231, 0, 12288, 11783, 333
2026/09/10 19:52:56.437, 0, 12288, 11783, 333
2026/09/10 19:52:56.643, 0, 12288, 11783, 333
2026/09/10 19:52:56.849, 0, 12288, 11783, 333
2026/09/10 19:52:57.057, 0, 12288, 11783, 333
2026/09/10 19:52:57.265, 0, 12288, 11783, 333
2026/09/10 19:52:57.472, 0, 12288, 11783, 333
2026/09/10 19:52:57.677, 0, 12288, 11783, 333
2026/09/10 19:52:57.884, 0, 12288, 11783, 333
2026/09/10 19:52:58.092, 0, 12288, 11783, 333
2026/09/10 19:52:58.300, 0, 12288, 11783, 333
2026/09/10 19:52:58.506, 0, 12288, 11783, 333
2026/09/10 19:52:58.712, 0, 12288, 11783, 333
2026/09/10 19:52:58.920, 0, 12288, 11783, 333
2026/09/10 19:52:59.127, 0, 12288, 11783, 333
2026/09/10 19:52:59.335, 0, 12288, 11783, 333
2026/09/10 19:52:59.542, 0, 12288, 11783, 333
2026/09/10 19:52:59.751, 0, 12288, 11783, 333
2026/09/10 19:52:59.959, 0, 12288, 11783, 333
2026/09/10 19:53:00.167, 0, 12288, 11783, 333
2026/09/10 19:53:00.375, 0, 12288, 11783, 333
2026/09/10 19:53:00.583, 0, 12288, 11783, 333
2026/09/10 19:53:00.790, 0, 12288, 11783, 333
2026/09/10 19:53:00.997, 0, 12288, 11783, 333
2026/09/10 19:53:01.204, 0, 12288, 11783, 333
2026/09/10 19:53:01.412, 0, 12288, 11783, 333
2026/09/10 19:53:01.620, 0, 12288, 11783, 333
2026/09/10 19:53:01.828, 0, 12288, 11783, 333
2026/09/10 19:53:02.035, 0, 12288, 11783, 333
2026/09/10 19:53:02.241, 0, 12288, 11783, 333
2026/09/10 19:53:02.449, 0, 12288, 11783, 333
2026/09/10 19:53:02.655, 0, 12288, 11783, 333
2026/09/10 19:53:02.863, 0, 12288, 11783, 333
2026/09/10 19:53:03.071, 0, 12288, 11783, 333
2026/09/10 19:53:03.277, 0, 12288, 11783, 333
2026/09/10 19:53:03.485, 0, 12288, 11783, 333
2026/09/10 19:53:03.692, 0, 12288, 11783, 333
2026/09/10 19:53:03.900, 0, 12288, 11783, 333
2026/09/10 19:53:04.108, 0, 12288, 11783, 333
2026/09/10 19:53:04.316, 0, 12288, 11783, 333
2026/09/10 19:53:04.524, 0, 12288, 11783, 333
2026/09/10 19:53:04.731, 0, 12288, 11783, 333
2026/09/10 19:53:04.939, 0, 12288, 11783, 333
2026/09/10 19:53:05.145, 0, 12288, 11783, 333
2026/09/10 19:53:05.353, 0, 12288, 11783, 333
2026/09/10 19:53:05.561, 0, 12288, 11783, 333
2026/09/10 19:53:05.768, 0, 12288, 11783, 333
2026/09/10 19:53:05.976, 0, 12288, 11783, 333
2026/09/10 19:53:06.183, 0, 12288, 11783, 333
2026/09/10 19:53:06.390, 0, 12288, 11783, 333
2026/09/10 19:53:06.598, 0, 12288, 11783, 333
2026/09/10 19:53:06.806, 0, 12288, 11783, 333
2026/09/10 19:53:07.014, 0, 12288, 11783, 333
2026/09/10 19:53:07.222, 0, 12288, 11783, 333
2026/09/10 19:53:07.430, 0, 12288, 11783, 333
2026/09/10 19:53:07.638, 0, 12288, 11783, 333
2026/09/10 19:53:07.846, 0, 12288, 11783, 333
2026/09/10 19:53:08.053, 0, 12288, 11783, 333
2026/09/10 19:53:08.261, 0, 12288, 11783, 333
2026/09/10 19:53:08.468, 0, 12288, 11783, 333
2026/09/10 19:53:08.676, 0, 12288, 11783, 333
2026/09/10 19:53:08.881, 0, 12288, 11783, 333
2026/09/10 19:53:09.088, 0, 12288, 11783, 333
2026/09/10 19:53:09.296, 0, 12288, 11783, 333
2026/09/10 19:53:09.504, 0, 12288, 11783, 333
2026/09/10 19:53:09.712, 0, 12288, 11783, 333
2026/09/10 19:53:09.920, 0, 12288, 11783, 333
2026/09/10 19:53:10.128, 0, 12288, 11783, 333
2026/09/10 19:53:10.336, 0, 12288, 11783, 333
2026/09/10 19:53:10.544, 0, 12288, 11783, 333
2026/09/10 19:53:10.751, 0, 12288, 11783, 333
2026/09/10 19:53:10.958, 0, 12288, 11783, 333
2026/09/10 19:53:11.165, 0, 12288, 11783, 333
2026/09/10 19:53:11.374, 0, 12288, 11783, 333
2026/09/10 19:53:11.581, 0, 12288, 11783, 333
2026/09/10 19:53:11.787, 0, 12288, 11783, 333
2026/09/10 19:53:11.994, 0, 12288, 11783, 333
2026/09/10 19:53:12.202, 0, 12288, 11783, 333
2026/09/10 19:53:12.410, 0, 12288, 11783, 333
2026/09/10 19:53:12.618, 0, 12288, 11783, 333
2026/09/10 19:53:12.825, 0, 12288, 11783, 333
2026/09/10 19:53:13.032, 0, 12288, 11783, 333
2026/09/10 19:53:13.239, 0, 12288, 11783, 333
2026/09/10 19:53:13.446, 0, 12288, 11783, 333
2026/09/10 19:53:13.654, 0, 12288, 11783, 333
2026/09/10 19:53:13.862, 0, 12288, 11783, 333
2026/09/10 19:53:14.070, 0, 12288, 11783, 333
2026/09/10 19:53:14.278, 0, 12288, 11783, 333
2026/09/10 19:53:14.483, 0, 12288, 11783, 333
2026/09/10 19:53:14.691, 0, 12288, 11783, 333
2026/09/10 19:53:14.898, 0, 12288, 11783, 333
2026/09/10 19:53:15.105, 0, 12288, 11783, 333
2026/09/10 19:53:15.312, 0, 12288, 11783, 333
2026/09/10 19:53:15.518, 0, 12288, 11783, 333
2026/09/10 19:53:15.726, 0, 12288, 11783, 333
2026/09/10 19:53:15.933, 0, 12288, 11783, 333
2026/09/10 19:53:16.140, 0, 12288, 11783, 333
2026/09/10 19:53:16.347, 0, 12288, 11783, 333
2026/09/10 19:53:16.555, 0, 12288, 11783, 333
2026/09/10 19:53:16.762, 0, 12288, 11783, 333
2026/09/10 19:53:16.970, 0, 12288, 11783, 333
2026/09/10 19:53:17.177, 0, 12288, 11783, 333
2026/09/10 19:53:17.383, 0, 12288, 11783, 333
2026/09/10 19:53:17.591, 0, 12288, 11783, 333
2026/09/10 19:53:17.798, 0, 12288, 11783, 333
2026/09/10 19:53:18.005, 0, 12288, 11783, 333
2026/09/10 19:53:18.213, 0, 12288, 11783, 333
2026/09/10 19:53:18.421, 0, 12288, 11783, 333
2026/09/10 19:53:18.628, 0, 12288, 11783, 333
2026/09/10 19:53:18.836, 0, 12288, 11783, 333
2026/09/10 19:53:19.044, 0, 12288, 11783, 333
2026/09/10 19:53:19.251, 0, 12288, 11783, 333
2026/09/10 19:53:19.459, 0, 12288, 11783, 333
2026/09/10 19:53:19.667, 0, 12288, 11783, 333
2026/09/10 19:53:19.874, 0, 12288, 11783, 333
2026/09/10 19:53:20.080, 0, 12288, 11783, 333
2026/09/10 19:53:20.287, 0, 12288, 11783, 333
2026/09/10 19:53:20.494, 0, 12288, 11783, 333
2026/09/10 19:53:20.700, 0, 12288, 11783, 333
2026/09/10 19:53:20.906, 0, 12288, 11783, 333
2026/09/10 19:53:21.113, 0, 12288, 11783, 333
2026/09/10 19:53:21.320, 0, 12288, 11783, 333
2026/09/10 19:53:21.527, 0, 12288, 11783, 333
2026/09/10 19:53:21.734, 0, 12288, 11783, 333
2026/09/10 19:53:21.939, 0, 12288, 11783, 333
2026/09/10 19:53:22.147, 0, 12288, 11783, 333
2026/09/10 19:53:22.355, 0, 12288, 11783, 333
2026/09/10 19:53:22.562, 0, 12288, 11783, 333
2026/09/10 19:53:22.769, 0, 12288, 11783, 333
2026/09/10 19:53:22.976, 0, 12288, 11783, 333
2026/09/10 19:53:23.183, 0, 12288, 11783, 333
2026/09/10 19:53:23.390, 0, 12288, 11783, 333
2026/09/10 19:53:23.596, 0, 12288, 11783, 333
2026/09/10 19:53:23.804, 0, 12288, 11783, 333
2026/09/10 19:53:24.011, 0, 12288, 11783, 333
2026/09/10 19:53:24.218, 0, 12288, 11783, 333
2026/09/10 19:53:24.426, 0, 12288, 11783, 333
2026/09/10 19:53:24.634, 0, 12288, 11783, 333
2026/09/10 19:53:24.842, 0, 12288, 11783, 333
2026/09/10 19:53:25.050, 0, 12288, 11783, 333
2026/09/10 19:53:25.257, 0, 12288, 11783, 333
2026/09/10 19:53:25.464, 0, 12288, 11783, 333
2026/09/10 19:53:25.668, 0, 12288, 11783, 333
2026/09/10 19:53:25.876, 0, 12288, 11783, 333
2026/09/10 19:53:26.083, 0, 12288, 11783, 333
2026/09/10 19:53:26.291, 0, 12288, 11783, 333
2026/09/10 19:53:26.499, 0, 12288, 11783, 333
2026/09/10 19:53:26.706, 0, 12288, 11783, 333
2026/09/10 19:53:26.914, 0, 12288, 11783, 333
2026/09/10 19:53:27.121, 0, 12288, 11783, 333
2026/09/10 19:53:27.328, 0, 12288, 11783, 333
2026/09/10 19:53:27.536, 0, 12288, 11783, 333
2026/09/10 19:53:27.744, 0, 12288, 11783, 333
2026/09/10 19:53:27.952, 0, 12288, 11783, 333
2026/09/10 19:53:28.158, 0, 12288, 11783, 333
2026/09/10 19:53:28.362, 0, 12288, 11783, 333
2026/09/10 19:53:28.570, 0, 12288, 11783, 333
2026/09/10 19:53:28.773, 0, 12288, 11783, 333
2026/09/10 19:53:28.976, 0, 12288, 11783, 333
2026/09/10 19:53:29.178, 0, 12288, 11783, 333
2026/09/10 19:53:29.384, 0, 12288, 11783, 333
2026/09/10 19:53:29.592, 0, 12288, 11783, 333
2026/09/10 19:53:29.797, 0, 12288, 11783, 333
2026/09/10 19:53:30.005, 0, 12288, 11783, 333
2026/09/10 19:53:30.212, 0, 12288, 11783, 333
2026/09/10 19:53:30.417, 0, 12288, 11783, 333
2026/09/10 19:53:30.624, 0, 12288, 11783, 333
2026/09/10 19:53:30.830, 0, 12288, 11783, 333
2026/09/10 19:53:31.036, 0, 12288, 11783, 333
2026/09/10 19:53:31.240, 0, 12288, 11783, 333
2026/09/10 19:53:31.444, 0, 12288, 11783, 333
2026/09/10 19:53:31.652, 0, 12288, 11783, 333
2026/09/10 19:53:31.858, 0, 12288, 11783, 333
2026/09/10 19:53:32.063, 0, 12288, 11783, 333
2026/09/10 19:53:32.271, 0, 12288, 11783, 333
2026/09/10 19:53:32.475, 0, 12288, 11783, 333
2026/09/10 19:53:32.682, 0, 12288, 11783, 333
2026/09/10 19:53:32.889, 0, 12288, 11783, 333
2026/09/10 19:53:33.093, 0, 12288, 11783, 333
2026/09/10 19:53:33.298, 0, 12288, 11783, 333
2026/09/10 19:53:33.501, 0, 12288, 11783, 333
2026/09/10 19:53:33.708, 0, 12288, 11783, 333
2026/09/10 19:53:33.914, 0, 12288, 11783, 333
2026/09/10 19:53:34.120, 0, 12288, 11783, 333
2026/09/10 19:53:34.328, 0, 12288, 11783, 333
2026/09/10 19:53:34.531, 0, 12288, 11783, 333
2026/09/10 19:53:34.737, 0, 12288, 11783, 333
2026/09/10 19:53:34.944, 0, 12288, 11783, 333
2026/09/10 19:53:35.147, 0, 12288, 11783, 333
2026/09/10 19:53:35.355, 0, 12288, 11783, 333
2026/09/10 19:53:35.561, 0, 12288, 11783, 333
2026/09/10 19:53:35.764, 0, 12288, 11783, 333
2026/09/10 19:53:35.971, 0, 12288, 11783, 333
2026/09/10 19:53:36.177, 0, 12288, 11783, 333
2026/09/10 19:53:36.383, 0, 12288, 11783, 333
2026/09/10 19:53:36.590, 0, 12288, 11783, 333
2026/09/10 19:53:36.794, 0, 12288, 11783, 333
2026/09/10 19:53:37.002, 0, 12288, 11783, 333
2026/09/10 19:53:37.208, 0, 12288, 11783, 333
2026/09/10 19:53:37.414, 0, 12288, 11783, 333
2026/09/10 19:53:37.621, 0, 12288, 11783, 333
2026/09/10 19:53:37.826, 0, 12288, 11783, 333
2026/09/10 19:53:38.033, 0, 12288, 11783, 333
2026/09/10 19:53:38.239, 0, 12288, 11783, 333
2026/09/10 19:53:38.444, 0, 12288, 11783, 333
2026/09/10 19:53:38.652, 0, 12288, 11783, 333
2026/09/10 19:53:38.857, 0, 12288, 11783, 333
2026/09/10 19:53:39.063, 0, 12288, 11783, 333
2026/09/10 19:53:39.271, 0, 12288, 11783, 333
2026/09/10 19:53:39.473, 0, 12288, 11783, 333
2026/09/10 19:53:39.680, 0, 12288, 11783, 333
2026/09/10 19:53:39.888, 0, 12288, 11783, 333
2026/09/10 19:53:40.092, 0, 12288, 11783, 333
2026/09/10 19:53:40.300, 0, 12288, 11783, 333
2026/09/10 19:53:40.505, 0, 12288, 11783, 333
2026/09/10 19:53:40.710, 0, 12288, 11783, 333
2026/09/10 19:53:40.917, 0, 12288, 11783, 333
2026/09/10 19:53:41.120, 0, 12288, 11783, 333
2026/09/10 19:53:41.328, 0, 12288, 11783, 333
2026/09/10 19:53:41.535, 0, 12288, 11783, 333
2026/09/10 19:53:41.755, 0, 12288, 11783, 333
2026/09/10 19:53:41.963, 0, 12288, 11783, 333
2026/09/10 19:53:42.170, 0, 12288, 11783, 333
2026/09/10 19:53:42.373, 0, 12288, 11783, 333
2026/09/10 19:53:42.580, 0, 12288, 11783, 333
2026/09/10 19:53:42.786, 0, 12288, 11783, 333
2026/09/10 19:53:42.992, 0, 12288, 11783, 333
2026/09/10 19:53:43.199, 0, 12288, 11783, 333
2026/09/10 19:53:43.403, 0, 12288, 11783, 333
2026/09/10 19:53:43.610, 0, 12288, 11783, 333
2026/09/10 19:53:43.817, 0, 12288, 11783, 333
2026/09/10 19:53:44.019, 0, 12288, 11783, 333
2026/09/10 19:53:44.227, 0, 12288, 11783, 333
2026/09/10 19:53:44.434, 0, 12288, 11783, 333
2026/09/10 19:53:44.638, 0, 12288, 11783, 333
2026/09/10 19:53:44.846, 0, 12288, 11783, 333
2026/09/10 19:53:45.050, 0, 12288, 11783, 333
2026/09/10 19:53:45.257, 0, 12288, 11783, 333
2026/09/10 19:53:45.465, 0, 12288, 11783, 333
2026/09/10 19:53:45.668, 0, 12288, 11783, 333
2026/09/10 19:53:45.874, 0, 12288, 11783, 333
2026/09/10 19:53:46.080, 0, 12288, 11783, 333
2026/09/10 19:53:46.284, 0, 12288, 11783, 333
2026/09/10 19:53:46.492, 0, 12288, 11783, 333
2026/09/10 19:53:46.698, 0, 12288, 11783, 333
2026/09/10 19:53:46.904, 0, 12288, 11783, 333
2026/09/10 19:53:47.112, 0, 12288, 11783, 333
2026/09/10 19:53:47.318, 0, 12288, 11783, 333
2026/09/10 19:53:47.525, 0, 12288, 11783, 333
2026/09/10 19:53:47.732, 0, 12288, 11783, 333
2026/09/10 19:53:47.937, 0, 12288, 11783, 333
2026/09/10 19:53:48.144, 0, 12288, 11783, 333
2026/09/10 19:53:48.352, 0, 12288, 11783, 333
2026/09/10 19:53:48.571, 0, 12288, 11783, 333
2026/09/10 19:53:48.778, 0, 12288, 11783, 333
2026/09/10 19:53:48.985, 0, 12288, 11783, 333
2026/09/10 19:53:49.190, 0, 12288, 11783, 333
2026/09/10 19:53:49.398, 0, 12288, 11783, 333
2026/09/10 19:53:49.604, 0, 12288, 11783, 333
2026/09/10 19:53:49.811, 0, 12288, 11783, 333
2026/09/10 19:53:50.018, 0, 12288, 11783, 333
2026/09/10 19:53:50.225, 0, 12288, 11783, 333
2026/09/10 19:53:50.432, 0, 12288, 11783, 333
2026/09/10 19:53:50.640, 0, 12288, 11783, 333
2026/09/10 19:53:50.845, 0, 12288, 11783, 333
2026/09/10 19:53:51.053, 0, 12288, 11783, 333
2026/09/10 19:53:51.260, 0, 12288, 11783, 333
2026/09/10 19:53:51.466, 0, 12288, 11783, 333
2026/09/10 19:53:51.672, 0, 12288, 11783, 333
2026/09/10 19:53:51.876, 0, 12288, 11783, 333
2026/09/10 19:53:52.078, 0, 12288, 11783, 333
2026/09/10 19:53:52.286, 0, 12288, 11783, 333
2026/09/10 19:53:52.492, 0, 12288, 11783, 333
2026/09/10 19:53:52.698, 0, 12288, 11783, 333
2026/09/10 19:53:52.906, 0, 12288, 11783, 333
2026/09/10 19:53:53.109, 0, 12288, 11783, 333
2026/09/10 19:53:53.316, 0, 12288, 11783, 333
2026/09/10 19:53:53.523, 0, 12288, 11783, 333
2026/09/10 19:53:53.724, 0, 12288, 11783, 333
2026/09/10 19:53:53.930, 0, 12288, 11783, 333
2026/09/10 19:53:54.138, 0, 12288, 11783, 333
2026/09/10 19:53:54.343, 0, 12288, 11783, 333
2026/09/10 19:53:54.551, 0, 12288, 11783, 333
2026/09/10 19:53:54.758, 0, 12288, 11783, 333
2026/09/10 19:53:54.963, 0, 12288, 11783, 333
2026/09/10 19:53:55.170, 0, 12288, 11783, 333
2026/09/10 19:53:55.392, 0, 12288, 11783, 333
2026/09/10 19:53:55.597, 0, 12288, 11783, 333
2026/09/10 19:53:55.805, 0, 12288, 11783, 333
2026/09/10 19:53:56.009, 0, 12288, 11783, 333
2026/09/10 19:53:56.216, 0, 12288, 11783, 333
2026/09/10 19:53:56.424, 0, 12288, 11783, 333
2026/09/10 19:53:56.629, 0, 12288, 11783, 333
2026/09/10 19:53:56.836, 0, 12288, 11783, 333
2026/09/10 19:53:57.044, 0, 12288, 11783, 333
2026/09/10 19:53:57.246, 0, 12288, 11783, 333
2026/09/10 19:53:57.454, 0, 12288, 11783, 333
2026/09/10 19:53:57.661, 0, 12288, 11783, 333
2026/09/10 19:53:57.864, 0, 12288, 11783, 333
2026/09/10 19:53:58.072, 0, 12288, 11783, 333
2026/09/10 19:53:58.279, 0, 12288, 11783, 333
2026/09/10 19:53:58.485, 0, 12288, 11783, 333
2026/09/10 19:53:58.691, 0, 12288, 11783, 333
2026/09/10 19:53:58.899, 0, 12288, 11783, 333
2026/09/10 19:53:59.103, 0, 12288, 11783, 333
2026/09/10 19:53:59.307, 0, 12288, 11783, 333
2026/09/10 19:53:59.513, 0, 12288, 11783, 333
2026/09/10 19:53:59.716, 0, 12288, 11783, 333
2026/09/10 19:53:59.924, 0, 12288, 11783, 333
2026/09/10 19:54:00.131, 0, 12288, 11783, 333
2026/09/10 19:54:00.338, 0, 12288, 11783, 333
2026/09/10 19:54:00.546, 0, 12288, 11783, 333
2026/09/10 19:54:00.752, 0, 12288, 11783, 333
2026/09/10 19:54:00.958, 0, 12288, 11783, 333
2026/09/10 19:54:01.166, 0, 12288, 11783, 333
2026/09/10 19:54:01.371, 0, 12288, 11783, 333
2026/09/10 19:54:01.574, 0, 12288, 11783, 333
2026/09/10 19:54:01.782, 0, 12288, 11783, 333
2026/09/10 19:54:01.988, 0, 12288, 11783, 333
2026/09/10 19:54:02.210, 0, 12288, 11783, 333
2026/09/10 19:54:02.417, 0, 12288, 11783, 333
2026/09/10 19:54:02.622, 0, 12288, 11783, 333
2026/09/10 19:54:02.828, 0, 12288, 11783, 333
2026/09/10 19:54:03.036, 0, 12288, 11783, 333
2026/09/10 19:54:03.240, 0, 12288, 11783, 333
2026/09/10 19:54:03.447, 0, 12288, 11783, 333
2026/09/10 19:54:03.652, 0, 12288, 11783, 333
2026/09/10 19:54:03.856, 0, 12288, 11783, 333
2026/09/10 19:54:04.062, 0, 12288, 11783, 333
2026/09/10 19:54:04.268, 0, 12288, 11783, 333
2026/09/10 19:54:04.473, 0, 12288, 11783, 333
2026/09/10 19:54:04.681, 0, 12288, 11783, 333
2026/09/10 19:54:04.886, 0, 12288, 11783, 333
2026/09/10 19:54:05.090, 0, 12288, 11783, 333
2026/09/10 19:54:05.296, 0, 12288, 11783, 333
2026/09/10 19:54:05.504, 0, 12288, 11783, 333
2026/09/10 19:54:05.710, 0, 12288, 11783, 333
2026/09/10 19:54:05.916, 0, 12288, 11783, 333
2026/09/10 19:54:06.124, 0, 12288, 11783, 333
2026/09/10 19:54:06.327, 0, 12288, 11783, 333
2026/09/10 19:54:06.534, 0, 12288, 11783, 333
2026/09/10 19:54:06.741, 0, 12288, 11783, 333
2026/09/10 19:54:06.945, 0, 12288, 11783, 333
2026/09/10 19:54:07.153, 0, 12288, 11783, 333
2026/09/10 19:54:07.358, 0, 12288, 11783, 333
2026/09/10 19:54:07.563, 0, 12288, 11783, 333
2026/09/10 19:54:07.769, 0, 12288, 11783, 333
2026/09/10 19:54:07.977, 0, 12288, 11783, 333
2026/09/10 19:54:08.178, 0, 12288, 11783, 333
2026/09/10 19:54:08.386, 0, 12288, 11783, 333
2026/09/10 19:54:08.593, 0, 12288, 11783, 333
2026/09/10 19:54:08.796, 0, 12288, 11783, 333
2026/09/10 19:54:09.000, 0, 12288, 11783, 333
2026/09/10 19:54:09.205, 0, 12288, 11783, 333
2026/09/10 19:54:09.411, 0, 12288, 11783, 333
2026/09/10 19:54:09.618, 0, 12288, 11783, 333
2026/09/10 19:54:09.826, 0, 12288, 11783, 333
2026/09/10 19:54:10.034, 0, 12288, 11783, 333
2026/09/10 19:54:10.241, 0, 12288, 11783, 333
2026/09/10 19:54:10.448, 0, 12288, 11783, 333
2026/09/10 19:54:10.655, 0, 12288, 11783, 333
2026/09/10 19:54:10.862, 0, 12288, 11783, 333
2026/09/10 19:54:11.070, 0, 12288, 11783, 333
2026/09/10 19:54:11.278, 0, 12288, 11783, 333
2026/09/10 19:54:11.483, 0, 12288, 11783, 333
2026/09/10 19:54:11.691, 0, 12288, 11783, 333
2026/09/10 19:54:11.899, 0, 12288, 11783, 333
2026/09/10 19:54:12.107, 0, 12288, 11783, 333
2026/09/10 19:54:12.314, 0, 12288, 11783, 333
2026/09/10 19:54:12.522, 0, 12288, 11783, 333
2026/09/10 19:54:12.729, 0, 12288, 11783, 333
2026/09/10 19:54:12.937, 0, 12288, 11783, 333
2026/09/10 19:54:13.144, 0, 12288, 11783, 333
2026/09/10 19:54:13.352, 0, 12288, 11783, 333
2026/09/10 19:54:13.559, 0, 12288, 11783, 333
2026/09/10 19:54:13.766, 0, 12288, 11783, 333
2026/09/10 19:54:13.971, 0, 12288, 11783, 333
2026/09/10 19:54:14.178, 0, 12288, 11783, 333
2026/09/10 19:54:14.386, 0, 12288, 11783, 333
2026/09/10 19:54:14.593, 0, 12288, 11783, 333
2026/09/10 19:54:14.801, 0, 12288, 11783, 333
2026/09/10 19:54:15.007, 0, 12288, 11783, 333
2026/09/10 19:54:15.214, 0, 12288, 11783, 333
2026/09/10 19:54:15.421, 0, 12288, 11783, 333
2026/09/10 19:54:15.627, 0, 12288, 11783, 333
2026/09/10 19:54:15.835, 0, 12288, 11783, 333
2026/09/10 19:54:16.042, 0, 12288, 11783, 333
2026/09/10 19:54:16.249, 0, 12288, 11783, 333
2026/09/10 19:54:16.457, 0, 12288, 11783, 333
2026/09/10 19:54:16.664, 0, 12288, 11783, 333
2026/09/10 19:54:16.872, 0, 12288, 11783, 333
2026/09/10 19:54:17.078, 0, 12288, 11783, 333
2026/09/10 19:54:17.285, 0, 12288, 11783, 333
2026/09/10 19:54:17.493, 0, 12288, 11783, 333
2026/09/10 19:54:17.700, 0, 12288, 11783, 333
2026/09/10 19:54:17.905, 0, 12288, 11783, 333
2026/09/10 19:54:18.111, 0, 12288, 11783, 333
2026/09/10 19:54:18.319, 0, 12288, 11783, 333
2026/09/10 19:54:18.525, 0, 12288, 11783, 333
2026/09/10 19:54:18.730, 0, 12288, 11783, 333
2026/09/10 19:54:18.937, 0, 12288, 11783, 333
2026/09/10 19:54:19.143, 0, 12288, 11783, 333
2026/09/10 19:54:19.351, 0, 12288, 11783, 333
2026/09/10 19:54:19.559, 0, 12288, 11783, 333
2026/09/10 19:54:19.767, 0, 12288, 11783, 333
2026/09/10 19:54:19.975, 0, 12288, 11783, 333
2026/09/10 19:54:20.182, 0, 12288, 11783, 333
2026/09/10 19:54:20.390, 0, 12288, 11783, 333
2026/09/10 19:54:20.595, 0, 12288, 11783, 333
2026/09/10 19:54:20.803, 0, 12288, 11783, 333
2026/09/10 19:54:21.011, 0, 12288, 11783, 333
2026/09/10 19:54:21.218, 0, 12288, 11783, 333
2026/09/10 19:54:21.426, 0, 12288, 11783, 333
2026/09/10 19:54:21.634, 0, 12288, 11783, 333
2026/09/10 19:54:21.842, 0, 12288, 11783, 333
2026/09/10 19:54:22.050, 0, 12288, 11783, 333
2026/09/10 19:54:22.258, 0, 12288, 11783, 333
2026/09/10 19:54:22.466, 0, 12288, 11783, 333
2026/09/10 19:54:22.671, 0, 12288, 11783, 333
2026/09/10 19:54:22.875, 0, 12288, 11783, 333
2026/09/10 19:54:23.082, 0, 12288, 11783, 333
2026/09/10 19:54:23.289, 0, 12288, 11783, 333
2026/09/10 19:54:23.496, 0, 12288, 11783, 333
2026/09/10 19:54:23.703, 0, 12288, 11783, 333
2026/09/10 19:54:23.911, 0, 12288, 11783, 333
2026/09/10 19:54:24.119, 0, 12288, 11783, 333
2026/09/10 19:54:24.327, 0, 12288, 11783, 333
2026/09/10 19:54:24.534, 0, 12288, 11783, 333
2026/09/10 19:54:24.741, 0, 12288, 11783, 333
2026/09/10 19:54:24.948, 0, 12288, 11783, 333
2026/09/10 19:54:25.155, 0, 12288, 11783, 333
2026/09/10 19:54:25.378, 0, 12288, 11783, 333
2026/09/10 19:54:25.586, 0, 12288, 11783, 333
2026/09/10 19:54:25.794, 0, 12288, 11783, 333
2026/09/10 19:54:26.002, 0, 12288, 11783, 333
2026/09/10 19:54:26.209, 0, 12288, 11783, 333
2026/09/10 19:54:26.417, 0, 12288, 11783, 333
2026/09/10 19:54:26.624, 0, 12288, 11783, 333
2026/09/10 19:54:26.831, 0, 12288, 11783, 333
2026/09/10 19:54:27.038, 0, 12288, 11783, 333
2026/09/10 19:54:27.247, 0, 12288, 11783, 333
2026/09/10 19:54:27.454, 0, 12288, 11783, 333
2026/09/10 19:54:27.662, 0, 12288, 11783, 333
2026/09/10 19:54:27.869, 0, 12288, 11783, 333
2026/09/10 19:54:28.077, 0, 12288, 11783, 333
2026/09/10 19:54:28.282, 0, 12288, 11783, 333
2026/09/10 19:54:28.490, 0, 12288, 11783, 333
2026/09/10 19:54:28.698, 0, 12288, 11783, 333
2026/09/10 19:54:28.906, 0, 12288, 11783, 333
2026/09/10 19:54:29.114, 0, 12288, 11783, 333
2026/09/10 19:54:29.321, 0, 12288, 11783, 333
2026/09/10 19:54:29.528, 0, 12288, 11783, 333
2026/09/10 19:54:29.734, 0, 12288, 11783, 333
2026/09/10 19:54:29.942, 0, 12288, 11783, 333
2026/09/10 19:54:30.150, 0, 12288, 11783, 333
2026/09/10 19:54:30.358, 0, 12288, 11783, 333
2026/09/10 19:54:30.566, 0, 12288, 11783, 333
2026/09/10 19:54:30.772, 0, 12288, 11783, 333
2026/09/10 19:54:30.980, 0, 12288, 11783, 333
2026/09/10 19:54:31.188, 0, 12288, 11783, 333
2026/09/10 19:54:31.395, 0, 12288, 11783, 333
2026/09/10 19:54:31.603, 0, 12288, 11783, 333
2026/09/10 19:54:31.811, 0, 12288, 11783, 333
2026/09/10 19:54:32.018, 0, 12288, 11783, 333
2026/09/10 19:54:32.225, 0, 12288, 11783, 333
2026/09/10 19:54:32.433, 0, 12288, 11783, 333
2026/09/10 19:54:32.640, 0, 12288, 11783, 333
2026/09/10 19:54:32.848, 0, 12288, 11783, 333
2026/09/10 19:54:33.056, 0, 12288, 11783, 333
2026/09/10 19:54:33.264, 0, 12288, 11783, 333
2026/09/10 19:54:33.472, 0, 12288, 11783, 333
2026/09/10 19:54:33.679, 0, 12288, 11783, 333
2026/09/10 19:54:33.884, 0, 12288, 11783, 333
2026/09/10 19:54:34.092, 0, 12288, 11783, 333
2026/09/10 19:54:34.300, 0, 12288, 11783, 333
2026/09/10 19:54:34.508, 0, 12288, 11783, 333
2026/09/10 19:54:34.715, 0, 12288, 11783, 333
2026/09/10 19:54:34.922, 0, 12288, 11783, 333
2026/09/10 19:54:35.129, 0, 12288, 11783, 333
2026/09/10 19:54:35.337, 0, 12288, 11783, 333
2026/09/10 19:54:35.544, 0, 12288, 11783, 333
2026/09/10 19:54:35.752, 0, 12288, 11783, 333
2026/09/10 19:54:35.960, 0, 12288, 11783, 333
2026/09/10 19:54:36.167, 0, 12288, 11783, 333
2026/09/10 19:54:36.374, 0, 12288, 11783, 333
2026/09/10 19:54:36.582, 0, 12288, 11783, 333
2026/09/10 19:54:36.788, 0, 12288, 11783, 333
2026/09/10 19:54:36.995, 0, 12288, 11783, 333
2026/09/10 19:54:37.203, 0, 12288, 11783, 333
2026/09/10 19:54:37.410, 0, 12288, 11783, 333
2026/09/10 19:54:37.617, 0, 12288, 11783, 333
2026/09/10 19:54:37.825, 0, 12288, 11783, 333
2026/09/10 19:54:38.031, 0, 12288, 11783, 333
2026/09/10 19:54:38.239, 0, 12288, 11783, 333
2026/09/10 19:54:38.447, 0, 12288, 11783, 333
2026/09/10 19:54:38.655, 0, 12288, 11783, 333
2026/09/10 19:54:38.861, 0, 12288, 11783, 333
2026/09/10 19:54:39.070, 0, 12288, 11783, 333
2026/09/10 19:54:39.277, 0, 12288, 11783, 333
2026/09/10 19:54:39.483, 0, 12288, 11783, 333
2026/09/10 19:54:39.691, 0, 12288, 11783, 333
2026/09/10 19:54:39.898, 0, 12288, 11783, 333
2026/09/10 19:54:40.105, 0, 12288, 11783, 333
2026/09/10 19:54:40.313, 0, 12288, 11783, 333
2026/09/10 19:54:40.520, 0, 12288, 11783, 333
2026/09/10 19:54:40.727, 0, 12288, 11783, 333
2026/09/10 19:54:40.935, 0, 12288, 11783, 333
2026/09/10 19:54:41.142, 0, 12288, 11783, 333
2026/09/10 19:54:41.349, 0, 12288, 11783, 333
2026/09/10 19:54:41.557, 0, 12288, 11783, 333
2026/09/10 19:54:41.764, 0, 12288, 11783, 333
2026/09/10 19:54:41.969, 0, 12288, 11783, 333
2026/09/10 19:54:42.177, 0, 12288, 11783, 333
2026/09/10 19:54:42.385, 0, 12288, 11783, 333
2026/09/10 19:54:42.593, 0, 12288, 11783, 333
2026/09/10 19:54:42.801, 0, 12288, 11783, 333
2026/09/10 19:54:43.008, 0, 12288, 11783, 333
2026/09/10 19:54:43.215, 0, 12288, 11783, 333
2026/09/10 19:54:43.422, 0, 12288, 11783, 333
2026/09/10 19:54:43.630, 0, 12288, 11783, 333
2026/09/10 19:54:43.837, 0, 12288, 11783, 333
2026/09/10 19:54:44.044, 0, 12288, 11783, 333
2026/09/10 19:54:44.252, 0, 12288, 11783, 333
2026/09/10 19:54:44.476, 0, 12288, 11783, 333
2026/09/10 19:54:44.683, 0, 12288, 11783, 333
2026/09/10 19:54:44.891, 0, 12288, 11783, 333
2026/09/10 19:54:45.096, 0, 12288, 11783, 333
2026/09/10 19:54:45.304, 0, 12288, 11783, 333
2026/09/10 19:54:45.512, 0, 12288, 11783, 333
2026/09/10 19:54:45.720, 0, 12288, 11783, 333
2026/09/10 19:54:45.927, 0, 12288, 11783, 333
2026/09/10 19:54:46.135, 0, 12288, 11783, 333
2026/09/10 19:54:46.343, 0, 12288, 11783, 333
2026/09/10 19:54:46.550, 0, 12288, 11783, 333
2026/09/10 19:54:46.758, 0, 12288, 11783, 333
2026/09/10 19:54:46.966, 0, 12288, 11783, 333
2026/09/10 19:54:47.188, 0, 12288, 11783, 333
2026/09/10 19:54:47.395, 0, 12288, 11783, 333
2026/09/10 19:54:47.603, 0, 12288, 11783, 333
2026/09/10 19:54:47.809, 0, 12288, 11783, 333
2026/09/10 19:54:48.017, 0, 12288, 11783, 333
2026/09/10 19:54:48.224, 0, 12288, 11783, 333
2026/09/10 19:54:48.431, 0, 12288, 11783, 333
2026/09/10 19:54:48.638, 0, 12288, 11783, 333
2026/09/10 19:54:48.844, 0, 12288, 11783, 333
2026/09/10 19:54:49.052, 0, 12288, 11783, 333
2026/09/10 19:54:49.260, 0, 12288, 11783, 333
2026/09/10 19:54:49.468, 0, 12288, 11783, 333
2026/09/10 19:54:49.676, 0, 12288, 11783, 333
2026/09/10 19:54:49.883, 0, 12288, 11783, 333
2026/09/10 19:54:50.091, 0, 12288, 11783, 333
2026/09/10 19:54:50.299, 0, 12288, 11783, 333
2026/09/10 19:54:50.507, 0, 12288, 11783, 333
2026/09/10 19:54:50.713, 0, 12288, 11783, 333
2026/09/10 19:54:50.921, 0, 12288, 11783, 333
2026/09/10 19:54:51.128, 0, 12288, 11783, 333
2026/09/10 19:54:51.335, 0, 12288, 11783, 333
2026/09/10 19:54:51.543, 0, 12288, 11783, 333
2026/09/10 19:54:51.749, 0, 12288, 11783, 333
2026/09/10 19:54:51.957, 0, 12288, 11783, 333
2026/09/10 19:54:52.164, 0, 12288, 11783, 333
2026/09/10 19:54:52.371, 0, 12288, 11783, 333
2026/09/10 19:54:52.579, 0, 12288, 11783, 333
2026/09/10 19:54:52.786, 0, 12288, 11783, 333
2026/09/10 19:54:52.993, 0, 12288, 11783, 333
2026/09/10 19:54:53.201, 0, 12288, 11783, 333
2026/09/10 19:54:53.408, 0, 12288, 11783, 333
2026/09/10 19:54:53.616, 0, 12288, 11783, 333
2026/09/10 19:54:53.823, 0, 12288, 11783, 333
2026/09/10 19:54:54.030, 0, 12288, 11783, 333
2026/09/10 19:54:54.238, 0, 12288, 11783, 333
2026/09/10 19:54:54.446, 0, 12288, 11783, 333
2026/09/10 19:54:54.654, 0, 12288, 11783, 333
2026/09/10 19:54:54.862, 0, 12288, 11783, 333
2026/09/10 19:54:55.070, 0, 12288, 11783, 333
2026/09/10 19:54:55.276, 0, 12288, 11783, 333
2026/09/10 19:54:55.483, 0, 12288, 11783, 333
2026/09/10 19:54:55.689, 0, 12288, 11783, 333
2026/09/10 19:54:55.896, 0, 12288, 11783, 333
2026/09/10 19:54:56.104, 0, 12288, 11783, 333
2026/09/10 19:54:56.310, 0, 12288, 11783, 333
2026/09/10 19:54:56.517, 0, 12288, 11783, 333
2026/09/10 19:54:56.740, 0, 12288, 11783, 333
2026/09/10 19:54:56.947, 0, 12288, 11783, 333
2026/09/10 19:54:57.155, 0, 12288, 11783, 333
2026/09/10 19:54:57.362, 0, 12288, 11783, 333
2026/09/10 19:54:57.570, 0, 12288, 11783, 333
2026/09/10 19:54:57.777, 0, 12288, 11783, 333
2026/09/10 19:54:57.984, 0, 12288, 11783, 333
2026/09/10 19:54:58.192, 0, 12288, 11783, 333
2026/09/10 19:54:58.400, 0, 12288, 11783, 333
2026/09/10 19:54:58.607, 0, 12288, 11783, 333
2026/09/10 19:54:58.814, 0, 12288, 11783, 333
2026/09/10 19:54:59.021, 0, 12288, 11783, 333
2026/09/10 19:54:59.228, 0, 12288, 11783, 333
2026/09/10 19:54:59.435, 0, 12288, 11783, 333
2026/09/10 19:54:59.643, 0, 12288, 11783, 333
2026/09/10 19:54:59.850, 0, 12288, 11783, 333
2026/09/10 19:55:00.058, 0, 12288, 11783, 333
2026/09/10 19:55:00.263, 0, 12288, 11783, 333
2026/09/10 19:55:00.471, 0, 12288, 11783, 333
2026/09/10 19:55:00.678, 0, 12288, 11783, 333
2026/09/10 19:55:00.884, 0, 12288, 11783, 333
2026/09/10 19:55:01.092, 0, 12288, 11783, 333
2026/09/10 19:55:01.299, 0, 12288, 11783, 333
2026/09/10 19:55:01.507, 0, 12288, 11783, 333
2026/09/10 19:55:01.715, 0, 12288, 11783, 333
2026/09/10 19:55:01.920, 0, 12288, 11783, 333
2026/09/10 19:55:02.128, 0, 12288, 11783, 333
2026/09/10 19:55:02.335, 0, 12288, 11783, 333
2026/09/10 19:55:02.543, 0, 12288, 11783, 333
2026/09/10 19:55:02.749, 0, 12288, 11783, 333
2026/09/10 19:55:02.957, 0, 12288, 11783, 333
2026/09/10 19:55:03.165, 0, 12288, 11783, 333
2026/09/10 19:55:03.372, 0, 12288, 11783, 333
2026/09/10 19:55:03.578, 0, 12288, 11783, 333
2026/09/10 19:55:03.786, 0, 12288, 11783, 333
2026/09/10 19:55:03.993, 0, 12288, 11783, 333
2026/09/10 19:55:04.200, 0, 12288, 11783, 333
2026/09/10 19:55:04.408, 0, 12288, 11783, 333
2026/09/10 19:55:04.616, 0, 12288, 11783, 333
2026/09/10 19:55:04.823, 0, 12288, 11783, 333
2026/09/10 19:55:05.030, 0, 12288, 11783, 333
2026/09/10 19:55:05.237, 0, 12288, 11783, 333
2026/09/10 19:55:05.444, 0, 12288, 11783, 333
2026/09/10 19:55:05.652, 0, 12288, 11783, 333
2026/09/10 19:55:05.859, 0, 12288, 11783, 333
2026/09/10 19:55:06.066, 0, 12288, 11783, 333
2026/09/10 19:55:06.274, 0, 12288, 11783, 333
2026/09/10 19:55:06.480, 0, 12288, 11783, 333
2026/09/10 19:55:06.687, 0, 12288, 11783, 333
2026/09/10 19:55:06.895, 0, 12288, 11783, 333
2026/09/10 19:55:07.102, 0, 12288, 11783, 333
2026/09/10 19:55:07.310, 0, 12288, 11783, 333
2026/09/10 19:55:07.514, 0, 12288, 11783, 333
2026/09/10 19:55:07.721, 0, 12288, 11783, 333
2026/09/10 19:55:07.928, 0, 12288, 11783, 333
2026/09/10 19:55:08.135, 0, 12288, 11783, 333
2026/09/10 19:55:08.343, 0, 12288, 11783, 333
2026/09/10 19:55:08.551, 0, 12288, 11783, 333
2026/09/10 19:55:08.759, 0, 12288, 11783, 333
2026/09/10 19:55:08.967, 0, 12288, 11783, 333
2026/09/10 19:55:09.175, 0, 12288, 11783, 333
2026/09/10 19:55:09.383, 0, 12288, 11783, 333
2026/09/10 19:55:09.591, 0, 12288, 11783, 333
2026/09/10 19:55:09.799, 0, 12288, 11783, 333
2026/09/10 19:55:10.006, 0, 12288, 11783, 333
2026/09/10 19:55:10.213, 0, 12288, 11783, 333
2026/09/10 19:55:10.421, 0, 12288, 11783, 333
2026/09/10 19:55:10.628, 0, 12288, 11783, 333
2026/09/10 19:55:10.836, 0, 12288, 11783, 333
2026/09/10 19:55:11.043, 0, 12288, 11783, 333
2026/09/10 19:55:11.251, 0, 12288, 11783, 333
2026/09/10 19:55:11.459, 0, 12288, 11783, 333
2026/09/10 19:55:11.667, 0, 12288, 11783, 333
2026/09/10 19:55:11.874, 0, 12288, 11783, 333
2026/09/10 19:55:12.081, 0, 12288, 11783, 333
2026/09/10 19:55:12.288, 0, 12288, 11783, 333
2026/09/10 19:55:12.495, 0, 12288, 11783, 333
2026/09/10 19:55:12.703, 0, 12288, 11783, 333
2026/09/10 19:55:12.911, 0, 12288, 11783, 333
2026/09/10 19:55:13.116, 0, 12288, 11783, 333
2026/09/10 19:55:13.324, 0, 12288, 11783, 333
2026/09/10 19:55:13.531, 0, 12288, 11783, 333
2026/09/10 19:55:13.739, 0, 12288, 11783, 333
2026/09/10 19:55:13.947, 0, 12288, 11783, 333
2026/09/10 19:55:14.155, 0, 12288, 11783, 333
2026/09/10 19:55:14.361, 0, 12288, 11783, 333
2026/09/10 19:55:14.568, 0, 12288, 11783, 333
2026/09/10 19:55:14.776, 0, 12288, 11783, 333
2026/09/10 19:55:14.984, 0, 12288, 11783, 333
2026/09/10 19:55:15.191, 0, 12288, 11783, 333
2026/09/10 19:55:15.399, 0, 12288, 11783, 333
2026/09/10 19:55:15.606, 0, 12288, 11783, 333
2026/09/10 19:55:15.813, 0, 12288, 11783, 333
2026/09/10 19:55:16.021, 0, 12288, 11783, 333
2026/09/10 19:55:16.229, 0, 12288, 11783, 333
2026/09/10 19:55:16.437, 0, 12288, 11783, 333
2026/09/10 19:55:16.644, 0, 12288, 11783, 333
2026/09/10 19:55:16.851, 0, 12288, 11783, 333
2026/09/10 19:55:17.058, 0, 12288, 11783, 333
2026/09/10 19:55:17.265, 0, 12288, 11783, 333
2026/09/10 19:55:17.473, 0, 12288, 11783, 333
2026/09/10 19:55:17.681, 0, 12288, 11783, 333
2026/09/10 19:55:17.887, 0, 12288, 11783, 333
2026/09/10 19:55:18.094, 0, 12288, 11783, 333
2026/09/10 19:55:18.302, 0, 12288, 11783, 333
2026/09/10 19:55:18.510, 0, 12288, 11783, 333
2026/09/10 19:55:18.716, 0, 12288, 11783, 333
2026/09/10 19:55:18.923, 0, 12288, 11783, 333
2026/09/10 19:55:19.130, 0, 12288, 11783, 333
2026/09/10 19:55:19.337, 0, 12288, 11783, 333
2026/09/10 19:55:19.543, 0, 12288, 11783, 333
2026/09/10 19:55:19.751, 0, 12288, 11783, 333
2026/09/10 19:55:19.958, 0, 12288, 11783, 333
2026/09/10 19:55:20.165, 0, 12288, 11783, 333
2026/09/10 19:55:20.372, 0, 12288, 11783, 333
2026/09/10 19:55:20.579, 0, 12288, 11783, 333
2026/09/10 19:55:20.783, 0, 12288, 11783, 333
2026/09/10 19:55:20.990, 0, 12288, 11783, 333
2026/09/10 19:55:21.197, 0, 12288, 11783, 333
2026/09/10 19:55:21.404, 0, 12288, 11783, 333
2026/09/10 19:55:21.612, 0, 12288, 11783, 333
2026/09/10 19:55:21.820, 0, 12288, 11783, 333
2026/09/10 19:55:22.028, 0, 12288, 11783, 333
2026/09/10 19:55:22.236, 0, 12288, 11783, 333
2026/09/10 19:55:22.444, 0, 12288, 11783, 333
2026/09/10 19:55:22.652, 0, 12288, 11783, 333
2026/09/10 19:55:22.859, 0, 12288, 11783, 333
2026/09/10 19:55:23.066, 0, 12288, 11783, 333
2026/09/10 19:55:23.274, 0, 12288, 11783, 333
2026/09/10 19:55:23.482, 0, 12288, 11783, 333
2026/09/10 19:55:23.689, 0, 12288, 11783, 333
2026/09/10 19:55:23.895, 0, 12288, 11783, 333
2026/09/10 19:55:24.103, 0, 12288, 11783, 333
2026/09/10 19:55:24.309, 0, 12288, 11783, 333
2026/09/10 19:55:24.515, 0, 12288, 11783, 333
2026/09/10 19:55:24.722, 0, 12288, 11783, 333
2026/09/10 19:55:24.929, 0, 12288, 11783, 333
2026/09/10 19:55:25.137, 0, 12288, 11783, 333
2026/09/10 19:55:25.345, 0, 12288, 11783, 333
2026/09/10 19:55:25.552, 0, 12288, 11783, 333
2026/09/10 19:55:25.760, 0, 12288, 11783, 333
2026/09/10 19:55:25.967, 0, 12288, 11783, 333
2026/09/10 19:55:26.173, 0, 12288, 11783, 333
2026/09/10 19:55:26.381, 0, 12288, 11783, 333
2026/09/10 19:55:26.588, 0, 12288, 11783, 333
2026/09/10 19:55:26.796, 0, 12288, 11783, 333
2026/09/10 19:55:27.003, 0, 12288, 11783, 333
2026/09/10 19:55:27.211, 0, 12288, 11783, 333
2026/09/10 19:55:27.419, 0, 12288, 11783, 333
2026/09/10 19:55:27.627, 0, 12288, 11783, 333
2026/09/10 19:55:27.835, 0, 12288, 11783, 333
2026/09/10 19:55:28.042, 0, 12288, 11783, 333
2026/09/10 19:55:28.250, 0, 12288, 11783, 333
2026/09/10 19:55:28.457, 0, 12288, 11783, 333
2026/09/10 19:55:28.665, 0, 12288, 11783, 333
2026/09/10 19:55:28.873, 0, 12288, 11783, 333
2026/09/10 19:55:29.081, 0, 12288, 11783, 333
2026/09/10 19:55:29.288, 0, 12288, 11783, 333
2026/09/10 19:55:29.495, 0, 12288, 11783, 333
2026/09/10 19:55:29.703, 0, 12288, 11783, 333
2026/09/10 19:55:29.909, 0, 12288, 11783, 333
2026/09/10 19:55:30.116, 0, 12288, 11783, 333
2026/09/10 19:55:30.324, 0, 12288, 11783, 333
2026/09/10 19:55:30.531, 0, 12288, 11783, 333
2026/09/10 19:55:30.736, 0, 12288, 11783, 333
2026/09/10 19:55:30.944, 0, 12288, 11783, 333
2026/09/10 19:55:31.151, 0, 12288, 11783, 333
2026/09/10 19:55:31.359, 0, 12288, 11783, 333
2026/09/10 19:55:31.567, 0, 12288, 11783, 333
2026/09/10 19:55:31.775, 0, 12288, 11783, 333
2026/09/10 19:55:31.982, 0, 12288, 11783, 333
2026/09/10 19:55:32.190, 0, 12288, 11783, 333
2026/09/10 19:55:32.398, 0, 12288, 11783, 333
2026/09/10 19:55:32.606, 0, 12288, 11783, 333
2026/09/10 19:55:32.814, 0, 12288, 11783, 333
2026/09/10 19:55:33.020, 0, 12288, 11783, 333
2026/09/10 19:55:33.227, 0, 12288, 11783, 333
2026/09/10 19:55:33.435, 0, 12288, 11783, 333
2026/09/10 19:55:33.641, 0, 12288, 11783, 333
2026/09/10 19:55:33.848, 0, 12288, 11783, 333
2026/09/10 19:55:34.055, 0, 12288, 11783, 333
2026/09/10 19:55:34.263, 0, 12288, 11783, 333
2026/09/10 19:55:34.471, 0, 12288, 11783, 333
2026/09/10 19:55:34.679, 0, 12288, 11783, 333
2026/09/10 19:55:34.885, 0, 12288, 11783, 333
2026/09/10 19:55:35.091, 0, 12288, 11783, 333
2026/09/10 19:55:35.299, 0, 12288, 11783, 333
2026/09/10 19:55:35.501, 0, 12288, 11783, 333
2026/09/10 19:55:35.708, 0, 12288, 11783, 333
2026/09/10 19:55:35.916, 0, 12288, 11783, 333
2026/09/10 19:55:36.123, 0, 12288, 11783, 333
2026/09/10 19:55:36.331, 0, 12288, 11783, 333
2026/09/10 19:55:36.538, 0, 12288, 11783, 333
2026/09/10 19:55:36.746, 0, 12288, 11783, 333
2026/09/10 19:55:36.954, 0, 12288, 11783, 333
2026/09/10 19:55:37.162, 0, 12288, 11783, 333
2026/09/10 19:55:37.370, 0, 12288, 11783, 333
2026/09/10 19:55:37.577, 0, 12288, 11783, 333
2026/09/10 19:55:37.784, 0, 12288, 11783, 333
2026/09/10 19:55:37.992, 0, 12288, 11783, 333
2026/09/10 19:55:38.199, 0, 12288, 11783, 333
2026/09/10 19:55:38.407, 0, 12288, 11783, 333
2026/09/10 19:55:38.615, 0, 12288, 11783, 333
2026/09/10 19:55:38.823, 0, 12288, 11783, 333
2026/09/10 19:55:39.029, 0, 12288, 11783, 333
2026/09/10 19:55:39.235, 0, 12288, 11783, 333
2026/09/10 19:55:39.443, 0, 12288, 11783, 333
2026/09/10 19:55:39.650, 0, 12288, 11783, 333
2026/09/10 19:55:39.858, 0, 12288, 11783, 333
2026/09/10 19:55:40.064, 0, 12288, 11783, 333
2026/09/10 19:55:40.271, 0, 12288, 11783, 333
2026/09/10 19:55:40.478, 0, 12288, 11783, 333
2026/09/10 19:55:40.686, 0, 12288, 11783, 333
2026/09/10 19:55:40.893, 0, 12288, 11783, 333
2026/09/10 19:55:41.098, 0, 12288, 11783, 333
2026/09/10 19:55:41.306, 0, 12288, 11783, 333
2026/09/10 19:55:41.514, 0, 12288, 11783, 333
2026/09/10 19:55:41.722, 0, 12288, 11783, 333
2026/09/10 19:55:41.930, 0, 12288, 11783, 333
2026/09/10 19:55:42.137, 0, 12288, 11783, 333
2026/09/10 19:55:42.345, 0, 12288, 11783, 333
2026/09/10 19:55:42.552, 0, 12288, 11783, 333
2026/09/10 19:55:42.760, 0, 12288, 11783, 333
2026/09/10 19:55:42.967, 0, 12288, 11783, 333
2026/09/10 19:55:43.175, 0, 12288, 11783, 333
2026/09/10 19:55:43.383, 0, 12288, 11783, 333
2026/09/10 19:55:43.591, 0, 12288, 11783, 333
2026/09/10 19:55:43.798, 0, 12288, 11783, 333
2026/09/10 19:55:44.006, 0, 12288, 11783, 333
2026/09/10 19:55:44.214, 0, 12288, 11783, 333
2026/09/10 19:55:44.421, 0, 12288, 11783, 333
2026/09/10 19:55:44.627, 0, 12288, 11783, 333
2026/09/10 19:55:44.833, 0, 12288, 11783, 333
2026/09/10 19:55:45.041, 0, 12288, 11783, 333
2026/09/10 19:55:45.248, 0, 12288, 11783, 333
2026/09/10 19:55:45.456, 0, 12288, 11783, 333
2026/09/10 19:55:45.664, 0, 12288, 11783, 333
2026/09/10 19:55:45.871, 0, 12288, 11783, 333
2026/09/10 19:55:46.078, 0, 12288, 11783, 333
2026/09/10 19:55:46.286, 0, 12288, 11783, 333
2026/09/10 19:55:46.494, 0, 12288, 11783, 333
2026/09/10 19:55:46.700, 0, 12288, 11783, 333
2026/09/10 19:55:46.908, 0, 12288, 11783, 333
2026/09/10 19:55:47.115, 0, 12288, 11783, 333
2026/09/10 19:55:47.323, 0, 12288, 11783, 333
2026/09/10 19:55:47.531, 0, 12288, 11783, 333
2026/09/10 19:55:47.739, 0, 12288, 11783, 333
2026/09/10 19:55:47.947, 0, 12288, 11783, 333
2026/09/10 19:55:48.154, 0, 12288, 11783, 333
2026/09/10 19:55:48.361, 0, 12288, 11783, 333
2026/09/10 19:55:48.569, 0, 12288, 11783, 333
2026/09/10 19:55:48.776, 0, 12288, 11783, 333
2026/09/10 19:55:48.984, 0, 12288, 11783, 333
2026/09/10 19:55:49.192, 0, 12288, 11783, 333
2026/09/10 19:55:49.400, 0, 12288, 11783, 333
2026/09/10 19:55:49.608, 0, 12288, 11783, 333
2026/09/10 19:55:49.816, 0, 12288, 11783, 333
2026/09/10 19:55:50.022, 0, 12288, 11783, 333
2026/09/10 19:55:50.230, 0, 12288, 11783, 333
2026/09/10 19:55:50.438, 0, 12288, 11783, 333
2026/09/10 19:55:50.646, 0, 12288, 11783, 333
2026/09/10 19:55:50.854, 0, 12288, 11783, 333
2026/09/10 19:55:51.061, 0, 12288, 11783, 333
2026/09/10 19:55:51.268, 0, 12288, 11783, 333
2026/09/10 19:55:51.476, 0, 12288, 11783, 333
2026/09/10 19:55:51.684, 0, 12288, 11783, 333
2026/09/10 19:55:51.891, 0, 12288, 11783, 333
2026/09/10 19:55:52.099, 0, 12288, 11783, 333
2026/09/10 19:55:52.305, 0, 12288, 11783, 333
2026/09/10 19:55:52.513, 0, 12288, 11783, 333
2026/09/10 19:55:52.720, 0, 12288, 11783, 333
2026/09/10 19:55:52.927, 0, 12288, 11783, 333
2026/09/10 19:55:53.134, 0, 12288, 11783, 333
2026/09/10 19:55:53.343, 0, 12288, 11783, 333
2026/09/10 19:55:53.550, 0, 12288, 11783, 333
2026/09/10 19:55:53.758, 0, 12288, 11783, 333
2026/09/10 19:55:53.981, 0, 12288, 11783, 333
2026/09/10 19:55:54.187, 0, 12288, 11783, 333
2026/09/10 19:55:54.395, 0, 12288, 11783, 333
2026/09/10 19:55:54.603, 0, 12288, 11783, 333
2026/09/10 19:55:54.810, 0, 12288, 11783, 333
2026/09/10 19:55:55.018, 0, 12288, 11783, 333
2026/09/10 19:55:55.224, 0, 12288, 11783, 333
2026/09/10 19:55:55.431, 0, 12288, 11783, 333
2026/09/10 19:55:55.639, 0, 12288, 11783, 333
2026/09/10 19:55:55.847, 0, 12288, 11783, 333
2026/09/10 19:55:56.055, 0, 12288, 11783, 333
2026/09/10 19:55:56.263, 0, 12288, 11783, 333
2026/09/10 19:55:56.471, 0, 12288, 11783, 333
2026/09/10 19:55:56.679, 0, 12288, 11783, 333
2026/09/10 19:55:56.886, 0, 12288, 11783, 333
2026/09/10 19:55:57.093, 0, 12288, 11783, 333
2026/09/10 19:55:57.301, 0, 12288, 11783, 333
2026/09/10 19:55:57.508, 0, 12288, 11783, 333
2026/09/10 19:55:57.714, 0, 12288, 11783, 333
2026/09/10 19:55:57.919, 0, 12288, 11783, 333
2026/09/10 19:55:58.127, 0, 12288, 11783, 333
2026/09/10 19:55:58.334, 0, 12288, 11783, 333
2026/09/10 19:55:58.542, 0, 12288, 11783, 333
2026/09/10 19:55:58.748, 0, 12288, 11783, 333
2026/09/10 19:55:58.954, 0, 12288, 11783, 333
2026/09/10 19:55:59.161, 0, 12288, 11783, 333
2026/09/10 19:55:59.368, 0, 12288, 11783, 333
2026/09/10 19:55:59.577, 0, 12288, 11783, 333
2026/09/10 19:55:59.785, 0, 12288, 11783, 333
2026/09/10 19:55:59.993, 0, 12288, 11783, 333
2026/09/10 19:56:00.201, 0, 12288, 11783, 333
2026/09/10 19:56:00.408, 0, 12288, 11783, 333
2026/09/10 19:56:00.615, 0, 12288, 11783, 333
2026/09/10 19:56:00.821, 0, 12288, 11783, 333
2026/09/10 19:56:01.028, 0, 12288, 11783, 333
2026/09/10 19:56:01.235, 0, 12288, 11783, 333
2026/09/10 19:56:01.442, 0, 12288, 11783, 333
2026/09/10 19:56:01.650, 0, 12288, 11783, 333
2026/09/10 19:56:01.858, 0, 12288, 11783, 333
2026/09/10 19:56:02.064, 0, 12288, 11783, 333
2026/09/10 19:56:02.272, 0, 12288, 11783, 333
2026/09/10 19:56:02.479, 0, 12288, 11783, 333
2026/09/10 19:56:02.686, 0, 12288, 11783, 333
2026/09/10 19:56:02.894, 0, 12288, 11783, 333
2026/09/10 19:56:03.101, 0, 12288, 11783, 333
2026/09/10 19:56:03.307, 0, 12288, 11783, 333
2026/09/10 19:56:03.514, 0, 12288, 11783, 333
2026/09/10 19:56:03.721, 0, 12288, 11783, 333
2026/09/10 19:56:03.929, 0, 12288, 11783, 333
2026/09/10 19:56:04.136, 0, 12288, 11783, 333
2026/09/10 19:56:04.344, 0, 12288, 11783, 333
2026/09/10 19:56:04.552, 0, 12288, 11783, 333
2026/09/10 19:56:04.758, 0, 12288, 11783, 333
2026/09/10 19:56:04.966, 0, 12288, 11783, 333
2026/09/10 19:56:05.174, 0, 12288, 11783, 333
2026/09/10 19:56:05.382, 0, 12288, 11783, 333
2026/09/10 19:56:05.589, 0, 12288, 11783, 333
2026/09/10 19:56:05.797, 0, 12288, 11783, 333
2026/09/10 19:56:06.004, 0, 12288, 11783, 333
2026/09/10 19:56:06.211, 0, 12288, 11783, 333
2026/09/10 19:56:06.419, 0, 12288, 11783, 333
2026/09/10 19:56:06.626, 0, 12288, 11783, 333
2026/09/10 19:56:06.834, 0, 12288, 11783, 333
2026/09/10 19:56:07.040, 0, 12288, 11783, 333
2026/09/10 19:56:07.248, 0, 12288, 11783, 333
2026/09/10 19:56:07.454, 0, 12288, 11783, 333
2026/09/10 19:56:07.661, 0, 12288, 11783, 333
2026/09/10 19:56:07.868, 0, 12288, 11783, 333
2026/09/10 19:56:08.076, 0, 12288, 11783, 333
2026/09/10 19:56:08.284, 0, 12288, 11783, 333
2026/09/10 19:56:08.492, 0, 12288, 11783, 333
2026/09/10 19:56:08.700, 0, 12288, 11783, 333
2026/09/10 19:56:08.905, 0, 12288, 11783, 333
2026/09/10 19:56:09.112, 0, 12288, 11783, 333
2026/09/10 19:56:09.320, 0, 12288, 11783, 333
2026/09/10 19:56:09.527, 0, 12288, 11783, 333
2026/09/10 19:56:09.734, 0, 12288, 11783, 333
2026/09/10 19:56:09.942, 0, 12288, 11783, 333
2026/09/10 19:56:10.149, 0, 12288, 11783, 333
2026/09/10 19:56:10.356, 0, 12288, 11783, 333
2026/09/10 19:56:10.564, 0, 12288, 11783, 333
2026/09/10 19:56:10.772, 0, 12288, 11783, 333
2026/09/10 19:56:10.980, 0, 12288, 11783, 333
2026/09/10 19:56:11.188, 0, 12288, 11783, 333
2026/09/10 19:56:11.392, 0, 12288, 11783, 333
2026/09/10 19:56:11.599, 0, 12288, 11783, 333
2026/09/10 19:56:11.807, 0, 12288, 11783, 333
2026/09/10 19:56:12.015, 0, 12288, 11783, 333
2026/09/10 19:56:12.223, 0, 12288, 11783, 333
2026/09/10 19:56:12.431, 0, 12288, 11783, 333
2026/09/10 19:56:12.639, 0, 12288, 11783, 333
2026/09/10 19:56:12.846, 0, 12288, 11783, 333
2026/09/10 19:56:13.068, 0, 12288, 11783, 333
2026/09/10 19:56:13.276, 0, 12288, 11783, 333
2026/09/10 19:56:13.484, 0, 12288, 11783, 333
2026/09/10 19:56:13.692, 0, 12288, 11783, 333
2026/09/10 19:56:13.900, 0, 12288, 11783, 333
2026/09/10 19:56:14.108, 0, 12288, 11783, 333
2026/09/10 19:56:14.315, 0, 12288, 11783, 333
2026/09/10 19:56:14.521, 0, 12288, 11783, 333
2026/09/10 19:56:14.728, 0, 12288, 11783, 333
2026/09/10 19:56:14.934, 0, 12288, 11783, 333
2026/09/10 19:56:15.141, 0, 12288, 11783, 333
2026/09/10 19:56:15.348, 0, 12288, 11783, 333
2026/09/10 19:56:15.556, 0, 12288, 11783, 333
2026/09/10 19:56:15.764, 0, 12288, 11783, 333
2026/09/10 19:56:15.971, 0, 12288, 11783, 333
2026/09/10 19:56:16.179, 0, 12288, 11783, 333
2026/09/10 19:56:16.386, 0, 12288, 11783, 333
2026/09/10 19:56:16.594, 0, 12288, 11783, 333
2026/09/10 19:56:16.802, 0, 12288, 11783, 333
2026/09/10 19:56:17.009, 0, 12288, 11783, 333
2026/09/10 19:56:17.216, 0, 12288, 11783, 333
2026/09/10 19:56:17.424, 0, 12288, 11783, 333
2026/09/10 19:56:17.632, 0, 12288, 11783, 333
2026/09/10 19:56:17.840, 0, 12288, 11783, 333
2026/09/10 19:56:18.046, 0, 12288, 11783, 333
2026/09/10 19:56:18.254, 0, 12288, 11783, 333
2026/09/10 19:56:18.462, 0, 12288, 11783, 333
2026/09/10 19:56:18.670, 0, 12288, 11783, 333
2026/09/10 19:56:18.878, 0, 12288, 11783, 333
2026/09/10 19:56:19.085, 0, 12288, 11783, 333
2026/09/10 19:56:19.293, 0, 12288, 11783, 333
2026/09/10 19:56:19.501, 0, 12288, 11783, 333
2026/09/10 19:56:19.708, 0, 12288, 11783, 333
2026/09/10 19:56:19.916, 0, 12288, 11783, 333
2026/09/10 19:56:20.120, 0, 12288, 11783, 333
2026/09/10 19:56:20.327, 0, 12288, 11783, 333
2026/09/10 19:56:20.534, 0, 12288, 11783, 333
2026/09/10 19:56:20.741, 0, 12288, 11783, 333
2026/09/10 19:56:20.947, 0, 12288, 11783, 333
2026/09/10 19:56:21.154, 0, 12288, 11783, 333
2026/09/10 19:56:21.362, 0, 12288, 11783, 333
2026/09/10 19:56:21.570, 0, 12288, 11783, 333
2026/09/10 19:56:21.778, 0, 12288, 11783, 333
2026/09/10 19:56:21.986, 0, 12288, 11783, 333
2026/09/10 19:56:22.194, 0, 12288, 11783, 333
2026/09/10 19:56:22.401, 0, 12288, 11783, 333
2026/09/10 19:56:22.609, 0, 12288, 11783, 333
2026/09/10 19:56:22.814, 0, 12288, 11783, 333
2026/09/10 19:56:23.022, 0, 12288, 11783, 333
2026/09/10 19:56:23.228, 0, 12288, 11783, 333
2026/09/10 19:56:23.436, 0, 12288, 11783, 333
2026/09/10 19:56:23.643, 0, 12288, 11783, 333
2026/09/10 19:56:23.850, 0, 12288, 11783, 333
2026/09/10 19:56:24.057, 0, 12288, 11783, 333
2026/09/10 19:56:24.263, 0, 12288, 11783, 333
2026/09/10 19:56:24.471, 0, 12288, 11783, 333
2026/09/10 19:56:24.677, 0, 12288, 11783, 333
2026/09/10 19:56:24.885, 0, 12288, 11783, 333
2026/09/10 19:56:25.092, 0, 12288, 11783, 333
2026/09/10 19:56:25.297, 0, 12288, 11783, 333
2026/09/10 19:56:25.504, 0, 12288, 11783, 333
2026/09/10 19:56:25.710, 0, 12288, 11783, 333
2026/09/10 19:56:25.917, 0, 12288, 11783, 333
2026/09/10 19:56:26.124, 0, 12288, 11783, 333
2026/09/10 19:56:26.332, 0, 12288, 11783, 333
2026/09/10 19:56:26.538, 0, 12288, 11783, 333
2026/09/10 19:56:26.744, 0, 12288, 11783, 333
2026/09/10 19:56:26.952, 0, 12288, 11783, 333
2026/09/10 19:56:27.159, 0, 12288, 11783, 333
2026/09/10 19:56:27.367, 0, 12288, 11783, 333
2026/09/10 19:56:27.575, 0, 12288, 11783, 333
2026/09/10 19:56:27.783, 0, 12288, 11783, 333
2026/09/10 19:56:27.991, 0, 12288, 11783, 333
2026/09/10 19:56:28.199, 0, 12288, 11783, 333
2026/09/10 19:56:28.406, 0, 12288, 11783, 333
2026/09/10 19:56:28.614, 0, 12288, 11783, 333
2026/09/10 19:56:28.822, 0, 12288, 11783, 333
2026/09/10 19:56:29.030, 0, 12288, 11783, 333
2026/09/10 19:56:29.237, 0, 12288, 11783, 333
2026/09/10 19:56:29.444, 0, 12288, 11783, 333
2026/09/10 19:56:29.651, 0, 12288, 11783, 333
2026/09/10 19:56:29.859, 0, 12288, 11783, 333
2026/09/10 19:56:30.066, 0, 12288, 11783, 333
2026/09/10 19:56:30.274, 0, 12288, 11783, 333
2026/09/10 19:56:30.481, 0, 12288, 11783, 333
2026/09/10 19:56:30.688, 0, 12288, 11783, 333
2026/09/10 19:56:30.895, 0, 12288, 11783, 333
2026/09/10 19:56:31.102, 0, 12288, 11783, 333
2026/09/10 19:56:31.308, 0, 12288, 11783, 333
2026/09/10 19:56:31.514, 0, 12288, 11783, 333
2026/09/10 19:56:31.722, 0, 12288, 11783, 333
2026/09/10 19:56:31.929, 0, 12288, 11783, 333
2026/09/10 19:56:32.137, 0, 12288, 11783, 333
2026/09/10 19:56:32.344, 0, 12288, 11783, 333
2026/09/10 19:56:32.548, 0, 12288, 11783, 333
2026/09/10 19:56:32.756, 0, 12288, 11783, 333
2026/09/10 19:56:32.964, 0, 12288, 11783, 333
2026/09/10 19:56:33.172, 0, 12288, 11783, 333
2026/09/10 19:56:33.378, 0, 12288, 11783, 333
2026/09/10 19:56:33.585, 0, 12288, 11783, 333
2026/09/10 19:56:33.793, 0, 12288, 11783, 333
2026/09/10 19:56:33.998, 0, 12288, 11783, 333
2026/09/10 19:56:34.205, 0, 12288, 11783, 333
2026/09/10 19:56:34.412, 0, 12288, 11783, 333
2026/09/10 19:56:34.619, 0, 12288, 11783, 333
2026/09/10 19:56:34.826, 0, 12288, 11783, 333
2026/09/10 19:56:35.034, 0, 12288, 11783, 333
2026/09/10 19:56:35.241, 0, 12288, 11783, 333
2026/09/10 19:56:35.448, 0, 12288, 11783, 333
2026/09/10 19:56:35.656, 0, 12288, 11783, 333
2026/09/10 19:56:35.864, 0, 12288, 11783, 333
2026/09/10 19:56:36.072, 0, 12288, 11783, 333
2026/09/10 19:56:36.279, 0, 12288, 11783, 333
2026/09/10 19:56:36.487, 0, 12288, 11783, 333
2026/09/10 19:56:36.694, 0, 12288, 11783, 333
2026/09/10 19:56:36.898, 0, 12288, 11783, 333
2026/09/10 19:56:37.107, 0, 12288, 11783, 333
2026/09/10 19:56:37.314, 0, 12288, 11783, 333
2026/09/10 19:56:37.520, 0, 12288, 11783, 333
2026/09/10 19:56:37.727, 0, 12288, 11783, 333
2026/09/10 19:56:37.935, 0, 12288, 11783, 333
2026/09/10 19:56:38.143, 0, 12288, 11783, 333
2026/09/10 19:56:38.351, 0, 12288, 11783, 333
2026/09/10 19:56:38.557, 0, 12288, 11783, 333
2026/09/10 19:56:38.763, 0, 12288, 11783, 333
2026/09/10 19:56:38.971, 0, 12288, 11783, 333
2026/09/10 19:56:39.179, 0, 12288, 11783, 333
2026/09/10 19:56:39.387, 0, 12288, 11783, 333
2026/09/10 19:56:39.595, 0, 12288, 11783, 333
2026/09/10 19:56:39.804, 0, 12288, 11783, 333
2026/09/10 19:56:40.011, 0, 12288, 11783, 333
2026/09/10 19:56:40.219, 0, 12288, 11783, 333
2026/09/10 19:56:40.427, 0, 12288, 11783, 333
2026/09/10 19:56:40.635, 0, 12288, 11783, 333
2026/09/10 19:56:40.843, 0, 12288, 11783, 333
2026/09/10 19:56:41.051, 0, 12288, 11783, 333
2026/09/10 19:56:41.259, 0, 12288, 11783, 333
2026/09/10 19:56:41.467, 0, 12288, 11783, 333
2026/09/10 19:56:41.674, 0, 12288, 11783, 333
2026/09/10 19:56:41.881, 0, 12288, 11783, 333
2026/09/10 19:56:42.089, 0, 12288, 11783, 333
2026/09/10 19:56:42.296, 0, 12288, 11783, 333
2026/09/10 19:56:42.503, 0, 12288, 11783, 333
2026/09/10 19:56:42.711, 0, 12288, 11783, 333
2026/09/10 19:56:42.918, 0, 12288, 11783, 333
2026/09/10 19:56:43.126, 0, 12288, 11783, 333
2026/09/10 19:56:43.332, 0, 12288, 11783, 333
2026/09/10 19:56:43.540, 0, 12288, 11783, 333
2026/09/10 19:56:43.748, 0, 12288, 11783, 333
2026/09/10 19:56:43.954, 0, 12288, 11783, 333
2026/09/10 19:56:44.162, 0, 12288, 11783, 333
2026/09/10 19:56:44.369, 0, 12288, 11783, 333
2026/09/10 19:56:44.575, 0, 12288, 11783, 333
2026/09/10 19:56:44.783, 0, 12288, 11783, 333
2026/09/10 19:56:44.991, 0, 12288, 11783, 333
2026/09/10 19:56:45.198, 0, 12288, 11783, 333
2026/09/10 19:56:45.406, 0, 12288, 11783, 333
2026/09/10 19:56:45.611, 0, 12288, 11783, 333
2026/09/10 19:56:45.817, 0, 12288, 11783, 333
2026/09/10 19:56:46.024, 0, 12288, 11783, 333
2026/09/10 19:56:46.231, 0, 12288, 11783, 333
2026/09/10 19:56:46.439, 0, 12288, 11783, 333
2026/09/10 19:56:46.647, 0, 12288, 11783, 333
2026/09/10 19:56:46.855, 0, 12288, 11783, 333
2026/09/10 19:56:47.062, 0, 12288, 11783, 333
2026/09/10 19:56:47.270, 0, 12288, 11783, 333
2026/09/10 19:56:47.477, 0, 12288, 11783, 333
2026/09/10 19:56:47.684, 0, 12288, 11783, 333
2026/09/10 19:56:47.892, 0, 12288, 11783, 333
2026/09/10 19:56:48.098, 0, 12288, 11783, 333
2026/09/10 19:56:48.306, 0, 12288, 11783, 333
2026/09/10 19:56:48.512, 0, 12288, 11783, 333
2026/09/10 19:56:48.718, 0, 12288, 11783, 333
2026/09/10 19:56:48.926, 0, 12288, 11783, 333
2026/09/10 19:56:49.133, 0, 12288, 11783, 333
2026/09/10 19:56:49.340, 0, 12288, 11783, 333
2026/09/10 19:56:49.548, 0, 12288, 11783, 333
2026/09/10 19:56:49.754, 0, 12288, 11783, 333
2026/09/10 19:56:49.961, 0, 12288, 11783, 333
2026/09/10 19:56:50.168, 0, 12288, 11783, 333
2026/09/10 19:56:50.376, 0, 12288, 11783, 333
2026/09/10 19:56:50.584, 0, 12288, 11783, 333
2026/09/10 19:56:50.792, 0, 12288, 11783, 333
2026/09/10 19:56:50.998, 0, 12288, 11783, 333
2026/09/10 19:56:51.204, 0, 12288, 11783, 333
2026/09/10 19:56:51.411, 0, 12288, 11783, 333
2026/09/10 19:56:51.618, 0, 12288, 11783, 333
2026/09/10 19:56:51.826, 0, 12288, 11783, 333
2026/09/10 19:56:52.034, 0, 12288, 11783, 333
2026/09/10 19:56:52.242, 0, 12288, 11783, 333
2026/09/10 19:56:52.449, 0, 12288, 11783, 333
2026/09/10 19:56:52.656, 0, 12288, 11783, 333
2026/09/10 19:56:52.864, 0, 12288, 11783, 333
2026/09/10 19:56:53.072, 0, 12288, 11783, 333
2026/09/10 19:56:53.280, 0, 12288, 11783, 333
2026/09/10 19:56:53.487, 0, 12288, 11783, 333
2026/09/10 19:56:53.692, 0, 12288, 11783, 333
2026/09/10 19:56:53.899, 0, 12288, 11783, 333
2026/09/10 19:56:54.106, 0, 12288, 11783, 333
2026/09/10 19:56:54.314, 0, 12288, 11783, 333
2026/09/10 19:56:54.522, 0, 12288, 11783, 333
2026/09/10 19:56:54.730, 0, 12288, 11783, 333
2026/09/10 19:56:54.938, 0, 12288, 11783, 333
2026/09/10 19:56:55.144, 0, 12288, 11783, 333
2026/09/10 19:56:55.352, 0, 12288, 11783, 333
2026/09/10 19:56:55.560, 0, 12288, 11783, 333
2026/09/10 19:56:55.768, 0, 12288, 11783, 333
2026/09/10 19:56:55.976, 0, 12288, 11783, 333
2026/09/10 19:56:56.184, 0, 12288, 11783, 333
2026/09/10 19:56:56.392, 0, 12288, 11783, 333
2026/09/10 19:56:56.599, 0, 12288, 11783, 333
2026/09/10 19:56:56.806, 0, 12288, 11783, 333
2026/09/10 19:56:57.014, 0, 12288, 11783, 333
2026/09/10 19:56:57.222, 0, 12288, 11783, 333
2026/09/10 19:56:57.430, 0, 12288, 11783, 333
2026/09/10 19:56:57.638, 0, 12288, 11783, 333
2026/09/10 19:56:57.844, 0, 12288, 11783, 333
2026/09/10 19:56:58.052, 0, 12288, 11783, 333
2026/09/10 19:56:58.260, 0, 12288, 11783, 333
2026/09/10 19:56:58.468, 0, 12288, 11783, 333
2026/09/10 19:56:58.676, 0, 12288, 11783, 333
2026/09/10 19:56:58.883, 0, 12288, 11783, 333
2026/09/10 19:56:59.091, 0, 12288, 11783, 333
2026/09/10 19:56:59.296, 0, 12288, 11783, 333
2026/09/10 19:56:59.504, 0, 12288, 11783, 333
2026/09/10 19:56:59.712, 0, 12288, 11783, 333
2026/09/10 19:56:59.919, 0, 12288, 11783, 333
2026/09/10 19:57:00.126, 0, 12288, 11783, 333
2026/09/10 19:57:00.334, 0, 12288, 11783, 333
2026/09/10 19:57:00.541, 0, 12288, 11783, 333
2026/09/10 19:57:00.747, 0, 12288, 11783, 333
2026/09/10 19:57:00.954, 0, 12288, 11783, 333
2026/09/10 19:57:01.162, 0, 12288, 11783, 333
2026/09/10 19:57:01.368, 0, 12288, 11783, 333
2026/09/10 19:57:01.576, 0, 12288, 11783, 333
2026/09/10 19:57:01.782, 0, 12288, 11783, 333
2026/09/10 19:57:01.987, 0, 12288, 11783, 333
2026/09/10 19:57:02.195, 0, 12288, 11783, 333
2026/09/10 19:57:02.403, 0, 12288, 11783, 333
2026/09/10 19:57:02.611, 0, 12288, 11783, 333
2026/09/10 19:57:02.819, 0, 12288, 11783, 333
2026/09/10 19:57:03.026, 0, 12288, 11783, 333
2026/09/10 19:57:03.232, 0, 12288, 11783, 333
2026/09/10 19:57:03.438, 0, 12288, 11783, 333
2026/09/10 19:57:03.645, 0, 12288, 11783, 333
2026/09/10 19:57:03.853, 0, 12288, 11783, 333
2026/09/10 19:57:04.060, 0, 12288, 11783, 333
2026/09/10 19:57:04.268, 0, 12288, 11783, 333
2026/09/10 19:57:04.476, 0, 12288, 11783, 333
2026/09/10 19:57:04.684, 0, 12288, 11783, 333
2026/09/10 19:57:04.888, 0, 12288, 11783, 333
2026/09/10 19:57:05.094, 0, 12288, 11783, 333
2026/09/10 19:57:05.302, 0, 12288, 11783, 333
2026/09/10 19:57:05.509, 0, 12288, 11783, 333
2026/09/10 19:57:05.716, 0, 12288, 11783, 333
2026/09/10 19:57:05.923, 0, 12288, 11783, 333
2026/09/10 19:57:06.130, 0, 12288, 11783, 333
2026/09/10 19:57:06.337, 0, 12288, 11783, 333
2026/09/10 19:57:06.545, 0, 12288, 11783, 333
2026/09/10 19:57:06.752, 0, 12288, 11783, 333
2026/09/10 19:57:06.960, 0, 12288, 11783, 333
2026/09/10 19:57:07.168, 0, 12288, 11783, 333
2026/09/10 19:57:07.376, 0, 12288, 11783, 333
2026/09/10 19:57:07.583, 0, 12288, 11783, 333
2026/09/10 19:57:07.791, 0, 12288, 11783, 333
2026/09/10 19:57:07.999, 0, 12288, 11783, 333
2026/09/10 19:57:08.206, 0, 12288, 11783, 333
2026/09/10 19:57:08.414, 0, 12288, 11783, 333
2026/09/10 19:57:08.622, 0, 12288, 11783, 333
2026/09/10 19:57:08.830, 0, 12288, 11783, 333
2026/09/10 19:57:09.037, 0, 12288, 11783, 333
2026/09/10 19:57:09.244, 0, 12288, 11783, 333
2026/09/10 19:57:09.452, 0, 12288, 11783, 333
2026/09/10 19:57:09.660, 0, 12288, 11783, 333
2026/09/10 19:57:09.868, 0, 12288, 11783, 333
2026/09/10 19:57:10.073, 0, 12288, 11783, 333
2026/09/10 19:57:10.280, 0, 12288, 11783, 333
2026/09/10 19:57:10.484, 0, 12288, 11783, 333
2026/09/10 19:57:10.690, 0, 12288, 11783, 333
2026/09/10 19:57:10.897, 0, 12288, 11783, 333
2026/09/10 19:57:11.105, 0, 12288, 11783, 333
2026/09/10 19:57:11.310, 0, 12288, 11783, 333
2026/09/10 19:57:11.516, 0, 12288, 11783, 333
2026/09/10 19:57:11.723, 0, 12288, 11783, 333
2026/09/10 19:57:11.931, 0, 12288, 11783, 333
2026/09/10 19:57:12.137, 0, 12288, 11783, 333
2026/09/10 19:57:12.342, 0, 12288, 11783, 333
2026/09/10 19:57:12.550, 0, 12288, 11783, 333
2026/09/10 19:57:12.757, 0, 12288, 11783, 333
2026/09/10 19:57:12.964, 0, 12288, 11783, 333
2026/09/10 19:57:13.172, 0, 12288, 11783, 333
2026/09/10 19:57:13.379, 0, 12288, 11783, 333
2026/09/10 19:57:13.587, 0, 12288, 11783, 333
2026/09/10 19:57:13.795, 0, 12288, 11783, 333
2026/09/10 19:57:14.002, 0, 12288, 11783, 333
2026/09/10 19:57:14.208, 0, 12288, 11783, 333
2026/09/10 19:57:14.416, 0, 12288, 11783, 333
2026/09/10 19:57:14.623, 0, 12288, 11783, 333
2026/09/10 19:57:14.831, 0, 12288, 11783, 333
2026/09/10 19:57:15.038, 0, 12288, 11783, 333
2026/09/10 19:57:15.245, 0, 12288, 11783, 333
2026/09/10 19:57:15.453, 0, 12288, 11783, 333
2026/09/10 19:57:15.659, 0, 12288, 11783, 333
2026/09/10 19:57:15.867, 0, 12288, 11783, 333
2026/09/10 19:57:16.072, 0, 12288, 11783, 333
2026/09/10 19:57:16.280, 0, 12288, 11783, 333
2026/09/10 19:57:16.488, 0, 12288, 11783, 333
2026/09/10 19:57:16.695, 0, 12288, 11783, 333
2026/09/10 19:57:16.903, 0, 12288, 11783, 333
2026/09/10 19:57:17.110, 0, 12288, 11783, 333
2026/09/10 19:57:17.316, 0, 12288, 11783, 333
2026/09/10 19:57:17.523, 0, 12288, 11783, 333
2026/09/10 19:57:17.731, 0, 12288, 11783, 333
2026/09/10 19:57:17.938, 0, 12288, 11783, 333
2026/09/10 19:57:18.145, 0, 12288, 11783, 333
2026/09/10 19:57:18.353, 0, 12288, 11783, 333
2026/09/10 19:57:18.561, 0, 12288, 11783, 333
2026/09/10 19:57:18.768, 0, 12288, 11783, 333
2026/09/10 19:57:18.976, 0, 12288, 11783, 333
2026/09/10 19:57:19.184, 0, 12288, 11783, 333
2026/09/10 19:57:19.391, 0, 12288, 11783, 333
2026/09/10 19:57:19.596, 0, 12288, 11783, 333
2026/09/10 19:57:19.804, 0, 12288, 11783, 333
2026/09/10 19:57:20.012, 0, 12288, 11783, 333
2026/09/10 19:57:20.219, 0, 12288, 11783, 333
2026/09/10 19:57:20.426, 0, 12288, 11783, 333
2026/09/10 19:57:20.634, 0, 12288, 11783, 333
2026/09/10 19:57:20.838, 0, 12288, 11783, 333
2026/09/10 19:57:21.045, 0, 12288, 11783, 333
2026/09/10 19:57:21.252, 0, 12288, 11783, 333
2026/09/10 19:57:21.459, 0, 12288, 11783, 333
2026/09/10 19:57:21.664, 0, 12288, 11783, 333
2026/09/10 19:57:21.870, 0, 12288, 11783, 333
2026/09/10 19:57:22.077, 0, 12288, 11783, 333
2026/09/10 19:57:22.282, 0, 12288, 11783, 333
2026/09/10 19:57:22.489, 0, 12288, 11783, 333
2026/09/10 19:57:22.696, 0, 12288, 11783, 333
2026/09/10 19:57:22.901, 0, 12288, 11783, 333
2026/09/10 19:57:23.107, 0, 12288, 11783, 333
2026/09/10 19:57:23.313, 0, 12288, 11783, 333
2026/09/10 19:57:23.521, 0, 12288, 11783, 333
2026/09/10 19:57:23.728, 0, 12288, 11783, 333
2026/09/10 19:57:23.933, 0, 12288, 11783, 333
2026/09/10 19:57:24.139, 0, 12288, 11783, 333
2026/09/10 19:57:24.344, 0, 12288, 11783, 333
2026/09/10 19:57:24.552, 0, 12288, 11783, 333
2026/09/10 19:57:24.759, 0, 12288, 11783, 333
2026/09/10 19:57:24.967, 0, 12288, 11783, 333
2026/09/10 19:57:25.173, 0, 12288, 11783, 333
2026/09/10 19:57:25.380, 0, 12288, 11783, 333
2026/09/10 19:57:25.587, 0, 12288, 11783, 333
2026/09/10 19:57:25.791, 0, 12288, 11783, 333
2026/09/10 19:57:25.997, 0, 12288, 11783, 333
2026/09/10 19:57:26.204, 0, 12288, 11783, 333
2026/09/10 19:57:26.410, 0, 12288, 11783, 333
2026/09/10 19:57:26.616, 0, 12288, 11783, 333
2026/09/10 19:57:26.824, 0, 12288, 11783, 333
2026/09/10 19:57:27.031, 0, 12288, 11783, 333
2026/09/10 19:57:27.236, 0, 12288, 11783, 333
2026/09/10 19:57:27.443, 0, 12288, 11783, 333
2026/09/10 19:57:27.650, 0, 12288, 11783, 333
2026/09/10 19:57:27.858, 0, 12288, 11783, 333
2026/09/10 19:57:28.066, 0, 12288, 11783, 333
2026/09/10 19:57:28.273, 0, 12288, 11783, 333
2026/09/10 19:57:28.482, 0, 12288, 11783, 333
2026/09/10 19:57:28.690, 0, 12288, 11783, 333
2026/09/10 19:57:28.898, 0, 12288, 11783, 333
2026/09/10 19:57:29.105, 0, 12288, 11783, 333
2026/09/10 19:57:29.312, 0, 12288, 11783, 333
2026/09/10 19:57:29.519, 0, 12288, 11783, 333
2026/09/10 19:57:29.726, 0, 12288, 11783, 333
2026/09/10 19:57:29.932, 0, 12288, 11783, 333
2026/09/10 19:57:30.140, 0, 12288, 11783, 333
2026/09/10 19:57:30.348, 0, 12288, 11783, 333
2026/09/10 19:57:30.555, 0, 12288, 11783, 333
2026/09/10 19:57:30.778, 0, 12288, 11783, 333
2026/09/10 19:57:30.984, 0, 12288, 11783, 333
2026/09/10 19:57:31.192, 0, 12288, 11783, 333
2026/09/10 19:57:31.400, 0, 12288, 11783, 333
2026/09/10 19:57:31.607, 0, 12288, 11783, 333
2026/09/10 19:57:31.815, 0, 12288, 11783, 333
2026/09/10 19:57:32.023, 0, 12288, 11783, 333
2026/09/10 19:57:32.230, 0, 12288, 11783, 333
2026/09/10 19:57:32.438, 0, 12288, 11783, 333
2026/09/10 19:57:32.646, 0, 12288, 11783, 333
2026/09/10 19:57:32.852, 0, 12288, 11783, 333
2026/09/10 19:57:33.058, 0, 12288, 11783, 333
2026/09/10 19:57:33.266, 0, 12288, 11783, 333
2026/09/10 19:57:33.473, 0, 12288, 11783, 333
2026/09/10 19:57:33.680, 0, 12288, 11783, 333
2026/09/10 19:57:33.887, 0, 12288, 11783, 333
2026/09/10 19:57:34.094, 0, 12288, 11783, 333
2026/09/10 19:57:34.302, 0, 12288, 11783, 333
2026/09/10 19:57:34.510, 0, 12288, 11783, 333
2026/09/10 19:57:34.716, 0, 12288, 11783, 333
2026/09/10 19:57:34.923, 0, 12288, 11783, 333
2026/09/10 19:57:35.128, 0, 12288, 11783, 333
2026/09/10 19:57:35.336, 0, 12288, 11783, 333
2026/09/10 19:57:35.544, 0, 12288, 11783, 333
2026/09/10 19:57:35.752, 0, 12288, 11783, 333
2026/09/10 19:57:35.960, 0, 12288, 11783, 333
2026/09/10 19:57:36.167, 0, 12288, 11783, 333
2026/09/10 19:57:36.374, 0, 12288, 11783, 333
2026/09/10 19:57:36.582, 0, 12288, 11783, 333
2026/09/10 19:57:36.790, 0, 12288, 11783, 333
2026/09/10 19:57:36.998, 0, 12288, 11783, 333
2026/09/10 19:57:37.205, 0, 12288, 11783, 333
2026/09/10 19:57:37.412, 0, 12288, 11783, 333
2026/09/10 19:57:37.619, 0, 12288, 11783, 333
2026/09/10 19:57:37.827, 0, 12288, 11783, 333
2026/09/10 19:57:38.035, 0, 12288, 11783, 333
2026/09/10 19:57:38.243, 0, 12288, 11783, 333
2026/09/10 19:57:38.448, 0, 12288, 11783, 333
2026/09/10 19:57:38.653, 0, 12288, 11783, 333
2026/09/10 19:57:38.858, 0, 12288, 11783, 333
2026/09/10 19:57:39.066, 0, 12288, 11783, 333
2026/09/10 19:57:39.274, 0, 12288, 11783, 333
2026/09/10 19:57:39.482, 0, 12288, 11783, 333
2026/09/10 19:57:39.690, 0, 12288, 11783, 333
2026/09/10 19:57:39.898, 0, 12288, 11783, 333
2026/09/10 19:57:40.105, 0, 12288, 11783, 333
2026/09/10 19:57:40.313, 0, 12288, 11783, 333
2026/09/10 19:57:40.519, 0, 12288, 11783, 333
2026/09/10 19:57:40.727, 0, 12288, 11783, 333
2026/09/10 19:57:40.935, 0, 12288, 11783, 333
2026/09/10 19:57:41.143, 0, 12288, 11783, 333
2026/09/10 19:57:41.351, 0, 12288, 11783, 333
2026/09/10 19:57:41.558, 0, 12288, 11783, 333
2026/09/10 19:57:41.766, 0, 12288, 11783, 333
2026/09/10 19:57:41.974, 0, 12288, 11783, 333
2026/09/10 19:57:42.181, 0, 12288, 11783, 333
2026/09/10 19:57:42.389, 0, 12288, 11783, 333
2026/09/10 19:57:42.595, 0, 12288, 11783, 333
2026/09/10 19:57:42.803, 0, 12288, 11783, 333
2026/09/10 19:57:43.010, 0, 12288, 11783, 333
2026/09/10 19:57:43.218, 0, 12288, 11783, 333
2026/09/10 19:57:43.424, 0, 12288, 11783, 333
2026/09/10 19:57:43.631, 0, 12288, 11783, 333
2026/09/10 19:57:43.839, 0, 12288, 11783, 333
2026/09/10 19:57:44.043, 0, 12288, 11783, 333
2026/09/10 19:57:44.249, 0, 12288, 11783, 333
2026/09/10 19:57:44.457, 0, 12288, 11783, 333
2026/09/10 19:57:44.665, 0, 12288, 11783, 333
2026/09/10 19:57:44.872, 0, 12288, 11783, 333
2026/09/10 19:57:45.080, 0, 12288, 11783, 333
2026/09/10 19:57:45.287, 0, 12288, 11783, 333
2026/09/10 19:57:45.495, 0, 12288, 11783, 333
2026/09/10 19:57:45.702, 0, 12288, 11783, 333
2026/09/10 19:57:45.910, 0, 12288, 11783, 333
2026/09/10 19:57:46.118, 0, 12288, 11783, 333
2026/09/10 19:57:46.326, 0, 12288, 11783, 333
2026/09/10 19:57:46.534, 0, 12288, 11783, 333
2026/09/10 19:57:46.742, 0, 12288, 11783, 333
2026/09/10 19:57:46.949, 0, 12288, 11783, 333
2026/09/10 19:57:47.157, 0, 12288, 11783, 333
2026/09/10 19:57:47.365, 0, 12288, 11783, 333
2026/09/10 19:57:47.573, 0, 12288, 11783, 333
2026/09/10 19:57:47.781, 0, 12288, 11783, 333
2026/09/10 19:57:47.986, 0, 12288, 11783, 333
2026/09/10 19:57:48.194, 0, 12288, 11783, 333
2026/09/10 19:57:48.400, 0, 12288, 11783, 333
2026/09/10 19:57:48.608, 0, 12288, 11783, 333
2026/09/10 19:57:48.816, 0, 12288, 11783, 333
2026/09/10 19:57:49.022, 0, 12288, 11783, 333
2026/09/10 19:57:49.229, 0, 12288, 11783, 333
2026/09/10 19:57:49.437, 0, 12288, 11783, 333
2026/09/10 19:57:49.641, 0, 12288, 11783, 333
2026/09/10 19:57:49.848, 0, 12288, 11783, 333
2026/09/10 19:57:50.054, 0, 12288, 11783, 333
2026/09/10 19:57:50.261, 0, 12288, 11783, 333
2026/09/10 19:57:50.468, 0, 12288, 11783, 333
2026/09/10 19:57:50.675, 0, 12288, 11783, 333
2026/09/10 19:57:50.883, 0, 12288, 11783, 333
2026/09/10 19:57:51.091, 0, 12288, 11783, 333
2026/09/10 19:57:51.299, 0, 12288, 11783, 333
2026/09/10 19:57:51.507, 0, 12288, 11783, 333
2026/09/10 19:57:51.715, 0, 12288, 11783, 333
2026/09/10 19:57:51.923, 0, 12288, 11783, 333
2026/09/10 19:57:52.131, 0, 12288, 11783, 333
2026/09/10 19:57:52.338, 0, 12288, 11783, 333
2026/09/10 19:57:52.545, 0, 12288, 11783, 333
2026/09/10 19:57:52.752, 0, 12288, 11783, 333
2026/09/10 19:57:52.960, 0, 12288, 11783, 333
2026/09/10 19:57:53.168, 0, 12288, 11783, 333
2026/09/10 19:57:53.375, 0, 12288, 11783, 333
2026/09/10 19:57:53.582, 0, 12288, 11783, 333
2026/09/10 19:57:53.789, 0, 12288, 11783, 333
2026/09/10 19:57:53.996, 0, 12288, 11783, 333
2026/09/10 19:57:54.203, 0, 12288, 11783, 333
2026/09/10 19:57:54.411, 0, 12288, 11783, 333
2026/09/10 19:57:54.618, 0, 12288, 11783, 333
2026/09/10 19:57:54.826, 0, 12288, 11783, 333
2026/09/10 19:57:55.034, 0, 12288, 11783, 333
2026/09/10 19:57:55.239, 0, 12288, 11783, 333
2026/09/10 19:57:55.446, 0, 12288, 11783, 333
2026/09/10 19:57:55.654, 0, 12288, 11783, 333
2026/09/10 19:57:55.862, 0, 12288, 11783, 333
2026/09/10 19:57:56.069, 0, 12288, 11783, 333
2026/09/10 19:57:56.276, 0, 12288, 11783, 333
2026/09/10 19:57:56.483, 0, 12288, 11783, 333
2026/09/10 19:57:56.691, 0, 12288, 11783, 333
2026/09/10 19:57:56.899, 0, 12288, 11783, 333
2026/09/10 19:57:57.107, 0, 12288, 11783, 333
2026/09/10 19:57:57.314, 0, 12288, 11783, 333
2026/09/10 19:57:57.522, 0, 12288, 11783, 333
2026/09/10 19:57:57.728, 0, 12288, 11783, 333
2026/09/10 19:57:57.935, 0, 12288, 11783, 333
2026/09/10 19:57:58.141, 0, 12288, 11783, 333
2026/09/10 19:57:58.348, 0, 12288, 11783, 333
2026/09/10 19:57:58.556, 0, 12288, 11783, 333
2026/09/10 19:57:58.764, 0, 12288, 11783, 333
2026/09/10 19:57:58.970, 0, 12288, 11783, 333
2026/09/10 19:57:59.178, 0, 12288, 11783, 333
2026/09/10 19:57:59.402, 0, 12288, 11783, 333
2026/09/10 19:57:59.608, 0, 12288, 11783, 333
2026/09/10 19:57:59.816, 0, 12288, 11783, 333
2026/09/10 19:58:00.024, 0, 12288, 11783, 333
2026/09/10 19:58:00.232, 0, 12288, 11783, 333
2026/09/10 19:58:00.440, 0, 12288, 11783, 333
2026/09/10 19:58:00.647, 0, 12288, 11783, 333
2026/09/10 19:58:00.851, 0, 12288, 11783, 333
2026/09/10 19:58:01.058, 0, 12288, 11783, 333
2026/09/10 19:58:01.265, 0, 12288, 11783, 333
2026/09/10 19:58:01.472, 0, 12288, 11783, 333
2026/09/10 19:58:01.680, 0, 12288, 11783, 333
2026/09/10 19:58:01.888, 0, 12288, 11783, 333
2026/09/10 19:58:02.095, 0, 12288, 11783, 333
2026/09/10 19:58:02.303, 0, 12288, 11783, 333
2026/09/10 19:58:02.511, 0, 12288, 11783, 333
2026/09/10 19:58:02.718, 0, 12288, 11783, 333
2026/09/10 19:58:02.922, 0, 12288, 11783, 333
2026/09/10 19:58:03.126, 0, 12288, 11783, 333
2026/09/10 19:58:03.332, 0, 12288, 11783, 333
2026/09/10 19:58:03.540, 0, 12288, 11783, 333
2026/09/10 19:58:03.747, 0, 12288, 11783, 333
2026/09/10 19:58:03.953, 0, 12288, 11783, 333
2026/09/10 19:58:04.157, 0, 12288, 11783, 333
2026/09/10 19:58:04.361, 0, 12288, 11783, 333
2026/09/10 19:58:04.568, 0, 12288, 11783, 333
2026/09/10 19:58:04.775, 0, 12288, 11783, 333
2026/09/10 19:58:04.981, 0, 12288, 11783, 333
2026/09/10 19:58:05.186, 0, 12288, 11783, 333
2026/09/10 19:58:05.392, 0, 12288, 11783, 333
2026/09/10 19:58:05.598, 0, 12288, 11783, 333
2026/09/10 19:58:05.806, 0, 12288, 11783, 333
2026/09/10 19:58:06.011, 0, 12288, 11783, 333
2026/09/10 19:58:06.219, 0, 12288, 11783, 333
2026/09/10 19:58:06.422, 0, 12288, 11783, 333
2026/09/10 19:58:06.628, 0, 12288, 11783, 333
2026/09/10 19:58:06.836, 0, 12288, 11783, 333
2026/09/10 19:58:07.041, 0, 12288, 11783, 333
2026/09/10 19:58:07.248, 0, 12288, 11783, 333
2026/09/10 19:58:07.455, 0, 12288, 11783, 333
2026/09/10 19:58:07.659, 0, 12288, 11783, 333
2026/09/10 19:58:07.867, 0, 12288, 11783, 333
2026/09/10 19:58:08.072, 0, 12288, 11783, 333
2026/09/10 19:58:08.274, 0, 12288, 11783, 333
2026/09/10 19:58:08.480, 0, 12288, 11783, 333
2026/09/10 19:58:08.686, 0, 12288, 11783, 333
2026/09/10 19:58:08.893, 0, 12288, 11783, 333
2026/09/10 19:58:09.097, 0, 12288, 11783, 333
2026/09/10 19:58:09.305, 0, 12288, 11783, 333
2026/09/10 19:58:09.512, 0, 12288, 11783, 333
2026/09/10 19:58:09.716, 0, 12288, 11783, 333
2026/09/10 19:58:09.924, 0, 12288, 11783, 333
2026/09/10 19:58:10.131, 0, 12288, 11783, 333
2026/09/10 19:58:10.333, 0, 12288, 11783, 333
2026/09/10 19:58:10.539, 0, 12288, 11783, 333
2026/09/10 19:58:10.743, 0, 12288, 11783, 333
2026/09/10 19:58:10.949, 0, 12288, 11783, 333
2026/09/10 19:58:11.155, 0, 12288, 11783, 333
2026/09/10 19:58:11.358, 0, 12288, 11783, 333
2026/09/10 19:58:11.565, 0, 12288, 11783, 333
2026/09/10 19:58:11.771, 0, 12288, 11783, 333
2026/09/10 19:58:11.976, 0, 12288, 11783, 333
2026/09/10 19:58:12.183, 0, 12288, 11783, 333
2026/09/10 19:58:12.386, 0, 12288, 11783, 333
2026/09/10 19:58:12.594, 0, 12288, 11783, 333
2026/09/10 19:58:12.801, 0, 12288, 11783, 333
2026/09/10 19:58:13.021, 0, 12288, 11783, 333
2026/09/10 19:58:13.229, 0, 12288, 11783, 333
2026/09/10 19:58:13.433, 0, 12288, 11783, 333
2026/09/10 19:58:13.640, 0, 12288, 11783, 333
2026/09/10 19:58:13.848, 0, 12288, 11783, 333
2026/09/10 19:58:14.054, 0, 12288, 11783, 333
2026/09/10 19:58:14.262, 0, 12288, 11783, 333
2026/09/10 19:58:14.467, 0, 12288, 11783, 333
2026/09/10 19:58:14.671, 0, 12288, 11783, 333
2026/09/10 19:58:14.877, 0, 12288, 11783, 333
2026/09/10 19:58:15.081, 0, 12288, 11783, 333
2026/09/10 19:58:15.287, 0, 12288, 11783, 333
2026/09/10 19:58:15.495, 0, 12288, 11783, 333
2026/09/10 19:58:15.700, 0, 12288, 11783, 333
2026/09/10 19:58:15.907, 0, 12288, 11783, 333
2026/09/10 19:58:16.115, 0, 12288, 11783, 333
2026/09/10 19:58:16.320, 0, 12288, 11783, 333
2026/09/10 19:58:16.527, 0, 12288, 11783, 333
2026/09/10 19:58:16.734, 0, 12288, 11783, 333
2026/09/10 19:58:16.939, 0, 12288, 11783, 333
2026/09/10 19:58:17.147, 0, 12288, 11783, 333
2026/09/10 19:58:17.352, 0, 12288, 11783, 333
2026/09/10 19:58:17.558, 0, 12288, 11783, 333
2026/09/10 19:58:17.764, 0, 12288, 11783, 333
2026/09/10 19:58:17.969, 0, 12288, 11783, 333
2026/09/10 19:58:18.176, 0, 12288, 11783, 333
2026/09/10 19:58:18.382, 0, 12288, 11783, 333
2026/09/10 19:58:18.589, 0, 12288, 11783, 333
2026/09/10 19:58:18.795, 0, 12288, 11783, 333
2026/09/10 19:58:19.000, 0, 12288, 11783, 333
2026/09/10 19:58:19.204, 0, 12288, 11783, 333
2026/09/10 19:58:19.412, 0, 12288, 11783, 333
2026/09/10 19:58:19.616, 0, 12288, 11783, 333
2026/09/10 19:58:19.839, 0, 12288, 11783, 333
2026/09/10 19:58:20.045, 0, 12288, 11783, 333
2026/09/10 19:58:20.250, 0, 12288, 11783, 333
2026/09/10 19:58:20.457, 0, 12288, 11783, 333
2026/09/10 19:58:20.664, 0, 12288, 11783, 333
2026/09/10 19:58:20.870, 0, 12288, 11783, 333
2026/09/10 19:58:21.077, 0, 12288, 11783, 333
2026/09/10 19:58:21.282, 0, 12288, 11783, 333
2026/09/10 19:58:21.490, 0, 12288, 11783, 333
2026/09/10 19:58:21.698, 0, 12288, 11783, 333
2026/09/10 19:58:21.903, 0, 12288, 11783, 333
2026/09/10 19:58:22.111, 0, 12288, 11783, 333
2026/09/10 19:58:22.317, 0, 12288, 11783, 333
2026/09/10 19:58:22.520, 0, 12288, 11783, 333
2026/09/10 19:58:22.727, 0, 12288, 11783, 333
2026/09/10 19:58:22.933, 0, 12288, 11783, 333
2026/09/10 19:58:23.137, 0, 12288, 11783, 333
2026/09/10 19:58:23.344, 0, 12288, 11783, 333
2026/09/10 19:58:23.548, 0, 12288, 11783, 333
2026/09/10 19:58:23.753, 0, 12288, 11783, 333
2026/09/10 19:58:23.959, 0, 12288, 11783, 333
2026/09/10 19:58:24.163, 0, 12288, 11783, 333
2026/09/10 19:58:24.368, 0, 12288, 11783, 333
2026/09/10 19:58:24.575, 0, 12288, 11783, 333
2026/09/10 19:58:24.781, 0, 12288, 11783, 333
2026/09/10 19:58:24.987, 0, 12288, 11783, 333
2026/09/10 19:58:25.193, 0, 12288, 11783, 333
2026/09/10 19:58:25.399, 0, 12288, 11783, 333
2026/09/10 19:58:25.606, 0, 12288, 11783, 333
2026/09/10 19:58:25.813, 0, 12288, 11783, 333
2026/09/10 19:58:26.018, 0, 12288, 11783, 333
2026/09/10 19:58:26.226, 0, 12288, 11783, 333
2026/09/10 19:58:26.429, 0, 12288, 11783, 333
2026/09/10 19:58:26.635, 0, 12288, 11783, 333
2026/09/10 19:58:26.841, 0, 12288, 11783, 333
2026/09/10 19:58:27.045, 0, 12288, 11783, 333
2026/09/10 19:58:27.253, 0, 12288, 11783, 333
2026/09/10 19:58:27.461, 0, 12288, 11783, 333
2026/09/10 19:58:27.663, 0, 12288, 11783, 333
2026/09/10 19:58:27.870, 0, 12288, 11783, 333
2026/09/10 19:58:28.078, 0, 12288, 11783, 333
2026/09/10 19:58:28.282, 0, 12288, 11783, 333
2026/09/10 19:58:28.490, 0, 12288, 11783, 333
2026/09/10 19:58:28.696, 0, 12288, 11783, 333
2026/09/10 19:58:28.900, 0, 12288, 11783, 333
2026/09/10 19:58:29.108, 0, 12288, 11783, 333
2026/09/10 19:58:29.311, 0, 12288, 11783, 333
2026/09/10 19:58:29.515, 0, 12288, 11783, 333
2026/09/10 19:58:29.723, 0, 12288, 11783, 333
2026/09/10 19:58:29.929, 0, 12288, 11783, 333
2026/09/10 19:58:30.137, 0, 12288, 11783, 333
2026/09/10 19:58:30.344, 0, 12288, 11783, 333
2026/09/10 19:58:30.549, 0, 12288, 11783, 333
2026/09/10 19:58:30.756, 0, 12288, 11783, 333
2026/09/10 19:58:30.963, 0, 12288, 11783, 333
2026/09/10 19:58:31.168, 0, 12288, 11783, 333
2026/09/10 19:58:31.376, 0, 12288, 11783, 333
2026/09/10 19:58:31.584, 0, 12288, 11783, 333
2026/09/10 19:58:31.787, 0, 12288, 11783, 333
2026/09/10 19:58:31.994, 0, 12288, 11783, 333
2026/09/10 19:58:32.202, 0, 12288, 11783, 333
2026/09/10 19:58:32.405, 0, 12288, 11783, 333
2026/09/10 19:58:32.613, 0, 12288, 11783, 333
2026/09/10 19:58:32.819, 0, 12288, 11783, 333
2026/09/10 19:58:33.022, 0, 12288, 11783, 333
2026/09/10 19:58:33.230, 0, 12288, 11783, 333
2026/09/10 19:58:33.436, 0, 12288, 11783, 333
2026/09/10 19:58:33.639, 0, 12288, 11783, 333
2026/09/10 19:58:33.846, 0, 12288, 11783, 333
2026/09/10 19:58:34.052, 0, 12288, 11783, 333
2026/09/10 19:58:34.257, 0, 12288, 11783, 333
2026/09/10 19:58:34.463, 0, 12288, 11783, 333
2026/09/10 19:58:34.669, 0, 12288, 11783, 333
2026/09/10 19:58:34.874, 0, 12288, 11783, 333
2026/09/10 19:58:35.081, 0, 12288, 11783, 333
2026/09/10 19:58:35.286, 0, 12288, 11783, 333
2026/09/10 19:58:35.492, 0, 12288, 11783, 333
2026/09/10 19:58:35.700, 0, 12288, 11783, 333
2026/09/10 19:58:35.905, 0, 12288, 11783, 333
2026/09/10 19:58:36.110, 0, 12288, 11783, 333
2026/09/10 19:58:36.316, 0, 12288, 11783, 333
2026/09/10 19:58:36.520, 0, 12288, 11783, 333
2026/09/10 19:58:36.728, 0, 12288, 11783, 333
2026/09/10 19:58:36.936, 0, 12288, 11783, 333
2026/09/10 19:58:37.139, 0, 12288, 11783, 333
2026/09/10 19:58:37.346, 0, 12288, 11783, 333
2026/09/10 19:58:37.553, 0, 12288, 11783, 333
2026/09/10 19:58:37.756, 0, 12288, 11783, 333
2026/09/10 19:58:37.964, 0, 12288, 11783, 333
2026/09/10 19:58:38.172, 0, 12288, 11783, 333
2026/09/10 19:58:38.374, 0, 12288, 11783, 333
2026/09/10 19:58:38.582, 0, 12288, 11783, 333
2026/09/10 19:58:38.789, 0, 12288, 11783, 333
2026/09/10 19:58:38.995, 0, 12288, 11783, 333
2026/09/10 19:58:39.203, 0, 12288, 11783, 333
2026/09/10 19:58:39.410, 0, 12288, 11783, 333
2026/09/10 19:58:39.612, 0, 12288, 11783, 333
2026/09/10 19:58:39.820, 0, 12288, 11783, 333
2026/09/10 19:58:40.025, 0, 12288, 11783, 333
2026/09/10 19:58:40.231, 0, 12288, 11783, 333
2026/09/10 19:58:40.438, 0, 12288, 11783, 333
2026/09/10 19:58:40.644, 0, 12288, 11783, 333
2026/09/10 19:58:40.848, 0, 12288, 11783, 333
2026/09/10 19:58:41.055, 0, 12288, 11783, 333
2026/09/10 19:58:41.261, 0, 12288, 11783, 333
2026/09/10 19:58:41.466, 0, 12288, 11783, 333
2026/09/10 19:58:41.672, 0, 12288, 11783, 333
2026/09/10 19:58:41.879, 0, 12288, 11783, 333
2026/09/10 19:58:42.084, 0, 12288, 11783, 333
2026/09/10 19:58:42.292, 0, 12288, 11783, 333
2026/09/10 19:58:42.498, 0, 12288, 11783, 333
2026/09/10 19:58:42.700, 0, 12288, 11783, 333
2026/09/10 19:58:42.908, 0, 12288, 11783, 333
2026/09/10 19:58:43.115, 0, 12288, 11783, 333
2026/09/10 19:58:43.318, 0, 12288, 11783, 333
2026/09/10 19:58:43.526, 0, 12288, 11783, 333
2026/09/10 19:58:43.733, 0, 12288, 11783, 333
2026/09/10 19:58:43.937, 0, 12288, 11783, 333
2026/09/10 19:58:44.145, 0, 12288, 11783, 333
2026/09/10 19:58:44.351, 0, 12288, 11783, 333
2026/09/10 19:58:44.555, 0, 12288, 11783, 333
2026/09/10 19:58:44.762, 0, 12288, 11783, 333
2026/09/10 19:58:44.969, 0, 12288, 11783, 333
2026/09/10 19:58:45.172, 0, 12288, 11783, 333
2026/09/10 19:58:45.380, 0, 12288, 11783, 333
2026/09/10 19:58:45.586, 0, 12288, 11783, 333
2026/09/10 19:58:45.789, 0, 12288, 11783, 333
2026/09/10 19:58:45.997, 0, 12288, 11783, 333
2026/09/10 19:58:46.204, 0, 12288, 11783, 333
2026/09/10 19:58:46.406, 0, 12288, 11783, 333
2026/09/10 19:58:46.610, 0, 12288, 11783, 333
2026/09/10 19:58:46.813, 0, 12288, 11783, 333
2026/09/10 19:58:47.019, 0, 12288, 11783, 333
2026/09/10 19:58:47.225, 0, 12288, 11783, 333
2026/09/10 19:58:47.430, 0, 12288, 11783, 333
2026/09/10 19:58:47.636, 0, 12288, 11783, 333
2026/09/10 19:58:47.844, 0, 12288, 11783, 333
2026/09/10 19:58:48.052, 0, 12288, 11783, 333
2026/09/10 19:58:48.259, 0, 12288, 11783, 333
2026/09/10 19:58:48.467, 0, 12288, 11783, 333
2026/09/10 19:58:48.673, 0, 12288, 11783, 333
2026/09/10 19:58:48.881, 0, 12288, 11783, 333
2026/09/10 19:58:49.088, 0, 12288, 11783, 333
2026/09/10 19:58:49.296, 0, 12288, 11783, 333
2026/09/10 19:58:49.504, 0, 12288, 11783, 333
2026/09/10 19:58:49.711, 0, 12288, 11783, 333
2026/09/10 19:58:49.918, 0, 12288, 11783, 333
2026/09/10 19:58:50.125, 0, 12288, 11783, 333
2026/09/10 19:58:50.332, 0, 12288, 11783, 333
2026/09/10 19:58:50.540, 0, 12288, 11783, 333
2026/09/10 19:58:50.748, 0, 12288, 11783, 333
2026/09/10 19:58:50.955, 0, 12288, 11783, 333
2026/09/10 19:58:51.159, 0, 12288, 11783, 333
2026/09/10 19:58:51.366, 0, 12288, 11783, 333
2026/09/10 19:58:51.574, 0, 12288, 11783, 333
2026/09/10 19:58:51.782, 0, 12288, 11783, 333
2026/09/10 19:58:51.990, 0, 12288, 11783, 333
2026/09/10 19:58:52.198, 0, 12288, 11783, 333
2026/09/10 19:58:52.405, 0, 12288, 11783, 333
2026/09/10 19:58:52.611, 0, 12288, 11783, 333
2026/09/10 19:58:52.819, 0, 12288, 11783, 333
2026/09/10 19:58:53.027, 0, 12288, 11783, 333
2026/09/10 19:58:53.235, 0, 12288, 11783, 333
2026/09/10 19:58:53.443, 0, 12288, 11783, 333
2026/09/10 19:58:53.651, 0, 12288, 11783, 333
2026/09/10 19:58:53.859, 0, 12288, 11783, 333
2026/09/10 19:58:54.066, 0, 12288, 11783, 333
2026/09/10 19:58:54.274, 0, 12288, 11783, 333
2026/09/10 19:58:54.480, 0, 12288, 11783, 333
2026/09/10 19:58:54.687, 0, 12288, 11783, 333
2026/09/10 19:58:54.895, 0, 12288, 11783, 333
2026/09/10 19:58:55.102, 0, 12288, 11783, 333
2026/09/10 19:58:55.309, 0, 12288, 11783, 333
2026/09/10 19:58:55.516, 0, 12288, 11783, 333
2026/09/10 19:58:55.723, 0, 12288, 11783, 333
2026/09/10 19:58:55.931, 0, 12288, 11783, 333
2026/09/10 19:58:56.138, 0, 12288, 11783, 333
2026/09/10 19:58:56.345, 0, 12288, 11783, 333
2026/09/10 19:58:56.553, 0, 12288, 11783, 333
2026/09/10 19:58:56.758, 0, 12288, 11783, 333
2026/09/10 19:58:56.966, 0, 12288, 11783, 333
2026/09/10 19:58:57.173, 0, 12288, 11783, 333
2026/09/10 19:58:57.381, 0, 12288, 11783, 333
2026/09/10 19:58:57.588, 0, 12288, 11783, 333
2026/09/10 19:58:57.796, 0, 12288, 11783, 333
2026/09/10 19:58:58.003, 0, 12288, 11783, 333
2026/09/10 19:58:58.211, 0, 12288, 11783, 333
2026/09/10 19:58:58.419, 0, 12288, 11783, 333
2026/09/10 19:58:58.627, 0, 12288, 11783, 333
2026/09/10 19:58:58.833, 0, 12288, 11783, 333
2026/09/10 19:58:59.041, 0, 12288, 11783, 333
2026/09/10 19:58:59.249, 0, 12288, 11783, 333
2026/09/10 19:58:59.455, 0, 12288, 11783, 333
2026/09/10 19:58:59.663, 0, 12288, 11783, 333
2026/09/10 19:58:59.871, 0, 12288, 11783, 333
2026/09/10 19:59:00.079, 0, 12288, 11783, 333
2026/09/10 19:59:00.286, 0, 12288, 11783, 333
2026/09/10 19:59:00.494, 0, 12288, 11783, 333
2026/09/10 19:59:00.701, 0, 12288, 11783, 333
2026/09/10 19:59:00.907, 0, 12288, 11783, 333
2026/09/10 19:59:01.113, 0, 12288, 11783, 333
2026/09/10 19:59:01.321, 0, 12288, 11783, 333
2026/09/10 19:59:01.528, 0, 12288, 11783, 333
2026/09/10 19:59:01.736, 0, 12288, 11783, 333
2026/09/10 19:59:01.944, 0, 12288, 11783, 333
2026/09/10 19:59:02.151, 0, 12288, 11783, 333
2026/09/10 19:59:02.356, 0, 12288, 11783, 333
2026/09/10 19:59:02.564, 0, 12288, 11783, 333
2026/09/10 19:59:02.771, 0, 12288, 11783, 333
2026/09/10 19:59:02.978, 0, 12288, 11783, 333
2026/09/10 19:59:03.184, 0, 12288, 11783, 333
2026/09/10 19:59:03.390, 0, 12288, 11783, 333
2026/09/10 19:59:03.597, 0, 12288, 11783, 333
2026/09/10 19:59:03.804, 0, 12288, 11783, 333
2026/09/10 19:59:04.012, 0, 12288, 11783, 333
2026/09/10 19:59:04.219, 0, 12288, 11783, 333
2026/09/10 19:59:04.427, 0, 12288, 11783, 333
2026/09/10 19:59:04.634, 0, 12288, 11783, 333
2026/09/10 19:59:04.842, 0, 12288, 11783, 333
2026/09/10 19:59:05.050, 0, 12288, 11783, 333
2026/09/10 19:59:05.257, 0, 12288, 11783, 333
2026/09/10 19:59:05.465, 0, 12288, 11783, 333
2026/09/10 19:59:05.673, 0, 12288, 11783, 333
2026/09/10 19:59:05.881, 0, 12288, 11783, 333
2026/09/10 19:59:06.089, 0, 12288, 11783, 333
2026/09/10 19:59:06.296, 0, 12288, 11783, 333
2026/09/10 19:59:06.504, 0, 12288, 11783, 333
2026/09/10 19:59:06.711, 0, 12288, 11783, 333
2026/09/10 19:59:06.919, 0, 12288, 11783, 333
2026/09/10 19:59:07.127, 0, 12288, 11783, 333
2026/09/10 19:59:07.335, 0, 12288, 11783, 333
2026/09/10 19:59:07.542, 0, 12288, 11783, 333
2026/09/10 19:59:07.749, 0, 12288, 11783, 333
2026/09/10 19:59:07.954, 0, 12288, 11783, 333
2026/09/10 19:59:08.162, 0, 12288, 11783, 333
2026/09/10 19:59:08.370, 0, 12288, 11783, 333
2026/09/10 19:59:08.578, 0, 12288, 11783, 333
2026/09/10 19:59:08.785, 0, 12288, 11783, 333
2026/09/10 19:59:08.992, 0, 12288, 11783, 333
2026/09/10 19:59:09.200, 0, 12288, 11783, 333
2026/09/10 19:59:09.407, 0, 12288, 11783, 333
2026/09/10 19:59:09.615, 0, 12288, 11783, 333
2026/09/10 19:59:09.820, 0, 12288, 11783, 333
2026/09/10 19:59:10.028, 0, 12288, 11783, 333
2026/09/10 19:59:10.235, 0, 12288, 11783, 333
2026/09/10 19:59:10.442, 0, 12288, 11783, 333
2026/09/10 19:59:10.650, 0, 12288, 11783, 333
2026/09/10 19:59:10.858, 0, 12288, 11783, 333
2026/09/10 19:59:11.065, 0, 12288, 11783, 333
2026/09/10 19:59:11.272, 0, 12288, 11783, 333
2026/09/10 19:59:11.480, 0, 12288, 11783, 333
2026/09/10 19:59:11.687, 0, 12288, 11783, 333
2026/09/10 19:59:11.895, 0, 12288, 11783, 333
2026/09/10 19:59:12.102, 0, 12288, 11783, 333
2026/09/10 19:59:12.310, 0, 12288, 11783, 333
2026/09/10 19:59:12.515, 0, 12288, 11783, 333
2026/09/10 19:59:12.722, 0, 12288, 11783, 333
2026/09/10 19:59:12.929, 0, 12288, 11783, 333
2026/09/10 19:59:13.136, 0, 12288, 11783, 333
2026/09/10 19:59:13.344, 0, 12288, 11783, 333
2026/09/10 19:59:13.549, 0, 12288, 11783, 333
2026/09/10 19:59:13.756, 0, 12288, 11783, 333
2026/09/10 19:59:13.964, 0, 12288, 11783, 333
2026/09/10 19:59:14.171, 0, 12288, 11783, 333
2026/09/10 19:59:14.378, 0, 12288, 11783, 333
2026/09/10 19:59:14.585, 0, 12288, 11783, 333
2026/09/10 19:59:14.792, 0, 12288, 11783, 333
2026/09/10 19:59:14.999, 0, 12288, 11783, 333
2026/09/10 19:59:15.205, 0, 12288, 11783, 333
2026/09/10 19:59:15.411, 0, 12288, 11783, 333
2026/09/10 19:59:15.617, 0, 12288, 11783, 333
2026/09/10 19:59:15.823, 0, 12288, 11783, 333
2026/09/10 19:59:16.030, 0, 12288, 11783, 333
2026/09/10 19:59:16.237, 0, 12288, 11783, 333
2026/09/10 19:59:16.444, 0, 12288, 11783, 333
2026/09/10 19:59:16.652, 0, 12288, 11783, 333
2026/09/10 19:59:16.859, 0, 12288, 11783, 333
2026/09/10 19:59:17.067, 0, 12288, 11783, 333
2026/09/10 19:59:17.274, 0, 12288, 11783, 333
2026/09/10 19:59:17.482, 0, 12288, 11783, 333
2026/09/10 19:59:17.690, 0, 12288, 11783, 333
2026/09/10 19:59:17.897, 0, 12288, 11783, 333
2026/09/10 19:59:18.105, 0, 12288, 11783, 333
2026/09/10 19:59:18.313, 0, 12288, 11783, 333
2026/09/10 19:59:18.520, 0, 12288, 11783, 333
2026/09/10 19:59:18.727, 0, 12288, 11783, 333
2026/09/10 19:59:18.935, 0, 12288, 11783, 333
2026/09/10 19:59:19.142, 0, 12288, 11783, 333
2026/09/10 19:59:19.350, 0, 12288, 11783, 333
2026/09/10 19:59:19.558, 0, 12288, 11783, 333
2026/09/10 19:59:19.764, 0, 12288, 11783, 333
2026/09/10 19:59:19.970, 0, 12288, 11783, 333
2026/09/10 19:59:20.177, 0, 12288, 11783, 333
2026/09/10 19:59:20.384, 0, 12288, 11783, 333
2026/09/10 19:59:20.592, 0, 12288, 11783, 333
2026/09/10 19:59:20.799, 0, 12288, 11783, 333
2026/09/10 19:59:21.006, 0, 12288, 11783, 333
2026/09/10 19:59:21.214, 0, 12288, 11783, 333
2026/09/10 19:59:21.422, 0, 12288, 11783, 333
2026/09/10 19:59:21.630, 0, 12288, 11783, 333
2026/09/10 19:59:21.837, 0, 12288, 11783, 333
2026/09/10 19:59:22.045, 0, 12288, 11783, 333
2026/09/10 19:59:22.252, 0, 12288, 11783, 333
2026/09/10 19:59:22.459, 0, 12288, 11783, 333
2026/09/10 19:59:22.665, 0, 12288, 11783, 333
2026/09/10 19:59:22.873, 0, 12288, 11783, 333
2026/09/10 19:59:23.079, 0, 12288, 11783, 333
2026/09/10 19:59:23.287, 0, 12288, 11783, 333
2026/09/10 19:59:23.495, 0, 12288, 11783, 333
2026/09/10 19:59:23.702, 0, 12288, 11783, 333
2026/09/10 19:59:23.906, 0, 12288, 11783, 333
2026/09/10 19:59:24.114, 0, 12288, 11783, 333
2026/09/10 19:59:24.322, 0, 12288, 11783, 333
2026/09/10 19:59:24.527, 0, 12288, 11783, 333
2026/09/10 19:59:24.734, 0, 12288, 11783, 333
2026/09/10 19:59:24.942, 0, 12288, 11783, 333
2026/09/10 19:59:25.149, 0, 12288, 11783, 333
2026/09/10 19:59:25.355, 0, 12288, 11783, 333
2026/09/10 19:59:25.563, 0, 12288, 11783, 333
2026/09/10 19:59:25.770, 0, 12288, 11783, 333
2026/09/10 19:59:25.975, 0, 12288, 11783, 333
2026/09/10 19:59:26.184, 0, 12288, 11783, 333
2026/09/10 19:59:26.392, 0, 12288, 11783, 333
2026/09/10 19:59:26.599, 0, 12288, 11783, 333
2026/09/10 19:59:26.806, 0, 12288, 11783, 333
2026/09/10 19:59:27.014, 0, 12288, 11783, 333
2026/09/10 19:59:27.222, 0, 12288, 11783, 333
2026/09/10 19:59:27.430, 0, 12288, 11783, 333
2026/09/10 19:59:27.638, 0, 12288, 11783, 333
2026/09/10 19:59:27.842, 0, 12288, 11783, 333
2026/09/10 19:59:28.046, 0, 12288, 11783, 333
2026/09/10 19:59:28.254, 0, 12288, 11783, 333
2026/09/10 19:59:28.461, 0, 12288, 11783, 333
2026/09/10 19:59:28.668, 0, 12288, 11783, 333
2026/09/10 19:59:28.876, 0, 12288, 11783, 333
2026/09/10 19:59:29.083, 0, 12288, 11783, 333
2026/09/10 19:59:29.290, 0, 12288, 11783, 333
2026/09/10 19:59:29.498, 0, 12288, 11783, 333
2026/09/10 19:59:29.705, 0, 12288, 11783, 333
2026/09/10 19:59:29.912, 0, 12288, 11783, 333
2026/09/10 19:59:30.119, 0, 12288, 11783, 333
2026/09/10 19:59:30.327, 0, 12288, 11783, 333
2026/09/10 19:59:30.530, 0, 12288, 11783, 333
2026/09/10 19:59:30.737, 0, 12288, 11783, 333
2026/09/10 19:59:30.943, 0, 12288, 11783, 333
2026/09/10 19:59:31.151, 0, 12288, 11783, 333
2026/09/10 19:59:31.359, 0, 12288, 11783, 333
2026/09/10 19:59:31.564, 0, 12288, 11783, 333
2026/09/10 19:59:31.771, 0, 12288, 11783, 333
2026/09/10 19:59:31.978, 0, 12288, 11783, 333
2026/09/10 19:59:32.186, 0, 12288, 11783, 333
2026/09/10 19:59:32.392, 0, 12288, 11783, 333
2026/09/10 19:59:32.600, 0, 12288, 11783, 333
2026/09/10 19:59:32.808, 0, 12288, 11783, 333
2026/09/10 19:59:33.015, 0, 12288, 11783, 333
2026/09/10 19:59:33.223, 0, 12288, 11783, 333
2026/09/10 19:59:33.430, 0, 12288, 11783, 333
2026/09/10 19:59:33.635, 0, 12288, 11783, 333
2026/09/10 19:59:33.842, 0, 12288, 11783, 333
2026/09/10 19:59:34.050, 0, 12288, 11783, 333
2026/09/10 19:59:34.258, 0, 12288, 11783, 333
2026/09/10 19:59:34.466, 0, 12288, 11783, 333
2026/09/10 19:59:34.673, 0, 12288, 11783, 333
2026/09/10 19:59:34.878, 0, 12288, 11783, 333
2026/09/10 19:59:35.086, 0, 12288, 11783, 333
2026/09/10 19:59:35.294, 0, 12288, 11783, 333
2026/09/10 19:59:35.500, 0, 12288, 11783, 333
2026/09/10 19:59:35.708, 0, 12288, 11783, 333
2026/09/10 19:59:35.916, 0, 12288, 11783, 333
2026/09/10 19:59:36.121, 0, 12288, 11783, 333
2026/09/10 19:59:36.328, 0, 12288, 11783, 333
2026/09/10 19:59:36.536, 0, 12288, 11783, 333
2026/09/10 19:59:36.742, 0, 12288, 11783, 333
2026/09/10 19:59:36.949, 0, 12288, 11783, 333
2026/09/10 19:59:37.155, 0, 12288, 11783, 333
2026/09/10 19:59:37.361, 0, 12288, 11783, 333
2026/09/10 19:59:37.569, 0, 12288, 11783, 333
2026/09/10 19:59:37.776, 0, 12288, 11783, 333
2026/09/10 19:59:37.984, 0, 12288, 11783, 333
2026/09/10 19:59:38.190, 0, 12288, 11783, 333
2026/09/10 19:59:38.396, 0, 12288, 11783, 333
2026/09/10 19:59:38.603, 0, 12288, 11783, 333
2026/09/10 19:59:38.811, 0, 12288, 11783, 333
2026/09/10 19:59:39.018, 0, 12288, 11783, 333
2026/09/10 19:59:39.225, 0, 12288, 11783, 333
2026/09/10 19:59:39.433, 0, 12288, 11783, 333
2026/09/10 19:59:39.641, 0, 12288, 11783, 333
2026/09/10 19:59:39.847, 0, 12288, 11783, 333
2026/09/10 19:59:40.054, 0, 12288, 11783, 333
2026/09/10 19:59:40.261, 0, 12288, 11783, 333
2026/09/10 19:59:40.469, 0, 12288, 11783, 333
2026/09/10 19:59:40.677, 0, 12288, 11783, 333
2026/09/10 19:59:40.885, 0, 12288, 11783, 333
2026/09/10 19:59:41.093, 0, 12288, 11783, 333
2026/09/10 19:59:41.301, 0, 12288, 11783, 333
2026/09/10 19:59:41.508, 0, 12288, 11783, 333
2026/09/10 19:59:41.715, 0, 12288, 11783, 333
2026/09/10 19:59:41.923, 0, 12288, 11783, 333
2026/09/10 19:59:42.131, 0, 12288, 11783, 333
2026/09/10 19:59:42.339, 0, 12288, 11783, 333
2026/09/10 19:59:42.546, 0, 12288, 11783, 333
2026/09/10 19:59:42.753, 0, 12288, 11783, 333
2026/09/10 19:59:42.959, 0, 12288, 11783, 333
2026/09/10 19:59:43.167, 0, 12288, 11783, 333
2026/09/10 19:59:43.375, 0, 12288, 11783, 333
2026/09/10 19:59:43.583, 0, 12288, 11783, 333
2026/09/10 19:59:43.790, 0, 12288, 11783, 333
2026/09/10 19:59:43.998, 0, 12288, 11783, 333
2026/09/10 19:59:44.204, 0, 12288, 11783, 333
2026/09/10 19:59:44.412, 0, 12288, 11783, 333
2026/09/10 19:59:44.620, 0, 12288, 11783, 333
2026/09/10 19:59:44.826, 0, 12288, 11783, 333
2026/09/10 19:59:45.034, 0, 12288, 11783, 333
2026/09/10 19:59:45.240, 0, 12288, 11783, 333
2026/09/10 19:59:45.448, 0, 12288, 11783, 333
2026/09/10 19:59:45.655, 0, 12288, 11783, 333
2026/09/10 19:59:45.862, 0, 12288, 11783, 333
2026/09/10 19:59:46.070, 0, 12288, 11783, 333
2026/09/10 19:59:46.278, 0, 12288, 11783, 333
2026/09/10 19:59:46.486, 0, 12288, 11783, 333
2026/09/10 19:59:46.694, 0, 12288, 11783, 333
2026/09/10 19:59:46.902, 0, 12288, 11783, 333
2026/09/10 19:59:47.109, 0, 12288, 11783, 333
2026/09/10 19:59:47.317, 0, 12288, 11783, 333
2026/09/10 19:59:47.525, 0, 12288, 11783, 333
2026/09/10 19:59:47.731, 0, 12288, 11783, 333
2026/09/10 19:59:47.938, 0, 12288, 11783, 333
2026/09/10 19:59:48.146, 0, 12288, 11783, 333
2026/09/10 19:59:48.350, 0, 12288, 11783, 333
2026/09/10 19:59:48.557, 0, 12288, 11783, 333
2026/09/10 19:59:48.762, 0, 12288, 11783, 333
2026/09/10 19:59:48.969, 0, 12288, 11783, 333
2026/09/10 19:59:49.177, 0, 12288, 11783, 333
2026/09/10 19:59:49.384, 0, 12288, 11783, 333
2026/09/10 19:59:49.592, 0, 12288, 11783, 333
2026/09/10 19:59:49.799, 0, 12288, 11783, 333
2026/09/10 19:59:50.007, 0, 12288, 11783, 333
2026/09/10 19:59:50.215, 0, 12288, 11783, 333
2026/09/10 19:59:50.422, 0, 12288, 11783, 333
2026/09/10 19:59:50.630, 0, 12288, 11783, 333
2026/09/10 19:59:50.838, 0, 12288, 11783, 333
2026/09/10 19:59:51.045, 0, 12288, 11783, 333
2026/09/10 19:59:51.254, 0, 12288, 11783, 333
2026/09/10 19:59:51.461, 0, 12288, 11783, 333
2026/09/10 19:59:51.669, 0, 12288, 11783, 333
2026/09/10 19:59:51.875, 0, 12288, 11783, 333
2026/09/10 19:59:52.083, 0, 12288, 11783, 333
2026/09/10 19:59:52.291, 0, 12288, 11783, 333
2026/09/10 19:59:52.498, 0, 12288, 11783, 333
2026/09/10 19:59:52.705, 0, 12288, 11783, 333
2026/09/10 19:59:52.912, 0, 12288, 11783, 333
2026/09/10 19:59:53.120, 0, 12288, 11783, 333
2026/09/10 19:59:53.328, 0, 12288, 11783, 333
2026/09/10 19:59:53.536, 0, 12288, 11783, 333
2026/09/10 19:59:53.742, 0, 12288, 11783, 333
2026/09/10 19:59:53.948, 0, 12288, 11783, 333
2026/09/10 19:59:54.155, 0, 12288, 11783, 333
2026/09/10 19:59:54.363, 0, 12288, 11783, 333
2026/09/10 19:59:54.571, 0, 12288, 11783, 333
2026/09/10 19:59:54.779, 0, 12288, 11783, 333
2026/09/10 19:59:54.987, 0, 12288, 11783, 333
2026/09/10 19:59:55.192, 0, 12288, 11783, 333
2026/09/10 19:59:55.399, 0, 12288, 11783, 333
2026/09/10 19:59:55.607, 0, 12288, 11783, 333
2026/09/10 19:59:55.815, 0, 12288, 11783, 333
2026/09/10 19:59:56.021, 0, 12288, 11783, 333
2026/09/10 19:59:56.229, 0, 12288, 11783, 333
2026/09/10 19:59:56.435, 0, 12288, 11783, 333
2026/09/10 19:59:56.642, 0, 12288, 11783, 333
2026/09/10 19:59:56.850, 0, 12288, 11783, 333
2026/09/10 19:59:57.058, 0, 12288, 11783, 333
2026/09/10 19:59:57.265, 0, 12288, 11783, 333
2026/09/10 19:59:57.473, 0, 12288, 11783, 333
2026/09/10 19:59:57.681, 0, 12288, 11783, 333
2026/09/10 19:59:57.888, 0, 12288, 11783, 333
2026/09/10 19:59:58.095, 0, 12288, 11783, 333
2026/09/10 19:59:58.303, 0, 12288, 11783, 333
2026/09/10 19:59:58.510, 0, 12288, 11783, 333
2026/09/10 19:59:58.718, 0, 12288, 11783, 333
2026/09/10 19:59:58.926, 0, 12288, 11783, 333
2026/09/10 19:59:59.134, 0, 12288, 11783, 333
2026/09/10 19:59:59.341, 0, 12288, 11783, 333
2026/09/10 19:59:59.545, 0, 12288, 11783, 333
2026/09/10 19:59:59.753, 0, 12288, 11783, 333
2026/09/10 19:59:59.961, 0, 12288, 11783, 333
2026/09/10 20:00:00.169, 0, 12288, 11783, 333
2026/09/10 20:00:00.376, 0, 12288, 11783, 333
2026/09/10 20:00:00.583, 0, 12288, 11783, 333
2026/09/10 20:00:00.791, 0, 12288, 11783, 333
2026/09/10 20:00:00.999, 0, 12288, 11783, 333
2026/09/10 20:00:01.206, 0, 12288, 11783, 333
2026/09/10 20:00:01.414, 0, 12288, 11783, 333
2026/09/10 20:00:01.622, 0, 12288, 11783, 333
2026/09/10 20:00:01.830, 0, 12288, 11783, 333
2026/09/10 20:00:02.037, 0, 12288, 11783, 333
2026/09/10 20:00:02.242, 0, 12288, 11783, 333
2026/09/10 20:00:02.450, 0, 12288, 11783, 333
2026/09/10 20:00:02.657, 0, 12288, 11783, 333
2026/09/10 20:00:02.864, 0, 12288, 11783, 333
2026/09/10 20:00:03.072, 0, 12288, 11783, 333
2026/09/10 20:00:03.279, 0, 12288, 11783, 333
2026/09/10 20:00:03.487, 0, 12288, 11783, 333
2026/09/10 20:00:03.695, 0, 12288, 11783, 333
2026/09/10 20:00:03.903, 0, 12288, 11783, 333
2026/09/10 20:00:04.110, 0, 12288, 11783, 333
2026/09/10 20:00:04.318, 0, 12288, 11783, 333
2026/09/10 20:00:04.525, 0, 12288, 11783, 333
2026/09/10 20:00:04.732, 0, 12288, 11783, 333
2026/09/10 20:00:04.938, 0, 12288, 11783, 333
2026/09/10 20:00:05.143, 0, 12288, 11783, 333
2026/09/10 20:00:05.349, 0, 12288, 11783, 333
2026/09/10 20:00:05.557, 0, 12288, 11783, 333
2026/09/10 20:00:05.765, 0, 12288, 11783, 333
2026/09/10 20:00:05.971, 0, 12288, 11783, 333
2026/09/10 20:00:06.179, 0, 12288, 11783, 333
2026/09/10 20:00:06.387, 0, 12288, 11783, 333
2026/09/10 20:00:06.595, 0, 12288, 11783, 333
2026/09/10 20:00:06.803, 0, 12288, 11783, 333
2026/09/10 20:00:07.011, 0, 12288, 11783, 333
2026/09/10 20:00:07.219, 0, 12288, 11783, 333
2026/09/10 20:00:07.426, 0, 12288, 11783, 333
2026/09/10 20:00:07.634, 0, 12288, 11783, 333
2026/09/10 20:00:07.842, 0, 12288, 11783, 333
2026/09/10 20:00:08.047, 0, 12288, 11783, 333
2026/09/10 20:00:08.255, 0, 12288, 11783, 333
2026/09/10 20:00:08.462, 0, 12288, 11783, 333
2026/09/10 20:00:08.670, 0, 12288, 11783, 333
2026/09/10 20:00:08.893, 0, 12288, 11783, 333
2026/09/10 20:00:09.101, 0, 12288, 11783, 333
2026/09/10 20:00:09.309, 0, 12288, 11783, 333
2026/09/10 20:00:09.516, 0, 12288, 11783, 333
2026/09/10 20:00:09.724, 0, 12288, 11783, 333
2026/09/10 20:00:09.932, 0, 12288, 11783, 333
2026/09/10 20:00:10.139, 0, 12288, 11783, 333
2026/09/10 20:00:10.346, 0, 12288, 11783, 333
2026/09/10 20:00:10.552, 0, 12288, 11783, 333
2026/09/10 20:00:10.759, 0, 12288, 11783, 333
2026/09/10 20:00:10.967, 0, 12288, 11783, 333
2026/09/10 20:00:11.174, 0, 12288, 11783, 333
2026/09/10 20:00:11.382, 0, 12288, 11783, 333
2026/09/10 20:00:11.589, 0, 12288, 11783, 333
2026/09/10 20:00:11.796, 0, 12288, 11783, 333
2026/09/10 20:00:12.003, 0, 12288, 11783, 333
2026/09/10 20:00:12.210, 0, 12288, 11783, 333
2026/09/10 20:00:12.418, 0, 12288, 11783, 333
2026/09/10 20:00:12.626, 0, 12288, 11783, 333
2026/09/10 20:00:12.832, 0, 12288, 11783, 333
2026/09/10 20:00:13.040, 0, 12288, 11783, 333
2026/09/10 20:00:13.247, 0, 12288, 11783, 333
2026/09/10 20:00:13.453, 0, 12288, 11783, 333
2026/09/10 20:00:13.658, 0, 12288, 11783, 333
2026/09/10 20:00:13.865, 0, 12288, 11783, 333
2026/09/10 20:00:14.073, 0, 12288, 11783, 333
2026/09/10 20:00:14.281, 0, 12288, 11783, 333
2026/09/10 20:00:14.487, 0, 12288, 11783, 333
2026/09/10 20:00:14.693, 0, 12288, 11783, 333
2026/09/10 20:00:14.901, 0, 12288, 11783, 333
2026/09/10 20:00:15.108, 0, 12288, 11783, 333
2026/09/10 20:00:15.313, 0, 12288, 11783, 333
2026/09/10 20:00:15.519, 0, 12288, 11783, 333
2026/09/10 20:00:15.725, 0, 12288, 11783, 333
2026/09/10 20:00:15.934, 0, 12288, 11783, 333
2026/09/10 20:00:16.139, 0, 12288, 11783, 333
2026/09/10 20:00:16.344, 0, 12288, 11783, 333
2026/09/10 20:00:16.551, 0, 12288, 11783, 333
2026/09/10 20:00:16.757, 0, 12288, 11783, 333
2026/09/10 20:00:16.964, 0, 12288, 11783, 333
2026/09/10 20:00:17.172, 0, 12288, 11783, 333
2026/09/10 20:00:17.380, 0, 12288, 11783, 333
2026/09/10 20:00:17.588, 0, 12288, 11783, 333
2026/09/10 20:00:17.796, 0, 12288, 11783, 333
2026/09/10 20:00:18.004, 0, 12288, 11783, 333
2026/09/10 20:00:18.211, 0, 12288, 11783, 333
2026/09/10 20:00:18.419, 0, 12288, 11783, 333
2026/09/10 20:00:18.626, 0, 12288, 11783, 333
2026/09/10 20:00:18.834, 0, 12288, 11783, 333
2026/09/10 20:00:19.042, 0, 12288, 11783, 333
2026/09/10 20:00:19.250, 0, 12288, 11783, 333
2026/09/10 20:00:19.456, 0, 12288, 11783, 333
2026/09/10 20:00:19.663, 0, 12288, 11783, 333
2026/09/10 20:00:19.870, 0, 12288, 11783, 333
2026/09/10 20:00:20.078, 0, 12288, 11783, 333
2026/09/10 20:00:20.286, 0, 12288, 11783, 333
2026/09/10 20:00:20.493, 0, 12288, 11783, 333
2026/09/10 20:00:20.701, 0, 12288, 11783, 333
2026/09/10 20:00:20.908, 0, 12288, 11783, 333
2026/09/10 20:00:21.115, 0, 12288, 11783, 333
2026/09/10 20:00:21.322, 0, 12288, 11783, 333
2026/09/10 20:00:21.530, 0, 12288, 11783, 333
2026/09/10 20:00:21.735, 0, 12288, 11783, 333
2026/09/10 20:00:21.942, 0, 12288, 11783, 333
2026/09/10 20:00:22.150, 0, 12288, 11783, 333
2026/09/10 20:00:22.357, 0, 12288, 11783, 333
2026/09/10 20:00:22.564, 0, 12288, 11783, 333
2026/09/10 20:00:22.772, 0, 12288, 11783, 333
2026/09/10 20:00:22.980, 0, 12288, 11783, 333
2026/09/10 20:00:23.188, 0, 12288, 11783, 333
2026/09/10 20:00:23.396, 0, 12288, 11783, 333
2026/09/10 20:00:23.604, 0, 12288, 11783, 333
2026/09/10 20:00:23.811, 0, 12288, 11783, 333
2026/09/10 20:00:24.019, 0, 12288, 11783, 333
2026/09/10 20:00:24.227, 0, 12288, 11783, 333
2026/09/10 20:00:24.435, 0, 12288, 11783, 333
2026/09/10 20:00:24.642, 0, 12288, 11783, 333
2026/09/10 20:00:24.850, 0, 12288, 11783, 333
2026/09/10 20:00:25.057, 0, 12288, 11783, 333
2026/09/10 20:00:25.264, 0, 12288, 11783, 333
2026/09/10 20:00:25.471, 0, 12288, 11783, 333
2026/09/10 20:00:25.679, 0, 12288, 11783, 333
2026/09/10 20:00:25.887, 0, 12288, 11783, 333
2026/09/10 20:00:26.095, 0, 12288, 11783, 333
2026/09/10 20:00:26.303, 0, 12288, 11783, 333
2026/09/10 20:00:26.510, 0, 12288, 11783, 333
2026/09/10 20:00:26.717, 0, 12288, 11783, 333
2026/09/10 20:00:26.924, 0, 12288, 11783, 333
2026/09/10 20:00:27.132, 0, 12288, 11783, 333
2026/09/10 20:00:27.338, 0, 12288, 11783, 333
2026/09/10 20:00:27.545, 0, 12288, 11783, 333
2026/09/10 20:00:27.753, 0, 12288, 11783, 333
2026/09/10 20:00:27.977, 0, 12288, 11783, 333
2026/09/10 20:00:28.185, 0, 12288, 11783, 333
2026/09/10 20:00:28.392, 0, 12288, 11783, 333
2026/09/10 20:00:28.600, 0, 12288, 11783, 333
2026/09/10 20:00:28.804, 0, 12288, 11783, 333
2026/09/10 20:00:29.008, 0, 12288, 11783, 333
2026/09/10 20:00:29.216, 0, 12288, 11783, 333
2026/09/10 20:00:29.424, 0, 12288, 11783, 333
2026/09/10 20:00:29.632, 0, 12288, 11783, 333
2026/09/10 20:00:29.839, 0, 12288, 11783, 333
2026/09/10 20:00:30.046, 0, 12288, 11783, 333
2026/09/10 20:00:30.254, 0, 12288, 11783, 333
2026/09/10 20:00:30.462, 0, 12288, 11783, 333
2026/09/10 20:00:30.667, 0, 12288, 11783, 333
2026/09/10 20:00:30.874, 0, 12288, 11783, 333
2026/09/10 20:00:31.082, 0, 12288, 11783, 333
2026/09/10 20:00:31.290, 0, 12288, 11783, 333
2026/09/10 20:00:31.498, 0, 12288, 11783, 333
2026/09/10 20:00:31.706, 0, 12288, 11783, 333
2026/09/10 20:00:31.912, 0, 12288, 11783, 333
2026/09/10 20:00:32.120, 0, 12288, 11783, 333
2026/09/10 20:00:32.328, 0, 12288, 11783, 333
2026/09/10 20:00:32.536, 0, 12288, 11783, 333
2026/09/10 20:00:32.744, 0, 12288, 11783, 333
2026/09/10 20:00:32.949, 0, 12288, 11783, 333
2026/09/10 20:00:33.157, 0, 12288, 11783, 333
2026/09/10 20:00:33.364, 0, 12288, 11783, 333
2026/09/10 20:00:33.571, 0, 12288, 11783, 333
2026/09/10 20:00:33.779, 0, 12288, 11783, 333
2026/09/10 20:00:33.987, 0, 12288, 11783, 333
2026/09/10 20:00:34.195, 0, 12288, 11783, 333
2026/09/10 20:00:34.403, 0, 12288, 11783, 333
2026/09/10 20:00:34.610, 0, 12288, 11783, 333
2026/09/10 20:00:34.815, 0, 12288, 11783, 333
2026/09/10 20:00:35.023, 0, 12288, 11783, 333
2026/09/10 20:00:35.230, 0, 12288, 11783, 333
2026/09/10 20:00:35.438, 0, 12288, 11783, 333
2026/09/10 20:00:35.646, 0, 12288, 11783, 333
2026/09/10 20:00:35.854, 0, 12288, 11783, 333
2026/09/10 20:00:36.062, 0, 12288, 11783, 333
2026/09/10 20:00:36.269, 0, 12288, 11783, 333
2026/09/10 20:00:36.476, 0, 12288, 11783, 333
2026/09/10 20:00:36.684, 0, 12288, 11783, 333
2026/09/10 20:00:36.891, 0, 12288, 11783, 333
2026/09/10 20:00:37.099, 0, 12288, 11783, 333
2026/09/10 20:00:37.307, 0, 12288, 11783, 333
2026/09/10 20:00:37.515, 0, 12288, 11783, 333
2026/09/10 20:00:37.722, 0, 12288, 11783, 333
2026/09/10 20:00:37.929, 0, 12288, 11783, 333
2026/09/10 20:00:38.135, 0, 12288, 11783, 333
2026/09/10 20:00:38.343, 0, 12288, 11783, 333
2026/09/10 20:00:38.549, 0, 12288, 11783, 333
2026/09/10 20:00:38.757, 0, 12288, 11783, 333
2026/09/10 20:00:38.963, 0, 12288, 11783, 333
2026/09/10 20:00:39.171, 0, 12288, 11783, 333
2026/09/10 20:00:39.379, 0, 12288, 11783, 333
2026/09/10 20:00:39.586, 0, 12288, 11783, 333
2026/09/10 20:00:39.794, 0, 12288, 11783, 333
2026/09/10 20:00:40.000, 0, 12288, 11783, 333
2026/09/10 20:00:40.208, 0, 12288, 11783, 333
2026/09/10 20:00:40.414, 0, 12288, 11783, 333
2026/09/10 20:00:40.622, 0, 12288, 11783, 333
2026/09/10 20:00:40.827, 0, 12288, 11783, 333
2026/09/10 20:00:41.035, 0, 12288, 11783, 333
2026/09/10 20:00:41.242, 0, 12288, 11783, 333
2026/09/10 20:00:41.450, 0, 12288, 11783, 333
2026/09/10 20:00:41.657, 0, 12288, 11783, 333
2026/09/10 20:00:41.864, 0, 12288, 11783, 333
2026/09/10 20:00:42.072, 0, 12288, 11783, 333
2026/09/10 20:00:42.280, 0, 12288, 11783, 333
2026/09/10 20:00:42.488, 0, 12288, 11783, 333
2026/09/10 20:00:42.696, 0, 12288, 11783, 333
2026/09/10 20:00:42.903, 0, 12288, 11783, 333
2026/09/10 20:00:43.111, 0, 12288, 11783, 333
2026/09/10 20:00:43.319, 0, 12288, 11783, 333
2026/09/10 20:00:43.526, 0, 12288, 11783, 333
2026/09/10 20:00:43.733, 0, 12288, 11783, 333
2026/09/10 20:00:43.941, 0, 12288, 11783, 333
2026/09/10 20:00:44.145, 0, 12288, 11783, 333
2026/09/10 20:00:44.352, 0, 12288, 11783, 333
2026/09/10 20:00:44.556, 0, 12288, 11783, 333
2026/09/10 20:00:44.763, 0, 12288, 11783, 333
2026/09/10 20:00:44.971, 0, 12288, 11783, 333
2026/09/10 20:00:45.178, 0, 12288, 11783, 333
2026/09/10 20:00:45.386, 0, 12288, 11783, 333
2026/09/10 20:00:45.592, 0, 12288, 11783, 333
2026/09/10 20:00:45.798, 0, 12288, 11783, 333
2026/09/10 20:00:46.006, 0, 12288, 11783, 333
2026/09/10 20:00:46.214, 0, 12288, 11783, 333
2026/09/10 20:00:46.422, 0, 12288, 11783, 333
2026/09/10 20:00:46.630, 0, 12288, 11783, 333
2026/09/10 20:00:46.838, 0, 12288, 11783, 333
2026/09/10 20:00:47.045, 0, 12288, 11783, 333
2026/09/10 20:00:47.252, 0, 12288, 11783, 333
2026/09/10 20:00:47.460, 0, 12288, 11783, 333
2026/09/10 20:00:47.668, 0, 12288, 11783, 333
2026/09/10 20:00:47.876, 0, 12288, 11783, 333
2026/09/10 20:00:48.084, 0, 12288, 11783, 333
2026/09/10 20:00:48.292, 0, 12288, 11783, 333
2026/09/10 20:00:48.498, 0, 12288, 11783, 333
2026/09/10 20:00:48.706, 0, 12288, 11783, 333
2026/09/10 20:00:48.913, 0, 12288, 11783, 333
2026/09/10 20:00:49.121, 0, 12288, 11783, 333
2026/09/10 20:00:49.329, 0, 12288, 11783, 333
2026/09/10 20:00:49.536, 0, 12288, 11783, 333
2026/09/10 20:00:49.741, 0, 12288, 11783, 333
2026/09/10 20:00:49.949, 0, 12288, 11783, 333
2026/09/10 20:00:50.155, 0, 12288, 11783, 333
2026/09/10 20:00:50.363, 0, 12288, 11783, 333
2026/09/10 20:00:50.571, 0, 12288, 11783, 333
2026/09/10 20:00:50.779, 0, 12288, 11783, 333
2026/09/10 20:00:50.986, 0, 12288, 11783, 333
2026/09/10 20:00:51.192, 0, 12288, 11783, 333
2026/09/10 20:00:51.400, 0, 12288, 11783, 333
2026/09/10 20:00:51.606, 0, 12288, 11783, 333
2026/09/10 20:00:51.814, 0, 12288, 11783, 333
2026/09/10 20:00:52.022, 0, 12288, 11783, 333
2026/09/10 20:00:52.230, 0, 12288, 11783, 333
2026/09/10 20:00:52.438, 0, 12288, 11783, 333
2026/09/10 20:00:52.646, 0, 12288, 11783, 333
2026/09/10 20:00:52.853, 0, 12288, 11783, 333
2026/09/10 20:00:53.060, 0, 12288, 11783, 333
2026/09/10 20:00:53.268, 0, 12288, 11783, 333
2026/09/10 20:00:53.476, 0, 12288, 11783, 333
2026/09/10 20:00:53.683, 0, 12288, 11783, 333
2026/09/10 20:00:53.890, 0, 12288, 11783, 333
2026/09/10 20:00:54.098, 0, 12288, 11783, 333
2026/09/10 20:00:54.306, 0, 12288, 11783, 333
2026/09/10 20:00:54.514, 0, 12288, 11783, 333
2026/09/10 20:00:54.720, 0, 12288, 11783, 333
2026/09/10 20:00:54.928, 0, 12288, 11783, 333
2026/09/10 20:00:55.135, 0, 12288, 11783, 333
2026/09/10 20:00:55.340, 0, 12288, 11783, 333
2026/09/10 20:00:55.546, 0, 12288, 11783, 333
2026/09/10 20:00:55.753, 0, 12288, 11783, 333
2026/09/10 20:00:55.961, 0, 12288, 11783, 333
2026/09/10 20:00:56.169, 0, 12288, 11783, 333
2026/09/10 20:00:56.377, 0, 12288, 11783, 333
2026/09/10 20:00:56.599, 0, 12288, 11783, 333
2026/09/10 20:00:56.806, 0, 12288, 11783, 333
2026/09/10 20:00:57.011, 0, 12288, 11783, 333
2026/09/10 20:00:57.215, 0, 12288, 11783, 333
2026/09/10 20:00:57.423, 0, 12288, 11783, 333
2026/09/10 20:00:57.631, 0, 12288, 11783, 333
2026/09/10 20:00:57.836, 0, 12288, 11783, 333
2026/09/10 20:00:58.044, 0, 12288, 11783, 333
2026/09/10 20:00:58.249, 0, 12288, 11783, 333
2026/09/10 20:00:58.457, 0, 12288, 11783, 333
2026/09/10 20:00:58.664, 0, 12288, 11783, 333
2026/09/10 20:00:58.872, 0, 12288, 11783, 333
2026/09/10 20:00:59.079, 0, 12288, 11783, 333
2026/09/10 20:00:59.286, 0, 12288, 11783, 333
2026/09/10 20:00:59.493, 0, 12288, 11783, 333
2026/09/10 20:00:59.700, 0, 12288, 11783, 333
2026/09/10 20:00:59.908, 0, 12288, 11783, 333
2026/09/10 20:01:00.116, 0, 12288, 11783, 333
2026/09/10 20:01:00.324, 0, 12288, 11783, 333
2026/09/10 20:01:00.530, 0, 12288, 11783, 333
2026/09/10 20:01:00.737, 0, 12288, 11783, 333
2026/09/10 20:01:00.942, 0, 12288, 11783, 333
2026/09/10 20:01:01.149, 0, 12288, 11783, 333
2026/09/10 20:01:01.356, 0, 12288, 11783, 333
2026/09/10 20:01:01.564, 0, 12288, 11783, 333
2026/09/10 20:01:01.772, 0, 12288, 11783, 333
2026/09/10 20:01:01.979, 0, 12288, 11783, 333
2026/09/10 20:01:02.187, 0, 12288, 11783, 333
2026/09/10 20:01:02.395, 0, 12288, 11783, 333
2026/09/10 20:01:02.603, 0, 12288, 11783, 333
2026/09/10 20:01:02.811, 0, 12288, 11783, 333
2026/09/10 20:01:03.018, 0, 12288, 11783, 333
2026/09/10 20:01:03.226, 0, 12288, 11783, 333
2026/09/10 20:01:03.433, 0, 12288, 11783, 333
2026/09/10 20:01:03.641, 0, 12288, 11783, 333
2026/09/10 20:01:03.847, 0, 12288, 11783, 333
2026/09/10 20:01:04.055, 0, 12288, 11783, 333
2026/09/10 20:01:04.262, 0, 12288, 11783, 333
2026/09/10 20:01:04.470, 0, 12288, 11783, 333
2026/09/10 20:01:04.677, 0, 12288, 11783, 333
2026/09/10 20:01:04.884, 0, 12288, 11783, 333
2026/09/10 20:01:05.092, 0, 12288, 11783, 333
2026/09/10 20:01:05.299, 0, 12288, 11783, 333
2026/09/10 20:01:05.507, 0, 12288, 11783, 333
2026/09/10 20:01:05.715, 0, 12288, 11783, 333
2026/09/10 20:01:05.922, 0, 12288, 11783, 333
2026/09/10 20:01:06.144, 0, 12288, 11783, 333
2026/09/10 20:01:06.352, 0, 12288, 11783, 333
2026/09/10 20:01:06.557, 0, 12288, 11783, 333
2026/09/10 20:01:06.764, 0, 12288, 11783, 333
2026/09/10 20:01:06.973, 0, 12288, 11783, 333
2026/09/10 20:01:07.180, 0, 12288, 11783, 333
2026/09/10 20:01:07.386, 0, 12288, 11783, 333
2026/09/10 20:01:07.594, 0, 12288, 11783, 333
2026/09/10 20:01:07.801, 0, 12288, 11783, 333
2026/09/10 20:01:08.009, 0, 12288, 11783, 333
2026/09/10 20:01:08.217, 0, 12288, 11783, 333
2026/09/10 20:01:08.424, 0, 12288, 11783, 333
2026/09/10 20:01:08.632, 0, 12288, 11783, 333
2026/09/10 20:01:08.839, 0, 12288, 11783, 333
2026/09/10 20:01:09.046, 0, 12288, 11783, 333
2026/09/10 20:01:09.252, 0, 12288, 11783, 333
2026/09/10 20:01:09.460, 0, 12288, 11783, 333
2026/09/10 20:01:09.668, 0, 12288, 11783, 333
2026/09/10 20:01:09.875, 0, 12288, 11783, 333
2026/09/10 20:01:10.082, 0, 12288, 11783, 333
2026/09/10 20:01:10.288, 0, 12288, 11783, 333
2026/09/10 20:01:10.495, 0, 12288, 11783, 333
2026/09/10 20:01:10.700, 0, 12288, 11783, 333
2026/09/10 20:01:10.907, 0, 12288, 11783, 333
2026/09/10 20:01:11.115, 0, 12288, 11783, 333
2026/09/10 20:01:11.322, 0, 12288, 11783, 333
2026/09/10 20:01:11.529, 0, 12288, 11783, 333
2026/09/10 20:01:11.737, 0, 12288, 11783, 333
2026/09/10 20:01:11.945, 0, 12288, 11783, 333
2026/09/10 20:01:12.149, 0, 12288, 11783, 333
2026/09/10 20:01:12.357, 0, 12288, 11783, 333
2026/09/10 20:01:12.565, 0, 12288, 11783, 333
2026/09/10 20:01:12.773, 0, 12288, 11783, 333
2026/09/10 20:01:12.979, 0, 12288, 11783, 333
2026/09/10 20:01:13.187, 0, 12288, 11783, 333
2026/09/10 20:01:13.392, 0, 12288, 11783, 333
2026/09/10 20:01:13.600, 0, 12288, 11783, 333
2026/09/10 20:01:13.808, 0, 12288, 11783, 333
2026/09/10 20:01:14.016, 0, 12288, 11783, 333
2026/09/10 20:01:14.224, 0, 12288, 11783, 333
2026/09/10 20:01:14.431, 0, 12288, 11783, 333
2026/09/10 20:01:14.638, 0, 12288, 11783, 333
2026/09/10 20:01:14.846, 0, 12288, 11783, 333
2026/09/10 20:01:15.053, 0, 12288, 11783, 333
2026/09/10 20:01:15.259, 0, 12288, 11783, 333
2026/09/10 20:01:15.467, 0, 12288, 11783, 333
2026/09/10 20:01:15.675, 0, 12288, 11783, 333
2026/09/10 20:01:15.881, 0, 12288, 11783, 333
2026/09/10 20:01:16.089, 0, 12288, 11783, 333
2026/09/10 20:01:16.295, 0, 12288, 11783, 333
2026/09/10 20:01:16.502, 0, 12288, 11783, 333
2026/09/10 20:01:16.711, 0, 12288, 11783, 333
2026/09/10 20:01:16.918, 0, 12288, 11783, 333
2026/09/10 20:01:17.126, 0, 12288, 11783, 333
2026/09/10 20:01:17.332, 0, 12288, 11783, 333
2026/09/10 20:01:17.540, 0, 12288, 11783, 333
2026/09/10 20:01:17.746, 0, 12288, 11783, 333
2026/09/10 20:01:17.953, 0, 12288, 11783, 333
2026/09/10 20:01:18.160, 0, 12288, 11783, 333
2026/09/10 20:01:18.367, 0, 12288, 11783, 333
2026/09/10 20:01:18.574, 0, 12288, 11783, 333
2026/09/10 20:01:18.782, 0, 12288, 11783, 333
2026/09/10 20:01:18.989, 0, 12288, 11783, 333
2026/09/10 20:01:19.196, 0, 12288, 11783, 333
2026/09/10 20:01:19.404, 0, 12288, 11783, 333
2026/09/10 20:01:19.612, 0, 12288, 11783, 333
2026/09/10 20:01:19.819, 0, 12288, 11783, 333
2026/09/10 20:01:20.027, 0, 12288, 11783, 333
2026/09/10 20:01:20.235, 0, 12288, 11783, 333
2026/09/10 20:01:20.443, 0, 12288, 11783, 333
2026/09/10 20:01:20.649, 0, 12288, 11783, 333
2026/09/10 20:01:20.853, 0, 12288, 11783, 333
2026/09/10 20:01:21.060, 0, 12288, 11783, 333
2026/09/10 20:01:21.265, 0, 12288, 11783, 333
2026/09/10 20:01:21.473, 0, 12288, 11783, 333
2026/09/10 20:01:21.680, 0, 12288, 11783, 333
2026/09/10 20:01:21.888, 0, 12288, 11783, 333
2026/09/10 20:01:22.095, 0, 12288, 11783, 333
2026/09/10 20:01:22.303, 0, 12288, 11783, 333
2026/09/10 20:01:22.511, 0, 12288, 11783, 333
2026/09/10 20:01:22.719, 0, 12288, 11783, 333
2026/09/10 20:01:22.927, 0, 12288, 11783, 333
2026/09/10 20:01:23.135, 0, 12288, 11783, 333
2026/09/10 20:01:23.340, 0, 12288, 11783, 333
2026/09/10 20:01:23.548, 0, 12288, 11783, 333
2026/09/10 20:01:23.756, 0, 12288, 11783, 333
2026/09/10 20:01:23.963, 0, 12288, 11783, 333
2026/09/10 20:01:24.171, 0, 12288, 11783, 333
2026/09/10 20:01:24.379, 0, 12288, 11783, 333
2026/09/10 20:01:24.587, 0, 12288, 11783, 333
2026/09/10 20:01:24.794, 0, 12288, 11783, 333
2026/09/10 20:01:25.002, 0, 12288, 11783, 333
2026/09/10 20:01:25.209, 0, 12288, 11783, 333
2026/09/10 20:01:25.416, 0, 12288, 11783, 333
2026/09/10 20:01:25.623, 0, 12288, 11783, 333
2026/09/10 20:01:25.831, 0, 12288, 11783, 333
2026/09/10 20:01:26.039, 0, 12288, 11783, 333
2026/09/10 20:01:26.246, 0, 12288, 11783, 333
2026/09/10 20:01:26.451, 0, 12288, 11783, 333
2026/09/10 20:01:26.658, 0, 12288, 11783, 333
2026/09/10 20:01:26.865, 0, 12288, 11783, 333
2026/09/10 20:01:27.073, 0, 12288, 11783, 333
2026/09/10 20:01:27.281, 0, 12288, 11783, 333
2026/09/10 20:01:27.488, 0, 12288, 11783, 333
2026/09/10 20:01:27.695, 0, 12288, 11783, 333
2026/09/10 20:01:27.902, 0, 12288, 11783, 333
2026/09/10 20:01:28.110, 0, 12288, 11783, 333
2026/09/10 20:01:28.318, 0, 12288, 11783, 333
2026/09/10 20:01:28.526, 0, 12288, 11783, 333
2026/09/10 20:01:28.734, 0, 12288, 11783, 333
2026/09/10 20:01:28.938, 0, 12288, 11783, 333
2026/09/10 20:01:29.145, 0, 12288, 11783, 333
2026/09/10 20:01:29.352, 0, 12288, 11783, 333
2026/09/10 20:01:29.560, 0, 12288, 11783, 333
2026/09/10 20:01:29.764, 0, 12288, 11783, 333
2026/09/10 20:01:29.972, 0, 12288, 11783, 333
2026/09/10 20:01:30.176, 0, 12288, 11783, 333
2026/09/10 20:01:30.381, 0, 12288, 11783, 333
2026/09/10 20:01:30.588, 0, 12288, 11783, 333
2026/09/10 20:01:30.796, 0, 12288, 11783, 333
2026/09/10 20:01:31.002, 0, 12288, 11783, 333
2026/09/10 20:01:31.209, 0, 12288, 11783, 333
2026/09/10 20:01:31.415, 0, 12288, 11783, 333
2026/09/10 20:01:31.623, 0, 12288, 11783, 333
2026/09/10 20:01:31.830, 0, 12288, 11783, 333
2026/09/10 20:01:32.037, 0, 12288, 11783, 333
2026/09/10 20:01:32.245, 0, 12288, 11783, 333
2026/09/10 20:01:32.453, 0, 12288, 11783, 333
2026/09/10 20:01:32.660, 0, 12288, 11783, 333
2026/09/10 20:01:32.868, 0, 12288, 11783, 333
2026/09/10 20:01:33.074, 0, 12288, 11783, 333
2026/09/10 20:01:33.281, 0, 12288, 11783, 333
2026/09/10 20:01:33.487, 0, 12288, 11783, 333
2026/09/10 20:01:33.695, 0, 12288, 11783, 333
2026/09/10 20:01:33.902, 0, 12288, 11783, 333
2026/09/10 20:01:34.110, 0, 12288, 11783, 333
2026/09/10 20:01:34.318, 0, 12288, 11783, 333
2026/09/10 20:01:34.524, 0, 12288, 11783, 333
2026/09/10 20:01:34.732, 0, 12288, 11783, 333
2026/09/10 20:01:34.939, 0, 12288, 11783, 333
2026/09/10 20:01:35.146, 0, 12288, 11783, 333
2026/09/10 20:01:35.354, 0, 12288, 11783, 333
2026/09/10 20:01:35.561, 0, 12288, 11783, 333
2026/09/10 20:01:35.768, 0, 12288, 11783, 333
2026/09/10 20:01:35.974, 0, 12288, 11783, 333
2026/09/10 20:01:36.183, 0, 12288, 11783, 333
2026/09/10 20:01:36.391, 0, 12288, 11783, 333
2026/09/10 20:01:36.599, 0, 12288, 11783, 333
2026/09/10 20:01:36.807, 0, 12288, 11783, 333
2026/09/10 20:01:37.015, 0, 12288, 11783, 333
2026/09/10 20:01:37.223, 0, 12288, 11783, 333
2026/09/10 20:01:37.429, 0, 12288, 11783, 333
2026/09/10 20:01:37.637, 0, 12288, 11783, 333
2026/09/10 20:01:37.844, 0, 12288, 11783, 333
2026/09/10 20:01:38.052, 0, 12288, 11783, 333
2026/09/10 20:01:38.259, 0, 12288, 11783, 333
2026/09/10 20:01:38.467, 0, 12288, 11783, 333
2026/09/10 20:01:38.674, 0, 12288, 11783, 333
2026/09/10 20:01:38.880, 0, 12288, 11783, 333
2026/09/10 20:01:39.088, 0, 12288, 11783, 333
2026/09/10 20:01:39.296, 0, 12288, 11783, 333
2026/09/10 20:01:39.503, 0, 12288, 11783, 333
2026/09/10 20:01:39.710, 0, 12288, 11783, 333
2026/09/10 20:01:39.916, 0, 12288, 11783, 333
2026/09/10 20:01:40.123, 0, 12288, 11783, 333
2026/09/10 20:01:40.330, 0, 12288, 11783, 333
2026/09/10 20:01:40.537, 0, 12288, 11783, 333
2026/09/10 20:01:40.744, 0, 12288, 11783, 333
2026/09/10 20:01:40.951, 0, 12288, 11783, 333
2026/09/10 20:01:41.159, 0, 12288, 11783, 333
2026/09/10 20:01:41.366, 0, 12288, 11783, 333
2026/09/10 20:01:41.574, 0, 12288, 11783, 333
2026/09/10 20:01:41.781, 0, 12288, 11783, 333
2026/09/10 20:01:41.987, 0, 12288, 11783, 333
2026/09/10 20:01:42.195, 0, 12288, 11783, 333
2026/09/10 20:01:42.403, 0, 12288, 11783, 333
2026/09/10 20:01:42.611, 0, 12288, 11783, 333
2026/09/10 20:01:42.818, 0, 12288, 11783, 333
2026/09/10 20:01:43.024, 0, 12288, 11783, 333
2026/09/10 20:01:43.231, 0, 12288, 11783, 333
2026/09/10 20:01:43.439, 0, 12288, 11783, 333
2026/09/10 20:01:43.646, 0, 12288, 11783, 333
2026/09/10 20:01:43.853, 0, 12288, 11783, 333
2026/09/10 20:01:44.060, 0, 12288, 11783, 333
2026/09/10 20:01:44.267, 0, 12288, 11783, 333
2026/09/10 20:01:44.475, 0, 12288, 11783, 333
2026/09/10 20:01:44.683, 0, 12288, 11783, 333
2026/09/10 20:01:44.890, 0, 12288, 11783, 333
2026/09/10 20:01:45.097, 0, 12288, 11783, 333
2026/09/10 20:01:45.305, 0, 12288, 11783, 333
2026/09/10 20:01:45.513, 0, 12288, 11783, 333
2026/09/10 20:01:45.719, 0, 12288, 11783, 333
2026/09/10 20:01:45.926, 0, 12288, 11783, 333
2026/09/10 20:01:46.133, 0, 12288, 11783, 333
2026/09/10 20:01:46.340, 0, 12288, 11783, 333
2026/09/10 20:01:46.548, 0, 12288, 11783, 333
2026/09/10 20:01:46.756, 0, 12288, 11783, 333
2026/09/10 20:01:46.964, 0, 12288, 11783, 333
2026/09/10 20:01:47.171, 0, 12288, 11783, 333
2026/09/10 20:01:47.379, 0, 12288, 11783, 333
2026/09/10 20:01:47.587, 0, 12288, 11783, 333
2026/09/10 20:01:47.794, 0, 12288, 11783, 333
2026/09/10 20:01:48.002, 0, 12288, 11783, 333
2026/09/10 20:01:48.210, 0, 12288, 11783, 333
2026/09/10 20:01:48.417, 0, 12288, 11783, 333
2026/09/10 20:01:48.625, 0, 12288, 11783, 333
2026/09/10 20:01:48.833, 0, 12288, 11783, 333
2026/09/10 20:01:49.038, 0, 12288, 11783, 333
2026/09/10 20:01:49.246, 0, 12288, 11783, 333
2026/09/10 20:01:49.454, 0, 12288, 11783, 333
2026/09/10 20:01:49.661, 0, 12288, 11783, 333
2026/09/10 20:01:49.868, 0, 12288, 11783, 333
2026/09/10 20:01:50.075, 0, 12288, 11783, 333
2026/09/10 20:01:50.282, 0, 12288, 11783, 333
2026/09/10 20:01:50.490, 0, 12288, 11783, 333
2026/09/10 20:01:50.698, 0, 12288, 11783, 333
2026/09/10 20:01:50.906, 0, 12288, 11783, 333
2026/09/10 20:01:51.112, 0, 12288, 11783, 333
2026/09/10 20:01:51.317, 0, 12288, 11783, 333
2026/09/10 20:01:51.525, 0, 12288, 11783, 333
2026/09/10 20:01:51.733, 0, 12288, 11783, 333
2026/09/10 20:01:51.940, 0, 12288, 11783, 333
2026/09/10 20:01:52.147, 0, 12288, 11783, 333
2026/09/10 20:01:52.354, 0, 12288, 11783, 333
2026/09/10 20:01:52.562, 0, 12288, 11783, 333
2026/09/10 20:01:52.766, 0, 12288, 11783, 333
2026/09/10 20:01:52.974, 0, 12288, 11783, 333
2026/09/10 20:01:53.182, 0, 12288, 11783, 333
2026/09/10 20:01:53.389, 0, 12288, 11783, 333
2026/09/10 20:01:53.597, 0, 12288, 11783, 333
2026/09/10 20:01:53.804, 0, 12288, 11783, 333
2026/09/10 20:01:54.012, 0, 12288, 11783, 333
2026/09/10 20:01:54.220, 0, 12288, 11783, 333
2026/09/10 20:01:54.428, 0, 12288, 11783, 333
2026/09/10 20:01:54.636, 0, 12288, 11783, 333
2026/09/10 20:01:54.842, 0, 12288, 11783, 333
2026/09/10 20:01:55.050, 0, 12288, 11783, 333
2026/09/10 20:01:55.257, 0, 12288, 11783, 333
2026/09/10 20:01:55.464, 0, 12288, 11783, 333
2026/09/10 20:01:55.671, 0, 12288, 11783, 333
2026/09/10 20:01:55.879, 0, 12288, 11783, 333
2026/09/10 20:01:56.086, 0, 12288, 11783, 333
2026/09/10 20:01:56.294, 0, 12288, 11783, 333
2026/09/10 20:01:56.502, 0, 12288, 11783, 333
2026/09/10 20:01:56.709, 0, 12288, 11783, 333
2026/09/10 20:01:56.915, 0, 12288, 11783, 333
2026/09/10 20:01:57.123, 0, 12288, 11783, 333
2026/09/10 20:01:57.331, 0, 12288, 11783, 333
2026/09/10 20:01:57.539, 0, 12288, 11783, 333
2026/09/10 20:01:57.745, 0, 12288, 11783, 333
2026/09/10 20:01:57.953, 0, 12288, 11783, 333
2026/09/10 20:01:58.160, 0, 12288, 11783, 333
2026/09/10 20:01:58.368, 0, 12288, 11783, 333
2026/09/10 20:01:58.576, 0, 12288, 11783, 333
2026/09/10 20:01:58.783, 0, 12288, 11783, 333
2026/09/10 20:01:58.991, 0, 12288, 11783, 333
2026/09/10 20:01:59.197, 0, 12288, 11783, 333
2026/09/10 20:01:59.404, 0, 12288, 11783, 333
2026/09/10 20:01:59.611, 0, 12288, 11783, 333
2026/09/10 20:01:59.817, 0, 12288, 11783, 333
2026/09/10 20:02:00.025, 0, 12288, 11783, 333
2026/09/10 20:02:00.232, 0, 12288, 11783, 333
2026/09/10 20:02:00.439, 0, 12288, 11783, 333
2026/09/10 20:02:00.647, 0, 12288, 11783, 333
2026/09/10 20:02:00.854, 0, 12288, 11783, 333
2026/09/10 20:02:01.061, 0, 12288, 11783, 333
2026/09/10 20:02:01.269, 0, 12288, 11783, 333
2026/09/10 20:02:01.477, 0, 12288, 11783, 333
2026/09/10 20:02:01.684, 0, 12288, 11783, 333
2026/09/10 20:02:01.892, 0, 12288, 11783, 333
2026/09/10 20:02:02.099, 0, 12288, 11783, 333
2026/09/10 20:02:02.307, 0, 12288, 11783, 333
2026/09/10 20:02:02.513, 0, 12288, 11783, 333
2026/09/10 20:02:02.721, 0, 12288, 11783, 333
2026/09/10 20:02:02.928, 0, 12288, 11783, 333
2026/09/10 20:02:03.135, 0, 12288, 11783, 333
2026/09/10 20:02:03.342, 0, 12288, 11783, 333
2026/09/10 20:02:03.550, 0, 12288, 11783, 333
2026/09/10 20:02:03.758, 0, 12288, 11783, 333
2026/09/10 20:02:03.966, 0, 12288, 11783, 333
2026/09/10 20:02:04.174, 0, 12288, 11783, 333
2026/09/10 20:02:04.382, 0, 12288, 11783, 333
2026/09/10 20:02:04.589, 0, 12288, 11783, 333
2026/09/10 20:02:04.797, 0, 12288, 11783, 333
2026/09/10 20:02:05.005, 0, 12288, 11783, 333
2026/09/10 20:02:05.213, 0, 12288, 11783, 333
2026/09/10 20:02:05.420, 0, 12288, 11783, 333
2026/09/10 20:02:05.627, 0, 12288, 11783, 333
2026/09/10 20:02:05.835, 0, 12288, 11783, 333
2026/09/10 20:02:06.042, 0, 12288, 11783, 333
2026/09/10 20:02:06.249, 0, 12288, 11783, 333
2026/09/10 20:02:06.456, 0, 12288, 11783, 333
2026/09/10 20:02:06.664, 0, 12288, 11783, 333
2026/09/10 20:02:06.872, 0, 12288, 11783, 333
2026/09/10 20:02:07.080, 0, 12288, 11783, 333
2026/09/10 20:02:07.287, 0, 12288, 11783, 333
2026/09/10 20:02:07.495, 0, 12288, 11783, 333
2026/09/10 20:02:07.702, 0, 12288, 11783, 333
2026/09/10 20:02:07.909, 0, 12288, 11783, 333
2026/09/10 20:02:08.115, 0, 12288, 11783, 333
2026/09/10 20:02:08.322, 0, 12288, 11783, 333
2026/09/10 20:02:08.530, 0, 12288, 11783, 333
2026/09/10 20:02:08.738, 0, 12288, 11783, 333
2026/09/10 20:02:08.946, 0, 12288, 11783, 333
2026/09/10 20:02:09.154, 0, 12288, 11783, 333
2026/09/10 20:02:09.362, 0, 12288, 11783, 333
2026/09/10 20:02:09.570, 0, 12288, 11783, 333
2026/09/10 20:02:09.777, 0, 12288, 11783, 333
2026/09/10 20:02:09.985, 0, 12288, 11783, 333
2026/09/10 20:02:10.192, 0, 12288, 11783, 333
2026/09/10 20:02:10.398, 0, 12288, 11783, 333
2026/09/10 20:02:10.606, 0, 12288, 11783, 333
2026/09/10 20:02:10.813, 0, 12288, 11783, 333
2026/09/10 20:02:11.021, 0, 12288, 11783, 333
2026/09/10 20:02:11.227, 0, 12288, 11783, 333
2026/09/10 20:02:11.435, 0, 12288, 11783, 333
2026/09/10 20:02:11.639, 0, 12288, 11783, 333
2026/09/10 20:02:11.847, 0, 12288, 11783, 333
2026/09/10 20:02:12.055, 0, 12288, 11783, 333
2026/09/10 20:02:12.262, 0, 12288, 11783, 333
2026/09/10 20:02:12.468, 0, 12288, 11783, 333
2026/09/10 20:02:12.676, 0, 12288, 11783, 333
2026/09/10 20:02:12.883, 0, 12288, 11783, 333
2026/09/10 20:02:13.090, 0, 12288, 11783, 333
2026/09/10 20:02:13.296, 0, 12288, 11783, 333
2026/09/10 20:02:13.504, 0, 12288, 11783, 333
2026/09/10 20:02:13.710, 0, 12288, 11783, 333
2026/09/10 20:02:13.917, 0, 12288, 11783, 333
2026/09/10 20:02:14.124, 0, 12288, 11783, 333
2026/09/10 20:02:14.331, 0, 12288, 11783, 333
2026/09/10 20:02:14.539, 0, 12288, 11783, 333
2026/09/10 20:02:14.747, 0, 12288, 11783, 333
2026/09/10 20:02:14.954, 0, 12288, 11783, 333
2026/09/10 20:02:15.160, 0, 12288, 11783, 333
2026/09/10 20:02:15.368, 0, 12288, 11783, 333
2026/09/10 20:02:15.576, 0, 12288, 11783, 333
2026/09/10 20:02:15.784, 0, 12288, 11783, 333
2026/09/10 20:02:15.992, 0, 12288, 11783, 333
2026/09/10 20:02:16.200, 0, 12288, 11783, 333
2026/09/10 20:02:16.408, 0, 12288, 11783, 333
2026/09/10 20:02:16.616, 0, 12288, 11783, 333
2026/09/10 20:02:16.823, 0, 12288, 11783, 333
2026/09/10 20:02:17.031, 0, 12288, 11783, 333
2026/09/10 20:02:17.237, 0, 12288, 11783, 333
2026/09/10 20:02:17.444, 0, 12288, 11783, 333
2026/09/10 20:02:17.652, 0, 12288, 11783, 333
2026/09/10 20:02:17.860, 0, 12288, 11783, 333
2026/09/10 20:02:18.068, 0, 12288, 11783, 333
2026/09/10 20:02:18.276, 0, 12288, 11783, 333
2026/09/10 20:02:18.484, 0, 12288, 11783, 333
2026/09/10 20:02:18.691, 0, 12288, 11783, 333
2026/09/10 20:02:18.899, 0, 12288, 11783, 333
2026/09/10 20:02:19.107, 0, 12288, 11783, 333
2026/09/10 20:02:19.312, 0, 12288, 11783, 333
2026/09/10 20:02:19.520, 0, 12288, 11783, 333
2026/09/10 20:02:19.726, 0, 12288, 11783, 333
2026/09/10 20:02:19.932, 0, 12288, 11783, 333
2026/09/10 20:02:20.140, 0, 12288, 11783, 333
2026/09/10 20:02:20.348, 0, 12288, 11783, 333
2026/09/10 20:02:20.556, 0, 12288, 11783, 333
2026/09/10 20:02:20.763, 0, 12288, 11783, 333
2026/09/10 20:02:20.968, 0, 12288, 11783, 333
2026/09/10 20:02:21.175, 0, 12288, 11783, 333
2026/09/10 20:02:21.383, 0, 12288, 11783, 333
2026/09/10 20:02:21.590, 0, 12288, 11783, 333
2026/09/10 20:02:21.796, 0, 12288, 11783, 333
2026/09/10 20:02:22.004, 0, 12288, 11783, 333
2026/09/10 20:02:22.212, 0, 12288, 11783, 333
2026/09/10 20:02:22.420, 0, 12288, 11783, 333
2026/09/10 20:02:22.627, 0, 12288, 11783, 333
2026/09/10 20:02:22.835, 0, 12288, 11783, 333
2026/09/10 20:02:23.042, 0, 12288, 11783, 333
2026/09/10 20:02:23.250, 0, 12288, 11783, 333
2026/09/10 20:02:23.456, 0, 12288, 11783, 333
2026/09/10 20:02:23.664, 0, 12288, 11783, 333
2026/09/10 20:02:23.871, 0, 12288, 11783, 333
2026/09/10 20:02:24.078, 0, 12288, 11783, 333
2026/09/10 20:02:24.285, 0, 12288, 11783, 333
2026/09/10 20:02:24.493, 0, 12288, 11783, 333
2026/09/10 20:02:24.700, 0, 12288, 11783, 333
2026/09/10 20:02:24.906, 0, 12288, 11783, 333
2026/09/10 20:02:25.112, 0, 12288, 11783, 333
2026/09/10 20:02:25.320, 0, 12288, 11783, 333
2026/09/10 20:02:25.528, 0, 12288, 11783, 333
2026/09/10 20:02:25.735, 0, 12288, 11783, 333
2026/09/10 20:02:25.943, 0, 12288, 11783, 333
2026/09/10 20:02:26.151, 0, 12288, 11783, 333
2026/09/10 20:02:26.358, 0, 12288, 11783, 333
2026/09/10 20:02:26.566, 0, 12288, 11783, 333
2026/09/10 20:02:26.772, 0, 12288, 11783, 333
2026/09/10 20:02:26.980, 0, 12288, 11783, 333
2026/09/10 20:02:27.188, 0, 12288, 11783, 333
2026/09/10 20:02:27.396, 0, 12288, 11783, 333
2026/09/10 20:02:27.604, 0, 12288, 11783, 333
2026/09/10 20:02:27.811, 0, 12288, 11783, 333
2026/09/10 20:02:28.018, 0, 12288, 11783, 333
2026/09/10 20:02:28.226, 0, 12288, 11783, 333
2026/09/10 20:02:28.434, 0, 12288, 11783, 333
2026/09/10 20:02:28.642, 0, 12288, 11783, 333
2026/09/10 20:02:28.850, 0, 12288, 11783, 333
2026/09/10 20:02:29.058, 0, 12288, 11783, 333
2026/09/10 20:02:29.264, 0, 12288, 11783, 333
2026/09/10 20:02:29.472, 0, 12288, 11783, 333
2026/09/10 20:02:29.680, 0, 12288, 11783, 333
2026/09/10 20:02:29.888, 0, 12288, 11783, 333
2026/09/10 20:02:30.096, 0, 12288, 11783, 333
2026/09/10 20:02:30.303, 0, 12288, 11783, 333
2026/09/10 20:02:30.508, 0, 12288, 11783, 333
2026/09/10 20:02:30.714, 0, 12288, 11783, 333
2026/09/10 20:02:30.920, 0, 12288, 11783, 333
2026/09/10 20:02:31.127, 0, 12288, 11783, 333
2026/09/10 20:02:31.332, 0, 12288, 11783, 333
2026/09/10 20:02:31.539, 0, 12288, 11783, 333
2026/09/10 20:02:31.747, 0, 12288, 11783, 333
2026/09/10 20:02:31.954, 0, 12288, 11783, 333
2026/09/10 20:02:32.161, 0, 12288, 11783, 333
2026/09/10 20:02:32.368, 0, 12288, 11783, 333
2026/09/10 20:02:32.575, 0, 12288, 11783, 333
2026/09/10 20:02:32.783, 0, 12288, 11783, 333
2026/09/10 20:02:32.990, 0, 12288, 11783, 333
2026/09/10 20:02:33.198, 0, 12288, 11783, 333
2026/09/10 20:02:33.405, 0, 12288, 11783, 333
2026/09/10 20:02:33.612, 0, 12288, 11783, 333
2026/09/10 20:02:33.820, 0, 12288, 11783, 333
2026/09/10 20:02:34.028, 0, 12288, 11783, 333
2026/09/10 20:02:34.236, 0, 12288, 11783, 333
2026/09/10 20:02:34.444, 0, 12288, 11783, 333
2026/09/10 20:02:34.651, 0, 12288, 11783, 333
2026/09/10 20:02:34.859, 0, 12288, 11783, 333
2026/09/10 20:02:35.066, 0, 12288, 11783, 333
2026/09/10 20:02:35.273, 0, 12288, 11783, 333
2026/09/10 20:02:35.480, 0, 12288, 11783, 333
2026/09/10 20:02:35.688, 0, 12288, 11783, 333
2026/09/10 20:02:35.895, 0, 12288, 11783, 333
2026/09/10 20:02:36.101, 0, 12288, 11783, 333
2026/09/10 20:02:36.309, 0, 12288, 11783, 333
2026/09/10 20:02:36.516, 0, 12288, 11783, 333
2026/09/10 20:02:36.724, 0, 12288, 11783, 333
2026/09/10 20:02:36.931, 0, 12288, 11783, 333
2026/09/10 20:02:37.139, 0, 12288, 11783, 333
2026/09/10 20:02:37.346, 0, 12288, 11783, 333
2026/09/10 20:02:37.552, 0, 12288, 11783, 333
2026/09/10 20:02:37.759, 0, 12288, 11783, 333
2026/09/10 20:02:37.967, 0, 12288, 11783, 333
2026/09/10 20:02:38.175, 0, 12288, 11783, 333
2026/09/10 20:02:38.383, 0, 12288, 11783, 333
2026/09/10 20:02:38.591, 0, 12288, 11783, 333
2026/09/10 20:02:38.796, 0, 12288, 11783, 333
2026/09/10 20:02:39.004, 0, 12288, 11783, 333
2026/09/10 20:02:39.212, 0, 12288, 11783, 333
2026/09/10 20:02:39.420, 0, 12288, 11783, 333
2026/09/10 20:02:39.627, 0, 12288, 11783, 333
2026/09/10 20:02:39.835, 0, 12288, 11783, 333
2026/09/10 20:02:40.042, 0, 12288, 11783, 333
2026/09/10 20:02:40.250, 0, 12288, 11783, 333
2026/09/10 20:02:40.458, 0, 12288, 11783, 333
2026/09/10 20:02:40.665, 0, 12288, 11783, 333
2026/09/10 20:02:40.871, 0, 12288, 11783, 333
2026/09/10 20:02:41.080, 0, 12288, 11783, 333
2026/09/10 20:02:41.288, 0, 12288, 11783, 333
2026/09/10 20:02:41.495, 0, 12288, 11783, 333
2026/09/10 20:02:41.700, 0, 12288, 11783, 333
2026/09/10 20:02:41.907, 0, 12288, 11783, 333
2026/09/10 20:02:42.115, 0, 12288, 11783, 333
2026/09/10 20:02:42.323, 0, 12288, 11783, 333
2026/09/10 20:02:42.531, 0, 12288, 11783, 333
2026/09/10 20:02:42.738, 0, 12288, 11783, 333
2026/09/10 20:02:42.945, 0, 12288, 11783, 333
2026/09/10 20:02:43.153, 0, 12288, 11783, 333
2026/09/10 20:02:43.359, 0, 12288, 11783, 333
2026/09/10 20:02:43.567, 0, 12288, 11783, 333
2026/09/10 20:02:43.775, 0, 12288, 11783, 333
2026/09/10 20:02:43.980, 0, 12288, 11783, 333
2026/09/10 20:02:44.188, 0, 12288, 11783, 333
2026/09/10 20:02:44.394, 0, 12288, 11783, 333
2026/09/10 20:02:44.600, 0, 12288, 11783, 333
2026/09/10 20:02:44.807, 0, 12288, 11783, 333
2026/09/10 20:02:45.015, 0, 12288, 11783, 333
2026/09/10 20:02:45.221, 0, 12288, 11783, 333
2026/09/10 20:02:45.427, 0, 12288, 11783, 333
2026/09/10 20:02:45.635, 0, 12288, 11783, 333
2026/09/10 20:02:45.842, 0, 12288, 11783, 333
2026/09/10 20:02:46.050, 0, 12288, 11783, 333
2026/09/10 20:02:46.258, 0, 12288, 11783, 333
2026/09/10 20:02:46.466, 0, 12288, 11783, 333
2026/09/10 20:02:46.674, 0, 12288, 11783, 333
2026/09/10 20:02:46.881, 0, 12288, 11783, 333
2026/09/10 20:02:47.089, 0, 12288, 11783, 333
2026/09/10 20:02:47.294, 0, 12288, 11783, 333
2026/09/10 20:02:47.502, 0, 12288, 11783, 333
2026/09/10 20:02:47.709, 0, 12288, 11783, 333
2026/09/10 20:02:47.916, 0, 12288, 11783, 333
2026/09/10 20:02:48.124, 0, 12288, 11783, 333
2026/09/10 20:02:48.332, 0, 12288, 11783, 333
2026/09/10 20:02:48.540, 0, 12288, 11783, 333
2026/09/10 20:02:48.748, 0, 12288, 11783, 333
2026/09/10 20:02:48.956, 0, 12288, 11783, 333
2026/09/10 20:02:49.163, 0, 12288, 11783, 333
2026/09/10 20:02:49.371, 0, 12288, 11783, 333
2026/09/10 20:02:49.578, 0, 12288, 11783, 333
2026/09/10 20:02:49.786, 0, 12288, 11783, 333
2026/09/10 20:02:49.994, 0, 12288, 11783, 333
2026/09/10 20:02:50.202, 0, 12288, 11783, 333
2026/09/10 20:02:50.409, 0, 12288, 11783, 333
2026/09/10 20:02:50.616, 0, 12288, 11783, 333
2026/09/10 20:02:50.823, 0, 12288, 11783, 333
2026/09/10 20:02:51.031, 0, 12288, 11783, 333
2026/09/10 20:02:51.238, 0, 12288, 11783, 333
2026/09/10 20:02:51.446, 0, 12288, 11783, 333
2026/09/10 20:02:51.654, 0, 12288, 11783, 333
2026/09/10 20:02:51.862, 0, 12288, 11783, 333
2026/09/10 20:02:52.070, 0, 12288, 11783, 333
2026/09/10 20:02:52.277, 0, 12288, 11783, 333
2026/09/10 20:02:52.484, 0, 12288, 11783, 333
2026/09/10 20:02:52.692, 0, 12288, 11783, 333
2026/09/10 20:02:52.896, 0, 12288, 11783, 333
2026/09/10 20:02:53.103, 0, 12288, 11783, 333
2026/09/10 20:02:53.310, 0, 12288, 11783, 333
2026/09/10 20:02:53.518, 0, 12288, 11783, 333
2026/09/10 20:02:53.725, 0, 12288, 11783, 333
2026/09/10 20:02:53.932, 0, 12288, 11783, 333
2026/09/10 20:02:54.140, 0, 12288, 11783, 333
2026/09/10 20:02:54.348, 0, 12288, 11783, 333
2026/09/10 20:02:54.556, 0, 12288, 11783, 333
2026/09/10 20:02:54.764, 0, 12288, 11783, 333
2026/09/10 20:02:54.972, 0, 12288, 11783, 333
2026/09/10 20:02:55.194, 0, 12288, 11783, 333
2026/09/10 20:02:55.402, 0, 12288, 11783, 333
2026/09/10 20:02:55.610, 0, 12288, 11783, 333
2026/09/10 20:02:55.818, 0, 12288, 11783, 333
2026/09/10 20:02:56.026, 0, 12288, 11783, 333
2026/09/10 20:02:56.234, 0, 12288, 11783, 333
2026/09/10 20:02:56.440, 0, 12288, 11783, 333
2026/09/10 20:02:56.646, 0, 12288, 11783, 333
2026/09/10 20:02:56.854, 0, 12288, 11783, 333
2026/09/10 20:02:57.062, 0, 12288, 11783, 333
2026/09/10 20:02:57.269, 0, 12288, 11783, 333
2026/09/10 20:02:57.477, 0, 12288, 11783, 333
2026/09/10 20:02:57.684, 0, 12288, 11783, 333
2026/09/10 20:02:57.892, 0, 12288, 11783, 333
2026/09/10 20:02:58.097, 0, 12288, 11783, 333
2026/09/10 20:02:58.305, 0, 12288, 11783, 333
2026/09/10 20:02:58.511, 0, 12288, 11783, 333
2026/09/10 20:02:58.719, 0, 12288, 11783, 333
2026/09/10 20:02:58.926, 0, 12288, 11783, 333
2026/09/10 20:02:59.134, 0, 12288, 11783, 333
2026/09/10 20:02:59.341, 0, 12288, 11783, 333
2026/09/10 20:02:59.548, 0, 12288, 11783, 333
2026/09/10 20:02:59.755, 0, 12288, 11783, 333
2026/09/10 20:02:59.963, 0, 12288, 11783, 333
2026/09/10 20:03:00.170, 0, 12288, 11783, 333
2026/09/10 20:03:00.378, 0, 12288, 11783, 333
2026/09/10 20:03:00.586, 0, 12288, 11783, 333
2026/09/10 20:03:00.794, 0, 12288, 11783, 333
2026/09/10 20:03:01.001, 0, 12288, 11783, 333
2026/09/10 20:03:01.209, 0, 12288, 11783, 333
2026/09/10 20:03:01.417, 0, 12288, 11783, 333
2026/09/10 20:03:01.624, 0, 12288, 11783, 333
2026/09/10 20:03:01.832, 0, 12288, 11783, 333
2026/09/10 20:03:02.039, 0, 12288, 11783, 333
2026/09/10 20:03:02.247, 0, 12288, 11783, 333
2026/09/10 20:03:02.455, 0, 12288, 11783, 333
2026/09/10 20:03:02.663, 0, 12288, 11783, 333
2026/09/10 20:03:02.871, 0, 12288, 11783, 333
2026/09/10 20:03:03.079, 0, 12288, 11783, 333
2026/09/10 20:03:03.286, 0, 12288, 11783, 333
2026/09/10 20:03:03.491, 0, 12288, 11783, 333
2026/09/10 20:03:03.698, 0, 12288, 11783, 333
2026/09/10 20:03:03.906, 0, 12288, 11783, 333
2026/09/10 20:03:04.112, 0, 12288, 11783, 333
2026/09/10 20:03:04.320, 0, 12288, 11783, 333
2026/09/10 20:03:04.528, 0, 12288, 11783, 333
2026/09/10 20:03:04.751, 0, 12288, 11783, 333
2026/09/10 20:03:04.959, 0, 12288, 11783, 333
2026/09/10 20:03:05.166, 0, 12288, 11783, 333
2026/09/10 20:03:05.373, 0, 12288, 11783, 333
2026/09/10 20:03:05.581, 0, 12288, 11783, 333
2026/09/10 20:03:05.788, 0, 12288, 11783, 333
2026/09/10 20:03:05.995, 0, 12288, 11783, 333
2026/09/10 20:03:06.202, 0, 12288, 11783, 333
2026/09/10 20:03:06.409, 0, 12288, 11783, 333
2026/09/10 20:03:06.616, 0, 12288, 11783, 333
2026/09/10 20:03:06.824, 0, 12288, 11783, 333
2026/09/10 20:03:07.032, 0, 12288, 11783, 333
2026/09/10 20:03:07.240, 0, 12288, 11783, 333
2026/09/10 20:03:07.464, 0, 12288, 11783, 333
2026/09/10 20:03:07.670, 0, 12288, 11783, 333
2026/09/10 20:03:07.877, 0, 12288, 11783, 333
2026/09/10 20:03:08.084, 0, 12288, 11783, 333
2026/09/10 20:03:08.292, 0, 12288, 11783, 333
2026/09/10 20:03:08.499, 0, 12288, 11783, 333
2026/09/10 20:03:08.707, 0, 12288, 11783, 333
2026/09/10 20:03:08.914, 0, 12288, 11783, 333
2026/09/10 20:03:09.121, 0, 12288, 11783, 333
2026/09/10 20:03:09.327, 0, 12288, 11783, 333
2026/09/10 20:03:09.533, 0, 12288, 11783, 333
2026/09/10 20:03:09.741, 0, 12288, 11783, 333
2026/09/10 20:03:09.949, 0, 12288, 11783, 333
2026/09/10 20:03:10.157, 0, 12288, 11783, 333
2026/09/10 20:03:10.364, 0, 12288, 11783, 333
2026/09/10 20:03:10.572, 0, 12288, 11783, 333
2026/09/10 20:03:10.779, 0, 12288, 11783, 333
2026/09/10 20:03:10.986, 0, 12288, 11783, 333
2026/09/10 20:03:11.194, 0, 12288, 11783, 333
2026/09/10 20:03:11.400, 0, 12288, 11783, 333
2026/09/10 20:03:11.607, 0, 12288, 11783, 333
2026/09/10 20:03:11.815, 0, 12288, 11783, 333
2026/09/10 20:03:12.023, 0, 12288, 11783, 333
2026/09/10 20:03:12.231, 0, 12288, 11783, 333
2026/09/10 20:03:12.439, 0, 12288, 11783, 333
2026/09/10 20:03:12.647, 0, 12288, 11783, 333
2026/09/10 20:03:12.854, 0, 12288, 11783, 333
2026/09/10 20:03:13.061, 0, 12288, 11783, 333
2026/09/10 20:03:13.268, 0, 12288, 11783, 333
2026/09/10 20:03:13.476, 0, 12288, 11783, 333
2026/09/10 20:03:13.684, 0, 12288, 11783, 333
2026/09/10 20:03:13.891, 0, 12288, 11783, 333
2026/09/10 20:03:14.099, 0, 12288, 11783, 333
2026/09/10 20:03:14.306, 0, 12288, 11783, 333
2026/09/10 20:03:14.514, 0, 12288, 11783, 333
2026/09/10 20:03:14.721, 0, 12288, 11783, 333
2026/09/10 20:03:14.928, 0, 12288, 11783, 333
2026/09/10 20:03:15.135, 0, 12288, 11783, 333
2026/09/10 20:03:15.343, 0, 12288, 11783, 333
2026/09/10 20:03:15.551, 0, 12288, 11783, 333
2026/09/10 20:03:15.757, 0, 12288, 11783, 333
2026/09/10 20:03:15.964, 0, 12288, 11783, 333
2026/09/10 20:03:16.171, 0, 12288, 11783, 333
2026/09/10 20:03:16.378, 0, 12288, 11783, 333
2026/09/10 20:03:16.586, 0, 12288, 11783, 333
2026/09/10 20:03:16.794, 0, 12288, 11783, 333
2026/09/10 20:03:17.002, 0, 12288, 11783, 333
2026/09/10 20:03:17.209, 0, 12288, 11783, 333
2026/09/10 20:03:17.416, 0, 12288, 11783, 333
2026/09/10 20:03:17.624, 0, 12288, 11783, 333
2026/09/10 20:03:17.831, 0, 12288, 11783, 333
2026/09/10 20:03:18.038, 0, 12288, 11783, 333
2026/09/10 20:03:18.246, 0, 12288, 11783, 333
2026/09/10 20:03:18.452, 0, 12288, 11783, 333
2026/09/10 20:03:18.660, 0, 12288, 11783, 333
2026/09/10 20:03:18.868, 0, 12288, 11783, 333
2026/09/10 20:03:19.076, 0, 12288, 11783, 333
2026/09/10 20:03:19.284, 0, 12288, 11783, 333
2026/09/10 20:03:19.492, 0, 12288, 11783, 333
2026/09/10 20:03:19.698, 0, 12288, 11783, 333
2026/09/10 20:03:19.906, 0, 12288, 11783, 333
2026/09/10 20:03:20.111, 0, 12288, 11783, 333
2026/09/10 20:03:20.317, 0, 12288, 11783, 333
2026/09/10 20:03:20.524, 0, 12288, 11783, 333
2026/09/10 20:03:20.731, 0, 12288, 11783, 333
2026/09/10 20:03:20.937, 0, 12288, 11783, 333
2026/09/10 20:03:21.143, 0, 12288, 11783, 333
2026/09/10 20:03:21.351, 0, 12288, 11783, 333
2026/09/10 20:03:21.558, 0, 12288, 11783, 333
2026/09/10 20:03:21.765, 0, 12288, 11783, 333
2026/09/10 20:03:21.971, 0, 12288, 11783, 333
2026/09/10 20:03:22.177, 0, 12288, 11783, 333
2026/09/10 20:03:22.384, 0, 12288, 11783, 333
2026/09/10 20:03:22.592, 0, 12288, 11783, 333
2026/09/10 20:03:22.800, 0, 12288, 11783, 333
2026/09/10 20:03:23.006, 0, 12288, 11783, 333
2026/09/10 20:03:23.212, 0, 12288, 11783, 333
2026/09/10 20:03:23.419, 0, 12288, 11783, 333
2026/09/10 20:03:23.627, 0, 12288, 11783, 333
2026/09/10 20:03:23.835, 0, 12288, 11783, 333
2026/09/10 20:03:24.043, 0, 12288, 11783, 333
2026/09/10 20:03:24.251, 0, 12288, 11783, 333
2026/09/10 20:03:24.459, 0, 12288, 11783, 333
2026/09/10 20:03:24.666, 0, 12288, 11783, 333
2026/09/10 20:03:24.874, 0, 12288, 11783, 333
2026/09/10 20:03:25.079, 0, 12288, 11783, 333
2026/09/10 20:03:25.286, 0, 12288, 11783, 333
2026/09/10 20:03:25.494, 0, 12288, 11783, 333
2026/09/10 20:03:25.702, 0, 12288, 11783, 333
2026/09/10 20:03:25.910, 0, 12288, 11783, 333
2026/09/10 20:03:26.118, 0, 12288, 11783, 333
2026/09/10 20:03:26.322, 0, 12288, 11783, 333
2026/09/10 20:03:26.528, 0, 12288, 11783, 333
2026/09/10 20:03:26.736, 0, 12288, 11783, 333
2026/09/10 20:03:26.944, 0, 12288, 11783, 333
2026/09/10 20:03:27.152, 0, 12288, 11783, 333
2026/09/10 20:03:27.359, 0, 12288, 11783, 333
2026/09/10 20:03:27.566, 0, 12288, 11783, 333
2026/09/10 20:03:27.774, 0, 12288, 11783, 333
2026/09/10 20:03:27.982, 0, 12288, 11783, 333
2026/09/10 20:03:28.190, 0, 12288, 11783, 333
2026/09/10 20:03:28.396, 0, 12288, 11783, 333
2026/09/10 20:03:28.604, 0, 12288, 11783, 333
2026/09/10 20:03:28.812, 0, 12288, 11783, 333
2026/09/10 20:03:29.018, 0, 12288, 11783, 333
2026/09/10 20:03:29.225, 0, 12288, 11783, 333
2026/09/10 20:03:29.433, 0, 12288, 11783, 333
2026/09/10 20:03:29.641, 0, 12288, 11783, 333
2026/09/10 20:03:29.849, 0, 12288, 11783, 333
2026/09/10 20:03:30.057, 0, 12288, 11783, 333
2026/09/10 20:03:30.265, 0, 12288, 11783, 333
2026/09/10 20:03:30.471, 0, 12288, 11783, 333
2026/09/10 20:03:30.679, 0, 12288, 11783, 333
2026/09/10 20:03:30.886, 0, 12288, 11783, 333
2026/09/10 20:03:31.094, 0, 12288, 11783, 333
2026/09/10 20:03:31.302, 0, 12288, 11783, 333
2026/09/10 20:03:31.510, 0, 12288, 11783, 333
2026/09/10 20:03:31.716, 0, 12288, 11783, 333
2026/09/10 20:03:31.919, 0, 12288, 11783, 333
2026/09/10 20:03:32.126, 0, 12288, 11783, 333
2026/09/10 20:03:32.332, 0, 12288, 11783, 333
2026/09/10 20:03:32.540, 0, 12288, 11783, 333
2026/09/10 20:03:32.748, 0, 12288, 11783, 333
2026/09/10 20:03:32.956, 0, 12288, 11783, 333
2026/09/10 20:03:33.163, 0, 12288, 11783, 333
2026/09/10 20:03:33.370, 0, 12288, 11783, 333
2026/09/10 20:03:33.578, 0, 12288, 11783, 333
2026/09/10 20:03:33.784, 0, 12288, 11783, 333
2026/09/10 20:03:33.992, 0, 12288, 11783, 333
2026/09/10 20:03:34.200, 0, 12288, 11783, 333
2026/09/10 20:03:34.408, 0, 12288, 11783, 333
2026/09/10 20:03:34.616, 0, 12288, 11783, 333
2026/09/10 20:03:34.823, 0, 12288, 11783, 333
2026/09/10 20:03:35.031, 0, 12288, 11783, 333
2026/09/10 20:03:35.238, 0, 12288, 11783, 333
2026/09/10 20:03:35.445, 0, 12288, 11783, 333
2026/09/10 20:03:35.653, 0, 12288, 11783, 333
2026/09/10 20:03:35.860, 0, 12288, 11783, 333
2026/09/10 20:03:36.067, 0, 12288, 11783, 333
2026/09/10 20:03:36.275, 0, 12288, 11783, 333
2026/09/10 20:03:36.483, 0, 12288, 11783, 333
2026/09/10 20:03:36.687, 0, 12288, 11783, 333
2026/09/10 20:03:36.893, 0, 12288, 11783, 333
2026/09/10 20:03:37.100, 0, 12288, 11783, 333
2026/09/10 20:03:37.306, 0, 12288, 11783, 333
2026/09/10 20:03:37.510, 0, 12288, 11783, 333
2026/09/10 20:03:37.718, 0, 12288, 11783, 333
2026/09/10 20:03:37.925, 0, 12288, 11783, 333
2026/09/10 20:03:38.131, 0, 12288, 11783, 333
2026/09/10 20:03:38.339, 0, 12288, 11783, 333
2026/09/10 20:03:38.547, 0, 12288, 11783, 333
2026/09/10 20:03:38.754, 0, 12288, 11783, 333
2026/09/10 20:03:38.962, 0, 12288, 11783, 333
2026/09/10 20:03:39.169, 0, 12288, 11783, 333
2026/09/10 20:03:39.377, 0, 12288, 11783, 333
2026/09/10 20:03:39.584, 0, 12288, 11783, 333
2026/09/10 20:03:39.792, 0, 12288, 11783, 333
2026/09/10 20:03:39.998, 0, 12288, 11783, 333
2026/09/10 20:03:40.205, 0, 12288, 11783, 333
2026/09/10 20:03:40.412, 0, 12288, 11783, 333
2026/09/10 20:03:40.620, 0, 12288, 11783, 333
2026/09/10 20:03:40.828, 0, 12288, 11783, 333
2026/09/10 20:03:41.034, 0, 12288, 11783, 333
2026/09/10 20:03:41.242, 0, 12288, 11783, 333
2026/09/10 20:03:41.450, 0, 12288, 11783, 333
2026/09/10 20:03:41.656, 0, 12288, 11783, 333
2026/09/10 20:03:41.864, 0, 12288, 11783, 333
2026/09/10 20:03:42.071, 0, 12288, 11783, 333
2026/09/10 20:03:42.279, 0, 12288, 11783, 333
2026/09/10 20:03:42.487, 0, 12288, 11783, 333
2026/09/10 20:03:42.695, 0, 12288, 11783, 333
2026/09/10 20:03:42.916, 0, 12288, 11783, 333
2026/09/10 20:03:43.120, 0, 12288, 11783, 333
2026/09/10 20:03:43.328, 0, 12288, 11783, 333
2026/09/10 20:03:43.535, 0, 12288, 11783, 333
2026/09/10 20:03:43.743, 0, 12288, 11783, 333
2026/09/10 20:03:43.950, 0, 12288, 11783, 333
2026/09/10 20:03:44.156, 0, 12288, 11783, 333
2026/09/10 20:03:44.363, 0, 12288, 11783, 333
2026/09/10 20:03:44.570, 0, 12288, 11783, 333
2026/09/10 20:03:44.778, 0, 12288, 11783, 333
2026/09/10 20:03:44.985, 0, 12288, 11783, 333
2026/09/10 20:03:45.193, 0, 12288, 11783, 333
2026/09/10 20:03:45.401, 0, 12288, 11783, 333
2026/09/10 20:03:45.607, 0, 12288, 11783, 333
2026/09/10 20:03:45.815, 0, 12288, 11783, 333
2026/09/10 20:03:46.022, 0, 12288, 11783, 333
2026/09/10 20:03:46.229, 0, 12288, 11783, 333
2026/09/10 20:03:46.437, 0, 12288, 11783, 333
2026/09/10 20:03:46.644, 0, 12288, 11783, 333
2026/09/10 20:03:46.852, 0, 12288, 11783, 333
2026/09/10 20:03:47.059, 0, 12288, 11783, 333
2026/09/10 20:03:47.266, 0, 12288, 11783, 333
2026/09/10 20:03:47.474, 0, 12288, 11783, 333
2026/09/10 20:03:47.682, 0, 12288, 11783, 333
2026/09/10 20:03:47.890, 0, 12288, 11783, 333
2026/09/10 20:03:48.098, 0, 12288, 11783, 333
2026/09/10 20:03:48.305, 0, 12288, 11783, 333
2026/09/10 20:03:48.514, 0, 12288, 11783, 333
2026/09/10 20:03:48.719, 0, 12288, 11783, 333
2026/09/10 20:03:48.927, 0, 12288, 11783, 333
2026/09/10 20:03:49.135, 0, 12288, 11783, 333
2026/09/10 20:03:49.343, 0, 12288, 11783, 333
2026/09/10 20:03:49.550, 0, 12288, 11783, 333
2026/09/10 20:03:49.757, 0, 12288, 11783, 333
2026/09/10 20:03:49.964, 0, 12288, 11783, 333
2026/09/10 20:03:50.172, 0, 12288, 11783, 333
2026/09/10 20:03:50.380, 0, 12288, 11783, 333
2026/09/10 20:03:50.588, 0, 12288, 11783, 333
2026/09/10 20:03:50.796, 0, 12288, 11783, 333
2026/09/10 20:03:51.002, 0, 12288, 11783, 333
2026/09/10 20:03:51.209, 0, 12288, 11783, 333
2026/09/10 20:03:51.416, 0, 12288, 11783, 333
2026/09/10 20:03:51.624, 0, 12288, 11783, 333
2026/09/10 20:03:51.832, 0, 12288, 11783, 333
2026/09/10 20:03:52.039, 0, 12288, 11783, 333
2026/09/10 20:03:52.247, 0, 12288, 11783, 333
2026/09/10 20:03:52.455, 0, 12288, 11783, 333
2026/09/10 20:03:52.663, 0, 12288, 11783, 333
2026/09/10 20:03:52.871, 0, 12288, 11783, 333
2026/09/10 20:03:53.077, 0, 12288, 11783, 333
2026/09/10 20:03:53.284, 0, 12288, 11783, 333
2026/09/10 20:03:53.492, 0, 12288, 11783, 333
2026/09/10 20:03:53.699, 0, 12288, 11783, 333
2026/09/10 20:03:53.906, 0, 12288, 11783, 333
2026/09/10 20:03:54.114, 0, 12288, 11783, 333
2026/09/10 20:03:54.317, 0, 12288, 11783, 333
2026/09/10 20:03:54.525, 0, 12288, 11783, 333
2026/09/10 20:03:54.732, 0, 12288, 11783, 333
2026/09/10 20:03:54.937, 0, 12288, 11783, 333
2026/09/10 20:03:55.144, 0, 12288, 11783, 333
2026/09/10 20:03:55.351, 0, 12288, 11783, 333
2026/09/10 20:03:55.559, 0, 12288, 11783, 333
2026/09/10 20:03:55.767, 0, 12288, 11783, 333
2026/09/10 20:03:55.974, 0, 12288, 11783, 333
2026/09/10 20:03:56.182, 0, 12288, 11783, 333
2026/09/10 20:03:56.390, 0, 12288, 11783, 333
2026/09/10 20:03:56.597, 0, 12288, 11783, 333
2026/09/10 20:03:56.805, 0, 12288, 11783, 333
2026/09/10 20:03:57.012, 0, 12288, 11783, 333
2026/09/10 20:03:57.220, 0, 12288, 11783, 333
2026/09/10 20:03:57.428, 0, 12288, 11783, 333
2026/09/10 20:03:57.636, 0, 12288, 11783, 333
2026/09/10 20:03:57.843, 0, 12288, 11783, 333
2026/09/10 20:03:58.050, 0, 12288, 11783, 333
2026/09/10 20:03:58.258, 0, 12288, 11783, 333
2026/09/10 20:03:58.466, 0, 12288, 11783, 333
2026/09/10 20:03:58.673, 0, 12288, 11783, 333
2026/09/10 20:03:58.881, 0, 12288, 11783, 333
2026/09/10 20:03:59.088, 0, 12288, 11783, 333
2026/09/10 20:03:59.296, 0, 12288, 11783, 333
2026/09/10 20:03:59.504, 0, 12288, 11783, 333
2026/09/10 20:03:59.712, 0, 12288, 11783, 333
2026/09/10 20:03:59.916, 0, 12288, 11783, 333
2026/09/10 20:04:00.123, 0, 12288, 11783, 333
2026/09/10 20:04:00.331, 0, 12288, 11783, 333
2026/09/10 20:04:00.538, 0, 12288, 11783, 333
2026/09/10 20:04:00.745, 0, 12288, 11783, 333
2026/09/10 20:04:00.953, 0, 12288, 11783, 333
2026/09/10 20:04:01.161, 0, 12288, 11783, 333
2026/09/10 20:04:01.369, 0, 12288, 11783, 333
2026/09/10 20:04:01.577, 0, 12288, 11783, 333
2026/09/10 20:04:01.782, 0, 12288, 11783, 333
2026/09/10 20:04:01.990, 0, 12288, 11783, 333
2026/09/10 20:04:02.198, 0, 12288, 11783, 333
2026/09/10 20:04:02.405, 0, 12288, 11783, 333
2026/09/10 20:04:02.612, 0, 12288, 11783, 333
2026/09/10 20:04:02.820, 0, 12288, 11783, 333
2026/09/10 20:04:03.028, 0, 12288, 11783, 333
2026/09/10 20:04:03.234, 0, 12288, 11783, 333
2026/09/10 20:04:03.443, 0, 12288, 11783, 333
2026/09/10 20:04:03.650, 0, 12288, 11783, 333
2026/09/10 20:04:03.858, 0, 12288, 11783, 333
2026/09/10 20:04:04.066, 0, 12288, 11783, 333
2026/09/10 20:04:04.274, 0, 12288, 11783, 333
2026/09/10 20:04:04.482, 0, 12288, 11783, 333
2026/09/10 20:04:04.688, 0, 12288, 11783, 333
2026/09/10 20:04:04.896, 0, 12288, 11783, 333
2026/09/10 20:04:05.103, 0, 12288, 11783, 333
2026/09/10 20:04:05.311, 0, 12288, 11783, 333
2026/09/10 20:04:05.516, 0, 12288, 11783, 333
2026/09/10 20:04:05.724, 0, 12288, 11783, 333
2026/09/10 20:04:05.930, 0, 12288, 11783, 333
2026/09/10 20:04:06.138, 0, 12288, 11783, 333
2026/09/10 20:04:06.345, 0, 12288, 11783, 333
2026/09/10 20:04:06.553, 0, 12288, 11783, 333
2026/09/10 20:04:06.760, 0, 12288, 11783, 333
2026/09/10 20:04:06.967, 0, 12288, 11783, 333
2026/09/10 20:04:07.175, 0, 12288, 11783, 333
2026/09/10 20:04:07.383, 0, 12288, 11783, 333
2026/09/10 20:04:07.589, 0, 12288, 11783, 333
2026/09/10 20:04:07.797, 0, 12288, 11783, 333
2026/09/10 20:04:08.004, 0, 12288, 11783, 333
2026/09/10 20:04:08.211, 0, 12288, 11783, 333
2026/09/10 20:04:08.418, 0, 12288, 11783, 333
2026/09/10 20:04:08.626, 0, 12288, 11783, 333
2026/09/10 20:04:08.834, 0, 12288, 11783, 333
2026/09/10 20:04:09.042, 0, 12288, 11783, 333
2026/09/10 20:04:09.250, 0, 12288, 11783, 333
2026/09/10 20:04:09.457, 0, 12288, 11783, 333
2026/09/10 20:04:09.663, 0, 12288, 11783, 333
2026/09/10 20:04:09.871, 0, 12288, 11783, 333
2026/09/10 20:04:10.078, 0, 12288, 11783, 333
2026/09/10 20:04:10.286, 0, 12288, 11783, 333
2026/09/10 20:04:10.494, 0, 12288, 11783, 333
2026/09/10 20:04:10.702, 0, 12288, 11783, 333
2026/09/10 20:04:10.910, 0, 12288, 11783, 333
2026/09/10 20:04:11.116, 0, 12288, 11783, 333
2026/09/10 20:04:11.323, 0, 12288, 11783, 333
2026/09/10 20:04:11.530, 0, 12288, 11783, 333
2026/09/10 20:04:11.737, 0, 12288, 11783, 333
2026/09/10 20:04:11.944, 0, 12288, 11783, 333
2026/09/10 20:04:12.152, 0, 12288, 11783, 333
2026/09/10 20:04:12.359, 0, 12288, 11783, 333
2026/09/10 20:04:12.567, 0, 12288, 11783, 333
2026/09/10 20:04:12.774, 0, 12288, 11783, 333
2026/09/10 20:04:12.981, 0, 12288, 11783, 333
2026/09/10 20:04:13.189, 0, 12288, 11783, 333
2026/09/10 20:04:13.396, 0, 12288, 11783, 333
2026/09/10 20:04:13.604, 0, 12288, 11783, 333
2026/09/10 20:04:13.811, 0, 12288, 11783, 333
2026/09/10 20:04:14.016, 0, 12288, 11783, 333
2026/09/10 20:04:14.223, 0, 12288, 11783, 333
2026/09/10 20:04:14.429, 0, 12288, 11783, 333
2026/09/10 20:04:14.637, 0, 12288, 11783, 333
2026/09/10 20:04:14.845, 0, 12288, 11783, 333
2026/09/10 20:04:15.053, 0, 12288, 11783, 333
2026/09/10 20:04:15.260, 0, 12288, 11783, 333
2026/09/10 20:04:15.468, 0, 12288, 11783, 333
2026/09/10 20:04:15.673, 0, 12288, 11783, 333
2026/09/10 20:04:15.880, 0, 12288, 11783, 333
2026/09/10 20:04:16.088, 0, 12288, 11783, 333
2026/09/10 20:04:16.296, 0, 12288, 11783, 333
2026/09/10 20:04:16.504, 0, 12288, 11783, 333
2026/09/10 20:04:16.709, 0, 12288, 11783, 333
2026/09/10 20:04:16.916, 0, 12288, 11783, 333
2026/09/10 20:04:17.124, 0, 12288, 11783, 333
2026/09/10 20:04:17.331, 0, 12288, 11783, 333
2026/09/10 20:04:17.538, 0, 12288, 11783, 333
2026/09/10 20:04:17.746, 0, 12288, 11783, 333
2026/09/10 20:04:17.953, 0, 12288, 11783, 333
2026/09/10 20:04:18.160, 0, 12288, 11783, 333
2026/09/10 20:04:18.368, 0, 12288, 11783, 333
2026/09/10 20:04:18.575, 0, 12288, 11783, 333
2026/09/10 20:04:18.783, 0, 12288, 11783, 333
2026/09/10 20:04:18.989, 0, 12288, 11783, 333
2026/09/10 20:04:19.196, 0, 12288, 11783, 333
2026/09/10 20:04:19.404, 0, 12288, 11783, 333
2026/09/10 20:04:19.611, 0, 12288, 11783, 333
2026/09/10 20:04:19.819, 0, 12288, 11783, 333
2026/09/10 20:04:20.027, 0, 12288, 11783, 333
2026/09/10 20:04:20.234, 0, 12288, 11783, 333
2026/09/10 20:04:20.441, 0, 12288, 11783, 333
2026/09/10 20:04:20.649, 0, 12288, 11783, 333
2026/09/10 20:04:20.857, 0, 12288, 11783, 333
2026/09/10 20:04:21.064, 0, 12288, 11783, 333
2026/09/10 20:04:21.271, 0, 12288, 11783, 333
2026/09/10 20:04:21.479, 0, 12288, 11783, 333
2026/09/10 20:04:21.686, 0, 12288, 11783, 333
2026/09/10 20:04:21.894, 0, 12288, 11783, 333
2026/09/10 20:04:22.102, 0, 12288, 11783, 333
2026/09/10 20:04:22.308, 0, 12288, 11783, 333
2026/09/10 20:04:22.515, 0, 12288, 11783, 333
2026/09/10 20:04:22.723, 0, 12288, 11783, 333
2026/09/10 20:04:22.931, 0, 12288, 11783, 333
2026/09/10 20:04:23.139, 0, 12288, 11783, 333
2026/09/10 20:04:23.347, 0, 12288, 11783, 333
2026/09/10 20:04:23.555, 0, 12288, 11783, 333
2026/09/10 20:04:23.762, 0, 12288, 11783, 333
2026/09/10 20:04:23.968, 0, 12288, 11783, 333
2026/09/10 20:04:24.176, 0, 12288, 11783, 333
2026/09/10 20:04:24.384, 0, 12288, 11783, 333
2026/09/10 20:04:24.591, 0, 12288, 11783, 333
2026/09/10 20:04:24.799, 0, 12288, 11783, 333
2026/09/10 20:04:25.006, 0, 12288, 11783, 333
2026/09/10 20:04:25.212, 0, 12288, 11783, 333
2026/09/10 20:04:25.420, 0, 12288, 11783, 333
2026/09/10 20:04:25.628, 0, 12288, 11783, 333
2026/09/10 20:04:25.835, 0, 12288, 11783, 333
2026/09/10 20:04:26.043, 0, 12288, 11783, 333
2026/09/10 20:04:26.251, 0, 12288, 11783, 333
2026/09/10 20:04:26.459, 0, 12288, 11783, 333
2026/09/10 20:04:26.667, 0, 12288, 11783, 333
2026/09/10 20:04:26.874, 0, 12288, 11783, 333
2026/09/10 20:04:27.079, 0, 12288, 11783, 333
2026/09/10 20:04:27.287, 0, 12288, 11783, 333
2026/09/10 20:04:27.495, 0, 12288, 11783, 333
2026/09/10 20:04:27.702, 0, 12288, 11783, 333
2026/09/10 20:04:27.910, 0, 12288, 11783, 333
2026/09/10 20:04:28.118, 0, 12288, 11783, 333
2026/09/10 20:04:28.325, 0, 12288, 11783, 333
2026/09/10 20:04:28.532, 0, 12288, 11783, 333
2026/09/10 20:04:28.740, 0, 12288, 11783, 333
2026/09/10 20:04:28.946, 0, 12288, 11783, 333
2026/09/10 20:04:29.154, 0, 12288, 11783, 333
2026/09/10 20:04:29.360, 0, 12288, 11783, 333
2026/09/10 20:04:29.566, 0, 12288, 11783, 333
2026/09/10 20:04:29.774, 0, 12288, 11783, 333
2026/09/10 20:04:29.981, 0, 12288, 11783, 333
2026/09/10 20:04:30.188, 0, 12288, 11783, 333
2026/09/10 20:04:30.396, 0, 12288, 11783, 333
2026/09/10 20:04:30.619, 0, 12288, 11783, 333
2026/09/10 20:04:30.827, 0, 12288, 11783, 333
2026/09/10 20:04:31.035, 0, 12288, 11783, 333
2026/09/10 20:04:31.243, 0, 12288, 11783, 333
2026/09/10 20:04:31.451, 0, 12288, 11783, 333
2026/09/10 20:04:31.659, 0, 12288, 11783, 333
2026/09/10 20:04:31.866, 0, 12288, 11783, 333
2026/09/10 20:04:32.073, 0, 12288, 11783, 333
2026/09/10 20:04:32.280, 0, 12288, 11783, 333
2026/09/10 20:04:32.487, 0, 12288, 11783, 333
2026/09/10 20:04:32.694, 0, 12288, 11783, 333
2026/09/10 20:04:32.900, 0, 12288, 11783, 333
2026/09/10 20:04:33.107, 0, 12288, 11783, 333
2026/09/10 20:04:33.313, 0, 12288, 11783, 333
2026/09/10 20:04:33.518, 0, 12288, 11783, 333
2026/09/10 20:04:33.725, 0, 12288, 11783, 333
2026/09/10 20:04:33.932, 0, 12288, 11783, 333
2026/09/10 20:04:34.139, 0, 12288, 11783, 333
2026/09/10 20:04:34.346, 0, 12288, 11783, 333
2026/09/10 20:04:34.552, 0, 12288, 11783, 333
2026/09/10 20:04:34.760, 0, 12288, 11783, 333
2026/09/10 20:04:34.967, 0, 12288, 11783, 333
2026/09/10 20:04:35.174, 0, 12288, 11783, 333
2026/09/10 20:04:35.382, 0, 12288, 11783, 333
2026/09/10 20:04:35.590, 0, 12288, 11783, 333
2026/09/10 20:04:35.798, 0, 12288, 11783, 333
2026/09/10 20:04:36.005, 0, 12288, 11783, 333
2026/09/10 20:04:36.212, 0, 12288, 11783, 333
2026/09/10 20:04:36.419, 0, 12288, 11783, 333
2026/09/10 20:04:36.626, 0, 12288, 11783, 333
2026/09/10 20:04:36.834, 0, 12288, 11783, 333
2026/09/10 20:04:37.041, 0, 12288, 11783, 333
2026/09/10 20:04:37.248, 0, 12288, 11783, 333
2026/09/10 20:04:37.455, 0, 12288, 11783, 333
2026/09/10 20:04:37.663, 0, 12288, 11783, 333
2026/09/10 20:04:37.870, 0, 12288, 11783, 333
2026/09/10 20:04:38.078, 0, 12288, 11783, 333
2026/09/10 20:04:38.286, 0, 12288, 11783, 333
2026/09/10 20:04:38.494, 0, 12288, 11783, 333
2026/09/10 20:04:38.702, 0, 12288, 11783, 333
2026/09/10 20:04:38.909, 0, 12288, 11783, 333
2026/09/10 20:04:39.117, 0, 12288, 11783, 333
2026/09/10 20:04:39.325, 0, 12288, 11783, 333
2026/09/10 20:04:39.533, 0, 12288, 11783, 333
2026/09/10 20:04:39.741, 0, 12288, 11783, 333
2026/09/10 20:04:39.948, 0, 12288, 11783, 333
2026/09/10 20:04:40.153, 0, 12288, 11783, 333
2026/09/10 20:04:40.360, 0, 12288, 11783, 333
2026/09/10 20:04:40.567, 0, 12288, 11783, 333
2026/09/10 20:04:40.775, 0, 12288, 11783, 333
2026/09/10 20:04:40.982, 0, 12288, 11783, 333
2026/09/10 20:04:41.189, 0, 12288, 11783, 333
2026/09/10 20:04:41.396, 0, 12288, 11783, 333
2026/09/10 20:04:41.602, 0, 12288, 11783, 333
2026/09/10 20:04:41.810, 0, 12288, 11783, 333
2026/09/10 20:04:42.018, 0, 12288, 11783, 333
2026/09/10 20:04:42.225, 0, 12288, 11783, 333
2026/09/10 20:04:42.432, 0, 12288, 11783, 333
2026/09/10 20:04:42.639, 0, 12288, 11783, 333
2026/09/10 20:04:42.847, 0, 12288, 11783, 333
2026/09/10 20:04:43.055, 0, 12288, 11783, 333
2026/09/10 20:04:43.262, 0, 12288, 11783, 333
2026/09/10 20:04:43.470, 0, 12288, 11783, 333
2026/09/10 20:04:43.678, 0, 12288, 11783, 333
2026/09/10 20:04:43.886, 0, 12288, 11783, 333
2026/09/10 20:04:44.094, 0, 12288, 11783, 333
2026/09/10 20:04:44.299, 0, 12288, 11783, 333
2026/09/10 20:04:44.507, 0, 12288, 11783, 333
2026/09/10 20:04:44.715, 0, 12288, 11783, 333
2026/09/10 20:04:44.923, 0, 12288, 11783, 333
2026/09/10 20:04:45.130, 0, 12288, 11783, 333
2026/09/10 20:04:45.338, 0, 12288, 11783, 333
2026/09/10 20:04:45.545, 0, 12288, 11783, 333
2026/09/10 20:04:45.748, 0, 12288, 11783, 333
2026/09/10 20:04:45.955, 0, 12288, 11783, 333
2026/09/10 20:04:46.163, 0, 12288, 11783, 333
2026/09/10 20:04:46.371, 0, 12288, 11783, 333
2026/09/10 20:04:46.578, 0, 12288, 11783, 333
2026/09/10 20:04:46.784, 0, 12288, 11783, 333
2026/09/10 20:04:46.991, 0, 12288, 11783, 333
2026/09/10 20:04:47.199, 0, 12288, 11783, 333
2026/09/10 20:04:47.407, 0, 12288, 11783, 333
2026/09/10 20:04:47.614, 0, 12288, 11783, 333
2026/09/10 20:04:47.822, 0, 12288, 11783, 333
2026/09/10 20:04:48.029, 0, 12288, 11783, 333
2026/09/10 20:04:48.235, 0, 12288, 11783, 333
2026/09/10 20:04:48.443, 0, 12288, 11783, 333
2026/09/10 20:04:48.651, 0, 12288, 11783, 333
2026/09/10 20:04:48.859, 0, 12288, 11783, 333
2026/09/10 20:04:49.067, 0, 12288, 11783, 333
2026/09/10 20:04:49.275, 0, 12288, 11783, 333
2026/09/10 20:04:49.482, 0, 12288, 11783, 333
2026/09/10 20:04:49.704, 0, 12288, 11783, 333
2026/09/10 20:04:49.912, 0, 12288, 11783, 333
2026/09/10 20:04:50.120, 0, 12288, 11783, 333
2026/09/10 20:04:50.328, 0, 12288, 11783, 333
2026/09/10 20:04:50.536, 0, 12288, 11783, 333
2026/09/10 20:04:50.744, 0, 12288, 11783, 333
2026/09/10 20:04:50.951, 0, 12288, 11783, 333
2026/09/10 20:04:51.157, 0, 12288, 11783, 333
2026/09/10 20:04:51.362, 0, 12288, 11783, 333
2026/09/10 20:04:51.569, 0, 12288, 11783, 333
2026/09/10 20:04:51.776, 0, 12288, 11783, 333
2026/09/10 20:04:51.983, 0, 12288, 11783, 333
2026/09/10 20:04:52.191, 0, 12288, 11783, 333
2026/09/10 20:04:52.399, 0, 12288, 11783, 333
2026/09/10 20:04:52.606, 0, 12288, 11783, 333
2026/09/10 20:04:52.813, 0, 12288, 11783, 333
2026/09/10 20:04:53.020, 0, 12288, 11783, 333
2026/09/10 20:04:53.228, 0, 12288, 11783, 333
2026/09/10 20:04:53.436, 0, 12288, 11783, 333
2026/09/10 20:04:53.642, 0, 12288, 11783, 333
2026/09/10 20:04:53.849, 0, 12288, 11783, 333
2026/09/10 20:04:54.057, 0, 12288, 11783, 333
2026/09/10 20:04:54.264, 0, 12288, 11783, 333
2026/09/10 20:04:54.472, 0, 12288, 11783, 333
2026/09/10 20:04:54.680, 0, 12288, 11783, 333
2026/09/10 20:04:54.888, 0, 12288, 11783, 333
2026/09/10 20:04:55.094, 0, 12288, 11783, 333
2026/09/10 20:04:55.300, 0, 12288, 11783, 333
2026/09/10 20:04:55.508, 0, 12288, 11783, 333
2026/09/10 20:04:55.716, 0, 12288, 11783, 333
2026/09/10 20:04:55.924, 0, 12288, 11783, 333
2026/09/10 20:04:56.132, 0, 12288, 11783, 333
2026/09/10 20:04:56.339, 0, 12288, 11783, 333
2026/09/10 20:04:56.547, 0, 12288, 11783, 333
2026/09/10 20:04:56.754, 0, 12288, 11783, 333
2026/09/10 20:04:56.958, 0, 12288, 11783, 333
2026/09/10 20:04:57.165, 0, 12288, 11783, 333
2026/09/10 20:04:57.374, 0, 12288, 11783, 333
2026/09/10 20:04:57.580, 0, 12288, 11783, 333
2026/09/10 20:04:57.787, 0, 12288, 11783, 333
2026/09/10 20:04:57.994, 0, 12288, 11783, 333
2026/09/10 20:04:58.201, 0, 12288, 11783, 333
2026/09/10 20:04:58.408, 0, 12288, 11783, 333
2026/09/10 20:04:58.615, 0, 12288, 11783, 333
2026/09/10 20:04:58.822, 0, 12288, 11783, 333
2026/09/10 20:04:59.024, 0, 12288, 11783, 333
2026/09/10 20:04:59.231, 0, 12288, 11783, 333
2026/09/10 20:04:59.439, 0, 12288, 11783, 333
2026/09/10 20:04:59.646, 0, 12288, 11783, 333
2026/09/10 20:04:59.851, 0, 12288, 11783, 333
2026/09/10 20:05:00.059, 0, 12288, 11783, 333
2026/09/10 20:05:00.266, 0, 12288, 11783, 333
2026/09/10 20:05:00.472, 0, 12288, 11783, 333
2026/09/10 20:05:00.678, 0, 12288, 11783, 333
2026/09/10 20:05:00.884, 0, 12288, 11783, 333
2026/09/10 20:05:01.092, 0, 12288, 11783, 333
2026/09/10 20:05:01.300, 0, 12288, 11783, 333
2026/09/10 20:05:01.508, 0, 12288, 11783, 333
2026/09/10 20:05:01.716, 0, 12288, 11783, 333
2026/09/10 20:05:01.924, 0, 12288, 11783, 333
2026/09/10 20:05:02.132, 0, 12288, 11783, 333
2026/09/10 20:05:02.340, 0, 12288, 11783, 333
2026/09/10 20:05:02.545, 0, 12288, 11783, 333
2026/09/10 20:05:02.753, 0, 12288, 11783, 333
2026/09/10 20:05:02.959, 0, 12288, 11783, 333
2026/09/10 20:05:03.166, 0, 12288, 11783, 333
2026/09/10 20:05:03.374, 0, 12288, 11783, 333
2026/09/10 20:05:03.582, 0, 12288, 11783, 333
2026/09/10 20:05:03.790, 0, 12288, 11783, 333
2026/09/10 20:05:03.998, 0, 12288, 11783, 333
2026/09/10 20:05:04.206, 0, 12288, 11783, 333
2026/09/10 20:05:04.414, 0, 12288, 11783, 333
2026/09/10 20:05:04.622, 0, 12288, 11783, 333
2026/09/10 20:05:04.829, 0, 12288, 11783, 333
2026/09/10 20:05:05.037, 0, 12288, 11783, 333
2026/09/10 20:05:05.244, 0, 12288, 11783, 333
2026/09/10 20:05:05.452, 0, 12288, 11783, 333
2026/09/10 20:05:05.659, 0, 12288, 11783, 333
2026/09/10 20:05:05.867, 0, 12288, 11783, 333
2026/09/10 20:05:06.073, 0, 12288, 11783, 333
2026/09/10 20:05:06.280, 0, 12288, 11783, 333
2026/09/10 20:05:06.488, 0, 12288, 11783, 333
2026/09/10 20:05:06.696, 0, 12288, 11783, 333
2026/09/10 20:05:06.904, 0, 12288, 11783, 333
2026/09/10 20:05:07.112, 0, 12288, 11783, 333
2026/09/10 20:05:07.320, 0, 12288, 11783, 333
2026/09/10 20:05:07.527, 0, 12288, 11783, 333
2026/09/10 20:05:07.735, 0, 12288, 11783, 333
2026/09/10 20:05:07.942, 0, 12288, 11783, 333
2026/09/10 20:05:08.148, 0, 12288, 11783, 333
2026/09/10 20:05:08.356, 0, 12288, 11783, 333
2026/09/10 20:05:08.564, 0, 12288, 11783, 333
2026/09/10 20:05:08.771, 0, 12288, 11783, 333
2026/09/10 20:05:08.978, 0, 12288, 11783, 333
2026/09/10 20:05:09.186, 0, 12288, 11783, 333
2026/09/10 20:05:09.394, 0, 12288, 11783, 333
2026/09/10 20:05:09.602, 0, 12288, 11783, 333
2026/09/10 20:05:09.810, 0, 12288, 11783, 333
2026/09/10 20:05:10.016, 0, 12288, 11783, 333
2026/09/10 20:05:10.223, 0, 12288, 11783, 333
2026/09/10 20:05:10.431, 0, 12288, 11783, 333
2026/09/10 20:05:10.639, 0, 12288, 11783, 333
2026/09/10 20:05:10.846, 0, 12288, 11783, 333
2026/09/10 20:05:11.054, 0, 12288, 11783, 333
2026/09/10 20:05:11.261, 0, 12288, 11783, 333
2026/09/10 20:05:11.468, 0, 12288, 11783, 333
2026/09/10 20:05:11.676, 0, 12288, 11783, 333
2026/09/10 20:05:11.883, 0, 12288, 11783, 333
2026/09/10 20:05:12.091, 0, 12288, 11783, 333
2026/09/10 20:05:12.299, 0, 12288, 11783, 333
2026/09/10 20:05:12.506, 0, 12288, 11783, 333
2026/09/10 20:05:12.713, 0, 12288, 11783, 333
2026/09/10 20:05:12.919, 0, 12288, 11783, 333
2026/09/10 20:05:13.127, 0, 12288, 11783, 333
2026/09/10 20:05:13.335, 0, 12288, 11783, 333
2026/09/10 20:05:13.542, 0, 12288, 11783, 333
2026/09/10 20:05:13.747, 0, 12288, 11783, 333
2026/09/10 20:05:13.954, 0, 12288, 11783, 333
2026/09/10 20:05:14.162, 0, 12288, 11783, 333
2026/09/10 20:05:14.368, 0, 12288, 11783, 333
2026/09/10 20:05:14.575, 0, 12288, 11783, 333
2026/09/10 20:05:14.782, 0, 12288, 11783, 333
2026/09/10 20:05:14.990, 0, 12288, 11783, 333
2026/09/10 20:05:15.197, 0, 12288, 11783, 333
2026/09/10 20:05:15.404, 0, 12288, 11783, 333
2026/09/10 20:05:15.612, 0, 12288, 11783, 333
2026/09/10 20:05:15.819, 0, 12288, 11783, 333
2026/09/10 20:05:16.027, 0, 12288, 11783, 333
2026/09/10 20:05:16.235, 0, 12288, 11783, 333
2026/09/10 20:05:16.443, 0, 12288, 11783, 333
2026/09/10 20:05:16.651, 0, 12288, 11783, 333
2026/09/10 20:05:16.858, 0, 12288, 11783, 333
2026/09/10 20:05:17.065, 0, 12288, 11783, 333
2026/09/10 20:05:17.273, 0, 12288, 11783, 333
2026/09/10 20:05:17.480, 0, 12288, 11783, 333
2026/09/10 20:05:17.687, 0, 12288, 11783, 333
2026/09/10 20:05:17.894, 0, 12288, 11783, 333
2026/09/10 20:05:18.100, 0, 12288, 11783, 333
2026/09/10 20:05:18.307, 0, 12288, 11783, 333
2026/09/10 20:05:18.515, 0, 12288, 11783, 333
2026/09/10 20:05:18.722, 0, 12288, 11783, 333
2026/09/10 20:05:18.929, 0, 12288, 11783, 333
2026/09/10 20:05:19.136, 0, 12288, 11783, 333
2026/09/10 20:05:19.341, 0, 12288, 11783, 333
2026/09/10 20:05:19.548, 0, 12288, 11783, 333
2026/09/10 20:05:19.756, 0, 12288, 11783, 333
2026/09/10 20:05:19.964, 0, 12288, 11783, 333
2026/09/10 20:05:20.172, 0, 12288, 11783, 333
2026/09/10 20:05:20.380, 0, 12288, 11783, 333
2026/09/10 20:05:20.588, 0, 12288, 11783, 333
2026/09/10 20:05:20.796, 0, 12288, 11783, 333
2026/09/10 20:05:21.004, 0, 12288, 11783, 333
2026/09/10 20:05:21.211, 0, 12288, 11783, 333
2026/09/10 20:05:21.417, 0, 12288, 11783, 333
2026/09/10 20:05:21.625, 0, 12288, 11783, 333
2026/09/10 20:05:21.831, 0, 12288, 11783, 333
2026/09/10 20:05:22.038, 0, 12288, 11783, 333
2026/09/10 20:05:22.245, 0, 12288, 11783, 333
2026/09/10 20:05:22.453, 0, 12288, 11783, 333
2026/09/10 20:05:22.660, 0, 12288, 11783, 333
2026/09/10 20:05:22.868, 0, 12288, 11783, 333
2026/09/10 20:05:23.076, 0, 12288, 11783, 333
2026/09/10 20:05:23.284, 0, 12288, 11783, 333
2026/09/10 20:05:23.492, 0, 12288, 11783, 333
2026/09/10 20:05:23.698, 0, 12288, 11783, 333
2026/09/10 20:05:23.906, 0, 12288, 11783, 333
2026/09/10 20:05:24.114, 0, 12288, 11783, 333
2026/09/10 20:05:24.322, 0, 12288, 11783, 333
2026/09/10 20:05:24.529, 0, 12288, 11783, 333
2026/09/10 20:05:24.737, 0, 12288, 11783, 333
2026/09/10 20:05:24.941, 0, 12288, 11783, 333
2026/09/10 20:05:25.148, 0, 12288, 11783, 333
2026/09/10 20:05:25.356, 0, 12288, 11783, 333
2026/09/10 20:05:25.564, 0, 12288, 11783, 333
2026/09/10 20:05:25.772, 0, 12288, 11783, 333
2026/09/10 20:05:25.980, 0, 12288, 11783, 333
2026/09/10 20:05:26.187, 0, 12288, 11783, 333
2026/09/10 20:05:26.394, 0, 12288, 11783, 333
2026/09/10 20:05:26.600, 0, 12288, 11783, 333
2026/09/10 20:05:26.808, 0, 12288, 11783, 333
2026/09/10 20:05:27.016, 0, 12288, 11783, 333
2026/09/10 20:05:27.224, 0, 12288, 11783, 333
2026/09/10 20:05:27.432, 0, 12288, 11783, 333
2026/09/10 20:05:27.640, 0, 12288, 11783, 333
2026/09/10 20:05:27.846, 0, 12288, 11783, 333
2026/09/10 20:05:28.053, 0, 12288, 11783, 333
2026/09/10 20:05:28.259, 0, 12288, 11783, 333
2026/09/10 20:05:28.467, 0, 12288, 11783, 333
2026/09/10 20:05:28.675, 0, 12288, 11783, 333
2026/09/10 20:05:28.882, 0, 12288, 11783, 333
2026/09/10 20:05:29.089, 0, 12288, 11783, 333
2026/09/10 20:05:29.295, 0, 12288, 11783, 333
2026/09/10 20:05:29.502, 0, 12288, 11783, 333
2026/09/10 20:05:29.710, 0, 12288, 11783, 333
2026/09/10 20:05:29.918, 0, 12288, 11783, 333
2026/09/10 20:05:30.126, 0, 12288, 11783, 333
2026/09/10 20:05:30.332, 0, 12288, 11783, 333
2026/09/10 20:05:30.537, 0, 12288, 11783, 333
2026/09/10 20:05:30.744, 0, 12288, 11783, 333
2026/09/10 20:05:30.952, 0, 12288, 11783, 333
2026/09/10 20:05:31.160, 0, 12288, 11783, 333
2026/09/10 20:05:31.368, 0, 12288, 11783, 333
2026/09/10 20:05:31.575, 0, 12288, 11783, 333
2026/09/10 20:05:31.783, 0, 12288, 11783, 333
2026/09/10 20:05:31.988, 0, 12288, 11783, 333
2026/09/10 20:05:32.195, 0, 12288, 11783, 333
2026/09/10 20:05:32.402, 0, 12288, 11783, 333
2026/09/10 20:05:32.609, 0, 12288, 11783, 333
2026/09/10 20:05:32.816, 0, 12288, 11783, 333
2026/09/10 20:05:33.024, 0, 12288, 11783, 333
2026/09/10 20:05:33.232, 0, 12288, 11783, 333
2026/09/10 20:05:33.438, 0, 12288, 11783, 333
2026/09/10 20:05:33.645, 0, 12288, 11783, 333
2026/09/10 20:05:33.849, 0, 12288, 11783, 333
2026/09/10 20:05:34.055, 0, 12288, 11783, 333
2026/09/10 20:05:34.261, 0, 12288, 11783, 333
2026/09/10 20:05:34.469, 0, 12288, 11783, 333
2026/09/10 20:05:34.676, 0, 12288, 11783, 333
2026/09/10 20:05:34.883, 0, 12288, 11783, 333
2026/09/10 20:05:35.091, 0, 12288, 11783, 333
2026/09/10 20:05:35.297, 0, 12288, 11783, 333
2026/09/10 20:05:35.505, 0, 12288, 11783, 333
2026/09/10 20:05:35.713, 0, 12288, 11783, 333
2026/09/10 20:05:35.921, 0, 12288, 11783, 333
2026/09/10 20:05:36.127, 0, 12288, 11783, 333
2026/09/10 20:05:36.332, 0, 12288, 11783, 333
2026/09/10 20:05:36.540, 0, 12288, 11783, 333
2026/09/10 20:05:36.748, 0, 12288, 11783, 333
2026/09/10 20:05:36.955, 0, 12288, 11783, 333
2026/09/10 20:05:37.163, 0, 12288, 11783, 333
2026/09/10 20:05:37.371, 0, 12288, 11783, 333
2026/09/10 20:05:37.579, 0, 12288, 11783, 333
2026/09/10 20:05:37.787, 0, 12288, 11783, 333
2026/09/10 20:05:37.995, 0, 12288, 11783, 333
2026/09/10 20:05:38.202, 0, 12288, 11783, 333
2026/09/10 20:05:38.410, 0, 12288, 11783, 333
2026/09/10 20:05:38.616, 0, 12288, 11783, 333
2026/09/10 20:05:38.823, 0, 12288, 11783, 333
2026/09/10 20:05:39.031, 0, 12288, 11783, 333
2026/09/10 20:05:39.239, 0, 12288, 11783, 333
2026/09/10 20:05:39.447, 0, 12288, 11783, 333
2026/09/10 20:05:39.655, 0, 12288, 11783, 333
2026/09/10 20:05:39.863, 0, 12288, 11783, 333
2026/09/10 20:05:40.071, 0, 12288, 11783, 333
2026/09/10 20:05:40.279, 0, 12288, 11783, 333
2026/09/10 20:05:40.486, 0, 12288, 11783, 333
2026/09/10 20:05:40.694, 0, 12288, 11783, 333
2026/09/10 20:05:40.902, 0, 12288, 11783, 333
2026/09/10 20:05:41.109, 0, 12288, 11783, 333
2026/09/10 20:05:41.315, 0, 12288, 11783, 333
2026/09/10 20:05:41.522, 0, 12288, 11783, 333
2026/09/10 20:05:41.728, 0, 12288, 11783, 333
2026/09/10 20:05:41.936, 0, 12288, 11783, 333
2026/09/10 20:05:42.143, 0, 12288, 11783, 333
2026/09/10 20:05:42.351, 0, 12288, 11783, 333
2026/09/10 20:05:42.559, 0, 12288, 11783, 333
2026/09/10 20:05:42.766, 0, 12288, 11783, 333
2026/09/10 20:05:42.972, 0, 12288, 11783, 333
2026/09/10 20:05:43.179, 0, 12288, 11783, 333
2026/09/10 20:05:43.386, 0, 12288, 11783, 333
2026/09/10 20:05:43.594, 0, 12288, 11783, 333
2026/09/10 20:05:43.800, 0, 12288, 11783, 333
2026/09/10 20:05:44.007, 0, 12288, 11783, 333
2026/09/10 20:05:44.213, 0, 12288, 11783, 333
2026/09/10 20:05:44.421, 0, 12288, 11783, 333
2026/09/10 20:05:44.628, 0, 12288, 11783, 333
2026/09/10 20:05:44.835, 0, 12288, 11783, 333
2026/09/10 20:05:45.040, 0, 12288, 11783, 333
2026/09/10 20:05:45.247, 0, 12288, 11783, 333
2026/09/10 20:05:45.453, 0, 12288, 11783, 333
2026/09/10 20:05:45.659, 0, 12288, 11783, 333
2026/09/10 20:05:45.866, 0, 12288, 11783, 333
2026/09/10 20:05:46.074, 0, 12288, 11783, 333
2026/09/10 20:05:46.282, 0, 12288, 11783, 333
2026/09/10 20:05:46.490, 0, 12288, 11783, 333
2026/09/10 20:05:46.698, 0, 12288, 11783, 333
2026/09/10 20:05:46.904, 0, 12288, 11783, 333
2026/09/10 20:05:47.112, 0, 12288, 11783, 333
2026/09/10 20:05:47.318, 0, 12288, 11783, 333
2026/09/10 20:05:47.525, 0, 12288, 11783, 333
2026/09/10 20:05:47.732, 0, 12288, 11783, 333
2026/09/10 20:05:47.940, 0, 12288, 11783, 333
2026/09/10 20:05:48.148, 0, 12288, 11783, 333
2026/09/10 20:05:48.355, 0, 12288, 11783, 333
2026/09/10 20:05:48.562, 0, 12288, 11783, 333
2026/09/10 20:05:48.770, 0, 12288, 11783, 333
2026/09/10 20:05:48.977, 0, 12288, 11783, 333
2026/09/10 20:05:49.184, 0, 12288, 11783, 333
2026/09/10 20:05:49.392, 0, 12288, 11783, 333
2026/09/10 20:05:49.599, 0, 12288, 11783, 333
2026/09/10 20:05:49.806, 0, 12288, 11783, 333
2026/09/10 20:05:50.014, 0, 12288, 11783, 333
2026/09/10 20:05:50.222, 0, 12288, 11783, 333
2026/09/10 20:05:50.430, 0, 12288, 11783, 333
2026/09/10 20:05:50.637, 0, 12288, 11783, 333
2026/09/10 20:05:50.843, 0, 12288, 11783, 333
2026/09/10 20:05:51.051, 0, 12288, 11783, 333
2026/09/10 20:05:51.258, 0, 12288, 11783, 333
2026/09/10 20:05:51.466, 0, 12288, 11783, 333
2026/09/10 20:05:51.673, 0, 12288, 11783, 333
2026/09/10 20:05:51.881, 0, 12288, 11783, 333
2026/09/10 20:05:52.089, 0, 12288, 11783, 333
2026/09/10 20:05:52.296, 0, 12288, 11783, 333
2026/09/10 20:05:52.504, 0, 12288, 11783, 333
2026/09/10 20:05:52.712, 0, 12288, 11783, 333
2026/09/10 20:05:52.918, 0, 12288, 11783, 333
2026/09/10 20:05:53.126, 0, 12288, 11783, 333
2026/09/10 20:05:53.332, 0, 12288, 11783, 333
2026/09/10 20:05:53.539, 0, 12288, 11783, 333
2026/09/10 20:05:53.746, 0, 12288, 11783, 333
2026/09/10 20:05:53.953, 0, 12288, 11783, 333
2026/09/10 20:05:54.161, 0, 12288, 11783, 333
2026/09/10 20:05:54.369, 0, 12288, 11783, 333
2026/09/10 20:05:54.577, 0, 12288, 11783, 333
2026/09/10 20:05:54.783, 0, 12288, 11783, 333
2026/09/10 20:05:54.991, 0, 12288, 11783, 333
2026/09/10 20:05:55.197, 0, 12288, 11783, 333
2026/09/10 20:05:55.405, 0, 12288, 11783, 333
2026/09/10 20:05:55.613, 0, 12288, 11783, 333
2026/09/10 20:05:55.821, 0, 12288, 11783, 333
2026/09/10 20:05:56.028, 0, 12288, 11783, 333
2026/09/10 20:05:56.234, 0, 12288, 11783, 333
2026/09/10 20:05:56.440, 0, 12288, 11783, 333
2026/09/10 20:05:56.647, 0, 12288, 11783, 333
2026/09/10 20:05:56.855, 0, 12288, 11783, 333
2026/09/10 20:05:57.063, 0, 12288, 11783, 333
2026/09/10 20:05:57.271, 0, 12288, 11783, 333
2026/09/10 20:05:57.479, 0, 12288, 11783, 333
2026/09/10 20:05:57.687, 0, 12288, 11783, 333
2026/09/10 20:05:57.895, 0, 12288, 11783, 333
2026/09/10 20:05:58.103, 0, 12288, 11783, 333
2026/09/10 20:05:58.310, 0, 12288, 11783, 333
2026/09/10 20:05:58.513, 0, 12288, 11783, 333
2026/09/10 20:05:58.721, 0, 12288, 11783, 333
2026/09/10 20:05:58.928, 0, 12288, 11783, 333
2026/09/10 20:05:59.135, 0, 12288, 11783, 333
2026/09/10 20:05:59.343, 0, 12288, 11783, 333
2026/09/10 20:05:59.551, 0, 12288, 11783, 333
2026/09/10 20:05:59.759, 0, 12288, 11783, 333
2026/09/10 20:05:59.966, 0, 12288, 11783, 333
2026/09/10 20:06:00.172, 0, 12288, 11783, 333
2026/09/10 20:06:00.380, 0, 12288, 11783, 333
2026/09/10 20:06:00.588, 0, 12288, 11783, 333
2026/09/10 20:06:00.795, 0, 12288, 11783, 333
2026/09/10 20:06:01.000, 0, 12288, 11783, 333
2026/09/10 20:06:01.208, 0, 12288, 11783, 333
2026/09/10 20:06:01.416, 0, 12288, 11783, 333
2026/09/10 20:06:01.623, 0, 12288, 11783, 333
2026/09/10 20:06:01.830, 0, 12288, 11783, 333
2026/09/10 20:06:02.038, 0, 12288, 11783, 333
2026/09/10 20:06:02.245, 0, 12288, 11783, 333
2026/09/10 20:06:02.452, 0, 12288, 11783, 333
2026/09/10 20:06:02.659, 0, 12288, 11783, 333
2026/09/10 20:06:02.867, 0, 12288, 11783, 333
2026/09/10 20:06:03.075, 0, 12288, 11783, 333
2026/09/10 20:06:03.282, 0, 12288, 11783, 333
2026/09/10 20:06:03.490, 0, 12288, 11783, 333
2026/09/10 20:06:03.696, 0, 12288, 11783, 333
2026/09/10 20:06:03.904, 0, 12288, 11783, 333
2026/09/10 20:06:04.109, 0, 12288, 11783, 333
2026/09/10 20:06:04.316, 0, 12288, 11783, 333
2026/09/10 20:06:04.524, 0, 12288, 11783, 333
2026/09/10 20:06:04.732, 0, 12288, 11783, 333
2026/09/10 20:06:04.940, 0, 12288, 11783, 333
2026/09/10 20:06:05.147, 0, 12288, 11783, 333
2026/09/10 20:06:05.355, 0, 12288, 11783, 333
2026/09/10 20:06:05.563, 0, 12288, 11783, 333
2026/09/10 20:06:05.771, 0, 12288, 11783, 333
2026/09/10 20:06:05.978, 0, 12288, 11783, 333
2026/09/10 20:06:06.186, 0, 12288, 11783, 333
2026/09/10 20:06:06.394, 0, 12288, 11783, 333
2026/09/10 20:06:06.601, 0, 12288, 11783, 333
2026/09/10 20:06:06.809, 0, 12288, 11783, 333
2026/09/10 20:06:07.016, 0, 12288, 11783, 333
2026/09/10 20:06:07.224, 0, 12288, 11783, 333
2026/09/10 20:06:07.431, 0, 12288, 11783, 333
2026/09/10 20:06:07.639, 0, 12288, 11783, 333
2026/09/10 20:06:07.847, 0, 12288, 11783, 333
2026/09/10 20:06:08.055, 0, 12288, 11783, 333
2026/09/10 20:06:08.261, 0, 12288, 11783, 333
2026/09/10 20:06:08.469, 0, 12288, 11783, 333
2026/09/10 20:06:08.676, 0, 12288, 11783, 333
2026/09/10 20:06:08.883, 0, 12288, 11783, 333
2026/09/10 20:06:09.091, 0, 12288, 11783, 333
2026/09/10 20:06:09.299, 0, 12288, 11783, 333
2026/09/10 20:06:09.506, 0, 12288, 11783, 333
2026/09/10 20:06:09.712, 0, 12288, 11783, 333
2026/09/10 20:06:09.918, 0, 12288, 11783, 333
2026/09/10 20:06:10.124, 0, 12288, 11783, 333
2026/09/10 20:06:10.332, 0, 12288, 11783, 333
2026/09/10 20:06:10.540, 0, 12288, 11783, 333
2026/09/10 20:06:10.746, 0, 12288, 11783, 333
2026/09/10 20:06:10.954, 0, 12288, 11783, 333
2026/09/10 20:06:11.162, 0, 12288, 11783, 333
2026/09/10 20:06:11.368, 0, 12288, 11783, 333
2026/09/10 20:06:11.575, 0, 12288, 11783, 333
2026/09/10 20:06:11.782, 0, 12288, 11783, 333
2026/09/10 20:06:11.990, 0, 12288, 11783, 333
2026/09/10 20:06:12.198, 0, 12288, 11783, 333
2026/09/10 20:06:12.405, 0, 12288, 11783, 333
2026/09/10 20:06:12.613, 0, 12288, 11783, 333
2026/09/10 20:06:12.820, 0, 12288, 11783, 333
2026/09/10 20:06:13.028, 0, 12288, 11783, 333
2026/09/10 20:06:13.236, 0, 12288, 11783, 333
2026/09/10 20:06:13.443, 0, 12288, 11783, 333
2026/09/10 20:06:13.650, 0, 12288, 11783, 333
2026/09/10 20:06:13.858, 0, 12288, 11783, 333
2026/09/10 20:06:14.066, 0, 12288, 11783, 333
2026/09/10 20:06:14.274, 0, 12288, 11783, 333
2026/09/10 20:06:14.482, 0, 12288, 11783, 333
2026/09/10 20:06:14.689, 0, 12288, 11783, 333
2026/09/10 20:06:14.897, 0, 12288, 11783, 333
2026/09/10 20:06:15.105, 0, 12288, 11783, 333
2026/09/10 20:06:15.310, 0, 12288, 11783, 333
2026/09/10 20:06:15.517, 0, 12288, 11783, 333
2026/09/10 20:06:15.725, 0, 12288, 11783, 333
2026/09/10 20:06:15.933, 0, 12288, 11783, 333
2026/09/10 20:06:16.141, 0, 12288, 11783, 333
2026/09/10 20:06:16.348, 0, 12288, 11783, 333
2026/09/10 20:06:16.555, 0, 12288, 11783, 333
2026/09/10 20:06:16.763, 0, 12288, 11783, 333
2026/09/10 20:06:16.969, 0, 12288, 11783, 333
2026/09/10 20:06:17.177, 0, 12288, 11783, 333
2026/09/10 20:06:17.385, 0, 12288, 11783, 333
2026/09/10 20:06:17.593, 0, 12288, 11783, 333
2026/09/10 20:06:17.800, 0, 12288, 11783, 333
2026/09/10 20:06:18.008, 0, 12288, 11783, 333
2026/09/10 20:06:18.215, 0, 12288, 11783, 333
2026/09/10 20:06:18.423, 0, 12288, 11783, 333
2026/09/10 20:06:18.631, 0, 12288, 11783, 333
2026/09/10 20:06:18.839, 0, 12288, 11783, 333
2026/09/10 20:06:19.047, 0, 12288, 11783, 333
2026/09/10 20:06:19.255, 0, 12288, 11783, 333
2026/09/10 20:06:19.462, 0, 12288, 11783, 333
2026/09/10 20:06:19.668, 0, 12288, 11783, 333
2026/09/10 20:06:19.876, 0, 12288, 11783, 333
2026/09/10 20:06:20.083, 0, 12288, 11783, 333
2026/09/10 20:06:20.290, 0, 12288, 11783, 333
2026/09/10 20:06:20.498, 0, 12288, 11783, 333
2026/09/10 20:06:20.706, 0, 12288, 11783, 333
2026/09/10 20:06:20.911, 0, 12288, 11783, 333
2026/09/10 20:06:21.119, 0, 12288, 11783, 333
2026/09/10 20:06:21.326, 0, 12288, 11783, 333
2026/09/10 20:06:21.532, 0, 12288, 11783, 333
2026/09/10 20:06:21.740, 0, 12288, 11783, 333
2026/09/10 20:06:21.948, 0, 12288, 11783, 333
2026/09/10 20:06:22.156, 0, 12288, 11783, 333
2026/09/10 20:06:22.364, 0, 12288, 11783, 333
2026/09/10 20:06:22.571, 0, 12288, 11783, 333
2026/09/10 20:06:22.778, 0, 12288, 11783, 333
2026/09/10 20:06:22.984, 0, 12288, 11783, 333
2026/09/10 20:06:23.192, 0, 12288, 11783, 333
2026/09/10 20:06:23.400, 0, 12288, 11783, 333
2026/09/10 20:06:23.607, 0, 12288, 11783, 333
2026/09/10 20:06:23.815, 0, 12288, 11783, 333
2026/09/10 20:06:24.021, 0, 12288, 11783, 333
2026/09/10 20:06:24.229, 0, 12288, 11783, 333
2026/09/10 20:06:24.437, 0, 12288, 11783, 333
2026/09/10 20:06:24.643, 0, 12288, 11783, 333
2026/09/10 20:06:24.850, 0, 12288, 11783, 333
2026/09/10 20:06:25.057, 0, 12288, 11783, 333
2026/09/10 20:06:25.264, 0, 12288, 11783, 333
2026/09/10 20:06:25.472, 0, 12288, 11783, 333
2026/09/10 20:06:25.679, 0, 12288, 11783, 333
2026/09/10 20:06:25.887, 0, 12288, 11783, 333
2026/09/10 20:06:26.094, 0, 12288, 11783, 333
2026/09/10 20:06:26.301, 0, 12288, 11783, 333
2026/09/10 20:06:26.505, 0, 12288, 11783, 333
2026/09/10 20:06:26.713, 0, 12288, 11783, 333
2026/09/10 20:06:26.921, 0, 12288, 11783, 333
2026/09/10 20:06:27.129, 0, 12288, 11783, 333
2026/09/10 20:06:27.337, 0, 12288, 11783, 333
2026/09/10 20:06:27.545, 0, 12288, 11783, 333
2026/09/10 20:06:27.752, 0, 12288, 11783, 333
2026/09/10 20:06:27.959, 0, 12288, 11783, 333
2026/09/10 20:06:28.167, 0, 12288, 11783, 333
2026/09/10 20:06:28.373, 0, 12288, 11783, 333
2026/09/10 20:06:28.579, 0, 12288, 11783, 333
2026/09/10 20:06:28.786, 0, 12288, 11783, 333
2026/09/10 20:06:28.991, 0, 12288, 11783, 333
2026/09/10 20:06:29.214, 0, 12288, 11783, 333
2026/09/10 20:06:29.421, 0, 12288, 11783, 333
2026/09/10 20:06:29.629, 0, 12288, 11783, 333
2026/09/10 20:06:29.836, 0, 12288, 11783, 333
2026/09/10 20:06:30.043, 0, 12288, 11783, 333
2026/09/10 20:06:30.250, 0, 12288, 11783, 333
2026/09/10 20:06:30.458, 0, 12288, 11783, 333
2026/09/10 20:06:30.666, 0, 12288, 11783, 333
2026/09/10 20:06:30.874, 0, 12288, 11783, 333
2026/09/10 20:06:31.080, 0, 12288, 11783, 333
2026/09/10 20:06:31.288, 0, 12288, 11783, 333
2026/09/10 20:06:31.496, 0, 12288, 11783, 333
2026/09/10 20:06:31.702, 0, 12288, 11783, 333
2026/09/10 20:06:31.910, 0, 12288, 11783, 333
2026/09/10 20:06:32.115, 0, 12288, 11783, 333
2026/09/10 20:06:32.322, 0, 12288, 11783, 333
2026/09/10 20:06:32.530, 0, 12288, 11783, 333
2026/09/10 20:06:32.734, 0, 12288, 11783, 333
2026/09/10 20:06:32.941, 0, 12288, 11783, 333
2026/09/10 20:06:33.148, 0, 12288, 11783, 333
2026/09/10 20:06:33.356, 0, 12288, 11783, 333
2026/09/10 20:06:33.563, 0, 12288, 11783, 333
2026/09/10 20:06:33.771, 0, 12288, 11783, 333
2026/09/10 20:06:33.979, 0, 12288, 11783, 333
2026/09/10 20:06:34.187, 0, 12288, 11783, 333
2026/09/10 20:06:34.394, 0, 12288, 11783, 333
2026/09/10 20:06:34.601, 0, 12288, 11783, 333
2026/09/10 20:06:34.810, 0, 12288, 11783, 333
2026/09/10 20:06:35.018, 0, 12288, 11783, 333
2026/09/10 20:06:35.225, 0, 12288, 11783, 333
2026/09/10 20:06:35.432, 0, 12288, 11783, 333
2026/09/10 20:06:35.639, 0, 12288, 11783, 333
2026/09/10 20:06:35.843, 0, 12288, 11783, 333
2026/09/10 20:06:36.047, 0, 12288, 11783, 333
2026/09/10 20:06:36.254, 0, 12288, 11783, 333
2026/09/10 20:06:36.460, 0, 12288, 11783, 333
2026/09/10 20:06:36.666, 0, 12288, 11783, 333
2026/09/10 20:06:36.872, 0, 12288, 11783, 333
2026/09/10 20:06:37.079, 0, 12288, 11783, 333
2026/09/10 20:06:37.285, 0, 12288, 11783, 333
2026/09/10 20:06:37.492, 0, 12288, 11783, 333
2026/09/10 20:06:37.697, 0, 12288, 11783, 333
2026/09/10 20:06:37.905, 0, 12288, 11783, 333
2026/09/10 20:06:38.112, 0, 12288, 11783, 333
2026/09/10 20:06:38.320, 0, 12288, 11783, 333
2026/09/10 20:06:38.527, 0, 12288, 11783, 333
2026/09/10 20:06:38.750, 0, 12288, 11783, 333
2026/09/10 20:06:38.957, 0, 12288, 11783, 333
2026/09/10 20:06:39.164, 0, 12288, 11783, 333
2026/09/10 20:06:39.372, 0, 12288, 11783, 333
2026/09/10 20:06:39.579, 0, 12288, 11783, 333
2026/09/10 20:06:39.787, 0, 12288, 11783, 333
2026/09/10 20:06:39.993, 0, 12288, 11783, 333
2026/09/10 20:06:40.200, 0, 12288, 11783, 333
2026/09/10 20:06:40.408, 0, 12288, 11783, 333
2026/09/10 20:06:40.616, 0, 12288, 11783, 333
2026/09/10 20:06:40.823, 0, 12288, 11783, 333
2026/09/10 20:06:41.030, 0, 12288, 11783, 333
2026/09/10 20:06:41.237, 0, 12288, 11783, 333
2026/09/10 20:06:41.444, 0, 12288, 11783, 333
2026/09/10 20:06:41.649, 0, 12288, 11783, 333
2026/09/10 20:06:41.855, 0, 12288, 11783, 333
2026/09/10 20:06:42.060, 0, 12288, 11783, 333
2026/09/10 20:06:42.266, 0, 12288, 11783, 333
2026/09/10 20:06:42.474, 0, 12288, 11783, 333
2026/09/10 20:06:42.681, 0, 12288, 11783, 333
2026/09/10 20:06:42.885, 0, 12288, 11783, 333
2026/09/10 20:06:43.091, 0, 12288, 11783, 333
2026/09/10 20:06:43.295, 0, 12288, 11783, 333
2026/09/10 20:06:43.500, 0, 12288, 11783, 333
2026/09/10 20:06:43.707, 0, 12288, 11783, 333
2026/09/10 20:06:43.911, 0, 12288, 11783, 333
2026/09/10 20:06:44.118, 0, 12288, 11783, 333
2026/09/10 20:06:44.325, 0, 12288, 11783, 333
2026/09/10 20:06:44.529, 0, 12288, 11783, 333
2026/09/10 20:06:44.735, 0, 12288, 11783, 333
2026/09/10 20:06:44.941, 0, 12288, 11783, 333
2026/09/10 20:06:45.147, 0, 12288, 11783, 333
2026/09/10 20:06:45.355, 0, 12288, 11783, 333
2026/09/10 20:06:45.556, 0, 12288, 11783, 333
2026/09/10 20:06:45.764, 0, 12288, 11783, 333
2026/09/10 20:06:45.970, 0, 12288, 11783, 333
2026/09/10 20:06:46.176, 0, 12288, 11783, 333
2026/09/10 20:06:46.384, 0, 12288, 11783, 333
2026/09/10 20:06:46.586, 0, 12288, 11783, 333
2026/09/10 20:06:46.794, 0, 12288, 11783, 333
2026/09/10 20:06:47.001, 0, 12288, 11783, 333
2026/09/10 20:06:47.206, 0, 12288, 11783, 333
2026/09/10 20:06:47.412, 0, 12288, 11783, 333
2026/09/10 20:06:47.617, 0, 12288, 11783, 333
2026/09/10 20:06:47.824, 0, 12288, 11783, 333
2026/09/10 20:06:48.031, 0, 12288, 11783, 333
2026/09/10 20:06:48.237, 0, 12288, 11783, 333
2026/09/10 20:06:48.444, 0, 12288, 11783, 333
2026/09/10 20:06:48.648, 0, 12288, 11783, 333
2026/09/10 20:06:48.853, 0, 12288, 11783, 333
2026/09/10 20:06:49.060, 0, 12288, 11783, 333
2026/09/10 20:06:49.265, 0, 12288, 11783, 333
2026/09/10 20:06:49.473, 0, 12288, 11783, 333
2026/09/10 20:06:49.679, 0, 12288, 11783, 333
2026/09/10 20:06:49.884, 0, 12288, 11783, 333
2026/09/10 20:06:50.092, 0, 12288, 11783, 333
2026/09/10 20:06:50.296, 0, 12288, 11783, 333
2026/09/10 20:06:50.502, 0, 12288, 11783, 333
2026/09/10 20:06:50.709, 0, 12288, 11783, 333
2026/09/10 20:06:50.912, 0, 12288, 11783, 333
2026/09/10 20:06:51.120, 0, 12288, 11783, 333
2026/09/10 20:06:51.326, 0, 12288, 11783, 333
2026/09/10 20:06:51.532, 0, 12288, 11783, 333
2026/09/10 20:06:51.740, 0, 12288, 11783, 333
2026/09/10 20:06:51.943, 0, 12288, 11783, 333
2026/09/10 20:06:52.151, 0, 12288, 11783, 333
2026/09/10 20:06:52.358, 0, 12288, 11783, 333
2026/09/10 20:06:52.562, 0, 12288, 11783, 333
2026/09/10 20:06:52.770, 0, 12288, 11783, 333
2026/09/10 20:06:52.974, 0, 12288, 11783, 333
2026/09/10 20:06:53.181, 0, 12288, 11783, 333
2026/09/10 20:06:53.388, 0, 12288, 11783, 333
2026/09/10 20:06:53.592, 0, 12288, 11783, 333
2026/09/10 20:06:53.800, 0, 12288, 11783, 333
2026/09/10 20:06:54.007, 0, 12288, 11783, 333
2026/09/10 20:06:54.209, 0, 12288, 11783, 333
2026/09/10 20:06:54.414, 0, 12288, 11783, 333
2026/09/10 20:06:54.621, 0, 12288, 11783, 333
2026/09/10 20:06:54.826, 0, 12288, 11783, 333
2026/09/10 20:06:55.034, 0, 12288, 11783, 333
2026/09/10 20:06:55.237, 0, 12288, 11783, 333
2026/09/10 20:06:55.445, 0, 12288, 11783, 333
2026/09/10 20:06:55.653, 0, 12288, 11783, 333
2026/09/10 20:06:55.855, 0, 12288, 11783, 333
2026/09/10 20:06:56.062, 0, 12288, 11783, 333
2026/09/10 20:06:56.268, 0, 12288, 11783, 333
2026/09/10 20:06:56.472, 0, 12288, 11783, 333
2026/09/10 20:06:56.680, 0, 12288, 11783, 333
2026/09/10 20:06:56.883, 0, 12288, 11783, 333
2026/09/10 20:06:57.090, 0, 12288, 11783, 333
2026/09/10 20:06:57.298, 0, 12288, 11783, 333
2026/09/10 20:06:57.502, 0, 12288, 11783, 333
2026/09/10 20:06:57.710, 0, 12288, 11783, 333
2026/09/10 20:06:57.917, 0, 12288, 11783, 333
2026/09/10 20:06:58.120, 0, 12288, 11783, 333
2026/09/10 20:06:58.327, 0, 12288, 11783, 333
2026/09/10 20:06:58.532, 0, 12288, 11783, 333
2026/09/10 20:06:58.735, 0, 12288, 11783, 333
2026/09/10 20:06:58.943, 0, 12288, 11783, 333
2026/09/10 20:06:59.149, 0, 12288, 11783, 333
2026/09/10 20:06:59.356, 0, 12288, 11783, 333
2026/09/10 20:06:59.563, 0, 12288, 11783, 333
2026/09/10 20:06:59.767, 0, 12288, 11783, 333
2026/09/10 20:06:59.972, 0, 12288, 11783, 333
2026/09/10 20:07:00.177, 0, 12288, 11783, 333
2026/09/10 20:07:00.380, 0, 12288, 11783, 333
2026/09/10 20:07:00.588, 0, 12288, 11783, 333
2026/09/10 20:07:00.795, 0, 12288, 11783, 333
2026/09/10 20:07:01.000, 0, 12288, 11783, 333
2026/09/10 20:07:01.207, 0, 12288, 11783, 333
2026/09/10 20:07:01.413, 0, 12288, 11783, 333
2026/09/10 20:07:01.619, 0, 12288, 11783, 333
2026/09/10 20:07:01.826, 0, 12288, 11783, 333
2026/09/10 20:07:02.030, 0, 12288, 11783, 333
2026/09/10 20:07:02.238, 0, 12288, 11783, 333
2026/09/10 20:07:02.446, 0, 12288, 11783, 333
2026/09/10 20:07:02.650, 0, 12288, 11783, 333
2026/09/10 20:07:02.858, 0, 12288, 11783, 333
2026/09/10 20:07:03.064, 0, 12288, 11783, 333
2026/09/10 20:07:03.285, 0, 12288, 11783, 333
2026/09/10 20:07:03.492, 0, 12288, 11783, 333
2026/09/10 20:07:03.699, 0, 12288, 11783, 333
2026/09/10 20:07:03.905, 0, 12288, 11783, 333
2026/09/10 20:07:04.111, 0, 12288, 11783, 333
2026/09/10 20:07:04.313, 0, 12288, 11783, 333
2026/09/10 20:07:04.520, 0, 12288, 11783, 333
2026/09/10 20:07:04.726, 0, 12288, 11783, 333
2026/09/10 20:07:04.929, 0, 12288, 11783, 333
2026/09/10 20:07:05.136, 0, 12288, 11783, 333
2026/09/10 20:07:05.344, 0, 12288, 11783, 333
2026/09/10 20:07:05.546, 0, 12288, 11783, 333
2026/09/10 20:07:05.753, 0, 12288, 11783, 333
2026/09/10 20:07:05.957, 0, 12288, 11783, 333
2026/09/10 20:07:06.163, 0, 12288, 11783, 333
2026/09/10 20:07:06.371, 0, 12288, 11783, 333
2026/09/10 20:07:06.576, 0, 12288, 11783, 333
2026/09/10 20:07:06.782, 0, 12288, 11783, 333
2026/09/10 20:07:06.990, 0, 12288, 11783, 333
2026/09/10 20:07:07.196, 0, 12288, 11783, 333
2026/09/10 20:07:07.402, 0, 12288, 11783, 333
2026/09/10 20:07:07.607, 0, 12288, 11783, 333
2026/09/10 20:07:07.809, 0, 12288, 11783, 333
2026/09/10 20:07:08.016, 0, 12288, 11783, 333
2026/09/10 20:07:08.224, 0, 12288, 11783, 333
2026/09/10 20:07:08.430, 0, 12288, 11783, 333
2026/09/10 20:07:08.638, 0, 12288, 11783, 333
2026/09/10 20:07:08.843, 0, 12288, 11783, 333
2026/09/10 20:07:09.046, 0, 12288, 11783, 333
2026/09/10 20:07:09.253, 0, 12288, 11783, 333
2026/09/10 20:07:09.459, 0, 12288, 11783, 333
2026/09/10 20:07:09.663, 0, 12288, 11783, 333
2026/09/10 20:07:09.871, 0, 12288, 11783, 333
2026/09/10 20:07:10.076, 0, 12288, 11783, 333
2026/09/10 20:07:10.281, 0, 12288, 11783, 333
2026/09/10 20:07:10.488, 0, 12288, 11783, 333
2026/09/10 20:07:10.692, 0, 12288, 11783, 333
2026/09/10 20:07:10.899, 0, 12288, 11783, 333
2026/09/10 20:07:11.107, 0, 12288, 11783, 333
2026/09/10 20:07:11.309, 0, 12288, 11783, 333
2026/09/10 20:07:11.515, 0, 12288, 11783, 333
2026/09/10 20:07:11.723, 0, 12288, 11783, 333
2026/09/10 20:07:11.925, 0, 12288, 11783, 333
2026/09/10 20:07:12.132, 0, 12288, 11783, 333
2026/09/10 20:07:12.340, 0, 12288, 11783, 333
2026/09/10 20:07:12.545, 0, 12288, 11783, 333
2026/09/10 20:07:12.751, 0, 12288, 11783, 333
2026/09/10 20:07:12.959, 0, 12288, 11783, 333
2026/09/10 20:07:13.162, 0, 12288, 11783, 333
2026/09/10 20:07:13.370, 0, 12288, 11783, 333
2026/09/10 20:07:13.578, 0, 12288, 11783, 333
2026/09/10 20:07:13.780, 0, 12288, 11783, 333
2026/09/10 20:07:13.986, 0, 12288, 11783, 333
2026/09/10 20:07:14.193, 0, 12288, 11783, 333
2026/09/10 20:07:14.397, 0, 12288, 11783, 333
2026/09/10 20:07:14.605, 0, 12288, 11783, 333
2026/09/10 20:07:14.811, 0, 12288, 11783, 333
2026/09/10 20:07:15.018, 0, 12288, 11783, 333
2026/09/10 20:07:15.225, 0, 12288, 11783, 333
2026/09/10 20:07:15.431, 0, 12288, 11783, 333
2026/09/10 20:07:15.634, 0, 12288, 11783, 333
2026/09/10 20:07:15.842, 0, 12288, 11783, 333
2026/09/10 20:07:16.049, 0, 12288, 11783, 333
2026/09/10 20:07:16.254, 0, 12288, 11783, 333
2026/09/10 20:07:16.462, 0, 12288, 11783, 333
2026/09/10 20:07:16.670, 0, 12288, 11783, 333
2026/09/10 20:07:16.874, 0, 12288, 11783, 333
2026/09/10 20:07:17.082, 0, 12288, 11783, 333
2026/09/10 20:07:17.289, 0, 12288, 11783, 333
2026/09/10 20:07:17.493, 0, 12288, 11783, 333
2026/09/10 20:07:17.700, 0, 12288, 11783, 333
2026/09/10 20:07:17.905, 0, 12288, 11783, 333
2026/09/10 20:07:18.112, 0, 12288, 11783, 333
2026/09/10 20:07:18.319, 0, 12288, 11783, 333
2026/09/10 20:07:18.525, 0, 12288, 11783, 333
2026/09/10 20:07:18.731, 0, 12288, 11783, 333
2026/09/10 20:07:18.938, 0, 12288, 11783, 333
2026/09/10 20:07:19.144, 0, 12288, 11783, 333
2026/09/10 20:07:19.350, 0, 12288, 11783, 333
2026/09/10 20:07:19.557, 0, 12288, 11783, 333
2026/09/10 20:07:19.762, 0, 12288, 11783, 333
2026/09/10 20:07:19.967, 0, 12288, 11783, 333
2026/09/10 20:07:20.174, 0, 12288, 11783, 333
2026/09/10 20:07:20.380, 0, 12288, 11783, 333
2026/09/10 20:07:20.586, 0, 12288, 11783, 333
2026/09/10 20:07:20.793, 0, 12288, 11783, 333
2026/09/10 20:07:21.015, 0, 12288, 11783, 333
2026/09/10 20:07:21.221, 0, 12288, 11783, 333
2026/09/10 20:07:21.428, 0, 12288, 11783, 333
2026/09/10 20:07:21.633, 0, 12288, 11783, 333
2026/09/10 20:07:21.839, 0, 12288, 11783, 333
2026/09/10 20:07:22.047, 0, 12288, 11783, 333
2026/09/10 20:07:22.252, 0, 12288, 11783, 333
2026/09/10 20:07:22.455, 0, 12288, 11783, 333
2026/09/10 20:07:22.663, 0, 12288, 11783, 333
2026/09/10 20:07:22.869, 0, 12288, 11783, 333
2026/09/10 20:07:23.075, 0, 12288, 11783, 333
2026/09/10 20:07:23.282, 0, 12288, 11783, 333
2026/09/10 20:07:23.486, 0, 12288, 11783, 333
2026/09/10 20:07:23.694, 0, 12288, 11783, 333
2026/09/10 20:07:23.900, 0, 12288, 11783, 333
2026/09/10 20:07:24.105, 0, 12288, 11783, 333
2026/09/10 20:07:24.312, 0, 12288, 11783, 333
2026/09/10 20:07:24.520, 0, 12288, 11783, 333
2026/09/10 20:07:24.724, 0, 12288, 11783, 333
2026/09/10 20:07:24.930, 0, 12288, 11783, 333
2026/09/10 20:07:25.137, 0, 12288, 11783, 333
2026/09/10 20:07:25.341, 0, 12288, 11783, 333
2026/09/10 20:07:25.547, 0, 12288, 11783, 333
2026/09/10 20:07:25.755, 0, 12288, 11783, 333
2026/09/10 20:07:25.960, 0, 12288, 11783, 333
2026/09/10 20:07:26.166, 0, 12288, 11783, 333
2026/09/10 20:07:26.374, 0, 12288, 11783, 333
2026/09/10 20:07:26.579, 0, 12288, 11783, 333
2026/09/10 20:07:26.784, 0, 12288, 11783, 333
2026/09/10 20:07:26.991, 0, 12288, 11783, 333
2026/09/10 20:07:27.197, 0, 12288, 11783, 333
2026/09/10 20:07:27.403, 0, 12288, 11783, 333
2026/09/10 20:07:27.607, 0, 12288, 11783, 333
2026/09/10 20:07:27.828, 0, 12288, 11783, 333
2026/09/10 20:07:28.033, 0, 12288, 11783, 333
2026/09/10 20:07:28.239, 0, 12288, 11783, 333
2026/09/10 20:07:28.446, 0, 12288, 11783, 333
2026/09/10 20:07:28.654, 0, 12288, 11783, 333
2026/09/10 20:07:28.861, 0, 12288, 11783, 333
2026/09/10 20:07:29.068, 0, 12288, 11783, 333
2026/09/10 20:07:29.275, 0, 12288, 11783, 333
2026/09/10 20:07:29.482, 0, 12288, 11783, 333
2026/09/10 20:07:29.690, 0, 12288, 11783, 333
2026/09/10 20:07:29.897, 0, 12288, 11783, 333
2026/09/10 20:07:30.104, 0, 12288, 11783, 333
2026/09/10 20:07:30.310, 0, 12288, 11783, 333
2026/09/10 20:07:30.518, 0, 12288, 11783, 333
2026/09/10 20:07:30.725, 0, 12288, 11783, 333
2026/09/10 20:07:30.933, 0, 12288, 11783, 333
2026/09/10 20:07:31.140, 0, 12288, 11783, 333
2026/09/10 20:07:31.348, 0, 12288, 11783, 333
2026/09/10 20:07:31.556, 0, 12288, 11783, 333
2026/09/10 20:07:31.763, 0, 12288, 11783, 333
2026/09/10 20:07:31.971, 0, 12288, 11783, 333
2026/09/10 20:07:32.179, 0, 12288, 11783, 333
2026/09/10 20:07:32.387, 0, 12288, 11783, 333
2026/09/10 20:07:32.595, 0, 12288, 11783, 333
2026/09/10 20:07:32.803, 0, 12288, 11783, 333
2026/09/10 20:07:33.011, 0, 12288, 11783, 333
2026/09/10 20:07:33.218, 0, 12288, 11783, 333
2026/09/10 20:07:33.424, 0, 12288, 11783, 333
2026/09/10 20:07:33.631, 0, 12288, 11783, 333
2026/09/10 20:07:33.837, 0, 12288, 11783, 333
2026/09/10 20:07:34.043, 0, 12288, 11783, 333
2026/09/10 20:07:34.251, 0, 12288, 11783, 333
2026/09/10 20:07:34.457, 0, 12288, 11783, 333
2026/09/10 20:07:34.663, 0, 12288, 11783, 333
2026/09/10 20:07:34.871, 0, 12288, 11783, 333
2026/09/10 20:07:35.079, 0, 12288, 11783, 333
2026/09/10 20:07:35.286, 0, 12288, 11783, 333
2026/09/10 20:07:35.493, 0, 12288, 11783, 333
2026/09/10 20:07:35.700, 0, 12288, 11783, 333
2026/09/10 20:07:35.907, 0, 12288, 11783, 333
2026/09/10 20:07:36.115, 0, 12288, 11783, 333
2026/09/10 20:07:36.321, 0, 12288, 11783, 333
2026/09/10 20:07:36.529, 0, 12288, 11783, 333
2026/09/10 20:07:36.736, 0, 12288, 11783, 333
2026/09/10 20:07:36.944, 0, 12288, 11783, 333
2026/09/10 20:07:37.152, 0, 12288, 11783, 333
2026/09/10 20:07:37.359, 0, 12288, 11783, 333
2026/09/10 20:07:37.566, 0, 12288, 11783, 333
2026/09/10 20:07:37.772, 0, 12288, 11783, 333
2026/09/10 20:07:37.980, 0, 12288, 11783, 333
2026/09/10 20:07:38.186, 0, 12288, 11783, 333
2026/09/10 20:07:38.390, 0, 12288, 11783, 333
2026/09/10 20:07:38.596, 0, 12288, 11783, 333
2026/09/10 20:07:38.804, 0, 12288, 11783, 333
2026/09/10 20:07:39.012, 0, 12288, 11783, 333
2026/09/10 20:07:39.218, 0, 12288, 11783, 333
2026/09/10 20:07:39.426, 0, 12288, 11783, 333
2026/09/10 20:07:39.632, 0, 12288, 11783, 333
2026/09/10 20:07:39.840, 0, 12288, 11783, 333
2026/09/10 20:07:40.047, 0, 12288, 11783, 333
2026/09/10 20:07:40.254, 0, 12288, 11783, 333
2026/09/10 20:07:40.461, 0, 12288, 11783, 333
2026/09/10 20:07:40.669, 0, 12288, 11783, 333
2026/09/10 20:07:40.875, 0, 12288, 11783, 333
2026/09/10 20:07:41.083, 0, 12288, 11783, 333
2026/09/10 20:07:41.290, 0, 12288, 11783, 333
2026/09/10 20:07:41.495, 0, 12288, 11783, 333
2026/09/10 20:07:41.703, 0, 12288, 11783, 333
2026/09/10 20:07:41.909, 0, 12288, 11783, 333
2026/09/10 20:07:42.117, 0, 12288, 11783, 333
2026/09/10 20:07:42.325, 0, 12288, 11783, 333
2026/09/10 20:07:42.532, 0, 12288, 11783, 333
2026/09/10 20:07:42.739, 0, 12288, 11783, 333
2026/09/10 20:07:42.947, 0, 12288, 11783, 333
2026/09/10 20:07:43.155, 0, 12288, 11783, 333
2026/09/10 20:07:43.362, 0, 12288, 11783, 333
2026/09/10 20:07:43.570, 0, 12288, 11783, 333
2026/09/10 20:07:43.778, 0, 12288, 11783, 333
2026/09/10 20:07:43.985, 0, 12288, 11783, 333
2026/09/10 20:07:44.193, 0, 12288, 11783, 333
2026/09/10 20:07:44.401, 0, 12288, 11783, 333
2026/09/10 20:07:44.609, 0, 12288, 11783, 333
2026/09/10 20:07:44.813, 0, 12288, 11783, 333
2026/09/10 20:07:45.020, 0, 12288, 11783, 333
2026/09/10 20:07:45.227, 0, 12288, 11783, 333
2026/09/10 20:07:45.434, 0, 12288, 11783, 333
2026/09/10 20:07:45.640, 0, 12288, 11783, 333
2026/09/10 20:07:45.847, 0, 12288, 11783, 333
2026/09/10 20:07:46.055, 0, 12288, 11783, 333
2026/09/10 20:07:46.263, 0, 12288, 11783, 333
2026/09/10 20:07:46.470, 0, 12288, 11783, 333
2026/09/10 20:07:46.678, 0, 12288, 11783, 333
2026/09/10 20:07:46.884, 0, 12288, 11783, 333
2026/09/10 20:07:47.091, 0, 12288, 11783, 333
2026/09/10 20:07:47.298, 0, 12288, 11783, 333
2026/09/10 20:07:47.506, 0, 12288, 11783, 333
2026/09/10 20:07:47.714, 0, 12288, 11783, 333
2026/09/10 20:07:47.921, 0, 12288, 11783, 333
2026/09/10 20:07:48.128, 0, 12288, 11783, 333
2026/09/10 20:07:48.335, 0, 12288, 11783, 333
2026/09/10 20:07:48.542, 0, 12288, 11783, 333
2026/09/10 20:07:48.750, 0, 12288, 11783, 333
2026/09/10 20:07:48.956, 0, 12288, 11783, 333
2026/09/10 20:07:49.164, 0, 12288, 11783, 333
2026/09/10 20:07:49.372, 0, 12288, 11783, 333
2026/09/10 20:07:49.578, 0, 12288, 11783, 333
2026/09/10 20:07:49.785, 0, 12288, 11783, 333
2026/09/10 20:07:49.993, 0, 12288, 11783, 333
2026/09/10 20:07:50.201, 0, 12288, 11783, 333
2026/09/10 20:07:50.406, 0, 12288, 11783, 333
2026/09/10 20:07:50.613, 0, 12288, 11783, 333
2026/09/10 20:07:50.819, 0, 12288, 11783, 333
2026/09/10 20:07:51.027, 0, 12288, 11783, 333
2026/09/10 20:07:51.235, 0, 12288, 11783, 333
2026/09/10 20:07:51.443, 0, 12288, 11783, 333
2026/09/10 20:07:51.651, 0, 12288, 11783, 333
2026/09/10 20:07:51.859, 0, 12288, 11783, 333
2026/09/10 20:07:52.067, 0, 12288, 11783, 333
2026/09/10 20:07:52.274, 0, 12288, 11783, 333
2026/09/10 20:07:52.482, 0, 12288, 11783, 333
2026/09/10 20:07:52.690, 0, 12288, 11783, 333
2026/09/10 20:07:52.896, 0, 12288, 11783, 333
2026/09/10 20:07:53.104, 0, 12288, 11783, 333
2026/09/10 20:07:53.312, 0, 12288, 11783, 333
2026/09/10 20:07:53.516, 0, 12288, 11783, 333
2026/09/10 20:07:53.724, 0, 12288, 11783, 333
2026/09/10 20:07:53.931, 0, 12288, 11783, 333
2026/09/10 20:07:54.139, 0, 12288, 11783, 333
2026/09/10 20:07:54.345, 0, 12288, 11783, 333
2026/09/10 20:07:54.553, 0, 12288, 11783, 333
2026/09/10 20:07:54.760, 0, 12288, 11783, 333
2026/09/10 20:07:54.967, 0, 12288, 11783, 333
2026/09/10 20:07:55.174, 0, 12288, 11783, 333
2026/09/10 20:07:55.381, 0, 12288, 11783, 333
2026/09/10 20:07:55.589, 0, 12288, 11783, 333
2026/09/10 20:07:55.797, 0, 12288, 11783, 333
2026/09/10 20:07:56.002, 0, 12288, 11783, 333
2026/09/10 20:07:56.210, 0, 12288, 11783, 333
2026/09/10 20:07:56.416, 0, 12288, 11783, 333
2026/09/10 20:07:56.624, 0, 12288, 11783, 333
2026/09/10 20:07:56.830, 0, 12288, 11783, 333
2026/09/10 20:07:57.038, 0, 12288, 11783, 333
2026/09/10 20:07:57.246, 0, 12288, 11783, 333
2026/09/10 20:07:57.453, 0, 12288, 11783, 333
2026/09/10 20:07:57.660, 0, 12288, 11783, 333
2026/09/10 20:07:57.867, 0, 12288, 11783, 333
2026/09/10 20:07:58.075, 0, 12288, 11783, 333
2026/09/10 20:07:58.283, 0, 12288, 11783, 333
2026/09/10 20:07:58.491, 0, 12288, 11783, 333
2026/09/10 20:07:58.698, 0, 12288, 11783, 333
2026/09/10 20:07:58.906, 0, 12288, 11783, 333
2026/09/10 20:07:59.112, 0, 12288, 11783, 333
2026/09/10 20:07:59.319, 0, 12288, 11783, 333
2026/09/10 20:07:59.527, 0, 12288, 11783, 333
2026/09/10 20:07:59.735, 0, 12288, 11783, 333
2026/09/10 20:07:59.943, 0, 12288, 11783, 333
2026/09/10 20:08:00.151, 0, 12288, 11783, 333
2026/09/10 20:08:00.359, 0, 12288, 11783, 333
2026/09/10 20:08:00.565, 0, 12288, 11783, 333
2026/09/10 20:08:00.773, 0, 12288, 11783, 333
2026/09/10 20:08:00.980, 0, 12288, 11783, 333
2026/09/10 20:08:01.188, 0, 12288, 11783, 333
2026/09/10 20:08:01.395, 0, 12288, 11783, 333
2026/09/10 20:08:01.601, 0, 12288, 11783, 333
2026/09/10 20:08:01.807, 0, 12288, 11783, 333
2026/09/10 20:08:02.015, 0, 12288, 11783, 333
2026/09/10 20:08:02.222, 0, 12288, 11783, 333
2026/09/10 20:08:02.430, 0, 12288, 11783, 333
2026/09/10 20:08:02.638, 0, 12288, 11783, 333
2026/09/10 20:08:02.845, 0, 12288, 11783, 333
2026/09/10 20:08:03.052, 0, 12288, 11783, 333
2026/09/10 20:08:03.276, 0, 12288, 11783, 333
2026/09/10 20:08:03.483, 0, 12288, 11783, 333
2026/09/10 20:08:03.691, 0, 12288, 11783, 333
2026/09/10 20:08:03.898, 0, 12288, 11783, 333
2026/09/10 20:08:04.106, 0, 12288, 11783, 333
2026/09/10 20:08:04.314, 0, 12288, 11783, 333
2026/09/10 20:08:04.521, 0, 12288, 11783, 333
2026/09/10 20:08:04.728, 0, 12288, 11783, 333
2026/09/10 20:08:04.936, 0, 12288, 11783, 333
2026/09/10 20:08:05.142, 0, 12288, 11783, 333
2026/09/10 20:08:05.350, 0, 12288, 11783, 333
2026/09/10 20:08:05.558, 0, 12288, 11783, 333
2026/09/10 20:08:05.765, 0, 12288, 11783, 333
2026/09/10 20:08:05.973, 0, 12288, 11783, 333
2026/09/10 20:08:06.180, 0, 12288, 11783, 333
2026/09/10 20:08:06.388, 0, 12288, 11783, 333
2026/09/10 20:08:06.596, 0, 12288, 11783, 333
2026/09/10 20:08:06.804, 0, 12288, 11783, 333
2026/09/10 20:08:07.011, 0, 12288, 11783, 333
2026/09/10 20:08:07.217, 0, 12288, 11783, 333
2026/09/10 20:08:07.424, 0, 12288, 11783, 333
2026/09/10 20:08:07.632, 0, 12288, 11783, 333
2026/09/10 20:08:07.840, 0, 12288, 11783, 333
2026/09/10 20:08:08.048, 0, 12288, 11783, 333
2026/09/10 20:08:08.255, 0, 12288, 11783, 333
2026/09/10 20:08:08.462, 0, 12288, 11783, 333
2026/09/10 20:08:08.668, 0, 12288, 11783, 333
2026/09/10 20:08:08.876, 0, 12288, 11783, 333
2026/09/10 20:08:09.083, 0, 12288, 11783, 333
2026/09/10 20:08:09.291, 0, 12288, 11783, 333
2026/09/10 20:08:09.499, 0, 12288, 11783, 333
2026/09/10 20:08:09.705, 0, 12288, 11783, 333
2026/09/10 20:08:09.911, 0, 12288, 11783, 333
2026/09/10 20:08:10.119, 0, 12288, 11783, 333
2026/09/10 20:08:10.327, 0, 12288, 11783, 333
2026/09/10 20:08:10.535, 0, 12288, 11783, 333
2026/09/10 20:08:10.743, 0, 12288, 11783, 333
2026/09/10 20:08:10.951, 0, 12288, 11783, 333
2026/09/10 20:08:11.159, 0, 12288, 11783, 333
2026/09/10 20:08:11.366, 0, 12288, 11783, 333
2026/09/10 20:08:11.573, 0, 12288, 11783, 333
2026/09/10 20:08:11.781, 0, 12288, 11783, 333
2026/09/10 20:08:11.989, 0, 12288, 11783, 333
2026/09/10 20:08:12.196, 0, 12288, 11783, 333
2026/09/10 20:08:12.403, 0, 12288, 11783, 333
2026/09/10 20:08:12.611, 0, 12288, 11783, 333
2026/09/10 20:08:12.817, 0, 12288, 11783, 333
2026/09/10 20:08:13.025, 0, 12288, 11783, 333
2026/09/10 20:08:13.233, 0, 12288, 11783, 333
2026/09/10 20:08:13.440, 0, 12288, 11783, 333
2026/09/10 20:08:13.647, 0, 12288, 11783, 333
2026/09/10 20:08:13.854, 0, 12288, 11783, 333
2026/09/10 20:08:14.061, 0, 12288, 11783, 333
2026/09/10 20:08:14.268, 0, 12288, 11783, 333
2026/09/10 20:08:14.476, 0, 12288, 11783, 333
2026/09/10 20:08:14.684, 0, 12288, 11783, 333
2026/09/10 20:08:14.891, 0, 12288, 11783, 333
2026/09/10 20:08:15.097, 0, 12288, 11783, 333
2026/09/10 20:08:15.305, 0, 12288, 11783, 333
2026/09/10 20:08:15.513, 0, 12288, 11783, 333
2026/09/10 20:08:15.720, 0, 12288, 11783, 333
2026/09/10 20:08:15.928, 0, 12288, 11783, 333
2026/09/10 20:08:16.136, 0, 12288, 11783, 333
2026/09/10 20:08:16.344, 0, 12288, 11783, 333
2026/09/10 20:08:16.551, 0, 12288, 11783, 333
2026/09/10 20:08:16.758, 0, 12288, 11783, 333
2026/09/10 20:08:16.966, 0, 12288, 11783, 333
2026/09/10 20:08:17.174, 0, 12288, 11783, 333
2026/09/10 20:08:17.382, 0, 12288, 11783, 333
2026/09/10 20:08:17.589, 0, 12288, 11783, 333
2026/09/10 20:08:17.797, 0, 12288, 11783, 333
2026/09/10 20:08:18.005, 0, 12288, 11783, 333
2026/09/10 20:08:18.212, 0, 12288, 11783, 333
2026/09/10 20:08:18.417, 0, 12288, 11783, 333
2026/09/10 20:08:18.625, 0, 12288, 11783, 333
2026/09/10 20:08:18.833, 0, 12288, 11783, 333
2026/09/10 20:08:19.039, 0, 12288, 11783, 333
2026/09/10 20:08:19.246, 0, 12288, 11783, 333
2026/09/10 20:08:19.454, 0, 12288, 11783, 333
2026/09/10 20:08:19.661, 0, 12288, 11783, 333
2026/09/10 20:08:19.869, 0, 12288, 11783, 333
2026/09/10 20:08:20.077, 0, 12288, 11783, 333
2026/09/10 20:08:20.285, 0, 12288, 11783, 333
2026/09/10 20:08:20.493, 0, 12288, 11783, 333
2026/09/10 20:08:20.699, 0, 12288, 11783, 333
2026/09/10 20:08:20.905, 0, 12288, 11783, 333
2026/09/10 20:08:21.111, 0, 12288, 11783, 333
2026/09/10 20:08:21.319, 0, 12288, 11783, 333
2026/09/10 20:08:21.526, 0, 12288, 11783, 333
2026/09/10 20:08:21.734, 0, 12288, 11783, 333
2026/09/10 20:08:21.942, 0, 12288, 11783, 333
2026/09/10 20:08:22.150, 0, 12288, 11783, 333
2026/09/10 20:08:22.358, 0, 12288, 11783, 333
2026/09/10 20:08:22.565, 0, 12288, 11783, 333
2026/09/10 20:08:22.773, 0, 12288, 11783, 333
2026/09/10 20:08:22.981, 0, 12288, 11783, 333
2026/09/10 20:08:23.189, 0, 12288, 11783, 333
2026/09/10 20:08:23.397, 0, 12288, 11783, 333
2026/09/10 20:08:23.603, 0, 12288, 11783, 333
2026/09/10 20:08:23.811, 0, 12288, 11783, 333
2026/09/10 20:08:24.015, 0, 12288, 11783, 333
2026/09/10 20:08:24.222, 0, 12288, 11783, 333
2026/09/10 20:08:24.428, 0, 12288, 11783, 333
2026/09/10 20:08:24.634, 0, 12288, 11783, 333
2026/09/10 20:08:24.841, 0, 12288, 11783, 333
2026/09/10 20:08:25.047, 0, 12288, 11783, 333
2026/09/10 20:08:25.251, 0, 12288, 11783, 333
2026/09/10 20:08:25.459, 0, 12288, 11783, 333
2026/09/10 20:08:25.666, 0, 12288, 11783, 333
2026/09/10 20:08:25.873, 0, 12288, 11783, 333
2026/09/10 20:08:26.078, 0, 12288, 11783, 333
2026/09/10 20:08:26.284, 0, 12288, 11783, 333
2026/09/10 20:08:26.491, 0, 12288, 11783, 333
2026/09/10 20:08:26.696, 0, 12288, 11783, 333
2026/09/10 20:08:26.903, 0, 12288, 11783, 333
2026/09/10 20:08:27.111, 0, 12288, 11783, 333
2026/09/10 20:08:27.319, 0, 12288, 11783, 333
2026/09/10 20:08:27.527, 0, 12288, 11783, 333
2026/09/10 20:08:27.734, 0, 12288, 11783, 333
2026/09/10 20:08:27.942, 0, 12288, 11783, 333
2026/09/10 20:08:28.150, 0, 12288, 11783, 333
2026/09/10 20:08:28.358, 0, 12288, 11783, 333
2026/09/10 20:08:28.566, 0, 12288, 11783, 333
2026/09/10 20:08:28.773, 0, 12288, 11783, 333
2026/09/10 20:08:28.979, 0, 12288, 11783, 333
2026/09/10 20:08:29.186, 0, 12288, 11783, 333
2026/09/10 20:08:29.394, 0, 12288, 11783, 333
2026/09/10 20:08:29.600, 0, 12288, 11783, 333
2026/09/10 20:08:29.807, 0, 12288, 11783, 333
2026/09/10 20:08:30.014, 0, 12288, 11783, 333
2026/09/10 20:08:30.222, 0, 12288, 11783, 333
2026/09/10 20:08:30.430, 0, 12288, 11783, 333
2026/09/10 20:08:30.637, 0, 12288, 11783, 333
2026/09/10 20:08:30.844, 0, 12288, 11783, 333
2026/09/10 20:08:31.051, 0, 12288, 11783, 333
2026/09/10 20:08:31.258, 0, 12288, 11783, 333
2026/09/10 20:08:31.466, 0, 12288, 11783, 333
2026/09/10 20:08:31.674, 0, 12288, 11783, 333
2026/09/10 20:08:31.882, 0, 12288, 11783, 333
2026/09/10 20:08:32.088, 0, 12288, 11783, 333
2026/09/10 20:08:32.296, 0, 12288, 11783, 333
2026/09/10 20:08:32.503, 0, 12288, 11783, 333
2026/09/10 20:08:32.710, 0, 12288, 11783, 333
2026/09/10 20:08:32.918, 0, 12288, 11783, 333
2026/09/10 20:08:33.125, 0, 12288, 11783, 333
2026/09/10 20:08:33.331, 0, 12288, 11783, 333
2026/09/10 20:08:33.539, 0, 12288, 11783, 333
2026/09/10 20:08:33.746, 0, 12288, 11783, 333
2026/09/10 20:08:33.954, 0, 12288, 11783, 333
2026/09/10 20:08:34.162, 0, 12288, 11783, 333
2026/09/10 20:08:34.370, 0, 12288, 11783, 333
2026/09/10 20:08:34.577, 0, 12288, 11783, 333
2026/09/10 20:08:34.785, 0, 12288, 11783, 333
2026/09/10 20:08:34.992, 0, 12288, 11783, 333
2026/09/10 20:08:35.197, 0, 12288, 11783, 333
2026/09/10 20:08:35.405, 0, 12288, 11783, 333
2026/09/10 20:08:35.612, 0, 12288, 11783, 333
2026/09/10 20:08:35.820, 0, 12288, 11783, 333
2026/09/10 20:08:36.028, 0, 12288, 11783, 333
2026/09/10 20:08:36.235, 0, 12288, 11783, 333
2026/09/10 20:08:36.442, 0, 12288, 11783, 333
2026/09/10 20:08:36.650, 0, 12288, 11783, 333
2026/09/10 20:08:36.858, 0, 12288, 11783, 333
2026/09/10 20:08:37.065, 0, 12288, 11783, 333
2026/09/10 20:08:37.271, 0, 12288, 11783, 333
2026/09/10 20:08:37.479, 0, 12288, 11783, 333
2026/09/10 20:08:37.687, 0, 12288, 11783, 333
2026/09/10 20:08:37.895, 0, 12288, 11783, 333
2026/09/10 20:08:38.101, 0, 12288, 11783, 333
2026/09/10 20:08:38.309, 0, 12288, 11783, 333
2026/09/10 20:08:38.516, 0, 12288, 11783, 333
2026/09/10 20:08:38.722, 0, 12288, 11783, 333
2026/09/10 20:08:38.927, 0, 12288, 11783, 333
2026/09/10 20:08:39.135, 0, 12288, 11783, 333
2026/09/10 20:08:39.341, 0, 12288, 11783, 333
2026/09/10 20:08:39.548, 0, 12288, 11783, 333
2026/09/10 20:08:39.756, 0, 12288, 11783, 333
2026/09/10 20:08:39.963, 0, 12288, 11783, 333
2026/09/10 20:08:40.171, 0, 12288, 11783, 333
2026/09/10 20:08:40.379, 0, 12288, 11783, 333
2026/09/10 20:08:40.587, 0, 12288, 11783, 333
2026/09/10 20:08:40.792, 0, 12288, 11783, 333
2026/09/10 20:08:41.000, 0, 12288, 11783, 333
2026/09/10 20:08:41.208, 0, 12288, 11783, 333
2026/09/10 20:08:41.415, 0, 12288, 11783, 333
2026/09/10 20:08:41.623, 0, 12288, 11783, 333
2026/09/10 20:08:41.831, 0, 12288, 11783, 333
2026/09/10 20:08:42.037, 0, 12288, 11783, 333
2026/09/10 20:08:42.243, 0, 12288, 11783, 333
2026/09/10 20:08:42.451, 0, 12288, 11783, 333
2026/09/10 20:08:42.657, 0, 12288, 11783, 333
2026/09/10 20:08:42.864, 0, 12288, 11783, 333
2026/09/10 20:08:43.071, 0, 12288, 11783, 333
2026/09/10 20:08:43.279, 0, 12288, 11783, 333
2026/09/10 20:08:43.487, 0, 12288, 11783, 333
2026/09/10 20:08:43.695, 0, 12288, 11783, 333
2026/09/10 20:08:43.903, 0, 12288, 11783, 333
2026/09/10 20:08:44.110, 0, 12288, 11783, 333
2026/09/10 20:08:44.318, 0, 12288, 11783, 333
2026/09/10 20:08:44.525, 0, 12288, 11783, 333
2026/09/10 20:08:44.733, 0, 12288, 11783, 333
2026/09/10 20:08:44.941, 0, 12288, 11783, 333
2026/09/10 20:08:45.149, 0, 12288, 11783, 333
2026/09/10 20:08:45.356, 0, 12288, 11783, 333
2026/09/10 20:08:45.563, 0, 12288, 11783, 333
2026/09/10 20:08:45.771, 0, 12288, 11783, 333
2026/09/10 20:08:45.979, 0, 12288, 11783, 333
2026/09/10 20:08:46.187, 0, 12288, 11783, 333
2026/09/10 20:08:46.392, 0, 12288, 11783, 333
2026/09/10 20:08:46.599, 0, 12288, 11783, 333
2026/09/10 20:08:46.806, 0, 12288, 11783, 333
2026/09/10 20:08:47.013, 0, 12288, 11783, 333
2026/09/10 20:08:47.221, 0, 12288, 11783, 333
2026/09/10 20:08:47.428, 0, 12288, 11783, 333
2026/09/10 20:08:47.636, 0, 12288, 11783, 333
2026/09/10 20:08:47.844, 0, 12288, 11783, 333
2026/09/10 20:08:48.051, 0, 12288, 11783, 333
2026/09/10 20:08:48.259, 0, 12288, 11783, 333
2026/09/10 20:08:48.466, 0, 12288, 11783, 333
2026/09/10 20:08:48.674, 0, 12288, 11783, 333
2026/09/10 20:08:48.882, 0, 12288, 11783, 333
2026/09/10 20:08:49.090, 0, 12288, 11783, 333
2026/09/10 20:08:49.297, 0, 12288, 11783, 333
2026/09/10 20:08:49.504, 0, 12288, 11783, 333
2026/09/10 20:08:49.712, 0, 12288, 11783, 333
2026/09/10 20:08:49.920, 0, 12288, 11783, 333
2026/09/10 20:08:50.127, 0, 12288, 11783, 333
2026/09/10 20:08:50.334, 0, 12288, 11783, 333
2026/09/10 20:08:50.542, 0, 12288, 11783, 333
2026/09/10 20:08:50.750, 0, 12288, 11783, 333
2026/09/10 20:08:50.958, 0, 12288, 11783, 333
2026/09/10 20:08:51.166, 0, 12288, 11783, 333
2026/09/10 20:08:51.373, 0, 12288, 11783, 333
2026/09/10 20:08:51.580, 0, 12288, 11783, 333
2026/09/10 20:08:51.787, 0, 12288, 11783, 333
2026/09/10 20:08:51.992, 0, 12288, 11783, 333
2026/09/10 20:08:52.197, 0, 12288, 11783, 333
2026/09/10 20:08:52.404, 0, 12288, 11783, 333
2026/09/10 20:08:52.611, 0, 12288, 11783, 333
2026/09/10 20:08:52.819, 0, 12288, 11783, 333
2026/09/10 20:08:53.027, 0, 12288, 11783, 333
2026/09/10 20:08:53.235, 0, 12288, 11783, 333
2026/09/10 20:08:53.443, 0, 12288, 11783, 333
2026/09/10 20:08:53.650, 0, 12288, 11783, 333
2026/09/10 20:08:53.857, 0, 12288, 11783, 333
2026/09/10 20:08:54.062, 0, 12288, 11783, 333
2026/09/10 20:08:54.268, 0, 12288, 11783, 333
2026/09/10 20:08:54.475, 0, 12288, 11783, 333
2026/09/10 20:08:54.683, 0, 12288, 11783, 333
2026/09/10 20:08:54.891, 0, 12288, 11783, 333
2026/09/10 20:08:55.099, 0, 12288, 11783, 333
2026/09/10 20:08:55.306, 0, 12288, 11783, 333
2026/09/10 20:08:55.514, 0, 12288, 11783, 333
2026/09/10 20:08:55.722, 0, 12288, 11783, 333
2026/09/10 20:08:55.929, 0, 12288, 11783, 333
2026/09/10 20:08:56.136, 0, 12288, 11783, 333
2026/09/10 20:08:56.344, 0, 12288, 11783, 333
2026/09/10 20:08:56.551, 0, 12288, 11783, 333
2026/09/10 20:08:56.758, 0, 12288, 11783, 333
2026/09/10 20:08:56.966, 0, 12288, 11783, 333
2026/09/10 20:08:57.172, 0, 12288, 11783, 333
2026/09/10 20:08:57.379, 0, 12288, 11783, 333
2026/09/10 20:08:57.586, 0, 12288, 11783, 333
2026/09/10 20:08:57.794, 0, 12288, 11783, 333
2026/09/10 20:08:58.000, 0, 12288, 11783, 333
2026/09/10 20:08:58.208, 0, 12288, 11783, 333
2026/09/10 20:08:58.416, 0, 12288, 11783, 333
2026/09/10 20:08:58.623, 0, 12288, 11783, 333
2026/09/10 20:08:58.831, 0, 12288, 11783, 333
2026/09/10 20:08:59.038, 0, 12288, 11783, 333
2026/09/10 20:08:59.244, 0, 12288, 11783, 333
2026/09/10 20:08:59.452, 0, 12288, 11783, 333
2026/09/10 20:08:59.660, 0, 12288, 11783, 333
2026/09/10 20:08:59.866, 0, 12288, 11783, 333
2026/09/10 20:09:00.072, 0, 12288, 11783, 333
2026/09/10 20:09:00.279, 0, 12288, 11783, 333
2026/09/10 20:09:00.487, 0, 12288, 11783, 333
2026/09/10 20:09:00.694, 0, 12288, 11783, 333
2026/09/10 20:09:00.902, 0, 12288, 11783, 333
2026/09/10 20:09:01.109, 0, 12288, 11783, 333
2026/09/10 20:09:01.316, 0, 12288, 11783, 333
2026/09/10 20:09:01.524, 0, 12288, 11783, 333
2026/09/10 20:09:01.731, 0, 12288, 11783, 333
2026/09/10 20:09:01.938, 0, 12288, 11783, 333
2026/09/10 20:09:02.145, 0, 12288, 11783, 333
2026/09/10 20:09:02.352, 0, 12288, 11783, 333
2026/09/10 20:09:02.560, 0, 12288, 11783, 333
2026/09/10 20:09:02.768, 0, 12288, 11783, 333
2026/09/10 20:09:02.975, 0, 12288, 11783, 333
2026/09/10 20:09:03.180, 0, 12288, 11783, 333
2026/09/10 20:09:03.387, 0, 12288, 11783, 333
2026/09/10 20:09:03.593, 0, 12288, 11783, 333
2026/09/10 20:09:03.799, 0, 12288, 11783, 333
2026/09/10 20:09:04.006, 0, 12288, 11783, 333
2026/09/10 20:09:04.214, 0, 12288, 11783, 333
2026/09/10 20:09:04.421, 0, 12288, 11783, 333
2026/09/10 20:09:04.627, 0, 12288, 11783, 333
2026/09/10 20:09:04.835, 0, 12288, 11783, 333
2026/09/10 20:09:05.043, 0, 12288, 11783, 333
2026/09/10 20:09:05.251, 0, 12288, 11783, 333
2026/09/10 20:09:05.458, 0, 12288, 11783, 333
2026/09/10 20:09:05.665, 0, 12288, 11783, 333
2026/09/10 20:09:05.872, 0, 12288, 11783, 333
2026/09/10 20:09:06.078, 0, 12288, 11783, 333
2026/09/10 20:09:06.286, 0, 12288, 11783, 333
2026/09/10 20:09:06.494, 0, 12288, 11783, 333
2026/09/10 20:09:06.702, 0, 12288, 11783, 333
2026/09/10 20:09:06.909, 0, 12288, 11783, 333
2026/09/10 20:09:07.116, 0, 12288, 11783, 333
2026/09/10 20:09:07.340, 0, 12288, 11783, 333
2026/09/10 20:09:07.547, 0, 12288, 11783, 333
2026/09/10 20:09:07.755, 0, 12288, 11783, 333
2026/09/10 20:09:07.963, 0, 12288, 11783, 333
2026/09/10 20:09:08.170, 0, 12288, 11783, 333
2026/09/10 20:09:08.378, 0, 12288, 11783, 333
2026/09/10 20:09:08.584, 0, 12288, 11783, 333
2026/09/10 20:09:08.791, 0, 12288, 11783, 333
2026/09/10 20:09:08.999, 0, 12288, 11783, 333
2026/09/10 20:09:09.206, 0, 12288, 11783, 333
2026/09/10 20:09:09.413, 0, 12288, 11783, 333
2026/09/10 20:09:09.620, 0, 12288, 11783, 333
2026/09/10 20:09:09.827, 0, 12288, 11783, 333
2026/09/10 20:09:10.035, 0, 12288, 11783, 333
2026/09/10 20:09:10.241, 0, 12288, 11783, 333
2026/09/10 20:09:10.449, 0, 12288, 11783, 333
2026/09/10 20:09:10.656, 0, 12288, 11783, 333
2026/09/10 20:09:10.864, 0, 12288, 11783, 333
2026/09/10 20:09:11.072, 0, 12288, 11783, 333
2026/09/10 20:09:11.279, 0, 12288, 11783, 333
2026/09/10 20:09:11.486, 0, 12288, 11783, 333
2026/09/10 20:09:11.694, 0, 12288, 11783, 333
2026/09/10 20:09:11.902, 0, 12288, 11783, 333
2026/09/10 20:09:12.110, 0, 12288, 11783, 333
2026/09/10 20:09:12.318, 0, 12288, 11783, 333
2026/09/10 20:09:12.526, 0, 12288, 11783, 333
2026/09/10 20:09:12.732, 0, 12288, 11783, 333
2026/09/10 20:09:12.939, 0, 12288, 11783, 333
2026/09/10 20:09:13.147, 0, 12288, 11783, 333
2026/09/10 20:09:13.355, 0, 12288, 11783, 333
2026/09/10 20:09:13.562, 0, 12288, 11783, 333
2026/09/10 20:09:13.770, 0, 12288, 11783, 333
2026/09/10 20:09:13.977, 0, 12288, 11783, 333
2026/09/10 20:09:14.183, 0, 12288, 11783, 333
2026/09/10 20:09:14.389, 0, 12288, 11783, 333
2026/09/10 20:09:14.597, 0, 12288, 11783, 333
2026/09/10 20:09:14.803, 0, 12288, 11783, 333
2026/09/10 20:09:15.011, 0, 12288, 11783, 333
2026/09/10 20:09:15.218, 0, 12288, 11783, 333
2026/09/10 20:09:15.424, 0, 12288, 11783, 333
2026/09/10 20:09:15.633, 0, 12288, 11783, 333
2026/09/10 20:09:15.840, 0, 12288, 11783, 333
2026/09/10 20:09:16.048, 0, 12288, 11783, 333
2026/09/10 20:09:16.253, 0, 12288, 11783, 333
2026/09/10 20:09:16.460, 0, 12288, 11783, 333
2026/09/10 20:09:16.667, 0, 12288, 11783, 333
2026/09/10 20:09:16.875, 0, 12288, 11783, 333
2026/09/10 20:09:17.084, 0, 12288, 11783, 333
2026/09/10 20:09:17.292, 0, 12288, 11783, 333
2026/09/10 20:09:17.499, 0, 12288, 11783, 333
2026/09/10 20:09:17.707, 0, 12288, 11783, 333
2026/09/10 20:09:17.915, 0, 12288, 11783, 333
2026/09/10 20:09:18.122, 0, 12288, 11783, 333
2026/09/10 20:09:18.330, 0, 12288, 11783, 333
2026/09/10 20:09:18.537, 0, 12288, 11783, 333
2026/09/10 20:09:18.744, 0, 12288, 11783, 333
2026/09/10 20:09:18.952, 0, 12288, 11783, 333
2026/09/10 20:09:19.159, 0, 12288, 11783, 333
2026/09/10 20:09:19.367, 0, 12288, 11783, 333
2026/09/10 20:09:19.575, 0, 12288, 11783, 333
2026/09/10 20:09:19.781, 0, 12288, 11783, 333
2026/09/10 20:09:19.987, 0, 12288, 11783, 333
2026/09/10 20:09:20.194, 0, 12288, 11783, 333
2026/09/10 20:09:20.402, 0, 12288, 11783, 333
2026/09/10 20:09:20.609, 0, 12288, 11783, 333
2026/09/10 20:09:20.817, 0, 12288, 11783, 333
2026/09/10 20:09:21.024, 0, 12288, 11783, 333
2026/09/10 20:09:21.232, 0, 12288, 11783, 333
2026/09/10 20:09:21.440, 0, 12288, 11783, 333
2026/09/10 20:09:21.648, 0, 12288, 11783, 333
2026/09/10 20:09:21.856, 0, 12288, 11783, 333
2026/09/10 20:09:22.063, 0, 12288, 11783, 333
2026/09/10 20:09:22.270, 0, 12288, 11783, 333
2026/09/10 20:09:22.477, 0, 12288, 11783, 333
2026/09/10 20:09:22.683, 0, 12288, 11783, 333
2026/09/10 20:09:22.891, 0, 12288, 11783, 333
2026/09/10 20:09:23.099, 0, 12288, 11783, 333
2026/09/10 20:09:23.306, 0, 12288, 11783, 333
2026/09/10 20:09:23.514, 0, 12288, 11783, 333
2026/09/10 20:09:23.721, 0, 12288, 11783, 333
2026/09/10 20:09:23.928, 0, 12288, 11783, 333
2026/09/10 20:09:24.136, 0, 12288, 11783, 333
2026/09/10 20:09:24.343, 0, 12288, 11783, 333
2026/09/10 20:09:24.551, 0, 12288, 11783, 333
2026/09/10 20:09:24.759, 0, 12288, 11783, 333
2026/09/10 20:09:24.966, 0, 12288, 11783, 333
2026/09/10 20:09:25.173, 0, 12288, 11783, 333
2026/09/10 20:09:25.379, 0, 12288, 11783, 333
2026/09/10 20:09:25.587, 0, 12288, 11783, 333
2026/09/10 20:09:25.795, 0, 12288, 11783, 333
2026/09/10 20:09:26.002, 0, 12288, 11783, 333
2026/09/10 20:09:26.210, 0, 12288, 11783, 333
2026/09/10 20:09:26.417, 0, 12288, 11783, 333
2026/09/10 20:09:26.625, 0, 12288, 11783, 333
2026/09/10 20:09:26.832, 0, 12288, 11783, 333
2026/09/10 20:09:27.040, 0, 12288, 11783, 333
2026/09/10 20:09:27.248, 0, 12288, 11783, 333
2026/09/10 20:09:27.454, 0, 12288, 11783, 333
2026/09/10 20:09:27.660, 0, 12288, 11783, 333
2026/09/10 20:09:27.868, 0, 12288, 11783, 333
2026/09/10 20:09:28.076, 0, 12288, 11783, 333
2026/09/10 20:09:28.283, 0, 12288, 11783, 333
2026/09/10 20:09:28.491, 0, 12288, 11783, 333
2026/09/10 20:09:28.699, 0, 12288, 11783, 333
2026/09/10 20:09:28.907, 0, 12288, 11783, 333
2026/09/10 20:09:29.115, 0, 12288, 11783, 333
2026/09/10 20:09:29.322, 0, 12288, 11783, 333
2026/09/10 20:09:29.530, 0, 12288, 11783, 333
2026/09/10 20:09:29.738, 0, 12288, 11783, 333
2026/09/10 20:09:29.945, 0, 12288, 11783, 333
2026/09/10 20:09:30.152, 0, 12288, 11783, 333
2026/09/10 20:09:30.359, 0, 12288, 11783, 333
2026/09/10 20:09:30.565, 0, 12288, 11783, 333
2026/09/10 20:09:30.773, 0, 12288, 11783, 333
2026/09/10 20:09:30.979, 0, 12288, 11783, 333
2026/09/10 20:09:31.185, 0, 12288, 11783, 333
2026/09/10 20:09:31.393, 0, 12288, 11783, 333
2026/09/10 20:09:31.601, 0, 12288, 11783, 333
2026/09/10 20:09:31.807, 0, 12288, 11783, 333
2026/09/10 20:09:32.014, 0, 12288, 11783, 333
2026/09/10 20:09:32.222, 0, 12288, 11783, 333
2026/09/10 20:09:32.430, 0, 12288, 11783, 333
2026/09/10 20:09:32.637, 0, 12288, 11783, 333
2026/09/10 20:09:32.845, 0, 12288, 11783, 333
2026/09/10 20:09:33.053, 0, 12288, 11783, 333
2026/09/10 20:09:33.261, 0, 12288, 11783, 333
2026/09/10 20:09:33.469, 0, 12288, 11783, 333
2026/09/10 20:09:33.676, 0, 12288, 11783, 333
2026/09/10 20:09:33.884, 0, 12288, 11783, 333
2026/09/10 20:09:34.091, 0, 12288, 11783, 333
2026/09/10 20:09:34.299, 0, 12288, 11783, 333
2026/09/10 20:09:34.506, 0, 12288, 11783, 333
2026/09/10 20:09:34.714, 0, 12288, 11783, 333
2026/09/10 20:09:34.922, 0, 12288, 11783, 333
2026/09/10 20:09:35.128, 0, 12288, 11783, 333
2026/09/10 20:09:35.336, 0, 12288, 11783, 333
2026/09/10 20:09:35.544, 0, 12288, 11783, 333
2026/09/10 20:09:35.751, 0, 12288, 11783, 333
2026/09/10 20:09:35.959, 0, 12288, 11783, 333
2026/09/10 20:09:36.167, 0, 12288, 11783, 333
2026/09/10 20:09:36.375, 0, 12288, 11783, 333
2026/09/10 20:09:36.582, 0, 12288, 11783, 333
2026/09/10 20:09:36.790, 0, 12288, 11783, 333
2026/09/10 20:09:36.998, 0, 12288, 11783, 333
2026/09/10 20:09:37.205, 0, 12288, 11783, 333
2026/09/10 20:09:37.412, 0, 12288, 11783, 333
2026/09/10 20:09:37.620, 0, 12288, 11783, 333
2026/09/10 20:09:37.823, 0, 12288, 11783, 333
2026/09/10 20:09:38.030, 0, 12288, 11783, 333
2026/09/10 20:09:38.238, 0, 12288, 11783, 333
2026/09/10 20:09:38.446, 0, 12288, 11783, 333
2026/09/10 20:09:38.654, 0, 12288, 11783, 333
2026/09/10 20:09:38.860, 0, 12288, 11783, 333
2026/09/10 20:09:39.067, 0, 12288, 11783, 333
2026/09/10 20:09:39.275, 0, 12288, 11783, 333
2026/09/10 20:09:39.483, 0, 12288, 11783, 333
2026/09/10 20:09:39.690, 0, 12288, 11783, 333
2026/09/10 20:09:39.893, 0, 12288, 11783, 333
2026/09/10 20:09:40.100, 0, 12288, 11783, 333
2026/09/10 20:09:40.308, 0, 12288, 11783, 333
2026/09/10 20:09:40.515, 0, 12288, 11783, 333
2026/09/10 20:09:40.721, 0, 12288, 11783, 333
2026/09/10 20:09:40.929, 0, 12288, 11783, 333
2026/09/10 20:09:41.137, 0, 12288, 11783, 333
2026/09/10 20:09:41.343, 0, 12288, 11783, 333
2026/09/10 20:09:41.550, 0, 12288, 11783, 333
2026/09/10 20:09:41.756, 0, 12288, 11783, 333
2026/09/10 20:09:41.961, 0, 12288, 11783, 333
2026/09/10 20:09:42.168, 0, 12288, 11783, 333
2026/09/10 20:09:42.376, 0, 12288, 11783, 333
2026/09/10 20:09:42.584, 0, 12288, 11783, 333
2026/09/10 20:09:42.791, 0, 12288, 11783, 333
2026/09/10 20:09:42.999, 0, 12288, 11783, 333
2026/09/10 20:09:43.206, 0, 12288, 11783, 333
2026/09/10 20:09:43.412, 0, 12288, 11783, 333
2026/09/10 20:09:43.619, 0, 12288, 11783, 333
2026/09/10 20:09:43.827, 0, 12288, 11783, 333
2026/09/10 20:09:44.034, 0, 12288, 11783, 333
2026/09/10 20:09:44.242, 0, 12288, 11783, 333
2026/09/10 20:09:44.450, 0, 12288, 11783, 333
2026/09/10 20:09:44.658, 0, 12288, 11783, 333
2026/09/10 20:09:44.865, 0, 12288, 11783, 333
2026/09/10 20:09:45.074, 0, 12288, 11783, 333
2026/09/10 20:09:45.281, 0, 12288, 11783, 333
2026/09/10 20:09:45.487, 0, 12288, 11783, 333
2026/09/10 20:09:45.694, 0, 12288, 11783, 333
2026/09/10 20:09:45.901, 0, 12288, 11783, 333
2026/09/10 20:09:46.108, 0, 12288, 11783, 333
2026/09/10 20:09:46.313, 0, 12288, 11783, 333
2026/09/10 20:09:46.519, 0, 12288, 11783, 333
2026/09/10 20:09:46.725, 0, 12288, 11783, 333
2026/09/10 20:09:46.932, 0, 12288, 11783, 333
2026/09/10 20:09:47.139, 0, 12288, 11783, 333
2026/09/10 20:09:47.347, 0, 12288, 11783, 333
2026/09/10 20:09:47.554, 0, 12288, 11783, 333
2026/09/10 20:09:47.762, 0, 12288, 11783, 333
2026/09/10 20:09:47.970, 0, 12288, 11783, 333
2026/09/10 20:09:48.177, 0, 12288, 11783, 333
2026/09/10 20:09:48.385, 0, 12288, 11783, 333
2026/09/10 20:09:48.592, 0, 12288, 11783, 333
2026/09/10 20:09:48.800, 0, 12288, 11783, 333
2026/09/10 20:09:49.006, 0, 12288, 11783, 333
2026/09/10 20:09:49.214, 0, 12288, 11783, 333
2026/09/10 20:09:49.421, 0, 12288, 11783, 333
2026/09/10 20:09:49.629, 0, 12288, 11783, 333
2026/09/10 20:09:49.836, 0, 12288, 11783, 333
2026/09/10 20:09:50.043, 0, 12288, 11783, 333
2026/09/10 20:09:50.250, 0, 12288, 11783, 333
2026/09/10 20:09:50.456, 0, 12288, 343, 11773
2026/09/10 20:09:50.664, 0, 12288, 343, 11773
2026/09/10 20:09:50.872, 0, 12288, 343, 11773
2026/09/10 20:09:51.079, 0, 12288, 343, 11773
2026/09/10 20:09:51.287, 0, 12288, 343, 11773
2026/09/10 20:09:51.495, 0, 12288, 343, 11773
2026/09/10 20:09:51.703, 0, 12288, 343, 11773
2026/09/10 20:09:51.910, 0, 12288, 343, 11773
