2026/10/02 17:38:12.864, 0, 12288, 542, 11574
2026/10/02 17:38:13.068, 0, 12288, 561, 11555
2026/10/02 17:38:13.272, 0, 12288, 635, 11481
2026/10/02 17:38:13.478, 0, 12288, 635, 11481
2026/10/02 17:38:13.684, 0, 12288, 635, 11481
2026/10/02 17:38:13.890, 0, 12288, 635, 11481
2026/10/02 17:38:14.093, 0, 12288, 635, 11481
2026/10/02 17:38:14.299, 0, 12288, 635, 11481
2026/10/02 17:38:14.502, 0, 12288, 635, 11481
2026/10/02 17:38:14.708, 0, 12288, 635, 11481
2026/10/02 17:38:14.909, 0, 12288, 635, 11481
2026/10/02 17:38:15.115, 0, 12288, 7099, 5017
2026/10/02 17:38:15.318, 0, 12288, 10321, 1795
2026/10/02 17:38:15.523, 0, 12288, 10321, 1795
2026/10/02 17:38:15.728, 0, 12288, 10321, 1795
2026/10/02 17:38:15.934, 0, 12288, 10321, 1795
2026/10/02 17:38:16.140, 0, 12288, 10321, 1795
2026/10/02 17:38:16.345, 0, 12288, 10321, 1795
2026/10/02 17:38:16.548, 0, 12288, 10321, 1795
2026/10/02 17:38:16.753, 0, 12288, 10321, 1795
2026/10/02 17:38:16.957, 0, 12288, 10321, 1795
2026/10/02 17:38:17.162, 0, 12288, 10321, 1795
2026/10/02 17:38:17.368, 0, 12288, 10321, 1795
2026/10/02 17:38:17.576, 0, 12288, 10321, 1795
2026/10/02 17:38:17.792, 0, 12288, 10321, 1795
2026/10/02 17:38:17.998, 0, 12288, 10321, 1795
2026/10/02 17:38:18.203, 0, 12288, 10321, 1795
2026/10/02 17:38:18.406, 0, 12288, 10321, 1795
2026/10/02 17:38:18.611, 0, 12288, 10321, 1795
2026/10/02 17:38:18.818, 0, 12288, 10321, 1795
2026/10/02 17:38:19.019, 0, 12288, 10321, 1795
2026/10/02 17:38:19.220, 0, 12288, 10321, 1795
2026/10/02 17:38:19.424, 0, 12288, 10321, 1795
2026/10/02 17:38:19.628, 0, 12288, 10321, 1795
2026/10/02 17:38:19.833, 0, 12288, 10321, 1795
2026/10/02 17:38:20.038, 0, 12288, 10321, 1795
2026/10/02 17:38:20.242, 0, 12288, 10321, 1795
2026/10/02 17:38:20.446, 0, 12288, 10897, 1219
2026/10/02 17:38:20.651, 0, 12288, 11732, 384
2026/10/02 17:38:20.857, 0, 12288, 11748, 368
2026/10/02 17:38:21.063, 0, 12288, 11748, 368
2026/10/02 17:38:21.279, 0, 12288, 11748, 368
2026/10/02 17:38:21.482, 0, 12288, 11748, 368
2026/10/02 17:38:21.687, 0, 12288, 11748, 368
2026/10/02 17:38:21.891, 0, 12288, 11748, 368
2026/10/02 17:38:22.098, 0, 12288, 11748, 368
2026/10/02 17:38:22.303, 0, 12288, 11748, 368
2026/10/02 17:38:22.508, 0, 12288, 11748, 368
2026/10/02 17:38:22.715, 0, 12288, 11748, 368
2026/10/02 17:38:22.919, 0, 12288, 11748, 368
2026/10/02 17:38:23.124, 0, 12288, 11748, 368
2026/10/02 17:38:23.327, 0, 12288, 11748, 368
2026/10/02 17:38:23.530, 0, 12288, 11748, 368
2026/10/02 17:38:23.731, 0, 12288, 11748, 368
2026/10/02 17:38:23.938, 0, 12288, 11748, 368
2026/10/02 17:38:24.144, 0, 12288, 11748, 368
2026/10/02 17:38:24.350, 0, 12288, 11748, 368
2026/10/02 17:38:24.555, 0, 12288, 11748, 368
2026/10/02 17:38:24.758, 0, 12288, 11748, 368
2026/10/02 17:38:24.964, 0, 12288, 11748, 368
2026/10/02 17:38:25.177, 0, 12288, 11748, 368
2026/10/02 17:38:25.388, 0, 12288, 11748, 368
2026/10/02 17:38:25.589, 0, 12288, 11748, 368
2026/10/02 17:38:25.800, 0, 12288, 11748, 368
2026/10/02 17:38:26.012, 0, 12288, 11748, 368
2026/10/02 17:38:26.219, 0, 12288, 11748, 368
2026/10/02 17:38:26.420, 0, 12288, 11748, 368
2026/10/02 17:38:26.624, 0, 12288, 11748, 368
2026/10/02 17:38:26.830, 0, 12288, 11748, 368
2026/10/02 17:38:27.035, 0, 12288, 11748, 368
2026/10/02 17:38:27.238, 0, 12288, 11755, 361
2026/10/02 17:38:27.444, 0, 12288, 11755, 361
2026/10/02 17:38:27.651, 0, 12288, 11755, 361
2026/10/02 17:38:27.856, 0, 12288, 11755, 361
2026/10/02 17:38:28.060, 0, 12288, 11755, 361
2026/10/02 17:38:28.266, 0, 12288, 11755, 361
2026/10/02 17:38:28.469, 0, 12288, 11755, 361
2026/10/02 17:38:28.674, 0, 12288, 11755, 361
2026/10/02 17:38:28.879, 0, 12288, 11755, 361
2026/10/02 17:38:29.084, 0, 12288, 11755, 361
2026/10/02 17:38:29.287, 0, 12288, 11755, 361
2026/10/02 17:38:29.491, 0, 12288, 11755, 361
2026/10/02 17:38:29.696, 0, 12288, 11754, 362
2026/10/02 17:38:29.898, 0, 12288, 11749, 367
2026/10/02 17:38:30.103, 0, 12288, 11749, 367
2026/10/02 17:38:30.308, 0, 12288, 11749, 367
2026/10/02 17:38:30.512, 0, 12288, 11749, 367
2026/10/02 17:38:30.717, 0, 12288, 11749, 367
2026/10/02 17:38:30.920, 0, 12288, 11749, 367
2026/10/02 17:38:31.124, 0, 12288, 11749, 367
2026/10/02 17:38:31.325, 0, 12288, 11749, 367
2026/10/02 17:38:31.528, 0, 12288, 11749, 367
2026/10/02 17:38:31.730, 0, 12288, 11749, 367
2026/10/02 17:38:31.935, 0, 12288, 11749, 367
2026/10/02 17:38:32.137, 0, 12288, 11749, 367
2026/10/02 17:38:32.338, 0, 12288, 11747, 369
2026/10/02 17:38:32.542, 0, 12288, 11747, 369
2026/10/02 17:38:32.747, 0, 12288, 11747, 369
2026/10/02 17:38:32.949, 0, 12288, 11747, 369
2026/10/02 17:38:33.154, 0, 12288, 11747, 369
2026/10/02 17:38:33.359, 0, 12288, 11747, 369
2026/10/02 17:38:33.560, 0, 12288, 11747, 369
2026/10/02 17:38:33.764, 0, 12288, 11747, 369
2026/10/02 17:38:33.968, 0, 12288, 11747, 369
2026/10/02 17:38:34.171, 0, 12288, 11747, 369
2026/10/02 17:38:34.373, 0, 12288, 11747, 369
2026/10/02 17:38:34.574, 0, 12288, 11747, 369
2026/10/02 17:38:34.776, 0, 12288, 11753, 363
2026/10/02 17:38:34.982, 0, 12288, 11858, 258
2026/10/02 17:38:35.186, 0, 12288, 11860, 256
2026/10/02 17:38:35.390, 0, 12288, 11860, 256
2026/10/02 17:38:35.595, 0, 12288, 11860, 256
2026/10/02 17:38:35.799, 0, 12288, 11873, 243
2026/10/02 17:38:36.005, 0, 12288, 11905, 211
2026/10/02 17:38:36.210, 0, 12288, 11905, 211
2026/10/02 17:38:36.415, 0, 12288, 11905, 211
2026/10/02 17:38:36.621, 0, 12288, 11905, 211
2026/10/02 17:38:36.823, 0, 12288, 11905, 211
2026/10/02 17:38:37.029, 0, 12288, 11905, 211
2026/10/02 17:38:37.235, 0, 12288, 11905, 211
2026/10/02 17:38:37.440, 0, 12288, 11905, 211
2026/10/02 17:38:37.647, 0, 12288, 11905, 211
2026/10/02 17:38:37.850, 0, 12288, 11905, 211
2026/10/02 17:38:38.055, 0, 12288, 11905, 211
2026/10/02 17:38:38.260, 0, 12288, 11905, 211
2026/10/02 17:38:38.466, 0, 12288, 11905, 211
2026/10/02 17:38:38.671, 0, 12288, 11905, 211
2026/10/02 17:38:38.875, 0, 12288, 11905, 211
2026/10/02 17:38:39.081, 0, 12288, 11905, 211
2026/10/02 17:38:39.287, 0, 12288, 11914, 202
2026/10/02 17:38:39.519, 0, 12288, 11914, 202
2026/10/02 17:38:39.724, 0, 12288, 11914, 202
2026/10/02 17:38:39.929, 0, 12288, 11914, 202
2026/10/02 17:38:40.134, 0, 12288, 11914, 202
2026/10/02 17:38:40.340, 0, 12288, 11914, 202
2026/10/02 17:38:40.544, 0, 12288, 11914, 202
2026/10/02 17:38:40.745, 0, 12288, 11914, 202
2026/10/02 17:38:40.948, 0, 12288, 11914, 202
2026/10/02 17:38:41.153, 0, 12288, 11914, 202
2026/10/02 17:38:41.358, 0, 12288, 11914, 202
2026/10/02 17:38:41.563, 0, 12288, 11914, 202
2026/10/02 17:38:41.767, 0, 12288, 11913, 203
2026/10/02 17:38:41.969, 0, 12288, 11909, 207
2026/10/02 17:38:42.171, 0, 12288, 11909, 207
2026/10/02 17:38:42.375, 0, 12288, 11909, 207
2026/10/02 17:38:42.578, 0, 12288, 11909, 207
2026/10/02 17:38:42.781, 0, 12288, 11909, 207
2026/10/02 17:38:42.982, 0, 12288, 11909, 207
2026/10/02 17:38:43.186, 0, 12288, 11909, 207
2026/10/02 17:38:43.390, 0, 12288, 11909, 207
2026/10/02 17:38:43.592, 0, 12288, 11909, 207
2026/10/02 17:38:43.796, 0, 12288, 11909, 207
2026/10/02 17:38:43.999, 0, 12288, 11909, 207
2026/10/02 17:38:44.201, 0, 12288, 11907, 209
2026/10/02 17:38:44.405, 0, 12288, 11907, 209
2026/10/02 17:38:44.610, 0, 12288, 11907, 209
2026/10/02 17:38:44.815, 0, 12288, 11907, 209
2026/10/02 17:38:45.021, 0, 12288, 11907, 209
2026/10/02 17:38:45.226, 0, 12288, 11907, 209
2026/10/02 17:38:45.430, 0, 12288, 11909, 207
2026/10/02 17:38:45.634, 0, 12288, 11909, 207
2026/10/02 17:38:45.838, 0, 12288, 11909, 207
2026/10/02 17:38:46.042, 0, 12288, 11909, 207
2026/10/02 17:38:46.247, 0, 12288, 11909, 207
2026/10/02 17:38:46.452, 0, 12288, 11909, 207
2026/10/02 17:38:46.654, 0, 12288, 11909, 207
2026/10/02 17:38:46.861, 0, 12288, 11909, 207
2026/10/02 17:38:47.066, 0, 12288, 11909, 207
2026/10/02 17:38:47.270, 0, 12288, 11909, 207
2026/10/02 17:38:47.476, 0, 12288, 11909, 207
2026/10/02 17:38:47.679, 0, 12288, 11909, 207
2026/10/02 17:38:47.885, 0, 12288, 11909, 207
2026/10/02 17:38:48.089, 0, 12288, 11909, 207
2026/10/02 17:38:48.293, 0, 12288, 11909, 207
2026/10/02 17:38:48.497, 0, 12288, 11909, 207
2026/10/02 17:38:48.700, 0, 12288, 11909, 207
2026/10/02 17:38:48.904, 0, 12288, 11909, 207
2026/10/02 17:38:49.106, 0, 12288, 11909, 207
2026/10/02 17:38:49.308, 0, 12288, 11909, 207
2026/10/02 17:38:49.512, 0, 12288, 11909, 207
2026/10/02 17:38:49.715, 0, 12288, 11909, 207
2026/10/02 17:38:49.919, 0, 12288, 11909, 207
2026/10/02 17:38:50.124, 0, 12288, 11909, 207
2026/10/02 17:38:50.328, 0, 12288, 11909, 207
2026/10/02 17:38:50.532, 0, 12288, 11909, 207
2026/10/02 17:38:50.737, 0, 12288, 11909, 207
2026/10/02 17:38:50.942, 0, 12288, 11909, 207
2026/10/02 17:38:51.146, 0, 12288, 11909, 207
2026/10/02 17:38:51.351, 0, 12288, 11909, 207
2026/10/02 17:38:51.556, 0, 12288, 11909, 207
2026/10/02 17:38:51.759, 0, 12288, 11909, 207
2026/10/02 17:38:51.965, 0, 12288, 11909, 207
2026/10/02 17:38:52.171, 0, 12288, 11909, 207
2026/10/02 17:38:52.375, 0, 12288, 11909, 207
2026/10/02 17:38:52.580, 0, 12288, 11909, 207
2026/10/02 17:38:52.786, 0, 12288, 11909, 207
2026/10/02 17:38:52.990, 0, 12288, 11909, 207
2026/10/02 17:38:53.194, 0, 12288, 11909, 207
2026/10/02 17:38:53.397, 0, 12288, 11909, 207
2026/10/02 17:38:53.602, 0, 12288, 11909, 207
2026/10/02 17:38:53.806, 0, 12288, 11909, 207
2026/10/02 17:38:54.012, 0, 12288, 11909, 207
2026/10/02 17:38:54.216, 0, 12288, 11914, 202
2026/10/02 17:38:54.421, 0, 12288, 11914, 202
2026/10/02 17:38:55.877, 0, 12288, 11913, 203
2026/10/02 17:38:56.083, 0, 12288, 11913, 203
2026/10/02 17:38:56.289, 0, 12288, 11913, 203
2026/10/02 17:38:56.494, 0, 12288, 11913, 203
2026/10/02 17:38:56.699, 0, 12288, 11913, 203
2026/10/02 17:38:56.903, 0, 12288, 11909, 207
2026/10/02 17:38:57.107, 0, 12288, 11909, 207
2026/10/02 17:38:57.310, 0, 12288, 11909, 207
2026/10/02 17:38:57.513, 0, 12288, 11909, 207
2026/10/02 17:38:57.718, 0, 12288, 11909, 207
2026/10/02 17:38:57.924, 0, 12288, 11909, 207
2026/10/02 17:38:58.129, 0, 12288, 11909, 207
2026/10/02 17:38:58.334, 0, 12288, 11909, 207
2026/10/02 17:38:58.537, 0, 12288, 11917, 199
2026/10/02 17:38:58.741, 0, 12288, 11917, 199
2026/10/02 17:38:58.946, 0, 12288, 11917, 199
2026/10/02 17:38:59.151, 0, 12288, 11917, 199
2026/10/02 17:38:59.357, 0, 12288, 11917, 199
2026/10/02 17:38:59.561, 0, 12288, 11917, 199
2026/10/02 17:38:59.763, 0, 12288, 11917, 199
2026/10/02 17:38:59.968, 0, 12288, 11917, 199
2026/10/02 17:39:00.174, 0, 12288, 11917, 199
2026/10/02 17:39:00.378, 0, 12288, 11917, 199
2026/10/02 17:39:00.583, 0, 12288, 11909, 207
2026/10/02 17:39:00.787, 0, 12288, 11909, 207
2026/10/02 17:39:00.992, 0, 12288, 11909, 207
2026/10/02 17:39:01.196, 0, 12288, 11909, 207
2026/10/02 17:39:01.403, 0, 12288, 11909, 207
2026/10/02 17:39:01.605, 0, 12288, 11909, 207
2026/10/02 17:39:01.811, 0, 12288, 11909, 207
2026/10/02 17:39:02.014, 0, 12288, 11909, 207
2026/10/02 17:39:02.217, 0, 12288, 11909, 207
2026/10/02 17:39:02.422, 0, 12288, 11909, 207
2026/10/02 17:39:02.629, 0, 12288, 11909, 207
2026/10/02 17:39:02.834, 0, 12288, 11909, 207
2026/10/02 17:39:03.040, 0, 12288, 11909, 207
2026/10/02 17:39:03.243, 0, 12288, 11909, 207
2026/10/02 17:39:03.445, 0, 12288, 11909, 207
2026/10/02 17:39:03.652, 0, 12288, 11909, 207
2026/10/02 17:39:03.855, 0, 12288, 11909, 207
2026/10/02 17:39:04.060, 0, 12288, 11913, 203
2026/10/02 17:39:04.265, 0, 12288, 11913, 203
2026/10/02 17:39:04.471, 0, 12288, 11913, 203
2026/10/02 17:39:04.677, 0, 12288, 11913, 203
2026/10/02 17:39:04.881, 0, 12288, 11913, 203
2026/10/02 17:39:05.087, 0, 12288, 11913, 203
2026/10/02 17:39:05.290, 0, 12288, 11913, 203
2026/10/02 17:39:05.494, 0, 12288, 11913, 203
2026/10/02 17:39:05.699, 0, 12288, 11913, 203
2026/10/02 17:39:05.904, 0, 12288, 11909, 207
2026/10/02 17:39:06.107, 0, 12288, 11909, 207
2026/10/02 17:39:06.312, 0, 12288, 11909, 207
2026/10/02 17:39:06.514, 0, 12288, 11909, 207
2026/10/02 17:39:06.718, 0, 12288, 11909, 207
2026/10/02 17:39:06.922, 0, 12288, 11909, 207
2026/10/02 17:39:07.123, 0, 12288, 11909, 207
2026/10/02 17:39:07.327, 0, 12288, 11909, 207
2026/10/02 17:39:07.533, 0, 12288, 11909, 207
2026/10/02 17:39:07.740, 0, 12288, 11909, 207
2026/10/02 17:39:07.962, 0, 12288, 11909, 207
2026/10/02 17:39:08.166, 0, 12288, 11909, 207
2026/10/02 17:39:08.371, 0, 12288, 11909, 207
2026/10/02 17:39:08.575, 0, 12288, 11909, 207
2026/10/02 17:39:08.780, 0, 12288, 11909, 207
2026/10/02 17:39:08.985, 0, 12288, 11909, 207
2026/10/02 17:39:09.190, 0, 12288, 11909, 207
2026/10/02 17:39:09.397, 0, 12288, 11909, 207
2026/10/02 17:39:09.601, 0, 12288, 11909, 207
2026/10/02 17:39:09.805, 0, 12288, 11909, 207
2026/10/02 17:39:10.010, 0, 12288, 11909, 207
2026/10/02 17:39:10.216, 0, 12288, 11909, 207
2026/10/02 17:39:10.420, 0, 12288, 11909, 207
2026/10/02 17:39:10.624, 0, 12288, 11909, 207
2026/10/02 17:39:10.839, 0, 12288, 11909, 207
2026/10/02 17:39:11.044, 0, 12288, 11909, 207
2026/10/02 17:39:11.250, 0, 12288, 11909, 207
2026/10/02 17:39:11.458, 0, 12288, 11909, 207
2026/10/02 17:39:11.663, 0, 12288, 11909, 207
2026/10/02 17:39:11.868, 0, 12288, 11909, 207
2026/10/02 17:39:12.074, 0, 12288, 11909, 207
2026/10/02 17:39:12.278, 0, 12288, 11909, 207
2026/10/02 17:39:12.481, 0, 12288, 11909, 207
2026/10/02 17:39:12.684, 0, 12288, 11909, 207
2026/10/02 17:39:12.888, 0, 12288, 11909, 207
2026/10/02 17:39:13.092, 0, 12288, 11909, 207
2026/10/02 17:39:13.297, 0, 12288, 11909, 207
2026/10/02 17:39:13.503, 0, 12288, 11909, 207
2026/10/02 17:39:13.709, 0, 12288, 11909, 207
2026/10/02 17:39:13.913, 0, 12288, 11909, 207
2026/10/02 17:39:14.115, 0, 12288, 11909, 207
2026/10/02 17:39:14.319, 0, 12288, 11909, 207
2026/10/02 17:39:14.524, 0, 12288, 11909, 207
2026/10/02 17:39:14.730, 0, 12288, 11909, 207
2026/10/02 17:39:14.936, 0, 12288, 11909, 207
2026/10/02 17:39:15.140, 0, 12288, 11909, 207
2026/10/02 17:39:15.341, 0, 12288, 11909, 207
2026/10/02 17:39:15.544, 0, 12288, 11909, 207
2026/10/02 17:39:15.748, 0, 12288, 11909, 207
2026/10/02 17:39:15.949, 0, 12288, 11909, 207
2026/10/02 17:39:16.153, 0, 12288, 11909, 207
2026/10/02 17:39:16.355, 0, 12288, 11909, 207
2026/10/02 17:39:16.559, 0, 12288, 11909, 207
2026/10/02 17:39:16.762, 0, 12288, 11909, 207
2026/10/02 17:39:16.967, 0, 12288, 11909, 207
2026/10/02 17:39:17.172, 0, 12288, 11909, 207
2026/10/02 17:39:17.374, 0, 12288, 11909, 207
2026/10/02 17:39:17.578, 0, 12288, 11909, 207
2026/10/02 17:39:17.781, 0, 12288, 11909, 207
2026/10/02 17:39:17.983, 0, 12288, 11909, 207
2026/10/02 17:39:18.188, 0, 12288, 11909, 207
2026/10/02 17:39:18.390, 0, 12288, 11909, 207
2026/10/02 17:39:18.597, 0, 12288, 11909, 207
2026/10/02 17:39:18.801, 0, 12288, 11909, 207
2026/10/02 17:39:19.006, 0, 12288, 11909, 207
2026/10/02 17:39:20.063, 0, 12288, 11909, 207
2026/10/02 17:39:20.265, 0, 12288, 11909, 207
2026/10/02 17:39:20.469, 0, 12288, 11909, 207
2026/10/02 17:39:20.673, 0, 12288, 11909, 207
2026/10/02 17:39:20.879, 0, 12288, 11909, 207
2026/10/02 17:39:21.085, 0, 12288, 11909, 207
2026/10/02 17:39:21.288, 0, 12288, 11909, 207
2026/10/02 17:39:21.494, 0, 12288, 11909, 207
2026/10/02 17:39:21.698, 0, 12288, 11909, 207
2026/10/02 17:39:21.904, 0, 12288, 11909, 207
2026/10/02 17:39:22.108, 0, 12288, 11909, 207
2026/10/02 17:39:22.314, 0, 12288, 11909, 207
2026/10/02 17:39:22.521, 0, 12288, 11909, 207
2026/10/02 17:39:22.727, 0, 12288, 11909, 207
2026/10/02 17:39:22.934, 0, 12288, 11909, 207
2026/10/02 17:39:23.139, 0, 12288, 11909, 207
2026/10/02 17:39:23.344, 0, 12288, 11909, 207
2026/10/02 17:39:23.550, 0, 12288, 11909, 207
2026/10/02 17:39:23.754, 0, 12288, 11909, 207
2026/10/02 17:39:23.959, 0, 12288, 11909, 207
2026/10/02 17:39:24.165, 0, 12288, 11909, 207
2026/10/02 17:39:24.369, 0, 12288, 11909, 207
2026/10/02 17:39:24.574, 0, 12288, 11909, 207
2026/10/02 17:39:24.781, 0, 12288, 11909, 207
2026/10/02 17:39:24.987, 0, 12288, 11909, 207
2026/10/02 17:39:25.191, 0, 12288, 11909, 207
2026/10/02 17:39:25.397, 0, 12288, 11909, 207
2026/10/02 17:39:25.601, 0, 12288, 11909, 207
2026/10/02 17:39:25.806, 0, 12288, 11909, 207
2026/10/02 17:39:26.012, 0, 12288, 11909, 207
2026/10/02 17:39:26.217, 0, 12288, 11909, 207
2026/10/02 17:39:26.422, 0, 12288, 11909, 207
2026/10/02 17:39:26.627, 0, 12288, 11909, 207
2026/10/02 17:39:26.832, 0, 12288, 11909, 207
2026/10/02 17:39:27.036, 0, 12288, 11909, 207
2026/10/02 17:39:27.240, 0, 12288, 11909, 207
2026/10/02 17:39:27.446, 0, 12288, 11909, 207
2026/10/02 17:39:27.650, 0, 12288, 11909, 207
2026/10/02 17:39:27.856, 0, 12288, 11909, 207
2026/10/02 17:39:28.062, 0, 12288, 11909, 207
2026/10/02 17:39:28.270, 0, 12288, 11909, 207
2026/10/02 17:39:28.475, 0, 12288, 11909, 207
2026/10/02 17:39:28.679, 0, 12288, 11909, 207
2026/10/02 17:39:28.883, 0, 12288, 11909, 207
2026/10/02 17:39:29.089, 0, 12288, 11917, 199
2026/10/02 17:39:29.294, 0, 12288, 11917, 199
2026/10/02 17:39:29.500, 0, 12288, 11917, 199
2026/10/02 17:39:29.704, 0, 12288, 11917, 199
2026/10/02 17:39:29.910, 0, 12288, 11917, 199
2026/10/02 17:39:30.113, 0, 12288, 11917, 199
2026/10/02 17:39:30.317, 0, 12288, 11917, 199
2026/10/02 17:39:30.518, 0, 12288, 11917, 199
2026/10/02 17:39:30.723, 0, 12288, 11917, 199
2026/10/02 17:39:30.929, 0, 12288, 11909, 207
2026/10/02 17:39:31.133, 0, 12288, 11909, 207
2026/10/02 17:39:31.339, 0, 12288, 11909, 207
2026/10/02 17:39:31.543, 0, 12288, 11909, 207
2026/10/02 17:39:31.749, 0, 12288, 11909, 207
2026/10/02 17:39:31.953, 0, 12288, 11909, 207
2026/10/02 17:39:32.155, 0, 12288, 11909, 207
2026/10/02 17:39:32.357, 0, 12288, 11909, 207
2026/10/02 17:39:32.560, 0, 12288, 11909, 207
2026/10/02 17:39:32.766, 0, 12288, 11909, 207
2026/10/02 17:39:32.972, 0, 12288, 11909, 207
2026/10/02 17:39:33.177, 0, 12288, 11909, 207
2026/10/02 17:39:33.381, 0, 12288, 11909, 207
2026/10/02 17:39:33.587, 0, 12288, 11909, 207
2026/10/02 17:39:33.791, 0, 12288, 11909, 207
2026/10/02 17:39:33.993, 0, 12288, 11909, 207
2026/10/02 17:39:34.196, 0, 12288, 11909, 207
2026/10/02 17:39:34.400, 0, 12288, 11909, 207
2026/10/02 17:39:34.605, 0, 12288, 11909, 207
2026/10/02 17:39:34.810, 0, 12288, 11909, 207
2026/10/02 17:39:35.016, 0, 12288, 11909, 207
2026/10/02 17:39:35.222, 0, 12288, 11909, 207
2026/10/02 17:39:35.424, 0, 12288, 11909, 207
2026/10/02 17:39:35.631, 0, 12288, 11909, 207
2026/10/02 17:39:35.837, 0, 12288, 11909, 207
2026/10/02 17:39:36.041, 0, 12288, 11909, 207
2026/10/02 17:39:36.245, 0, 12288, 11909, 207
2026/10/02 17:39:36.450, 0, 12288, 11909, 207
2026/10/02 17:39:36.654, 0, 12288, 11909, 207
2026/10/02 17:39:36.857, 0, 12288, 11909, 207
2026/10/02 17:39:37.062, 0, 12288, 11909, 207
2026/10/02 17:39:37.266, 0, 12288, 11909, 207
2026/10/02 17:39:37.471, 0, 12288, 11909, 207
2026/10/02 17:39:37.676, 0, 12288, 11909, 207
2026/10/02 17:39:37.880, 0, 12288, 11909, 207
2026/10/02 17:39:38.085, 0, 12288, 11909, 207
2026/10/02 17:39:38.290, 0, 12288, 11909, 207
2026/10/02 17:39:38.494, 0, 12288, 11909, 207
2026/10/02 17:39:38.733, 0, 12288, 11909, 207
2026/10/02 17:39:38.934, 0, 12288, 11909, 207
2026/10/02 17:39:39.138, 0, 12288, 11909, 207
2026/10/02 17:39:39.343, 0, 12288, 11909, 207
2026/10/02 17:39:39.548, 0, 12288, 11909, 207
2026/10/02 17:39:39.754, 0, 12288, 11909, 207
2026/10/02 17:39:39.957, 0, 12288, 11909, 207
2026/10/02 17:39:40.162, 0, 12288, 11909, 207
2026/10/02 17:39:40.367, 0, 12288, 11909, 207
2026/10/02 17:39:40.572, 0, 12288, 11909, 207
2026/10/02 17:39:40.776, 0, 12288, 11909, 207
2026/10/02 17:39:40.980, 0, 12288, 11909, 207
2026/10/02 17:39:41.184, 0, 12288, 11909, 207
2026/10/02 17:39:41.388, 0, 12288, 11909, 207
2026/10/02 17:39:41.594, 0, 12288, 11909, 207
2026/10/02 17:39:41.796, 0, 12288, 11909, 207
2026/10/02 17:39:42.001, 0, 12288, 11909, 207
2026/10/02 17:39:42.205, 0, 12288, 11909, 207
2026/10/02 17:39:42.408, 0, 12288, 11909, 207
2026/10/02 17:39:42.615, 0, 12288, 11909, 207
2026/10/02 17:39:42.819, 0, 12288, 11909, 207
2026/10/02 17:39:43.024, 0, 12288, 11909, 207
2026/10/02 17:39:43.230, 0, 12288, 11909, 207
2026/10/02 17:39:43.434, 0, 12288, 11909, 207
2026/10/02 17:39:43.635, 0, 12288, 11909, 207
2026/10/02 17:39:43.840, 0, 12288, 11909, 207
2026/10/02 17:39:44.045, 0, 12288, 11909, 207
2026/10/02 17:39:44.248, 0, 12288, 11909, 207
2026/10/02 17:39:44.452, 0, 12288, 11909, 207
2026/10/02 17:39:44.654, 0, 12288, 11909, 207
2026/10/02 17:39:44.860, 0, 12288, 11909, 207
2026/10/02 17:39:45.065, 0, 12288, 11909, 207
2026/10/02 17:39:45.270, 0, 12288, 11909, 207
2026/10/02 17:39:45.473, 0, 12288, 11909, 207
2026/10/02 17:39:45.678, 0, 12288, 11909, 207
2026/10/02 17:39:45.885, 0, 12288, 11909, 207
2026/10/02 17:39:46.090, 0, 12288, 11909, 207
2026/10/02 17:39:46.295, 0, 12288, 11909, 207
2026/10/02 17:39:46.500, 0, 12288, 11909, 207
2026/10/02 17:39:46.704, 0, 12288, 11909, 207
2026/10/02 17:39:46.910, 0, 12288, 11909, 207
2026/10/02 17:39:47.115, 0, 12288, 11909, 207
2026/10/02 17:39:47.319, 0, 12288, 11909, 207
2026/10/02 17:39:47.525, 0, 12288, 11909, 207
2026/10/02 17:39:47.731, 0, 12288, 11909, 207
2026/10/02 17:39:47.934, 0, 12288, 11909, 207
2026/10/02 17:39:48.138, 0, 12288, 11909, 207
2026/10/02 17:39:48.345, 0, 12288, 11909, 207
2026/10/02 17:39:48.548, 0, 12288, 11909, 207
2026/10/02 17:39:48.753, 0, 12288, 11909, 207
2026/10/02 17:39:48.959, 0, 12288, 11909, 207
2026/10/02 17:39:49.165, 0, 12288, 11909, 207
2026/10/02 17:39:49.370, 0, 12288, 11909, 207
2026/10/02 17:39:49.575, 0, 12288, 11909, 207
2026/10/02 17:39:49.779, 0, 12288, 11909, 207
2026/10/02 17:39:49.982, 0, 12288, 11909, 207
2026/10/02 17:39:50.184, 0, 12288, 11909, 207
2026/10/02 17:39:50.387, 0, 12288, 11909, 207
2026/10/02 17:39:50.592, 0, 12288, 11909, 207
2026/10/02 17:39:50.796, 0, 12288, 11909, 207
2026/10/02 17:39:51.002, 0, 12288, 11909, 207
2026/10/02 17:39:51.207, 0, 12288, 11909, 207
2026/10/02 17:39:51.413, 0, 12288, 11909, 207
2026/10/02 17:39:51.618, 0, 12288, 11909, 207
2026/10/02 17:39:51.823, 0, 12288, 11909, 207
2026/10/02 17:39:52.028, 0, 12288, 11909, 207
2026/10/02 17:39:52.233, 0, 12288, 11909, 207
2026/10/02 17:39:52.436, 0, 12288, 11909, 207
2026/10/02 17:39:52.642, 0, 12288, 11909, 207
2026/10/02 17:39:52.848, 0, 12288, 11909, 207
2026/10/02 17:39:53.054, 0, 12288, 11909, 207
2026/10/02 17:39:53.259, 0, 12288, 11909, 207
2026/10/02 17:39:53.462, 0, 12288, 11909, 207
2026/10/02 17:39:53.667, 0, 12288, 11909, 207
2026/10/02 17:39:53.871, 0, 12288, 11909, 207
2026/10/02 17:39:54.076, 0, 12288, 11913, 203
2026/10/02 17:39:54.283, 0, 12288, 11913, 203
2026/10/02 17:39:54.496, 0, 12288, 11913, 203
2026/10/02 17:39:54.703, 0, 12288, 11913, 203
2026/10/02 17:39:54.904, 0, 12288, 11913, 203
2026/10/02 17:39:55.105, 0, 12288, 11913, 203
2026/10/02 17:39:55.310, 0, 12288, 11913, 203
2026/10/02 17:39:55.515, 0, 12288, 11913, 203
2026/10/02 17:39:55.719, 0, 12288, 11913, 203
2026/10/02 17:39:55.923, 0, 12288, 11913, 203
2026/10/02 17:39:56.128, 0, 12288, 11909, 207
2026/10/02 17:39:56.328, 0, 12288, 11909, 207
2026/10/02 17:39:56.534, 0, 12288, 11909, 207
2026/10/02 17:39:56.735, 0, 12288, 11909, 207
2026/10/02 17:39:56.940, 0, 12288, 11909, 207
2026/10/02 17:39:57.144, 0, 12288, 11909, 207
2026/10/02 17:39:57.349, 0, 12288, 11909, 207
2026/10/02 17:39:57.556, 0, 12288, 11909, 207
2026/10/02 17:39:57.761, 0, 12288, 11909, 207
2026/10/02 17:39:57.966, 0, 12288, 11909, 207
2026/10/02 17:39:58.168, 0, 12288, 11909, 207
2026/10/02 17:39:58.372, 0, 12288, 11909, 207
2026/10/02 17:39:58.575, 0, 12288, 11909, 207
2026/10/02 17:39:58.779, 0, 12288, 11909, 207
2026/10/02 17:39:58.985, 0, 12288, 11909, 207
2026/10/02 17:39:59.188, 0, 12288, 11909, 207
2026/10/02 17:39:59.391, 0, 12288, 11909, 207
2026/10/02 17:39:59.596, 0, 12288, 11909, 207
2026/10/02 17:39:59.803, 0, 12288, 11909, 207
2026/10/02 17:40:00.007, 0, 12288, 11909, 207
2026/10/02 17:40:00.215, 0, 12288, 11909, 207
2026/10/02 17:40:00.419, 0, 12288, 11909, 207
2026/10/02 17:40:00.623, 0, 12288, 11909, 207
2026/10/02 17:40:00.829, 0, 12288, 11909, 207
2026/10/02 17:40:01.034, 0, 12288, 11909, 207
2026/10/02 17:40:01.239, 0, 12288, 11909, 207
2026/10/02 17:40:01.445, 0, 12288, 11909, 207
2026/10/02 17:40:01.649, 0, 12288, 11909, 207
2026/10/02 17:40:01.855, 0, 12288, 11909, 207
2026/10/02 17:40:02.060, 0, 12288, 11909, 207
2026/10/02 17:40:02.264, 0, 12288, 11909, 207
2026/10/02 17:40:02.467, 0, 12288, 11909, 207
2026/10/02 17:40:02.670, 0, 12288, 11909, 207
2026/10/02 17:40:02.872, 0, 12288, 11909, 207
2026/10/02 17:40:03.078, 0, 12288, 11909, 207
2026/10/02 17:40:03.281, 0, 12288, 11909, 207
2026/10/02 17:40:03.484, 0, 12288, 11909, 207
2026/10/02 17:40:03.700, 0, 12288, 11909, 207
2026/10/02 17:40:03.905, 0, 12288, 11909, 207
2026/10/02 17:40:04.110, 0, 12288, 11913, 203
2026/10/02 17:40:04.312, 0, 12288, 11913, 203
2026/10/02 17:40:04.517, 0, 12288, 11913, 203
2026/10/02 17:40:04.722, 0, 12288, 11913, 203
2026/10/02 17:40:04.927, 0, 12288, 11913, 203
2026/10/02 17:40:05.133, 0, 12288, 11913, 203
2026/10/02 17:40:05.339, 0, 12288, 11913, 203
2026/10/02 17:40:05.544, 0, 12288, 11913, 203
2026/10/02 17:40:05.749, 0, 12288, 11913, 203
2026/10/02 17:40:05.955, 0, 12288, 11909, 207
2026/10/02 17:40:06.161, 0, 12288, 11909, 207
2026/10/02 17:40:06.364, 0, 12288, 11909, 207
2026/10/02 17:40:06.569, 0, 12288, 11909, 207
2026/10/02 17:40:06.776, 0, 12288, 11909, 207
2026/10/02 17:40:06.981, 0, 12288, 11909, 207
2026/10/02 17:40:07.186, 0, 12288, 11909, 207
2026/10/02 17:40:07.390, 0, 12288, 11909, 207
2026/10/02 17:40:07.595, 0, 12288, 11909, 207
2026/10/02 17:40:07.801, 0, 12288, 11909, 207
2026/10/02 17:40:08.004, 0, 12288, 11909, 207
2026/10/02 17:40:08.210, 0, 12288, 11909, 207
2026/10/02 17:40:08.414, 0, 12288, 11909, 207
2026/10/02 17:40:08.619, 0, 12288, 11909, 207
2026/10/02 17:40:08.825, 0, 12288, 11909, 207
2026/10/02 17:40:09.029, 0, 12288, 11909, 207
2026/10/02 17:40:09.232, 0, 12288, 11909, 207
2026/10/02 17:40:09.436, 0, 12288, 11909, 207
2026/10/02 17:40:09.639, 0, 12288, 11909, 207
2026/10/02 17:40:09.843, 0, 12288, 11909, 207
2026/10/02 17:40:10.049, 0, 12288, 11909, 207
2026/10/02 17:40:10.254, 0, 12288, 11909, 207
2026/10/02 17:40:10.459, 0, 12288, 11909, 207
2026/10/02 17:40:10.663, 0, 12288, 11909, 207
2026/10/02 17:40:10.869, 0, 12288, 11909, 207
2026/10/02 17:40:11.074, 0, 12288, 11909, 207
2026/10/02 17:40:11.280, 0, 12288, 11909, 207
2026/10/02 17:40:11.482, 0, 12288, 11909, 207
2026/10/02 17:40:11.686, 0, 12288, 11909, 207
2026/10/02 17:40:11.888, 0, 12288, 11909, 207
2026/10/02 17:40:12.091, 0, 12288, 11909, 207
2026/10/02 17:40:12.292, 0, 12288, 11909, 207
2026/10/02 17:40:12.501, 0, 12288, 11909, 207
2026/10/02 17:40:12.706, 0, 12288, 11909, 207
2026/10/02 17:40:12.910, 0, 12288, 11909, 207
2026/10/02 17:40:13.114, 0, 12288, 11909, 207
2026/10/02 17:40:13.318, 0, 12288, 11909, 207
2026/10/02 17:40:13.523, 0, 12288, 11909, 207
2026/10/02 17:40:13.727, 0, 12288, 11909, 207
2026/10/02 17:40:13.933, 0, 12288, 11909, 207
2026/10/02 17:40:14.137, 0, 12288, 11909, 207
2026/10/02 17:40:14.341, 0, 12288, 11909, 207
2026/10/02 17:40:14.546, 0, 12288, 11909, 207
2026/10/02 17:40:14.748, 0, 12288, 11909, 207
2026/10/02 17:40:14.952, 0, 12288, 11909, 207
2026/10/02 17:40:15.155, 0, 12288, 11909, 207
2026/10/02 17:40:15.356, 0, 12288, 11909, 207
2026/10/02 17:40:15.560, 0, 12288, 11909, 207
2026/10/02 17:40:15.763, 0, 12288, 11909, 207
2026/10/02 17:40:15.966, 0, 12288, 11909, 207
2026/10/02 17:40:16.172, 0, 12288, 11909, 207
2026/10/02 17:40:16.377, 0, 12288, 11909, 207
2026/10/02 17:40:16.582, 0, 12288, 11909, 207
2026/10/02 17:40:16.786, 0, 12288, 11909, 207
2026/10/02 17:40:16.992, 0, 12288, 11909, 207
2026/10/02 17:40:17.198, 0, 12288, 11909, 207
2026/10/02 17:40:17.403, 0, 12288, 11909, 207
2026/10/02 17:40:17.608, 0, 12288, 11909, 207
2026/10/02 17:40:17.811, 0, 12288, 11909, 207
2026/10/02 17:40:18.013, 0, 12288, 11909, 207
2026/10/02 17:40:18.214, 0, 12288, 11909, 207
2026/10/02 17:40:18.420, 0, 12288, 11909, 207
2026/10/02 17:40:18.624, 0, 12288, 11909, 207
2026/10/02 17:40:18.827, 0, 12288, 11909, 207
2026/10/02 17:40:19.030, 0, 12288, 11909, 207
2026/10/02 17:40:19.234, 0, 12288, 11909, 207
2026/10/02 17:40:19.439, 0, 12288, 11909, 207
2026/10/02 17:40:19.644, 0, 12288, 11909, 207
2026/10/02 17:40:19.849, 0, 12288, 11909, 207
2026/10/02 17:40:20.053, 0, 12288, 11909, 207
2026/10/02 17:40:20.258, 0, 12288, 11909, 207
2026/10/02 17:40:20.464, 0, 12288, 11909, 207
2026/10/02 17:40:20.669, 0, 12288, 11909, 207
2026/10/02 17:40:20.875, 0, 12288, 11909, 207
2026/10/02 17:40:21.082, 0, 12288, 11909, 207
2026/10/02 17:40:21.287, 0, 12288, 11909, 207
2026/10/02 17:40:21.489, 0, 12288, 11909, 207
2026/10/02 17:40:21.695, 0, 12288, 11909, 207
2026/10/02 17:40:21.902, 0, 12288, 11909, 207
2026/10/02 17:40:22.106, 0, 12288, 11909, 207
2026/10/02 17:40:22.311, 0, 12288, 11909, 207
2026/10/02 17:40:22.515, 0, 12288, 11909, 207
2026/10/02 17:40:22.718, 0, 12288, 11909, 207
2026/10/02 17:40:22.923, 0, 12288, 11909, 207
2026/10/02 17:40:23.126, 0, 12288, 11909, 207
2026/10/02 17:40:23.330, 0, 12288, 11909, 207
2026/10/02 17:40:23.532, 0, 12288, 11909, 207
2026/10/02 17:40:23.737, 0, 12288, 11909, 207
2026/10/02 17:40:23.943, 0, 12288, 11909, 207
2026/10/02 17:40:24.146, 0, 12288, 11909, 207
2026/10/02 17:40:24.352, 0, 12288, 11909, 207
2026/10/02 17:40:24.556, 0, 12288, 11909, 207
2026/10/02 17:40:24.764, 0, 12288, 11909, 207
2026/10/02 17:40:24.968, 0, 12288, 11909, 207
2026/10/02 17:40:25.172, 0, 12288, 11909, 207
2026/10/02 17:40:25.374, 0, 12288, 11909, 207
2026/10/02 17:40:25.582, 0, 12288, 11909, 207
2026/10/02 17:40:25.785, 0, 12288, 11909, 207
2026/10/02 17:40:25.990, 0, 12288, 11909, 207
2026/10/02 17:40:26.196, 0, 12288, 11909, 207
2026/10/02 17:40:26.401, 0, 12288, 11909, 207
2026/10/02 17:40:26.604, 0, 12288, 11909, 207
2026/10/02 17:40:26.810, 0, 12288, 11909, 207
2026/10/02 17:40:27.015, 0, 12288, 11909, 207
2026/10/02 17:40:27.221, 0, 12288, 11909, 207
2026/10/02 17:40:27.426, 0, 12288, 11909, 207
2026/10/02 17:40:27.631, 0, 12288, 11909, 207
2026/10/02 17:40:27.836, 0, 12288, 11909, 207
2026/10/02 17:40:28.041, 0, 12288, 11909, 207
2026/10/02 17:40:28.247, 0, 12288, 11909, 207
2026/10/02 17:40:28.451, 0, 12288, 11909, 207
2026/10/02 17:40:28.655, 0, 12288, 11909, 207
2026/10/02 17:40:28.859, 0, 12288, 11909, 207
2026/10/02 17:40:29.063, 0, 12288, 11909, 207
2026/10/02 17:40:29.266, 0, 12288, 11909, 207
2026/10/02 17:40:29.470, 0, 12288, 11909, 207
2026/10/02 17:40:29.671, 0, 12288, 11909, 207
2026/10/02 17:40:29.873, 0, 12288, 11909, 207
2026/10/02 17:40:30.078, 0, 12288, 11909, 207
2026/10/02 17:40:30.283, 0, 12288, 11909, 207
2026/10/02 17:40:30.486, 0, 12288, 11909, 207
2026/10/02 17:40:30.694, 0, 12288, 11909, 207
2026/10/02 17:40:30.899, 0, 12288, 11909, 207
2026/10/02 17:40:31.104, 0, 12288, 11909, 207
2026/10/02 17:40:31.310, 0, 12288, 11909, 207
2026/10/02 17:40:31.516, 0, 12288, 11909, 207
2026/10/02 17:40:31.731, 0, 12288, 11909, 207
2026/10/02 17:40:31.935, 0, 12288, 11909, 207
2026/10/02 17:40:32.142, 0, 12288, 11909, 207
2026/10/02 17:40:32.342, 0, 12288, 11909, 207
2026/10/02 17:40:32.547, 0, 12288, 11909, 207
2026/10/02 17:40:32.751, 0, 12288, 11909, 207
2026/10/02 17:40:32.956, 0, 12288, 11909, 207
2026/10/02 17:40:33.160, 0, 12288, 11909, 207
2026/10/02 17:40:33.363, 0, 12288, 11909, 207
2026/10/02 17:40:33.567, 0, 12288, 11909, 207
2026/10/02 17:40:33.770, 0, 12288, 11909, 207
2026/10/02 17:40:33.974, 0, 12288, 11909, 207
2026/10/02 17:40:34.178, 0, 12288, 11909, 207
2026/10/02 17:40:34.379, 0, 12288, 11909, 207
2026/10/02 17:40:34.585, 0, 12288, 11909, 207
2026/10/02 17:40:34.788, 0, 12288, 11909, 207
2026/10/02 17:40:34.992, 0, 12288, 11909, 207
2026/10/02 17:40:35.197, 0, 12288, 11909, 207
2026/10/02 17:40:35.400, 0, 12288, 11909, 207
2026/10/02 17:40:35.605, 0, 12288, 11909, 207
2026/10/02 17:40:35.809, 0, 12288, 11909, 207
2026/10/02 17:40:36.014, 0, 12288, 11909, 207
2026/10/02 17:40:36.218, 0, 12288, 11909, 207
2026/10/02 17:40:36.423, 0, 12288, 11909, 207
2026/10/02 17:40:36.623, 0, 12288, 11909, 207
2026/10/02 17:40:36.828, 0, 12288, 11909, 207
2026/10/02 17:40:37.031, 0, 12288, 11909, 207
2026/10/02 17:40:37.236, 0, 12288, 11909, 207
2026/10/02 17:40:37.441, 0, 12288, 11909, 207
2026/10/02 17:40:37.644, 0, 12288, 11909, 207
2026/10/02 17:40:37.852, 0, 12288, 11909, 207
2026/10/02 17:40:38.055, 0, 12288, 11909, 207
2026/10/02 17:40:38.261, 0, 12288, 11909, 207
2026/10/02 17:40:38.466, 0, 12288, 11909, 207
2026/10/02 17:40:38.670, 0, 12288, 11909, 207
2026/10/02 17:40:38.872, 0, 12288, 11909, 207
2026/10/02 17:40:39.076, 0, 12288, 11909, 207
2026/10/02 17:40:39.281, 0, 12288, 11909, 207
2026/10/02 17:40:39.484, 0, 12288, 11909, 207
2026/10/02 17:40:39.689, 0, 12288, 11909, 207
2026/10/02 17:40:39.894, 0, 12288, 11909, 207
2026/10/02 17:40:40.099, 0, 12288, 11909, 207
2026/10/02 17:40:40.303, 0, 12288, 11909, 207
2026/10/02 17:40:40.508, 0, 12288, 11909, 207
2026/10/02 17:40:40.713, 0, 12288, 11909, 207
2026/10/02 17:40:40.919, 0, 12288, 11909, 207
2026/10/02 17:40:41.123, 0, 12288, 11909, 207
2026/10/02 17:40:41.326, 0, 12288, 11909, 207
2026/10/02 17:40:41.528, 0, 12288, 11909, 207
2026/10/02 17:40:41.732, 0, 12288, 11909, 207
2026/10/02 17:40:41.934, 0, 12288, 11909, 207
2026/10/02 17:40:42.139, 0, 12288, 11909, 207
2026/10/02 17:40:42.342, 0, 12288, 11909, 207
2026/10/02 17:40:42.549, 0, 12288, 11909, 207
2026/10/02 17:40:42.753, 0, 12288, 11909, 207
2026/10/02 17:40:42.959, 0, 12288, 11909, 207
2026/10/02 17:40:43.163, 0, 12288, 11909, 207
2026/10/02 17:40:43.368, 0, 12288, 11909, 207
2026/10/02 17:40:43.572, 0, 12288, 11909, 207
2026/10/02 17:40:43.776, 0, 12288, 11909, 207
2026/10/02 17:40:43.982, 0, 12288, 11909, 207
2026/10/02 17:40:44.186, 0, 12288, 11909, 207
2026/10/02 17:40:44.390, 0, 12288, 11909, 207
2026/10/02 17:40:44.593, 0, 12288, 11909, 207
2026/10/02 17:40:44.798, 0, 12288, 11909, 207
2026/10/02 17:40:45.003, 0, 12288, 11909, 207
2026/10/02 17:40:45.208, 0, 12288, 11909, 207
2026/10/02 17:40:45.413, 0, 12288, 11909, 207
2026/10/02 17:40:45.617, 0, 12288, 11909, 207
2026/10/02 17:40:45.823, 0, 12288, 11909, 207
2026/10/02 17:40:46.027, 0, 12288, 11909, 207
2026/10/02 17:40:46.231, 0, 12288, 11909, 207
2026/10/02 17:40:46.435, 0, 12288, 11909, 207
2026/10/02 17:40:46.640, 0, 12288, 11909, 207
2026/10/02 17:40:46.844, 0, 12288, 11909, 207
2026/10/02 17:40:47.048, 0, 12288, 11909, 207
2026/10/02 17:40:47.249, 0, 12288, 11909, 207
2026/10/02 17:40:47.451, 0, 12288, 11909, 207
2026/10/02 17:40:47.658, 0, 12288, 11909, 207
2026/10/02 17:40:47.865, 0, 12288, 11909, 207
2026/10/02 17:40:48.069, 0, 12288, 11909, 207
2026/10/02 17:40:48.274, 0, 12288, 11909, 207
2026/10/02 17:40:48.479, 0, 12288, 11909, 207
2026/10/02 17:40:48.685, 0, 12288, 11909, 207
2026/10/02 17:40:48.889, 0, 12288, 11909, 207
2026/10/02 17:40:49.096, 0, 12288, 11909, 207
2026/10/02 17:40:49.301, 0, 12288, 11909, 207
2026/10/02 17:40:49.505, 0, 12288, 11909, 207
2026/10/02 17:40:49.711, 0, 12288, 11909, 207
2026/10/02 17:40:49.916, 0, 12288, 11909, 207
2026/10/02 17:40:50.120, 0, 12288, 11909, 207
2026/10/02 17:40:50.324, 0, 12288, 11909, 207
2026/10/02 17:40:50.527, 0, 12288, 11909, 207
2026/10/02 17:40:50.733, 0, 12288, 11909, 207
2026/10/02 17:40:50.937, 0, 12288, 11909, 207
2026/10/02 17:40:51.139, 0, 12288, 11909, 207
2026/10/02 17:40:51.345, 0, 12288, 11909, 207
2026/10/02 17:40:51.547, 0, 12288, 11909, 207
2026/10/02 17:40:51.751, 0, 12288, 11909, 207
2026/10/02 17:40:51.957, 0, 12288, 11909, 207
2026/10/02 17:40:52.162, 0, 12288, 11909, 207
2026/10/02 17:40:52.366, 0, 12288, 11909, 207
2026/10/02 17:40:52.571, 0, 12288, 11909, 207
2026/10/02 17:40:52.776, 0, 12288, 11909, 207
2026/10/02 17:40:52.979, 0, 12288, 11909, 207
2026/10/02 17:40:53.183, 0, 12288, 11909, 207
2026/10/02 17:40:53.389, 0, 12288, 11909, 207
2026/10/02 17:40:53.595, 0, 12288, 11909, 207
2026/10/02 17:40:53.799, 0, 12288, 11909, 207
2026/10/02 17:40:54.003, 0, 12288, 11909, 207
2026/10/02 17:40:54.209, 0, 12288, 11913, 203
2026/10/02 17:40:54.411, 0, 12288, 11913, 203
2026/10/02 17:40:54.616, 0, 12288, 11913, 203
2026/10/02 17:40:54.822, 0, 12288, 11913, 203
2026/10/02 17:40:55.027, 0, 12288, 11913, 203
2026/10/02 17:40:55.232, 0, 12288, 11913, 203
2026/10/02 17:40:55.437, 0, 12288, 11913, 203
2026/10/02 17:40:55.640, 0, 12288, 11913, 203
2026/10/02 17:40:55.845, 0, 12288, 11913, 203
2026/10/02 17:40:56.051, 0, 12288, 11913, 203
2026/10/02 17:40:56.257, 0, 12288, 11909, 207
2026/10/02 17:40:56.461, 0, 12288, 11909, 207
2026/10/02 17:40:56.666, 0, 12288, 11909, 207
2026/10/02 17:40:56.868, 0, 12288, 11909, 207
2026/10/02 17:40:57.069, 0, 12288, 11909, 207
2026/10/02 17:40:57.275, 0, 12288, 11909, 207
2026/10/02 17:40:57.481, 0, 12288, 11909, 207
2026/10/02 17:40:57.685, 0, 12288, 11909, 207
2026/10/02 17:40:57.888, 0, 12288, 11909, 207
2026/10/02 17:40:58.094, 0, 12288, 11909, 207
2026/10/02 17:40:58.298, 0, 12288, 11909, 207
2026/10/02 17:40:58.502, 0, 12288, 11909, 207
2026/10/02 17:40:58.707, 0, 12288, 11909, 207
2026/10/02 17:40:58.909, 0, 12288, 11909, 207
2026/10/02 17:40:59.112, 0, 12288, 11909, 207
2026/10/02 17:40:59.326, 0, 12288, 11909, 207
2026/10/02 17:40:59.529, 0, 12288, 11909, 207
2026/10/02 17:40:59.733, 0, 12288, 11909, 207
2026/10/02 17:40:59.937, 0, 12288, 11909, 207
2026/10/02 17:41:00.142, 0, 12288, 11909, 207
2026/10/02 17:41:00.345, 0, 12288, 11909, 207
2026/10/02 17:41:00.551, 0, 12288, 11909, 207
2026/10/02 17:41:00.758, 0, 12288, 11909, 207
2026/10/02 17:41:00.962, 0, 12288, 11909, 207
2026/10/02 17:41:01.166, 0, 12288, 11909, 207
2026/10/02 17:41:01.369, 0, 12288, 11909, 207
2026/10/02 17:41:01.574, 0, 12288, 11909, 207
2026/10/02 17:41:01.779, 0, 12288, 11909, 207
2026/10/02 17:41:01.983, 0, 12288, 11909, 207
2026/10/02 17:41:02.187, 0, 12288, 11909, 207
2026/10/02 17:41:02.393, 0, 12288, 11909, 207
2026/10/02 17:41:02.599, 0, 12288, 11909, 207
2026/10/02 17:41:02.802, 0, 12288, 11909, 207
2026/10/02 17:41:03.007, 0, 12288, 11909, 207
2026/10/02 17:41:03.210, 0, 12288, 11909, 207
2026/10/02 17:41:03.415, 0, 12288, 11909, 207
2026/10/02 17:41:03.621, 0, 12288, 11909, 207
2026/10/02 17:41:03.825, 0, 12288, 11909, 207
2026/10/02 17:41:04.029, 0, 12288, 11913, 203
2026/10/02 17:41:04.233, 0, 12288, 11913, 203
2026/10/02 17:41:04.437, 0, 12288, 11913, 203
2026/10/02 17:41:04.639, 0, 12288, 11913, 203
2026/10/02 17:41:04.844, 0, 12288, 11913, 203
2026/10/02 17:41:05.050, 0, 12288, 11913, 203
2026/10/02 17:41:05.253, 0, 12288, 11913, 203
2026/10/02 17:41:05.457, 0, 12288, 11913, 203
2026/10/02 17:41:05.659, 0, 12288, 11913, 203
2026/10/02 17:41:05.866, 0, 12288, 11913, 203
2026/10/02 17:41:06.071, 0, 12288, 11913, 203
2026/10/02 17:41:06.274, 0, 12288, 11909, 207
2026/10/02 17:41:06.476, 0, 12288, 11909, 207
2026/10/02 17:41:06.682, 0, 12288, 11909, 207
2026/10/02 17:41:06.887, 0, 12288, 11909, 207
2026/10/02 17:41:07.089, 0, 12288, 11909, 207
2026/10/02 17:41:07.293, 0, 12288, 11909, 207
2026/10/02 17:41:07.500, 0, 12288, 11909, 207
2026/10/02 17:41:07.702, 0, 12288, 11909, 207
2026/10/02 17:41:07.917, 0, 12288, 11909, 207
2026/10/02 17:41:08.121, 0, 12288, 11909, 207
2026/10/02 17:41:08.336, 0, 12288, 11909, 207
2026/10/02 17:41:08.544, 0, 12288, 11909, 207
2026/10/02 17:41:08.750, 0, 12288, 11909, 207
2026/10/02 17:41:08.951, 0, 12288, 11909, 207
2026/10/02 17:41:09.156, 0, 12288, 11909, 207
2026/10/02 17:41:09.363, 0, 12288, 11909, 207
2026/10/02 17:41:09.569, 0, 12288, 11909, 207
2026/10/02 17:41:09.774, 0, 12288, 11909, 207
2026/10/02 17:41:09.979, 0, 12288, 11909, 207
2026/10/02 17:41:10.184, 0, 12288, 11909, 207
2026/10/02 17:41:10.390, 0, 12288, 11909, 207
2026/10/02 17:41:10.593, 0, 12288, 11909, 207
2026/10/02 17:41:10.800, 0, 12288, 11909, 207
2026/10/02 17:41:11.004, 0, 12288, 11909, 207
2026/10/02 17:41:11.211, 0, 12288, 11909, 207
2026/10/02 17:41:11.416, 0, 12288, 11909, 207
2026/10/02 17:41:11.619, 0, 12288, 11909, 207
2026/10/02 17:41:11.824, 0, 12288, 11909, 207
2026/10/02 17:41:12.029, 0, 12288, 11909, 207
2026/10/02 17:41:12.232, 0, 12288, 11909, 207
2026/10/02 17:41:12.437, 0, 12288, 11909, 207
2026/10/02 17:41:12.639, 0, 12288, 11909, 207
2026/10/02 17:41:12.842, 0, 12288, 11909, 207
2026/10/02 17:41:13.046, 0, 12288, 11909, 207
2026/10/02 17:41:13.251, 0, 12288, 11909, 207
2026/10/02 17:41:13.456, 0, 12288, 11909, 207
2026/10/02 17:41:13.662, 0, 12288, 11909, 207
2026/10/02 17:41:13.866, 0, 12288, 11909, 207
2026/10/02 17:41:14.072, 0, 12288, 11909, 207
2026/10/02 17:41:14.279, 0, 12288, 11909, 207
2026/10/02 17:41:14.480, 0, 12288, 11909, 207
2026/10/02 17:41:14.684, 0, 12288, 11909, 207
2026/10/02 17:41:14.888, 0, 12288, 11909, 207
2026/10/02 17:41:15.815, 0, 12288, 11909, 207
2026/10/02 17:41:16.018, 0, 12288, 11909, 207
2026/10/02 17:41:16.222, 0, 12288, 11909, 207
2026/10/02 17:41:16.429, 0, 12288, 11909, 207
2026/10/02 17:41:16.632, 0, 12288, 11909, 207
2026/10/02 17:41:16.833, 0, 12288, 11909, 207
2026/10/02 17:41:17.039, 0, 12288, 11909, 207
2026/10/02 17:41:17.244, 0, 12288, 11909, 207
2026/10/02 17:41:17.451, 0, 12288, 11909, 207
2026/10/02 17:41:17.654, 0, 12288, 11909, 207
2026/10/02 17:41:17.861, 0, 12288, 11909, 207
2026/10/02 17:41:18.067, 0, 12288, 11909, 207
2026/10/02 17:41:18.270, 0, 12288, 11909, 207
2026/10/02 17:41:18.476, 0, 12288, 11909, 207
2026/10/02 17:41:18.681, 0, 12288, 11909, 207
2026/10/02 17:41:18.886, 0, 12288, 11909, 207
2026/10/02 17:41:19.093, 0, 12288, 11909, 207
2026/10/02 17:41:19.297, 0, 12288, 11909, 207
2026/10/02 17:41:19.502, 0, 12288, 11909, 207
2026/10/02 17:41:19.706, 0, 12288, 11909, 207
2026/10/02 17:41:19.909, 0, 12288, 11909, 207
2026/10/02 17:41:20.113, 0, 12288, 11909, 207
2026/10/02 17:41:20.314, 0, 12288, 11909, 207
2026/10/02 17:41:20.519, 0, 12288, 11909, 207
2026/10/02 17:41:20.725, 0, 12288, 11909, 207
2026/10/02 17:41:20.931, 0, 12288, 11909, 207
2026/10/02 17:41:21.133, 0, 12288, 11909, 207
2026/10/02 17:41:21.337, 0, 12288, 11909, 207
2026/10/02 17:41:21.539, 0, 12288, 11909, 207
2026/10/02 17:41:21.856, 0, 12288, 11909, 207
2026/10/02 17:41:22.061, 0, 12288, 11909, 207
2026/10/02 17:41:22.265, 0, 12288, 11909, 207
2026/10/02 17:41:22.470, 0, 12288, 11909, 207
2026/10/02 17:41:22.677, 0, 12288, 11909, 207
2026/10/02 17:41:22.883, 0, 12288, 11909, 207
2026/10/02 17:41:23.088, 0, 12288, 11909, 207
2026/10/02 17:41:23.293, 0, 12288, 11909, 207
2026/10/02 17:41:23.497, 0, 12288, 11909, 207
2026/10/02 17:41:23.703, 0, 12288, 11909, 207
2026/10/02 17:41:23.909, 0, 12288, 11909, 207
2026/10/02 17:41:24.113, 0, 12288, 11909, 207
2026/10/02 17:41:24.317, 0, 12288, 11909, 207
2026/10/02 17:41:24.525, 0, 12288, 11909, 207
2026/10/02 17:41:24.728, 0, 12288, 11909, 207
2026/10/02 17:41:24.934, 0, 12288, 11909, 207
2026/10/02 17:41:25.139, 0, 12288, 11909, 207
2026/10/02 17:41:25.342, 0, 12288, 11909, 207
2026/10/02 17:41:25.549, 0, 12288, 11909, 207
2026/10/02 17:41:25.755, 0, 12288, 11909, 207
2026/10/02 17:41:25.960, 0, 12288, 11909, 207
2026/10/02 17:41:26.163, 0, 12288, 11909, 207
2026/10/02 17:41:26.370, 0, 12288, 11909, 207
2026/10/02 17:41:26.575, 0, 12288, 11909, 207
2026/10/02 17:41:26.777, 0, 12288, 11909, 207
2026/10/02 17:41:26.983, 0, 12288, 11909, 207
2026/10/02 17:41:27.186, 0, 12288, 11909, 207
2026/10/02 17:41:27.391, 0, 12288, 11909, 207
2026/10/02 17:41:27.606, 0, 12288, 11909, 207
2026/10/02 17:41:27.812, 0, 12288, 11909, 207
2026/10/02 17:41:28.019, 0, 12288, 11909, 207
2026/10/02 17:41:28.223, 0, 12288, 11909, 207
2026/10/02 17:41:28.429, 0, 12288, 11909, 207
2026/10/02 17:41:28.634, 0, 12288, 11909, 207
2026/10/02 17:41:28.837, 0, 12288, 11909, 207
2026/10/02 17:41:29.042, 0, 12288, 11909, 207
2026/10/02 17:41:29.246, 0, 12288, 11909, 207
2026/10/02 17:41:29.451, 0, 12288, 11909, 207
2026/10/02 17:41:29.656, 0, 12288, 11909, 207
2026/10/02 17:41:29.862, 0, 12288, 11909, 207
2026/10/02 17:41:30.067, 0, 12288, 11909, 207
2026/10/02 17:41:30.270, 0, 12288, 11909, 207
2026/10/02 17:41:30.475, 0, 12288, 11909, 207
2026/10/02 17:41:30.680, 0, 12288, 11909, 207
2026/10/02 17:41:30.885, 0, 12288, 11909, 207
2026/10/02 17:41:31.090, 0, 12288, 11909, 207
2026/10/02 17:41:31.295, 0, 12288, 11909, 207
2026/10/02 17:41:31.498, 0, 12288, 11909, 207
2026/10/02 17:41:31.701, 0, 12288, 11909, 207
2026/10/02 17:41:31.902, 0, 12288, 11909, 207
2026/10/02 17:41:32.105, 0, 12288, 11909, 207
2026/10/02 17:41:32.311, 0, 12288, 11909, 207
2026/10/02 17:41:32.515, 0, 12288, 11909, 207
2026/10/02 17:41:32.720, 0, 12288, 11909, 207
2026/10/02 17:41:32.925, 0, 12288, 11909, 207
2026/10/02 17:41:33.131, 0, 12288, 11909, 207
2026/10/02 17:41:33.335, 0, 12288, 11909, 207
2026/10/02 17:41:33.539, 0, 12288, 11909, 207
2026/10/02 17:41:33.745, 0, 12288, 11909, 207
2026/10/02 17:41:33.950, 0, 12288, 11909, 207
2026/10/02 17:41:34.153, 0, 12288, 11909, 207
2026/10/02 17:41:34.359, 0, 12288, 11909, 207
2026/10/02 17:41:34.561, 0, 12288, 11909, 207
2026/10/02 17:41:34.764, 0, 12288, 11909, 207
2026/10/02 17:41:34.967, 0, 12288, 11909, 207
2026/10/02 17:41:35.173, 0, 12288, 11909, 207
2026/10/02 17:41:35.377, 0, 12288, 11909, 207
2026/10/02 17:41:35.580, 0, 12288, 11909, 207
2026/10/02 17:41:35.786, 0, 12288, 11909, 207
2026/10/02 17:41:35.991, 0, 12288, 11909, 207
2026/10/02 17:41:36.195, 0, 12288, 11909, 207
2026/10/02 17:41:36.401, 0, 12288, 11909, 207
2026/10/02 17:41:36.607, 0, 12288, 11909, 207
2026/10/02 17:41:36.811, 0, 12288, 11909, 207
2026/10/02 17:41:37.018, 0, 12288, 11909, 207
2026/10/02 17:41:37.220, 0, 12288, 11909, 207
2026/10/02 17:41:37.426, 0, 12288, 11909, 207
2026/10/02 17:41:37.631, 0, 12288, 11909, 207
2026/10/02 17:41:37.839, 0, 12288, 11909, 207
2026/10/02 17:41:38.042, 0, 12288, 11909, 207
2026/10/02 17:41:39.065, 0, 12288, 11909, 207
2026/10/02 17:41:39.270, 0, 12288, 11909, 207
2026/10/02 17:41:39.475, 0, 12288, 11909, 207
2026/10/02 17:41:39.681, 0, 12288, 11909, 207
2026/10/02 17:41:39.885, 0, 12288, 11909, 207
2026/10/02 17:41:40.089, 0, 12288, 11909, 207
2026/10/02 17:41:40.293, 0, 12288, 11909, 207
2026/10/02 17:41:40.497, 0, 12288, 11909, 207
2026/10/02 17:41:40.701, 0, 12288, 11909, 207
2026/10/02 17:41:40.904, 0, 12288, 11909, 207
2026/10/02 17:41:41.108, 0, 12288, 11909, 207
2026/10/02 17:41:41.314, 0, 12288, 11909, 207
2026/10/02 17:41:41.520, 0, 12288, 11909, 207
2026/10/02 17:41:41.723, 0, 12288, 11909, 207
2026/10/02 17:41:41.929, 0, 12288, 11909, 207
2026/10/02 17:41:42.132, 0, 12288, 11909, 207
2026/10/02 17:41:42.337, 0, 12288, 11909, 207
2026/10/02 17:41:42.539, 0, 12288, 11909, 207
2026/10/02 17:41:42.745, 0, 12288, 11909, 207
2026/10/02 17:41:42.949, 0, 12288, 11909, 207
2026/10/02 17:41:43.154, 0, 12288, 11909, 207
2026/10/02 17:41:43.361, 0, 12288, 11909, 207
2026/10/02 17:41:43.565, 0, 12288, 11909, 207
2026/10/02 17:41:43.771, 0, 12288, 11909, 207
2026/10/02 17:41:43.977, 0, 12288, 11909, 207
2026/10/02 17:41:44.178, 0, 12288, 11909, 207
2026/10/02 17:41:44.383, 0, 12288, 11909, 207
2026/10/02 17:41:44.588, 0, 12288, 11909, 207
2026/10/02 17:41:44.794, 0, 12288, 11909, 207
2026/10/02 17:41:44.998, 0, 12288, 11909, 207
2026/10/02 17:41:45.204, 0, 12288, 11909, 207
2026/10/02 17:41:45.410, 0, 12288, 11909, 207
2026/10/02 17:41:45.614, 0, 12288, 11909, 207
2026/10/02 17:41:45.819, 0, 12288, 11909, 207
2026/10/02 17:41:46.024, 0, 12288, 11909, 207
2026/10/02 17:41:46.228, 0, 12288, 11909, 207
2026/10/02 17:41:46.433, 0, 12288, 11909, 207
2026/10/02 17:41:46.639, 0, 12288, 11909, 207
2026/10/02 17:41:46.842, 0, 12288, 11909, 207
2026/10/02 17:41:47.048, 0, 12288, 11909, 207
2026/10/02 17:41:47.251, 0, 12288, 11909, 207
2026/10/02 17:41:47.457, 0, 12288, 11909, 207
2026/10/02 17:41:47.675, 0, 12288, 11909, 207
2026/10/02 17:41:47.879, 0, 12288, 11909, 207
2026/10/02 17:41:48.087, 0, 12288, 11909, 207
2026/10/02 17:41:48.293, 0, 12288, 11909, 207
2026/10/02 17:41:48.501, 0, 12288, 11909, 207
2026/10/02 17:41:48.706, 0, 12288, 11909, 207
2026/10/02 17:41:48.912, 0, 12288, 11909, 207
2026/10/02 17:41:49.116, 0, 12288, 11909, 207
2026/10/02 17:41:49.323, 0, 12288, 11909, 207
2026/10/02 17:41:49.529, 0, 12288, 11909, 207
2026/10/02 17:41:49.736, 0, 12288, 11909, 207
2026/10/02 17:41:49.942, 0, 12288, 11909, 207
2026/10/02 17:41:50.148, 0, 12288, 11909, 207
2026/10/02 17:41:50.351, 0, 12288, 11909, 207
2026/10/02 17:41:50.556, 0, 12288, 11909, 207
2026/10/02 17:41:50.761, 0, 12288, 11909, 207
2026/10/02 17:41:50.966, 0, 12288, 11909, 207
2026/10/02 17:41:51.169, 0, 12288, 11909, 207
2026/10/02 17:41:51.371, 0, 12288, 11909, 207
2026/10/02 17:41:51.574, 0, 12288, 11909, 207
2026/10/02 17:41:51.782, 0, 12288, 11909, 207
2026/10/02 17:41:51.985, 0, 12288, 11909, 207
2026/10/02 17:41:52.187, 0, 12288, 11909, 207
2026/10/02 17:41:52.393, 0, 12288, 11909, 207
2026/10/02 17:41:52.598, 0, 12288, 11909, 207
2026/10/02 17:41:52.804, 0, 12288, 11909, 207
2026/10/02 17:41:53.010, 0, 12288, 11909, 207
2026/10/02 17:41:53.215, 0, 12288, 11909, 207
2026/10/02 17:41:53.417, 0, 12288, 11909, 207
2026/10/02 17:41:53.621, 0, 12288, 11909, 207
2026/10/02 17:41:53.826, 0, 12288, 11909, 207
2026/10/02 17:41:54.029, 0, 12288, 11909, 207
2026/10/02 17:41:54.231, 0, 12288, 11913, 203
2026/10/02 17:41:54.433, 0, 12288, 11913, 203
2026/10/02 17:41:54.636, 0, 12288, 11913, 203
2026/10/02 17:41:54.841, 0, 12288, 11913, 203
2026/10/02 17:41:55.046, 0, 12288, 11913, 203
2026/10/02 17:41:55.250, 0, 12288, 11913, 203
2026/10/02 17:41:55.456, 0, 12288, 11913, 203
2026/10/02 17:41:55.661, 0, 12288, 11913, 203
2026/10/02 17:41:55.863, 0, 12288, 11913, 203
2026/10/02 17:41:56.068, 0, 12288, 11913, 203
2026/10/02 17:41:56.274, 0, 12288, 11909, 207
2026/10/02 17:41:56.479, 0, 12288, 11911, 205
2026/10/02 17:41:56.683, 0, 12288, 11911, 205
2026/10/02 17:41:56.888, 0, 12288, 11911, 205
2026/10/02 17:41:57.092, 0, 12288, 11911, 205
2026/10/02 17:41:57.296, 0, 12288, 11911, 205
2026/10/02 17:41:57.501, 0, 12288, 11911, 205
2026/10/02 17:41:57.707, 0, 12288, 11911, 205
2026/10/02 17:41:57.910, 0, 12288, 11911, 205
2026/10/02 17:41:58.114, 0, 12288, 11911, 205
2026/10/02 17:41:58.320, 0, 12288, 11911, 205
2026/10/02 17:41:58.524, 0, 12288, 11911, 205
2026/10/02 17:41:58.732, 0, 12288, 11919, 197
2026/10/02 17:41:58.934, 0, 12288, 11919, 197
2026/10/02 17:41:59.138, 0, 12288, 11919, 197
2026/10/02 17:41:59.343, 0, 12288, 11919, 197
2026/10/02 17:41:59.546, 0, 12288, 11919, 197
2026/10/02 17:41:59.749, 0, 12288, 11919, 197
2026/10/02 17:41:59.956, 0, 12288, 11919, 197
2026/10/02 17:42:00.161, 0, 12288, 11919, 197
2026/10/02 17:42:00.364, 0, 12288, 11919, 197
2026/10/02 17:42:00.571, 0, 12288, 11919, 197
2026/10/02 17:42:00.776, 0, 12288, 11911, 205
2026/10/02 17:42:00.982, 0, 12288, 11911, 205
2026/10/02 17:42:01.189, 0, 12288, 11911, 205
2026/10/02 17:42:01.394, 0, 12288, 11911, 205
2026/10/02 17:42:01.599, 0, 12288, 11911, 205
2026/10/02 17:42:01.805, 0, 12288, 11911, 205
2026/10/02 17:42:02.009, 0, 12288, 11911, 205
2026/10/02 17:42:02.214, 0, 12288, 11911, 205
2026/10/02 17:42:02.418, 0, 12288, 11911, 205
2026/10/02 17:42:02.623, 0, 12288, 11911, 205
2026/10/02 17:42:02.829, 0, 12288, 11911, 205
2026/10/02 17:42:03.036, 0, 12288, 11911, 205
2026/10/02 17:42:03.242, 0, 12288, 11911, 205
2026/10/02 17:42:03.448, 0, 12288, 11911, 205
2026/10/02 17:42:03.653, 0, 12288, 11911, 205
2026/10/02 17:42:03.855, 0, 12288, 11911, 205
2026/10/02 17:42:04.060, 0, 12288, 11915, 201
2026/10/02 17:42:04.263, 0, 12288, 11915, 201
2026/10/02 17:42:04.467, 0, 12288, 11915, 201
2026/10/02 17:42:04.671, 0, 12288, 11915, 201
2026/10/02 17:42:04.876, 0, 12288, 11915, 201
2026/10/02 17:42:05.082, 0, 12288, 11915, 201
2026/10/02 17:42:05.288, 0, 12288, 11915, 201
2026/10/02 17:42:05.494, 0, 12288, 11915, 201
2026/10/02 17:42:05.698, 0, 12288, 11915, 201
2026/10/02 17:42:05.904, 0, 12288, 11915, 201
2026/10/02 17:42:06.107, 0, 12288, 11915, 201
2026/10/02 17:42:06.310, 0, 12288, 11911, 205
2026/10/02 17:42:06.514, 0, 12288, 11911, 205
2026/10/02 17:42:06.717, 0, 12288, 11911, 205
2026/10/02 17:42:06.924, 0, 12288, 11911, 205
2026/10/02 17:42:07.130, 0, 12288, 11911, 205
2026/10/02 17:42:07.335, 0, 12288, 11911, 205
2026/10/02 17:42:07.541, 0, 12288, 11911, 205
2026/10/02 17:42:07.748, 0, 12288, 11911, 205
2026/10/02 17:42:07.953, 0, 12288, 11911, 205
2026/10/02 17:42:08.159, 0, 12288, 11911, 205
2026/10/02 17:42:08.363, 0, 12288, 11911, 205
2026/10/02 17:42:08.567, 0, 12288, 11911, 205
2026/10/02 17:42:08.772, 0, 12288, 11911, 205
2026/10/02 17:42:08.977, 0, 12288, 11911, 205
2026/10/02 17:42:09.183, 0, 12288, 11911, 205
2026/10/02 17:42:09.388, 0, 12288, 11911, 205
2026/10/02 17:42:09.592, 0, 12288, 11911, 205
2026/10/02 17:42:09.798, 0, 12288, 11911, 205
2026/10/02 17:42:10.003, 0, 12288, 11911, 205
2026/10/02 17:42:10.209, 0, 12288, 11911, 205
2026/10/02 17:42:10.414, 0, 12288, 11911, 205
2026/10/02 17:42:10.618, 0, 12288, 11911, 205
2026/10/02 17:42:10.823, 0, 12288, 11911, 205
2026/10/02 17:42:11.027, 0, 12288, 11911, 205
2026/10/02 17:42:11.231, 0, 12288, 11911, 205
2026/10/02 17:42:11.436, 0, 12288, 11911, 205
2026/10/02 17:42:11.641, 0, 12288, 11911, 205
2026/10/02 17:42:11.848, 0, 12288, 11911, 205
2026/10/02 17:42:12.052, 0, 12288, 11911, 205
2026/10/02 17:42:12.256, 0, 12288, 11911, 205
2026/10/02 17:42:12.458, 0, 12288, 11911, 205
2026/10/02 17:42:12.663, 0, 12288, 11911, 205
2026/10/02 17:42:12.867, 0, 12288, 11911, 205
2026/10/02 17:42:13.073, 0, 12288, 11911, 205
2026/10/02 17:42:13.277, 0, 12288, 11911, 205
2026/10/02 17:42:13.482, 0, 12288, 11911, 205
2026/10/02 17:42:13.686, 0, 12288, 11911, 205
2026/10/02 17:42:13.891, 0, 12288, 11911, 205
2026/10/02 17:42:14.095, 0, 12288, 11911, 205
2026/10/02 17:42:14.299, 0, 12288, 11911, 205
2026/10/02 17:42:14.506, 0, 12288, 11911, 205
2026/10/02 17:42:14.709, 0, 12288, 11911, 205
2026/10/02 17:42:14.914, 0, 12288, 11911, 205
2026/10/02 17:42:15.119, 0, 12288, 11911, 205
2026/10/02 17:42:15.324, 0, 12288, 11911, 205
2026/10/02 17:42:15.530, 0, 12288, 11911, 205
2026/10/02 17:42:15.736, 0, 12288, 11911, 205
2026/10/02 17:42:15.938, 0, 12288, 11911, 205
2026/10/02 17:42:16.143, 0, 12288, 11911, 205
2026/10/02 17:42:16.351, 0, 12288, 11911, 205
2026/10/02 17:42:16.556, 0, 12288, 11911, 205
2026/10/02 17:42:16.762, 0, 12288, 11911, 205
2026/10/02 17:42:16.966, 0, 12288, 11911, 205
2026/10/02 17:42:17.169, 0, 12288, 11911, 205
2026/10/02 17:42:17.375, 0, 12288, 11911, 205
2026/10/02 17:42:17.577, 0, 12288, 11911, 205
2026/10/02 17:42:17.781, 0, 12288, 11911, 205
2026/10/02 17:42:17.985, 0, 12288, 11911, 205
2026/10/02 17:42:18.189, 0, 12288, 11911, 205
2026/10/02 17:42:18.394, 0, 12288, 11911, 205
2026/10/02 17:42:18.599, 0, 12288, 11911, 205
2026/10/02 17:42:18.803, 0, 12288, 11911, 205
2026/10/02 17:42:19.009, 0, 12288, 11919, 197
2026/10/02 17:42:19.215, 0, 12288, 11919, 197
2026/10/02 17:42:19.419, 0, 12288, 11919, 197
2026/10/02 17:42:19.625, 0, 12288, 11919, 197
2026/10/02 17:42:19.829, 0, 12288, 11919, 197
2026/10/02 17:42:20.031, 0, 12288, 11919, 197
2026/10/02 17:42:20.237, 0, 12288, 11919, 197
2026/10/02 17:42:20.442, 0, 12288, 11919, 197
2026/10/02 17:42:20.647, 0, 12288, 11919, 197
2026/10/02 17:42:20.851, 0, 12288, 11919, 197
2026/10/02 17:42:21.058, 0, 12288, 11911, 205
2026/10/02 17:42:21.264, 0, 12288, 11911, 205
2026/10/02 17:42:21.469, 0, 12288, 11911, 205
2026/10/02 17:42:21.672, 0, 12288, 11911, 205
2026/10/02 17:42:21.880, 0, 12288, 11911, 205
2026/10/02 17:42:22.085, 0, 12288, 11911, 205
2026/10/02 17:42:22.289, 0, 12288, 11911, 205
2026/10/02 17:42:22.494, 0, 12288, 11911, 205
2026/10/02 17:42:22.699, 0, 12288, 11911, 205
2026/10/02 17:42:22.906, 0, 12288, 11911, 205
2026/10/02 17:42:23.111, 0, 12288, 11911, 205
2026/10/02 17:42:23.314, 0, 12288, 11911, 205
2026/10/02 17:42:23.520, 0, 12288, 11911, 205
2026/10/02 17:42:23.722, 0, 12288, 11911, 205
2026/10/02 17:42:23.927, 0, 12288, 11911, 205
2026/10/02 17:42:24.133, 0, 12288, 11911, 205
2026/10/02 17:42:24.338, 0, 12288, 11911, 205
2026/10/02 17:42:24.543, 0, 12288, 11911, 205
2026/10/02 17:42:24.748, 0, 12288, 11911, 205
2026/10/02 17:42:24.955, 0, 12288, 11911, 205
2026/10/02 17:42:25.162, 0, 12288, 11911, 205
2026/10/02 17:42:25.367, 0, 12288, 11911, 205
2026/10/02 17:42:25.572, 0, 12288, 11911, 205
2026/10/02 17:42:25.777, 0, 12288, 11911, 205
2026/10/02 17:42:25.982, 0, 12288, 11911, 205
2026/10/02 17:42:26.190, 0, 12288, 11911, 205
2026/10/02 17:42:26.393, 0, 12288, 11911, 205
2026/10/02 17:42:26.598, 0, 12288, 11911, 205
2026/10/02 17:42:26.800, 0, 12288, 11911, 205
2026/10/02 17:42:27.005, 0, 12288, 11911, 205
2026/10/02 17:42:27.208, 0, 12288, 11911, 205
2026/10/02 17:42:27.412, 0, 12288, 11911, 205
2026/10/02 17:42:27.617, 0, 12288, 11911, 205
2026/10/02 17:42:27.822, 0, 12288, 11911, 205
2026/10/02 17:42:28.024, 0, 12288, 11911, 205
2026/10/02 17:42:28.229, 0, 12288, 11911, 205
2026/10/02 17:42:28.434, 0, 12288, 11911, 205
2026/10/02 17:42:28.640, 0, 12288, 11911, 205
2026/10/02 17:42:28.845, 0, 12288, 11911, 205
2026/10/02 17:42:29.050, 0, 12288, 11911, 205
2026/10/02 17:42:29.256, 0, 12288, 11911, 205
2026/10/02 17:42:29.462, 0, 12288, 11911, 205
2026/10/02 17:42:29.668, 0, 12288, 11911, 205
2026/10/02 17:42:29.872, 0, 12288, 11911, 205
2026/10/02 17:42:30.076, 0, 12288, 11911, 205
2026/10/02 17:42:30.280, 0, 12288, 11911, 205
2026/10/02 17:42:30.483, 0, 12288, 11911, 205
2026/10/02 17:42:30.690, 0, 12288, 11911, 205
2026/10/02 17:42:30.895, 0, 12288, 11911, 205
2026/10/02 17:42:31.101, 0, 12288, 11911, 205
2026/10/02 17:42:31.318, 0, 12288, 11911, 205
2026/10/02 17:42:31.526, 0, 12288, 11911, 205
2026/10/02 17:42:31.730, 0, 12288, 11911, 205
2026/10/02 17:42:31.935, 0, 12288, 11911, 205
2026/10/02 17:42:32.139, 0, 12288, 11911, 205
2026/10/02 17:42:32.344, 0, 12288, 11911, 205
2026/10/02 17:42:32.547, 0, 12288, 11911, 205
2026/10/02 17:42:32.751, 0, 12288, 11911, 205
2026/10/02 17:42:32.956, 0, 12288, 11911, 205
2026/10/02 17:42:33.160, 0, 12288, 11911, 205
2026/10/02 17:42:33.365, 0, 12288, 11911, 205
2026/10/02 17:42:33.569, 0, 12288, 11911, 205
2026/10/02 17:42:33.770, 0, 12288, 11911, 205
2026/10/02 17:42:34.007, 0, 12288, 11911, 205
2026/10/02 17:42:34.211, 0, 12288, 11911, 205
2026/10/02 17:42:34.418, 0, 12288, 11911, 205
2026/10/02 17:42:34.624, 0, 12288, 11911, 205
2026/10/02 17:42:34.827, 0, 12288, 11911, 205
2026/10/02 17:42:35.032, 0, 12288, 11911, 205
2026/10/02 17:42:35.237, 0, 12288, 11911, 205
2026/10/02 17:42:35.447, 0, 12288, 11911, 205
2026/10/02 17:42:35.656, 0, 12288, 11911, 205
2026/10/02 17:42:35.860, 0, 12288, 11911, 205
2026/10/02 17:42:36.063, 0, 12288, 11911, 205
2026/10/02 17:42:36.268, 0, 12288, 11911, 205
2026/10/02 17:42:36.471, 0, 12288, 11911, 205
2026/10/02 17:42:36.677, 0, 12288, 11911, 205
2026/10/02 17:42:36.882, 0, 12288, 11911, 205
2026/10/02 17:42:37.087, 0, 12288, 11911, 205
2026/10/02 17:42:37.292, 0, 12288, 11911, 205
2026/10/02 17:42:37.497, 0, 12288, 11911, 205
2026/10/02 17:42:37.702, 0, 12288, 11911, 205
2026/10/02 17:42:37.906, 0, 12288, 11911, 205
2026/10/02 17:42:38.108, 0, 12288, 11911, 205
2026/10/02 17:42:38.312, 0, 12288, 11911, 205
2026/10/02 17:42:38.518, 0, 12288, 11911, 205
2026/10/02 17:42:38.722, 0, 12288, 11911, 205
2026/10/02 17:42:38.928, 0, 12288, 11911, 205
2026/10/02 17:42:39.133, 0, 12288, 11911, 205
2026/10/02 17:42:39.338, 0, 12288, 11911, 205
2026/10/02 17:42:39.543, 0, 12288, 11911, 205
2026/10/02 17:42:39.747, 0, 12288, 11911, 205
2026/10/02 17:42:39.954, 0, 12288, 11911, 205
2026/10/02 17:42:40.155, 0, 12288, 11911, 205
2026/10/02 17:42:40.359, 0, 12288, 11911, 205
2026/10/02 17:42:40.563, 0, 12288, 11911, 205
2026/10/02 17:42:40.768, 0, 12288, 11911, 205
2026/10/02 17:42:40.974, 0, 12288, 11911, 205
2026/10/02 17:42:41.180, 0, 12288, 11911, 205
2026/10/02 17:42:41.383, 0, 12288, 11911, 205
2026/10/02 17:42:41.587, 0, 12288, 11911, 205
2026/10/02 17:42:41.793, 0, 12288, 11911, 205
2026/10/02 17:42:41.997, 0, 12288, 11911, 205
2026/10/02 17:42:42.201, 0, 12288, 11911, 205
2026/10/02 17:42:42.405, 0, 12288, 11911, 205
2026/10/02 17:42:42.607, 0, 12288, 11911, 205
2026/10/02 17:42:42.810, 0, 12288, 11911, 205
2026/10/02 17:42:43.013, 0, 12288, 11911, 205
2026/10/02 17:42:43.217, 0, 12288, 11911, 205
2026/10/02 17:42:43.420, 0, 12288, 11911, 205
2026/10/02 17:42:43.620, 0, 12288, 11911, 205
2026/10/02 17:42:43.826, 0, 12288, 11911, 205
2026/10/02 17:42:44.026, 0, 12288, 11911, 205
2026/10/02 17:42:44.231, 0, 12288, 11911, 205
2026/10/02 17:42:44.435, 0, 12288, 11911, 205
2026/10/02 17:42:44.639, 0, 12288, 11911, 205
2026/10/02 17:42:44.845, 0, 12288, 11911, 205
2026/10/02 17:42:45.051, 0, 12288, 11911, 205
2026/10/02 17:42:45.257, 0, 12288, 11911, 205
2026/10/02 17:42:45.462, 0, 12288, 11911, 205
2026/10/02 17:42:45.669, 0, 12288, 11911, 205
2026/10/02 17:42:45.872, 0, 12288, 11911, 205
2026/10/02 17:42:46.078, 0, 12288, 11911, 205
2026/10/02 17:42:46.283, 0, 12288, 11911, 205
2026/10/02 17:42:46.488, 0, 12288, 11911, 205
2026/10/02 17:42:46.695, 0, 12288, 11911, 205
2026/10/02 17:42:46.902, 0, 12288, 11911, 205
2026/10/02 17:42:47.105, 0, 12288, 11911, 205
2026/10/02 17:42:47.309, 0, 12288, 11911, 205
2026/10/02 17:42:47.513, 0, 12288, 11911, 205
2026/10/02 17:42:47.717, 0, 12288, 11911, 205
2026/10/02 17:42:47.922, 0, 12288, 11911, 205
2026/10/02 17:42:48.126, 0, 12288, 11911, 205
2026/10/02 17:42:48.331, 0, 12288, 11911, 205
2026/10/02 17:42:48.535, 0, 12288, 11911, 205
2026/10/02 17:42:48.740, 0, 12288, 11911, 205
2026/10/02 17:42:48.944, 0, 12288, 11911, 205
2026/10/02 17:42:49.149, 0, 12288, 11911, 205
2026/10/02 17:42:49.354, 0, 12288, 11911, 205
2026/10/02 17:42:49.558, 0, 12288, 11911, 205
2026/10/02 17:42:49.763, 0, 12288, 11911, 205
2026/10/02 17:42:49.968, 0, 12288, 11911, 205
2026/10/02 17:42:50.171, 0, 12288, 11911, 205
2026/10/02 17:42:50.377, 0, 12288, 11911, 205
2026/10/02 17:42:50.580, 0, 12288, 11911, 205
2026/10/02 17:42:50.786, 0, 12288, 11911, 205
2026/10/02 17:42:50.991, 0, 12288, 11911, 205
2026/10/02 17:42:51.197, 0, 12288, 11911, 205
2026/10/02 17:42:51.402, 0, 12288, 11911, 205
2026/10/02 17:42:51.607, 0, 12288, 11911, 205
2026/10/02 17:42:51.813, 0, 12288, 11911, 205
2026/10/02 17:42:52.016, 0, 12288, 11911, 205
2026/10/02 17:42:52.221, 0, 12288, 11911, 205
2026/10/02 17:42:52.425, 0, 12288, 11911, 205
2026/10/02 17:42:52.630, 0, 12288, 11911, 205
2026/10/02 17:42:52.834, 0, 12288, 11911, 205
2026/10/02 17:42:53.039, 0, 12288, 11911, 205
2026/10/02 17:42:53.243, 0, 12288, 11911, 205
2026/10/02 17:42:53.447, 0, 12288, 11911, 205
2026/10/02 17:42:53.653, 0, 12288, 11911, 205
2026/10/02 17:42:53.856, 0, 12288, 11911, 205
2026/10/02 17:42:54.061, 0, 12288, 11915, 201
2026/10/02 17:42:54.265, 0, 12288, 11915, 201
2026/10/02 17:42:54.471, 0, 12288, 11915, 201
2026/10/02 17:42:54.677, 0, 12288, 11915, 201
2026/10/02 17:42:54.880, 0, 12288, 11915, 201
2026/10/02 17:42:55.084, 0, 12288, 11915, 201
2026/10/02 17:42:55.289, 0, 12288, 11915, 201
2026/10/02 17:42:55.494, 0, 12288, 11915, 201
2026/10/02 17:42:55.698, 0, 12288, 11915, 201
2026/10/02 17:42:55.902, 0, 12288, 11915, 201
2026/10/02 17:42:56.108, 0, 12288, 11915, 201
2026/10/02 17:42:56.311, 0, 12288, 11915, 201
2026/10/02 17:42:56.528, 0, 12288, 11911, 205
2026/10/02 17:42:56.733, 0, 12288, 11911, 205
2026/10/02 17:42:56.938, 0, 12288, 11911, 205
2026/10/02 17:42:57.144, 0, 12288, 11911, 205
2026/10/02 17:42:57.350, 0, 12288, 11911, 205
2026/10/02 17:42:57.554, 0, 12288, 11911, 205
2026/10/02 17:42:57.761, 0, 12288, 11911, 205
2026/10/02 17:42:57.964, 0, 12288, 11911, 205
2026/10/02 17:42:58.169, 0, 12288, 11911, 205
2026/10/02 17:42:58.373, 0, 12288, 11911, 205
2026/10/02 17:42:58.579, 0, 12288, 11911, 205
2026/10/02 17:42:58.782, 0, 12288, 11911, 205
2026/10/02 17:42:58.987, 0, 12288, 11911, 205
2026/10/02 17:42:59.192, 0, 12288, 11911, 205
2026/10/02 17:42:59.398, 0, 12288, 11911, 205
2026/10/02 17:42:59.601, 0, 12288, 11911, 205
2026/10/02 17:42:59.805, 0, 12288, 11911, 205
2026/10/02 17:43:00.009, 0, 12288, 11911, 205
2026/10/02 17:43:00.216, 0, 12288, 11911, 205
2026/10/02 17:43:00.419, 0, 12288, 11911, 205
2026/10/02 17:43:00.621, 0, 12288, 11911, 205
2026/10/02 17:43:00.822, 0, 12288, 11911, 205
2026/10/02 17:43:01.027, 0, 12288, 11911, 205
2026/10/02 17:43:01.230, 0, 12288, 11911, 205
2026/10/02 17:43:01.434, 0, 12288, 11911, 205
2026/10/02 17:43:01.639, 0, 12288, 11911, 205
2026/10/02 17:43:01.842, 0, 12288, 11911, 205
2026/10/02 17:43:02.045, 0, 12288, 11911, 205
2026/10/02 17:43:02.260, 0, 12288, 11911, 205
2026/10/02 17:43:02.464, 0, 12288, 11911, 205
2026/10/02 17:43:02.668, 0, 12288, 11911, 205
2026/10/02 17:43:02.872, 0, 12288, 11911, 205
2026/10/02 17:43:03.074, 0, 12288, 11911, 205
2026/10/02 17:43:03.277, 0, 12288, 11911, 205
2026/10/02 17:43:03.483, 0, 12288, 11911, 205
2026/10/02 17:43:03.688, 0, 12288, 11911, 205
2026/10/02 17:43:03.893, 0, 12288, 11911, 205
2026/10/02 17:43:04.097, 0, 12288, 11915, 201
2026/10/02 17:43:04.300, 0, 12288, 11915, 201
2026/10/02 17:43:04.505, 0, 12288, 11915, 201
2026/10/02 17:43:04.712, 0, 12288, 11915, 201
2026/10/02 17:43:04.917, 0, 12288, 11915, 201
2026/10/02 17:43:05.121, 0, 12288, 11915, 201
2026/10/02 17:43:05.327, 0, 12288, 11915, 201
2026/10/02 17:43:05.530, 0, 12288, 11915, 201
2026/10/02 17:43:05.733, 0, 12288, 11915, 201
2026/10/02 17:43:05.937, 0, 12288, 11915, 201
2026/10/02 17:43:06.142, 0, 12288, 11915, 201
2026/10/02 17:43:06.347, 0, 12288, 11915, 201
2026/10/02 17:43:06.550, 0, 12288, 11911, 205
2026/10/02 17:43:06.756, 0, 12288, 11911, 205
2026/10/02 17:43:06.960, 0, 12288, 11911, 205
2026/10/02 17:43:07.164, 0, 12288, 11911, 205
2026/10/02 17:43:07.370, 0, 12288, 11911, 205
2026/10/02 17:43:07.574, 0, 12288, 11911, 205
2026/10/02 17:43:07.777, 0, 12288, 11911, 205
2026/10/02 17:43:07.983, 0, 12288, 11911, 205
2026/10/02 17:43:08.186, 0, 12288, 11911, 205
2026/10/02 17:43:08.389, 0, 12288, 11911, 205
2026/10/02 17:43:08.594, 0, 12288, 11911, 205
2026/10/02 17:43:08.798, 0, 12288, 11911, 205
2026/10/02 17:43:09.001, 0, 12288, 11911, 205
2026/10/02 17:43:09.204, 0, 12288, 11911, 205
2026/10/02 17:43:09.408, 0, 12288, 11911, 205
2026/10/02 17:43:09.615, 0, 12288, 11911, 205
2026/10/02 17:43:09.826, 0, 12288, 11911, 205
2026/10/02 17:43:10.037, 0, 12288, 11911, 205
2026/10/02 17:43:10.241, 0, 12288, 11911, 205
2026/10/02 17:43:10.446, 0, 12288, 11911, 205
2026/10/02 17:43:10.652, 0, 12288, 11911, 205
2026/10/02 17:43:10.857, 0, 12288, 11911, 205
2026/10/02 17:43:11.059, 0, 12288, 11911, 205
2026/10/02 17:43:11.264, 0, 12288, 11911, 205
2026/10/02 17:43:11.470, 0, 12288, 11911, 205
2026/10/02 17:43:11.674, 0, 12288, 11911, 205
2026/10/02 17:43:11.880, 0, 12288, 11911, 205
2026/10/02 17:43:12.084, 0, 12288, 11911, 205
2026/10/02 17:43:12.288, 0, 12288, 11911, 205
2026/10/02 17:43:12.493, 0, 12288, 11911, 205
2026/10/02 17:43:12.701, 0, 12288, 11911, 205
2026/10/02 17:43:12.905, 0, 12288, 11911, 205
2026/10/02 17:43:13.108, 0, 12288, 11911, 205
2026/10/02 17:43:13.315, 0, 12288, 11911, 205
2026/10/02 17:43:13.522, 0, 12288, 11911, 205
2026/10/02 17:43:13.726, 0, 12288, 11911, 205
2026/10/02 17:43:13.931, 0, 12288, 11911, 205
2026/10/02 17:43:14.136, 0, 12288, 11911, 205
2026/10/02 17:43:14.343, 0, 12288, 11911, 205
2026/10/02 17:43:14.545, 0, 12288, 11911, 205
2026/10/02 17:43:14.749, 0, 12288, 11911, 205
2026/10/02 17:43:14.953, 0, 12288, 11911, 205
2026/10/02 17:43:15.157, 0, 12288, 11911, 205
2026/10/02 17:43:15.363, 0, 12288, 11911, 205
2026/10/02 17:43:15.570, 0, 12288, 11911, 205
2026/10/02 17:43:15.775, 0, 12288, 11911, 205
2026/10/02 17:43:15.980, 0, 12288, 11911, 205
2026/10/02 17:43:16.188, 0, 12288, 11911, 205
2026/10/02 17:43:16.394, 0, 12288, 11911, 205
2026/10/02 17:43:16.599, 0, 12288, 11911, 205
2026/10/02 17:43:16.804, 0, 12288, 11911, 205
2026/10/02 17:43:17.010, 0, 12288, 11911, 205
2026/10/02 17:43:17.216, 0, 12288, 11911, 205
2026/10/02 17:43:17.422, 0, 12288, 11911, 205
2026/10/02 17:43:17.627, 0, 12288, 11911, 205
2026/10/02 17:43:17.831, 0, 12288, 11911, 205
2026/10/02 17:43:18.037, 0, 12288, 11911, 205
2026/10/02 17:43:18.240, 0, 12288, 11911, 205
2026/10/02 17:43:18.445, 0, 12288, 11911, 205
2026/10/02 17:43:18.650, 0, 12288, 11911, 205
2026/10/02 17:43:18.854, 0, 12288, 11911, 205
2026/10/02 17:43:19.059, 0, 12288, 11911, 205
2026/10/02 17:43:19.260, 0, 12288, 11911, 205
2026/10/02 17:43:19.465, 0, 12288, 11911, 205
2026/10/02 17:43:19.668, 0, 12288, 11911, 205
2026/10/02 17:43:19.870, 0, 12288, 11911, 205
2026/10/02 17:43:20.075, 0, 12288, 11911, 205
2026/10/02 17:43:20.281, 0, 12288, 11911, 205
2026/10/02 17:43:20.486, 0, 12288, 11911, 205
2026/10/02 17:43:20.690, 0, 12288, 11911, 205
2026/10/02 17:43:20.896, 0, 12288, 11911, 205
2026/10/02 17:43:21.101, 0, 12288, 11911, 205
2026/10/02 17:43:21.305, 0, 12288, 11911, 205
2026/10/02 17:43:21.510, 0, 12288, 11911, 205
2026/10/02 17:43:21.713, 0, 12288, 11911, 205
2026/10/02 17:43:21.919, 0, 12288, 11911, 205
2026/10/02 17:43:22.123, 0, 12288, 11911, 205
2026/10/02 17:43:22.324, 0, 12288, 11911, 205
2026/10/02 17:43:22.527, 0, 12288, 11911, 205
2026/10/02 17:43:22.733, 0, 12288, 11911, 205
2026/10/02 17:43:22.938, 0, 12288, 11911, 205
2026/10/02 17:43:23.141, 0, 12288, 11911, 205
2026/10/02 17:43:23.346, 0, 12288, 11911, 205
2026/10/02 17:43:23.553, 0, 12288, 11911, 205
2026/10/02 17:43:23.759, 0, 12288, 11911, 205
2026/10/02 17:43:23.966, 0, 12288, 11911, 205
2026/10/02 17:43:24.169, 0, 12288, 11911, 205
2026/10/02 17:43:24.374, 0, 12288, 11911, 205
2026/10/02 17:43:24.578, 0, 12288, 11911, 205
2026/10/02 17:43:24.785, 0, 12288, 11911, 205
2026/10/02 17:43:24.991, 0, 12288, 11911, 205
2026/10/02 17:43:25.193, 0, 12288, 11911, 205
2026/10/02 17:43:25.397, 0, 12288, 11911, 205
2026/10/02 17:43:25.603, 0, 12288, 11911, 205
2026/10/02 17:43:25.809, 0, 12288, 11911, 205
2026/10/02 17:43:26.013, 0, 12288, 11911, 205
2026/10/02 17:43:26.219, 0, 12288, 11911, 205
2026/10/02 17:43:26.434, 0, 12288, 11911, 205
2026/10/02 17:43:26.639, 0, 12288, 11911, 205
2026/10/02 17:43:26.844, 0, 12288, 11911, 205
2026/10/02 17:43:27.049, 0, 12288, 11911, 205
2026/10/02 17:43:27.253, 0, 12288, 11911, 205
2026/10/02 17:43:27.458, 0, 12288, 11911, 205
2026/10/02 17:43:27.665, 0, 12288, 11911, 205
2026/10/02 17:43:27.870, 0, 12288, 11911, 205
2026/10/02 17:43:28.075, 0, 12288, 11911, 205
2026/10/02 17:43:28.281, 0, 12288, 11911, 205
2026/10/02 17:43:28.494, 0, 12288, 11911, 205
2026/10/02 17:43:28.699, 0, 12288, 11911, 205
2026/10/02 17:43:28.904, 0, 12288, 11911, 205
2026/10/02 17:43:29.106, 0, 12288, 11911, 205
2026/10/02 17:43:29.308, 0, 12288, 11911, 205
2026/10/02 17:43:29.513, 0, 12288, 11911, 205
2026/10/02 17:43:29.720, 0, 12288, 11911, 205
2026/10/02 17:43:29.926, 0, 12288, 11911, 205
2026/10/02 17:43:30.130, 0, 12288, 11911, 205
2026/10/02 17:43:30.335, 0, 12288, 11911, 205
2026/10/02 17:43:30.541, 0, 12288, 11911, 205
2026/10/02 17:43:30.746, 0, 12288, 11911, 205
2026/10/02 17:43:30.949, 0, 12288, 11911, 205
2026/10/02 17:43:31.153, 0, 12288, 11911, 205
2026/10/02 17:43:31.357, 0, 12288, 11911, 205
2026/10/02 17:43:31.558, 0, 12288, 11911, 205
2026/10/02 17:43:31.762, 0, 12288, 11911, 205
2026/10/02 17:43:31.968, 0, 12288, 11911, 205
2026/10/02 17:43:32.175, 0, 12288, 11911, 205
2026/10/02 17:43:32.379, 0, 12288, 11911, 205
2026/10/02 17:43:32.597, 0, 12288, 11911, 205
2026/10/02 17:43:32.801, 0, 12288, 11911, 205
2026/10/02 17:43:33.006, 0, 12288, 11911, 205
2026/10/02 17:43:33.212, 0, 12288, 11911, 205
2026/10/02 17:43:33.416, 0, 12288, 11911, 205
2026/10/02 17:43:33.622, 0, 12288, 11911, 205
2026/10/02 17:43:33.827, 0, 12288, 11911, 205
2026/10/02 17:43:34.030, 0, 12288, 11911, 205
2026/10/02 17:43:34.235, 0, 12288, 11911, 205
2026/10/02 17:43:34.437, 0, 12288, 11911, 205
2026/10/02 17:43:34.643, 0, 12288, 11911, 205
2026/10/02 17:43:34.849, 0, 12288, 11911, 205
2026/10/02 17:43:35.052, 0, 12288, 11911, 205
2026/10/02 17:43:35.257, 0, 12288, 11911, 205
2026/10/02 17:43:35.461, 0, 12288, 11911, 205
2026/10/02 17:43:35.667, 0, 12288, 11911, 205
2026/10/02 17:43:35.869, 0, 12288, 11911, 205
2026/10/02 17:43:36.076, 0, 12288, 11911, 205
2026/10/02 17:43:36.281, 0, 12288, 11911, 205
2026/10/02 17:43:36.486, 0, 12288, 11911, 205
2026/10/02 17:43:36.691, 0, 12288, 11911, 205
2026/10/02 17:43:36.898, 0, 12288, 11911, 205
2026/10/02 17:43:37.104, 0, 12288, 11911, 205
2026/10/02 17:43:37.308, 0, 12288, 11911, 205
2026/10/02 17:43:37.511, 0, 12288, 11911, 205
2026/10/02 17:43:37.715, 0, 12288, 11911, 205
2026/10/02 17:43:37.922, 0, 12288, 11911, 205
2026/10/02 17:43:38.125, 0, 12288, 11911, 205
2026/10/02 17:43:38.330, 0, 12288, 11911, 205
2026/10/02 17:43:38.535, 0, 12288, 11911, 205
2026/10/02 17:43:38.740, 0, 12288, 11911, 205
2026/10/02 17:43:38.943, 0, 12288, 11911, 205
2026/10/02 17:43:39.147, 0, 12288, 11911, 205
2026/10/02 17:43:39.353, 0, 12288, 11911, 205
2026/10/02 17:43:39.559, 0, 12288, 11911, 205
2026/10/02 17:43:39.764, 0, 12288, 11911, 205
2026/10/02 17:43:39.965, 0, 12288, 11911, 205
2026/10/02 17:43:40.169, 0, 12288, 11911, 205
2026/10/02 17:43:40.373, 0, 12288, 11911, 205
2026/10/02 17:43:40.576, 0, 12288, 11911, 205
2026/10/02 17:43:40.779, 0, 12288, 11911, 205
2026/10/02 17:43:40.987, 0, 12288, 11911, 205
2026/10/02 17:43:41.191, 0, 12288, 11911, 205
2026/10/02 17:43:41.397, 0, 12288, 11911, 205
2026/10/02 17:43:41.600, 0, 12288, 11911, 205
2026/10/02 17:43:41.807, 0, 12288, 11911, 205
2026/10/02 17:43:42.014, 0, 12288, 11911, 205
2026/10/02 17:43:42.216, 0, 12288, 11911, 205
2026/10/02 17:43:42.419, 0, 12288, 11911, 205
2026/10/02 17:43:42.621, 0, 12288, 11911, 205
2026/10/02 17:43:42.826, 0, 12288, 11911, 205
2026/10/02 17:43:43.028, 0, 12288, 11911, 205
2026/10/02 17:43:43.231, 0, 12288, 11911, 205
2026/10/02 17:43:43.435, 0, 12288, 11911, 205
2026/10/02 17:43:43.637, 0, 12288, 11911, 205
2026/10/02 17:43:43.840, 0, 12288, 11911, 205
2026/10/02 17:43:44.042, 0, 12288, 11911, 205
2026/10/02 17:43:44.245, 0, 12288, 11911, 205
2026/10/02 17:43:44.449, 0, 12288, 11911, 205
2026/10/02 17:43:44.654, 0, 12288, 11911, 205
2026/10/02 17:43:44.856, 0, 12288, 11911, 205
2026/10/02 17:43:45.060, 0, 12288, 11911, 205
2026/10/02 17:43:45.264, 0, 12288, 11911, 205
2026/10/02 17:43:45.470, 0, 12288, 11911, 205
2026/10/02 17:43:45.673, 0, 12288, 11911, 205
2026/10/02 17:43:45.878, 0, 12288, 11911, 205
2026/10/02 17:43:46.084, 0, 12288, 11911, 205
2026/10/02 17:43:46.287, 0, 12288, 11911, 205
2026/10/02 17:43:46.492, 0, 12288, 11911, 205
2026/10/02 17:43:46.695, 0, 12288, 11911, 205
2026/10/02 17:43:46.900, 0, 12288, 11911, 205
2026/10/02 17:43:47.105, 0, 12288, 11911, 205
2026/10/02 17:43:47.309, 0, 12288, 11911, 205
2026/10/02 17:43:47.514, 0, 12288, 11911, 205
2026/10/02 17:43:47.714, 0, 12288, 11911, 205
2026/10/02 17:43:47.920, 0, 12288, 11911, 205
2026/10/02 17:43:48.122, 0, 12288, 11911, 205
2026/10/02 17:43:48.327, 0, 12288, 11911, 205
2026/10/02 17:43:48.530, 0, 12288, 11911, 205
2026/10/02 17:43:48.735, 0, 12288, 11911, 205
2026/10/02 17:43:48.941, 0, 12288, 11911, 205
2026/10/02 17:43:49.146, 0, 12288, 11911, 205
2026/10/02 17:43:49.352, 0, 12288, 11911, 205
2026/10/02 17:43:49.556, 0, 12288, 11911, 205
2026/10/02 17:43:49.760, 0, 12288, 11911, 205
2026/10/02 17:43:49.966, 0, 12288, 11911, 205
2026/10/02 17:43:50.168, 0, 12288, 11911, 205
2026/10/02 17:43:50.373, 0, 12288, 11911, 205
2026/10/02 17:43:50.578, 0, 12288, 11911, 205
2026/10/02 17:43:50.780, 0, 12288, 11911, 205
2026/10/02 17:43:50.986, 0, 12288, 11911, 205
2026/10/02 17:43:51.193, 0, 12288, 11911, 205
2026/10/02 17:43:51.399, 0, 12288, 11911, 205
2026/10/02 17:43:51.603, 0, 12288, 11911, 205
2026/10/02 17:43:51.809, 0, 12288, 11911, 205
2026/10/02 17:43:52.024, 0, 12288, 11911, 205
2026/10/02 17:43:52.229, 0, 12288, 11911, 205
2026/10/02 17:43:52.432, 0, 12288, 11911, 205
2026/10/02 17:43:52.638, 0, 12288, 11911, 205
2026/10/02 17:43:52.844, 0, 12288, 11911, 205
2026/10/02 17:43:53.050, 0, 12288, 11911, 205
2026/10/02 17:43:53.254, 0, 12288, 11911, 205
2026/10/02 17:43:53.460, 0, 12288, 11911, 205
2026/10/02 17:43:53.666, 0, 12288, 11911, 205
2026/10/02 17:43:53.874, 0, 12288, 11911, 205
2026/10/02 17:43:54.077, 0, 12288, 11915, 201
2026/10/02 17:43:54.282, 0, 12288, 11915, 201
2026/10/02 17:43:54.488, 0, 12288, 11915, 201
2026/10/02 17:43:54.696, 0, 12288, 11915, 201
2026/10/02 17:43:54.901, 0, 12288, 11915, 201
2026/10/02 17:43:55.106, 0, 12288, 11915, 201
2026/10/02 17:43:55.311, 0, 12288, 11915, 201
2026/10/02 17:43:55.518, 0, 12288, 11915, 201
2026/10/02 17:43:55.724, 0, 12288, 11915, 201
2026/10/02 17:43:55.930, 0, 12288, 11915, 201
2026/10/02 17:43:56.137, 0, 12288, 11915, 201
2026/10/02 17:43:56.340, 0, 12288, 11915, 201
2026/10/02 17:43:56.546, 0, 12288, 11915, 201
2026/10/02 17:43:56.749, 0, 12288, 11911, 205
2026/10/02 17:43:56.954, 0, 12288, 11911, 205
2026/10/02 17:43:57.159, 0, 12288, 11911, 205
2026/10/02 17:43:57.366, 0, 12288, 11911, 205
2026/10/02 17:43:57.568, 0, 12288, 11911, 205
2026/10/02 17:43:57.771, 0, 12288, 11911, 205
2026/10/02 17:43:57.978, 0, 12288, 11911, 205
2026/10/02 17:43:58.181, 0, 12288, 11911, 205
2026/10/02 17:43:58.387, 0, 12288, 11911, 205
2026/10/02 17:43:58.590, 0, 12288, 11911, 205
2026/10/02 17:43:58.794, 0, 12288, 11911, 205
2026/10/02 17:43:58.998, 0, 12288, 11911, 205
2026/10/02 17:43:59.202, 0, 12288, 11911, 205
2026/10/02 17:43:59.403, 0, 12288, 11911, 205
2026/10/02 17:43:59.607, 0, 12288, 11911, 205
2026/10/02 17:43:59.811, 0, 12288, 11911, 205
2026/10/02 17:44:00.018, 0, 12288, 11911, 205
2026/10/02 17:44:00.226, 0, 12288, 11911, 205
2026/10/02 17:44:00.433, 0, 12288, 11911, 205
2026/10/02 17:44:00.635, 0, 12288, 11911, 205
2026/10/02 17:44:00.841, 0, 12288, 11911, 205
2026/10/02 17:44:01.047, 0, 12288, 11911, 205
2026/10/02 17:44:01.252, 0, 12288, 11911, 205
2026/10/02 17:44:01.458, 0, 12288, 11911, 205
2026/10/02 17:44:01.662, 0, 12288, 11911, 205
2026/10/02 17:44:01.867, 0, 12288, 11911, 205
2026/10/02 17:44:02.071, 0, 12288, 11911, 205
2026/10/02 17:44:02.278, 0, 12288, 11911, 205
2026/10/02 17:44:02.481, 0, 12288, 11911, 205
2026/10/02 17:44:02.685, 0, 12288, 11911, 205
2026/10/02 17:44:02.886, 0, 12288, 11911, 205
2026/10/02 17:44:03.091, 0, 12288, 11911, 205
2026/10/02 17:44:03.293, 0, 12288, 11911, 205
2026/10/02 17:44:03.499, 0, 12288, 11911, 205
2026/10/02 17:44:03.703, 0, 12288, 11911, 205
2026/10/02 17:44:03.909, 0, 12288, 11911, 205
2026/10/02 17:44:04.116, 0, 12288, 11915, 201
2026/10/02 17:44:04.320, 0, 12288, 11915, 201
2026/10/02 17:44:04.525, 0, 12288, 11915, 201
2026/10/02 17:44:04.730, 0, 12288, 11915, 201
2026/10/02 17:44:04.935, 0, 12288, 11915, 201
2026/10/02 17:44:05.141, 0, 12288, 11915, 201
2026/10/02 17:44:05.345, 0, 12288, 11915, 201
2026/10/02 17:44:05.550, 0, 12288, 11915, 201
2026/10/02 17:44:05.756, 0, 12288, 11915, 201
2026/10/02 17:44:05.962, 0, 12288, 11915, 201
2026/10/02 17:44:06.165, 0, 12288, 11915, 201
2026/10/02 17:44:06.368, 0, 12288, 11915, 201
2026/10/02 17:44:06.572, 0, 12288, 11915, 201
2026/10/02 17:44:06.778, 0, 12288, 11911, 205
2026/10/02 17:44:06.983, 0, 12288, 11911, 205
2026/10/02 17:44:07.187, 0, 12288, 11911, 205
2026/10/02 17:44:07.391, 0, 12288, 11911, 205
2026/10/02 17:44:07.597, 0, 12288, 11911, 205
2026/10/02 17:44:07.802, 0, 12288, 11911, 205
2026/10/02 17:44:08.007, 0, 12288, 11911, 205
2026/10/02 17:44:08.211, 0, 12288, 11911, 205
2026/10/02 17:44:08.416, 0, 12288, 11911, 205
2026/10/02 17:44:08.623, 0, 12288, 11911, 205
2026/10/02 17:44:08.828, 0, 12288, 11911, 205
2026/10/02 17:44:09.033, 0, 12288, 11911, 205
2026/10/02 17:44:09.238, 0, 12288, 11911, 205
2026/10/02 17:44:09.443, 0, 12288, 11911, 205
2026/10/02 17:44:09.651, 0, 12288, 11911, 205
2026/10/02 17:44:09.856, 0, 12288, 11911, 205
2026/10/02 17:44:10.062, 0, 12288, 11911, 205
2026/10/02 17:44:10.264, 0, 12288, 11911, 205
2026/10/02 17:44:10.470, 0, 12288, 11911, 205
2026/10/02 17:44:10.674, 0, 12288, 11911, 205
2026/10/02 17:44:10.881, 0, 12288, 11911, 205
2026/10/02 17:44:11.088, 0, 12288, 11911, 205
2026/10/02 17:44:11.293, 0, 12288, 11911, 205
2026/10/02 17:44:11.498, 0, 12288, 11911, 205
2026/10/02 17:44:11.703, 0, 12288, 11911, 205
2026/10/02 17:44:11.908, 0, 12288, 11911, 205
2026/10/02 17:44:12.114, 0, 12288, 11911, 205
2026/10/02 17:44:12.320, 0, 12288, 11911, 205
2026/10/02 17:44:12.526, 0, 12288, 11911, 205
2026/10/02 17:44:12.728, 0, 12288, 11911, 205
2026/10/02 17:44:12.932, 0, 12288, 11911, 205
2026/10/02 17:44:13.134, 0, 12288, 11911, 205
2026/10/02 17:44:13.340, 0, 12288, 11911, 205
2026/10/02 17:44:13.542, 0, 12288, 11911, 205
2026/10/02 17:44:13.749, 0, 12288, 11911, 205
2026/10/02 17:44:13.953, 0, 12288, 11911, 205
2026/10/02 17:44:14.157, 0, 12288, 11911, 205
2026/10/02 17:44:14.361, 0, 12288, 11911, 205
2026/10/02 17:44:14.568, 0, 12288, 11911, 205
2026/10/02 17:44:14.774, 0, 12288, 11911, 205
2026/10/02 17:44:14.981, 0, 12288, 11911, 205
2026/10/02 17:44:15.185, 0, 12288, 11911, 205
2026/10/02 17:44:15.386, 0, 12288, 11911, 205
2026/10/02 17:44:15.590, 0, 12288, 11911, 205
2026/10/02 17:44:15.792, 0, 12288, 11911, 205
2026/10/02 17:44:15.997, 0, 12288, 11911, 205
2026/10/02 17:44:16.212, 0, 12288, 11911, 205
2026/10/02 17:44:16.417, 0, 12288, 11911, 205
2026/10/02 17:44:16.622, 0, 12288, 11911, 205
2026/10/02 17:44:16.827, 0, 12288, 11911, 205
2026/10/02 17:44:17.031, 0, 12288, 11911, 205
2026/10/02 17:44:17.273, 0, 12288, 11911, 205
2026/10/02 17:44:17.491, 0, 12288, 11911, 205
2026/10/02 17:44:17.692, 0, 12288, 11911, 205
2026/10/02 17:44:17.897, 0, 12288, 11911, 205
2026/10/02 17:44:18.099, 0, 12288, 11911, 205
2026/10/02 17:44:18.303, 0, 12288, 11911, 205
2026/10/02 17:44:18.508, 0, 12288, 11911, 205
2026/10/02 17:44:18.714, 0, 12288, 11911, 205
2026/10/02 17:44:18.919, 0, 12288, 11911, 205
2026/10/02 17:44:19.126, 0, 12288, 11911, 205
2026/10/02 17:44:19.331, 0, 12288, 11911, 205
2026/10/02 17:44:19.536, 0, 12288, 11911, 205
2026/10/02 17:44:19.743, 0, 12288, 11911, 205
2026/10/02 17:44:19.946, 0, 12288, 11911, 205
2026/10/02 17:44:20.152, 0, 12288, 11911, 205
2026/10/02 17:44:20.358, 0, 12288, 11911, 205
2026/10/02 17:44:20.561, 0, 12288, 11911, 205
2026/10/02 17:44:20.764, 0, 12288, 11911, 205
2026/10/02 17:44:20.968, 0, 12288, 11911, 205
2026/10/02 17:44:21.171, 0, 12288, 11911, 205
2026/10/02 17:44:21.376, 0, 12288, 11911, 205
2026/10/02 17:44:21.582, 0, 12288, 11911, 205
2026/10/02 17:44:21.788, 0, 12288, 11911, 205
2026/10/02 17:44:21.994, 0, 12288, 11911, 205
2026/10/02 17:44:22.199, 0, 12288, 11911, 205
2026/10/02 17:44:22.405, 0, 12288, 11911, 205
2026/10/02 17:44:22.611, 0, 12288, 11911, 205
2026/10/02 17:44:22.816, 0, 12288, 11911, 205
2026/10/02 17:44:23.022, 0, 12288, 11911, 205
2026/10/02 17:44:23.225, 0, 12288, 11911, 205
2026/10/02 17:44:23.429, 0, 12288, 11911, 205
2026/10/02 17:44:23.631, 0, 12288, 11911, 205
2026/10/02 17:44:23.832, 0, 12288, 11911, 205
2026/10/02 17:44:24.033, 0, 12288, 11911, 205
2026/10/02 17:44:24.237, 0, 12288, 11911, 205
2026/10/02 17:44:24.440, 0, 12288, 11911, 205
2026/10/02 17:44:24.646, 0, 12288, 11911, 205
2026/10/02 17:44:24.851, 0, 12288, 11911, 205
2026/10/02 17:44:25.055, 0, 12288, 11911, 205
2026/10/02 17:44:25.261, 0, 12288, 11911, 205
2026/10/02 17:44:25.465, 0, 12288, 11911, 205
2026/10/02 17:44:25.670, 0, 12288, 11911, 205
2026/10/02 17:44:25.876, 0, 12288, 11911, 205
2026/10/02 17:44:26.081, 0, 12288, 11911, 205
2026/10/02 17:44:26.287, 0, 12288, 11911, 205
2026/10/02 17:44:26.492, 0, 12288, 11911, 205
2026/10/02 17:44:26.697, 0, 12288, 11911, 205
2026/10/02 17:44:26.903, 0, 12288, 11911, 205
2026/10/02 17:44:27.106, 0, 12288, 11911, 205
2026/10/02 17:44:27.312, 0, 12288, 11911, 205
2026/10/02 17:44:27.515, 0, 12288, 11911, 205
2026/10/02 17:44:27.718, 0, 12288, 11911, 205
2026/10/02 17:44:27.926, 0, 12288, 11911, 205
2026/10/02 17:44:28.132, 0, 12288, 11911, 205
2026/10/02 17:44:28.336, 0, 12288, 11911, 205
2026/10/02 17:44:28.541, 0, 12288, 11911, 205
2026/10/02 17:44:28.745, 0, 12288, 11911, 205
2026/10/02 17:44:28.950, 0, 12288, 11911, 205
2026/10/02 17:44:29.156, 0, 12288, 11911, 205
2026/10/02 17:44:29.362, 0, 12288, 11911, 205
2026/10/02 17:44:29.568, 0, 12288, 11911, 205
2026/10/02 17:44:29.773, 0, 12288, 11911, 205
2026/10/02 17:44:29.980, 0, 12288, 11911, 205
2026/10/02 17:44:30.187, 0, 12288, 11911, 205
2026/10/02 17:44:30.393, 0, 12288, 11911, 205
2026/10/02 17:44:30.597, 0, 12288, 11911, 205
2026/10/02 17:44:30.802, 0, 12288, 11911, 205
2026/10/02 17:44:31.008, 0, 12288, 11911, 205
2026/10/02 17:44:31.213, 0, 12288, 11911, 205
2026/10/02 17:44:31.419, 0, 12288, 11911, 205
2026/10/02 17:44:31.622, 0, 12288, 11911, 205
2026/10/02 17:44:31.823, 0, 12288, 11911, 205
2026/10/02 17:44:32.030, 0, 12288, 11911, 205
2026/10/02 17:44:32.235, 0, 12288, 11911, 205
2026/10/02 17:44:32.439, 0, 12288, 11911, 205
2026/10/02 17:44:32.644, 0, 12288, 11911, 205
2026/10/02 17:44:32.849, 0, 12288, 11911, 205
2026/10/02 17:44:33.053, 0, 12288, 11911, 205
2026/10/02 17:44:33.257, 0, 12288, 11911, 205
2026/10/02 17:44:33.462, 0, 12288, 11911, 205
2026/10/02 17:44:33.668, 0, 12288, 11911, 205
2026/10/02 17:44:33.874, 0, 12288, 11911, 205
2026/10/02 17:44:34.077, 0, 12288, 11911, 205
2026/10/02 17:44:34.280, 0, 12288, 11911, 205
2026/10/02 17:44:34.484, 0, 12288, 11911, 205
2026/10/02 17:44:34.686, 0, 12288, 11911, 205
2026/10/02 17:44:34.890, 0, 12288, 11911, 205
2026/10/02 17:44:35.093, 0, 12288, 11911, 205
2026/10/02 17:44:35.298, 0, 12288, 11911, 205
2026/10/02 17:44:35.500, 0, 12288, 11911, 205
2026/10/02 17:44:35.704, 0, 12288, 11911, 205
2026/10/02 17:44:35.910, 0, 12288, 11911, 205
2026/10/02 17:44:36.115, 0, 12288, 11911, 205
2026/10/02 17:44:36.319, 0, 12288, 11911, 205
2026/10/02 17:44:36.522, 0, 12288, 11911, 205
2026/10/02 17:44:36.726, 0, 12288, 11911, 205
2026/10/02 17:44:36.928, 0, 12288, 11911, 205
2026/10/02 17:44:37.135, 0, 12288, 11911, 205
2026/10/02 17:44:37.339, 0, 12288, 11911, 205
2026/10/02 17:44:37.546, 0, 12288, 11911, 205
2026/10/02 17:44:37.750, 0, 12288, 11911, 205
2026/10/02 17:44:37.954, 0, 12288, 11911, 205
2026/10/02 17:44:38.160, 0, 12288, 11911, 205
2026/10/02 17:44:38.367, 0, 12288, 11911, 205
2026/10/02 17:44:38.571, 0, 12288, 11911, 205
2026/10/02 17:44:38.776, 0, 12288, 11911, 205
2026/10/02 17:44:38.980, 0, 12288, 11911, 205
2026/10/02 17:44:39.185, 0, 12288, 11911, 205
2026/10/02 17:44:39.386, 0, 12288, 11911, 205
2026/10/02 17:44:39.591, 0, 12288, 11911, 205
2026/10/02 17:44:39.798, 0, 12288, 11911, 205
2026/10/02 17:44:40.002, 0, 12288, 11911, 205
2026/10/02 17:44:40.207, 0, 12288, 11911, 205
2026/10/02 17:44:40.413, 0, 12288, 11911, 205
2026/10/02 17:44:40.619, 0, 12288, 11911, 205
2026/10/02 17:44:40.823, 0, 12288, 11911, 205
2026/10/02 17:44:41.029, 0, 12288, 11911, 205
2026/10/02 17:44:41.244, 0, 12288, 11911, 205
2026/10/02 17:44:41.449, 0, 12288, 11911, 205
2026/10/02 17:44:41.652, 0, 12288, 11911, 205
2026/10/02 17:44:41.858, 0, 12288, 11911, 205
2026/10/02 17:44:42.061, 0, 12288, 11911, 205
2026/10/02 17:44:42.267, 0, 12288, 11911, 205
2026/10/02 17:44:42.470, 0, 12288, 11911, 205
2026/10/02 17:44:42.676, 0, 12288, 11911, 205
2026/10/02 17:44:42.882, 0, 12288, 11911, 205
2026/10/02 17:44:43.087, 0, 12288, 11911, 205
2026/10/02 17:44:43.293, 0, 12288, 11911, 205
2026/10/02 17:44:43.497, 0, 12288, 11911, 205
2026/10/02 17:44:43.701, 0, 12288, 11911, 205
2026/10/02 17:44:43.906, 0, 12288, 11911, 205
2026/10/02 17:44:44.112, 0, 12288, 11911, 205
2026/10/02 17:44:44.315, 0, 12288, 11911, 205
2026/10/02 17:44:44.519, 0, 12288, 11911, 205
2026/10/02 17:44:44.723, 0, 12288, 11911, 205
2026/10/02 17:44:44.928, 0, 12288, 11911, 205
2026/10/02 17:44:45.132, 0, 12288, 11911, 205
2026/10/02 17:44:45.336, 0, 12288, 11911, 205
2026/10/02 17:44:45.542, 0, 12288, 11911, 205
2026/10/02 17:44:45.746, 0, 12288, 11911, 205
2026/10/02 17:44:45.949, 0, 12288, 11911, 205
2026/10/02 17:44:46.156, 0, 12288, 11911, 205
2026/10/02 17:44:46.359, 0, 12288, 11911, 205
2026/10/02 17:44:46.562, 0, 12288, 11911, 205
2026/10/02 17:44:46.770, 0, 12288, 11911, 205
2026/10/02 17:44:46.976, 0, 12288, 11911, 205
2026/10/02 17:44:47.179, 0, 12288, 11911, 205
2026/10/02 17:44:47.385, 0, 12288, 11911, 205
2026/10/02 17:44:47.591, 0, 12288, 11911, 205
2026/10/02 17:44:47.796, 0, 12288, 11911, 205
2026/10/02 17:44:48.001, 0, 12288, 11911, 205
2026/10/02 17:44:48.207, 0, 12288, 11911, 205
2026/10/02 17:44:48.413, 0, 12288, 11911, 205
2026/10/02 17:44:48.619, 0, 12288, 11911, 205
2026/10/02 17:44:48.822, 0, 12288, 11911, 205
2026/10/02 17:44:49.028, 0, 12288, 11911, 205
2026/10/02 17:44:49.234, 0, 12288, 11911, 205
2026/10/02 17:44:49.439, 0, 12288, 11911, 205
2026/10/02 17:44:49.643, 0, 12288, 11911, 205
2026/10/02 17:44:49.849, 0, 12288, 11911, 205
2026/10/02 17:44:50.054, 0, 12288, 11911, 205
2026/10/02 17:44:50.261, 0, 12288, 11911, 205
2026/10/02 17:44:50.465, 0, 12288, 11911, 205
2026/10/02 17:44:50.668, 0, 12288, 11911, 205
2026/10/02 17:44:50.872, 0, 12288, 11911, 205
2026/10/02 17:44:51.075, 0, 12288, 11911, 205
2026/10/02 17:44:51.282, 0, 12288, 11911, 205
2026/10/02 17:44:51.485, 0, 12288, 11911, 205
2026/10/02 17:44:51.689, 0, 12288, 11911, 205
2026/10/02 17:44:51.890, 0, 12288, 11911, 205
2026/10/02 17:44:52.094, 0, 12288, 11911, 205
2026/10/02 17:44:52.296, 0, 12288, 11911, 205
2026/10/02 17:44:52.499, 0, 12288, 11911, 205
2026/10/02 17:44:52.704, 0, 12288, 11911, 205
2026/10/02 17:44:52.909, 0, 12288, 11911, 205
2026/10/02 17:44:53.115, 0, 12288, 11911, 205
2026/10/02 17:44:53.322, 0, 12288, 11911, 205
2026/10/02 17:44:53.525, 0, 12288, 11911, 205
2026/10/02 17:44:53.730, 0, 12288, 11911, 205
2026/10/02 17:44:53.936, 0, 12288, 11911, 205
2026/10/02 17:44:54.137, 0, 12288, 11915, 201
2026/10/02 17:44:54.340, 0, 12288, 11915, 201
2026/10/02 17:44:54.544, 0, 12288, 11915, 201
2026/10/02 17:44:54.749, 0, 12288, 11915, 201
2026/10/02 17:44:54.954, 0, 12288, 11915, 201
2026/10/02 17:44:55.159, 0, 12288, 11915, 201
2026/10/02 17:44:55.363, 0, 12288, 11915, 201
2026/10/02 17:44:55.568, 0, 12288, 11915, 201
2026/10/02 17:44:55.773, 0, 12288, 11915, 201
2026/10/02 17:44:55.978, 0, 12288, 11911, 205
2026/10/02 17:44:56.182, 0, 12288, 11911, 205
2026/10/02 17:44:56.387, 0, 12288, 11911, 205
2026/10/02 17:44:56.590, 0, 12288, 11911, 205
2026/10/02 17:44:56.793, 0, 12288, 11911, 205
2026/10/02 17:44:56.996, 0, 12288, 11911, 205
2026/10/02 17:44:57.199, 0, 12288, 11911, 205
2026/10/02 17:44:57.406, 0, 12288, 11911, 205
2026/10/02 17:44:57.610, 0, 12288, 11911, 205
2026/10/02 17:44:57.814, 0, 12288, 11911, 205
2026/10/02 17:44:58.020, 0, 12288, 11911, 205
2026/10/02 17:44:58.222, 0, 12288, 11911, 205
2026/10/02 17:44:58.424, 0, 12288, 11911, 205
2026/10/02 17:44:58.628, 0, 12288, 11919, 197
2026/10/02 17:44:58.833, 0, 12288, 11919, 197
2026/10/02 17:44:59.039, 0, 12288, 11919, 197
2026/10/02 17:44:59.245, 0, 12288, 11919, 197
2026/10/02 17:44:59.451, 0, 12288, 11919, 197
2026/10/02 17:44:59.653, 0, 12288, 11919, 197
2026/10/02 17:44:59.875, 0, 12288, 11919, 197
2026/10/02 17:45:00.089, 0, 12288, 11919, 197
2026/10/02 17:45:00.291, 0, 12288, 11919, 197
2026/10/02 17:45:00.493, 0, 12288, 11911, 205
2026/10/02 17:45:00.696, 0, 12288, 11911, 205
2026/10/02 17:45:00.903, 0, 12288, 11911, 205
2026/10/02 17:45:01.106, 0, 12288, 11911, 205
2026/10/02 17:45:01.310, 0, 12288, 11911, 205
2026/10/02 17:45:01.511, 0, 12288, 11911, 205
2026/10/02 17:45:01.715, 0, 12288, 11911, 205
2026/10/02 17:45:01.918, 0, 12288, 11911, 205
2026/10/02 17:45:02.121, 0, 12288, 11911, 205
2026/10/02 17:45:02.324, 0, 12288, 11911, 205
2026/10/02 17:45:02.528, 0, 12288, 11911, 205
2026/10/02 17:45:02.733, 0, 12288, 11911, 205
2026/10/02 17:45:02.934, 0, 12288, 11911, 205
2026/10/02 17:45:03.138, 0, 12288, 11911, 205
2026/10/02 17:45:03.344, 0, 12288, 11911, 205
2026/10/02 17:45:03.549, 0, 12288, 11911, 205
2026/10/02 17:45:03.755, 0, 12288, 11911, 205
2026/10/02 17:45:03.959, 0, 12288, 11911, 205
2026/10/02 17:45:04.162, 0, 12288, 11915, 201
2026/10/02 17:45:04.366, 0, 12288, 11915, 201
2026/10/02 17:45:04.570, 0, 12288, 11915, 201
2026/10/02 17:45:04.786, 0, 12288, 11915, 201
2026/10/02 17:45:04.990, 0, 12288, 11915, 201
2026/10/02 17:45:05.192, 0, 12288, 11915, 201
2026/10/02 17:45:05.395, 0, 12288, 11915, 201
2026/10/02 17:45:05.602, 0, 12288, 11915, 201
2026/10/02 17:45:05.808, 0, 12288, 11915, 201
2026/10/02 17:45:06.012, 0, 12288, 11911, 205
2026/10/02 17:45:06.219, 0, 12288, 11911, 205
2026/10/02 17:45:06.423, 0, 12288, 11911, 205
2026/10/02 17:45:06.628, 0, 12288, 11911, 205
2026/10/02 17:45:06.834, 0, 12288, 11911, 205
2026/10/02 17:45:07.037, 0, 12288, 11911, 205
2026/10/02 17:45:07.252, 0, 12288, 11911, 205
2026/10/02 17:45:07.464, 0, 12288, 11911, 205
2026/10/02 17:45:07.669, 0, 12288, 11911, 205
2026/10/02 17:45:07.875, 0, 12288, 11911, 205
2026/10/02 17:45:08.080, 0, 12288, 11911, 205
2026/10/02 17:45:08.286, 0, 12288, 11911, 205
2026/10/02 17:45:08.491, 0, 12288, 11911, 205
2026/10/02 17:45:08.697, 0, 12288, 11911, 205
2026/10/02 17:45:08.902, 0, 12288, 11911, 205
2026/10/02 17:45:09.109, 0, 12288, 11919, 197
2026/10/02 17:45:09.312, 0, 12288, 11919, 197
2026/10/02 17:45:09.518, 0, 12288, 11919, 197
2026/10/02 17:45:09.723, 0, 12288, 11919, 197
2026/10/02 17:45:09.937, 0, 12288, 11919, 197
2026/10/02 17:45:10.141, 0, 12288, 11919, 197
2026/10/02 17:45:10.345, 0, 12288, 11919, 197
2026/10/02 17:45:10.552, 0, 12288, 11919, 197
2026/10/02 17:45:10.756, 0, 12288, 11919, 197
2026/10/02 17:45:10.961, 0, 12288, 11911, 205
2026/10/02 17:45:11.167, 0, 12288, 11911, 205
2026/10/02 17:45:11.371, 0, 12288, 11911, 205
2026/10/02 17:45:11.576, 0, 12288, 11911, 205
2026/10/02 17:45:11.779, 0, 12288, 11911, 205
2026/10/02 17:45:11.985, 0, 12288, 11911, 205
2026/10/02 17:45:12.189, 0, 12288, 11911, 205
2026/10/02 17:45:12.395, 0, 12288, 11911, 205
2026/10/02 17:45:12.601, 0, 12288, 11911, 205
2026/10/02 17:45:12.807, 0, 12288, 11911, 205
2026/10/02 17:45:13.011, 0, 12288, 11911, 205
2026/10/02 17:45:13.216, 0, 12288, 11911, 205
2026/10/02 17:45:13.419, 0, 12288, 11911, 205
2026/10/02 17:45:13.626, 0, 12288, 11911, 205
2026/10/02 17:45:13.830, 0, 12288, 11911, 205
2026/10/02 17:45:14.033, 0, 12288, 11911, 205
2026/10/02 17:45:14.238, 0, 12288, 11911, 205
2026/10/02 17:45:14.443, 0, 12288, 11911, 205
2026/10/02 17:45:14.650, 0, 12288, 11911, 205
2026/10/02 17:45:14.872, 0, 12288, 11911, 205
2026/10/02 17:45:15.078, 0, 12288, 11911, 205
2026/10/02 17:45:15.282, 0, 12288, 11911, 205
2026/10/02 17:45:15.487, 0, 12288, 11911, 205
2026/10/02 17:45:15.693, 0, 12288, 11911, 205
2026/10/02 17:45:15.898, 0, 12288, 11911, 205
2026/10/02 17:45:16.104, 0, 12288, 11911, 205
2026/10/02 17:45:16.309, 0, 12288, 11911, 205
2026/10/02 17:45:16.511, 0, 12288, 11911, 205
2026/10/02 17:45:16.717, 0, 12288, 11911, 205
2026/10/02 17:45:16.923, 0, 12288, 11911, 205
2026/10/02 17:45:17.128, 0, 12288, 11911, 205
2026/10/02 17:45:17.333, 0, 12288, 11911, 205
2026/10/02 17:45:17.539, 0, 12288, 11911, 205
2026/10/02 17:45:17.745, 0, 12288, 11911, 205
2026/10/02 17:45:17.951, 0, 12288, 11911, 205
2026/10/02 17:45:18.152, 0, 12288, 11911, 205
2026/10/02 17:45:18.356, 0, 12288, 11911, 205
2026/10/02 17:45:18.560, 0, 12288, 11911, 205
2026/10/02 17:45:18.766, 0, 12288, 11911, 205
2026/10/02 17:45:18.968, 0, 12288, 11911, 205
2026/10/02 17:45:19.172, 0, 12288, 11911, 205
2026/10/02 17:45:19.377, 0, 12288, 11911, 205
2026/10/02 17:45:19.581, 0, 12288, 11911, 205
2026/10/02 17:45:19.787, 0, 12288, 11911, 205
2026/10/02 17:45:19.990, 0, 12288, 11911, 205
2026/10/02 17:45:20.196, 0, 12288, 11911, 205
2026/10/02 17:45:20.400, 0, 12288, 11911, 205
2026/10/02 17:45:20.606, 0, 12288, 11911, 205
2026/10/02 17:45:20.812, 0, 12288, 11911, 205
2026/10/02 17:45:21.016, 0, 12288, 11911, 205
2026/10/02 17:45:21.219, 0, 12288, 11911, 205
2026/10/02 17:45:21.424, 0, 12288, 11911, 205
2026/10/02 17:45:21.627, 0, 12288, 11911, 205
2026/10/02 17:45:21.830, 0, 12288, 11911, 205
2026/10/02 17:45:22.036, 0, 12288, 11911, 205
2026/10/02 17:45:22.240, 0, 12288, 11911, 205
2026/10/02 17:45:22.444, 0, 12288, 11911, 205
2026/10/02 17:45:22.651, 0, 12288, 11911, 205
2026/10/02 17:45:22.855, 0, 12288, 11911, 205
2026/10/02 17:45:23.060, 0, 12288, 11911, 205
2026/10/02 17:45:23.265, 0, 12288, 11911, 205
2026/10/02 17:45:23.472, 0, 12288, 11911, 205
2026/10/02 17:45:23.678, 0, 12288, 11911, 205
2026/10/02 17:45:23.884, 0, 12288, 11911, 205
2026/10/02 17:45:24.091, 0, 12288, 11911, 205
2026/10/02 17:45:24.295, 0, 12288, 11911, 205
2026/10/02 17:45:24.532, 0, 12288, 11911, 205
2026/10/02 17:45:24.738, 0, 12288, 11911, 205
2026/10/02 17:45:24.941, 0, 12288, 11911, 205
2026/10/02 17:45:25.146, 0, 12288, 11911, 205
2026/10/02 17:45:25.352, 0, 12288, 11911, 205
2026/10/02 17:45:25.558, 0, 12288, 11911, 205
2026/10/02 17:45:25.761, 0, 12288, 11911, 205
2026/10/02 17:45:25.966, 0, 12288, 11911, 205
2026/10/02 17:45:26.169, 0, 12288, 11911, 205
2026/10/02 17:45:26.375, 0, 12288, 11911, 205
2026/10/02 17:45:26.578, 0, 12288, 11911, 205
2026/10/02 17:45:26.784, 0, 12288, 11911, 205
2026/10/02 17:45:26.987, 0, 12288, 11911, 205
2026/10/02 17:45:27.191, 0, 12288, 11911, 205
2026/10/02 17:45:27.396, 0, 12288, 11911, 205
2026/10/02 17:45:27.603, 0, 12288, 11911, 205
2026/10/02 17:45:27.808, 0, 12288, 11911, 205
2026/10/02 17:45:28.013, 0, 12288, 11911, 205
2026/10/02 17:45:28.217, 0, 12288, 11911, 205
2026/10/02 17:45:28.421, 0, 12288, 11911, 205
2026/10/02 17:45:28.623, 0, 12288, 11911, 205
2026/10/02 17:45:28.825, 0, 12288, 11911, 205
2026/10/02 17:45:29.029, 0, 12288, 11911, 205
2026/10/02 17:45:29.234, 0, 12288, 11911, 205
2026/10/02 17:45:29.435, 0, 12288, 11911, 205
2026/10/02 17:45:29.639, 0, 12288, 11911, 205
2026/10/02 17:45:29.966, 0, 12288, 11911, 205
2026/10/02 17:45:30.168, 0, 12288, 11911, 205
2026/10/02 17:45:30.373, 0, 12288, 11911, 205
2026/10/02 17:45:30.574, 0, 12288, 11911, 205
2026/10/02 17:45:30.777, 0, 12288, 11911, 205
2026/10/02 17:45:30.982, 0, 12288, 11911, 205
2026/10/02 17:45:31.185, 0, 12288, 11911, 205
2026/10/02 17:45:31.387, 0, 12288, 11911, 205
2026/10/02 17:45:31.591, 0, 12288, 11911, 205
2026/10/02 17:45:31.794, 0, 12288, 11911, 205
2026/10/02 17:45:31.999, 0, 12288, 11911, 205
2026/10/02 17:45:32.202, 0, 12288, 11911, 205
2026/10/02 17:45:32.407, 0, 12288, 11911, 205
2026/10/02 17:45:32.612, 0, 12288, 11911, 205
2026/10/02 17:45:32.815, 0, 12288, 11911, 205
2026/10/02 17:45:33.021, 0, 12288, 11911, 205
2026/10/02 17:45:33.226, 0, 12288, 11911, 205
2026/10/02 17:45:33.441, 0, 12288, 11911, 205
2026/10/02 17:45:33.645, 0, 12288, 11911, 205
2026/10/02 17:45:33.850, 0, 12288, 11911, 205
2026/10/02 17:45:34.053, 0, 12288, 11911, 205
2026/10/02 17:45:34.260, 0, 12288, 11911, 205
2026/10/02 17:45:34.465, 0, 12288, 11911, 205
2026/10/02 17:45:34.668, 0, 12288, 11911, 205
2026/10/02 17:45:34.875, 0, 12288, 11911, 205
2026/10/02 17:45:35.081, 0, 12288, 11911, 205
2026/10/02 17:45:35.286, 0, 12288, 11911, 205
2026/10/02 17:45:35.490, 0, 12288, 11911, 205
2026/10/02 17:45:35.696, 0, 12288, 11911, 205
2026/10/02 17:45:35.899, 0, 12288, 11911, 205
2026/10/02 17:45:36.107, 0, 12288, 11911, 205
2026/10/02 17:45:36.311, 0, 12288, 11911, 205
2026/10/02 17:45:36.514, 0, 12288, 11911, 205
2026/10/02 17:45:36.718, 0, 12288, 11911, 205
2026/10/02 17:45:36.922, 0, 12288, 11911, 205
2026/10/02 17:45:37.125, 0, 12288, 11911, 205
2026/10/02 17:45:37.331, 0, 12288, 11911, 205
2026/10/02 17:45:37.535, 0, 12288, 11911, 205
2026/10/02 17:45:37.743, 0, 12288, 11911, 205
2026/10/02 17:45:37.949, 0, 12288, 11911, 205
2026/10/02 17:45:38.154, 0, 12288, 11911, 205
2026/10/02 17:45:38.358, 0, 12288, 11911, 205
2026/10/02 17:45:38.564, 0, 12288, 11911, 205
2026/10/02 17:45:38.768, 0, 12288, 11911, 205
2026/10/02 17:45:38.974, 0, 12288, 11911, 205
2026/10/02 17:45:39.181, 0, 12288, 11911, 205
2026/10/02 17:45:39.387, 0, 12288, 11911, 205
2026/10/02 17:45:39.623, 0, 12288, 11911, 205
2026/10/02 17:45:39.825, 0, 12288, 11911, 205
2026/10/02 17:45:40.030, 0, 12288, 11911, 205
2026/10/02 17:45:40.235, 0, 12288, 11911, 205
2026/10/02 17:45:40.440, 0, 12288, 11911, 205
2026/10/02 17:45:40.646, 0, 12288, 11911, 205
2026/10/02 17:45:40.853, 0, 12288, 11911, 205
2026/10/02 17:45:41.055, 0, 12288, 11911, 205
2026/10/02 17:45:41.260, 0, 12288, 11911, 205
2026/10/02 17:45:41.461, 0, 12288, 11911, 205
2026/10/02 17:45:41.666, 0, 12288, 11911, 205
2026/10/02 17:45:41.867, 0, 12288, 11911, 205
2026/10/02 17:45:42.074, 0, 12288, 11911, 205
2026/10/02 17:45:42.276, 0, 12288, 11911, 205
2026/10/02 17:45:42.482, 0, 12288, 11911, 205
2026/10/02 17:45:42.688, 0, 12288, 11911, 205
2026/10/02 17:45:42.894, 0, 12288, 11911, 205
2026/10/02 17:45:43.099, 0, 12288, 11911, 205
2026/10/02 17:45:43.304, 0, 12288, 11911, 205
2026/10/02 17:45:43.508, 0, 12288, 11911, 205
2026/10/02 17:45:43.714, 0, 12288, 11911, 205
2026/10/02 17:45:43.918, 0, 12288, 11911, 205
2026/10/02 17:45:44.122, 0, 12288, 11911, 205
2026/10/02 17:45:44.325, 0, 12288, 11911, 205
2026/10/02 17:45:44.527, 0, 12288, 11911, 205
2026/10/02 17:45:44.731, 0, 12288, 11911, 205
2026/10/02 17:45:44.935, 0, 12288, 11911, 205
2026/10/02 17:45:45.141, 0, 12288, 11911, 205
2026/10/02 17:45:45.345, 0, 12288, 11911, 205
2026/10/02 17:45:45.550, 0, 12288, 11911, 205
2026/10/02 17:45:45.756, 0, 12288, 11911, 205
2026/10/02 17:45:45.959, 0, 12288, 11911, 205
2026/10/02 17:45:46.164, 0, 12288, 11911, 205
2026/10/02 17:45:46.369, 0, 12288, 11911, 205
2026/10/02 17:45:46.573, 0, 12288, 11911, 205
2026/10/02 17:45:46.778, 0, 12288, 11911, 205
2026/10/02 17:45:46.984, 0, 12288, 11911, 205
2026/10/02 17:45:47.199, 0, 12288, 11911, 205
2026/10/02 17:45:47.402, 0, 12288, 11911, 205
2026/10/02 17:45:47.606, 0, 12288, 11911, 205
2026/10/02 17:45:47.809, 0, 12288, 11911, 205
2026/10/02 17:45:48.012, 0, 12288, 11911, 205
2026/10/02 17:45:48.218, 0, 12288, 11911, 205
2026/10/02 17:45:48.424, 0, 12288, 11911, 205
2026/10/02 17:45:48.626, 0, 12288, 11911, 205
2026/10/02 17:45:48.829, 0, 12288, 11911, 205
2026/10/02 17:45:49.035, 0, 12288, 11911, 205
2026/10/02 17:45:49.242, 0, 12288, 11911, 205
2026/10/02 17:45:49.445, 0, 12288, 11911, 205
2026/10/02 17:45:49.647, 0, 12288, 11911, 205
2026/10/02 17:45:49.852, 0, 12288, 11911, 205
2026/10/02 17:45:50.057, 0, 12288, 11911, 205
2026/10/02 17:45:50.263, 0, 12288, 11911, 205
2026/10/02 17:45:50.467, 0, 12288, 11911, 205
2026/10/02 17:45:50.670, 0, 12288, 11911, 205
2026/10/02 17:45:50.875, 0, 12288, 11911, 205
2026/10/02 17:45:51.079, 0, 12288, 11911, 205
2026/10/02 17:45:51.285, 0, 12288, 11911, 205
2026/10/02 17:45:51.490, 0, 12288, 11911, 205
2026/10/02 17:45:51.693, 0, 12288, 11911, 205
2026/10/02 17:45:51.900, 0, 12288, 11911, 205
2026/10/02 17:45:52.106, 0, 12288, 11911, 205
2026/10/02 17:45:52.310, 0, 12288, 11911, 205
2026/10/02 17:45:52.515, 0, 12288, 11911, 205
2026/10/02 17:45:52.723, 0, 12288, 11911, 205
2026/10/02 17:45:52.925, 0, 12288, 11911, 205
2026/10/02 17:45:53.129, 0, 12288, 11911, 205
2026/10/02 17:45:53.333, 0, 12288, 11911, 205
2026/10/02 17:45:53.537, 0, 12288, 11911, 205
2026/10/02 17:45:53.740, 0, 12288, 11911, 205
2026/10/02 17:45:53.946, 0, 12288, 11911, 205
2026/10/02 17:45:54.151, 0, 12288, 11915, 201
2026/10/02 17:45:54.355, 0, 12288, 11915, 201
2026/10/02 17:45:54.561, 0, 12288, 11915, 201
2026/10/02 17:45:54.764, 0, 12288, 11915, 201
2026/10/02 17:45:54.968, 0, 12288, 11915, 201
2026/10/02 17:45:55.172, 0, 12288, 11915, 201
2026/10/02 17:45:55.377, 0, 12288, 11915, 201
2026/10/02 17:45:55.582, 0, 12288, 11915, 201
2026/10/02 17:45:55.786, 0, 12288, 11915, 201
2026/10/02 17:45:55.993, 0, 12288, 11915, 201
2026/10/02 17:45:56.197, 0, 12288, 11911, 205
2026/10/02 17:45:56.403, 0, 12288, 11911, 205
2026/10/02 17:45:56.608, 0, 12288, 11911, 205
2026/10/02 17:45:56.812, 0, 12288, 11911, 205
2026/10/02 17:45:57.016, 0, 12288, 11911, 205
2026/10/02 17:45:57.223, 0, 12288, 11911, 205
2026/10/02 17:45:57.429, 0, 12288, 11911, 205
2026/10/02 17:45:57.635, 0, 12288, 11911, 205
2026/10/02 17:45:57.840, 0, 12288, 11911, 205
2026/10/02 17:45:58.045, 0, 12288, 11911, 205
2026/10/02 17:45:58.249, 0, 12288, 11911, 205
2026/10/02 17:45:58.451, 0, 12288, 11911, 205
2026/10/02 17:45:58.654, 0, 12288, 11911, 205
2026/10/02 17:45:58.859, 0, 12288, 11911, 205
2026/10/02 17:45:59.063, 0, 12288, 11911, 205
2026/10/02 17:45:59.267, 0, 12288, 11911, 205
2026/10/02 17:45:59.473, 0, 12288, 11911, 205
2026/10/02 17:45:59.677, 0, 12288, 11911, 205
2026/10/02 17:45:59.884, 0, 12288, 11911, 205
2026/10/02 17:46:00.091, 0, 12288, 11911, 205
2026/10/02 17:46:00.296, 0, 12288, 11911, 205
2026/10/02 17:46:00.503, 0, 12288, 11911, 205
2026/10/02 17:46:00.707, 0, 12288, 11911, 205
2026/10/02 17:46:00.911, 0, 12288, 11911, 205
2026/10/02 17:46:01.116, 0, 12288, 11911, 205
2026/10/02 17:46:01.322, 0, 12288, 11911, 205
2026/10/02 17:46:01.529, 0, 12288, 11911, 205
2026/10/02 17:46:01.734, 0, 12288, 11911, 205
2026/10/02 17:46:01.941, 0, 12288, 11911, 205
2026/10/02 17:46:02.146, 0, 12288, 11911, 205
2026/10/02 17:46:02.349, 0, 12288, 11911, 205
2026/10/02 17:46:02.556, 0, 12288, 11911, 205
2026/10/02 17:46:02.762, 0, 12288, 11911, 205
2026/10/02 17:46:02.965, 0, 12288, 11911, 205
2026/10/02 17:46:03.171, 0, 12288, 11911, 205
2026/10/02 17:46:03.377, 0, 12288, 11911, 205
2026/10/02 17:46:03.582, 0, 12288, 11911, 205
2026/10/02 17:46:03.789, 0, 12288, 11911, 205
2026/10/02 17:46:03.992, 0, 12288, 11911, 205
2026/10/02 17:46:04.197, 0, 12288, 11915, 201
2026/10/02 17:46:04.401, 0, 12288, 11915, 201
2026/10/02 17:46:04.606, 0, 12288, 11915, 201
2026/10/02 17:46:04.810, 0, 12288, 11915, 201
2026/10/02 17:46:05.015, 0, 12288, 11915, 201
2026/10/02 17:46:05.218, 0, 12288, 11915, 201
2026/10/02 17:46:05.424, 0, 12288, 11915, 201
2026/10/02 17:46:05.627, 0, 12288, 11915, 201
2026/10/02 17:46:05.833, 0, 12288, 11915, 201
2026/10/02 17:46:06.037, 0, 12288, 11915, 201
2026/10/02 17:46:06.240, 0, 12288, 11911, 205
2026/10/02 17:46:06.443, 0, 12288, 11911, 205
2026/10/02 17:46:06.647, 0, 12288, 11911, 205
2026/10/02 17:46:06.851, 0, 12288, 11911, 205
2026/10/02 17:46:07.057, 0, 12288, 11911, 205
2026/10/02 17:46:07.262, 0, 12288, 11911, 205
2026/10/02 17:46:07.466, 0, 12288, 11911, 205
2026/10/02 17:46:07.669, 0, 12288, 11911, 205
2026/10/02 17:46:07.873, 0, 12288, 11911, 205
2026/10/02 17:46:08.076, 0, 12288, 11911, 205
2026/10/02 17:46:08.281, 0, 12288, 11911, 205
2026/10/02 17:46:08.484, 0, 12288, 11911, 205
2026/10/02 17:46:08.687, 0, 12288, 11911, 205
2026/10/02 17:46:08.888, 0, 12288, 11911, 205
2026/10/02 17:46:09.091, 0, 12288, 11911, 205
2026/10/02 17:46:09.296, 0, 12288, 11911, 205
2026/10/02 17:46:09.500, 0, 12288, 11911, 205
2026/10/02 17:46:09.705, 0, 12288, 11911, 205
2026/10/02 17:46:09.910, 0, 12288, 11911, 205
2026/10/02 17:46:10.116, 0, 12288, 11911, 205
2026/10/02 17:46:10.319, 0, 12288, 11911, 205
2026/10/02 17:46:10.524, 0, 12288, 11911, 205
2026/10/02 17:46:10.731, 0, 12288, 11911, 205
2026/10/02 17:46:10.934, 0, 12288, 11911, 205
2026/10/02 17:46:11.139, 0, 12288, 11911, 205
2026/10/02 17:46:11.356, 0, 12288, 11911, 205
2026/10/02 17:46:11.560, 0, 12288, 11911, 205
2026/10/02 17:46:11.761, 0, 12288, 11911, 205
2026/10/02 17:46:11.965, 0, 12288, 11911, 205
2026/10/02 17:46:12.169, 0, 12288, 11911, 205
2026/10/02 17:46:12.374, 0, 12288, 11911, 205
2026/10/02 17:46:12.578, 0, 12288, 11911, 205
2026/10/02 17:46:12.782, 0, 12288, 11911, 205
2026/10/02 17:46:12.987, 0, 12288, 11911, 205
2026/10/02 17:46:13.191, 0, 12288, 11911, 205
2026/10/02 17:46:13.397, 0, 12288, 11911, 205
2026/10/02 17:46:13.602, 0, 12288, 11911, 205
2026/10/02 17:46:13.808, 0, 12288, 11911, 205
2026/10/02 17:46:14.013, 0, 12288, 11911, 205
2026/10/02 17:46:14.215, 0, 12288, 11911, 205
2026/10/02 17:46:14.420, 0, 12288, 11911, 205
2026/10/02 17:46:14.625, 0, 12288, 11911, 205
2026/10/02 17:46:14.830, 0, 12288, 11911, 205
2026/10/02 17:46:15.034, 0, 12288, 11911, 205
2026/10/02 17:46:15.241, 0, 12288, 11911, 205
2026/10/02 17:46:15.443, 0, 12288, 11911, 205
2026/10/02 17:46:15.647, 0, 12288, 11911, 205
2026/10/02 17:46:15.850, 0, 12288, 11911, 205
2026/10/02 17:46:16.055, 0, 12288, 11911, 205
2026/10/02 17:46:16.261, 0, 12288, 11911, 205
2026/10/02 17:46:16.466, 0, 12288, 11911, 205
2026/10/02 17:46:16.668, 0, 12288, 11911, 205
2026/10/02 17:46:16.874, 0, 12288, 11911, 205
2026/10/02 17:46:17.080, 0, 12288, 11911, 205
2026/10/02 17:46:17.283, 0, 12288, 11911, 205
2026/10/02 17:46:17.488, 0, 12288, 11911, 205
2026/10/02 17:46:17.692, 0, 12288, 11911, 205
2026/10/02 17:46:17.898, 0, 12288, 11911, 205
2026/10/02 17:46:18.101, 0, 12288, 11911, 205
2026/10/02 17:46:18.306, 0, 12288, 11911, 205
2026/10/02 17:46:18.511, 0, 12288, 11911, 205
2026/10/02 17:46:18.713, 0, 12288, 11911, 205
2026/10/02 17:46:18.935, 0, 12288, 11911, 205
2026/10/02 17:46:19.138, 0, 12288, 11911, 205
2026/10/02 17:46:19.345, 0, 12288, 11911, 205
2026/10/02 17:46:19.550, 0, 12288, 11911, 205
2026/10/02 17:46:19.755, 0, 12288, 11911, 205
2026/10/02 17:46:19.959, 0, 12288, 11911, 205
2026/10/02 17:46:20.163, 0, 12288, 11911, 205
2026/10/02 17:46:20.368, 0, 12288, 11911, 205
2026/10/02 17:46:20.572, 0, 12288, 11911, 205
2026/10/02 17:46:20.776, 0, 12288, 11911, 205
2026/10/02 17:46:20.981, 0, 12288, 11911, 205
2026/10/02 17:46:21.188, 0, 12288, 11911, 205
2026/10/02 17:46:21.393, 0, 12288, 11911, 205
2026/10/02 17:46:21.598, 0, 12288, 11911, 205
2026/10/02 17:46:21.803, 0, 12288, 11911, 205
2026/10/02 17:46:22.008, 0, 12288, 11911, 205
2026/10/02 17:46:22.215, 0, 12288, 11911, 205
2026/10/02 17:46:22.418, 0, 12288, 11911, 205
2026/10/02 17:46:22.624, 0, 12288, 11911, 205
2026/10/02 17:46:22.828, 0, 12288, 11911, 205
2026/10/02 17:46:23.031, 0, 12288, 11911, 205
2026/10/02 17:46:23.238, 0, 12288, 11911, 205
2026/10/02 17:46:23.441, 0, 12288, 11911, 205
2026/10/02 17:46:23.646, 0, 12288, 11911, 205
2026/10/02 17:46:23.851, 0, 12288, 11911, 205
2026/10/02 17:46:24.056, 0, 12288, 11911, 205
2026/10/02 17:46:24.260, 0, 12288, 11911, 205
2026/10/02 17:46:24.466, 0, 12288, 11911, 205
2026/10/02 17:46:24.672, 0, 12288, 11911, 205
2026/10/02 17:46:24.875, 0, 12288, 11911, 205
2026/10/02 17:46:25.079, 0, 12288, 11911, 205
2026/10/02 17:46:25.284, 0, 12288, 11911, 205
2026/10/02 17:46:25.489, 0, 12288, 11911, 205
2026/10/02 17:46:25.694, 0, 12288, 11911, 205
2026/10/02 17:46:25.897, 0, 12288, 11911, 205
2026/10/02 17:46:26.101, 0, 12288, 11911, 205
2026/10/02 17:46:26.305, 0, 12288, 11911, 205
2026/10/02 17:46:26.509, 0, 12288, 11911, 205
2026/10/02 17:46:26.717, 0, 12288, 11911, 205
2026/10/02 17:46:26.921, 0, 12288, 11911, 205
2026/10/02 17:46:27.125, 0, 12288, 11911, 205
2026/10/02 17:46:27.329, 0, 12288, 11911, 205
2026/10/02 17:46:27.534, 0, 12288, 11911, 205
2026/10/02 17:46:27.739, 0, 12288, 11911, 205
2026/10/02 17:46:27.945, 0, 12288, 11911, 205
2026/10/02 17:46:28.148, 0, 12288, 11911, 205
2026/10/02 17:46:28.352, 0, 12288, 11911, 205
2026/10/02 17:46:28.557, 0, 12288, 11911, 205
2026/10/02 17:46:28.765, 0, 12288, 11911, 205
2026/10/02 17:46:28.966, 0, 12288, 11911, 205
2026/10/02 17:46:29.172, 0, 12288, 11911, 205
2026/10/02 17:46:29.377, 0, 12288, 11911, 205
2026/10/02 17:46:29.581, 0, 12288, 11911, 205
2026/10/02 17:46:29.785, 0, 12288, 11911, 205
2026/10/02 17:46:29.990, 0, 12288, 11911, 205
2026/10/02 17:46:30.194, 0, 12288, 11911, 205
2026/10/02 17:46:30.399, 0, 12288, 11911, 205
2026/10/02 17:46:30.602, 0, 12288, 11911, 205
2026/10/02 17:46:30.806, 0, 12288, 11911, 205
2026/10/02 17:46:31.010, 0, 12288, 11911, 205
2026/10/02 17:46:31.215, 0, 12288, 11911, 205
2026/10/02 17:46:31.418, 0, 12288, 11911, 205
2026/10/02 17:46:31.621, 0, 12288, 11911, 205
2026/10/02 17:46:31.824, 0, 12288, 11911, 205
2026/10/02 17:46:32.028, 0, 12288, 11911, 205
2026/10/02 17:46:32.233, 0, 12288, 11911, 205
2026/10/02 17:46:32.438, 0, 12288, 11911, 205
2026/10/02 17:46:32.639, 0, 12288, 11911, 205
2026/10/02 17:46:32.845, 0, 12288, 11911, 205
2026/10/02 17:46:33.051, 0, 12288, 11911, 205
2026/10/02 17:46:33.266, 0, 12288, 11911, 205
2026/10/02 17:46:33.471, 0, 12288, 11911, 205
2026/10/02 17:46:33.677, 0, 12288, 11911, 205
2026/10/02 17:46:33.883, 0, 12288, 11911, 205
2026/10/02 17:46:34.088, 0, 12288, 11911, 205
2026/10/02 17:46:34.294, 0, 12288, 11911, 205
2026/10/02 17:46:34.497, 0, 12288, 11911, 205
2026/10/02 17:46:34.700, 0, 12288, 11911, 205
2026/10/02 17:46:34.902, 0, 12288, 11911, 205
2026/10/02 17:46:35.105, 0, 12288, 11911, 205
2026/10/02 17:46:35.312, 0, 12288, 11911, 205
2026/10/02 17:46:35.515, 0, 12288, 11911, 205
2026/10/02 17:46:35.719, 0, 12288, 11911, 205
2026/10/02 17:46:35.922, 0, 12288, 11911, 205
2026/10/02 17:46:36.124, 0, 12288, 11911, 205
2026/10/02 17:46:36.327, 0, 12288, 11911, 205
2026/10/02 17:46:36.530, 0, 12288, 11911, 205
2026/10/02 17:46:36.735, 0, 12288, 11911, 205
2026/10/02 17:46:36.940, 0, 12288, 11911, 205
2026/10/02 17:46:37.146, 0, 12288, 11911, 205
2026/10/02 17:46:37.353, 0, 12288, 11911, 205
2026/10/02 17:46:37.558, 0, 12288, 11911, 205
2026/10/02 17:46:37.764, 0, 12288, 11911, 205
2026/10/02 17:46:37.968, 0, 12288, 11911, 205
2026/10/02 17:46:38.171, 0, 12288, 11911, 205
2026/10/02 17:46:38.377, 0, 12288, 11911, 205
2026/10/02 17:46:38.581, 0, 12288, 11911, 205
2026/10/02 17:46:38.788, 0, 12288, 11911, 205
2026/10/02 17:46:38.993, 0, 12288, 11911, 205
2026/10/02 17:46:39.199, 0, 12288, 11911, 205
2026/10/02 17:46:39.401, 0, 12288, 11911, 205
2026/10/02 17:46:39.607, 0, 12288, 11911, 205
2026/10/02 17:46:39.810, 0, 12288, 11911, 205
2026/10/02 17:46:40.014, 0, 12288, 11911, 205
2026/10/02 17:46:40.219, 0, 12288, 11911, 205
2026/10/02 17:46:40.424, 0, 12288, 11911, 205
2026/10/02 17:46:40.629, 0, 12288, 11911, 205
2026/10/02 17:46:40.833, 0, 12288, 11911, 205
2026/10/02 17:46:41.037, 0, 12288, 11911, 205
2026/10/02 17:46:41.243, 0, 12288, 11911, 205
2026/10/02 17:46:41.447, 0, 12288, 11911, 205
2026/10/02 17:46:41.650, 0, 12288, 11911, 205
2026/10/02 17:46:41.856, 0, 12288, 11911, 205
2026/10/02 17:46:42.059, 0, 12288, 11911, 205
2026/10/02 17:46:42.264, 0, 12288, 11911, 205
2026/10/02 17:46:42.470, 0, 12288, 11911, 205
2026/10/02 17:46:42.676, 0, 12288, 11911, 205
2026/10/02 17:46:42.881, 0, 12288, 11911, 205
2026/10/02 17:46:43.086, 0, 12288, 11911, 205
2026/10/02 17:46:43.288, 0, 12288, 11911, 205
2026/10/02 17:46:43.493, 0, 12288, 11911, 205
2026/10/02 17:46:43.699, 0, 12288, 11911, 205
2026/10/02 17:46:43.903, 0, 12288, 11911, 205
2026/10/02 17:46:44.106, 0, 12288, 11911, 205
2026/10/02 17:46:44.311, 0, 12288, 11911, 205
2026/10/02 17:46:44.514, 0, 12288, 11911, 205
2026/10/02 17:46:44.717, 0, 12288, 11911, 205
2026/10/02 17:46:44.921, 0, 12288, 11911, 205
2026/10/02 17:46:45.126, 0, 12288, 11911, 205
2026/10/02 17:46:45.331, 0, 12288, 11911, 205
2026/10/02 17:46:45.538, 0, 12288, 11911, 205
2026/10/02 17:46:45.739, 0, 12288, 11911, 205
2026/10/02 17:46:45.945, 0, 12288, 11911, 205
2026/10/02 17:46:46.150, 0, 12288, 11911, 205
2026/10/02 17:46:46.356, 0, 12288, 11911, 205
2026/10/02 17:46:46.572, 0, 12288, 11911, 205
2026/10/02 17:46:46.776, 0, 12288, 11911, 205
2026/10/02 17:46:46.981, 0, 12288, 11911, 205
2026/10/02 17:46:47.182, 0, 12288, 11911, 205
2026/10/02 17:46:47.382, 0, 12288, 11913, 203
2026/10/02 17:46:47.598, 0, 12288, 11913, 203
2026/10/02 17:46:47.802, 0, 12288, 11913, 203
2026/10/02 17:46:48.008, 0, 12288, 11913, 203
2026/10/02 17:46:48.214, 0, 12288, 11913, 203
2026/10/02 17:46:48.420, 0, 12288, 11913, 203
2026/10/02 17:46:48.624, 0, 12288, 11913, 203
2026/10/02 17:46:48.832, 0, 12288, 11913, 203
2026/10/02 17:46:49.038, 0, 12288, 11913, 203
2026/10/02 17:46:49.244, 0, 12288, 11913, 203
2026/10/02 17:46:49.448, 0, 12288, 11913, 203
2026/10/02 17:46:49.653, 0, 12288, 11913, 203
2026/10/02 17:46:49.858, 0, 12288, 11913, 203
2026/10/02 17:46:50.065, 0, 12288, 11913, 203
2026/10/02 17:46:50.271, 0, 12288, 11913, 203
2026/10/02 17:46:50.475, 0, 12288, 11913, 203
2026/10/02 17:46:50.682, 0, 12288, 11913, 203
2026/10/02 17:46:50.887, 0, 12288, 11913, 203
2026/10/02 17:46:51.091, 0, 12288, 11913, 203
2026/10/02 17:46:51.295, 0, 12288, 11913, 203
2026/10/02 17:46:51.499, 0, 12288, 11913, 203
2026/10/02 17:46:51.704, 0, 12288, 11913, 203
2026/10/02 17:46:51.909, 0, 12288, 11913, 203
2026/10/02 17:46:52.115, 0, 12288, 11913, 203
2026/10/02 17:46:52.321, 0, 12288, 11913, 203
2026/10/02 17:46:52.527, 0, 12288, 11913, 203
2026/10/02 17:46:52.732, 0, 12288, 11913, 203
2026/10/02 17:46:52.937, 0, 12288, 11913, 203
2026/10/02 17:46:53.141, 0, 12288, 11913, 203
2026/10/02 17:46:53.346, 0, 12288, 11913, 203
2026/10/02 17:46:53.548, 0, 12288, 11913, 203
2026/10/02 17:46:53.753, 0, 12288, 11913, 203
2026/10/02 17:46:53.958, 0, 12288, 11913, 203
2026/10/02 17:46:54.161, 0, 12288, 11918, 198
2026/10/02 17:46:54.366, 0, 12288, 11918, 198
2026/10/02 17:46:54.571, 0, 12288, 11918, 198
2026/10/02 17:46:54.777, 0, 12288, 11918, 198
2026/10/02 17:46:54.982, 0, 12288, 11918, 198
2026/10/02 17:46:55.186, 0, 12288, 11918, 198
2026/10/02 17:46:55.390, 0, 12288, 11918, 198
2026/10/02 17:46:55.595, 0, 12288, 11918, 198
2026/10/02 17:46:55.799, 0, 12288, 11918, 198
2026/10/02 17:46:56.002, 0, 12288, 11918, 198
2026/10/02 17:46:56.207, 0, 12288, 11913, 203
2026/10/02 17:46:56.411, 0, 12288, 11913, 203
2026/10/02 17:46:56.617, 0, 12288, 11913, 203
2026/10/02 17:46:56.822, 0, 12288, 11913, 203
2026/10/02 17:46:57.026, 0, 12288, 11913, 203
2026/10/02 17:46:57.231, 0, 12288, 11913, 203
2026/10/02 17:46:57.434, 0, 12288, 11913, 203
2026/10/02 17:46:57.637, 0, 12288, 11913, 203
2026/10/02 17:46:57.841, 0, 12288, 11913, 203
2026/10/02 17:46:58.045, 0, 12288, 11913, 203
2026/10/02 17:46:58.256, 0, 12288, 11913, 203
2026/10/02 17:46:58.465, 0, 12288, 11913, 203
2026/10/02 17:46:58.668, 0, 12288, 11913, 203
2026/10/02 17:46:58.871, 0, 12288, 11913, 203
2026/10/02 17:46:59.074, 0, 12288, 11913, 203
2026/10/02 17:46:59.279, 0, 12288, 11913, 203
2026/10/02 17:46:59.483, 0, 12288, 11913, 203
2026/10/02 17:46:59.688, 0, 12288, 11913, 203
2026/10/02 17:46:59.891, 0, 12288, 11913, 203
2026/10/02 17:47:00.096, 0, 12288, 11913, 203
2026/10/02 17:47:00.301, 0, 12288, 11913, 203
2026/10/02 17:47:00.506, 0, 12288, 11913, 203
2026/10/02 17:47:00.712, 0, 12288, 11913, 203
2026/10/02 17:47:00.918, 0, 12288, 11913, 203
2026/10/02 17:47:01.123, 0, 12288, 11913, 203
2026/10/02 17:47:01.329, 0, 12288, 11913, 203
2026/10/02 17:47:01.537, 0, 12288, 11913, 203
2026/10/02 17:47:01.740, 0, 12288, 11913, 203
2026/10/02 17:47:01.945, 0, 12288, 11913, 203
2026/10/02 17:47:02.150, 0, 12288, 11913, 203
2026/10/02 17:47:02.355, 0, 12288, 11913, 203
2026/10/02 17:47:02.560, 0, 12288, 11913, 203
2026/10/02 17:47:02.764, 0, 12288, 11913, 203
2026/10/02 17:47:02.970, 0, 12288, 11913, 203
2026/10/02 17:47:03.174, 0, 12288, 11913, 203
2026/10/02 17:47:03.379, 0, 12288, 11913, 203
2026/10/02 17:47:03.585, 0, 12288, 11913, 203
2026/10/02 17:47:03.789, 0, 12288, 11913, 203
2026/10/02 17:47:03.995, 0, 12288, 11913, 203
2026/10/02 17:47:04.199, 0, 12288, 11918, 198
2026/10/02 17:47:04.403, 0, 12288, 11918, 198
2026/10/02 17:47:04.606, 0, 12288, 11918, 198
2026/10/02 17:47:04.831, 0, 12288, 11918, 198
2026/10/02 17:47:05.047, 0, 12288, 11918, 198
2026/10/02 17:47:05.252, 0, 12288, 11918, 198
2026/10/02 17:47:05.456, 0, 12288, 11918, 198
2026/10/02 17:47:05.661, 0, 12288, 11918, 198
2026/10/02 17:47:05.874, 0, 12288, 11940, 176
2026/10/02 17:47:06.090, 0, 12288, 11941, 175
2026/10/02 17:47:06.295, 0, 12288, 11937, 179
2026/10/02 17:47:06.499, 0, 12288, 11937, 179
2026/10/02 17:47:06.703, 0, 12288, 11937, 179
2026/10/02 17:47:06.904, 0, 12288, 11937, 179
2026/10/02 17:47:07.108, 0, 12288, 11937, 179
2026/10/02 17:47:07.311, 0, 12288, 11937, 179
2026/10/02 17:47:07.515, 0, 12288, 11937, 179
2026/10/02 17:47:07.717, 0, 12288, 11937, 179
2026/10/02 17:47:07.920, 0, 12288, 11936, 180
2026/10/02 17:47:08.124, 0, 12288, 11930, 186
2026/10/02 17:47:08.327, 0, 12288, 11930, 186
2026/10/02 17:47:08.531, 0, 12288, 11930, 186
2026/10/02 17:47:08.734, 0, 12288, 11930, 186
2026/10/02 17:47:08.939, 0, 12288, 11925, 191
2026/10/02 17:47:09.144, 0, 12288, 11925, 191
2026/10/02 17:47:09.350, 0, 12288, 11925, 191
2026/10/02 17:47:09.554, 0, 12288, 11925, 191
2026/10/02 17:47:09.760, 0, 12288, 11925, 191
2026/10/02 17:47:09.965, 0, 12288, 11925, 191
2026/10/02 17:47:10.169, 0, 12288, 11925, 191
2026/10/02 17:47:10.374, 0, 12288, 11925, 191
2026/10/02 17:47:10.580, 0, 12288, 11925, 191
2026/10/02 17:47:10.784, 0, 12288, 11925, 191
2026/10/02 17:47:10.989, 0, 12288, 11913, 203
2026/10/02 17:47:11.193, 0, 12288, 11913, 203
2026/10/02 17:47:11.396, 0, 12288, 11913, 203
2026/10/02 17:47:11.602, 0, 12288, 11913, 203
2026/10/02 17:47:11.806, 0, 12288, 11913, 203
2026/10/02 17:47:12.013, 0, 12288, 11913, 203
2026/10/02 17:47:12.219, 0, 12288, 11913, 203
2026/10/02 17:47:12.420, 0, 12288, 11913, 203
2026/10/02 17:47:12.624, 0, 12288, 11913, 203
2026/10/02 17:47:12.829, 0, 12288, 11913, 203
2026/10/02 17:47:13.035, 0, 12288, 11913, 203
2026/10/02 17:47:13.237, 0, 12288, 11913, 203
2026/10/02 17:47:13.443, 0, 12288, 11913, 203
2026/10/02 17:47:13.646, 0, 12288, 11913, 203
2026/10/02 17:47:13.847, 0, 12288, 11913, 203
2026/10/02 17:47:14.051, 0, 12288, 11913, 203
2026/10/02 17:47:14.257, 0, 12288, 11913, 203
2026/10/02 17:47:14.461, 0, 12288, 11913, 203
2026/10/02 17:47:14.665, 0, 12288, 11913, 203
2026/10/02 17:47:14.870, 0, 12288, 11913, 203
2026/10/02 17:47:15.074, 0, 12288, 11913, 203
2026/10/02 17:47:15.281, 0, 12288, 11913, 203
2026/10/02 17:47:15.488, 0, 12288, 11913, 203
2026/10/02 17:47:15.694, 0, 12288, 11913, 203
2026/10/02 17:47:15.923, 0, 12288, 11913, 203
2026/10/02 17:47:16.137, 0, 12288, 11913, 203
2026/10/02 17:47:16.342, 0, 12288, 11913, 203
2026/10/02 17:47:16.546, 0, 12288, 11913, 203
2026/10/02 17:47:16.749, 0, 12288, 11913, 203
2026/10/02 17:47:16.954, 0, 12288, 11913, 203
2026/10/02 17:47:17.157, 0, 12288, 11913, 203
2026/10/02 17:47:17.361, 0, 12288, 11913, 203
2026/10/02 17:47:17.567, 0, 12288, 11913, 203
2026/10/02 17:47:17.772, 0, 12288, 11913, 203
2026/10/02 17:47:17.977, 0, 12288, 11913, 203
2026/10/02 17:47:18.182, 0, 12288, 11913, 203
2026/10/02 17:47:18.383, 0, 12288, 11913, 203
2026/10/02 17:47:18.585, 0, 12288, 11913, 203
2026/10/02 17:47:18.790, 0, 12288, 11913, 203
2026/10/02 17:47:18.993, 0, 12288, 11913, 203
2026/10/02 17:47:19.197, 0, 12288, 11913, 203
2026/10/02 17:47:19.399, 0, 12288, 11913, 203
2026/10/02 17:47:19.603, 0, 12288, 11913, 203
2026/10/02 17:47:19.810, 0, 12288, 11913, 203
2026/10/02 17:47:20.014, 0, 12288, 11913, 203
2026/10/02 17:47:20.219, 0, 12288, 11913, 203
2026/10/02 17:47:20.424, 0, 12288, 11913, 203
2026/10/02 17:47:20.631, 0, 12288, 11913, 203
2026/10/02 17:47:20.836, 0, 12288, 11913, 203
2026/10/02 17:47:21.039, 0, 12288, 11913, 203
2026/10/02 17:47:21.245, 0, 12288, 11913, 203
2026/10/02 17:47:21.451, 0, 12288, 11913, 203
2026/10/02 17:47:21.656, 0, 12288, 11913, 203
2026/10/02 17:47:21.860, 0, 12288, 11913, 203
2026/10/02 17:47:22.063, 0, 12288, 11913, 203
2026/10/02 17:47:22.266, 0, 12288, 11913, 203
2026/10/02 17:47:22.469, 0, 12288, 11913, 203
2026/10/02 17:47:22.671, 0, 12288, 11913, 203
2026/10/02 17:47:22.874, 0, 12288, 11913, 203
2026/10/02 17:47:23.077, 0, 12288, 11913, 203
2026/10/02 17:47:23.283, 0, 12288, 11913, 203
2026/10/02 17:47:23.487, 0, 12288, 11913, 203
2026/10/02 17:47:23.691, 0, 12288, 11913, 203
2026/10/02 17:47:23.895, 0, 12288, 11913, 203
2026/10/02 17:47:24.100, 0, 12288, 11913, 203
2026/10/02 17:47:24.305, 0, 12288, 11913, 203
2026/10/02 17:47:24.511, 0, 12288, 11913, 203
2026/10/02 17:47:24.714, 0, 12288, 11913, 203
2026/10/02 17:47:24.919, 0, 12288, 11913, 203
2026/10/02 17:47:25.123, 0, 12288, 11913, 203
2026/10/02 17:47:25.326, 0, 12288, 11913, 203
2026/10/02 17:47:25.527, 0, 12288, 11913, 203
2026/10/02 17:47:25.733, 0, 12288, 11913, 203
2026/10/02 17:47:25.935, 0, 12288, 11913, 203
2026/10/02 17:47:26.139, 0, 12288, 11913, 203
2026/10/02 17:47:26.344, 0, 12288, 11913, 203
2026/10/02 17:47:26.551, 0, 12288, 11913, 203
2026/10/02 17:47:26.758, 0, 12288, 11913, 203
2026/10/02 17:47:26.963, 0, 12288, 11913, 203
2026/10/02 17:47:27.170, 0, 12288, 11913, 203
2026/10/02 17:47:27.373, 0, 12288, 11913, 203
2026/10/02 17:47:27.577, 0, 12288, 11913, 203
2026/10/02 17:47:27.780, 0, 12288, 11913, 203
2026/10/02 17:47:27.996, 0, 12288, 11913, 203
2026/10/02 17:47:28.198, 0, 12288, 11913, 203
2026/10/02 17:47:28.403, 0, 12288, 11913, 203
2026/10/02 17:47:28.619, 0, 12288, 11913, 203
2026/10/02 17:47:28.822, 0, 12288, 11913, 203
2026/10/02 17:47:29.027, 0, 12288, 11913, 203
2026/10/02 17:47:29.231, 0, 12288, 11913, 203
2026/10/02 17:47:29.437, 0, 12288, 11913, 203
2026/10/02 17:47:29.642, 0, 12288, 11913, 203
2026/10/02 17:47:29.848, 0, 12288, 11913, 203
2026/10/02 17:47:30.053, 0, 12288, 11913, 203
2026/10/02 17:47:30.258, 0, 12288, 11913, 203
2026/10/02 17:47:30.462, 0, 12288, 11913, 203
2026/10/02 17:47:30.666, 0, 12288, 11913, 203
2026/10/02 17:47:30.871, 0, 12288, 11913, 203
2026/10/02 17:47:31.074, 0, 12288, 11913, 203
2026/10/02 17:47:31.278, 0, 12288, 11913, 203
2026/10/02 17:47:31.483, 0, 12288, 11913, 203
2026/10/02 17:47:31.687, 0, 12288, 11913, 203
2026/10/02 17:47:31.887, 0, 12288, 11913, 203
2026/10/02 17:47:32.092, 0, 12288, 11913, 203
2026/10/02 17:47:32.297, 0, 12288, 11913, 203
2026/10/02 17:47:32.499, 0, 12288, 11913, 203
2026/10/02 17:47:32.703, 0, 12288, 11913, 203
2026/10/02 17:47:32.919, 0, 12288, 11913, 203
2026/10/02 17:47:33.122, 0, 12288, 11913, 203
2026/10/02 17:47:33.327, 0, 12288, 11913, 203
2026/10/02 17:47:33.542, 0, 12288, 11913, 203
2026/10/02 17:47:33.746, 0, 12288, 11913, 203
2026/10/02 17:47:33.950, 0, 12288, 11913, 203
2026/10/02 17:47:34.153, 0, 12288, 11913, 203
2026/10/02 17:47:34.359, 0, 12288, 11913, 203
2026/10/02 17:47:34.562, 0, 12288, 11913, 203
2026/10/02 17:47:34.768, 0, 12288, 11913, 203
2026/10/02 17:47:34.969, 0, 12288, 11913, 203
2026/10/02 17:47:35.172, 0, 12288, 11913, 203
2026/10/02 17:47:35.379, 0, 12288, 11913, 203
2026/10/02 17:47:35.579, 0, 12288, 11913, 203
2026/10/02 17:47:35.785, 0, 12288, 11913, 203
2026/10/02 17:47:35.990, 0, 12288, 11913, 203
2026/10/02 17:47:36.195, 0, 12288, 11913, 203
2026/10/02 17:47:36.400, 0, 12288, 11913, 203
2026/10/02 17:47:36.606, 0, 12288, 11913, 203
2026/10/02 17:47:36.810, 0, 12288, 11913, 203
2026/10/02 17:47:37.012, 0, 12288, 11913, 203
2026/10/02 17:47:37.217, 0, 12288, 11913, 203
2026/10/02 17:47:37.421, 0, 12288, 11913, 203
2026/10/02 17:47:37.625, 0, 12288, 11913, 203
2026/10/02 17:47:37.831, 0, 12288, 11913, 203
2026/10/02 17:47:38.035, 0, 12288, 11913, 203
2026/10/02 17:47:38.239, 0, 12288, 11913, 203
2026/10/02 17:47:38.447, 0, 12288, 11913, 203
2026/10/02 17:47:38.650, 0, 12288, 11913, 203
2026/10/02 17:47:38.856, 0, 12288, 11913, 203
2026/10/02 17:47:39.059, 0, 12288, 11913, 203
2026/10/02 17:47:39.264, 0, 12288, 11913, 203
2026/10/02 17:47:39.470, 0, 12288, 11913, 203
2026/10/02 17:47:39.675, 0, 12288, 11913, 203
2026/10/02 17:47:39.880, 0, 12288, 11913, 203
2026/10/02 17:47:40.083, 0, 12288, 11913, 203
2026/10/02 17:47:40.288, 0, 12288, 11913, 203
2026/10/02 17:47:40.494, 0, 12288, 11913, 203
2026/10/02 17:47:40.696, 0, 12288, 11913, 203
2026/10/02 17:47:40.902, 0, 12288, 11913, 203
2026/10/02 17:47:41.106, 0, 12288, 11913, 203
2026/10/02 17:47:41.309, 0, 12288, 11913, 203
2026/10/02 17:47:41.514, 0, 12288, 11913, 203
2026/10/02 17:47:41.718, 0, 12288, 11913, 203
2026/10/02 17:47:41.922, 0, 12288, 11913, 203
2026/10/02 17:47:42.126, 0, 12288, 11913, 203
2026/10/02 17:47:42.331, 0, 12288, 11914, 202
2026/10/02 17:47:42.560, 0, 12288, 11914, 202
2026/10/02 17:47:42.771, 0, 12288, 11914, 202
2026/10/02 17:47:42.976, 0, 12288, 11914, 202
2026/10/02 17:47:43.182, 0, 12288, 11914, 202
2026/10/02 17:47:43.389, 0, 12288, 11914, 202
2026/10/02 17:47:43.592, 0, 12288, 11914, 202
2026/10/02 17:47:43.795, 0, 12288, 11914, 202
2026/10/02 17:47:43.997, 0, 12288, 11914, 202
2026/10/02 17:47:44.198, 0, 12288, 11914, 202
2026/10/02 17:47:44.403, 0, 12288, 11914, 202
2026/10/02 17:47:44.605, 0, 12288, 11914, 202
2026/10/02 17:47:44.809, 0, 12288, 11914, 202
2026/10/02 17:47:45.014, 0, 12288, 11914, 202
2026/10/02 17:47:45.217, 0, 12288, 11914, 202
2026/10/02 17:47:45.422, 0, 12288, 11914, 202
2026/10/02 17:47:45.627, 0, 12288, 11914, 202
2026/10/02 17:47:45.832, 0, 12288, 11914, 202
2026/10/02 17:47:46.038, 0, 12288, 11914, 202
2026/10/02 17:47:46.241, 0, 12288, 11914, 202
2026/10/02 17:47:46.448, 0, 12288, 11914, 202
2026/10/02 17:47:46.653, 0, 12288, 11914, 202
2026/10/02 17:47:46.857, 0, 12288, 11914, 202
2026/10/02 17:47:47.060, 0, 12288, 11914, 202
2026/10/02 17:47:47.266, 0, 12288, 11914, 202
2026/10/02 17:47:47.468, 0, 12288, 11914, 202
2026/10/02 17:47:47.673, 0, 12288, 11914, 202
2026/10/02 17:47:47.879, 0, 12288, 11914, 202
2026/10/02 17:47:48.084, 0, 12288, 11914, 202
2026/10/02 17:47:48.289, 0, 12288, 11914, 202
2026/10/02 17:47:48.493, 0, 12288, 11914, 202
2026/10/02 17:47:48.697, 0, 12288, 11914, 202
2026/10/02 17:47:48.901, 0, 12288, 11914, 202
2026/10/02 17:47:49.107, 0, 12288, 11914, 202
2026/10/02 17:47:49.310, 0, 12288, 11914, 202
2026/10/02 17:47:49.514, 0, 12288, 11914, 202
2026/10/02 17:47:49.719, 0, 12288, 11914, 202
2026/10/02 17:47:49.923, 0, 12288, 11914, 202
2026/10/02 17:47:50.129, 0, 12288, 11914, 202
2026/10/02 17:47:50.333, 0, 12288, 11914, 202
2026/10/02 17:47:50.537, 0, 12288, 11914, 202
2026/10/02 17:47:50.741, 0, 12288, 11914, 202
2026/10/02 17:47:50.945, 0, 12288, 11914, 202
2026/10/02 17:47:51.149, 0, 12288, 11914, 202
2026/10/02 17:47:51.353, 0, 12288, 11914, 202
2026/10/02 17:47:51.560, 0, 12288, 11914, 202
2026/10/02 17:47:51.763, 0, 12288, 11914, 202
2026/10/02 17:47:51.967, 0, 12288, 11914, 202
2026/10/02 17:47:52.171, 0, 12288, 11914, 202
2026/10/02 17:47:52.372, 0, 12288, 11914, 202
2026/10/02 17:47:52.577, 0, 12288, 11914, 202
2026/10/02 17:47:52.782, 0, 12288, 11914, 202
2026/10/02 17:47:52.994, 0, 12288, 11914, 202
2026/10/02 17:47:53.206, 0, 12288, 11914, 202
2026/10/02 17:47:53.411, 0, 12288, 11914, 202
2026/10/02 17:47:53.617, 0, 12288, 11914, 202
2026/10/02 17:47:53.824, 0, 12288, 11914, 202
2026/10/02 17:47:54.029, 0, 12288, 11914, 202
2026/10/02 17:47:54.230, 0, 12288, 11918, 198
2026/10/02 17:47:54.435, 0, 12288, 11918, 198
2026/10/02 17:47:54.637, 0, 12288, 11918, 198
2026/10/02 17:47:54.843, 0, 12288, 11918, 198
2026/10/02 17:47:55.057, 0, 12288, 11918, 198
2026/10/02 17:47:55.266, 0, 12288, 11918, 198
2026/10/02 17:47:55.482, 0, 12288, 11918, 198
2026/10/02 17:47:55.683, 0, 12288, 11918, 198
2026/10/02 17:47:55.888, 0, 12288, 11918, 198
2026/10/02 17:47:56.093, 0, 12288, 11918, 198
2026/10/02 17:47:56.298, 0, 12288, 11918, 198
2026/10/02 17:47:56.504, 0, 12288, 11914, 202
2026/10/02 17:47:56.709, 0, 12288, 11914, 202
2026/10/02 17:47:56.912, 0, 12288, 11914, 202
2026/10/02 17:47:57.120, 0, 12288, 11914, 202
2026/10/02 17:47:57.324, 0, 12288, 11914, 202
2026/10/02 17:47:57.529, 0, 12288, 11914, 202
2026/10/02 17:47:57.732, 0, 12288, 11914, 202
2026/10/02 17:47:57.936, 0, 12288, 11914, 202
2026/10/02 17:47:58.139, 0, 12288, 11914, 202
2026/10/02 17:47:58.345, 0, 12288, 11914, 202
2026/10/02 17:47:58.549, 0, 12288, 11914, 202
2026/10/02 17:47:58.755, 0, 12288, 11920, 196
2026/10/02 17:47:58.967, 0, 12288, 11922, 194
2026/10/02 17:47:59.171, 0, 12288, 11922, 194
2026/10/02 17:47:59.372, 0, 12288, 11922, 194
2026/10/02 17:47:59.575, 0, 12288, 11922, 194
2026/10/02 17:47:59.778, 0, 12288, 11922, 194
2026/10/02 17:47:59.982, 0, 12288, 11923, 193
2026/10/02 17:48:00.185, 0, 12288, 11923, 193
2026/10/02 17:48:00.387, 0, 12288, 11923, 193
2026/10/02 17:48:00.592, 0, 12288, 11923, 193
2026/10/02 17:48:00.798, 0, 12288, 11914, 202
2026/10/02 17:48:01.000, 0, 12288, 11914, 202
2026/10/02 17:48:01.216, 0, 12288, 11914, 202
2026/10/02 17:48:01.419, 0, 12288, 11914, 202
2026/10/02 17:48:01.623, 0, 12288, 11914, 202
2026/10/02 17:48:01.825, 0, 12288, 11914, 202
2026/10/02 17:48:02.032, 0, 12288, 11914, 202
2026/10/02 17:48:02.233, 0, 12288, 11914, 202
2026/10/02 17:48:02.449, 0, 12288, 11914, 202
2026/10/02 17:48:02.654, 0, 12288, 11914, 202
2026/10/02 17:48:02.860, 0, 12288, 11914, 202
2026/10/02 17:48:03.063, 0, 12288, 11914, 202
2026/10/02 17:48:03.269, 0, 12288, 11914, 202
2026/10/02 17:48:03.476, 0, 12288, 11914, 202
2026/10/02 17:48:03.682, 0, 12288, 11914, 202
2026/10/02 17:48:03.886, 0, 12288, 11914, 202
2026/10/02 17:48:04.090, 0, 12288, 11918, 198
2026/10/02 17:48:04.295, 0, 12288, 11918, 198
2026/10/02 17:48:04.501, 0, 12288, 11918, 198
2026/10/02 17:48:04.706, 0, 12288, 11918, 198
2026/10/02 17:48:04.911, 0, 12288, 11918, 198
2026/10/02 17:48:05.116, 0, 12288, 11918, 198
2026/10/02 17:48:05.320, 0, 12288, 11918, 198
2026/10/02 17:48:05.525, 0, 12288, 11918, 198
2026/10/02 17:48:05.729, 0, 12288, 11918, 198
2026/10/02 17:48:05.932, 0, 12288, 11918, 198
2026/10/02 17:48:06.137, 0, 12288, 11918, 198
2026/10/02 17:48:06.345, 0, 12288, 11918, 198
2026/10/02 17:48:06.548, 0, 12288, 11914, 202
2026/10/02 17:48:06.753, 0, 12288, 11914, 202
2026/10/02 17:48:06.956, 0, 12288, 11914, 202
2026/10/02 17:48:07.162, 0, 12288, 11914, 202
2026/10/02 17:48:07.365, 0, 12288, 11914, 202
2026/10/02 17:48:07.571, 0, 12288, 11914, 202
2026/10/02 17:48:07.774, 0, 12288, 11914, 202
2026/10/02 17:48:07.979, 0, 12288, 11914, 202
2026/10/02 17:48:08.184, 0, 12288, 11914, 202
2026/10/02 17:48:08.388, 0, 12288, 11914, 202
2026/10/02 17:48:08.593, 0, 12288, 11914, 202
2026/10/02 17:48:08.794, 0, 12288, 11914, 202
2026/10/02 17:48:08.999, 0, 12288, 11914, 202
2026/10/02 17:48:09.205, 0, 12288, 11914, 202
2026/10/02 17:48:09.410, 0, 12288, 11914, 202
2026/10/02 17:48:09.612, 0, 12288, 11914, 202
2026/10/02 17:48:09.819, 0, 12288, 11914, 202
2026/10/02 17:48:10.022, 0, 12288, 11914, 202
2026/10/02 17:48:10.228, 0, 12288, 11914, 202
2026/10/02 17:48:10.434, 0, 12288, 11914, 202
2026/10/02 17:48:10.639, 0, 12288, 11914, 202
2026/10/02 17:48:10.845, 0, 12288, 11914, 202
2026/10/02 17:48:11.049, 0, 12288, 11914, 202
2026/10/02 17:48:11.254, 0, 12288, 11914, 202
2026/10/02 17:48:11.460, 0, 12288, 11914, 202
2026/10/02 17:48:11.664, 0, 12288, 11914, 202
2026/10/02 17:48:11.869, 0, 12288, 11914, 202
2026/10/02 17:48:12.075, 0, 12288, 11914, 202
2026/10/02 17:48:12.278, 0, 12288, 11914, 202
2026/10/02 17:48:12.483, 0, 12288, 11914, 202
2026/10/02 17:48:12.687, 0, 12288, 11914, 202
2026/10/02 17:48:12.891, 0, 12288, 11914, 202
2026/10/02 17:48:13.094, 0, 12288, 11914, 202
2026/10/02 17:48:13.301, 0, 12288, 11914, 202
2026/10/02 17:48:13.507, 0, 12288, 11914, 202
2026/10/02 17:48:13.713, 0, 12288, 11914, 202
2026/10/02 17:48:13.918, 0, 12288, 11914, 202
2026/10/02 17:48:14.123, 0, 12288, 11914, 202
2026/10/02 17:48:14.328, 0, 12288, 11914, 202
2026/10/02 17:48:14.532, 0, 12288, 11914, 202
2026/10/02 17:48:14.735, 0, 12288, 11914, 202
2026/10/02 17:48:14.940, 0, 12288, 11914, 202
2026/10/02 17:48:15.147, 0, 12288, 11914, 202
2026/10/02 17:48:15.350, 0, 12288, 11914, 202
2026/10/02 17:48:15.554, 0, 12288, 11914, 202
2026/10/02 17:48:15.758, 0, 12288, 11914, 202
2026/10/02 17:48:15.963, 0, 12288, 11914, 202
2026/10/02 17:48:16.164, 0, 12288, 11914, 202
2026/10/02 17:48:16.370, 0, 12288, 11914, 202
2026/10/02 17:48:16.574, 0, 12288, 11914, 202
2026/10/02 17:48:16.778, 0, 12288, 11914, 202
2026/10/02 17:48:16.983, 0, 12288, 11914, 202
2026/10/02 17:48:17.188, 0, 12288, 11914, 202
2026/10/02 17:48:17.393, 0, 12288, 11913, 203
2026/10/02 17:48:17.598, 0, 12288, 11913, 203
2026/10/02 17:48:17.803, 0, 12288, 11913, 203
2026/10/02 17:48:18.008, 0, 12288, 11913, 203
2026/10/02 17:48:18.215, 0, 12288, 11913, 203
2026/10/02 17:48:18.418, 0, 12288, 11913, 203
2026/10/02 17:48:18.624, 0, 12288, 11913, 203
2026/10/02 17:48:18.830, 0, 12288, 11913, 203
2026/10/02 17:48:19.034, 0, 12288, 11913, 203
2026/10/02 17:48:19.240, 0, 12288, 11913, 203
2026/10/02 17:48:19.446, 0, 12288, 11913, 203
2026/10/02 17:48:19.651, 0, 12288, 11913, 203
2026/10/02 17:48:19.856, 0, 12288, 11913, 203
2026/10/02 17:48:20.062, 0, 12288, 11913, 203
2026/10/02 17:48:20.267, 0, 12288, 11913, 203
2026/10/02 17:48:20.472, 0, 12288, 11913, 203
2026/10/02 17:48:20.678, 0, 12288, 11913, 203
2026/10/02 17:48:20.882, 0, 12288, 11913, 203
2026/10/02 17:48:21.087, 0, 12288, 11913, 203
2026/10/02 17:48:21.292, 0, 12288, 11913, 203
2026/10/02 17:48:21.497, 0, 12288, 11913, 203
2026/10/02 17:48:21.701, 0, 12288, 11913, 203
2026/10/02 17:48:21.907, 0, 12288, 11913, 203
2026/10/02 17:48:22.111, 0, 12288, 11913, 203
2026/10/02 17:48:22.317, 0, 12288, 11913, 203
2026/10/02 17:48:22.522, 0, 12288, 11913, 203
2026/10/02 17:48:22.727, 0, 12288, 11913, 203
2026/10/02 17:48:22.934, 0, 12288, 11913, 203
2026/10/02 17:48:23.140, 0, 12288, 11913, 203
2026/10/02 17:48:23.346, 0, 12288, 11913, 203
2026/10/02 17:48:23.551, 0, 12288, 11913, 203
2026/10/02 17:48:23.757, 0, 12288, 11913, 203
2026/10/02 17:48:23.961, 0, 12288, 11913, 203
2026/10/02 17:48:24.167, 0, 12288, 11913, 203
2026/10/02 17:48:24.373, 0, 12288, 11913, 203
2026/10/02 17:48:24.577, 0, 12288, 11913, 203
2026/10/02 17:48:24.781, 0, 12288, 11913, 203
2026/10/02 17:48:24.986, 0, 12288, 11913, 203
2026/10/02 17:48:25.191, 0, 12288, 11906, 210
2026/10/02 17:48:25.396, 0, 12288, 11906, 210
2026/10/02 17:48:25.601, 0, 12288, 11906, 210
2026/10/02 17:48:25.807, 0, 12288, 11906, 210
2026/10/02 17:48:26.010, 0, 12288, 11906, 210
2026/10/02 17:48:26.216, 0, 12288, 11906, 210
2026/10/02 17:48:26.421, 0, 12288, 11906, 210
2026/10/02 17:48:26.626, 0, 12288, 11906, 210
2026/10/02 17:48:26.827, 0, 12288, 11906, 210
2026/10/02 17:48:27.031, 0, 12288, 11906, 210
2026/10/02 17:48:27.237, 0, 12288, 11906, 210
2026/10/02 17:48:27.441, 0, 12288, 11906, 210
2026/10/02 17:48:27.647, 0, 12288, 11906, 210
2026/10/02 17:48:27.854, 0, 12288, 11906, 210
2026/10/02 17:48:28.061, 0, 12288, 11906, 210
2026/10/02 17:48:28.268, 0, 12288, 11906, 210
2026/10/02 17:48:28.472, 0, 12288, 11906, 210
2026/10/02 17:48:28.677, 0, 12288, 11906, 210
2026/10/02 17:48:28.883, 0, 12288, 11906, 210
2026/10/02 17:48:29.087, 0, 12288, 11906, 210
2026/10/02 17:48:29.294, 0, 12288, 11906, 210
2026/10/02 17:48:29.499, 0, 12288, 11906, 210
2026/10/02 17:48:29.703, 0, 12288, 11906, 210
2026/10/02 17:48:29.908, 0, 12288, 11906, 210
2026/10/02 17:48:30.114, 0, 12288, 11906, 210
2026/10/02 17:48:30.320, 0, 12288, 11906, 210
2026/10/02 17:48:30.525, 0, 12288, 11906, 210
2026/10/02 17:48:30.731, 0, 12288, 11906, 210
2026/10/02 17:48:30.935, 0, 12288, 11906, 210
2026/10/02 17:48:31.142, 0, 12288, 11906, 210
2026/10/02 17:48:31.346, 0, 12288, 11906, 210
2026/10/02 17:48:31.551, 0, 12288, 11906, 210
2026/10/02 17:48:31.754, 0, 12288, 11906, 210
2026/10/02 17:48:31.959, 0, 12288, 11906, 210
2026/10/02 17:48:32.163, 0, 12288, 11906, 210
2026/10/02 17:48:32.368, 0, 12288, 11906, 210
2026/10/02 17:48:32.573, 0, 12288, 11906, 210
2026/10/02 17:48:32.778, 0, 12288, 11906, 210
2026/10/02 17:48:32.981, 0, 12288, 11906, 210
2026/10/02 17:48:33.186, 0, 12288, 11906, 210
2026/10/02 17:48:33.391, 0, 12288, 11906, 210
2026/10/02 17:48:33.597, 0, 12288, 11906, 210
2026/10/02 17:48:33.803, 0, 12288, 11906, 210
2026/10/02 17:48:34.007, 0, 12288, 11906, 210
2026/10/02 17:48:34.212, 0, 12288, 11906, 210
2026/10/02 17:48:34.417, 0, 12288, 11906, 210
2026/10/02 17:48:34.622, 0, 12288, 11906, 210
2026/10/02 17:48:34.827, 0, 12288, 11906, 210
2026/10/02 17:48:35.033, 0, 12288, 11906, 210
2026/10/02 17:48:35.238, 0, 12288, 11906, 210
2026/10/02 17:48:35.443, 0, 12288, 11906, 210
2026/10/02 17:48:35.649, 0, 12288, 11906, 210
2026/10/02 17:48:35.854, 0, 12288, 11906, 210
2026/10/02 17:48:36.060, 0, 12288, 11906, 210
2026/10/02 17:48:36.266, 0, 12288, 11906, 210
2026/10/02 17:48:36.470, 0, 12288, 11906, 210
2026/10/02 17:48:36.674, 0, 12288, 11906, 210
2026/10/02 17:48:36.883, 0, 12288, 11906, 210
2026/10/02 17:48:37.085, 0, 12288, 11906, 210
2026/10/02 17:48:37.291, 0, 12288, 11906, 210
2026/10/02 17:48:37.495, 0, 12288, 11906, 210
2026/10/02 17:48:37.701, 0, 12288, 11906, 210
2026/10/02 17:48:37.907, 0, 12288, 11906, 210
2026/10/02 17:48:38.111, 0, 12288, 11906, 210
2026/10/02 17:48:38.315, 0, 12288, 11906, 210
2026/10/02 17:48:38.518, 0, 12288, 11906, 210
2026/10/02 17:48:38.722, 0, 12288, 11906, 210
2026/10/02 17:48:38.927, 0, 12288, 11906, 210
2026/10/02 17:48:39.132, 0, 12288, 11906, 210
2026/10/02 17:48:39.337, 0, 12288, 11906, 210
2026/10/02 17:48:39.542, 0, 12288, 11906, 210
2026/10/02 17:48:39.746, 0, 12288, 11906, 210
2026/10/02 17:48:39.950, 0, 12288, 11906, 210
2026/10/02 17:48:40.155, 0, 12288, 11906, 210
2026/10/02 17:48:40.361, 0, 12288, 11906, 210
2026/10/02 17:48:40.565, 0, 12288, 11906, 210
2026/10/02 17:48:40.769, 0, 12288, 11906, 210
2026/10/02 17:48:40.974, 0, 12288, 11906, 210
2026/10/02 17:48:41.180, 0, 12288, 11906, 210
2026/10/02 17:48:41.385, 0, 12288, 11906, 210
2026/10/02 17:48:41.591, 0, 12288, 11906, 210
2026/10/02 17:48:41.797, 0, 12288, 11906, 210
2026/10/02 17:48:42.002, 0, 12288, 11906, 210
2026/10/02 17:48:42.207, 0, 12288, 11906, 210
2026/10/02 17:48:42.413, 0, 12288, 11906, 210
2026/10/02 17:48:42.619, 0, 12288, 11906, 210
2026/10/02 17:48:42.826, 0, 12288, 11906, 210
2026/10/02 17:48:43.033, 0, 12288, 11906, 210
2026/10/02 17:48:43.239, 0, 12288, 11906, 210
2026/10/02 17:48:43.444, 0, 12288, 11906, 210
2026/10/02 17:48:43.649, 0, 12288, 11906, 210
2026/10/02 17:48:43.856, 0, 12288, 11906, 210
2026/10/02 17:48:44.062, 0, 12288, 11906, 210
2026/10/02 17:48:44.266, 0, 12288, 11906, 210
2026/10/02 17:48:44.471, 0, 12288, 11906, 210
2026/10/02 17:48:44.675, 0, 12288, 11906, 210
2026/10/02 17:48:44.881, 0, 12288, 11906, 210
2026/10/02 17:48:45.087, 0, 12288, 11906, 210
2026/10/02 17:48:45.293, 0, 12288, 11906, 210
2026/10/02 17:48:45.496, 0, 12288, 11906, 210
2026/10/02 17:48:45.701, 0, 12288, 11906, 210
2026/10/02 17:48:45.905, 0, 12288, 11906, 210
2026/10/02 17:48:46.109, 0, 12288, 11906, 210
2026/10/02 17:48:46.315, 0, 12288, 11906, 210
2026/10/02 17:48:46.519, 0, 12288, 11906, 210
2026/10/02 17:48:46.724, 0, 12288, 11906, 210
2026/10/02 17:48:46.930, 0, 12288, 11906, 210
2026/10/02 17:48:47.134, 0, 12288, 11906, 210
2026/10/02 17:48:47.339, 0, 12288, 11906, 210
2026/10/02 17:48:47.545, 0, 12288, 11906, 210
2026/10/02 17:48:47.749, 0, 12288, 11906, 210
2026/10/02 17:48:47.955, 0, 12288, 11906, 210
2026/10/02 17:48:48.161, 0, 12288, 11906, 210
2026/10/02 17:48:48.366, 0, 12288, 11906, 210
2026/10/02 17:48:48.571, 0, 12288, 11906, 210
2026/10/02 17:48:48.781, 0, 12288, 11906, 210
2026/10/02 17:48:48.984, 0, 12288, 11906, 210
2026/10/02 17:48:49.189, 0, 12288, 11906, 210
2026/10/02 17:48:49.395, 0, 12288, 11906, 210
2026/10/02 17:48:49.600, 0, 12288, 11906, 210
2026/10/02 17:48:49.807, 0, 12288, 11906, 210
2026/10/02 17:48:50.012, 0, 12288, 11906, 210
2026/10/02 17:48:50.214, 0, 12288, 11906, 210
2026/10/02 17:48:50.420, 0, 12288, 11906, 210
2026/10/02 17:48:50.624, 0, 12288, 11906, 210
2026/10/02 17:48:50.829, 0, 12288, 11906, 210
2026/10/02 17:48:51.035, 0, 12288, 11906, 210
2026/10/02 17:48:51.240, 0, 12288, 11906, 210
2026/10/02 17:48:51.444, 0, 12288, 11906, 210
2026/10/02 17:48:51.649, 0, 12288, 11906, 210
2026/10/02 17:48:51.855, 0, 12288, 11906, 210
2026/10/02 17:48:52.060, 0, 12288, 11906, 210
2026/10/02 17:48:52.267, 0, 12288, 11906, 210
2026/10/02 17:48:52.472, 0, 12288, 11906, 210
2026/10/02 17:48:52.676, 0, 12288, 11906, 210
2026/10/02 17:48:52.883, 0, 12288, 11906, 210
2026/10/02 17:48:53.088, 0, 12288, 11906, 210
2026/10/02 17:48:53.293, 0, 12288, 11906, 210
2026/10/02 17:48:53.498, 0, 12288, 11906, 210
2026/10/02 17:48:53.705, 0, 12288, 11906, 210
2026/10/02 17:48:53.911, 0, 12288, 11906, 210
2026/10/02 17:48:54.114, 0, 12288, 11906, 210
2026/10/02 17:48:54.321, 0, 12288, 11906, 210
2026/10/02 17:48:54.524, 0, 12288, 11906, 210
2026/10/02 17:48:54.728, 0, 12288, 11906, 210
2026/10/02 17:48:54.936, 0, 12288, 11906, 210
2026/10/02 17:48:55.141, 0, 12288, 11906, 210
2026/10/02 17:48:55.347, 0, 12288, 11906, 210
2026/10/02 17:48:55.550, 0, 12288, 11906, 210
2026/10/02 17:48:55.755, 0, 12288, 11906, 210
2026/10/02 17:48:55.961, 0, 12288, 11906, 210
2026/10/02 17:48:56.167, 0, 12288, 11906, 210
2026/10/02 17:48:56.373, 0, 12288, 11906, 210
2026/10/02 17:48:56.580, 0, 12288, 11906, 210
2026/10/02 17:48:56.785, 0, 12288, 11906, 210
2026/10/02 17:48:56.991, 0, 12288, 11906, 210
2026/10/02 17:48:57.198, 0, 12288, 11906, 210
2026/10/02 17:48:57.404, 0, 12288, 11906, 210
2026/10/02 17:48:57.609, 0, 12288, 11906, 210
2026/10/02 17:48:57.814, 0, 12288, 11906, 210
2026/10/02 17:48:58.019, 0, 12288, 11906, 210
2026/10/02 17:48:58.224, 0, 12288, 11906, 210
2026/10/02 17:48:58.430, 0, 12288, 11906, 210
2026/10/02 17:48:58.634, 0, 12288, 11906, 210
2026/10/02 17:48:58.839, 0, 12288, 11906, 210
2026/10/02 17:48:59.045, 0, 12288, 11906, 210
2026/10/02 17:48:59.250, 0, 12288, 11906, 210
2026/10/02 17:48:59.455, 0, 12288, 11906, 210
2026/10/02 17:48:59.661, 0, 12288, 11906, 210
2026/10/02 17:48:59.866, 0, 12288, 11906, 210
2026/10/02 17:49:00.070, 0, 12288, 11906, 210
2026/10/02 17:49:00.276, 0, 12288, 11906, 210
2026/10/02 17:49:00.480, 0, 12288, 11906, 210
2026/10/02 17:49:00.685, 0, 12288, 11906, 210
2026/10/02 17:49:00.891, 0, 12288, 11906, 210
2026/10/02 17:49:01.095, 0, 12288, 11906, 210
2026/10/02 17:49:01.301, 0, 12288, 11906, 210
2026/10/02 17:49:01.507, 0, 12288, 11906, 210
2026/10/02 17:49:01.711, 0, 12288, 11906, 210
2026/10/02 17:49:01.917, 0, 12288, 11906, 210
2026/10/02 17:49:02.121, 0, 12288, 11906, 210
2026/10/02 17:49:02.328, 0, 12288, 11906, 210
2026/10/02 17:49:02.532, 0, 12288, 11906, 210
2026/10/02 17:49:02.737, 0, 12288, 11906, 210
2026/10/02 17:49:02.940, 0, 12288, 11906, 210
2026/10/02 17:49:03.146, 0, 12288, 11906, 210
2026/10/02 17:49:03.352, 0, 12288, 11906, 210
2026/10/02 17:49:03.556, 0, 12288, 11906, 210
2026/10/02 17:49:03.762, 0, 12288, 11906, 210
2026/10/02 17:49:03.967, 0, 12288, 11906, 210
2026/10/02 17:49:04.171, 0, 12288, 11906, 210
2026/10/02 17:49:04.375, 0, 12288, 11906, 210
2026/10/02 17:49:04.580, 0, 12288, 11906, 210
2026/10/02 17:49:04.785, 0, 12288, 11906, 210
2026/10/02 17:49:04.988, 0, 12288, 11906, 210
2026/10/02 17:49:05.192, 0, 12288, 11906, 210
2026/10/02 17:49:05.937, 0, 12288, 11906, 210
2026/10/02 17:49:06.143, 0, 12288, 11906, 210
2026/10/02 17:49:06.346, 0, 12288, 11906, 210
2026/10/02 17:49:06.550, 0, 12288, 11906, 210
2026/10/02 17:49:06.756, 0, 12288, 11906, 210
2026/10/02 17:49:06.960, 0, 12288, 11906, 210
2026/10/02 17:49:07.164, 0, 12288, 11906, 210
2026/10/02 17:49:07.367, 0, 12288, 11906, 210
2026/10/02 17:49:07.572, 0, 12288, 11906, 210
2026/10/02 17:49:07.777, 0, 12288, 11906, 210
2026/10/02 17:49:07.982, 0, 12288, 11906, 210
2026/10/02 17:49:08.187, 0, 12288, 11906, 210
2026/10/02 17:49:08.391, 0, 12288, 11906, 210
2026/10/02 17:49:08.594, 0, 12288, 11906, 210
2026/10/02 17:49:08.797, 0, 12288, 11906, 210
2026/10/02 17:49:09.001, 0, 12288, 11906, 210
2026/10/02 17:49:09.205, 0, 12288, 11906, 210
2026/10/02 17:49:09.410, 0, 12288, 11906, 210
2026/10/02 17:49:09.615, 0, 12288, 11906, 210
2026/10/02 17:49:09.820, 0, 12288, 11906, 210
2026/10/02 17:49:10.027, 0, 12288, 11906, 210
2026/10/02 17:49:10.232, 0, 12288, 11906, 210
2026/10/02 17:49:10.435, 0, 12288, 11906, 210
2026/10/02 17:49:10.639, 0, 12288, 11906, 210
2026/10/02 17:49:10.846, 0, 12288, 11906, 210
2026/10/02 17:49:11.049, 0, 12288, 11906, 210
2026/10/02 17:49:11.255, 0, 12288, 11906, 210
2026/10/02 17:49:11.462, 0, 12288, 11906, 210
2026/10/02 17:49:11.666, 0, 12288, 11906, 210
2026/10/02 17:49:11.870, 0, 12288, 11906, 210
2026/10/02 17:49:12.075, 0, 12288, 11906, 210
2026/10/02 17:49:12.280, 0, 12288, 11906, 210
2026/10/02 17:49:12.486, 0, 12288, 11906, 210
2026/10/02 17:49:12.693, 0, 12288, 11906, 210
2026/10/02 17:49:12.897, 0, 12288, 11906, 210
2026/10/02 17:49:13.103, 0, 12288, 11906, 210
2026/10/02 17:49:13.307, 0, 12288, 11906, 210
2026/10/02 17:49:13.512, 0, 12288, 11906, 210
2026/10/02 17:49:13.715, 0, 12288, 11906, 210
2026/10/02 17:49:13.920, 0, 12288, 11906, 210
2026/10/02 17:49:14.124, 0, 12288, 11906, 210
2026/10/02 17:49:14.331, 0, 12288, 11906, 210
2026/10/02 17:49:14.537, 0, 12288, 11906, 210
2026/10/02 17:49:14.743, 0, 12288, 11906, 210
2026/10/02 17:49:14.949, 0, 12288, 11906, 210
2026/10/02 17:49:15.153, 0, 12288, 11906, 210
2026/10/02 17:49:15.358, 0, 12288, 11906, 210
2026/10/02 17:49:15.563, 0, 12288, 11906, 210
2026/10/02 17:49:15.770, 0, 12288, 11906, 210
2026/10/02 17:49:15.977, 0, 12288, 11906, 210
2026/10/02 17:49:16.182, 0, 12288, 11906, 210
2026/10/02 17:49:16.387, 0, 12288, 11906, 210
2026/10/02 17:49:16.594, 0, 12288, 11906, 210
2026/10/02 17:49:16.798, 0, 12288, 11906, 210
2026/10/02 17:49:17.004, 0, 12288, 11906, 210
2026/10/02 17:49:17.210, 0, 12288, 11906, 210
2026/10/02 17:49:17.416, 0, 12288, 11906, 210
2026/10/02 17:49:17.621, 0, 12288, 11906, 210
2026/10/02 17:49:17.827, 0, 12288, 11906, 210
2026/10/02 17:49:18.031, 0, 12288, 11906, 210
2026/10/02 17:49:18.237, 0, 12288, 11906, 210
2026/10/02 17:49:18.443, 0, 12288, 11906, 210
2026/10/02 17:49:18.646, 0, 12288, 11906, 210
2026/10/02 17:49:18.851, 0, 12288, 11906, 210
2026/10/02 17:49:19.057, 0, 12288, 11906, 210
2026/10/02 17:49:19.262, 0, 12288, 11906, 210
2026/10/02 17:49:19.467, 0, 12288, 11906, 210
2026/10/02 17:49:19.672, 0, 12288, 11906, 210
2026/10/02 17:49:19.877, 0, 12288, 11906, 210
2026/10/02 17:49:20.082, 0, 12288, 11906, 210
2026/10/02 17:49:20.287, 0, 12288, 11906, 210
2026/10/02 17:49:20.492, 0, 12288, 11906, 210
2026/10/02 17:49:20.696, 0, 12288, 11906, 210
2026/10/02 17:49:20.901, 0, 12288, 11906, 210
2026/10/02 17:49:21.104, 0, 12288, 11906, 210
2026/10/02 17:49:21.309, 0, 12288, 11906, 210
2026/10/02 17:49:21.514, 0, 12288, 11906, 210
2026/10/02 17:49:21.720, 0, 12288, 11906, 210
2026/10/02 17:49:21.924, 0, 12288, 11906, 210
2026/10/02 17:49:22.127, 0, 12288, 11906, 210
2026/10/02 17:49:22.332, 0, 12288, 11906, 210
2026/10/02 17:49:22.537, 0, 12288, 11906, 210
2026/10/02 17:49:22.741, 0, 12288, 11906, 210
2026/10/02 17:49:22.945, 0, 12288, 11906, 210
2026/10/02 17:49:23.151, 0, 12288, 11906, 210
2026/10/02 17:49:23.356, 0, 12288, 11906, 210
2026/10/02 17:49:23.561, 0, 12288, 11906, 210
2026/10/02 17:49:23.767, 0, 12288, 11906, 210
2026/10/02 17:49:23.973, 0, 12288, 11906, 210
2026/10/02 17:49:24.180, 0, 12288, 11906, 210
2026/10/02 17:49:24.386, 0, 12288, 11906, 210
2026/10/02 17:49:24.592, 0, 12288, 11906, 210
2026/10/02 17:49:24.797, 0, 12288, 11906, 210
2026/10/02 17:49:25.002, 0, 12288, 11906, 210
2026/10/02 17:49:25.209, 0, 12288, 11906, 210
2026/10/02 17:49:25.414, 0, 12288, 11906, 210
2026/10/02 17:49:25.619, 0, 12288, 11906, 210
2026/10/02 17:49:25.825, 0, 12288, 11906, 210
2026/10/02 17:49:26.030, 0, 12288, 11906, 210
2026/10/02 17:49:26.236, 0, 12288, 11906, 210
2026/10/02 17:49:26.441, 0, 12288, 11906, 210
2026/10/02 17:49:26.645, 0, 12288, 11906, 210
2026/10/02 17:49:26.851, 0, 12288, 11906, 210
2026/10/02 17:49:27.055, 0, 12288, 11906, 210
2026/10/02 17:49:27.259, 0, 12288, 11906, 210
2026/10/02 17:49:27.463, 0, 12288, 11906, 210
2026/10/02 17:49:27.668, 0, 12288, 11906, 210
2026/10/02 17:49:27.875, 0, 12288, 11906, 210
2026/10/02 17:49:28.079, 0, 12288, 11906, 210
2026/10/02 17:49:28.285, 0, 12288, 11906, 210
2026/10/02 17:49:28.490, 0, 12288, 11906, 210
2026/10/02 17:49:28.696, 0, 12288, 11906, 210
2026/10/02 17:49:28.899, 0, 12288, 11906, 210
2026/10/02 17:49:29.104, 0, 12288, 11906, 210
2026/10/02 17:49:29.309, 0, 12288, 11906, 210
2026/10/02 17:49:29.515, 0, 12288, 11906, 210
2026/10/02 17:49:29.718, 0, 12288, 11906, 210
2026/10/02 17:49:29.923, 0, 12288, 11906, 210
2026/10/02 17:49:30.128, 0, 12288, 11906, 210
2026/10/02 17:49:30.333, 0, 12288, 11906, 210
2026/10/02 17:49:30.539, 0, 12288, 11906, 210
2026/10/02 17:49:30.745, 0, 12288, 11906, 210
2026/10/02 17:49:30.950, 0, 12288, 11906, 210
2026/10/02 17:49:31.155, 0, 12288, 11906, 210
2026/10/02 17:49:31.360, 0, 12288, 11906, 210
2026/10/02 17:49:31.564, 0, 12288, 11906, 210
2026/10/02 17:49:31.768, 0, 12288, 11906, 210
2026/10/02 17:49:31.973, 0, 12288, 11906, 210
2026/10/02 17:49:32.177, 0, 12288, 11906, 210
2026/10/02 17:49:32.381, 0, 12288, 11906, 210
2026/10/02 17:49:32.586, 0, 12288, 11906, 210
2026/10/02 17:49:32.792, 0, 12288, 11906, 210
2026/10/02 17:49:32.996, 0, 12288, 11906, 210
2026/10/02 17:49:33.201, 0, 12288, 11906, 210
2026/10/02 17:49:33.405, 0, 12288, 11906, 210
2026/10/02 17:49:33.610, 0, 12288, 11906, 210
2026/10/02 17:49:33.815, 0, 12288, 11906, 210
2026/10/02 17:49:34.018, 0, 12288, 11906, 210
2026/10/02 17:49:34.223, 0, 12288, 11906, 210
2026/10/02 17:49:34.428, 0, 12288, 11906, 210
2026/10/02 17:49:34.634, 0, 12288, 11906, 210
2026/10/02 17:49:34.839, 0, 12288, 11906, 210
2026/10/02 17:49:35.044, 0, 12288, 11906, 210
2026/10/02 17:49:35.250, 0, 12288, 11906, 210
2026/10/02 17:49:35.457, 0, 12288, 11906, 210
2026/10/02 17:49:35.663, 0, 12288, 11906, 210
2026/10/02 17:49:35.869, 0, 12288, 11906, 210
2026/10/02 17:49:36.072, 0, 12288, 11906, 210
2026/10/02 17:49:36.277, 0, 12288, 11906, 210
2026/10/02 17:49:36.481, 0, 12288, 11906, 210
2026/10/02 17:49:36.686, 0, 12288, 11906, 210
2026/10/02 17:49:36.891, 0, 12288, 11906, 210
2026/10/02 17:49:37.096, 0, 12288, 11906, 210
2026/10/02 17:49:37.304, 0, 12288, 11906, 210
2026/10/02 17:49:37.509, 0, 12288, 11906, 210
2026/10/02 17:49:37.714, 0, 12288, 11906, 210
2026/10/02 17:49:37.921, 0, 12288, 11906, 210
2026/10/02 17:49:38.546, 0, 12288, 11906, 210
2026/10/02 17:49:38.757, 0, 12288, 11906, 210
2026/10/02 17:49:38.964, 0, 12288, 11906, 210
2026/10/02 17:49:39.169, 0, 12288, 11906, 210
2026/10/02 17:49:39.376, 0, 12288, 11906, 210
2026/10/02 17:49:39.581, 0, 12288, 11906, 210
2026/10/02 17:49:39.786, 0, 12288, 11906, 210
2026/10/02 17:49:39.989, 0, 12288, 11906, 210
2026/10/02 17:49:40.193, 0, 12288, 11906, 210
2026/10/02 17:49:40.398, 0, 12288, 11906, 210
2026/10/02 17:49:40.604, 0, 12288, 11906, 210
2026/10/02 17:49:40.811, 0, 12288, 11906, 210
2026/10/02 17:49:41.014, 0, 12288, 11906, 210
2026/10/02 17:49:41.217, 0, 12288, 11906, 210
2026/10/02 17:49:41.424, 0, 12288, 11906, 210
2026/10/02 17:49:41.629, 0, 12288, 11906, 210
2026/10/02 17:49:41.834, 0, 12288, 11906, 210
2026/10/02 17:49:42.042, 0, 12288, 11906, 210
2026/10/02 17:49:42.244, 0, 12288, 11906, 210
2026/10/02 17:49:42.449, 0, 12288, 11906, 210
2026/10/02 17:49:42.653, 0, 12288, 11906, 210
2026/10/02 17:49:42.858, 0, 12288, 11906, 210
2026/10/02 17:49:43.062, 0, 12288, 11906, 210
2026/10/02 17:49:43.269, 0, 12288, 11906, 210
2026/10/02 17:49:43.474, 0, 12288, 11906, 210
2026/10/02 17:49:43.681, 0, 12288, 11906, 210
2026/10/02 17:49:43.886, 0, 12288, 11906, 210
2026/10/02 17:49:44.090, 0, 12288, 11906, 210
2026/10/02 17:49:44.295, 0, 12288, 11906, 210
2026/10/02 17:49:44.501, 0, 12288, 11906, 210
2026/10/02 17:49:44.707, 0, 12288, 11906, 210
2026/10/02 17:49:44.913, 0, 12288, 11906, 210
2026/10/02 17:49:45.118, 0, 12288, 11906, 210
2026/10/02 17:49:45.325, 0, 12288, 11906, 210
2026/10/02 17:49:45.530, 0, 12288, 11906, 210
2026/10/02 17:49:45.736, 0, 12288, 11906, 210
2026/10/02 17:49:45.943, 0, 12288, 11906, 210
2026/10/02 17:49:46.149, 0, 12288, 11906, 210
2026/10/02 17:49:46.353, 0, 12288, 11906, 210
2026/10/02 17:49:46.558, 0, 12288, 11906, 210
2026/10/02 17:49:46.763, 0, 12288, 11906, 210
2026/10/02 17:49:46.968, 0, 12288, 11906, 210
2026/10/02 17:49:47.175, 0, 12288, 11906, 210
2026/10/02 17:49:47.382, 0, 12288, 11906, 210
2026/10/02 17:49:47.586, 0, 12288, 11906, 210
2026/10/02 17:49:47.790, 0, 12288, 11906, 210
2026/10/02 17:49:47.996, 0, 12288, 11906, 210
2026/10/02 17:49:48.200, 0, 12288, 11906, 210
2026/10/02 17:49:48.405, 0, 12288, 11906, 210
2026/10/02 17:49:48.610, 0, 12288, 11906, 210
2026/10/02 17:49:48.815, 0, 12288, 11906, 210
2026/10/02 17:49:49.019, 0, 12288, 11906, 210
2026/10/02 17:49:49.225, 0, 12288, 11906, 210
2026/10/02 17:49:49.428, 0, 12288, 11906, 210
2026/10/02 17:49:49.631, 0, 12288, 11906, 210
2026/10/02 17:49:49.837, 0, 12288, 11906, 210
2026/10/02 17:49:50.041, 0, 12288, 11906, 210
2026/10/02 17:49:50.245, 0, 12288, 11906, 210
2026/10/02 17:49:50.449, 0, 12288, 11906, 210
2026/10/02 17:49:50.655, 0, 12288, 11906, 210
2026/10/02 17:49:50.861, 0, 12288, 11906, 210
2026/10/02 17:49:51.066, 0, 12288, 11906, 210
2026/10/02 17:49:51.273, 0, 12288, 11906, 210
2026/10/02 17:49:51.478, 0, 12288, 11906, 210
2026/10/02 17:49:51.682, 0, 12288, 11906, 210
2026/10/02 17:49:51.886, 0, 12288, 11906, 210
2026/10/02 17:49:52.092, 0, 12288, 11906, 210
2026/10/02 17:49:52.298, 0, 12288, 11906, 210
2026/10/02 17:49:52.504, 0, 12288, 11906, 210
2026/10/02 17:49:52.710, 0, 12288, 11906, 210
2026/10/02 17:49:52.914, 0, 12288, 11906, 210
2026/10/02 17:49:53.121, 0, 12288, 11906, 210
2026/10/02 17:49:53.329, 0, 12288, 11906, 210
2026/10/02 17:49:53.535, 0, 12288, 11906, 210
2026/10/02 17:49:53.741, 0, 12288, 11906, 210
2026/10/02 17:49:53.945, 0, 12288, 11906, 210
2026/10/02 17:49:54.150, 0, 12288, 11906, 210
2026/10/02 17:49:54.354, 0, 12288, 11906, 210
2026/10/02 17:49:54.562, 0, 12288, 11906, 210
2026/10/02 17:49:54.767, 0, 12288, 11906, 210
2026/10/02 17:49:54.971, 0, 12288, 11906, 210
2026/10/02 17:49:55.175, 0, 12288, 11906, 210
2026/10/02 17:49:55.383, 0, 12288, 11906, 210
2026/10/02 17:49:55.588, 0, 12288, 11906, 210
2026/10/02 17:49:55.795, 0, 12288, 11906, 210
2026/10/02 17:49:56.001, 0, 12288, 11906, 210
2026/10/02 17:49:56.206, 0, 12288, 11906, 210
2026/10/02 17:49:56.412, 0, 12288, 11906, 210
2026/10/02 17:49:56.619, 0, 12288, 11906, 210
2026/10/02 17:49:56.824, 0, 12288, 11906, 210
2026/10/02 17:49:57.029, 0, 12288, 11906, 210
2026/10/02 17:49:57.235, 0, 12288, 11906, 210
2026/10/02 17:49:57.440, 0, 12288, 11906, 210
2026/10/02 17:49:57.646, 0, 12288, 11906, 210
2026/10/02 17:49:57.851, 0, 12288, 11906, 210
2026/10/02 17:49:58.056, 0, 12288, 11906, 210
2026/10/02 17:49:58.262, 0, 12288, 11906, 210
2026/10/02 17:49:58.466, 0, 12288, 11906, 210
2026/10/02 17:49:58.670, 0, 12288, 11906, 210
2026/10/02 17:49:58.877, 0, 12288, 11906, 210
2026/10/02 17:49:59.082, 0, 12288, 11906, 210
2026/10/02 17:49:59.288, 0, 12288, 11906, 210
2026/10/02 17:49:59.493, 0, 12288, 11906, 210
2026/10/02 17:49:59.696, 0, 12288, 11906, 210
2026/10/02 17:49:59.900, 0, 12288, 11906, 210
2026/10/02 17:50:00.104, 0, 12288, 11906, 210
2026/10/02 17:50:00.308, 0, 12288, 11906, 210
2026/10/02 17:50:00.512, 0, 12288, 11906, 210
2026/10/02 17:50:00.718, 0, 12288, 11906, 210
2026/10/02 17:50:00.924, 0, 12288, 11906, 210
2026/10/02 17:50:01.129, 0, 12288, 11906, 210
2026/10/02 17:50:01.335, 0, 12288, 11906, 210
2026/10/02 17:50:01.540, 0, 12288, 11906, 210
2026/10/02 17:50:01.743, 0, 12288, 11906, 210
2026/10/02 17:50:01.947, 0, 12288, 11906, 210
2026/10/02 17:50:02.152, 0, 12288, 11906, 210
2026/10/02 17:50:02.356, 0, 12288, 11906, 210
2026/10/02 17:50:02.560, 0, 12288, 11906, 210
2026/10/02 17:50:02.764, 0, 12288, 11906, 210
2026/10/02 17:50:02.969, 0, 12288, 11906, 210
2026/10/02 17:50:03.174, 0, 12288, 11906, 210
2026/10/02 17:50:03.379, 0, 12288, 11906, 210
2026/10/02 17:50:03.584, 0, 12288, 11906, 210
2026/10/02 17:50:03.786, 0, 12288, 11906, 210
2026/10/02 17:50:03.990, 0, 12288, 11906, 210
2026/10/02 17:50:04.195, 0, 12288, 11906, 210
2026/10/02 17:50:04.401, 0, 12288, 11906, 210
2026/10/02 17:50:04.606, 0, 12288, 11906, 210
2026/10/02 17:50:04.811, 0, 12288, 11906, 210
2026/10/02 17:50:05.017, 0, 12288, 11906, 210
2026/10/02 17:50:05.379, 0, 12288, 11906, 210
2026/10/02 17:50:05.585, 0, 12288, 11906, 210
2026/10/02 17:50:05.791, 0, 12288, 11906, 210
2026/10/02 17:50:05.996, 0, 12288, 11906, 210
2026/10/02 17:50:06.201, 0, 12288, 11906, 210
2026/10/02 17:50:06.407, 0, 12288, 11906, 210
2026/10/02 17:50:06.611, 0, 12288, 11906, 210
2026/10/02 17:50:06.816, 0, 12288, 11906, 210
2026/10/02 17:50:07.021, 0, 12288, 11906, 210
2026/10/02 17:50:07.225, 0, 12288, 11906, 210
2026/10/02 17:50:07.432, 0, 12288, 11906, 210
2026/10/02 17:50:07.638, 0, 12288, 11906, 210
2026/10/02 17:50:07.844, 0, 12288, 11906, 210
2026/10/02 17:50:08.051, 0, 12288, 11906, 210
2026/10/02 17:50:08.256, 0, 12288, 11906, 210
2026/10/02 17:50:08.462, 0, 12288, 11906, 210
2026/10/02 17:50:08.668, 0, 12288, 11906, 210
2026/10/02 17:50:08.871, 0, 12288, 11906, 210
2026/10/02 17:50:09.073, 0, 12288, 11906, 210
2026/10/02 17:50:09.280, 0, 12288, 11906, 210
2026/10/02 17:50:09.486, 0, 12288, 11906, 210
2026/10/02 17:50:09.690, 0, 12288, 11906, 210
2026/10/02 17:50:09.896, 0, 12288, 11906, 210
2026/10/02 17:50:10.102, 0, 12288, 11906, 210
2026/10/02 17:50:10.307, 0, 12288, 11906, 210
2026/10/02 17:50:10.511, 0, 12288, 11906, 210
2026/10/02 17:50:10.717, 0, 12288, 11906, 210
2026/10/02 17:50:10.921, 0, 12288, 11906, 210
2026/10/02 17:50:11.126, 0, 12288, 11906, 210
2026/10/02 17:50:11.331, 0, 12288, 11906, 210
2026/10/02 17:50:11.536, 0, 12288, 11906, 210
2026/10/02 17:50:11.741, 0, 12288, 11906, 210
2026/10/02 17:50:11.946, 0, 12288, 11906, 210
2026/10/02 17:50:12.151, 0, 12288, 11906, 210
2026/10/02 17:50:12.358, 0, 12288, 11906, 210
2026/10/02 17:50:12.564, 0, 12288, 11906, 210
2026/10/02 17:50:12.769, 0, 12288, 11906, 210
2026/10/02 17:50:12.974, 0, 12288, 11906, 210
2026/10/02 17:50:13.178, 0, 12288, 11906, 210
2026/10/02 17:50:13.381, 0, 12288, 11906, 210
2026/10/02 17:50:13.587, 0, 12288, 11906, 210
2026/10/02 17:50:13.790, 0, 12288, 11906, 210
2026/10/02 17:50:13.995, 0, 12288, 11906, 210
2026/10/02 17:50:14.199, 0, 12288, 11906, 210
2026/10/02 17:50:14.406, 0, 12288, 11906, 210
2026/10/02 17:50:14.609, 0, 12288, 11906, 210
2026/10/02 17:50:14.814, 0, 12288, 11906, 210
2026/10/02 17:50:15.020, 0, 12288, 11906, 210
2026/10/02 17:50:15.225, 0, 12288, 11906, 210
2026/10/02 17:50:15.429, 0, 12288, 11906, 210
2026/10/02 17:50:15.634, 0, 12288, 11906, 210
2026/10/02 17:50:15.838, 0, 12288, 11906, 210
2026/10/02 17:50:16.044, 0, 12288, 11906, 210
2026/10/02 17:50:16.249, 0, 12288, 11906, 210
2026/10/02 17:50:16.453, 0, 12288, 11906, 210
2026/10/02 17:50:16.659, 0, 12288, 11906, 210
2026/10/02 17:50:16.864, 0, 12288, 11906, 210
2026/10/02 17:50:17.070, 0, 12288, 11906, 210
2026/10/02 17:50:17.276, 0, 12288, 11906, 210
2026/10/02 17:50:17.481, 0, 12288, 11906, 210
2026/10/02 17:50:17.686, 0, 12288, 11906, 210
2026/10/02 17:50:17.890, 0, 12288, 11906, 210
2026/10/02 17:50:18.097, 0, 12288, 11906, 210
2026/10/02 17:50:18.299, 0, 12288, 11906, 210
2026/10/02 17:50:18.505, 0, 12288, 11906, 210
2026/10/02 17:50:18.709, 0, 12288, 11906, 210
2026/10/02 17:50:18.915, 0, 12288, 11906, 210
2026/10/02 17:50:19.123, 0, 12288, 11906, 210
2026/10/02 17:50:19.329, 0, 12288, 11906, 210
2026/10/02 17:50:19.535, 0, 12288, 11906, 210
2026/10/02 17:50:19.740, 0, 12288, 11906, 210
2026/10/02 17:50:19.947, 0, 12288, 11906, 210
2026/10/02 17:50:20.156, 0, 12288, 11906, 210
2026/10/02 17:50:20.358, 0, 12288, 11906, 210
2026/10/02 17:50:20.562, 0, 12288, 11906, 210
2026/10/02 17:50:20.768, 0, 12288, 11906, 210
2026/10/02 17:50:20.974, 0, 12288, 11906, 210
2026/10/02 17:50:21.178, 0, 12288, 11906, 210
2026/10/02 17:50:21.383, 0, 12288, 11906, 210
2026/10/02 17:50:21.590, 0, 12288, 11906, 210
2026/10/02 17:50:21.793, 0, 12288, 11906, 210
2026/10/02 17:50:21.999, 0, 12288, 11906, 210
2026/10/02 17:50:22.203, 0, 12288, 11906, 210
2026/10/02 17:50:22.410, 0, 12288, 11906, 210
2026/10/02 17:50:22.615, 0, 12288, 11906, 210
2026/10/02 17:50:22.819, 0, 12288, 11906, 210
2026/10/02 17:50:23.020, 0, 12288, 11906, 210
2026/10/02 17:50:23.225, 0, 12288, 11906, 210
2026/10/02 17:50:23.431, 0, 12288, 11906, 210
2026/10/02 17:50:23.637, 0, 12288, 11906, 210
2026/10/02 17:50:23.843, 0, 12288, 11906, 210
2026/10/02 17:50:24.050, 0, 12288, 11906, 210
2026/10/02 17:50:24.255, 0, 12288, 11906, 210
2026/10/02 17:50:24.461, 0, 12288, 11906, 210
2026/10/02 17:50:24.668, 0, 12288, 11906, 210
2026/10/02 17:50:24.872, 0, 12288, 11906, 210
2026/10/02 17:50:25.077, 0, 12288, 11906, 210
2026/10/02 17:50:25.283, 0, 12288, 11906, 210
2026/10/02 17:50:25.490, 0, 12288, 11906, 210
2026/10/02 17:50:25.694, 0, 12288, 11906, 210
2026/10/02 17:50:25.900, 0, 12288, 11906, 210
2026/10/02 17:50:26.105, 0, 12288, 11906, 210
2026/10/02 17:50:26.310, 0, 12288, 11906, 210
2026/10/02 17:50:26.514, 0, 12288, 11906, 210
2026/10/02 17:50:26.720, 0, 12288, 11906, 210
2026/10/02 17:50:26.926, 0, 12288, 11906, 210
2026/10/02 17:50:27.130, 0, 12288, 11906, 210
2026/10/02 17:50:27.333, 0, 12288, 11906, 210
2026/10/02 17:50:27.538, 0, 12288, 11906, 210
2026/10/02 17:50:27.742, 0, 12288, 11906, 210
2026/10/02 17:50:27.946, 0, 12288, 11906, 210
2026/10/02 17:50:28.150, 0, 12288, 11906, 210
2026/10/02 17:50:28.356, 0, 12288, 11906, 210
2026/10/02 17:50:28.559, 0, 12288, 11906, 210
2026/10/02 17:50:28.764, 0, 12288, 11906, 210
2026/10/02 17:50:28.971, 0, 12288, 11906, 210
2026/10/02 17:50:29.177, 0, 12288, 11906, 210
2026/10/02 17:50:29.383, 0, 12288, 11906, 210
2026/10/02 17:50:29.587, 0, 12288, 11906, 210
2026/10/02 17:50:29.790, 0, 12288, 11906, 210
2026/10/02 17:50:29.995, 0, 12288, 11906, 210
2026/10/02 17:50:30.201, 0, 12288, 11906, 210
2026/10/02 17:50:30.406, 0, 12288, 11906, 210
2026/10/02 17:50:30.614, 0, 12288, 11906, 210
2026/10/02 17:50:30.818, 0, 12288, 11906, 210
2026/10/02 17:50:31.024, 0, 12288, 11906, 210
2026/10/02 17:50:31.230, 0, 12288, 11906, 210
2026/10/02 17:50:31.434, 0, 12288, 11906, 210
2026/10/02 17:50:31.638, 0, 12288, 11906, 210
2026/10/02 17:50:31.845, 0, 12288, 11906, 210
2026/10/02 17:50:32.049, 0, 12288, 11906, 210
2026/10/02 17:50:32.254, 0, 12288, 11906, 210
2026/10/02 17:50:32.459, 0, 12288, 11906, 210
2026/10/02 17:50:32.663, 0, 12288, 11906, 210
2026/10/02 17:50:32.869, 0, 12288, 11906, 210
2026/10/02 17:50:33.075, 0, 12288, 11906, 210
2026/10/02 17:50:33.280, 0, 12288, 11906, 210
2026/10/02 17:50:33.487, 0, 12288, 11906, 210
2026/10/02 17:50:33.691, 0, 12288, 11906, 210
2026/10/02 17:50:33.896, 0, 12288, 11906, 210
2026/10/02 17:50:34.102, 0, 12288, 11906, 210
2026/10/02 17:50:34.308, 0, 12288, 11906, 210
2026/10/02 17:50:34.513, 0, 12288, 11906, 210
2026/10/02 17:50:34.717, 0, 12288, 11906, 210
2026/10/02 17:50:34.921, 0, 12288, 11906, 210
2026/10/02 17:50:35.127, 0, 12288, 11906, 210
2026/10/02 17:50:35.333, 0, 12288, 11906, 210
2026/10/02 17:50:35.539, 0, 12288, 11906, 210
2026/10/02 17:50:35.744, 0, 12288, 11906, 210
2026/10/02 17:50:35.947, 0, 12288, 11906, 210
2026/10/02 17:50:36.152, 0, 12288, 11906, 210
2026/10/02 17:50:36.357, 0, 12288, 11906, 210
2026/10/02 17:50:36.563, 0, 12288, 11906, 210
2026/10/02 17:50:36.769, 0, 12288, 11906, 210
2026/10/02 17:50:36.971, 0, 12288, 11906, 210
2026/10/02 17:50:37.176, 0, 12288, 11906, 210
2026/10/02 17:50:37.380, 0, 12288, 11906, 210
2026/10/02 17:50:37.583, 0, 12288, 11906, 210
2026/10/02 17:50:37.788, 0, 12288, 11906, 210
2026/10/02 17:50:37.993, 0, 12288, 11906, 210
2026/10/02 17:50:38.197, 0, 12288, 11906, 210
2026/10/02 17:50:38.403, 0, 12288, 11906, 210
2026/10/02 17:50:38.605, 0, 12288, 11906, 210
2026/10/02 17:50:38.810, 0, 12288, 11906, 210
2026/10/02 17:50:39.014, 0, 12288, 11906, 210
2026/10/02 17:50:39.217, 0, 12288, 11906, 210
2026/10/02 17:50:39.420, 0, 12288, 11906, 210
2026/10/02 17:50:39.626, 0, 12288, 11906, 210
2026/10/02 17:50:39.832, 0, 12288, 11906, 210
2026/10/02 17:50:40.035, 0, 12288, 11906, 210
2026/10/02 17:50:40.239, 0, 12288, 11906, 210
2026/10/02 17:50:40.443, 0, 12288, 11906, 210
2026/10/02 17:50:40.646, 0, 12288, 11906, 210
2026/10/02 17:50:40.850, 0, 12288, 11906, 210
2026/10/02 17:50:41.057, 0, 12288, 11906, 210
2026/10/02 17:50:41.261, 0, 12288, 11906, 210
2026/10/02 17:50:41.467, 0, 12288, 11906, 210
2026/10/02 17:50:41.669, 0, 12288, 11906, 210
2026/10/02 17:50:41.871, 0, 12288, 11906, 210
2026/10/02 17:50:42.076, 0, 12288, 11906, 210
2026/10/02 17:50:42.279, 0, 12288, 11906, 210
2026/10/02 17:50:42.482, 0, 12288, 11906, 210
2026/10/02 17:50:42.685, 0, 12288, 11906, 210
2026/10/02 17:50:42.889, 0, 12288, 11906, 210
2026/10/02 17:50:43.093, 0, 12288, 11906, 210
2026/10/02 17:50:43.298, 0, 12288, 11906, 210
2026/10/02 17:50:43.502, 0, 12288, 11906, 210
2026/10/02 17:50:43.707, 0, 12288, 11906, 210
2026/10/02 17:50:43.911, 0, 12288, 11906, 210
2026/10/02 17:50:44.116, 0, 12288, 11906, 210
2026/10/02 17:50:44.322, 0, 12288, 11906, 210
2026/10/02 17:50:44.527, 0, 12288, 11906, 210
2026/10/02 17:50:44.733, 0, 12288, 11906, 210
2026/10/02 17:50:44.937, 0, 12288, 11906, 210
2026/10/02 17:50:45.143, 0, 12288, 11906, 210
2026/10/02 17:50:45.348, 0, 12288, 11906, 210
2026/10/02 17:50:45.550, 0, 12288, 11906, 210
2026/10/02 17:50:45.756, 0, 12288, 11906, 210
2026/10/02 17:50:45.958, 0, 12288, 11906, 210
2026/10/02 17:50:46.165, 0, 12288, 11906, 210
2026/10/02 17:50:46.368, 0, 12288, 11906, 210
2026/10/02 17:50:46.574, 0, 12288, 11906, 210
2026/10/02 17:50:46.778, 0, 12288, 11906, 210
2026/10/02 17:50:46.980, 0, 12288, 11906, 210
2026/10/02 17:50:47.185, 0, 12288, 11906, 210
2026/10/02 17:50:47.389, 0, 12288, 11906, 210
2026/10/02 17:50:47.595, 0, 12288, 11906, 210
2026/10/02 17:50:47.800, 0, 12288, 11906, 210
2026/10/02 17:50:48.003, 0, 12288, 11906, 210
2026/10/02 17:50:48.209, 0, 12288, 11906, 210
2026/10/02 17:50:48.414, 0, 12288, 11906, 210
2026/10/02 17:50:48.619, 0, 12288, 11906, 210
2026/10/02 17:50:48.838, 0, 12288, 11906, 210
2026/10/02 17:50:49.041, 0, 12288, 11906, 210
2026/10/02 17:50:49.245, 0, 12288, 11906, 210
2026/10/02 17:50:49.449, 0, 12288, 11906, 210
2026/10/02 17:50:49.654, 0, 12288, 11906, 210
2026/10/02 17:50:49.859, 0, 12288, 11906, 210
2026/10/02 17:50:50.064, 0, 12288, 11906, 210
2026/10/02 17:50:50.396, 0, 12288, 11906, 210
2026/10/02 17:50:50.599, 0, 12288, 11906, 210
2026/10/02 17:50:50.803, 0, 12288, 11906, 210
2026/10/02 17:50:51.009, 0, 12288, 11906, 210
2026/10/02 17:50:51.214, 0, 12288, 11906, 210
2026/10/02 17:50:51.416, 0, 12288, 11906, 210
2026/10/02 17:50:51.622, 0, 12288, 11906, 210
2026/10/02 17:50:51.827, 0, 12288, 11906, 210
2026/10/02 17:50:52.029, 0, 12288, 11906, 210
2026/10/02 17:50:52.235, 0, 12288, 11906, 210
2026/10/02 17:50:52.440, 0, 12288, 11906, 210
2026/10/02 17:50:52.645, 0, 12288, 11906, 210
2026/10/02 17:50:52.848, 0, 12288, 11906, 210
2026/10/02 17:50:53.053, 0, 12288, 11906, 210
2026/10/02 17:50:53.258, 0, 12288, 11906, 210
2026/10/02 17:50:53.464, 0, 12288, 11906, 210
2026/10/02 17:50:53.669, 0, 12288, 11906, 210
2026/10/02 17:50:53.873, 0, 12288, 11906, 210
2026/10/02 17:50:54.079, 0, 12288, 11906, 210
2026/10/02 17:50:54.285, 0, 12288, 11906, 210
2026/10/02 17:50:54.490, 0, 12288, 11906, 210
2026/10/02 17:50:54.694, 0, 12288, 11906, 210
2026/10/02 17:50:54.898, 0, 12288, 11906, 210
2026/10/02 17:50:55.104, 0, 12288, 11906, 210
2026/10/02 17:50:55.310, 0, 12288, 11906, 210
2026/10/02 17:50:55.514, 0, 12288, 11906, 210
2026/10/02 17:50:55.719, 0, 12288, 11906, 210
2026/10/02 17:50:55.925, 0, 12288, 11906, 210
2026/10/02 17:50:56.131, 0, 12288, 11906, 210
2026/10/02 17:50:56.337, 0, 12288, 11906, 210
2026/10/02 17:50:56.540, 0, 12288, 11906, 210
2026/10/02 17:50:56.744, 0, 12288, 11906, 210
2026/10/02 17:50:56.950, 0, 12288, 11906, 210
2026/10/02 17:50:57.157, 0, 12288, 11906, 210
2026/10/02 17:50:57.358, 0, 12288, 11906, 210
2026/10/02 17:50:57.563, 0, 12288, 11906, 210
2026/10/02 17:50:57.770, 0, 12288, 11906, 210
2026/10/02 17:50:57.978, 0, 12288, 11906, 210
2026/10/02 17:50:58.180, 0, 12288, 11906, 210
2026/10/02 17:50:58.386, 0, 12288, 11906, 210
2026/10/02 17:50:58.598, 0, 12288, 11906, 210
2026/10/02 17:50:58.812, 0, 12288, 11906, 210
2026/10/02 17:50:59.018, 0, 12288, 11906, 210
2026/10/02 17:50:59.224, 0, 12288, 11906, 210
2026/10/02 17:50:59.429, 0, 12288, 11906, 210
2026/10/02 17:50:59.634, 0, 12288, 11906, 210
2026/10/02 17:50:59.841, 0, 12288, 11906, 210
2026/10/02 17:51:00.045, 0, 12288, 11906, 210
2026/10/02 17:51:00.252, 0, 12288, 11906, 210
2026/10/02 17:51:00.455, 0, 12288, 11906, 210
2026/10/02 17:51:00.658, 0, 12288, 11906, 210
2026/10/02 17:51:00.862, 0, 12288, 11906, 210
2026/10/02 17:51:01.067, 0, 12288, 11906, 210
2026/10/02 17:51:01.273, 0, 12288, 11906, 210
2026/10/02 17:51:01.477, 0, 12288, 11906, 210
2026/10/02 17:51:01.682, 0, 12288, 11906, 210
2026/10/02 17:51:01.886, 0, 12288, 11906, 210
2026/10/02 17:51:02.091, 0, 12288, 11913, 203
2026/10/02 17:51:02.295, 0, 12288, 11913, 203
2026/10/02 17:51:02.499, 0, 12288, 11913, 203
2026/10/02 17:51:02.702, 0, 12288, 11913, 203
2026/10/02 17:51:02.909, 0, 12288, 11913, 203
2026/10/02 17:51:03.111, 0, 12288, 11913, 203
2026/10/02 17:51:03.315, 0, 12288, 11913, 203
2026/10/02 17:51:03.518, 0, 12288, 11913, 203
2026/10/02 17:51:03.722, 0, 12288, 11913, 203
2026/10/02 17:51:03.926, 0, 12288, 11916, 200
2026/10/02 17:51:04.133, 0, 12288, 11916, 200
2026/10/02 17:51:04.338, 0, 12288, 11916, 200
2026/10/02 17:51:04.544, 0, 12288, 11916, 200
2026/10/02 17:51:04.747, 0, 12288, 11916, 200
2026/10/02 17:51:04.953, 0, 12288, 11916, 200
2026/10/02 17:51:05.157, 0, 12288, 11905, 211
2026/10/02 17:51:05.362, 0, 12288, 11905, 211
2026/10/02 17:51:05.566, 0, 12288, 11905, 211
2026/10/02 17:51:05.772, 0, 12288, 11905, 211
2026/10/02 17:51:05.977, 0, 12288, 11905, 211
2026/10/02 17:51:06.180, 0, 12288, 11905, 211
2026/10/02 17:51:06.386, 0, 12288, 11905, 211
2026/10/02 17:51:06.591, 0, 12288, 11905, 211
2026/10/02 17:51:06.796, 0, 12288, 11905, 211
2026/10/02 17:51:07.001, 0, 12288, 11905, 211
2026/10/02 17:51:07.207, 0, 12288, 11905, 211
2026/10/02 17:51:07.411, 0, 12288, 11905, 211
2026/10/02 17:51:07.617, 0, 12288, 11905, 211
2026/10/02 17:51:07.822, 0, 12288, 11905, 211
2026/10/02 17:51:08.027, 0, 12288, 11905, 211
2026/10/02 17:51:08.232, 0, 12288, 11905, 211
2026/10/02 17:51:08.436, 0, 12288, 11905, 211
2026/10/02 17:51:08.640, 0, 12288, 11905, 211
2026/10/02 17:51:08.845, 0, 12288, 11905, 211
2026/10/02 17:51:09.051, 0, 12288, 11905, 211
2026/10/02 17:51:09.255, 0, 12288, 11905, 211
2026/10/02 17:51:09.460, 0, 12288, 11905, 211
2026/10/02 17:51:09.666, 0, 12288, 11905, 211
2026/10/02 17:51:09.872, 0, 12288, 11905, 211
2026/10/02 17:51:10.077, 0, 12288, 11905, 211
2026/10/02 17:51:10.282, 0, 12288, 11905, 211
2026/10/02 17:51:10.488, 0, 12288, 11905, 211
2026/10/02 17:51:10.692, 0, 12288, 11905, 211
2026/10/02 17:51:10.899, 0, 12288, 11905, 211
2026/10/02 17:51:11.103, 0, 12288, 11905, 211
2026/10/02 17:51:11.309, 0, 12288, 11905, 211
2026/10/02 17:51:11.512, 0, 12288, 11905, 211
2026/10/02 17:51:11.717, 0, 12288, 11905, 211
2026/10/02 17:51:11.924, 0, 12288, 11905, 211
2026/10/02 17:51:12.128, 0, 12288, 11905, 211
2026/10/02 17:51:12.334, 0, 12288, 11905, 211
2026/10/02 17:51:12.538, 0, 12288, 11905, 211
2026/10/02 17:51:12.743, 0, 12288, 11905, 211
2026/10/02 17:51:12.948, 0, 12288, 11905, 211
2026/10/02 17:51:13.152, 0, 12288, 11905, 211
2026/10/02 17:51:13.912, 0, 12288, 11905, 211
2026/10/02 17:51:14.116, 0, 12288, 11905, 211
2026/10/02 17:51:14.321, 0, 12288, 11905, 211
2026/10/02 17:51:14.527, 0, 12288, 11905, 211
2026/10/02 17:51:14.734, 0, 12288, 11905, 211
2026/10/02 17:51:14.940, 0, 12288, 11905, 211
2026/10/02 17:51:15.146, 0, 12288, 11905, 211
2026/10/02 17:51:15.351, 0, 12288, 11905, 211
2026/10/02 17:51:15.555, 0, 12288, 11905, 211
2026/10/02 17:51:15.760, 0, 12288, 11905, 211
2026/10/02 17:51:15.966, 0, 12288, 11905, 211
2026/10/02 17:51:16.172, 0, 12288, 11905, 211
2026/10/02 17:51:16.376, 0, 12288, 11905, 211
2026/10/02 17:51:16.582, 0, 12288, 11905, 211
2026/10/02 17:51:16.789, 0, 12288, 11905, 211
2026/10/02 17:51:16.994, 0, 12288, 11905, 211
2026/10/02 17:51:17.200, 0, 12288, 11905, 211
2026/10/02 17:51:17.405, 0, 12288, 11905, 211
2026/10/02 17:51:17.612, 0, 12288, 11905, 211
2026/10/02 17:51:17.817, 0, 12288, 11905, 211
2026/10/02 17:51:18.022, 0, 12288, 11905, 211
2026/10/02 17:51:18.227, 0, 12288, 11905, 211
2026/10/02 17:51:18.432, 0, 12288, 11905, 211
2026/10/02 17:51:18.636, 0, 12288, 11905, 211
2026/10/02 17:51:18.841, 0, 12288, 11905, 211
2026/10/02 17:51:19.047, 0, 12288, 11905, 211
2026/10/02 17:51:19.254, 0, 12288, 11905, 211
2026/10/02 17:51:19.459, 0, 12288, 11905, 211
2026/10/02 17:51:19.664, 0, 12288, 11905, 211
2026/10/02 17:51:19.869, 0, 12288, 11905, 211
2026/10/02 17:51:20.074, 0, 12288, 11905, 211
2026/10/02 17:51:20.279, 0, 12288, 11905, 211
2026/10/02 17:51:20.485, 0, 12288, 11905, 211
2026/10/02 17:51:20.691, 0, 12288, 11905, 211
2026/10/02 17:51:20.897, 0, 12288, 11905, 211
2026/10/02 17:51:21.103, 0, 12288, 11905, 211
2026/10/02 17:51:21.309, 0, 12288, 11905, 211
2026/10/02 17:51:21.513, 0, 12288, 11905, 211
2026/10/02 17:51:21.715, 0, 12288, 11905, 211
2026/10/02 17:51:21.921, 0, 12288, 11905, 211
2026/10/02 17:51:22.126, 0, 12288, 11905, 211
2026/10/02 17:51:22.329, 0, 12288, 11905, 211
2026/10/02 17:51:22.534, 0, 12288, 11905, 211
2026/10/02 17:51:22.740, 0, 12288, 11905, 211
2026/10/02 17:51:22.946, 0, 12288, 11905, 211
2026/10/02 17:51:23.151, 0, 12288, 11905, 211
2026/10/02 17:51:23.356, 0, 12288, 11905, 211
2026/10/02 17:51:23.561, 0, 12288, 11905, 211
2026/10/02 17:51:23.767, 0, 12288, 11905, 211
2026/10/02 17:51:23.972, 0, 12288, 11905, 211
2026/10/02 17:51:24.177, 0, 12288, 11905, 211
2026/10/02 17:51:24.380, 0, 12288, 11905, 211
2026/10/02 17:51:24.586, 0, 12288, 11905, 211
2026/10/02 17:51:24.792, 0, 12288, 11905, 211
2026/10/02 17:51:24.996, 0, 12288, 11905, 211
2026/10/02 17:51:25.201, 0, 12288, 11905, 211
2026/10/02 17:51:25.405, 0, 12288, 11905, 211
2026/10/02 17:51:25.611, 0, 12288, 11905, 211
2026/10/02 17:51:25.815, 0, 12288, 11905, 211
2026/10/02 17:51:26.023, 0, 12288, 11905, 211
2026/10/02 17:51:26.229, 0, 12288, 11905, 211
2026/10/02 17:51:26.434, 0, 12288, 11905, 211
2026/10/02 17:51:26.640, 0, 12288, 11905, 211
2026/10/02 17:51:26.843, 0, 12288, 11905, 211
2026/10/02 17:51:27.049, 0, 12288, 11905, 211
2026/10/02 17:51:27.253, 0, 12288, 11905, 211
2026/10/02 17:51:27.459, 0, 12288, 11905, 211
2026/10/02 17:51:27.663, 0, 12288, 11905, 211
2026/10/02 17:51:27.870, 0, 12288, 11905, 211
2026/10/02 17:51:28.075, 0, 12288, 11905, 211
2026/10/02 17:51:28.279, 0, 12288, 11905, 211
2026/10/02 17:51:28.485, 0, 12288, 11905, 211
2026/10/02 17:51:28.689, 0, 12288, 11905, 211
2026/10/02 17:51:28.895, 0, 12288, 11905, 211
2026/10/02 17:51:29.098, 0, 12288, 11905, 211
2026/10/02 17:51:29.304, 0, 12288, 11905, 211
2026/10/02 17:51:29.508, 0, 12288, 11905, 211
2026/10/02 17:51:29.728, 0, 12288, 11905, 211
2026/10/02 17:51:29.934, 0, 12288, 11905, 211
2026/10/02 17:51:30.140, 0, 12288, 11905, 211
2026/10/02 17:51:30.345, 0, 12288, 11905, 211
2026/10/02 17:51:30.550, 0, 12288, 11905, 211
2026/10/02 17:51:30.756, 0, 12288, 11905, 211
2026/10/02 17:51:30.960, 0, 12288, 11905, 211
2026/10/02 17:51:31.166, 0, 12288, 11905, 211
2026/10/02 17:51:31.370, 0, 12288, 11905, 211
2026/10/02 17:51:31.576, 0, 12288, 11905, 211
2026/10/02 17:51:31.780, 0, 12288, 11905, 211
2026/10/02 17:51:31.983, 0, 12288, 11905, 211
2026/10/02 17:51:32.187, 0, 12288, 11905, 211
2026/10/02 17:51:32.390, 0, 12288, 11905, 211
2026/10/02 17:51:32.595, 0, 12288, 11905, 211
2026/10/02 17:51:32.801, 0, 12288, 11905, 211
2026/10/02 17:51:33.008, 0, 12288, 11905, 211
2026/10/02 17:51:33.215, 0, 12288, 11905, 211
2026/10/02 17:51:33.418, 0, 12288, 11905, 211
2026/10/02 17:51:33.624, 0, 12288, 11905, 211
2026/10/02 17:51:33.827, 0, 12288, 11905, 211
2026/10/02 17:51:34.033, 0, 12288, 11905, 211
2026/10/02 17:51:34.239, 0, 12288, 11905, 211
2026/10/02 17:51:34.445, 0, 12288, 11905, 211
2026/10/02 17:51:34.651, 0, 12288, 11905, 211
2026/10/02 17:51:34.854, 0, 12288, 11905, 211
2026/10/02 17:51:35.059, 0, 12288, 11905, 211
2026/10/02 17:51:35.263, 0, 12288, 11905, 211
2026/10/02 17:51:35.467, 0, 12288, 11905, 211
2026/10/02 17:51:35.672, 0, 12288, 11905, 211
2026/10/02 17:51:35.876, 0, 12288, 11905, 211
2026/10/02 17:51:36.081, 0, 12288, 11905, 211
2026/10/02 17:51:36.286, 0, 12288, 11905, 211
2026/10/02 17:51:36.490, 0, 12288, 11905, 211
2026/10/02 17:51:36.693, 0, 12288, 11905, 211
2026/10/02 17:51:36.898, 0, 12288, 11905, 211
2026/10/02 17:51:37.102, 0, 12288, 11905, 211
2026/10/02 17:51:37.308, 0, 12288, 11905, 211
2026/10/02 17:51:37.514, 0, 12288, 11905, 211
2026/10/02 17:51:37.720, 0, 12288, 11905, 211
2026/10/02 17:51:37.925, 0, 12288, 11905, 211
2026/10/02 17:51:38.130, 0, 12288, 11905, 211
2026/10/02 17:51:38.335, 0, 12288, 11905, 211
2026/10/02 17:51:38.541, 0, 12288, 11905, 211
2026/10/02 17:51:38.746, 0, 12288, 11905, 211
2026/10/02 17:51:38.952, 0, 12288, 11905, 211
2026/10/02 17:51:39.156, 0, 12288, 11905, 211
2026/10/02 17:51:39.362, 0, 12288, 11905, 211
2026/10/02 17:51:39.567, 0, 12288, 11905, 211
2026/10/02 17:51:39.772, 0, 12288, 11905, 211
2026/10/02 17:51:39.976, 0, 12288, 11905, 211
2026/10/02 17:51:40.181, 0, 12288, 11905, 211
2026/10/02 17:51:40.385, 0, 12288, 11905, 211
2026/10/02 17:51:40.591, 0, 12288, 11905, 211
2026/10/02 17:51:40.796, 0, 12288, 11905, 211
2026/10/02 17:51:41.002, 0, 12288, 11905, 211
2026/10/02 17:51:41.206, 0, 12288, 11905, 211
2026/10/02 17:51:41.410, 0, 12288, 11905, 211
2026/10/02 17:51:41.616, 0, 12288, 11905, 211
2026/10/02 17:51:41.822, 0, 12288, 11905, 211
2026/10/02 17:51:42.029, 0, 12288, 11905, 211
2026/10/02 17:51:42.234, 0, 12288, 11905, 211
2026/10/02 17:51:42.438, 0, 12288, 11905, 211
2026/10/02 17:51:42.643, 0, 12288, 11905, 211
2026/10/02 17:51:42.848, 0, 12288, 11905, 211
2026/10/02 17:51:43.051, 0, 12288, 11905, 211
2026/10/02 17:51:43.257, 0, 12288, 11905, 211
2026/10/02 17:51:43.462, 0, 12288, 11905, 211
2026/10/02 17:51:43.669, 0, 12288, 11905, 211
2026/10/02 17:51:43.874, 0, 12288, 11905, 211
2026/10/02 17:51:44.079, 0, 12288, 11905, 211
2026/10/02 17:51:44.284, 0, 12288, 11905, 211
2026/10/02 17:51:44.490, 0, 12288, 11905, 211
2026/10/02 17:51:44.694, 0, 12288, 11905, 211
2026/10/02 17:51:44.899, 0, 12288, 11905, 211
2026/10/02 17:51:45.105, 0, 12288, 11905, 211
2026/10/02 17:51:45.308, 0, 12288, 11905, 211
2026/10/02 17:51:45.513, 0, 12288, 11905, 211
2026/10/02 17:51:45.718, 0, 12288, 11905, 211
2026/10/02 17:51:45.924, 0, 12288, 11905, 211
2026/10/02 17:51:46.129, 0, 12288, 11905, 211
2026/10/02 17:51:46.334, 0, 12288, 11905, 211
2026/10/02 17:51:46.539, 0, 12288, 11905, 211
2026/10/02 17:51:46.744, 0, 12288, 11905, 211
2026/10/02 17:51:46.947, 0, 12288, 11905, 211
2026/10/02 17:51:47.153, 0, 12288, 11905, 211
2026/10/02 17:51:47.357, 0, 12288, 11905, 211
2026/10/02 17:51:47.563, 0, 12288, 11905, 211
2026/10/02 17:51:47.767, 0, 12288, 11905, 211
2026/10/02 17:51:47.972, 0, 12288, 11905, 211
2026/10/02 17:51:48.177, 0, 12288, 11905, 211
2026/10/02 17:51:48.382, 0, 12288, 11905, 211
2026/10/02 17:51:48.586, 0, 12288, 11905, 211
2026/10/02 17:51:48.791, 0, 12288, 11905, 211
2026/10/02 17:51:48.994, 0, 12288, 11905, 211
2026/10/02 17:51:49.201, 0, 12288, 11905, 211
2026/10/02 17:51:49.407, 0, 12288, 11905, 211
2026/10/02 17:51:49.612, 0, 12288, 11905, 211
2026/10/02 17:51:49.818, 0, 12288, 11905, 211
2026/10/02 17:51:50.024, 0, 12288, 11905, 211
2026/10/02 17:51:50.227, 0, 12288, 11905, 211
2026/10/02 17:51:50.433, 0, 12288, 11905, 211
2026/10/02 17:51:50.637, 0, 12288, 11905, 211
2026/10/02 17:51:50.843, 0, 12288, 11905, 211
2026/10/02 17:51:51.048, 0, 12288, 11905, 211
2026/10/02 17:51:51.253, 0, 12288, 11905, 211
2026/10/02 17:51:51.457, 0, 12288, 11905, 211
2026/10/02 17:51:51.662, 0, 12288, 11905, 211
2026/10/02 17:51:51.867, 0, 12288, 11905, 211
2026/10/02 17:51:52.074, 0, 12288, 11905, 211
2026/10/02 17:51:52.279, 0, 12288, 11905, 211
2026/10/02 17:51:52.484, 0, 12288, 11905, 211
2026/10/02 17:51:52.691, 0, 12288, 11905, 211
2026/10/02 17:51:52.894, 0, 12288, 11905, 211
2026/10/02 17:51:53.099, 0, 12288, 11905, 211
2026/10/02 17:51:53.305, 0, 12288, 11905, 211
2026/10/02 17:51:53.510, 0, 12288, 11905, 211
2026/10/02 17:51:53.716, 0, 12288, 11905, 211
2026/10/02 17:51:53.922, 0, 12288, 11905, 211
2026/10/02 17:51:54.127, 0, 12288, 11905, 211
2026/10/02 17:51:54.332, 0, 12288, 11905, 211
2026/10/02 17:51:54.536, 0, 12288, 11905, 211
2026/10/02 17:51:54.742, 0, 12288, 11905, 211
2026/10/02 17:51:54.947, 0, 12288, 11905, 211
2026/10/02 17:51:55.154, 0, 12288, 11905, 211
2026/10/02 17:51:55.358, 0, 12288, 11905, 211
2026/10/02 17:51:55.563, 0, 12288, 11905, 211
2026/10/02 17:51:55.768, 0, 12288, 11905, 211
2026/10/02 17:51:55.973, 0, 12288, 11905, 211
2026/10/02 17:51:56.178, 0, 12288, 11905, 211
2026/10/02 17:51:56.383, 0, 12288, 11905, 211
2026/10/02 17:51:56.589, 0, 12288, 11905, 211
2026/10/02 17:51:56.794, 0, 12288, 11905, 211
2026/10/02 17:51:56.998, 0, 12288, 11905, 211
2026/10/02 17:51:57.202, 0, 12288, 11905, 211
2026/10/02 17:51:57.406, 0, 12288, 11905, 211
2026/10/02 17:51:57.610, 0, 12288, 11905, 211
2026/10/02 17:51:57.815, 0, 12288, 11905, 211
2026/10/02 17:51:58.018, 0, 12288, 11905, 211
2026/10/02 17:51:58.224, 0, 12288, 11905, 211
2026/10/02 17:51:58.428, 0, 12288, 11905, 211
2026/10/02 17:51:58.634, 0, 12288, 11905, 211
2026/10/02 17:51:58.838, 0, 12288, 11905, 211
2026/10/02 17:51:59.041, 0, 12288, 11905, 211
2026/10/02 17:51:59.246, 0, 12288, 11905, 211
2026/10/02 17:51:59.452, 0, 12288, 11905, 211
2026/10/02 17:51:59.656, 0, 12288, 11905, 211
2026/10/02 17:51:59.858, 0, 12288, 11905, 211
2026/10/02 17:52:00.062, 0, 12288, 11905, 211
2026/10/02 17:52:00.266, 0, 12288, 11905, 211
2026/10/02 17:52:00.472, 0, 12288, 11905, 211
2026/10/02 17:52:00.677, 0, 12288, 11905, 211
2026/10/02 17:52:00.880, 0, 12288, 11905, 211
2026/10/02 17:52:01.084, 0, 12288, 11905, 211
2026/10/02 17:52:01.289, 0, 12288, 11905, 211
2026/10/02 17:52:01.494, 0, 12288, 11905, 211
2026/10/02 17:52:01.698, 0, 12288, 11905, 211
2026/10/02 17:52:01.903, 0, 12288, 11905, 211
2026/10/02 17:52:02.108, 0, 12288, 11905, 211
2026/10/02 17:52:02.314, 0, 12288, 11905, 211
2026/10/02 17:52:02.518, 0, 12288, 11914, 202
2026/10/02 17:52:02.724, 0, 12288, 11914, 202
2026/10/02 17:52:02.926, 0, 12288, 11914, 202
2026/10/02 17:52:03.131, 0, 12288, 11914, 202
2026/10/02 17:52:03.337, 0, 12288, 11914, 202
2026/10/02 17:52:03.542, 0, 12288, 11914, 202
2026/10/02 17:52:03.748, 0, 12288, 11914, 202
2026/10/02 17:52:03.953, 0, 12288, 11914, 202
2026/10/02 17:52:04.157, 0, 12288, 11914, 202
2026/10/02 17:52:04.361, 0, 12288, 11914, 202
2026/10/02 17:52:04.565, 0, 12288, 11905, 211
2026/10/02 17:52:04.771, 0, 12288, 11905, 211
2026/10/02 17:52:04.974, 0, 12288, 11905, 211
2026/10/02 17:52:05.180, 0, 12288, 11905, 211
2026/10/02 17:52:05.386, 0, 12288, 11905, 211
2026/10/02 17:52:05.591, 0, 12288, 11905, 211
2026/10/02 17:52:05.796, 0, 12288, 11905, 211
2026/10/02 17:52:06.003, 0, 12288, 11905, 211
2026/10/02 17:52:06.209, 0, 12288, 11905, 211
2026/10/02 17:52:06.413, 0, 12288, 11905, 211
2026/10/02 17:52:06.618, 0, 12288, 11912, 204
2026/10/02 17:52:06.823, 0, 12288, 11912, 204
2026/10/02 17:52:07.029, 0, 12288, 11912, 204
2026/10/02 17:52:07.234, 0, 12288, 11913, 203
2026/10/02 17:52:07.438, 0, 12288, 11913, 203
2026/10/02 17:52:07.644, 0, 12288, 11913, 203
2026/10/02 17:52:07.848, 0, 12288, 11913, 203
2026/10/02 17:52:08.054, 0, 12288, 11913, 203
2026/10/02 17:52:08.260, 0, 12288, 11913, 203
2026/10/02 17:52:08.466, 0, 12288, 11905, 211
2026/10/02 17:52:08.670, 0, 12288, 11905, 211
2026/10/02 17:52:08.875, 0, 12288, 11905, 211
2026/10/02 17:52:09.080, 0, 12288, 11905, 211
2026/10/02 17:52:09.286, 0, 12288, 11905, 211
2026/10/02 17:52:09.491, 0, 12288, 11905, 211
2026/10/02 17:52:09.698, 0, 12288, 11905, 211
2026/10/02 17:52:09.903, 0, 12288, 11905, 211
2026/10/02 17:52:10.110, 0, 12288, 11905, 211
2026/10/02 17:52:10.316, 0, 12288, 11905, 211
2026/10/02 17:52:10.522, 0, 12288, 11905, 211
2026/10/02 17:52:10.727, 0, 12288, 11905, 211
2026/10/02 17:52:10.932, 0, 12288, 11905, 211
2026/10/02 17:52:11.138, 0, 12288, 11905, 211
2026/10/02 17:52:11.344, 0, 12288, 11905, 211
2026/10/02 17:52:11.551, 0, 12288, 11905, 211
2026/10/02 17:52:11.757, 0, 12288, 11905, 211
2026/10/02 17:52:11.962, 0, 12288, 11905, 211
2026/10/02 17:52:12.167, 0, 12288, 11905, 211
2026/10/02 17:52:12.373, 0, 12288, 11905, 211
2026/10/02 17:52:12.578, 0, 12288, 11905, 211
2026/10/02 17:52:12.783, 0, 12288, 11905, 211
2026/10/02 17:52:12.987, 0, 12288, 11905, 211
2026/10/02 17:52:13.194, 0, 12288, 11905, 211
2026/10/02 17:52:13.400, 0, 12288, 11905, 211
2026/10/02 17:52:13.606, 0, 12288, 11905, 211
2026/10/02 17:52:13.810, 0, 12288, 11905, 211
2026/10/02 17:52:14.014, 0, 12288, 11905, 211
2026/10/02 17:52:14.221, 0, 12288, 11905, 211
2026/10/02 17:52:14.426, 0, 12288, 11905, 211
2026/10/02 17:52:14.630, 0, 12288, 11905, 211
2026/10/02 17:52:14.836, 0, 12288, 11905, 211
2026/10/02 17:52:15.039, 0, 12288, 11905, 211
2026/10/02 17:52:15.244, 0, 12288, 11905, 211
2026/10/02 17:52:15.448, 0, 12288, 11905, 211
2026/10/02 17:52:15.653, 0, 12288, 11905, 211
2026/10/02 17:52:15.859, 0, 12288, 11905, 211
2026/10/02 17:52:16.064, 0, 12288, 11905, 211
2026/10/02 17:52:16.268, 0, 12288, 11905, 211
2026/10/02 17:52:16.474, 0, 12288, 11905, 211
2026/10/02 17:52:16.678, 0, 12288, 11905, 211
2026/10/02 17:52:16.882, 0, 12288, 11905, 211
2026/10/02 17:52:17.087, 0, 12288, 11905, 211
2026/10/02 17:52:17.291, 0, 12288, 11905, 211
2026/10/02 17:52:17.498, 0, 12288, 11905, 211
2026/10/02 17:52:17.702, 0, 12288, 11905, 211
2026/10/02 17:52:17.905, 0, 12288, 11905, 211
2026/10/02 17:52:18.111, 0, 12288, 11905, 211
2026/10/02 17:52:18.316, 0, 12288, 11905, 211
2026/10/02 17:52:18.522, 0, 12288, 11905, 211
2026/10/02 17:52:18.726, 0, 12288, 11905, 211
2026/10/02 17:52:18.931, 0, 12288, 11905, 211
2026/10/02 17:52:19.137, 0, 12288, 11905, 211
2026/10/02 17:52:19.342, 0, 12288, 11905, 211
2026/10/02 17:52:19.547, 0, 12288, 11905, 211
2026/10/02 17:52:19.753, 0, 12288, 11905, 211
2026/10/02 17:52:19.957, 0, 12288, 11905, 211
2026/10/02 17:52:20.160, 0, 12288, 11905, 211
2026/10/02 17:52:20.365, 0, 12288, 11905, 211
2026/10/02 17:52:20.571, 0, 12288, 11905, 211
2026/10/02 17:52:20.775, 0, 12288, 11905, 211
2026/10/02 17:52:20.982, 0, 12288, 11905, 211
2026/10/02 17:52:21.189, 0, 12288, 11905, 211
2026/10/02 17:52:21.394, 0, 12288, 11905, 211
2026/10/02 17:52:21.598, 0, 12288, 11905, 211
2026/10/02 17:52:21.803, 0, 12288, 11905, 211
2026/10/02 17:52:22.008, 0, 12288, 11905, 211
2026/10/02 17:52:22.214, 0, 12288, 11905, 211
2026/10/02 17:52:22.420, 0, 12288, 11905, 211
2026/10/02 17:52:22.625, 0, 12288, 11905, 211
2026/10/02 17:52:22.831, 0, 12288, 11905, 211
2026/10/02 17:52:23.036, 0, 12288, 11905, 211
2026/10/02 17:52:23.241, 0, 12288, 11905, 211
2026/10/02 17:52:23.446, 0, 12288, 11905, 211
2026/10/02 17:52:23.654, 0, 12288, 11905, 211
2026/10/02 17:52:23.859, 0, 12288, 11905, 211
2026/10/02 17:52:24.063, 0, 12288, 11905, 211
2026/10/02 17:52:24.268, 0, 12288, 11905, 211
2026/10/02 17:52:24.473, 0, 12288, 11905, 211
2026/10/02 17:52:24.677, 0, 12288, 11905, 211
2026/10/02 17:52:24.880, 0, 12288, 11905, 211
2026/10/02 17:52:25.085, 0, 12288, 11905, 211
2026/10/02 17:52:25.289, 0, 12288, 11905, 211
2026/10/02 17:52:25.493, 0, 12288, 11905, 211
2026/10/02 17:52:25.699, 0, 12288, 11905, 211
2026/10/02 17:52:25.905, 0, 12288, 11905, 211
2026/10/02 17:52:26.110, 0, 12288, 11905, 211
2026/10/02 17:52:26.316, 0, 12288, 11905, 211
2026/10/02 17:52:26.521, 0, 12288, 11905, 211
2026/10/02 17:52:26.727, 0, 12288, 11905, 211
2026/10/02 17:52:26.931, 0, 12288, 11905, 211
2026/10/02 17:52:27.137, 0, 12288, 11905, 211
2026/10/02 17:52:27.342, 0, 12288, 11905, 211
2026/10/02 17:52:27.546, 0, 12288, 11905, 211
2026/10/02 17:52:27.751, 0, 12288, 11905, 211
2026/10/02 17:52:27.957, 0, 12288, 11905, 211
2026/10/02 17:52:28.161, 0, 12288, 11905, 211
2026/10/02 17:52:28.367, 0, 12288, 11905, 211
2026/10/02 17:52:28.570, 0, 12288, 11905, 211
2026/10/02 17:52:28.776, 0, 12288, 11905, 211
2026/10/02 17:52:28.981, 0, 12288, 11905, 211
2026/10/02 17:52:29.186, 0, 12288, 11905, 211
2026/10/02 17:52:29.392, 0, 12288, 11905, 211
2026/10/02 17:52:29.597, 0, 12288, 11905, 211
2026/10/02 17:52:29.802, 0, 12288, 11905, 211
2026/10/02 17:52:30.008, 0, 12288, 11905, 211
2026/10/02 17:52:30.214, 0, 12288, 11905, 211
2026/10/02 17:52:30.419, 0, 12288, 531, 11585
2026/10/02 17:52:30.622, 0, 12288, 531, 11585
2026/10/02 17:52:30.828, 0, 12288, 531, 11585
2026/10/02 17:52:31.033, 0, 12288, 531, 11585
2026/10/02 17:52:31.239, 0, 12288, 531, 11585
2026/10/02 17:52:31.447, 0, 12288, 531, 11585
2026/10/02 17:52:31.653, 0, 12288, 531, 11585
2026/10/02 17:52:31.860, 0, 12288, 531, 11585
2026/10/02 17:52:32.066, 0, 12288, 531, 11585
2026/10/02 17:52:32.269, 0, 12288, 531, 11585
2026/10/02 17:52:32.474, 0, 12288, 531, 11585
2026/10/02 17:52:32.677, 0, 12288, 531, 11585
