2026/09/22 17:34:17.135, 0, 12288, 391, 11725
2026/09/22 17:34:17.343, 0, 12288, 484, 11632
2026/09/22 17:34:17.550, 0, 12288, 484, 11632
2026/09/22 17:34:17.758, 0, 12288, 484, 11632
2026/09/22 17:34:17.966, 0, 12288, 484, 11632
2026/09/22 17:34:18.173, 0, 12288, 484, 11632
2026/09/22 17:34:18.379, 0, 12288, 484, 11632
2026/09/22 17:34:18.587, 0, 12288, 484, 11632
2026/09/22 17:34:18.794, 0, 12288, 7140, 4976
2026/09/22 17:34:19.000, 0, 12288, 10170, 1946
2026/09/22 17:34:19.206, 0, 12288, 10170, 1946
2026/09/22 17:34:19.412, 0, 12288, 10170, 1946
2026/09/22 17:34:19.620, 0, 12288, 10170, 1946
2026/09/22 17:34:19.826, 0, 12288, 10170, 1946
2026/09/22 17:34:20.033, 0, 12288, 10170, 1946
2026/09/22 17:34:20.241, 0, 12288, 10170, 1946
2026/09/22 17:34:20.463, 0, 12288, 10170, 1946
2026/09/22 17:34:20.671, 0, 12288, 10170, 1946
2026/09/22 17:34:20.876, 0, 12288, 10170, 1946
2026/09/22 17:34:21.084, 0, 12288, 10170, 1946
2026/09/22 17:34:21.292, 0, 12288, 10170, 1946
2026/09/22 17:34:21.499, 0, 12288, 10170, 1946
2026/09/22 17:34:21.704, 0, 12288, 10170, 1946
2026/09/22 17:34:21.910, 0, 12288, 10170, 1946
2026/09/22 17:34:22.118, 0, 12288, 10170, 1946
2026/09/22 17:34:22.326, 0, 12288, 11586, 530
2026/09/22 17:34:22.534, 0, 12288, 11602, 514
2026/09/22 17:34:22.741, 0, 12288, 11602, 514
2026/09/22 17:34:22.949, 0, 12288, 11602, 514
2026/09/22 17:34:23.156, 0, 12288, 11602, 514
2026/09/22 17:34:23.362, 0, 12288, 11602, 514
2026/09/22 17:34:23.570, 0, 12288, 11602, 514
2026/09/22 17:34:23.776, 0, 12288, 11602, 514
2026/09/22 17:34:23.983, 0, 12288, 11602, 514
2026/09/22 17:34:24.190, 0, 12288, 11602, 514
2026/09/22 17:34:24.397, 0, 12288, 11602, 514
2026/09/22 17:34:24.605, 0, 12288, 11602, 514
2026/09/22 17:34:24.809, 0, 12288, 11602, 514
2026/09/22 17:34:25.016, 0, 12288, 11602, 514
2026/09/22 17:34:25.220, 0, 12288, 11602, 514
2026/09/22 17:34:25.425, 0, 12288, 11602, 514
2026/09/22 17:34:25.632, 0, 12288, 11602, 514
2026/09/22 17:34:25.839, 0, 12288, 11602, 514
2026/09/22 17:34:26.046, 0, 12288, 11602, 514
2026/09/22 17:34:26.251, 0, 12288, 11602, 514
2026/09/22 17:34:26.458, 0, 12288, 11602, 514
2026/09/22 17:34:26.666, 0, 12288, 11602, 514
2026/09/22 17:34:26.873, 0, 12288, 11602, 514
2026/09/22 17:34:27.081, 0, 12288, 11602, 514
2026/09/22 17:34:27.288, 0, 12288, 11602, 514
2026/09/22 17:34:27.494, 0, 12288, 11602, 514
2026/09/22 17:34:27.701, 0, 12288, 11602, 514
2026/09/22 17:34:27.906, 0, 12288, 11602, 514
2026/09/22 17:34:28.114, 0, 12288, 11602, 514
2026/09/22 17:34:28.322, 0, 12288, 11602, 514
2026/09/22 17:34:28.529, 0, 12288, 11602, 514
2026/09/22 17:34:28.735, 0, 12288, 11602, 514
2026/09/22 17:34:28.943, 0, 12288, 11602, 514
2026/09/22 17:34:29.151, 0, 12288, 11602, 514
2026/09/22 17:34:29.358, 0, 12288, 11602, 514
2026/09/22 17:34:29.566, 0, 12288, 11602, 514
2026/09/22 17:34:29.774, 0, 12288, 11602, 514
2026/09/22 17:34:29.982, 0, 12288, 11602, 514
2026/09/22 17:34:30.189, 0, 12288, 11602, 514
2026/09/22 17:34:30.395, 0, 12288, 11608, 508
2026/09/22 17:34:30.601, 0, 12288, 11790, 326
2026/09/22 17:34:30.809, 0, 12288, 11792, 324
2026/09/22 17:34:31.017, 0, 12288, 11792, 324
2026/09/22 17:34:31.225, 0, 12288, 11792, 324
2026/09/22 17:34:31.433, 0, 12288, 11824, 292
2026/09/22 17:34:31.640, 0, 12288, 11824, 292
2026/09/22 17:34:31.847, 0, 12288, 11824, 292
2026/09/22 17:34:32.053, 0, 12288, 11824, 292
2026/09/22 17:34:32.260, 0, 12288, 11824, 292
2026/09/22 17:34:32.467, 0, 12288, 11824, 292
2026/09/22 17:34:32.675, 0, 12288, 11824, 292
2026/09/22 17:34:32.883, 0, 12288, 11824, 292
2026/09/22 17:34:33.091, 0, 12288, 11824, 292
2026/09/22 17:34:33.299, 0, 12288, 11824, 292
2026/09/22 17:34:33.506, 0, 12288, 11824, 292
2026/09/22 17:34:33.713, 0, 12288, 11824, 292
2026/09/22 17:34:33.919, 0, 12288, 11824, 292
2026/09/22 17:34:34.126, 0, 12288, 11824, 292
2026/09/22 17:34:34.334, 0, 12288, 11824, 292
2026/09/22 17:34:34.542, 0, 12288, 11824, 292
2026/09/22 17:34:34.749, 0, 12288, 11824, 292
2026/09/22 17:34:34.956, 0, 12288, 11824, 292
2026/09/22 17:34:35.162, 0, 12288, 11824, 292
2026/09/22 17:34:35.370, 0, 12288, 11824, 292
2026/09/22 17:34:35.578, 0, 12288, 11824, 292
2026/09/22 17:34:35.785, 0, 12288, 11824, 292
2026/09/22 17:34:35.991, 0, 12288, 11824, 292
2026/09/22 17:34:36.197, 0, 12288, 11824, 292
2026/09/22 17:34:36.403, 0, 12288, 11824, 292
2026/09/22 17:34:36.611, 0, 12288, 11824, 292
2026/09/22 17:34:36.818, 0, 12288, 11824, 292
2026/09/22 17:34:37.026, 0, 12288, 11824, 292
2026/09/22 17:34:37.234, 0, 12288, 11824, 292
2026/09/22 17:34:37.438, 0, 12288, 11824, 292
2026/09/22 17:34:37.644, 0, 12288, 11824, 292
2026/09/22 17:34:37.852, 0, 12288, 11824, 292
2026/09/22 17:34:38.058, 0, 12288, 11824, 292
2026/09/22 17:34:38.265, 0, 12288, 11824, 292
2026/09/22 17:34:38.469, 0, 12288, 11824, 292
2026/09/22 17:34:38.676, 0, 12288, 11824, 292
2026/09/22 17:34:38.884, 0, 12288, 11824, 292
2026/09/22 17:34:39.091, 0, 12288, 11824, 292
2026/09/22 17:34:39.299, 0, 12288, 11824, 292
2026/09/22 17:34:39.507, 0, 12288, 11824, 292
2026/09/22 17:34:39.715, 0, 12288, 11824, 292
2026/09/22 17:34:39.923, 0, 12288, 11824, 292
2026/09/22 17:34:40.126, 0, 12288, 11824, 292
2026/09/22 17:34:40.334, 0, 12288, 11824, 292
2026/09/22 17:34:40.542, 0, 12288, 11824, 292
2026/09/22 17:34:40.750, 0, 12288, 11824, 292
2026/09/22 17:34:40.955, 0, 12288, 11824, 292
2026/09/22 17:34:41.163, 0, 12288, 11824, 292
2026/09/22 17:34:41.371, 0, 12288, 11824, 292
2026/09/22 17:34:41.578, 0, 12288, 11824, 292
2026/09/22 17:34:41.785, 0, 12288, 11824, 292
2026/09/22 17:34:41.992, 0, 12288, 11824, 292
2026/09/22 17:34:42.199, 0, 12288, 11824, 292
2026/09/22 17:34:42.406, 0, 12288, 11824, 292
2026/09/22 17:34:42.613, 0, 12288, 11824, 292
2026/09/22 17:34:42.821, 0, 12288, 11826, 290
2026/09/22 17:34:43.028, 0, 12288, 11826, 290
2026/09/22 17:34:43.235, 0, 12288, 11826, 290
2026/09/22 17:34:43.443, 0, 12288, 11826, 290
2026/09/22 17:34:43.651, 0, 12288, 11826, 290
2026/09/22 17:34:43.858, 0, 12288, 11826, 290
2026/09/22 17:34:44.063, 0, 12288, 11826, 290
2026/09/22 17:34:44.267, 0, 12288, 11826, 290
2026/09/22 17:34:44.473, 0, 12288, 11826, 290
2026/09/22 17:34:44.677, 0, 12288, 11826, 290
2026/09/22 17:34:44.885, 0, 12288, 11826, 290
2026/09/22 17:34:45.093, 0, 12288, 11826, 290
2026/09/22 17:34:45.297, 0, 12288, 11826, 290
2026/09/22 17:34:45.503, 0, 12288, 11826, 290
2026/09/22 17:34:45.710, 0, 12288, 11826, 290
2026/09/22 17:34:45.915, 0, 12288, 11826, 290
2026/09/22 17:34:46.123, 0, 12288, 11826, 290
2026/09/22 17:34:46.330, 0, 12288, 11826, 290
2026/09/22 17:34:46.537, 0, 12288, 11826, 290
2026/09/22 17:34:46.743, 0, 12288, 11826, 290
2026/09/22 17:34:46.951, 0, 12288, 11826, 290
2026/09/22 17:34:47.158, 0, 12288, 11826, 290
2026/09/22 17:34:47.366, 0, 12288, 11826, 290
2026/09/22 17:34:47.573, 0, 12288, 11826, 290
2026/09/22 17:34:47.780, 0, 12288, 11826, 290
2026/09/22 17:34:47.988, 0, 12288, 11826, 290
2026/09/22 17:34:48.195, 0, 12288, 11826, 290
2026/09/22 17:34:48.402, 0, 12288, 11826, 290
2026/09/22 17:34:48.609, 0, 12288, 11826, 290
2026/09/22 17:34:48.816, 0, 12288, 11826, 290
2026/09/22 17:34:49.023, 0, 12288, 11826, 290
2026/09/22 17:34:49.230, 0, 12288, 11826, 290
2026/09/22 17:34:49.438, 0, 12288, 11826, 290
2026/09/22 17:34:49.646, 0, 12288, 11826, 290
2026/09/22 17:34:49.854, 0, 12288, 11826, 290
2026/09/22 17:34:50.062, 0, 12288, 11826, 290
2026/09/22 17:34:50.268, 0, 12288, 11826, 290
2026/09/22 17:34:50.475, 0, 12288, 11826, 290
2026/09/22 17:34:50.682, 0, 12288, 11826, 290
2026/09/22 17:34:50.890, 0, 12288, 11826, 290
2026/09/22 17:34:51.098, 0, 12288, 11826, 290
2026/09/22 17:34:51.306, 0, 12288, 11826, 290
2026/09/22 17:34:51.514, 0, 12288, 11826, 290
2026/09/22 17:34:51.719, 0, 12288, 11826, 290
2026/09/22 17:34:51.925, 0, 12288, 11826, 290
2026/09/22 17:34:52.132, 0, 12288, 11826, 290
2026/09/22 17:34:52.340, 0, 12288, 11826, 290
2026/09/22 17:34:52.547, 0, 12288, 11826, 290
2026/09/22 17:34:52.755, 0, 12288, 11826, 290
2026/09/22 17:34:52.963, 0, 12288, 11826, 290
2026/09/22 17:34:53.170, 0, 12288, 11826, 290
2026/09/22 17:34:53.378, 0, 12288, 11826, 290
2026/09/22 17:34:53.586, 0, 12288, 11826, 290
2026/09/22 17:34:53.793, 0, 12288, 11826, 290
2026/09/22 17:34:54.000, 0, 12288, 11826, 290
2026/09/22 17:34:54.206, 0, 12288, 11826, 290
2026/09/22 17:34:54.413, 0, 12288, 11826, 290
2026/09/22 17:34:54.621, 0, 12288, 11826, 290
2026/09/22 17:34:54.828, 0, 12288, 11826, 290
2026/09/22 17:34:55.035, 0, 12288, 11826, 290
2026/09/22 17:34:55.242, 0, 12288, 11826, 290
2026/09/22 17:34:55.450, 0, 12288, 11826, 290
2026/09/22 17:34:55.657, 0, 12288, 11826, 290
2026/09/22 17:34:55.861, 0, 12288, 11826, 290
2026/09/22 17:34:56.068, 0, 12288, 11826, 290
2026/09/22 17:34:56.274, 0, 12288, 11826, 290
2026/09/22 17:34:56.481, 0, 12288, 11826, 290
2026/09/22 17:34:56.688, 0, 12288, 11826, 290
2026/09/22 17:34:56.895, 0, 12288, 11826, 290
2026/09/22 17:34:57.103, 0, 12288, 11826, 290
2026/09/22 17:34:57.310, 0, 12288, 11826, 290
2026/09/22 17:34:57.517, 0, 12288, 11826, 290
2026/09/22 17:34:57.725, 0, 12288, 11826, 290
2026/09/22 17:34:57.931, 0, 12288, 11826, 290
2026/09/22 17:34:58.139, 0, 12288, 11826, 290
2026/09/22 17:34:58.346, 0, 12288, 11826, 290
2026/09/22 17:34:58.554, 0, 12288, 11826, 290
2026/09/22 17:34:58.762, 0, 12288, 11826, 290
2026/09/22 17:34:58.969, 0, 12288, 11826, 290
2026/09/22 17:34:59.177, 0, 12288, 11826, 290
2026/09/22 17:34:59.385, 0, 12288, 11826, 290
2026/09/22 17:34:59.593, 0, 12288, 11826, 290
2026/09/22 17:34:59.801, 0, 12288, 11826, 290
2026/09/22 17:35:00.009, 0, 12288, 11826, 290
2026/09/22 17:35:00.217, 0, 12288, 11826, 290
2026/09/22 17:35:00.424, 0, 12288, 11826, 290
2026/09/22 17:35:00.632, 0, 12288, 11826, 290
2026/09/22 17:35:00.840, 0, 12288, 11826, 290
2026/09/22 17:35:01.047, 0, 12288, 11826, 290
2026/09/22 17:35:01.255, 0, 12288, 11826, 290
2026/09/22 17:35:01.461, 0, 12288, 11826, 290
2026/09/22 17:35:01.667, 0, 12288, 11826, 290
2026/09/22 17:35:01.875, 0, 12288, 11826, 290
2026/09/22 17:35:02.079, 0, 12288, 11826, 290
2026/09/22 17:35:02.287, 0, 12288, 11826, 290
2026/09/22 17:35:02.494, 0, 12288, 11826, 290
2026/09/22 17:35:02.702, 0, 12288, 11826, 290
2026/09/22 17:35:02.908, 0, 12288, 11826, 290
2026/09/22 17:35:03.116, 0, 12288, 11826, 290
2026/09/22 17:35:03.323, 0, 12288, 11826, 290
2026/09/22 17:35:03.531, 0, 12288, 11826, 290
2026/09/22 17:35:03.736, 0, 12288, 11826, 290
2026/09/22 17:35:03.943, 0, 12288, 11826, 290
2026/09/22 17:35:04.151, 0, 12288, 11826, 290
2026/09/22 17:35:04.359, 0, 12288, 11826, 290
2026/09/22 17:35:04.566, 0, 12288, 11826, 290
2026/09/22 17:35:04.773, 0, 12288, 11826, 290
2026/09/22 17:35:04.981, 0, 12288, 11826, 290
2026/09/22 17:35:05.187, 0, 12288, 11826, 290
2026/09/22 17:35:05.395, 0, 12288, 11826, 290
2026/09/22 17:35:05.602, 0, 12288, 11826, 290
2026/09/22 17:35:05.810, 0, 12288, 11826, 290
2026/09/22 17:35:06.017, 0, 12288, 11826, 290
2026/09/22 17:35:06.225, 0, 12288, 11826, 290
2026/09/22 17:35:06.433, 0, 12288, 11826, 290
2026/09/22 17:35:06.640, 0, 12288, 11826, 290
2026/09/22 17:35:06.845, 0, 12288, 11826, 290
2026/09/22 17:35:07.052, 0, 12288, 11826, 290
2026/09/22 17:35:07.259, 0, 12288, 11826, 290
2026/09/22 17:35:07.467, 0, 12288, 11826, 290
2026/09/22 17:35:07.673, 0, 12288, 11826, 290
2026/09/22 17:35:07.880, 0, 12288, 11826, 290
2026/09/22 17:35:08.086, 0, 12288, 11826, 290
2026/09/22 17:35:08.294, 0, 12288, 11826, 290
2026/09/22 17:35:08.501, 0, 12288, 11826, 290
2026/09/22 17:35:08.708, 0, 12288, 11826, 290
2026/09/22 17:35:08.915, 0, 12288, 11826, 290
2026/09/22 17:35:09.123, 0, 12288, 11826, 290
2026/09/22 17:35:09.330, 0, 12288, 11826, 290
2026/09/22 17:35:09.537, 0, 12288, 11826, 290
2026/09/22 17:35:09.744, 0, 12288, 11826, 290
2026/09/22 17:35:09.951, 0, 12288, 11826, 290
2026/09/22 17:35:10.157, 0, 12288, 11826, 290
2026/09/22 17:35:10.365, 0, 12288, 11826, 290
2026/09/22 17:35:10.573, 0, 12288, 11826, 290
2026/09/22 17:35:10.781, 0, 12288, 11826, 290
2026/09/22 17:35:10.988, 0, 12288, 11826, 290
2026/09/22 17:35:11.194, 0, 12288, 11826, 290
2026/09/22 17:35:11.401, 0, 12288, 11826, 290
2026/09/22 17:35:11.607, 0, 12288, 11826, 290
2026/09/22 17:35:11.812, 0, 12288, 11826, 290
2026/09/22 17:35:12.019, 0, 12288, 11826, 290
2026/09/22 17:35:12.227, 0, 12288, 11826, 290
2026/09/22 17:35:12.434, 0, 12288, 11826, 290
2026/09/22 17:35:12.642, 0, 12288, 11826, 290
2026/09/22 17:35:12.849, 0, 12288, 11826, 290
2026/09/22 17:35:13.057, 0, 12288, 11826, 290
2026/09/22 17:35:13.265, 0, 12288, 11826, 290
2026/09/22 17:35:13.471, 0, 12288, 11826, 290
2026/09/22 17:35:13.678, 0, 12288, 11826, 290
2026/09/22 17:35:13.885, 0, 12288, 11826, 290
2026/09/22 17:35:14.092, 0, 12288, 11826, 290
2026/09/22 17:35:14.300, 0, 12288, 11826, 290
2026/09/22 17:35:14.508, 0, 12288, 11826, 290
2026/09/22 17:35:14.714, 0, 12288, 11826, 290
2026/09/22 17:35:14.922, 0, 12288, 11826, 290
2026/09/22 17:35:15.130, 0, 12288, 11826, 290
2026/09/22 17:35:15.337, 0, 12288, 11826, 290
2026/09/22 17:35:15.545, 0, 12288, 11826, 290
2026/09/22 17:35:15.752, 0, 12288, 11826, 290
2026/09/22 17:35:15.960, 0, 12288, 11826, 290
2026/09/22 17:35:16.168, 0, 12288, 11826, 290
2026/09/22 17:35:16.376, 0, 12288, 11826, 290
2026/09/22 17:35:16.582, 0, 12288, 11826, 290
2026/09/22 17:35:16.790, 0, 12288, 11826, 290
2026/09/22 17:35:16.997, 0, 12288, 11826, 290
2026/09/22 17:35:17.204, 0, 12288, 11826, 290
2026/09/22 17:35:17.412, 0, 12288, 11826, 290
2026/09/22 17:35:17.620, 0, 12288, 11826, 290
2026/09/22 17:35:17.827, 0, 12288, 11826, 290
2026/09/22 17:35:18.034, 0, 12288, 11826, 290
2026/09/22 17:35:18.242, 0, 12288, 11826, 290
2026/09/22 17:35:18.450, 0, 12288, 11826, 290
2026/09/22 17:35:18.657, 0, 12288, 11826, 290
2026/09/22 17:35:18.865, 0, 12288, 11826, 290
2026/09/22 17:35:19.073, 0, 12288, 11826, 290
2026/09/22 17:35:19.281, 0, 12288, 11826, 290
2026/09/22 17:35:19.486, 0, 12288, 11826, 290
2026/09/22 17:35:19.694, 0, 12288, 11826, 290
2026/09/22 17:35:19.901, 0, 12288, 11826, 290
2026/09/22 17:35:20.108, 0, 12288, 11826, 290
2026/09/22 17:35:20.314, 0, 12288, 11826, 290
2026/09/22 17:35:20.522, 0, 12288, 11826, 290
2026/09/22 17:35:20.730, 0, 12288, 11826, 290
2026/09/22 17:35:20.938, 0, 12288, 11826, 290
2026/09/22 17:35:21.144, 0, 12288, 11826, 290
2026/09/22 17:35:21.352, 0, 12288, 11826, 290
2026/09/22 17:35:21.559, 0, 12288, 11826, 290
2026/09/22 17:35:21.766, 0, 12288, 11826, 290
2026/09/22 17:35:21.972, 0, 12288, 11826, 290
2026/09/22 17:35:22.180, 0, 12288, 11826, 290
2026/09/22 17:35:22.387, 0, 12288, 11826, 290
2026/09/22 17:35:22.594, 0, 12288, 11826, 290
2026/09/22 17:35:22.802, 0, 12288, 11826, 290
2026/09/22 17:35:23.010, 0, 12288, 11826, 290
2026/09/22 17:35:23.218, 0, 12288, 11826, 290
2026/09/22 17:35:23.426, 0, 12288, 11826, 290
2026/09/22 17:35:23.634, 0, 12288, 11826, 290
2026/09/22 17:35:23.842, 0, 12288, 11826, 290
2026/09/22 17:35:24.048, 0, 12288, 11826, 290
2026/09/22 17:35:24.255, 0, 12288, 11826, 290
2026/09/22 17:35:24.462, 0, 12288, 11826, 290
2026/09/22 17:35:24.670, 0, 12288, 11826, 290
2026/09/22 17:35:24.877, 0, 12288, 11826, 290
2026/09/22 17:35:25.085, 0, 12288, 11826, 290
2026/09/22 17:35:25.292, 0, 12288, 11826, 290
2026/09/22 17:35:25.500, 0, 12288, 11826, 290
2026/09/22 17:35:25.706, 0, 12288, 11826, 290
2026/09/22 17:35:25.913, 0, 12288, 11826, 290
2026/09/22 17:35:26.121, 0, 12288, 11826, 290
2026/09/22 17:35:26.327, 0, 12288, 11826, 290
2026/09/22 17:35:26.534, 0, 12288, 11826, 290
2026/09/22 17:35:26.742, 0, 12288, 11826, 290
2026/09/22 17:35:26.950, 0, 12288, 11826, 290
2026/09/22 17:35:27.157, 0, 12288, 11826, 290
2026/09/22 17:35:27.363, 0, 12288, 11826, 290
2026/09/22 17:35:27.570, 0, 12288, 11826, 290
2026/09/22 17:35:27.778, 0, 12288, 11826, 290
2026/09/22 17:35:27.985, 0, 12288, 11826, 290
2026/09/22 17:35:28.191, 0, 12288, 11826, 290
2026/09/22 17:35:28.399, 0, 12288, 11826, 290
2026/09/22 17:35:28.607, 0, 12288, 11826, 290
2026/09/22 17:35:28.815, 0, 12288, 11826, 290
2026/09/22 17:35:29.022, 0, 12288, 11826, 290
2026/09/22 17:35:29.229, 0, 12288, 11826, 290
2026/09/22 17:35:29.437, 0, 12288, 11826, 290
2026/09/22 17:35:29.643, 0, 12288, 11826, 290
2026/09/22 17:35:29.851, 0, 12288, 11826, 290
2026/09/22 17:35:30.060, 0, 12288, 11826, 290
2026/09/22 17:35:30.267, 0, 12288, 11826, 290
2026/09/22 17:35:30.474, 0, 12288, 11826, 290
2026/09/22 17:35:30.682, 0, 12288, 11826, 290
2026/09/22 17:35:30.890, 0, 12288, 11826, 290
2026/09/22 17:35:31.098, 0, 12288, 11826, 290
2026/09/22 17:35:31.306, 0, 12288, 11826, 290
2026/09/22 17:35:31.514, 0, 12288, 11826, 290
2026/09/22 17:35:31.721, 0, 12288, 11826, 290
2026/09/22 17:35:31.929, 0, 12288, 11826, 290
2026/09/22 17:35:32.137, 0, 12288, 11826, 290
2026/09/22 17:35:32.344, 0, 12288, 11826, 290
2026/09/22 17:35:32.551, 0, 12288, 11826, 290
2026/09/22 17:35:32.759, 0, 12288, 11826, 290
2026/09/22 17:35:32.966, 0, 12288, 11826, 290
2026/09/22 17:35:33.173, 0, 12288, 11826, 290
2026/09/22 17:35:33.380, 0, 12288, 11826, 290
2026/09/22 17:35:33.587, 0, 12288, 11826, 290
2026/09/22 17:35:33.794, 0, 12288, 11826, 290
2026/09/22 17:35:34.002, 0, 12288, 11826, 290
2026/09/22 17:35:34.209, 0, 12288, 11826, 290
2026/09/22 17:35:34.417, 0, 12288, 11826, 290
2026/09/22 17:35:34.625, 0, 12288, 11826, 290
2026/09/22 17:35:34.831, 0, 12288, 11826, 290
2026/09/22 17:35:35.038, 0, 12288, 11826, 290
2026/09/22 17:35:35.245, 0, 12288, 11826, 290
2026/09/22 17:35:35.453, 0, 12288, 11826, 290
2026/09/22 17:35:35.659, 0, 12288, 11826, 290
2026/09/22 17:35:35.866, 0, 12288, 11826, 290
2026/09/22 17:35:36.074, 0, 12288, 11826, 290
2026/09/22 17:35:36.282, 0, 12288, 11826, 290
2026/09/22 17:35:36.488, 0, 12288, 11826, 290
2026/09/22 17:35:36.696, 0, 12288, 11826, 290
2026/09/22 17:35:36.903, 0, 12288, 11826, 290
2026/09/22 17:35:37.111, 0, 12288, 11826, 290
2026/09/22 17:35:37.318, 0, 12288, 11826, 290
2026/09/22 17:35:37.526, 0, 12288, 11826, 290
2026/09/22 17:35:37.734, 0, 12288, 11826, 290
2026/09/22 17:35:37.941, 0, 12288, 11826, 290
2026/09/22 17:35:38.147, 0, 12288, 11826, 290
2026/09/22 17:35:38.354, 0, 12288, 11826, 290
2026/09/22 17:35:38.561, 0, 12288, 11826, 290
2026/09/22 17:35:38.767, 0, 12288, 11826, 290
2026/09/22 17:35:38.973, 0, 12288, 11826, 290
2026/09/22 17:35:39.181, 0, 12288, 11826, 290
2026/09/22 17:35:39.389, 0, 12288, 11826, 290
2026/09/22 17:35:39.594, 0, 12288, 11826, 290
2026/09/22 17:35:39.802, 0, 12288, 11826, 290
2026/09/22 17:35:40.010, 0, 12288, 11826, 290
2026/09/22 17:35:40.218, 0, 12288, 11826, 290
2026/09/22 17:35:40.426, 0, 12288, 11826, 290
2026/09/22 17:35:40.634, 0, 12288, 11826, 290
2026/09/22 17:35:40.842, 0, 12288, 11826, 290
2026/09/22 17:35:41.049, 0, 12288, 11826, 290
2026/09/22 17:35:41.257, 0, 12288, 11826, 290
2026/09/22 17:35:41.464, 0, 12288, 11826, 290
2026/09/22 17:35:41.672, 0, 12288, 11826, 290
2026/09/22 17:35:41.875, 0, 12288, 11826, 290
2026/09/22 17:35:42.082, 0, 12288, 11826, 290
2026/09/22 17:35:42.290, 0, 12288, 11826, 290
2026/09/22 17:35:42.497, 0, 12288, 11826, 290
2026/09/22 17:35:42.705, 0, 12288, 11826, 290
2026/09/22 17:35:42.914, 0, 12288, 11826, 290
2026/09/22 17:35:43.121, 0, 12288, 11826, 290
2026/09/22 17:35:43.326, 0, 12288, 11826, 290
2026/09/22 17:35:43.531, 0, 12288, 11826, 290
2026/09/22 17:35:43.736, 0, 12288, 11826, 290
2026/09/22 17:35:43.943, 0, 12288, 11826, 290
2026/09/22 17:35:44.151, 0, 12288, 11826, 290
2026/09/22 17:35:44.357, 0, 12288, 11826, 290
2026/09/22 17:35:44.564, 0, 12288, 11826, 290
2026/09/22 17:35:44.772, 0, 12288, 11826, 290
2026/09/22 17:35:44.980, 0, 12288, 11826, 290
2026/09/22 17:35:45.188, 0, 12288, 11826, 290
2026/09/22 17:35:45.395, 0, 12288, 11826, 290
2026/09/22 17:35:45.603, 0, 12288, 11826, 290
2026/09/22 17:35:45.809, 0, 12288, 11826, 290
2026/09/22 17:35:46.015, 0, 12288, 11826, 290
2026/09/22 17:35:46.223, 0, 12288, 11826, 290
2026/09/22 17:35:46.431, 0, 12288, 11826, 290
2026/09/22 17:35:46.639, 0, 12288, 11826, 290
2026/09/22 17:35:46.846, 0, 12288, 11826, 290
2026/09/22 17:35:47.053, 0, 12288, 11826, 290
2026/09/22 17:35:47.261, 0, 12288, 11826, 290
2026/09/22 17:35:47.468, 0, 12288, 11826, 290
2026/09/22 17:35:47.674, 0, 12288, 11826, 290
2026/09/22 17:35:47.882, 0, 12288, 11826, 290
2026/09/22 17:35:48.089, 0, 12288, 11826, 290
2026/09/22 17:35:48.297, 0, 12288, 11826, 290
2026/09/22 17:35:48.504, 0, 12288, 11826, 290
2026/09/22 17:35:48.712, 0, 12288, 11826, 290
2026/09/22 17:35:48.919, 0, 12288, 11826, 290
2026/09/22 17:35:49.126, 0, 12288, 11826, 290
2026/09/22 17:35:49.333, 0, 12288, 11826, 290
2026/09/22 17:35:49.541, 0, 12288, 11826, 290
2026/09/22 17:35:49.749, 0, 12288, 11826, 290
2026/09/22 17:35:49.954, 0, 12288, 11826, 290
2026/09/22 17:35:50.162, 0, 12288, 11826, 290
2026/09/22 17:35:50.370, 0, 12288, 11826, 290
2026/09/22 17:35:50.578, 0, 12288, 11826, 290
2026/09/22 17:35:50.782, 0, 12288, 11826, 290
2026/09/22 17:35:50.988, 0, 12288, 11826, 290
2026/09/22 17:35:51.196, 0, 12288, 11826, 290
2026/09/22 17:35:51.404, 0, 12288, 11826, 290
2026/09/22 17:35:51.611, 0, 12288, 11826, 290
2026/09/22 17:35:51.818, 0, 12288, 11826, 290
2026/09/22 17:35:52.025, 0, 12288, 11826, 290
2026/09/22 17:35:52.232, 0, 12288, 11826, 290
2026/09/22 17:35:52.438, 0, 12288, 11826, 290
2026/09/22 17:35:52.641, 0, 12288, 11826, 290
2026/09/22 17:35:52.846, 0, 12288, 11826, 290
2026/09/22 17:35:53.053, 0, 12288, 11826, 290
2026/09/22 17:35:53.261, 0, 12288, 11826, 290
2026/09/22 17:35:53.469, 0, 12288, 11826, 290
2026/09/22 17:35:53.675, 0, 12288, 11826, 290
2026/09/22 17:35:53.882, 0, 12288, 11826, 290
2026/09/22 17:35:54.089, 0, 12288, 11826, 290
2026/09/22 17:35:54.296, 0, 12288, 11826, 290
2026/09/22 17:35:54.503, 0, 12288, 11826, 290
2026/09/22 17:35:54.711, 0, 12288, 11826, 290
2026/09/22 17:35:54.919, 0, 12288, 11826, 290
2026/09/22 17:35:55.127, 0, 12288, 11826, 290
2026/09/22 17:35:55.335, 0, 12288, 11826, 290
2026/09/22 17:35:55.543, 0, 12288, 11826, 290
2026/09/22 17:35:55.751, 0, 12288, 11826, 290
2026/09/22 17:35:55.959, 0, 12288, 11826, 290
2026/09/22 17:35:56.167, 0, 12288, 11826, 290
2026/09/22 17:35:56.374, 0, 12288, 11826, 290
2026/09/22 17:35:56.578, 0, 12288, 11826, 290
2026/09/22 17:35:56.784, 0, 12288, 11826, 290
2026/09/22 17:35:56.992, 0, 12288, 11826, 290
2026/09/22 17:35:57.200, 0, 12288, 11826, 290
2026/09/22 17:35:57.408, 0, 12288, 11826, 290
2026/09/22 17:35:57.616, 0, 12288, 11826, 290
2026/09/22 17:35:57.822, 0, 12288, 11826, 290
2026/09/22 17:35:58.027, 0, 12288, 11826, 290
2026/09/22 17:35:58.234, 0, 12288, 11826, 290
2026/09/22 17:35:58.439, 0, 12288, 11826, 290
2026/09/22 17:35:58.647, 0, 12288, 11826, 290
2026/09/22 17:35:58.854, 0, 12288, 11826, 290
2026/09/22 17:35:59.062, 0, 12288, 11826, 290
2026/09/22 17:35:59.268, 0, 12288, 11826, 290
2026/09/22 17:35:59.475, 0, 12288, 11826, 290
2026/09/22 17:35:59.683, 0, 12288, 11826, 290
2026/09/22 17:35:59.891, 0, 12288, 11826, 290
2026/09/22 17:36:00.099, 0, 12288, 11826, 290
2026/09/22 17:36:00.306, 0, 12288, 11826, 290
2026/09/22 17:36:00.513, 0, 12288, 11826, 290
2026/09/22 17:36:00.719, 0, 12288, 11826, 290
2026/09/22 17:36:00.927, 0, 12288, 11826, 290
2026/09/22 17:36:01.135, 0, 12288, 11826, 290
2026/09/22 17:36:01.343, 0, 12288, 11826, 290
2026/09/22 17:36:01.551, 0, 12288, 11826, 290
2026/09/22 17:36:01.759, 0, 12288, 11826, 290
2026/09/22 17:36:01.965, 0, 12288, 11826, 290
2026/09/22 17:36:02.172, 0, 12288, 11826, 290
2026/09/22 17:36:02.380, 0, 12288, 11826, 290
2026/09/22 17:36:02.588, 0, 12288, 11826, 290
2026/09/22 17:36:02.795, 0, 12288, 11826, 290
2026/09/22 17:36:03.003, 0, 12288, 11826, 290
2026/09/22 17:36:03.211, 0, 12288, 11826, 290
2026/09/22 17:36:03.418, 0, 12288, 11826, 290
2026/09/22 17:36:03.626, 0, 12288, 11826, 290
2026/09/22 17:36:03.834, 0, 12288, 11826, 290
2026/09/22 17:36:04.042, 0, 12288, 11826, 290
2026/09/22 17:36:04.250, 0, 12288, 11826, 290
2026/09/22 17:36:04.456, 0, 12288, 11826, 290
2026/09/22 17:36:04.663, 0, 12288, 11826, 290
2026/09/22 17:36:04.870, 0, 12288, 11826, 290
2026/09/22 17:36:05.079, 0, 12288, 11826, 290
2026/09/22 17:36:05.285, 0, 12288, 11826, 290
2026/09/22 17:36:05.494, 0, 12288, 11826, 290
2026/09/22 17:36:05.700, 0, 12288, 11826, 290
2026/09/22 17:36:05.907, 0, 12288, 11826, 290
2026/09/22 17:36:06.114, 0, 12288, 11826, 290
2026/09/22 17:36:06.322, 0, 12288, 11826, 290
2026/09/22 17:36:06.530, 0, 12288, 11826, 290
2026/09/22 17:36:06.738, 0, 12288, 11826, 290
2026/09/22 17:36:06.945, 0, 12288, 11826, 290
2026/09/22 17:36:07.153, 0, 12288, 11826, 290
2026/09/22 17:36:07.361, 0, 12288, 11826, 290
2026/09/22 17:36:07.569, 0, 12288, 11826, 290
2026/09/22 17:36:07.777, 0, 12288, 11826, 290
2026/09/22 17:36:07.984, 0, 12288, 11826, 290
2026/09/22 17:36:08.191, 0, 12288, 11826, 290
2026/09/22 17:36:08.399, 0, 12288, 11826, 290
2026/09/22 17:36:08.607, 0, 12288, 11826, 290
2026/09/22 17:36:08.815, 0, 12288, 11826, 290
2026/09/22 17:36:09.022, 0, 12288, 11826, 290
2026/09/22 17:36:09.230, 0, 12288, 11826, 290
2026/09/22 17:36:09.437, 0, 12288, 11826, 290
2026/09/22 17:36:09.643, 0, 12288, 11826, 290
2026/09/22 17:36:09.851, 0, 12288, 11826, 290
2026/09/22 17:36:10.059, 0, 12288, 11826, 290
2026/09/22 17:36:10.265, 0, 12288, 11826, 290
2026/09/22 17:36:10.471, 0, 12288, 11826, 290
2026/09/22 17:36:10.679, 0, 12288, 11826, 290
2026/09/22 17:36:10.886, 0, 12288, 11826, 290
2026/09/22 17:36:11.093, 0, 12288, 11826, 290
2026/09/22 17:36:11.300, 0, 12288, 11826, 290
2026/09/22 17:36:11.508, 0, 12288, 11826, 290
2026/09/22 17:36:11.715, 0, 12288, 11826, 290
2026/09/22 17:36:11.921, 0, 12288, 11826, 290
2026/09/22 17:36:12.129, 0, 12288, 11826, 290
2026/09/22 17:36:12.336, 0, 12288, 11826, 290
2026/09/22 17:36:12.544, 0, 12288, 11826, 290
2026/09/22 17:36:12.750, 0, 12288, 11826, 290
2026/09/22 17:36:12.956, 0, 12288, 11826, 290
2026/09/22 17:36:13.163, 0, 12288, 11826, 290
2026/09/22 17:36:13.370, 0, 12288, 11826, 290
2026/09/22 17:36:13.578, 0, 12288, 11826, 290
2026/09/22 17:36:13.786, 0, 12288, 11826, 290
2026/09/22 17:36:13.994, 0, 12288, 11826, 290
2026/09/22 17:36:14.202, 0, 12288, 11826, 290
2026/09/22 17:36:14.408, 0, 12288, 11826, 290
2026/09/22 17:36:14.615, 0, 12288, 11826, 290
2026/09/22 17:36:14.823, 0, 12288, 11826, 290
2026/09/22 17:36:15.029, 0, 12288, 11826, 290
2026/09/22 17:36:15.235, 0, 12288, 11826, 290
2026/09/22 17:36:15.442, 0, 12288, 11826, 290
2026/09/22 17:36:15.649, 0, 12288, 11826, 290
2026/09/22 17:36:15.856, 0, 12288, 11826, 290
2026/09/22 17:36:16.063, 0, 12288, 11826, 290
2026/09/22 17:36:16.269, 0, 12288, 11826, 290
2026/09/22 17:36:16.477, 0, 12288, 11826, 290
2026/09/22 17:36:16.684, 0, 12288, 11826, 290
2026/09/22 17:36:16.892, 0, 12288, 11826, 290
2026/09/22 17:36:17.099, 0, 12288, 11826, 290
2026/09/22 17:36:17.307, 0, 12288, 11826, 290
2026/09/22 17:36:17.515, 0, 12288, 11826, 290
2026/09/22 17:36:17.722, 0, 12288, 11826, 290
2026/09/22 17:36:17.929, 0, 12288, 11826, 290
2026/09/22 17:36:18.136, 0, 12288, 11826, 290
2026/09/22 17:36:18.343, 0, 12288, 11826, 290
2026/09/22 17:36:18.548, 0, 12288, 11826, 290
2026/09/22 17:36:18.755, 0, 12288, 11826, 290
2026/09/22 17:36:18.963, 0, 12288, 11826, 290
2026/09/22 17:36:19.171, 0, 12288, 11826, 290
2026/09/22 17:36:19.376, 0, 12288, 11826, 290
2026/09/22 17:36:19.584, 0, 12288, 11826, 290
2026/09/22 17:36:19.791, 0, 12288, 11826, 290
2026/09/22 17:36:19.998, 0, 12288, 11826, 290
2026/09/22 17:36:20.205, 0, 12288, 11826, 290
2026/09/22 17:36:20.413, 0, 12288, 11826, 290
2026/09/22 17:36:20.621, 0, 12288, 11826, 290
2026/09/22 17:36:20.827, 0, 12288, 11826, 290
2026/09/22 17:36:21.035, 0, 12288, 11826, 290
2026/09/22 17:36:21.243, 0, 12288, 11826, 290
2026/09/22 17:36:21.449, 0, 12288, 11826, 290
2026/09/22 17:36:21.657, 0, 12288, 11826, 290
2026/09/22 17:36:21.863, 0, 12288, 11826, 290
2026/09/22 17:36:22.070, 0, 12288, 11826, 290
2026/09/22 17:36:22.277, 0, 12288, 11826, 290
2026/09/22 17:36:22.485, 0, 12288, 11826, 290
2026/09/22 17:36:22.708, 0, 12288, 11826, 290
2026/09/22 17:36:22.915, 0, 12288, 11826, 290
2026/09/22 17:36:23.123, 0, 12288, 11826, 290
2026/09/22 17:36:23.331, 0, 12288, 11826, 290
2026/09/22 17:36:23.538, 0, 12288, 11826, 290
2026/09/22 17:36:23.746, 0, 12288, 11826, 290
2026/09/22 17:36:23.953, 0, 12288, 11826, 290
2026/09/22 17:36:24.159, 0, 12288, 11826, 290
2026/09/22 17:36:24.366, 0, 12288, 11826, 290
2026/09/22 17:36:24.574, 0, 12288, 11826, 290
2026/09/22 17:36:24.782, 0, 12288, 11826, 290
2026/09/22 17:36:24.989, 0, 12288, 11826, 290
2026/09/22 17:36:25.196, 0, 12288, 11826, 290
2026/09/22 17:36:25.404, 0, 12288, 11826, 290
2026/09/22 17:36:25.610, 0, 12288, 11826, 290
2026/09/22 17:36:25.817, 0, 12288, 11826, 290
2026/09/22 17:36:26.025, 0, 12288, 11826, 290
2026/09/22 17:36:26.233, 0, 12288, 11826, 290
2026/09/22 17:36:26.440, 0, 12288, 11826, 290
2026/09/22 17:36:26.647, 0, 12288, 11826, 290
2026/09/22 17:36:26.855, 0, 12288, 11826, 290
2026/09/22 17:36:27.062, 0, 12288, 11826, 290
2026/09/22 17:36:27.269, 0, 12288, 11826, 290
2026/09/22 17:36:27.477, 0, 12288, 11826, 290
2026/09/22 17:36:27.685, 0, 12288, 11826, 290
2026/09/22 17:36:27.891, 0, 12288, 11826, 290
2026/09/22 17:36:28.097, 0, 12288, 11826, 290
2026/09/22 17:36:28.304, 0, 12288, 11826, 290
2026/09/22 17:36:28.512, 0, 12288, 11826, 290
2026/09/22 17:36:28.719, 0, 12288, 11826, 290
2026/09/22 17:36:28.926, 0, 12288, 11826, 290
2026/09/22 17:36:29.133, 0, 12288, 11826, 290
2026/09/22 17:36:29.341, 0, 12288, 11826, 290
2026/09/22 17:36:29.549, 0, 12288, 11826, 290
2026/09/22 17:36:29.757, 0, 12288, 11826, 290
2026/09/22 17:36:29.964, 0, 12288, 11826, 290
2026/09/22 17:36:30.172, 0, 12288, 11826, 290
2026/09/22 17:36:30.379, 0, 12288, 11826, 290
2026/09/22 17:36:30.585, 0, 12288, 11826, 290
2026/09/22 17:36:30.792, 0, 12288, 11826, 290
2026/09/22 17:36:30.998, 0, 12288, 11826, 290
2026/09/22 17:36:31.205, 0, 12288, 11826, 290
2026/09/22 17:36:31.413, 0, 12288, 11826, 290
2026/09/22 17:36:31.619, 0, 12288, 11826, 290
2026/09/22 17:36:31.826, 0, 12288, 11826, 290
2026/09/22 17:36:32.033, 0, 12288, 11826, 290
2026/09/22 17:36:32.241, 0, 12288, 11826, 290
2026/09/22 17:36:32.449, 0, 12288, 11826, 290
2026/09/22 17:36:32.657, 0, 12288, 11826, 290
2026/09/22 17:36:32.865, 0, 12288, 11826, 290
2026/09/22 17:36:33.071, 0, 12288, 11826, 290
2026/09/22 17:36:33.279, 0, 12288, 11826, 290
2026/09/22 17:36:33.485, 0, 12288, 11826, 290
2026/09/22 17:36:33.690, 0, 12288, 11826, 290
2026/09/22 17:36:33.898, 0, 12288, 11826, 290
2026/09/22 17:36:34.105, 0, 12288, 11826, 290
2026/09/22 17:36:34.312, 0, 12288, 11826, 290
2026/09/22 17:36:34.519, 0, 12288, 11826, 290
2026/09/22 17:36:34.727, 0, 12288, 11826, 290
2026/09/22 17:36:34.933, 0, 12288, 11826, 290
2026/09/22 17:36:35.141, 0, 12288, 11826, 290
2026/09/22 17:36:35.345, 0, 12288, 11826, 290
2026/09/22 17:36:35.549, 0, 12288, 11826, 290
2026/09/22 17:36:35.755, 0, 12288, 11826, 290
2026/09/22 17:36:35.962, 0, 12288, 11826, 290
2026/09/22 17:36:36.165, 0, 12288, 11826, 290
2026/09/22 17:36:36.373, 0, 12288, 11826, 290
2026/09/22 17:36:36.579, 0, 12288, 11826, 290
2026/09/22 17:36:36.786, 0, 12288, 11826, 290
2026/09/22 17:36:36.993, 0, 12288, 11826, 290
2026/09/22 17:36:37.201, 0, 12288, 11826, 290
2026/09/22 17:36:37.407, 0, 12288, 11826, 290
2026/09/22 17:36:37.613, 0, 12288, 11826, 290
2026/09/22 17:36:37.821, 0, 12288, 11826, 290
2026/09/22 17:36:38.028, 0, 12288, 11826, 290
2026/09/22 17:36:38.236, 0, 12288, 11826, 290
2026/09/22 17:36:38.443, 0, 12288, 11826, 290
2026/09/22 17:36:38.651, 0, 12288, 11826, 290
2026/09/22 17:36:38.857, 0, 12288, 11826, 290
2026/09/22 17:36:39.065, 0, 12288, 11826, 290
2026/09/22 17:36:39.272, 0, 12288, 11826, 290
2026/09/22 17:36:39.480, 0, 12288, 11826, 290
2026/09/22 17:36:39.687, 0, 12288, 11826, 290
2026/09/22 17:36:39.895, 0, 12288, 11826, 290
2026/09/22 17:36:40.101, 0, 12288, 11826, 290
2026/09/22 17:36:40.309, 0, 12288, 11826, 290
2026/09/22 17:36:40.517, 0, 12288, 11826, 290
2026/09/22 17:36:40.724, 0, 12288, 11826, 290
2026/09/22 17:36:40.931, 0, 12288, 11826, 290
2026/09/22 17:36:41.138, 0, 12288, 11826, 290
2026/09/22 17:36:41.346, 0, 12288, 11826, 290
2026/09/22 17:36:41.552, 0, 12288, 11826, 290
2026/09/22 17:36:41.759, 0, 12288, 11826, 290
2026/09/22 17:36:41.967, 0, 12288, 11826, 290
2026/09/22 17:36:42.175, 0, 12288, 11826, 290
2026/09/22 17:36:42.382, 0, 12288, 11826, 290
2026/09/22 17:36:42.590, 0, 12288, 11826, 290
2026/09/22 17:36:42.796, 0, 12288, 11826, 290
2026/09/22 17:36:43.003, 0, 12288, 11826, 290
2026/09/22 17:36:43.211, 0, 12288, 11826, 290
2026/09/22 17:36:43.418, 0, 12288, 11826, 290
2026/09/22 17:36:43.625, 0, 12288, 11826, 290
2026/09/22 17:36:43.832, 0, 12288, 11826, 290
2026/09/22 17:36:44.040, 0, 12288, 11826, 290
2026/09/22 17:36:44.248, 0, 12288, 11826, 290
2026/09/22 17:36:44.454, 0, 12288, 11826, 290
2026/09/22 17:36:44.659, 0, 12288, 11826, 290
2026/09/22 17:36:44.867, 0, 12288, 11826, 290
2026/09/22 17:36:45.075, 0, 12288, 11826, 290
2026/09/22 17:36:45.282, 0, 12288, 11826, 290
2026/09/22 17:36:45.488, 0, 12288, 11826, 290
2026/09/22 17:36:45.695, 0, 12288, 11826, 290
2026/09/22 17:36:45.903, 0, 12288, 11826, 290
2026/09/22 17:36:46.109, 0, 12288, 11826, 290
2026/09/22 17:36:46.315, 0, 12288, 11826, 290
2026/09/22 17:36:46.523, 0, 12288, 11826, 290
2026/09/22 17:36:46.731, 0, 12288, 11826, 290
2026/09/22 17:36:46.939, 0, 12288, 11826, 290
2026/09/22 17:36:47.146, 0, 12288, 11826, 290
2026/09/22 17:36:47.354, 0, 12288, 11826, 290
2026/09/22 17:36:47.561, 0, 12288, 11826, 290
2026/09/22 17:36:47.768, 0, 12288, 11826, 290
2026/09/22 17:36:47.975, 0, 12288, 11826, 290
2026/09/22 17:36:48.182, 0, 12288, 11826, 290
2026/09/22 17:36:48.390, 0, 12288, 11826, 290
2026/09/22 17:36:48.596, 0, 12288, 11826, 290
2026/09/22 17:36:48.804, 0, 12288, 11826, 290
2026/09/22 17:36:49.012, 0, 12288, 11826, 290
2026/09/22 17:36:49.220, 0, 12288, 11826, 290
2026/09/22 17:36:49.427, 0, 12288, 11826, 290
2026/09/22 17:36:49.634, 0, 12288, 11826, 290
2026/09/22 17:36:49.842, 0, 12288, 11826, 290
2026/09/22 17:36:50.050, 0, 12288, 11826, 290
2026/09/22 17:36:50.256, 0, 12288, 11826, 290
2026/09/22 17:36:50.463, 0, 12288, 11826, 290
2026/09/22 17:36:50.671, 0, 12288, 11826, 290
2026/09/22 17:36:50.879, 0, 12288, 11826, 290
2026/09/22 17:36:51.087, 0, 12288, 11826, 290
2026/09/22 17:36:51.295, 0, 12288, 11826, 290
2026/09/22 17:36:51.503, 0, 12288, 11826, 290
2026/09/22 17:36:51.711, 0, 12288, 11828, 288
2026/09/22 17:36:51.919, 0, 12288, 11828, 288
2026/09/22 17:36:52.127, 0, 12288, 11828, 288
2026/09/22 17:36:52.335, 0, 12288, 11828, 288
2026/09/22 17:36:52.543, 0, 12288, 11828, 288
2026/09/22 17:36:52.750, 0, 12288, 11828, 288
2026/09/22 17:36:52.955, 0, 12288, 11828, 288
2026/09/22 17:36:53.163, 0, 12288, 11828, 288
2026/09/22 17:36:53.370, 0, 12288, 11828, 288
2026/09/22 17:36:53.578, 0, 12288, 11828, 288
2026/09/22 17:36:53.783, 0, 12288, 11828, 288
2026/09/22 17:36:53.991, 0, 12288, 11828, 288
2026/09/22 17:36:54.199, 0, 12288, 11828, 288
2026/09/22 17:36:54.405, 0, 12288, 11828, 288
2026/09/22 17:36:54.611, 0, 12288, 11828, 288
2026/09/22 17:36:54.817, 0, 12288, 11828, 288
2026/09/22 17:36:55.025, 0, 12288, 11828, 288
2026/09/22 17:36:55.233, 0, 12288, 11828, 288
2026/09/22 17:36:55.441, 0, 12288, 11828, 288
2026/09/22 17:36:55.649, 0, 12288, 11828, 288
2026/09/22 17:36:55.856, 0, 12288, 11828, 288
2026/09/22 17:36:56.062, 0, 12288, 11828, 288
2026/09/22 17:36:56.269, 0, 12288, 11828, 288
2026/09/22 17:36:56.476, 0, 12288, 11828, 288
2026/09/22 17:36:56.684, 0, 12288, 11828, 288
2026/09/22 17:36:56.890, 0, 12288, 11828, 288
2026/09/22 17:36:57.097, 0, 12288, 11828, 288
2026/09/22 17:36:57.305, 0, 12288, 11828, 288
2026/09/22 17:36:57.513, 0, 12288, 11828, 288
2026/09/22 17:36:57.719, 0, 12288, 11828, 288
2026/09/22 17:36:57.926, 0, 12288, 11828, 288
2026/09/22 17:36:58.149, 0, 12288, 11828, 288
2026/09/22 17:36:58.356, 0, 12288, 11828, 288
2026/09/22 17:36:58.564, 0, 12288, 11828, 288
2026/09/22 17:36:58.772, 0, 12288, 11828, 288
2026/09/22 17:36:58.979, 0, 12288, 11828, 288
2026/09/22 17:36:59.187, 0, 12288, 11828, 288
2026/09/22 17:36:59.395, 0, 12288, 11828, 288
2026/09/22 17:36:59.603, 0, 12288, 11828, 288
2026/09/22 17:36:59.811, 0, 12288, 11828, 288
2026/09/22 17:37:00.019, 0, 12288, 11828, 288
2026/09/22 17:37:00.227, 0, 12288, 11828, 288
2026/09/22 17:37:00.434, 0, 12288, 11828, 288
2026/09/22 17:37:00.642, 0, 12288, 11828, 288
2026/09/22 17:37:00.849, 0, 12288, 11828, 288
2026/09/22 17:37:01.057, 0, 12288, 11828, 288
2026/09/22 17:37:01.265, 0, 12288, 11828, 288
2026/09/22 17:37:01.470, 0, 12288, 11828, 288
2026/09/22 17:37:01.678, 0, 12288, 11828, 288
2026/09/22 17:37:01.885, 0, 12288, 11828, 288
2026/09/22 17:37:02.092, 0, 12288, 11828, 288
2026/09/22 17:37:02.298, 0, 12288, 11828, 288
2026/09/22 17:37:02.506, 0, 12288, 11828, 288
2026/09/22 17:37:02.713, 0, 12288, 11828, 288
2026/09/22 17:37:02.920, 0, 12288, 11828, 288
2026/09/22 17:37:03.125, 0, 12288, 11828, 288
2026/09/22 17:37:03.333, 0, 12288, 11828, 288
2026/09/22 17:37:03.541, 0, 12288, 11828, 288
2026/09/22 17:37:03.749, 0, 12288, 11828, 288
2026/09/22 17:37:03.957, 0, 12288, 11828, 288
2026/09/22 17:37:04.163, 0, 12288, 11828, 288
2026/09/22 17:37:04.371, 0, 12288, 11828, 288
2026/09/22 17:37:04.579, 0, 12288, 11828, 288
2026/09/22 17:37:04.786, 0, 12288, 11828, 288
2026/09/22 17:37:04.994, 0, 12288, 11828, 288
2026/09/22 17:37:05.202, 0, 12288, 11828, 288
2026/09/22 17:37:05.410, 0, 12288, 11828, 288
2026/09/22 17:37:05.617, 0, 12288, 11828, 288
2026/09/22 17:37:05.825, 0, 12288, 11828, 288
2026/09/22 17:37:06.032, 0, 12288, 11828, 288
2026/09/22 17:37:06.239, 0, 12288, 11828, 288
2026/09/22 17:37:06.446, 0, 12288, 11828, 288
2026/09/22 17:37:06.654, 0, 12288, 11828, 288
2026/09/22 17:37:06.860, 0, 12288, 11828, 288
2026/09/22 17:37:07.068, 0, 12288, 11828, 288
2026/09/22 17:37:07.276, 0, 12288, 11828, 288
2026/09/22 17:37:07.483, 0, 12288, 11828, 288
2026/09/22 17:37:07.690, 0, 12288, 11828, 288
2026/09/22 17:37:07.896, 0, 12288, 11828, 288
2026/09/22 17:37:08.104, 0, 12288, 11828, 288
2026/09/22 17:37:08.311, 0, 12288, 11828, 288
2026/09/22 17:37:08.519, 0, 12288, 11828, 288
2026/09/22 17:37:08.727, 0, 12288, 11828, 288
2026/09/22 17:37:08.934, 0, 12288, 11828, 288
2026/09/22 17:37:09.141, 0, 12288, 11828, 288
2026/09/22 17:37:09.346, 0, 12288, 11828, 288
2026/09/22 17:37:09.553, 0, 12288, 11828, 288
2026/09/22 17:37:09.756, 0, 12288, 11828, 288
2026/09/22 17:37:09.962, 0, 12288, 11828, 288
2026/09/22 17:37:10.169, 0, 12288, 11828, 288
2026/09/22 17:37:10.377, 0, 12288, 11828, 288
2026/09/22 17:37:10.584, 0, 12288, 11828, 288
2026/09/22 17:37:10.791, 0, 12288, 11828, 288
2026/09/22 17:37:11.000, 0, 12288, 11828, 288
2026/09/22 17:37:11.206, 0, 12288, 11828, 288
2026/09/22 17:37:11.412, 0, 12288, 11828, 288
2026/09/22 17:37:11.618, 0, 12288, 11828, 288
2026/09/22 17:37:11.826, 0, 12288, 11828, 288
2026/09/22 17:37:12.033, 0, 12288, 11828, 288
2026/09/22 17:37:12.241, 0, 12288, 11828, 288
2026/09/22 17:37:12.448, 0, 12288, 11828, 288
2026/09/22 17:37:12.655, 0, 12288, 11828, 288
2026/09/22 17:37:12.860, 0, 12288, 11828, 288
2026/09/22 17:37:13.068, 0, 12288, 11828, 288
2026/09/22 17:37:13.275, 0, 12288, 11828, 288
2026/09/22 17:37:13.483, 0, 12288, 11828, 288
2026/09/22 17:37:13.689, 0, 12288, 11828, 288
2026/09/22 17:37:13.897, 0, 12288, 11828, 288
2026/09/22 17:37:14.105, 0, 12288, 11828, 288
2026/09/22 17:37:14.314, 0, 12288, 11828, 288
2026/09/22 17:37:14.520, 0, 12288, 11828, 288
2026/09/22 17:37:14.727, 0, 12288, 11828, 288
2026/09/22 17:37:14.934, 0, 12288, 11828, 288
2026/09/22 17:37:15.141, 0, 12288, 11828, 288
2026/09/22 17:37:15.343, 0, 12288, 11828, 288
2026/09/22 17:37:15.549, 0, 12288, 11828, 288
2026/09/22 17:37:15.756, 0, 12288, 11828, 288
2026/09/22 17:37:15.963, 0, 12288, 11828, 288
2026/09/22 17:37:16.171, 0, 12288, 11828, 288
2026/09/22 17:37:16.376, 0, 12288, 11828, 288
2026/09/22 17:37:16.583, 0, 12288, 11828, 288
2026/09/22 17:37:16.790, 0, 12288, 11828, 288
2026/09/22 17:37:16.996, 0, 12288, 11828, 288
2026/09/22 17:37:17.217, 0, 12288, 11828, 288
2026/09/22 17:37:17.423, 0, 12288, 11828, 288
2026/09/22 17:37:17.629, 0, 12288, 11828, 288
2026/09/22 17:37:17.836, 0, 12288, 11828, 288
2026/09/22 17:37:18.043, 0, 12288, 11828, 288
2026/09/22 17:37:18.251, 0, 12288, 11828, 288
2026/09/22 17:37:18.459, 0, 12288, 11828, 288
2026/09/22 17:37:18.667, 0, 12288, 11828, 288
2026/09/22 17:37:18.874, 0, 12288, 11828, 288
2026/09/22 17:37:19.080, 0, 12288, 11828, 288
2026/09/22 17:37:19.288, 0, 12288, 11828, 288
2026/09/22 17:37:19.495, 0, 12288, 11828, 288
2026/09/22 17:37:19.703, 0, 12288, 11828, 288
2026/09/22 17:37:19.908, 0, 12288, 11828, 288
2026/09/22 17:37:20.116, 0, 12288, 11828, 288
2026/09/22 17:37:20.323, 0, 12288, 11828, 288
2026/09/22 17:37:20.531, 0, 12288, 11828, 288
2026/09/22 17:37:20.738, 0, 12288, 11828, 288
2026/09/22 17:37:20.945, 0, 12288, 11828, 288
2026/09/22 17:37:21.151, 0, 12288, 11828, 288
2026/09/22 17:37:21.359, 0, 12288, 11828, 288
2026/09/22 17:37:21.566, 0, 12288, 11828, 288
2026/09/22 17:37:21.774, 0, 12288, 11828, 288
2026/09/22 17:37:21.980, 0, 12288, 11828, 288
2026/09/22 17:37:22.188, 0, 12288, 11828, 288
2026/09/22 17:37:22.396, 0, 12288, 11828, 288
2026/09/22 17:37:22.603, 0, 12288, 11828, 288
2026/09/22 17:37:22.811, 0, 12288, 11828, 288
2026/09/22 17:37:23.019, 0, 12288, 11828, 288
2026/09/22 17:37:23.227, 0, 12288, 11828, 288
2026/09/22 17:37:23.435, 0, 12288, 11828, 288
2026/09/22 17:37:23.641, 0, 12288, 11828, 288
2026/09/22 17:37:23.846, 0, 12288, 11828, 288
2026/09/22 17:37:24.054, 0, 12288, 11828, 288
2026/09/22 17:37:24.262, 0, 12288, 11828, 288
2026/09/22 17:37:24.470, 0, 12288, 11828, 288
2026/09/22 17:37:24.677, 0, 12288, 11828, 288
2026/09/22 17:37:24.885, 0, 12288, 11828, 288
2026/09/22 17:37:25.093, 0, 12288, 11828, 288
2026/09/22 17:37:25.299, 0, 12288, 11828, 288
2026/09/22 17:37:25.507, 0, 12288, 11828, 288
2026/09/22 17:37:25.714, 0, 12288, 11828, 288
2026/09/22 17:37:25.922, 0, 12288, 11828, 288
2026/09/22 17:37:26.129, 0, 12288, 11828, 288
2026/09/22 17:37:26.337, 0, 12288, 11828, 288
2026/09/22 17:37:26.545, 0, 12288, 11828, 288
2026/09/22 17:37:26.753, 0, 12288, 11828, 288
2026/09/22 17:37:26.960, 0, 12288, 11828, 288
2026/09/22 17:37:27.167, 0, 12288, 11828, 288
2026/09/22 17:37:27.375, 0, 12288, 11828, 288
2026/09/22 17:37:27.582, 0, 12288, 11828, 288
2026/09/22 17:37:27.789, 0, 12288, 11828, 288
2026/09/22 17:37:27.997, 0, 12288, 11828, 288
2026/09/22 17:37:28.205, 0, 12288, 11828, 288
2026/09/22 17:37:28.411, 0, 12288, 11828, 288
2026/09/22 17:37:28.618, 0, 12288, 11828, 288
2026/09/22 17:37:28.826, 0, 12288, 11828, 288
2026/09/22 17:37:29.032, 0, 12288, 11828, 288
2026/09/22 17:37:29.239, 0, 12288, 11828, 288
2026/09/22 17:37:29.446, 0, 12288, 11828, 288
2026/09/22 17:37:29.654, 0, 12288, 11828, 288
2026/09/22 17:37:29.862, 0, 12288, 11828, 288
2026/09/22 17:37:30.069, 0, 12288, 11828, 288
2026/09/22 17:37:30.277, 0, 12288, 11828, 288
2026/09/22 17:37:30.485, 0, 12288, 11828, 288
2026/09/22 17:37:30.693, 0, 12288, 11828, 288
2026/09/22 17:37:30.901, 0, 12288, 11828, 288
2026/09/22 17:37:31.109, 0, 12288, 11828, 288
2026/09/22 17:37:31.316, 0, 12288, 11828, 288
2026/09/22 17:37:31.524, 0, 12288, 11828, 288
2026/09/22 17:37:31.732, 0, 12288, 11828, 288
2026/09/22 17:37:31.939, 0, 12288, 11828, 288
2026/09/22 17:37:32.145, 0, 12288, 11828, 288
2026/09/22 17:37:32.350, 0, 12288, 11828, 288
2026/09/22 17:37:32.558, 0, 12288, 11828, 288
2026/09/22 17:37:32.766, 0, 12288, 11828, 288
2026/09/22 17:37:32.974, 0, 12288, 11828, 288
2026/09/22 17:37:33.181, 0, 12288, 11828, 288
2026/09/22 17:37:33.388, 0, 12288, 11828, 288
2026/09/22 17:37:33.595, 0, 12288, 11828, 288
2026/09/22 17:37:33.803, 0, 12288, 11828, 288
2026/09/22 17:37:34.011, 0, 12288, 11828, 288
2026/09/22 17:37:34.218, 0, 12288, 11828, 288
2026/09/22 17:37:34.425, 0, 12288, 11828, 288
2026/09/22 17:37:34.632, 0, 12288, 11828, 288
2026/09/22 17:37:34.840, 0, 12288, 11828, 288
2026/09/22 17:37:35.047, 0, 12288, 11828, 288
2026/09/22 17:37:35.255, 0, 12288, 11828, 288
2026/09/22 17:37:35.462, 0, 12288, 11828, 288
2026/09/22 17:37:35.667, 0, 12288, 11828, 288
2026/09/22 17:37:35.874, 0, 12288, 11828, 288
2026/09/22 17:37:36.082, 0, 12288, 11828, 288
2026/09/22 17:37:36.306, 0, 12288, 11828, 288
2026/09/22 17:37:36.512, 0, 12288, 11828, 288
2026/09/22 17:37:36.719, 0, 12288, 11828, 288
2026/09/22 17:37:36.925, 0, 12288, 11828, 288
2026/09/22 17:37:37.132, 0, 12288, 11828, 288
2026/09/22 17:37:37.339, 0, 12288, 11828, 288
2026/09/22 17:37:37.547, 0, 12288, 11828, 288
2026/09/22 17:37:37.753, 0, 12288, 11828, 288
2026/09/22 17:37:37.961, 0, 12288, 11828, 288
2026/09/22 17:37:38.168, 0, 12288, 11828, 288
2026/09/22 17:37:38.375, 0, 12288, 11828, 288
2026/09/22 17:37:38.583, 0, 12288, 11828, 288
2026/09/22 17:37:38.790, 0, 12288, 11828, 288
2026/09/22 17:37:38.997, 0, 12288, 11828, 288
2026/09/22 17:37:39.203, 0, 12288, 11828, 288
2026/09/22 17:37:39.409, 0, 12288, 11828, 288
2026/09/22 17:37:39.616, 0, 12288, 11828, 288
2026/09/22 17:37:39.823, 0, 12288, 11828, 288
2026/09/22 17:37:40.027, 0, 12288, 11828, 288
2026/09/22 17:37:40.234, 0, 12288, 11828, 288
2026/09/22 17:37:40.440, 0, 12288, 11828, 288
2026/09/22 17:37:40.646, 0, 12288, 11828, 288
2026/09/22 17:37:40.854, 0, 12288, 11828, 288
2026/09/22 17:37:41.062, 0, 12288, 11828, 288
2026/09/22 17:37:41.268, 0, 12288, 11828, 288
2026/09/22 17:37:41.474, 0, 12288, 11828, 288
2026/09/22 17:37:41.681, 0, 12288, 11828, 288
2026/09/22 17:37:41.889, 0, 12288, 11828, 288
2026/09/22 17:37:42.094, 0, 12288, 11828, 288
2026/09/22 17:37:42.302, 0, 12288, 11828, 288
2026/09/22 17:37:42.509, 0, 12288, 11828, 288
2026/09/22 17:37:42.717, 0, 12288, 11828, 288
2026/09/22 17:37:42.923, 0, 12288, 11828, 288
2026/09/22 17:37:43.131, 0, 12288, 11828, 288
2026/09/22 17:37:43.339, 0, 12288, 11828, 288
2026/09/22 17:37:43.546, 0, 12288, 11828, 288
2026/09/22 17:37:43.753, 0, 12288, 11828, 288
2026/09/22 17:37:43.960, 0, 12288, 11828, 288
2026/09/22 17:37:44.167, 0, 12288, 11828, 288
2026/09/22 17:37:44.375, 0, 12288, 11828, 288
2026/09/22 17:37:44.581, 0, 12288, 11828, 288
2026/09/22 17:37:44.789, 0, 12288, 11828, 288
2026/09/22 17:37:44.997, 0, 12288, 11828, 288
2026/09/22 17:37:45.205, 0, 12288, 11828, 288
2026/09/22 17:37:45.413, 0, 12288, 11828, 288
2026/09/22 17:37:45.621, 0, 12288, 11828, 288
2026/09/22 17:37:45.828, 0, 12288, 11828, 288
2026/09/22 17:37:46.033, 0, 12288, 11828, 288
2026/09/22 17:37:46.239, 0, 12288, 11828, 288
2026/09/22 17:37:46.447, 0, 12288, 11828, 288
2026/09/22 17:37:46.654, 0, 12288, 11828, 288
2026/09/22 17:37:46.861, 0, 12288, 11828, 288
2026/09/22 17:37:47.068, 0, 12288, 11828, 288
2026/09/22 17:37:47.274, 0, 12288, 11828, 288
2026/09/22 17:37:47.481, 0, 12288, 11828, 288
2026/09/22 17:37:47.689, 0, 12288, 11828, 288
2026/09/22 17:37:47.897, 0, 12288, 11828, 288
2026/09/22 17:37:48.104, 0, 12288, 11828, 288
2026/09/22 17:37:48.312, 0, 12288, 11828, 288
2026/09/22 17:37:48.519, 0, 12288, 11828, 288
2026/09/22 17:37:48.726, 0, 12288, 11828, 288
2026/09/22 17:37:48.934, 0, 12288, 11828, 288
2026/09/22 17:37:49.140, 0, 12288, 11828, 288
2026/09/22 17:37:49.347, 0, 12288, 11828, 288
2026/09/22 17:37:49.555, 0, 12288, 11828, 288
2026/09/22 17:37:49.763, 0, 12288, 11828, 288
2026/09/22 17:37:49.970, 0, 12288, 11828, 288
2026/09/22 17:37:50.177, 0, 12288, 11828, 288
2026/09/22 17:37:50.385, 0, 12288, 11828, 288
2026/09/22 17:37:50.593, 0, 12288, 11828, 288
2026/09/22 17:37:50.800, 0, 12288, 11828, 288
2026/09/22 17:37:51.008, 0, 12288, 11828, 288
2026/09/22 17:37:51.214, 0, 12288, 11828, 288
2026/09/22 17:37:51.422, 0, 12288, 11828, 288
2026/09/22 17:37:51.627, 0, 12288, 11828, 288
2026/09/22 17:37:51.835, 0, 12288, 11828, 288
2026/09/22 17:37:52.042, 0, 12288, 11828, 288
2026/09/22 17:37:52.250, 0, 12288, 11828, 288
2026/09/22 17:37:52.458, 0, 12288, 11828, 288
2026/09/22 17:37:52.664, 0, 12288, 11828, 288
2026/09/22 17:37:52.872, 0, 12288, 11828, 288
2026/09/22 17:37:53.078, 0, 12288, 11828, 288
2026/09/22 17:37:53.284, 0, 12288, 11828, 288
2026/09/22 17:37:53.492, 0, 12288, 11828, 288
2026/09/22 17:37:53.699, 0, 12288, 11828, 288
2026/09/22 17:37:53.905, 0, 12288, 11828, 288
2026/09/22 17:37:54.113, 0, 12288, 11828, 288
2026/09/22 17:37:54.320, 0, 12288, 11828, 288
2026/09/22 17:37:54.525, 0, 12288, 11828, 288
2026/09/22 17:37:54.733, 0, 12288, 11828, 288
2026/09/22 17:37:54.941, 0, 12288, 11828, 288
2026/09/22 17:37:55.149, 0, 12288, 11828, 288
2026/09/22 17:37:55.357, 0, 12288, 11828, 288
2026/09/22 17:37:55.564, 0, 12288, 11828, 288
2026/09/22 17:37:55.771, 0, 12288, 11828, 288
2026/09/22 17:37:55.979, 0, 12288, 11828, 288
2026/09/22 17:37:56.186, 0, 12288, 11828, 288
2026/09/22 17:37:56.393, 0, 12288, 11828, 288
2026/09/22 17:37:56.599, 0, 12288, 11828, 288
2026/09/22 17:37:56.807, 0, 12288, 11828, 288
2026/09/22 17:37:57.015, 0, 12288, 11830, 286
2026/09/22 17:37:57.223, 0, 12288, 11830, 286
2026/09/22 17:37:57.431, 0, 12288, 11830, 286
2026/09/22 17:37:57.639, 0, 12288, 11830, 286
2026/09/22 17:37:57.847, 0, 12288, 11830, 286
2026/09/22 17:37:58.054, 0, 12288, 11830, 286
2026/09/22 17:37:58.262, 0, 12288, 11830, 286
2026/09/22 17:37:58.468, 0, 12288, 11830, 286
2026/09/22 17:37:58.675, 0, 12288, 11830, 286
2026/09/22 17:37:58.882, 0, 12288, 11830, 286
2026/09/22 17:37:59.089, 0, 12288, 11830, 286
2026/09/22 17:37:59.297, 0, 12288, 11830, 286
2026/09/22 17:37:59.503, 0, 12288, 11830, 286
2026/09/22 17:37:59.710, 0, 12288, 11830, 286
2026/09/22 17:37:59.918, 0, 12288, 11830, 286
2026/09/22 17:38:00.125, 0, 12288, 11830, 286
2026/09/22 17:38:00.333, 0, 12288, 11830, 286
2026/09/22 17:38:00.540, 0, 12288, 11830, 286
2026/09/22 17:38:00.747, 0, 12288, 11830, 286
2026/09/22 17:38:00.955, 0, 12288, 11830, 286
2026/09/22 17:38:01.162, 0, 12288, 11830, 286
2026/09/22 17:38:01.370, 0, 12288, 11830, 286
2026/09/22 17:38:01.578, 0, 12288, 11830, 286
2026/09/22 17:38:01.781, 0, 12288, 11830, 286
2026/09/22 17:38:01.985, 0, 12288, 11830, 286
2026/09/22 17:38:02.193, 0, 12288, 11830, 286
2026/09/22 17:38:02.399, 0, 12288, 11830, 286
2026/09/22 17:38:02.607, 0, 12288, 11830, 286
2026/09/22 17:38:02.813, 0, 12288, 11830, 286
2026/09/22 17:38:03.020, 0, 12288, 11830, 286
2026/09/22 17:38:03.227, 0, 12288, 11830, 286
2026/09/22 17:38:03.435, 0, 12288, 11830, 286
2026/09/22 17:38:03.643, 0, 12288, 11830, 286
2026/09/22 17:38:03.849, 0, 12288, 11830, 286
2026/09/22 17:38:04.057, 0, 12288, 11830, 286
2026/09/22 17:38:04.265, 0, 12288, 11830, 286
2026/09/22 17:38:04.472, 0, 12288, 11830, 286
2026/09/22 17:38:04.679, 0, 12288, 11830, 286
2026/09/22 17:38:04.887, 0, 12288, 11830, 286
2026/09/22 17:38:05.094, 0, 12288, 11830, 286
2026/09/22 17:38:05.301, 0, 12288, 11830, 286
2026/09/22 17:38:05.508, 0, 12288, 11830, 286
2026/09/22 17:38:05.715, 0, 12288, 11830, 286
2026/09/22 17:38:05.921, 0, 12288, 11830, 286
2026/09/22 17:38:06.129, 0, 12288, 11830, 286
2026/09/22 17:38:06.337, 0, 12288, 11830, 286
2026/09/22 17:38:06.544, 0, 12288, 11830, 286
2026/09/22 17:38:06.751, 0, 12288, 11830, 286
2026/09/22 17:38:06.959, 0, 12288, 11830, 286
2026/09/22 17:38:07.166, 0, 12288, 11830, 286
2026/09/22 17:38:07.374, 0, 12288, 11830, 286
2026/09/22 17:38:07.578, 0, 12288, 11830, 286
2026/09/22 17:38:07.786, 0, 12288, 11830, 286
2026/09/22 17:38:07.992, 0, 12288, 11830, 286
2026/09/22 17:38:08.200, 0, 12288, 11830, 286
2026/09/22 17:38:08.407, 0, 12288, 11830, 286
2026/09/22 17:38:08.614, 0, 12288, 11830, 286
2026/09/22 17:38:08.821, 0, 12288, 11830, 286
2026/09/22 17:38:09.029, 0, 12288, 11830, 286
2026/09/22 17:38:09.236, 0, 12288, 11830, 286
2026/09/22 17:38:09.443, 0, 12288, 11830, 286
2026/09/22 17:38:09.651, 0, 12288, 11830, 286
2026/09/22 17:38:09.859, 0, 12288, 11830, 286
2026/09/22 17:38:10.066, 0, 12288, 11830, 286
2026/09/22 17:38:10.273, 0, 12288, 11830, 286
2026/09/22 17:38:10.481, 0, 12288, 11830, 286
2026/09/22 17:38:10.689, 0, 12288, 11830, 286
2026/09/22 17:38:10.896, 0, 12288, 11830, 286
2026/09/22 17:38:11.104, 0, 12288, 11830, 286
2026/09/22 17:38:11.311, 0, 12288, 11830, 286
2026/09/22 17:38:11.519, 0, 12288, 11830, 286
2026/09/22 17:38:11.727, 0, 12288, 11830, 286
2026/09/22 17:38:11.935, 0, 12288, 11830, 286
2026/09/22 17:38:12.143, 0, 12288, 11830, 286
2026/09/22 17:38:12.350, 0, 12288, 11830, 286
2026/09/22 17:38:12.558, 0, 12288, 11830, 286
2026/09/22 17:38:12.764, 0, 12288, 11830, 286
2026/09/22 17:38:12.971, 0, 12288, 11830, 286
2026/09/22 17:38:13.179, 0, 12288, 11830, 286
2026/09/22 17:38:13.387, 0, 12288, 11830, 286
2026/09/22 17:38:13.595, 0, 12288, 11830, 286
2026/09/22 17:38:13.803, 0, 12288, 11830, 286
2026/09/22 17:38:14.010, 0, 12288, 11830, 286
2026/09/22 17:38:14.218, 0, 12288, 11830, 286
2026/09/22 17:38:14.424, 0, 12288, 11830, 286
2026/09/22 17:38:14.631, 0, 12288, 11830, 286
2026/09/22 17:38:14.837, 0, 12288, 11830, 286
2026/09/22 17:38:15.044, 0, 12288, 11830, 286
2026/09/22 17:38:15.251, 0, 12288, 11830, 286
2026/09/22 17:38:15.458, 0, 12288, 11830, 286
2026/09/22 17:38:15.665, 0, 12288, 11830, 286
2026/09/22 17:38:15.872, 0, 12288, 11830, 286
2026/09/22 17:38:16.079, 0, 12288, 11830, 286
2026/09/22 17:38:16.286, 0, 12288, 11830, 286
2026/09/22 17:38:16.493, 0, 12288, 11830, 286
2026/09/22 17:38:16.701, 0, 12288, 11830, 286
2026/09/22 17:38:16.907, 0, 12288, 11830, 286
2026/09/22 17:38:17.115, 0, 12288, 11830, 286
2026/09/22 17:38:17.323, 0, 12288, 11830, 286
2026/09/22 17:38:17.531, 0, 12288, 11830, 286
2026/09/22 17:38:17.739, 0, 12288, 11830, 286
2026/09/22 17:38:17.946, 0, 12288, 11830, 286
2026/09/22 17:38:18.154, 0, 12288, 11830, 286
2026/09/22 17:38:18.362, 0, 12288, 11830, 286
2026/09/22 17:38:18.569, 0, 12288, 11830, 286
2026/09/22 17:38:18.776, 0, 12288, 11830, 286
2026/09/22 17:38:18.984, 0, 12288, 11830, 286
2026/09/22 17:38:19.192, 0, 12288, 11830, 286
2026/09/22 17:38:19.400, 0, 12288, 11830, 286
2026/09/22 17:38:19.608, 0, 12288, 11830, 286
2026/09/22 17:38:19.813, 0, 12288, 11830, 286
2026/09/22 17:38:20.021, 0, 12288, 11830, 286
2026/09/22 17:38:20.229, 0, 12288, 11830, 286
2026/09/22 17:38:20.437, 0, 12288, 11830, 286
2026/09/22 17:38:20.645, 0, 12288, 11830, 286
2026/09/22 17:38:20.853, 0, 12288, 11830, 286
2026/09/22 17:38:21.061, 0, 12288, 11830, 286
2026/09/22 17:38:21.269, 0, 12288, 11830, 286
2026/09/22 17:38:21.477, 0, 12288, 11830, 286
2026/09/22 17:38:21.684, 0, 12288, 11830, 286
2026/09/22 17:38:21.892, 0, 12288, 11830, 286
2026/09/22 17:38:22.100, 0, 12288, 11830, 286
2026/09/22 17:38:22.307, 0, 12288, 11830, 286
2026/09/22 17:38:22.513, 0, 12288, 11830, 286
2026/09/22 17:38:22.719, 0, 12288, 11830, 286
2026/09/22 17:38:22.925, 0, 12288, 11830, 286
2026/09/22 17:38:23.133, 0, 12288, 11830, 286
2026/09/22 17:38:23.340, 0, 12288, 11830, 286
2026/09/22 17:38:23.547, 0, 12288, 11830, 286
2026/09/22 17:38:23.755, 0, 12288, 11830, 286
2026/09/22 17:38:23.962, 0, 12288, 11830, 286
2026/09/22 17:38:24.170, 0, 12288, 11830, 286
2026/09/22 17:38:24.375, 0, 12288, 11830, 286
2026/09/22 17:38:24.582, 0, 12288, 11830, 286
2026/09/22 17:38:24.790, 0, 12288, 11830, 286
2026/09/22 17:38:24.997, 0, 12288, 11830, 286
2026/09/22 17:38:25.204, 0, 12288, 11830, 286
2026/09/22 17:38:25.410, 0, 12288, 11830, 286
2026/09/22 17:38:25.617, 0, 12288, 11830, 286
2026/09/22 17:38:25.824, 0, 12288, 11830, 286
2026/09/22 17:38:26.031, 0, 12288, 11830, 286
2026/09/22 17:38:26.239, 0, 12288, 11830, 286
2026/09/22 17:38:26.447, 0, 12288, 11830, 286
2026/09/22 17:38:26.654, 0, 12288, 11830, 286
2026/09/22 17:38:26.860, 0, 12288, 11830, 286
2026/09/22 17:38:27.068, 0, 12288, 11830, 286
2026/09/22 17:38:27.276, 0, 12288, 11830, 286
2026/09/22 17:38:27.484, 0, 12288, 11830, 286
2026/09/22 17:38:27.691, 0, 12288, 11830, 286
2026/09/22 17:38:27.899, 0, 12288, 11830, 286
2026/09/22 17:38:28.107, 0, 12288, 11830, 286
2026/09/22 17:38:28.314, 0, 12288, 11830, 286
2026/09/22 17:38:28.522, 0, 12288, 11830, 286
2026/09/22 17:38:28.729, 0, 12288, 11830, 286
2026/09/22 17:38:28.936, 0, 12288, 11830, 286
2026/09/22 17:38:29.144, 0, 12288, 11830, 286
2026/09/22 17:38:29.351, 0, 12288, 11830, 286
2026/09/22 17:38:29.557, 0, 12288, 11830, 286
2026/09/22 17:38:29.765, 0, 12288, 11830, 286
2026/09/22 17:38:29.971, 0, 12288, 11830, 286
2026/09/22 17:38:30.179, 0, 12288, 11830, 286
2026/09/22 17:38:30.387, 0, 12288, 11830, 286
2026/09/22 17:38:30.595, 0, 12288, 11830, 286
2026/09/22 17:38:30.802, 0, 12288, 11830, 286
2026/09/22 17:38:31.010, 0, 12288, 11830, 286
2026/09/22 17:38:31.218, 0, 12288, 11830, 286
2026/09/22 17:38:31.422, 0, 12288, 11830, 286
2026/09/22 17:38:31.629, 0, 12288, 11830, 286
2026/09/22 17:38:31.837, 0, 12288, 11830, 286
2026/09/22 17:38:32.045, 0, 12288, 11830, 286
2026/09/22 17:38:32.253, 0, 12288, 11830, 286
2026/09/22 17:38:32.460, 0, 12288, 11830, 286
2026/09/22 17:38:32.667, 0, 12288, 11830, 286
2026/09/22 17:38:32.874, 0, 12288, 11830, 286
2026/09/22 17:38:33.080, 0, 12288, 11830, 286
2026/09/22 17:38:33.288, 0, 12288, 11830, 286
2026/09/22 17:38:33.496, 0, 12288, 11830, 286
2026/09/22 17:38:33.703, 0, 12288, 11830, 286
2026/09/22 17:38:33.909, 0, 12288, 11830, 286
2026/09/22 17:38:34.116, 0, 12288, 11830, 286
2026/09/22 17:38:34.324, 0, 12288, 11830, 286
2026/09/22 17:38:34.532, 0, 12288, 11830, 286
2026/09/22 17:38:34.739, 0, 12288, 11830, 286
2026/09/22 17:38:34.947, 0, 12288, 11830, 286
2026/09/22 17:38:35.154, 0, 12288, 11830, 286
2026/09/22 17:38:35.359, 0, 12288, 11830, 286
2026/09/22 17:38:35.566, 0, 12288, 11830, 286
2026/09/22 17:38:35.772, 0, 12288, 11830, 286
2026/09/22 17:38:35.978, 0, 12288, 11830, 286
2026/09/22 17:38:36.184, 0, 12288, 11830, 286
2026/09/22 17:38:36.389, 0, 12288, 11830, 286
2026/09/22 17:38:36.594, 0, 12288, 11830, 286
2026/09/22 17:38:36.800, 0, 12288, 11830, 286
2026/09/22 17:38:37.007, 0, 12288, 11830, 286
2026/09/22 17:38:37.215, 0, 12288, 11830, 286
2026/09/22 17:38:37.420, 0, 12288, 11830, 286
2026/09/22 17:38:37.625, 0, 12288, 11830, 286
2026/09/22 17:38:37.829, 0, 12288, 11830, 286
2026/09/22 17:38:38.034, 0, 12288, 11830, 286
2026/09/22 17:38:38.241, 0, 12288, 11830, 286
2026/09/22 17:38:38.449, 0, 12288, 11830, 286
2026/09/22 17:38:38.657, 0, 12288, 11830, 286
2026/09/22 17:38:38.863, 0, 12288, 11830, 286
2026/09/22 17:38:39.070, 0, 12288, 11830, 286
2026/09/22 17:38:39.277, 0, 12288, 11830, 286
2026/09/22 17:38:39.484, 0, 12288, 11830, 286
2026/09/22 17:38:39.691, 0, 12288, 11830, 286
2026/09/22 17:38:39.898, 0, 12288, 11830, 286
2026/09/22 17:38:40.106, 0, 12288, 11830, 286
2026/09/22 17:38:40.313, 0, 12288, 11830, 286
2026/09/22 17:38:40.521, 0, 12288, 11830, 286
2026/09/22 17:38:40.727, 0, 12288, 11830, 286
2026/09/22 17:38:40.935, 0, 12288, 11830, 286
2026/09/22 17:38:41.142, 0, 12288, 11830, 286
2026/09/22 17:38:41.350, 0, 12288, 11830, 286
2026/09/22 17:38:41.558, 0, 12288, 11830, 286
2026/09/22 17:38:41.765, 0, 12288, 11830, 286
2026/09/22 17:38:41.969, 0, 12288, 11830, 286
2026/09/22 17:38:42.176, 0, 12288, 11830, 286
2026/09/22 17:38:42.383, 0, 12288, 11830, 286
2026/09/22 17:38:42.591, 0, 12288, 11830, 286
2026/09/22 17:38:42.798, 0, 12288, 11830, 286
2026/09/22 17:38:43.005, 0, 12288, 11830, 286
2026/09/22 17:38:43.213, 0, 12288, 11830, 286
2026/09/22 17:38:43.420, 0, 12288, 11830, 286
2026/09/22 17:38:43.626, 0, 12288, 11830, 286
2026/09/22 17:38:43.834, 0, 12288, 11830, 286
2026/09/22 17:38:44.042, 0, 12288, 11830, 286
2026/09/22 17:38:44.249, 0, 12288, 11830, 286
2026/09/22 17:38:44.456, 0, 12288, 11830, 286
2026/09/22 17:38:44.662, 0, 12288, 11830, 286
2026/09/22 17:38:44.869, 0, 12288, 11830, 286
2026/09/22 17:38:45.077, 0, 12288, 11830, 286
2026/09/22 17:38:45.282, 0, 12288, 11830, 286
2026/09/22 17:38:45.490, 0, 12288, 11830, 286
2026/09/22 17:38:45.695, 0, 12288, 11830, 286
2026/09/22 17:38:45.902, 0, 12288, 11830, 286
2026/09/22 17:38:46.110, 0, 12288, 11830, 286
2026/09/22 17:38:46.318, 0, 12288, 11830, 286
2026/09/22 17:38:46.525, 0, 12288, 11830, 286
2026/09/22 17:38:46.731, 0, 12288, 11830, 286
2026/09/22 17:38:46.938, 0, 12288, 11830, 286
2026/09/22 17:38:47.146, 0, 12288, 11830, 286
2026/09/22 17:38:47.354, 0, 12288, 11830, 286
2026/09/22 17:38:47.562, 0, 12288, 11830, 286
2026/09/22 17:38:47.770, 0, 12288, 11830, 286
2026/09/22 17:38:47.978, 0, 12288, 11830, 286
2026/09/22 17:38:48.185, 0, 12288, 11830, 286
2026/09/22 17:38:48.391, 0, 12288, 11830, 286
2026/09/22 17:38:48.598, 0, 12288, 11830, 286
2026/09/22 17:38:48.805, 0, 12288, 11830, 286
2026/09/22 17:38:49.013, 0, 12288, 11830, 286
2026/09/22 17:38:49.221, 0, 12288, 11830, 286
2026/09/22 17:38:49.427, 0, 12288, 11830, 286
2026/09/22 17:38:49.634, 0, 12288, 11830, 286
2026/09/22 17:38:49.842, 0, 12288, 11830, 286
2026/09/22 17:38:50.049, 0, 12288, 11830, 286
2026/09/22 17:38:50.257, 0, 12288, 11830, 286
2026/09/22 17:38:50.464, 0, 12288, 11830, 286
2026/09/22 17:38:50.672, 0, 12288, 11830, 286
2026/09/22 17:38:50.878, 0, 12288, 11830, 286
2026/09/22 17:38:51.085, 0, 12288, 11830, 286
2026/09/22 17:38:51.292, 0, 12288, 11830, 286
2026/09/22 17:38:51.500, 0, 12288, 11830, 286
2026/09/22 17:38:51.708, 0, 12288, 11830, 286
2026/09/22 17:38:51.916, 0, 12288, 11830, 286
2026/09/22 17:38:52.124, 0, 12288, 11830, 286
2026/09/22 17:38:52.332, 0, 12288, 11830, 286
2026/09/22 17:38:52.540, 0, 12288, 11830, 286
2026/09/22 17:38:52.748, 0, 12288, 11830, 286
2026/09/22 17:38:52.955, 0, 12288, 11830, 286
2026/09/22 17:38:53.162, 0, 12288, 11830, 286
2026/09/22 17:38:53.370, 0, 12288, 11830, 286
2026/09/22 17:38:53.576, 0, 12288, 11830, 286
2026/09/22 17:38:53.780, 0, 12288, 11830, 286
2026/09/22 17:38:54.004, 0, 12288, 11830, 286
2026/09/22 17:38:54.209, 0, 12288, 11830, 286
2026/09/22 17:38:54.417, 0, 12288, 11830, 286
2026/09/22 17:38:54.623, 0, 12288, 11830, 286
2026/09/22 17:38:54.826, 0, 12288, 11830, 286
2026/09/22 17:38:55.034, 0, 12288, 11830, 286
2026/09/22 17:38:55.241, 0, 12288, 11830, 286
2026/09/22 17:38:55.449, 0, 12288, 11830, 286
2026/09/22 17:38:55.657, 0, 12288, 11830, 286
2026/09/22 17:38:55.861, 0, 12288, 11830, 286
2026/09/22 17:38:56.069, 0, 12288, 11830, 286
2026/09/22 17:38:56.276, 0, 12288, 11830, 286
2026/09/22 17:38:56.483, 0, 12288, 11830, 286
2026/09/22 17:38:56.690, 0, 12288, 11830, 286
2026/09/22 17:38:56.896, 0, 12288, 11830, 286
2026/09/22 17:38:57.103, 0, 12288, 11830, 286
2026/09/22 17:38:57.310, 0, 12288, 11830, 286
2026/09/22 17:38:57.517, 0, 12288, 11830, 286
2026/09/22 17:38:57.724, 0, 12288, 11830, 286
2026/09/22 17:38:57.930, 0, 12288, 11830, 286
2026/09/22 17:38:58.137, 0, 12288, 11830, 286
2026/09/22 17:38:58.344, 0, 12288, 11830, 286
2026/09/22 17:38:58.552, 0, 12288, 11830, 286
2026/09/22 17:38:58.760, 0, 12288, 11830, 286
2026/09/22 17:38:58.967, 0, 12288, 11830, 286
2026/09/22 17:38:59.175, 0, 12288, 11830, 286
2026/09/22 17:38:59.383, 0, 12288, 11830, 286
2026/09/22 17:38:59.589, 0, 12288, 11830, 286
2026/09/22 17:38:59.797, 0, 12288, 11830, 286
2026/09/22 17:39:00.005, 0, 12288, 11830, 286
2026/09/22 17:39:00.211, 0, 12288, 11830, 286
2026/09/22 17:39:00.419, 0, 12288, 11830, 286
2026/09/22 17:39:00.625, 0, 12288, 11830, 286
2026/09/22 17:39:00.833, 0, 12288, 11830, 286
2026/09/22 17:39:01.041, 0, 12288, 11830, 286
2026/09/22 17:39:01.249, 0, 12288, 11830, 286
2026/09/22 17:39:01.453, 0, 12288, 11830, 286
2026/09/22 17:39:01.661, 0, 12288, 11830, 286
2026/09/22 17:39:01.869, 0, 12288, 11830, 286
2026/09/22 17:39:02.077, 0, 12288, 11830, 286
2026/09/22 17:39:02.284, 0, 12288, 11830, 286
2026/09/22 17:39:02.489, 0, 12288, 11830, 286
2026/09/22 17:39:02.697, 0, 12288, 11830, 286
2026/09/22 17:39:02.905, 0, 12288, 11830, 286
2026/09/22 17:39:03.112, 0, 12288, 11830, 286
2026/09/22 17:39:03.320, 0, 12288, 11830, 286
2026/09/22 17:39:03.527, 0, 12288, 11830, 286
2026/09/22 17:39:03.734, 0, 12288, 11830, 286
2026/09/22 17:39:03.941, 0, 12288, 11830, 286
2026/09/22 17:39:04.149, 0, 12288, 11830, 286
2026/09/22 17:39:04.357, 0, 12288, 11830, 286
2026/09/22 17:39:04.563, 0, 12288, 11830, 286
2026/09/22 17:39:04.769, 0, 12288, 11830, 286
2026/09/22 17:39:04.976, 0, 12288, 11830, 286
2026/09/22 17:39:05.184, 0, 12288, 11830, 286
2026/09/22 17:39:05.391, 0, 12288, 11830, 286
2026/09/22 17:39:05.598, 0, 12288, 11830, 286
2026/09/22 17:39:05.804, 0, 12288, 11830, 286
2026/09/22 17:39:06.011, 0, 12288, 11830, 286
2026/09/22 17:39:06.219, 0, 12288, 11830, 286
2026/09/22 17:39:06.427, 0, 12288, 11830, 286
2026/09/22 17:39:06.634, 0, 12288, 11830, 286
2026/09/22 17:39:06.842, 0, 12288, 11830, 286
2026/09/22 17:39:07.048, 0, 12288, 11830, 286
2026/09/22 17:39:07.256, 0, 12288, 11830, 286
2026/09/22 17:39:07.464, 0, 12288, 11830, 286
2026/09/22 17:39:07.672, 0, 12288, 11830, 286
2026/09/22 17:39:07.877, 0, 12288, 11830, 286
2026/09/22 17:39:08.083, 0, 12288, 11830, 286
2026/09/22 17:39:08.291, 0, 12288, 11830, 286
2026/09/22 17:39:08.499, 0, 12288, 11830, 286
2026/09/22 17:39:08.707, 0, 12288, 11830, 286
2026/09/22 17:39:08.914, 0, 12288, 11830, 286
2026/09/22 17:39:09.121, 0, 12288, 11830, 286
2026/09/22 17:39:09.328, 0, 12288, 11830, 286
2026/09/22 17:39:09.536, 0, 12288, 11830, 286
2026/09/22 17:39:09.743, 0, 12288, 11830, 286
2026/09/22 17:39:09.951, 0, 12288, 11830, 286
2026/09/22 17:39:10.156, 0, 12288, 11830, 286
2026/09/22 17:39:10.363, 0, 12288, 11830, 286
2026/09/22 17:39:10.572, 0, 12288, 11830, 286
2026/09/22 17:39:10.779, 0, 12288, 11830, 286
2026/09/22 17:39:10.986, 0, 12288, 11830, 286
2026/09/22 17:39:11.193, 0, 12288, 11830, 286
2026/09/22 17:39:11.400, 0, 12288, 11830, 286
2026/09/22 17:39:11.607, 0, 12288, 11830, 286
2026/09/22 17:39:11.815, 0, 12288, 11830, 286
2026/09/22 17:39:12.023, 0, 12288, 11830, 286
2026/09/22 17:39:12.229, 0, 12288, 11830, 286
2026/09/22 17:39:12.437, 0, 12288, 11830, 286
2026/09/22 17:39:12.644, 0, 12288, 11830, 286
2026/09/22 17:39:12.852, 0, 12288, 11830, 286
2026/09/22 17:39:13.060, 0, 12288, 11830, 286
2026/09/22 17:39:13.267, 0, 12288, 11830, 286
2026/09/22 17:39:13.474, 0, 12288, 11830, 286
2026/09/22 17:39:13.679, 0, 12288, 11830, 286
2026/09/22 17:39:13.887, 0, 12288, 11830, 286
2026/09/22 17:39:14.094, 0, 12288, 11830, 286
2026/09/22 17:39:14.297, 0, 12288, 11830, 286
2026/09/22 17:39:14.503, 0, 12288, 11830, 286
2026/09/22 17:39:14.710, 0, 12288, 11830, 286
2026/09/22 17:39:14.918, 0, 12288, 11830, 286
2026/09/22 17:39:15.125, 0, 12288, 11830, 286
2026/09/22 17:39:15.333, 0, 12288, 11830, 286
2026/09/22 17:39:15.540, 0, 12288, 11830, 286
2026/09/22 17:39:15.745, 0, 12288, 11830, 286
2026/09/22 17:39:15.953, 0, 12288, 11830, 286
2026/09/22 17:39:16.161, 0, 12288, 11830, 286
2026/09/22 17:39:16.370, 0, 12288, 11830, 286
2026/09/22 17:39:16.577, 0, 12288, 11830, 286
2026/09/22 17:39:16.785, 0, 12288, 11830, 286
2026/09/22 17:39:16.993, 0, 12288, 11830, 286
2026/09/22 17:39:17.200, 0, 12288, 11830, 286
2026/09/22 17:39:17.408, 0, 12288, 11830, 286
2026/09/22 17:39:17.616, 0, 12288, 11830, 286
2026/09/22 17:39:17.823, 0, 12288, 11830, 286
2026/09/22 17:39:18.031, 0, 12288, 11830, 286
2026/09/22 17:39:18.238, 0, 12288, 11830, 286
2026/09/22 17:39:18.447, 0, 12288, 11830, 286
2026/09/22 17:39:18.655, 0, 12288, 11830, 286
2026/09/22 17:39:18.863, 0, 12288, 11830, 286
2026/09/22 17:39:19.068, 0, 12288, 11830, 286
2026/09/22 17:39:19.276, 0, 12288, 11830, 286
2026/09/22 17:39:19.484, 0, 12288, 11830, 286
2026/09/22 17:39:19.690, 0, 12288, 11830, 286
2026/09/22 17:39:19.898, 0, 12288, 11830, 286
2026/09/22 17:39:20.105, 0, 12288, 11830, 286
2026/09/22 17:39:20.313, 0, 12288, 11830, 286
2026/09/22 17:39:20.519, 0, 12288, 11830, 286
2026/09/22 17:39:20.727, 0, 12288, 11830, 286
2026/09/22 17:39:20.933, 0, 12288, 11830, 286
2026/09/22 17:39:21.141, 0, 12288, 11830, 286
2026/09/22 17:39:21.349, 0, 12288, 11830, 286
2026/09/22 17:39:21.556, 0, 12288, 11830, 286
2026/09/22 17:39:21.763, 0, 12288, 11830, 286
2026/09/22 17:39:21.969, 0, 12288, 11830, 286
2026/09/22 17:39:22.176, 0, 12288, 11830, 286
2026/09/22 17:39:22.384, 0, 12288, 11830, 286
2026/09/22 17:39:22.591, 0, 12288, 11830, 286
2026/09/22 17:39:22.799, 0, 12288, 11830, 286
2026/09/22 17:39:23.006, 0, 12288, 11830, 286
2026/09/22 17:39:23.214, 0, 12288, 11830, 286
2026/09/22 17:39:23.422, 0, 12288, 11830, 286
2026/09/22 17:39:23.628, 0, 12288, 11830, 286
2026/09/22 17:39:23.835, 0, 12288, 11830, 286
2026/09/22 17:39:24.043, 0, 12288, 11830, 286
2026/09/22 17:39:24.249, 0, 12288, 11830, 286
2026/09/22 17:39:24.455, 0, 12288, 11830, 286
2026/09/22 17:39:24.663, 0, 12288, 11830, 286
2026/09/22 17:39:24.871, 0, 12288, 11830, 286
2026/09/22 17:39:25.079, 0, 12288, 11830, 286
2026/09/22 17:39:25.287, 0, 12288, 11830, 286
2026/09/22 17:39:25.495, 0, 12288, 11830, 286
2026/09/22 17:39:25.702, 0, 12288, 11830, 286
2026/09/22 17:39:25.908, 0, 12288, 11830, 286
2026/09/22 17:39:26.115, 0, 12288, 11830, 286
2026/09/22 17:39:26.323, 0, 12288, 11830, 286
2026/09/22 17:39:26.531, 0, 12288, 11830, 286
2026/09/22 17:39:26.738, 0, 12288, 11830, 286
2026/09/22 17:39:26.946, 0, 12288, 11830, 286
2026/09/22 17:39:27.152, 0, 12288, 11830, 286
2026/09/22 17:39:27.359, 0, 12288, 11830, 286
2026/09/22 17:39:27.564, 0, 12288, 11830, 286
2026/09/22 17:39:27.772, 0, 12288, 11830, 286
2026/09/22 17:39:27.979, 0, 12288, 11830, 286
2026/09/22 17:39:28.187, 0, 12288, 11830, 286
2026/09/22 17:39:28.394, 0, 12288, 11830, 286
2026/09/22 17:39:28.601, 0, 12288, 11830, 286
2026/09/22 17:39:28.808, 0, 12288, 11830, 286
2026/09/22 17:39:29.015, 0, 12288, 11830, 286
2026/09/22 17:39:29.223, 0, 12288, 11830, 286
2026/09/22 17:39:29.446, 0, 12288, 11830, 286
2026/09/22 17:39:29.653, 0, 12288, 11830, 286
2026/09/22 17:39:29.859, 0, 12288, 11830, 286
2026/09/22 17:39:30.067, 0, 12288, 11830, 286
2026/09/22 17:39:30.275, 0, 12288, 11830, 286
2026/09/22 17:39:30.483, 0, 12288, 11830, 286
2026/09/22 17:39:30.689, 0, 12288, 11830, 286
2026/09/22 17:39:30.897, 0, 12288, 11830, 286
2026/09/22 17:39:31.104, 0, 12288, 11830, 286
2026/09/22 17:39:31.310, 0, 12288, 11830, 286
2026/09/22 17:39:31.518, 0, 12288, 11830, 286
2026/09/22 17:39:31.724, 0, 12288, 11830, 286
2026/09/22 17:39:31.932, 0, 12288, 11830, 286
2026/09/22 17:39:32.140, 0, 12288, 11830, 286
2026/09/22 17:39:32.348, 0, 12288, 11830, 286
2026/09/22 17:39:32.555, 0, 12288, 11830, 286
2026/09/22 17:39:32.763, 0, 12288, 11830, 286
2026/09/22 17:39:32.969, 0, 12288, 11830, 286
2026/09/22 17:39:33.176, 0, 12288, 11830, 286
2026/09/22 17:39:33.382, 0, 12288, 11830, 286
2026/09/22 17:39:33.590, 0, 12288, 11830, 286
2026/09/22 17:39:33.794, 0, 12288, 11830, 286
2026/09/22 17:39:34.000, 0, 12288, 11830, 286
2026/09/22 17:39:34.206, 0, 12288, 11830, 286
2026/09/22 17:39:34.414, 0, 12288, 11830, 286
2026/09/22 17:39:34.619, 0, 12288, 11830, 286
2026/09/22 17:39:34.826, 0, 12288, 11830, 286
2026/09/22 17:39:35.033, 0, 12288, 11830, 286
2026/09/22 17:39:35.242, 0, 12288, 11830, 286
2026/09/22 17:39:35.446, 0, 12288, 11830, 286
2026/09/22 17:39:35.652, 0, 12288, 11830, 286
2026/09/22 17:39:35.860, 0, 12288, 11830, 286
2026/09/22 17:39:36.068, 0, 12288, 11830, 286
2026/09/22 17:39:36.274, 0, 12288, 11830, 286
2026/09/22 17:39:36.482, 0, 12288, 11830, 286
2026/09/22 17:39:36.689, 0, 12288, 11830, 286
2026/09/22 17:39:36.897, 0, 12288, 11830, 286
2026/09/22 17:39:37.104, 0, 12288, 11830, 286
2026/09/22 17:39:37.311, 0, 12288, 11830, 286
2026/09/22 17:39:37.518, 0, 12288, 11830, 286
2026/09/22 17:39:37.726, 0, 12288, 11830, 286
2026/09/22 17:39:37.933, 0, 12288, 11830, 286
2026/09/22 17:39:38.139, 0, 12288, 11830, 286
2026/09/22 17:39:38.347, 0, 12288, 11830, 286
2026/09/22 17:39:38.555, 0, 12288, 11830, 286
2026/09/22 17:39:38.763, 0, 12288, 11830, 286
2026/09/22 17:39:38.971, 0, 12288, 11830, 286
2026/09/22 17:39:39.177, 0, 12288, 11830, 286
2026/09/22 17:39:39.385, 0, 12288, 11830, 286
2026/09/22 17:39:39.593, 0, 12288, 11830, 286
2026/09/22 17:39:39.800, 0, 12288, 11830, 286
2026/09/22 17:39:40.008, 0, 12288, 11830, 286
2026/09/22 17:39:40.215, 0, 12288, 11830, 286
2026/09/22 17:39:40.422, 0, 12288, 11830, 286
2026/09/22 17:39:40.628, 0, 12288, 11830, 286
2026/09/22 17:39:40.836, 0, 12288, 11830, 286
2026/09/22 17:39:41.043, 0, 12288, 11830, 286
2026/09/22 17:39:41.250, 0, 12288, 11830, 286
2026/09/22 17:39:41.455, 0, 12288, 11830, 286
2026/09/22 17:39:41.663, 0, 12288, 11830, 286
2026/09/22 17:39:41.871, 0, 12288, 11830, 286
2026/09/22 17:39:42.078, 0, 12288, 11830, 286
2026/09/22 17:39:42.284, 0, 12288, 11830, 286
2026/09/22 17:39:42.490, 0, 12288, 11830, 286
2026/09/22 17:39:42.697, 0, 12288, 11830, 286
2026/09/22 17:39:42.903, 0, 12288, 11830, 286
2026/09/22 17:39:43.111, 0, 12288, 11830, 286
2026/09/22 17:39:43.317, 0, 12288, 11830, 286
2026/09/22 17:39:43.524, 0, 12288, 11830, 286
2026/09/22 17:39:43.732, 0, 12288, 11830, 286
2026/09/22 17:39:43.940, 0, 12288, 11830, 286
2026/09/22 17:39:44.146, 0, 12288, 11830, 286
2026/09/22 17:39:44.354, 0, 12288, 11830, 286
2026/09/22 17:39:44.561, 0, 12288, 11830, 286
2026/09/22 17:39:44.767, 0, 12288, 11830, 286
2026/09/22 17:39:44.974, 0, 12288, 11830, 286
2026/09/22 17:39:45.181, 0, 12288, 11830, 286
2026/09/22 17:39:45.388, 0, 12288, 11830, 286
2026/09/22 17:39:45.596, 0, 12288, 11830, 286
2026/09/22 17:39:45.802, 0, 12288, 11830, 286
2026/09/22 17:39:46.008, 0, 12288, 11830, 286
2026/09/22 17:39:46.216, 0, 12288, 11830, 286
2026/09/22 17:39:46.423, 0, 12288, 11830, 286
2026/09/22 17:39:46.630, 0, 12288, 11830, 286
2026/09/22 17:39:46.837, 0, 12288, 11830, 286
2026/09/22 17:39:47.044, 0, 12288, 11830, 286
2026/09/22 17:39:47.252, 0, 12288, 11830, 286
2026/09/22 17:39:47.459, 0, 12288, 11830, 286
2026/09/22 17:39:47.667, 0, 12288, 11830, 286
2026/09/22 17:39:47.875, 0, 12288, 11830, 286
2026/09/22 17:39:48.081, 0, 12288, 11830, 286
2026/09/22 17:39:48.289, 0, 12288, 11830, 286
2026/09/22 17:39:48.495, 0, 12288, 11830, 286
2026/09/22 17:39:48.702, 0, 12288, 11830, 286
2026/09/22 17:39:48.910, 0, 12288, 11830, 286
2026/09/22 17:39:49.117, 0, 12288, 11830, 286
2026/09/22 17:39:49.324, 0, 12288, 11830, 286
2026/09/22 17:39:49.531, 0, 12288, 11830, 286
2026/09/22 17:39:49.739, 0, 12288, 11830, 286
2026/09/22 17:39:49.947, 0, 12288, 11830, 286
2026/09/22 17:39:50.154, 0, 12288, 11830, 286
2026/09/22 17:39:50.362, 0, 12288, 11830, 286
2026/09/22 17:39:50.570, 0, 12288, 11830, 286
2026/09/22 17:39:50.778, 0, 12288, 11830, 286
2026/09/22 17:39:50.984, 0, 12288, 11830, 286
2026/09/22 17:39:51.190, 0, 12288, 11830, 286
2026/09/22 17:39:51.398, 0, 12288, 11830, 286
2026/09/22 17:39:51.606, 0, 12288, 11830, 286
2026/09/22 17:39:51.812, 0, 12288, 11830, 286
2026/09/22 17:39:52.014, 0, 12288, 11830, 286
2026/09/22 17:39:52.219, 0, 12288, 11830, 286
2026/09/22 17:39:52.427, 0, 12288, 11830, 286
2026/09/22 17:39:52.633, 0, 12288, 11830, 286
2026/09/22 17:39:52.841, 0, 12288, 11830, 286
2026/09/22 17:39:53.048, 0, 12288, 11830, 286
2026/09/22 17:39:53.256, 0, 12288, 11830, 286
2026/09/22 17:39:53.462, 0, 12288, 11830, 286
2026/09/22 17:39:53.670, 0, 12288, 11830, 286
2026/09/22 17:39:53.877, 0, 12288, 11830, 286
2026/09/22 17:39:54.085, 0, 12288, 11830, 286
2026/09/22 17:39:54.292, 0, 12288, 11830, 286
2026/09/22 17:39:54.498, 0, 12288, 11830, 286
2026/09/22 17:39:54.704, 0, 12288, 11830, 286
2026/09/22 17:39:54.911, 0, 12288, 11830, 286
2026/09/22 17:39:55.118, 0, 12288, 11830, 286
2026/09/22 17:39:55.326, 0, 12288, 11830, 286
2026/09/22 17:39:55.533, 0, 12288, 11830, 286
2026/09/22 17:39:55.741, 0, 12288, 11830, 286
2026/09/22 17:39:55.949, 0, 12288, 11830, 286
2026/09/22 17:39:56.156, 0, 12288, 11830, 286
2026/09/22 17:39:56.363, 0, 12288, 11830, 286
2026/09/22 17:39:56.568, 0, 12288, 11830, 286
2026/09/22 17:39:56.775, 0, 12288, 11830, 286
2026/09/22 17:39:56.982, 0, 12288, 11830, 286
2026/09/22 17:39:57.188, 0, 12288, 11830, 286
2026/09/22 17:39:57.394, 0, 12288, 11830, 286
2026/09/22 17:39:57.601, 0, 12288, 11830, 286
2026/09/22 17:39:57.809, 0, 12288, 11830, 286
2026/09/22 17:39:58.016, 0, 12288, 11830, 286
2026/09/22 17:39:58.224, 0, 12288, 11830, 286
2026/09/22 17:39:58.431, 0, 12288, 11830, 286
2026/09/22 17:39:58.637, 0, 12288, 11830, 286
2026/09/22 17:39:58.844, 0, 12288, 11830, 286
2026/09/22 17:39:59.052, 0, 12288, 11830, 286
2026/09/22 17:39:59.259, 0, 12288, 11830, 286
2026/09/22 17:39:59.467, 0, 12288, 11830, 286
2026/09/22 17:39:59.674, 0, 12288, 11830, 286
2026/09/22 17:39:59.881, 0, 12288, 11830, 286
2026/09/22 17:40:00.089, 0, 12288, 11830, 286
2026/09/22 17:40:00.297, 0, 12288, 11830, 286
2026/09/22 17:40:00.505, 0, 12288, 11830, 286
2026/09/22 17:40:00.713, 0, 12288, 11830, 286
2026/09/22 17:40:00.920, 0, 12288, 11830, 286
2026/09/22 17:40:01.124, 0, 12288, 11830, 286
2026/09/22 17:40:01.331, 0, 12288, 11830, 286
2026/09/22 17:40:01.535, 0, 12288, 11830, 286
2026/09/22 17:40:01.742, 0, 12288, 11830, 286
2026/09/22 17:40:01.949, 0, 12288, 11830, 286
2026/09/22 17:40:02.156, 0, 12288, 11830, 286
2026/09/22 17:40:02.364, 0, 12288, 11830, 286
2026/09/22 17:40:02.571, 0, 12288, 11830, 286
2026/09/22 17:40:02.779, 0, 12288, 11830, 286
2026/09/22 17:40:02.985, 0, 12288, 11830, 286
2026/09/22 17:40:03.192, 0, 12288, 11830, 286
2026/09/22 17:40:03.399, 0, 12288, 11830, 286
2026/09/22 17:40:03.606, 0, 12288, 11830, 286
2026/09/22 17:40:03.813, 0, 12288, 11830, 286
2026/09/22 17:40:04.020, 0, 12288, 11830, 286
2026/09/22 17:40:04.227, 0, 12288, 11830, 286
2026/09/22 17:40:04.435, 0, 12288, 11830, 286
2026/09/22 17:40:04.642, 0, 12288, 11830, 286
2026/09/22 17:40:04.850, 0, 12288, 11830, 286
2026/09/22 17:40:05.058, 0, 12288, 11830, 286
2026/09/22 17:40:05.266, 0, 12288, 11830, 286
2026/09/22 17:40:05.474, 0, 12288, 11830, 286
2026/09/22 17:40:05.680, 0, 12288, 11830, 286
2026/09/22 17:40:05.887, 0, 12288, 11830, 286
2026/09/22 17:40:06.094, 0, 12288, 11830, 286
2026/09/22 17:40:06.301, 0, 12288, 11830, 286
2026/09/22 17:40:06.509, 0, 12288, 11830, 286
2026/09/22 17:40:06.717, 0, 12288, 11830, 286
2026/09/22 17:40:06.923, 0, 12288, 11830, 286
2026/09/22 17:40:07.130, 0, 12288, 11830, 286
2026/09/22 17:40:07.338, 0, 12288, 11830, 286
2026/09/22 17:40:07.545, 0, 12288, 11830, 286
2026/09/22 17:40:07.752, 0, 12288, 11830, 286
2026/09/22 17:40:07.961, 0, 12288, 11830, 286
2026/09/22 17:40:08.168, 0, 12288, 11830, 286
2026/09/22 17:40:08.376, 0, 12288, 11830, 286
2026/09/22 17:40:08.584, 0, 12288, 11830, 286
2026/09/22 17:40:08.791, 0, 12288, 11830, 286
2026/09/22 17:40:08.998, 0, 12288, 11830, 286
2026/09/22 17:40:09.206, 0, 12288, 11830, 286
2026/09/22 17:40:09.414, 0, 12288, 11830, 286
2026/09/22 17:40:09.622, 0, 12288, 11830, 286
2026/09/22 17:40:09.828, 0, 12288, 11830, 286
2026/09/22 17:40:10.034, 0, 12288, 11830, 286
2026/09/22 17:40:10.242, 0, 12288, 11830, 286
2026/09/22 17:40:10.449, 0, 12288, 11830, 286
2026/09/22 17:40:10.657, 0, 12288, 11830, 286
2026/09/22 17:40:10.865, 0, 12288, 11830, 286
2026/09/22 17:40:11.073, 0, 12288, 11830, 286
2026/09/22 17:40:11.281, 0, 12288, 11830, 286
2026/09/22 17:40:11.488, 0, 12288, 11830, 286
2026/09/22 17:40:11.712, 0, 12288, 11830, 286
2026/09/22 17:40:11.920, 0, 12288, 11830, 286
2026/09/22 17:40:12.125, 0, 12288, 11830, 286
2026/09/22 17:40:12.332, 0, 12288, 11830, 286
2026/09/22 17:40:12.540, 0, 12288, 11830, 286
2026/09/22 17:40:12.747, 0, 12288, 11830, 286
2026/09/22 17:40:12.955, 0, 12288, 11830, 286
2026/09/22 17:40:13.162, 0, 12288, 11830, 286
2026/09/22 17:40:13.370, 0, 12288, 11830, 286
2026/09/22 17:40:13.578, 0, 12288, 11830, 286
2026/09/22 17:40:13.785, 0, 12288, 11830, 286
2026/09/22 17:40:13.992, 0, 12288, 11830, 286
2026/09/22 17:40:14.199, 0, 12288, 11830, 286
2026/09/22 17:40:14.407, 0, 12288, 11830, 286
2026/09/22 17:40:14.615, 0, 12288, 11830, 286
2026/09/22 17:40:14.823, 0, 12288, 11830, 286
2026/09/22 17:40:15.031, 0, 12288, 11830, 286
2026/09/22 17:40:15.239, 0, 12288, 11830, 286
2026/09/22 17:40:15.446, 0, 12288, 11830, 286
2026/09/22 17:40:15.653, 0, 12288, 11830, 286
2026/09/22 17:40:15.861, 0, 12288, 11830, 286
2026/09/22 17:40:16.069, 0, 12288, 11830, 286
2026/09/22 17:40:16.277, 0, 12288, 11830, 286
2026/09/22 17:40:16.485, 0, 12288, 11830, 286
2026/09/22 17:40:16.692, 0, 12288, 11830, 286
2026/09/22 17:40:16.900, 0, 12288, 11830, 286
2026/09/22 17:40:17.107, 0, 12288, 11830, 286
2026/09/22 17:40:17.313, 0, 12288, 11830, 286
2026/09/22 17:40:17.520, 0, 12288, 11830, 286
2026/09/22 17:40:17.728, 0, 12288, 11830, 286
2026/09/22 17:40:17.935, 0, 12288, 11830, 286
2026/09/22 17:40:18.142, 0, 12288, 11830, 286
2026/09/22 17:40:18.349, 0, 12288, 11830, 286
2026/09/22 17:40:18.557, 0, 12288, 11830, 286
2026/09/22 17:40:18.765, 0, 12288, 11830, 286
2026/09/22 17:40:18.972, 0, 12288, 11830, 286
2026/09/22 17:40:19.180, 0, 12288, 11830, 286
2026/09/22 17:40:19.387, 0, 12288, 11830, 286
2026/09/22 17:40:19.595, 0, 12288, 11830, 286
2026/09/22 17:40:19.803, 0, 12288, 11830, 286
2026/09/22 17:40:20.010, 0, 12288, 11830, 286
2026/09/22 17:40:20.218, 0, 12288, 11830, 286
2026/09/22 17:40:20.426, 0, 12288, 11830, 286
2026/09/22 17:40:20.633, 0, 12288, 11830, 286
2026/09/22 17:40:20.840, 0, 12288, 11830, 286
2026/09/22 17:40:21.047, 0, 12288, 11830, 286
2026/09/22 17:40:21.253, 0, 12288, 11830, 286
2026/09/22 17:40:21.461, 0, 12288, 11830, 286
2026/09/22 17:40:21.669, 0, 12288, 11830, 286
2026/09/22 17:40:21.877, 0, 12288, 11830, 286
2026/09/22 17:40:22.085, 0, 12288, 11830, 286
2026/09/22 17:40:22.292, 0, 12288, 11830, 286
2026/09/22 17:40:22.499, 0, 12288, 11830, 286
2026/09/22 17:40:22.705, 0, 12288, 11830, 286
2026/09/22 17:40:22.911, 0, 12288, 11830, 286
2026/09/22 17:40:23.118, 0, 12288, 11830, 286
2026/09/22 17:40:23.326, 0, 12288, 11830, 286
2026/09/22 17:40:23.533, 0, 12288, 11830, 286
2026/09/22 17:40:23.741, 0, 12288, 11830, 286
2026/09/22 17:40:23.949, 0, 12288, 11830, 286
2026/09/22 17:40:24.157, 0, 12288, 11830, 286
2026/09/22 17:40:24.364, 0, 12288, 11830, 286
2026/09/22 17:40:24.572, 0, 12288, 11830, 286
2026/09/22 17:40:24.779, 0, 12288, 11830, 286
2026/09/22 17:40:24.987, 0, 12288, 11830, 286
2026/09/22 17:40:25.195, 0, 12288, 11830, 286
2026/09/22 17:40:25.403, 0, 12288, 11830, 286
2026/09/22 17:40:25.611, 0, 12288, 11830, 286
2026/09/22 17:40:25.819, 0, 12288, 11830, 286
2026/09/22 17:40:26.027, 0, 12288, 11830, 286
2026/09/22 17:40:26.234, 0, 12288, 11830, 286
2026/09/22 17:40:26.442, 0, 12288, 11830, 286
2026/09/22 17:40:26.648, 0, 12288, 11830, 286
2026/09/22 17:40:26.855, 0, 12288, 11830, 286
2026/09/22 17:40:27.063, 0, 12288, 11830, 286
2026/09/22 17:40:27.266, 0, 12288, 11830, 286
2026/09/22 17:40:27.471, 0, 12288, 11830, 286
2026/09/22 17:40:27.679, 0, 12288, 11830, 286
2026/09/22 17:40:27.886, 0, 12288, 11830, 286
2026/09/22 17:40:28.093, 0, 12288, 11830, 286
2026/09/22 17:40:28.300, 0, 12288, 11830, 286
2026/09/22 17:40:28.508, 0, 12288, 11830, 286
2026/09/22 17:40:28.716, 0, 12288, 11830, 286
2026/09/22 17:40:28.924, 0, 12288, 11830, 286
2026/09/22 17:40:29.131, 0, 12288, 11830, 286
2026/09/22 17:40:29.339, 0, 12288, 11830, 286
2026/09/22 17:40:29.546, 0, 12288, 11830, 286
2026/09/22 17:40:29.750, 0, 12288, 11830, 286
2026/09/22 17:40:29.956, 0, 12288, 11830, 286
2026/09/22 17:40:30.161, 0, 12288, 11830, 286
2026/09/22 17:40:30.369, 0, 12288, 11830, 286
2026/09/22 17:40:30.577, 0, 12288, 11830, 286
2026/09/22 17:40:30.784, 0, 12288, 11830, 286
2026/09/22 17:40:30.992, 0, 12288, 11830, 286
2026/09/22 17:40:31.200, 0, 12288, 11830, 286
2026/09/22 17:40:31.408, 0, 12288, 11830, 286
2026/09/22 17:40:31.616, 0, 12288, 11830, 286
2026/09/22 17:40:31.823, 0, 12288, 11830, 286
2026/09/22 17:40:32.029, 0, 12288, 11830, 286
2026/09/22 17:40:32.237, 0, 12288, 11830, 286
2026/09/22 17:40:32.445, 0, 12288, 11830, 286
2026/09/22 17:40:32.652, 0, 12288, 11830, 286
2026/09/22 17:40:32.859, 0, 12288, 11830, 286
2026/09/22 17:40:33.067, 0, 12288, 11830, 286
2026/09/22 17:40:33.275, 0, 12288, 11830, 286
2026/09/22 17:40:33.483, 0, 12288, 11830, 286
2026/09/22 17:40:33.690, 0, 12288, 11830, 286
2026/09/22 17:40:33.898, 0, 12288, 11830, 286
2026/09/22 17:40:34.106, 0, 12288, 11830, 286
2026/09/22 17:40:34.313, 0, 12288, 11830, 286
2026/09/22 17:40:34.521, 0, 12288, 11830, 286
2026/09/22 17:40:34.725, 0, 12288, 11830, 286
2026/09/22 17:40:34.933, 0, 12288, 11830, 286
2026/09/22 17:40:35.141, 0, 12288, 11830, 286
2026/09/22 17:40:35.347, 0, 12288, 11830, 286
2026/09/22 17:40:35.553, 0, 12288, 11830, 286
2026/09/22 17:40:35.760, 0, 12288, 11830, 286
2026/09/22 17:40:35.968, 0, 12288, 11830, 286
2026/09/22 17:40:36.175, 0, 12288, 11830, 286
2026/09/22 17:40:36.381, 0, 12288, 11830, 286
2026/09/22 17:40:36.588, 0, 12288, 11830, 286
2026/09/22 17:40:36.796, 0, 12288, 11830, 286
2026/09/22 17:40:37.004, 0, 12288, 11830, 286
2026/09/22 17:40:37.208, 0, 12288, 11830, 286
2026/09/22 17:40:37.415, 0, 12288, 11830, 286
2026/09/22 17:40:37.621, 0, 12288, 11830, 286
2026/09/22 17:40:37.828, 0, 12288, 11830, 286
2026/09/22 17:40:38.031, 0, 12288, 11830, 286
2026/09/22 17:40:38.239, 0, 12288, 11830, 286
2026/09/22 17:40:38.446, 0, 12288, 11830, 286
2026/09/22 17:40:38.654, 0, 12288, 11830, 286
2026/09/22 17:40:38.861, 0, 12288, 11830, 286
2026/09/22 17:40:39.069, 0, 12288, 11830, 286
2026/09/22 17:40:39.276, 0, 12288, 11830, 286
2026/09/22 17:40:39.483, 0, 12288, 11830, 286
2026/09/22 17:40:39.691, 0, 12288, 11830, 286
2026/09/22 17:40:39.898, 0, 12288, 11830, 286
2026/09/22 17:40:40.106, 0, 12288, 11830, 286
2026/09/22 17:40:40.313, 0, 12288, 11830, 286
2026/09/22 17:40:40.521, 0, 12288, 11830, 286
2026/09/22 17:40:40.727, 0, 12288, 11830, 286
2026/09/22 17:40:40.935, 0, 12288, 11830, 286
2026/09/22 17:40:41.143, 0, 12288, 11830, 286
2026/09/22 17:40:41.350, 0, 12288, 11830, 286
2026/09/22 17:40:41.557, 0, 12288, 11830, 286
2026/09/22 17:40:41.765, 0, 12288, 11830, 286
2026/09/22 17:40:41.969, 0, 12288, 11830, 286
2026/09/22 17:40:42.175, 0, 12288, 11830, 286
2026/09/22 17:40:42.379, 0, 12288, 11830, 286
2026/09/22 17:40:42.586, 0, 12288, 11830, 286
2026/09/22 17:40:42.794, 0, 12288, 11830, 286
2026/09/22 17:40:43.001, 0, 12288, 11830, 286
2026/09/22 17:40:43.209, 0, 12288, 11830, 286
2026/09/22 17:40:43.416, 0, 12288, 11830, 286
2026/09/22 17:40:43.624, 0, 12288, 11830, 286
2026/09/22 17:40:43.831, 0, 12288, 11830, 286
2026/09/22 17:40:44.038, 0, 12288, 11830, 286
2026/09/22 17:40:44.245, 0, 12288, 11830, 286
2026/09/22 17:40:44.453, 0, 12288, 11830, 286
2026/09/22 17:40:44.660, 0, 12288, 11830, 286
2026/09/22 17:40:44.868, 0, 12288, 11830, 286
2026/09/22 17:40:45.074, 0, 12288, 11830, 286
2026/09/22 17:40:45.282, 0, 12288, 11830, 286
2026/09/22 17:40:45.485, 0, 12288, 11830, 286
2026/09/22 17:40:45.690, 0, 12288, 11830, 286
2026/09/22 17:40:45.897, 0, 12288, 11830, 286
2026/09/22 17:40:46.105, 0, 12288, 11830, 286
2026/09/22 17:40:46.312, 0, 12288, 11830, 286
2026/09/22 17:40:46.519, 0, 12288, 11830, 286
2026/09/22 17:40:46.728, 0, 12288, 11830, 286
2026/09/22 17:40:46.936, 0, 12288, 11830, 286
2026/09/22 17:40:47.142, 0, 12288, 11830, 286
2026/09/22 17:40:47.349, 0, 12288, 11830, 286
2026/09/22 17:40:47.557, 0, 12288, 11830, 286
2026/09/22 17:40:47.765, 0, 12288, 11830, 286
2026/09/22 17:40:47.969, 0, 12288, 11830, 286
2026/09/22 17:40:48.176, 0, 12288, 11830, 286
2026/09/22 17:40:48.383, 0, 12288, 11830, 286
2026/09/22 17:40:48.590, 0, 12288, 11830, 286
2026/09/22 17:40:48.796, 0, 12288, 11830, 286
2026/09/22 17:40:49.002, 0, 12288, 11830, 286
2026/09/22 17:40:49.209, 0, 12288, 11830, 286
2026/09/22 17:40:49.417, 0, 12288, 11830, 286
2026/09/22 17:40:49.625, 0, 12288, 11830, 286
2026/09/22 17:40:49.833, 0, 12288, 11830, 286
2026/09/22 17:40:50.041, 0, 12288, 11830, 286
2026/09/22 17:40:50.248, 0, 12288, 11830, 286
2026/09/22 17:40:50.455, 0, 12288, 11830, 286
2026/09/22 17:40:50.663, 0, 12288, 11830, 286
2026/09/22 17:40:50.871, 0, 12288, 11830, 286
2026/09/22 17:40:51.078, 0, 12288, 11830, 286
2026/09/22 17:40:51.283, 0, 12288, 11830, 286
2026/09/22 17:40:51.491, 0, 12288, 11830, 286
2026/09/22 17:40:51.699, 0, 12288, 11830, 286
2026/09/22 17:40:51.906, 0, 12288, 11830, 286
2026/09/22 17:40:52.115, 0, 12288, 11830, 286
2026/09/22 17:40:52.322, 0, 12288, 11830, 286
2026/09/22 17:40:52.530, 0, 12288, 11830, 286
2026/09/22 17:40:52.736, 0, 12288, 11830, 286
2026/09/22 17:40:52.943, 0, 12288, 11830, 286
2026/09/22 17:40:53.150, 0, 12288, 11830, 286
2026/09/22 17:40:53.358, 0, 12288, 11830, 286
2026/09/22 17:40:53.564, 0, 12288, 11830, 286
2026/09/22 17:40:53.772, 0, 12288, 11830, 286
2026/09/22 17:40:53.980, 0, 12288, 11830, 286
2026/09/22 17:40:54.188, 0, 12288, 11830, 286
2026/09/22 17:40:54.396, 0, 12288, 11830, 286
2026/09/22 17:40:54.602, 0, 12288, 11830, 286
2026/09/22 17:40:54.808, 0, 12288, 11830, 286
2026/09/22 17:40:55.014, 0, 12288, 11830, 286
2026/09/22 17:40:55.218, 0, 12288, 11830, 286
2026/09/22 17:40:55.424, 0, 12288, 11830, 286
2026/09/22 17:40:55.631, 0, 12288, 11830, 286
2026/09/22 17:40:55.836, 0, 12288, 11830, 286
2026/09/22 17:40:56.044, 0, 12288, 11830, 286
2026/09/22 17:40:56.249, 0, 12288, 11830, 286
2026/09/22 17:40:56.455, 0, 12288, 11830, 286
2026/09/22 17:40:56.663, 0, 12288, 11830, 286
2026/09/22 17:40:56.871, 0, 12288, 11830, 286
2026/09/22 17:40:57.078, 0, 12288, 11830, 286
2026/09/22 17:40:57.284, 0, 12288, 11830, 286
2026/09/22 17:40:57.492, 0, 12288, 11830, 286
2026/09/22 17:40:57.698, 0, 12288, 11830, 286
2026/09/22 17:40:57.906, 0, 12288, 11830, 286
2026/09/22 17:40:58.113, 0, 12288, 11830, 286
2026/09/22 17:40:58.321, 0, 12288, 11830, 286
2026/09/22 17:40:58.529, 0, 12288, 11830, 286
2026/09/22 17:40:58.736, 0, 12288, 11830, 286
2026/09/22 17:40:58.942, 0, 12288, 11830, 286
2026/09/22 17:40:59.150, 0, 12288, 11830, 286
2026/09/22 17:40:59.358, 0, 12288, 11830, 286
2026/09/22 17:40:59.566, 0, 12288, 11830, 286
2026/09/22 17:40:59.774, 0, 12288, 11830, 286
2026/09/22 17:40:59.982, 0, 12288, 11830, 286
2026/09/22 17:41:00.190, 0, 12288, 11830, 286
2026/09/22 17:41:00.398, 0, 12288, 11830, 286
2026/09/22 17:41:00.605, 0, 12288, 11830, 286
2026/09/22 17:41:00.812, 0, 12288, 11830, 286
2026/09/22 17:41:01.018, 0, 12288, 11830, 286
2026/09/22 17:41:01.225, 0, 12288, 11830, 286
2026/09/22 17:41:01.433, 0, 12288, 11830, 286
2026/09/22 17:41:01.640, 0, 12288, 11830, 286
2026/09/22 17:41:01.846, 0, 12288, 11830, 286
2026/09/22 17:41:02.054, 0, 12288, 11830, 286
2026/09/22 17:41:02.261, 0, 12288, 11830, 286
2026/09/22 17:41:02.468, 0, 12288, 11830, 286
2026/09/22 17:41:02.675, 0, 12288, 11830, 286
2026/09/22 17:41:02.883, 0, 12288, 11830, 286
2026/09/22 17:41:03.091, 0, 12288, 11830, 286
2026/09/22 17:41:03.299, 0, 12288, 11830, 286
2026/09/22 17:41:03.506, 0, 12288, 11830, 286
2026/09/22 17:41:03.713, 0, 12288, 11830, 286
2026/09/22 17:41:03.921, 0, 12288, 11830, 286
2026/09/22 17:41:04.125, 0, 12288, 11830, 286
2026/09/22 17:41:04.333, 0, 12288, 11830, 286
2026/09/22 17:41:04.541, 0, 12288, 11830, 286
2026/09/22 17:41:04.749, 0, 12288, 11830, 286
2026/09/22 17:41:04.956, 0, 12288, 11830, 286
2026/09/22 17:41:05.164, 0, 12288, 11830, 286
2026/09/22 17:41:05.371, 0, 12288, 11830, 286
2026/09/22 17:41:05.578, 0, 12288, 11830, 286
2026/09/22 17:41:05.786, 0, 12288, 11830, 286
2026/09/22 17:41:05.994, 0, 12288, 11830, 286
2026/09/22 17:41:06.201, 0, 12288, 11830, 286
2026/09/22 17:41:06.407, 0, 12288, 11830, 286
2026/09/22 17:41:06.613, 0, 12288, 11830, 286
2026/09/22 17:41:06.821, 0, 12288, 11830, 286
2026/09/22 17:41:07.029, 0, 12288, 11830, 286
2026/09/22 17:41:07.236, 0, 12288, 11830, 286
2026/09/22 17:41:07.443, 0, 12288, 11830, 286
2026/09/22 17:41:07.650, 0, 12288, 11830, 286
2026/09/22 17:41:07.858, 0, 12288, 11830, 286
2026/09/22 17:41:08.064, 0, 12288, 11830, 286
2026/09/22 17:41:08.272, 0, 12288, 11830, 286
2026/09/22 17:41:08.478, 0, 12288, 11830, 286
2026/09/22 17:41:08.686, 0, 12288, 11830, 286
2026/09/22 17:41:08.892, 0, 12288, 11830, 286
2026/09/22 17:41:09.099, 0, 12288, 11830, 286
2026/09/22 17:41:09.307, 0, 12288, 11830, 286
2026/09/22 17:41:09.515, 0, 12288, 11830, 286
2026/09/22 17:41:09.722, 0, 12288, 11830, 286
2026/09/22 17:41:09.927, 0, 12288, 11830, 286
2026/09/22 17:41:10.135, 0, 12288, 11830, 286
2026/09/22 17:41:10.344, 0, 12288, 11830, 286
2026/09/22 17:41:10.551, 0, 12288, 11830, 286
2026/09/22 17:41:10.759, 0, 12288, 11830, 286
2026/09/22 17:41:10.966, 0, 12288, 11830, 286
2026/09/22 17:41:11.172, 0, 12288, 11830, 286
2026/09/22 17:41:11.379, 0, 12288, 11830, 286
2026/09/22 17:41:11.587, 0, 12288, 11830, 286
2026/09/22 17:41:11.795, 0, 12288, 11830, 286
2026/09/22 17:41:12.000, 0, 12288, 11830, 286
2026/09/22 17:41:12.207, 0, 12288, 11830, 286
2026/09/22 17:41:12.414, 0, 12288, 11830, 286
2026/09/22 17:41:12.622, 0, 12288, 11830, 286
2026/09/22 17:41:12.828, 0, 12288, 11830, 286
2026/09/22 17:41:13.036, 0, 12288, 11830, 286
2026/09/22 17:41:13.244, 0, 12288, 11830, 286
2026/09/22 17:41:13.452, 0, 12288, 11830, 286
2026/09/22 17:41:13.658, 0, 12288, 11830, 286
2026/09/22 17:41:13.866, 0, 12288, 11830, 286
2026/09/22 17:41:14.072, 0, 12288, 11830, 286
2026/09/22 17:41:14.279, 0, 12288, 11830, 286
2026/09/22 17:41:14.485, 0, 12288, 11830, 286
2026/09/22 17:41:14.692, 0, 12288, 11830, 286
2026/09/22 17:41:14.899, 0, 12288, 11830, 286
2026/09/22 17:41:15.104, 0, 12288, 11830, 286
2026/09/22 17:41:15.311, 0, 12288, 11830, 286
2026/09/22 17:41:15.518, 0, 12288, 11830, 286
2026/09/22 17:41:15.725, 0, 12288, 11830, 286
2026/09/22 17:41:15.933, 0, 12288, 11830, 286
2026/09/22 17:41:16.141, 0, 12288, 11830, 286
2026/09/22 17:41:16.348, 0, 12288, 11830, 286
2026/09/22 17:41:16.555, 0, 12288, 11830, 286
2026/09/22 17:41:16.761, 0, 12288, 11830, 286
2026/09/22 17:41:16.968, 0, 12288, 11830, 286
2026/09/22 17:41:17.171, 0, 12288, 11830, 286
2026/09/22 17:41:17.378, 0, 12288, 11830, 286
2026/09/22 17:41:17.585, 0, 12288, 11830, 286
2026/09/22 17:41:17.793, 0, 12288, 11830, 286
2026/09/22 17:41:18.000, 0, 12288, 11830, 286
2026/09/22 17:41:18.206, 0, 12288, 11830, 286
2026/09/22 17:41:18.414, 0, 12288, 11830, 286
2026/09/22 17:41:18.622, 0, 12288, 11830, 286
2026/09/22 17:41:18.829, 0, 12288, 11830, 286
2026/09/22 17:41:19.036, 0, 12288, 11830, 286
2026/09/22 17:41:19.243, 0, 12288, 11830, 286
2026/09/22 17:41:19.450, 0, 12288, 11830, 286
2026/09/22 17:41:19.657, 0, 12288, 11830, 286
2026/09/22 17:41:19.863, 0, 12288, 11830, 286
2026/09/22 17:41:20.071, 0, 12288, 11830, 286
2026/09/22 17:41:20.277, 0, 12288, 11830, 286
2026/09/22 17:41:20.485, 0, 12288, 11830, 286
2026/09/22 17:41:20.692, 0, 12288, 11830, 286
2026/09/22 17:41:20.900, 0, 12288, 11830, 286
2026/09/22 17:41:21.107, 0, 12288, 11830, 286
2026/09/22 17:41:21.313, 0, 12288, 11830, 286
2026/09/22 17:41:21.519, 0, 12288, 11830, 286
2026/09/22 17:41:21.727, 0, 12288, 11830, 286
2026/09/22 17:41:21.935, 0, 12288, 11830, 286
2026/09/22 17:41:22.143, 0, 12288, 11830, 286
2026/09/22 17:41:22.350, 0, 12288, 11830, 286
2026/09/22 17:41:22.558, 0, 12288, 11830, 286
2026/09/22 17:41:22.766, 0, 12288, 11830, 286
2026/09/22 17:41:22.974, 0, 12288, 11830, 286
2026/09/22 17:41:23.181, 0, 12288, 11830, 286
2026/09/22 17:41:23.389, 0, 12288, 11830, 286
2026/09/22 17:41:23.595, 0, 12288, 11830, 286
2026/09/22 17:41:23.799, 0, 12288, 11830, 286
2026/09/22 17:41:24.007, 0, 12288, 11830, 286
2026/09/22 17:41:24.214, 0, 12288, 11830, 286
2026/09/22 17:41:24.421, 0, 12288, 11830, 286
2026/09/22 17:41:24.629, 0, 12288, 11830, 286
2026/09/22 17:41:24.837, 0, 12288, 11830, 286
2026/09/22 17:41:25.045, 0, 12288, 11830, 286
2026/09/22 17:41:25.252, 0, 12288, 11830, 286
2026/09/22 17:41:25.460, 0, 12288, 11830, 286
2026/09/22 17:41:25.667, 0, 12288, 11830, 286
2026/09/22 17:41:25.875, 0, 12288, 11830, 286
2026/09/22 17:41:26.082, 0, 12288, 11830, 286
2026/09/22 17:41:26.288, 0, 12288, 11830, 286
2026/09/22 17:41:26.495, 0, 12288, 11830, 286
2026/09/22 17:41:26.703, 0, 12288, 11830, 286
2026/09/22 17:41:26.909, 0, 12288, 11830, 286
2026/09/22 17:41:27.117, 0, 12288, 11830, 286
2026/09/22 17:41:27.325, 0, 12288, 11830, 286
2026/09/22 17:41:27.533, 0, 12288, 11830, 286
2026/09/22 17:41:27.740, 0, 12288, 11830, 286
2026/09/22 17:41:27.947, 0, 12288, 11830, 286
2026/09/22 17:41:28.155, 0, 12288, 11830, 286
2026/09/22 17:41:28.359, 0, 12288, 11830, 286
2026/09/22 17:41:28.566, 0, 12288, 11830, 286
2026/09/22 17:41:28.774, 0, 12288, 11830, 286
2026/09/22 17:41:28.982, 0, 12288, 11830, 286
2026/09/22 17:41:29.190, 0, 12288, 11830, 286
2026/09/22 17:41:29.397, 0, 12288, 11830, 286
2026/09/22 17:41:29.605, 0, 12288, 11830, 286
2026/09/22 17:41:29.812, 0, 12288, 11830, 286
2026/09/22 17:41:30.016, 0, 12288, 11830, 286
2026/09/22 17:41:30.224, 0, 12288, 11830, 286
2026/09/22 17:41:30.431, 0, 12288, 11830, 286
2026/09/22 17:41:30.639, 0, 12288, 11830, 286
2026/09/22 17:41:30.845, 0, 12288, 11830, 286
2026/09/22 17:41:31.053, 0, 12288, 11830, 286
2026/09/22 17:41:31.261, 0, 12288, 11830, 286
2026/09/22 17:41:31.467, 0, 12288, 11830, 286
2026/09/22 17:41:31.674, 0, 12288, 11830, 286
2026/09/22 17:41:31.882, 0, 12288, 11830, 286
2026/09/22 17:41:32.090, 0, 12288, 11830, 286
2026/09/22 17:41:32.297, 0, 12288, 11830, 286
2026/09/22 17:41:32.505, 0, 12288, 11830, 286
2026/09/22 17:41:32.713, 0, 12288, 11830, 286
2026/09/22 17:41:32.919, 0, 12288, 11830, 286
2026/09/22 17:41:33.127, 0, 12288, 11830, 286
2026/09/22 17:41:33.335, 0, 12288, 11830, 286
2026/09/22 17:41:33.541, 0, 12288, 11830, 286
2026/09/22 17:41:33.749, 0, 12288, 11830, 286
2026/09/22 17:41:33.954, 0, 12288, 11830, 286
2026/09/22 17:41:34.162, 0, 12288, 11830, 286
2026/09/22 17:41:34.369, 0, 12288, 11830, 286
2026/09/22 17:41:34.576, 0, 12288, 11830, 286
2026/09/22 17:41:34.783, 0, 12288, 11830, 286
2026/09/22 17:41:34.991, 0, 12288, 11830, 286
2026/09/22 17:41:35.199, 0, 12288, 11830, 286
2026/09/22 17:41:35.406, 0, 12288, 11830, 286
2026/09/22 17:41:35.614, 0, 12288, 11830, 286
2026/09/22 17:41:35.821, 0, 12288, 11830, 286
2026/09/22 17:41:36.029, 0, 12288, 11830, 286
2026/09/22 17:41:36.237, 0, 12288, 11830, 286
2026/09/22 17:41:36.445, 0, 12288, 11830, 286
2026/09/22 17:41:36.652, 0, 12288, 11830, 286
2026/09/22 17:41:36.858, 0, 12288, 11830, 286
2026/09/22 17:41:37.066, 0, 12288, 11830, 286
2026/09/22 17:41:37.273, 0, 12288, 11830, 286
2026/09/22 17:41:37.481, 0, 12288, 391, 11725
2026/09/22 17:41:37.689, 0, 12288, 391, 11725
2026/09/22 17:41:37.896, 0, 12288, 391, 11725
2026/09/22 17:41:38.104, 0, 12288, 391, 11725
2026/09/22 17:41:38.311, 0, 12288, 391, 11725
2026/09/22 17:41:38.519, 0, 12288, 391, 11725
2026/09/22 17:41:38.725, 0, 12288, 391, 11725
2026/09/22 17:41:38.948, 0, 12288, 391, 11725
2026/09/22 17:41:39.156, 0, 12288, 391, 11725
