2026/09/10 07:27:07.833, 0, 12288, 343, 11773
2026/09/10 07:27:08.040, 0, 12288, 435, 11681
2026/09/10 07:27:08.247, 0, 12288, 435, 11681
2026/09/10 07:27:08.453, 0, 12288, 435, 11681
2026/09/10 07:27:08.661, 0, 12288, 435, 11681
2026/09/10 07:27:08.867, 0, 12288, 435, 11681
2026/09/10 07:27:09.075, 0, 12288, 435, 11681
2026/09/10 07:27:09.282, 0, 12288, 6067, 6049
2026/09/10 07:27:09.490, 0, 12288, 10121, 1995
2026/09/10 07:27:09.697, 0, 12288, 10121, 1995
2026/09/10 07:27:09.905, 0, 12288, 10121, 1995
2026/09/10 07:27:10.113, 0, 12288, 10121, 1995
2026/09/10 07:27:10.320, 0, 12288, 10121, 1995
2026/09/10 07:27:10.527, 0, 12288, 10121, 1995
2026/09/10 07:27:10.735, 0, 12288, 10121, 1995
2026/09/10 07:27:10.943, 0, 12288, 10121, 1995
2026/09/10 07:27:11.165, 0, 12288, 10121, 1995
2026/09/10 07:27:11.371, 0, 12288, 10121, 1995
2026/09/10 07:27:11.577, 0, 12288, 10121, 1995
2026/09/10 07:27:11.784, 0, 12288, 10121, 1995
2026/09/10 07:27:11.992, 0, 12288, 10121, 1995
2026/09/10 07:27:12.200, 0, 12288, 10121, 1995
2026/09/10 07:27:12.408, 0, 12288, 11117, 999
2026/09/10 07:27:12.615, 0, 12288, 11553, 563
2026/09/10 07:27:12.818, 0, 12288, 11553, 563
2026/09/10 07:27:13.020, 0, 12288, 11553, 563
2026/09/10 07:27:13.235, 0, 12288, 11553, 563
2026/09/10 07:27:13.437, 0, 12288, 11553, 563
2026/09/10 07:27:13.638, 0, 12288, 11557, 559
2026/09/10 07:27:13.844, 0, 12288, 11741, 375
2026/09/10 07:27:14.049, 0, 12288, 11745, 371
2026/09/10 07:27:14.253, 0, 12288, 11745, 371
2026/09/10 07:27:14.456, 0, 12288, 11745, 371
2026/09/10 07:27:14.661, 0, 12288, 11745, 371
2026/09/10 07:27:14.869, 0, 12288, 11745, 371
2026/09/10 07:27:15.076, 0, 12288, 11745, 371
2026/09/10 07:27:15.284, 0, 12288, 11745, 371
2026/09/10 07:27:15.491, 0, 12288, 11745, 371
2026/09/10 07:27:15.697, 0, 12288, 11745, 371
2026/09/10 07:27:15.904, 0, 12288, 11745, 371
2026/09/10 07:27:16.110, 0, 12288, 11745, 371
2026/09/10 07:27:16.318, 0, 12288, 11745, 371
2026/09/10 07:27:16.526, 0, 12288, 11745, 371
2026/09/10 07:27:16.733, 0, 12288, 11745, 371
2026/09/10 07:27:16.941, 0, 12288, 11745, 371
2026/09/10 07:27:17.149, 0, 12288, 11745, 371
2026/09/10 07:27:17.357, 0, 12288, 11745, 371
2026/09/10 07:27:17.564, 0, 12288, 11745, 371
2026/09/10 07:27:17.770, 0, 12288, 11745, 371
2026/09/10 07:27:17.978, 0, 12288, 11745, 371
2026/09/10 07:27:18.185, 0, 12288, 11745, 371
2026/09/10 07:27:18.392, 0, 12288, 11745, 371
2026/09/10 07:27:18.599, 0, 12288, 11745, 371
2026/09/10 07:27:18.807, 0, 12288, 11745, 371
2026/09/10 07:27:19.014, 0, 12288, 11745, 371
2026/09/10 07:27:19.222, 0, 12288, 11745, 371
2026/09/10 07:27:19.430, 0, 12288, 11745, 371
2026/09/10 07:27:19.637, 0, 12288, 11745, 371
2026/09/10 07:27:19.844, 0, 12288, 11745, 371
2026/09/10 07:27:20.051, 0, 12288, 11745, 371
2026/09/10 07:27:20.259, 0, 12288, 11745, 371
2026/09/10 07:27:20.466, 0, 12288, 11745, 371
2026/09/10 07:27:20.673, 0, 12288, 11745, 371
2026/09/10 07:27:20.880, 0, 12288, 11745, 371
2026/09/10 07:27:21.088, 0, 12288, 11745, 371
2026/09/10 07:27:21.310, 0, 12288, 11745, 371
2026/09/10 07:27:21.518, 0, 12288, 11745, 371
2026/09/10 07:27:21.726, 0, 12288, 11745, 371
2026/09/10 07:27:21.933, 0, 12288, 11745, 371
2026/09/10 07:27:22.139, 0, 12288, 11745, 371
2026/09/10 07:27:22.346, 0, 12288, 11745, 371
2026/09/10 07:27:22.553, 0, 12288, 11745, 371
2026/09/10 07:27:22.759, 0, 12288, 11745, 371
2026/09/10 07:27:22.967, 0, 12288, 11745, 371
2026/09/10 07:27:23.175, 0, 12288, 11745, 371
2026/09/10 07:27:23.383, 0, 12288, 11745, 371
2026/09/10 07:27:23.591, 0, 12288, 11745, 371
2026/09/10 07:27:23.799, 0, 12288, 11745, 371
2026/09/10 07:27:24.007, 0, 12288, 11745, 371
2026/09/10 07:27:24.213, 0, 12288, 11745, 371
2026/09/10 07:27:24.421, 0, 12288, 11745, 371
2026/09/10 07:27:24.628, 0, 12288, 11745, 371
2026/09/10 07:27:24.836, 0, 12288, 11745, 371
2026/09/10 07:27:25.043, 0, 12288, 11745, 371
2026/09/10 07:27:25.249, 0, 12288, 11745, 371
2026/09/10 07:27:25.457, 0, 12288, 11745, 371
2026/09/10 07:27:25.664, 0, 12288, 11745, 371
2026/09/10 07:27:25.871, 0, 12288, 11745, 371
2026/09/10 07:27:26.078, 0, 12288, 11745, 371
2026/09/10 07:27:26.286, 0, 12288, 11745, 371
2026/09/10 07:27:26.494, 0, 12288, 11745, 371
2026/09/10 07:27:26.701, 0, 12288, 11745, 371
2026/09/10 07:27:26.909, 0, 12288, 11745, 371
2026/09/10 07:27:27.117, 0, 12288, 11745, 371
2026/09/10 07:27:27.325, 0, 12288, 11745, 371
2026/09/10 07:27:27.529, 0, 12288, 11745, 371
2026/09/10 07:27:27.737, 0, 12288, 11745, 371
2026/09/10 07:27:27.944, 0, 12288, 11745, 371
2026/09/10 07:27:28.151, 0, 12288, 11745, 371
2026/09/10 07:27:28.359, 0, 12288, 11745, 371
2026/09/10 07:27:28.566, 0, 12288, 11745, 371
2026/09/10 07:27:28.774, 0, 12288, 11745, 371
2026/09/10 07:27:28.981, 0, 12288, 11745, 371
2026/09/10 07:27:29.189, 0, 12288, 11745, 371
2026/09/10 07:27:29.397, 0, 12288, 11745, 371
2026/09/10 07:27:29.604, 0, 12288, 11745, 371
2026/09/10 07:27:29.812, 0, 12288, 11745, 371
2026/09/10 07:27:30.019, 0, 12288, 11745, 371
2026/09/10 07:27:30.225, 0, 12288, 11745, 371
2026/09/10 07:27:30.433, 0, 12288, 11745, 371
2026/09/10 07:27:30.640, 0, 12288, 11745, 371
2026/09/10 07:27:30.848, 0, 12288, 11745, 371
2026/09/10 07:27:31.055, 0, 12288, 11745, 371
2026/09/10 07:27:31.263, 0, 12288, 11745, 371
2026/09/10 07:27:31.471, 0, 12288, 11745, 371
2026/09/10 07:27:31.679, 0, 12288, 11745, 371
2026/09/10 07:27:31.886, 0, 12288, 11745, 371
2026/09/10 07:27:32.093, 0, 12288, 11745, 371
2026/09/10 07:27:32.300, 0, 12288, 11745, 371
2026/09/10 07:27:32.508, 0, 12288, 11745, 371
2026/09/10 07:27:32.716, 0, 12288, 11745, 371
2026/09/10 07:27:32.924, 0, 12288, 11745, 371
2026/09/10 07:27:33.132, 0, 12288, 11745, 371
2026/09/10 07:27:33.341, 0, 12288, 11745, 371
2026/09/10 07:27:33.548, 0, 12288, 11745, 371
2026/09/10 07:27:33.755, 0, 12288, 11745, 371
2026/09/10 07:27:33.963, 0, 12288, 11745, 371
2026/09/10 07:27:34.171, 0, 12288, 11745, 371
2026/09/10 07:27:34.379, 0, 12288, 11745, 371
2026/09/10 07:27:34.587, 0, 12288, 11745, 371
2026/09/10 07:27:34.794, 0, 12288, 11745, 371
2026/09/10 07:27:35.002, 0, 12288, 11745, 371
2026/09/10 07:27:35.210, 0, 12288, 11745, 371
2026/09/10 07:27:35.417, 0, 12288, 11745, 371
2026/09/10 07:27:35.623, 0, 12288, 11745, 371
2026/09/10 07:27:35.831, 0, 12288, 11745, 371
2026/09/10 07:27:36.039, 0, 12288, 11745, 371
2026/09/10 07:27:36.246, 0, 12288, 11745, 371
2026/09/10 07:27:36.450, 0, 12288, 11745, 371
2026/09/10 07:27:36.658, 0, 12288, 11745, 371
2026/09/10 07:27:36.865, 0, 12288, 11745, 371
2026/09/10 07:27:37.070, 0, 12288, 11745, 371
2026/09/10 07:27:37.276, 0, 12288, 11745, 371
2026/09/10 07:27:37.481, 0, 12288, 11745, 371
2026/09/10 07:27:37.688, 0, 12288, 11745, 371
2026/09/10 07:27:37.896, 0, 12288, 11745, 371
2026/09/10 07:27:38.103, 0, 12288, 11745, 371
2026/09/10 07:27:38.310, 0, 12288, 11745, 371
2026/09/10 07:27:38.518, 0, 12288, 11745, 371
2026/09/10 07:27:38.726, 0, 12288, 11745, 371
2026/09/10 07:27:38.933, 0, 12288, 11745, 371
2026/09/10 07:27:39.141, 0, 12288, 11745, 371
2026/09/10 07:27:39.349, 0, 12288, 11745, 371
2026/09/10 07:27:39.557, 0, 12288, 11745, 371
2026/09/10 07:27:39.763, 0, 12288, 11745, 371
2026/09/10 07:27:39.970, 0, 12288, 11745, 371
2026/09/10 07:27:40.177, 0, 12288, 11745, 371
2026/09/10 07:27:40.399, 0, 12288, 11745, 371
2026/09/10 07:27:40.607, 0, 12288, 11745, 371
2026/09/10 07:27:40.815, 0, 12288, 11745, 371
2026/09/10 07:27:41.023, 0, 12288, 11745, 371
2026/09/10 07:27:41.231, 0, 12288, 11745, 371
2026/09/10 07:27:41.439, 0, 12288, 11745, 371
2026/09/10 07:27:41.646, 0, 12288, 11745, 371
2026/09/10 07:27:41.853, 0, 12288, 11745, 371
2026/09/10 07:27:42.060, 0, 12288, 11745, 371
2026/09/10 07:27:42.267, 0, 12288, 11745, 371
2026/09/10 07:27:42.475, 0, 12288, 11745, 371
2026/09/10 07:27:42.683, 0, 12288, 11745, 371
2026/09/10 07:27:42.891, 0, 12288, 11745, 371
2026/09/10 07:27:43.114, 0, 12288, 11745, 371
2026/09/10 07:27:43.322, 0, 12288, 11745, 371
2026/09/10 07:27:43.530, 0, 12288, 11745, 371
2026/09/10 07:27:43.738, 0, 12288, 11745, 371
2026/09/10 07:27:43.946, 0, 12288, 11745, 371
2026/09/10 07:27:44.153, 0, 12288, 11745, 371
2026/09/10 07:27:44.360, 0, 12288, 11745, 371
2026/09/10 07:27:44.565, 0, 12288, 11745, 371
2026/09/10 07:27:44.773, 0, 12288, 11745, 371
2026/09/10 07:27:44.981, 0, 12288, 11745, 371
2026/09/10 07:27:45.187, 0, 12288, 11745, 371
2026/09/10 07:27:45.394, 0, 12288, 11745, 371
2026/09/10 07:27:45.602, 0, 12288, 11745, 371
2026/09/10 07:27:45.808, 0, 12288, 11745, 371
2026/09/10 07:27:46.015, 0, 12288, 11745, 371
2026/09/10 07:27:46.222, 0, 12288, 11745, 371
2026/09/10 07:27:46.429, 0, 12288, 11745, 371
2026/09/10 07:27:46.637, 0, 12288, 11745, 371
2026/09/10 07:27:46.844, 0, 12288, 11745, 371
2026/09/10 07:27:47.052, 0, 12288, 11745, 371
2026/09/10 07:27:47.260, 0, 12288, 11745, 371
2026/09/10 07:27:47.467, 0, 12288, 11745, 371
2026/09/10 07:27:47.675, 0, 12288, 11745, 371
2026/09/10 07:27:47.883, 0, 12288, 11745, 371
2026/09/10 07:27:48.090, 0, 12288, 11745, 371
2026/09/10 07:27:48.296, 0, 12288, 11745, 371
2026/09/10 07:27:48.502, 0, 12288, 11745, 371
2026/09/10 07:27:48.709, 0, 12288, 11745, 371
2026/09/10 07:27:48.916, 0, 12288, 11745, 371
2026/09/10 07:27:49.123, 0, 12288, 11745, 371
2026/09/10 07:27:49.331, 0, 12288, 11745, 371
2026/09/10 07:27:49.538, 0, 12288, 11745, 371
2026/09/10 07:27:49.745, 0, 12288, 11745, 371
2026/09/10 07:27:49.952, 0, 12288, 11745, 371
2026/09/10 07:27:50.160, 0, 12288, 11745, 371
2026/09/10 07:27:50.366, 0, 12288, 11745, 371
2026/09/10 07:27:50.573, 0, 12288, 11745, 371
2026/09/10 07:27:50.781, 0, 12288, 11745, 371
2026/09/10 07:27:50.988, 0, 12288, 11745, 371
2026/09/10 07:27:51.195, 0, 12288, 11745, 371
2026/09/10 07:27:51.403, 0, 12288, 11745, 371
2026/09/10 07:27:51.611, 0, 12288, 11745, 371
2026/09/10 07:27:51.819, 0, 12288, 11745, 371
2026/09/10 07:27:52.027, 0, 12288, 11745, 371
2026/09/10 07:27:52.235, 0, 12288, 11745, 371
2026/09/10 07:27:52.443, 0, 12288, 11745, 371
2026/09/10 07:27:52.666, 0, 12288, 11745, 371
2026/09/10 07:27:52.872, 0, 12288, 11745, 371
2026/09/10 07:27:53.080, 0, 12288, 11745, 371
2026/09/10 07:27:53.289, 0, 12288, 11745, 371
2026/09/10 07:27:53.495, 0, 12288, 11745, 371
2026/09/10 07:27:53.702, 0, 12288, 11745, 371
2026/09/10 07:27:53.909, 0, 12288, 11745, 371
2026/09/10 07:27:54.117, 0, 12288, 11745, 371
2026/09/10 07:27:54.324, 0, 12288, 11745, 371
2026/09/10 07:27:54.530, 0, 12288, 11745, 371
2026/09/10 07:27:54.738, 0, 12288, 11745, 371
2026/09/10 07:27:54.946, 0, 12288, 11745, 371
2026/09/10 07:27:55.154, 0, 12288, 11745, 371
2026/09/10 07:27:55.360, 0, 12288, 11745, 371
2026/09/10 07:27:55.567, 0, 12288, 11745, 371
2026/09/10 07:27:55.775, 0, 12288, 11745, 371
2026/09/10 07:27:55.981, 0, 12288, 11745, 371
2026/09/10 07:27:56.189, 0, 12288, 11745, 371
2026/09/10 07:27:56.396, 0, 12288, 11745, 371
2026/09/10 07:27:56.601, 0, 12288, 11745, 371
2026/09/10 07:27:56.809, 0, 12288, 11745, 371
2026/09/10 07:27:57.017, 0, 12288, 11745, 371
2026/09/10 07:27:57.225, 0, 12288, 11745, 371
2026/09/10 07:27:57.433, 0, 12288, 11745, 371
2026/09/10 07:27:57.641, 0, 12288, 11745, 371
2026/09/10 07:27:57.848, 0, 12288, 11745, 371
2026/09/10 07:27:58.055, 0, 12288, 11745, 371
2026/09/10 07:27:58.262, 0, 12288, 11745, 371
2026/09/10 07:27:58.470, 0, 12288, 11745, 371
2026/09/10 07:27:58.678, 0, 12288, 11745, 371
2026/09/10 07:27:58.886, 0, 12288, 11745, 371
2026/09/10 07:27:59.093, 0, 12288, 11745, 371
2026/09/10 07:27:59.301, 0, 12288, 11745, 371
2026/09/10 07:27:59.508, 0, 12288, 11745, 371
2026/09/10 07:27:59.716, 0, 12288, 11745, 371
2026/09/10 07:27:59.924, 0, 12288, 11745, 371
2026/09/10 07:28:00.132, 0, 12288, 11745, 371
2026/09/10 07:28:00.340, 0, 12288, 11745, 371
2026/09/10 07:28:00.548, 0, 12288, 11745, 371
2026/09/10 07:28:00.755, 0, 12288, 11745, 371
2026/09/10 07:28:00.962, 0, 12288, 11745, 371
2026/09/10 07:28:01.170, 0, 12288, 11745, 371
2026/09/10 07:28:01.378, 0, 12288, 11745, 371
2026/09/10 07:28:01.586, 0, 12288, 11745, 371
2026/09/10 07:28:01.794, 0, 12288, 11745, 371
2026/09/10 07:28:01.999, 0, 12288, 11745, 371
2026/09/10 07:28:02.206, 0, 12288, 11745, 371
2026/09/10 07:28:02.414, 0, 12288, 11745, 371
2026/09/10 07:28:02.622, 0, 12288, 11745, 371
2026/09/10 07:28:02.829, 0, 12288, 11745, 371
2026/09/10 07:28:03.037, 0, 12288, 11745, 371
2026/09/10 07:28:03.245, 0, 12288, 11745, 371
2026/09/10 07:28:03.452, 0, 12288, 11745, 371
2026/09/10 07:28:03.659, 0, 12288, 11745, 371
2026/09/10 07:28:03.867, 0, 12288, 11745, 371
2026/09/10 07:28:04.075, 0, 12288, 11745, 371
2026/09/10 07:28:04.282, 0, 12288, 11745, 371
2026/09/10 07:28:04.490, 0, 12288, 11745, 371
2026/09/10 07:28:04.698, 0, 12288, 11745, 371
2026/09/10 07:28:04.904, 0, 12288, 11745, 371
2026/09/10 07:28:05.112, 0, 12288, 11745, 371
2026/09/10 07:28:05.320, 0, 12288, 11745, 371
2026/09/10 07:28:05.526, 0, 12288, 11745, 371
2026/09/10 07:28:05.734, 0, 12288, 11745, 371
2026/09/10 07:28:05.942, 0, 12288, 11745, 371
2026/09/10 07:28:06.149, 0, 12288, 11745, 371
2026/09/10 07:28:06.357, 0, 12288, 11745, 371
2026/09/10 07:28:06.565, 0, 12288, 11745, 371
2026/09/10 07:28:06.772, 0, 12288, 11745, 371
2026/09/10 07:28:06.980, 0, 12288, 11745, 371
2026/09/10 07:28:07.187, 0, 12288, 11745, 371
2026/09/10 07:28:07.395, 0, 12288, 11745, 371
2026/09/10 07:28:07.602, 0, 12288, 11745, 371
2026/09/10 07:28:07.810, 0, 12288, 11745, 371
2026/09/10 07:28:08.018, 0, 12288, 11745, 371
2026/09/10 07:28:08.226, 0, 12288, 11745, 371
2026/09/10 07:28:08.434, 0, 12288, 11745, 371
2026/09/10 07:28:08.642, 0, 12288, 11745, 371
2026/09/10 07:28:08.849, 0, 12288, 11745, 371
2026/09/10 07:28:09.056, 0, 12288, 11745, 371
2026/09/10 07:28:09.264, 0, 12288, 11745, 371
2026/09/10 07:28:09.470, 0, 12288, 11745, 371
2026/09/10 07:28:09.678, 0, 12288, 11745, 371
2026/09/10 07:28:09.885, 0, 12288, 11745, 371
2026/09/10 07:28:10.093, 0, 12288, 11745, 371
2026/09/10 07:28:10.301, 0, 12288, 11745, 371
2026/09/10 07:28:10.508, 0, 12288, 11745, 371
2026/09/10 07:28:10.716, 0, 12288, 11745, 371
2026/09/10 07:28:10.923, 0, 12288, 11745, 371
2026/09/10 07:28:11.130, 0, 12288, 11745, 371
2026/09/10 07:28:11.338, 0, 12288, 11745, 371
2026/09/10 07:28:11.546, 0, 12288, 11745, 371
2026/09/10 07:28:11.754, 0, 12288, 11745, 371
2026/09/10 07:28:11.961, 0, 12288, 11745, 371
2026/09/10 07:28:12.169, 0, 12288, 11745, 371
2026/09/10 07:28:12.376, 0, 12288, 11745, 371
2026/09/10 07:28:12.583, 0, 12288, 11745, 371
2026/09/10 07:28:12.790, 0, 12288, 11745, 371
2026/09/10 07:28:12.996, 0, 12288, 11745, 371
2026/09/10 07:28:13.203, 0, 12288, 11745, 371
2026/09/10 07:28:13.411, 0, 12288, 11745, 371
2026/09/10 07:28:13.619, 0, 12288, 11745, 371
2026/09/10 07:28:13.827, 0, 12288, 11745, 371
2026/09/10 07:28:14.035, 0, 12288, 11745, 371
2026/09/10 07:28:14.242, 0, 12288, 11745, 371
2026/09/10 07:28:14.450, 0, 12288, 11745, 371
2026/09/10 07:28:14.657, 0, 12288, 11745, 371
2026/09/10 07:28:14.865, 0, 12288, 11745, 371
2026/09/10 07:28:15.071, 0, 12288, 11745, 371
2026/09/10 07:28:15.279, 0, 12288, 11745, 371
2026/09/10 07:28:15.486, 0, 12288, 11745, 371
2026/09/10 07:28:15.694, 0, 12288, 11745, 371
2026/09/10 07:28:15.901, 0, 12288, 11745, 371
2026/09/10 07:28:16.107, 0, 12288, 11745, 371
2026/09/10 07:28:16.315, 0, 12288, 11745, 371
2026/09/10 07:28:16.523, 0, 12288, 11745, 371
2026/09/10 07:28:16.731, 0, 12288, 11745, 371
2026/09/10 07:28:16.938, 0, 12288, 11745, 371
2026/09/10 07:28:17.145, 0, 12288, 11745, 371
2026/09/10 07:28:17.353, 0, 12288, 11745, 371
2026/09/10 07:28:17.560, 0, 12288, 11745, 371
2026/09/10 07:28:17.768, 0, 12288, 11745, 371
2026/09/10 07:28:17.976, 0, 12288, 11745, 371
2026/09/10 07:28:18.184, 0, 12288, 11745, 371
2026/09/10 07:28:18.391, 0, 12288, 11745, 371
2026/09/10 07:28:18.598, 0, 12288, 11745, 371
2026/09/10 07:28:18.806, 0, 12288, 11745, 371
2026/09/10 07:28:19.014, 0, 12288, 11745, 371
2026/09/10 07:28:19.222, 0, 12288, 11745, 371
2026/09/10 07:28:19.429, 0, 12288, 11745, 371
2026/09/10 07:28:19.637, 0, 12288, 11745, 371
2026/09/10 07:28:19.844, 0, 12288, 11745, 371
2026/09/10 07:28:20.052, 0, 12288, 11745, 371
2026/09/10 07:28:20.260, 0, 12288, 11745, 371
2026/09/10 07:28:20.467, 0, 12288, 11745, 371
2026/09/10 07:28:20.675, 0, 12288, 11745, 371
2026/09/10 07:28:20.883, 0, 12288, 11745, 371
2026/09/10 07:28:21.090, 0, 12288, 11745, 371
2026/09/10 07:28:21.297, 0, 12288, 11745, 371
2026/09/10 07:28:21.505, 0, 12288, 11745, 371
2026/09/10 07:28:21.713, 0, 12288, 11745, 371
2026/09/10 07:28:21.921, 0, 12288, 11745, 371
2026/09/10 07:28:22.129, 0, 12288, 11745, 371
2026/09/10 07:28:22.337, 0, 12288, 11745, 371
2026/09/10 07:28:22.544, 0, 12288, 11745, 371
2026/09/10 07:28:22.752, 0, 12288, 11745, 371
2026/09/10 07:28:22.959, 0, 12288, 11745, 371
2026/09/10 07:28:23.166, 0, 12288, 11745, 371
2026/09/10 07:28:23.374, 0, 12288, 11745, 371
2026/09/10 07:28:23.582, 0, 12288, 11745, 371
2026/09/10 07:28:23.790, 0, 12288, 11745, 371
2026/09/10 07:28:24.012, 0, 12288, 11745, 371
2026/09/10 07:28:24.219, 0, 12288, 11745, 371
2026/09/10 07:28:24.426, 0, 12288, 11745, 371
2026/09/10 07:28:24.633, 0, 12288, 11745, 371
2026/09/10 07:28:24.840, 0, 12288, 11745, 371
2026/09/10 07:28:25.048, 0, 12288, 11745, 371
2026/09/10 07:28:25.255, 0, 12288, 11745, 371
2026/09/10 07:28:25.462, 0, 12288, 11745, 371
2026/09/10 07:28:25.670, 0, 12288, 11745, 371
2026/09/10 07:28:25.877, 0, 12288, 11745, 371
2026/09/10 07:28:26.085, 0, 12288, 11745, 371
2026/09/10 07:28:26.293, 0, 12288, 11745, 371
2026/09/10 07:28:26.500, 0, 12288, 11745, 371
2026/09/10 07:28:26.707, 0, 12288, 11745, 371
2026/09/10 07:28:26.915, 0, 12288, 11745, 371
2026/09/10 07:28:27.122, 0, 12288, 11745, 371
2026/09/10 07:28:27.330, 0, 12288, 11745, 371
2026/09/10 07:28:27.537, 0, 12288, 11745, 371
2026/09/10 07:28:27.744, 0, 12288, 11745, 371
2026/09/10 07:28:27.950, 0, 12288, 11745, 371
2026/09/10 07:28:28.157, 0, 12288, 11745, 371
2026/09/10 07:28:28.365, 0, 12288, 11745, 371
2026/09/10 07:28:28.573, 0, 12288, 11745, 371
2026/09/10 07:28:28.781, 0, 12288, 11745, 371
2026/09/10 07:28:28.989, 0, 12288, 11745, 371
2026/09/10 07:28:29.196, 0, 12288, 11745, 371
2026/09/10 07:28:29.403, 0, 12288, 11745, 371
2026/09/10 07:28:29.610, 0, 12288, 11745, 371
2026/09/10 07:28:29.817, 0, 12288, 11745, 371
2026/09/10 07:28:30.025, 0, 12288, 11745, 371
2026/09/10 07:28:30.233, 0, 12288, 11745, 371
2026/09/10 07:28:30.441, 0, 12288, 11745, 371
2026/09/10 07:28:30.647, 0, 12288, 11745, 371
2026/09/10 07:28:30.855, 0, 12288, 11745, 371
2026/09/10 07:28:31.062, 0, 12288, 11745, 371
2026/09/10 07:28:31.270, 0, 12288, 11745, 371
2026/09/10 07:28:31.477, 0, 12288, 11745, 371
2026/09/10 07:28:31.685, 0, 12288, 11745, 371
2026/09/10 07:28:31.893, 0, 12288, 11745, 371
2026/09/10 07:28:32.099, 0, 12288, 11745, 371
2026/09/10 07:28:32.307, 0, 12288, 11745, 371
2026/09/10 07:28:32.514, 0, 12288, 11745, 371
2026/09/10 07:28:32.721, 0, 12288, 11745, 371
2026/09/10 07:28:32.929, 0, 12288, 11745, 371
2026/09/10 07:28:33.137, 0, 12288, 11745, 371
2026/09/10 07:28:33.344, 0, 12288, 11745, 371
2026/09/10 07:28:33.551, 0, 12288, 11745, 371
2026/09/10 07:28:33.758, 0, 12288, 11745, 371
2026/09/10 07:28:33.966, 0, 12288, 11745, 371
2026/09/10 07:28:34.174, 0, 12288, 11745, 371
2026/09/10 07:28:34.381, 0, 12288, 11745, 371
2026/09/10 07:28:34.589, 0, 12288, 11745, 371
2026/09/10 07:28:34.794, 0, 12288, 11745, 371
2026/09/10 07:28:35.001, 0, 12288, 11745, 371
2026/09/10 07:28:35.209, 0, 12288, 11745, 371
2026/09/10 07:28:35.416, 0, 12288, 11745, 371
2026/09/10 07:28:35.624, 0, 12288, 11745, 371
2026/09/10 07:28:35.832, 0, 12288, 11745, 371
2026/09/10 07:28:36.040, 0, 12288, 11745, 371
2026/09/10 07:28:36.248, 0, 12288, 11745, 371
2026/09/10 07:28:36.454, 0, 12288, 11745, 371
2026/09/10 07:28:36.662, 0, 12288, 11745, 371
2026/09/10 07:28:36.870, 0, 12288, 11745, 371
2026/09/10 07:28:37.078, 0, 12288, 11745, 371
2026/09/10 07:28:37.285, 0, 12288, 11745, 371
2026/09/10 07:28:37.490, 0, 12288, 11745, 371
2026/09/10 07:28:37.697, 0, 12288, 11745, 371
2026/09/10 07:28:37.904, 0, 12288, 11745, 371
2026/09/10 07:28:38.112, 0, 12288, 11745, 371
2026/09/10 07:28:38.318, 0, 12288, 11745, 371
2026/09/10 07:28:38.524, 0, 12288, 11745, 371
2026/09/10 07:28:38.730, 0, 12288, 11745, 371
2026/09/10 07:28:38.937, 0, 12288, 11747, 369
2026/09/10 07:28:39.140, 0, 12288, 11747, 369
2026/09/10 07:28:39.342, 0, 12288, 11747, 369
2026/09/10 07:28:39.548, 0, 12288, 11747, 369
2026/09/10 07:28:39.755, 0, 12288, 11779, 337
2026/09/10 07:28:39.960, 0, 12288, 11779, 337
2026/09/10 07:28:40.167, 0, 12288, 11779, 337
2026/09/10 07:28:40.373, 0, 12288, 11779, 337
2026/09/10 07:28:40.578, 0, 12288, 11779, 337
2026/09/10 07:28:40.786, 0, 12288, 11779, 337
2026/09/10 07:28:40.991, 0, 12288, 11779, 337
2026/09/10 07:28:41.198, 0, 12288, 11779, 337
2026/09/10 07:28:41.406, 0, 12288, 11779, 337
2026/09/10 07:28:41.609, 0, 12288, 11779, 337
2026/09/10 07:28:41.816, 0, 12288, 11779, 337
2026/09/10 07:28:42.022, 0, 12288, 11779, 337
2026/09/10 07:28:42.228, 0, 12288, 11779, 337
2026/09/10 07:28:42.436, 0, 12288, 11779, 337
2026/09/10 07:28:42.641, 0, 12288, 11779, 337
2026/09/10 07:28:42.847, 0, 12288, 11779, 337
2026/09/10 07:28:43.054, 0, 12288, 11779, 337
2026/09/10 07:28:43.259, 0, 12288, 11779, 337
2026/09/10 07:28:43.466, 0, 12288, 11779, 337
2026/09/10 07:28:43.671, 0, 12288, 11779, 337
2026/09/10 07:28:43.878, 0, 12288, 11779, 337
2026/09/10 07:28:44.085, 0, 12288, 11779, 337
2026/09/10 07:28:44.289, 0, 12288, 11779, 337
2026/09/10 07:28:44.497, 0, 12288, 11779, 337
2026/09/10 07:28:44.702, 0, 12288, 11779, 337
2026/09/10 07:28:44.908, 0, 12288, 11779, 337
2026/09/10 07:28:45.116, 0, 12288, 11779, 337
2026/09/10 07:28:45.319, 0, 12288, 11779, 337
2026/09/10 07:28:45.526, 0, 12288, 11779, 337
2026/09/10 07:28:45.732, 0, 12288, 11779, 337
2026/09/10 07:28:45.938, 0, 12288, 11779, 337
2026/09/10 07:28:46.146, 0, 12288, 11779, 337
2026/09/10 07:28:46.350, 0, 12288, 11779, 337
2026/09/10 07:28:46.558, 0, 12288, 11779, 337
2026/09/10 07:28:46.766, 0, 12288, 11779, 337
2026/09/10 07:28:46.972, 0, 12288, 11779, 337
2026/09/10 07:28:47.195, 0, 12288, 11779, 337
2026/09/10 07:28:47.400, 0, 12288, 11779, 337
2026/09/10 07:28:47.606, 0, 12288, 11779, 337
2026/09/10 07:28:47.813, 0, 12288, 11779, 337
2026/09/10 07:28:48.016, 0, 12288, 11779, 337
2026/09/10 07:28:48.225, 0, 12288, 11779, 337
2026/09/10 07:28:48.431, 0, 12288, 11779, 337
2026/09/10 07:28:48.635, 0, 12288, 11779, 337
2026/09/10 07:28:48.841, 0, 12288, 11779, 337
2026/09/10 07:28:49.047, 0, 12288, 11779, 337
2026/09/10 07:28:49.253, 0, 12288, 11779, 337
2026/09/10 07:28:49.461, 0, 12288, 11779, 337
2026/09/10 07:28:49.665, 0, 12288, 11779, 337
2026/09/10 07:28:49.873, 0, 12288, 11779, 337
2026/09/10 07:28:50.080, 0, 12288, 11779, 337
2026/09/10 07:28:50.284, 0, 12288, 11779, 337
2026/09/10 07:28:50.492, 0, 12288, 11779, 337
2026/09/10 07:28:50.697, 0, 12288, 11779, 337
2026/09/10 07:28:50.903, 0, 12288, 11779, 337
2026/09/10 07:28:51.110, 0, 12288, 11779, 337
2026/09/10 07:28:51.314, 0, 12288, 11779, 337
2026/09/10 07:28:51.520, 0, 12288, 11779, 337
2026/09/10 07:28:51.727, 0, 12288, 11779, 337
2026/09/10 07:28:51.932, 0, 12288, 11779, 337
2026/09/10 07:28:52.139, 0, 12288, 11779, 337
2026/09/10 07:28:52.344, 0, 12288, 11779, 337
2026/09/10 07:28:52.550, 0, 12288, 11779, 337
2026/09/10 07:28:52.757, 0, 12288, 11779, 337
2026/09/10 07:28:52.961, 0, 12288, 11779, 337
2026/09/10 07:28:53.168, 0, 12288, 11779, 337
2026/09/10 07:28:53.376, 0, 12288, 11779, 337
2026/09/10 07:28:53.579, 0, 12288, 11779, 337
2026/09/10 07:28:53.787, 0, 12288, 11779, 337
2026/09/10 07:28:54.008, 0, 12288, 11779, 337
2026/09/10 07:28:54.213, 0, 12288, 11779, 337
2026/09/10 07:28:54.421, 0, 12288, 11779, 337
2026/09/10 07:28:54.625, 0, 12288, 11779, 337
2026/09/10 07:28:54.831, 0, 12288, 11779, 337
2026/09/10 07:28:55.039, 0, 12288, 11779, 337
2026/09/10 07:28:55.241, 0, 12288, 11779, 337
2026/09/10 07:28:55.447, 0, 12288, 11779, 337
2026/09/10 07:28:55.652, 0, 12288, 11779, 337
2026/09/10 07:28:55.857, 0, 12288, 11779, 337
2026/09/10 07:28:56.064, 0, 12288, 11779, 337
2026/09/10 07:28:56.270, 0, 12288, 11779, 337
2026/09/10 07:28:56.476, 0, 12288, 11779, 337
2026/09/10 07:28:56.683, 0, 12288, 11779, 337
2026/09/10 07:28:56.886, 0, 12288, 11779, 337
2026/09/10 07:28:57.093, 0, 12288, 11779, 337
2026/09/10 07:28:57.301, 0, 12288, 11779, 337
2026/09/10 07:28:57.504, 0, 12288, 11779, 337
2026/09/10 07:28:57.712, 0, 12288, 11779, 337
2026/09/10 07:28:57.918, 0, 12288, 11779, 337
2026/09/10 07:28:58.121, 0, 12288, 11779, 337
2026/09/10 07:28:58.328, 0, 12288, 11779, 337
2026/09/10 07:28:58.533, 0, 12288, 11779, 337
2026/09/10 07:28:58.738, 0, 12288, 11779, 337
2026/09/10 07:28:58.946, 0, 12288, 11779, 337
2026/09/10 07:28:59.150, 0, 12288, 11779, 337
2026/09/10 07:28:59.355, 0, 12288, 11779, 337
2026/09/10 07:28:59.562, 0, 12288, 11779, 337
2026/09/10 07:28:59.764, 0, 12288, 11779, 337
2026/09/10 07:28:59.971, 0, 12288, 11779, 337
2026/09/10 07:29:00.176, 0, 12288, 11779, 337
2026/09/10 07:29:00.380, 0, 12288, 11779, 337
2026/09/10 07:29:00.587, 0, 12288, 11779, 337
2026/09/10 07:29:00.795, 0, 12288, 11779, 337
2026/09/10 07:29:01.002, 0, 12288, 11779, 337
2026/09/10 07:29:01.210, 0, 12288, 11779, 337
2026/09/10 07:29:01.418, 0, 12288, 11779, 337
2026/09/10 07:29:01.626, 0, 12288, 11779, 337
2026/09/10 07:29:01.834, 0, 12288, 11779, 337
2026/09/10 07:29:02.042, 0, 12288, 11779, 337
2026/09/10 07:29:02.250, 0, 12288, 11779, 337
2026/09/10 07:29:02.458, 0, 12288, 11779, 337
2026/09/10 07:29:02.660, 0, 12288, 11779, 337
2026/09/10 07:29:02.866, 0, 12288, 11779, 337
2026/09/10 07:29:03.074, 0, 12288, 11779, 337
2026/09/10 07:29:03.278, 0, 12288, 11779, 337
2026/09/10 07:29:03.486, 0, 12288, 11779, 337
2026/09/10 07:29:03.691, 0, 12288, 11779, 337
2026/09/10 07:29:03.897, 0, 12288, 11779, 337
2026/09/10 07:29:04.105, 0, 12288, 11779, 337
2026/09/10 07:29:04.310, 0, 12288, 11779, 337
2026/09/10 07:29:04.515, 0, 12288, 11779, 337
2026/09/10 07:29:04.722, 0, 12288, 11779, 337
2026/09/10 07:29:04.926, 0, 12288, 11779, 337
2026/09/10 07:29:05.133, 0, 12288, 11779, 337
2026/09/10 07:29:05.341, 0, 12288, 11779, 337
2026/09/10 07:29:05.545, 0, 12288, 11779, 337
2026/09/10 07:29:05.752, 0, 12288, 11779, 337
2026/09/10 07:29:05.959, 0, 12288, 11779, 337
2026/09/10 07:29:06.162, 0, 12288, 11779, 337
2026/09/10 07:29:06.369, 0, 12288, 11779, 337
2026/09/10 07:29:06.576, 0, 12288, 11779, 337
2026/09/10 07:29:06.779, 0, 12288, 11779, 337
2026/09/10 07:29:06.987, 0, 12288, 11779, 337
2026/09/10 07:29:07.195, 0, 12288, 11779, 337
2026/09/10 07:29:07.400, 0, 12288, 11779, 337
2026/09/10 07:29:07.607, 0, 12288, 11779, 337
2026/09/10 07:29:07.813, 0, 12288, 11779, 337
2026/09/10 07:29:08.017, 0, 12288, 11779, 337
2026/09/10 07:29:08.225, 0, 12288, 11779, 337
2026/09/10 07:29:08.430, 0, 12288, 11779, 337
2026/09/10 07:29:08.636, 0, 12288, 11779, 337
2026/09/10 07:29:08.843, 0, 12288, 11779, 337
2026/09/10 07:29:09.049, 0, 12288, 11779, 337
2026/09/10 07:29:09.254, 0, 12288, 11779, 337
2026/09/10 07:29:09.462, 0, 12288, 11779, 337
2026/09/10 07:29:09.669, 0, 12288, 11779, 337
2026/09/10 07:29:09.874, 0, 12288, 11779, 337
2026/09/10 07:29:10.082, 0, 12288, 11779, 337
2026/09/10 07:29:10.286, 0, 12288, 11779, 337
2026/09/10 07:29:10.491, 0, 12288, 11779, 337
2026/09/10 07:29:10.699, 0, 12288, 11779, 337
2026/09/10 07:29:10.901, 0, 12288, 11779, 337
2026/09/10 07:29:11.109, 0, 12288, 11779, 337
2026/09/10 07:29:11.317, 0, 12288, 11779, 337
2026/09/10 07:29:11.522, 0, 12288, 11779, 337
2026/09/10 07:29:11.730, 0, 12288, 11779, 337
2026/09/10 07:29:11.938, 0, 12288, 11779, 337
2026/09/10 07:29:12.141, 0, 12288, 11779, 337
2026/09/10 07:29:12.347, 0, 12288, 11779, 337
2026/09/10 07:29:12.555, 0, 12288, 11779, 337
2026/09/10 07:29:12.758, 0, 12288, 11779, 337
2026/09/10 07:29:12.966, 0, 12288, 11779, 337
2026/09/10 07:29:13.173, 0, 12288, 11779, 337
2026/09/10 07:29:13.376, 0, 12288, 11779, 337
2026/09/10 07:29:13.584, 0, 12288, 11779, 337
2026/09/10 07:29:13.791, 0, 12288, 11779, 337
2026/09/10 07:29:13.996, 0, 12288, 11779, 337
2026/09/10 07:29:14.204, 0, 12288, 11779, 337
2026/09/10 07:29:14.410, 0, 12288, 11779, 337
2026/09/10 07:29:14.615, 0, 12288, 11779, 337
2026/09/10 07:29:14.823, 0, 12288, 11779, 337
2026/09/10 07:29:15.029, 0, 12288, 11779, 337
2026/09/10 07:29:15.232, 0, 12288, 11779, 337
2026/09/10 07:29:15.436, 0, 12288, 11779, 337
2026/09/10 07:29:15.643, 0, 12288, 11779, 337
2026/09/10 07:29:15.849, 0, 12288, 11779, 337
2026/09/10 07:29:16.057, 0, 12288, 11779, 337
2026/09/10 07:29:16.263, 0, 12288, 11779, 337
2026/09/10 07:29:16.466, 0, 12288, 11779, 337
2026/09/10 07:29:16.674, 0, 12288, 11779, 337
2026/09/10 07:29:16.880, 0, 12288, 11779, 337
2026/09/10 07:29:17.084, 0, 12288, 11779, 337
2026/09/10 07:29:17.291, 0, 12288, 11779, 337
2026/09/10 07:29:17.498, 0, 12288, 11779, 337
2026/09/10 07:29:17.704, 0, 12288, 11779, 337
2026/09/10 07:29:17.912, 0, 12288, 11779, 337
2026/09/10 07:29:18.116, 0, 12288, 11779, 337
2026/09/10 07:29:18.321, 0, 12288, 11779, 337
2026/09/10 07:29:18.545, 0, 12288, 11779, 337
2026/09/10 07:29:18.750, 0, 12288, 11779, 337
2026/09/10 07:29:18.954, 0, 12288, 11779, 337
2026/09/10 07:29:19.162, 0, 12288, 11779, 337
2026/09/10 07:29:19.367, 0, 12288, 11779, 337
2026/09/10 07:29:19.574, 0, 12288, 11779, 337
2026/09/10 07:29:19.782, 0, 12288, 11779, 337
2026/09/10 07:29:19.989, 0, 12288, 11779, 337
2026/09/10 07:29:20.196, 0, 12288, 11779, 337
2026/09/10 07:29:20.404, 0, 12288, 11779, 337
2026/09/10 07:29:20.609, 0, 12288, 11779, 337
2026/09/10 07:29:20.817, 0, 12288, 11779, 337
2026/09/10 07:29:21.025, 0, 12288, 11779, 337
2026/09/10 07:29:21.231, 0, 12288, 11779, 337
2026/09/10 07:29:21.435, 0, 12288, 11779, 337
2026/09/10 07:29:21.643, 0, 12288, 11779, 337
2026/09/10 07:29:21.850, 0, 12288, 11779, 337
2026/09/10 07:29:22.056, 0, 12288, 11779, 337
2026/09/10 07:29:22.263, 0, 12288, 11779, 337
2026/09/10 07:29:22.468, 0, 12288, 11779, 337
2026/09/10 07:29:22.674, 0, 12288, 11779, 337
2026/09/10 07:29:22.880, 0, 12288, 11779, 337
2026/09/10 07:29:23.086, 0, 12288, 11779, 337
2026/09/10 07:29:23.292, 0, 12288, 11779, 337
2026/09/10 07:29:23.497, 0, 12288, 11779, 337
2026/09/10 07:29:23.703, 0, 12288, 11779, 337
2026/09/10 07:29:23.909, 0, 12288, 11779, 337
2026/09/10 07:29:24.117, 0, 12288, 11779, 337
2026/09/10 07:29:24.324, 0, 12288, 11779, 337
2026/09/10 07:29:24.529, 0, 12288, 11779, 337
2026/09/10 07:29:24.737, 0, 12288, 11779, 337
2026/09/10 07:29:24.943, 0, 12288, 11781, 335
2026/09/10 07:29:25.148, 0, 12288, 11781, 335
2026/09/10 07:29:25.355, 0, 12288, 11781, 335
2026/09/10 07:29:25.562, 0, 12288, 11781, 335
2026/09/10 07:29:25.769, 0, 12288, 11781, 335
2026/09/10 07:29:25.977, 0, 12288, 11781, 335
2026/09/10 07:29:26.183, 0, 12288, 11781, 335
2026/09/10 07:29:26.391, 0, 12288, 11781, 335
2026/09/10 07:29:26.599, 0, 12288, 11781, 335
2026/09/10 07:29:26.805, 0, 12288, 11781, 335
2026/09/10 07:29:27.013, 0, 12288, 11781, 335
2026/09/10 07:29:27.221, 0, 12288, 11781, 335
2026/09/10 07:29:27.429, 0, 12288, 11781, 335
2026/09/10 07:29:27.636, 0, 12288, 11781, 335
2026/09/10 07:29:27.844, 0, 12288, 11781, 335
2026/09/10 07:29:28.049, 0, 12288, 11781, 335
2026/09/10 07:29:28.257, 0, 12288, 11781, 335
2026/09/10 07:29:28.464, 0, 12288, 11781, 335
2026/09/10 07:29:28.670, 0, 12288, 11781, 335
2026/09/10 07:29:28.877, 0, 12288, 11781, 335
2026/09/10 07:29:29.085, 0, 12288, 11781, 335
2026/09/10 07:29:29.291, 0, 12288, 11781, 335
2026/09/10 07:29:29.499, 0, 12288, 11781, 335
2026/09/10 07:29:29.706, 0, 12288, 11781, 335
2026/09/10 07:29:29.914, 0, 12288, 11781, 335
2026/09/10 07:29:30.122, 0, 12288, 11781, 335
2026/09/10 07:29:30.326, 0, 12288, 11781, 335
2026/09/10 07:29:30.534, 0, 12288, 11781, 335
2026/09/10 07:29:30.742, 0, 12288, 11781, 335
2026/09/10 07:29:30.948, 0, 12288, 11781, 335
2026/09/10 07:29:31.155, 0, 12288, 11781, 335
2026/09/10 07:29:31.362, 0, 12288, 11781, 335
2026/09/10 07:29:31.569, 0, 12288, 11781, 335
2026/09/10 07:29:31.777, 0, 12288, 11781, 335
2026/09/10 07:29:31.984, 0, 12288, 11781, 335
2026/09/10 07:29:32.191, 0, 12288, 11781, 335
2026/09/10 07:29:32.399, 0, 12288, 11781, 335
2026/09/10 07:29:32.607, 0, 12288, 11781, 335
2026/09/10 07:29:32.813, 0, 12288, 11781, 335
2026/09/10 07:29:33.020, 0, 12288, 11781, 335
2026/09/10 07:29:33.228, 0, 12288, 11781, 335
2026/09/10 07:29:33.435, 0, 12288, 11781, 335
2026/09/10 07:29:33.642, 0, 12288, 11781, 335
2026/09/10 07:29:33.850, 0, 12288, 11781, 335
2026/09/10 07:29:34.058, 0, 12288, 11781, 335
2026/09/10 07:29:34.266, 0, 12288, 11781, 335
2026/09/10 07:29:34.473, 0, 12288, 11781, 335
2026/09/10 07:29:34.680, 0, 12288, 11781, 335
2026/09/10 07:29:34.888, 0, 12288, 11781, 335
2026/09/10 07:29:35.092, 0, 12288, 11781, 335
2026/09/10 07:29:35.298, 0, 12288, 11781, 335
2026/09/10 07:29:35.506, 0, 12288, 11781, 335
2026/09/10 07:29:35.714, 0, 12288, 11781, 335
2026/09/10 07:29:35.922, 0, 12288, 11781, 335
2026/09/10 07:29:36.130, 0, 12288, 11781, 335
2026/09/10 07:29:36.337, 0, 12288, 11781, 335
2026/09/10 07:29:36.545, 0, 12288, 11781, 335
2026/09/10 07:29:36.753, 0, 12288, 11781, 335
2026/09/10 07:29:36.961, 0, 12288, 11781, 335
2026/09/10 07:29:37.169, 0, 12288, 11781, 335
2026/09/10 07:29:37.376, 0, 12288, 11781, 335
2026/09/10 07:29:37.584, 0, 12288, 11781, 335
2026/09/10 07:29:37.791, 0, 12288, 11781, 335
2026/09/10 07:29:37.999, 0, 12288, 11781, 335
2026/09/10 07:29:38.206, 0, 12288, 11781, 335
2026/09/10 07:29:38.413, 0, 12288, 11781, 335
2026/09/10 07:29:38.621, 0, 12288, 11781, 335
2026/09/10 07:29:38.826, 0, 12288, 11781, 335
2026/09/10 07:29:39.033, 0, 12288, 11781, 335
2026/09/10 07:29:39.241, 0, 12288, 11781, 335
2026/09/10 07:29:39.447, 0, 12288, 11781, 335
2026/09/10 07:29:39.653, 0, 12288, 11781, 335
2026/09/10 07:29:39.859, 0, 12288, 11781, 335
2026/09/10 07:29:40.066, 0, 12288, 11781, 335
2026/09/10 07:29:40.274, 0, 12288, 11781, 335
2026/09/10 07:29:40.482, 0, 12288, 11781, 335
2026/09/10 07:29:40.690, 0, 12288, 11781, 335
2026/09/10 07:29:40.897, 0, 12288, 11781, 335
2026/09/10 07:29:41.104, 0, 12288, 11781, 335
2026/09/10 07:29:41.312, 0, 12288, 11781, 335
2026/09/10 07:29:41.520, 0, 12288, 11781, 335
2026/09/10 07:29:41.728, 0, 12288, 11781, 335
2026/09/10 07:29:41.933, 0, 12288, 11781, 335
2026/09/10 07:29:42.141, 0, 12288, 11781, 335
2026/09/10 07:29:42.347, 0, 12288, 11781, 335
2026/09/10 07:29:42.554, 0, 12288, 11781, 335
2026/09/10 07:29:42.760, 0, 12288, 11781, 335
2026/09/10 07:29:42.965, 0, 12288, 11781, 335
2026/09/10 07:29:43.172, 0, 12288, 11781, 335
2026/09/10 07:29:43.379, 0, 12288, 11781, 335
2026/09/10 07:29:43.587, 0, 12288, 11781, 335
2026/09/10 07:29:43.794, 0, 12288, 11781, 335
2026/09/10 07:29:44.002, 0, 12288, 11781, 335
2026/09/10 07:29:44.210, 0, 12288, 11781, 335
2026/09/10 07:29:44.433, 0, 12288, 11781, 335
2026/09/10 07:29:44.641, 0, 12288, 11781, 335
2026/09/10 07:29:44.849, 0, 12288, 11781, 335
2026/09/10 07:29:45.055, 0, 12288, 11781, 335
2026/09/10 07:29:45.262, 0, 12288, 11781, 335
2026/09/10 07:29:45.470, 0, 12288, 11781, 335
2026/09/10 07:29:45.677, 0, 12288, 11781, 335
2026/09/10 07:29:45.885, 0, 12288, 11781, 335
2026/09/10 07:29:46.091, 0, 12288, 11781, 335
2026/09/10 07:29:46.297, 0, 12288, 11781, 335
2026/09/10 07:29:46.504, 0, 12288, 11781, 335
2026/09/10 07:29:46.712, 0, 12288, 11781, 335
2026/09/10 07:29:46.918, 0, 12288, 11781, 335
2026/09/10 07:29:47.123, 0, 12288, 11781, 335
2026/09/10 07:29:47.329, 0, 12288, 11781, 335
2026/09/10 07:29:47.535, 0, 12288, 11781, 335
2026/09/10 07:29:47.743, 0, 12288, 11781, 335
2026/09/10 07:29:47.951, 0, 12288, 11781, 335
2026/09/10 07:29:48.159, 0, 12288, 11781, 335
2026/09/10 07:29:48.366, 0, 12288, 11781, 335
2026/09/10 07:29:48.574, 0, 12288, 11781, 335
2026/09/10 07:29:48.781, 0, 12288, 11781, 335
2026/09/10 07:29:48.988, 0, 12288, 11781, 335
2026/09/10 07:29:49.195, 0, 12288, 11781, 335
2026/09/10 07:29:49.403, 0, 12288, 11781, 335
2026/09/10 07:29:49.611, 0, 12288, 11781, 335
2026/09/10 07:29:49.818, 0, 12288, 11781, 335
2026/09/10 07:29:50.025, 0, 12288, 11781, 335
2026/09/10 07:29:50.232, 0, 12288, 11781, 335
2026/09/10 07:29:50.439, 0, 12288, 11781, 335
2026/09/10 07:29:50.647, 0, 12288, 11781, 335
2026/09/10 07:29:50.855, 0, 12288, 11781, 335
2026/09/10 07:29:51.061, 0, 12288, 11781, 335
2026/09/10 07:29:51.268, 0, 12288, 11781, 335
2026/09/10 07:29:51.476, 0, 12288, 11781, 335
2026/09/10 07:29:51.683, 0, 12288, 11781, 335
2026/09/10 07:29:51.891, 0, 12288, 11781, 335
2026/09/10 07:29:52.098, 0, 12288, 11781, 335
2026/09/10 07:29:52.306, 0, 12288, 11781, 335
2026/09/10 07:29:52.512, 0, 12288, 11781, 335
2026/09/10 07:29:52.719, 0, 12288, 11781, 335
2026/09/10 07:29:52.926, 0, 12288, 11781, 335
2026/09/10 07:29:53.134, 0, 12288, 11781, 335
2026/09/10 07:29:53.341, 0, 12288, 11781, 335
2026/09/10 07:29:53.549, 0, 12288, 11781, 335
2026/09/10 07:29:53.757, 0, 12288, 11781, 335
2026/09/10 07:29:53.964, 0, 12288, 11781, 335
2026/09/10 07:29:54.172, 0, 12288, 11781, 335
2026/09/10 07:29:54.379, 0, 12288, 11781, 335
2026/09/10 07:29:54.585, 0, 12288, 11781, 335
2026/09/10 07:29:54.793, 0, 12288, 11781, 335
2026/09/10 07:29:54.999, 0, 12288, 11781, 335
2026/09/10 07:29:55.205, 0, 12288, 11781, 335
2026/09/10 07:29:55.411, 0, 12288, 11781, 335
2026/09/10 07:29:55.619, 0, 12288, 11781, 335
2026/09/10 07:29:55.827, 0, 12288, 11781, 335
2026/09/10 07:29:56.035, 0, 12288, 11781, 335
2026/09/10 07:29:56.243, 0, 12288, 11781, 335
2026/09/10 07:29:56.450, 0, 12288, 11781, 335
2026/09/10 07:29:56.655, 0, 12288, 11781, 335
2026/09/10 07:29:56.862, 0, 12288, 11781, 335
2026/09/10 07:29:57.070, 0, 12288, 11781, 335
2026/09/10 07:29:57.278, 0, 12288, 11781, 335
2026/09/10 07:29:57.485, 0, 12288, 11781, 335
2026/09/10 07:29:57.692, 0, 12288, 11781, 335
2026/09/10 07:29:57.899, 0, 12288, 11781, 335
2026/09/10 07:29:58.107, 0, 12288, 11781, 335
2026/09/10 07:29:58.315, 0, 12288, 11781, 335
2026/09/10 07:29:58.523, 0, 12288, 11781, 335
2026/09/10 07:29:58.731, 0, 12288, 11781, 335
2026/09/10 07:29:58.938, 0, 12288, 11781, 335
2026/09/10 07:29:59.145, 0, 12288, 11781, 335
2026/09/10 07:29:59.352, 0, 12288, 11781, 335
2026/09/10 07:29:59.559, 0, 12288, 11781, 335
2026/09/10 07:29:59.767, 0, 12288, 11781, 335
2026/09/10 07:29:59.975, 0, 12288, 11781, 335
2026/09/10 07:30:00.182, 0, 12288, 11781, 335
2026/09/10 07:30:00.390, 0, 12288, 11781, 335
2026/09/10 07:30:00.597, 0, 12288, 11781, 335
2026/09/10 07:30:00.805, 0, 12288, 11781, 335
2026/09/10 07:30:01.012, 0, 12288, 11781, 335
2026/09/10 07:30:01.220, 0, 12288, 11781, 335
2026/09/10 07:30:01.428, 0, 12288, 11781, 335
2026/09/10 07:30:01.636, 0, 12288, 11781, 335
2026/09/10 07:30:01.844, 0, 12288, 11781, 335
2026/09/10 07:30:02.052, 0, 12288, 11781, 335
2026/09/10 07:30:02.259, 0, 12288, 11781, 335
2026/09/10 07:30:02.466, 0, 12288, 11781, 335
2026/09/10 07:30:02.674, 0, 12288, 11781, 335
2026/09/10 07:30:02.881, 0, 12288, 11781, 335
2026/09/10 07:30:03.088, 0, 12288, 11781, 335
2026/09/10 07:30:03.296, 0, 12288, 11781, 335
2026/09/10 07:30:03.519, 0, 12288, 11781, 335
2026/09/10 07:30:03.725, 0, 12288, 11781, 335
2026/09/10 07:30:03.933, 0, 12288, 11781, 335
2026/09/10 07:30:04.141, 0, 12288, 11781, 335
2026/09/10 07:30:04.349, 0, 12288, 11781, 335
2026/09/10 07:30:04.556, 0, 12288, 11781, 335
2026/09/10 07:30:04.762, 0, 12288, 11781, 335
2026/09/10 07:30:04.970, 0, 12288, 11781, 335
2026/09/10 07:30:05.177, 0, 12288, 11781, 335
2026/09/10 07:30:05.383, 0, 12288, 11781, 335
2026/09/10 07:30:05.591, 0, 12288, 11781, 335
2026/09/10 07:30:05.798, 0, 12288, 11781, 335
2026/09/10 07:30:06.006, 0, 12288, 11781, 335
2026/09/10 07:30:06.213, 0, 12288, 11781, 335
2026/09/10 07:30:06.420, 0, 12288, 11781, 335
2026/09/10 07:30:06.628, 0, 12288, 11781, 335
2026/09/10 07:30:06.835, 0, 12288, 11781, 335
2026/09/10 07:30:07.041, 0, 12288, 11781, 335
2026/09/10 07:30:07.248, 0, 12288, 11781, 335
2026/09/10 07:30:07.454, 0, 12288, 11781, 335
2026/09/10 07:30:07.662, 0, 12288, 11781, 335
2026/09/10 07:30:07.870, 0, 12288, 11781, 335
2026/09/10 07:30:08.078, 0, 12288, 11781, 335
2026/09/10 07:30:08.283, 0, 12288, 11781, 335
2026/09/10 07:30:08.491, 0, 12288, 11781, 335
2026/09/10 07:30:08.698, 0, 12288, 11781, 335
2026/09/10 07:30:08.904, 0, 12288, 11781, 335
2026/09/10 07:30:09.112, 0, 12288, 11781, 335
2026/09/10 07:30:09.320, 0, 12288, 11781, 335
2026/09/10 07:30:09.528, 0, 12288, 11781, 335
2026/09/10 07:30:09.735, 0, 12288, 11781, 335
2026/09/10 07:30:09.942, 0, 12288, 11781, 335
2026/09/10 07:30:10.149, 0, 12288, 11781, 335
2026/09/10 07:30:10.355, 0, 12288, 11781, 335
2026/09/10 07:30:10.563, 0, 12288, 11781, 335
2026/09/10 07:30:10.771, 0, 12288, 11781, 335
2026/09/10 07:30:10.979, 0, 12288, 11781, 335
2026/09/10 07:30:11.187, 0, 12288, 11781, 335
2026/09/10 07:30:11.394, 0, 12288, 11781, 335
2026/09/10 07:30:11.601, 0, 12288, 11781, 335
2026/09/10 07:30:11.808, 0, 12288, 11781, 335
2026/09/10 07:30:12.016, 0, 12288, 11781, 335
2026/09/10 07:30:12.224, 0, 12288, 11781, 335
2026/09/10 07:30:12.432, 0, 12288, 11781, 335
2026/09/10 07:30:12.638, 0, 12288, 11781, 335
2026/09/10 07:30:12.844, 0, 12288, 11781, 335
2026/09/10 07:30:13.067, 0, 12288, 11781, 335
2026/09/10 07:30:13.275, 0, 12288, 11781, 335
2026/09/10 07:30:13.483, 0, 12288, 11781, 335
2026/09/10 07:30:13.690, 0, 12288, 11781, 335
2026/09/10 07:30:13.897, 0, 12288, 11781, 335
2026/09/10 07:30:14.104, 0, 12288, 11781, 335
2026/09/10 07:30:14.310, 0, 12288, 11781, 335
2026/09/10 07:30:14.518, 0, 12288, 11781, 335
2026/09/10 07:30:14.726, 0, 12288, 11781, 335
2026/09/10 07:30:14.934, 0, 12288, 11781, 335
2026/09/10 07:30:15.142, 0, 12288, 11781, 335
2026/09/10 07:30:15.350, 0, 12288, 11781, 335
2026/09/10 07:30:15.557, 0, 12288, 11781, 335
2026/09/10 07:30:15.764, 0, 12288, 11781, 335
2026/09/10 07:30:15.971, 0, 12288, 11781, 335
2026/09/10 07:30:16.178, 0, 12288, 11781, 335
2026/09/10 07:30:16.384, 0, 12288, 11781, 335
2026/09/10 07:30:16.591, 0, 12288, 11781, 335
2026/09/10 07:30:16.799, 0, 12288, 11781, 335
2026/09/10 07:30:17.006, 0, 12288, 11781, 335
2026/09/10 07:30:17.214, 0, 12288, 11781, 335
2026/09/10 07:30:17.422, 0, 12288, 11781, 335
2026/09/10 07:30:17.628, 0, 12288, 11781, 335
2026/09/10 07:30:17.836, 0, 12288, 11781, 335
2026/09/10 07:30:18.044, 0, 12288, 11781, 335
2026/09/10 07:30:18.251, 0, 12288, 11781, 335
2026/09/10 07:30:18.457, 0, 12288, 11781, 335
2026/09/10 07:30:18.665, 0, 12288, 11781, 335
2026/09/10 07:30:18.872, 0, 12288, 11781, 335
2026/09/10 07:30:19.080, 0, 12288, 11781, 335
2026/09/10 07:30:19.288, 0, 12288, 11781, 335
2026/09/10 07:30:19.496, 0, 12288, 11781, 335
2026/09/10 07:30:19.701, 0, 12288, 11781, 335
2026/09/10 07:30:19.908, 0, 12288, 11781, 335
2026/09/10 07:30:20.116, 0, 12288, 11781, 335
2026/09/10 07:30:20.322, 0, 12288, 11781, 335
2026/09/10 07:30:20.530, 0, 12288, 11781, 335
2026/09/10 07:30:20.737, 0, 12288, 11781, 335
2026/09/10 07:30:20.943, 0, 12288, 11781, 335
2026/09/10 07:30:21.150, 0, 12288, 11781, 335
2026/09/10 07:30:21.357, 0, 12288, 11781, 335
2026/09/10 07:30:21.565, 0, 12288, 11781, 335
2026/09/10 07:30:21.773, 0, 12288, 11781, 335
2026/09/10 07:30:21.981, 0, 12288, 11781, 335
2026/09/10 07:30:22.189, 0, 12288, 11781, 335
2026/09/10 07:30:22.395, 0, 12288, 11781, 335
2026/09/10 07:30:22.603, 0, 12288, 11781, 335
2026/09/10 07:30:22.809, 0, 12288, 11781, 335
2026/09/10 07:30:23.016, 0, 12288, 11781, 335
2026/09/10 07:30:23.224, 0, 12288, 11781, 335
2026/09/10 07:30:23.432, 0, 12288, 11781, 335
2026/09/10 07:30:23.640, 0, 12288, 11781, 335
2026/09/10 07:30:23.847, 0, 12288, 11781, 335
2026/09/10 07:30:24.054, 0, 12288, 11781, 335
2026/09/10 07:30:24.262, 0, 12288, 11781, 335
2026/09/10 07:30:24.469, 0, 12288, 11781, 335
2026/09/10 07:30:24.677, 0, 12288, 11781, 335
2026/09/10 07:30:24.885, 0, 12288, 11781, 335
2026/09/10 07:30:25.091, 0, 12288, 11781, 335
2026/09/10 07:30:25.298, 0, 12288, 11781, 335
2026/09/10 07:30:25.506, 0, 12288, 11781, 335
2026/09/10 07:30:25.714, 0, 12288, 11781, 335
2026/09/10 07:30:25.922, 0, 12288, 11781, 335
2026/09/10 07:30:26.130, 0, 12288, 11781, 335
2026/09/10 07:30:26.336, 0, 12288, 11781, 335
2026/09/10 07:30:26.543, 0, 12288, 11781, 335
2026/09/10 07:30:26.749, 0, 12288, 11781, 335
2026/09/10 07:30:26.957, 0, 12288, 11781, 335
2026/09/10 07:30:27.165, 0, 12288, 11781, 335
2026/09/10 07:30:27.373, 0, 12288, 11781, 335
2026/09/10 07:30:27.581, 0, 12288, 11781, 335
2026/09/10 07:30:27.789, 0, 12288, 11781, 335
2026/09/10 07:30:27.994, 0, 12288, 11781, 335
2026/09/10 07:30:28.202, 0, 12288, 11781, 335
2026/09/10 07:30:28.410, 0, 12288, 11781, 335
2026/09/10 07:30:28.617, 0, 12288, 11781, 335
2026/09/10 07:30:28.825, 0, 12288, 11781, 335
2026/09/10 07:30:29.033, 0, 12288, 11781, 335
2026/09/10 07:30:29.240, 0, 12288, 11781, 335
2026/09/10 07:30:29.448, 0, 12288, 11781, 335
2026/09/10 07:30:29.656, 0, 12288, 11781, 335
2026/09/10 07:30:29.864, 0, 12288, 11781, 335
2026/09/10 07:30:30.071, 0, 12288, 11781, 335
2026/09/10 07:30:30.277, 0, 12288, 11781, 335
2026/09/10 07:30:30.485, 0, 12288, 11781, 335
2026/09/10 07:30:30.692, 0, 12288, 11781, 335
2026/09/10 07:30:30.899, 0, 12288, 11781, 335
2026/09/10 07:30:31.106, 0, 12288, 11781, 335
2026/09/10 07:30:31.311, 0, 12288, 11781, 335
2026/09/10 07:30:31.519, 0, 12288, 11781, 335
2026/09/10 07:30:31.727, 0, 12288, 11781, 335
2026/09/10 07:30:31.934, 0, 12288, 11781, 335
2026/09/10 07:30:32.156, 0, 12288, 11781, 335
2026/09/10 07:30:32.364, 0, 12288, 11781, 335
2026/09/10 07:30:32.571, 0, 12288, 11781, 335
2026/09/10 07:30:32.778, 0, 12288, 11781, 335
2026/09/10 07:30:32.986, 0, 12288, 11781, 335
2026/09/10 07:30:33.194, 0, 12288, 11781, 335
2026/09/10 07:30:33.401, 0, 12288, 11781, 335
2026/09/10 07:30:33.607, 0, 12288, 11781, 335
2026/09/10 07:30:33.815, 0, 12288, 11781, 335
2026/09/10 07:30:34.021, 0, 12288, 11781, 335
2026/09/10 07:30:34.229, 0, 12288, 11781, 335
2026/09/10 07:30:34.437, 0, 12288, 11781, 335
2026/09/10 07:30:34.645, 0, 12288, 11781, 335
2026/09/10 07:30:34.851, 0, 12288, 11781, 335
2026/09/10 07:30:35.059, 0, 12288, 11781, 335
2026/09/10 07:30:35.267, 0, 12288, 11781, 335
2026/09/10 07:30:35.474, 0, 12288, 11781, 335
2026/09/10 07:30:35.681, 0, 12288, 11781, 335
2026/09/10 07:30:35.887, 0, 12288, 11781, 335
2026/09/10 07:30:36.094, 0, 12288, 11781, 335
2026/09/10 07:30:36.301, 0, 12288, 11781, 335
2026/09/10 07:30:36.508, 0, 12288, 11781, 335
2026/09/10 07:30:36.716, 0, 12288, 11781, 335
2026/09/10 07:30:36.924, 0, 12288, 11781, 335
2026/09/10 07:30:37.132, 0, 12288, 11781, 335
2026/09/10 07:30:37.340, 0, 12288, 11781, 335
2026/09/10 07:30:37.547, 0, 12288, 11781, 335
2026/09/10 07:30:37.754, 0, 12288, 11781, 335
2026/09/10 07:30:37.962, 0, 12288, 11781, 335
2026/09/10 07:30:38.169, 0, 12288, 11781, 335
2026/09/10 07:30:38.377, 0, 12288, 11781, 335
2026/09/10 07:30:38.583, 0, 12288, 11781, 335
2026/09/10 07:30:38.791, 0, 12288, 11781, 335
2026/09/10 07:30:38.999, 0, 12288, 11781, 335
2026/09/10 07:30:39.207, 0, 12288, 11781, 335
2026/09/10 07:30:39.414, 0, 12288, 11781, 335
2026/09/10 07:30:39.621, 0, 12288, 11781, 335
2026/09/10 07:30:39.829, 0, 12288, 11781, 335
2026/09/10 07:30:40.035, 0, 12288, 11781, 335
2026/09/10 07:30:40.242, 0, 12288, 11781, 335
2026/09/10 07:30:40.447, 0, 12288, 11781, 335
2026/09/10 07:30:40.654, 0, 12288, 11781, 335
2026/09/10 07:30:40.860, 0, 12288, 11781, 335
2026/09/10 07:30:41.065, 0, 12288, 11781, 335
2026/09/10 07:30:41.273, 0, 12288, 11781, 335
2026/09/10 07:30:41.480, 0, 12288, 11781, 335
2026/09/10 07:30:41.686, 0, 12288, 11781, 335
2026/09/10 07:30:41.894, 0, 12288, 11781, 335
2026/09/10 07:30:42.102, 0, 12288, 11781, 335
2026/09/10 07:30:42.308, 0, 12288, 11781, 335
2026/09/10 07:30:42.516, 0, 12288, 11781, 335
2026/09/10 07:30:42.723, 0, 12288, 11781, 335
2026/09/10 07:30:42.930, 0, 12288, 11781, 335
2026/09/10 07:30:43.137, 0, 12288, 11781, 335
2026/09/10 07:30:43.345, 0, 12288, 11781, 335
2026/09/10 07:30:43.553, 0, 12288, 11781, 335
2026/09/10 07:30:43.759, 0, 12288, 11781, 335
2026/09/10 07:30:43.967, 0, 12288, 11781, 335
2026/09/10 07:30:44.175, 0, 12288, 11781, 335
2026/09/10 07:30:44.382, 0, 12288, 11781, 335
2026/09/10 07:30:44.589, 0, 12288, 11781, 335
2026/09/10 07:30:44.796, 0, 12288, 11781, 335
2026/09/10 07:30:45.003, 0, 12288, 11781, 335
2026/09/10 07:30:45.211, 0, 12288, 11781, 335
2026/09/10 07:30:45.418, 0, 12288, 11781, 335
2026/09/10 07:30:45.625, 0, 12288, 11781, 335
2026/09/10 07:30:45.832, 0, 12288, 11781, 335
2026/09/10 07:30:46.040, 0, 12288, 11781, 335
2026/09/10 07:30:46.248, 0, 12288, 11781, 335
2026/09/10 07:30:46.456, 0, 12288, 11781, 335
2026/09/10 07:30:46.664, 0, 12288, 11781, 335
2026/09/10 07:30:46.871, 0, 12288, 11781, 335
2026/09/10 07:30:47.078, 0, 12288, 11781, 335
2026/09/10 07:30:47.285, 0, 12288, 11781, 335
2026/09/10 07:30:47.493, 0, 12288, 11781, 335
2026/09/10 07:30:47.700, 0, 12288, 11781, 335
2026/09/10 07:30:47.908, 0, 12288, 11781, 335
2026/09/10 07:30:48.116, 0, 12288, 11781, 335
2026/09/10 07:30:48.324, 0, 12288, 11781, 335
2026/09/10 07:30:48.532, 0, 12288, 11781, 335
2026/09/10 07:30:48.738, 0, 12288, 11781, 335
2026/09/10 07:30:48.945, 0, 12288, 11781, 335
2026/09/10 07:30:49.153, 0, 12288, 11781, 335
2026/09/10 07:30:49.360, 0, 12288, 11781, 335
2026/09/10 07:30:49.567, 0, 12288, 11781, 335
2026/09/10 07:30:49.774, 0, 12288, 11781, 335
2026/09/10 07:30:49.981, 0, 12288, 11781, 335
2026/09/10 07:30:50.189, 0, 12288, 11781, 335
2026/09/10 07:30:50.397, 0, 12288, 11781, 335
2026/09/10 07:30:50.604, 0, 12288, 11781, 335
2026/09/10 07:30:50.812, 0, 12288, 11781, 335
2026/09/10 07:30:51.020, 0, 12288, 11781, 335
2026/09/10 07:30:51.228, 0, 12288, 11781, 335
2026/09/10 07:30:51.435, 0, 12288, 11781, 335
2026/09/10 07:30:51.641, 0, 12288, 11781, 335
2026/09/10 07:30:51.848, 0, 12288, 11781, 335
2026/09/10 07:30:52.056, 0, 12288, 11781, 335
2026/09/10 07:30:52.264, 0, 12288, 11781, 335
2026/09/10 07:30:52.471, 0, 12288, 11781, 335
2026/09/10 07:30:52.679, 0, 12288, 11781, 335
2026/09/10 07:30:52.886, 0, 12288, 11781, 335
2026/09/10 07:30:53.094, 0, 12288, 11781, 335
2026/09/10 07:30:53.301, 0, 12288, 11781, 335
2026/09/10 07:30:53.508, 0, 12288, 11781, 335
2026/09/10 07:30:53.716, 0, 12288, 11781, 335
2026/09/10 07:30:53.924, 0, 12288, 11781, 335
2026/09/10 07:30:54.131, 0, 12288, 11781, 335
2026/09/10 07:30:54.339, 0, 12288, 11781, 335
2026/09/10 07:30:54.547, 0, 12288, 11781, 335
2026/09/10 07:30:54.755, 0, 12288, 11781, 335
2026/09/10 07:30:54.962, 0, 12288, 11781, 335
2026/09/10 07:30:55.168, 0, 12288, 11781, 335
2026/09/10 07:30:55.376, 0, 12288, 11781, 335
2026/09/10 07:30:55.584, 0, 12288, 11781, 335
2026/09/10 07:30:55.792, 0, 12288, 11781, 335
2026/09/10 07:30:55.998, 0, 12288, 11781, 335
2026/09/10 07:30:56.205, 0, 12288, 11781, 335
2026/09/10 07:30:56.412, 0, 12288, 11781, 335
2026/09/10 07:30:56.619, 0, 12288, 11781, 335
2026/09/10 07:30:56.825, 0, 12288, 11781, 335
2026/09/10 07:30:57.031, 0, 12288, 11781, 335
2026/09/10 07:30:57.237, 0, 12288, 11781, 335
2026/09/10 07:30:57.444, 0, 12288, 11781, 335
2026/09/10 07:30:57.649, 0, 12288, 11781, 335
2026/09/10 07:30:57.855, 0, 12288, 11781, 335
2026/09/10 07:30:58.061, 0, 12288, 11781, 335
2026/09/10 07:30:58.268, 0, 12288, 11781, 335
2026/09/10 07:30:58.475, 0, 12288, 11781, 335
2026/09/10 07:30:58.680, 0, 12288, 11781, 335
2026/09/10 07:30:58.888, 0, 12288, 11781, 335
2026/09/10 07:30:59.094, 0, 12288, 11781, 335
2026/09/10 07:30:59.301, 0, 12288, 11781, 335
2026/09/10 07:30:59.508, 0, 12288, 11781, 335
2026/09/10 07:30:59.715, 0, 12288, 11781, 335
2026/09/10 07:30:59.923, 0, 12288, 11781, 335
2026/09/10 07:31:00.130, 0, 12288, 11781, 335
2026/09/10 07:31:00.337, 0, 12288, 11781, 335
2026/09/10 07:31:00.545, 0, 12288, 11781, 335
2026/09/10 07:31:00.752, 0, 12288, 11781, 335
2026/09/10 07:31:00.959, 0, 12288, 11781, 335
2026/09/10 07:31:01.166, 0, 12288, 11781, 335
2026/09/10 07:31:01.374, 0, 12288, 11781, 335
2026/09/10 07:31:01.582, 0, 12288, 11781, 335
2026/09/10 07:31:01.790, 0, 12288, 11781, 335
2026/09/10 07:31:01.998, 0, 12288, 11781, 335
2026/09/10 07:31:02.205, 0, 12288, 11781, 335
2026/09/10 07:31:02.413, 0, 12288, 11781, 335
2026/09/10 07:31:02.621, 0, 12288, 11781, 335
2026/09/10 07:31:02.828, 0, 12288, 11781, 335
2026/09/10 07:31:03.034, 0, 12288, 11781, 335
2026/09/10 07:31:03.242, 0, 12288, 11781, 335
2026/09/10 07:31:03.450, 0, 12288, 11781, 335
2026/09/10 07:31:03.658, 0, 12288, 11781, 335
2026/09/10 07:31:03.865, 0, 12288, 11781, 335
2026/09/10 07:31:04.072, 0, 12288, 11781, 335
2026/09/10 07:31:04.280, 0, 12288, 11781, 335
2026/09/10 07:31:04.488, 0, 12288, 11781, 335
2026/09/10 07:31:04.696, 0, 12288, 11781, 335
2026/09/10 07:31:04.902, 0, 12288, 11781, 335
2026/09/10 07:31:05.108, 0, 12288, 11781, 335
2026/09/10 07:31:05.315, 0, 12288, 11781, 335
2026/09/10 07:31:05.523, 0, 12288, 11781, 335
2026/09/10 07:31:05.731, 0, 12288, 11781, 335
2026/09/10 07:31:05.937, 0, 12288, 11781, 335
2026/09/10 07:31:06.144, 0, 12288, 11781, 335
2026/09/10 07:31:06.352, 0, 12288, 11781, 335
2026/09/10 07:31:06.559, 0, 12288, 11781, 335
2026/09/10 07:31:06.766, 0, 12288, 11781, 335
2026/09/10 07:31:06.973, 0, 12288, 11781, 335
2026/09/10 07:31:07.181, 0, 12288, 11781, 335
2026/09/10 07:31:07.388, 0, 12288, 11781, 335
2026/09/10 07:31:07.596, 0, 12288, 11781, 335
2026/09/10 07:31:07.803, 0, 12288, 11781, 335
2026/09/10 07:31:08.010, 0, 12288, 11781, 335
2026/09/10 07:31:08.217, 0, 12288, 11781, 335
2026/09/10 07:31:08.424, 0, 12288, 11781, 335
2026/09/10 07:31:08.630, 0, 12288, 11781, 335
2026/09/10 07:31:08.838, 0, 12288, 11781, 335
2026/09/10 07:31:09.043, 0, 12288, 11781, 335
2026/09/10 07:31:09.250, 0, 12288, 11781, 335
2026/09/10 07:31:09.457, 0, 12288, 11781, 335
2026/09/10 07:31:09.663, 0, 12288, 11781, 335
2026/09/10 07:31:09.871, 0, 12288, 11781, 335
2026/09/10 07:31:10.079, 0, 12288, 11781, 335
2026/09/10 07:31:10.285, 0, 12288, 11781, 335
2026/09/10 07:31:10.491, 0, 12288, 11781, 335
2026/09/10 07:31:10.699, 0, 12288, 11781, 335
2026/09/10 07:31:10.905, 0, 12288, 11781, 335
2026/09/10 07:31:11.113, 0, 12288, 11781, 335
2026/09/10 07:31:11.321, 0, 12288, 11781, 335
2026/09/10 07:31:11.528, 0, 12288, 11781, 335
2026/09/10 07:31:11.735, 0, 12288, 11781, 335
2026/09/10 07:31:11.941, 0, 12288, 11781, 335
2026/09/10 07:31:12.149, 0, 12288, 11781, 335
2026/09/10 07:31:12.357, 0, 12288, 11781, 335
2026/09/10 07:31:12.564, 0, 12288, 11781, 335
2026/09/10 07:31:12.771, 0, 12288, 11781, 335
2026/09/10 07:31:12.978, 0, 12288, 11781, 335
2026/09/10 07:31:13.184, 0, 12288, 11781, 335
2026/09/10 07:31:13.390, 0, 12288, 11781, 335
2026/09/10 07:31:13.596, 0, 12288, 11781, 335
2026/09/10 07:31:13.804, 0, 12288, 11781, 335
2026/09/10 07:31:14.012, 0, 12288, 11781, 335
2026/09/10 07:31:14.216, 0, 12288, 11781, 335
2026/09/10 07:31:14.421, 0, 12288, 11781, 335
2026/09/10 07:31:14.629, 0, 12288, 11781, 335
2026/09/10 07:31:14.837, 0, 12288, 11781, 335
2026/09/10 07:31:15.044, 0, 12288, 11781, 335
2026/09/10 07:31:15.250, 0, 12288, 11781, 335
2026/09/10 07:31:15.457, 0, 12288, 11781, 335
2026/09/10 07:31:15.665, 0, 12288, 11781, 335
2026/09/10 07:31:15.872, 0, 12288, 11781, 335
2026/09/10 07:31:16.080, 0, 12288, 11781, 335
2026/09/10 07:31:16.287, 0, 12288, 11781, 335
2026/09/10 07:31:16.494, 0, 12288, 11781, 335
2026/09/10 07:31:16.701, 0, 12288, 11781, 335
2026/09/10 07:31:16.909, 0, 12288, 11781, 335
2026/09/10 07:31:17.132, 0, 12288, 11781, 335
2026/09/10 07:31:17.338, 0, 12288, 11781, 335
2026/09/10 07:31:17.546, 0, 12288, 11781, 335
2026/09/10 07:31:17.754, 0, 12288, 11781, 335
2026/09/10 07:31:17.961, 0, 12288, 11781, 335
2026/09/10 07:31:18.167, 0, 12288, 11781, 335
2026/09/10 07:31:18.372, 0, 12288, 11781, 335
2026/09/10 07:31:18.579, 0, 12288, 11781, 335
2026/09/10 07:31:18.787, 0, 12288, 11781, 335
2026/09/10 07:31:18.995, 0, 12288, 11781, 335
2026/09/10 07:31:19.203, 0, 12288, 11781, 335
2026/09/10 07:31:19.411, 0, 12288, 11781, 335
2026/09/10 07:31:19.619, 0, 12288, 11781, 335
2026/09/10 07:31:19.826, 0, 12288, 11781, 335
2026/09/10 07:31:20.032, 0, 12288, 11781, 335
2026/09/10 07:31:20.240, 0, 12288, 11781, 335
2026/09/10 07:31:20.446, 0, 12288, 11781, 335
2026/09/10 07:31:20.653, 0, 12288, 11781, 335
2026/09/10 07:31:20.861, 0, 12288, 11781, 335
2026/09/10 07:31:21.067, 0, 12288, 11781, 335
2026/09/10 07:31:21.273, 0, 12288, 11781, 335
2026/09/10 07:31:21.478, 0, 12288, 11781, 335
2026/09/10 07:31:21.686, 0, 12288, 11781, 335
2026/09/10 07:31:21.894, 0, 12288, 11781, 335
2026/09/10 07:31:22.102, 0, 12288, 11781, 335
2026/09/10 07:31:22.309, 0, 12288, 11781, 335
2026/09/10 07:31:22.515, 0, 12288, 11781, 335
2026/09/10 07:31:22.722, 0, 12288, 11781, 335
2026/09/10 07:31:22.929, 0, 12288, 11781, 335
2026/09/10 07:31:23.137, 0, 12288, 11781, 335
2026/09/10 07:31:23.345, 0, 12288, 11781, 335
2026/09/10 07:31:23.553, 0, 12288, 11781, 335
2026/09/10 07:31:23.760, 0, 12288, 11781, 335
2026/09/10 07:31:23.966, 0, 12288, 11781, 335
2026/09/10 07:31:24.174, 0, 12288, 11781, 335
2026/09/10 07:31:24.382, 0, 12288, 11781, 335
2026/09/10 07:31:24.589, 0, 12288, 11781, 335
2026/09/10 07:31:24.794, 0, 12288, 11781, 335
2026/09/10 07:31:25.002, 0, 12288, 11781, 335
2026/09/10 07:31:25.209, 0, 12288, 11781, 335
2026/09/10 07:31:25.417, 0, 12288, 11781, 335
2026/09/10 07:31:25.624, 0, 12288, 11781, 335
2026/09/10 07:31:25.832, 0, 12288, 11781, 335
2026/09/10 07:31:26.040, 0, 12288, 11781, 335
2026/09/10 07:31:26.247, 0, 12288, 11781, 335
2026/09/10 07:31:26.455, 0, 12288, 11781, 335
2026/09/10 07:31:26.678, 0, 12288, 11781, 335
2026/09/10 07:31:26.886, 0, 12288, 11781, 335
2026/09/10 07:31:27.093, 0, 12288, 11781, 335
2026/09/10 07:31:27.301, 0, 12288, 11781, 335
2026/09/10 07:31:27.509, 0, 12288, 11781, 335
2026/09/10 07:31:27.717, 0, 12288, 11781, 335
2026/09/10 07:31:27.924, 0, 12288, 11781, 335
2026/09/10 07:31:28.131, 0, 12288, 11781, 335
2026/09/10 07:31:28.339, 0, 12288, 11781, 335
2026/09/10 07:31:28.547, 0, 12288, 11781, 335
2026/09/10 07:31:28.755, 0, 12288, 11781, 335
2026/09/10 07:31:28.963, 0, 12288, 11781, 335
2026/09/10 07:31:29.171, 0, 12288, 11781, 335
2026/09/10 07:31:29.377, 0, 12288, 11781, 335
2026/09/10 07:31:29.585, 0, 12288, 11781, 335
2026/09/10 07:31:29.793, 0, 12288, 11781, 335
2026/09/10 07:31:30.001, 0, 12288, 11781, 335
2026/09/10 07:31:30.209, 0, 12288, 11781, 335
2026/09/10 07:31:30.417, 0, 12288, 11781, 335
2026/09/10 07:31:30.625, 0, 12288, 11781, 335
2026/09/10 07:31:30.832, 0, 12288, 11781, 335
2026/09/10 07:31:31.039, 0, 12288, 11781, 335
2026/09/10 07:31:31.247, 0, 12288, 11781, 335
2026/09/10 07:31:31.454, 0, 12288, 11781, 335
2026/09/10 07:31:31.662, 0, 12288, 11781, 335
2026/09/10 07:31:31.870, 0, 12288, 11781, 335
2026/09/10 07:31:32.077, 0, 12288, 11781, 335
2026/09/10 07:31:32.284, 0, 12288, 11781, 335
2026/09/10 07:31:32.492, 0, 12288, 11781, 335
2026/09/10 07:31:32.699, 0, 12288, 11781, 335
2026/09/10 07:31:32.906, 0, 12288, 11781, 335
2026/09/10 07:31:33.114, 0, 12288, 11781, 335
2026/09/10 07:31:33.320, 0, 12288, 11781, 335
2026/09/10 07:31:33.528, 0, 12288, 11781, 335
2026/09/10 07:31:33.736, 0, 12288, 11781, 335
2026/09/10 07:31:33.944, 0, 12288, 11781, 335
2026/09/10 07:31:34.151, 0, 12288, 11781, 335
2026/09/10 07:31:34.359, 0, 12288, 11781, 335
2026/09/10 07:31:34.566, 0, 12288, 11781, 335
2026/09/10 07:31:34.773, 0, 12288, 11781, 335
2026/09/10 07:31:34.980, 0, 12288, 11781, 335
2026/09/10 07:31:35.187, 0, 12288, 11781, 335
2026/09/10 07:31:35.394, 0, 12288, 11781, 335
2026/09/10 07:31:35.602, 0, 12288, 11781, 335
2026/09/10 07:31:35.809, 0, 12288, 11781, 335
2026/09/10 07:31:36.016, 0, 12288, 11781, 335
2026/09/10 07:31:36.224, 0, 12288, 11781, 335
2026/09/10 07:31:36.431, 0, 12288, 11781, 335
2026/09/10 07:31:36.638, 0, 12288, 11781, 335
2026/09/10 07:31:36.846, 0, 12288, 11781, 335
2026/09/10 07:31:37.054, 0, 12288, 11781, 335
2026/09/10 07:31:37.261, 0, 12288, 11781, 335
2026/09/10 07:31:37.468, 0, 12288, 11781, 335
2026/09/10 07:31:37.676, 0, 12288, 11781, 335
2026/09/10 07:31:37.882, 0, 12288, 11781, 335
2026/09/10 07:31:38.090, 0, 12288, 11781, 335
2026/09/10 07:31:38.298, 0, 12288, 11781, 335
2026/09/10 07:31:38.506, 0, 12288, 11781, 335
2026/09/10 07:31:38.713, 0, 12288, 11781, 335
2026/09/10 07:31:38.920, 0, 12288, 11781, 335
2026/09/10 07:31:39.127, 0, 12288, 11781, 335
2026/09/10 07:31:39.335, 0, 12288, 11781, 335
2026/09/10 07:31:39.542, 0, 12288, 11781, 335
2026/09/10 07:31:39.750, 0, 12288, 11781, 335
2026/09/10 07:31:39.958, 0, 12288, 11781, 335
2026/09/10 07:31:40.164, 0, 12288, 11781, 335
2026/09/10 07:31:40.371, 0, 12288, 11781, 335
2026/09/10 07:31:40.578, 0, 12288, 11781, 335
2026/09/10 07:31:40.785, 0, 12288, 11781, 335
2026/09/10 07:31:40.993, 0, 12288, 11781, 335
2026/09/10 07:31:41.201, 0, 12288, 11781, 335
2026/09/10 07:31:41.406, 0, 12288, 11781, 335
2026/09/10 07:31:41.612, 0, 12288, 11781, 335
2026/09/10 07:31:41.819, 0, 12288, 11781, 335
2026/09/10 07:31:42.027, 0, 12288, 11781, 335
2026/09/10 07:31:42.233, 0, 12288, 11781, 335
2026/09/10 07:31:42.441, 0, 12288, 11781, 335
2026/09/10 07:31:42.649, 0, 12288, 11781, 335
2026/09/10 07:31:42.854, 0, 12288, 11781, 335
2026/09/10 07:31:43.062, 0, 12288, 11781, 335
2026/09/10 07:31:43.269, 0, 12288, 11781, 335
2026/09/10 07:31:43.477, 0, 12288, 11781, 335
2026/09/10 07:31:43.685, 0, 12288, 11781, 335
2026/09/10 07:31:43.893, 0, 12288, 11781, 335
2026/09/10 07:31:44.100, 0, 12288, 11781, 335
2026/09/10 07:31:44.307, 0, 12288, 11781, 335
2026/09/10 07:31:44.513, 0, 12288, 11781, 335
2026/09/10 07:31:44.718, 0, 12288, 11781, 335
2026/09/10 07:31:44.926, 0, 12288, 11781, 335
2026/09/10 07:31:45.134, 0, 12288, 11781, 335
2026/09/10 07:31:45.342, 0, 12288, 11781, 335
2026/09/10 07:31:45.549, 0, 12288, 11781, 335
2026/09/10 07:31:45.757, 0, 12288, 11781, 335
2026/09/10 07:31:45.965, 0, 12288, 11781, 335
2026/09/10 07:31:46.172, 0, 12288, 11781, 335
2026/09/10 07:31:46.380, 0, 12288, 11781, 335
2026/09/10 07:31:46.588, 0, 12288, 11781, 335
2026/09/10 07:31:46.796, 0, 12288, 11781, 335
2026/09/10 07:31:47.003, 0, 12288, 11781, 335
2026/09/10 07:31:47.211, 0, 12288, 11781, 335
2026/09/10 07:31:47.418, 0, 12288, 11781, 335
2026/09/10 07:31:47.626, 0, 12288, 11781, 335
2026/09/10 07:31:47.833, 0, 12288, 11781, 335
2026/09/10 07:31:48.040, 0, 12288, 11781, 335
2026/09/10 07:31:48.247, 0, 12288, 11781, 335
2026/09/10 07:31:48.455, 0, 12288, 11781, 335
2026/09/10 07:31:48.662, 0, 12288, 11781, 335
2026/09/10 07:31:48.869, 0, 12288, 11781, 335
2026/09/10 07:31:49.076, 0, 12288, 11781, 335
2026/09/10 07:31:49.284, 0, 12288, 11781, 335
2026/09/10 07:31:49.492, 0, 12288, 11781, 335
2026/09/10 07:31:49.699, 0, 12288, 11781, 335
2026/09/10 07:31:49.907, 0, 12288, 11781, 335
2026/09/10 07:31:50.115, 0, 12288, 11781, 335
2026/09/10 07:31:50.323, 0, 12288, 11781, 335
2026/09/10 07:31:50.531, 0, 12288, 11781, 335
2026/09/10 07:31:50.736, 0, 12288, 11781, 335
2026/09/10 07:31:50.944, 0, 12288, 11781, 335
2026/09/10 07:31:51.151, 0, 12288, 11781, 335
2026/09/10 07:31:51.358, 0, 12288, 11781, 335
2026/09/10 07:31:51.566, 0, 12288, 11781, 335
2026/09/10 07:31:51.773, 0, 12288, 11781, 335
2026/09/10 07:31:51.981, 0, 12288, 11781, 335
2026/09/10 07:31:52.189, 0, 12288, 11781, 335
2026/09/10 07:31:52.395, 0, 12288, 11781, 335
2026/09/10 07:31:52.603, 0, 12288, 11781, 335
2026/09/10 07:31:52.810, 0, 12288, 11781, 335
2026/09/10 07:31:53.018, 0, 12288, 11781, 335
2026/09/10 07:31:53.224, 0, 12288, 11781, 335
2026/09/10 07:31:53.432, 0, 12288, 11781, 335
2026/09/10 07:31:53.639, 0, 12288, 11781, 335
2026/09/10 07:31:53.847, 0, 12288, 11781, 335
2026/09/10 07:31:54.052, 0, 12288, 11781, 335
2026/09/10 07:31:54.259, 0, 12288, 11781, 335
2026/09/10 07:31:54.466, 0, 12288, 11781, 335
2026/09/10 07:31:54.673, 0, 12288, 11781, 335
2026/09/10 07:31:54.880, 0, 12288, 11781, 335
2026/09/10 07:31:55.086, 0, 12288, 11781, 335
2026/09/10 07:31:55.310, 0, 12288, 11781, 335
2026/09/10 07:31:55.516, 0, 12288, 11781, 335
2026/09/10 07:31:55.722, 0, 12288, 11781, 335
2026/09/10 07:31:55.929, 0, 12288, 11781, 335
2026/09/10 07:31:56.136, 0, 12288, 11781, 335
2026/09/10 07:31:56.340, 0, 12288, 11781, 335
2026/09/10 07:31:56.547, 0, 12288, 11781, 335
2026/09/10 07:31:56.755, 0, 12288, 11781, 335
2026/09/10 07:31:56.962, 0, 12288, 11781, 335
2026/09/10 07:31:57.170, 0, 12288, 11781, 335
2026/09/10 07:31:57.378, 0, 12288, 11781, 335
2026/09/10 07:31:57.586, 0, 12288, 11781, 335
2026/09/10 07:31:57.793, 0, 12288, 11781, 335
2026/09/10 07:31:58.000, 0, 12288, 11781, 335
2026/09/10 07:31:58.207, 0, 12288, 11781, 335
2026/09/10 07:31:58.415, 0, 12288, 11781, 335
2026/09/10 07:31:58.621, 0, 12288, 11781, 335
2026/09/10 07:31:58.828, 0, 12288, 11781, 335
2026/09/10 07:31:59.036, 0, 12288, 11781, 335
2026/09/10 07:31:59.243, 0, 12288, 11781, 335
2026/09/10 07:31:59.448, 0, 12288, 11781, 335
2026/09/10 07:31:59.656, 0, 12288, 11781, 335
2026/09/10 07:31:59.863, 0, 12288, 11781, 335
2026/09/10 07:32:00.069, 0, 12288, 11781, 335
2026/09/10 07:32:00.277, 0, 12288, 11781, 335
2026/09/10 07:32:00.484, 0, 12288, 11781, 335
2026/09/10 07:32:00.691, 0, 12288, 11781, 335
2026/09/10 07:32:00.899, 0, 12288, 11781, 335
2026/09/10 07:32:01.106, 0, 12288, 11781, 335
2026/09/10 07:32:01.314, 0, 12288, 11781, 335
2026/09/10 07:32:01.522, 0, 12288, 11781, 335
2026/09/10 07:32:01.729, 0, 12288, 11781, 335
2026/09/10 07:32:01.935, 0, 12288, 11781, 335
2026/09/10 07:32:02.141, 0, 12288, 11781, 335
2026/09/10 07:32:02.348, 0, 12288, 11781, 335
2026/09/10 07:32:02.554, 0, 12288, 11781, 335
2026/09/10 07:32:02.761, 0, 12288, 11781, 335
2026/09/10 07:32:02.967, 0, 12288, 11781, 335
2026/09/10 07:32:03.173, 0, 12288, 11781, 335
2026/09/10 07:32:03.380, 0, 12288, 11781, 335
2026/09/10 07:32:03.587, 0, 12288, 11781, 335
2026/09/10 07:32:03.794, 0, 12288, 11781, 335
2026/09/10 07:32:03.999, 0, 12288, 11781, 335
2026/09/10 07:32:04.207, 0, 12288, 11781, 335
2026/09/10 07:32:04.415, 0, 12288, 11781, 335
2026/09/10 07:32:04.623, 0, 12288, 11781, 335
2026/09/10 07:32:04.846, 0, 12288, 11781, 335
2026/09/10 07:32:05.053, 0, 12288, 11781, 335
2026/09/10 07:32:05.261, 0, 12288, 11781, 335
2026/09/10 07:32:05.469, 0, 12288, 11781, 335
2026/09/10 07:32:05.675, 0, 12288, 11781, 335
2026/09/10 07:32:05.883, 0, 12288, 11781, 335
2026/09/10 07:32:06.090, 0, 12288, 11781, 335
2026/09/10 07:32:06.297, 0, 12288, 11781, 335
2026/09/10 07:32:06.504, 0, 12288, 11781, 335
2026/09/10 07:32:06.712, 0, 12288, 11781, 335
2026/09/10 07:32:06.919, 0, 12288, 11781, 335
2026/09/10 07:32:07.126, 0, 12288, 11781, 335
2026/09/10 07:32:07.334, 0, 12288, 11781, 335
2026/09/10 07:32:07.542, 0, 12288, 11781, 335
2026/09/10 07:32:07.749, 0, 12288, 11781, 335
2026/09/10 07:32:07.957, 0, 12288, 11781, 335
2026/09/10 07:32:08.165, 0, 12288, 11781, 335
2026/09/10 07:32:08.373, 0, 12288, 11781, 335
2026/09/10 07:32:08.580, 0, 12288, 11781, 335
2026/09/10 07:32:08.788, 0, 12288, 11781, 335
2026/09/10 07:32:08.994, 0, 12288, 11781, 335
2026/09/10 07:32:09.199, 0, 12288, 11781, 335
2026/09/10 07:32:09.407, 0, 12288, 11781, 335
2026/09/10 07:32:09.614, 0, 12288, 11781, 335
2026/09/10 07:32:09.823, 0, 12288, 11781, 335
2026/09/10 07:32:10.030, 0, 12288, 11781, 335
2026/09/10 07:32:10.238, 0, 12288, 11781, 335
2026/09/10 07:32:10.446, 0, 12288, 11781, 335
2026/09/10 07:32:10.652, 0, 12288, 11781, 335
2026/09/10 07:32:10.858, 0, 12288, 11781, 335
2026/09/10 07:32:11.065, 0, 12288, 11781, 335
2026/09/10 07:32:11.272, 0, 12288, 11781, 335
2026/09/10 07:32:11.479, 0, 12288, 11781, 335
2026/09/10 07:32:11.687, 0, 12288, 11781, 335
2026/09/10 07:32:11.893, 0, 12288, 11781, 335
2026/09/10 07:32:12.100, 0, 12288, 11781, 335
2026/09/10 07:32:12.308, 0, 12288, 11781, 335
2026/09/10 07:32:12.515, 0, 12288, 11781, 335
2026/09/10 07:32:12.722, 0, 12288, 11781, 335
2026/09/10 07:32:12.930, 0, 12288, 11781, 335
2026/09/10 07:32:13.137, 0, 12288, 11781, 335
2026/09/10 07:32:13.345, 0, 12288, 11781, 335
2026/09/10 07:32:13.552, 0, 12288, 11781, 335
2026/09/10 07:32:13.760, 0, 12288, 11781, 335
2026/09/10 07:32:13.968, 0, 12288, 11781, 335
2026/09/10 07:32:14.175, 0, 12288, 11781, 335
2026/09/10 07:32:14.382, 0, 12288, 11781, 335
2026/09/10 07:32:14.589, 0, 12288, 11781, 335
2026/09/10 07:32:14.796, 0, 12288, 11781, 335
2026/09/10 07:32:15.003, 0, 12288, 11781, 335
2026/09/10 07:32:15.211, 0, 12288, 11781, 335
2026/09/10 07:32:15.419, 0, 12288, 11781, 335
2026/09/10 07:32:15.624, 0, 12288, 11781, 335
2026/09/10 07:32:15.831, 0, 12288, 11781, 335
2026/09/10 07:32:16.038, 0, 12288, 11781, 335
2026/09/10 07:32:16.245, 0, 12288, 11781, 335
2026/09/10 07:32:16.452, 0, 12288, 11781, 335
2026/09/10 07:32:16.660, 0, 12288, 11781, 335
2026/09/10 07:32:16.866, 0, 12288, 11781, 335
2026/09/10 07:32:17.074, 0, 12288, 11781, 335
2026/09/10 07:32:17.281, 0, 12288, 11781, 335
2026/09/10 07:32:17.489, 0, 12288, 11781, 335
2026/09/10 07:32:17.697, 0, 12288, 11781, 335
2026/09/10 07:32:17.904, 0, 12288, 11781, 335
2026/09/10 07:32:18.111, 0, 12288, 11781, 335
2026/09/10 07:32:18.318, 0, 12288, 11781, 335
2026/09/10 07:32:18.524, 0, 12288, 11781, 335
2026/09/10 07:32:18.732, 0, 12288, 11781, 335
2026/09/10 07:32:18.940, 0, 12288, 11781, 335
2026/09/10 07:32:19.147, 0, 12288, 11781, 335
2026/09/10 07:32:19.353, 0, 12288, 11781, 335
2026/09/10 07:32:19.559, 0, 12288, 11781, 335
2026/09/10 07:32:19.767, 0, 12288, 11781, 335
2026/09/10 07:32:19.974, 0, 12288, 11781, 335
2026/09/10 07:32:20.182, 0, 12288, 11781, 335
2026/09/10 07:32:20.389, 0, 12288, 11781, 335
2026/09/10 07:32:20.597, 0, 12288, 11781, 335
2026/09/10 07:32:20.805, 0, 12288, 11781, 335
2026/09/10 07:32:21.012, 0, 12288, 11781, 335
2026/09/10 07:32:21.218, 0, 12288, 11781, 335
2026/09/10 07:32:21.424, 0, 12288, 11781, 335
2026/09/10 07:32:21.631, 0, 12288, 11781, 335
2026/09/10 07:32:21.839, 0, 12288, 11781, 335
2026/09/10 07:32:22.047, 0, 12288, 11781, 335
2026/09/10 07:32:22.253, 0, 12288, 11781, 335
2026/09/10 07:32:22.459, 0, 12288, 11781, 335
2026/09/10 07:32:22.666, 0, 12288, 11781, 335
2026/09/10 07:32:22.874, 0, 12288, 11781, 335
2026/09/10 07:32:23.081, 0, 12288, 11781, 335
2026/09/10 07:32:23.288, 0, 12288, 11781, 335
2026/09/10 07:32:23.496, 0, 12288, 11781, 335
2026/09/10 07:32:23.701, 0, 12288, 11781, 335
2026/09/10 07:32:23.924, 0, 12288, 11781, 335
2026/09/10 07:32:24.129, 0, 12288, 11781, 335
2026/09/10 07:32:24.336, 0, 12288, 11781, 335
2026/09/10 07:32:24.543, 0, 12288, 11781, 335
2026/09/10 07:32:24.751, 0, 12288, 11781, 335
2026/09/10 07:32:24.959, 0, 12288, 11781, 335
2026/09/10 07:32:25.166, 0, 12288, 11781, 335
2026/09/10 07:32:25.374, 0, 12288, 11781, 335
2026/09/10 07:32:25.581, 0, 12288, 11781, 335
2026/09/10 07:32:25.789, 0, 12288, 11781, 335
2026/09/10 07:32:25.995, 0, 12288, 11781, 335
2026/09/10 07:32:26.202, 0, 12288, 11781, 335
2026/09/10 07:32:26.409, 0, 12288, 11781, 335
2026/09/10 07:32:26.615, 0, 12288, 11781, 335
2026/09/10 07:32:26.820, 0, 12288, 11781, 335
2026/09/10 07:32:27.028, 0, 12288, 11781, 335
2026/09/10 07:32:27.234, 0, 12288, 11781, 335
2026/09/10 07:32:27.442, 0, 12288, 11781, 335
2026/09/10 07:32:27.648, 0, 12288, 11781, 335
2026/09/10 07:32:27.854, 0, 12288, 11781, 335
2026/09/10 07:32:28.062, 0, 12288, 11781, 335
2026/09/10 07:32:28.269, 0, 12288, 11781, 335
2026/09/10 07:32:28.477, 0, 12288, 11781, 335
2026/09/10 07:32:28.684, 0, 12288, 11781, 335
2026/09/10 07:32:28.891, 0, 12288, 11781, 335
2026/09/10 07:32:29.097, 0, 12288, 11781, 335
2026/09/10 07:32:29.304, 0, 12288, 11781, 335
2026/09/10 07:32:29.512, 0, 12288, 11781, 335
2026/09/10 07:32:29.719, 0, 12288, 11781, 335
2026/09/10 07:32:29.926, 0, 12288, 11781, 335
2026/09/10 07:32:30.134, 0, 12288, 11781, 335
2026/09/10 07:32:30.342, 0, 12288, 11781, 335
2026/09/10 07:32:30.549, 0, 12288, 11781, 335
2026/09/10 07:32:30.753, 0, 12288, 11781, 335
2026/09/10 07:32:30.960, 0, 12288, 11781, 335
2026/09/10 07:32:31.167, 0, 12288, 11781, 335
2026/09/10 07:32:31.374, 0, 12288, 11781, 335
2026/09/10 07:32:31.582, 0, 12288, 11781, 335
2026/09/10 07:32:31.789, 0, 12288, 11781, 335
2026/09/10 07:32:31.997, 0, 12288, 11781, 335
2026/09/10 07:32:32.203, 0, 12288, 11781, 335
2026/09/10 07:32:32.411, 0, 12288, 11781, 335
2026/09/10 07:32:32.616, 0, 12288, 11781, 335
2026/09/10 07:32:32.823, 0, 12288, 11781, 335
2026/09/10 07:32:33.031, 0, 12288, 11781, 335
2026/09/10 07:32:33.237, 0, 12288, 11781, 335
2026/09/10 07:32:33.444, 0, 12288, 11781, 335
2026/09/10 07:32:33.651, 0, 12288, 11781, 335
2026/09/10 07:32:33.859, 0, 12288, 11781, 335
2026/09/10 07:32:34.067, 0, 12288, 11781, 335
2026/09/10 07:32:34.274, 0, 12288, 11781, 335
2026/09/10 07:32:34.482, 0, 12288, 11781, 335
2026/09/10 07:32:34.689, 0, 12288, 11781, 335
2026/09/10 07:32:34.897, 0, 12288, 11781, 335
2026/09/10 07:32:35.104, 0, 12288, 11781, 335
2026/09/10 07:32:35.312, 0, 12288, 11781, 335
2026/09/10 07:32:35.520, 0, 12288, 11781, 335
2026/09/10 07:32:35.727, 0, 12288, 11781, 335
2026/09/10 07:32:35.934, 0, 12288, 11781, 335
2026/09/10 07:32:36.141, 0, 12288, 11781, 335
2026/09/10 07:32:36.349, 0, 12288, 11781, 335
2026/09/10 07:32:36.557, 0, 12288, 11781, 335
2026/09/10 07:32:36.764, 0, 12288, 11781, 335
2026/09/10 07:32:36.971, 0, 12288, 11781, 335
2026/09/10 07:32:37.179, 0, 12288, 11781, 335
2026/09/10 07:32:37.385, 0, 12288, 11781, 335
2026/09/10 07:32:37.590, 0, 12288, 11781, 335
2026/09/10 07:32:37.798, 0, 12288, 11781, 335
2026/09/10 07:32:38.006, 0, 12288, 11781, 335
2026/09/10 07:32:38.214, 0, 12288, 11781, 335
2026/09/10 07:32:38.421, 0, 12288, 11781, 335
2026/09/10 07:32:38.629, 0, 12288, 11781, 335
2026/09/10 07:32:38.837, 0, 12288, 11781, 335
2026/09/10 07:32:39.045, 0, 12288, 11781, 335
2026/09/10 07:32:39.252, 0, 12288, 11781, 335
2026/09/10 07:32:39.460, 0, 12288, 11781, 335
2026/09/10 07:32:39.668, 0, 12288, 11781, 335
2026/09/10 07:32:39.876, 0, 12288, 11781, 335
2026/09/10 07:32:40.083, 0, 12288, 11781, 335
2026/09/10 07:32:40.291, 0, 12288, 11781, 335
2026/09/10 07:32:40.497, 0, 12288, 11781, 335
2026/09/10 07:32:40.705, 0, 12288, 11781, 335
2026/09/10 07:32:40.912, 0, 12288, 11781, 335
2026/09/10 07:32:41.119, 0, 12288, 11781, 335
2026/09/10 07:32:41.325, 0, 12288, 11781, 335
2026/09/10 07:32:41.532, 0, 12288, 11781, 335
2026/09/10 07:32:41.740, 0, 12288, 11781, 335
2026/09/10 07:32:41.948, 0, 12288, 11781, 335
2026/09/10 07:32:42.154, 0, 12288, 11781, 335
2026/09/10 07:32:42.358, 0, 12288, 11781, 335
2026/09/10 07:32:42.566, 0, 12288, 11781, 335
2026/09/10 07:32:42.771, 0, 12288, 11781, 335
2026/09/10 07:32:42.978, 0, 12288, 11781, 335
2026/09/10 07:32:43.185, 0, 12288, 11781, 335
2026/09/10 07:32:43.393, 0, 12288, 11781, 335
2026/09/10 07:32:43.600, 0, 12288, 11781, 335
2026/09/10 07:32:43.808, 0, 12288, 11781, 335
2026/09/10 07:32:44.015, 0, 12288, 11781, 335
2026/09/10 07:32:44.223, 0, 12288, 11781, 335
2026/09/10 07:32:44.430, 0, 12288, 11781, 335
2026/09/10 07:32:44.636, 0, 12288, 11781, 335
2026/09/10 07:32:44.844, 0, 12288, 11781, 335
2026/09/10 07:32:45.052, 0, 12288, 11781, 335
2026/09/10 07:32:45.259, 0, 12288, 11781, 335
2026/09/10 07:32:45.466, 0, 12288, 11781, 335
2026/09/10 07:32:45.673, 0, 12288, 11781, 335
2026/09/10 07:32:45.880, 0, 12288, 11781, 335
2026/09/10 07:32:46.088, 0, 12288, 11781, 335
2026/09/10 07:32:46.296, 0, 12288, 11781, 335
2026/09/10 07:32:46.504, 0, 12288, 11781, 335
2026/09/10 07:32:46.712, 0, 12288, 11781, 335
2026/09/10 07:32:46.918, 0, 12288, 11781, 335
2026/09/10 07:32:47.125, 0, 12288, 11781, 335
2026/09/10 07:32:47.332, 0, 12288, 11781, 335
2026/09/10 07:32:47.540, 0, 12288, 11781, 335
2026/09/10 07:32:47.747, 0, 12288, 11781, 335
2026/09/10 07:32:47.955, 0, 12288, 11781, 335
2026/09/10 07:32:48.162, 0, 12288, 11781, 335
2026/09/10 07:32:48.370, 0, 12288, 11781, 335
2026/09/10 07:32:48.576, 0, 12288, 11781, 335
2026/09/10 07:32:48.784, 0, 12288, 11781, 335
2026/09/10 07:32:48.992, 0, 12288, 11781, 335
2026/09/10 07:32:49.199, 0, 12288, 11781, 335
2026/09/10 07:32:49.407, 0, 12288, 11781, 335
2026/09/10 07:32:49.614, 0, 12288, 11781, 335
2026/09/10 07:32:49.822, 0, 12288, 11781, 335
2026/09/10 07:32:50.029, 0, 12288, 11781, 335
2026/09/10 07:32:50.236, 0, 12288, 11781, 335
2026/09/10 07:32:50.444, 0, 12288, 11781, 335
2026/09/10 07:32:50.652, 0, 12288, 11781, 335
2026/09/10 07:32:50.859, 0, 12288, 11781, 335
2026/09/10 07:32:51.066, 0, 12288, 11781, 335
2026/09/10 07:32:51.274, 0, 12288, 11781, 335
2026/09/10 07:32:51.481, 0, 12288, 11781, 335
2026/09/10 07:32:51.688, 0, 12288, 11781, 335
2026/09/10 07:32:51.896, 0, 12288, 11781, 335
2026/09/10 07:32:52.102, 0, 12288, 11781, 335
2026/09/10 07:32:52.309, 0, 12288, 11781, 335
2026/09/10 07:32:52.515, 0, 12288, 11781, 335
2026/09/10 07:32:52.722, 0, 12288, 11781, 335
2026/09/10 07:32:52.930, 0, 12288, 11781, 335
2026/09/10 07:32:53.138, 0, 12288, 11781, 335
2026/09/10 07:32:53.346, 0, 12288, 11781, 335
2026/09/10 07:32:53.554, 0, 12288, 11781, 335
2026/09/10 07:32:53.761, 0, 12288, 11781, 335
2026/09/10 07:32:53.968, 0, 12288, 11781, 335
2026/09/10 07:32:54.174, 0, 12288, 11781, 335
2026/09/10 07:32:54.382, 0, 12288, 11781, 335
2026/09/10 07:32:54.589, 0, 12288, 11781, 335
2026/09/10 07:32:54.796, 0, 12288, 11781, 335
2026/09/10 07:32:55.004, 0, 12288, 11781, 335
2026/09/10 07:32:55.212, 0, 12288, 11781, 335
2026/09/10 07:32:55.417, 0, 12288, 11781, 335
2026/09/10 07:32:55.624, 0, 12288, 11781, 335
2026/09/10 07:32:55.832, 0, 12288, 11781, 335
2026/09/10 07:32:56.039, 0, 12288, 11781, 335
2026/09/10 07:32:56.246, 0, 12288, 11781, 335
2026/09/10 07:32:56.453, 0, 12288, 11781, 335
2026/09/10 07:32:56.661, 0, 12288, 11781, 335
2026/09/10 07:32:56.869, 0, 12288, 11781, 335
2026/09/10 07:32:57.075, 0, 12288, 11781, 335
2026/09/10 07:32:57.282, 0, 12288, 11781, 335
2026/09/10 07:32:57.489, 0, 12288, 11781, 335
2026/09/10 07:32:57.696, 0, 12288, 11781, 335
2026/09/10 07:32:57.904, 0, 12288, 11781, 335
2026/09/10 07:32:58.112, 0, 12288, 11781, 335
2026/09/10 07:32:58.319, 0, 12288, 11781, 335
2026/09/10 07:32:58.525, 0, 12288, 11781, 335
2026/09/10 07:32:58.730, 0, 12288, 11781, 335
2026/09/10 07:32:58.938, 0, 12288, 11781, 335
2026/09/10 07:32:59.146, 0, 12288, 11781, 335
2026/09/10 07:32:59.354, 0, 12288, 11781, 335
2026/09/10 07:32:59.562, 0, 12288, 11781, 335
2026/09/10 07:32:59.770, 0, 12288, 11781, 335
2026/09/10 07:32:59.978, 0, 12288, 11781, 335
2026/09/10 07:33:00.185, 0, 12288, 11781, 335
2026/09/10 07:33:00.389, 0, 12288, 11781, 335
2026/09/10 07:33:00.597, 0, 12288, 11781, 335
2026/09/10 07:33:00.804, 0, 12288, 11781, 335
2026/09/10 07:33:01.011, 0, 12288, 11781, 335
2026/09/10 07:33:01.218, 0, 12288, 11781, 335
2026/09/10 07:33:01.425, 0, 12288, 11781, 335
2026/09/10 07:33:01.633, 0, 12288, 11781, 335
2026/09/10 07:33:01.841, 0, 12288, 11781, 335
2026/09/10 07:33:02.049, 0, 12288, 11781, 335
2026/09/10 07:33:02.256, 0, 12288, 11781, 335
2026/09/10 07:33:02.464, 0, 12288, 11781, 335
2026/09/10 07:33:02.671, 0, 12288, 11781, 335
2026/09/10 07:33:02.876, 0, 12288, 11781, 335
2026/09/10 07:33:03.084, 0, 12288, 11781, 335
2026/09/10 07:33:03.291, 0, 12288, 11781, 335
2026/09/10 07:33:03.497, 0, 12288, 11781, 335
2026/09/10 07:33:03.705, 0, 12288, 11781, 335
2026/09/10 07:33:03.913, 0, 12288, 11781, 335
2026/09/10 07:33:04.121, 0, 12288, 11781, 335
2026/09/10 07:33:04.326, 0, 12288, 11781, 335
2026/09/10 07:33:04.534, 0, 12288, 11781, 335
2026/09/10 07:33:04.741, 0, 12288, 11781, 335
2026/09/10 07:33:04.949, 0, 12288, 11781, 335
2026/09/10 07:33:05.156, 0, 12288, 11781, 335
2026/09/10 07:33:05.364, 0, 12288, 11781, 335
2026/09/10 07:33:05.571, 0, 12288, 11781, 335
2026/09/10 07:33:05.779, 0, 12288, 11781, 335
2026/09/10 07:33:05.986, 0, 12288, 11781, 335
2026/09/10 07:33:06.193, 0, 12288, 11781, 335
2026/09/10 07:33:06.401, 0, 12288, 11781, 335
2026/09/10 07:33:06.608, 0, 12288, 11781, 335
2026/09/10 07:33:06.815, 0, 12288, 11781, 335
2026/09/10 07:33:07.023, 0, 12288, 11781, 335
2026/09/10 07:33:07.229, 0, 12288, 11781, 335
2026/09/10 07:33:07.436, 0, 12288, 11781, 335
2026/09/10 07:33:07.644, 0, 12288, 11781, 335
2026/09/10 07:33:07.851, 0, 12288, 11781, 335
2026/09/10 07:33:08.059, 0, 12288, 11781, 335
2026/09/10 07:33:08.265, 0, 12288, 11781, 335
2026/09/10 07:33:08.473, 0, 12288, 11781, 335
2026/09/10 07:33:08.681, 0, 12288, 11781, 335
2026/09/10 07:33:08.888, 0, 12288, 11781, 335
2026/09/10 07:33:09.095, 0, 12288, 11781, 335
2026/09/10 07:33:09.303, 0, 12288, 11781, 335
2026/09/10 07:33:09.511, 0, 12288, 11781, 335
2026/09/10 07:33:09.718, 0, 12288, 11781, 335
2026/09/10 07:33:09.926, 0, 12288, 11781, 335
2026/09/10 07:33:10.133, 0, 12288, 11781, 335
2026/09/10 07:33:10.340, 0, 12288, 11781, 335
2026/09/10 07:33:10.548, 0, 12288, 11781, 335
2026/09/10 07:33:10.756, 0, 12288, 11781, 335
2026/09/10 07:33:10.963, 0, 12288, 11781, 335
2026/09/10 07:33:11.172, 0, 12288, 11781, 335
2026/09/10 07:33:11.379, 0, 12288, 11781, 335
2026/09/10 07:33:11.586, 0, 12288, 11781, 335
2026/09/10 07:33:11.793, 0, 12288, 11781, 335
2026/09/10 07:33:12.001, 0, 12288, 11781, 335
2026/09/10 07:33:12.208, 0, 12288, 11781, 335
2026/09/10 07:33:12.416, 0, 12288, 11781, 335
2026/09/10 07:33:12.623, 0, 12288, 11781, 335
2026/09/10 07:33:12.829, 0, 12288, 11781, 335
2026/09/10 07:33:13.036, 0, 12288, 11781, 335
2026/09/10 07:33:13.244, 0, 12288, 11781, 335
2026/09/10 07:33:13.452, 0, 12288, 11781, 335
2026/09/10 07:33:13.659, 0, 12288, 11781, 335
2026/09/10 07:33:13.866, 0, 12288, 11781, 335
2026/09/10 07:33:14.073, 0, 12288, 11781, 335
2026/09/10 07:33:14.281, 0, 12288, 11781, 335
2026/09/10 07:33:14.487, 0, 12288, 11781, 335
2026/09/10 07:33:14.695, 0, 12288, 11781, 335
2026/09/10 07:33:14.903, 0, 12288, 11781, 335
2026/09/10 07:33:15.110, 0, 12288, 11781, 335
2026/09/10 07:33:15.318, 0, 12288, 11781, 335
2026/09/10 07:33:15.525, 0, 12288, 11781, 335
2026/09/10 07:33:15.733, 0, 12288, 11781, 335
2026/09/10 07:33:15.941, 0, 12288, 11781, 335
2026/09/10 07:33:16.148, 0, 12288, 11781, 335
2026/09/10 07:33:16.356, 0, 12288, 11781, 335
2026/09/10 07:33:16.563, 0, 12288, 11781, 335
2026/09/10 07:33:16.771, 0, 12288, 11781, 335
2026/09/10 07:33:16.977, 0, 12288, 11781, 335
2026/09/10 07:33:17.184, 0, 12288, 11781, 335
2026/09/10 07:33:17.391, 0, 12288, 11781, 335
2026/09/10 07:33:17.598, 0, 12288, 11781, 335
2026/09/10 07:33:17.806, 0, 12288, 11781, 335
2026/09/10 07:33:18.012, 0, 12288, 11781, 335
2026/09/10 07:33:18.220, 0, 12288, 11781, 335
2026/09/10 07:33:18.428, 0, 12288, 11781, 335
2026/09/10 07:33:18.635, 0, 12288, 11781, 335
2026/09/10 07:33:18.843, 0, 12288, 11781, 335
2026/09/10 07:33:19.051, 0, 12288, 11781, 335
2026/09/10 07:33:19.258, 0, 12288, 11781, 335
2026/09/10 07:33:19.466, 0, 12288, 11781, 335
2026/09/10 07:33:19.673, 0, 12288, 11781, 335
2026/09/10 07:33:19.881, 0, 12288, 11781, 335
2026/09/10 07:33:20.089, 0, 12288, 11781, 335
2026/09/10 07:33:20.297, 0, 12288, 11781, 335
2026/09/10 07:33:20.505, 0, 12288, 11781, 335
2026/09/10 07:33:20.712, 0, 12288, 11781, 335
2026/09/10 07:33:20.920, 0, 12288, 11781, 335
2026/09/10 07:33:21.126, 0, 12288, 11781, 335
2026/09/10 07:33:21.334, 0, 12288, 11781, 335
2026/09/10 07:33:21.541, 0, 12288, 11781, 335
2026/09/10 07:33:21.748, 0, 12288, 11781, 335
2026/09/10 07:33:21.955, 0, 12288, 11781, 335
2026/09/10 07:33:22.163, 0, 12288, 11781, 335
2026/09/10 07:33:22.370, 0, 12288, 11781, 335
2026/09/10 07:33:22.576, 0, 12288, 11781, 335
2026/09/10 07:33:22.783, 0, 12288, 11781, 335
2026/09/10 07:33:22.991, 0, 12288, 11781, 335
2026/09/10 07:33:23.197, 0, 12288, 11781, 335
2026/09/10 07:33:23.403, 0, 12288, 11781, 335
2026/09/10 07:33:23.610, 0, 12288, 11781, 335
2026/09/10 07:33:23.818, 0, 12288, 11781, 335
2026/09/10 07:33:24.025, 0, 12288, 11781, 335
2026/09/10 07:33:24.232, 0, 12288, 11781, 335
2026/09/10 07:33:24.439, 0, 12288, 11781, 335
2026/09/10 07:33:24.647, 0, 12288, 11781, 335
2026/09/10 07:33:24.855, 0, 12288, 11781, 335
2026/09/10 07:33:25.062, 0, 12288, 11781, 335
2026/09/10 07:33:25.270, 0, 12288, 11781, 335
2026/09/10 07:33:25.478, 0, 12288, 11781, 335
2026/09/10 07:33:25.686, 0, 12288, 11781, 335
2026/09/10 07:33:25.894, 0, 12288, 11781, 335
2026/09/10 07:33:26.102, 0, 12288, 11781, 335
2026/09/10 07:33:26.310, 0, 12288, 11781, 335
2026/09/10 07:33:26.517, 0, 12288, 11781, 335
2026/09/10 07:33:26.725, 0, 12288, 11781, 335
2026/09/10 07:33:26.933, 0, 12288, 11781, 335
2026/09/10 07:33:27.141, 0, 12288, 11781, 335
2026/09/10 07:33:27.348, 0, 12288, 11781, 335
2026/09/10 07:33:27.555, 0, 12288, 11781, 335
2026/09/10 07:33:27.763, 0, 12288, 11781, 335
2026/09/10 07:33:27.970, 0, 12288, 11781, 335
2026/09/10 07:33:28.178, 0, 12288, 11781, 335
2026/09/10 07:33:28.386, 0, 12288, 11781, 335
2026/09/10 07:33:28.594, 0, 12288, 11781, 335
2026/09/10 07:33:28.802, 0, 12288, 11781, 335
2026/09/10 07:33:29.009, 0, 12288, 11781, 335
2026/09/10 07:33:29.216, 0, 12288, 11781, 335
2026/09/10 07:33:29.424, 0, 12288, 11781, 335
2026/09/10 07:33:29.632, 0, 12288, 11781, 335
2026/09/10 07:33:29.840, 0, 12288, 11781, 335
2026/09/10 07:33:30.048, 0, 12288, 11781, 335
2026/09/10 07:33:30.256, 0, 12288, 11781, 335
2026/09/10 07:33:30.462, 0, 12288, 11781, 335
2026/09/10 07:33:30.669, 0, 12288, 11781, 335
2026/09/10 07:33:30.876, 0, 12288, 11781, 335
2026/09/10 07:33:31.082, 0, 12288, 11781, 335
2026/09/10 07:33:31.290, 0, 12288, 11781, 335
2026/09/10 07:33:31.497, 0, 12288, 11781, 335
2026/09/10 07:33:31.705, 0, 12288, 11781, 335
2026/09/10 07:33:31.912, 0, 12288, 11781, 335
2026/09/10 07:33:32.119, 0, 12288, 11781, 335
2026/09/10 07:33:32.327, 0, 12288, 11781, 335
2026/09/10 07:33:32.535, 0, 12288, 11781, 335
2026/09/10 07:33:32.742, 0, 12288, 11781, 335
2026/09/10 07:33:32.950, 0, 12288, 11781, 335
2026/09/10 07:33:33.158, 0, 12288, 11781, 335
2026/09/10 07:33:33.364, 0, 12288, 11781, 335
2026/09/10 07:33:33.572, 0, 12288, 11781, 335
2026/09/10 07:33:33.778, 0, 12288, 11781, 335
2026/09/10 07:33:33.986, 0, 12288, 11781, 335
2026/09/10 07:33:34.194, 0, 12288, 11781, 335
2026/09/10 07:33:34.401, 0, 12288, 11781, 335
2026/09/10 07:33:34.608, 0, 12288, 11781, 335
2026/09/10 07:33:34.816, 0, 12288, 11781, 335
2026/09/10 07:33:35.023, 0, 12288, 11781, 335
2026/09/10 07:33:35.231, 0, 12288, 11781, 335
2026/09/10 07:33:35.439, 0, 12288, 11781, 335
2026/09/10 07:33:35.647, 0, 12288, 11781, 335
2026/09/10 07:33:35.855, 0, 12288, 11781, 335
2026/09/10 07:33:36.062, 0, 12288, 11781, 335
2026/09/10 07:33:36.269, 0, 12288, 11781, 335
2026/09/10 07:33:36.477, 0, 12288, 11781, 335
2026/09/10 07:33:36.683, 0, 12288, 11781, 335
2026/09/10 07:33:36.891, 0, 12288, 11781, 335
2026/09/10 07:33:37.099, 0, 12288, 11781, 335
2026/09/10 07:33:37.307, 0, 12288, 11781, 335
2026/09/10 07:33:37.513, 0, 12288, 11781, 335
2026/09/10 07:33:37.719, 0, 12288, 11781, 335
2026/09/10 07:33:37.926, 0, 12288, 11781, 335
2026/09/10 07:33:38.134, 0, 12288, 11781, 335
2026/09/10 07:33:38.342, 0, 12288, 11781, 335
2026/09/10 07:33:38.550, 0, 12288, 11781, 335
2026/09/10 07:33:38.758, 0, 12288, 11781, 335
2026/09/10 07:33:38.964, 0, 12288, 11781, 335
2026/09/10 07:33:39.171, 0, 12288, 11781, 335
2026/09/10 07:33:39.378, 0, 12288, 11781, 335
2026/09/10 07:33:39.586, 0, 12288, 11781, 335
2026/09/10 07:33:39.794, 0, 12288, 11781, 335
2026/09/10 07:33:40.002, 0, 12288, 11781, 335
2026/09/10 07:33:40.209, 0, 12288, 11781, 335
2026/09/10 07:33:40.417, 0, 12288, 11781, 335
2026/09/10 07:33:40.624, 0, 12288, 11781, 335
2026/09/10 07:33:40.832, 0, 12288, 11781, 335
2026/09/10 07:33:41.039, 0, 12288, 11781, 335
2026/09/10 07:33:41.245, 0, 12288, 11781, 335
2026/09/10 07:33:41.453, 0, 12288, 11781, 335
2026/09/10 07:33:41.661, 0, 12288, 11781, 335
2026/09/10 07:33:41.868, 0, 12288, 11781, 335
2026/09/10 07:33:42.076, 0, 12288, 11781, 335
2026/09/10 07:33:42.282, 0, 12288, 11781, 335
2026/09/10 07:33:42.490, 0, 12288, 11781, 335
2026/09/10 07:33:42.698, 0, 12288, 11781, 335
2026/09/10 07:33:42.904, 0, 12288, 11781, 335
2026/09/10 07:33:43.112, 0, 12288, 11781, 335
2026/09/10 07:33:43.317, 0, 12288, 11781, 335
2026/09/10 07:33:43.523, 0, 12288, 11781, 335
2026/09/10 07:33:43.729, 0, 12288, 11781, 335
2026/09/10 07:33:43.934, 0, 12288, 11781, 335
2026/09/10 07:33:44.142, 0, 12288, 11781, 335
2026/09/10 07:33:44.349, 0, 12288, 11781, 335
2026/09/10 07:33:44.557, 0, 12288, 11781, 335
2026/09/10 07:33:44.765, 0, 12288, 11781, 335
2026/09/10 07:33:44.971, 0, 12288, 11781, 335
2026/09/10 07:33:45.179, 0, 12288, 11781, 335
2026/09/10 07:33:45.387, 0, 12288, 11781, 335
2026/09/10 07:33:45.594, 0, 12288, 11781, 335
2026/09/10 07:33:45.802, 0, 12288, 11781, 335
2026/09/10 07:33:46.010, 0, 12288, 11781, 335
2026/09/10 07:33:46.218, 0, 12288, 11781, 335
2026/09/10 07:33:46.426, 0, 12288, 11781, 335
2026/09/10 07:33:46.633, 0, 12288, 11781, 335
2026/09/10 07:33:46.839, 0, 12288, 11781, 335
2026/09/10 07:33:47.046, 0, 12288, 11781, 335
2026/09/10 07:33:47.254, 0, 12288, 11781, 335
2026/09/10 07:33:47.460, 0, 12288, 11781, 335
2026/09/10 07:33:47.667, 0, 12288, 11781, 335
2026/09/10 07:33:47.875, 0, 12288, 11781, 335
2026/09/10 07:33:48.083, 0, 12288, 11781, 335
2026/09/10 07:33:48.290, 0, 12288, 11781, 335
2026/09/10 07:33:48.496, 0, 12288, 11781, 335
2026/09/10 07:33:48.702, 0, 12288, 11781, 335
2026/09/10 07:33:48.910, 0, 12288, 11781, 335
2026/09/10 07:33:49.118, 0, 12288, 11781, 335
2026/09/10 07:33:49.325, 0, 12288, 11781, 335
2026/09/10 07:33:49.533, 0, 12288, 11781, 335
2026/09/10 07:33:49.740, 0, 12288, 11781, 335
2026/09/10 07:33:49.946, 0, 12288, 11781, 335
2026/09/10 07:33:50.154, 0, 12288, 11781, 335
2026/09/10 07:33:50.362, 0, 12288, 11781, 335
2026/09/10 07:33:50.569, 0, 12288, 11781, 335
2026/09/10 07:33:50.777, 0, 12288, 11781, 335
2026/09/10 07:33:50.983, 0, 12288, 11781, 335
2026/09/10 07:33:51.190, 0, 12288, 11781, 335
2026/09/10 07:33:51.398, 0, 12288, 11781, 335
2026/09/10 07:33:51.606, 0, 12288, 11781, 335
2026/09/10 07:33:51.813, 0, 12288, 11781, 335
2026/09/10 07:33:52.021, 0, 12288, 11781, 335
2026/09/10 07:33:52.229, 0, 12288, 11781, 335
2026/09/10 07:33:52.435, 0, 12288, 11781, 335
2026/09/10 07:33:52.643, 0, 12288, 11781, 335
2026/09/10 07:33:52.849, 0, 12288, 11781, 335
2026/09/10 07:33:53.057, 0, 12288, 11781, 335
2026/09/10 07:33:53.265, 0, 12288, 11781, 335
2026/09/10 07:33:53.473, 0, 12288, 11781, 335
2026/09/10 07:33:53.680, 0, 12288, 11781, 335
2026/09/10 07:33:53.903, 0, 12288, 11781, 335
2026/09/10 07:33:54.110, 0, 12288, 11781, 335
2026/09/10 07:33:54.318, 0, 12288, 11781, 335
2026/09/10 07:33:54.527, 0, 12288, 11781, 335
2026/09/10 07:33:54.733, 0, 12288, 11781, 335
2026/09/10 07:33:54.940, 0, 12288, 11781, 335
2026/09/10 07:33:55.148, 0, 12288, 11781, 335
2026/09/10 07:33:55.354, 0, 12288, 11781, 335
2026/09/10 07:33:55.562, 0, 12288, 11781, 335
2026/09/10 07:33:55.767, 0, 12288, 11781, 335
2026/09/10 07:33:55.975, 0, 12288, 11781, 335
2026/09/10 07:33:56.182, 0, 12288, 11781, 335
2026/09/10 07:33:56.389, 0, 12288, 11781, 335
2026/09/10 07:33:56.595, 0, 12288, 11781, 335
2026/09/10 07:33:56.803, 0, 12288, 11781, 335
2026/09/10 07:33:57.011, 0, 12288, 11781, 335
2026/09/10 07:33:57.218, 0, 12288, 11781, 335
2026/09/10 07:33:57.426, 0, 12288, 11781, 335
2026/09/10 07:33:57.634, 0, 12288, 11781, 335
2026/09/10 07:33:57.841, 0, 12288, 11781, 335
2026/09/10 07:33:58.048, 0, 12288, 11781, 335
2026/09/10 07:33:58.256, 0, 12288, 11781, 335
2026/09/10 07:33:58.464, 0, 12288, 11781, 335
2026/09/10 07:33:58.671, 0, 12288, 11781, 335
2026/09/10 07:33:58.879, 0, 12288, 11781, 335
2026/09/10 07:33:59.087, 0, 12288, 11781, 335
2026/09/10 07:33:59.293, 0, 12288, 11781, 335
2026/09/10 07:33:59.500, 0, 12288, 11781, 335
2026/09/10 07:33:59.707, 0, 12288, 11781, 335
2026/09/10 07:33:59.915, 0, 12288, 11781, 335
2026/09/10 07:34:00.123, 0, 12288, 11781, 335
2026/09/10 07:34:00.329, 0, 12288, 11781, 335
2026/09/10 07:34:00.535, 0, 12288, 11781, 335
2026/09/10 07:34:00.743, 0, 12288, 11781, 335
2026/09/10 07:34:00.950, 0, 12288, 11781, 335
2026/09/10 07:34:01.158, 0, 12288, 11781, 335
2026/09/10 07:34:01.365, 0, 12288, 11781, 335
2026/09/10 07:34:01.573, 0, 12288, 11781, 335
2026/09/10 07:34:01.780, 0, 12288, 11781, 335
2026/09/10 07:34:01.987, 0, 12288, 11781, 335
2026/09/10 07:34:02.195, 0, 12288, 11781, 335
2026/09/10 07:34:02.403, 0, 12288, 11781, 335
2026/09/10 07:34:02.610, 0, 12288, 11781, 335
2026/09/10 07:34:02.816, 0, 12288, 11781, 335
2026/09/10 07:34:03.024, 0, 12288, 11781, 335
2026/09/10 07:34:03.231, 0, 12288, 11781, 335
2026/09/10 07:34:03.438, 0, 12288, 11781, 335
2026/09/10 07:34:03.646, 0, 12288, 11781, 335
2026/09/10 07:34:03.853, 0, 12288, 11781, 335
2026/09/10 07:34:04.061, 0, 12288, 11781, 335
2026/09/10 07:34:04.269, 0, 12288, 11781, 335
2026/09/10 07:34:04.477, 0, 12288, 11781, 335
2026/09/10 07:34:04.684, 0, 12288, 11781, 335
2026/09/10 07:34:04.891, 0, 12288, 11781, 335
2026/09/10 07:34:05.098, 0, 12288, 11781, 335
2026/09/10 07:34:05.305, 0, 12288, 11781, 335
2026/09/10 07:34:05.513, 0, 12288, 11781, 335
2026/09/10 07:34:05.720, 0, 12288, 11781, 335
2026/09/10 07:34:05.928, 0, 12288, 11781, 335
2026/09/10 07:34:06.136, 0, 12288, 11781, 335
2026/09/10 07:34:06.344, 0, 12288, 11781, 335
2026/09/10 07:34:06.551, 0, 12288, 11781, 335
2026/09/10 07:34:06.757, 0, 12288, 11781, 335
2026/09/10 07:34:06.964, 0, 12288, 11781, 335
2026/09/10 07:34:07.171, 0, 12288, 11781, 335
2026/09/10 07:34:07.377, 0, 12288, 11781, 335
2026/09/10 07:34:07.584, 0, 12288, 11781, 335
2026/09/10 07:34:07.792, 0, 12288, 11781, 335
2026/09/10 07:34:07.999, 0, 12288, 11781, 335
2026/09/10 07:34:08.206, 0, 12288, 11781, 335
2026/09/10 07:34:08.414, 0, 12288, 11781, 335
2026/09/10 07:34:08.622, 0, 12288, 11781, 335
2026/09/10 07:34:08.830, 0, 12288, 11781, 335
2026/09/10 07:34:09.037, 0, 12288, 11781, 335
2026/09/10 07:34:09.245, 0, 12288, 11781, 335
2026/09/10 07:34:09.453, 0, 12288, 11781, 335
2026/09/10 07:34:09.661, 0, 12288, 11781, 335
2026/09/10 07:34:09.867, 0, 12288, 11781, 335
2026/09/10 07:34:10.073, 0, 12288, 11781, 335
2026/09/10 07:34:10.281, 0, 12288, 11781, 335
2026/09/10 07:34:10.488, 0, 12288, 11781, 335
2026/09/10 07:34:10.696, 0, 12288, 11781, 335
2026/09/10 07:34:10.903, 0, 12288, 11781, 335
2026/09/10 07:34:11.110, 0, 12288, 11781, 335
2026/09/10 07:34:11.318, 0, 12288, 11781, 335
2026/09/10 07:34:11.524, 0, 12288, 11781, 335
2026/09/10 07:34:11.732, 0, 12288, 11781, 335
2026/09/10 07:34:11.940, 0, 12288, 11781, 335
2026/09/10 07:34:12.148, 0, 12288, 11781, 335
2026/09/10 07:34:12.355, 0, 12288, 11781, 335
2026/09/10 07:34:12.562, 0, 12288, 11781, 335
2026/09/10 07:34:12.768, 0, 12288, 11781, 335
2026/09/10 07:34:12.976, 0, 12288, 11781, 335
2026/09/10 07:34:13.182, 0, 12288, 11781, 335
2026/09/10 07:34:13.390, 0, 12288, 11781, 335
2026/09/10 07:34:13.598, 0, 12288, 11781, 335
2026/09/10 07:34:13.806, 0, 12288, 11781, 335
2026/09/10 07:34:14.013, 0, 12288, 11781, 335
2026/09/10 07:34:14.220, 0, 12288, 11781, 335
2026/09/10 07:34:14.426, 0, 12288, 11781, 335
2026/09/10 07:34:14.634, 0, 12288, 11781, 335
2026/09/10 07:34:14.842, 0, 12288, 11781, 335
2026/09/10 07:34:15.050, 0, 12288, 11781, 335
2026/09/10 07:34:15.256, 0, 12288, 11781, 335
2026/09/10 07:34:15.464, 0, 12288, 11781, 335
2026/09/10 07:34:15.671, 0, 12288, 11781, 335
2026/09/10 07:34:15.878, 0, 12288, 11781, 335
2026/09/10 07:34:16.085, 0, 12288, 11781, 335
2026/09/10 07:34:16.293, 0, 12288, 11781, 335
2026/09/10 07:34:16.500, 0, 12288, 11781, 335
2026/09/10 07:34:16.706, 0, 12288, 11781, 335
2026/09/10 07:34:16.914, 0, 12288, 11781, 335
2026/09/10 07:34:17.121, 0, 12288, 11781, 335
2026/09/10 07:34:17.328, 0, 12288, 11781, 335
2026/09/10 07:34:17.536, 0, 12288, 11781, 335
2026/09/10 07:34:17.743, 0, 12288, 11781, 335
2026/09/10 07:34:17.949, 0, 12288, 11781, 335
2026/09/10 07:34:18.154, 0, 12288, 11781, 335
2026/09/10 07:34:18.361, 0, 12288, 11781, 335
2026/09/10 07:34:18.570, 0, 12288, 11781, 335
2026/09/10 07:34:18.776, 0, 12288, 11781, 335
2026/09/10 07:34:18.983, 0, 12288, 11781, 335
2026/09/10 07:34:19.190, 0, 12288, 11781, 335
2026/09/10 07:34:19.398, 0, 12288, 11781, 335
2026/09/10 07:34:19.604, 0, 12288, 11781, 335
2026/09/10 07:34:19.811, 0, 12288, 11781, 335
2026/09/10 07:34:20.019, 0, 12288, 11781, 335
2026/09/10 07:34:20.226, 0, 12288, 11781, 335
2026/09/10 07:34:20.433, 0, 12288, 11781, 335
2026/09/10 07:34:20.641, 0, 12288, 11781, 335
2026/09/10 07:34:20.847, 0, 12288, 11781, 335
2026/09/10 07:34:21.054, 0, 12288, 11781, 335
2026/09/10 07:34:21.261, 0, 12288, 11781, 335
2026/09/10 07:34:21.468, 0, 12288, 11781, 335
2026/09/10 07:34:21.675, 0, 12288, 11781, 335
2026/09/10 07:34:21.882, 0, 12288, 11781, 335
2026/09/10 07:34:22.090, 0, 12288, 11781, 335
2026/09/10 07:34:22.298, 0, 12288, 11781, 335
2026/09/10 07:34:22.520, 0, 12288, 11781, 335
2026/09/10 07:34:22.727, 0, 12288, 11781, 335
2026/09/10 07:34:22.934, 0, 12288, 11781, 335
2026/09/10 07:34:23.142, 0, 12288, 11781, 335
2026/09/10 07:34:23.350, 0, 12288, 11781, 335
2026/09/10 07:34:23.558, 0, 12288, 11781, 335
2026/09/10 07:34:23.765, 0, 12288, 11781, 335
2026/09/10 07:34:23.973, 0, 12288, 11781, 335
2026/09/10 07:34:24.181, 0, 12288, 11781, 335
2026/09/10 07:34:24.388, 0, 12288, 11781, 335
2026/09/10 07:34:24.596, 0, 12288, 11781, 335
2026/09/10 07:34:24.804, 0, 12288, 11781, 335
2026/09/10 07:34:25.011, 0, 12288, 11781, 335
2026/09/10 07:34:25.218, 0, 12288, 11781, 335
2026/09/10 07:34:25.426, 0, 12288, 11781, 335
2026/09/10 07:34:25.634, 0, 12288, 11781, 335
2026/09/10 07:34:25.842, 0, 12288, 11781, 335
2026/09/10 07:34:26.048, 0, 12288, 11781, 335
2026/09/10 07:34:26.255, 0, 12288, 11781, 335
2026/09/10 07:34:26.462, 0, 12288, 11781, 335
2026/09/10 07:34:26.669, 0, 12288, 11781, 335
2026/09/10 07:34:26.877, 0, 12288, 11781, 335
2026/09/10 07:34:27.084, 0, 12288, 11781, 335
2026/09/10 07:34:27.290, 0, 12288, 11781, 335
2026/09/10 07:34:27.498, 0, 12288, 11781, 335
2026/09/10 07:34:27.705, 0, 12288, 11781, 335
2026/09/10 07:34:27.911, 0, 12288, 11781, 335
2026/09/10 07:34:28.118, 0, 12288, 11781, 335
2026/09/10 07:34:28.325, 0, 12288, 11781, 335
2026/09/10 07:34:28.532, 0, 12288, 11781, 335
2026/09/10 07:34:28.739, 0, 12288, 11781, 335
2026/09/10 07:34:28.947, 0, 12288, 11781, 335
2026/09/10 07:34:29.155, 0, 12288, 11781, 335
2026/09/10 07:34:29.363, 0, 12288, 11781, 335
2026/09/10 07:34:29.571, 0, 12288, 11781, 335
2026/09/10 07:34:29.778, 0, 12288, 11781, 335
2026/09/10 07:34:29.985, 0, 12288, 11781, 335
2026/09/10 07:34:30.192, 0, 12288, 11781, 335
2026/09/10 07:34:30.399, 0, 12288, 11781, 335
2026/09/10 07:34:30.606, 0, 12288, 11781, 335
2026/09/10 07:34:30.814, 0, 12288, 11781, 335
2026/09/10 07:34:31.022, 0, 12288, 11781, 335
2026/09/10 07:34:31.230, 0, 12288, 11781, 335
2026/09/10 07:34:31.438, 0, 12288, 11781, 335
2026/09/10 07:34:31.645, 0, 12288, 11781, 335
2026/09/10 07:34:31.853, 0, 12288, 11781, 335
2026/09/10 07:34:32.061, 0, 12288, 11781, 335
2026/09/10 07:34:32.269, 0, 12288, 11781, 335
2026/09/10 07:34:32.477, 0, 12288, 11781, 335
2026/09/10 07:34:32.685, 0, 12288, 11781, 335
2026/09/10 07:34:32.891, 0, 12288, 11781, 335
2026/09/10 07:34:33.099, 0, 12288, 11781, 335
2026/09/10 07:34:33.306, 0, 12288, 11781, 335
2026/09/10 07:34:33.514, 0, 12288, 11781, 335
2026/09/10 07:34:33.722, 0, 12288, 11781, 335
2026/09/10 07:34:33.929, 0, 12288, 11781, 335
2026/09/10 07:34:34.136, 0, 12288, 11781, 335
2026/09/10 07:34:34.343, 0, 12288, 11781, 335
2026/09/10 07:34:34.550, 0, 12288, 11781, 335
2026/09/10 07:34:34.758, 0, 12288, 11781, 335
2026/09/10 07:34:34.966, 0, 12288, 11781, 335
2026/09/10 07:34:35.173, 0, 12288, 11781, 335
2026/09/10 07:34:35.380, 0, 12288, 11781, 335
2026/09/10 07:34:35.587, 0, 12288, 11781, 335
2026/09/10 07:34:35.795, 0, 12288, 11781, 335
2026/09/10 07:34:36.002, 0, 12288, 11781, 335
2026/09/10 07:34:36.210, 0, 12288, 11781, 335
2026/09/10 07:34:36.418, 0, 12288, 11781, 335
2026/09/10 07:34:36.625, 0, 12288, 11781, 335
2026/09/10 07:34:36.832, 0, 12288, 11781, 335
2026/09/10 07:34:37.041, 0, 12288, 11781, 335
2026/09/10 07:34:37.248, 0, 12288, 11781, 335
2026/09/10 07:34:37.454, 0, 12288, 11781, 335
2026/09/10 07:34:37.661, 0, 12288, 11781, 335
2026/09/10 07:34:37.869, 0, 12288, 11781, 335
2026/09/10 07:34:38.077, 0, 12288, 11781, 335
2026/09/10 07:34:38.284, 0, 12288, 11781, 335
2026/09/10 07:34:38.492, 0, 12288, 11781, 335
2026/09/10 07:34:38.699, 0, 12288, 11781, 335
2026/09/10 07:34:38.907, 0, 12288, 11781, 335
2026/09/10 07:34:39.114, 0, 12288, 11781, 335
2026/09/10 07:34:39.322, 0, 12288, 11781, 335
2026/09/10 07:34:39.529, 0, 12288, 11781, 335
2026/09/10 07:34:39.737, 0, 12288, 11781, 335
2026/09/10 07:34:39.944, 0, 12288, 11781, 335
2026/09/10 07:34:40.150, 0, 12288, 11781, 335
2026/09/10 07:34:40.357, 0, 12288, 11781, 335
2026/09/10 07:34:40.565, 0, 12288, 11781, 335
2026/09/10 07:34:40.773, 0, 12288, 11781, 335
2026/09/10 07:34:40.980, 0, 12288, 11781, 335
2026/09/10 07:34:41.186, 0, 12288, 11781, 335
2026/09/10 07:34:41.393, 0, 12288, 11781, 335
2026/09/10 07:34:41.601, 0, 12288, 11781, 335
2026/09/10 07:34:41.807, 0, 12288, 11781, 335
2026/09/10 07:34:42.014, 0, 12288, 11781, 335
2026/09/10 07:34:42.222, 0, 12288, 11781, 335
2026/09/10 07:34:42.430, 0, 12288, 11781, 335
2026/09/10 07:34:42.638, 0, 12288, 11781, 335
2026/09/10 07:34:42.843, 0, 12288, 11781, 335
2026/09/10 07:34:43.050, 0, 12288, 11781, 335
2026/09/10 07:34:43.258, 0, 12288, 11781, 335
2026/09/10 07:34:43.466, 0, 12288, 11781, 335
2026/09/10 07:34:43.673, 0, 12288, 11781, 335
2026/09/10 07:34:43.881, 0, 12288, 11781, 335
2026/09/10 07:34:44.089, 0, 12288, 11781, 335
2026/09/10 07:34:44.296, 0, 12288, 11781, 335
2026/09/10 07:34:44.502, 0, 12288, 11781, 335
2026/09/10 07:34:44.706, 0, 12288, 11781, 335
2026/09/10 07:34:44.913, 0, 12288, 11781, 335
2026/09/10 07:34:45.120, 0, 12288, 11781, 335
2026/09/10 07:34:45.327, 0, 12288, 11781, 335
2026/09/10 07:34:45.533, 0, 12288, 11781, 335
2026/09/10 07:34:45.740, 0, 12288, 11781, 335
2026/09/10 07:34:45.947, 0, 12288, 11781, 335
2026/09/10 07:34:46.155, 0, 12288, 11781, 335
2026/09/10 07:34:46.363, 0, 12288, 11781, 335
2026/09/10 07:34:46.571, 0, 12288, 11781, 335
2026/09/10 07:34:46.778, 0, 12288, 11781, 335
2026/09/10 07:34:46.985, 0, 12288, 11781, 335
2026/09/10 07:34:47.193, 0, 12288, 11781, 335
2026/09/10 07:34:47.400, 0, 12288, 11781, 335
2026/09/10 07:34:47.608, 0, 12288, 11781, 335
2026/09/10 07:34:47.816, 0, 12288, 11781, 335
2026/09/10 07:34:48.022, 0, 12288, 11781, 335
2026/09/10 07:34:48.229, 0, 12288, 11781, 335
2026/09/10 07:34:48.437, 0, 12288, 11781, 335
2026/09/10 07:34:48.645, 0, 12288, 11781, 335
2026/09/10 07:34:48.853, 0, 12288, 11781, 335
2026/09/10 07:34:49.061, 0, 12288, 11781, 335
2026/09/10 07:34:49.269, 0, 12288, 11781, 335
2026/09/10 07:34:49.477, 0, 12288, 11781, 335
2026/09/10 07:34:49.684, 0, 12288, 11781, 335
2026/09/10 07:34:49.889, 0, 12288, 11781, 335
2026/09/10 07:34:50.097, 0, 12288, 11781, 335
2026/09/10 07:34:50.305, 0, 12288, 11781, 335
2026/09/10 07:34:50.513, 0, 12288, 11781, 335
2026/09/10 07:34:50.718, 0, 12288, 11781, 335
2026/09/10 07:34:50.926, 0, 12288, 11781, 335
2026/09/10 07:34:51.149, 0, 12288, 11781, 335
2026/09/10 07:34:51.355, 0, 12288, 11781, 335
2026/09/10 07:34:51.563, 0, 12288, 11781, 335
2026/09/10 07:34:51.770, 0, 12288, 11781, 335
2026/09/10 07:34:51.978, 0, 12288, 11781, 335
2026/09/10 07:34:52.185, 0, 12288, 11781, 335
2026/09/10 07:34:52.392, 0, 12288, 11781, 335
2026/09/10 07:34:52.599, 0, 12288, 11781, 335
2026/09/10 07:34:52.805, 0, 12288, 11781, 335
2026/09/10 07:34:53.012, 0, 12288, 11781, 335
2026/09/10 07:34:53.220, 0, 12288, 11781, 335
2026/09/10 07:34:53.428, 0, 12288, 11781, 335
2026/09/10 07:34:53.635, 0, 12288, 11781, 335
2026/09/10 07:34:53.841, 0, 12288, 11781, 335
2026/09/10 07:34:54.049, 0, 12288, 11781, 335
2026/09/10 07:34:54.257, 0, 12288, 11781, 335
2026/09/10 07:34:54.464, 0, 12288, 11781, 335
2026/09/10 07:34:54.671, 0, 12288, 11781, 335
2026/09/10 07:34:54.878, 0, 12288, 11781, 335
2026/09/10 07:34:55.085, 0, 12288, 11781, 335
2026/09/10 07:34:55.292, 0, 12288, 11781, 335
2026/09/10 07:34:55.498, 0, 12288, 11781, 335
2026/09/10 07:34:55.706, 0, 12288, 11781, 335
2026/09/10 07:34:55.914, 0, 12288, 11781, 335
2026/09/10 07:34:56.121, 0, 12288, 11781, 335
2026/09/10 07:34:56.327, 0, 12288, 11781, 335
2026/09/10 07:34:56.534, 0, 12288, 11781, 335
2026/09/10 07:34:56.742, 0, 12288, 11781, 335
2026/09/10 07:34:56.950, 0, 12288, 11781, 335
2026/09/10 07:34:57.158, 0, 12288, 11781, 335
2026/09/10 07:34:57.365, 0, 12288, 11781, 335
2026/09/10 07:34:57.573, 0, 12288, 11781, 335
2026/09/10 07:34:57.780, 0, 12288, 11781, 335
2026/09/10 07:34:57.986, 0, 12288, 11781, 335
2026/09/10 07:34:58.193, 0, 12288, 11781, 335
2026/09/10 07:34:58.401, 0, 12288, 11781, 335
2026/09/10 07:34:58.608, 0, 12288, 11781, 335
2026/09/10 07:34:58.816, 0, 12288, 11781, 335
2026/09/10 07:34:59.024, 0, 12288, 11781, 335
2026/09/10 07:34:59.229, 0, 12288, 11781, 335
2026/09/10 07:34:59.437, 0, 12288, 11781, 335
2026/09/10 07:34:59.644, 0, 12288, 11781, 335
2026/09/10 07:34:59.852, 0, 12288, 11781, 335
2026/09/10 07:35:00.059, 0, 12288, 11781, 335
2026/09/10 07:35:00.267, 0, 12288, 11781, 335
2026/09/10 07:35:00.475, 0, 12288, 11781, 335
2026/09/10 07:35:00.698, 0, 12288, 11781, 335
2026/09/10 07:35:00.905, 0, 12288, 11781, 335
2026/09/10 07:35:01.113, 0, 12288, 11781, 335
2026/09/10 07:35:01.321, 0, 12288, 11781, 335
2026/09/10 07:35:01.529, 0, 12288, 11781, 335
2026/09/10 07:35:01.737, 0, 12288, 11781, 335
2026/09/10 07:35:01.944, 0, 12288, 11781, 335
2026/09/10 07:35:02.152, 0, 12288, 11781, 335
2026/09/10 07:35:02.360, 0, 12288, 11781, 335
2026/09/10 07:35:02.567, 0, 12288, 11781, 335
2026/09/10 07:35:02.774, 0, 12288, 11781, 335
2026/09/10 07:35:02.982, 0, 12288, 11781, 335
2026/09/10 07:35:03.189, 0, 12288, 11781, 335
2026/09/10 07:35:03.411, 0, 12288, 11781, 335
2026/09/10 07:35:03.619, 0, 12288, 11781, 335
2026/09/10 07:35:03.825, 0, 12288, 11781, 335
2026/09/10 07:35:04.031, 0, 12288, 11781, 335
2026/09/10 07:35:04.238, 0, 12288, 11781, 335
2026/09/10 07:35:04.445, 0, 12288, 11781, 335
2026/09/10 07:35:04.652, 0, 12288, 11781, 335
2026/09/10 07:35:04.860, 0, 12288, 11781, 335
2026/09/10 07:35:05.067, 0, 12288, 11781, 335
2026/09/10 07:35:05.274, 0, 12288, 11781, 335
2026/09/10 07:35:05.481, 0, 12288, 11781, 335
2026/09/10 07:35:05.689, 0, 12288, 11781, 335
2026/09/10 07:35:05.895, 0, 12288, 11781, 335
2026/09/10 07:35:06.103, 0, 12288, 11781, 335
2026/09/10 07:35:06.309, 0, 12288, 11781, 335
2026/09/10 07:35:06.517, 0, 12288, 11781, 335
2026/09/10 07:35:06.724, 0, 12288, 11781, 335
2026/09/10 07:35:06.931, 0, 12288, 11781, 335
2026/09/10 07:35:07.138, 0, 12288, 11781, 335
2026/09/10 07:35:07.346, 0, 12288, 11781, 335
2026/09/10 07:35:07.554, 0, 12288, 11781, 335
2026/09/10 07:35:07.760, 0, 12288, 11781, 335
2026/09/10 07:35:07.968, 0, 12288, 11781, 335
2026/09/10 07:35:08.175, 0, 12288, 11781, 335
2026/09/10 07:35:08.382, 0, 12288, 11781, 335
2026/09/10 07:35:08.589, 0, 12288, 11781, 335
2026/09/10 07:35:08.796, 0, 12288, 11781, 335
2026/09/10 07:35:09.004, 0, 12288, 11781, 335
2026/09/10 07:35:09.212, 0, 12288, 11781, 335
2026/09/10 07:35:09.417, 0, 12288, 11781, 335
2026/09/10 07:35:09.623, 0, 12288, 11781, 335
2026/09/10 07:35:09.831, 0, 12288, 11781, 335
2026/09/10 07:35:10.038, 0, 12288, 11781, 335
2026/09/10 07:35:10.246, 0, 12288, 11781, 335
2026/09/10 07:35:10.453, 0, 12288, 11781, 335
2026/09/10 07:35:10.658, 0, 12288, 11781, 335
2026/09/10 07:35:10.865, 0, 12288, 11781, 335
2026/09/10 07:35:11.073, 0, 12288, 11781, 335
2026/09/10 07:35:11.281, 0, 12288, 11781, 335
2026/09/10 07:35:11.487, 0, 12288, 11781, 335
2026/09/10 07:35:11.693, 0, 12288, 11781, 335
2026/09/10 07:35:11.900, 0, 12288, 11781, 335
2026/09/10 07:35:12.107, 0, 12288, 11781, 335
2026/09/10 07:35:12.315, 0, 12288, 11781, 335
2026/09/10 07:35:12.522, 0, 12288, 11781, 335
2026/09/10 07:35:12.729, 0, 12288, 11781, 335
2026/09/10 07:35:12.950, 0, 12288, 11781, 335
2026/09/10 07:35:13.157, 0, 12288, 11781, 335
2026/09/10 07:35:13.365, 0, 12288, 11781, 335
2026/09/10 07:35:13.573, 0, 12288, 11781, 335
2026/09/10 07:35:13.781, 0, 12288, 11781, 335
2026/09/10 07:35:13.989, 0, 12288, 11781, 335
2026/09/10 07:35:14.195, 0, 12288, 11781, 335
2026/09/10 07:35:14.403, 0, 12288, 11781, 335
2026/09/10 07:35:14.609, 0, 12288, 11781, 335
2026/09/10 07:35:14.817, 0, 12288, 11781, 335
2026/09/10 07:35:15.024, 0, 12288, 11781, 335
2026/09/10 07:35:15.231, 0, 12288, 11781, 335
2026/09/10 07:35:15.437, 0, 12288, 11781, 335
2026/09/10 07:35:15.643, 0, 12288, 11781, 335
2026/09/10 07:35:15.851, 0, 12288, 11781, 335
2026/09/10 07:35:16.058, 0, 12288, 11781, 335
2026/09/10 07:35:16.264, 0, 12288, 11781, 335
2026/09/10 07:35:16.470, 0, 12288, 11781, 335
2026/09/10 07:35:16.678, 0, 12288, 11781, 335
2026/09/10 07:35:16.884, 0, 12288, 11781, 335
2026/09/10 07:35:17.092, 0, 12288, 11781, 335
2026/09/10 07:35:17.300, 0, 12288, 11781, 335
2026/09/10 07:35:17.507, 0, 12288, 11781, 335
2026/09/10 07:35:17.715, 0, 12288, 11781, 335
2026/09/10 07:35:17.922, 0, 12288, 11781, 335
2026/09/10 07:35:18.129, 0, 12288, 11781, 335
2026/09/10 07:35:18.337, 0, 12288, 11781, 335
2026/09/10 07:35:18.544, 0, 12288, 11781, 335
2026/09/10 07:35:18.750, 0, 12288, 11781, 335
2026/09/10 07:35:18.958, 0, 12288, 11781, 335
2026/09/10 07:35:19.165, 0, 12288, 11781, 335
2026/09/10 07:35:19.372, 0, 12288, 11781, 335
2026/09/10 07:35:19.579, 0, 12288, 11781, 335
2026/09/10 07:35:19.787, 0, 12288, 11781, 335
2026/09/10 07:35:19.993, 0, 12288, 11781, 335
2026/09/10 07:35:20.201, 0, 12288, 11781, 335
2026/09/10 07:35:20.409, 0, 12288, 11781, 335
2026/09/10 07:35:20.617, 0, 12288, 11781, 335
2026/09/10 07:35:20.825, 0, 12288, 11781, 335
2026/09/10 07:35:21.031, 0, 12288, 11781, 335
2026/09/10 07:35:21.238, 0, 12288, 11781, 335
2026/09/10 07:35:21.446, 0, 12288, 11781, 335
2026/09/10 07:35:21.654, 0, 12288, 11781, 335
2026/09/10 07:35:21.860, 0, 12288, 11781, 335
2026/09/10 07:35:22.067, 0, 12288, 11781, 335
2026/09/10 07:35:22.275, 0, 12288, 11781, 335
2026/09/10 07:35:22.498, 0, 12288, 11781, 335
2026/09/10 07:35:22.706, 0, 12288, 11781, 335
2026/09/10 07:35:22.914, 0, 12288, 11781, 335
2026/09/10 07:35:23.121, 0, 12288, 11781, 335
2026/09/10 07:35:23.326, 0, 12288, 11781, 335
2026/09/10 07:35:23.534, 0, 12288, 11781, 335
2026/09/10 07:35:23.741, 0, 12288, 11781, 335
2026/09/10 07:35:23.949, 0, 12288, 11781, 335
2026/09/10 07:35:24.157, 0, 12288, 11781, 335
2026/09/10 07:35:24.365, 0, 12288, 11781, 335
2026/09/10 07:35:24.573, 0, 12288, 11781, 335
2026/09/10 07:35:24.779, 0, 12288, 11781, 335
2026/09/10 07:35:24.987, 0, 12288, 11781, 335
2026/09/10 07:35:25.195, 0, 12288, 11781, 335
2026/09/10 07:35:25.402, 0, 12288, 11781, 335
2026/09/10 07:35:25.609, 0, 12288, 11781, 335
2026/09/10 07:35:25.817, 0, 12288, 11781, 335
2026/09/10 07:35:26.025, 0, 12288, 11781, 335
2026/09/10 07:35:26.232, 0, 12288, 11781, 335
2026/09/10 07:35:26.439, 0, 12288, 11781, 335
2026/09/10 07:35:26.646, 0, 12288, 11781, 335
2026/09/10 07:35:26.854, 0, 12288, 11781, 335
2026/09/10 07:35:27.062, 0, 12288, 11781, 335
2026/09/10 07:35:27.270, 0, 12288, 11781, 335
2026/09/10 07:35:27.478, 0, 12288, 11781, 335
2026/09/10 07:35:27.686, 0, 12288, 11781, 335
2026/09/10 07:35:27.893, 0, 12288, 11781, 335
2026/09/10 07:35:28.100, 0, 12288, 11781, 335
2026/09/10 07:35:28.307, 0, 12288, 11781, 335
2026/09/10 07:35:28.516, 0, 12288, 11781, 335
2026/09/10 07:35:28.723, 0, 12288, 11781, 335
2026/09/10 07:35:28.931, 0, 12288, 11781, 335
2026/09/10 07:35:29.139, 0, 12288, 11781, 335
2026/09/10 07:35:29.346, 0, 12288, 11781, 335
2026/09/10 07:35:29.552, 0, 12288, 11781, 335
2026/09/10 07:35:29.760, 0, 12288, 11781, 335
2026/09/10 07:35:29.967, 0, 12288, 11781, 335
2026/09/10 07:35:30.175, 0, 12288, 11781, 335
2026/09/10 07:35:30.382, 0, 12288, 11781, 335
2026/09/10 07:35:30.589, 0, 12288, 11781, 335
2026/09/10 07:35:30.796, 0, 12288, 11781, 335
2026/09/10 07:35:31.004, 0, 12288, 11781, 335
2026/09/10 07:35:31.212, 0, 12288, 11781, 335
2026/09/10 07:35:31.419, 0, 12288, 11781, 335
2026/09/10 07:35:31.627, 0, 12288, 11781, 335
2026/09/10 07:35:31.833, 0, 12288, 11781, 335
2026/09/10 07:35:32.041, 0, 12288, 11781, 335
2026/09/10 07:35:32.248, 0, 12288, 11781, 335
2026/09/10 07:35:32.456, 0, 12288, 11781, 335
2026/09/10 07:35:32.664, 0, 12288, 11781, 335
2026/09/10 07:35:32.871, 0, 12288, 11781, 335
2026/09/10 07:35:33.078, 0, 12288, 11781, 335
2026/09/10 07:35:33.284, 0, 12288, 11781, 335
2026/09/10 07:35:33.491, 0, 12288, 11781, 335
2026/09/10 07:35:33.699, 0, 12288, 11781, 335
2026/09/10 07:35:33.906, 0, 12288, 11781, 335
2026/09/10 07:35:34.113, 0, 12288, 11781, 335
2026/09/10 07:35:34.321, 0, 12288, 11781, 335
2026/09/10 07:35:34.527, 0, 12288, 11781, 335
2026/09/10 07:35:34.734, 0, 12288, 11781, 335
2026/09/10 07:35:34.943, 0, 12288, 11781, 335
2026/09/10 07:35:35.150, 0, 12288, 11781, 335
2026/09/10 07:35:35.355, 0, 12288, 11781, 335
2026/09/10 07:35:35.563, 0, 12288, 11781, 335
2026/09/10 07:35:35.771, 0, 12288, 11781, 335
2026/09/10 07:35:35.978, 0, 12288, 11781, 335
2026/09/10 07:35:36.183, 0, 12288, 11781, 335
2026/09/10 07:35:36.389, 0, 12288, 11781, 335
2026/09/10 07:35:36.597, 0, 12288, 11781, 335
2026/09/10 07:35:36.805, 0, 12288, 11781, 335
2026/09/10 07:35:37.012, 0, 12288, 11781, 335
2026/09/10 07:35:37.221, 0, 12288, 11781, 335
2026/09/10 07:35:37.428, 0, 12288, 11781, 335
2026/09/10 07:35:37.634, 0, 12288, 11781, 335
2026/09/10 07:35:37.841, 0, 12288, 11781, 335
2026/09/10 07:35:38.049, 0, 12288, 11781, 335
2026/09/10 07:35:38.257, 0, 12288, 11781, 335
2026/09/10 07:35:38.464, 0, 12288, 11781, 335
2026/09/10 07:35:38.671, 0, 12288, 11781, 335
2026/09/10 07:35:38.877, 0, 12288, 11781, 335
2026/09/10 07:35:39.085, 0, 12288, 11781, 335
2026/09/10 07:35:39.293, 0, 12288, 11781, 335
2026/09/10 07:35:39.501, 0, 12288, 11781, 335
2026/09/10 07:35:39.708, 0, 12288, 11781, 335
2026/09/10 07:35:39.916, 0, 12288, 11781, 335
2026/09/10 07:35:40.122, 0, 12288, 11781, 335
2026/09/10 07:35:40.329, 0, 12288, 11781, 335
2026/09/10 07:35:40.537, 0, 12288, 11781, 335
2026/09/10 07:35:40.745, 0, 12288, 11781, 335
2026/09/10 07:35:40.951, 0, 12288, 11781, 335
2026/09/10 07:35:41.158, 0, 12288, 11781, 335
2026/09/10 07:35:41.365, 0, 12288, 11781, 335
2026/09/10 07:35:41.588, 0, 12288, 11781, 335
2026/09/10 07:35:41.795, 0, 12288, 11781, 335
2026/09/10 07:35:42.002, 0, 12288, 11781, 335
2026/09/10 07:35:42.209, 0, 12288, 11781, 335
2026/09/10 07:35:42.417, 0, 12288, 11781, 335
2026/09/10 07:35:42.625, 0, 12288, 11781, 335
2026/09/10 07:35:42.830, 0, 12288, 11781, 335
2026/09/10 07:35:43.038, 0, 12288, 11781, 335
2026/09/10 07:35:43.245, 0, 12288, 11781, 335
2026/09/10 07:35:43.453, 0, 12288, 11781, 335
2026/09/10 07:35:43.661, 0, 12288, 11781, 335
2026/09/10 07:35:43.869, 0, 12288, 11781, 335
2026/09/10 07:35:44.077, 0, 12288, 11781, 335
2026/09/10 07:35:44.285, 0, 12288, 11781, 335
2026/09/10 07:35:44.491, 0, 12288, 11781, 335
2026/09/10 07:35:44.699, 0, 12288, 11781, 335
2026/09/10 07:35:44.906, 0, 12288, 11781, 335
2026/09/10 07:35:45.114, 0, 12288, 11781, 335
2026/09/10 07:35:45.321, 0, 12288, 11781, 335
2026/09/10 07:35:45.527, 0, 12288, 11781, 335
2026/09/10 07:35:45.734, 0, 12288, 11781, 335
2026/09/10 07:35:45.942, 0, 12288, 11781, 335
2026/09/10 07:35:46.149, 0, 12288, 11781, 335
2026/09/10 07:35:46.357, 0, 12288, 11781, 335
2026/09/10 07:35:46.564, 0, 12288, 11781, 335
2026/09/10 07:35:46.771, 0, 12288, 11781, 335
2026/09/10 07:35:46.977, 0, 12288, 11781, 335
2026/09/10 07:35:47.184, 0, 12288, 11781, 335
2026/09/10 07:35:47.391, 0, 12288, 11781, 335
2026/09/10 07:35:47.599, 0, 12288, 11781, 335
2026/09/10 07:35:47.806, 0, 12288, 11781, 335
2026/09/10 07:35:48.014, 0, 12288, 11781, 335
2026/09/10 07:35:48.222, 0, 12288, 11781, 335
2026/09/10 07:35:48.430, 0, 12288, 11781, 335
2026/09/10 07:35:48.637, 0, 12288, 11781, 335
2026/09/10 07:35:48.845, 0, 12288, 11781, 335
2026/09/10 07:35:49.053, 0, 12288, 11781, 335
2026/09/10 07:35:49.261, 0, 12288, 11781, 335
2026/09/10 07:35:49.469, 0, 12288, 11781, 335
2026/09/10 07:35:49.676, 0, 12288, 11781, 335
2026/09/10 07:35:49.882, 0, 12288, 11781, 335
2026/09/10 07:35:50.090, 0, 12288, 11781, 335
2026/09/10 07:35:50.298, 0, 12288, 11781, 335
2026/09/10 07:35:50.506, 0, 12288, 11781, 335
2026/09/10 07:35:50.713, 0, 12288, 11781, 335
2026/09/10 07:35:50.920, 0, 12288, 11781, 335
2026/09/10 07:35:51.128, 0, 12288, 11781, 335
2026/09/10 07:35:51.336, 0, 12288, 11781, 335
2026/09/10 07:35:51.544, 0, 12288, 11781, 335
2026/09/10 07:35:51.752, 0, 12288, 11781, 335
2026/09/10 07:35:51.958, 0, 12288, 11781, 335
2026/09/10 07:35:52.165, 0, 12288, 11781, 335
2026/09/10 07:35:52.372, 0, 12288, 11781, 335
2026/09/10 07:35:52.579, 0, 12288, 11781, 335
2026/09/10 07:35:52.786, 0, 12288, 11781, 335
2026/09/10 07:35:52.994, 0, 12288, 11781, 335
2026/09/10 07:35:53.201, 0, 12288, 11781, 335
2026/09/10 07:35:53.409, 0, 12288, 11781, 335
2026/09/10 07:35:53.617, 0, 12288, 11781, 335
2026/09/10 07:35:53.824, 0, 12288, 11781, 335
2026/09/10 07:35:54.031, 0, 12288, 11781, 335
2026/09/10 07:35:54.238, 0, 12288, 11781, 335
2026/09/10 07:35:54.446, 0, 12288, 11781, 335
2026/09/10 07:35:54.653, 0, 12288, 11781, 335
2026/09/10 07:35:54.861, 0, 12288, 11781, 335
2026/09/10 07:35:55.068, 0, 12288, 11781, 335
2026/09/10 07:35:55.275, 0, 12288, 11781, 335
2026/09/10 07:35:55.482, 0, 12288, 11781, 335
2026/09/10 07:35:55.689, 0, 12288, 11781, 335
2026/09/10 07:35:55.897, 0, 12288, 11781, 335
2026/09/10 07:35:56.104, 0, 12288, 11781, 335
2026/09/10 07:35:56.312, 0, 12288, 11781, 335
2026/09/10 07:35:56.519, 0, 12288, 11781, 335
2026/09/10 07:35:56.727, 0, 12288, 11781, 335
2026/09/10 07:35:56.935, 0, 12288, 11781, 335
2026/09/10 07:35:57.141, 0, 12288, 11781, 335
2026/09/10 07:35:57.349, 0, 12288, 11781, 335
2026/09/10 07:35:57.556, 0, 12288, 11781, 335
2026/09/10 07:35:57.764, 0, 12288, 11781, 335
2026/09/10 07:35:57.970, 0, 12288, 11781, 335
2026/09/10 07:35:58.178, 0, 12288, 11781, 335
2026/09/10 07:35:58.385, 0, 12288, 11781, 335
2026/09/10 07:35:58.593, 0, 12288, 11781, 335
2026/09/10 07:35:58.800, 0, 12288, 11781, 335
2026/09/10 07:35:59.008, 0, 12288, 11781, 335
2026/09/10 07:35:59.215, 0, 12288, 11781, 335
2026/09/10 07:35:59.423, 0, 12288, 11781, 335
2026/09/10 07:35:59.631, 0, 12288, 11781, 335
2026/09/10 07:35:59.839, 0, 12288, 11781, 335
2026/09/10 07:36:00.046, 0, 12288, 11781, 335
2026/09/10 07:36:00.254, 0, 12288, 11781, 335
2026/09/10 07:36:00.461, 0, 12288, 11781, 335
2026/09/10 07:36:00.669, 0, 12288, 11781, 335
2026/09/10 07:36:00.877, 0, 12288, 11781, 335
2026/09/10 07:36:01.085, 0, 12288, 11781, 335
2026/09/10 07:36:01.293, 0, 12288, 11781, 335
2026/09/10 07:36:01.501, 0, 12288, 11781, 335
2026/09/10 07:36:01.709, 0, 12288, 11781, 335
2026/09/10 07:36:01.916, 0, 12288, 11781, 335
2026/09/10 07:36:02.123, 0, 12288, 11781, 335
2026/09/10 07:36:02.330, 0, 12288, 11781, 335
2026/09/10 07:36:02.538, 0, 12288, 11781, 335
2026/09/10 07:36:02.744, 0, 12288, 11781, 335
2026/09/10 07:36:02.952, 0, 12288, 11781, 335
2026/09/10 07:36:03.160, 0, 12288, 11781, 335
2026/09/10 07:36:03.367, 0, 12288, 11781, 335
2026/09/10 07:36:03.574, 0, 12288, 11781, 335
2026/09/10 07:36:03.781, 0, 12288, 11781, 335
2026/09/10 07:36:03.987, 0, 12288, 11781, 335
2026/09/10 07:36:04.195, 0, 12288, 11781, 335
2026/09/10 07:36:04.403, 0, 12288, 11781, 335
2026/09/10 07:36:04.609, 0, 12288, 11781, 335
2026/09/10 07:36:04.817, 0, 12288, 11781, 335
2026/09/10 07:36:05.025, 0, 12288, 11781, 335
2026/09/10 07:36:05.233, 0, 12288, 11781, 335
2026/09/10 07:36:05.440, 0, 12288, 11781, 335
2026/09/10 07:36:05.647, 0, 12288, 11781, 335
2026/09/10 07:36:05.855, 0, 12288, 11781, 335
2026/09/10 07:36:06.062, 0, 12288, 11781, 335
2026/09/10 07:36:06.269, 0, 12288, 11781, 335
2026/09/10 07:36:06.477, 0, 12288, 11781, 335
2026/09/10 07:36:06.685, 0, 12288, 11781, 335
2026/09/10 07:36:06.891, 0, 12288, 11781, 335
2026/09/10 07:36:07.098, 0, 12288, 11781, 335
2026/09/10 07:36:07.305, 0, 12288, 11781, 335
2026/09/10 07:36:07.512, 0, 12288, 11781, 335
2026/09/10 07:36:07.720, 0, 12288, 11781, 335
2026/09/10 07:36:07.927, 0, 12288, 11781, 335
2026/09/10 07:36:08.135, 0, 12288, 11781, 335
2026/09/10 07:36:08.342, 0, 12288, 11781, 335
2026/09/10 07:36:08.549, 0, 12288, 11781, 335
2026/09/10 07:36:08.757, 0, 12288, 11781, 335
2026/09/10 07:36:08.965, 0, 12288, 11781, 335
2026/09/10 07:36:09.173, 0, 12288, 11781, 335
2026/09/10 07:36:09.381, 0, 12288, 11781, 335
2026/09/10 07:36:09.589, 0, 12288, 11781, 335
2026/09/10 07:36:09.797, 0, 12288, 11781, 335
2026/09/10 07:36:10.004, 0, 12288, 11781, 335
2026/09/10 07:36:10.212, 0, 12288, 11781, 335
2026/09/10 07:36:10.419, 0, 12288, 11781, 335
2026/09/10 07:36:10.627, 0, 12288, 11781, 335
2026/09/10 07:36:10.835, 0, 12288, 11781, 335
2026/09/10 07:36:11.043, 0, 12288, 11781, 335
2026/09/10 07:36:11.250, 0, 12288, 11781, 335
2026/09/10 07:36:11.458, 0, 12288, 11781, 335
2026/09/10 07:36:11.666, 0, 12288, 11781, 335
2026/09/10 07:36:11.873, 0, 12288, 11781, 335
2026/09/10 07:36:12.081, 0, 12288, 11781, 335
2026/09/10 07:36:12.288, 0, 12288, 11781, 335
2026/09/10 07:36:12.496, 0, 12288, 11781, 335
2026/09/10 07:36:12.702, 0, 12288, 11781, 335
2026/09/10 07:36:12.909, 0, 12288, 11781, 335
2026/09/10 07:36:13.117, 0, 12288, 11781, 335
2026/09/10 07:36:13.324, 0, 12288, 11781, 335
2026/09/10 07:36:13.530, 0, 12288, 11781, 335
2026/09/10 07:36:13.738, 0, 12288, 11781, 335
2026/09/10 07:36:13.946, 0, 12288, 11781, 335
2026/09/10 07:36:14.154, 0, 12288, 11781, 335
2026/09/10 07:36:14.361, 0, 12288, 11781, 335
2026/09/10 07:36:14.568, 0, 12288, 11781, 335
2026/09/10 07:36:14.776, 0, 12288, 11781, 335
2026/09/10 07:36:14.984, 0, 12288, 11781, 335
2026/09/10 07:36:15.191, 0, 12288, 11781, 335
2026/09/10 07:36:15.398, 0, 12288, 11781, 335
2026/09/10 07:36:15.605, 0, 12288, 11781, 335
2026/09/10 07:36:15.812, 0, 12288, 11781, 335
2026/09/10 07:36:16.018, 0, 12288, 11781, 335
2026/09/10 07:36:16.226, 0, 12288, 11781, 335
2026/09/10 07:36:16.432, 0, 12288, 11781, 335
2026/09/10 07:36:16.639, 0, 12288, 11781, 335
2026/09/10 07:36:16.846, 0, 12288, 11781, 335
2026/09/10 07:36:17.054, 0, 12288, 11781, 335
2026/09/10 07:36:17.262, 0, 12288, 11781, 335
2026/09/10 07:36:17.470, 0, 12288, 11781, 335
2026/09/10 07:36:17.678, 0, 12288, 11781, 335
2026/09/10 07:36:17.885, 0, 12288, 11781, 335
2026/09/10 07:36:18.092, 0, 12288, 11781, 335
2026/09/10 07:36:18.299, 0, 12288, 11781, 335
2026/09/10 07:36:18.507, 0, 12288, 11781, 335
2026/09/10 07:36:18.715, 0, 12288, 11781, 335
2026/09/10 07:36:18.922, 0, 12288, 11781, 335
2026/09/10 07:36:19.130, 0, 12288, 11781, 335
2026/09/10 07:36:19.338, 0, 12288, 11781, 335
2026/09/10 07:36:19.546, 0, 12288, 11781, 335
2026/09/10 07:36:19.754, 0, 12288, 11781, 335
2026/09/10 07:36:19.961, 0, 12288, 11781, 335
2026/09/10 07:36:20.169, 0, 12288, 11781, 335
2026/09/10 07:36:20.376, 0, 12288, 11781, 335
2026/09/10 07:36:20.584, 0, 12288, 11781, 335
2026/09/10 07:36:20.791, 0, 12288, 11781, 335
2026/09/10 07:36:20.997, 0, 12288, 11781, 335
2026/09/10 07:36:21.202, 0, 12288, 11781, 335
2026/09/10 07:36:21.409, 0, 12288, 11781, 335
2026/09/10 07:36:21.616, 0, 12288, 11781, 335
2026/09/10 07:36:21.824, 0, 12288, 11781, 335
2026/09/10 07:36:22.032, 0, 12288, 11781, 335
2026/09/10 07:36:22.238, 0, 12288, 11781, 335
2026/09/10 07:36:22.445, 0, 12288, 11781, 335
2026/09/10 07:36:22.653, 0, 12288, 11781, 335
2026/09/10 07:36:22.861, 0, 12288, 11781, 335
2026/09/10 07:36:23.069, 0, 12288, 11781, 335
2026/09/10 07:36:23.277, 0, 12288, 11781, 335
2026/09/10 07:36:23.484, 0, 12288, 11781, 335
2026/09/10 07:36:23.691, 0, 12288, 11781, 335
2026/09/10 07:36:23.898, 0, 12288, 11781, 335
2026/09/10 07:36:24.106, 0, 12288, 11781, 335
2026/09/10 07:36:24.313, 0, 12288, 11781, 335
2026/09/10 07:36:24.520, 0, 12288, 11781, 335
2026/09/10 07:36:24.728, 0, 12288, 11781, 335
2026/09/10 07:36:24.936, 0, 12288, 11781, 335
2026/09/10 07:36:25.142, 0, 12288, 11781, 335
2026/09/10 07:36:25.349, 0, 12288, 11781, 335
2026/09/10 07:36:25.556, 0, 12288, 11781, 335
2026/09/10 07:36:25.764, 0, 12288, 11781, 335
2026/09/10 07:36:25.971, 0, 12288, 11781, 335
2026/09/10 07:36:26.178, 0, 12288, 11781, 335
2026/09/10 07:36:26.386, 0, 12288, 11781, 335
2026/09/10 07:36:26.593, 0, 12288, 11781, 335
2026/09/10 07:36:26.801, 0, 12288, 11781, 335
2026/09/10 07:36:27.007, 0, 12288, 11781, 335
2026/09/10 07:36:27.213, 0, 12288, 11781, 335
2026/09/10 07:36:27.421, 0, 12288, 11781, 335
2026/09/10 07:36:27.629, 0, 12288, 11781, 335
2026/09/10 07:36:27.836, 0, 12288, 11781, 335
2026/09/10 07:36:28.043, 0, 12288, 11781, 335
2026/09/10 07:36:28.250, 0, 12288, 11781, 335
2026/09/10 07:36:28.458, 0, 12288, 11781, 335
2026/09/10 07:36:28.666, 0, 12288, 11781, 335
2026/09/10 07:36:28.873, 0, 12288, 11781, 335
2026/09/10 07:36:29.080, 0, 12288, 11781, 335
2026/09/10 07:36:29.288, 0, 12288, 11781, 335
2026/09/10 07:36:29.496, 0, 12288, 11781, 335
2026/09/10 07:36:29.702, 0, 12288, 11781, 335
2026/09/10 07:36:29.910, 0, 12288, 11781, 335
2026/09/10 07:36:30.118, 0, 12288, 11781, 335
2026/09/10 07:36:30.324, 0, 12288, 11781, 335
2026/09/10 07:36:30.531, 0, 12288, 11781, 335
2026/09/10 07:36:30.737, 0, 12288, 11781, 335
2026/09/10 07:36:30.943, 0, 12288, 11781, 335
2026/09/10 07:36:31.151, 0, 12288, 11781, 335
2026/09/10 07:36:31.358, 0, 12288, 11781, 335
2026/09/10 07:36:31.565, 0, 12288, 11781, 335
2026/09/10 07:36:31.772, 0, 12288, 11781, 335
2026/09/10 07:36:31.979, 0, 12288, 11781, 335
2026/09/10 07:36:32.186, 0, 12288, 11781, 335
2026/09/10 07:36:32.392, 0, 12288, 11781, 335
2026/09/10 07:36:32.600, 0, 12288, 11781, 335
2026/09/10 07:36:32.806, 0, 12288, 11781, 335
2026/09/10 07:36:33.014, 0, 12288, 11781, 335
2026/09/10 07:36:33.220, 0, 12288, 11781, 335
2026/09/10 07:36:33.428, 0, 12288, 11781, 335
2026/09/10 07:36:33.634, 0, 12288, 11781, 335
2026/09/10 07:36:33.842, 0, 12288, 11781, 335
2026/09/10 07:36:34.050, 0, 12288, 11781, 335
2026/09/10 07:36:34.258, 0, 12288, 11781, 335
2026/09/10 07:36:34.466, 0, 12288, 11781, 335
2026/09/10 07:36:34.671, 0, 12288, 11781, 335
2026/09/10 07:36:34.879, 0, 12288, 11781, 335
2026/09/10 07:36:35.087, 0, 12288, 11781, 335
2026/09/10 07:36:35.294, 0, 12288, 11781, 335
2026/09/10 07:36:35.501, 0, 12288, 11781, 335
2026/09/10 07:36:35.707, 0, 12288, 11781, 335
2026/09/10 07:36:35.913, 0, 12288, 11781, 335
2026/09/10 07:36:36.120, 0, 12288, 11781, 335
2026/09/10 07:36:36.328, 0, 12288, 11781, 335
2026/09/10 07:36:36.534, 0, 12288, 11781, 335
2026/09/10 07:36:36.741, 0, 12288, 11781, 335
2026/09/10 07:36:36.948, 0, 12288, 11781, 335
2026/09/10 07:36:37.155, 0, 12288, 11781, 335
2026/09/10 07:36:37.363, 0, 12288, 11781, 335
2026/09/10 07:36:37.570, 0, 12288, 11781, 335
2026/09/10 07:36:37.778, 0, 12288, 11781, 335
2026/09/10 07:36:37.986, 0, 12288, 11781, 335
2026/09/10 07:36:38.194, 0, 12288, 11781, 335
2026/09/10 07:36:38.402, 0, 12288, 11781, 335
2026/09/10 07:36:38.610, 0, 12288, 11781, 335
2026/09/10 07:36:38.816, 0, 12288, 11781, 335
2026/09/10 07:36:39.024, 0, 12288, 11781, 335
2026/09/10 07:36:39.231, 0, 12288, 11781, 335
2026/09/10 07:36:39.438, 0, 12288, 11781, 335
2026/09/10 07:36:39.646, 0, 12288, 11781, 335
2026/09/10 07:36:39.853, 0, 12288, 11781, 335
2026/09/10 07:36:40.060, 0, 12288, 11781, 335
2026/09/10 07:36:40.267, 0, 12288, 11781, 335
2026/09/10 07:36:40.475, 0, 12288, 11781, 335
2026/09/10 07:36:40.683, 0, 12288, 11781, 335
2026/09/10 07:36:40.891, 0, 12288, 11781, 335
2026/09/10 07:36:41.098, 0, 12288, 11781, 335
2026/09/10 07:36:41.305, 0, 12288, 11781, 335
2026/09/10 07:36:41.512, 0, 12288, 11781, 335
2026/09/10 07:36:41.720, 0, 12288, 11781, 335
2026/09/10 07:36:41.928, 0, 12288, 11781, 335
2026/09/10 07:36:42.136, 0, 12288, 11781, 335
2026/09/10 07:36:42.344, 0, 12288, 11781, 335
2026/09/10 07:36:42.551, 0, 12288, 11781, 335
2026/09/10 07:36:42.758, 0, 12288, 11781, 335
2026/09/10 07:36:42.966, 0, 12288, 11781, 335
2026/09/10 07:36:43.173, 0, 12288, 11781, 335
2026/09/10 07:36:43.381, 0, 12288, 11781, 335
2026/09/10 07:36:43.589, 0, 12288, 11781, 335
2026/09/10 07:36:43.797, 0, 12288, 11781, 335
2026/09/10 07:36:44.004, 0, 12288, 11781, 335
2026/09/10 07:36:44.211, 0, 12288, 11781, 335
2026/09/10 07:36:44.418, 0, 12288, 11781, 335
2026/09/10 07:36:44.625, 0, 12288, 11781, 335
2026/09/10 07:36:44.833, 0, 12288, 11781, 335
2026/09/10 07:36:45.039, 0, 12288, 11781, 335
2026/09/10 07:36:45.247, 0, 12288, 11781, 335
2026/09/10 07:36:45.453, 0, 12288, 11781, 335
2026/09/10 07:36:45.661, 0, 12288, 11781, 335
2026/09/10 07:36:45.868, 0, 12288, 11781, 335
2026/09/10 07:36:46.075, 0, 12288, 11781, 335
2026/09/10 07:36:46.282, 0, 12288, 11781, 335
2026/09/10 07:36:46.488, 0, 12288, 11781, 335
2026/09/10 07:36:46.696, 0, 12288, 11781, 335
2026/09/10 07:36:46.903, 0, 12288, 11781, 335
2026/09/10 07:36:47.109, 0, 12288, 11781, 335
2026/09/10 07:36:47.316, 0, 12288, 11781, 335
2026/09/10 07:36:47.523, 0, 12288, 11781, 335
2026/09/10 07:36:47.730, 0, 12288, 11781, 335
2026/09/10 07:36:47.937, 0, 12288, 11781, 335
2026/09/10 07:36:48.143, 0, 12288, 11781, 335
2026/09/10 07:36:48.351, 0, 12288, 11781, 335
2026/09/10 07:36:48.556, 0, 12288, 11781, 335
2026/09/10 07:36:48.763, 0, 12288, 11781, 335
2026/09/10 07:36:48.970, 0, 12288, 11781, 335
2026/09/10 07:36:49.178, 0, 12288, 11781, 335
2026/09/10 07:36:49.386, 0, 12288, 11781, 335
2026/09/10 07:36:49.594, 0, 12288, 11781, 335
2026/09/10 07:36:49.801, 0, 12288, 11781, 335
2026/09/10 07:36:50.009, 0, 12288, 11781, 335
2026/09/10 07:36:50.217, 0, 12288, 11781, 335
2026/09/10 07:36:50.425, 0, 12288, 11781, 335
2026/09/10 07:36:50.633, 0, 12288, 11781, 335
2026/09/10 07:36:50.841, 0, 12288, 11781, 335
2026/09/10 07:36:51.048, 0, 12288, 11781, 335
2026/09/10 07:36:51.254, 0, 12288, 11781, 335
2026/09/10 07:36:51.462, 0, 12288, 11781, 335
2026/09/10 07:36:51.669, 0, 12288, 11781, 335
2026/09/10 07:36:51.876, 0, 12288, 11781, 335
2026/09/10 07:36:52.083, 0, 12288, 11781, 335
2026/09/10 07:36:52.289, 0, 12288, 11781, 335
2026/09/10 07:36:52.496, 0, 12288, 11781, 335
2026/09/10 07:36:52.703, 0, 12288, 11781, 335
2026/09/10 07:36:52.910, 0, 12288, 11781, 335
2026/09/10 07:36:53.118, 0, 12288, 11781, 335
2026/09/10 07:36:53.326, 0, 12288, 11781, 335
2026/09/10 07:36:53.534, 0, 12288, 11781, 335
2026/09/10 07:36:53.741, 0, 12288, 11781, 335
2026/09/10 07:36:53.948, 0, 12288, 11781, 335
2026/09/10 07:36:54.156, 0, 12288, 11781, 335
2026/09/10 07:36:54.363, 0, 12288, 11781, 335
2026/09/10 07:36:54.570, 0, 12288, 11781, 335
2026/09/10 07:36:54.775, 0, 12288, 11781, 335
2026/09/10 07:36:54.982, 0, 12288, 11781, 335
2026/09/10 07:36:55.186, 0, 12288, 11781, 335
2026/09/10 07:36:55.390, 0, 12288, 11781, 335
2026/09/10 07:36:55.598, 0, 12288, 11781, 335
2026/09/10 07:36:55.806, 0, 12288, 11781, 335
2026/09/10 07:36:56.014, 0, 12288, 11781, 335
2026/09/10 07:36:56.222, 0, 12288, 11781, 335
2026/09/10 07:36:56.428, 0, 12288, 11781, 335
2026/09/10 07:36:56.636, 0, 12288, 11781, 335
2026/09/10 07:36:56.843, 0, 12288, 11781, 335
2026/09/10 07:36:57.051, 0, 12288, 11781, 335
2026/09/10 07:36:57.257, 0, 12288, 11781, 335
2026/09/10 07:36:57.465, 0, 12288, 11781, 335
2026/09/10 07:36:57.672, 0, 12288, 11781, 335
2026/09/10 07:36:57.879, 0, 12288, 11781, 335
2026/09/10 07:36:58.087, 0, 12288, 11781, 335
2026/09/10 07:36:58.293, 0, 12288, 11781, 335
2026/09/10 07:36:58.499, 0, 12288, 11781, 335
2026/09/10 07:36:58.706, 0, 12288, 11781, 335
2026/09/10 07:36:58.912, 0, 12288, 11781, 335
2026/09/10 07:36:59.119, 0, 12288, 11781, 335
2026/09/10 07:36:59.326, 0, 12288, 11781, 335
2026/09/10 07:36:59.532, 0, 12288, 11781, 335
2026/09/10 07:36:59.738, 0, 12288, 11781, 335
2026/09/10 07:36:59.944, 0, 12288, 11781, 335
2026/09/10 07:37:00.150, 0, 12288, 11781, 335
2026/09/10 07:37:00.357, 0, 12288, 11781, 335
2026/09/10 07:37:00.565, 0, 12288, 11781, 335
2026/09/10 07:37:00.773, 0, 12288, 11781, 335
2026/09/10 07:37:00.980, 0, 12288, 11781, 335
2026/09/10 07:37:01.188, 0, 12288, 11781, 335
2026/09/10 07:37:01.395, 0, 12288, 11781, 335
2026/09/10 07:37:01.602, 0, 12288, 11781, 335
2026/09/10 07:37:01.810, 0, 12288, 11781, 335
2026/09/10 07:37:02.018, 0, 12288, 11781, 335
2026/09/10 07:37:02.225, 0, 12288, 11781, 335
2026/09/10 07:37:02.431, 0, 12288, 11781, 335
2026/09/10 07:37:02.639, 0, 12288, 11781, 335
2026/09/10 07:37:02.845, 0, 12288, 11781, 335
2026/09/10 07:37:03.053, 0, 12288, 11781, 335
2026/09/10 07:37:03.260, 0, 12288, 11781, 335
2026/09/10 07:37:03.467, 0, 12288, 11781, 335
2026/09/10 07:37:03.675, 0, 12288, 11781, 335
2026/09/10 07:37:03.882, 0, 12288, 11781, 335
2026/09/10 07:37:04.090, 0, 12288, 11781, 335
2026/09/10 07:37:04.297, 0, 12288, 11781, 335
2026/09/10 07:37:04.505, 0, 12288, 11781, 335
2026/09/10 07:37:04.712, 0, 12288, 11781, 335
2026/09/10 07:37:04.920, 0, 12288, 11781, 335
2026/09/10 07:37:05.128, 0, 12288, 11781, 335
2026/09/10 07:37:05.336, 0, 12288, 11781, 335
2026/09/10 07:37:05.544, 0, 12288, 11781, 335
2026/09/10 07:37:05.752, 0, 12288, 11781, 335
2026/09/10 07:37:05.959, 0, 12288, 11781, 335
2026/09/10 07:37:06.166, 0, 12288, 11781, 335
2026/09/10 07:37:06.374, 0, 12288, 11781, 335
2026/09/10 07:37:06.580, 0, 12288, 11781, 335
2026/09/10 07:37:06.787, 0, 12288, 11781, 335
2026/09/10 07:37:06.995, 0, 12288, 11781, 335
2026/09/10 07:37:07.203, 0, 12288, 11781, 335
2026/09/10 07:37:07.411, 0, 12288, 11781, 335
2026/09/10 07:37:07.618, 0, 12288, 11781, 335
2026/09/10 07:37:07.826, 0, 12288, 11781, 335
2026/09/10 07:37:08.034, 0, 12288, 11781, 335
2026/09/10 07:37:08.241, 0, 12288, 11781, 335
2026/09/10 07:37:08.449, 0, 12288, 11781, 335
2026/09/10 07:37:08.657, 0, 12288, 11781, 335
2026/09/10 07:37:08.865, 0, 12288, 11781, 335
2026/09/10 07:37:09.073, 0, 12288, 11781, 335
2026/09/10 07:37:09.281, 0, 12288, 11781, 335
2026/09/10 07:37:09.487, 0, 12288, 11781, 335
2026/09/10 07:37:09.694, 0, 12288, 11781, 335
2026/09/10 07:37:09.900, 0, 12288, 11781, 335
2026/09/10 07:37:10.107, 0, 12288, 11781, 335
2026/09/10 07:37:10.314, 0, 12288, 11781, 335
2026/09/10 07:37:10.521, 0, 12288, 11781, 335
2026/09/10 07:37:10.729, 0, 12288, 11781, 335
2026/09/10 07:37:10.935, 0, 12288, 11781, 335
2026/09/10 07:37:11.142, 0, 12288, 11781, 335
2026/09/10 07:37:11.349, 0, 12288, 11781, 335
2026/09/10 07:37:11.556, 0, 12288, 11781, 335
2026/09/10 07:37:11.763, 0, 12288, 11781, 335
2026/09/10 07:37:11.971, 0, 12288, 11781, 335
2026/09/10 07:37:12.178, 0, 12288, 11781, 335
2026/09/10 07:37:12.386, 0, 12288, 11781, 335
2026/09/10 07:37:12.592, 0, 12288, 11781, 335
2026/09/10 07:37:12.799, 0, 12288, 11781, 335
2026/09/10 07:37:13.005, 0, 12288, 11781, 335
2026/09/10 07:37:13.213, 0, 12288, 11781, 335
2026/09/10 07:37:13.420, 0, 12288, 11781, 335
2026/09/10 07:37:13.628, 0, 12288, 11781, 335
2026/09/10 07:37:13.836, 0, 12288, 11781, 335
2026/09/10 07:37:14.044, 0, 12288, 11781, 335
2026/09/10 07:37:14.251, 0, 12288, 11781, 335
2026/09/10 07:37:14.458, 0, 12288, 11781, 335
2026/09/10 07:37:14.666, 0, 12288, 11781, 335
2026/09/10 07:37:14.874, 0, 12288, 11781, 335
2026/09/10 07:37:15.082, 0, 12288, 11781, 335
2026/09/10 07:37:15.289, 0, 12288, 11781, 335
2026/09/10 07:37:15.497, 0, 12288, 11781, 335
2026/09/10 07:37:15.704, 0, 12288, 11781, 335
2026/09/10 07:37:15.912, 0, 12288, 11781, 335
2026/09/10 07:37:16.117, 0, 12288, 11781, 335
2026/09/10 07:37:16.325, 0, 12288, 11781, 335
2026/09/10 07:37:16.533, 0, 12288, 11781, 335
2026/09/10 07:37:16.740, 0, 12288, 11781, 335
2026/09/10 07:37:16.946, 0, 12288, 11781, 335
2026/09/10 07:37:17.154, 0, 12288, 11781, 335
2026/09/10 07:37:17.362, 0, 12288, 11781, 335
2026/09/10 07:37:17.570, 0, 12288, 11781, 335
2026/09/10 07:37:17.776, 0, 12288, 11781, 335
2026/09/10 07:37:17.982, 0, 12288, 11781, 335
2026/09/10 07:37:18.190, 0, 12288, 11781, 335
2026/09/10 07:37:18.397, 0, 12288, 11781, 335
2026/09/10 07:37:18.605, 0, 12288, 11781, 335
2026/09/10 07:37:18.813, 0, 12288, 11781, 335
2026/09/10 07:37:19.021, 0, 12288, 11781, 335
2026/09/10 07:37:19.229, 0, 12288, 11781, 335
2026/09/10 07:37:19.437, 0, 12288, 11781, 335
2026/09/10 07:37:19.645, 0, 12288, 11781, 335
2026/09/10 07:37:19.852, 0, 12288, 11781, 335
2026/09/10 07:37:20.060, 0, 12288, 11781, 335
2026/09/10 07:37:20.268, 0, 12288, 11781, 335
2026/09/10 07:37:20.476, 0, 12288, 11781, 335
2026/09/10 07:37:20.684, 0, 12288, 11781, 335
2026/09/10 07:37:20.891, 0, 12288, 11781, 335
2026/09/10 07:37:21.099, 0, 12288, 11781, 335
2026/09/10 07:37:21.307, 0, 12288, 11781, 335
2026/09/10 07:37:21.514, 0, 12288, 11781, 335
2026/09/10 07:37:21.722, 0, 12288, 11781, 335
2026/09/10 07:37:21.930, 0, 12288, 11781, 335
2026/09/10 07:37:22.137, 0, 12288, 11781, 335
2026/09/10 07:37:22.343, 0, 12288, 11781, 335
2026/09/10 07:37:22.551, 0, 12288, 11781, 335
2026/09/10 07:37:22.757, 0, 12288, 11781, 335
2026/09/10 07:37:22.965, 0, 12288, 11781, 335
2026/09/10 07:37:23.173, 0, 12288, 11781, 335
2026/09/10 07:37:23.381, 0, 12288, 11781, 335
2026/09/10 07:37:23.589, 0, 12288, 11781, 335
2026/09/10 07:37:23.794, 0, 12288, 11781, 335
2026/09/10 07:37:24.002, 0, 12288, 11781, 335
2026/09/10 07:37:24.209, 0, 12288, 11781, 335
2026/09/10 07:37:24.417, 0, 12288, 11781, 335
2026/09/10 07:37:24.623, 0, 12288, 11781, 335
2026/09/10 07:37:24.831, 0, 12288, 11781, 335
2026/09/10 07:37:25.038, 0, 12288, 11781, 335
2026/09/10 07:37:25.245, 0, 12288, 11781, 335
2026/09/10 07:37:25.452, 0, 12288, 11781, 335
2026/09/10 07:37:25.659, 0, 12288, 11781, 335
2026/09/10 07:37:25.866, 0, 12288, 11781, 335
2026/09/10 07:37:26.074, 0, 12288, 11781, 335
2026/09/10 07:37:26.282, 0, 12288, 11781, 335
2026/09/10 07:37:26.489, 0, 12288, 11781, 335
2026/09/10 07:37:26.697, 0, 12288, 11781, 335
2026/09/10 07:37:26.904, 0, 12288, 11781, 335
2026/09/10 07:37:27.112, 0, 12288, 11781, 335
2026/09/10 07:37:27.320, 0, 12288, 11781, 335
2026/09/10 07:37:27.528, 0, 12288, 11781, 335
2026/09/10 07:37:27.734, 0, 12288, 11781, 335
2026/09/10 07:37:27.942, 0, 12288, 11781, 335
2026/09/10 07:37:28.150, 0, 12288, 11781, 335
2026/09/10 07:37:28.358, 0, 12288, 11781, 335
2026/09/10 07:37:28.565, 0, 12288, 11781, 335
2026/09/10 07:37:28.773, 0, 12288, 11781, 335
2026/09/10 07:37:28.981, 0, 12288, 11781, 335
2026/09/10 07:37:29.188, 0, 12288, 11781, 335
2026/09/10 07:37:29.396, 0, 12288, 11781, 335
2026/09/10 07:37:29.604, 0, 12288, 11781, 335
2026/09/10 07:37:29.812, 0, 12288, 11781, 335
2026/09/10 07:37:30.019, 0, 12288, 11781, 335
2026/09/10 07:37:30.225, 0, 12288, 11781, 335
2026/09/10 07:37:30.432, 0, 12288, 11781, 335
2026/09/10 07:37:30.640, 0, 12288, 11781, 335
2026/09/10 07:37:30.848, 0, 12288, 11781, 335
2026/09/10 07:37:31.055, 0, 12288, 11781, 335
2026/09/10 07:37:31.262, 0, 12288, 11781, 335
2026/09/10 07:37:31.470, 0, 12288, 11781, 335
2026/09/10 07:37:31.677, 0, 12288, 11781, 335
2026/09/10 07:37:31.884, 0, 12288, 11781, 335
2026/09/10 07:37:32.091, 0, 12288, 11781, 335
2026/09/10 07:37:32.299, 0, 12288, 11781, 335
2026/09/10 07:37:32.507, 0, 12288, 11781, 335
2026/09/10 07:37:32.714, 0, 12288, 11781, 335
2026/09/10 07:37:32.922, 0, 12288, 11781, 335
2026/09/10 07:37:33.129, 0, 12288, 11781, 335
2026/09/10 07:37:33.335, 0, 12288, 11781, 335
2026/09/10 07:37:33.541, 0, 12288, 11781, 335
2026/09/10 07:37:33.748, 0, 12288, 11781, 335
2026/09/10 07:37:33.954, 0, 12288, 11781, 335
2026/09/10 07:37:34.162, 0, 12288, 11781, 335
2026/09/10 07:37:34.369, 0, 12288, 11781, 335
2026/09/10 07:37:34.576, 0, 12288, 11781, 335
2026/09/10 07:37:34.783, 0, 12288, 11781, 335
2026/09/10 07:37:34.991, 0, 12288, 11781, 335
2026/09/10 07:37:35.196, 0, 12288, 11781, 335
2026/09/10 07:37:35.403, 0, 12288, 11781, 335
2026/09/10 07:37:35.611, 0, 12288, 11781, 335
2026/09/10 07:37:35.817, 0, 12288, 11781, 335
2026/09/10 07:37:36.023, 0, 12288, 11781, 335
2026/09/10 07:37:36.231, 0, 12288, 11781, 335
2026/09/10 07:37:36.439, 0, 12288, 11781, 335
2026/09/10 07:37:36.647, 0, 12288, 11781, 335
2026/09/10 07:37:36.854, 0, 12288, 11781, 335
2026/09/10 07:37:37.060, 0, 12288, 11781, 335
2026/09/10 07:37:37.268, 0, 12288, 11781, 335
2026/09/10 07:37:37.475, 0, 12288, 11781, 335
2026/09/10 07:37:37.682, 0, 12288, 11781, 335
2026/09/10 07:37:37.889, 0, 12288, 11781, 335
2026/09/10 07:37:38.096, 0, 12288, 11781, 335
2026/09/10 07:37:38.304, 0, 12288, 11781, 335
2026/09/10 07:37:38.511, 0, 12288, 11781, 335
2026/09/10 07:37:38.718, 0, 12288, 11781, 335
2026/09/10 07:37:38.926, 0, 12288, 11781, 335
2026/09/10 07:37:39.134, 0, 12288, 11781, 335
2026/09/10 07:37:39.341, 0, 12288, 11781, 335
2026/09/10 07:37:39.549, 0, 12288, 11781, 335
2026/09/10 07:37:39.757, 0, 12288, 11781, 335
2026/09/10 07:37:39.964, 0, 12288, 11781, 335
2026/09/10 07:37:40.171, 0, 12288, 11781, 335
2026/09/10 07:37:40.378, 0, 12288, 11781, 335
2026/09/10 07:37:40.586, 0, 12288, 11781, 335
2026/09/10 07:37:40.794, 0, 12288, 11781, 335
2026/09/10 07:37:41.001, 0, 12288, 11781, 335
2026/09/10 07:37:41.208, 0, 12288, 11781, 335
2026/09/10 07:37:41.416, 0, 12288, 11781, 335
2026/09/10 07:37:41.624, 0, 12288, 11781, 335
2026/09/10 07:37:41.832, 0, 12288, 11781, 335
2026/09/10 07:37:42.040, 0, 12288, 11781, 335
2026/09/10 07:37:42.248, 0, 12288, 11781, 335
2026/09/10 07:37:42.455, 0, 12288, 11781, 335
2026/09/10 07:37:42.663, 0, 12288, 11781, 335
2026/09/10 07:37:42.870, 0, 12288, 11781, 335
2026/09/10 07:37:43.078, 0, 12288, 11781, 335
2026/09/10 07:37:43.285, 0, 12288, 11781, 335
2026/09/10 07:37:43.493, 0, 12288, 11781, 335
2026/09/10 07:37:43.701, 0, 12288, 11781, 335
2026/09/10 07:37:43.909, 0, 12288, 11781, 335
2026/09/10 07:37:44.116, 0, 12288, 11781, 335
2026/09/10 07:37:44.323, 0, 12288, 11781, 335
2026/09/10 07:37:44.531, 0, 12288, 11781, 335
2026/09/10 07:37:44.739, 0, 12288, 11781, 335
2026/09/10 07:37:44.947, 0, 12288, 11781, 335
2026/09/10 07:37:45.155, 0, 12288, 11781, 335
2026/09/10 07:37:45.362, 0, 12288, 11781, 335
2026/09/10 07:37:45.568, 0, 12288, 11781, 335
2026/09/10 07:37:45.777, 0, 12288, 11781, 335
2026/09/10 07:37:45.985, 0, 12288, 11781, 335
2026/09/10 07:37:46.192, 0, 12288, 11781, 335
2026/09/10 07:37:46.399, 0, 12288, 11781, 335
2026/09/10 07:37:46.606, 0, 12288, 11781, 335
2026/09/10 07:37:46.813, 0, 12288, 11781, 335
2026/09/10 07:37:47.021, 0, 12288, 11781, 335
2026/09/10 07:37:47.229, 0, 12288, 11781, 335
2026/09/10 07:37:47.433, 0, 12288, 11781, 335
2026/09/10 07:37:47.638, 0, 12288, 11781, 335
2026/09/10 07:37:47.845, 0, 12288, 11781, 335
2026/09/10 07:37:48.053, 0, 12288, 11781, 335
2026/09/10 07:37:48.260, 0, 12288, 11781, 335
2026/09/10 07:37:48.468, 0, 12288, 11781, 335
2026/09/10 07:37:48.675, 0, 12288, 11781, 335
2026/09/10 07:37:48.883, 0, 12288, 11781, 335
2026/09/10 07:37:49.090, 0, 12288, 11781, 335
2026/09/10 07:37:49.297, 0, 12288, 11781, 335
2026/09/10 07:37:49.505, 0, 12288, 11781, 335
2026/09/10 07:37:49.728, 0, 12288, 11781, 335
2026/09/10 07:37:49.934, 0, 12288, 11781, 335
2026/09/10 07:37:50.142, 0, 12288, 11781, 335
2026/09/10 07:37:50.349, 0, 12288, 11781, 335
2026/09/10 07:37:50.557, 0, 12288, 11781, 335
2026/09/10 07:37:50.765, 0, 12288, 11781, 335
2026/09/10 07:37:50.971, 0, 12288, 11781, 335
2026/09/10 07:37:51.178, 0, 12288, 11781, 335
2026/09/10 07:37:51.386, 0, 12288, 11781, 335
2026/09/10 07:37:51.594, 0, 12288, 11781, 335
2026/09/10 07:37:51.802, 0, 12288, 11781, 335
2026/09/10 07:37:52.010, 0, 12288, 11781, 335
2026/09/10 07:37:52.218, 0, 12288, 11781, 335
2026/09/10 07:37:52.439, 0, 12288, 11781, 335
2026/09/10 07:37:52.645, 0, 12288, 11781, 335
2026/09/10 07:37:52.851, 0, 12288, 11781, 335
2026/09/10 07:37:53.059, 0, 12288, 11781, 335
2026/09/10 07:37:53.266, 0, 12288, 11781, 335
2026/09/10 07:37:53.474, 0, 12288, 11781, 335
2026/09/10 07:37:53.680, 0, 12288, 11781, 335
2026/09/10 07:37:53.887, 0, 12288, 11781, 335
2026/09/10 07:37:54.094, 0, 12288, 11781, 335
2026/09/10 07:37:54.302, 0, 12288, 11781, 335
2026/09/10 07:37:54.510, 0, 12288, 11781, 335
2026/09/10 07:37:54.718, 0, 12288, 11781, 335
2026/09/10 07:37:54.925, 0, 12288, 11781, 335
2026/09/10 07:37:55.133, 0, 12288, 11781, 335
2026/09/10 07:37:55.339, 0, 12288, 11781, 335
2026/09/10 07:37:55.545, 0, 12288, 11781, 335
2026/09/10 07:37:55.752, 0, 12288, 11781, 335
2026/09/10 07:37:55.959, 0, 12288, 11781, 335
2026/09/10 07:37:56.167, 0, 12288, 11781, 335
2026/09/10 07:37:56.374, 0, 12288, 11781, 335
2026/09/10 07:37:56.581, 0, 12288, 11781, 335
2026/09/10 07:37:56.789, 0, 12288, 11781, 335
2026/09/10 07:37:56.997, 0, 12288, 11781, 335
2026/09/10 07:37:57.202, 0, 12288, 11781, 335
2026/09/10 07:37:57.410, 0, 12288, 11781, 335
2026/09/10 07:37:57.618, 0, 12288, 11781, 335
2026/09/10 07:37:57.825, 0, 12288, 11781, 335
2026/09/10 07:37:58.031, 0, 12288, 11781, 335
2026/09/10 07:37:58.238, 0, 12288, 11781, 335
2026/09/10 07:37:58.446, 0, 12288, 11781, 335
2026/09/10 07:37:58.652, 0, 12288, 11781, 335
2026/09/10 07:37:58.859, 0, 12288, 11781, 335
2026/09/10 07:37:59.067, 0, 12288, 11781, 335
2026/09/10 07:37:59.275, 0, 12288, 11781, 335
2026/09/10 07:37:59.482, 0, 12288, 11781, 335
2026/09/10 07:37:59.690, 0, 12288, 11781, 335
2026/09/10 07:37:59.898, 0, 12288, 11781, 335
2026/09/10 07:38:00.106, 0, 12288, 11781, 335
2026/09/10 07:38:00.312, 0, 12288, 11781, 335
2026/09/10 07:38:00.519, 0, 12288, 11781, 335
2026/09/10 07:38:00.728, 0, 12288, 11781, 335
2026/09/10 07:38:00.935, 0, 12288, 11781, 335
2026/09/10 07:38:01.142, 0, 12288, 11781, 335
2026/09/10 07:38:01.350, 0, 12288, 11781, 335
2026/09/10 07:38:01.557, 0, 12288, 11781, 335
2026/09/10 07:38:01.765, 0, 12288, 11781, 335
2026/09/10 07:38:01.989, 0, 12288, 11781, 335
2026/09/10 07:38:02.196, 0, 12288, 11781, 335
2026/09/10 07:38:02.403, 0, 12288, 11781, 335
2026/09/10 07:38:02.611, 0, 12288, 11781, 335
2026/09/10 07:38:02.817, 0, 12288, 11781, 335
2026/09/10 07:38:03.024, 0, 12288, 11781, 335
2026/09/10 07:38:03.232, 0, 12288, 11781, 335
2026/09/10 07:38:03.440, 0, 12288, 11781, 335
2026/09/10 07:38:03.648, 0, 12288, 11781, 335
2026/09/10 07:38:03.856, 0, 12288, 11781, 335
2026/09/10 07:38:04.062, 0, 12288, 11781, 335
2026/09/10 07:38:04.270, 0, 12288, 11781, 335
2026/09/10 07:38:04.477, 0, 12288, 11781, 335
2026/09/10 07:38:04.684, 0, 12288, 11781, 335
2026/09/10 07:38:04.891, 0, 12288, 11781, 335
2026/09/10 07:38:05.098, 0, 12288, 11781, 335
2026/09/10 07:38:05.305, 0, 12288, 11781, 335
2026/09/10 07:38:05.513, 0, 12288, 11781, 335
2026/09/10 07:38:05.721, 0, 12288, 11781, 335
2026/09/10 07:38:05.928, 0, 12288, 11781, 335
2026/09/10 07:38:06.136, 0, 12288, 11781, 335
2026/09/10 07:38:06.343, 0, 12288, 11781, 335
2026/09/10 07:38:06.551, 0, 12288, 11781, 335
2026/09/10 07:38:06.759, 0, 12288, 11781, 335
2026/09/10 07:38:06.966, 0, 12288, 11781, 335
2026/09/10 07:38:07.174, 0, 12288, 11781, 335
2026/09/10 07:38:07.381, 0, 12288, 11781, 335
2026/09/10 07:38:07.586, 0, 12288, 11781, 335
2026/09/10 07:38:07.794, 0, 12288, 11781, 335
2026/09/10 07:38:08.000, 0, 12288, 11781, 335
2026/09/10 07:38:08.208, 0, 12288, 11781, 335
2026/09/10 07:38:08.416, 0, 12288, 11781, 335
2026/09/10 07:38:08.622, 0, 12288, 11781, 335
2026/09/10 07:38:08.830, 0, 12288, 11781, 335
2026/09/10 07:38:09.037, 0, 12288, 11781, 335
2026/09/10 07:38:09.245, 0, 12288, 11781, 335
2026/09/10 07:38:09.451, 0, 12288, 11781, 335
2026/09/10 07:38:09.659, 0, 12288, 11781, 335
2026/09/10 07:38:09.867, 0, 12288, 11781, 335
2026/09/10 07:38:10.075, 0, 12288, 11781, 335
2026/09/10 07:38:10.283, 0, 12288, 11781, 335
2026/09/10 07:38:10.489, 0, 12288, 11781, 335
2026/09/10 07:38:10.695, 0, 12288, 11781, 335
2026/09/10 07:38:10.902, 0, 12288, 11781, 335
2026/09/10 07:38:11.109, 0, 12288, 11781, 335
2026/09/10 07:38:11.317, 0, 12288, 11781, 335
2026/09/10 07:38:11.524, 0, 12288, 11781, 335
2026/09/10 07:38:11.730, 0, 12288, 11781, 335
2026/09/10 07:38:11.939, 0, 12288, 11781, 335
2026/09/10 07:38:12.147, 0, 12288, 11781, 335
2026/09/10 07:38:12.354, 0, 12288, 11781, 335
2026/09/10 07:38:12.562, 0, 12288, 11781, 335
2026/09/10 07:38:12.769, 0, 12288, 11781, 335
2026/09/10 07:38:12.976, 0, 12288, 11781, 335
2026/09/10 07:38:13.184, 0, 12288, 11781, 335
2026/09/10 07:38:13.391, 0, 12288, 11781, 335
2026/09/10 07:38:13.599, 0, 12288, 11781, 335
2026/09/10 07:38:13.807, 0, 12288, 11781, 335
2026/09/10 07:38:14.014, 0, 12288, 11781, 335
2026/09/10 07:38:14.222, 0, 12288, 11781, 335
2026/09/10 07:38:14.430, 0, 12288, 11781, 335
2026/09/10 07:38:14.637, 0, 12288, 11781, 335
2026/09/10 07:38:14.845, 0, 12288, 11781, 335
2026/09/10 07:38:15.053, 0, 12288, 11781, 335
2026/09/10 07:38:15.260, 0, 12288, 11781, 335
2026/09/10 07:38:15.466, 0, 12288, 11781, 335
2026/09/10 07:38:15.672, 0, 12288, 11781, 335
2026/09/10 07:38:15.880, 0, 12288, 11781, 335
2026/09/10 07:38:16.087, 0, 12288, 11781, 335
2026/09/10 07:38:16.294, 0, 12288, 11781, 335
2026/09/10 07:38:16.501, 0, 12288, 11781, 335
2026/09/10 07:38:16.710, 0, 12288, 11781, 335
2026/09/10 07:38:16.917, 0, 12288, 11781, 335
2026/09/10 07:38:17.123, 0, 12288, 11781, 335
2026/09/10 07:38:17.330, 0, 12288, 11781, 335
2026/09/10 07:38:17.538, 0, 12288, 11781, 335
2026/09/10 07:38:17.746, 0, 12288, 11781, 335
2026/09/10 07:38:17.953, 0, 12288, 11781, 335
2026/09/10 07:38:18.160, 0, 12288, 11781, 335
2026/09/10 07:38:18.368, 0, 12288, 11781, 335
2026/09/10 07:38:18.576, 0, 12288, 11781, 335
2026/09/10 07:38:18.783, 0, 12288, 11781, 335
2026/09/10 07:38:18.991, 0, 12288, 11781, 335
2026/09/10 07:38:19.199, 0, 12288, 11781, 335
2026/09/10 07:38:19.406, 0, 12288, 11781, 335
2026/09/10 07:38:19.613, 0, 12288, 11781, 335
2026/09/10 07:38:19.820, 0, 12288, 11781, 335
2026/09/10 07:38:20.028, 0, 12288, 11781, 335
2026/09/10 07:38:20.234, 0, 12288, 11781, 335
2026/09/10 07:38:20.442, 0, 12288, 11781, 335
2026/09/10 07:38:20.650, 0, 12288, 11781, 335
2026/09/10 07:38:20.858, 0, 12288, 11781, 335
2026/09/10 07:38:21.065, 0, 12288, 11781, 335
2026/09/10 07:38:21.273, 0, 12288, 11781, 335
2026/09/10 07:38:21.481, 0, 12288, 11781, 335
2026/09/10 07:38:21.689, 0, 12288, 11781, 335
2026/09/10 07:38:21.897, 0, 12288, 11781, 335
2026/09/10 07:38:22.104, 0, 12288, 11781, 335
2026/09/10 07:38:22.310, 0, 12288, 11781, 335
2026/09/10 07:38:22.516, 0, 12288, 11781, 335
2026/09/10 07:38:22.722, 0, 12288, 11781, 335
2026/09/10 07:38:22.930, 0, 12288, 11781, 335
2026/09/10 07:38:23.138, 0, 12288, 11781, 335
2026/09/10 07:38:23.346, 0, 12288, 11781, 335
2026/09/10 07:38:23.553, 0, 12288, 11781, 335
2026/09/10 07:38:23.760, 0, 12288, 11781, 335
2026/09/10 07:38:23.967, 0, 12288, 11781, 335
2026/09/10 07:38:24.175, 0, 12288, 11781, 335
2026/09/10 07:38:24.382, 0, 12288, 11781, 335
2026/09/10 07:38:24.590, 0, 12288, 11781, 335
2026/09/10 07:38:24.798, 0, 12288, 11781, 335
2026/09/10 07:38:25.004, 0, 12288, 11781, 335
2026/09/10 07:38:25.212, 0, 12288, 11781, 335
2026/09/10 07:38:25.419, 0, 12288, 11781, 335
2026/09/10 07:38:25.627, 0, 12288, 11781, 335
2026/09/10 07:38:25.834, 0, 12288, 11781, 335
2026/09/10 07:38:26.041, 0, 12288, 11781, 335
2026/09/10 07:38:26.248, 0, 12288, 11781, 335
2026/09/10 07:38:26.455, 0, 12288, 11781, 335
2026/09/10 07:38:26.662, 0, 12288, 11781, 335
2026/09/10 07:38:26.870, 0, 12288, 11781, 335
2026/09/10 07:38:27.076, 0, 12288, 11781, 335
2026/09/10 07:38:27.283, 0, 12288, 11781, 335
2026/09/10 07:38:27.491, 0, 12288, 11781, 335
2026/09/10 07:38:27.697, 0, 12288, 11781, 335
2026/09/10 07:38:27.904, 0, 12288, 11781, 335
2026/09/10 07:38:28.110, 0, 12288, 11781, 335
2026/09/10 07:38:28.318, 0, 12288, 11781, 335
2026/09/10 07:38:28.525, 0, 12288, 11781, 335
2026/09/10 07:38:28.733, 0, 12288, 11781, 335
2026/09/10 07:38:28.941, 0, 12288, 11781, 335
2026/09/10 07:38:29.149, 0, 12288, 11781, 335
2026/09/10 07:38:29.355, 0, 12288, 11781, 335
2026/09/10 07:38:29.562, 0, 12288, 11781, 335
2026/09/10 07:38:29.770, 0, 12288, 11781, 335
2026/09/10 07:38:29.978, 0, 12288, 11781, 335
2026/09/10 07:38:30.186, 0, 12288, 11781, 335
2026/09/10 07:38:30.393, 0, 12288, 11781, 335
2026/09/10 07:38:30.615, 0, 12288, 11781, 335
2026/09/10 07:38:30.821, 0, 12288, 11781, 335
2026/09/10 07:38:31.029, 0, 12288, 11781, 335
2026/09/10 07:38:31.237, 0, 12288, 11781, 335
2026/09/10 07:38:31.445, 0, 12288, 11781, 335
2026/09/10 07:38:31.653, 0, 12288, 11781, 335
2026/09/10 07:38:31.860, 0, 12288, 11781, 335
2026/09/10 07:38:32.064, 0, 12288, 11781, 335
2026/09/10 07:38:32.272, 0, 12288, 11781, 335
2026/09/10 07:38:32.479, 0, 12288, 11781, 335
2026/09/10 07:38:32.687, 0, 12288, 11781, 335
2026/09/10 07:38:32.894, 0, 12288, 11781, 335
2026/09/10 07:38:33.102, 0, 12288, 11781, 335
2026/09/10 07:38:33.306, 0, 12288, 11781, 335
2026/09/10 07:38:33.514, 0, 12288, 11781, 335
2026/09/10 07:38:33.722, 0, 12288, 11781, 335
2026/09/10 07:38:33.930, 0, 12288, 11781, 335
2026/09/10 07:38:34.138, 0, 12288, 11781, 335
2026/09/10 07:38:34.345, 0, 12288, 11781, 335
2026/09/10 07:38:34.552, 0, 12288, 11781, 335
2026/09/10 07:38:34.760, 0, 12288, 11781, 335
2026/09/10 07:38:34.967, 0, 12288, 11781, 335
2026/09/10 07:38:35.174, 0, 12288, 11781, 335
2026/09/10 07:38:35.382, 0, 12288, 11781, 335
2026/09/10 07:38:35.589, 0, 12288, 11781, 335
2026/09/10 07:38:35.797, 0, 12288, 11781, 335
2026/09/10 07:38:36.004, 0, 12288, 11781, 335
2026/09/10 07:38:36.212, 0, 12288, 11781, 335
2026/09/10 07:38:36.419, 0, 12288, 11781, 335
2026/09/10 07:38:36.627, 0, 12288, 11781, 335
2026/09/10 07:38:36.835, 0, 12288, 11781, 335
2026/09/10 07:38:37.042, 0, 12288, 11781, 335
2026/09/10 07:38:37.248, 0, 12288, 11781, 335
2026/09/10 07:38:37.455, 0, 12288, 11781, 335
2026/09/10 07:38:37.663, 0, 12288, 11781, 335
2026/09/10 07:38:37.871, 0, 12288, 11781, 335
2026/09/10 07:38:38.078, 0, 12288, 11781, 335
2026/09/10 07:38:38.285, 0, 12288, 11781, 335
2026/09/10 07:38:38.493, 0, 12288, 11781, 335
2026/09/10 07:38:38.701, 0, 12288, 11781, 335
2026/09/10 07:38:38.908, 0, 12288, 11781, 335
2026/09/10 07:38:39.116, 0, 12288, 11781, 335
2026/09/10 07:38:39.324, 0, 12288, 11781, 335
2026/09/10 07:38:39.532, 0, 12288, 11781, 335
2026/09/10 07:38:39.740, 0, 12288, 11781, 335
2026/09/10 07:38:39.948, 0, 12288, 11781, 335
2026/09/10 07:38:40.156, 0, 12288, 11781, 335
2026/09/10 07:38:40.363, 0, 12288, 11781, 335
2026/09/10 07:38:40.571, 0, 12288, 11781, 335
2026/09/10 07:38:40.779, 0, 12288, 11781, 335
2026/09/10 07:38:40.986, 0, 12288, 11781, 335
2026/09/10 07:38:41.194, 0, 12288, 11781, 335
2026/09/10 07:38:41.401, 0, 12288, 11781, 335
2026/09/10 07:38:41.609, 0, 12288, 11781, 335
2026/09/10 07:38:41.817, 0, 12288, 11781, 335
2026/09/10 07:38:42.025, 0, 12288, 11781, 335
2026/09/10 07:38:42.233, 0, 12288, 11781, 335
2026/09/10 07:38:42.440, 0, 12288, 11781, 335
2026/09/10 07:38:42.646, 0, 12288, 11781, 335
2026/09/10 07:38:42.851, 0, 12288, 11781, 335
2026/09/10 07:38:43.059, 0, 12288, 11781, 335
2026/09/10 07:38:43.267, 0, 12288, 11781, 335
2026/09/10 07:38:43.475, 0, 12288, 11781, 335
2026/09/10 07:38:43.682, 0, 12288, 11781, 335
2026/09/10 07:38:43.890, 0, 12288, 11781, 335
2026/09/10 07:38:44.096, 0, 12288, 11781, 335
2026/09/10 07:38:44.304, 0, 12288, 11781, 335
2026/09/10 07:38:44.511, 0, 12288, 11781, 335
2026/09/10 07:38:44.719, 0, 12288, 11781, 335
2026/09/10 07:38:44.926, 0, 12288, 11781, 335
2026/09/10 07:38:45.134, 0, 12288, 11781, 335
2026/09/10 07:38:45.342, 0, 12288, 11781, 335
2026/09/10 07:38:45.550, 0, 12288, 11781, 335
2026/09/10 07:38:45.757, 0, 12288, 11781, 335
2026/09/10 07:38:45.965, 0, 12288, 11781, 335
2026/09/10 07:38:46.172, 0, 12288, 11781, 335
2026/09/10 07:38:46.378, 0, 12288, 11781, 335
2026/09/10 07:38:46.585, 0, 12288, 11781, 335
2026/09/10 07:38:46.791, 0, 12288, 11781, 335
2026/09/10 07:38:46.999, 0, 12288, 11781, 335
2026/09/10 07:38:47.207, 0, 12288, 11781, 335
2026/09/10 07:38:47.413, 0, 12288, 11781, 335
2026/09/10 07:38:47.621, 0, 12288, 11781, 335
2026/09/10 07:38:47.829, 0, 12288, 11781, 335
2026/09/10 07:38:48.037, 0, 12288, 11781, 335
2026/09/10 07:38:48.245, 0, 12288, 11781, 335
2026/09/10 07:38:48.450, 0, 12288, 11781, 335
2026/09/10 07:38:48.657, 0, 12288, 11781, 335
2026/09/10 07:38:48.863, 0, 12288, 11781, 335
2026/09/10 07:38:49.070, 0, 12288, 11781, 335
2026/09/10 07:38:49.277, 0, 12288, 11781, 335
2026/09/10 07:38:49.485, 0, 12288, 11781, 335
2026/09/10 07:38:49.708, 0, 12288, 11781, 335
2026/09/10 07:38:49.915, 0, 12288, 11781, 335
2026/09/10 07:38:50.123, 0, 12288, 11781, 335
2026/09/10 07:38:50.330, 0, 12288, 11781, 335
2026/09/10 07:38:50.538, 0, 12288, 11781, 335
2026/09/10 07:38:50.745, 0, 12288, 11781, 335
2026/09/10 07:38:50.952, 0, 12288, 11781, 335
2026/09/10 07:38:51.160, 0, 12288, 11781, 335
2026/09/10 07:38:51.367, 0, 12288, 11781, 335
2026/09/10 07:38:51.573, 0, 12288, 11781, 335
2026/09/10 07:38:51.781, 0, 12288, 11781, 335
2026/09/10 07:38:51.989, 0, 12288, 11781, 335
2026/09/10 07:38:52.196, 0, 12288, 11781, 335
2026/09/10 07:38:52.402, 0, 12288, 11781, 335
2026/09/10 07:38:52.609, 0, 12288, 11781, 335
2026/09/10 07:38:52.816, 0, 12288, 11781, 335
2026/09/10 07:38:53.024, 0, 12288, 11781, 335
2026/09/10 07:38:53.232, 0, 12288, 11781, 335
2026/09/10 07:38:53.439, 0, 12288, 11781, 335
2026/09/10 07:38:53.646, 0, 12288, 11781, 335
2026/09/10 07:38:53.853, 0, 12288, 11781, 335
2026/09/10 07:38:54.060, 0, 12288, 11781, 335
2026/09/10 07:38:54.267, 0, 12288, 11781, 335
2026/09/10 07:38:54.474, 0, 12288, 11781, 335
2026/09/10 07:38:54.682, 0, 12288, 11781, 335
2026/09/10 07:38:54.890, 0, 12288, 11781, 335
2026/09/10 07:38:55.097, 0, 12288, 11781, 335
2026/09/10 07:38:55.304, 0, 12288, 11781, 335
2026/09/10 07:38:55.510, 0, 12288, 11781, 335
2026/09/10 07:38:55.717, 0, 12288, 11781, 335
2026/09/10 07:38:55.925, 0, 12288, 11781, 335
2026/09/10 07:38:56.133, 0, 12288, 11781, 335
2026/09/10 07:38:56.341, 0, 12288, 11781, 335
2026/09/10 07:38:56.548, 0, 12288, 11781, 335
2026/09/10 07:38:56.756, 0, 12288, 11781, 335
2026/09/10 07:38:56.965, 0, 12288, 11781, 335
2026/09/10 07:38:57.171, 0, 12288, 11781, 335
2026/09/10 07:38:57.378, 0, 12288, 11781, 335
2026/09/10 07:38:57.585, 0, 12288, 11781, 335
2026/09/10 07:38:57.793, 0, 12288, 11781, 335
2026/09/10 07:38:58.000, 0, 12288, 11781, 335
2026/09/10 07:38:58.208, 0, 12288, 11781, 335
2026/09/10 07:38:58.416, 0, 12288, 11781, 335
2026/09/10 07:38:58.623, 0, 12288, 11781, 335
2026/09/10 07:38:58.830, 0, 12288, 11781, 335
2026/09/10 07:38:59.037, 0, 12288, 11781, 335
2026/09/10 07:38:59.245, 0, 12288, 11781, 335
2026/09/10 07:38:59.450, 0, 12288, 11781, 335
2026/09/10 07:38:59.658, 0, 12288, 11781, 335
2026/09/10 07:38:59.865, 0, 12288, 11781, 335
2026/09/10 07:39:00.073, 0, 12288, 11781, 335
2026/09/10 07:39:00.281, 0, 12288, 11781, 335
2026/09/10 07:39:00.488, 0, 12288, 11781, 335
2026/09/10 07:39:00.696, 0, 12288, 11781, 335
2026/09/10 07:39:00.904, 0, 12288, 11781, 335
2026/09/10 07:39:01.112, 0, 12288, 11781, 335
2026/09/10 07:39:01.319, 0, 12288, 11781, 335
2026/09/10 07:39:01.527, 0, 12288, 11781, 335
2026/09/10 07:39:01.735, 0, 12288, 11781, 335
2026/09/10 07:39:01.942, 0, 12288, 11781, 335
2026/09/10 07:39:02.150, 0, 12288, 11781, 335
2026/09/10 07:39:02.357, 0, 12288, 11781, 335
2026/09/10 07:39:02.563, 0, 12288, 11781, 335
2026/09/10 07:39:02.769, 0, 12288, 11781, 335
2026/09/10 07:39:02.977, 0, 12288, 11781, 335
2026/09/10 07:39:03.184, 0, 12288, 11781, 335
2026/09/10 07:39:03.390, 0, 12288, 11781, 335
2026/09/10 07:39:03.598, 0, 12288, 11781, 335
2026/09/10 07:39:03.806, 0, 12288, 11781, 335
2026/09/10 07:39:04.014, 0, 12288, 11781, 335
2026/09/10 07:39:04.222, 0, 12288, 11781, 335
2026/09/10 07:39:04.429, 0, 12288, 11781, 335
2026/09/10 07:39:04.636, 0, 12288, 11781, 335
2026/09/10 07:39:04.843, 0, 12288, 11781, 335
2026/09/10 07:39:05.050, 0, 12288, 11781, 335
2026/09/10 07:39:05.258, 0, 12288, 11781, 335
2026/09/10 07:39:05.466, 0, 12288, 11781, 335
2026/09/10 07:39:05.674, 0, 12288, 11781, 335
2026/09/10 07:39:05.881, 0, 12288, 11781, 335
2026/09/10 07:39:06.089, 0, 12288, 11781, 335
2026/09/10 07:39:06.296, 0, 12288, 11781, 335
2026/09/10 07:39:06.503, 0, 12288, 11781, 335
2026/09/10 07:39:06.710, 0, 12288, 11781, 335
2026/09/10 07:39:06.917, 0, 12288, 11781, 335
2026/09/10 07:39:07.125, 0, 12288, 11781, 335
2026/09/10 07:39:07.331, 0, 12288, 11781, 335
2026/09/10 07:39:07.536, 0, 12288, 11781, 335
2026/09/10 07:39:07.743, 0, 12288, 11781, 335
2026/09/10 07:39:07.951, 0, 12288, 11781, 335
2026/09/10 07:39:08.157, 0, 12288, 11781, 335
2026/09/10 07:39:08.365, 0, 12288, 11781, 335
2026/09/10 07:39:08.573, 0, 12288, 11781, 335
2026/09/10 07:39:08.781, 0, 12288, 11781, 335
2026/09/10 07:39:08.987, 0, 12288, 11781, 335
2026/09/10 07:39:09.195, 0, 12288, 11781, 335
2026/09/10 07:39:09.402, 0, 12288, 11781, 335
2026/09/10 07:39:09.609, 0, 12288, 11781, 335
2026/09/10 07:39:09.817, 0, 12288, 11781, 335
2026/09/10 07:39:10.023, 0, 12288, 11781, 335
2026/09/10 07:39:10.230, 0, 12288, 11781, 335
2026/09/10 07:39:10.438, 0, 12288, 11781, 335
2026/09/10 07:39:10.645, 0, 12288, 11781, 335
2026/09/10 07:39:10.853, 0, 12288, 11781, 335
2026/09/10 07:39:11.061, 0, 12288, 11781, 335
2026/09/10 07:39:11.268, 0, 12288, 11781, 335
2026/09/10 07:39:11.475, 0, 12288, 11781, 335
2026/09/10 07:39:11.682, 0, 12288, 11781, 335
2026/09/10 07:39:11.889, 0, 12288, 11781, 335
2026/09/10 07:39:12.097, 0, 12288, 11781, 335
2026/09/10 07:39:12.305, 0, 12288, 11781, 335
2026/09/10 07:39:12.512, 0, 12288, 11781, 335
2026/09/10 07:39:12.718, 0, 12288, 11781, 335
2026/09/10 07:39:12.926, 0, 12288, 11781, 335
2026/09/10 07:39:13.133, 0, 12288, 11781, 335
2026/09/10 07:39:13.340, 0, 12288, 11781, 335
2026/09/10 07:39:13.548, 0, 12288, 11781, 335
2026/09/10 07:39:13.755, 0, 12288, 11781, 335
2026/09/10 07:39:13.963, 0, 12288, 11781, 335
2026/09/10 07:39:14.171, 0, 12288, 11781, 335
2026/09/10 07:39:14.377, 0, 12288, 11781, 335
2026/09/10 07:39:14.584, 0, 12288, 11781, 335
2026/09/10 07:39:14.791, 0, 12288, 11781, 335
2026/09/10 07:39:14.999, 0, 12288, 11781, 335
2026/09/10 07:39:15.206, 0, 12288, 11781, 335
2026/09/10 07:39:15.412, 0, 12288, 11781, 335
2026/09/10 07:39:15.619, 0, 12288, 11781, 335
2026/09/10 07:39:15.827, 0, 12288, 11781, 335
2026/09/10 07:39:16.034, 0, 12288, 11781, 335
2026/09/10 07:39:16.241, 0, 12288, 11781, 335
2026/09/10 07:39:16.449, 0, 12288, 11781, 335
2026/09/10 07:39:16.655, 0, 12288, 11781, 335
2026/09/10 07:39:16.862, 0, 12288, 11781, 335
2026/09/10 07:39:17.068, 0, 12288, 11781, 335
2026/09/10 07:39:17.276, 0, 12288, 11781, 335
2026/09/10 07:39:17.481, 0, 12288, 11781, 335
2026/09/10 07:39:17.689, 0, 12288, 11781, 335
2026/09/10 07:39:17.897, 0, 12288, 11781, 335
2026/09/10 07:39:18.105, 0, 12288, 11781, 335
2026/09/10 07:39:18.311, 0, 12288, 11781, 335
2026/09/10 07:39:18.519, 0, 12288, 11781, 335
2026/09/10 07:39:18.727, 0, 12288, 11781, 335
2026/09/10 07:39:18.933, 0, 12288, 11781, 335
2026/09/10 07:39:19.141, 0, 12288, 11781, 335
2026/09/10 07:39:19.348, 0, 12288, 11781, 335
2026/09/10 07:39:19.554, 0, 12288, 11781, 335
2026/09/10 07:39:19.762, 0, 12288, 11781, 335
2026/09/10 07:39:19.970, 0, 12288, 11781, 335
2026/09/10 07:39:20.178, 0, 12288, 11781, 335
2026/09/10 07:39:20.386, 0, 12288, 11781, 335
2026/09/10 07:39:20.593, 0, 12288, 11781, 335
2026/09/10 07:39:20.800, 0, 12288, 11781, 335
2026/09/10 07:39:21.007, 0, 12288, 11781, 335
2026/09/10 07:39:21.214, 0, 12288, 11781, 335
2026/09/10 07:39:21.421, 0, 12288, 11781, 335
2026/09/10 07:39:21.628, 0, 12288, 11781, 335
2026/09/10 07:39:21.836, 0, 12288, 11781, 335
2026/09/10 07:39:22.044, 0, 12288, 11781, 335
2026/09/10 07:39:22.251, 0, 12288, 11781, 335
2026/09/10 07:39:22.458, 0, 12288, 11781, 335
2026/09/10 07:39:22.666, 0, 12288, 11781, 335
2026/09/10 07:39:22.873, 0, 12288, 11781, 335
2026/09/10 07:39:23.081, 0, 12288, 11781, 335
2026/09/10 07:39:23.289, 0, 12288, 11781, 335
2026/09/10 07:39:23.496, 0, 12288, 11781, 335
2026/09/10 07:39:23.703, 0, 12288, 11781, 335
2026/09/10 07:39:23.911, 0, 12288, 11781, 335
2026/09/10 07:39:24.118, 0, 12288, 11781, 335
2026/09/10 07:39:24.326, 0, 12288, 11781, 335
2026/09/10 07:39:24.532, 0, 12288, 11781, 335
2026/09/10 07:39:24.739, 0, 12288, 11781, 335
2026/09/10 07:39:24.945, 0, 12288, 11781, 335
2026/09/10 07:39:25.152, 0, 12288, 11781, 335
2026/09/10 07:39:25.357, 0, 12288, 11781, 335
2026/09/10 07:39:25.563, 0, 12288, 11781, 335
2026/09/10 07:39:25.771, 0, 12288, 11781, 335
2026/09/10 07:39:25.979, 0, 12288, 11781, 335
2026/09/10 07:39:26.186, 0, 12288, 11781, 335
2026/09/10 07:39:26.393, 0, 12288, 11781, 335
2026/09/10 07:39:26.601, 0, 12288, 11781, 335
2026/09/10 07:39:26.809, 0, 12288, 11781, 335
2026/09/10 07:39:27.016, 0, 12288, 11781, 335
2026/09/10 07:39:27.223, 0, 12288, 11781, 335
2026/09/10 07:39:27.431, 0, 12288, 11781, 335
2026/09/10 07:39:27.638, 0, 12288, 11781, 335
2026/09/10 07:39:27.844, 0, 12288, 11781, 335
2026/09/10 07:39:28.052, 0, 12288, 11781, 335
2026/09/10 07:39:28.259, 0, 12288, 11781, 335
2026/09/10 07:39:28.467, 0, 12288, 11781, 335
2026/09/10 07:39:28.674, 0, 12288, 11781, 335
2026/09/10 07:39:28.881, 0, 12288, 11781, 335
2026/09/10 07:39:29.088, 0, 12288, 11781, 335
2026/09/10 07:39:29.295, 0, 12288, 11781, 335
2026/09/10 07:39:29.502, 0, 12288, 11781, 335
2026/09/10 07:39:29.710, 0, 12288, 11781, 335
2026/09/10 07:39:29.918, 0, 12288, 11781, 335
2026/09/10 07:39:30.126, 0, 12288, 11781, 335
2026/09/10 07:39:30.334, 0, 12288, 11781, 335
2026/09/10 07:39:30.541, 0, 12288, 11781, 335
2026/09/10 07:39:30.749, 0, 12288, 11781, 335
2026/09/10 07:39:30.957, 0, 12288, 11781, 335
2026/09/10 07:39:31.165, 0, 12288, 11781, 335
2026/09/10 07:39:31.373, 0, 12288, 11781, 335
2026/09/10 07:39:31.581, 0, 12288, 11781, 335
2026/09/10 07:39:31.788, 0, 12288, 11781, 335
2026/09/10 07:39:31.996, 0, 12288, 11781, 335
2026/09/10 07:39:32.204, 0, 12288, 11781, 335
2026/09/10 07:39:32.411, 0, 12288, 11781, 335
2026/09/10 07:39:32.618, 0, 12288, 11781, 335
2026/09/10 07:39:32.825, 0, 12288, 11781, 335
2026/09/10 07:39:33.033, 0, 12288, 11781, 335
2026/09/10 07:39:33.240, 0, 12288, 11781, 335
2026/09/10 07:39:33.447, 0, 12288, 11781, 335
2026/09/10 07:39:33.655, 0, 12288, 11781, 335
2026/09/10 07:39:33.863, 0, 12288, 11781, 335
2026/09/10 07:39:34.071, 0, 12288, 11781, 335
2026/09/10 07:39:34.278, 0, 12288, 11781, 335
2026/09/10 07:39:34.485, 0, 12288, 11781, 335
2026/09/10 07:39:34.692, 0, 12288, 11781, 335
2026/09/10 07:39:34.899, 0, 12288, 11781, 335
2026/09/10 07:39:35.106, 0, 12288, 11781, 335
2026/09/10 07:39:35.314, 0, 12288, 11781, 335
2026/09/10 07:39:35.522, 0, 12288, 11781, 335
2026/09/10 07:39:35.730, 0, 12288, 11781, 335
2026/09/10 07:39:35.937, 0, 12288, 11781, 335
2026/09/10 07:39:36.143, 0, 12288, 11781, 335
2026/09/10 07:39:36.350, 0, 12288, 11781, 335
2026/09/10 07:39:36.558, 0, 12288, 11781, 335
2026/09/10 07:39:36.766, 0, 12288, 11781, 335
2026/09/10 07:39:36.974, 0, 12288, 11781, 335
2026/09/10 07:39:37.182, 0, 12288, 11781, 335
2026/09/10 07:39:37.404, 0, 12288, 11781, 335
2026/09/10 07:39:37.612, 0, 12288, 11781, 335
2026/09/10 07:39:37.818, 0, 12288, 11781, 335
2026/09/10 07:39:38.025, 0, 12288, 11781, 335
2026/09/10 07:39:38.233, 0, 12288, 11781, 335
2026/09/10 07:39:38.441, 0, 12288, 11781, 335
2026/09/10 07:39:38.649, 0, 12288, 11781, 335
2026/09/10 07:39:38.856, 0, 12288, 11781, 335
2026/09/10 07:39:39.063, 0, 12288, 11781, 335
2026/09/10 07:39:39.271, 0, 12288, 11781, 335
2026/09/10 07:39:39.477, 0, 12288, 11781, 335
2026/09/10 07:39:39.684, 0, 12288, 11781, 335
2026/09/10 07:39:39.892, 0, 12288, 11781, 335
2026/09/10 07:39:40.100, 0, 12288, 11781, 335
2026/09/10 07:39:40.307, 0, 12288, 11781, 335
2026/09/10 07:39:40.515, 0, 12288, 11781, 335
2026/09/10 07:39:40.722, 0, 12288, 11781, 335
2026/09/10 07:39:40.929, 0, 12288, 11781, 335
2026/09/10 07:39:41.137, 0, 12288, 11781, 335
2026/09/10 07:39:41.343, 0, 12288, 11781, 335
2026/09/10 07:39:41.550, 0, 12288, 11781, 335
2026/09/10 07:39:41.758, 0, 12288, 11781, 335
2026/09/10 07:39:41.966, 0, 12288, 11781, 335
2026/09/10 07:39:42.174, 0, 12288, 11781, 335
2026/09/10 07:39:42.382, 0, 12288, 11781, 335
2026/09/10 07:39:42.589, 0, 12288, 11781, 335
2026/09/10 07:39:42.796, 0, 12288, 11781, 335
2026/09/10 07:39:43.003, 0, 12288, 11781, 335
2026/09/10 07:39:43.210, 0, 12288, 11781, 335
2026/09/10 07:39:43.416, 0, 12288, 11781, 335
2026/09/10 07:39:43.623, 0, 12288, 11781, 335
2026/09/10 07:39:43.830, 0, 12288, 11781, 335
2026/09/10 07:39:44.037, 0, 12288, 11781, 335
2026/09/10 07:39:44.243, 0, 12288, 11781, 335
2026/09/10 07:39:44.450, 0, 12288, 11781, 335
2026/09/10 07:39:44.657, 0, 12288, 11781, 335
2026/09/10 07:39:44.864, 0, 12288, 11781, 335
2026/09/10 07:39:45.071, 0, 12288, 11781, 335
2026/09/10 07:39:45.278, 0, 12288, 11781, 335
2026/09/10 07:39:45.485, 0, 12288, 11781, 335
2026/09/10 07:39:45.692, 0, 12288, 11781, 335
2026/09/10 07:39:45.900, 0, 12288, 11781, 335
2026/09/10 07:39:46.105, 0, 12288, 11781, 335
2026/09/10 07:39:46.313, 0, 12288, 11781, 335
2026/09/10 07:39:46.521, 0, 12288, 11781, 335
2026/09/10 07:39:46.729, 0, 12288, 11781, 335
2026/09/10 07:39:46.953, 0, 12288, 11781, 335
2026/09/10 07:39:47.158, 0, 12288, 11781, 335
2026/09/10 07:39:47.365, 0, 12288, 11781, 335
2026/09/10 07:39:47.573, 0, 12288, 11781, 335
2026/09/10 07:39:47.779, 0, 12288, 11781, 335
2026/09/10 07:39:47.987, 0, 12288, 11781, 335
2026/09/10 07:39:48.195, 0, 12288, 11781, 335
2026/09/10 07:39:48.402, 0, 12288, 11781, 335
2026/09/10 07:39:48.610, 0, 12288, 11781, 335
2026/09/10 07:39:48.818, 0, 12288, 11781, 335
2026/09/10 07:39:49.025, 0, 12288, 11781, 335
2026/09/10 07:39:49.232, 0, 12288, 11781, 335
2026/09/10 07:39:49.436, 0, 12288, 11781, 335
2026/09/10 07:39:49.639, 0, 12288, 11781, 335
2026/09/10 07:39:49.846, 0, 12288, 11781, 335
2026/09/10 07:39:50.054, 0, 12288, 11781, 335
2026/09/10 07:39:50.261, 0, 12288, 11781, 335
2026/09/10 07:39:50.467, 0, 12288, 11781, 335
2026/09/10 07:39:50.674, 0, 12288, 11781, 335
2026/09/10 07:39:50.881, 0, 12288, 11781, 335
2026/09/10 07:39:51.088, 0, 12288, 11781, 335
2026/09/10 07:39:51.296, 0, 12288, 11781, 335
2026/09/10 07:39:51.504, 0, 12288, 11781, 335
2026/09/10 07:39:51.712, 0, 12288, 11781, 335
2026/09/10 07:39:51.920, 0, 12288, 11781, 335
2026/09/10 07:39:52.127, 0, 12288, 11781, 335
2026/09/10 07:39:52.334, 0, 12288, 11781, 335
2026/09/10 07:39:52.542, 0, 12288, 11781, 335
2026/09/10 07:39:52.749, 0, 12288, 11781, 335
2026/09/10 07:39:52.956, 0, 12288, 11781, 335
2026/09/10 07:39:53.164, 0, 12288, 11781, 335
2026/09/10 07:39:53.372, 0, 12288, 11781, 335
2026/09/10 07:39:53.579, 0, 12288, 11781, 335
2026/09/10 07:39:53.786, 0, 12288, 11781, 335
2026/09/10 07:39:53.993, 0, 12288, 11781, 335
2026/09/10 07:39:54.201, 0, 12288, 11781, 335
2026/09/10 07:39:54.409, 0, 12288, 11781, 335
2026/09/10 07:39:54.616, 0, 12288, 11781, 335
2026/09/10 07:39:54.823, 0, 12288, 11781, 335
2026/09/10 07:39:55.030, 0, 12288, 11781, 335
2026/09/10 07:39:55.237, 0, 12288, 11781, 335
2026/09/10 07:39:55.445, 0, 12288, 11781, 335
2026/09/10 07:39:55.653, 0, 12288, 11781, 335
2026/09/10 07:39:55.861, 0, 12288, 11781, 335
2026/09/10 07:39:56.069, 0, 12288, 11781, 335
2026/09/10 07:39:56.276, 0, 12288, 11781, 335
2026/09/10 07:39:56.500, 0, 12288, 11781, 335
2026/09/10 07:39:56.707, 0, 12288, 11781, 335
2026/09/10 07:39:56.914, 0, 12288, 11781, 335
2026/09/10 07:39:57.122, 0, 12288, 11781, 335
2026/09/10 07:39:57.329, 0, 12288, 11781, 335
2026/09/10 07:39:57.536, 0, 12288, 11781, 335
2026/09/10 07:39:57.743, 0, 12288, 11781, 335
2026/09/10 07:39:57.950, 0, 12288, 11781, 335
2026/09/10 07:39:58.157, 0, 12288, 11781, 335
2026/09/10 07:39:58.365, 0, 12288, 11781, 335
2026/09/10 07:39:58.573, 0, 12288, 11781, 335
2026/09/10 07:39:58.781, 0, 12288, 11781, 335
2026/09/10 07:39:58.989, 0, 12288, 11781, 335
2026/09/10 07:39:59.197, 0, 12288, 11781, 335
2026/09/10 07:39:59.403, 0, 12288, 11781, 335
2026/09/10 07:39:59.611, 0, 12288, 11781, 335
2026/09/10 07:39:59.819, 0, 12288, 11781, 335
2026/09/10 07:40:00.027, 0, 12288, 11781, 335
2026/09/10 07:40:00.235, 0, 12288, 11781, 335
2026/09/10 07:40:00.442, 0, 12288, 11781, 335
2026/09/10 07:40:00.649, 0, 12288, 11781, 335
2026/09/10 07:40:00.856, 0, 12288, 11781, 335
2026/09/10 07:40:01.064, 0, 12288, 11781, 335
2026/09/10 07:40:01.271, 0, 12288, 11781, 335
2026/09/10 07:40:01.478, 0, 12288, 11781, 335
2026/09/10 07:40:01.686, 0, 12288, 11781, 335
2026/09/10 07:40:01.893, 0, 12288, 11781, 335
2026/09/10 07:40:02.101, 0, 12288, 11781, 335
2026/09/10 07:40:02.309, 0, 12288, 11781, 335
2026/09/10 07:40:02.516, 0, 12288, 11781, 335
2026/09/10 07:40:02.722, 0, 12288, 11781, 335
2026/09/10 07:40:02.929, 0, 12288, 11781, 335
2026/09/10 07:40:03.135, 0, 12288, 11781, 335
2026/09/10 07:40:03.340, 0, 12288, 11781, 335
2026/09/10 07:40:03.547, 0, 12288, 11781, 335
2026/09/10 07:40:03.755, 0, 12288, 11781, 335
2026/09/10 07:40:03.962, 0, 12288, 11781, 335
2026/09/10 07:40:04.169, 0, 12288, 11781, 335
2026/09/10 07:40:04.376, 0, 12288, 11781, 335
2026/09/10 07:40:04.584, 0, 12288, 11781, 335
2026/09/10 07:40:04.791, 0, 12288, 11781, 335
2026/09/10 07:40:04.998, 0, 12288, 11781, 335
2026/09/10 07:40:05.205, 0, 12288, 11781, 335
2026/09/10 07:40:05.413, 0, 12288, 11781, 335
2026/09/10 07:40:05.621, 0, 12288, 11781, 335
2026/09/10 07:40:05.826, 0, 12288, 11781, 335
2026/09/10 07:40:06.033, 0, 12288, 11781, 335
2026/09/10 07:40:06.240, 0, 12288, 11781, 335
2026/09/10 07:40:06.447, 0, 12288, 11781, 335
2026/09/10 07:40:06.655, 0, 12288, 11781, 335
2026/09/10 07:40:06.863, 0, 12288, 11781, 335
2026/09/10 07:40:07.070, 0, 12288, 11781, 335
2026/09/10 07:40:07.277, 0, 12288, 11781, 335
2026/09/10 07:40:07.484, 0, 12288, 11781, 335
2026/09/10 07:40:07.691, 0, 12288, 11781, 335
2026/09/10 07:40:07.897, 0, 12288, 11781, 335
2026/09/10 07:40:08.105, 0, 12288, 11781, 335
2026/09/10 07:40:08.311, 0, 12288, 11781, 335
2026/09/10 07:40:08.518, 0, 12288, 11781, 335
2026/09/10 07:40:08.725, 0, 12288, 11781, 335
2026/09/10 07:40:08.933, 0, 12288, 11781, 335
2026/09/10 07:40:09.140, 0, 12288, 11781, 335
2026/09/10 07:40:09.348, 0, 12288, 11781, 335
2026/09/10 07:40:09.555, 0, 12288, 11781, 335
2026/09/10 07:40:09.762, 0, 12288, 11781, 335
2026/09/10 07:40:09.970, 0, 12288, 11781, 335
2026/09/10 07:40:10.178, 0, 12288, 11781, 335
2026/09/10 07:40:10.386, 0, 12288, 11781, 335
2026/09/10 07:40:10.592, 0, 12288, 11781, 335
2026/09/10 07:40:10.800, 0, 12288, 11781, 335
2026/09/10 07:40:11.008, 0, 12288, 11781, 335
2026/09/10 07:40:11.216, 0, 12288, 11781, 335
2026/09/10 07:40:11.423, 0, 12288, 11781, 335
2026/09/10 07:40:11.630, 0, 12288, 11781, 335
2026/09/10 07:40:11.838, 0, 12288, 11781, 335
2026/09/10 07:40:12.046, 0, 12288, 11781, 335
2026/09/10 07:40:12.252, 0, 12288, 11781, 335
2026/09/10 07:40:12.459, 0, 12288, 11781, 335
2026/09/10 07:40:12.666, 0, 12288, 11781, 335
2026/09/10 07:40:12.872, 0, 12288, 11781, 335
2026/09/10 07:40:13.078, 0, 12288, 11781, 335
2026/09/10 07:40:13.285, 0, 12288, 11781, 335
2026/09/10 07:40:13.493, 0, 12288, 11781, 335
2026/09/10 07:40:13.701, 0, 12288, 11781, 335
2026/09/10 07:40:13.907, 0, 12288, 11781, 335
2026/09/10 07:40:14.114, 0, 12288, 11781, 335
2026/09/10 07:40:14.322, 0, 12288, 11781, 335
2026/09/10 07:40:14.530, 0, 12288, 11781, 335
2026/09/10 07:40:14.737, 0, 12288, 11781, 335
2026/09/10 07:40:14.945, 0, 12288, 11781, 335
2026/09/10 07:40:15.152, 0, 12288, 11781, 335
2026/09/10 07:40:15.360, 0, 12288, 11781, 335
2026/09/10 07:40:15.567, 0, 12288, 11781, 335
2026/09/10 07:40:15.774, 0, 12288, 11781, 335
2026/09/10 07:40:15.982, 0, 12288, 11781, 335
2026/09/10 07:40:16.190, 0, 12288, 11781, 335
2026/09/10 07:40:16.398, 0, 12288, 11781, 335
2026/09/10 07:40:16.606, 0, 12288, 11781, 335
2026/09/10 07:40:16.813, 0, 12288, 11781, 335
2026/09/10 07:40:17.021, 0, 12288, 11781, 335
2026/09/10 07:40:17.229, 0, 12288, 11781, 335
2026/09/10 07:40:17.437, 0, 12288, 11781, 335
2026/09/10 07:40:17.642, 0, 12288, 11781, 335
2026/09/10 07:40:17.850, 0, 12288, 11781, 335
2026/09/10 07:40:18.058, 0, 12288, 11781, 335
2026/09/10 07:40:18.265, 0, 12288, 11781, 335
2026/09/10 07:40:18.472, 0, 12288, 11781, 335
2026/09/10 07:40:18.680, 0, 12288, 11781, 335
2026/09/10 07:40:18.887, 0, 12288, 11781, 335
2026/09/10 07:40:19.090, 0, 12288, 11781, 335
2026/09/10 07:40:19.298, 0, 12288, 11781, 335
2026/09/10 07:40:19.505, 0, 12288, 11781, 335
2026/09/10 07:40:19.713, 0, 12288, 11781, 335
2026/09/10 07:40:19.920, 0, 12288, 11781, 335
2026/09/10 07:40:20.128, 0, 12288, 11781, 335
2026/09/10 07:40:20.336, 0, 12288, 11781, 335
2026/09/10 07:40:20.543, 0, 12288, 11781, 335
2026/09/10 07:40:20.751, 0, 12288, 11781, 335
2026/09/10 07:40:20.958, 0, 12288, 11781, 335
2026/09/10 07:40:21.165, 0, 12288, 11781, 335
2026/09/10 07:40:21.372, 0, 12288, 11781, 335
2026/09/10 07:40:21.579, 0, 12288, 11781, 335
2026/09/10 07:40:21.786, 0, 12288, 11781, 335
2026/09/10 07:40:21.994, 0, 12288, 11781, 335
2026/09/10 07:40:22.201, 0, 12288, 11781, 335
2026/09/10 07:40:22.408, 0, 12288, 11781, 335
2026/09/10 07:40:22.615, 0, 12288, 11781, 335
2026/09/10 07:40:22.822, 0, 12288, 11781, 335
2026/09/10 07:40:23.029, 0, 12288, 11781, 335
2026/09/10 07:40:23.237, 0, 12288, 11781, 335
2026/09/10 07:40:23.445, 0, 12288, 11781, 335
2026/09/10 07:40:23.652, 0, 12288, 11781, 335
2026/09/10 07:40:23.860, 0, 12288, 11781, 335
2026/09/10 07:40:24.067, 0, 12288, 11781, 335
2026/09/10 07:40:24.274, 0, 12288, 11781, 335
2026/09/10 07:40:24.482, 0, 12288, 11781, 335
2026/09/10 07:40:24.690, 0, 12288, 11781, 335
2026/09/10 07:40:24.896, 0, 12288, 11781, 335
2026/09/10 07:40:25.104, 0, 12288, 11781, 335
2026/09/10 07:40:25.310, 0, 12288, 11781, 335
2026/09/10 07:40:25.518, 0, 12288, 11781, 335
2026/09/10 07:40:25.725, 0, 12288, 11781, 335
2026/09/10 07:40:25.933, 0, 12288, 11781, 335
2026/09/10 07:40:26.141, 0, 12288, 11781, 335
2026/09/10 07:40:26.348, 0, 12288, 11781, 335
2026/09/10 07:40:26.556, 0, 12288, 11781, 335
2026/09/10 07:40:26.764, 0, 12288, 11781, 335
2026/09/10 07:40:26.973, 0, 12288, 11781, 335
2026/09/10 07:40:27.181, 0, 12288, 11781, 335
2026/09/10 07:40:27.387, 0, 12288, 11781, 335
2026/09/10 07:40:27.594, 0, 12288, 11781, 335
2026/09/10 07:40:27.801, 0, 12288, 11781, 335
2026/09/10 07:40:28.008, 0, 12288, 11781, 335
2026/09/10 07:40:28.215, 0, 12288, 11781, 335
2026/09/10 07:40:28.421, 0, 12288, 11781, 335
2026/09/10 07:40:28.628, 0, 12288, 11781, 335
2026/09/10 07:40:28.836, 0, 12288, 11781, 335
2026/09/10 07:40:29.043, 0, 12288, 11781, 335
2026/09/10 07:40:29.251, 0, 12288, 11781, 335
2026/09/10 07:40:29.458, 0, 12288, 11781, 335
2026/09/10 07:40:29.666, 0, 12288, 11781, 335
2026/09/10 07:40:29.873, 0, 12288, 11781, 335
2026/09/10 07:40:30.081, 0, 12288, 11781, 335
2026/09/10 07:40:30.289, 0, 12288, 11781, 335
2026/09/10 07:40:30.496, 0, 12288, 11781, 335
2026/09/10 07:40:30.703, 0, 12288, 11781, 335
2026/09/10 07:40:30.910, 0, 12288, 11781, 335
2026/09/10 07:40:31.118, 0, 12288, 11781, 335
2026/09/10 07:40:31.324, 0, 12288, 11781, 335
2026/09/10 07:40:31.531, 0, 12288, 11781, 335
2026/09/10 07:40:31.738, 0, 12288, 11781, 335
2026/09/10 07:40:31.945, 0, 12288, 11781, 335
2026/09/10 07:40:32.153, 0, 12288, 11781, 335
2026/09/10 07:40:32.361, 0, 12288, 11781, 335
2026/09/10 07:40:32.567, 0, 12288, 11781, 335
2026/09/10 07:40:32.773, 0, 12288, 11781, 335
2026/09/10 07:40:32.981, 0, 12288, 11781, 335
2026/09/10 07:40:33.188, 0, 12288, 11781, 335
2026/09/10 07:40:33.396, 0, 12288, 11781, 335
2026/09/10 07:40:33.604, 0, 12288, 11781, 335
2026/09/10 07:40:33.812, 0, 12288, 11781, 335
2026/09/10 07:40:34.018, 0, 12288, 11781, 335
2026/09/10 07:40:34.225, 0, 12288, 11781, 335
2026/09/10 07:40:34.433, 0, 12288, 11781, 335
2026/09/10 07:40:34.657, 0, 12288, 11781, 335
2026/09/10 07:40:34.864, 0, 12288, 11781, 335
2026/09/10 07:40:35.071, 0, 12288, 11781, 335
2026/09/10 07:40:35.278, 0, 12288, 11781, 335
2026/09/10 07:40:35.485, 0, 12288, 11781, 335
2026/09/10 07:40:35.693, 0, 12288, 11781, 335
2026/09/10 07:40:35.900, 0, 12288, 11781, 335
2026/09/10 07:40:36.107, 0, 12288, 11781, 335
2026/09/10 07:40:36.311, 0, 12288, 11781, 335
2026/09/10 07:40:36.518, 0, 12288, 11781, 335
2026/09/10 07:40:36.726, 0, 12288, 11781, 335
2026/09/10 07:40:36.934, 0, 12288, 11781, 335
2026/09/10 07:40:37.142, 0, 12288, 11781, 335
2026/09/10 07:40:37.348, 0, 12288, 11781, 335
2026/09/10 07:40:37.555, 0, 12288, 11781, 335
2026/09/10 07:40:37.762, 0, 12288, 11781, 335
2026/09/10 07:40:37.970, 0, 12288, 11781, 335
2026/09/10 07:40:38.178, 0, 12288, 11781, 335
2026/09/10 07:40:38.386, 0, 12288, 11781, 335
2026/09/10 07:40:38.593, 0, 12288, 11781, 335
2026/09/10 07:40:38.800, 0, 12288, 11781, 335
2026/09/10 07:40:39.008, 0, 12288, 11781, 335
2026/09/10 07:40:39.216, 0, 12288, 11781, 335
2026/09/10 07:40:39.424, 0, 12288, 11781, 335
2026/09/10 07:40:39.631, 0, 12288, 11781, 335
2026/09/10 07:40:39.839, 0, 12288, 11781, 335
2026/09/10 07:40:40.046, 0, 12288, 11781, 335
2026/09/10 07:40:40.255, 0, 12288, 11781, 335
2026/09/10 07:40:40.461, 0, 12288, 11781, 335
2026/09/10 07:40:40.667, 0, 12288, 11781, 335
2026/09/10 07:40:40.875, 0, 12288, 11781, 335
2026/09/10 07:40:41.082, 0, 12288, 11781, 335
2026/09/10 07:40:41.289, 0, 12288, 11781, 335
2026/09/10 07:40:41.497, 0, 12288, 11781, 335
2026/09/10 07:40:41.705, 0, 12288, 11781, 335
2026/09/10 07:40:41.912, 0, 12288, 11781, 335
2026/09/10 07:40:42.120, 0, 12288, 11781, 335
2026/09/10 07:40:42.328, 0, 12288, 11781, 335
2026/09/10 07:40:42.534, 0, 12288, 11781, 335
2026/09/10 07:40:42.740, 0, 12288, 11781, 335
2026/09/10 07:40:42.947, 0, 12288, 11781, 335
2026/09/10 07:40:43.154, 0, 12288, 11781, 335
2026/09/10 07:40:43.362, 0, 12288, 11781, 335
2026/09/10 07:40:43.570, 0, 12288, 11781, 335
2026/09/10 07:40:43.778, 0, 12288, 11781, 335
2026/09/10 07:40:43.986, 0, 12288, 11781, 335
2026/09/10 07:40:44.210, 0, 12288, 11781, 335
2026/09/10 07:40:44.417, 0, 12288, 11781, 335
2026/09/10 07:40:44.625, 0, 12288, 11781, 335
2026/09/10 07:40:44.833, 0, 12288, 11781, 335
2026/09/10 07:40:45.041, 0, 12288, 11781, 335
2026/09/10 07:40:45.250, 0, 12288, 11781, 335
2026/09/10 07:40:45.457, 0, 12288, 11781, 335
2026/09/10 07:40:45.665, 0, 12288, 11781, 335
2026/09/10 07:40:45.871, 0, 12288, 11781, 335
2026/09/10 07:40:46.079, 0, 12288, 11781, 335
2026/09/10 07:40:46.287, 0, 12288, 11781, 335
2026/09/10 07:40:46.494, 0, 12288, 11781, 335
2026/09/10 07:40:46.702, 0, 12288, 11781, 335
2026/09/10 07:40:46.925, 0, 12288, 11781, 335
2026/09/10 07:40:47.131, 0, 12288, 11781, 335
2026/09/10 07:40:47.337, 0, 12288, 11781, 335
2026/09/10 07:40:47.544, 0, 12288, 11781, 335
2026/09/10 07:40:47.752, 0, 12288, 11781, 335
2026/09/10 07:40:47.960, 0, 12288, 11781, 335
2026/09/10 07:40:48.166, 0, 12288, 11781, 335
2026/09/10 07:40:48.374, 0, 12288, 11781, 335
2026/09/10 07:40:48.581, 0, 12288, 11781, 335
2026/09/10 07:40:48.789, 0, 12288, 11781, 335
2026/09/10 07:40:48.997, 0, 12288, 11781, 335
2026/09/10 07:40:49.204, 0, 12288, 11781, 335
2026/09/10 07:40:49.412, 0, 12288, 11781, 335
2026/09/10 07:40:49.619, 0, 12288, 11781, 335
2026/09/10 07:40:49.827, 0, 12288, 11781, 335
2026/09/10 07:40:50.035, 0, 12288, 11781, 335
2026/09/10 07:40:50.242, 0, 12288, 11781, 335
2026/09/10 07:40:50.448, 0, 12288, 11781, 335
2026/09/10 07:40:50.655, 0, 12288, 11781, 335
2026/09/10 07:40:50.861, 0, 12288, 11781, 335
2026/09/10 07:40:51.069, 0, 12288, 11781, 335
2026/09/10 07:40:51.277, 0, 12288, 11781, 335
2026/09/10 07:40:51.485, 0, 12288, 11781, 335
2026/09/10 07:40:51.692, 0, 12288, 11781, 335
2026/09/10 07:40:51.899, 0, 12288, 11781, 335
2026/09/10 07:40:52.107, 0, 12288, 11781, 335
2026/09/10 07:40:52.314, 0, 12288, 11781, 335
2026/09/10 07:40:52.521, 0, 12288, 11781, 335
2026/09/10 07:40:52.727, 0, 12288, 11781, 335
2026/09/10 07:40:52.934, 0, 12288, 11781, 335
2026/09/10 07:40:53.142, 0, 12288, 11781, 335
2026/09/10 07:40:53.350, 0, 12288, 11781, 335
2026/09/10 07:40:53.558, 0, 12288, 11781, 335
2026/09/10 07:40:53.765, 0, 12288, 11781, 335
2026/09/10 07:40:53.973, 0, 12288, 11781, 335
2026/09/10 07:40:54.181, 0, 12288, 11781, 335
2026/09/10 07:40:54.389, 0, 12288, 11781, 335
2026/09/10 07:40:54.597, 0, 12288, 11781, 335
2026/09/10 07:40:54.805, 0, 12288, 11781, 335
2026/09/10 07:40:55.012, 0, 12288, 11781, 335
2026/09/10 07:40:55.219, 0, 12288, 11781, 335
2026/09/10 07:40:55.428, 0, 12288, 11781, 335
2026/09/10 07:40:55.635, 0, 12288, 11781, 335
2026/09/10 07:40:55.843, 0, 12288, 11781, 335
2026/09/10 07:40:56.050, 0, 12288, 11781, 335
2026/09/10 07:40:56.258, 0, 12288, 11781, 335
2026/09/10 07:40:56.465, 0, 12288, 11781, 335
2026/09/10 07:40:56.672, 0, 12288, 11781, 335
2026/09/10 07:40:56.880, 0, 12288, 11781, 335
2026/09/10 07:40:57.088, 0, 12288, 11781, 335
2026/09/10 07:40:57.296, 0, 12288, 11781, 335
2026/09/10 07:40:57.503, 0, 12288, 11781, 335
2026/09/10 07:40:57.711, 0, 12288, 11781, 335
2026/09/10 07:40:57.917, 0, 12288, 11781, 335
2026/09/10 07:40:58.124, 0, 12288, 11781, 335
2026/09/10 07:40:58.332, 0, 12288, 11781, 335
2026/09/10 07:40:58.540, 0, 12288, 11781, 335
2026/09/10 07:40:58.748, 0, 12288, 11781, 335
2026/09/10 07:40:58.955, 0, 12288, 11781, 335
2026/09/10 07:40:59.162, 0, 12288, 11781, 335
2026/09/10 07:40:59.369, 0, 12288, 11781, 335
2026/09/10 07:40:59.577, 0, 12288, 11781, 335
2026/09/10 07:40:59.785, 0, 12288, 11781, 335
2026/09/10 07:40:59.993, 0, 12288, 11781, 335
2026/09/10 07:41:00.200, 0, 12288, 11781, 335
2026/09/10 07:41:00.407, 0, 12288, 11781, 335
2026/09/10 07:41:00.613, 0, 12288, 11781, 335
2026/09/10 07:41:00.821, 0, 12288, 11781, 335
2026/09/10 07:41:01.029, 0, 12288, 11781, 335
2026/09/10 07:41:01.237, 0, 12288, 11781, 335
2026/09/10 07:41:01.444, 0, 12288, 11781, 335
2026/09/10 07:41:01.652, 0, 12288, 11781, 335
2026/09/10 07:41:01.860, 0, 12288, 11781, 335
2026/09/10 07:41:02.066, 0, 12288, 11781, 335
2026/09/10 07:41:02.274, 0, 12288, 11781, 335
2026/09/10 07:41:02.482, 0, 12288, 11781, 335
2026/09/10 07:41:02.690, 0, 12288, 11781, 335
2026/09/10 07:41:02.896, 0, 12288, 11781, 335
2026/09/10 07:41:03.103, 0, 12288, 11781, 335
2026/09/10 07:41:03.310, 0, 12288, 11781, 335
2026/09/10 07:41:03.516, 0, 12288, 11781, 335
2026/09/10 07:41:03.723, 0, 12288, 11781, 335
2026/09/10 07:41:03.931, 0, 12288, 11781, 335
2026/09/10 07:41:04.138, 0, 12288, 11781, 335
2026/09/10 07:41:04.344, 0, 12288, 11781, 335
2026/09/10 07:41:04.551, 0, 12288, 11781, 335
2026/09/10 07:41:04.759, 0, 12288, 11781, 335
2026/09/10 07:41:04.966, 0, 12288, 11781, 335
2026/09/10 07:41:05.174, 0, 12288, 11781, 335
2026/09/10 07:41:05.382, 0, 12288, 11781, 335
2026/09/10 07:41:05.590, 0, 12288, 11781, 335
2026/09/10 07:41:05.796, 0, 12288, 11781, 335
2026/09/10 07:41:06.019, 0, 12288, 11781, 335
2026/09/10 07:41:06.226, 0, 12288, 11781, 335
2026/09/10 07:41:06.434, 0, 12288, 11781, 335
2026/09/10 07:41:06.641, 0, 12288, 11781, 335
2026/09/10 07:41:06.848, 0, 12288, 11781, 335
2026/09/10 07:41:07.056, 0, 12288, 11781, 335
2026/09/10 07:41:07.263, 0, 12288, 11781, 335
2026/09/10 07:41:07.470, 0, 12288, 11781, 335
2026/09/10 07:41:07.678, 0, 12288, 11781, 335
2026/09/10 07:41:07.885, 0, 12288, 11781, 335
2026/09/10 07:41:08.092, 0, 12288, 11781, 335
2026/09/10 07:41:08.298, 0, 12288, 11781, 335
2026/09/10 07:41:08.505, 0, 12288, 11781, 335
2026/09/10 07:41:08.711, 0, 12288, 11781, 335
2026/09/10 07:41:08.919, 0, 12288, 11781, 335
2026/09/10 07:41:09.126, 0, 12288, 11781, 335
2026/09/10 07:41:09.334, 0, 12288, 11781, 335
2026/09/10 07:41:09.541, 0, 12288, 11781, 335
2026/09/10 07:41:09.749, 0, 12288, 11781, 335
2026/09/10 07:41:09.956, 0, 12288, 11781, 335
2026/09/10 07:41:10.162, 0, 12288, 11781, 335
2026/09/10 07:41:10.370, 0, 12288, 11781, 335
2026/09/10 07:41:10.577, 0, 12288, 11781, 335
2026/09/10 07:41:10.785, 0, 12288, 11781, 335
2026/09/10 07:41:10.993, 0, 12288, 11781, 335
2026/09/10 07:41:11.201, 0, 12288, 11781, 335
2026/09/10 07:41:11.408, 0, 12288, 11781, 335
2026/09/10 07:41:11.616, 0, 12288, 11781, 335
2026/09/10 07:41:11.823, 0, 12288, 11781, 335
2026/09/10 07:41:12.030, 0, 12288, 11781, 335
2026/09/10 07:41:12.238, 0, 12288, 11781, 335
2026/09/10 07:41:12.445, 0, 12288, 11781, 335
2026/09/10 07:41:12.652, 0, 12288, 11781, 335
2026/09/10 07:41:12.858, 0, 12288, 11781, 335
2026/09/10 07:41:13.066, 0, 12288, 11781, 335
2026/09/10 07:41:13.274, 0, 12288, 11781, 335
2026/09/10 07:41:13.481, 0, 12288, 11781, 335
2026/09/10 07:41:13.689, 0, 12288, 11781, 335
2026/09/10 07:41:13.897, 0, 12288, 11781, 335
2026/09/10 07:41:14.104, 0, 12288, 11781, 335
2026/09/10 07:41:14.310, 0, 12288, 11781, 335
2026/09/10 07:41:14.518, 0, 12288, 11781, 335
2026/09/10 07:41:14.726, 0, 12288, 11781, 335
2026/09/10 07:41:14.934, 0, 12288, 11781, 335
2026/09/10 07:41:15.140, 0, 12288, 11781, 335
2026/09/10 07:41:15.348, 0, 12288, 11781, 335
2026/09/10 07:41:15.555, 0, 12288, 11781, 335
2026/09/10 07:41:15.762, 0, 12288, 11781, 335
2026/09/10 07:41:15.970, 0, 12288, 11781, 335
2026/09/10 07:41:16.178, 0, 12288, 11781, 335
2026/09/10 07:41:16.384, 0, 12288, 11781, 335
2026/09/10 07:41:16.591, 0, 12288, 11781, 335
2026/09/10 07:41:16.797, 0, 12288, 11781, 335
2026/09/10 07:41:17.005, 0, 12288, 11781, 335
2026/09/10 07:41:17.212, 0, 12288, 11781, 335
2026/09/10 07:41:17.418, 0, 12288, 11781, 335
2026/09/10 07:41:17.626, 0, 12288, 11781, 335
2026/09/10 07:41:17.833, 0, 12288, 11781, 335
2026/09/10 07:41:18.040, 0, 12288, 11781, 335
2026/09/10 07:41:18.247, 0, 12288, 11781, 335
2026/09/10 07:41:18.454, 0, 12288, 11781, 335
2026/09/10 07:41:18.662, 0, 12288, 11781, 335
2026/09/10 07:41:18.870, 0, 12288, 11781, 335
2026/09/10 07:41:19.078, 0, 12288, 11781, 335
2026/09/10 07:41:19.286, 0, 12288, 11781, 335
2026/09/10 07:41:19.493, 0, 12288, 11781, 335
2026/09/10 07:41:19.701, 0, 12288, 11781, 335
2026/09/10 07:41:19.908, 0, 12288, 11781, 335
2026/09/10 07:41:20.116, 0, 12288, 11781, 335
2026/09/10 07:41:20.324, 0, 12288, 11781, 335
2026/09/10 07:41:20.532, 0, 12288, 11781, 335
2026/09/10 07:41:20.740, 0, 12288, 11781, 335
2026/09/10 07:41:20.947, 0, 12288, 11781, 335
2026/09/10 07:41:21.155, 0, 12288, 11781, 335
2026/09/10 07:41:21.363, 0, 12288, 11781, 335
2026/09/10 07:41:21.571, 0, 12288, 11781, 335
2026/09/10 07:41:21.778, 0, 12288, 11781, 335
2026/09/10 07:41:21.986, 0, 12288, 11781, 335
2026/09/10 07:41:22.193, 0, 12288, 11781, 335
2026/09/10 07:41:22.400, 0, 12288, 11781, 335
2026/09/10 07:41:22.607, 0, 12288, 11781, 335
2026/09/10 07:41:22.814, 0, 12288, 11781, 335
2026/09/10 07:41:23.022, 0, 12288, 11781, 335
2026/09/10 07:41:23.230, 0, 12288, 11781, 335
2026/09/10 07:41:23.437, 0, 12288, 11781, 335
2026/09/10 07:41:23.645, 0, 12288, 11781, 335
2026/09/10 07:41:23.852, 0, 12288, 11781, 335
2026/09/10 07:41:24.060, 0, 12288, 11781, 335
2026/09/10 07:41:24.268, 0, 12288, 11781, 335
2026/09/10 07:41:24.475, 0, 12288, 11781, 335
2026/09/10 07:41:24.683, 0, 12288, 11781, 335
2026/09/10 07:41:24.891, 0, 12288, 11781, 335
2026/09/10 07:41:25.099, 0, 12288, 11781, 335
2026/09/10 07:41:25.307, 0, 12288, 11781, 335
2026/09/10 07:41:25.514, 0, 12288, 11781, 335
2026/09/10 07:41:25.722, 0, 12288, 11781, 335
2026/09/10 07:41:25.930, 0, 12288, 11781, 335
2026/09/10 07:41:26.137, 0, 12288, 11781, 335
2026/09/10 07:41:26.343, 0, 12288, 11781, 335
2026/09/10 07:41:26.549, 0, 12288, 11781, 335
2026/09/10 07:41:26.757, 0, 12288, 11781, 335
2026/09/10 07:41:26.964, 0, 12288, 11781, 335
2026/09/10 07:41:27.170, 0, 12288, 11781, 335
2026/09/10 07:41:27.378, 0, 12288, 11781, 335
2026/09/10 07:41:27.586, 0, 12288, 11781, 335
2026/09/10 07:41:27.793, 0, 12288, 11781, 335
2026/09/10 07:41:28.000, 0, 12288, 11781, 335
2026/09/10 07:41:28.208, 0, 12288, 11781, 335
2026/09/10 07:41:28.414, 0, 12288, 11781, 335
2026/09/10 07:41:28.622, 0, 12288, 11781, 335
2026/09/10 07:41:28.829, 0, 12288, 11781, 335
2026/09/10 07:41:29.036, 0, 12288, 11781, 335
2026/09/10 07:41:29.244, 0, 12288, 11781, 335
2026/09/10 07:41:29.451, 0, 12288, 11781, 335
2026/09/10 07:41:29.657, 0, 12288, 11781, 335
2026/09/10 07:41:29.865, 0, 12288, 11781, 335
2026/09/10 07:41:30.073, 0, 12288, 11781, 335
2026/09/10 07:41:30.281, 0, 12288, 11781, 335
2026/09/10 07:41:30.488, 0, 12288, 11781, 335
2026/09/10 07:41:30.694, 0, 12288, 11781, 335
2026/09/10 07:41:30.902, 0, 12288, 11781, 335
2026/09/10 07:41:31.110, 0, 12288, 11781, 335
2026/09/10 07:41:31.317, 0, 12288, 11781, 335
2026/09/10 07:41:31.523, 0, 12288, 11781, 335
2026/09/10 07:41:31.730, 0, 12288, 11781, 335
2026/09/10 07:41:31.938, 0, 12288, 11781, 335
2026/09/10 07:41:32.145, 0, 12288, 11781, 335
2026/09/10 07:41:32.351, 0, 12288, 11781, 335
2026/09/10 07:41:32.559, 0, 12288, 11781, 335
2026/09/10 07:41:32.766, 0, 12288, 11781, 335
2026/09/10 07:41:32.971, 0, 12288, 11781, 335
2026/09/10 07:41:33.178, 0, 12288, 11781, 335
2026/09/10 07:41:33.385, 0, 12288, 11781, 335
2026/09/10 07:41:33.593, 0, 12288, 11781, 335
2026/09/10 07:41:33.800, 0, 12288, 11781, 335
2026/09/10 07:41:34.007, 0, 12288, 11781, 335
2026/09/10 07:41:34.215, 0, 12288, 11781, 335
2026/09/10 07:41:34.420, 0, 12288, 11781, 335
2026/09/10 07:41:34.642, 0, 12288, 11781, 335
2026/09/10 07:41:34.850, 0, 12288, 11781, 335
2026/09/10 07:41:35.056, 0, 12288, 11781, 335
2026/09/10 07:41:35.264, 0, 12288, 11781, 335
2026/09/10 07:41:35.472, 0, 12288, 11781, 335
2026/09/10 07:41:35.680, 0, 12288, 11781, 335
2026/09/10 07:41:35.887, 0, 12288, 11781, 335
2026/09/10 07:41:36.094, 0, 12288, 11781, 335
2026/09/10 07:41:36.302, 0, 12288, 11781, 335
2026/09/10 07:41:36.509, 0, 12288, 11781, 335
2026/09/10 07:41:36.716, 0, 12288, 11781, 335
2026/09/10 07:41:36.923, 0, 12288, 11781, 335
2026/09/10 07:41:37.131, 0, 12288, 11781, 335
2026/09/10 07:41:37.339, 0, 12288, 11781, 335
2026/09/10 07:41:37.545, 0, 12288, 11781, 335
2026/09/10 07:41:37.753, 0, 12288, 11781, 335
2026/09/10 07:41:37.961, 0, 12288, 11781, 335
2026/09/10 07:41:38.167, 0, 12288, 11781, 335
2026/09/10 07:41:38.374, 0, 12288, 11781, 335
2026/09/10 07:41:38.581, 0, 12288, 11781, 335
2026/09/10 07:41:38.789, 0, 12288, 11781, 335
2026/09/10 07:41:38.997, 0, 12288, 11781, 335
2026/09/10 07:41:39.205, 0, 12288, 11781, 335
2026/09/10 07:41:39.412, 0, 12288, 11781, 335
2026/09/10 07:41:39.620, 0, 12288, 11781, 335
2026/09/10 07:41:39.827, 0, 12288, 11781, 335
2026/09/10 07:41:40.035, 0, 12288, 11781, 335
2026/09/10 07:41:40.242, 0, 12288, 11781, 335
2026/09/10 07:41:40.450, 0, 12288, 11781, 335
2026/09/10 07:41:40.658, 0, 12288, 11781, 335
2026/09/10 07:41:40.866, 0, 12288, 11781, 335
2026/09/10 07:41:41.074, 0, 12288, 11781, 335
2026/09/10 07:41:41.280, 0, 12288, 11781, 335
2026/09/10 07:41:41.488, 0, 12288, 11781, 335
2026/09/10 07:41:41.696, 0, 12288, 11781, 335
2026/09/10 07:41:41.904, 0, 12288, 11781, 335
2026/09/10 07:41:42.112, 0, 12288, 11781, 335
2026/09/10 07:41:42.318, 0, 12288, 11781, 335
2026/09/10 07:41:42.526, 0, 12288, 11781, 335
2026/09/10 07:41:42.733, 0, 12288, 11781, 335
2026/09/10 07:41:42.939, 0, 12288, 11781, 335
2026/09/10 07:41:43.148, 0, 12288, 11781, 335
2026/09/10 07:41:43.355, 0, 12288, 11781, 335
2026/09/10 07:41:43.562, 0, 12288, 11781, 335
2026/09/10 07:41:43.770, 0, 12288, 11781, 335
2026/09/10 07:41:43.978, 0, 12288, 11781, 335
2026/09/10 07:41:44.185, 0, 12288, 11781, 335
2026/09/10 07:41:44.393, 0, 12288, 11781, 335
2026/09/10 07:41:44.600, 0, 12288, 11781, 335
2026/09/10 07:41:44.807, 0, 12288, 11781, 335
2026/09/10 07:41:45.014, 0, 12288, 11781, 335
2026/09/10 07:41:45.222, 0, 12288, 11781, 335
2026/09/10 07:41:45.429, 0, 12288, 11781, 335
2026/09/10 07:41:45.637, 0, 12288, 11781, 335
2026/09/10 07:41:45.845, 0, 12288, 11781, 335
2026/09/10 07:41:46.052, 0, 12288, 11781, 335
2026/09/10 07:41:46.260, 0, 12288, 11781, 335
2026/09/10 07:41:46.465, 0, 12288, 11781, 335
2026/09/10 07:41:46.671, 0, 12288, 11781, 335
2026/09/10 07:41:46.878, 0, 12288, 11781, 335
2026/09/10 07:41:47.086, 0, 12288, 11781, 335
2026/09/10 07:41:47.294, 0, 12288, 11781, 335
2026/09/10 07:41:47.501, 0, 12288, 11781, 335
2026/09/10 07:41:47.707, 0, 12288, 11781, 335
2026/09/10 07:41:47.914, 0, 12288, 11781, 335
2026/09/10 07:41:48.122, 0, 12288, 11781, 335
2026/09/10 07:41:48.328, 0, 12288, 11781, 335
2026/09/10 07:41:48.535, 0, 12288, 11781, 335
2026/09/10 07:41:48.742, 0, 12288, 11781, 335
2026/09/10 07:41:48.949, 0, 12288, 11781, 335
2026/09/10 07:41:49.157, 0, 12288, 11781, 335
2026/09/10 07:41:49.366, 0, 12288, 11781, 335
2026/09/10 07:41:49.572, 0, 12288, 11781, 335
2026/09/10 07:41:49.780, 0, 12288, 11781, 335
2026/09/10 07:41:49.987, 0, 12288, 11781, 335
2026/09/10 07:41:50.195, 0, 12288, 11781, 335
2026/09/10 07:41:50.402, 0, 12288, 11781, 335
2026/09/10 07:41:50.609, 0, 12288, 11781, 335
2026/09/10 07:41:50.816, 0, 12288, 11781, 335
2026/09/10 07:41:51.023, 0, 12288, 11781, 335
2026/09/10 07:41:51.229, 0, 12288, 11781, 335
2026/09/10 07:41:51.434, 0, 12288, 11781, 335
2026/09/10 07:41:51.642, 0, 12288, 11781, 335
2026/09/10 07:41:51.846, 0, 12288, 11781, 335
2026/09/10 07:41:52.054, 0, 12288, 11781, 335
2026/09/10 07:41:52.260, 0, 12288, 11781, 335
2026/09/10 07:41:52.466, 0, 12288, 11781, 335
2026/09/10 07:41:52.673, 0, 12288, 11781, 335
2026/09/10 07:41:52.880, 0, 12288, 11781, 335
2026/09/10 07:41:53.088, 0, 12288, 11781, 335
2026/09/10 07:41:53.295, 0, 12288, 11781, 335
2026/09/10 07:41:53.503, 0, 12288, 11781, 335
2026/09/10 07:41:53.726, 0, 12288, 11781, 335
2026/09/10 07:41:53.934, 0, 12288, 11781, 335
2026/09/10 07:41:54.142, 0, 12288, 11781, 335
2026/09/10 07:41:54.348, 0, 12288, 11781, 335
2026/09/10 07:41:54.555, 0, 12288, 11781, 335
2026/09/10 07:41:54.763, 0, 12288, 11781, 335
2026/09/10 07:41:54.970, 0, 12288, 11781, 335
2026/09/10 07:41:55.178, 0, 12288, 11781, 335
2026/09/10 07:41:55.385, 0, 12288, 11781, 335
2026/09/10 07:41:55.593, 0, 12288, 11781, 335
2026/09/10 07:41:55.800, 0, 12288, 11781, 335
2026/09/10 07:41:56.004, 0, 12288, 11781, 335
2026/09/10 07:41:56.208, 0, 12288, 11781, 335
2026/09/10 07:41:56.414, 0, 12288, 11781, 335
2026/09/10 07:41:56.621, 0, 12288, 11781, 335
2026/09/10 07:41:56.829, 0, 12288, 11781, 335
2026/09/10 07:41:57.037, 0, 12288, 11781, 335
2026/09/10 07:41:57.244, 0, 12288, 11781, 335
2026/09/10 07:41:57.452, 0, 12288, 11781, 335
2026/09/10 07:41:57.660, 0, 12288, 11781, 335
2026/09/10 07:41:57.866, 0, 12288, 11781, 335
2026/09/10 07:41:58.074, 0, 12288, 11781, 335
2026/09/10 07:41:58.281, 0, 12288, 11781, 335
2026/09/10 07:41:58.489, 0, 12288, 11781, 335
2026/09/10 07:41:58.697, 0, 12288, 11781, 335
2026/09/10 07:41:58.905, 0, 12288, 11781, 335
2026/09/10 07:41:59.112, 0, 12288, 11781, 335
2026/09/10 07:41:59.320, 0, 12288, 11781, 335
2026/09/10 07:41:59.528, 0, 12288, 11781, 335
2026/09/10 07:41:59.734, 0, 12288, 11781, 335
2026/09/10 07:41:59.941, 0, 12288, 11781, 335
2026/09/10 07:42:00.149, 0, 12288, 11781, 335
2026/09/10 07:42:00.356, 0, 12288, 11781, 335
2026/09/10 07:42:00.563, 0, 12288, 11781, 335
2026/09/10 07:42:00.768, 0, 12288, 11781, 335
2026/09/10 07:42:00.976, 0, 12288, 11781, 335
2026/09/10 07:42:01.184, 0, 12288, 11781, 335
2026/09/10 07:42:01.390, 0, 12288, 11781, 335
2026/09/10 07:42:01.597, 0, 12288, 11781, 335
2026/09/10 07:42:01.804, 0, 12288, 11781, 335
2026/09/10 07:42:02.011, 0, 12288, 11781, 335
2026/09/10 07:42:02.217, 0, 12288, 11781, 335
2026/09/10 07:42:02.425, 0, 12288, 11781, 335
2026/09/10 07:42:02.632, 0, 12288, 11781, 335
2026/09/10 07:42:02.839, 0, 12288, 11781, 335
2026/09/10 07:42:03.046, 0, 12288, 11781, 335
2026/09/10 07:42:03.269, 0, 12288, 11781, 335
2026/09/10 07:42:03.477, 0, 12288, 11781, 335
2026/09/10 07:42:03.684, 0, 12288, 11781, 335
2026/09/10 07:42:03.891, 0, 12288, 11781, 335
2026/09/10 07:42:04.099, 0, 12288, 11781, 335
2026/09/10 07:42:04.306, 0, 12288, 11781, 335
2026/09/10 07:42:04.513, 0, 12288, 11781, 335
2026/09/10 07:42:04.720, 0, 12288, 11781, 335
2026/09/10 07:42:04.928, 0, 12288, 11781, 335
2026/09/10 07:42:05.135, 0, 12288, 11781, 335
2026/09/10 07:42:05.343, 0, 12288, 11781, 335
2026/09/10 07:42:05.551, 0, 12288, 11781, 335
2026/09/10 07:42:05.757, 0, 12288, 11781, 335
2026/09/10 07:42:05.965, 0, 12288, 11781, 335
2026/09/10 07:42:06.172, 0, 12288, 11781, 335
2026/09/10 07:42:06.380, 0, 12288, 11781, 335
2026/09/10 07:42:06.586, 0, 12288, 11781, 335
2026/09/10 07:42:06.794, 0, 12288, 11781, 335
2026/09/10 07:42:07.002, 0, 12288, 11781, 335
2026/09/10 07:42:07.210, 0, 12288, 11781, 335
2026/09/10 07:42:08.168, 0, 12288, 11781, 335
2026/09/10 07:42:08.376, 0, 12288, 11781, 335
2026/09/10 07:42:08.582, 0, 12288, 11781, 335
2026/09/10 07:42:08.788, 0, 12288, 11781, 335
2026/09/10 07:42:08.995, 0, 12288, 11781, 335
2026/09/10 07:42:09.203, 0, 12288, 11781, 335
2026/09/10 07:42:09.410, 0, 12288, 11781, 335
2026/09/10 07:42:09.617, 0, 12288, 11781, 335
2026/09/10 07:42:09.823, 0, 12288, 11781, 335
2026/09/10 07:42:10.029, 0, 12288, 11781, 335
2026/09/10 07:42:10.236, 0, 12288, 11781, 335
2026/09/10 07:42:10.444, 0, 12288, 11781, 335
2026/09/10 07:42:10.649, 0, 12288, 11781, 335
2026/09/10 07:42:10.857, 0, 12288, 11781, 335
2026/09/10 07:42:11.065, 0, 12288, 11781, 335
2026/09/10 07:42:11.272, 0, 12288, 11781, 335
2026/09/10 07:42:11.480, 0, 12288, 11781, 335
2026/09/10 07:42:11.686, 0, 12288, 11781, 335
2026/09/10 07:42:11.893, 0, 12288, 11781, 335
2026/09/10 07:42:12.101, 0, 12288, 11781, 335
2026/09/10 07:42:12.309, 0, 12288, 11781, 335
2026/09/10 07:42:12.516, 0, 12288, 11781, 335
2026/09/10 07:42:12.722, 0, 12288, 11781, 335
2026/09/10 07:42:12.929, 0, 12288, 11781, 335
2026/09/10 07:42:13.134, 0, 12288, 11781, 335
2026/09/10 07:42:13.342, 0, 12288, 11781, 335
2026/09/10 07:42:13.550, 0, 12288, 11781, 335
2026/09/10 07:42:13.755, 0, 12288, 11781, 335
2026/09/10 07:42:13.961, 0, 12288, 11781, 335
2026/09/10 07:42:14.168, 0, 12288, 11781, 335
2026/09/10 07:42:14.375, 0, 12288, 11781, 335
2026/09/10 07:42:14.583, 0, 12288, 11781, 335
2026/09/10 07:42:14.790, 0, 12288, 11781, 335
2026/09/10 07:42:14.997, 0, 12288, 11781, 335
2026/09/10 07:42:15.204, 0, 12288, 11781, 335
2026/09/10 07:42:15.410, 0, 12288, 11781, 335
2026/09/10 07:42:15.618, 0, 12288, 11781, 335
2026/09/10 07:42:15.826, 0, 12288, 11781, 335
2026/09/10 07:42:16.034, 0, 12288, 11781, 335
2026/09/10 07:42:16.241, 0, 12288, 11781, 335
2026/09/10 07:42:16.448, 0, 12288, 11781, 335
2026/09/10 07:42:16.656, 0, 12288, 11781, 335
2026/09/10 07:42:16.864, 0, 12288, 11781, 335
2026/09/10 07:42:17.071, 0, 12288, 11781, 335
2026/09/10 07:42:17.279, 0, 12288, 11781, 335
2026/09/10 07:42:17.487, 0, 12288, 11781, 335
2026/09/10 07:42:17.695, 0, 12288, 11781, 335
2026/09/10 07:42:17.903, 0, 12288, 11781, 335
2026/09/10 07:42:18.110, 0, 12288, 11781, 335
2026/09/10 07:42:18.318, 0, 12288, 11781, 335
2026/09/10 07:42:18.525, 0, 12288, 11781, 335
2026/09/10 07:42:18.732, 0, 12288, 11781, 335
2026/09/10 07:42:18.939, 0, 12288, 11781, 335
2026/09/10 07:42:19.147, 0, 12288, 11781, 335
2026/09/10 07:42:19.354, 0, 12288, 11781, 335
2026/09/10 07:42:19.562, 0, 12288, 11781, 335
2026/09/10 07:42:19.769, 0, 12288, 11781, 335
2026/09/10 07:42:19.976, 0, 12288, 11781, 335
2026/09/10 07:42:20.184, 0, 12288, 11781, 335
2026/09/10 07:42:20.391, 0, 12288, 11781, 335
2026/09/10 07:42:20.600, 0, 12288, 11781, 335
2026/09/10 07:42:20.805, 0, 12288, 11781, 335
2026/09/10 07:42:21.010, 0, 12288, 11781, 335
2026/09/10 07:42:21.218, 0, 12288, 11781, 335
2026/09/10 07:42:21.426, 0, 12288, 11781, 335
2026/09/10 07:42:21.634, 0, 12288, 11781, 335
2026/09/10 07:42:21.842, 0, 12288, 11781, 335
2026/09/10 07:42:22.050, 0, 12288, 11781, 335
2026/09/10 07:42:22.257, 0, 12288, 11781, 335
2026/09/10 07:42:22.465, 0, 12288, 11781, 335
2026/09/10 07:42:22.673, 0, 12288, 11781, 335
2026/09/10 07:42:22.879, 0, 12288, 11781, 335
2026/09/10 07:42:23.087, 0, 12288, 11781, 335
2026/09/10 07:42:23.295, 0, 12288, 11781, 335
2026/09/10 07:42:23.502, 0, 12288, 11781, 335
2026/09/10 07:42:23.710, 0, 12288, 11781, 335
2026/09/10 07:42:23.918, 0, 12288, 11781, 335
2026/09/10 07:42:24.126, 0, 12288, 11781, 335
2026/09/10 07:42:24.333, 0, 12288, 11781, 335
2026/09/10 07:42:24.541, 0, 12288, 11781, 335
2026/09/10 07:42:24.748, 0, 12288, 11781, 335
2026/09/10 07:42:24.955, 0, 12288, 11781, 335
2026/09/10 07:42:25.163, 0, 12288, 11781, 335
2026/09/10 07:42:25.371, 0, 12288, 11781, 335
2026/09/10 07:42:25.579, 0, 12288, 11781, 335
2026/09/10 07:42:25.787, 0, 12288, 11781, 335
2026/09/10 07:42:25.994, 0, 12288, 11781, 335
2026/09/10 07:42:26.202, 0, 12288, 11781, 335
2026/09/10 07:42:26.409, 0, 12288, 11781, 335
2026/09/10 07:42:26.617, 0, 12288, 11781, 335
2026/09/10 07:42:26.825, 0, 12288, 11781, 335
2026/09/10 07:42:27.033, 0, 12288, 11781, 335
2026/09/10 07:42:27.240, 0, 12288, 11781, 335
2026/09/10 07:42:27.448, 0, 12288, 11781, 335
2026/09/10 07:42:27.655, 0, 12288, 11781, 335
2026/09/10 07:42:27.863, 0, 12288, 11781, 335
2026/09/10 07:42:28.070, 0, 12288, 11781, 335
2026/09/10 07:42:28.278, 0, 12288, 11781, 335
2026/09/10 07:42:28.486, 0, 12288, 11781, 335
2026/09/10 07:42:28.694, 0, 12288, 11781, 335
2026/09/10 07:42:28.902, 0, 12288, 11781, 335
2026/09/10 07:42:29.109, 0, 12288, 11781, 335
2026/09/10 07:42:29.316, 0, 12288, 11781, 335
2026/09/10 07:42:29.524, 0, 12288, 11781, 335
2026/09/10 07:42:29.732, 0, 12288, 11781, 335
2026/09/10 07:42:29.940, 0, 12288, 11781, 335
2026/09/10 07:42:30.148, 0, 12288, 11781, 335
2026/09/10 07:42:30.356, 0, 12288, 11781, 335
2026/09/10 07:42:30.563, 0, 12288, 11781, 335
2026/09/10 07:42:30.771, 0, 12288, 11781, 335
2026/09/10 07:42:30.979, 0, 12288, 11781, 335
2026/09/10 07:42:31.187, 0, 12288, 11781, 335
2026/09/10 07:42:31.395, 0, 12288, 11781, 335
2026/09/10 07:42:31.603, 0, 12288, 11781, 335
2026/09/10 07:42:31.810, 0, 12288, 11781, 335
2026/09/10 07:42:32.017, 0, 12288, 11781, 335
2026/09/10 07:42:32.225, 0, 12288, 11781, 335
2026/09/10 07:42:32.432, 0, 12288, 11781, 335
2026/09/10 07:42:32.640, 0, 12288, 11781, 335
2026/09/10 07:42:32.847, 0, 12288, 11781, 335
2026/09/10 07:42:33.053, 0, 12288, 11781, 335
2026/09/10 07:42:33.259, 0, 12288, 11781, 335
2026/09/10 07:42:33.466, 0, 12288, 11781, 335
2026/09/10 07:42:33.674, 0, 12288, 11781, 335
2026/09/10 07:42:33.882, 0, 12288, 11781, 335
2026/09/10 07:42:34.090, 0, 12288, 11781, 335
2026/09/10 07:42:34.296, 0, 12288, 11781, 335
2026/09/10 07:42:34.503, 0, 12288, 11781, 335
2026/09/10 07:42:34.711, 0, 12288, 11781, 335
2026/09/10 07:42:34.919, 0, 12288, 11781, 335
2026/09/10 07:42:35.127, 0, 12288, 11781, 335
2026/09/10 07:42:35.335, 0, 12288, 11781, 335
2026/09/10 07:42:35.542, 0, 12288, 11781, 335
2026/09/10 07:42:35.749, 0, 12288, 11781, 335
2026/09/10 07:42:35.955, 0, 12288, 11781, 335
2026/09/10 07:42:36.162, 0, 12288, 11781, 335
2026/09/10 07:42:36.369, 0, 12288, 11781, 335
2026/09/10 07:42:36.577, 0, 12288, 11781, 335
2026/09/10 07:42:36.785, 0, 12288, 11781, 335
2026/09/10 07:42:36.993, 0, 12288, 11781, 335
2026/09/10 07:42:37.200, 0, 12288, 11781, 335
2026/09/10 07:42:37.406, 0, 12288, 11781, 335
2026/09/10 07:42:37.614, 0, 12288, 11781, 335
2026/09/10 07:42:37.822, 0, 12288, 11781, 335
2026/09/10 07:42:38.028, 0, 12288, 11781, 335
2026/09/10 07:42:38.234, 0, 12288, 11781, 335
2026/09/10 07:42:38.439, 0, 12288, 11781, 335
2026/09/10 07:42:38.645, 0, 12288, 11781, 335
2026/09/10 07:42:38.852, 0, 12288, 11781, 335
2026/09/10 07:42:39.059, 0, 12288, 11781, 335
2026/09/10 07:42:39.266, 0, 12288, 11781, 335
2026/09/10 07:42:39.472, 0, 12288, 11781, 335
2026/09/10 07:42:39.679, 0, 12288, 11781, 335
2026/09/10 07:42:39.887, 0, 12288, 11781, 335
2026/09/10 07:42:40.093, 0, 12288, 11781, 335
2026/09/10 07:42:40.300, 0, 12288, 11781, 335
2026/09/10 07:42:40.507, 0, 12288, 11781, 335
2026/09/10 07:42:40.714, 0, 12288, 11781, 335
2026/09/10 07:42:40.922, 0, 12288, 11781, 335
2026/09/10 07:42:41.128, 0, 12288, 11781, 335
2026/09/10 07:42:41.334, 0, 12288, 11781, 335
2026/09/10 07:42:41.541, 0, 12288, 11781, 335
2026/09/10 07:42:41.748, 0, 12288, 11781, 335
2026/09/10 07:42:41.955, 0, 12288, 11781, 335
2026/09/10 07:42:42.163, 0, 12288, 11781, 335
2026/09/10 07:42:42.371, 0, 12288, 11781, 335
2026/09/10 07:42:42.578, 0, 12288, 11781, 335
2026/09/10 07:42:42.801, 0, 12288, 11781, 335
2026/09/10 07:42:43.007, 0, 12288, 11781, 335
2026/09/10 07:42:43.214, 0, 12288, 11781, 335
2026/09/10 07:42:43.421, 0, 12288, 11781, 335
2026/09/10 07:42:43.629, 0, 12288, 11781, 335
2026/09/10 07:42:43.837, 0, 12288, 11781, 335
2026/09/10 07:42:44.044, 0, 12288, 11781, 335
2026/09/10 07:42:44.250, 0, 12288, 11781, 335
2026/09/10 07:42:44.457, 0, 12288, 11781, 335
2026/09/10 07:42:44.665, 0, 12288, 11781, 335
2026/09/10 07:42:44.873, 0, 12288, 11781, 335
2026/09/10 07:42:45.081, 0, 12288, 11781, 335
2026/09/10 07:42:45.288, 0, 12288, 11781, 335
2026/09/10 07:42:45.494, 0, 12288, 11781, 335
2026/09/10 07:42:45.701, 0, 12288, 11781, 335
2026/09/10 07:42:45.909, 0, 12288, 11781, 335
2026/09/10 07:42:46.115, 0, 12288, 11781, 335
2026/09/10 07:42:46.321, 0, 12288, 11781, 335
2026/09/10 07:42:46.529, 0, 12288, 11781, 335
2026/09/10 07:42:46.736, 0, 12288, 11781, 335
2026/09/10 07:42:46.944, 0, 12288, 11781, 335
2026/09/10 07:42:47.152, 0, 12288, 11781, 335
2026/09/10 07:42:47.358, 0, 12288, 11781, 335
2026/09/10 07:42:47.566, 0, 12288, 11781, 335
2026/09/10 07:42:47.774, 0, 12288, 11781, 335
2026/09/10 07:42:47.981, 0, 12288, 11781, 335
2026/09/10 07:42:48.188, 0, 12288, 11781, 335
2026/09/10 07:42:48.396, 0, 12288, 11781, 335
2026/09/10 07:42:48.603, 0, 12288, 11781, 335
2026/09/10 07:42:48.811, 0, 12288, 11781, 335
2026/09/10 07:42:49.019, 0, 12288, 11781, 335
2026/09/10 07:42:49.227, 0, 12288, 11781, 335
2026/09/10 07:42:49.434, 0, 12288, 11781, 335
2026/09/10 07:42:49.642, 0, 12288, 11781, 335
2026/09/10 07:42:49.850, 0, 12288, 11781, 335
2026/09/10 07:42:50.057, 0, 12288, 11781, 335
2026/09/10 07:42:50.264, 0, 12288, 11781, 335
2026/09/10 07:42:50.471, 0, 12288, 11781, 335
2026/09/10 07:42:50.680, 0, 12288, 11781, 335
2026/09/10 07:42:50.887, 0, 12288, 11781, 335
2026/09/10 07:42:51.094, 0, 12288, 11781, 335
2026/09/10 07:42:51.302, 0, 12288, 11781, 335
2026/09/10 07:42:51.510, 0, 12288, 11781, 335
2026/09/10 07:42:51.717, 0, 12288, 11781, 335
2026/09/10 07:42:51.925, 0, 12288, 11781, 335
2026/09/10 07:42:52.132, 0, 12288, 11781, 335
2026/09/10 07:42:52.337, 0, 12288, 11781, 335
2026/09/10 07:42:52.544, 0, 12288, 11781, 335
2026/09/10 07:42:52.751, 0, 12288, 11781, 335
2026/09/10 07:42:52.957, 0, 12288, 11781, 335
2026/09/10 07:42:53.164, 0, 12288, 11781, 335
2026/09/10 07:42:53.370, 0, 12288, 11781, 335
2026/09/10 07:42:53.577, 0, 12288, 11781, 335
2026/09/10 07:42:53.785, 0, 12288, 11781, 335
2026/09/10 07:42:53.993, 0, 12288, 11781, 335
2026/09/10 07:42:54.201, 0, 12288, 11781, 335
2026/09/10 07:42:54.407, 0, 12288, 11781, 335
2026/09/10 07:42:54.615, 0, 12288, 11781, 335
2026/09/10 07:42:54.823, 0, 12288, 11781, 335
2026/09/10 07:42:55.030, 0, 12288, 11781, 335
2026/09/10 07:42:55.237, 0, 12288, 11781, 335
2026/09/10 07:42:55.445, 0, 12288, 11781, 335
2026/09/10 07:42:55.653, 0, 12288, 11781, 335
2026/09/10 07:42:55.861, 0, 12288, 11781, 335
2026/09/10 07:42:56.069, 0, 12288, 11781, 335
2026/09/10 07:42:56.274, 0, 12288, 11781, 335
2026/09/10 07:42:56.479, 0, 12288, 11781, 335
2026/09/10 07:42:56.687, 0, 12288, 11781, 335
2026/09/10 07:42:56.894, 0, 12288, 11781, 335
2026/09/10 07:42:57.101, 0, 12288, 11781, 335
2026/09/10 07:42:57.308, 0, 12288, 11781, 335
2026/09/10 07:42:57.516, 0, 12288, 11781, 335
2026/09/10 07:42:57.724, 0, 12288, 11781, 335
2026/09/10 07:42:57.932, 0, 12288, 11781, 335
2026/09/10 07:42:58.136, 0, 12288, 11781, 335
2026/09/10 07:42:58.344, 0, 12288, 11781, 335
2026/09/10 07:42:58.552, 0, 12288, 11781, 335
2026/09/10 07:42:58.760, 0, 12288, 11781, 335
2026/09/10 07:42:58.967, 0, 12288, 11781, 335
2026/09/10 07:42:59.174, 0, 12288, 11781, 335
2026/09/10 07:42:59.381, 0, 12288, 11781, 335
2026/09/10 07:42:59.588, 0, 12288, 11781, 335
2026/09/10 07:42:59.795, 0, 12288, 11781, 335
2026/09/10 07:43:00.003, 0, 12288, 11781, 335
2026/09/10 07:43:00.211, 0, 12288, 11781, 335
2026/09/10 07:43:00.418, 0, 12288, 11781, 335
2026/09/10 07:43:00.623, 0, 12288, 11781, 335
2026/09/10 07:43:00.831, 0, 12288, 11781, 335
2026/09/10 07:43:01.038, 0, 12288, 11781, 335
2026/09/10 07:43:01.246, 0, 12288, 11781, 335
2026/09/10 07:43:01.453, 0, 12288, 11781, 335
2026/09/10 07:43:01.661, 0, 12288, 11781, 335
2026/09/10 07:43:01.884, 0, 12288, 11781, 335
2026/09/10 07:43:02.091, 0, 12288, 11781, 335
2026/09/10 07:43:02.299, 0, 12288, 11781, 335
2026/09/10 07:43:02.507, 0, 12288, 11781, 335
2026/09/10 07:43:02.714, 0, 12288, 11781, 335
2026/09/10 07:43:02.922, 0, 12288, 11781, 335
2026/09/10 07:43:03.129, 0, 12288, 11781, 335
2026/09/10 07:43:03.337, 0, 12288, 11781, 335
2026/09/10 07:43:03.545, 0, 12288, 11781, 335
2026/09/10 07:43:03.752, 0, 12288, 11781, 335
2026/09/10 07:43:03.959, 0, 12288, 11781, 335
2026/09/10 07:43:04.167, 0, 12288, 11781, 335
2026/09/10 07:43:04.374, 0, 12288, 11781, 335
2026/09/10 07:43:04.580, 0, 12288, 11781, 335
2026/09/10 07:43:04.786, 0, 12288, 11781, 335
2026/09/10 07:43:04.994, 0, 12288, 11781, 335
2026/09/10 07:43:05.201, 0, 12288, 11781, 335
2026/09/10 07:43:05.409, 0, 12288, 11781, 335
2026/09/10 07:43:05.616, 0, 12288, 11781, 335
2026/09/10 07:43:05.823, 0, 12288, 11781, 335
2026/09/10 07:43:06.031, 0, 12288, 11781, 335
2026/09/10 07:43:06.239, 0, 12288, 11781, 335
2026/09/10 07:43:06.446, 0, 12288, 11781, 335
2026/09/10 07:43:06.653, 0, 12288, 11781, 335
2026/09/10 07:43:06.861, 0, 12288, 11781, 335
2026/09/10 07:43:07.069, 0, 12288, 11781, 335
2026/09/10 07:43:07.276, 0, 12288, 11781, 335
2026/09/10 07:43:07.484, 0, 12288, 11781, 335
2026/09/10 07:43:07.691, 0, 12288, 11781, 335
2026/09/10 07:43:07.899, 0, 12288, 11781, 335
2026/09/10 07:43:08.107, 0, 12288, 11781, 335
2026/09/10 07:43:08.314, 0, 12288, 11781, 335
2026/09/10 07:43:08.522, 0, 12288, 11781, 335
2026/09/10 07:43:08.729, 0, 12288, 11781, 335
2026/09/10 07:43:08.935, 0, 12288, 11781, 335
2026/09/10 07:43:09.141, 0, 12288, 11781, 335
2026/09/10 07:43:09.349, 0, 12288, 11781, 335
2026/09/10 07:43:09.556, 0, 12288, 11781, 335
2026/09/10 07:43:09.763, 0, 12288, 11781, 335
2026/09/10 07:43:09.968, 0, 12288, 11781, 335
2026/09/10 07:43:10.176, 0, 12288, 11781, 335
2026/09/10 07:43:10.384, 0, 12288, 11781, 335
2026/09/10 07:43:10.591, 0, 12288, 11781, 335
2026/09/10 07:43:10.799, 0, 12288, 11781, 335
2026/09/10 07:43:11.007, 0, 12288, 11781, 335
2026/09/10 07:43:11.212, 0, 12288, 11781, 335
2026/09/10 07:43:11.419, 0, 12288, 11781, 335
2026/09/10 07:43:11.624, 0, 12288, 11781, 335
2026/09/10 07:43:11.830, 0, 12288, 11781, 335
2026/09/10 07:43:12.037, 0, 12288, 11781, 335
2026/09/10 07:43:12.245, 0, 12288, 11781, 335
2026/09/10 07:43:12.453, 0, 12288, 11781, 335
2026/09/10 07:43:12.661, 0, 12288, 11781, 335
2026/09/10 07:43:12.867, 0, 12288, 11781, 335
2026/09/10 07:43:13.074, 0, 12288, 11781, 335
2026/09/10 07:43:13.281, 0, 12288, 11781, 335
2026/09/10 07:43:13.487, 0, 12288, 11781, 335
2026/09/10 07:43:13.694, 0, 12288, 11781, 335
2026/09/10 07:43:13.902, 0, 12288, 11781, 335
2026/09/10 07:43:14.107, 0, 12288, 11781, 335
2026/09/10 07:43:14.314, 0, 12288, 11781, 335
2026/09/10 07:43:14.522, 0, 12288, 11781, 335
2026/09/10 07:43:14.730, 0, 12288, 11781, 335
2026/09/10 07:43:14.936, 0, 12288, 11781, 335
2026/09/10 07:43:15.143, 0, 12288, 11781, 335
2026/09/10 07:43:15.350, 0, 12288, 11781, 335
2026/09/10 07:43:15.558, 0, 12288, 11781, 335
2026/09/10 07:43:15.765, 0, 12288, 11781, 335
2026/09/10 07:43:15.973, 0, 12288, 11781, 335
2026/09/10 07:43:16.181, 0, 12288, 11781, 335
2026/09/10 07:43:16.389, 0, 12288, 11781, 335
2026/09/10 07:43:16.596, 0, 12288, 11781, 335
2026/09/10 07:43:16.803, 0, 12288, 11781, 335
2026/09/10 07:43:17.011, 0, 12288, 11781, 335
2026/09/10 07:43:17.219, 0, 12288, 11781, 335
2026/09/10 07:43:17.427, 0, 12288, 11781, 335
2026/09/10 07:43:17.635, 0, 12288, 11781, 335
2026/09/10 07:43:17.843, 0, 12288, 11781, 335
2026/09/10 07:43:18.050, 0, 12288, 11781, 335
2026/09/10 07:43:18.257, 0, 12288, 11781, 335
2026/09/10 07:43:18.464, 0, 12288, 11781, 335
2026/09/10 07:43:18.672, 0, 12288, 11781, 335
2026/09/10 07:43:18.879, 0, 12288, 11781, 335
2026/09/10 07:43:19.087, 0, 12288, 11781, 335
2026/09/10 07:43:19.294, 0, 12288, 11781, 335
2026/09/10 07:43:19.502, 0, 12288, 11781, 335
2026/09/10 07:43:19.708, 0, 12288, 11781, 335
2026/09/10 07:43:19.916, 0, 12288, 11781, 335
2026/09/10 07:43:20.121, 0, 12288, 11781, 335
2026/09/10 07:43:20.326, 0, 12288, 11781, 335
2026/09/10 07:43:20.534, 0, 12288, 11781, 335
2026/09/10 07:43:20.741, 0, 12288, 11781, 335
2026/09/10 07:43:20.949, 0, 12288, 11781, 335
2026/09/10 07:43:21.155, 0, 12288, 11781, 335
2026/09/10 07:43:21.363, 0, 12288, 11781, 335
2026/09/10 07:43:21.571, 0, 12288, 11781, 335
2026/09/10 07:43:21.777, 0, 12288, 11781, 335
2026/09/10 07:43:21.985, 0, 12288, 11781, 335
2026/09/10 07:43:22.192, 0, 12288, 11781, 335
2026/09/10 07:43:22.400, 0, 12288, 11781, 335
2026/09/10 07:43:22.606, 0, 12288, 11781, 335
2026/09/10 07:43:22.814, 0, 12288, 11781, 335
2026/09/10 07:43:23.022, 0, 12288, 11781, 335
2026/09/10 07:43:23.230, 0, 12288, 11781, 335
2026/09/10 07:43:23.437, 0, 12288, 11781, 335
2026/09/10 07:43:23.644, 0, 12288, 11781, 335
2026/09/10 07:43:23.852, 0, 12288, 11781, 335
2026/09/10 07:43:24.060, 0, 12288, 11781, 335
2026/09/10 07:43:24.267, 0, 12288, 11781, 335
2026/09/10 07:43:24.474, 0, 12288, 11781, 335
2026/09/10 07:43:24.682, 0, 12288, 11781, 335
2026/09/10 07:43:24.889, 0, 12288, 11781, 335
2026/09/10 07:43:25.094, 0, 12288, 11781, 335
2026/09/10 07:43:25.302, 0, 12288, 11781, 335
2026/09/10 07:43:25.510, 0, 12288, 11781, 335
2026/09/10 07:43:25.718, 0, 12288, 11781, 335
2026/09/10 07:43:25.926, 0, 12288, 11781, 335
2026/09/10 07:43:26.133, 0, 12288, 11781, 335
2026/09/10 07:43:26.339, 0, 12288, 11781, 335
2026/09/10 07:43:26.546, 0, 12288, 11781, 335
2026/09/10 07:43:26.754, 0, 12288, 11781, 335
2026/09/10 07:43:26.962, 0, 12288, 11781, 335
2026/09/10 07:43:27.169, 0, 12288, 11781, 335
2026/09/10 07:43:27.377, 0, 12288, 11781, 335
2026/09/10 07:43:27.584, 0, 12288, 11781, 335
2026/09/10 07:43:27.791, 0, 12288, 11781, 335
2026/09/10 07:43:27.998, 0, 12288, 11781, 335
2026/09/10 07:43:28.206, 0, 12288, 11781, 335
2026/09/10 07:43:28.413, 0, 12288, 11781, 335
2026/09/10 07:43:28.621, 0, 12288, 11781, 335
2026/09/10 07:43:28.829, 0, 12288, 11781, 335
2026/09/10 07:43:29.037, 0, 12288, 11781, 335
2026/09/10 07:43:29.245, 0, 12288, 11781, 335
2026/09/10 07:43:29.452, 0, 12288, 11781, 335
2026/09/10 07:43:29.660, 0, 12288, 11781, 335
2026/09/10 07:43:29.865, 0, 12288, 11781, 335
2026/09/10 07:43:30.073, 0, 12288, 11781, 335
2026/09/10 07:43:30.281, 0, 12288, 11781, 335
2026/09/10 07:43:30.488, 0, 12288, 11781, 335
2026/09/10 07:43:30.695, 0, 12288, 11781, 335
2026/09/10 07:43:30.903, 0, 12288, 11781, 335
2026/09/10 07:43:31.111, 0, 12288, 11781, 335
2026/09/10 07:43:31.319, 0, 12288, 11781, 335
2026/09/10 07:43:31.527, 0, 12288, 11781, 335
2026/09/10 07:43:31.732, 0, 12288, 11781, 335
2026/09/10 07:43:31.940, 0, 12288, 11781, 335
2026/09/10 07:43:32.148, 0, 12288, 11781, 335
2026/09/10 07:43:32.356, 0, 12288, 11781, 335
2026/09/10 07:43:32.564, 0, 12288, 11781, 335
2026/09/10 07:43:32.770, 0, 12288, 11781, 335
2026/09/10 07:43:32.977, 0, 12288, 11781, 335
2026/09/10 07:43:33.184, 0, 12288, 11781, 335
2026/09/10 07:43:33.391, 0, 12288, 11781, 335
2026/09/10 07:43:33.599, 0, 12288, 11781, 335
2026/09/10 07:43:33.807, 0, 12288, 11781, 335
2026/09/10 07:43:34.015, 0, 12288, 11781, 335
2026/09/10 07:43:34.223, 0, 12288, 11781, 335
2026/09/10 07:43:34.430, 0, 12288, 11781, 335
2026/09/10 07:43:34.637, 0, 12288, 11781, 335
2026/09/10 07:43:34.845, 0, 12288, 11781, 335
2026/09/10 07:43:35.052, 0, 12288, 11781, 335
2026/09/10 07:43:35.260, 0, 12288, 11781, 335
2026/09/10 07:43:35.468, 0, 12288, 11781, 335
2026/09/10 07:43:35.675, 0, 12288, 11781, 335
2026/09/10 07:43:35.881, 0, 12288, 11781, 335
2026/09/10 07:43:36.089, 0, 12288, 11781, 335
2026/09/10 07:43:36.296, 0, 12288, 11781, 335
2026/09/10 07:43:36.503, 0, 12288, 11781, 335
2026/09/10 07:43:36.711, 0, 12288, 11781, 335
2026/09/10 07:43:36.918, 0, 12288, 11781, 335
2026/09/10 07:43:37.125, 0, 12288, 11781, 335
2026/09/10 07:43:37.331, 0, 12288, 11781, 335
2026/09/10 07:43:37.538, 0, 12288, 11781, 335
2026/09/10 07:43:37.746, 0, 12288, 11781, 335
2026/09/10 07:43:37.954, 0, 12288, 11781, 335
2026/09/10 07:43:38.162, 0, 12288, 11781, 335
2026/09/10 07:43:38.369, 0, 12288, 11781, 335
2026/09/10 07:43:38.577, 0, 12288, 11781, 335
2026/09/10 07:43:38.785, 0, 12288, 11781, 335
2026/09/10 07:43:38.992, 0, 12288, 11781, 335
2026/09/10 07:43:39.200, 0, 12288, 11781, 335
2026/09/10 07:43:39.407, 0, 12288, 11781, 335
2026/09/10 07:43:39.614, 0, 12288, 11781, 335
2026/09/10 07:43:39.821, 0, 12288, 11781, 335
2026/09/10 07:43:40.028, 0, 12288, 11781, 335
2026/09/10 07:43:40.235, 0, 12288, 11781, 335
2026/09/10 07:43:40.443, 0, 12288, 11781, 335
2026/09/10 07:43:40.651, 0, 12288, 11781, 335
2026/09/10 07:43:40.858, 0, 12288, 11781, 335
2026/09/10 07:43:41.066, 0, 12288, 11781, 335
2026/09/10 07:43:41.274, 0, 12288, 11781, 335
2026/09/10 07:43:41.481, 0, 12288, 11781, 335
2026/09/10 07:43:41.688, 0, 12288, 11781, 335
2026/09/10 07:43:41.896, 0, 12288, 11781, 335
2026/09/10 07:43:42.102, 0, 12288, 11781, 335
2026/09/10 07:43:42.309, 0, 12288, 11781, 335
2026/09/10 07:43:42.516, 0, 12288, 11781, 335
2026/09/10 07:43:42.722, 0, 12288, 11781, 335
2026/09/10 07:43:42.929, 0, 12288, 11781, 335
2026/09/10 07:43:43.137, 0, 12288, 11781, 335
2026/09/10 07:43:43.344, 0, 12288, 11781, 335
2026/09/10 07:43:43.552, 0, 12288, 11781, 335
2026/09/10 07:43:43.760, 0, 12288, 11781, 335
2026/09/10 07:43:43.967, 0, 12288, 11781, 335
2026/09/10 07:43:44.174, 0, 12288, 11781, 335
2026/09/10 07:43:44.382, 0, 12288, 11781, 335
2026/09/10 07:43:44.590, 0, 12288, 11781, 335
2026/09/10 07:43:44.798, 0, 12288, 11781, 335
2026/09/10 07:43:45.006, 0, 12288, 11781, 335
2026/09/10 07:43:45.213, 0, 12288, 11781, 335
2026/09/10 07:43:45.421, 0, 12288, 11781, 335
2026/09/10 07:43:45.628, 0, 12288, 11781, 335
2026/09/10 07:43:45.835, 0, 12288, 11781, 335
2026/09/10 07:43:46.042, 0, 12288, 11781, 335
2026/09/10 07:43:46.249, 0, 12288, 11781, 335
2026/09/10 07:43:46.456, 0, 12288, 11781, 335
2026/09/10 07:43:46.663, 0, 12288, 11781, 335
2026/09/10 07:43:46.870, 0, 12288, 11781, 335
2026/09/10 07:43:47.077, 0, 12288, 11781, 335
2026/09/10 07:43:47.285, 0, 12288, 11781, 335
2026/09/10 07:43:47.493, 0, 12288, 11781, 335
2026/09/10 07:43:47.701, 0, 12288, 11781, 335
2026/09/10 07:43:47.907, 0, 12288, 11781, 335
2026/09/10 07:43:48.113, 0, 12288, 11781, 335
2026/09/10 07:43:48.321, 0, 12288, 11781, 335
2026/09/10 07:43:48.529, 0, 12288, 11781, 335
2026/09/10 07:43:48.737, 0, 12288, 11781, 335
2026/09/10 07:43:48.944, 0, 12288, 11781, 335
2026/09/10 07:43:49.151, 0, 12288, 11781, 335
2026/09/10 07:43:49.357, 0, 12288, 11781, 335
2026/09/10 07:43:49.565, 0, 12288, 11781, 335
2026/09/10 07:43:49.773, 0, 12288, 11781, 335
2026/09/10 07:43:49.981, 0, 12288, 11781, 335
2026/09/10 07:43:50.189, 0, 12288, 11781, 335
2026/09/10 07:43:50.395, 0, 12288, 11781, 335
2026/09/10 07:43:50.603, 0, 12288, 11781, 335
2026/09/10 07:43:50.810, 0, 12288, 11781, 335
2026/09/10 07:43:51.017, 0, 12288, 11781, 335
2026/09/10 07:43:51.225, 0, 12288, 11781, 335
2026/09/10 07:43:51.433, 0, 12288, 11781, 335
2026/09/10 07:43:51.641, 0, 12288, 11781, 335
2026/09/10 07:43:51.849, 0, 12288, 11781, 335
2026/09/10 07:43:52.057, 0, 12288, 11781, 335
2026/09/10 07:43:52.264, 0, 12288, 11781, 335
2026/09/10 07:43:52.471, 0, 12288, 11781, 335
2026/09/10 07:43:52.679, 0, 12288, 11781, 335
2026/09/10 07:43:52.885, 0, 12288, 11781, 335
2026/09/10 07:43:53.092, 0, 12288, 11781, 335
2026/09/10 07:43:53.299, 0, 12288, 11781, 335
2026/09/10 07:43:53.504, 0, 12288, 11781, 335
2026/09/10 07:43:53.711, 0, 12288, 11781, 335
2026/09/10 07:43:53.918, 0, 12288, 11781, 335
2026/09/10 07:43:54.126, 0, 12288, 11781, 335
2026/09/10 07:43:54.334, 0, 12288, 11781, 335
2026/09/10 07:43:54.542, 0, 12288, 11781, 335
2026/09/10 07:43:54.750, 0, 12288, 11781, 335
2026/09/10 07:43:54.957, 0, 12288, 11781, 335
2026/09/10 07:43:55.165, 0, 12288, 11781, 335
2026/09/10 07:43:55.373, 0, 12288, 11781, 335
2026/09/10 07:43:55.580, 0, 12288, 11781, 335
2026/09/10 07:43:55.785, 0, 12288, 11781, 335
2026/09/10 07:43:55.993, 0, 12288, 11781, 335
2026/09/10 07:43:56.200, 0, 12288, 11781, 335
2026/09/10 07:43:56.407, 0, 12288, 11781, 335
2026/09/10 07:43:56.614, 0, 12288, 11781, 335
2026/09/10 07:43:56.821, 0, 12288, 11781, 335
2026/09/10 07:43:57.029, 0, 12288, 11781, 335
2026/09/10 07:43:57.237, 0, 12288, 11781, 335
2026/09/10 07:43:57.445, 0, 12288, 11781, 335
2026/09/10 07:43:57.651, 0, 12288, 11781, 335
2026/09/10 07:43:57.859, 0, 12288, 11781, 335
2026/09/10 07:43:58.067, 0, 12288, 11781, 335
2026/09/10 07:43:58.274, 0, 12288, 11781, 335
2026/09/10 07:43:58.482, 0, 12288, 11781, 335
2026/09/10 07:43:58.690, 0, 12288, 11781, 335
2026/09/10 07:43:58.898, 0, 12288, 11781, 335
2026/09/10 07:43:59.106, 0, 12288, 11781, 335
2026/09/10 07:43:59.314, 0, 12288, 11781, 335
2026/09/10 07:43:59.521, 0, 12288, 11781, 335
2026/09/10 07:43:59.729, 0, 12288, 11781, 335
2026/09/10 07:43:59.937, 0, 12288, 11781, 335
2026/09/10 07:44:00.145, 0, 12288, 11781, 335
2026/09/10 07:44:00.353, 0, 12288, 11781, 335
2026/09/10 07:44:00.561, 0, 12288, 11781, 335
2026/09/10 07:44:00.768, 0, 12288, 11781, 335
2026/09/10 07:44:00.976, 0, 12288, 11781, 335
2026/09/10 07:44:01.183, 0, 12288, 11781, 335
2026/09/10 07:44:01.389, 0, 12288, 11781, 335
2026/09/10 07:44:01.597, 0, 12288, 11781, 335
2026/09/10 07:44:01.804, 0, 12288, 11781, 335
2026/09/10 07:44:02.012, 0, 12288, 11781, 335
2026/09/10 07:44:02.219, 0, 12288, 11781, 335
2026/09/10 07:44:02.427, 0, 12288, 11781, 335
2026/09/10 07:44:02.635, 0, 12288, 11781, 335
2026/09/10 07:44:02.840, 0, 12288, 11781, 335
2026/09/10 07:44:03.046, 0, 12288, 11781, 335
2026/09/10 07:44:03.254, 0, 12288, 11781, 335
2026/09/10 07:44:03.462, 0, 12288, 11781, 335
2026/09/10 07:44:03.670, 0, 12288, 11781, 335
2026/09/10 07:44:03.878, 0, 12288, 11781, 335
2026/09/10 07:44:04.086, 0, 12288, 11781, 335
2026/09/10 07:44:04.294, 0, 12288, 11781, 335
2026/09/10 07:44:04.501, 0, 12288, 11781, 335
2026/09/10 07:44:04.709, 0, 12288, 11745, 371
2026/09/10 07:44:04.916, 0, 12288, 343, 11773
2026/09/10 07:44:05.122, 0, 12288, 343, 11773
2026/09/10 07:44:05.330, 0, 12288, 343, 11773
2026/09/10 07:44:05.536, 0, 12288, 343, 11773
2026/09/10 07:44:05.743, 0, 12288, 343, 11773
2026/09/10 07:44:05.951, 0, 12288, 343, 11773
2026/09/10 07:44:06.157, 0, 12288, 343, 11773
